/home/grads/mogunleye/.conda/envs/ofa1/lib/python3.9/site-packages/torch/distributed/launch.py:180: FutureWarning: The module torch.distributed.launch is deprecated
and will be removed in future. Use torchrun.
Note that --use_env is set by default in torchrun.
If your script expects `--local_rank` argument to be set, please
change it to read from `os.environ['LOCAL_RANK']` instead. See 
https://pytorch.org/docs/stable/distributed.html#launch-utility for 
further instructions

  warnings.warn(
WARNING:torch.distributed.run:
*****************************************
Setting OMP_NUM_THREADS environment variable for each process to be 1 in default, to avoid your system being overloaded, please further tune the variable for optimal performance in your application as needed. 
*****************************************
2024-11-07 13:35:00 - instantiator.py[line:21] - INFO: Created a temporary directory at /tmp/tmpo2e6nvh4
2024-11-07 13:35:00 - instantiator.py[line:76] - INFO: Writing /tmp/tmpo2e6nvh4/_remote_module_non_scriptable.py
2024-11-07 13:35:00 - instantiator.py[line:21] - INFO: Created a temporary directory at /tmp/tmpfpa66vp1
2024-11-07 13:35:00 - instantiator.py[line:76] - INFO: Writing /tmp/tmpfpa66vp1/_remote_module_non_scriptable.py
2024-11-07 13:35:00 - instantiator.py[line:21] - INFO: Created a temporary directory at /tmp/tmpq8dwctqm
2024-11-07 13:35:00 - instantiator.py[line:76] - INFO: Writing /tmp/tmpq8dwctqm/_remote_module_non_scriptable.py
2024-11-07 13:35:00 - instantiator.py[line:21] - INFO: Created a temporary directory at /tmp/tmpip9g4tfg
2024-11-07 13:35:00 - instantiator.py[line:76] - INFO: Writing /tmp/tmpip9g4tfg/_remote_module_non_scriptable.py
device =  3
2024-11-07 13:35:04 - utils.py[line:255] - INFO: distributed init (rank 3): env://
2024-11-07 13:35:04 - utils.py[line:261] - INFO: Start init
2024-11-07 13:35:04 - distributed_c10d.py[line:319] - INFO: Added key: store_based_barrier_key:1 to store for rank: 3
device =  1
device =  2
2024-11-07 13:35:05 - utils.py[line:255] - INFO: distributed init (rank 1): env://
2024-11-07 13:35:05 - utils.py[line:261] - INFO: Start init
2024-11-07 13:35:05 - distributed_c10d.py[line:319] - INFO: Added key: store_based_barrier_key:1 to store for rank: 1
2024-11-07 13:35:05 - utils.py[line:255] - INFO: distributed init (rank 2): env://
2024-11-07 13:35:05 - utils.py[line:261] - INFO: Start init
2024-11-07 13:35:05 - distributed_c10d.py[line:319] - INFO: Added key: store_based_barrier_key:1 to store for rank: 2
device =  0
2024-11-07 13:35:05 - utils.py[line:255] - INFO: distributed init (rank 0): env://
2024-11-07 13:35:05 - utils.py[line:261] - INFO: Start init
2024-11-07 13:35:05 - distributed_c10d.py[line:319] - INFO: Added key: store_based_barrier_key:1 to store for rank: 0
2024-11-07 13:35:05 - distributed_c10d.py[line:353] - INFO: Rank 0: Completed store-based barrier for key:store_based_barrier_key:1 with 4 nodes.
2024-11-07 13:35:05 - utils.py[line:271] - INFO: initialized host plan.cs.vt.edu as rank 0
single-machine distributed training is initialized.
2024-11-07 13:35:05 - distributed_c10d.py[line:353] - INFO: Rank 1: Completed store-based barrier for key:store_based_barrier_key:1 with 4 nodes.
2024-11-07 13:35:05 - utils.py[line:271] - INFO: initialized host plan.cs.vt.edu as rank 1
single-machine distributed training is initialized.
2024-11-07 13:35:05 - distributed_c10d.py[line:353] - INFO: Rank 2: Completed store-based barrier for key:store_based_barrier_key:1 with 4 nodes.
2024-11-07 13:35:05 - distributed_c10d.py[line:353] - INFO: Rank 3: Completed store-based barrier for key:store_based_barrier_key:1 with 4 nodes.
2024-11-07 13:35:05 - utils.py[line:271] - INFO: initialized host plan.cs.vt.edu as rank 2
single-machine distributed training is initialized.
2024-11-07 13:35:05 - utils.py[line:271] - INFO: initialized host plan.cs.vt.edu as rank 3
single-machine distributed training is initialized.
2024-11-07 13:35:09 - train.py[line:77] - INFO: {'_name': None, 'common': {'_name': None, 'no_progress_bar': False, 'log_interval': 10, 'log_format': 'simple', 'log_file': None, 'tensorboard_logdir': None, 'wandb_project': None, 'azureml_logging': False, 'seed': 1, 'cpu': False, 'tpu': False, 'bf16': False, 'memory_efficient_bf16': False, 'fp16': True, 'memory_efficient_fp16': True, 'fp16_no_flatten_grads': False, 'fp16_init_scale': 128, 'fp16_scale_window': 512, 'fp16_scale_tolerance': 0.0, 'on_cpu_convert_precision': False, 'min_loss_scale': 0.0001, 'threshold_loss_scale': None, 'amp': False, 'amp_batch_retries': 2, 'amp_init_scale': 128, 'amp_scale_window': None, 'user_dir': '../../ofa_module', 'empty_cache_freq': 0, 'all_gather_list_size': 16384, 'model_parallel_size': 1, 'quantization_config_path': None, 'profile': False, 'reset_logging': False, 'suppress_crashes': False, 'use_plasma_view': False, 'plasma_path': '/tmp/plasma'}, 'common_eval': {'_name': None, 'path': None, 'post_process': None, 'quiet': False, 'model_overrides': '{}', 'results_path': None}, 'distributed_training': {'_name': None, 'distributed_world_size': 4, 'distributed_num_procs': 4, 'distributed_rank': 0, 'distributed_backend': 'nccl', 'distributed_init_method': 'env://', 'distributed_port': -1, 'device_id': 0, 'distributed_no_spawn': True, 'ddp_backend': 'pytorch_ddp', 'ddp_comm_hook': 'none', 'bucket_cap_mb': 25, 'fix_batches_to_gpus': False, 'find_unused_parameters': True, 'gradient_as_bucket_view': False, 'fast_stat_sync': False, 'heartbeat_timeout': -1, 'broadcast_buffers': False, 'slowmo_momentum': None, 'slowmo_algorithm': 'LocalSGD', 'localsgd_frequency': 3, 'nprocs_per_node': 4, 'pipeline_model_parallel': False, 'pipeline_balance': None, 'pipeline_devices': None, 'pipeline_chunks': 0, 'pipeline_encoder_balance': None, 'pipeline_encoder_devices': None, 'pipeline_decoder_balance': None, 'pipeline_decoder_devices': None, 'pipeline_checkpoint': 'never', 'zero_sharding': 'none', 'fp16': True, 'memory_efficient_fp16': True, 'tpu': False, 'no_reshard_after_forward': False, 'fp32_reduce_scatter': False, 'cpu_offload': False, 'use_sharded_state': False}, 'dataset': {'_name': None, 'num_workers': 0, 'skip_invalid_size_inputs_valid_test': False, 'max_tokens': None, 'batch_size': 2, 'required_batch_size_multiple': 8, 'required_seq_len_multiple': 1, 'dataset_impl': None, 'data_buffer_size': 10, 'train_subset': 'train', 'valid_subset': 'valid', 'combine_valid_subsets': None, 'ignore_unused_valid_subsets': False, 'validate_interval': 1, 'validate_interval_updates': 500, 'validate_after_updates': 0, 'fixed_validation_seed': 7, 'disable_validation': False, 'max_tokens_valid': None, 'batch_size_valid': 2, 'max_valid_steps': None, 'curriculum': 0, 'gen_subset': 'test', 'num_shards': 1, 'shard_id': 0}, 'optimization': {'_name': None, 'max_epoch': 3, 'max_update': 0, 'stop_time_hours': 0.0, 'clip_norm': 1.0, 'sentence_avg': False, 'update_freq': [4], 'lr': [1e-05], 'stop_min_lr': -1.0, 'use_bmuf': False}, 'checkpoint': {'_name': None, 'save_dir': './stage2_checkpoints/nl/1e-5_3', 'restore_file': '/home/grads/mogunleye/Research/EC_pretraining/OFA/run_scripts/caption/stage1_checkpoints/nl/2_0.06_2500/checkpoint_best.pt', 'finetune_from_model': None, 'reset_dataloader': True, 'reset_lr_scheduler': False, 'reset_meters': True, 'reset_optimizer': True, 'optimizer_overrides': '{}', 'save_interval': 1, 'save_interval_updates': 500, 'keep_interval_updates': -1, 'keep_interval_updates_pattern': -1, 'keep_last_epochs': -1, 'keep_best_checkpoints': 1, 'no_save': False, 'no_epoch_checkpoints': True, 'no_last_checkpoints': False, 'no_save_optimizer_state': False, 'best_checkpoint_metric': 'cider', 'maximize_best_checkpoint_metric': True, 'patience': -1, 'checkpoint_suffix': '', 'checkpoint_shard_count': 1, 'load_checkpoint_on_all_dp_ranks': False, 'write_checkpoints_asynchronously': False, 'model_parallel_size': 1, 'use_ema_weights_to_init_param': False, 'use_latest_weights_to_init_ema': False}, 'bmuf': {'_name': None, 'block_lr': 1.0, 'block_momentum': 0.875, 'global_sync_iter': 50, 'warmup_iterations': 500, 'use_nbm': False, 'average_sync': False, 'distributed_world_size': 4}, 'generation': {'_name': None, 'beam': 5, 'nbest': 1, 'max_len_a': 0.0, 'max_len_b': 200, 'min_len': 1, 'match_source_len': False, 'unnormalized': False, 'no_early_stop': False, 'no_beamable_mm': False, 'lenpen': 1.0, 'unkpen': 0.0, 'replace_unk': None, 'sacrebleu': False, 'score_reference': False, 'prefix_size': 0, 'no_repeat_ngram_size': 0, 'sampling': False, 'sampling_topk': -1, 'sampling_topp': -1.0, 'constraints': None, 'temperature': 1.0, 'diverse_beam_groups': -1, 'diverse_beam_strength': 0.5, 'diversity_rate': -1.0, 'print_alignment': None, 'print_step': False, 'lm_path': None, 'lm_weight': 0.0, 'iter_decode_eos_penalty': 0.0, 'iter_decode_max_iter': 10, 'iter_decode_force_max_iter': False, 'iter_decode_with_beam': 1, 'iter_decode_with_external_reranker': False, 'retain_iter_history': False, 'retain_dropout': False, 'retain_dropout_modules': None, 'decoding_format': None, 'no_seed_provided': False}, 'eval_lm': {'_name': None, 'output_word_probs': False, 'output_word_stats': False, 'context_window': 0, 'softmax_batch': 9223372036854775807}, 'interactive': {'_name': None, 'buffer_size': 0, 'input': '-'}, 'model': Namespace(no_progress_bar=False, log_interval=10, log_format='simple', log_file=None, tensorboard_logdir=None, wandb_project=None, azureml_logging=False, seed=1, cpu=False, tpu=False, bf16=False, memory_efficient_bf16=False, fp16=True, memory_efficient_fp16=True, fp16_no_flatten_grads=False, fp16_init_scale=128, fp16_scale_window=512, fp16_scale_tolerance=0.0, on_cpu_convert_precision=False, min_loss_scale=0.0001, threshold_loss_scale=None, amp=False, amp_batch_retries=2, amp_init_scale=128, amp_scale_window=None, user_dir='../../ofa_module', empty_cache_freq=0, all_gather_list_size=16384, model_parallel_size=1, quantization_config_path=None, profile=False, reset_logging=False, suppress_crashes=False, use_plasma_view=False, plasma_path='/tmp/plasma', criterion='scst_reward_criterion', tokenizer=None, bpe=None, optimizer='adam', lr_scheduler='polynomial_decay', simul_type=None, scoring='bleu', task='caption', num_workers=0, skip_invalid_size_inputs_valid_test=False, max_tokens=None, batch_size=2, required_batch_size_multiple=8, required_seq_len_multiple=1, dataset_impl=None, data_buffer_size=10, train_subset='train', valid_subset='valid', combine_valid_subsets=None, ignore_unused_valid_subsets=False, validate_interval=1, validate_interval_updates=500, validate_after_updates=0, fixed_validation_seed=7, disable_validation=False, max_tokens_valid=None, batch_size_valid=2, max_valid_steps=None, curriculum=0, gen_subset='test', num_shards=1, shard_id=0, distributed_world_size=4, distributed_num_procs=4, distributed_rank=0, distributed_backend='nccl', distributed_init_method=None, distributed_port=-1, device_id=0, distributed_no_spawn=False, ddp_backend='pytorch_ddp', ddp_comm_hook='none', bucket_cap_mb=25, fix_batches_to_gpus=False, find_unused_parameters=True, gradient_as_bucket_view=False, fast_stat_sync=False, heartbeat_timeout=-1, broadcast_buffers=False, slowmo_momentum=None, slowmo_algorithm='LocalSGD', localsgd_frequency=3, nprocs_per_node=4, pipeline_model_parallel=False, pipeline_balance=None, pipeline_devices=None, pipeline_chunks=0, pipeline_encoder_balance=None, pipeline_encoder_devices=None, pipeline_decoder_balance=None, pipeline_decoder_devices=None, pipeline_checkpoint='never', zero_sharding='none', no_reshard_after_forward=False, fp32_reduce_scatter=False, cpu_offload=False, use_sharded_state=False, arch='ofa_base', max_epoch=3, max_update=0, stop_time_hours=0, clip_norm=1.0, sentence_avg=False, update_freq=[4], lr=[1e-05], stop_min_lr=-1.0, use_bmuf=False, save_dir='./stage2_checkpoints/nl/1e-5_3', restore_file='/home/grads/mogunleye/Research/EC_pretraining/OFA/run_scripts/caption/stage1_checkpoints/nl/2_0.06_2500/checkpoint_best.pt', finetune_from_model=None, reset_dataloader=True, reset_lr_scheduler=False, reset_meters=True, reset_optimizer=True, optimizer_overrides='{}', save_interval=1, save_interval_updates=500, keep_interval_updates=-1, keep_interval_updates_pattern=-1, keep_last_epochs=-1, keep_best_checkpoints=1, no_save=False, no_epoch_checkpoints=True, no_last_checkpoints=False, no_save_optimizer_state=False, best_checkpoint_metric='cider', maximize_best_checkpoint_metric=True, patience=-1, checkpoint_suffix='', checkpoint_shard_count=1, load_checkpoint_on_all_dp_ranks=False, write_checkpoints_asynchronously=False, use_ema_weights_to_init_param=False, use_latest_weights_to_init_ema=False, store_ema=False, ema_decay=0.9999, ema_start_update=0, ema_seed_model=None, ema_update_freq=1, ema_fp32=False, bitfit=False, no_token_positional_embeddings=False, no_cross_attention=False, cross_self_attention=False, encoder_layerdrop=0, decoder_layerdrop=0, encoder_layers_to_keep=None, decoder_layers_to_keep=None, quant_noise_pq=0, quant_noise_pq_block_size=8, quant_noise_scalar=0, min_params_to_wrap=100000000, data='/data/datasets/EC_pretraining/OFA/dataset/caption/caption_data/caption_stage2_train.tsv,/data/datasets/EC_pretraining/OFA/dataset/caption/caption_data/caption_val.tsv', selected_cols='1,4,2', bpe_dir='../../utils/BPE', max_source_positions=1024, max_target_positions=1024, max_src_length=80, max_tgt_length=20, code_dict_size=8192, patch_image_size=480, orig_patch_image_size=256, num_bins=1000, imagenet_default_mean_and_std=False, constraint_range=None, eval_bleu=False, eval_cider=True, eval_args='{"beam":5,"max_len_b":16,"no_repeat_ngram_size":3}', eval_print_samples=False, eval_cider_cached_tokens='/data/datasets/EC_pretraining/OFA/dataset/caption/caption_data/cider_cached_tokens/coco-valid-words.p', scst=True, scst_args='{"beam":5,"max_len_b":16,"no_repeat_ngram_size":3}', scst_cider_cached_tokens='/data/datasets/EC_pretraining/OFA/dataset/caption/caption_data/cider_cached_tokens/coco-train-words.p', ignore_prefix_size=0, adam_betas='(0.9,0.999)', adam_eps=1e-08, weight_decay=0.01, use_old_adam=False, fp16_adam_stats=False, warmup_updates=0, warmup_ratio=0.06, force_anneal=None, end_learning_rate=2e-07, power=1.0, total_num_update=1000000, pad=1, eos=2, unk=3, encoder_normalize_before=True, decoder_normalize_before=True, share_decoder_input_output_embed=True, share_all_embeddings=True, layernorm_embedding=True, patch_layernorm_embedding=True, code_layernorm_embedding=True, resnet_drop_path_rate=0.0, encoder_drop_path_rate=0.0, decoder_drop_path_rate=0.0, dropout=0.0, attention_dropout=0.0, freeze_encoder_embedding=True, freeze_decoder_embedding=True, add_type_embedding=True, scale_attn=True, scale_fc=True, scale_heads=True, disable_entangle=True, no_seed_provided=False, encoder_embed_dim=768, encoder_ffn_embed_dim=3072, encoder_layers=6, encoder_attention_heads=12, decoder_layers=6, decoder_attention_heads=12, resnet_type='resnet101', encoder_embed_path=None, encoder_learned_pos=True, decoder_embed_path=None, decoder_embed_dim=768, decoder_ffn_embed_dim=3072, decoder_learned_pos=True, relu_dropout=0.0, adaptive_softmax_cutoff=None, adaptive_softmax_dropout=0, decoder_output_dim=768, decoder_input_dim=768, no_scale_embedding=True, activation_fn='gelu', pooler_activation_fn='tanh', pooler_dropout=0.0, pooler_classifier='mlp', token_bucket_size=256, image_bucket_size=42, attn_scale_factor=2, code_image_size=128, entangle_position_embedding=False, sync_bn=False, scale_resids=False, _name='ofa_base'), 'task': {'_name': 'caption', 'data': '/data/datasets/EC_pretraining/OFA/dataset/caption/caption_data/caption_stage2_train.tsv,/data/datasets/EC_pretraining/OFA/dataset/caption/caption_data/caption_val.tsv', 'selected_cols': '1,4,2', 'bpe': None, 'bpe_dir': '../../utils/BPE', 'max_source_positions': 1024, 'max_target_positions': 1024, 'max_src_length': 80, 'max_tgt_length': 20, 'code_dict_size': 8192, 'patch_image_size': 480, 'orig_patch_image_size': 256, 'num_bins': 1000, 'imagenet_default_mean_and_std': False, 'constraint_range': None, 'eval_bleu': False, 'eval_cider': True, 'eval_args': '{"beam":5,"max_len_b":16,"no_repeat_ngram_size":3}', 'eval_print_samples': False, 'eval_cider_cached_tokens': '/data/datasets/EC_pretraining/OFA/dataset/caption/caption_data/cider_cached_tokens/coco-valid-words.p', 'scst': True, 'scst_args': '{"beam":5,"max_len_b":16,"no_repeat_ngram_size":3}'}, 'criterion': {'_name': 'scst_reward_criterion', 'scst_cider_cached_tokens': '/data/datasets/EC_pretraining/OFA/dataset/caption/caption_data/cider_cached_tokens/coco-train-words.p', 'ignore_prefix_size': 0, 'sentence_avg': False, 'constraint_range': None}, 'optimizer': {'_name': 'adam', 'adam_betas': '(0.9,0.999)', 'adam_eps': 1e-08, 'weight_decay': 0.01, 'use_old_adam': False, 'fp16_adam_stats': False, 'tpu': False, 'lr': [1e-05]}, 'lr_scheduler': {'_name': 'polynomial_decay', 'warmup_updates': 0, 'warmup_ratio': 0.06, 'force_anneal': None, 'end_learning_rate': 2e-07, 'power': 1.0, 'total_num_update': 1000000.0, 'lr': [1e-05]}, 'scoring': {'_name': 'bleu', 'pad': 1, 'eos': 2, 'unk': 3}, 'bpe': None, 'tokenizer': None, 'ema': {'_name': None, 'store_ema': False, 'ema_decay': 0.9999, 'ema_start_update': 0, 'ema_seed_model': None, 'ema_update_freq': 1, 'ema_fp32': False}, 'simul_type': None}
2024-11-07 13:35:09 - ofa_task.py[line:109] - INFO: source dictionary: 59457 types
2024-11-07 13:35:09 - ofa_task.py[line:110] - INFO: target dictionary: 59457 types
/home/grads/mogunleye/.conda/envs/ofa1/lib/python3.9/site-packages/torch/functional.py:504: UserWarning: torch.meshgrid: in an upcoming release, it will be required to pass the indexing argument. (Triggered internally at /opt/conda/conda-bld/pytorch_1666643016022/work/aten/src/ATen/native/TensorShape.cpp:3190.)
  return _VF.meshgrid(tensors, **kwargs)  # type: ignore[attr-defined]
/home/grads/mogunleye/.conda/envs/ofa1/lib/python3.9/site-packages/torch/functional.py:504: UserWarning: torch.meshgrid: in an upcoming release, it will be required to pass the indexing argument. (Triggered internally at /opt/conda/conda-bld/pytorch_1666643016022/work/aten/src/ATen/native/TensorShape.cpp:3190.)
  return _VF.meshgrid(tensors, **kwargs)  # type: ignore[attr-defined]
/home/grads/mogunleye/.conda/envs/ofa1/lib/python3.9/site-packages/torch/functional.py:504: UserWarning: torch.meshgrid: in an upcoming release, it will be required to pass the indexing argument. (Triggered internally at /opt/conda/conda-bld/pytorch_1666643016022/work/aten/src/ATen/native/TensorShape.cpp:3190.)
  return _VF.meshgrid(tensors, **kwargs)  # type: ignore[attr-defined]
/home/grads/mogunleye/.conda/envs/ofa1/lib/python3.9/site-packages/torch/functional.py:504: UserWarning: torch.meshgrid: in an upcoming release, it will be required to pass the indexing argument. (Triggered internally at /opt/conda/conda-bld/pytorch_1666643016022/work/aten/src/ATen/native/TensorShape.cpp:3190.)
  return _VF.meshgrid(tensors, **kwargs)  # type: ignore[attr-defined]
local datafile /data/datasets/EC_pretraining/OFA/dataset/caption/caption_data/caption_val.tsv slice_id 1 begin to initialize row_count and line_idx-to-offset mapping
local datafile /data/datasets/EC_pretraining/OFA/dataset/caption/caption_data/caption_val.tsv slice_id 3 begin to initialize row_count and line_idx-to-offset mapping
local datafile /data/datasets/EC_pretraining/OFA/dataset/caption/caption_data/caption_val.tsv slice_id 1 finished initializing row_count and line_idx-to-offset mapping
file /data/datasets/EC_pretraining/OFA/dataset/caption/caption_data/caption_val.tsv slice_id 1 row count 1250 total row count 5000
/home/grads/mogunleye/.conda/envs/ofa1/lib/python3.9/site-packages/torchvision/transforms/transforms.py:329: UserWarning: Argument 'interpolation' of type int is deprecated since 0.13 and will be removed in 0.15. Please use InterpolationMode enum.
  warnings.warn(
2024-11-07 13:35:16 - train.py[line:110] - INFO: OFAModel(
  (encoder): TransformerEncoder(
    (encoder_dropout): Dropout(p=0.2, inplace=False)
    (dropout_module): FairseqDropout()
    (embed_tokens): Embedding(59457, 768, padding_idx=1)
    (layernorm_embedding): LayerNorm((768,), eps=1e-05, elementwise_affine=True)
    (type_embedding): Embedding(2, 768)
    (embed_images): ResNet(
      (conv1): Conv2d(3, 64, kernel_size=(7, 7), stride=(2, 2), padding=(3, 3), bias=False)
      (bn1): BatchNorm2d(64, eps=1e-05, momentum=0.1, affine=True, track_running_stats=True)
      (relu): ReLU(inplace=True)
      (maxpool): MaxPool2d(kernel_size=3, stride=2, padding=1, dilation=1, ceil_mode=False)
      (layer1): Sequential(
        (0): Bottleneck(
          (conv1): Conv2d(64, 64, kernel_size=(1, 1), stride=(1, 1), bias=False)
          (bn1): BatchNorm2d(64, eps=1e-05, momentum=0.1, affine=True, track_running_stats=True)
          (conv2): Conv2d(64, 64, kernel_size=(3, 3), stride=(1, 1), padding=(1, 1), bias=False)
          (bn2): BatchNorm2d(64, eps=1e-05, momentum=0.1, affine=True, track_running_stats=True)
          (conv3): Conv2d(64, 256, kernel_size=(1, 1), stride=(1, 1), bias=False)
          (bn3): BatchNorm2d(256, eps=1e-05, momentum=0.1, affine=True, track_running_stats=True)
          (relu): ReLU(inplace=True)
          (downsample): Sequential(
            (0): Conv2d(64, 256, kernel_size=(1, 1), stride=(1, 1), bias=False)
            (1): BatchNorm2d(256, eps=1e-05, momentum=0.1, affine=True, track_running_stats=True)
          )
          (drop_path): Identity()
        )
        (1): Bottleneck(
          (conv1): Conv2d(256, 64, kernel_size=(1, 1), stride=(1, 1), bias=False)
          (bn1): BatchNorm2d(64, eps=1e-05, momentum=0.1, affine=True, track_running_stats=True)
          (conv2): Conv2d(64, 64, kernel_size=(3, 3), stride=(1, 1), padding=(1, 1), bias=False)
          (bn2): BatchNorm2d(64, eps=1e-05, momentum=0.1, affine=True, track_running_stats=True)
          (conv3): Conv2d(64, 256, kernel_size=(1, 1), stride=(1, 1), bias=False)
          (bn3): BatchNorm2d(256, eps=1e-05, momentum=0.1, affine=True, track_running_stats=True)
          (relu): ReLU(inplace=True)
          (drop_path): Identity()
        )
        (2): Bottleneck(
          (conv1): Conv2d(256, 64, kernel_size=(1, 1), stride=(1, 1), bias=False)
          (bn1): BatchNorm2d(64, eps=1e-05, momentum=0.1, affine=True, track_running_stats=True)
          (conv2): Conv2d(64, 64, kernel_size=(3, 3), stride=(1, 1), padding=(1, 1), bias=False)
          (bn2): BatchNorm2d(64, eps=1e-05, momentum=0.1, affine=True, track_running_stats=True)
          (conv3): Conv2d(64, 256, kernel_size=(1, 1), stride=(1, 1), bias=False)
          (bn3): BatchNorm2d(256, eps=1e-05, momentum=0.1, affine=True, track_running_stats=True)
          (relu): ReLU(inplace=True)
          (drop_path): Identity()
        )
      )
      (layer2): Sequential(
        (0): Bottleneck(
          (conv1): Conv2d(256, 128, kernel_size=(1, 1), stride=(1, 1), bias=False)
          (bn1): BatchNorm2d(128, eps=1e-05, momentum=0.1, affine=True, track_running_stats=True)
          (conv2): Conv2d(128, 128, kernel_size=(3, 3), stride=(2, 2), padding=(1, 1), bias=False)
          (bn2): BatchNorm2d(128, eps=1e-05, momentum=0.1, affine=True, track_running_stats=True)
          (conv3): Conv2d(128, 512, kernel_size=(1, 1), stride=(1, 1), bias=False)
          (bn3): BatchNorm2d(512, eps=1e-05, momentum=0.1, affine=True, track_running_stats=True)
          (relu): ReLU(inplace=True)
          (downsample): Sequential(
            (0): Conv2d(256, 512, kernel_size=(1, 1), stride=(2, 2), bias=False)
            (1): BatchNorm2d(512, eps=1e-05, momentum=0.1, affine=True, track_running_stats=True)
          )
          (drop_path): Identity()
        )
        (1): Bottleneck(
          (conv1): Conv2d(512, 128, kernel_size=(1, 1), stride=(1, 1), bias=False)
          (bn1): BatchNorm2d(128, eps=1e-05, momentum=0.1, affine=True, track_running_stats=True)
          (conv2): Conv2d(128, 128, kernel_size=(3, 3), stride=(1, 1), padding=(1, 1), bias=False)
          (bn2): BatchNorm2d(128, eps=1e-05, momentum=0.1, affine=True, track_running_stats=True)
          (conv3): Conv2d(128, 512, kernel_size=(1, 1), stride=(1, 1), bias=False)
          (bn3): BatchNorm2d(512, eps=1e-05, momentum=0.1, affine=True, track_running_stats=True)
          (relu): ReLU(inplace=True)
          (drop_path): Identity()
        )
        (2): Bottleneck(
          (conv1): Conv2d(512, 128, kernel_size=(1, 1), stride=(1, 1), bias=False)
          (bn1): BatchNorm2d(128, eps=1e-05, momentum=0.1, affine=True, track_running_stats=True)
          (conv2): Conv2d(128, 128, kernel_size=(3, 3), stride=(1, 1), padding=(1, 1), bias=False)
          (bn2): BatchNorm2d(128, eps=1e-05, momentum=0.1, affine=True, track_running_stats=True)
          (conv3): Conv2d(128, 512, kernel_size=(1, 1), stride=(1, 1), bias=False)
          (bn3): BatchNorm2d(512, eps=1e-05, momentum=0.1, affine=True, track_running_stats=True)
          (relu): ReLU(inplace=True)
          (drop_path): Identity()
        )
        (3): Bottleneck(
          (conv1): Conv2d(512, 128, kernel_size=(1, 1), stride=(1, 1), bias=False)
          (bn1): BatchNorm2d(128, eps=1e-05, momentum=0.1, affine=True, track_running_stats=True)
          (conv2): Conv2d(128, 128, kernel_size=(3, 3), stride=(1, 1), padding=(1, 1), bias=False)
          (bn2): BatchNorm2d(128, eps=1e-05, momentum=0.1, affine=True, track_running_stats=True)
          (conv3): Conv2d(128, 512, kernel_size=(1, 1), stride=(1, 1), bias=False)
          (bn3): BatchNorm2d(512, eps=1e-05, momentum=0.1, affine=True, track_running_stats=True)
          (relu): ReLU(inplace=True)
          (drop_path): Identity()
        )
      )
      (layer3): Sequential(
        (0): Bottleneck(
          (conv1): Conv2d(512, 256, kernel_size=(1, 1), stride=(1, 1), bias=False)
          (bn1): BatchNorm2d(256, eps=1e-05, momentum=0.1, affine=True, track_running_stats=True)
          (conv2): Conv2d(256, 256, kernel_size=(3, 3), stride=(2, 2), padding=(1, 1), bias=False)
          (bn2): BatchNorm2d(256, eps=1e-05, momentum=0.1, affine=True, track_running_stats=True)
          (conv3): Conv2d(256, 1024, kernel_size=(1, 1), stride=(1, 1), bias=False)
          (bn3): BatchNorm2d(1024, eps=1e-05, momentum=0.1, affine=True, track_running_stats=True)
          (relu): ReLU(inplace=True)
          (downsample): Sequential(
            (0): Conv2d(512, 1024, kernel_size=(1, 1), stride=(2, 2), bias=False)
            (1): BatchNorm2d(1024, eps=1e-05, momentum=0.1, affine=True, track_running_stats=True)
          )
          (drop_path): Identity()
        )
        (1): Bottleneck(
          (conv1): Conv2d(1024, 256, kernel_size=(1, 1), stride=(1, 1), bias=False)
          (bn1): BatchNorm2d(256, eps=1e-05, momentum=0.1, affine=True, track_running_stats=True)
          (conv2): Conv2d(256, 256, kernel_size=(3, 3), stride=(1, 1), padding=(1, 1), bias=False)
          (bn2): BatchNorm2d(256, eps=1e-05, momentum=0.1, affine=True, track_running_stats=True)
          (conv3): Conv2d(256, 1024, kernel_size=(1, 1), stride=(1, 1), bias=False)
          (bn3): BatchNorm2d(1024, eps=1e-05, momentum=0.1, affine=True, track_running_stats=True)
          (relu): ReLU(inplace=True)
          (drop_path): Identity()
        )
        (2): Bottleneck(
          (conv1): Conv2d(1024, 256, kernel_size=(1, 1), stride=(1, 1), bias=False)
          (bn1): BatchNorm2d(256, eps=1e-05, momentum=0.1, affine=True, track_running_stats=True)
          (conv2): Conv2d(256, 256, kernel_size=(3, 3), stride=(1, 1), padding=(1, 1), bias=False)
          (bn2): BatchNorm2d(256, eps=1e-05, momentum=0.1, affine=True, track_running_stats=True)
          (conv3): Conv2d(256, 1024, kernel_size=(1, 1), stride=(1, 1), bias=False)
          (bn3): BatchNorm2d(1024, eps=1e-05, momentum=0.1, affine=True, track_running_stats=True)
          (relu): ReLU(inplace=True)
          (drop_path): Identity()
        )
        (3): Bottleneck(
          (conv1): Conv2d(1024, 256, kernel_size=(1, 1), stride=(1, 1), bias=False)
          (bn1): BatchNorm2d(256, eps=1e-05, momentum=0.1, affine=True, track_running_stats=True)
          (conv2): Conv2d(256, 256, kernel_size=(3, 3), stride=(1, 1), padding=(1, 1), bias=False)
          (bn2): BatchNorm2d(256, eps=1e-05, momentum=0.1, affine=True, track_running_stats=True)
          (conv3): Conv2d(256, 1024, kernel_size=(1, 1), stride=(1, 1), bias=False)
          (bn3): BatchNorm2d(1024, eps=1e-05, momentum=0.1, affine=True, track_running_stats=True)
          (relu): ReLU(inplace=True)
          (drop_path): Identity()
        )
        (4): Bottleneck(
          (conv1): Conv2d(1024, 256, kernel_size=(1, 1), stride=(1, 1), bias=False)
          (bn1): BatchNorm2d(256, eps=1e-05, momentum=0.1, affine=True, track_running_stats=True)
          (conv2): Conv2d(256, 256, kernel_size=(3, 3), stride=(1, 1), padding=(1, 1), bias=False)
          (bn2): BatchNorm2d(256, eps=1e-05, momentum=0.1, affine=True, track_running_stats=True)
          (conv3): Conv2d(256, 1024, kernel_size=(1, 1), stride=(1, 1), bias=False)
          (bn3): BatchNorm2d(1024, eps=1e-05, momentum=0.1, affine=True, track_running_stats=True)
          (relu): ReLU(inplace=True)
          (drop_path): Identity()
        )
        (5): Bottleneck(
          (conv1): Conv2d(1024, 256, kernel_size=(1, 1), stride=(1, 1), bias=False)
          (bn1): BatchNorm2d(256, eps=1e-05, momentum=0.1, affine=True, track_running_stats=True)
          (conv2): Conv2d(256, 256, kernel_size=(3, 3), stride=(1, 1), padding=(1, 1), bias=False)
          (bn2): BatchNorm2d(256, eps=1e-05, momentum=0.1, affine=True, track_running_stats=True)
          (conv3): Conv2d(256, 1024, kernel_size=(1, 1), stride=(1, 1), bias=False)
          (bn3): BatchNorm2d(1024, eps=1e-05, momentum=0.1, affine=True, track_running_stats=True)
          (relu): ReLU(inplace=True)
          (drop_path): Identity()
        )
        (6): Bottleneck(
          (conv1): Conv2d(1024, 256, kernel_size=(1, 1), stride=(1, 1), bias=False)
          (bn1): BatchNorm2d(256, eps=1e-05, momentum=0.1, affine=True, track_running_stats=True)
          (conv2): Conv2d(256, 256, kernel_size=(3, 3), stride=(1, 1), padding=(1, 1), bias=False)
          (bn2): BatchNorm2d(256, eps=1e-05, momentum=0.1, affine=True, track_running_stats=True)
          (conv3): Conv2d(256, 1024, kernel_size=(1, 1), stride=(1, 1), bias=False)
          (bn3): BatchNorm2d(1024, eps=1e-05, momentum=0.1, affine=True, track_running_stats=True)
          (relu): ReLU(inplace=True)
          (drop_path): Identity()
        )
        (7): Bottleneck(
          (conv1): Conv2d(1024, 256, kernel_size=(1, 1), stride=(1, 1), bias=False)
          (bn1): BatchNorm2d(256, eps=1e-05, momentum=0.1, affine=True, track_running_stats=True)
          (conv2): Conv2d(256, 256, kernel_size=(3, 3), stride=(1, 1), padding=(1, 1), bias=False)
          (bn2): BatchNorm2d(256, eps=1e-05, momentum=0.1, affine=True, track_running_stats=True)
          (conv3): Conv2d(256, 1024, kernel_size=(1, 1), stride=(1, 1), bias=False)
          (bn3): BatchNorm2d(1024, eps=1e-05, momentum=0.1, affine=True, track_running_stats=True)
          (relu): ReLU(inplace=True)
          (drop_path): Identity()
        )
        (8): Bottleneck(
          (conv1): Conv2d(1024, 256, kernel_size=(1, 1), stride=(1, 1), bias=False)
          (bn1): BatchNorm2d(256, eps=1e-05, momentum=0.1, affine=True, track_running_stats=True)
          (conv2): Conv2d(256, 256, kernel_size=(3, 3), stride=(1, 1), padding=(1, 1), bias=False)
          (bn2): BatchNorm2d(256, eps=1e-05, momentum=0.1, affine=True, track_running_stats=True)
          (conv3): Conv2d(256, 1024, kernel_size=(1, 1), stride=(1, 1), bias=False)
          (bn3): BatchNorm2d(1024, eps=1e-05, momentum=0.1, affine=True, track_running_stats=True)
          (relu): ReLU(inplace=True)
          (drop_path): Identity()
        )
        (9): Bottleneck(
          (conv1): Conv2d(1024, 256, kernel_size=(1, 1), stride=(1, 1), bias=False)
          (bn1): BatchNorm2d(256, eps=1e-05, momentum=0.1, affine=True, track_running_stats=True)
          (conv2): Conv2d(256, 256, kernel_size=(3, 3), stride=(1, 1), padding=(1, 1), bias=False)
          (bn2): BatchNorm2d(256, eps=1e-05, momentum=0.1, affine=True, track_running_stats=True)
          (conv3): Conv2d(256, 1024, kernel_size=(1, 1), stride=(1, 1), bias=False)
          (bn3): BatchNorm2d(1024, eps=1e-05, momentum=0.1, affine=True, track_running_stats=True)
          (relu): ReLU(inplace=True)
          (drop_path): Identity()
        )
        (10): Bottleneck(
          (conv1): Conv2d(1024, 256, kernel_size=(1, 1), stride=(1, 1), bias=False)
          (bn1): BatchNorm2d(256, eps=1e-05, momentum=0.1, affine=True, track_running_stats=True)
          (conv2): Conv2d(256, 256, kernel_size=(3, 3), stride=(1, 1), padding=(1, 1), bias=False)
          (bn2): BatchNorm2d(256, eps=1e-05, momentum=0.1, affine=True, track_running_stats=True)
          (conv3): Conv2d(256, 1024, kernel_size=(1, 1), stride=(1, 1), bias=False)
          (bn3): BatchNorm2d(1024, eps=1e-05, momentum=0.1, affine=True, track_running_stats=True)
          (relu): ReLU(inplace=True)
          (drop_path): Identity()
        )
        (11): Bottleneck(
          (conv1): Conv2d(1024, 256, kernel_size=(1, 1), stride=(1, 1), bias=False)
          (bn1): BatchNorm2d(256, eps=1e-05, momentum=0.1, affine=True, track_running_stats=True)
          (conv2): Conv2d(256, 256, kernel_size=(3, 3), stride=(1, 1), padding=(1, 1), bias=False)
          (bn2): BatchNorm2d(256, eps=1e-05, momentum=0.1, affine=True, track_running_stats=True)
          (conv3): Conv2d(256, 1024, kernel_size=(1, 1), stride=(1, 1), bias=False)
          (bn3): BatchNorm2d(1024, eps=1e-05, momentum=0.1, affine=True, track_running_stats=True)
          (relu): ReLU(inplace=True)
          (drop_path): Identity()
        )
        (12): Bottleneck(
          (conv1): Conv2d(1024, 256, kernel_size=(1, 1), stride=(1, 1), bias=False)
          (bn1): BatchNorm2d(256, eps=1e-05, momentum=0.1, affine=True, track_running_stats=True)
          (conv2): Conv2d(256, 256, kernel_size=(3, 3), stride=(1, 1), padding=(1, 1), bias=False)
          (bn2): BatchNorm2d(256, eps=1e-05, momentum=0.1, affine=True, track_running_stats=True)
          (conv3): Conv2d(256, 1024, kernel_size=(1, 1), stride=(1, 1), bias=False)
          (bn3): BatchNorm2d(1024, eps=1e-05, momentum=0.1, affine=True, track_running_stats=True)
          (relu): ReLU(inplace=True)
          (drop_path): Identity()
        )
        (13): Bottleneck(
          (conv1): Conv2d(1024, 256, kernel_size=(1, 1), stride=(1, 1), bias=False)
          (bn1): BatchNorm2d(256, eps=1e-05, momentum=0.1, affine=True, track_running_stats=True)
          (conv2): Conv2d(256, 256, kernel_size=(3, 3), stride=(1, 1), padding=(1, 1), bias=False)
          (bn2): BatchNorm2d(256, eps=1e-05, momentum=0.1, affine=True, track_running_stats=True)
          (conv3): Conv2d(256, 1024, kernel_size=(1, 1), stride=(1, 1), bias=False)
          (bn3): BatchNorm2d(1024, eps=1e-05, momentum=0.1, affine=True, track_running_stats=True)
          (relu): ReLU(inplace=True)
          (drop_path): Identity()
        )
        (14): Bottleneck(
          (conv1): Conv2d(1024, 256, kernel_size=(1, 1), stride=(1, 1), bias=False)
          (bn1): BatchNorm2d(256, eps=1e-05, momentum=0.1, affine=True, track_running_stats=True)
          (conv2): Conv2d(256, 256, kernel_size=(3, 3), stride=(1, 1), padding=(1, 1), bias=False)
          (bn2): BatchNorm2d(256, eps=1e-05, momentum=0.1, affine=True, track_running_stats=True)
          (conv3): Conv2d(256, 1024, kernel_size=(1, 1), stride=(1, 1), bias=False)
          (bn3): BatchNorm2d(1024, eps=1e-05, momentum=0.1, affine=True, track_running_stats=True)
          (relu): ReLU(inplace=True)
          (drop_path): Identity()
        )
        (15): Bottleneck(
          (conv1): Conv2d(1024, 256, kernel_size=(1, 1), stride=(1, 1), bias=False)
          (bn1): BatchNorm2d(256, eps=1e-05, momentum=0.1, affine=True, track_running_stats=True)
          (conv2): Conv2d(256, 256, kernel_size=(3, 3), stride=(1, 1), padding=(1, 1), bias=False)
          (bn2): BatchNorm2d(256, eps=1e-05, momentum=0.1, affine=True, track_running_stats=True)
          (conv3): Conv2d(256, 1024, kernel_size=(1, 1), stride=(1, 1), bias=False)
          (bn3): BatchNorm2d(1024, eps=1e-05, momentum=0.1, affine=True, track_running_stats=True)
          (relu): ReLU(inplace=True)
          (drop_path): Identity()
        )
        (16): Bottleneck(
          (conv1): Conv2d(1024, 256, kernel_size=(1, 1), stride=(1, 1), bias=False)
          (bn1): BatchNorm2d(256, eps=1e-05, momentum=0.1, affine=True, track_running_stats=True)
          (conv2): Conv2d(256, 256, kernel_size=(3, 3), stride=(1, 1), padding=(1, 1), bias=False)
          (bn2): BatchNorm2d(256, eps=1e-05, momentum=0.1, affine=True, track_running_stats=True)
          (conv3): Conv2d(256, 1024, kernel_size=(1, 1), stride=(1, 1), bias=False)
          (bn3): BatchNorm2d(1024, eps=1e-05, momentum=0.1, affine=True, track_running_stats=True)
          (relu): ReLU(inplace=True)
          (drop_path): Identity()
        )
        (17): Bottleneck(
          (conv1): Conv2d(1024, 256, kernel_size=(1, 1), stride=(1, 1), bias=False)
          (bn1): BatchNorm2d(256, eps=1e-05, momentum=0.1, affine=True, track_running_stats=True)
          (conv2): Conv2d(256, 256, kernel_size=(3, 3), stride=(1, 1), padding=(1, 1), bias=False)
          (bn2): BatchNorm2d(256, eps=1e-05, momentum=0.1, affine=True, track_running_stats=True)
          (conv3): Conv2d(256, 1024, kernel_size=(1, 1), stride=(1, 1), bias=False)
          (bn3): BatchNorm2d(1024, eps=1e-05, momentum=0.1, affine=True, track_running_stats=True)
          (relu): ReLU(inplace=True)
          (drop_path): Identity()
        )
        (18): Bottleneck(
          (conv1): Conv2d(1024, 256, kernel_size=(1, 1), stride=(1, 1), bias=False)
          (bn1): BatchNorm2d(256, eps=1e-05, momentum=0.1, affine=True, track_running_stats=True)
          (conv2): Conv2d(256, 256, kernel_size=(3, 3), stride=(1, 1), padding=(1, 1), bias=False)
          (bn2): BatchNorm2d(256, eps=1e-05, momentum=0.1, affine=True, track_running_stats=True)
          (conv3): Conv2d(256, 1024, kernel_size=(1, 1), stride=(1, 1), bias=False)
          (bn3): BatchNorm2d(1024, eps=1e-05, momentum=0.1, affine=True, track_running_stats=True)
          (relu): ReLU(inplace=True)
          (drop_path): Identity()
        )
        (19): Bottleneck(
          (conv1): Conv2d(1024, 256, kernel_size=(1, 1), stride=(1, 1), bias=False)
          (bn1): BatchNorm2d(256, eps=1e-05, momentum=0.1, affine=True, track_running_stats=True)
          (conv2): Conv2d(256, 256, kernel_size=(3, 3), stride=(1, 1), padding=(1, 1), bias=False)
          (bn2): BatchNorm2d(256, eps=1e-05, momentum=0.1, affine=True, track_running_stats=True)
          (conv3): Conv2d(256, 1024, kernel_size=(1, 1), stride=(1, 1), bias=False)
          (bn3): BatchNorm2d(1024, eps=1e-05, momentum=0.1, affine=True, track_running_stats=True)
          (relu): ReLU(inplace=True)
          (drop_path): Identity()
        )
        (20): Bottleneck(
          (conv1): Conv2d(1024, 256, kernel_size=(1, 1), stride=(1, 1), bias=False)
          (bn1): BatchNorm2d(256, eps=1e-05, momentum=0.1, affine=True, track_running_stats=True)
          (conv2): Conv2d(256, 256, kernel_size=(3, 3), stride=(1, 1), padding=(1, 1), bias=False)
          (bn2): BatchNorm2d(256, eps=1e-05, momentum=0.1, affine=True, track_running_stats=True)
          (conv3): Conv2d(256, 1024, kernel_size=(1, 1), stride=(1, 1), bias=False)
          (bn3): BatchNorm2d(1024, eps=1e-05, momentum=0.1, affine=True, track_running_stats=True)
          (relu): ReLU(inplace=True)
          (drop_path): Identity()
        )
        (21): Bottleneck(
          (conv1): Conv2d(1024, 256, kernel_size=(1, 1), stride=(1, 1), bias=False)
          (bn1): BatchNorm2d(256, eps=1e-05, momentum=0.1, affine=True, track_running_stats=True)
          (conv2): Conv2d(256, 256, kernel_size=(3, 3), stride=(1, 1), padding=(1, 1), bias=False)
          (bn2): BatchNorm2d(256, eps=1e-05, momentum=0.1, affine=True, track_running_stats=True)
          (conv3): Conv2d(256, 1024, kernel_size=(1, 1), stride=(1, 1), bias=False)
          (bn3): BatchNorm2d(1024, eps=1e-05, momentum=0.1, affine=True, track_running_stats=True)
          (relu): ReLU(inplace=True)
          (drop_path): Identity()
        )
        (22): Bottleneck(
          (conv1): Conv2d(1024, 256, kernel_size=(1, 1), stride=(1, 1), bias=False)
          (bn1): BatchNorm2d(256, eps=1e-05, momentum=0.1, affine=True, track_running_stats=True)
          (conv2): Conv2d(256, 256, kernel_size=(3, 3), stride=(1, 1), padding=(1, 1), bias=False)
          (bn2): BatchNorm2d(256, eps=1e-05, momentum=0.1, affine=True, track_running_stats=True)
          (conv3): Conv2d(256, 1024, kernel_size=(1, 1), stride=(1, 1), bias=False)
          (bn3): BatchNorm2d(1024, eps=1e-05, momentum=0.1, affine=True, track_running_stats=True)
          (relu): ReLU(inplace=True)
          (drop_path): Identity()
        )
      )
    )
    (image_proj): Linear(in_features=1024, out_features=768, bias=True)
    (patch_layernorm_embedding): LayerNorm((768,), eps=1e-05, elementwise_affine=True)
    (embed_positions): Embedding(1026, 768)
    (embed_image_positions): Embedding(1765, 768)
    (pos_ln): LayerNorm((768,), eps=1e-05, elementwise_affine=True)
    (image_pos_ln): LayerNorm((768,), eps=1e-05, elementwise_affine=True)
    (pos_q_linear): Linear(in_features=768, out_features=768, bias=True)
    (pos_k_linear): Linear(in_features=768, out_features=768, bias=True)
    (layers): ModuleList(
      (0): TransformerEncoderLayer(
        (self_attn): MultiheadAttention(
          (dropout_module): FairseqDropout()
          (k_proj): Linear(in_features=768, out_features=768, bias=True)
          (v_proj): Linear(in_features=768, out_features=768, bias=True)
          (q_proj): Linear(in_features=768, out_features=768, bias=True)
          (out_proj): Linear(in_features=768, out_features=768, bias=True)
        )
        (self_attn_layer_norm): LayerNorm((768,), eps=1e-05, elementwise_affine=True)
        (dropout_module): FairseqDropout()
        (activation_dropout_module): FairseqDropout()
        (fc1): Linear(in_features=768, out_features=3072, bias=True)
        (fc2): Linear(in_features=3072, out_features=768, bias=True)
        (attn_ln): LayerNorm((768,), eps=1e-05, elementwise_affine=True)
        (ffn_layernorm): LayerNorm((3072,), eps=1e-05, elementwise_affine=True)
        (final_layer_norm): LayerNorm((768,), eps=1e-05, elementwise_affine=True)
        (drop_path): Identity()
      )
      (1): TransformerEncoderLayer(
        (self_attn): MultiheadAttention(
          (dropout_module): FairseqDropout()
          (k_proj): Linear(in_features=768, out_features=768, bias=True)
          (v_proj): Linear(in_features=768, out_features=768, bias=True)
          (q_proj): Linear(in_features=768, out_features=768, bias=True)
          (out_proj): Linear(in_features=768, out_features=768, bias=True)
        )
        (self_attn_layer_norm): LayerNorm((768,), eps=1e-05, elementwise_affine=True)
        (dropout_module): FairseqDropout()
        (activation_dropout_module): FairseqDropout()
        (fc1): Linear(in_features=768, out_features=3072, bias=True)
        (fc2): Linear(in_features=3072, out_features=768, bias=True)
        (attn_ln): LayerNorm((768,), eps=1e-05, elementwise_affine=True)
        (ffn_layernorm): LayerNorm((3072,), eps=1e-05, elementwise_affine=True)
        (final_layer_norm): LayerNorm((768,), eps=1e-05, elementwise_affine=True)
        (drop_path): Identity()
      )
      (2): TransformerEncoderLayer(
        (self_attn): MultiheadAttention(
          (dropout_module): FairseqDropout()
          (k_proj): Linear(in_features=768, out_features=768, bias=True)
          (v_proj): Linear(in_features=768, out_features=768, bias=True)
          (q_proj): Linear(in_features=768, out_features=768, bias=True)
          (out_proj): Linear(in_features=768, out_features=768, bias=True)
        )
        (self_attn_layer_norm): LayerNorm((768,), eps=1e-05, elementwise_affine=True)
        (dropout_module): FairseqDropout()
        (activation_dropout_module): FairseqDropout()
        (fc1): Linear(in_features=768, out_features=3072, bias=True)
        (fc2): Linear(in_features=3072, out_features=768, bias=True)
        (attn_ln): LayerNorm((768,), eps=1e-05, elementwise_affine=True)
        (ffn_layernorm): LayerNorm((3072,), eps=1e-05, elementwise_affine=True)
        (final_layer_norm): LayerNorm((768,), eps=1e-05, elementwise_affine=True)
        (drop_path): Identity()
      )
      (3): TransformerEncoderLayer(
        (self_attn): MultiheadAttention(
          (dropout_module): FairseqDropout()
          (k_proj): Linear(in_features=768, out_features=768, bias=True)
          (v_proj): Linear(in_features=768, out_features=768, bias=True)
          (q_proj): Linear(in_features=768, out_features=768, bias=True)
          (out_proj): Linear(in_features=768, out_features=768, bias=True)
        )
        (self_attn_layer_norm): LayerNorm((768,), eps=1e-05, elementwise_affine=True)
        (dropout_module): FairseqDropout()
        (activation_dropout_module): FairseqDropout()
        (fc1): Linear(in_features=768, out_features=3072, bias=True)
        (fc2): Linear(in_features=3072, out_features=768, bias=True)
        (attn_ln): LayerNorm((768,), eps=1e-05, elementwise_affine=True)
        (ffn_layernorm): LayerNorm((3072,), eps=1e-05, elementwise_affine=True)
        (final_layer_norm): LayerNorm((768,), eps=1e-05, elementwise_affine=True)
        (drop_path): Identity()
      )
      (4): TransformerEncoderLayer(
        (self_attn): MultiheadAttention(
          (dropout_module): FairseqDropout()
          (k_proj): Linear(in_features=768, out_features=768, bias=True)
          (v_proj): Linear(in_features=768, out_features=768, bias=True)
          (q_proj): Linear(in_features=768, out_features=768, bias=True)
          (out_proj): Linear(in_features=768, out_features=768, bias=True)
        )
        (self_attn_layer_norm): LayerNorm((768,), eps=1e-05, elementwise_affine=True)
        (dropout_module): FairseqDropout()
        (activation_dropout_module): FairseqDropout()
        (fc1): Linear(in_features=768, out_features=3072, bias=True)
        (fc2): Linear(in_features=3072, out_features=768, bias=True)
        (attn_ln): LayerNorm((768,), eps=1e-05, elementwise_affine=True)
        (ffn_layernorm): LayerNorm((3072,), eps=1e-05, elementwise_affine=True)
        (final_layer_norm): LayerNorm((768,), eps=1e-05, elementwise_affine=True)
        (drop_path): Identity()
      )
      (5): TransformerEncoderLayer(
        (self_attn): MultiheadAttention(
          (dropout_module): FairseqDropout()
          (k_proj): Linear(in_features=768, out_features=768, bias=True)
          (v_proj): Linear(in_features=768, out_features=768, bias=True)
          (q_proj): Linear(in_features=768, out_features=768, bias=True)
          (out_proj): Linear(in_features=768, out_features=768, bias=True)
        )
        (self_attn_layer_norm): LayerNorm((768,), eps=1e-05, elementwise_affine=True)
        (dropout_module): FairseqDropout()
        (activation_dropout_module): FairseqDropout()
        (fc1): Linear(in_features=768, out_features=3072, bias=True)
        (fc2): Linear(in_features=3072, out_features=768, bias=True)
        (attn_ln): LayerNorm((768,), eps=1e-05, elementwise_affine=True)
        (ffn_layernorm): LayerNorm((3072,), eps=1e-05, elementwise_affine=True)
        (final_layer_norm): LayerNorm((768,), eps=1e-05, elementwise_affine=True)
        (drop_path): Identity()
      )
    )
    (layer_norm): LayerNorm((768,), eps=1e-05, elementwise_affine=True)
    (token_rel_pos_table_list): ModuleList(
      (0): Embedding(511, 12)
      (1): Embedding(511, 12)
      (2): Embedding(511, 12)
      (3): Embedding(511, 12)
      (4): Embedding(511, 12)
      (5): Embedding(511, 12)
    )
    (image_rel_pos_table_list): ModuleList(
      (0): Embedding(6892, 12)
      (1): Embedding(6892, 12)
      (2): Embedding(6892, 12)
      (3): Embedding(6892, 12)
      (4): Embedding(6892, 12)
      (5): Embedding(6892, 12)
    )
  )
  (decoder): TransformerDecoder(
    (dropout_module): FairseqDropout()
    (embed_tokens): Embedding(59457, 768, padding_idx=1)
    (layernorm_embedding): LayerNorm((768,), eps=1e-05, elementwise_affine=True)
    (embed_positions): Embedding(1026, 768)
    (embed_image_positions): Embedding(1765, 768)
    (pos_ln): LayerNorm((768,), eps=1e-05, elementwise_affine=True)
    (image_pos_ln): LayerNorm((768,), eps=1e-05, elementwise_affine=True)
    (self_pos_q_linear): Linear(in_features=768, out_features=768, bias=True)
    (self_pos_k_linear): Linear(in_features=768, out_features=768, bias=True)
    (cross_pos_q_linear): Linear(in_features=768, out_features=768, bias=True)
    (cross_pos_k_linear): Linear(in_features=768, out_features=768, bias=True)
    (code_layernorm_embedding): LayerNorm((768,), eps=1e-05, elementwise_affine=True)
    (layers): ModuleList(
      (0): TransformerDecoderLayer(
        (dropout_module): FairseqDropout()
        (self_attn): MultiheadAttention(
          (dropout_module): FairseqDropout()
          (k_proj): Linear(in_features=768, out_features=768, bias=True)
          (v_proj): Linear(in_features=768, out_features=768, bias=True)
          (q_proj): Linear(in_features=768, out_features=768, bias=True)
          (out_proj): Linear(in_features=768, out_features=768, bias=True)
        )
        (self_attn_ln): LayerNorm((768,), eps=1e-05, elementwise_affine=True)
        (cross_attn_ln): LayerNorm((768,), eps=1e-05, elementwise_affine=True)
        (activation_dropout_module): FairseqDropout()
        (self_attn_layer_norm): LayerNorm((768,), eps=1e-05, elementwise_affine=True)
        (encoder_attn): MultiheadAttention(
          (dropout_module): FairseqDropout()
          (k_proj): Linear(in_features=768, out_features=768, bias=True)
          (v_proj): Linear(in_features=768, out_features=768, bias=True)
          (q_proj): Linear(in_features=768, out_features=768, bias=True)
          (out_proj): Linear(in_features=768, out_features=768, bias=True)
        )
        (encoder_attn_layer_norm): LayerNorm((768,), eps=1e-05, elementwise_affine=True)
        (ffn_layernorm): LayerNorm((3072,), eps=1e-05, elementwise_affine=True)
        (fc1): Linear(in_features=768, out_features=3072, bias=True)
        (fc2): Linear(in_features=3072, out_features=768, bias=True)
        (final_layer_norm): LayerNorm((768,), eps=1e-05, elementwise_affine=True)
        (drop_path): Identity()
      )
      (1): TransformerDecoderLayer(
        (dropout_module): FairseqDropout()
        (self_attn): MultiheadAttention(
          (dropout_module): FairseqDropout()
          (k_proj): Linear(in_features=768, out_features=768, bias=True)
          (v_proj): Linear(in_features=768, out_features=768, bias=True)
          (q_proj): Linear(in_features=768, out_features=768, bias=True)
          (out_proj): Linear(in_features=768, out_features=768, bias=True)
        )
        (self_attn_ln): LayerNorm((768,), eps=1e-05, elementwise_affine=True)
        (cross_attn_ln): LayerNorm((768,), eps=1e-05, elementwise_affine=True)
        (activation_dropout_module): FairseqDropout()
        (self_attn_layer_norm): LayerNorm((768,), eps=1e-05, elementwise_affine=True)
        (encoder_attn): MultiheadAttention(
          (dropout_module): FairseqDropout()
          (k_proj): Linear(in_features=768, out_features=768, bias=True)
          (v_proj): Linear(in_features=768, out_features=768, bias=True)
          (q_proj): Linear(in_features=768, out_features=768, bias=True)
          (out_proj): Linear(in_features=768, out_features=768, bias=True)
        )
        (encoder_attn_layer_norm): LayerNorm((768,), eps=1e-05, elementwise_affine=True)
        (ffn_layernorm): LayerNorm((3072,), eps=1e-05, elementwise_affine=True)
        (fc1): Linear(in_features=768, out_features=3072, bias=True)
        (fc2): Linear(in_features=3072, out_features=768, bias=True)
        (final_layer_norm): LayerNorm((768,), eps=1e-05, elementwise_affine=True)
        (drop_path): Identity()
      )
      (2): TransformerDecoderLayer(
        (dropout_module): FairseqDropout()
        (self_attn): MultiheadAttention(
          (dropout_module): FairseqDropout()
          (k_proj): Linear(in_features=768, out_features=768, bias=True)
          (v_proj): Linear(in_features=768, out_features=768, bias=True)
          (q_proj): Linear(in_features=768, out_features=768, bias=True)
          (out_proj): Linear(in_features=768, out_features=768, bias=True)
        )
        (self_attn_ln): LayerNorm((768,), eps=1e-05, elementwise_affine=True)
        (cross_attn_ln): LayerNorm((768,), eps=1e-05, elementwise_affine=True)
        (activation_dropout_module): FairseqDropout()
        (self_attn_layer_norm): LayerNorm((768,), eps=1e-05, elementwise_affine=True)
        (encoder_attn): MultiheadAttention(
          (dropout_module): FairseqDropout()
          (k_proj): Linear(in_features=768, out_features=768, bias=True)
          (v_proj): Linear(in_features=768, out_features=768, bias=True)
          (q_proj): Linear(in_features=768, out_features=768, bias=True)
          (out_proj): Linear(in_features=768, out_features=768, bias=True)
        )
        (encoder_attn_layer_norm): LayerNorm((768,), eps=1e-05, elementwise_affine=True)
        (ffn_layernorm): LayerNorm((3072,), eps=1e-05, elementwise_affine=True)
        (fc1): Linear(in_features=768, out_features=3072, bias=True)
        (fc2): Linear(in_features=3072, out_features=768, bias=True)
        (final_layer_norm): LayerNorm((768,), eps=1e-05, elementwise_affine=True)
        (drop_path): Identity()
      )
      (3): TransformerDecoderLayer(
        (dropout_module): FairseqDropout()
        (self_attn): MultiheadAttention(
          (dropout_module): FairseqDropout()
          (k_proj): Linear(in_features=768, out_features=768, bias=True)
          (v_proj): Linear(in_features=768, out_features=768, bias=True)
          (q_proj): Linear(in_features=768, out_features=768, bias=True)
          (out_proj): Linear(in_features=768, out_features=768, bias=True)
        )
        (self_attn_ln): LayerNorm((768,), eps=1e-05, elementwise_affine=True)
        (cross_attn_ln): LayerNorm((768,), eps=1e-05, elementwise_affine=True)
        (activation_dropout_module): FairseqDropout()
        (self_attn_layer_norm): LayerNorm((768,), eps=1e-05, elementwise_affine=True)
        (encoder_attn): MultiheadAttention(
          (dropout_module): FairseqDropout()
          (k_proj): Linear(in_features=768, out_features=768, bias=True)
          (v_proj): Linear(in_features=768, out_features=768, bias=True)
          (q_proj): Linear(in_features=768, out_features=768, bias=True)
          (out_proj): Linear(in_features=768, out_features=768, bias=True)
        )
        (encoder_attn_layer_norm): LayerNorm((768,), eps=1e-05, elementwise_affine=True)
        (ffn_layernorm): LayerNorm((3072,), eps=1e-05, elementwise_affine=True)
        (fc1): Linear(in_features=768, out_features=3072, bias=True)
        (fc2): Linear(in_features=3072, out_features=768, bias=True)
        (final_layer_norm): LayerNorm((768,), eps=1e-05, elementwise_affine=True)
        (drop_path): Identity()
      )
      (4): TransformerDecoderLayer(
        (dropout_module): FairseqDropout()
        (self_attn): MultiheadAttention(
          (dropout_module): FairseqDropout()
          (k_proj): Linear(in_features=768, out_features=768, bias=True)
          (v_proj): Linear(in_features=768, out_features=768, bias=True)
          (q_proj): Linear(in_features=768, out_features=768, bias=True)
          (out_proj): Linear(in_features=768, out_features=768, bias=True)
        )
        (self_attn_ln): LayerNorm((768,), eps=1e-05, elementwise_affine=True)
        (cross_attn_ln): LayerNorm((768,), eps=1e-05, elementwise_affine=True)
        (activation_dropout_module): FairseqDropout()
        (self_attn_layer_norm): LayerNorm((768,), eps=1e-05, elementwise_affine=True)
        (encoder_attn): MultiheadAttention(
          (dropout_module): FairseqDropout()
          (k_proj): Linear(in_features=768, out_features=768, bias=True)
          (v_proj): Linear(in_features=768, out_features=768, bias=True)
          (q_proj): Linear(in_features=768, out_features=768, bias=True)
          (out_proj): Linear(in_features=768, out_features=768, bias=True)
        )
        (encoder_attn_layer_norm): LayerNorm((768,), eps=1e-05, elementwise_affine=True)
        (ffn_layernorm): LayerNorm((3072,), eps=1e-05, elementwise_affine=True)
        (fc1): Linear(in_features=768, out_features=3072, bias=True)
        (fc2): Linear(in_features=3072, out_features=768, bias=True)
        (final_layer_norm): LayerNorm((768,), eps=1e-05, elementwise_affine=True)
        (drop_path): Identity()
      )
      (5): TransformerDecoderLayer(
        (dropout_module): FairseqDropout()
        (self_attn): MultiheadAttention(
          (dropout_module): FairseqDropout()
          (k_proj): Linear(in_features=768, out_features=768, bias=True)
          (v_proj): Linear(in_features=768, out_features=768, bias=True)
          (q_proj): Linear(in_features=768, out_features=768, bias=True)
          (out_proj): Linear(in_features=768, out_features=768, bias=True)
        )
        (self_attn_ln): LayerNorm((768,), eps=1e-05, elementwise_affine=True)
        (cross_attn_ln): LayerNorm((768,), eps=1e-05, elementwise_affine=True)
        (activation_dropout_module): FairseqDropout()
        (self_attn_layer_norm): LayerNorm((768,), eps=1e-05, elementwise_affine=True)
        (encoder_attn): MultiheadAttention(
          (dropout_module): FairseqDropout()
          (k_proj): Linear(in_features=768, out_features=768, bias=True)
          (v_proj): Linear(in_features=768, out_features=768, bias=True)
          (q_proj): Linear(in_features=768, out_features=768, bias=True)
          (out_proj): Linear(in_features=768, out_features=768, bias=True)
        )
        (encoder_attn_layer_norm): LayerNorm((768,), eps=1e-05, elementwise_affine=True)
        (ffn_layernorm): LayerNorm((3072,), eps=1e-05, elementwise_affine=True)
        (fc1): Linear(in_features=768, out_features=3072, bias=True)
        (fc2): Linear(in_features=3072, out_features=768, bias=True)
        (final_layer_norm): LayerNorm((768,), eps=1e-05, elementwise_affine=True)
        (drop_path): Identity()
      )
    )
    (layer_norm): LayerNorm((768,), eps=1e-05, elementwise_affine=True)
    (output_projection): Linear(in_features=768, out_features=59457, bias=False)
    (token_rel_pos_table_list): ModuleList(
      (0): Embedding(511, 12)
      (1): Embedding(511, 12)
      (2): Embedding(511, 12)
      (3): Embedding(511, 12)
      (4): Embedding(511, 12)
      (5): Embedding(511, 12)
    )
    (image_rel_pos_table_list): ModuleList(
      (0): Embedding(6892, 12)
      (1): Embedding(6892, 12)
      (2): Embedding(6892, 12)
      (3): Embedding(6892, 12)
      (4): Embedding(6892, 12)
      (5): Embedding(6892, 12)
    )
  )
  (classification_heads): ModuleDict()
)
2024-11-07 13:35:16 - train.py[line:111] - INFO: task: CaptionTask
2024-11-07 13:35:16 - train.py[line:112] - INFO: model: OFAModel
2024-11-07 13:35:16 - train.py[line:113] - INFO: criterion: ScstRewardCriterion
2024-11-07 13:35:16 - train.py[line:114] - INFO: num. shared model params: 182,238,536 (num. trained: 136,575,560)
2024-11-07 13:35:16 - train.py[line:121] - INFO: num. expert model params: 0 (num. trained: 0)
local datafile /data/datasets/EC_pretraining/OFA/dataset/caption/caption_data/caption_val.tsv slice_id 0 begin to initialize row_count and line_idx-to-offset mapping
local datafile /data/datasets/EC_pretraining/OFA/dataset/caption/caption_data/caption_val.tsv slice_id 2 begin to initialize row_count and line_idx-to-offset mapping
local datafile /data/datasets/EC_pretraining/OFA/dataset/caption/caption_data/caption_val.tsv slice_id 3 finished initializing row_count and line_idx-to-offset mapping
file /data/datasets/EC_pretraining/OFA/dataset/caption/caption_data/caption_val.tsv slice_id 3 row count 1250 total row count 5000
/home/grads/mogunleye/.conda/envs/ofa1/lib/python3.9/site-packages/torchvision/transforms/transforms.py:329: UserWarning: Argument 'interpolation' of type int is deprecated since 0.13 and will be removed in 0.15. Please use InterpolationMode enum.
  warnings.warn(
local datafile /data/datasets/EC_pretraining/OFA/dataset/caption/caption_data/caption_val.tsv slice_id 0 finished initializing row_count and line_idx-to-offset mapping
file /data/datasets/EC_pretraining/OFA/dataset/caption/caption_data/caption_val.tsv slice_id 0 row count 1250 total row count 5000
/home/grads/mogunleye/.conda/envs/ofa1/lib/python3.9/site-packages/torchvision/transforms/transforms.py:329: UserWarning: Argument 'interpolation' of type int is deprecated since 0.13 and will be removed in 0.15. Please use InterpolationMode enum.
  warnings.warn(
local datafile /data/datasets/EC_pretraining/OFA/dataset/caption/caption_data/caption_val.tsv slice_id 2 finished initializing row_count and line_idx-to-offset mapping
file /data/datasets/EC_pretraining/OFA/dataset/caption/caption_data/caption_val.tsv slice_id 2 row count 1250 total row count 5000
/home/grads/mogunleye/.conda/envs/ofa1/lib/python3.9/site-packages/torchvision/transforms/transforms.py:329: UserWarning: Argument 'interpolation' of type int is deprecated since 0.13 and will be removed in 0.15. Please use InterpolationMode enum.
  warnings.warn(
2024-11-07 13:35:16 - distributed_c10d.py[line:319] - INFO: Added key: store_based_barrier_key:2 to store for rank: 0
2024-11-07 13:35:16 - distributed_c10d.py[line:353] - INFO: Rank 0: Completed store-based barrier for key:store_based_barrier_key:2 with 4 nodes.
2024-11-07 13:35:16 - trainer.py[line:123] - INFO: detected shared parameter: encoder.embed_tokens.weight <- decoder.embed_tokens.weight
2024-11-07 13:35:16 - trainer.py[line:123] - INFO: detected shared parameter: encoder.embed_tokens.weight <- decoder.output_projection.weight
2024-11-07 13:35:16 - trainer.py[line:123] - INFO: detected shared parameter: encoder.embed_images.conv1.bias <- encoder.embed_images.layer1.0.conv1.bias
2024-11-07 13:35:16 - trainer.py[line:123] - INFO: detected shared parameter: encoder.embed_images.conv1.bias <- encoder.embed_images.layer1.0.conv2.bias
2024-11-07 13:35:16 - trainer.py[line:123] - INFO: detected shared parameter: encoder.embed_images.conv1.bias <- encoder.embed_images.layer1.0.conv3.bias
2024-11-07 13:35:16 - trainer.py[line:123] - INFO: detected shared parameter: encoder.embed_images.conv1.bias <- encoder.embed_images.layer1.0.downsample.0.bias
2024-11-07 13:35:16 - trainer.py[line:123] - INFO: detected shared parameter: encoder.embed_images.conv1.bias <- encoder.embed_images.layer1.1.conv1.bias
2024-11-07 13:35:16 - trainer.py[line:123] - INFO: detected shared parameter: encoder.embed_images.conv1.bias <- encoder.embed_images.layer1.1.conv2.bias
2024-11-07 13:35:16 - trainer.py[line:123] - INFO: detected shared parameter: encoder.embed_images.conv1.bias <- encoder.embed_images.layer1.1.conv3.bias
2024-11-07 13:35:16 - trainer.py[line:123] - INFO: detected shared parameter: encoder.embed_images.conv1.bias <- encoder.embed_images.layer1.2.conv1.bias
2024-11-07 13:35:16 - trainer.py[line:123] - INFO: detected shared parameter: encoder.embed_images.conv1.bias <- encoder.embed_images.layer1.2.conv2.bias
2024-11-07 13:35:16 - trainer.py[line:123] - INFO: detected shared parameter: encoder.embed_images.conv1.bias <- encoder.embed_images.layer1.2.conv3.bias
2024-11-07 13:35:16 - trainer.py[line:123] - INFO: detected shared parameter: encoder.embed_images.conv1.bias <- encoder.embed_images.layer2.0.conv1.bias
2024-11-07 13:35:16 - trainer.py[line:123] - INFO: detected shared parameter: encoder.embed_images.conv1.bias <- encoder.embed_images.layer2.0.conv2.bias
2024-11-07 13:35:16 - trainer.py[line:123] - INFO: detected shared parameter: encoder.embed_images.conv1.bias <- encoder.embed_images.layer2.0.conv3.bias
2024-11-07 13:35:16 - trainer.py[line:123] - INFO: detected shared parameter: encoder.embed_images.conv1.bias <- encoder.embed_images.layer2.0.downsample.0.bias
2024-11-07 13:35:16 - trainer.py[line:123] - INFO: detected shared parameter: encoder.embed_images.conv1.bias <- encoder.embed_images.layer2.1.conv1.bias
2024-11-07 13:35:16 - trainer.py[line:123] - INFO: detected shared parameter: encoder.embed_images.conv1.bias <- encoder.embed_images.layer2.1.conv2.bias
2024-11-07 13:35:16 - trainer.py[line:123] - INFO: detected shared parameter: encoder.embed_images.conv1.bias <- encoder.embed_images.layer2.1.conv3.bias
2024-11-07 13:35:16 - trainer.py[line:123] - INFO: detected shared parameter: encoder.embed_images.conv1.bias <- encoder.embed_images.layer2.2.conv1.bias
2024-11-07 13:35:16 - trainer.py[line:123] - INFO: detected shared parameter: encoder.embed_images.conv1.bias <- encoder.embed_images.layer2.2.conv2.bias
2024-11-07 13:35:16 - trainer.py[line:123] - INFO: detected shared parameter: encoder.embed_images.conv1.bias <- encoder.embed_images.layer2.2.conv3.bias
2024-11-07 13:35:16 - trainer.py[line:123] - INFO: detected shared parameter: encoder.embed_images.conv1.bias <- encoder.embed_images.layer2.3.conv1.bias
2024-11-07 13:35:16 - trainer.py[line:123] - INFO: detected shared parameter: encoder.embed_images.conv1.bias <- encoder.embed_images.layer2.3.conv2.bias
2024-11-07 13:35:16 - trainer.py[line:123] - INFO: detected shared parameter: encoder.embed_images.conv1.bias <- encoder.embed_images.layer2.3.conv3.bias
2024-11-07 13:35:16 - trainer.py[line:123] - INFO: detected shared parameter: encoder.embed_images.conv1.bias <- encoder.embed_images.layer3.0.conv1.bias
2024-11-07 13:35:16 - trainer.py[line:123] - INFO: detected shared parameter: encoder.embed_images.conv1.bias <- encoder.embed_images.layer3.0.conv2.bias
2024-11-07 13:35:16 - trainer.py[line:123] - INFO: detected shared parameter: encoder.embed_images.conv1.bias <- encoder.embed_images.layer3.0.conv3.bias
2024-11-07 13:35:16 - trainer.py[line:123] - INFO: detected shared parameter: encoder.embed_images.conv1.bias <- encoder.embed_images.layer3.0.downsample.0.bias
2024-11-07 13:35:16 - trainer.py[line:123] - INFO: detected shared parameter: encoder.embed_images.conv1.bias <- encoder.embed_images.layer3.1.conv1.bias
2024-11-07 13:35:16 - trainer.py[line:123] - INFO: detected shared parameter: encoder.embed_images.conv1.bias <- encoder.embed_images.layer3.1.conv2.bias
2024-11-07 13:35:16 - trainer.py[line:123] - INFO: detected shared parameter: encoder.embed_images.conv1.bias <- encoder.embed_images.layer3.1.conv3.bias
2024-11-07 13:35:16 - trainer.py[line:123] - INFO: detected shared parameter: encoder.embed_images.conv1.bias <- encoder.embed_images.layer3.2.conv1.bias
2024-11-07 13:35:16 - trainer.py[line:123] - INFO: detected shared parameter: encoder.embed_images.conv1.bias <- encoder.embed_images.layer3.2.conv2.bias
2024-11-07 13:35:16 - trainer.py[line:123] - INFO: detected shared parameter: encoder.embed_images.conv1.bias <- encoder.embed_images.layer3.2.conv3.bias
2024-11-07 13:35:16 - trainer.py[line:123] - INFO: detected shared parameter: encoder.embed_images.conv1.bias <- encoder.embed_images.layer3.3.conv1.bias
2024-11-07 13:35:16 - trainer.py[line:123] - INFO: detected shared parameter: encoder.embed_images.conv1.bias <- encoder.embed_images.layer3.3.conv2.bias
2024-11-07 13:35:16 - trainer.py[line:123] - INFO: detected shared parameter: encoder.embed_images.conv1.bias <- encoder.embed_images.layer3.3.conv3.bias
2024-11-07 13:35:16 - trainer.py[line:123] - INFO: detected shared parameter: encoder.embed_images.conv1.bias <- encoder.embed_images.layer3.4.conv1.bias
2024-11-07 13:35:16 - trainer.py[line:123] - INFO: detected shared parameter: encoder.embed_images.conv1.bias <- encoder.embed_images.layer3.4.conv2.bias
2024-11-07 13:35:16 - trainer.py[line:123] - INFO: detected shared parameter: encoder.embed_images.conv1.bias <- encoder.embed_images.layer3.4.conv3.bias
2024-11-07 13:35:16 - trainer.py[line:123] - INFO: detected shared parameter: encoder.embed_images.conv1.bias <- encoder.embed_images.layer3.5.conv1.bias
2024-11-07 13:35:16 - trainer.py[line:123] - INFO: detected shared parameter: encoder.embed_images.conv1.bias <- encoder.embed_images.layer3.5.conv2.bias
2024-11-07 13:35:16 - trainer.py[line:123] - INFO: detected shared parameter: encoder.embed_images.conv1.bias <- encoder.embed_images.layer3.5.conv3.bias
2024-11-07 13:35:16 - trainer.py[line:123] - INFO: detected shared parameter: encoder.embed_images.conv1.bias <- encoder.embed_images.layer3.6.conv1.bias
2024-11-07 13:35:16 - trainer.py[line:123] - INFO: detected shared parameter: encoder.embed_images.conv1.bias <- encoder.embed_images.layer3.6.conv2.bias
2024-11-07 13:35:16 - trainer.py[line:123] - INFO: detected shared parameter: encoder.embed_images.conv1.bias <- encoder.embed_images.layer3.6.conv3.bias
2024-11-07 13:35:16 - trainer.py[line:123] - INFO: detected shared parameter: encoder.embed_images.conv1.bias <- encoder.embed_images.layer3.7.conv1.bias
2024-11-07 13:35:16 - trainer.py[line:123] - INFO: detected shared parameter: encoder.embed_images.conv1.bias <- encoder.embed_images.layer3.7.conv2.bias
2024-11-07 13:35:16 - trainer.py[line:123] - INFO: detected shared parameter: encoder.embed_images.conv1.bias <- encoder.embed_images.layer3.7.conv3.bias
2024-11-07 13:35:16 - trainer.py[line:123] - INFO: detected shared parameter: encoder.embed_images.conv1.bias <- encoder.embed_images.layer3.8.conv1.bias
2024-11-07 13:35:16 - trainer.py[line:123] - INFO: detected shared parameter: encoder.embed_images.conv1.bias <- encoder.embed_images.layer3.8.conv2.bias
2024-11-07 13:35:16 - trainer.py[line:123] - INFO: detected shared parameter: encoder.embed_images.conv1.bias <- encoder.embed_images.layer3.8.conv3.bias
2024-11-07 13:35:16 - trainer.py[line:123] - INFO: detected shared parameter: encoder.embed_images.conv1.bias <- encoder.embed_images.layer3.9.conv1.bias
2024-11-07 13:35:16 - trainer.py[line:123] - INFO: detected shared parameter: encoder.embed_images.conv1.bias <- encoder.embed_images.layer3.9.conv2.bias
2024-11-07 13:35:16 - trainer.py[line:123] - INFO: detected shared parameter: encoder.embed_images.conv1.bias <- encoder.embed_images.layer3.9.conv3.bias
2024-11-07 13:35:16 - trainer.py[line:123] - INFO: detected shared parameter: encoder.embed_images.conv1.bias <- encoder.embed_images.layer3.10.conv1.bias
2024-11-07 13:35:16 - trainer.py[line:123] - INFO: detected shared parameter: encoder.embed_images.conv1.bias <- encoder.embed_images.layer3.10.conv2.bias
2024-11-07 13:35:16 - trainer.py[line:123] - INFO: detected shared parameter: encoder.embed_images.conv1.bias <- encoder.embed_images.layer3.10.conv3.bias
2024-11-07 13:35:16 - trainer.py[line:123] - INFO: detected shared parameter: encoder.embed_images.conv1.bias <- encoder.embed_images.layer3.11.conv1.bias
2024-11-07 13:35:16 - trainer.py[line:123] - INFO: detected shared parameter: encoder.embed_images.conv1.bias <- encoder.embed_images.layer3.11.conv2.bias
2024-11-07 13:35:16 - trainer.py[line:123] - INFO: detected shared parameter: encoder.embed_images.conv1.bias <- encoder.embed_images.layer3.11.conv3.bias
2024-11-07 13:35:16 - trainer.py[line:123] - INFO: detected shared parameter: encoder.embed_images.conv1.bias <- encoder.embed_images.layer3.12.conv1.bias
2024-11-07 13:35:16 - trainer.py[line:123] - INFO: detected shared parameter: encoder.embed_images.conv1.bias <- encoder.embed_images.layer3.12.conv2.bias
2024-11-07 13:35:16 - trainer.py[line:123] - INFO: detected shared parameter: encoder.embed_images.conv1.bias <- encoder.embed_images.layer3.12.conv3.bias
2024-11-07 13:35:16 - trainer.py[line:123] - INFO: detected shared parameter: encoder.embed_images.conv1.bias <- encoder.embed_images.layer3.13.conv1.bias
2024-11-07 13:35:16 - trainer.py[line:123] - INFO: detected shared parameter: encoder.embed_images.conv1.bias <- encoder.embed_images.layer3.13.conv2.bias
2024-11-07 13:35:16 - trainer.py[line:123] - INFO: detected shared parameter: encoder.embed_images.conv1.bias <- encoder.embed_images.layer3.13.conv3.bias
2024-11-07 13:35:16 - trainer.py[line:123] - INFO: detected shared parameter: encoder.embed_images.conv1.bias <- encoder.embed_images.layer3.14.conv1.bias
2024-11-07 13:35:16 - trainer.py[line:123] - INFO: detected shared parameter: encoder.embed_images.conv1.bias <- encoder.embed_images.layer3.14.conv2.bias
2024-11-07 13:35:16 - trainer.py[line:123] - INFO: detected shared parameter: encoder.embed_images.conv1.bias <- encoder.embed_images.layer3.14.conv3.bias
2024-11-07 13:35:16 - trainer.py[line:123] - INFO: detected shared parameter: encoder.embed_images.conv1.bias <- encoder.embed_images.layer3.15.conv1.bias
2024-11-07 13:35:16 - trainer.py[line:123] - INFO: detected shared parameter: encoder.embed_images.conv1.bias <- encoder.embed_images.layer3.15.conv2.bias
2024-11-07 13:35:16 - trainer.py[line:123] - INFO: detected shared parameter: encoder.embed_images.conv1.bias <- encoder.embed_images.layer3.15.conv3.bias
2024-11-07 13:35:16 - trainer.py[line:123] - INFO: detected shared parameter: encoder.embed_images.conv1.bias <- encoder.embed_images.layer3.16.conv1.bias
2024-11-07 13:35:16 - trainer.py[line:123] - INFO: detected shared parameter: encoder.embed_images.conv1.bias <- encoder.embed_images.layer3.16.conv2.bias
2024-11-07 13:35:16 - trainer.py[line:123] - INFO: detected shared parameter: encoder.embed_images.conv1.bias <- encoder.embed_images.layer3.16.conv3.bias
2024-11-07 13:35:16 - trainer.py[line:123] - INFO: detected shared parameter: encoder.embed_images.conv1.bias <- encoder.embed_images.layer3.17.conv1.bias
2024-11-07 13:35:16 - trainer.py[line:123] - INFO: detected shared parameter: encoder.embed_images.conv1.bias <- encoder.embed_images.layer3.17.conv2.bias
2024-11-07 13:35:16 - trainer.py[line:123] - INFO: detected shared parameter: encoder.embed_images.conv1.bias <- encoder.embed_images.layer3.17.conv3.bias
2024-11-07 13:35:16 - trainer.py[line:123] - INFO: detected shared parameter: encoder.embed_images.conv1.bias <- encoder.embed_images.layer3.18.conv1.bias
2024-11-07 13:35:16 - trainer.py[line:123] - INFO: detected shared parameter: encoder.embed_images.conv1.bias <- encoder.embed_images.layer3.18.conv2.bias
2024-11-07 13:35:16 - trainer.py[line:123] - INFO: detected shared parameter: encoder.embed_images.conv1.bias <- encoder.embed_images.layer3.18.conv3.bias
2024-11-07 13:35:16 - trainer.py[line:123] - INFO: detected shared parameter: encoder.embed_images.conv1.bias <- encoder.embed_images.layer3.19.conv1.bias
2024-11-07 13:35:16 - trainer.py[line:123] - INFO: detected shared parameter: encoder.embed_images.conv1.bias <- encoder.embed_images.layer3.19.conv2.bias
2024-11-07 13:35:16 - trainer.py[line:123] - INFO: detected shared parameter: encoder.embed_images.conv1.bias <- encoder.embed_images.layer3.19.conv3.bias
2024-11-07 13:35:16 - trainer.py[line:123] - INFO: detected shared parameter: encoder.embed_images.conv1.bias <- encoder.embed_images.layer3.20.conv1.bias
2024-11-07 13:35:16 - trainer.py[line:123] - INFO: detected shared parameter: encoder.embed_images.conv1.bias <- encoder.embed_images.layer3.20.conv2.bias
2024-11-07 13:35:16 - trainer.py[line:123] - INFO: detected shared parameter: encoder.embed_images.conv1.bias <- encoder.embed_images.layer3.20.conv3.bias
2024-11-07 13:35:16 - trainer.py[line:123] - INFO: detected shared parameter: encoder.embed_images.conv1.bias <- encoder.embed_images.layer3.21.conv1.bias
2024-11-07 13:35:16 - trainer.py[line:123] - INFO: detected shared parameter: encoder.embed_images.conv1.bias <- encoder.embed_images.layer3.21.conv2.bias
2024-11-07 13:35:16 - trainer.py[line:123] - INFO: detected shared parameter: encoder.embed_images.conv1.bias <- encoder.embed_images.layer3.21.conv3.bias
2024-11-07 13:35:16 - trainer.py[line:123] - INFO: detected shared parameter: encoder.embed_images.conv1.bias <- encoder.embed_images.layer3.22.conv1.bias
2024-11-07 13:35:16 - trainer.py[line:123] - INFO: detected shared parameter: encoder.embed_images.conv1.bias <- encoder.embed_images.layer3.22.conv2.bias
2024-11-07 13:35:16 - trainer.py[line:123] - INFO: detected shared parameter: encoder.embed_images.conv1.bias <- encoder.embed_images.layer3.22.conv3.bias
2024-11-07 13:35:16 - trainer.py[line:123] - INFO: detected shared parameter: encoder.embed_images.conv1.bias <- decoder.output_projection.bias
2024-11-07 13:35:17 - utils.py[line:759] - INFO: ***********************CUDA enviroments for all 4 workers***********************
2024-11-07 13:35:17 - utils.py[line:761] - INFO: rank   0: capabilities =  8.6  ; total memory = 44.349 GB ; name = NVIDIA A40                              
2024-11-07 13:35:17 - utils.py[line:761] - INFO: rank   1: capabilities =  8.6  ; total memory = 44.349 GB ; name = NVIDIA A40                              
2024-11-07 13:35:17 - utils.py[line:761] - INFO: rank   2: capabilities =  8.6  ; total memory = 44.349 GB ; name = NVIDIA A40                              
2024-11-07 13:35:17 - utils.py[line:761] - INFO: rank   3: capabilities =  8.6  ; total memory = 44.349 GB ; name = NVIDIA A40                              
2024-11-07 13:35:17 - utils.py[line:767] - INFO: ***********************CUDA enviroments for all 4 workers***********************
2024-11-07 13:35:17 - train.py[line:152] - INFO: training on 4 devices (GPUs/TPUs)
2024-11-07 13:35:17 - train.py[line:157] - INFO: max tokens per device = None and max sentences per device = 2
2024-11-07 13:35:17 - trainer.py[line:458] - INFO: Preparing to load checkpoint /home/grads/mogunleye/Research/EC_pretraining/OFA/run_scripts/caption/stage1_checkpoints/nl/2_0.06_2500/checkpoint_best.pt
local datafile /data/datasets/EC_pretraining/OFA/dataset/caption/caption_data/caption_stage2_train.tsv slice_id 2 begin to initialize row_count and line_idx-to-offset mapping
local datafile /data/datasets/EC_pretraining/OFA/dataset/caption/caption_data/caption_stage2_train.tsv slice_id 3 begin to initialize row_count and line_idx-to-offset mapping
local datafile /data/datasets/EC_pretraining/OFA/dataset/caption/caption_data/caption_stage2_train.tsv slice_id 1 begin to initialize row_count and line_idx-to-offset mapping
2024-11-07 13:35:26 - trainer.py[line:617] - INFO: Loaded checkpoint /home/grads/mogunleye/Research/EC_pretraining/OFA/run_scripts/caption/stage1_checkpoints/nl/2_0.06_2500/checkpoint_best.pt (epoch 2 @ 0 updates)
2024-11-07 13:35:26 - trainer.py[line:639] - INFO: loading train data for epoch 1
local datafile /data/datasets/EC_pretraining/OFA/dataset/caption/caption_data/caption_stage2_train.tsv slice_id 0 begin to initialize row_count and line_idx-to-offset mapping
local datafile /data/datasets/EC_pretraining/OFA/dataset/caption/caption_data/caption_stage2_train.tsv slice_id 3 finished initializing row_count and line_idx-to-offset mapping
file /data/datasets/EC_pretraining/OFA/dataset/caption/caption_data/caption_stage2_train.tsv slice_id 3 row count 28321 total row count 113287
local datafile /data/datasets/EC_pretraining/OFA/dataset/caption/caption_data/caption_stage2_train.tsv slice_id 2 finished initializing row_count and line_idx-to-offset mapping
file /data/datasets/EC_pretraining/OFA/dataset/caption/caption_data/caption_stage2_train.tsv slice_id 2 row count 28322 total row count 113287
local datafile /data/datasets/EC_pretraining/OFA/dataset/caption/caption_data/caption_stage2_train.tsv slice_id 1 finished initializing row_count and line_idx-to-offset mapping
file /data/datasets/EC_pretraining/OFA/dataset/caption/caption_data/caption_stage2_train.tsv slice_id 1 row count 28322 total row count 113287
slice_id 3 seek offset 84966
Total steps 10623, warmup steps 637, warmup_factor 0.0015698587127158557
slice_id 2 seek offset 56644
Total steps 10623, warmup steps 637, warmup_factor 0.0015698587127158557
slice_id 1 seek offset 28322
Total steps 10623, warmup steps 637, warmup_factor 0.0015698587127158557
local datafile /data/datasets/EC_pretraining/OFA/dataset/caption/caption_data/caption_stage2_train.tsv slice_id 0 finished initializing row_count and line_idx-to-offset mapping
file /data/datasets/EC_pretraining/OFA/dataset/caption/caption_data/caption_stage2_train.tsv slice_id 0 row count 28322 total row count 113287
slice_id 0 seek offset 0
Total steps 10623, warmup steps 637, warmup_factor 0.0015698587127158557
2024-11-07 13:35:31 - trainer.py[line:703] - INFO: begin training epoch 1
2024-11-07 13:35:31 - train.py[line:305] - INFO: Start iterating over samples
/home/grads/mogunleye/Research/EC_pretraining/OFA/fairseq/fairseq/utils.py:372: UserWarning: amp_C fused kernels unavailable, disabling multi_tensor_l2norm; you may get better performance by installing NVIDIA's apex library
  warnings.warn(
/home/grads/mogunleye/Research/EC_pretraining/OFA/fairseq/fairseq/utils.py:372: UserWarning: amp_C fused kernels unavailable, disabling multi_tensor_l2norm; you may get better performance by installing NVIDIA's apex library
  warnings.warn(
/home/grads/mogunleye/Research/EC_pretraining/OFA/fairseq/fairseq/utils.py:372: UserWarning: amp_C fused kernels unavailable, disabling multi_tensor_l2norm; you may get better performance by installing NVIDIA's apex library
  warnings.warn(
/home/grads/mogunleye/Research/EC_pretraining/OFA/fairseq/fairseq/utils.py:372: UserWarning: amp_C fused kernels unavailable, disabling multi_tensor_l2norm; you may get better performance by installing NVIDIA's apex library
  warnings.warn(
2024-11-07 13:36:42 - progress_bar.py[line:272] - INFO: epoch 001:     10 / 3541 loss=-0.004, score=0.976, ntokens=1736, nsentences=160, sample_size=1736, wps=271.2, ups=0.16, wpb=1736, bsz=160, num_updates=10, lr=1.56986e-07, gnorm=0.219, clip=0, loss_scale=128, train_wall=70, gb_free=33.4, wall=85
2024-11-07 13:37:45 - progress_bar.py[line:272] - INFO: epoch 001:     20 / 3541 loss=-0.004, score=0.942, ntokens=1718.3, nsentences=160, sample_size=1718.3, wps=274.9, ups=0.16, wpb=1718.3, bsz=160, num_updates=20, lr=3.13972e-07, gnorm=0.176, clip=0, loss_scale=128, train_wall=62, gb_free=33.4, wall=147
2024-11-07 13:38:48 - progress_bar.py[line:272] - INFO: epoch 001:     30 / 3541 loss=-0.005, score=0.925, ntokens=1722, nsentences=160, sample_size=1722, wps=269.5, ups=0.16, wpb=1722, bsz=160, num_updates=30, lr=4.70958e-07, gnorm=0.202, clip=0, loss_scale=128, train_wall=64, gb_free=33.4, wall=211
2024-11-07 13:39:52 - progress_bar.py[line:272] - INFO: epoch 001:     40 / 3541 loss=-0.003, score=0.903, ntokens=1728.2, nsentences=160, sample_size=1728.2, wps=272.5, ups=0.16, wpb=1728.2, bsz=160, num_updates=40, lr=6.27943e-07, gnorm=0.181, clip=0, loss_scale=128, train_wall=63, gb_free=33.4, wall=275
2024-11-07 13:40:54 - progress_bar.py[line:272] - INFO: epoch 001:     50 / 3541 loss=-0.005, score=0.97, ntokens=1721.4, nsentences=160, sample_size=1721.4, wps=276.3, ups=0.16, wpb=1721.4, bsz=160, num_updates=50, lr=7.84929e-07, gnorm=0.173, clip=0, loss_scale=128, train_wall=62, gb_free=33.4, wall=337
2024-11-07 13:41:55 - progress_bar.py[line:272] - INFO: epoch 001:     60 / 3541 loss=-0.003, score=0.932, ntokens=1718.3, nsentences=160, sample_size=1718.3, wps=283.5, ups=0.16, wpb=1718.3, bsz=160, num_updates=60, lr=9.41915e-07, gnorm=0.165, clip=0, loss_scale=128, train_wall=61, gb_free=33.4, wall=398
2024-11-07 13:42:58 - progress_bar.py[line:272] - INFO: epoch 001:     70 / 3541 loss=-0.003, score=0.913, ntokens=1731.9, nsentences=160, sample_size=1731.9, wps=274, ups=0.16, wpb=1731.9, bsz=160, num_updates=70, lr=1.0989e-06, gnorm=0.176, clip=0, loss_scale=128, train_wall=63, gb_free=33.4, wall=461
2024-11-07 13:44:01 - progress_bar.py[line:272] - INFO: epoch 001:     80 / 3541 loss=-0.006, score=1.011, ntokens=1716.7, nsentences=160, sample_size=1716.7, wps=273.4, ups=0.16, wpb=1716.7, bsz=160, num_updates=80, lr=1.25589e-06, gnorm=0.213, clip=0, loss_scale=128, train_wall=63, gb_free=33.5, wall=524
2024-11-07 13:45:04 - progress_bar.py[line:272] - INFO: epoch 001:     90 / 3541 loss=-0.004, score=1.042, ntokens=1717.6, nsentences=160, sample_size=1717.6, wps=270.1, ups=0.16, wpb=1717.6, bsz=160, num_updates=90, lr=1.41287e-06, gnorm=0.2, clip=0, loss_scale=128, train_wall=64, gb_free=33.4, wall=587
2024-11-07 13:46:06 - progress_bar.py[line:272] - INFO: epoch 001:    100 / 3541 loss=-0.005, score=0.997, ntokens=1723, nsentences=160, sample_size=1723, wps=279.5, ups=0.16, wpb=1723, bsz=160, num_updates=100, lr=1.56986e-06, gnorm=0.189, clip=0, loss_scale=128, train_wall=62, gb_free=33.5, wall=649
2024-11-07 13:47:07 - progress_bar.py[line:272] - INFO: epoch 001:    110 / 3541 loss=-0.007, score=0.984, ntokens=1710.2, nsentences=160, sample_size=1710.2, wps=278.2, ups=0.16, wpb=1710.2, bsz=160, num_updates=110, lr=1.72684e-06, gnorm=0.192, clip=0, loss_scale=128, train_wall=61, gb_free=33.4, wall=710
2024-11-07 13:48:09 - progress_bar.py[line:272] - INFO: epoch 001:    120 / 3541 loss=-0.003, score=0.961, ntokens=1717.3, nsentences=160, sample_size=1717.3, wps=281.4, ups=0.16, wpb=1717.3, bsz=160, num_updates=120, lr=1.88383e-06, gnorm=0.232, clip=0, loss_scale=128, train_wall=61, gb_free=33.4, wall=771
2024-11-07 13:49:09 - progress_bar.py[line:272] - INFO: epoch 001:    130 / 3541 loss=-0.005, score=0.975, ntokens=1717.1, nsentences=160, sample_size=1717.1, wps=282.2, ups=0.16, wpb=1717.1, bsz=160, num_updates=130, lr=2.04082e-06, gnorm=0.171, clip=0, loss_scale=128, train_wall=61, gb_free=33.4, wall=832
2024-11-07 13:50:11 - progress_bar.py[line:272] - INFO: epoch 001:    140 / 3541 loss=-0.004, score=0.938, ntokens=1726.8, nsentences=160, sample_size=1726.8, wps=280.7, ups=0.16, wpb=1726.8, bsz=160, num_updates=140, lr=2.1978e-06, gnorm=0.189, clip=0, loss_scale=128, train_wall=61, gb_free=33.4, wall=894
2024-11-07 13:51:13 - progress_bar.py[line:272] - INFO: epoch 001:    150 / 3541 loss=-0.004, score=0.961, ntokens=1722.7, nsentences=160, sample_size=1722.7, wps=279.7, ups=0.16, wpb=1722.7, bsz=160, num_updates=150, lr=2.35479e-06, gnorm=0.197, clip=0, loss_scale=128, train_wall=62, gb_free=33.5, wall=955
2024-11-07 13:52:15 - progress_bar.py[line:272] - INFO: epoch 001:    160 / 3541 loss=-0.006, score=0.911, ntokens=1726.7, nsentences=160, sample_size=1726.7, wps=274.6, ups=0.16, wpb=1726.7, bsz=160, num_updates=160, lr=2.51177e-06, gnorm=0.197, clip=0, loss_scale=128, train_wall=63, gb_free=33.4, wall=1018
2024-11-07 13:53:18 - progress_bar.py[line:272] - INFO: epoch 001:    170 / 3541 loss=-0.005, score=0.978, ntokens=1730.6, nsentences=160, sample_size=1730.6, wps=277.1, ups=0.16, wpb=1730.6, bsz=160, num_updates=170, lr=2.66876e-06, gnorm=0.182, clip=0, loss_scale=128, train_wall=62, gb_free=33.4, wall=1081
2024-11-07 13:54:22 - progress_bar.py[line:272] - INFO: epoch 001:    180 / 3541 loss=-0.006, score=0.991, ntokens=1723.9, nsentences=160, sample_size=1723.9, wps=270.8, ups=0.16, wpb=1723.9, bsz=160, num_updates=180, lr=2.82575e-06, gnorm=0.194, clip=0, loss_scale=128, train_wall=64, gb_free=33.4, wall=1144
2024-11-07 13:55:24 - progress_bar.py[line:272] - INFO: epoch 001:    190 / 3541 loss=-0.004, score=0.944, ntokens=1730.2, nsentences=160, sample_size=1730.2, wps=276.4, ups=0.16, wpb=1730.2, bsz=160, num_updates=190, lr=2.98273e-06, gnorm=0.183, clip=0, loss_scale=128, train_wall=63, gb_free=33.4, wall=1207
2024-11-07 13:56:25 - progress_bar.py[line:272] - INFO: epoch 001:    200 / 3541 loss=-0.005, score=0.948, ntokens=1723, nsentences=160, sample_size=1723, wps=284.5, ups=0.17, wpb=1723, bsz=160, num_updates=200, lr=3.13972e-06, gnorm=0.18, clip=0, loss_scale=128, train_wall=60, gb_free=33.4, wall=1267
2024-11-07 13:57:27 - progress_bar.py[line:272] - INFO: epoch 001:    210 / 3541 loss=-0.004, score=0.908, ntokens=1731.9, nsentences=160, sample_size=1731.9, wps=277.9, ups=0.16, wpb=1731.9, bsz=160, num_updates=210, lr=3.2967e-06, gnorm=0.17, clip=0, loss_scale=128, train_wall=62, gb_free=33.4, wall=1330
2024-11-07 13:58:29 - progress_bar.py[line:272] - INFO: epoch 001:    220 / 3541 loss=-0.006, score=0.935, ntokens=1725.7, nsentences=160, sample_size=1725.7, wps=277.6, ups=0.16, wpb=1725.7, bsz=160, num_updates=220, lr=3.45369e-06, gnorm=0.199, clip=0, loss_scale=128, train_wall=62, gb_free=33.4, wall=1392
2024-11-07 13:59:30 - progress_bar.py[line:272] - INFO: epoch 001:    230 / 3541 loss=-0.006, score=0.976, ntokens=1744.5, nsentences=160, sample_size=1744.5, wps=285.5, ups=0.16, wpb=1744.5, bsz=160, num_updates=230, lr=3.61068e-06, gnorm=0.188, clip=0, loss_scale=128, train_wall=61, gb_free=33.4, wall=1453
2024-11-07 14:00:31 - progress_bar.py[line:272] - INFO: epoch 001:    240 / 3541 loss=-0.007, score=0.947, ntokens=1723, nsentences=160, sample_size=1723, wps=284.7, ups=0.17, wpb=1723, bsz=160, num_updates=240, lr=3.76766e-06, gnorm=0.201, clip=0, loss_scale=128, train_wall=60, gb_free=33.4, wall=1514
2024-11-07 14:01:32 - progress_bar.py[line:272] - INFO: epoch 001:    250 / 3541 loss=-0.005, score=0.898, ntokens=1734.5, nsentences=160, sample_size=1734.5, wps=282.8, ups=0.16, wpb=1734.5, bsz=160, num_updates=250, lr=3.92465e-06, gnorm=0.202, clip=0, loss_scale=128, train_wall=61, gb_free=33.4, wall=1575
2024-11-07 14:02:35 - progress_bar.py[line:272] - INFO: epoch 001:    260 / 3541 loss=-0.006, score=0.982, ntokens=1720.6, nsentences=160, sample_size=1720.6, wps=275.8, ups=0.16, wpb=1720.6, bsz=160, num_updates=260, lr=4.08163e-06, gnorm=0.198, clip=0, loss_scale=128, train_wall=62, gb_free=33.4, wall=1637
2024-11-07 14:03:38 - progress_bar.py[line:272] - INFO: epoch 001:    270 / 3541 loss=-0.004, score=0.986, ntokens=1724.3, nsentences=160, sample_size=1724.3, wps=271.5, ups=0.16, wpb=1724.3, bsz=160, num_updates=270, lr=4.23862e-06, gnorm=0.184, clip=0, loss_scale=128, train_wall=63, gb_free=33.4, wall=1701
2024-11-07 14:04:40 - progress_bar.py[line:272] - INFO: epoch 001:    280 / 3541 loss=-0.005, score=0.9, ntokens=1731.4, nsentences=160, sample_size=1731.4, wps=277.8, ups=0.16, wpb=1731.4, bsz=160, num_updates=280, lr=4.3956e-06, gnorm=0.166, clip=0, loss_scale=128, train_wall=62, gb_free=33.4, wall=1763
2024-11-07 14:05:41 - progress_bar.py[line:272] - INFO: epoch 001:    290 / 3541 loss=-0.005, score=0.972, ntokens=1722.4, nsentences=160, sample_size=1722.4, wps=285.1, ups=0.17, wpb=1722.4, bsz=160, num_updates=290, lr=4.55259e-06, gnorm=0.189, clip=0, loss_scale=128, train_wall=60, gb_free=33.4, wall=1824
2024-11-07 14:06:30 - progress_bar.py[line:272] - INFO: epoch 001:    300 / 3541 loss=-0.008, score=1.039, ntokens=1718.8, nsentences=160, sample_size=1718.8, wps=351.1, ups=0.2, wpb=1718.8, bsz=160, num_updates=300, lr=4.70958e-06, gnorm=0.204, clip=0, loss_scale=128, train_wall=49, gb_free=33.4, wall=1873
2024-11-07 14:07:20 - progress_bar.py[line:272] - INFO: epoch 001:    310 / 3541 loss=-0.006, score=0.996, ntokens=1717.3, nsentences=160, sample_size=1717.3, wps=342.7, ups=0.2, wpb=1717.3, bsz=160, num_updates=310, lr=4.86656e-06, gnorm=0.183, clip=0, loss_scale=128, train_wall=50, gb_free=33.4, wall=1923
2024-11-07 14:08:10 - progress_bar.py[line:272] - INFO: epoch 001:    320 / 3541 loss=-0.005, score=0.981, ntokens=1722.3, nsentences=160, sample_size=1722.3, wps=344.8, ups=0.2, wpb=1722.3, bsz=160, num_updates=320, lr=5.02355e-06, gnorm=0.185, clip=0, loss_scale=128, train_wall=50, gb_free=33.4, wall=1973
2024-11-07 14:08:59 - progress_bar.py[line:272] - INFO: epoch 001:    330 / 3541 loss=-0.007, score=0.908, ntokens=1720.6, nsentences=160, sample_size=1720.6, wps=352.2, ups=0.2, wpb=1720.6, bsz=160, num_updates=330, lr=5.18053e-06, gnorm=0.188, clip=0, loss_scale=128, train_wall=49, gb_free=33.4, wall=2022
2024-11-07 14:09:49 - progress_bar.py[line:272] - INFO: epoch 001:    340 / 3541 loss=-0.004, score=0.936, ntokens=1742.9, nsentences=160, sample_size=1742.9, wps=345.3, ups=0.2, wpb=1742.9, bsz=160, num_updates=340, lr=5.33752e-06, gnorm=0.164, clip=0, loss_scale=128, train_wall=50, gb_free=33.4, wall=2072
2024-11-07 14:10:39 - progress_bar.py[line:272] - INFO: epoch 001:    350 / 3541 loss=-0.005, score=0.9, ntokens=1718.3, nsentences=160, sample_size=1718.3, wps=343.2, ups=0.2, wpb=1718.3, bsz=160, num_updates=350, lr=5.49451e-06, gnorm=0.205, clip=0, loss_scale=128, train_wall=50, gb_free=33.4, wall=2122
2024-11-07 14:11:28 - progress_bar.py[line:272] - INFO: epoch 001:    360 / 3541 loss=-0.003, score=0.94, ntokens=1741, nsentences=160, sample_size=1741, wps=356.3, ups=0.2, wpb=1741, bsz=160, num_updates=360, lr=5.65149e-06, gnorm=0.183, clip=0, loss_scale=128, train_wall=49, gb_free=33.4, wall=2171
2024-11-07 14:12:17 - progress_bar.py[line:272] - INFO: epoch 001:    370 / 3541 loss=-0.005, score=0.985, ntokens=1722, nsentences=160, sample_size=1722, wps=353.5, ups=0.21, wpb=1722, bsz=160, num_updates=370, lr=5.80848e-06, gnorm=0.204, clip=0, loss_scale=128, train_wall=49, gb_free=33.4, wall=2220
2024-11-07 14:13:05 - progress_bar.py[line:272] - INFO: epoch 001:    380 / 3541 loss=-0.005, score=0.984, ntokens=1734.3, nsentences=160, sample_size=1734.3, wps=357.8, ups=0.21, wpb=1734.3, bsz=160, num_updates=380, lr=5.96546e-06, gnorm=0.174, clip=0, loss_scale=128, train_wall=48, gb_free=33.4, wall=2268
2024-11-07 14:13:53 - progress_bar.py[line:272] - INFO: epoch 001:    390 / 3541 loss=-0.008, score=0.986, ntokens=1744.3, nsentences=160, sample_size=1744.3, wps=366.1, ups=0.21, wpb=1744.3, bsz=160, num_updates=390, lr=6.12245e-06, gnorm=0.216, clip=0, loss_scale=128, train_wall=48, gb_free=33.4, wall=2316
2024-11-07 14:14:43 - progress_bar.py[line:272] - INFO: epoch 001:    400 / 3541 loss=-0.004, score=0.995, ntokens=1730.3, nsentences=160, sample_size=1730.3, wps=347.4, ups=0.2, wpb=1730.3, bsz=160, num_updates=400, lr=6.27943e-06, gnorm=0.184, clip=0, loss_scale=128, train_wall=50, gb_free=33.5, wall=2366
2024-11-07 14:15:32 - progress_bar.py[line:272] - INFO: epoch 001:    410 / 3541 loss=-0.006, score=1.021, ntokens=1755.8, nsentences=160, sample_size=1755.8, wps=357.1, ups=0.2, wpb=1755.8, bsz=160, num_updates=410, lr=6.43642e-06, gnorm=0.173, clip=0, loss_scale=128, train_wall=49, gb_free=33.4, wall=2415
2024-11-07 14:16:20 - progress_bar.py[line:272] - INFO: epoch 001:    420 / 3541 loss=-0.006, score=0.918, ntokens=1749.2, nsentences=160, sample_size=1749.2, wps=360.5, ups=0.21, wpb=1749.2, bsz=160, num_updates=420, lr=6.59341e-06, gnorm=0.202, clip=0, loss_scale=128, train_wall=48, gb_free=33.4, wall=2463
2024-11-07 14:17:09 - progress_bar.py[line:272] - INFO: epoch 001:    430 / 3541 loss=-0.004, score=1.01, ntokens=1740.7, nsentences=160, sample_size=1740.7, wps=355.8, ups=0.2, wpb=1740.7, bsz=160, num_updates=430, lr=6.75039e-06, gnorm=0.17, clip=0, loss_scale=128, train_wall=49, gb_free=33.4, wall=2512
2024-11-07 14:17:58 - progress_bar.py[line:272] - INFO: epoch 001:    440 / 3541 loss=-0.005, score=0.906, ntokens=1735.9, nsentences=160, sample_size=1735.9, wps=353.8, ups=0.2, wpb=1735.9, bsz=160, num_updates=440, lr=6.90738e-06, gnorm=0.173, clip=0, loss_scale=128, train_wall=49, gb_free=33.4, wall=2561
2024-11-07 14:18:47 - progress_bar.py[line:272] - INFO: epoch 001:    450 / 3541 loss=-0.007, score=0.995, ntokens=1752.2, nsentences=160, sample_size=1752.2, wps=363.2, ups=0.21, wpb=1752.2, bsz=160, num_updates=450, lr=7.06436e-06, gnorm=0.203, clip=0, loss_scale=128, train_wall=48, gb_free=33.4, wall=2610
2024-11-07 14:19:35 - progress_bar.py[line:272] - INFO: epoch 001:    460 / 3541 loss=-0.003, score=0.982, ntokens=1742.3, nsentences=160, sample_size=1742.3, wps=360.1, ups=0.21, wpb=1742.3, bsz=160, num_updates=460, lr=7.22135e-06, gnorm=0.187, clip=0, loss_scale=128, train_wall=48, gb_free=33.4, wall=2658
2024-11-07 14:20:24 - progress_bar.py[line:272] - INFO: epoch 001:    470 / 3541 loss=-0.005, score=0.919, ntokens=1716, nsentences=160, sample_size=1716, wps=349.8, ups=0.2, wpb=1716, bsz=160, num_updates=470, lr=7.37834e-06, gnorm=0.195, clip=0, loss_scale=128, train_wall=49, gb_free=33.5, wall=2707
2024-11-07 14:21:13 - progress_bar.py[line:272] - INFO: epoch 001:    480 / 3541 loss=-0.008, score=1.051, ntokens=1732.9, nsentences=160, sample_size=1732.9, wps=355.7, ups=0.21, wpb=1732.9, bsz=160, num_updates=480, lr=7.53532e-06, gnorm=0.216, clip=0, loss_scale=128, train_wall=49, gb_free=33.4, wall=2756
2024-11-07 14:22:03 - progress_bar.py[line:272] - INFO: epoch 001:    490 / 3541 loss=-0.005, score=0.977, ntokens=1716.3, nsentences=160, sample_size=1716.3, wps=340.3, ups=0.2, wpb=1716.3, bsz=160, num_updates=490, lr=7.69231e-06, gnorm=0.161, clip=0, loss_scale=128, train_wall=50, gb_free=33.4, wall=2806
slice_id 1 seek offset 1250
slice_id 3 seek offset 3750
slice_id 2 seek offset 2500
slice_id 1 seek offset 1250
slice_id 3 seek offset 3750
slice_id 2 seek offset 2500
2024-11-07 14:23:01 - progress_bar.py[line:272] - INFO: epoch 001:    500 / 3541 loss=-0.004, score=0.938, ntokens=1720.5, nsentences=160, sample_size=1720.5, wps=298.1, ups=0.17, wpb=1720.5, bsz=160, num_updates=500, lr=7.84929e-06, gnorm=0.176, clip=0, loss_scale=128, train_wall=58, gb_free=33.5, wall=2864
2024-11-07 14:23:01 - train.py[line:445] - INFO: begin validation on "valid" subset
slice_id 0 seek offset 0
slice_id 0 seek offset 0
2024-11-07 14:39:17 - progress_bar.py[line:282] - INFO: epoch 001 | valid on 'valid' subset | loss -0.005 | score 0.94 | ntokens 432.086 | nsentences 40 | sample_size 432.086 | cider 1.017 | wps 276.7 | wpb 432.1 | bsz 40 | num_updates 500
2024-11-07 14:39:17 - checkpoint_utils.py[line:64] - INFO: Preparing to save checkpoint for epoch 1 @ 500 updates
2024-11-07 14:39:17 - trainer.py[line:431] - INFO: Saving checkpoint to ./stage2_checkpoints/nl/1e-5_3/checkpoint_1_500.pt
2024-11-07 14:39:22 - trainer.py[line:441] - INFO: Finished saving checkpoint to ./stage2_checkpoints/nl/1e-5_3/checkpoint_1_500.pt
2024-11-07 14:39:29 - checkpoint_utils.py[line:133] - INFO: Saved checkpoint ./stage2_checkpoints/nl/1e-5_3/checkpoint_1_500.pt (epoch 1 @ 500 updates, score 1.017) (writing took 12.285159097984433 seconds)
2024-11-07 14:40:34 - progress_bar.py[line:272] - INFO: epoch 001:    510 / 3541 loss=-0.005, score=0.954, ntokens=1732.6, nsentences=160, sample_size=1732.6, wps=16.5, ups=0.01, wpb=1732.6, bsz=160, num_updates=510, lr=8.00628e-06, gnorm=0.184, clip=0, loss_scale=128, train_wall=65, gb_free=33.4, wall=3917
2024-11-07 14:41:37 - progress_bar.py[line:272] - INFO: epoch 001:    520 / 3541 loss=-0.003, score=0.945, ntokens=1730.8, nsentences=160, sample_size=1730.8, wps=274, ups=0.16, wpb=1730.8, bsz=160, num_updates=520, lr=8.16327e-06, gnorm=0.176, clip=0, loss_scale=256, train_wall=63, gb_free=33.4, wall=3980
2024-11-07 14:42:40 - progress_bar.py[line:272] - INFO: epoch 001:    530 / 3541 loss=-0.004, score=1.045, ntokens=1740.2, nsentences=160, sample_size=1740.2, wps=279.2, ups=0.16, wpb=1740.2, bsz=160, num_updates=530, lr=8.32025e-06, gnorm=0.189, clip=0, loss_scale=256, train_wall=62, gb_free=33.4, wall=4042
2024-11-07 14:43:43 - progress_bar.py[line:272] - INFO: epoch 001:    540 / 3541 loss=-0.005, score=0.962, ntokens=1738.8, nsentences=160, sample_size=1738.8, wps=273.3, ups=0.16, wpb=1738.8, bsz=160, num_updates=540, lr=8.47724e-06, gnorm=0.181, clip=0, loss_scale=256, train_wall=64, gb_free=33.4, wall=4106
2024-11-07 14:44:46 - progress_bar.py[line:272] - INFO: epoch 001:    550 / 3541 loss=-0.005, score=0.967, ntokens=1732.9, nsentences=160, sample_size=1732.9, wps=277.1, ups=0.16, wpb=1732.9, bsz=160, num_updates=550, lr=8.63422e-06, gnorm=0.193, clip=0, loss_scale=256, train_wall=62, gb_free=33.4, wall=4168
2024-11-07 14:45:49 - progress_bar.py[line:272] - INFO: epoch 001:    560 / 3541 loss=-0.005, score=0.998, ntokens=1739.7, nsentences=160, sample_size=1739.7, wps=276.3, ups=0.16, wpb=1739.7, bsz=160, num_updates=560, lr=8.79121e-06, gnorm=0.204, clip=0, loss_scale=256, train_wall=63, gb_free=33.4, wall=4231
2024-11-07 14:46:52 - progress_bar.py[line:272] - INFO: epoch 001:    570 / 3541 loss=-0.004, score=1.006, ntokens=1737.4, nsentences=160, sample_size=1737.4, wps=276.2, ups=0.16, wpb=1737.4, bsz=160, num_updates=570, lr=8.94819e-06, gnorm=0.179, clip=0, loss_scale=256, train_wall=63, gb_free=33.4, wall=4294
2024-11-07 14:47:55 - progress_bar.py[line:272] - INFO: epoch 001:    580 / 3541 loss=-0.007, score=0.989, ntokens=1747.6, nsentences=160, sample_size=1747.6, wps=276, ups=0.16, wpb=1747.6, bsz=160, num_updates=580, lr=9.10518e-06, gnorm=0.211, clip=0, loss_scale=256, train_wall=63, gb_free=33.4, wall=4358
2024-11-07 14:48:58 - progress_bar.py[line:272] - INFO: epoch 001:    590 / 3541 loss=-0.005, score=1.018, ntokens=1755.8, nsentences=160, sample_size=1755.8, wps=280.1, ups=0.16, wpb=1755.8, bsz=160, num_updates=590, lr=9.26217e-06, gnorm=0.194, clip=0, loss_scale=256, train_wall=63, gb_free=33.4, wall=4420
2024-11-07 14:50:01 - progress_bar.py[line:272] - INFO: epoch 001:    600 / 3541 loss=-0.006, score=1.052, ntokens=1740.2, nsentences=160, sample_size=1740.2, wps=273.9, ups=0.16, wpb=1740.2, bsz=160, num_updates=600, lr=9.41915e-06, gnorm=0.202, clip=0, loss_scale=256, train_wall=63, gb_free=33.4, wall=4484
2024-11-07 14:51:04 - progress_bar.py[line:272] - INFO: epoch 001:    610 / 3541 loss=-0.005, score=0.998, ntokens=1751.8, nsentences=160, sample_size=1751.8, wps=276.5, ups=0.16, wpb=1751.8, bsz=160, num_updates=610, lr=9.57614e-06, gnorm=0.179, clip=0, loss_scale=256, train_wall=63, gb_free=33.4, wall=4547
2024-11-07 14:52:08 - progress_bar.py[line:272] - INFO: epoch 001:    620 / 3541 loss=-0.005, score=0.979, ntokens=1746.7, nsentences=160, sample_size=1746.7, wps=276.1, ups=0.16, wpb=1746.7, bsz=160, num_updates=620, lr=9.73312e-06, gnorm=0.176, clip=0, loss_scale=256, train_wall=63, gb_free=33.4, wall=4610
2024-11-07 14:53:10 - progress_bar.py[line:272] - INFO: epoch 001:    630 / 3541 loss=-0.005, score=0.958, ntokens=1748.7, nsentences=160, sample_size=1748.7, wps=278.7, ups=0.16, wpb=1748.7, bsz=160, num_updates=630, lr=9.89011e-06, gnorm=0.172, clip=0, loss_scale=256, train_wall=63, gb_free=33.4, wall=4673
2024-11-07 14:54:13 - progress_bar.py[line:272] - INFO: epoch 001:    640 / 3541 loss=-0.005, score=1.027, ntokens=1750.2, nsentences=160, sample_size=1750.2, wps=278.5, ups=0.16, wpb=1750.2, bsz=160, num_updates=640, lr=9.99706e-06, gnorm=0.174, clip=0, loss_scale=256, train_wall=63, gb_free=33.4, wall=4736
2024-11-07 14:55:17 - progress_bar.py[line:272] - INFO: epoch 001:    650 / 3541 loss=-0.003, score=0.955, ntokens=1737.6, nsentences=160, sample_size=1737.6, wps=273.7, ups=0.16, wpb=1737.6, bsz=160, num_updates=650, lr=9.98724e-06, gnorm=0.17, clip=0, loss_scale=256, train_wall=63, gb_free=33.4, wall=4800
2024-11-07 14:56:18 - progress_bar.py[line:272] - INFO: epoch 001:    660 / 3541 loss=-0.005, score=1.015, ntokens=1737.6, nsentences=160, sample_size=1737.6, wps=283.7, ups=0.16, wpb=1737.6, bsz=160, num_updates=660, lr=9.97743e-06, gnorm=0.197, clip=0, loss_scale=256, train_wall=61, gb_free=33.4, wall=4861
2024-11-07 14:57:21 - progress_bar.py[line:272] - INFO: epoch 001:    670 / 3541 loss=-0.004, score=0.949, ntokens=1748.9, nsentences=160, sample_size=1748.9, wps=279.3, ups=0.16, wpb=1748.9, bsz=160, num_updates=670, lr=9.96761e-06, gnorm=0.16, clip=0, loss_scale=256, train_wall=63, gb_free=33.4, wall=4923
2024-11-07 14:58:22 - progress_bar.py[line:272] - INFO: epoch 001:    680 / 3541 loss=-0.004, score=0.958, ntokens=1744.8, nsentences=160, sample_size=1744.8, wps=284.4, ups=0.16, wpb=1744.8, bsz=160, num_updates=680, lr=9.9578e-06, gnorm=0.188, clip=0, loss_scale=256, train_wall=61, gb_free=33.4, wall=4985
2024-11-07 14:59:24 - progress_bar.py[line:272] - INFO: epoch 001:    690 / 3541 loss=-0.005, score=0.962, ntokens=1750.6, nsentences=160, sample_size=1750.6, wps=281.1, ups=0.16, wpb=1750.6, bsz=160, num_updates=690, lr=9.94799e-06, gnorm=0.19, clip=0, loss_scale=256, train_wall=62, gb_free=33.4, wall=5047
2024-11-07 15:00:28 - progress_bar.py[line:272] - INFO: epoch 001:    700 / 3541 loss=-0.006, score=1.004, ntokens=1743.3, nsentences=160, sample_size=1743.3, wps=275.8, ups=0.16, wpb=1743.3, bsz=160, num_updates=700, lr=9.93817e-06, gnorm=0.172, clip=0, loss_scale=256, train_wall=63, gb_free=33.4, wall=5110
2024-11-07 15:01:30 - progress_bar.py[line:272] - INFO: epoch 001:    710 / 3541 loss=-0.003, score=1.008, ntokens=1748.2, nsentences=160, sample_size=1748.2, wps=281.5, ups=0.16, wpb=1748.2, bsz=160, num_updates=710, lr=9.92836e-06, gnorm=0.171, clip=0, loss_scale=256, train_wall=62, gb_free=33.5, wall=5172
2024-11-07 15:02:32 - progress_bar.py[line:272] - INFO: epoch 001:    720 / 3541 loss=-0.005, score=1.008, ntokens=1732.2, nsentences=160, sample_size=1732.2, wps=278.3, ups=0.16, wpb=1732.2, bsz=160, num_updates=720, lr=9.91855e-06, gnorm=0.179, clip=0, loss_scale=256, train_wall=62, gb_free=33.4, wall=5235
2024-11-07 15:03:34 - progress_bar.py[line:272] - INFO: epoch 001:    730 / 3541 loss=-0.005, score=0.961, ntokens=1733.1, nsentences=160, sample_size=1733.1, wps=280, ups=0.16, wpb=1733.1, bsz=160, num_updates=730, lr=9.90873e-06, gnorm=0.177, clip=0, loss_scale=256, train_wall=62, gb_free=33.4, wall=5297
2024-11-07 15:04:36 - progress_bar.py[line:272] - INFO: epoch 001:    740 / 3541 loss=-0.004, score=1.032, ntokens=1741.5, nsentences=160, sample_size=1741.5, wps=282.3, ups=0.16, wpb=1741.5, bsz=160, num_updates=740, lr=9.89892e-06, gnorm=0.197, clip=0, loss_scale=256, train_wall=62, gb_free=33.4, wall=5358
2024-11-07 15:05:39 - progress_bar.py[line:272] - INFO: epoch 001:    750 / 3541 loss=-0.004, score=1.002, ntokens=1744.9, nsentences=160, sample_size=1744.9, wps=276.2, ups=0.16, wpb=1744.9, bsz=160, num_updates=750, lr=9.8891e-06, gnorm=0.172, clip=0, loss_scale=256, train_wall=63, gb_free=33.4, wall=5421
2024-11-07 15:06:41 - progress_bar.py[line:272] - INFO: epoch 001:    760 / 3541 loss=-0.004, score=1.006, ntokens=1725.2, nsentences=160, sample_size=1725.2, wps=275.1, ups=0.16, wpb=1725.2, bsz=160, num_updates=760, lr=9.87929e-06, gnorm=0.169, clip=0, loss_scale=256, train_wall=63, gb_free=33.4, wall=5484
2024-11-07 15:07:43 - progress_bar.py[line:272] - INFO: epoch 001:    770 / 3541 loss=-0.004, score=0.976, ntokens=1730.6, nsentences=160, sample_size=1730.6, wps=278.9, ups=0.16, wpb=1730.6, bsz=160, num_updates=770, lr=9.86948e-06, gnorm=0.166, clip=0, loss_scale=256, train_wall=62, gb_free=33.4, wall=5546
2024-11-07 15:08:36 - progress_bar.py[line:272] - INFO: epoch 001:    780 / 3541 loss=-0.005, score=0.989, ntokens=1735.9, nsentences=160, sample_size=1735.9, wps=327.6, ups=0.19, wpb=1735.9, bsz=160, num_updates=780, lr=9.85966e-06, gnorm=0.175, clip=0, loss_scale=256, train_wall=53, gb_free=33.4, wall=5599
2024-11-07 15:09:25 - progress_bar.py[line:272] - INFO: epoch 001:    790 / 3541 loss=-0.007, score=0.99, ntokens=1718.2, nsentences=160, sample_size=1718.2, wps=354, ups=0.21, wpb=1718.2, bsz=160, num_updates=790, lr=9.84985e-06, gnorm=0.233, clip=0, loss_scale=256, train_wall=48, gb_free=33.4, wall=5648
2024-11-07 15:10:15 - progress_bar.py[line:272] - INFO: epoch 001:    800 / 3541 loss=-0.004, score=1.005, ntokens=1729.2, nsentences=160, sample_size=1729.2, wps=345.1, ups=0.2, wpb=1729.2, bsz=160, num_updates=800, lr=9.84004e-06, gnorm=0.177, clip=0, loss_scale=256, train_wall=50, gb_free=33.4, wall=5698
2024-11-07 15:11:07 - progress_bar.py[line:272] - INFO: epoch 001:    810 / 3541 loss=-0.006, score=0.972, ntokens=1730.9, nsentences=160, sample_size=1730.9, wps=331.3, ups=0.19, wpb=1730.9, bsz=160, num_updates=810, lr=9.83022e-06, gnorm=0.195, clip=0, loss_scale=256, train_wall=52, gb_free=33.4, wall=5750
2024-11-07 15:11:57 - progress_bar.py[line:272] - INFO: epoch 001:    820 / 3541 loss=-0.004, score=0.989, ntokens=1724.2, nsentences=160, sample_size=1724.2, wps=347.9, ups=0.2, wpb=1724.2, bsz=160, num_updates=820, lr=9.82041e-06, gnorm=0.168, clip=0, loss_scale=256, train_wall=49, gb_free=33.4, wall=5800
2024-11-07 15:12:47 - progress_bar.py[line:272] - INFO: epoch 001:    830 / 3541 loss=-0.006, score=1.045, ntokens=1725.7, nsentences=160, sample_size=1725.7, wps=346.9, ups=0.2, wpb=1725.7, bsz=160, num_updates=830, lr=9.81059e-06, gnorm=0.22, clip=0, loss_scale=256, train_wall=50, gb_free=33.4, wall=5849
2024-11-07 15:13:36 - progress_bar.py[line:272] - INFO: epoch 001:    840 / 3541 loss=-0.004, score=1.041, ntokens=1740, nsentences=160, sample_size=1740, wps=349.6, ups=0.2, wpb=1740, bsz=160, num_updates=840, lr=9.80078e-06, gnorm=0.212, clip=0, loss_scale=256, train_wall=50, gb_free=33.4, wall=5899
2024-11-07 15:14:28 - progress_bar.py[line:272] - INFO: epoch 001:    850 / 3541 loss=-0.005, score=0.974, ntokens=1737.2, nsentences=160, sample_size=1737.2, wps=335.6, ups=0.19, wpb=1737.2, bsz=160, num_updates=850, lr=9.79097e-06, gnorm=0.177, clip=0, loss_scale=256, train_wall=52, gb_free=33.4, wall=5951
2024-11-07 15:15:17 - progress_bar.py[line:272] - INFO: epoch 001:    860 / 3541 loss=-0.006, score=0.948, ntokens=1745.9, nsentences=160, sample_size=1745.9, wps=358.9, ups=0.21, wpb=1745.9, bsz=160, num_updates=860, lr=9.78115e-06, gnorm=0.169, clip=0, loss_scale=256, train_wall=49, gb_free=33.4, wall=6000
2024-11-07 15:16:06 - progress_bar.py[line:272] - INFO: epoch 001:    870 / 3541 loss=-0.005, score=1.023, ntokens=1730.9, nsentences=160, sample_size=1730.9, wps=355.4, ups=0.21, wpb=1730.9, bsz=160, num_updates=870, lr=9.77134e-06, gnorm=0.192, clip=0, loss_scale=256, train_wall=49, gb_free=33.4, wall=6048
2024-11-07 15:16:55 - progress_bar.py[line:272] - INFO: epoch 001:    880 / 3541 loss=-0.006, score=1.025, ntokens=1730.6, nsentences=160, sample_size=1730.6, wps=351.1, ups=0.2, wpb=1730.6, bsz=160, num_updates=880, lr=9.76153e-06, gnorm=0.187, clip=0, loss_scale=256, train_wall=49, gb_free=33.4, wall=6098
2024-11-07 15:17:44 - progress_bar.py[line:272] - INFO: epoch 001:    890 / 3541 loss=-0.002, score=0.984, ntokens=1746.2, nsentences=160, sample_size=1746.2, wps=357.8, ups=0.2, wpb=1746.2, bsz=160, num_updates=890, lr=9.75171e-06, gnorm=0.176, clip=0, loss_scale=256, train_wall=49, gb_free=33.4, wall=6146
2024-11-07 15:18:34 - progress_bar.py[line:272] - INFO: epoch 001:    900 / 3541 loss=-0.006, score=0.932, ntokens=1745, nsentences=160, sample_size=1745, wps=344.8, ups=0.2, wpb=1745, bsz=160, num_updates=900, lr=9.7419e-06, gnorm=0.182, clip=0, loss_scale=256, train_wall=51, gb_free=33.4, wall=6197
2024-11-07 15:19:23 - progress_bar.py[line:272] - INFO: epoch 001:    910 / 3541 loss=-0.004, score=0.999, ntokens=1742.4, nsentences=160, sample_size=1742.4, wps=356.2, ups=0.2, wpb=1742.4, bsz=160, num_updates=910, lr=9.73208e-06, gnorm=0.187, clip=0, loss_scale=256, train_wall=49, gb_free=33.4, wall=6246
2024-11-07 15:20:12 - progress_bar.py[line:272] - INFO: epoch 001:    920 / 3541 loss=-0.003, score=0.968, ntokens=1734.4, nsentences=160, sample_size=1734.4, wps=357.7, ups=0.21, wpb=1734.4, bsz=160, num_updates=920, lr=9.72227e-06, gnorm=0.184, clip=0, loss_scale=256, train_wall=48, gb_free=33.4, wall=6294
2024-11-07 15:21:01 - progress_bar.py[line:272] - INFO: epoch 001:    930 / 3541 loss=-0.005, score=0.972, ntokens=1718.9, nsentences=160, sample_size=1718.9, wps=351.4, ups=0.2, wpb=1718.9, bsz=160, num_updates=930, lr=9.71246e-06, gnorm=0.175, clip=0, loss_scale=256, train_wall=49, gb_free=33.4, wall=6343
2024-11-07 15:21:51 - progress_bar.py[line:272] - INFO: epoch 001:    940 / 3541 loss=-0.005, score=0.974, ntokens=1741.2, nsentences=160, sample_size=1741.2, wps=347.7, ups=0.2, wpb=1741.2, bsz=160, num_updates=940, lr=9.70264e-06, gnorm=0.202, clip=0, loss_scale=256, train_wall=50, gb_free=33.4, wall=6393
2024-11-07 15:22:41 - progress_bar.py[line:272] - INFO: epoch 001:    950 / 3541 loss=-0.005, score=0.972, ntokens=1742.8, nsentences=160, sample_size=1742.8, wps=349.9, ups=0.2, wpb=1742.8, bsz=160, num_updates=950, lr=9.69283e-06, gnorm=0.191, clip=0, loss_scale=256, train_wall=50, gb_free=33.4, wall=6443
2024-11-07 15:23:30 - progress_bar.py[line:272] - INFO: epoch 001:    960 / 3541 loss=-0.004, score=0.994, ntokens=1721.7, nsentences=160, sample_size=1721.7, wps=350.2, ups=0.2, wpb=1721.7, bsz=160, num_updates=960, lr=9.68302e-06, gnorm=0.164, clip=0, loss_scale=256, train_wall=49, gb_free=33.4, wall=6492
2024-11-07 15:24:18 - progress_bar.py[line:272] - INFO: epoch 001:    970 / 3541 loss=-0.004, score=0.941, ntokens=1748.4, nsentences=160, sample_size=1748.4, wps=359.2, ups=0.21, wpb=1748.4, bsz=160, num_updates=970, lr=9.6732e-06, gnorm=0.176, clip=0, loss_scale=256, train_wall=49, gb_free=33.4, wall=6541
2024-11-07 15:25:08 - progress_bar.py[line:272] - INFO: epoch 001:    980 / 3541 loss=-0.007, score=0.988, ntokens=1750.1, nsentences=160, sample_size=1750.1, wps=354.3, ups=0.2, wpb=1750.1, bsz=160, num_updates=980, lr=9.66339e-06, gnorm=0.204, clip=0, loss_scale=256, train_wall=49, gb_free=33.4, wall=6591
2024-11-07 15:26:17 - progress_bar.py[line:272] - INFO: epoch 001:    990 / 3541 loss=-0.005, score=1.049, ntokens=1731.8, nsentences=160, sample_size=1731.8, wps=248.9, ups=0.14, wpb=1731.8, bsz=160, num_updates=990, lr=9.65358e-06, gnorm=0.23, clip=0, loss_scale=256, train_wall=70, gb_free=33.5, wall=6660
slice_id 1 seek offset 1250
slice_id 2 seek offset 2500
2024-11-07 15:27:20 - progress_bar.py[line:272] - INFO: epoch 001:   1000 / 3541 loss=-0.006, score=1.037, ntokens=1742.5, nsentences=160, sample_size=1742.5, wps=278.9, ups=0.16, wpb=1742.5, bsz=160, num_updates=1000, lr=9.64376e-06, gnorm=0.218, clip=0, loss_scale=256, train_wall=62, gb_free=33.4, wall=6723
slice_id 3 seek offset 37502024-11-07 15:27:20 - train.py[line:445] - INFO: begin validation on "valid" subset

slice_id 0 seek offset 0
slice_id 1 seek offset 1250
slice_id 3 seek offset 3750
slice_id 0 seek offset 0
slice_id 2 seek offset 2500
2024-11-07 15:43:45 - progress_bar.py[line:282] - INFO: epoch 001 | valid on 'valid' subset | loss -0.005 | score 0.968 | ntokens 434.509 | nsentences 40 | sample_size 434.509 | cider 1.051 | wps 275.8 | wpb 434.5 | bsz 40 | num_updates 1000 | best_cider 1.051
2024-11-07 15:43:45 - checkpoint_utils.py[line:64] - INFO: Preparing to save checkpoint for epoch 1 @ 1000 updates
2024-11-07 15:43:45 - trainer.py[line:431] - INFO: Saving checkpoint to ./stage2_checkpoints/nl/1e-5_3/checkpoint_1_1000.pt
2024-11-07 15:43:49 - trainer.py[line:441] - INFO: Finished saving checkpoint to ./stage2_checkpoints/nl/1e-5_3/checkpoint_1_1000.pt
2024-11-07 15:44:04 - checkpoint_utils.py[line:133] - INFO: Saved checkpoint ./stage2_checkpoints/nl/1e-5_3/checkpoint_1_1000.pt (epoch 1 @ 1000 updates, score 1.051) (writing took 19.2812949239742 seconds)
2024-11-07 15:45:10 - progress_bar.py[line:272] - INFO: epoch 001:   1010 / 3541 loss=-0.006, score=0.984, ntokens=1733.7, nsentences=160, sample_size=1733.7, wps=16.2, ups=0.01, wpb=1733.7, bsz=160, num_updates=1010, lr=9.63395e-06, gnorm=0.194, clip=0, loss_scale=256, train_wall=66, gb_free=33.4, wall=7793
2024-11-07 15:46:13 - progress_bar.py[line:272] - INFO: epoch 001:   1020 / 3541 loss=-0.008, score=0.957, ntokens=1752.5, nsentences=160, sample_size=1752.5, wps=278, ups=0.16, wpb=1752.5, bsz=160, num_updates=1020, lr=9.62413e-06, gnorm=0.195, clip=0, loss_scale=256, train_wall=63, gb_free=33.4, wall=7856
2024-11-07 15:47:16 - progress_bar.py[line:272] - INFO: epoch 001:   1030 / 3541 loss=-0.004, score=0.991, ntokens=1741.6, nsentences=160, sample_size=1741.6, wps=277.7, ups=0.16, wpb=1741.6, bsz=160, num_updates=1030, lr=9.61432e-06, gnorm=0.181, clip=0, loss_scale=512, train_wall=63, gb_free=33.4, wall=7918
2024-11-07 15:47:40 - trainer.py[line:921] - INFO: NOTE: gradient overflow detected, ignoring gradient, setting loss scale to: 256.0
2024-11-07 15:48:25 - progress_bar.py[line:272] - INFO: epoch 001:   1041 / 3541 loss=-0.004, score=1.048, ntokens=1729.4, nsentences=160, sample_size=1729.4, wps=248.7, ups=0.14, wpb=1729.4, bsz=160, num_updates=1040, lr=9.60451e-06, gnorm=0.175, clip=0, loss_scale=256, train_wall=69, gb_free=33.4, wall=7988
2024-11-07 15:49:27 - progress_bar.py[line:272] - INFO: epoch 001:   1051 / 3541 loss=-0.006, score=0.989, ntokens=1734, nsentences=160, sample_size=1734, wps=281.5, ups=0.16, wpb=1734, bsz=160, num_updates=1050, lr=9.59469e-06, gnorm=0.185, clip=0, loss_scale=256, train_wall=62, gb_free=33.4, wall=8050
2024-11-07 15:50:31 - progress_bar.py[line:272] - INFO: epoch 001:   1061 / 3541 loss=-0.004, score=1.033, ntokens=1734, nsentences=160, sample_size=1734, wps=271.8, ups=0.16, wpb=1734, bsz=160, num_updates=1060, lr=9.58488e-06, gnorm=0.19, clip=0, loss_scale=256, train_wall=64, gb_free=33.4, wall=8113
2024-11-07 15:51:33 - progress_bar.py[line:272] - INFO: epoch 001:   1071 / 3541 loss=-0.007, score=0.984, ntokens=1720.6, nsentences=160, sample_size=1720.6, wps=276.2, ups=0.16, wpb=1720.6, bsz=160, num_updates=1070, lr=9.57507e-06, gnorm=0.215, clip=0, loss_scale=256, train_wall=62, gb_free=33.4, wall=8176
2024-11-07 15:52:36 - progress_bar.py[line:272] - INFO: epoch 001:   1081 / 3541 loss=-0.005, score=0.912, ntokens=1746.2, nsentences=160, sample_size=1746.2, wps=278.5, ups=0.16, wpb=1746.2, bsz=160, num_updates=1080, lr=9.56525e-06, gnorm=0.188, clip=0, loss_scale=256, train_wall=63, gb_free=33.4, wall=8238
2024-11-07 15:53:38 - progress_bar.py[line:272] - INFO: epoch 001:   1091 / 3541 loss=-0.007, score=1.032, ntokens=1722.1, nsentences=160, sample_size=1722.1, wps=275.2, ups=0.16, wpb=1722.1, bsz=160, num_updates=1090, lr=9.55544e-06, gnorm=0.247, clip=0, loss_scale=256, train_wall=62, gb_free=33.4, wall=8301
2024-11-07 15:54:42 - progress_bar.py[line:272] - INFO: epoch 001:   1101 / 3541 loss=-0.007, score=0.997, ntokens=1731.5, nsentences=160, sample_size=1731.5, wps=272.8, ups=0.16, wpb=1731.5, bsz=160, num_updates=1100, lr=9.54562e-06, gnorm=0.186, clip=0, loss_scale=256, train_wall=63, gb_free=33.4, wall=8364
2024-11-07 15:55:47 - progress_bar.py[line:272] - INFO: epoch 001:   1111 / 3541 loss=-0.005, score=1.003, ntokens=1739.5, nsentences=160, sample_size=1739.5, wps=265.6, ups=0.15, wpb=1739.5, bsz=160, num_updates=1110, lr=9.53581e-06, gnorm=0.197, clip=0, loss_scale=256, train_wall=65, gb_free=33.4, wall=8430
2024-11-07 15:56:49 - progress_bar.py[line:272] - INFO: epoch 001:   1121 / 3541 loss=-0.01, score=1.046, ntokens=1737, nsentences=160, sample_size=1737, wps=278.5, ups=0.16, wpb=1737, bsz=160, num_updates=1120, lr=9.526e-06, gnorm=0.262, clip=0, loss_scale=256, train_wall=62, gb_free=33.4, wall=8492
2024-11-07 15:57:54 - progress_bar.py[line:272] - INFO: epoch 001:   1131 / 3541 loss=-0.005, score=0.988, ntokens=1742.1, nsentences=160, sample_size=1742.1, wps=271.4, ups=0.16, wpb=1742.1, bsz=160, num_updates=1130, lr=9.51618e-06, gnorm=0.217, clip=0, loss_scale=256, train_wall=64, gb_free=33.4, wall=8556
2024-11-07 15:58:57 - progress_bar.py[line:272] - INFO: epoch 001:   1141 / 3541 loss=-0.006, score=1.007, ntokens=1736.2, nsentences=160, sample_size=1736.2, wps=275.3, ups=0.16, wpb=1736.2, bsz=160, num_updates=1140, lr=9.50637e-06, gnorm=0.2, clip=0, loss_scale=256, train_wall=63, gb_free=33.4, wall=8619
2024-11-07 15:59:53 - trainer.py[line:921] - INFO: NOTE: gradient overflow detected, ignoring gradient, setting loss scale to: 128.0
2024-11-07 16:00:05 - progress_bar.py[line:272] - INFO: epoch 001:   1152 / 3541 loss=-0.009, score=0.991, ntokens=1739.5, nsentences=160, sample_size=1739.5, wps=253.5, ups=0.15, wpb=1739.5, bsz=160, num_updates=1150, lr=9.49656e-06, gnorm=0.225, clip=0, loss_scale=128, train_wall=69, gb_free=33.4, wall=8688
2024-11-07 16:01:07 - progress_bar.py[line:272] - INFO: epoch 001:   1162 / 3541 loss=-0.006, score=1.069, ntokens=1735.4, nsentences=160, sample_size=1735.4, wps=279.3, ups=0.16, wpb=1735.4, bsz=160, num_updates=1160, lr=9.48674e-06, gnorm=0.211, clip=0, loss_scale=128, train_wall=62, gb_free=33.4, wall=8750
2024-11-07 16:02:10 - progress_bar.py[line:272] - INFO: epoch 001:   1172 / 3541 loss=-0.007, score=1.003, ntokens=1735.6, nsentences=160, sample_size=1735.6, wps=276.8, ups=0.16, wpb=1735.6, bsz=160, num_updates=1170, lr=9.47693e-06, gnorm=0.219, clip=0, loss_scale=128, train_wall=63, gb_free=33.4, wall=8813
2024-11-07 16:03:13 - progress_bar.py[line:272] - INFO: epoch 001:   1182 / 3541 loss=-0.006, score=1.004, ntokens=1736.2, nsentences=160, sample_size=1736.2, wps=275.6, ups=0.16, wpb=1736.2, bsz=160, num_updates=1180, lr=9.46711e-06, gnorm=0.201, clip=0, loss_scale=128, train_wall=63, gb_free=33.4, wall=8876
2024-11-07 16:04:16 - progress_bar.py[line:272] - INFO: epoch 001:   1192 / 3541 loss=-0.005, score=0.918, ntokens=1738.4, nsentences=160, sample_size=1738.4, wps=275.6, ups=0.16, wpb=1738.4, bsz=160, num_updates=1190, lr=9.4573e-06, gnorm=0.217, clip=0, loss_scale=128, train_wall=63, gb_free=33.5, wall=8939
2024-11-07 16:05:19 - progress_bar.py[line:272] - INFO: epoch 001:   1202 / 3541 loss=-0.005, score=0.967, ntokens=1735, nsentences=160, sample_size=1735, wps=277.5, ups=0.16, wpb=1735, bsz=160, num_updates=1200, lr=9.44749e-06, gnorm=0.209, clip=0, loss_scale=128, train_wall=62, gb_free=33.4, wall=9002
2024-11-07 16:06:22 - progress_bar.py[line:272] - INFO: epoch 001:   1212 / 3541 loss=-0.005, score=0.994, ntokens=1739.3, nsentences=160, sample_size=1739.3, wps=275, ups=0.16, wpb=1739.3, bsz=160, num_updates=1210, lr=9.43767e-06, gnorm=0.27, clip=0, loss_scale=128, train_wall=63, gb_free=33.4, wall=9065
2024-11-07 16:07:25 - progress_bar.py[line:272] - INFO: epoch 001:   1222 / 3541 loss=-0.009, score=1.099, ntokens=1753.7, nsentences=160, sample_size=1753.7, wps=278.4, ups=0.16, wpb=1753.7, bsz=160, num_updates=1220, lr=9.42786e-06, gnorm=0.242, clip=0, loss_scale=128, train_wall=63, gb_free=33.4, wall=9128
2024-11-07 16:08:28 - progress_bar.py[line:272] - INFO: epoch 001:   1232 / 3541 loss=-0.006, score=1.005, ntokens=1754.6, nsentences=160, sample_size=1754.6, wps=277.5, ups=0.16, wpb=1754.6, bsz=160, num_updates=1230, lr=9.41805e-06, gnorm=0.234, clip=0, loss_scale=128, train_wall=63, gb_free=33.4, wall=9191
2024-11-07 16:09:33 - progress_bar.py[line:272] - INFO: epoch 001:   1242 / 3541 loss=-0.006, score=0.968, ntokens=1755.3, nsentences=160, sample_size=1755.3, wps=272, ups=0.15, wpb=1755.3, bsz=160, num_updates=1240, lr=9.40823e-06, gnorm=0.236, clip=0, loss_scale=128, train_wall=64, gb_free=33.4, wall=9256
2024-11-07 16:10:33 - progress_bar.py[line:272] - INFO: epoch 001:   1252 / 3541 loss=-0.01, score=1.084, ntokens=1740.1, nsentences=160, sample_size=1740.1, wps=290, ups=0.17, wpb=1740.1, bsz=160, num_updates=1250, lr=9.39842e-06, gnorm=0.27, clip=0, loss_scale=128, train_wall=60, gb_free=33.4, wall=9316
2024-11-07 16:11:24 - progress_bar.py[line:272] - INFO: epoch 001:   1262 / 3541 loss=-0.005, score=1.03, ntokens=1744.9, nsentences=160, sample_size=1744.9, wps=341.4, ups=0.2, wpb=1744.9, bsz=160, num_updates=1260, lr=9.3886e-06, gnorm=0.222, clip=0, loss_scale=128, train_wall=51, gb_free=33.4, wall=9367
2024-11-07 16:12:14 - progress_bar.py[line:272] - INFO: epoch 001:   1272 / 3541 loss=-0.006, score=1.002, ntokens=1742.7, nsentences=160, sample_size=1742.7, wps=347.4, ups=0.2, wpb=1742.7, bsz=160, num_updates=1270, lr=9.37879e-06, gnorm=0.236, clip=0, loss_scale=128, train_wall=50, gb_free=33.4, wall=9417
2024-11-07 16:13:04 - progress_bar.py[line:272] - INFO: epoch 001:   1282 / 3541 loss=-0.006, score=1.027, ntokens=1750.2, nsentences=160, sample_size=1750.2, wps=352.2, ups=0.2, wpb=1750.2, bsz=160, num_updates=1280, lr=9.36898e-06, gnorm=0.248, clip=0, loss_scale=128, train_wall=50, gb_free=33.5, wall=9467
2024-11-07 16:13:54 - progress_bar.py[line:272] - INFO: epoch 001:   1292 / 3541 loss=-0.009, score=0.981, ntokens=1749.3, nsentences=160, sample_size=1749.3, wps=351.9, ups=0.2, wpb=1749.3, bsz=160, num_updates=1290, lr=9.35916e-06, gnorm=0.22, clip=0, loss_scale=128, train_wall=50, gb_free=33.4, wall=9516
2024-11-07 16:14:43 - progress_bar.py[line:272] - INFO: epoch 001:   1302 / 3541 loss=-0.007, score=1.038, ntokens=1732.2, nsentences=160, sample_size=1732.2, wps=351.1, ups=0.2, wpb=1732.2, bsz=160, num_updates=1300, lr=9.34935e-06, gnorm=0.228, clip=0, loss_scale=128, train_wall=49, gb_free=33.5, wall=9566
2024-11-07 16:15:31 - progress_bar.py[line:272] - INFO: epoch 001:   1312 / 3541 loss=-0.007, score=1.06, ntokens=1740.7, nsentences=160, sample_size=1740.7, wps=360, ups=0.21, wpb=1740.7, bsz=160, num_updates=1310, lr=9.33954e-06, gnorm=0.207, clip=0, loss_scale=128, train_wall=48, gb_free=33.4, wall=9614
2024-11-07 16:16:21 - progress_bar.py[line:272] - INFO: epoch 001:   1322 / 3541 loss=-0.006, score=0.956, ntokens=1752.5, nsentences=160, sample_size=1752.5, wps=349.3, ups=0.2, wpb=1752.5, bsz=160, num_updates=1320, lr=9.32972e-06, gnorm=0.238, clip=0, loss_scale=128, train_wall=50, gb_free=33.4, wall=9664
2024-11-07 16:17:11 - progress_bar.py[line:272] - INFO: epoch 001:   1332 / 3541 loss=-0.009, score=1.028, ntokens=1742, nsentences=160, sample_size=1742, wps=351.3, ups=0.2, wpb=1742, bsz=160, num_updates=1330, lr=9.31991e-06, gnorm=0.26, clip=0, loss_scale=128, train_wall=50, gb_free=33.4, wall=9714
2024-11-07 16:18:00 - progress_bar.py[line:272] - INFO: epoch 001:   1342 / 3541 loss=-0.006, score=1.05, ntokens=1747.4, nsentences=160, sample_size=1747.4, wps=356.6, ups=0.2, wpb=1747.4, bsz=160, num_updates=1340, lr=9.31009e-06, gnorm=0.204, clip=0, loss_scale=128, train_wall=49, gb_free=33.4, wall=9763
2024-11-07 16:18:49 - progress_bar.py[line:272] - INFO: epoch 001:   1352 / 3541 loss=-0.007, score=0.976, ntokens=1742.3, nsentences=160, sample_size=1742.3, wps=352.8, ups=0.2, wpb=1742.3, bsz=160, num_updates=1350, lr=9.30028e-06, gnorm=0.247, clip=0, loss_scale=128, train_wall=49, gb_free=33.4, wall=9812
2024-11-07 16:19:40 - progress_bar.py[line:272] - INFO: epoch 001:   1362 / 3541 loss=-0.004, score=1.039, ntokens=1743.4, nsentences=160, sample_size=1743.4, wps=345.5, ups=0.2, wpb=1743.4, bsz=160, num_updates=1360, lr=9.29047e-06, gnorm=0.199, clip=0, loss_scale=128, train_wall=50, gb_free=33.5, wall=9863
2024-11-07 16:20:28 - progress_bar.py[line:272] - INFO: epoch 001:   1372 / 3541 loss=-0.005, score=1.032, ntokens=1736.3, nsentences=160, sample_size=1736.3, wps=358.2, ups=0.21, wpb=1736.3, bsz=160, num_updates=1370, lr=9.28065e-06, gnorm=0.275, clip=0, loss_scale=128, train_wall=48, gb_free=33.4, wall=9911
2024-11-07 16:21:18 - progress_bar.py[line:272] - INFO: epoch 001:   1382 / 3541 loss=-0.007, score=1.014, ntokens=1752.9, nsentences=160, sample_size=1752.9, wps=354.7, ups=0.2, wpb=1752.9, bsz=160, num_updates=1380, lr=9.27084e-06, gnorm=0.233, clip=0, loss_scale=128, train_wall=49, gb_free=33.5, wall=9961
2024-11-07 16:22:07 - progress_bar.py[line:272] - INFO: epoch 001:   1392 / 3541 loss=-0.009, score=1.048, ntokens=1737.1, nsentences=160, sample_size=1737.1, wps=354.3, ups=0.2, wpb=1737.1, bsz=160, num_updates=1390, lr=9.26103e-06, gnorm=0.278, clip=0, loss_scale=128, train_wall=49, gb_free=33.4, wall=10010
2024-11-07 16:22:56 - progress_bar.py[line:272] - INFO: epoch 001:   1402 / 3541 loss=-0.006, score=1.038, ntokens=1756.8, nsentences=160, sample_size=1756.8, wps=356.3, ups=0.2, wpb=1756.8, bsz=160, num_updates=1400, lr=9.25121e-06, gnorm=0.195, clip=0, loss_scale=128, train_wall=49, gb_free=33.4, wall=10059
2024-11-07 16:23:48 - progress_bar.py[line:272] - INFO: epoch 001:   1412 / 3541 loss=-0.012, score=0.996, ntokens=1758.9, nsentences=160, sample_size=1758.9, wps=338.1, ups=0.19, wpb=1758.9, bsz=160, num_updates=1410, lr=9.2414e-06, gnorm=0.256, clip=0, loss_scale=128, train_wall=52, gb_free=33.4, wall=10111
2024-11-07 16:24:40 - progress_bar.py[line:272] - INFO: epoch 001:   1422 / 3541 loss=-0.006, score=1.057, ntokens=1746, nsentences=160, sample_size=1746, wps=333.8, ups=0.19, wpb=1746, bsz=160, num_updates=1420, lr=9.23158e-06, gnorm=0.241, clip=0, loss_scale=128, train_wall=52, gb_free=33.4, wall=10163
2024-11-07 16:25:30 - progress_bar.py[line:272] - INFO: epoch 001:   1432 / 3541 loss=-0.009, score=1.07, ntokens=1728.9, nsentences=160, sample_size=1728.9, wps=347.9, ups=0.2, wpb=1728.9, bsz=160, num_updates=1430, lr=9.22177e-06, gnorm=0.257, clip=0, loss_scale=128, train_wall=50, gb_free=33.4, wall=10213
2024-11-07 16:26:19 - progress_bar.py[line:272] - INFO: epoch 001:   1442 / 3541 loss=-0.01, score=0.985, ntokens=1750.1, nsentences=160, sample_size=1750.1, wps=355.2, ups=0.2, wpb=1750.1, bsz=160, num_updates=1440, lr=9.21196e-06, gnorm=0.285, clip=0, loss_scale=128, train_wall=49, gb_free=33.4, wall=10262
2024-11-07 16:27:09 - progress_bar.py[line:272] - INFO: epoch 001:   1452 / 3541 loss=-0.007, score=1.03, ntokens=1734.5, nsentences=160, sample_size=1734.5, wps=350.8, ups=0.2, wpb=1734.5, bsz=160, num_updates=1450, lr=9.20214e-06, gnorm=0.257, clip=0, loss_scale=128, train_wall=49, gb_free=33.4, wall=10312
2024-11-07 16:28:12 - progress_bar.py[line:272] - INFO: epoch 001:   1462 / 3541 loss=-0.01, score=1.001, ntokens=1746.7, nsentences=160, sample_size=1746.7, wps=278, ups=0.16, wpb=1746.7, bsz=160, num_updates=1460, lr=9.19233e-06, gnorm=0.24, clip=0, loss_scale=128, train_wall=63, gb_free=33.4, wall=10375
2024-11-07 16:29:15 - progress_bar.py[line:272] - INFO: epoch 001:   1472 / 3541 loss=-0.009, score=0.987, ntokens=1739.5, nsentences=160, sample_size=1739.5, wps=273.5, ups=0.16, wpb=1739.5, bsz=160, num_updates=1470, lr=9.18252e-06, gnorm=0.25, clip=0, loss_scale=128, train_wall=64, gb_free=33.4, wall=10438
2024-11-07 16:30:18 - progress_bar.py[line:272] - INFO: epoch 001:   1482 / 3541 loss=-0.009, score=1.022, ntokens=1726.5, nsentences=160, sample_size=1726.5, wps=275.4, ups=0.16, wpb=1726.5, bsz=160, num_updates=1480, lr=9.1727e-06, gnorm=0.231, clip=0, loss_scale=128, train_wall=63, gb_free=33.4, wall=10501
2024-11-07 16:31:21 - progress_bar.py[line:272] - INFO: epoch 001:   1492 / 3541 loss=-0.008, score=0.988, ntokens=1732.4, nsentences=160, sample_size=1732.4, wps=273.5, ups=0.16, wpb=1732.4, bsz=160, num_updates=1490, lr=9.16289e-06, gnorm=0.227, clip=0, loss_scale=128, train_wall=63, gb_free=33.4, wall=10564
2024-11-07 16:32:24 - progress_bar.py[line:272] - INFO: epoch 001:   1502 / 3541 loss=-0.007, score=1.038, ntokens=1737.5, nsentences=160, sample_size=1737.5, wps=275.9, ups=0.16, wpb=1737.5, bsz=160, num_updates=1500, lr=9.15307e-06, gnorm=0.25, clip=0, loss_scale=128, train_wall=63, gb_free=33.5, wall=10627
2024-11-07 16:32:24 - train.py[line:445] - INFO: begin validation on "valid" subset
slice_id 0 seek offset 0
slice_id 0 seek offset 0
slice_id 2 seek offset 2500
slice_id 2 seek offset 2500
slice_id 1 seek offset 1250
slice_id 3 seek offset 3750
slice_id 1 seek offset 1250
slice_id 3 seek offset 3750
2024-11-07 16:48:49 - progress_bar.py[line:282] - INFO: epoch 001 | valid on 'valid' subset | loss -0.008 | score 0.97 | ntokens 432.294 | nsentences 40 | sample_size 432.294 | cider 1.042 | wps 274.5 | wpb 432.3 | bsz 40 | num_updates 1500 | best_cider 1.051
2024-11-07 16:48:49 - checkpoint_utils.py[line:64] - INFO: Preparing to save checkpoint for epoch 1 @ 1500 updates
2024-11-07 16:48:49 - trainer.py[line:431] - INFO: Saving checkpoint to ./stage2_checkpoints/nl/1e-5_3/checkpoint_1_1500.pt
2024-11-07 16:48:54 - trainer.py[line:441] - INFO: Finished saving checkpoint to ./stage2_checkpoints/nl/1e-5_3/checkpoint_1_1500.pt
2024-11-07 16:49:01 - checkpoint_utils.py[line:133] - INFO: Saved checkpoint ./stage2_checkpoints/nl/1e-5_3/checkpoint_1_1500.pt (epoch 1 @ 1500 updates, score 1.042) (writing took 12.942902212031186 seconds)
2024-11-07 16:50:05 - progress_bar.py[line:272] - INFO: epoch 001:   1512 / 3541 loss=-0.011, score=0.956, ntokens=1725.5, nsentences=160, sample_size=1725.5, wps=16.3, ups=0.01, wpb=1725.5, bsz=160, num_updates=1510, lr=9.14326e-06, gnorm=0.299, clip=0, loss_scale=128, train_wall=63, gb_free=33.4, wall=11688
2024-11-07 16:51:08 - progress_bar.py[line:272] - INFO: epoch 001:   1522 / 3541 loss=-0.009, score=1.008, ntokens=1726.1, nsentences=160, sample_size=1726.1, wps=272.6, ups=0.16, wpb=1726.1, bsz=160, num_updates=1520, lr=9.13345e-06, gnorm=0.234, clip=0, loss_scale=128, train_wall=63, gb_free=33.4, wall=11751
2024-11-07 16:51:21 - trainer.py[line:921] - INFO: NOTE: gradient overflow detected, ignoring gradient, setting loss scale to: 64.0
2024-11-07 16:52:17 - progress_bar.py[line:272] - INFO: epoch 001:   1533 / 3541 loss=-0.01, score=0.997, ntokens=1712, nsentences=160, sample_size=1712, wps=247.3, ups=0.14, wpb=1712, bsz=160, num_updates=1530, lr=9.12363e-06, gnorm=0.268, clip=0, loss_scale=64, train_wall=69, gb_free=33.4, wall=11820
2024-11-07 16:53:20 - progress_bar.py[line:272] - INFO: epoch 001:   1543 / 3541 loss=-0.012, score=0.986, ntokens=1718.3, nsentences=160, sample_size=1718.3, wps=273.4, ups=0.16, wpb=1718.3, bsz=160, num_updates=1540, lr=9.11382e-06, gnorm=0.254, clip=0, loss_scale=64, train_wall=63, gb_free=33.5, wall=11883
2024-11-07 16:54:24 - progress_bar.py[line:272] - INFO: epoch 001:   1553 / 3541 loss=-0.009, score=0.919, ntokens=1705.4, nsentences=159.5, sample_size=1705.4, wps=267, ups=0.16, wpb=1705.4, bsz=159.5, num_updates=1550, lr=9.10401e-06, gnorm=0.244, clip=0, loss_scale=64, train_wall=64, gb_free=33.4, wall=11947
2024-11-07 16:55:26 - progress_bar.py[line:272] - INFO: epoch 001:   1563 / 3541 loss=-0.01, score=1.018, ntokens=1730.8, nsentences=160, sample_size=1730.8, wps=278.1, ups=0.16, wpb=1730.8, bsz=160, num_updates=1560, lr=9.09419e-06, gnorm=0.292, clip=0, loss_scale=64, train_wall=62, gb_free=33.4, wall=12009
2024-11-07 16:56:29 - progress_bar.py[line:272] - INFO: epoch 001:   1573 / 3541 loss=-0.007, score=1.017, ntokens=1713.6, nsentences=160, sample_size=1713.6, wps=272.2, ups=0.16, wpb=1713.6, bsz=160, num_updates=1570, lr=9.08438e-06, gnorm=0.285, clip=0, loss_scale=64, train_wall=63, gb_free=33.4, wall=12072
2024-11-07 16:57:30 - progress_bar.py[line:272] - INFO: epoch 001:   1583 / 3541 loss=-0.003, score=1.038, ntokens=1717, nsentences=160, sample_size=1717, wps=281.7, ups=0.16, wpb=1717, bsz=160, num_updates=1580, lr=9.07456e-06, gnorm=0.336, clip=0, loss_scale=64, train_wall=61, gb_free=33.5, wall=12133
2024-11-07 16:58:31 - progress_bar.py[line:272] - INFO: epoch 001:   1593 / 3541 loss=-0.008, score=1.078, ntokens=1713.3, nsentences=160, sample_size=1713.3, wps=282, ups=0.16, wpb=1713.3, bsz=160, num_updates=1590, lr=9.06475e-06, gnorm=0.256, clip=0, loss_scale=64, train_wall=61, gb_free=33.4, wall=12194
2024-11-07 16:59:33 - progress_bar.py[line:272] - INFO: epoch 001:   1603 / 3541 loss=-0.011, score=0.994, ntokens=1722.1, nsentences=160, sample_size=1722.1, wps=275.6, ups=0.16, wpb=1722.1, bsz=160, num_updates=1600, lr=9.05494e-06, gnorm=0.27, clip=0, loss_scale=64, train_wall=62, gb_free=33.4, wall=12256
2024-11-07 17:00:34 - progress_bar.py[line:272] - INFO: epoch 001:   1613 / 3541 loss=-0.004, score=1.002, ntokens=1699.2, nsentences=160, sample_size=1699.2, wps=281.2, ups=0.17, wpb=1699.2, bsz=160, num_updates=1610, lr=9.04512e-06, gnorm=0.304, clip=0, loss_scale=64, train_wall=60, gb_free=33.4, wall=12317
2024-11-07 17:01:38 - progress_bar.py[line:272] - INFO: epoch 001:   1623 / 3541 loss=-0.012, score=1.01, ntokens=1711.2, nsentences=160, sample_size=1711.2, wps=269, ups=0.16, wpb=1711.2, bsz=160, num_updates=1620, lr=9.03531e-06, gnorm=0.315, clip=0, loss_scale=64, train_wall=64, gb_free=33.4, wall=12380
2024-11-07 17:02:39 - progress_bar.py[line:272] - INFO: epoch 001:   1633 / 3541 loss=-0.006, score=1.005, ntokens=1712.5, nsentences=160, sample_size=1712.5, wps=277.5, ups=0.16, wpb=1712.5, bsz=160, num_updates=1630, lr=9.0255e-06, gnorm=0.232, clip=0, loss_scale=64, train_wall=62, gb_free=33.4, wall=12442
2024-11-07 17:03:43 - progress_bar.py[line:272] - INFO: epoch 001:   1643 / 3541 loss=-0.005, score=0.987, ntokens=1721.4, nsentences=160, sample_size=1721.4, wps=268.5, ups=0.16, wpb=1721.4, bsz=160, num_updates=1640, lr=9.01568e-06, gnorm=0.236, clip=0, loss_scale=64, train_wall=64, gb_free=33.4, wall=12506
2024-11-07 17:04:46 - progress_bar.py[line:272] - INFO: epoch 001:   1653 / 3541 loss=-0.008, score=0.967, ntokens=1703.7, nsentences=160, sample_size=1703.7, wps=271.2, ups=0.16, wpb=1703.7, bsz=160, num_updates=1650, lr=9.00587e-06, gnorm=0.295, clip=0, loss_scale=64, train_wall=63, gb_free=33.5, wall=12569
2024-11-07 17:05:48 - progress_bar.py[line:272] - INFO: epoch 001:   1663 / 3541 loss=-0.005, score=1.05, ntokens=1708.2, nsentences=160, sample_size=1708.2, wps=277.2, ups=0.16, wpb=1708.2, bsz=160, num_updates=1660, lr=8.99605e-06, gnorm=0.284, clip=0, loss_scale=64, train_wall=62, gb_free=33.4, wall=12631
2024-11-07 17:06:49 - progress_bar.py[line:272] - INFO: epoch 001:   1673 / 3541 loss=-0.01, score=0.976, ntokens=1722.5, nsentences=160, sample_size=1722.5, wps=279.9, ups=0.16, wpb=1722.5, bsz=160, num_updates=1670, lr=8.98624e-06, gnorm=0.254, clip=0, loss_scale=64, train_wall=61, gb_free=33.4, wall=12692
2024-11-07 17:07:51 - progress_bar.py[line:272] - INFO: epoch 001:   1683 / 3541 loss=-0.011, score=1.047, ntokens=1726, nsentences=160, sample_size=1726, wps=281.2, ups=0.16, wpb=1726, bsz=160, num_updates=1680, lr=8.97643e-06, gnorm=0.325, clip=0, loss_scale=64, train_wall=61, gb_free=33.4, wall=12754
2024-11-07 17:08:54 - progress_bar.py[line:272] - INFO: epoch 001:   1693 / 3541 loss=-0.01, score=1.008, ntokens=1725.8, nsentences=160, sample_size=1725.8, wps=272.9, ups=0.16, wpb=1725.8, bsz=160, num_updates=1690, lr=8.96661e-06, gnorm=0.308, clip=0, loss_scale=64, train_wall=63, gb_free=33.4, wall=12817
2024-11-07 17:09:57 - progress_bar.py[line:272] - INFO: epoch 001:   1703 / 3541 loss=-0.006, score=1.048, ntokens=1721.2, nsentences=160, sample_size=1721.2, wps=274.6, ups=0.16, wpb=1721.2, bsz=160, num_updates=1700, lr=8.9568e-06, gnorm=0.254, clip=0, loss_scale=64, train_wall=63, gb_free=33.4, wall=12879
2024-11-07 17:11:00 - progress_bar.py[line:272] - INFO: epoch 001:   1713 / 3541 loss=-0.008, score=0.973, ntokens=1723.3, nsentences=160, sample_size=1723.3, wps=274, ups=0.16, wpb=1723.3, bsz=160, num_updates=1710, lr=8.94699e-06, gnorm=0.255, clip=0, loss_scale=64, train_wall=63, gb_free=33.4, wall=12942
2024-11-07 17:12:03 - progress_bar.py[line:272] - INFO: epoch 001:   1723 / 3541 loss=-0.007, score=0.992, ntokens=1726.3, nsentences=160, sample_size=1726.3, wps=274.1, ups=0.16, wpb=1726.3, bsz=160, num_updates=1720, lr=8.93717e-06, gnorm=0.285, clip=0, loss_scale=64, train_wall=63, gb_free=33.4, wall=13005
2024-11-07 17:13:05 - progress_bar.py[line:272] - INFO: epoch 001:   1733 / 3541 loss=-0.011, score=1, ntokens=1744, nsentences=160, sample_size=1744, wps=277.8, ups=0.16, wpb=1744, bsz=160, num_updates=1730, lr=8.92736e-06, gnorm=0.251, clip=0, loss_scale=64, train_wall=63, gb_free=33.5, wall=13068
2024-11-07 17:14:00 - progress_bar.py[line:272] - INFO: epoch 001:   1743 / 3541 loss=-0.015, score=1.024, ntokens=1735.9, nsentences=160, sample_size=1735.9, wps=320.5, ups=0.18, wpb=1735.9, bsz=160, num_updates=1740, lr=8.91754e-06, gnorm=0.281, clip=0, loss_scale=64, train_wall=54, gb_free=33.4, wall=13122
2024-11-07 17:14:49 - progress_bar.py[line:272] - INFO: epoch 001:   1753 / 3541 loss=-0.01, score=1.054, ntokens=1725.6, nsentences=160, sample_size=1725.6, wps=348, ups=0.2, wpb=1725.6, bsz=160, num_updates=1750, lr=8.90773e-06, gnorm=0.282, clip=0, loss_scale=64, train_wall=50, gb_free=33.5, wall=13172
2024-11-07 17:15:39 - progress_bar.py[line:272] - INFO: epoch 001:   1763 / 3541 loss=-0.009, score=1.045, ntokens=1710.6, nsentences=160, sample_size=1710.6, wps=340.5, ups=0.2, wpb=1710.6, bsz=160, num_updates=1760, lr=8.89792e-06, gnorm=0.281, clip=0, loss_scale=64, train_wall=50, gb_free=33.5, wall=13222
2024-11-07 17:16:29 - progress_bar.py[line:272] - INFO: epoch 001:   1773 / 3541 loss=-0.006, score=0.994, ntokens=1725, nsentences=160, sample_size=1725, wps=349.8, ups=0.2, wpb=1725, bsz=160, num_updates=1770, lr=8.8881e-06, gnorm=0.259, clip=0, loss_scale=64, train_wall=49, gb_free=33.4, wall=13271
2024-11-07 17:17:17 - progress_bar.py[line:272] - INFO: epoch 001:   1783 / 3541 loss=-0.005, score=0.967, ntokens=1714.6, nsentences=160, sample_size=1714.6, wps=353.9, ups=0.21, wpb=1714.6, bsz=160, num_updates=1780, lr=8.87829e-06, gnorm=0.322, clip=0, loss_scale=64, train_wall=48, gb_free=33.4, wall=13320
2024-11-07 17:18:07 - progress_bar.py[line:272] - INFO: epoch 001:   1793 / 3541 loss=-0.014, score=1.012, ntokens=1732.5, nsentences=160, sample_size=1732.5, wps=347.7, ups=0.2, wpb=1732.5, bsz=160, num_updates=1790, lr=8.86848e-06, gnorm=0.268, clip=0, loss_scale=64, train_wall=50, gb_free=33.4, wall=13370
2024-11-07 17:18:58 - progress_bar.py[line:272] - INFO: epoch 001:   1803 / 3541 loss=-0.006, score=0.991, ntokens=1729.4, nsentences=160, sample_size=1729.4, wps=335.7, ups=0.19, wpb=1729.4, bsz=160, num_updates=1800, lr=8.85866e-06, gnorm=0.266, clip=0, loss_scale=64, train_wall=51, gb_free=33.4, wall=13421
2024-11-07 17:19:51 - progress_bar.py[line:272] - INFO: epoch 001:   1813 / 3541 loss=-0.015, score=0.945, ntokens=1730.7, nsentences=160, sample_size=1730.7, wps=332, ups=0.19, wpb=1730.7, bsz=160, num_updates=1810, lr=8.84885e-06, gnorm=0.301, clip=0, loss_scale=64, train_wall=52, gb_free=33.4, wall=13473
2024-11-07 17:20:40 - progress_bar.py[line:272] - INFO: epoch 001:   1823 / 3541 loss=-0.012, score=1.056, ntokens=1718, nsentences=160, sample_size=1718, wps=348.5, ups=0.2, wpb=1718, bsz=160, num_updates=1820, lr=8.83903e-06, gnorm=0.337, clip=0, loss_scale=64, train_wall=49, gb_free=33.4, wall=13523
2024-11-07 17:21:28 - progress_bar.py[line:272] - INFO: epoch 001:   1833 / 3541 loss=-0.004, score=0.991, ntokens=1732.8, nsentences=160, sample_size=1732.8, wps=358.7, ups=0.21, wpb=1732.8, bsz=160, num_updates=1830, lr=8.82922e-06, gnorm=0.275, clip=0, loss_scale=64, train_wall=48, gb_free=33.4, wall=13571
2024-11-07 17:22:18 - progress_bar.py[line:272] - INFO: epoch 001:   1843 / 3541 loss=-0.009, score=1.067, ntokens=1726.9, nsentences=160, sample_size=1726.9, wps=347.8, ups=0.2, wpb=1726.9, bsz=160, num_updates=1840, lr=8.81941e-06, gnorm=0.296, clip=0, loss_scale=64, train_wall=50, gb_free=33.4, wall=13621
2024-11-07 17:23:07 - progress_bar.py[line:272] - INFO: epoch 001:   1853 / 3541 loss=-0.006, score=0.956, ntokens=1722, nsentences=160, sample_size=1722, wps=350, ups=0.2, wpb=1722, bsz=160, num_updates=1850, lr=8.80959e-06, gnorm=0.269, clip=0, loss_scale=64, train_wall=49, gb_free=33.4, wall=13670
2024-11-07 17:23:56 - progress_bar.py[line:272] - INFO: epoch 001:   1863 / 3541 loss=-0.018, score=1.036, ntokens=1733.3, nsentences=160, sample_size=1733.3, wps=352.4, ups=0.2, wpb=1733.3, bsz=160, num_updates=1860, lr=8.79978e-06, gnorm=0.274, clip=0, loss_scale=64, train_wall=49, gb_free=33.4, wall=13719
2024-11-07 17:24:47 - progress_bar.py[line:272] - INFO: epoch 001:   1873 / 3541 loss=-0.015, score=1.095, ntokens=1730.3, nsentences=160, sample_size=1730.3, wps=344, ups=0.2, wpb=1730.3, bsz=160, num_updates=1870, lr=8.78997e-06, gnorm=0.289, clip=0, loss_scale=64, train_wall=50, gb_free=33.4, wall=13769
2024-11-07 17:25:37 - progress_bar.py[line:272] - INFO: epoch 001:   1883 / 3541 loss=-0.017, score=0.999, ntokens=1724.4, nsentences=160, sample_size=1724.4, wps=340.7, ups=0.2, wpb=1724.4, bsz=160, num_updates=1880, lr=8.78015e-06, gnorm=0.319, clip=0, loss_scale=64, train_wall=51, gb_free=33.4, wall=13820
2024-11-07 17:26:26 - progress_bar.py[line:272] - INFO: epoch 001:   1893 / 3541 loss=-0.007, score=0.99, ntokens=1704.2, nsentences=160, sample_size=1704.2, wps=347.8, ups=0.2, wpb=1704.2, bsz=160, num_updates=1890, lr=8.77034e-06, gnorm=0.284, clip=0, loss_scale=64, train_wall=49, gb_free=33.4, wall=13869
2024-11-07 17:27:15 - progress_bar.py[line:272] - INFO: epoch 001:   1903 / 3541 loss=-0.011, score=1.018, ntokens=1706.1, nsentences=160, sample_size=1706.1, wps=348.6, ups=0.2, wpb=1706.1, bsz=160, num_updates=1900, lr=8.76052e-06, gnorm=0.304, clip=0, loss_scale=64, train_wall=49, gb_free=33.4, wall=13918
2024-11-07 17:28:05 - progress_bar.py[line:272] - INFO: epoch 001:   1913 / 3541 loss=-0.01, score=0.963, ntokens=1723.7, nsentences=160, sample_size=1723.7, wps=347.9, ups=0.2, wpb=1723.7, bsz=160, num_updates=1910, lr=8.75071e-06, gnorm=0.246, clip=0, loss_scale=64, train_wall=49, gb_free=33.4, wall=13968
2024-11-07 17:28:55 - progress_bar.py[line:272] - INFO: epoch 001:   1923 / 3541 loss=-0.015, score=0.996, ntokens=1714.7, nsentences=160, sample_size=1714.7, wps=342.3, ups=0.2, wpb=1714.7, bsz=160, num_updates=1920, lr=8.7409e-06, gnorm=0.269, clip=0, loss_scale=64, train_wall=50, gb_free=33.4, wall=14018
2024-11-07 17:29:45 - progress_bar.py[line:272] - INFO: epoch 001:   1933 / 3541 loss=-0.008, score=1.052, ntokens=1707.4, nsentences=160, sample_size=1707.4, wps=339.9, ups=0.2, wpb=1707.4, bsz=160, num_updates=1930, lr=8.73108e-06, gnorm=0.287, clip=0, loss_scale=64, train_wall=50, gb_free=33.4, wall=14068
2024-11-07 17:30:35 - progress_bar.py[line:272] - INFO: epoch 001:   1943 / 3541 loss=-0.008, score=0.954, ntokens=1713.5, nsentences=160, sample_size=1713.5, wps=344.6, ups=0.2, wpb=1713.5, bsz=160, num_updates=1940, lr=8.72127e-06, gnorm=0.332, clip=0, loss_scale=64, train_wall=50, gb_free=33.4, wall=14118
2024-11-07 17:31:44 - progress_bar.py[line:272] - INFO: epoch 001:   1953 / 3541 loss=-0.009, score=1.006, ntokens=1724.8, nsentences=160, sample_size=1724.8, wps=250.4, ups=0.15, wpb=1724.8, bsz=160, num_updates=1950, lr=8.71146e-06, gnorm=0.306, clip=0, loss_scale=64, train_wall=69, gb_free=33.4, wall=14186
2024-11-07 17:32:45 - progress_bar.py[line:272] - INFO: epoch 001:   1963 / 3541 loss=-0.009, score=0.967, ntokens=1724.1, nsentences=160, sample_size=1724.1, wps=280.5, ups=0.16, wpb=1724.1, bsz=160, num_updates=1960, lr=8.70164e-06, gnorm=0.29, clip=0, loss_scale=64, train_wall=61, gb_free=33.4, wall=14248
2024-11-07 17:33:48 - progress_bar.py[line:272] - INFO: epoch 001:   1973 / 3541 loss=-0.012, score=0.97, ntokens=1728.2, nsentences=160, sample_size=1728.2, wps=277.2, ups=0.16, wpb=1728.2, bsz=160, num_updates=1970, lr=8.69183e-06, gnorm=0.253, clip=0, loss_scale=64, train_wall=62, gb_free=33.4, wall=14310
2024-11-07 17:34:50 - progress_bar.py[line:272] - INFO: epoch 001:   1983 / 3541 loss=-0.011, score=1.018, ntokens=1737.8, nsentences=160, sample_size=1737.8, wps=276.5, ups=0.16, wpb=1737.8, bsz=160, num_updates=1980, lr=8.68201e-06, gnorm=0.268, clip=0, loss_scale=64, train_wall=63, gb_free=33.4, wall=14373
2024-11-07 17:35:53 - progress_bar.py[line:272] - INFO: epoch 001:   1993 / 3541 loss=-0.016, score=1.051, ntokens=1722.3, nsentences=160, sample_size=1722.3, wps=274.7, ups=0.16, wpb=1722.3, bsz=160, num_updates=1990, lr=8.6722e-06, gnorm=0.272, clip=0, loss_scale=64, train_wall=63, gb_free=33.4, wall=14436
slice_id 3 seek offset 3750
slice_id 1 seek offset 1250
2024-11-07 17:36:54 - progress_bar.py[line:272] - INFO: epoch 001:   2003 / 3541 loss=-0.01, score=1.068, ntokens=1722.7, nsentences=160, sample_size=1722.7, wps=281.5, ups=0.16, wpb=1722.7, bsz=160, num_updates=2000, lr=8.66239e-06, gnorm=0.346, clip=0, loss_scale=64, train_wall=61, gb_free=33.4, wall=14497
slice_id 2 seek offset 2500
2024-11-07 17:36:54 - train.py[line:445] - INFO: begin validation on "valid" subset
slice_id 0 seek offset 0
slice_id 3 seek offset 3750
slice_id 1 seek offset 1250
slice_id 0 seek offset 0
slice_id 2 seek offset 2500
2024-11-07 17:53:35 - progress_bar.py[line:282] - INFO: epoch 001 | valid on 'valid' subset | loss -0.011 | score 0.969 | ntokens 430.395 | nsentences 40 | sample_size 430.395 | cider 1.043 | wps 268.7 | wpb 430.4 | bsz 40 | num_updates 2000 | best_cider 1.051
2024-11-07 17:53:35 - checkpoint_utils.py[line:64] - INFO: Preparing to save checkpoint for epoch 1 @ 2000 updates
2024-11-07 17:53:35 - trainer.py[line:431] - INFO: Saving checkpoint to ./stage2_checkpoints/nl/1e-5_3/checkpoint_1_2000.pt
2024-11-07 17:53:41 - trainer.py[line:441] - INFO: Finished saving checkpoint to ./stage2_checkpoints/nl/1e-5_3/checkpoint_1_2000.pt
2024-11-07 17:53:47 - checkpoint_utils.py[line:133] - INFO: Saved checkpoint ./stage2_checkpoints/nl/1e-5_3/checkpoint_1_2000.pt (epoch 1 @ 2000 updates, score 1.043) (writing took 11.801783476956189 seconds)
2024-11-07 17:54:54 - progress_bar.py[line:272] - INFO: epoch 001:   2013 / 3541 loss=-0.016, score=0.976, ntokens=1715, nsentences=160, sample_size=1715, wps=15.9, ups=0.01, wpb=1715, bsz=160, num_updates=2010, lr=8.65257e-06, gnorm=0.276, clip=0, loss_scale=64, train_wall=66, gb_free=33.4, wall=15576
2024-11-07 17:55:57 - progress_bar.py[line:272] - INFO: epoch 001:   2023 / 3541 loss=-0.015, score=1.059, ntokens=1728.3, nsentences=160, sample_size=1728.3, wps=274.5, ups=0.16, wpb=1728.3, bsz=160, num_updates=2020, lr=8.64276e-06, gnorm=0.251, clip=0, loss_scale=64, train_wall=63, gb_free=33.4, wall=15639
2024-11-07 17:57:00 - progress_bar.py[line:272] - INFO: epoch 001:   2033 / 3541 loss=-0.015, score=0.952, ntokens=1716, nsentences=160, sample_size=1716, wps=269.3, ups=0.16, wpb=1716, bsz=160, num_updates=2030, lr=8.63295e-06, gnorm=0.278, clip=0, loss_scale=64, train_wall=64, gb_free=33.4, wall=15703
2024-11-07 17:58:03 - progress_bar.py[line:272] - INFO: epoch 001:   2043 / 3541 loss=-0.013, score=0.986, ntokens=1713.8, nsentences=160, sample_size=1713.8, wps=274.8, ups=0.16, wpb=1713.8, bsz=160, num_updates=2040, lr=8.62313e-06, gnorm=0.28, clip=0, loss_scale=128, train_wall=62, gb_free=33.4, wall=15765
2024-11-07 17:58:53 - trainer.py[line:921] - INFO: NOTE: gradient overflow detected, ignoring gradient, setting loss scale to: 64.0
2024-11-07 17:59:12 - progress_bar.py[line:272] - INFO: epoch 001:   2054 / 3541 loss=-0.012, score=1.026, ntokens=1708.2, nsentences=160, sample_size=1708.2, wps=246.3, ups=0.14, wpb=1708.2, bsz=160, num_updates=2050, lr=8.61332e-06, gnorm=0.256, clip=0, loss_scale=64, train_wall=69, gb_free=33.4, wall=15835
2024-11-07 18:00:16 - progress_bar.py[line:272] - INFO: epoch 001:   2064 / 3541 loss=-0.014, score=1.054, ntokens=1714.4, nsentences=160, sample_size=1714.4, wps=269.5, ups=0.16, wpb=1714.4, bsz=160, num_updates=2060, lr=8.6035e-06, gnorm=0.327, clip=0, loss_scale=64, train_wall=64, gb_free=33.4, wall=15898
2024-11-07 18:01:18 - progress_bar.py[line:272] - INFO: epoch 001:   2074 / 3541 loss=-0.011, score=0.954, ntokens=1707.4, nsentences=160, sample_size=1707.4, wps=275.4, ups=0.16, wpb=1707.4, bsz=160, num_updates=2070, lr=8.59369e-06, gnorm=0.247, clip=0, loss_scale=64, train_wall=62, gb_free=33.4, wall=15960
2024-11-07 18:02:23 - progress_bar.py[line:272] - INFO: epoch 001:   2084 / 3541 loss=-0.012, score=1.064, ntokens=1703.3, nsentences=160, sample_size=1703.3, wps=261.4, ups=0.15, wpb=1703.3, bsz=160, num_updates=2080, lr=8.58388e-06, gnorm=0.303, clip=0, loss_scale=64, train_wall=65, gb_free=33.4, wall=16026
2024-11-07 18:03:26 - progress_bar.py[line:272] - INFO: epoch 001:   2094 / 3541 loss=-0.012, score=0.972, ntokens=1721, nsentences=160, sample_size=1721, wps=270.9, ups=0.16, wpb=1721, bsz=160, num_updates=2090, lr=8.57406e-06, gnorm=0.251, clip=0, loss_scale=64, train_wall=63, gb_free=33.4, wall=16089
2024-11-07 18:04:30 - progress_bar.py[line:272] - INFO: epoch 001:   2104 / 3541 loss=-0.011, score=0.991, ntokens=1714.5, nsentences=160, sample_size=1714.5, wps=271.5, ups=0.16, wpb=1714.5, bsz=160, num_updates=2100, lr=8.56425e-06, gnorm=0.296, clip=0, loss_scale=64, train_wall=63, gb_free=33.4, wall=16152
2024-11-07 18:05:34 - progress_bar.py[line:272] - INFO: epoch 001:   2114 / 3541 loss=-0.011, score=1.042, ntokens=1715.9, nsentences=160, sample_size=1715.9, wps=266.1, ups=0.16, wpb=1715.9, bsz=160, num_updates=2110, lr=8.55444e-06, gnorm=0.261, clip=0, loss_scale=64, train_wall=64, gb_free=33.4, wall=16217
2024-11-07 18:06:36 - progress_bar.py[line:272] - INFO: epoch 001:   2124 / 3541 loss=-0.016, score=0.953, ntokens=1710.2, nsentences=160, sample_size=1710.2, wps=273.9, ups=0.16, wpb=1710.2, bsz=160, num_updates=2120, lr=8.54462e-06, gnorm=0.265, clip=0, loss_scale=64, train_wall=62, gb_free=33.4, wall=16279
2024-11-07 18:07:40 - progress_bar.py[line:272] - INFO: epoch 001:   2134 / 3541 loss=-0.016, score=0.994, ntokens=1703.4, nsentences=160, sample_size=1703.4, wps=269.7, ups=0.16, wpb=1703.4, bsz=160, num_updates=2130, lr=8.53481e-06, gnorm=0.259, clip=0, loss_scale=64, train_wall=63, gb_free=33.4, wall=16342
2024-11-07 18:08:44 - progress_bar.py[line:272] - INFO: epoch 001:   2144 / 3541 loss=-0.006, score=1, ntokens=1697.9, nsentences=160, sample_size=1697.9, wps=264.3, ups=0.16, wpb=1697.9, bsz=160, num_updates=2140, lr=8.52499e-06, gnorm=0.274, clip=0, loss_scale=64, train_wall=64, gb_free=33.5, wall=16407
2024-11-07 18:09:46 - progress_bar.py[line:272] - INFO: epoch 001:   2154 / 3541 loss=-0.011, score=0.99, ntokens=1707.8, nsentences=160, sample_size=1707.8, wps=274.5, ups=0.16, wpb=1707.8, bsz=160, num_updates=2150, lr=8.51518e-06, gnorm=0.266, clip=0, loss_scale=64, train_wall=62, gb_free=33.4, wall=16469
2024-11-07 18:10:50 - progress_bar.py[line:272] - INFO: epoch 001:   2164 / 3541 loss=-0.017, score=0.981, ntokens=1722.6, nsentences=160, sample_size=1722.6, wps=269.8, ups=0.16, wpb=1722.6, bsz=160, num_updates=2160, lr=8.50537e-06, gnorm=0.292, clip=0, loss_scale=64, train_wall=64, gb_free=33.4, wall=16533
2024-11-07 18:11:52 - progress_bar.py[line:272] - INFO: epoch 001:   2174 / 3541 loss=-0.01, score=1.029, ntokens=1705.5, nsentences=160, sample_size=1705.5, wps=273, ups=0.16, wpb=1705.5, bsz=160, num_updates=2170, lr=8.49555e-06, gnorm=0.274, clip=0, loss_scale=64, train_wall=62, gb_free=33.5, wall=16595
2024-11-07 18:12:56 - progress_bar.py[line:272] - INFO: epoch 001:   2184 / 3541 loss=-0.01, score=0.971, ntokens=1711.6, nsentences=160, sample_size=1711.6, wps=268.3, ups=0.16, wpb=1711.6, bsz=160, num_updates=2180, lr=8.48574e-06, gnorm=0.294, clip=0, loss_scale=64, train_wall=64, gb_free=33.4, wall=16659
2024-11-07 18:14:00 - progress_bar.py[line:272] - INFO: epoch 001:   2194 / 3541 loss=-0.016, score=1.011, ntokens=1712.4, nsentences=160, sample_size=1712.4, wps=267.7, ups=0.16, wpb=1712.4, bsz=160, num_updates=2190, lr=8.47593e-06, gnorm=0.31, clip=0, loss_scale=64, train_wall=64, gb_free=33.4, wall=16723
2024-11-07 18:15:05 - progress_bar.py[line:272] - INFO: epoch 001:   2204 / 3541 loss=-0.014, score=0.981, ntokens=1709, nsentences=160, sample_size=1709, wps=263.8, ups=0.15, wpb=1709, bsz=160, num_updates=2200, lr=8.46611e-06, gnorm=0.216, clip=0, loss_scale=64, train_wall=65, gb_free=33.4, wall=16788
2024-11-07 18:16:09 - progress_bar.py[line:272] - INFO: epoch 001:   2214 / 3541 loss=-0.013, score=0.979, ntokens=1726.9, nsentences=160, sample_size=1726.9, wps=268, ups=0.16, wpb=1726.9, bsz=160, num_updates=2210, lr=8.4563e-06, gnorm=0.296, clip=0, loss_scale=64, train_wall=64, gb_free=33.4, wall=16852
2024-11-07 18:17:03 - progress_bar.py[line:272] - INFO: epoch 001:   2224 / 3541 loss=-0.018, score=1.051, ntokens=1707.8, nsentences=160, sample_size=1707.8, wps=316.7, ups=0.19, wpb=1707.8, bsz=160, num_updates=2220, lr=8.44649e-06, gnorm=0.32, clip=0, loss_scale=64, train_wall=54, gb_free=33.4, wall=16906
2024-11-07 18:17:55 - progress_bar.py[line:272] - INFO: epoch 001:   2234 / 3541 loss=-0.019, score=1.044, ntokens=1711.5, nsentences=160, sample_size=1711.5, wps=329.7, ups=0.19, wpb=1711.5, bsz=160, num_updates=2230, lr=8.43667e-06, gnorm=0.328, clip=0, loss_scale=64, train_wall=52, gb_free=33.5, wall=16958
2024-11-07 18:18:46 - progress_bar.py[line:272] - INFO: epoch 001:   2244 / 3541 loss=-0.02, score=0.918, ntokens=1702.6, nsentences=160, sample_size=1702.6, wps=336.1, ups=0.2, wpb=1702.6, bsz=160, num_updates=2240, lr=8.42686e-06, gnorm=0.266, clip=0, loss_scale=64, train_wall=51, gb_free=33.4, wall=17009
2024-11-07 18:19:36 - progress_bar.py[line:272] - INFO: epoch 001:   2254 / 3541 loss=-0.023, score=0.972, ntokens=1704, nsentences=160, sample_size=1704, wps=339.5, ups=0.2, wpb=1704, bsz=160, num_updates=2250, lr=8.41704e-06, gnorm=0.303, clip=0, loss_scale=64, train_wall=50, gb_free=33.4, wall=17059
2024-11-07 18:20:25 - progress_bar.py[line:272] - INFO: epoch 001:   2264 / 3541 loss=-0.024, score=0.986, ntokens=1709.5, nsentences=160, sample_size=1709.5, wps=349.8, ups=0.2, wpb=1709.5, bsz=160, num_updates=2260, lr=8.40723e-06, gnorm=0.392, clip=0, loss_scale=64, train_wall=49, gb_free=33.4, wall=17108
2024-11-07 18:21:15 - progress_bar.py[line:272] - INFO: epoch 001:   2274 / 3541 loss=-0.03, score=0.997, ntokens=1712.7, nsentences=160, sample_size=1712.7, wps=344.5, ups=0.2, wpb=1712.7, bsz=160, num_updates=2270, lr=8.39742e-06, gnorm=0.316, clip=0, loss_scale=64, train_wall=50, gb_free=33.4, wall=17157
2024-11-07 18:22:04 - progress_bar.py[line:272] - INFO: epoch 001:   2284 / 3541 loss=-0.038, score=0.999, ntokens=1696, nsentences=160, sample_size=1696, wps=347.6, ups=0.2, wpb=1696, bsz=160, num_updates=2280, lr=8.3876e-06, gnorm=0.311, clip=0, loss_scale=64, train_wall=49, gb_free=33.4, wall=17206
2024-11-07 18:22:54 - progress_bar.py[line:272] - INFO: epoch 001:   2294 / 3541 loss=-0.02, score=0.96, ntokens=1700.8, nsentences=160, sample_size=1700.8, wps=336.7, ups=0.2, wpb=1700.8, bsz=160, num_updates=2290, lr=8.37779e-06, gnorm=0.343, clip=0, loss_scale=64, train_wall=50, gb_free=33.4, wall=17257
2024-11-07 18:23:46 - progress_bar.py[line:272] - INFO: epoch 001:   2304 / 3541 loss=-0.045, score=0.95, ntokens=1696.4, nsentences=160, sample_size=1696.4, wps=325.2, ups=0.19, wpb=1696.4, bsz=160, num_updates=2300, lr=8.36798e-06, gnorm=0.322, clip=0, loss_scale=64, train_wall=52, gb_free=33.4, wall=17309
2024-11-07 18:24:38 - progress_bar.py[line:272] - INFO: epoch 001:   2314 / 3541 loss=-0.079, score=0.996, ntokens=1734.3, nsentences=160, sample_size=1734.3, wps=337.7, ups=0.19, wpb=1734.3, bsz=160, num_updates=2310, lr=8.35816e-06, gnorm=0.299, clip=0, loss_scale=64, train_wall=51, gb_free=33.4, wall=17360
2024-11-07 18:25:31 - progress_bar.py[line:272] - INFO: epoch 001:   2324 / 3541 loss=-0.09, score=1.053, ntokens=1716.2, nsentences=160, sample_size=1716.2, wps=323.7, ups=0.19, wpb=1716.2, bsz=160, num_updates=2320, lr=8.34835e-06, gnorm=0.341, clip=0, loss_scale=64, train_wall=53, gb_free=33.4, wall=17413
2024-11-07 18:26:22 - progress_bar.py[line:272] - INFO: epoch 001:   2334 / 3541 loss=-0.185, score=1.026, ntokens=1741.8, nsentences=160, sample_size=1741.8, wps=338.1, ups=0.19, wpb=1741.8, bsz=160, num_updates=2330, lr=8.33853e-06, gnorm=0.486, clip=0, loss_scale=64, train_wall=51, gb_free=33.4, wall=17465
2024-11-07 18:27:14 - progress_bar.py[line:272] - INFO: epoch 001:   2344 / 3541 loss=-0.32, score=0.941, ntokens=1769.9, nsentences=160, sample_size=1769.9, wps=338, ups=0.19, wpb=1769.9, bsz=160, num_updates=2340, lr=8.32872e-06, gnorm=0.507, clip=0, loss_scale=64, train_wall=52, gb_free=33.4, wall=17517
2024-11-07 18:28:08 - progress_bar.py[line:272] - INFO: epoch 001:   2354 / 3541 loss=-0.577, score=0.849, ntokens=1824.6, nsentences=160, sample_size=1824.6, wps=340.7, ups=0.19, wpb=1824.6, bsz=160, num_updates=2350, lr=8.31891e-06, gnorm=0.776, clip=20, loss_scale=64, train_wall=53, gb_free=33.4, wall=17571
2024-11-07 18:29:02 - progress_bar.py[line:272] - INFO: epoch 001:   2364 / 3541 loss=-1.16, score=0.686, ntokens=1996.5, nsentences=160, sample_size=1996.5, wps=370, ups=0.19, wpb=1996.5, bsz=160, num_updates=2360, lr=8.30909e-06, gnorm=1.063, clip=80, loss_scale=64, train_wall=54, gb_free=33.4, wall=17625
2024-11-07 18:29:56 - progress_bar.py[line:272] - INFO: epoch 001:   2374 / 3541 loss=-1.521, score=0.516, ntokens=2013.8, nsentences=160, sample_size=2013.8, wps=370.7, ups=0.18, wpb=2013.8, bsz=160, num_updates=2370, lr=8.29928e-06, gnorm=1.253, clip=60, loss_scale=64, train_wall=54, gb_free=33.4, wall=17679
2024-11-07 18:30:50 - progress_bar.py[line:272] - INFO: epoch 001:   2384 / 3541 loss=-1.303, score=0.542, ntokens=1829.2, nsentences=160, sample_size=1829.2, wps=339.1, ups=0.19, wpb=1829.2, bsz=160, num_updates=2380, lr=8.28947e-06, gnorm=0.868, clip=20, loss_scale=64, train_wall=54, gb_free=33.4, wall=17733
2024-11-07 18:31:44 - progress_bar.py[line:272] - INFO: epoch 001:   2394 / 3541 loss=-0.948, score=0.659, ntokens=1541.9, nsentences=160, sample_size=1541.9, wps=287.2, ups=0.19, wpb=1541.9, bsz=160, num_updates=2390, lr=8.27965e-06, gnorm=0.814, clip=40, loss_scale=64, train_wall=54, gb_free=33.4, wall=17787
2024-11-07 18:32:33 - progress_bar.py[line:272] - INFO: epoch 001:   2404 / 3541 loss=-0.273, score=0.716, ntokens=1348.9, nsentences=160, sample_size=1348.9, wps=272.5, ups=0.2, wpb=1348.9, bsz=160, num_updates=2400, lr=8.26984e-06, gnorm=0.818, clip=10, loss_scale=64, train_wall=49, gb_free=33.4, wall=17836
2024-11-07 18:33:22 - progress_bar.py[line:272] - INFO: epoch 001:   2414 / 3541 loss=-0.074, score=0.849, ntokens=1358.9, nsentences=160, sample_size=1358.9, wps=279.5, ups=0.21, wpb=1358.9, bsz=160, num_updates=2410, lr=8.26002e-06, gnorm=0.596, clip=0, loss_scale=64, train_wall=49, gb_free=33.4, wall=17885
2024-11-07 18:34:28 - progress_bar.py[line:272] - INFO: epoch 001:   2424 / 3541 loss=0.008, score=0.909, ntokens=1423.2, nsentences=160, sample_size=1423.2, wps=217.5, ups=0.15, wpb=1423.2, bsz=160, num_updates=2420, lr=8.25021e-06, gnorm=0.532, clip=0, loss_scale=64, train_wall=65, gb_free=33.5, wall=17950
2024-11-07 18:35:28 - progress_bar.py[line:272] - INFO: epoch 001:   2434 / 3541 loss=-0.007, score=0.915, ntokens=1514.6, nsentences=160, sample_size=1514.6, wps=250.8, ups=0.17, wpb=1514.6, bsz=160, num_updates=2430, lr=8.2404e-06, gnorm=0.282, clip=0, loss_scale=64, train_wall=60, gb_free=33.4, wall=18011
2024-11-07 18:36:29 - progress_bar.py[line:272] - INFO: epoch 001:   2444 / 3541 loss=-0.005, score=0.94, ntokens=1542.3, nsentences=160, sample_size=1542.3, wps=254.1, ups=0.16, wpb=1542.3, bsz=160, num_updates=2440, lr=8.23058e-06, gnorm=0.292, clip=0, loss_scale=64, train_wall=61, gb_free=33.4, wall=18071
2024-11-07 18:37:29 - progress_bar.py[line:272] - INFO: epoch 001:   2454 / 3541 loss=-0.008, score=0.915, ntokens=1547.2, nsentences=160, sample_size=1547.2, wps=254.7, ups=0.16, wpb=1547.2, bsz=160, num_updates=2450, lr=8.22077e-06, gnorm=0.3, clip=0, loss_scale=64, train_wall=61, gb_free=33.5, wall=18132
2024-11-07 18:38:30 - progress_bar.py[line:272] - INFO: epoch 001:   2464 / 3541 loss=-0.008, score=0.959, ntokens=1568.5, nsentences=160, sample_size=1568.5, wps=257.7, ups=0.16, wpb=1568.5, bsz=160, num_updates=2460, lr=8.21096e-06, gnorm=0.264, clip=0, loss_scale=64, train_wall=61, gb_free=33.4, wall=18193
2024-11-07 18:39:32 - progress_bar.py[line:272] - INFO: epoch 001:   2474 / 3541 loss=-0.011, score=0.928, ntokens=1569.9, nsentences=160, sample_size=1569.9, wps=254.5, ups=0.16, wpb=1569.9, bsz=160, num_updates=2470, lr=8.20114e-06, gnorm=0.313, clip=0, loss_scale=64, train_wall=62, gb_free=33.5, wall=18255
2024-11-07 18:40:33 - progress_bar.py[line:272] - INFO: epoch 001:   2484 / 3541 loss=-0, score=0.953, ntokens=1569.5, nsentences=160, sample_size=1569.5, wps=258.4, ups=0.16, wpb=1569.5, bsz=160, num_updates=2480, lr=8.19133e-06, gnorm=0.315, clip=0, loss_scale=64, train_wall=61, gb_free=33.4, wall=18315
2024-11-07 18:41:33 - progress_bar.py[line:272] - INFO: epoch 001:   2494 / 3541 loss=-0.005, score=0.938, ntokens=1566.4, nsentences=160, sample_size=1566.4, wps=261.4, ups=0.17, wpb=1566.4, bsz=160, num_updates=2490, lr=8.18151e-06, gnorm=0.294, clip=0, loss_scale=64, train_wall=60, gb_free=33.4, wall=18375
slice_id 2 seek offset 2500
slice_id 3 seek offset 3750
2024-11-07 18:42:34 - progress_bar.py[line:272] - INFO: epoch 001:   2504 / 3541 loss=-0.004, score=0.967, ntokens=1573.4, nsentences=160, sample_size=1573.4, wps=257, ups=0.16, wpb=1573.4, bsz=160, num_updates=2500, lr=8.1717e-06, gnorm=0.298, clip=0, loss_scale=64, train_wall=61, gb_free=33.4, wall=18437
2024-11-07 18:42:34 - train.py[line:445] - INFO: begin validation on "valid" subset
slice_id 0 seek offset 0
slice_id 3 seek offset 3750
slice_id 0 seek offset 0
slice_id 2 seek offset 2500
slice_id 1 seek offset 1250
slice_id 1 seek offset 1250
2024-11-07 18:58:12 - progress_bar.py[line:282] - INFO: epoch 001 | valid on 'valid' subset | loss -0.007 | score 0.93 | ntokens 395.157 | nsentences 40 | sample_size 395.157 | cider 0.999 | wps 263.4 | wpb 395.2 | bsz 40 | num_updates 2500 | best_cider 1.051
2024-11-07 18:58:12 - checkpoint_utils.py[line:64] - INFO: Preparing to save checkpoint for epoch 1 @ 2500 updates
2024-11-07 18:58:12 - trainer.py[line:431] - INFO: Saving checkpoint to ./stage2_checkpoints/nl/1e-5_3/checkpoint_1_2500.pt
2024-11-07 18:58:17 - trainer.py[line:441] - INFO: Finished saving checkpoint to ./stage2_checkpoints/nl/1e-5_3/checkpoint_1_2500.pt
2024-11-07 18:58:24 - checkpoint_utils.py[line:133] - INFO: Saved checkpoint ./stage2_checkpoints/nl/1e-5_3/checkpoint_1_2500.pt (epoch 1 @ 2500 updates, score 0.999) (writing took 11.652253635926172 seconds)
2024-11-07 18:59:26 - progress_bar.py[line:272] - INFO: epoch 001:   2514 / 3541 loss=-0.008, score=0.959, ntokens=1581.3, nsentences=160, sample_size=1581.3, wps=15.6, ups=0.01, wpb=1581.3, bsz=160, num_updates=2510, lr=8.16189e-06, gnorm=0.291, clip=0, loss_scale=64, train_wall=62, gb_free=33.5, wall=19449
2024-11-07 19:00:27 - progress_bar.py[line:272] - INFO: epoch 001:   2524 / 3541 loss=-0.006, score=1.025, ntokens=1590.4, nsentences=160, sample_size=1590.4, wps=261.1, ups=0.16, wpb=1590.4, bsz=160, num_updates=2520, lr=8.15207e-06, gnorm=0.348, clip=0, loss_scale=64, train_wall=61, gb_free=33.4, wall=19510
2024-11-07 19:01:27 - progress_bar.py[line:272] - INFO: epoch 001:   2534 / 3541 loss=-0.002, score=0.951, ntokens=1583.5, nsentences=160, sample_size=1583.5, wps=262.6, ups=0.17, wpb=1583.5, bsz=160, num_updates=2530, lr=8.14226e-06, gnorm=0.28, clip=0, loss_scale=64, train_wall=60, gb_free=33.5, wall=19570
2024-11-07 19:02:28 - progress_bar.py[line:272] - INFO: epoch 001:   2544 / 3541 loss=-0.001, score=0.952, ntokens=1611.4, nsentences=160, sample_size=1611.4, wps=267.7, ups=0.17, wpb=1611.4, bsz=160, num_updates=2540, lr=8.13245e-06, gnorm=0.292, clip=0, loss_scale=64, train_wall=60, gb_free=33.4, wall=19630
2024-11-07 19:03:28 - progress_bar.py[line:272] - INFO: epoch 001:   2554 / 3541 loss=-0.007, score=0.985, ntokens=1604.7, nsentences=160, sample_size=1604.7, wps=265.5, ups=0.17, wpb=1604.7, bsz=160, num_updates=2550, lr=8.12263e-06, gnorm=0.288, clip=0, loss_scale=64, train_wall=60, gb_free=33.4, wall=19691
2024-11-07 19:04:30 - progress_bar.py[line:272] - INFO: epoch 001:   2564 / 3541 loss=-0.005, score=0.955, ntokens=1624.5, nsentences=160, sample_size=1624.5, wps=263.8, ups=0.16, wpb=1624.5, bsz=160, num_updates=2560, lr=8.11282e-06, gnorm=0.248, clip=0, loss_scale=128, train_wall=62, gb_free=33.4, wall=19752
2024-11-07 19:05:20 - trainer.py[line:921] - INFO: NOTE: gradient overflow detected, ignoring gradient, setting loss scale to: 64.0
2024-11-07 19:05:38 - progress_bar.py[line:272] - INFO: epoch 001:   2575 / 3541 loss=0.001, score=0.969, ntokens=1624, nsentences=160, sample_size=1624, wps=238.2, ups=0.15, wpb=1624, bsz=160, num_updates=2570, lr=8.103e-06, gnorm=0.313, clip=0, loss_scale=64, train_wall=68, gb_free=33.5, wall=19821
2024-11-07 19:06:38 - progress_bar.py[line:272] - INFO: epoch 001:   2585 / 3541 loss=-0.004, score=0.972, ntokens=1630, nsentences=160, sample_size=1630, wps=269.3, ups=0.17, wpb=1630, bsz=160, num_updates=2580, lr=8.09319e-06, gnorm=0.275, clip=0, loss_scale=64, train_wall=60, gb_free=33.4, wall=19881
2024-11-07 19:07:40 - progress_bar.py[line:272] - INFO: epoch 001:   2595 / 3541 loss=-0.002, score=1.043, ntokens=1648.2, nsentences=160, sample_size=1648.2, wps=269.1, ups=0.16, wpb=1648.2, bsz=160, num_updates=2590, lr=8.08338e-06, gnorm=0.292, clip=0, loss_scale=64, train_wall=61, gb_free=33.5, wall=19942
2024-11-07 19:08:40 - progress_bar.py[line:272] - INFO: epoch 001:   2605 / 3541 loss=-0.022, score=1.013, ntokens=1650.8, nsentences=160, sample_size=1650.8, wps=271.7, ups=0.16, wpb=1650.8, bsz=160, num_updates=2600, lr=8.07356e-06, gnorm=0.346, clip=0, loss_scale=64, train_wall=61, gb_free=33.4, wall=20003
2024-11-07 19:09:42 - progress_bar.py[line:272] - INFO: epoch 001:   2615 / 3541 loss=-0.009, score=0.996, ntokens=1655.5, nsentences=160, sample_size=1655.5, wps=269.7, ups=0.16, wpb=1655.5, bsz=160, num_updates=2610, lr=8.06375e-06, gnorm=0.287, clip=0, loss_scale=64, train_wall=61, gb_free=33.4, wall=20065
2024-11-07 19:10:43 - progress_bar.py[line:272] - INFO: epoch 001:   2625 / 3541 loss=-0.008, score=0.995, ntokens=1663.8, nsentences=160, sample_size=1663.8, wps=273.6, ups=0.16, wpb=1663.8, bsz=160, num_updates=2620, lr=8.05394e-06, gnorm=0.284, clip=0, loss_scale=64, train_wall=61, gb_free=33.4, wall=20125
2024-11-07 19:11:44 - progress_bar.py[line:272] - INFO: epoch 001:   2635 / 3541 loss=-0.006, score=1.012, ntokens=1655.3, nsentences=160, sample_size=1655.3, wps=267.7, ups=0.16, wpb=1655.3, bsz=160, num_updates=2630, lr=8.04412e-06, gnorm=0.245, clip=0, loss_scale=64, train_wall=62, gb_free=33.4, wall=20187
2024-11-07 19:12:45 - progress_bar.py[line:272] - INFO: epoch 001:   2645 / 3541 loss=-0.01, score=0.928, ntokens=1663.2, nsentences=160, sample_size=1663.2, wps=275.8, ups=0.17, wpb=1663.2, bsz=160, num_updates=2640, lr=8.03431e-06, gnorm=0.303, clip=0, loss_scale=64, train_wall=60, gb_free=33.4, wall=20248
2024-11-07 19:13:46 - progress_bar.py[line:272] - INFO: epoch 001:   2655 / 3541 loss=-0.008, score=1.037, ntokens=1670.4, nsentences=160, sample_size=1670.4, wps=274.9, ups=0.16, wpb=1670.4, bsz=160, num_updates=2650, lr=8.02449e-06, gnorm=0.259, clip=0, loss_scale=64, train_wall=61, gb_free=33.5, wall=20308
2024-11-07 19:14:46 - progress_bar.py[line:272] - INFO: epoch 001:   2665 / 3541 loss=-0.011, score=0.976, ntokens=1660.7, nsentences=160, sample_size=1660.7, wps=275.3, ups=0.17, wpb=1660.7, bsz=160, num_updates=2660, lr=8.01468e-06, gnorm=0.304, clip=0, loss_scale=64, train_wall=60, gb_free=33.4, wall=20369
2024-11-07 19:15:48 - progress_bar.py[line:272] - INFO: epoch 001:   2675 / 3541 loss=-0.006, score=0.958, ntokens=1676.2, nsentences=160, sample_size=1676.2, wps=271.7, ups=0.16, wpb=1676.2, bsz=160, num_updates=2670, lr=8.00487e-06, gnorm=0.268, clip=0, loss_scale=64, train_wall=62, gb_free=33.4, wall=20430
2024-11-07 19:16:48 - progress_bar.py[line:272] - INFO: epoch 001:   2685 / 3541 loss=-0.01, score=0.994, ntokens=1678.1, nsentences=160, sample_size=1678.1, wps=277.1, ups=0.17, wpb=1678.1, bsz=160, num_updates=2680, lr=7.99505e-06, gnorm=0.279, clip=0, loss_scale=64, train_wall=60, gb_free=33.4, wall=20491
2024-11-07 19:17:51 - progress_bar.py[line:272] - INFO: epoch 001:   2695 / 3541 loss=-0.019, score=1.009, ntokens=1678.1, nsentences=160, sample_size=1678.1, wps=268.3, ups=0.16, wpb=1678.1, bsz=160, num_updates=2690, lr=7.98524e-06, gnorm=0.289, clip=0, loss_scale=64, train_wall=62, gb_free=33.4, wall=20553
2024-11-07 19:18:52 - progress_bar.py[line:272] - INFO: epoch 001:   2705 / 3541 loss=-0.012, score=1.034, ntokens=1667.3, nsentences=160, sample_size=1667.3, wps=271.4, ups=0.16, wpb=1667.3, bsz=160, num_updates=2700, lr=7.97543e-06, gnorm=0.292, clip=0, loss_scale=64, train_wall=61, gb_free=33.4, wall=20615
2024-11-07 19:19:51 - progress_bar.py[line:272] - INFO: epoch 001:   2715 / 3541 loss=-0.012, score=1.031, ntokens=1679, nsentences=160, sample_size=1679, wps=286.5, ups=0.17, wpb=1679, bsz=160, num_updates=2710, lr=7.96561e-06, gnorm=0.287, clip=0, loss_scale=64, train_wall=59, gb_free=33.4, wall=20673
2024-11-07 19:20:40 - progress_bar.py[line:272] - INFO: epoch 001:   2725 / 3541 loss=-0.011, score=0.994, ntokens=1674.8, nsentences=160, sample_size=1674.8, wps=341.8, ups=0.2, wpb=1674.8, bsz=160, num_updates=2720, lr=7.9558e-06, gnorm=0.285, clip=0, loss_scale=64, train_wall=49, gb_free=33.4, wall=20722
2024-11-07 19:21:30 - progress_bar.py[line:272] - INFO: epoch 001:   2735 / 3541 loss=-0.021, score=1.062, ntokens=1688.7, nsentences=160, sample_size=1688.7, wps=335.4, ups=0.2, wpb=1688.7, bsz=160, num_updates=2730, lr=7.94598e-06, gnorm=0.295, clip=0, loss_scale=64, train_wall=50, gb_free=33.4, wall=20773
2024-11-07 19:22:20 - progress_bar.py[line:272] - INFO: epoch 001:   2745 / 3541 loss=-0.008, score=1.077, ntokens=1676.4, nsentences=160, sample_size=1676.4, wps=335.9, ups=0.2, wpb=1676.4, bsz=160, num_updates=2740, lr=7.93617e-06, gnorm=0.285, clip=0, loss_scale=64, train_wall=50, gb_free=33.4, wall=20823
2024-11-07 19:23:10 - progress_bar.py[line:272] - INFO: epoch 001:   2755 / 3541 loss=-0.02, score=0.931, ntokens=1684.3, nsentences=160, sample_size=1684.3, wps=336.6, ups=0.2, wpb=1684.3, bsz=160, num_updates=2750, lr=7.92636e-06, gnorm=0.302, clip=0, loss_scale=64, train_wall=50, gb_free=33.4, wall=20873
2024-11-07 19:24:00 - progress_bar.py[line:272] - INFO: epoch 001:   2765 / 3541 loss=-0.014, score=1.034, ntokens=1679.6, nsentences=160, sample_size=1679.6, wps=333.1, ups=0.2, wpb=1679.6, bsz=160, num_updates=2760, lr=7.91654e-06, gnorm=0.264, clip=0, loss_scale=64, train_wall=50, gb_free=33.4, wall=20923
2024-11-07 19:24:51 - progress_bar.py[line:272] - INFO: epoch 001:   2775 / 3541 loss=-0.011, score=0.971, ntokens=1686.8, nsentences=160, sample_size=1686.8, wps=334.9, ups=0.2, wpb=1686.8, bsz=160, num_updates=2770, lr=7.90673e-06, gnorm=0.28, clip=0, loss_scale=64, train_wall=50, gb_free=33.4, wall=20974
2024-11-07 19:25:42 - progress_bar.py[line:272] - INFO: epoch 001:   2785 / 3541 loss=-0.052, score=0.987, ntokens=1673.1, nsentences=160, sample_size=1673.1, wps=327.2, ups=0.2, wpb=1673.1, bsz=160, num_updates=2780, lr=7.89692e-06, gnorm=0.42, clip=0, loss_scale=64, train_wall=51, gb_free=33.5, wall=21025
2024-11-07 19:26:32 - progress_bar.py[line:272] - INFO: epoch 001:   2795 / 3541 loss=-0.031, score=1.087, ntokens=1681.2, nsentences=160, sample_size=1681.2, wps=333.2, ups=0.2, wpb=1681.2, bsz=160, num_updates=2790, lr=7.8871e-06, gnorm=0.452, clip=10, loss_scale=64, train_wall=50, gb_free=33.4, wall=21075
2024-11-07 19:27:22 - progress_bar.py[line:272] - INFO: epoch 001:   2805 / 3541 loss=-0.041, score=1.018, ntokens=1670.6, nsentences=160, sample_size=1670.6, wps=339, ups=0.2, wpb=1670.6, bsz=160, num_updates=2800, lr=7.87729e-06, gnorm=0.325, clip=0, loss_scale=64, train_wall=49, gb_free=33.4, wall=21124
2024-11-07 19:28:12 - progress_bar.py[line:272] - INFO: epoch 001:   2815 / 3541 loss=-0.022, score=1.031, ntokens=1680, nsentences=160, sample_size=1680, wps=332.7, ups=0.2, wpb=1680, bsz=160, num_updates=2810, lr=7.86747e-06, gnorm=0.32, clip=0, loss_scale=64, train_wall=50, gb_free=33.5, wall=21175
2024-11-07 19:29:03 - progress_bar.py[line:272] - INFO: epoch 001:   2825 / 3541 loss=-0.032, score=0.997, ntokens=1682.4, nsentences=160, sample_size=1682.4, wps=328.8, ups=0.2, wpb=1682.4, bsz=160, num_updates=2820, lr=7.85766e-06, gnorm=0.323, clip=0, loss_scale=64, train_wall=51, gb_free=33.4, wall=21226
2024-11-07 19:29:54 - progress_bar.py[line:272] - INFO: epoch 001:   2835 / 3541 loss=-0.035, score=0.972, ntokens=1681.7, nsentences=160, sample_size=1681.7, wps=332.6, ups=0.2, wpb=1681.7, bsz=160, num_updates=2830, lr=7.84785e-06, gnorm=0.308, clip=0, loss_scale=64, train_wall=50, gb_free=33.5, wall=21277
2024-11-07 19:30:43 - progress_bar.py[line:272] - INFO: epoch 001:   2845 / 3541 loss=-0.011, score=1.028, ntokens=1679.7, nsentences=160, sample_size=1679.7, wps=340.7, ups=0.2, wpb=1679.7, bsz=160, num_updates=2840, lr=7.83803e-06, gnorm=0.314, clip=0, loss_scale=64, train_wall=49, gb_free=33.5, wall=21326
2024-11-07 19:31:34 - progress_bar.py[line:272] - INFO: epoch 001:   2855 / 3541 loss=-0.034, score=1.002, ntokens=1701.2, nsentences=160, sample_size=1701.2, wps=335.4, ups=0.2, wpb=1701.2, bsz=160, num_updates=2850, lr=7.82822e-06, gnorm=0.296, clip=0, loss_scale=64, train_wall=51, gb_free=33.4, wall=21377
2024-11-07 19:32:24 - progress_bar.py[line:272] - INFO: epoch 001:   2865 / 3541 loss=-0.011, score=0.965, ntokens=1689.3, nsentences=160, sample_size=1689.3, wps=335.7, ups=0.2, wpb=1689.3, bsz=160, num_updates=2860, lr=7.81841e-06, gnorm=0.305, clip=0, loss_scale=64, train_wall=50, gb_free=33.4, wall=21427
2024-11-07 19:33:15 - progress_bar.py[line:272] - INFO: epoch 001:   2875 / 3541 loss=-0.027, score=0.929, ntokens=1712.4, nsentences=160, sample_size=1712.4, wps=335.2, ups=0.2, wpb=1712.4, bsz=160, num_updates=2870, lr=7.80859e-06, gnorm=0.291, clip=0, loss_scale=64, train_wall=51, gb_free=33.4, wall=21478
2024-11-07 19:34:05 - progress_bar.py[line:272] - INFO: epoch 001:   2885 / 3541 loss=-0.046, score=1.018, ntokens=1683.2, nsentences=160, sample_size=1683.2, wps=339.3, ups=0.2, wpb=1683.2, bsz=160, num_updates=2880, lr=7.79878e-06, gnorm=0.32, clip=0, loss_scale=64, train_wall=50, gb_free=33.5, wall=21528
2024-11-07 19:34:57 - progress_bar.py[line:272] - INFO: epoch 001:   2895 / 3541 loss=-0.022, score=1.032, ntokens=1714.3, nsentences=160, sample_size=1714.3, wps=328.6, ups=0.19, wpb=1714.3, bsz=160, num_updates=2890, lr=7.78896e-06, gnorm=0.346, clip=0, loss_scale=64, train_wall=52, gb_free=33.4, wall=21580
2024-11-07 19:35:47 - progress_bar.py[line:272] - INFO: epoch 001:   2905 / 3541 loss=-0.099, score=0.959, ntokens=1701.2, nsentences=160, sample_size=1701.2, wps=343.9, ups=0.2, wpb=1701.2, bsz=160, num_updates=2900, lr=7.77915e-06, gnorm=0.323, clip=0, loss_scale=64, train_wall=49, gb_free=33.5, wall=21629
2024-11-07 19:36:37 - progress_bar.py[line:272] - INFO: epoch 001:   2915 / 3541 loss=-0.039, score=0.995, ntokens=1705.3, nsentences=160, sample_size=1705.3, wps=339.5, ups=0.2, wpb=1705.3, bsz=160, num_updates=2910, lr=7.76934e-06, gnorm=0.412, clip=10, loss_scale=64, train_wall=50, gb_free=33.5, wall=21680
2024-11-07 19:37:43 - progress_bar.py[line:272] - INFO: epoch 001:   2925 / 3541 loss=-0.013, score=0.993, ntokens=1701, nsentences=160, sample_size=1701, wps=255.7, ups=0.15, wpb=1701, bsz=160, num_updates=2920, lr=7.75952e-06, gnorm=0.34, clip=0, loss_scale=64, train_wall=66, gb_free=33.4, wall=21746
2024-11-07 19:38:45 - progress_bar.py[line:272] - INFO: epoch 001:   2935 / 3541 loss=-0.061, score=0.977, ntokens=1688.7, nsentences=160, sample_size=1688.7, wps=275.2, ups=0.16, wpb=1688.7, bsz=160, num_updates=2930, lr=7.74971e-06, gnorm=0.364, clip=0, loss_scale=64, train_wall=61, gb_free=33.4, wall=21808
2024-11-07 19:39:47 - progress_bar.py[line:272] - INFO: epoch 001:   2945 / 3541 loss=-0.071, score=1.07, ntokens=1717.8, nsentences=160, sample_size=1717.8, wps=275.5, ups=0.16, wpb=1717.8, bsz=160, num_updates=2940, lr=7.7399e-06, gnorm=0.309, clip=0, loss_scale=64, train_wall=62, gb_free=33.5, wall=21870
2024-11-07 19:40:51 - progress_bar.py[line:272] - INFO: epoch 001:   2955 / 3541 loss=-0.078, score=1.016, ntokens=1713.4, nsentences=160, sample_size=1713.4, wps=268.3, ups=0.16, wpb=1713.4, bsz=160, num_updates=2950, lr=7.73008e-06, gnorm=0.349, clip=0, loss_scale=64, train_wall=64, gb_free=33.4, wall=21934
2024-11-07 19:41:54 - progress_bar.py[line:272] - INFO: epoch 001:   2965 / 3541 loss=-0.057, score=1.04, ntokens=1715.2, nsentences=160, sample_size=1715.2, wps=271.7, ups=0.16, wpb=1715.2, bsz=160, num_updates=2960, lr=7.72027e-06, gnorm=0.357, clip=0, loss_scale=64, train_wall=63, gb_free=33.5, wall=21997
2024-11-07 19:42:57 - progress_bar.py[line:272] - INFO: epoch 001:   2975 / 3541 loss=-0.06, score=1.005, ntokens=1704.7, nsentences=160, sample_size=1704.7, wps=269.6, ups=0.16, wpb=1704.7, bsz=160, num_updates=2970, lr=7.71045e-06, gnorm=0.341, clip=0, loss_scale=64, train_wall=63, gb_free=33.4, wall=22060
2024-11-07 19:44:00 - progress_bar.py[line:272] - INFO: epoch 001:   2985 / 3541 loss=-0.069, score=1.017, ntokens=1709.7, nsentences=160, sample_size=1709.7, wps=270.9, ups=0.16, wpb=1709.7, bsz=160, num_updates=2980, lr=7.70064e-06, gnorm=0.343, clip=0, loss_scale=64, train_wall=63, gb_free=33.5, wall=22123
2024-11-07 19:45:05 - progress_bar.py[line:272] - INFO: epoch 001:   2995 / 3541 loss=-0.13, score=1.008, ntokens=1700.8, nsentences=160, sample_size=1700.8, wps=261.7, ups=0.15, wpb=1700.8, bsz=160, num_updates=2990, lr=7.69083e-06, gnorm=0.351, clip=0, loss_scale=64, train_wall=65, gb_free=33.4, wall=22188
2024-11-07 19:46:09 - progress_bar.py[line:272] - INFO: epoch 001:   3005 / 3541 loss=-0.116, score=0.963, ntokens=1691.7, nsentences=160, sample_size=1691.7, wps=266.2, ups=0.16, wpb=1691.7, bsz=160, num_updates=3000, lr=7.68101e-06, gnorm=0.336, clip=0, loss_scale=64, train_wall=63, gb_free=33.4, wall=22252
slice_id 3 seek offset 3750
slice_id 1 seek offset 1250
2024-11-07 19:46:09 - train.py[line:445] - INFO: begin validation on "valid" subset
slice_id 0 seek offset 0
slice_id 2 seek offset 2500
slice_id 3 seek offset 3750
slice_id 0 seek offset 0
slice_id 1 seek offset 1250
slice_id 2 seek offset 2500
2024-11-07 20:03:12 - progress_bar.py[line:282] - INFO: epoch 001 | valid on 'valid' subset | loss -0.126 | score 0.958 | ntokens 421.715 | nsentences 40 | sample_size 421.715 | cider 1.03 | wps 257.5 | wpb 421.7 | bsz 40 | num_updates 3000 | best_cider 1.051
2024-11-07 20:03:12 - checkpoint_utils.py[line:64] - INFO: Preparing to save checkpoint for epoch 1 @ 3000 updates
2024-11-07 20:03:12 - trainer.py[line:431] - INFO: Saving checkpoint to ./stage2_checkpoints/nl/1e-5_3/checkpoint_1_3000.pt
2024-11-07 20:03:18 - trainer.py[line:441] - INFO: Finished saving checkpoint to ./stage2_checkpoints/nl/1e-5_3/checkpoint_1_3000.pt
2024-11-07 20:03:26 - checkpoint_utils.py[line:133] - INFO: Saved checkpoint ./stage2_checkpoints/nl/1e-5_3/checkpoint_1_3000.pt (epoch 1 @ 3000 updates, score 1.03) (writing took 13.610766189987771 seconds)
2024-11-07 20:04:32 - progress_bar.py[line:272] - INFO: epoch 001:   3015 / 3541 loss=-0.044, score=0.945, ntokens=1671.6, nsentences=160, sample_size=1671.6, wps=15.2, ups=0.01, wpb=1671.6, bsz=160, num_updates=3010, lr=7.6712e-06, gnorm=0.318, clip=0, loss_scale=64, train_wall=66, gb_free=33.5, wall=23355
2024-11-07 20:05:35 - progress_bar.py[line:272] - INFO: epoch 001:   3025 / 3541 loss=-0.114, score=1.032, ntokens=1676.9, nsentences=160, sample_size=1676.9, wps=265.2, ups=0.16, wpb=1676.9, bsz=160, num_updates=3020, lr=7.66139e-06, gnorm=0.35, clip=0, loss_scale=64, train_wall=63, gb_free=33.4, wall=23418
2024-11-07 20:06:39 - progress_bar.py[line:272] - INFO: epoch 001:   3035 / 3541 loss=-0.096, score=1, ntokens=1680.1, nsentences=160, sample_size=1680.1, wps=262.5, ups=0.16, wpb=1680.1, bsz=160, num_updates=3030, lr=7.65157e-06, gnorm=0.354, clip=0, loss_scale=64, train_wall=64, gb_free=33.4, wall=23482
2024-11-07 20:07:42 - progress_bar.py[line:272] - INFO: epoch 001:   3045 / 3541 loss=-0.147, score=0.971, ntokens=1676.9, nsentences=160, sample_size=1676.9, wps=268.3, ups=0.16, wpb=1676.9, bsz=160, num_updates=3040, lr=7.64176e-06, gnorm=0.39, clip=0, loss_scale=64, train_wall=62, gb_free=33.4, wall=23545
2024-11-07 20:08:45 - progress_bar.py[line:272] - INFO: epoch 001:   3055 / 3541 loss=-0.151, score=1.073, ntokens=1679.3, nsentences=160, sample_size=1679.3, wps=266.9, ups=0.16, wpb=1679.3, bsz=160, num_updates=3050, lr=7.63194e-06, gnorm=0.352, clip=0, loss_scale=64, train_wall=63, gb_free=33.4, wall=23608
2024-11-07 20:09:49 - progress_bar.py[line:272] - INFO: epoch 001:   3065 / 3541 loss=-0.24, score=1.035, ntokens=1669.5, nsentences=160, sample_size=1669.5, wps=262.1, ups=0.16, wpb=1669.5, bsz=160, num_updates=3060, lr=7.62213e-06, gnorm=0.433, clip=0, loss_scale=64, train_wall=64, gb_free=33.4, wall=23671
2024-11-07 20:10:53 - progress_bar.py[line:272] - INFO: epoch 001:   3075 / 3541 loss=-0.078, score=0.927, ntokens=1682, nsentences=160, sample_size=1682, wps=260.5, ups=0.15, wpb=1682, bsz=160, num_updates=3070, lr=7.61232e-06, gnorm=0.349, clip=0, loss_scale=64, train_wall=64, gb_free=33.4, wall=23736
2024-11-07 20:11:55 - progress_bar.py[line:272] - INFO: epoch 001:   3085 / 3541 loss=-0.127, score=1.026, ntokens=1665.4, nsentences=160, sample_size=1665.4, wps=267.6, ups=0.16, wpb=1665.4, bsz=160, num_updates=3080, lr=7.6025e-06, gnorm=0.352, clip=0, loss_scale=128, train_wall=62, gb_free=33.4, wall=23798
2024-11-07 20:12:58 - progress_bar.py[line:272] - INFO: epoch 001:   3095 / 3541 loss=-0.152, score=1.008, ntokens=1671.1, nsentences=160, sample_size=1671.1, wps=266.5, ups=0.16, wpb=1671.1, bsz=160, num_updates=3090, lr=7.59269e-06, gnorm=0.412, clip=0, loss_scale=128, train_wall=63, gb_free=33.4, wall=23861
2024-11-07 20:14:01 - progress_bar.py[line:272] - INFO: epoch 001:   3105 / 3541 loss=-0.258, score=1.036, ntokens=1661.2, nsentences=160, sample_size=1661.2, wps=263.7, ups=0.16, wpb=1661.2, bsz=160, num_updates=3100, lr=7.58288e-06, gnorm=0.394, clip=0, loss_scale=128, train_wall=63, gb_free=33.5, wall=23924
2024-11-07 20:15:03 - progress_bar.py[line:272] - INFO: epoch 001:   3115 / 3541 loss=-0.135, score=0.943, ntokens=1639, nsentences=160, sample_size=1639, wps=266.7, ups=0.16, wpb=1639, bsz=160, num_updates=3110, lr=7.57306e-06, gnorm=0.392, clip=0, loss_scale=128, train_wall=61, gb_free=33.5, wall=23985
2024-11-07 20:16:05 - progress_bar.py[line:272] - INFO: epoch 001:   3125 / 3541 loss=-0.11, score=1.01, ntokens=1636.4, nsentences=160, sample_size=1636.4, wps=262.7, ups=0.16, wpb=1636.4, bsz=160, num_updates=3120, lr=7.56325e-06, gnorm=0.439, clip=0, loss_scale=128, train_wall=62, gb_free=33.4, wall=24048
2024-11-07 20:17:07 - progress_bar.py[line:272] - INFO: epoch 001:   3135 / 3541 loss=-0.193, score=0.966, ntokens=1646.7, nsentences=160, sample_size=1646.7, wps=265, ups=0.16, wpb=1646.7, bsz=160, num_updates=3130, lr=7.55343e-06, gnorm=0.401, clip=0, loss_scale=128, train_wall=62, gb_free=33.4, wall=24110
2024-11-07 20:18:09 - progress_bar.py[line:272] - INFO: epoch 001:   3145 / 3541 loss=-0.166, score=0.964, ntokens=1657, nsentences=160, sample_size=1657, wps=266.6, ups=0.16, wpb=1657, bsz=160, num_updates=3140, lr=7.54362e-06, gnorm=0.383, clip=0, loss_scale=128, train_wall=62, gb_free=33.4, wall=24172
2024-11-07 20:19:13 - progress_bar.py[line:272] - INFO: epoch 001:   3155 / 3541 loss=-0.121, score=0.945, ntokens=1659.4, nsentences=160, sample_size=1659.4, wps=260.5, ups=0.16, wpb=1659.4, bsz=160, num_updates=3150, lr=7.53381e-06, gnorm=0.343, clip=0, loss_scale=128, train_wall=64, gb_free=33.4, wall=24236
2024-11-07 20:20:15 - progress_bar.py[line:272] - INFO: epoch 001:   3165 / 3541 loss=-0.2, score=0.993, ntokens=1659.7, nsentences=160, sample_size=1659.7, wps=266.5, ups=0.16, wpb=1659.7, bsz=160, num_updates=3160, lr=7.52399e-06, gnorm=0.398, clip=0, loss_scale=128, train_wall=62, gb_free=33.5, wall=24298
2024-11-07 20:21:17 - progress_bar.py[line:272] - INFO: epoch 001:   3175 / 3541 loss=-0.094, score=0.963, ntokens=1645.2, nsentences=160, sample_size=1645.2, wps=264.9, ups=0.16, wpb=1645.2, bsz=160, num_updates=3170, lr=7.51418e-06, gnorm=0.402, clip=0, loss_scale=128, train_wall=62, gb_free=33.5, wall=24360
2024-11-07 20:22:18 - progress_bar.py[line:272] - INFO: epoch 001:   3185 / 3541 loss=-0.148, score=1.012, ntokens=1650, nsentences=160, sample_size=1650, wps=270.8, ups=0.16, wpb=1650, bsz=160, num_updates=3180, lr=7.50437e-06, gnorm=0.347, clip=0, loss_scale=128, train_wall=61, gb_free=33.4, wall=24421
2024-11-07 20:23:19 - progress_bar.py[line:272] - INFO: epoch 001:   3195 / 3541 loss=-0.081, score=0.984, ntokens=1649.3, nsentences=160, sample_size=1649.3, wps=270, ups=0.16, wpb=1649.3, bsz=160, num_updates=3190, lr=7.49455e-06, gnorm=0.299, clip=0, loss_scale=128, train_wall=61, gb_free=33.5, wall=24482
2024-11-07 20:23:35 - trainer.py[line:921] - INFO: NOTE: gradient overflow detected, ignoring gradient, setting loss scale to: 64.0
2024-11-07 20:24:16 - progress_bar.py[line:272] - INFO: epoch 001:   3206 / 3541 loss=-0.132, score=0.961, ntokens=1653.3, nsentences=160, sample_size=1653.3, wps=292.9, ups=0.18, wpb=1653.3, bsz=160, num_updates=3200, lr=7.48474e-06, gnorm=0.4, clip=0, loss_scale=64, train_wall=56, gb_free=33.4, wall=24539
2024-11-07 20:25:06 - progress_bar.py[line:272] - INFO: epoch 001:   3216 / 3541 loss=-0.189, score=0.971, ntokens=1659.8, nsentences=160, sample_size=1659.8, wps=330.1, ups=0.2, wpb=1659.8, bsz=160, num_updates=3210, lr=7.47492e-06, gnorm=0.41, clip=0, loss_scale=64, train_wall=50, gb_free=33.4, wall=24589
2024-11-07 20:25:57 - progress_bar.py[line:272] - INFO: epoch 001:   3226 / 3541 loss=-0.226, score=0.957, ntokens=1669.4, nsentences=160, sample_size=1669.4, wps=327.7, ups=0.2, wpb=1669.4, bsz=160, num_updates=3220, lr=7.46511e-06, gnorm=0.484, clip=0, loss_scale=64, train_wall=51, gb_free=33.4, wall=24640
2024-11-07 20:26:46 - progress_bar.py[line:272] - INFO: epoch 001:   3236 / 3541 loss=-0.146, score=1.042, ntokens=1661.2, nsentences=160, sample_size=1661.2, wps=340.8, ups=0.21, wpb=1661.2, bsz=160, num_updates=3230, lr=7.4553e-06, gnorm=0.458, clip=0, loss_scale=64, train_wall=49, gb_free=33.4, wall=24689
2024-11-07 20:27:36 - progress_bar.py[line:272] - INFO: epoch 001:   3246 / 3541 loss=-0.119, score=1, ntokens=1653, nsentences=160, sample_size=1653, wps=326.8, ups=0.2, wpb=1653, bsz=160, num_updates=3240, lr=7.44548e-06, gnorm=0.397, clip=0, loss_scale=64, train_wall=51, gb_free=33.5, wall=24739
2024-11-07 20:28:26 - progress_bar.py[line:272] - INFO: epoch 001:   3256 / 3541 loss=-0.234, score=1.034, ntokens=1661.2, nsentences=160, sample_size=1661.2, wps=335.6, ups=0.2, wpb=1661.2, bsz=160, num_updates=3250, lr=7.43567e-06, gnorm=0.4, clip=0, loss_scale=64, train_wall=49, gb_free=33.4, wall=24789
2024-11-07 20:29:16 - progress_bar.py[line:272] - INFO: epoch 001:   3266 / 3541 loss=-0.249, score=0.998, ntokens=1690, nsentences=160, sample_size=1690, wps=335.4, ups=0.2, wpb=1690, bsz=160, num_updates=3260, lr=7.42586e-06, gnorm=0.454, clip=0, loss_scale=64, train_wall=50, gb_free=33.4, wall=24839
2024-11-07 20:30:06 - progress_bar.py[line:272] - INFO: epoch 001:   3276 / 3541 loss=-0.178, score=0.986, ntokens=1657.8, nsentences=160, sample_size=1657.8, wps=331, ups=0.2, wpb=1657.8, bsz=160, num_updates=3270, lr=7.41604e-06, gnorm=0.376, clip=0, loss_scale=64, train_wall=50, gb_free=33.4, wall=24889
2024-11-07 20:30:55 - progress_bar.py[line:272] - INFO: epoch 001:   3286 / 3541 loss=-0.127, score=0.917, ntokens=1665.2, nsentences=160, sample_size=1665.2, wps=339.6, ups=0.2, wpb=1665.2, bsz=160, num_updates=3280, lr=7.40623e-06, gnorm=0.414, clip=0, loss_scale=64, train_wall=49, gb_free=33.4, wall=24938
2024-11-07 20:31:46 - progress_bar.py[line:272] - INFO: epoch 001:   3296 / 3541 loss=-0.237, score=0.962, ntokens=1655.9, nsentences=160, sample_size=1655.9, wps=328.4, ups=0.2, wpb=1655.9, bsz=160, num_updates=3290, lr=7.39641e-06, gnorm=0.436, clip=0, loss_scale=64, train_wall=50, gb_free=33.5, wall=24989
2024-11-07 20:32:35 - progress_bar.py[line:272] - INFO: epoch 001:   3306 / 3541 loss=-0.162, score=0.999, ntokens=1662.8, nsentences=160, sample_size=1662.8, wps=336.8, ups=0.2, wpb=1662.8, bsz=160, num_updates=3300, lr=7.3866e-06, gnorm=0.434, clip=0, loss_scale=64, train_wall=49, gb_free=33.4, wall=25038
2024-11-07 20:33:25 - progress_bar.py[line:272] - INFO: epoch 001:   3316 / 3541 loss=-0.217, score=1.058, ntokens=1679.7, nsentences=160, sample_size=1679.7, wps=338.2, ups=0.2, wpb=1679.7, bsz=160, num_updates=3310, lr=7.37679e-06, gnorm=0.482, clip=0, loss_scale=64, train_wall=50, gb_free=33.4, wall=25088
2024-11-07 20:34:15 - progress_bar.py[line:272] - INFO: epoch 001:   3326 / 3541 loss=-0.221, score=0.986, ntokens=1658, nsentences=160, sample_size=1658, wps=333.1, ups=0.2, wpb=1658, bsz=160, num_updates=3320, lr=7.36697e-06, gnorm=0.405, clip=0, loss_scale=64, train_wall=50, gb_free=33.4, wall=25137
2024-11-07 20:35:05 - progress_bar.py[line:272] - INFO: epoch 001:   3336 / 3541 loss=-0.216, score=0.98, ntokens=1666.8, nsentences=160, sample_size=1666.8, wps=329.2, ups=0.2, wpb=1666.8, bsz=160, num_updates=3330, lr=7.35716e-06, gnorm=0.402, clip=0, loss_scale=64, train_wall=51, gb_free=33.4, wall=25188
2024-11-07 20:35:56 - progress_bar.py[line:272] - INFO: epoch 001:   3346 / 3541 loss=-0.257, score=0.992, ntokens=1674.1, nsentences=160, sample_size=1674.1, wps=329, ups=0.2, wpb=1674.1, bsz=160, num_updates=3340, lr=7.34735e-06, gnorm=0.45, clip=0, loss_scale=64, train_wall=51, gb_free=33.4, wall=25239
2024-11-07 20:36:45 - progress_bar.py[line:272] - INFO: epoch 001:   3356 / 3541 loss=-0.215, score=1.008, ntokens=1663.9, nsentences=160, sample_size=1663.9, wps=340.8, ups=0.2, wpb=1663.9, bsz=160, num_updates=3350, lr=7.33753e-06, gnorm=0.385, clip=0, loss_scale=64, train_wall=49, gb_free=33.4, wall=25288
2024-11-07 20:37:34 - progress_bar.py[line:272] - INFO: epoch 001:   3366 / 3541 loss=-0.184, score=0.94, ntokens=1644.5, nsentences=160, sample_size=1644.5, wps=332, ups=0.2, wpb=1644.5, bsz=160, num_updates=3360, lr=7.32772e-06, gnorm=0.336, clip=0, loss_scale=64, train_wall=49, gb_free=33.4, wall=25337
2024-11-07 20:38:24 - progress_bar.py[line:272] - INFO: epoch 001:   3376 / 3541 loss=-0.12, score=1.03, ntokens=1651.8, nsentences=160, sample_size=1651.8, wps=331.6, ups=0.2, wpb=1651.8, bsz=160, num_updates=3370, lr=7.31791e-06, gnorm=0.371, clip=0, loss_scale=64, train_wall=50, gb_free=33.5, wall=25387
2024-11-07 20:39:14 - progress_bar.py[line:272] - INFO: epoch 001:   3386 / 3541 loss=-0.086, score=0.966, ntokens=1662.9, nsentences=160, sample_size=1662.9, wps=331.5, ups=0.2, wpb=1662.9, bsz=160, num_updates=3380, lr=7.30809e-06, gnorm=0.386, clip=0, loss_scale=64, train_wall=50, gb_free=33.5, wall=25437
2024-11-07 20:40:04 - progress_bar.py[line:272] - INFO: epoch 001:   3396 / 3541 loss=-0.256, score=0.987, ntokens=1674.9, nsentences=160, sample_size=1674.9, wps=336.7, ups=0.2, wpb=1674.9, bsz=160, num_updates=3390, lr=7.29828e-06, gnorm=0.462, clip=0, loss_scale=64, train_wall=50, gb_free=33.4, wall=25487
2024-11-07 20:41:01 - progress_bar.py[line:272] - INFO: epoch 001:   3406 / 3541 loss=-0.14, score=0.926, ntokens=1632.4, nsentences=160, sample_size=1632.4, wps=289.4, ups=0.18, wpb=1632.4, bsz=160, num_updates=3400, lr=7.28846e-06, gnorm=0.357, clip=0, loss_scale=64, train_wall=56, gb_free=33.4, wall=25543
2024-11-07 20:42:05 - progress_bar.py[line:272] - INFO: epoch 001:   3416 / 3541 loss=-0.116, score=0.951, ntokens=1652.4, nsentences=160, sample_size=1652.4, wps=254.8, ups=0.15, wpb=1652.4, bsz=160, num_updates=3410, lr=7.27865e-06, gnorm=0.358, clip=0, loss_scale=64, train_wall=65, gb_free=33.4, wall=25608
2024-11-07 20:43:09 - progress_bar.py[line:272] - INFO: epoch 001:   3426 / 3541 loss=-0.225, score=1.031, ntokens=1651.8, nsentences=160, sample_size=1651.8, wps=260.1, ups=0.16, wpb=1651.8, bsz=160, num_updates=3420, lr=7.26884e-06, gnorm=0.436, clip=0, loss_scale=64, train_wall=63, gb_free=33.4, wall=25672
2024-11-07 20:44:12 - progress_bar.py[line:272] - INFO: epoch 001:   3436 / 3541 loss=-0.172, score=1.044, ntokens=1668.2, nsentences=160, sample_size=1668.2, wps=264.4, ups=0.16, wpb=1668.2, bsz=160, num_updates=3430, lr=7.25902e-06, gnorm=0.4, clip=0, loss_scale=64, train_wall=63, gb_free=33.5, wall=25735
2024-11-07 20:45:07 - progress_bar.py[line:272] - INFO: epoch 001:   3446 / 3541 loss=-0.166, score=1.03, ntokens=1657.1, nsentences=160, sample_size=1657.1, wps=299.2, ups=0.18, wpb=1657.1, bsz=160, num_updates=3440, lr=7.24921e-06, gnorm=0.364, clip=0, loss_scale=64, train_wall=55, gb_free=33.4, wall=25790
2024-11-07 20:45:57 - progress_bar.py[line:272] - INFO: epoch 001:   3456 / 3541 loss=-0.149, score=1.014, ntokens=1654, nsentences=160, sample_size=1654, wps=336.9, ups=0.2, wpb=1654, bsz=160, num_updates=3450, lr=7.2394e-06, gnorm=0.419, clip=0, loss_scale=64, train_wall=49, gb_free=33.4, wall=25839
2024-11-07 20:46:48 - progress_bar.py[line:272] - INFO: epoch 001:   3466 / 3541 loss=-0.173, score=0.99, ntokens=1642.2, nsentences=160, sample_size=1642.2, wps=322.5, ups=0.2, wpb=1642.2, bsz=160, num_updates=3460, lr=7.22958e-06, gnorm=0.434, clip=0, loss_scale=64, train_wall=51, gb_free=33.4, wall=25890
2024-11-07 20:47:38 - progress_bar.py[line:272] - INFO: epoch 001:   3476 / 3541 loss=-0.173, score=1.03, ntokens=1653, nsentences=160, sample_size=1653, wps=325.1, ups=0.2, wpb=1653, bsz=160, num_updates=3470, lr=7.21977e-06, gnorm=0.415, clip=0, loss_scale=64, train_wall=51, gb_free=33.5, wall=25941
2024-11-07 20:48:30 - progress_bar.py[line:272] - INFO: epoch 001:   3486 / 3541 loss=-0.134, score=0.968, ntokens=1659.2, nsentences=160, sample_size=1659.2, wps=323.8, ups=0.2, wpb=1659.2, bsz=160, num_updates=3480, lr=7.20995e-06, gnorm=0.434, clip=0, loss_scale=64, train_wall=51, gb_free=33.5, wall=25992
2024-11-07 20:49:18 - progress_bar.py[line:272] - INFO: epoch 001:   3496 / 3541 loss=-0.236, score=1.012, ntokens=1651.7, nsentences=160, sample_size=1651.7, wps=338.1, ups=0.2, wpb=1651.7, bsz=160, num_updates=3490, lr=7.20014e-06, gnorm=0.42, clip=0, loss_scale=64, train_wall=49, gb_free=33.5, wall=26041
slice_id 1 seek offset 1250
2024-11-07 20:50:08 - progress_bar.py[line:272] - INFO: epoch 001:   3506 / 3541 loss=-0.115, score=0.982, ntokens=1653.2, nsentences=160, sample_size=1653.2, wps=334.9, ups=0.2, wpb=1653.2, bsz=160, num_updates=3500, lr=7.19033e-06, gnorm=0.391, clip=0, loss_scale=64, train_wall=49, gb_free=33.5, wall=26091
slice_id 2 seek offset 2500
2024-11-07 20:50:08 - train.py[line:445] - INFO: begin validation on "valid" subset
slice_id 0 seek offset 0
slice_id 1 seek offset 1250
slice_id 0 seek offset 0
slice_id 3 seek offset 3750
slice_id 2 seek offset 2500
slice_id 3 seek offset 3750
2024-11-07 21:03:36 - progress_bar.py[line:282] - INFO: epoch 001 | valid on 'valid' subset | loss -0.228 | score 0.954 | ntokens 415.253 | nsentences 40 | sample_size 415.253 | cider 1.03 | wps 320.9 | wpb 415.3 | bsz 40 | num_updates 3500 | best_cider 1.051
2024-11-07 21:03:36 - checkpoint_utils.py[line:64] - INFO: Preparing to save checkpoint for epoch 1 @ 3500 updates
2024-11-07 21:03:36 - trainer.py[line:431] - INFO: Saving checkpoint to ./stage2_checkpoints/nl/1e-5_3/checkpoint_1_3500.pt
2024-11-07 21:03:42 - trainer.py[line:441] - INFO: Finished saving checkpoint to ./stage2_checkpoints/nl/1e-5_3/checkpoint_1_3500.pt
2024-11-07 21:03:51 - checkpoint_utils.py[line:133] - INFO: Saved checkpoint ./stage2_checkpoints/nl/1e-5_3/checkpoint_1_3500.pt (epoch 1 @ 3500 updates, score 1.03) (writing took 14.218659310019575 seconds)
2024-11-07 21:04:57 - progress_bar.py[line:272] - INFO: epoch 001:   3516 / 3541 loss=-0.304, score=1.016, ntokens=1661.3, nsentences=160, sample_size=1661.3, wps=18.7, ups=0.01, wpb=1661.3, bsz=160, num_updates=3510, lr=7.18051e-06, gnorm=0.436, clip=0, loss_scale=64, train_wall=66, gb_free=33.4, wall=26980
2024-11-07 21:06:00 - progress_bar.py[line:272] - INFO: epoch 001:   3526 / 3541 loss=-0.175, score=0.989, ntokens=1661.5, nsentences=160, sample_size=1661.5, wps=264.9, ups=0.16, wpb=1661.5, bsz=160, num_updates=3520, lr=7.1707e-06, gnorm=0.394, clip=0, loss_scale=64, train_wall=63, gb_free=33.5, wall=27042
2024-11-07 21:07:01 - progress_bar.py[line:272] - INFO: epoch 001:   3536 / 3541 loss=-0.283, score=1.073, ntokens=1665.2, nsentences=160, sample_size=1665.2, wps=269.9, ups=0.16, wpb=1665.2, bsz=160, num_updates=3530, lr=7.16089e-06, gnorm=0.47, clip=10, loss_scale=64, train_wall=62, gb_free=33.5, wall=27104
slice_id 3 seek offset 3750
slice_id 3 seek offset 3750
2024-11-07 21:07:28 - train.py[line:445] - INFO: begin validation on "valid" subset
slice_id 0 seek offset 0
slice_id 1 seek offset 1250
slice_id 2 seek offset 2500
slice_id 0 seek offset 0
slice_id 1 seek offset 1250
slice_id 2 seek offset 2500
2024-11-07 21:24:06 - progress_bar.py[line:282] - INFO: epoch 001 | valid on 'valid' subset | loss -0.18 | score 0.957 | ntokens 411.355 | nsentences 40 | sample_size 411.355 | cider 1.025 | wps 257.7 | wpb 411.4 | bsz 40 | num_updates 3535 | best_cider 1.051
2024-11-07 21:24:06 - checkpoint_utils.py[line:64] - INFO: Preparing to save checkpoint for epoch 1 @ 3535 updates
2024-11-07 21:24:06 - trainer.py[line:431] - INFO: Saving checkpoint to ./stage2_checkpoints/nl/1e-5_3/checkpoint_last.pt
local datafile /data/datasets/EC_pretraining/OFA/dataset/caption/caption_data/caption_stage2_train.tsv slice_id 2 begin to initialize row_count and line_idx-to-offset mapping
local datafile /data/datasets/EC_pretraining/OFA/dataset/caption/caption_data/caption_stage2_train.tsv slice_id 1 begin to initialize row_count and line_idx-to-offset mapping
local datafile /data/datasets/EC_pretraining/OFA/dataset/caption/caption_data/caption_stage2_train.tsv slice_id 3 begin to initialize row_count and line_idx-to-offset mapping
local datafile /data/datasets/EC_pretraining/OFA/dataset/caption/caption_data/caption_stage2_train.tsv slice_id 2 finished initializing row_count and line_idx-to-offset mapping
file /data/datasets/EC_pretraining/OFA/dataset/caption/caption_data/caption_stage2_train.tsv slice_id 2 row count 28322 total row count 113287
local datafile /data/datasets/EC_pretraining/OFA/dataset/caption/caption_data/caption_stage2_train.tsv slice_id 1 finished initializing row_count and line_idx-to-offset mapping
file /data/datasets/EC_pretraining/OFA/dataset/caption/caption_data/caption_stage2_train.tsv slice_id 1 row count 28322 total row count 113287
slice_id 2 seek offset 56644
slice_id 1 seek offset 28322
local datafile /data/datasets/EC_pretraining/OFA/dataset/caption/caption_data/caption_stage2_train.tsv slice_id 3 finished initializing row_count and line_idx-to-offset mapping
file /data/datasets/EC_pretraining/OFA/dataset/caption/caption_data/caption_stage2_train.tsv slice_id 3 row count 28321 total row count 113287
slice_id 3 seek offset 84966
2024-11-07 21:24:15 - trainer.py[line:441] - INFO: Finished saving checkpoint to ./stage2_checkpoints/nl/1e-5_3/checkpoint_last.pt
2024-11-07 21:24:16 - checkpoint_utils.py[line:133] - INFO: Saved checkpoint ./stage2_checkpoints/nl/1e-5_3/checkpoint_last.pt (epoch 1 @ 3535 updates, score 1.025) (writing took 9.637473516049795 seconds)
2024-11-07 21:24:16 - train.py[line:332] - INFO: end of epoch 1 (average epoch stats below)
2024-11-07 21:24:16 - progress_bar.py[line:282] - INFO: epoch 001 | loss -0.054 | score 0.987 | ntokens 1705.1 | nsentences 159.965 | sample_size 1705.1 | wps 214.4 | ups 0.13 | wpb 1705.1 | bsz 160 | num_updates 3535 | lr 7.15598e-06 | gnorm 0.285 | clip 0.7 | loss_scale 64 | train_wall 20279 | gb_free 33.6 | wall 28138
2024-11-07 21:24:16 - trainer.py[line:639] - INFO: loading train data for epoch 2
local datafile /data/datasets/EC_pretraining/OFA/dataset/caption/caption_data/caption_stage2_train.tsv slice_id 0 begin to initialize row_count and line_idx-to-offset mapping
local datafile /data/datasets/EC_pretraining/OFA/dataset/caption/caption_data/caption_stage2_train.tsv slice_id 0 finished initializing row_count and line_idx-to-offset mapping
file /data/datasets/EC_pretraining/OFA/dataset/caption/caption_data/caption_stage2_train.tsv slice_id 0 row count 28322 total row count 113287
slice_id 0 seek offset 0
2024-11-07 21:24:21 - trainer.py[line:703] - INFO: begin training epoch 2
2024-11-07 21:24:21 - train.py[line:305] - INFO: Start iterating over samples
2024-11-07 21:24:54 - progress_bar.py[line:272] - INFO: epoch 002:      5 / 3541 loss=-0.299, score=1.012, ntokens=1529.4, nsentences=148, sample_size=1529.4, wps=14.3, ups=0.01, wpb=1529.4, bsz=148, num_updates=3540, lr=7.15107e-06, gnorm=0.503, clip=0, loss_scale=64, train_wall=60, gb_free=33.4, wall=28177
2024-11-07 21:25:57 - progress_bar.py[line:272] - INFO: epoch 002:     15 / 3541 loss=-0.171, score=0.996, ntokens=1646.4, nsentences=160, sample_size=1646.4, wps=263.5, ups=0.16, wpb=1646.4, bsz=160, num_updates=3550, lr=7.14126e-06, gnorm=0.391, clip=0, loss_scale=64, train_wall=62, gb_free=33.5, wall=28240
2024-11-07 21:26:59 - progress_bar.py[line:272] - INFO: epoch 002:     25 / 3541 loss=-0.244, score=0.959, ntokens=1643.9, nsentences=160, sample_size=1643.9, wps=265.2, ups=0.16, wpb=1643.9, bsz=160, num_updates=3560, lr=7.13144e-06, gnorm=0.419, clip=0, loss_scale=64, train_wall=62, gb_free=33.4, wall=28302
2024-11-07 21:28:01 - progress_bar.py[line:272] - INFO: epoch 002:     35 / 3541 loss=-0.208, score=1.007, ntokens=1636.8, nsentences=160, sample_size=1636.8, wps=264.5, ups=0.16, wpb=1636.8, bsz=160, num_updates=3570, lr=7.12163e-06, gnorm=0.419, clip=0, loss_scale=64, train_wall=62, gb_free=33.4, wall=28364
2024-11-07 21:29:05 - progress_bar.py[line:272] - INFO: epoch 002:     45 / 3541 loss=-0.134, score=0.976, ntokens=1630.6, nsentences=160, sample_size=1630.6, wps=252.7, ups=0.15, wpb=1630.6, bsz=160, num_updates=3580, lr=7.11182e-06, gnorm=0.378, clip=0, loss_scale=64, train_wall=64, gb_free=33.5, wall=28428
2024-11-07 21:30:20 - progress_bar.py[line:272] - INFO: epoch 002:     55 / 3541 loss=-0.217, score=0.993, ntokens=1644.9, nsentences=160, sample_size=1644.9, wps=220.6, ups=0.13, wpb=1644.9, bsz=160, num_updates=3590, lr=7.102e-06, gnorm=0.436, clip=0, loss_scale=64, train_wall=74, gb_free=33.4, wall=28503
2024-11-07 21:31:34 - progress_bar.py[line:272] - INFO: epoch 002:     65 / 3541 loss=-0.209, score=0.939, ntokens=1634.8, nsentences=160, sample_size=1634.8, wps=221.9, ups=0.14, wpb=1634.8, bsz=160, num_updates=3600, lr=7.09219e-06, gnorm=0.474, clip=10, loss_scale=64, train_wall=74, gb_free=33.4, wall=28576
2024-11-07 21:32:47 - progress_bar.py[line:272] - INFO: epoch 002:     75 / 3541 loss=-0.142, score=1.04, ntokens=1629.4, nsentences=160, sample_size=1629.4, wps=221.1, ups=0.14, wpb=1629.4, bsz=160, num_updates=3610, lr=7.08238e-06, gnorm=0.455, clip=0, loss_scale=64, train_wall=74, gb_free=33.5, wall=28650
2024-11-07 21:34:00 - progress_bar.py[line:272] - INFO: epoch 002:     85 / 3541 loss=-0.272, score=1.018, ntokens=1644.4, nsentences=160, sample_size=1644.4, wps=224.8, ups=0.14, wpb=1644.4, bsz=160, num_updates=3620, lr=7.07256e-06, gnorm=0.463, clip=0, loss_scale=64, train_wall=73, gb_free=33.5, wall=28723
2024-11-07 21:35:10 - progress_bar.py[line:272] - INFO: epoch 002:     95 / 3541 loss=-0.35, score=0.991, ntokens=1654.6, nsentences=160, sample_size=1654.6, wps=239, ups=0.14, wpb=1654.6, bsz=160, num_updates=3630, lr=7.06275e-06, gnorm=0.465, clip=0, loss_scale=64, train_wall=69, gb_free=33.5, wall=28792
2024-11-07 21:36:12 - progress_bar.py[line:272] - INFO: epoch 002:    105 / 3541 loss=-0.239, score=1.015, ntokens=1637.5, nsentences=160, sample_size=1637.5, wps=262.3, ups=0.16, wpb=1637.5, bsz=160, num_updates=3640, lr=7.05293e-06, gnorm=0.427, clip=0, loss_scale=64, train_wall=62, gb_free=33.4, wall=28855
2024-11-07 21:37:14 - progress_bar.py[line:272] - INFO: epoch 002:    115 / 3541 loss=-0.202, score=1.037, ntokens=1638.3, nsentences=160, sample_size=1638.3, wps=263.5, ups=0.16, wpb=1638.3, bsz=160, num_updates=3650, lr=7.04312e-06, gnorm=0.477, clip=0, loss_scale=64, train_wall=62, gb_free=33.5, wall=28917
2024-11-07 21:38:24 - progress_bar.py[line:272] - INFO: epoch 002:    125 / 3541 loss=-0.1, score=1.033, ntokens=1632.3, nsentences=160, sample_size=1632.3, wps=235.9, ups=0.14, wpb=1632.3, bsz=160, num_updates=3660, lr=7.03331e-06, gnorm=0.338, clip=0, loss_scale=64, train_wall=69, gb_free=33.5, wall=28986
2024-11-07 21:39:36 - progress_bar.py[line:272] - INFO: epoch 002:    135 / 3541 loss=-0.171, score=0.985, ntokens=1643.5, nsentences=160, sample_size=1643.5, wps=226.7, ups=0.14, wpb=1643.5, bsz=160, num_updates=3670, lr=7.02349e-06, gnorm=0.362, clip=0, loss_scale=64, train_wall=72, gb_free=33.5, wall=29059
2024-11-07 21:40:48 - progress_bar.py[line:272] - INFO: epoch 002:    145 / 3541 loss=-0.132, score=0.99, ntokens=1627, nsentences=160, sample_size=1627, wps=227.6, ups=0.14, wpb=1627, bsz=160, num_updates=3680, lr=7.01368e-06, gnorm=0.369, clip=0, loss_scale=64, train_wall=71, gb_free=33.5, wall=29130
2024-11-07 21:41:54 - progress_bar.py[line:272] - INFO: epoch 002:    155 / 3541 loss=-0.078, score=0.973, ntokens=1631.4, nsentences=160, sample_size=1631.4, wps=244.8, ups=0.15, wpb=1631.4, bsz=160, num_updates=3690, lr=7.00387e-06, gnorm=0.41, clip=0, loss_scale=64, train_wall=67, gb_free=33.5, wall=29197
2024-11-07 21:42:53 - progress_bar.py[line:272] - INFO: epoch 002:    165 / 3541 loss=-0.181, score=1.007, ntokens=1653.5, nsentences=160, sample_size=1653.5, wps=280.7, ups=0.17, wpb=1653.5, bsz=160, num_updates=3700, lr=6.99405e-06, gnorm=0.445, clip=0, loss_scale=64, train_wall=59, gb_free=33.5, wall=29256
2024-11-07 21:43:44 - progress_bar.py[line:272] - INFO: epoch 002:    175 / 3541 loss=-0.172, score=1.019, ntokens=1646.6, nsentences=160, sample_size=1646.6, wps=321.7, ups=0.2, wpb=1646.6, bsz=160, num_updates=3710, lr=6.98424e-06, gnorm=0.439, clip=0, loss_scale=128, train_wall=51, gb_free=33.4, wall=29307
2024-11-07 21:44:24 - trainer.py[line:921] - INFO: NOTE: gradient overflow detected, ignoring gradient, setting loss scale to: 64.0
2024-11-07 21:44:39 - progress_bar.py[line:272] - INFO: epoch 002:    186 / 3541 loss=-0.084, score=1.021, ntokens=1641.6, nsentences=160, sample_size=1641.6, wps=297.7, ups=0.18, wpb=1641.6, bsz=160, num_updates=3720, lr=6.97442e-06, gnorm=0.376, clip=0, loss_scale=64, train_wall=55, gb_free=33.5, wall=29362
2024-11-07 21:45:31 - progress_bar.py[line:272] - INFO: epoch 002:    196 / 3541 loss=-0.272, score=1.002, ntokens=1649.5, nsentences=160, sample_size=1649.5, wps=319.1, ups=0.19, wpb=1649.5, bsz=160, num_updates=3730, lr=6.96461e-06, gnorm=0.441, clip=0, loss_scale=64, train_wall=52, gb_free=33.4, wall=29414
2024-11-07 21:46:21 - progress_bar.py[line:272] - INFO: epoch 002:    206 / 3541 loss=-0.188, score=0.94, ntokens=1634, nsentences=160, sample_size=1634, wps=327.2, ups=0.2, wpb=1634, bsz=160, num_updates=3740, lr=6.9548e-06, gnorm=0.417, clip=0, loss_scale=64, train_wall=50, gb_free=33.4, wall=29464
2024-11-07 21:47:12 - progress_bar.py[line:272] - INFO: epoch 002:    216 / 3541 loss=-0.128, score=1.008, ntokens=1656.6, nsentences=160, sample_size=1656.6, wps=325.7, ups=0.2, wpb=1656.6, bsz=160, num_updates=3750, lr=6.94498e-06, gnorm=0.393, clip=0, loss_scale=64, train_wall=51, gb_free=33.4, wall=29515
2024-11-07 21:48:02 - progress_bar.py[line:272] - INFO: epoch 002:    226 / 3541 loss=-0.087, score=0.996, ntokens=1652.7, nsentences=160, sample_size=1652.7, wps=332.8, ups=0.2, wpb=1652.7, bsz=160, num_updates=3760, lr=6.93517e-06, gnorm=0.398, clip=0, loss_scale=64, train_wall=50, gb_free=33.4, wall=29564
2024-11-07 21:48:51 - progress_bar.py[line:272] - INFO: epoch 002:    236 / 3541 loss=-0.134, score=0.99, ntokens=1657.4, nsentences=160, sample_size=1657.4, wps=337.5, ups=0.2, wpb=1657.4, bsz=160, num_updates=3770, lr=6.92536e-06, gnorm=0.447, clip=0, loss_scale=64, train_wall=49, gb_free=33.5, wall=29614
2024-11-07 21:49:41 - progress_bar.py[line:272] - INFO: epoch 002:    246 / 3541 loss=-0.128, score=0.943, ntokens=1644.6, nsentences=160, sample_size=1644.6, wps=325.3, ups=0.2, wpb=1644.6, bsz=160, num_updates=3780, lr=6.91554e-06, gnorm=0.457, clip=10, loss_scale=64, train_wall=50, gb_free=33.5, wall=29664
2024-11-07 21:50:32 - progress_bar.py[line:272] - INFO: epoch 002:    256 / 3541 loss=-0.193, score=1.026, ntokens=1650.9, nsentences=160, sample_size=1650.9, wps=325.9, ups=0.2, wpb=1650.9, bsz=160, num_updates=3790, lr=6.90573e-06, gnorm=0.496, clip=10, loss_scale=64, train_wall=51, gb_free=33.5, wall=29715
2024-11-07 21:51:23 - progress_bar.py[line:272] - INFO: epoch 002:    266 / 3541 loss=-0.191, score=1.006, ntokens=1634.7, nsentences=160, sample_size=1634.7, wps=321.4, ups=0.2, wpb=1634.7, bsz=160, num_updates=3800, lr=6.89591e-06, gnorm=0.444, clip=0, loss_scale=64, train_wall=51, gb_free=33.4, wall=29766
2024-11-07 21:52:13 - progress_bar.py[line:272] - INFO: epoch 002:    276 / 3541 loss=-0.274, score=1.005, ntokens=1642.9, nsentences=160, sample_size=1642.9, wps=330.4, ups=0.2, wpb=1642.9, bsz=160, num_updates=3810, lr=6.8861e-06, gnorm=0.415, clip=0, loss_scale=64, train_wall=50, gb_free=33.4, wall=29815
2024-11-07 21:53:04 - progress_bar.py[line:272] - INFO: epoch 002:    286 / 3541 loss=-0.131, score=0.988, ntokens=1629.9, nsentences=160, sample_size=1629.9, wps=319, ups=0.2, wpb=1629.9, bsz=160, num_updates=3820, lr=6.87629e-06, gnorm=0.371, clip=0, loss_scale=64, train_wall=51, gb_free=33.5, wall=29866
2024-11-07 21:53:54 - progress_bar.py[line:272] - INFO: epoch 002:    296 / 3541 loss=-0.085, score=1.01, ntokens=1625.3, nsentences=160, sample_size=1625.3, wps=326, ups=0.2, wpb=1625.3, bsz=160, num_updates=3830, lr=6.86647e-06, gnorm=0.48, clip=0, loss_scale=64, train_wall=50, gb_free=33.5, wall=29916
2024-11-07 21:54:44 - progress_bar.py[line:272] - INFO: epoch 002:    306 / 3541 loss=-0.145, score=1.03, ntokens=1657.7, nsentences=160, sample_size=1657.7, wps=330.3, ups=0.2, wpb=1657.7, bsz=160, num_updates=3840, lr=6.85666e-06, gnorm=0.454, clip=0, loss_scale=64, train_wall=50, gb_free=33.4, wall=29966
2024-11-07 21:55:33 - progress_bar.py[line:272] - INFO: epoch 002:    316 / 3541 loss=-0.117, score=1.072, ntokens=1651.9, nsentences=160, sample_size=1651.9, wps=333.3, ups=0.2, wpb=1651.9, bsz=160, num_updates=3850, lr=6.84685e-06, gnorm=0.428, clip=0, loss_scale=64, train_wall=49, gb_free=33.5, wall=30016
2024-11-07 21:56:22 - progress_bar.py[line:272] - INFO: epoch 002:    326 / 3541 loss=-0.103, score=0.919, ntokens=1645.1, nsentences=160, sample_size=1645.1, wps=337.3, ups=0.21, wpb=1645.1, bsz=160, num_updates=3860, lr=6.83703e-06, gnorm=0.446, clip=0, loss_scale=64, train_wall=49, gb_free=33.4, wall=30065
2024-11-07 21:57:11 - progress_bar.py[line:272] - INFO: epoch 002:    336 / 3541 loss=-0.097, score=0.989, ntokens=1633.8, nsentences=160, sample_size=1633.8, wps=332.7, ups=0.2, wpb=1633.8, bsz=160, num_updates=3870, lr=6.82722e-06, gnorm=0.332, clip=0, loss_scale=64, train_wall=49, gb_free=33.4, wall=30114
2024-11-07 21:58:02 - progress_bar.py[line:272] - INFO: epoch 002:    346 / 3541 loss=-0.193, score=0.962, ntokens=1667.4, nsentences=160, sample_size=1667.4, wps=325.6, ups=0.2, wpb=1667.4, bsz=160, num_updates=3880, lr=6.8174e-06, gnorm=0.438, clip=0, loss_scale=64, train_wall=51, gb_free=33.4, wall=30165
2024-11-07 21:58:53 - progress_bar.py[line:272] - INFO: epoch 002:    356 / 3541 loss=-0.101, score=0.997, ntokens=1646.1, nsentences=160, sample_size=1646.1, wps=325.5, ups=0.2, wpb=1646.1, bsz=160, num_updates=3890, lr=6.80759e-06, gnorm=0.451, clip=0, loss_scale=64, train_wall=51, gb_free=33.5, wall=30216
2024-11-07 21:59:55 - progress_bar.py[line:272] - INFO: epoch 002:    366 / 3541 loss=-0.142, score=0.977, ntokens=1655.6, nsentences=160, sample_size=1655.6, wps=265.1, ups=0.16, wpb=1655.6, bsz=160, num_updates=3900, lr=6.79778e-06, gnorm=0.355, clip=0, loss_scale=64, train_wall=62, gb_free=33.4, wall=30278
2024-11-07 22:00:56 - progress_bar.py[line:272] - INFO: epoch 002:    376 / 3541 loss=-0.17, score=1.085, ntokens=1668.5, nsentences=160, sample_size=1668.5, wps=273.3, ups=0.16, wpb=1668.5, bsz=160, num_updates=3910, lr=6.78796e-06, gnorm=0.455, clip=0, loss_scale=64, train_wall=61, gb_free=33.4, wall=30339
2024-11-07 22:01:58 - progress_bar.py[line:272] - INFO: epoch 002:    386 / 3541 loss=-0.159, score=0.998, ntokens=1651.5, nsentences=160, sample_size=1651.5, wps=270.3, ups=0.16, wpb=1651.5, bsz=160, num_updates=3920, lr=6.77815e-06, gnorm=0.406, clip=0, loss_scale=64, train_wall=61, gb_free=33.4, wall=30400
2024-11-07 22:03:00 - progress_bar.py[line:272] - INFO: epoch 002:    396 / 3541 loss=-0.087, score=1.024, ntokens=1651.7, nsentences=160, sample_size=1651.7, wps=265.4, ups=0.16, wpb=1651.7, bsz=160, num_updates=3930, lr=6.76834e-06, gnorm=0.368, clip=0, loss_scale=64, train_wall=62, gb_free=33.4, wall=30463
2024-11-07 22:04:03 - progress_bar.py[line:272] - INFO: epoch 002:    406 / 3541 loss=-0.055, score=1.044, ntokens=1655.5, nsentences=160, sample_size=1655.5, wps=261.7, ups=0.16, wpb=1655.5, bsz=160, num_updates=3940, lr=6.75852e-06, gnorm=0.386, clip=0, loss_scale=64, train_wall=63, gb_free=33.4, wall=30526
2024-11-07 22:05:04 - progress_bar.py[line:272] - INFO: epoch 002:    416 / 3541 loss=-0.093, score=1.038, ntokens=1656.2, nsentences=160, sample_size=1656.2, wps=270.5, ups=0.16, wpb=1656.2, bsz=160, num_updates=3950, lr=6.74871e-06, gnorm=0.436, clip=0, loss_scale=64, train_wall=61, gb_free=33.4, wall=30587
2024-11-07 22:06:07 - progress_bar.py[line:272] - INFO: epoch 002:    426 / 3541 loss=-0.179, score=0.989, ntokens=1675.6, nsentences=160, sample_size=1675.6, wps=268.7, ups=0.16, wpb=1675.6, bsz=160, num_updates=3960, lr=6.73889e-06, gnorm=0.415, clip=0, loss_scale=64, train_wall=62, gb_free=33.4, wall=30649
2024-11-07 22:07:08 - progress_bar.py[line:272] - INFO: epoch 002:    436 / 3541 loss=-0.061, score=1.045, ntokens=1649.6, nsentences=160, sample_size=1649.6, wps=269.8, ups=0.16, wpb=1649.6, bsz=160, num_updates=3970, lr=6.72908e-06, gnorm=0.438, clip=0, loss_scale=64, train_wall=61, gb_free=33.4, wall=30711
2024-11-07 22:08:10 - progress_bar.py[line:272] - INFO: epoch 002:    446 / 3541 loss=-0.167, score=0.985, ntokens=1662.2, nsentences=160, sample_size=1662.2, wps=267.1, ups=0.16, wpb=1662.2, bsz=160, num_updates=3980, lr=6.71927e-06, gnorm=0.502, clip=0, loss_scale=64, train_wall=62, gb_free=33.4, wall=30773
2024-11-07 22:09:11 - progress_bar.py[line:272] - INFO: epoch 002:    456 / 3541 loss=-0.086, score=1.051, ntokens=1649.2, nsentences=160, sample_size=1649.2, wps=272.1, ups=0.16, wpb=1649.2, bsz=160, num_updates=3990, lr=6.70945e-06, gnorm=0.385, clip=0, loss_scale=64, train_wall=61, gb_free=33.4, wall=30833
slice_id 2 seek offset 2500
slice_id 2 seek offset 2500
2024-11-07 22:10:11 - progress_bar.py[line:272] - INFO: epoch 002:    466 / 3541 loss=-0.135, score=0.914, ntokens=1639.8, nsentences=160, sample_size=1639.8, wps=270.9, ups=0.17, wpb=1639.8, bsz=160, num_updates=4000, lr=6.69964e-06, gnorm=0.353, clip=0, loss_scale=64, train_wall=60, gb_free=33.5, wall=30894
2024-11-07 22:10:11 - train.py[line:445] - INFO: begin validation on "valid" subset
slice_id 0 seek offset 0
slice_id 3 seek offset 3750
slice_id 1 seek offset 1250
slice_id 0 seek offset 0
slice_id 3 seek offset 3750
slice_id 1 seek offset 1250
2024-11-07 22:26:51 - progress_bar.py[line:282] - INFO: epoch 002 | valid on 'valid' subset | loss -0.104 | score 0.971 | ntokens 411.698 | nsentences 40 | sample_size 411.698 | cider 1.031 | wps 257.4 | wpb 411.7 | bsz 40 | num_updates 4000 | best_cider 1.051
2024-11-07 22:26:51 - checkpoint_utils.py[line:64] - INFO: Preparing to save checkpoint for epoch 2 @ 4000 updates
2024-11-07 22:26:51 - trainer.py[line:431] - INFO: Saving checkpoint to ./stage2_checkpoints/nl/1e-5_3/checkpoint_2_4000.pt
2024-11-07 22:26:56 - trainer.py[line:441] - INFO: Finished saving checkpoint to ./stage2_checkpoints/nl/1e-5_3/checkpoint_2_4000.pt
2024-11-07 22:27:05 - checkpoint_utils.py[line:133] - INFO: Saved checkpoint ./stage2_checkpoints/nl/1e-5_3/checkpoint_2_4000.pt (epoch 2 @ 4000 updates, score 1.031) (writing took 14.36008444800973 seconds)
2024-11-07 22:28:09 - progress_bar.py[line:272] - INFO: epoch 002:    476 / 3541 loss=-0.08, score=1.052, ntokens=1642, nsentences=160, sample_size=1642, wps=15.2, ups=0.01, wpb=1642, bsz=160, num_updates=4010, lr=6.68983e-06, gnorm=0.379, clip=0, loss_scale=64, train_wall=64, gb_free=33.5, wall=31972
2024-11-07 22:29:12 - progress_bar.py[line:272] - INFO: epoch 002:    486 / 3541 loss=-0.064, score=1.048, ntokens=1643.9, nsentences=160, sample_size=1643.9, wps=259.7, ups=0.16, wpb=1643.9, bsz=160, num_updates=4020, lr=6.68001e-06, gnorm=0.383, clip=0, loss_scale=64, train_wall=63, gb_free=33.4, wall=32035
2024-11-07 22:30:14 - progress_bar.py[line:272] - INFO: epoch 002:    496 / 3541 loss=-0.074, score=0.981, ntokens=1653.3, nsentences=160, sample_size=1653.3, wps=269, ups=0.16, wpb=1653.3, bsz=160, num_updates=4030, lr=6.6702e-06, gnorm=0.367, clip=0, loss_scale=64, train_wall=61, gb_free=33.4, wall=32097
2024-11-07 22:31:16 - progress_bar.py[line:272] - INFO: epoch 002:    506 / 3541 loss=-0.106, score=0.957, ntokens=1651.7, nsentences=160, sample_size=1651.7, wps=266.6, ups=0.16, wpb=1651.7, bsz=160, num_updates=4040, lr=6.66038e-06, gnorm=0.383, clip=0, loss_scale=64, train_wall=62, gb_free=33.4, wall=32159
2024-11-07 22:32:17 - progress_bar.py[line:272] - INFO: epoch 002:    516 / 3541 loss=-0.172, score=1.051, ntokens=1661.3, nsentences=160, sample_size=1661.3, wps=272.9, ups=0.16, wpb=1661.3, bsz=160, num_updates=4050, lr=6.65057e-06, gnorm=0.471, clip=0, loss_scale=64, train_wall=61, gb_free=33.5, wall=32219
2024-11-07 22:33:19 - progress_bar.py[line:272] - INFO: epoch 002:    526 / 3541 loss=-0.188, score=0.979, ntokens=1669.4, nsentences=160, sample_size=1669.4, wps=265.9, ups=0.16, wpb=1669.4, bsz=160, num_updates=4060, lr=6.64076e-06, gnorm=0.38, clip=0, loss_scale=64, train_wall=63, gb_free=33.4, wall=32282
2024-11-07 22:34:22 - progress_bar.py[line:272] - INFO: epoch 002:    536 / 3541 loss=-0.053, score=1.063, ntokens=1657.2, nsentences=160, sample_size=1657.2, wps=265.5, ups=0.16, wpb=1657.2, bsz=160, num_updates=4070, lr=6.63094e-06, gnorm=0.415, clip=0, loss_scale=64, train_wall=62, gb_free=33.5, wall=32345
2024-11-07 22:35:25 - progress_bar.py[line:272] - INFO: epoch 002:    546 / 3541 loss=-0.069, score=1.014, ntokens=1661.9, nsentences=160, sample_size=1661.9, wps=264.7, ups=0.16, wpb=1661.9, bsz=160, num_updates=4080, lr=6.62113e-06, gnorm=0.419, clip=0, loss_scale=64, train_wall=63, gb_free=33.5, wall=32407
2024-11-07 22:36:29 - progress_bar.py[line:272] - INFO: epoch 002:    556 / 3541 loss=-0.09, score=1.025, ntokens=1651.4, nsentences=160, sample_size=1651.4, wps=257.7, ups=0.16, wpb=1651.4, bsz=160, num_updates=4090, lr=6.61132e-06, gnorm=0.358, clip=0, loss_scale=64, train_wall=64, gb_free=33.5, wall=32472
2024-11-07 22:37:30 - progress_bar.py[line:272] - INFO: epoch 002:    566 / 3541 loss=-0.172, score=1.039, ntokens=1669.5, nsentences=160, sample_size=1669.5, wps=270.7, ups=0.16, wpb=1669.5, bsz=160, num_updates=4100, lr=6.6015e-06, gnorm=0.419, clip=0, loss_scale=64, train_wall=62, gb_free=33.4, wall=32533
2024-11-07 22:38:33 - progress_bar.py[line:272] - INFO: epoch 002:    576 / 3541 loss=-0.115, score=1.027, ntokens=1651.9, nsentences=160, sample_size=1651.9, wps=266.1, ups=0.16, wpb=1651.9, bsz=160, num_updates=4110, lr=6.59169e-06, gnorm=0.446, clip=0, loss_scale=64, train_wall=62, gb_free=33.5, wall=32595
2024-11-07 22:39:35 - progress_bar.py[line:272] - INFO: epoch 002:    586 / 3541 loss=-0.158, score=1.002, ntokens=1669.6, nsentences=160, sample_size=1669.6, wps=265.7, ups=0.16, wpb=1669.6, bsz=160, num_updates=4120, lr=6.58187e-06, gnorm=0.427, clip=0, loss_scale=64, train_wall=63, gb_free=33.4, wall=32658
2024-11-07 22:40:38 - progress_bar.py[line:272] - INFO: epoch 002:    596 / 3541 loss=-0.109, score=1.087, ntokens=1681, nsentences=160, sample_size=1681, wps=267.3, ups=0.16, wpb=1681, bsz=160, num_updates=4130, lr=6.57206e-06, gnorm=0.441, clip=0, loss_scale=64, train_wall=63, gb_free=33.4, wall=32721
2024-11-07 22:41:42 - progress_bar.py[line:272] - INFO: epoch 002:    606 / 3541 loss=-0.092, score=1.062, ntokens=1658.7, nsentences=160, sample_size=1658.7, wps=258.6, ups=0.16, wpb=1658.7, bsz=160, num_updates=4140, lr=6.56225e-06, gnorm=0.418, clip=0, loss_scale=64, train_wall=64, gb_free=33.5, wall=32785
2024-11-07 22:42:45 - progress_bar.py[line:272] - INFO: epoch 002:    616 / 3541 loss=-0.101, score=1.024, ntokens=1671.6, nsentences=160, sample_size=1671.6, wps=269.2, ups=0.16, wpb=1671.6, bsz=160, num_updates=4150, lr=6.55243e-06, gnorm=0.397, clip=0, loss_scale=64, train_wall=62, gb_free=33.5, wall=32847
2024-11-07 22:43:50 - progress_bar.py[line:272] - INFO: epoch 002:    626 / 3541 loss=-0.18, score=1.045, ntokens=1668.6, nsentences=160, sample_size=1668.6, wps=256.4, ups=0.15, wpb=1668.6, bsz=160, num_updates=4160, lr=6.54262e-06, gnorm=0.451, clip=0, loss_scale=64, train_wall=65, gb_free=33.4, wall=32912
2024-11-07 22:44:54 - progress_bar.py[line:272] - INFO: epoch 002:    636 / 3541 loss=-0.089, score=0.964, ntokens=1677.5, nsentences=160, sample_size=1677.5, wps=262.3, ups=0.16, wpb=1677.5, bsz=160, num_updates=4170, lr=6.53281e-06, gnorm=0.352, clip=0, loss_scale=64, train_wall=64, gb_free=33.4, wall=32976
2024-11-07 22:45:54 - progress_bar.py[line:272] - INFO: epoch 002:    646 / 3541 loss=-0.036, score=1.048, ntokens=1661.1, nsentences=160, sample_size=1661.1, wps=274.6, ups=0.17, wpb=1661.1, bsz=160, num_updates=4180, lr=6.52299e-06, gnorm=0.381, clip=0, loss_scale=64, train_wall=60, gb_free=33.5, wall=33037
2024-11-07 22:46:44 - progress_bar.py[line:272] - INFO: epoch 002:    656 / 3541 loss=-0.104, score=1.027, ntokens=1675.8, nsentences=160, sample_size=1675.8, wps=336.3, ups=0.2, wpb=1675.8, bsz=160, num_updates=4190, lr=6.51318e-06, gnorm=0.38, clip=0, loss_scale=64, train_wall=50, gb_free=33.4, wall=33087
2024-11-07 22:47:34 - progress_bar.py[line:272] - INFO: epoch 002:    666 / 3541 loss=-0.102, score=0.971, ntokens=1669.1, nsentences=160, sample_size=1669.1, wps=333.4, ups=0.2, wpb=1669.1, bsz=160, num_updates=4200, lr=6.50336e-06, gnorm=0.374, clip=0, loss_scale=64, train_wall=50, gb_free=33.4, wall=33137
2024-11-07 22:48:25 - progress_bar.py[line:272] - INFO: epoch 002:    676 / 3541 loss=-0.048, score=0.998, ntokens=1676, nsentences=160, sample_size=1676, wps=330.6, ups=0.2, wpb=1676, bsz=160, num_updates=4210, lr=6.49355e-06, gnorm=0.384, clip=0, loss_scale=64, train_wall=51, gb_free=33.5, wall=33187
2024-11-07 22:49:15 - progress_bar.py[line:272] - INFO: epoch 002:    686 / 3541 loss=-0.058, score=1.018, ntokens=1660.4, nsentences=160, sample_size=1660.4, wps=330.9, ups=0.2, wpb=1660.4, bsz=160, num_updates=4220, lr=6.48374e-06, gnorm=0.367, clip=0, loss_scale=64, train_wall=50, gb_free=33.4, wall=33238
2024-11-07 22:50:04 - progress_bar.py[line:272] - INFO: epoch 002:    696 / 3541 loss=-0.085, score=1.029, ntokens=1684.6, nsentences=160, sample_size=1684.6, wps=341.8, ups=0.2, wpb=1684.6, bsz=160, num_updates=4230, lr=6.47392e-06, gnorm=0.343, clip=0, loss_scale=128, train_wall=49, gb_free=33.4, wall=33287
2024-11-07 22:50:56 - progress_bar.py[line:272] - INFO: epoch 002:    706 / 3541 loss=-0.102, score=1.006, ntokens=1673.4, nsentences=160, sample_size=1673.4, wps=321.5, ups=0.19, wpb=1673.4, bsz=160, num_updates=4240, lr=6.46411e-06, gnorm=0.352, clip=0, loss_scale=128, train_wall=52, gb_free=33.5, wall=33339
2024-11-07 22:51:48 - progress_bar.py[line:272] - INFO: epoch 002:    716 / 3541 loss=-0.144, score=0.965, ntokens=1684.1, nsentences=160, sample_size=1684.1, wps=323.1, ups=0.19, wpb=1684.1, bsz=160, num_updates=4250, lr=6.4543e-06, gnorm=0.369, clip=0, loss_scale=128, train_wall=52, gb_free=33.5, wall=33391
2024-11-07 22:52:38 - progress_bar.py[line:272] - INFO: epoch 002:    726 / 3541 loss=-0.125, score=1.039, ntokens=1671, nsentences=160, sample_size=1671, wps=335.9, ups=0.2, wpb=1671, bsz=160, num_updates=4260, lr=6.44448e-06, gnorm=0.386, clip=0, loss_scale=128, train_wall=50, gb_free=33.4, wall=33441
2024-11-07 22:53:13 - trainer.py[line:921] - INFO: NOTE: gradient overflow detected, ignoring gradient, setting loss scale to: 64.0
2024-11-07 22:53:33 - progress_bar.py[line:272] - INFO: epoch 002:    737 / 3541 loss=-0.197, score=1.024, ntokens=1678.1, nsentences=160, sample_size=1678.1, wps=304.2, ups=0.18, wpb=1678.1, bsz=160, num_updates=4270, lr=6.43467e-06, gnorm=0.457, clip=0, loss_scale=64, train_wall=55, gb_free=33.5, wall=33496
2024-11-07 22:54:23 - progress_bar.py[line:272] - INFO: epoch 002:    747 / 3541 loss=-0.077, score=1.015, ntokens=1663.9, nsentences=160, sample_size=1663.9, wps=336.9, ups=0.2, wpb=1663.9, bsz=160, num_updates=4280, lr=6.42485e-06, gnorm=0.332, clip=0, loss_scale=64, train_wall=49, gb_free=33.4, wall=33545
2024-11-07 22:55:13 - progress_bar.py[line:272] - INFO: epoch 002:    757 / 3541 loss=-0.167, score=1.053, ntokens=1663.1, nsentences=160, sample_size=1663.1, wps=332.4, ups=0.2, wpb=1663.1, bsz=160, num_updates=4290, lr=6.41504e-06, gnorm=0.424, clip=0, loss_scale=64, train_wall=50, gb_free=33.4, wall=33595
2024-11-07 22:56:02 - progress_bar.py[line:272] - INFO: epoch 002:    767 / 3541 loss=-0.096, score=1.024, ntokens=1650.3, nsentences=160, sample_size=1650.3, wps=333.1, ups=0.2, wpb=1650.3, bsz=160, num_updates=4300, lr=6.40523e-06, gnorm=0.374, clip=0, loss_scale=64, train_wall=49, gb_free=33.5, wall=33645
2024-11-07 22:56:52 - progress_bar.py[line:272] - INFO: epoch 002:    777 / 3541 loss=-0.128, score=0.948, ntokens=1669.9, nsentences=160, sample_size=1669.9, wps=333.1, ups=0.2, wpb=1669.9, bsz=160, num_updates=4310, lr=6.39541e-06, gnorm=0.345, clip=0, loss_scale=64, train_wall=50, gb_free=33.4, wall=33695
2024-11-07 22:57:43 - progress_bar.py[line:272] - INFO: epoch 002:    787 / 3541 loss=-0.05, score=1.052, ntokens=1653, nsentences=160, sample_size=1653, wps=328.8, ups=0.2, wpb=1653, bsz=160, num_updates=4320, lr=6.3856e-06, gnorm=0.379, clip=0, loss_scale=64, train_wall=50, gb_free=33.5, wall=33745
2024-11-07 22:58:33 - progress_bar.py[line:272] - INFO: epoch 002:    797 / 3541 loss=-0.086, score=1.079, ntokens=1645.8, nsentences=160, sample_size=1645.8, wps=328.4, ups=0.2, wpb=1645.8, bsz=160, num_updates=4330, lr=6.37579e-06, gnorm=0.45, clip=0, loss_scale=64, train_wall=50, gb_free=33.5, wall=33796
2024-11-07 22:59:23 - progress_bar.py[line:272] - INFO: epoch 002:    807 / 3541 loss=-0.051, score=1.016, ntokens=1674, nsentences=160, sample_size=1674, wps=334.3, ups=0.2, wpb=1674, bsz=160, num_updates=4340, lr=6.36597e-06, gnorm=0.389, clip=0, loss_scale=64, train_wall=50, gb_free=33.4, wall=33846
2024-11-07 23:00:13 - progress_bar.py[line:272] - INFO: epoch 002:    817 / 3541 loss=-0.123, score=1.013, ntokens=1675.5, nsentences=160, sample_size=1675.5, wps=333.6, ups=0.2, wpb=1675.5, bsz=160, num_updates=4350, lr=6.35616e-06, gnorm=0.409, clip=0, loss_scale=64, train_wall=50, gb_free=33.4, wall=33896
2024-11-07 23:01:03 - progress_bar.py[line:272] - INFO: epoch 002:    827 / 3541 loss=-0.094, score=1.026, ntokens=1656.9, nsentences=160, sample_size=1656.9, wps=330, ups=0.2, wpb=1656.9, bsz=160, num_updates=4360, lr=6.34634e-06, gnorm=0.411, clip=0, loss_scale=64, train_wall=50, gb_free=33.5, wall=33946
2024-11-07 23:01:54 - progress_bar.py[line:272] - INFO: epoch 002:    837 / 3541 loss=-0.097, score=1.015, ntokens=1685.5, nsentences=160, sample_size=1685.5, wps=329.5, ups=0.2, wpb=1685.5, bsz=160, num_updates=4370, lr=6.33653e-06, gnorm=0.396, clip=0, loss_scale=64, train_wall=51, gb_free=33.4, wall=33997
2024-11-07 23:02:44 - progress_bar.py[line:272] - INFO: epoch 002:    847 / 3541 loss=-0.108, score=1.036, ntokens=1680.2, nsentences=160, sample_size=1680.2, wps=337.4, ups=0.2, wpb=1680.2, bsz=160, num_updates=4380, lr=6.32672e-06, gnorm=0.421, clip=0, loss_scale=64, train_wall=50, gb_free=33.4, wall=34047
2024-11-07 23:03:47 - progress_bar.py[line:272] - INFO: epoch 002:    857 / 3541 loss=-0.093, score=0.971, ntokens=1673.9, nsentences=160, sample_size=1673.9, wps=265.4, ups=0.16, wpb=1673.9, bsz=160, num_updates=4390, lr=6.3169e-06, gnorm=0.353, clip=0, loss_scale=64, train_wall=63, gb_free=33.4, wall=34110
2024-11-07 23:04:52 - progress_bar.py[line:272] - INFO: epoch 002:    867 / 3541 loss=-0.174, score=1.053, ntokens=1672.5, nsentences=160, sample_size=1672.5, wps=260.1, ups=0.16, wpb=1672.5, bsz=160, num_updates=4400, lr=6.30709e-06, gnorm=0.352, clip=0, loss_scale=64, train_wall=64, gb_free=33.5, wall=34174
2024-11-07 23:05:54 - progress_bar.py[line:272] - INFO: epoch 002:    877 / 3541 loss=-0.085, score=1.048, ntokens=1661, nsentences=160, sample_size=1661, wps=266.6, ups=0.16, wpb=1661, bsz=160, num_updates=4410, lr=6.29728e-06, gnorm=0.347, clip=0, loss_scale=64, train_wall=62, gb_free=33.5, wall=34237
2024-11-07 23:06:57 - progress_bar.py[line:272] - INFO: epoch 002:    887 / 3541 loss=-0.121, score=1.038, ntokens=1671.9, nsentences=160, sample_size=1671.9, wps=264.5, ups=0.16, wpb=1671.9, bsz=160, num_updates=4420, lr=6.28746e-06, gnorm=0.397, clip=0, loss_scale=64, train_wall=63, gb_free=33.5, wall=34300
2024-11-07 23:07:59 - progress_bar.py[line:272] - INFO: epoch 002:    897 / 3541 loss=-0.071, score=0.972, ntokens=1676.5, nsentences=160, sample_size=1676.5, wps=269.6, ups=0.16, wpb=1676.5, bsz=160, num_updates=4430, lr=6.27765e-06, gnorm=0.299, clip=0, loss_scale=64, train_wall=62, gb_free=33.4, wall=34362
2024-11-07 23:09:01 - progress_bar.py[line:272] - INFO: epoch 002:    907 / 3541 loss=-0.09, score=0.989, ntokens=1675.4, nsentences=160, sample_size=1675.4, wps=271, ups=0.16, wpb=1675.4, bsz=160, num_updates=4440, lr=6.26783e-06, gnorm=0.438, clip=0, loss_scale=64, train_wall=62, gb_free=33.4, wall=34424
2024-11-07 23:10:02 - progress_bar.py[line:272] - INFO: epoch 002:    917 / 3541 loss=-0.048, score=1.042, ntokens=1661.2, nsentences=160, sample_size=1661.2, wps=273.6, ups=0.16, wpb=1661.2, bsz=160, num_updates=4450, lr=6.25802e-06, gnorm=0.476, clip=10, loss_scale=64, train_wall=61, gb_free=33.5, wall=34485
2024-11-07 23:11:04 - progress_bar.py[line:272] - INFO: epoch 002:    927 / 3541 loss=-0.082, score=0.972, ntokens=1672.5, nsentences=160, sample_size=1672.5, wps=270.9, ups=0.16, wpb=1672.5, bsz=160, num_updates=4460, lr=6.24821e-06, gnorm=0.348, clip=0, loss_scale=64, train_wall=62, gb_free=33.5, wall=34546
2024-11-07 23:12:05 - progress_bar.py[line:272] - INFO: epoch 002:    937 / 3541 loss=-0.054, score=1.019, ntokens=1661.5, nsentences=160, sample_size=1661.5, wps=269.6, ups=0.16, wpb=1661.5, bsz=160, num_updates=4470, lr=6.23839e-06, gnorm=0.406, clip=0, loss_scale=64, train_wall=62, gb_free=33.4, wall=34608
2024-11-07 23:13:08 - progress_bar.py[line:272] - INFO: epoch 002:    947 / 3541 loss=-0.085, score=0.965, ntokens=1678, nsentences=160, sample_size=1678, wps=266.7, ups=0.16, wpb=1678, bsz=160, num_updates=4480, lr=6.22858e-06, gnorm=0.399, clip=0, loss_scale=64, train_wall=63, gb_free=33.4, wall=34671
2024-11-07 23:14:10 - progress_bar.py[line:272] - INFO: epoch 002:    957 / 3541 loss=-0.131, score=1.032, ntokens=1678.5, nsentences=160, sample_size=1678.5, wps=272.6, ups=0.16, wpb=1678.5, bsz=160, num_updates=4490, lr=6.21877e-06, gnorm=0.425, clip=0, loss_scale=64, train_wall=62, gb_free=33.4, wall=34733
slice_id 1 seek offset 1250
slice_id 2 seek offset 2500
slice_id 3 seek offset 3750
2024-11-07 23:15:13 - progress_bar.py[line:272] - INFO: epoch 002:    967 / 3541 loss=-0.231, score=0.973, ntokens=1705.8, nsentences=160, sample_size=1705.8, wps=269.6, ups=0.16, wpb=1705.8, bsz=160, num_updates=4500, lr=6.20895e-06, gnorm=0.415, clip=0, loss_scale=64, train_wall=63, gb_free=33.4, wall=34796
2024-11-07 23:15:13 - train.py[line:445] - INFO: begin validation on "valid" subset
slice_id 0 seek offset 0
slice_id 1 seek offset 1250
slice_id 3 seek offset 3750
slice_id 2 seek offset 2500
slice_id 0 seek offset 0
2024-11-07 23:32:47 - progress_bar.py[line:282] - INFO: epoch 002 | valid on 'valid' subset | loss -0.089 | score 0.978 | ntokens 417.358 | nsentences 40 | sample_size 417.358 | cider 1.035 | wps 247.5 | wpb 417.4 | bsz 40 | num_updates 4500 | best_cider 1.051
2024-11-07 23:32:47 - checkpoint_utils.py[line:64] - INFO: Preparing to save checkpoint for epoch 2 @ 4500 updates
2024-11-07 23:32:47 - trainer.py[line:431] - INFO: Saving checkpoint to ./stage2_checkpoints/nl/1e-5_3/checkpoint_2_4500.pt
2024-11-07 23:32:53 - trainer.py[line:441] - INFO: Finished saving checkpoint to ./stage2_checkpoints/nl/1e-5_3/checkpoint_2_4500.pt
2024-11-07 23:33:01 - checkpoint_utils.py[line:133] - INFO: Saved checkpoint ./stage2_checkpoints/nl/1e-5_3/checkpoint_2_4500.pt (epoch 2 @ 4500 updates, score 1.035) (writing took 14.434800323098898 seconds)
2024-11-07 23:34:07 - progress_bar.py[line:272] - INFO: epoch 002:    977 / 3541 loss=-0.066, score=1.032, ntokens=1673.2, nsentences=160, sample_size=1673.2, wps=14.8, ups=0.01, wpb=1673.2, bsz=160, num_updates=4510, lr=6.19914e-06, gnorm=0.373, clip=0, loss_scale=64, train_wall=66, gb_free=33.5, wall=35930
2024-11-07 23:35:10 - progress_bar.py[line:272] - INFO: epoch 002:    987 / 3541 loss=-0.128, score=1.049, ntokens=1663.9, nsentences=160, sample_size=1663.9, wps=261.9, ups=0.16, wpb=1663.9, bsz=160, num_updates=4520, lr=6.18933e-06, gnorm=0.516, clip=10, loss_scale=64, train_wall=63, gb_free=33.5, wall=35993
2024-11-07 23:36:13 - progress_bar.py[line:272] - INFO: epoch 002:    997 / 3541 loss=-0.144, score=1.099, ntokens=1679.5, nsentences=160, sample_size=1679.5, wps=270.4, ups=0.16, wpb=1679.5, bsz=160, num_updates=4530, lr=6.17951e-06, gnorm=0.431, clip=10, loss_scale=64, train_wall=62, gb_free=33.5, wall=36055
2024-11-07 23:37:14 - progress_bar.py[line:272] - INFO: epoch 002:   1007 / 3541 loss=-0.119, score=0.951, ntokens=1671.9, nsentences=160, sample_size=1671.9, wps=270.2, ups=0.16, wpb=1671.9, bsz=160, num_updates=4540, lr=6.1697e-06, gnorm=0.369, clip=0, loss_scale=64, train_wall=62, gb_free=33.5, wall=36117
2024-11-07 23:38:17 - progress_bar.py[line:272] - INFO: epoch 002:   1017 / 3541 loss=-0.11, score=0.994, ntokens=1693.6, nsentences=160, sample_size=1693.6, wps=269.9, ups=0.16, wpb=1693.6, bsz=160, num_updates=4550, lr=6.15988e-06, gnorm=0.406, clip=0, loss_scale=64, train_wall=63, gb_free=33.4, wall=36180
2024-11-07 23:39:20 - progress_bar.py[line:272] - INFO: epoch 002:   1027 / 3541 loss=-0.054, score=1.034, ntokens=1668.1, nsentences=160, sample_size=1668.1, wps=264.7, ups=0.16, wpb=1668.1, bsz=160, num_updates=4560, lr=6.15007e-06, gnorm=0.385, clip=0, loss_scale=64, train_wall=63, gb_free=33.4, wall=36243
2024-11-07 23:40:25 - progress_bar.py[line:272] - INFO: epoch 002:   1037 / 3541 loss=-0.062, score=1.026, ntokens=1674, nsentences=160, sample_size=1674, wps=257.1, ups=0.15, wpb=1674, bsz=160, num_updates=4570, lr=6.14026e-06, gnorm=0.414, clip=0, loss_scale=64, train_wall=65, gb_free=33.5, wall=36308
2024-11-07 23:41:28 - progress_bar.py[line:272] - INFO: epoch 002:   1047 / 3541 loss=-0.138, score=1.038, ntokens=1677, nsentences=160, sample_size=1677, wps=265.7, ups=0.16, wpb=1677, bsz=160, num_updates=4580, lr=6.13044e-06, gnorm=0.428, clip=0, loss_scale=64, train_wall=63, gb_free=33.4, wall=36371
2024-11-07 23:42:31 - progress_bar.py[line:272] - INFO: epoch 002:   1057 / 3541 loss=-0.099, score=1.009, ntokens=1682.6, nsentences=160, sample_size=1682.6, wps=269.7, ups=0.16, wpb=1682.6, bsz=160, num_updates=4590, lr=6.12063e-06, gnorm=0.457, clip=10, loss_scale=64, train_wall=62, gb_free=33.5, wall=36434
2024-11-07 23:43:34 - progress_bar.py[line:272] - INFO: epoch 002:   1067 / 3541 loss=-0.051, score=0.973, ntokens=1677.1, nsentences=160, sample_size=1677.1, wps=264.9, ups=0.16, wpb=1677.1, bsz=160, num_updates=4600, lr=6.11082e-06, gnorm=0.38, clip=0, loss_scale=64, train_wall=63, gb_free=33.4, wall=36497
2024-11-07 23:44:36 - progress_bar.py[line:272] - INFO: epoch 002:   1077 / 3541 loss=-0.119, score=0.978, ntokens=1660.6, nsentences=160, sample_size=1660.6, wps=268.4, ups=0.16, wpb=1660.6, bsz=160, num_updates=4610, lr=6.101e-06, gnorm=0.444, clip=0, loss_scale=64, train_wall=62, gb_free=33.5, wall=36559
2024-11-07 23:45:37 - progress_bar.py[line:272] - INFO: epoch 002:   1087 / 3541 loss=-0.037, score=1.014, ntokens=1682.2, nsentences=160, sample_size=1682.2, wps=276.2, ups=0.16, wpb=1682.2, bsz=160, num_updates=4620, lr=6.09119e-06, gnorm=0.344, clip=0, loss_scale=64, train_wall=61, gb_free=33.4, wall=36620
2024-11-07 23:46:40 - progress_bar.py[line:272] - INFO: epoch 002:   1097 / 3541 loss=-0.184, score=1.047, ntokens=1684.4, nsentences=160, sample_size=1684.4, wps=267.5, ups=0.16, wpb=1684.4, bsz=160, num_updates=4630, lr=6.08137e-06, gnorm=0.464, clip=10, loss_scale=64, train_wall=63, gb_free=33.4, wall=36683
2024-11-07 23:46:46 - trainer.py[line:921] - INFO: NOTE: gradient overflow detected, ignoring gradient, setting loss scale to: 32.0
2024-11-07 23:47:47 - progress_bar.py[line:272] - INFO: epoch 002:   1108 / 3541 loss=-0.079, score=0.985, ntokens=1667.2, nsentences=160, sample_size=1667.2, wps=248.2, ups=0.15, wpb=1667.2, bsz=160, num_updates=4640, lr=6.07156e-06, gnorm=0.372, clip=0, loss_scale=32, train_wall=67, gb_free=33.4, wall=36750
2024-11-07 23:48:49 - progress_bar.py[line:272] - INFO: epoch 002:   1118 / 3541 loss=-0.097, score=1.115, ntokens=1705.8, nsentences=160, sample_size=1705.8, wps=275.4, ups=0.16, wpb=1705.8, bsz=160, num_updates=4650, lr=6.06175e-06, gnorm=0.516, clip=10, loss_scale=32, train_wall=62, gb_free=33.5, wall=36812
2024-11-07 23:49:50 - progress_bar.py[line:272] - INFO: epoch 002:   1128 / 3541 loss=-0.107, score=1.004, ntokens=1687.9, nsentences=160, sample_size=1687.9, wps=276.9, ups=0.16, wpb=1687.9, bsz=160, num_updates=4660, lr=6.05193e-06, gnorm=0.421, clip=0, loss_scale=32, train_wall=61, gb_free=33.4, wall=36873
2024-11-07 23:50:44 - progress_bar.py[line:272] - INFO: epoch 002:   1138 / 3541 loss=-0.081, score=1.008, ntokens=1675.1, nsentences=160, sample_size=1675.1, wps=308, ups=0.18, wpb=1675.1, bsz=160, num_updates=4670, lr=6.04212e-06, gnorm=0.399, clip=0, loss_scale=32, train_wall=54, gb_free=33.4, wall=36927
2024-11-07 23:51:35 - progress_bar.py[line:272] - INFO: epoch 002:   1148 / 3541 loss=-0.091, score=1.005, ntokens=1675.2, nsentences=160, sample_size=1675.2, wps=333.9, ups=0.2, wpb=1675.2, bsz=160, num_updates=4680, lr=6.03231e-06, gnorm=0.344, clip=0, loss_scale=32, train_wall=50, gb_free=33.4, wall=36977
2024-11-07 23:52:25 - progress_bar.py[line:272] - INFO: epoch 002:   1158 / 3541 loss=-0.074, score=0.993, ntokens=1683.5, nsentences=160, sample_size=1683.5, wps=333, ups=0.2, wpb=1683.5, bsz=160, num_updates=4690, lr=6.02249e-06, gnorm=0.4, clip=0, loss_scale=32, train_wall=50, gb_free=33.4, wall=37028
2024-11-07 23:53:14 - progress_bar.py[line:272] - INFO: epoch 002:   1168 / 3541 loss=-0.09, score=1.06, ntokens=1713, nsentences=160, sample_size=1713, wps=347.2, ups=0.2, wpb=1713, bsz=160, num_updates=4700, lr=6.01268e-06, gnorm=0.337, clip=0, loss_scale=32, train_wall=49, gb_free=33.4, wall=37077
2024-11-07 23:54:05 - progress_bar.py[line:272] - INFO: epoch 002:   1178 / 3541 loss=-0.075, score=1.013, ntokens=1684.7, nsentences=160, sample_size=1684.7, wps=336.8, ups=0.2, wpb=1684.7, bsz=160, num_updates=4710, lr=6.00286e-06, gnorm=0.404, clip=0, loss_scale=32, train_wall=50, gb_free=33.5, wall=37127
2024-11-07 23:54:54 - progress_bar.py[line:272] - INFO: epoch 002:   1188 / 3541 loss=-0.047, score=0.98, ntokens=1682.9, nsentences=160, sample_size=1682.9, wps=341.1, ups=0.2, wpb=1682.9, bsz=160, num_updates=4720, lr=5.99305e-06, gnorm=0.416, clip=0, loss_scale=32, train_wall=49, gb_free=33.4, wall=37177
2024-11-07 23:55:44 - progress_bar.py[line:272] - INFO: epoch 002:   1198 / 3541 loss=-0.109, score=0.967, ntokens=1711.7, nsentences=160, sample_size=1711.7, wps=342.7, ups=0.2, wpb=1711.7, bsz=160, num_updates=4730, lr=5.98324e-06, gnorm=0.36, clip=0, loss_scale=32, train_wall=50, gb_free=33.4, wall=37227
2024-11-07 23:56:35 - progress_bar.py[line:272] - INFO: epoch 002:   1208 / 3541 loss=-0.068, score=0.986, ntokens=1701.8, nsentences=160, sample_size=1701.8, wps=330.6, ups=0.19, wpb=1701.8, bsz=160, num_updates=4740, lr=5.97342e-06, gnorm=0.353, clip=0, loss_scale=32, train_wall=51, gb_free=33.4, wall=37278
2024-11-07 23:57:25 - progress_bar.py[line:272] - INFO: epoch 002:   1218 / 3541 loss=-0.14, score=1.089, ntokens=1688.1, nsentences=160, sample_size=1688.1, wps=340.2, ups=0.2, wpb=1688.1, bsz=160, num_updates=4750, lr=5.96361e-06, gnorm=0.476, clip=0, loss_scale=32, train_wall=50, gb_free=33.5, wall=37328
2024-11-07 23:58:14 - progress_bar.py[line:272] - INFO: epoch 002:   1228 / 3541 loss=-0.034, score=1.066, ntokens=1670.3, nsentences=160, sample_size=1670.3, wps=339.1, ups=0.2, wpb=1670.3, bsz=160, num_updates=4760, lr=5.9538e-06, gnorm=0.31, clip=0, loss_scale=32, train_wall=49, gb_free=33.4, wall=37377
2024-11-07 23:59:04 - progress_bar.py[line:272] - INFO: epoch 002:   1238 / 3541 loss=-0.128, score=1.009, ntokens=1705.4, nsentences=160, sample_size=1705.4, wps=339.3, ups=0.2, wpb=1705.4, bsz=160, num_updates=4770, lr=5.94398e-06, gnorm=0.486, clip=10, loss_scale=32, train_wall=50, gb_free=33.5, wall=37427
2024-11-07 23:59:53 - progress_bar.py[line:272] - INFO: epoch 002:   1248 / 3541 loss=-0.059, score=1.023, ntokens=1677.1, nsentences=160, sample_size=1677.1, wps=343.5, ups=0.2, wpb=1677.1, bsz=160, num_updates=4780, lr=5.93417e-06, gnorm=0.454, clip=0, loss_scale=32, train_wall=49, gb_free=33.5, wall=37476
2024-11-08 00:00:43 - progress_bar.py[line:272] - INFO: epoch 002:   1258 / 3541 loss=-0.077, score=1.092, ntokens=1674.3, nsentences=160, sample_size=1674.3, wps=335, ups=0.2, wpb=1674.3, bsz=160, num_updates=4790, lr=5.92435e-06, gnorm=0.414, clip=0, loss_scale=32, train_wall=50, gb_free=33.4, wall=37526
2024-11-08 00:01:33 - progress_bar.py[line:272] - INFO: epoch 002:   1268 / 3541 loss=-0.1, score=1.016, ntokens=1700.1, nsentences=160, sample_size=1700.1, wps=342.6, ups=0.2, wpb=1700.1, bsz=160, num_updates=4800, lr=5.91454e-06, gnorm=0.361, clip=0, loss_scale=32, train_wall=50, gb_free=33.4, wall=37576
2024-11-08 00:02:23 - progress_bar.py[line:272] - INFO: epoch 002:   1278 / 3541 loss=-0.043, score=1.041, ntokens=1683.4, nsentences=160, sample_size=1683.4, wps=337.4, ups=0.2, wpb=1683.4, bsz=160, num_updates=4810, lr=5.90473e-06, gnorm=0.477, clip=10, loss_scale=32, train_wall=50, gb_free=33.4, wall=37626
2024-11-08 00:03:13 - progress_bar.py[line:272] - INFO: epoch 002:   1288 / 3541 loss=-0.151, score=1.009, ntokens=1689.2, nsentences=160, sample_size=1689.2, wps=336.7, ups=0.2, wpb=1689.2, bsz=160, num_updates=4820, lr=5.89491e-06, gnorm=0.463, clip=0, loss_scale=32, train_wall=50, gb_free=33.4, wall=37676
2024-11-08 00:04:04 - progress_bar.py[line:272] - INFO: epoch 002:   1298 / 3541 loss=-0.113, score=0.969, ntokens=1699.5, nsentences=160, sample_size=1699.5, wps=334.3, ups=0.2, wpb=1699.5, bsz=160, num_updates=4830, lr=5.8851e-06, gnorm=0.371, clip=0, loss_scale=32, train_wall=51, gb_free=33.5, wall=37727
2024-11-08 00:04:54 - progress_bar.py[line:272] - INFO: epoch 002:   1308 / 3541 loss=-0.081, score=1.078, ntokens=1686.4, nsentences=160, sample_size=1686.4, wps=336.4, ups=0.2, wpb=1686.4, bsz=160, num_updates=4840, lr=5.87529e-06, gnorm=0.402, clip=0, loss_scale=32, train_wall=50, gb_free=33.4, wall=37777
2024-11-08 00:05:46 - progress_bar.py[line:272] - INFO: epoch 002:   1318 / 3541 loss=-0.059, score=1.042, ntokens=1692.2, nsentences=160, sample_size=1692.2, wps=327.6, ups=0.19, wpb=1692.2, bsz=160, num_updates=4850, lr=5.86547e-06, gnorm=0.391, clip=0, loss_scale=32, train_wall=52, gb_free=33.4, wall=37828
2024-11-08 00:06:36 - progress_bar.py[line:272] - INFO: epoch 002:   1328 / 3541 loss=-0.051, score=0.979, ntokens=1706, nsentences=160, sample_size=1706, wps=337.3, ups=0.2, wpb=1706, bsz=160, num_updates=4860, lr=5.85566e-06, gnorm=0.331, clip=0, loss_scale=32, train_wall=51, gb_free=33.5, wall=37879
2024-11-08 00:07:26 - progress_bar.py[line:272] - INFO: epoch 002:   1338 / 3541 loss=-0.115, score=1.071, ntokens=1691.2, nsentences=160, sample_size=1691.2, wps=336.8, ups=0.2, wpb=1691.2, bsz=160, num_updates=4870, lr=5.84584e-06, gnorm=0.371, clip=0, loss_scale=32, train_wall=50, gb_free=33.4, wall=37929
2024-11-08 00:08:34 - progress_bar.py[line:272] - INFO: epoch 002:   1348 / 3541 loss=-0.018, score=1.048, ntokens=1687.1, nsentences=160, sample_size=1687.1, wps=248.6, ups=0.15, wpb=1687.1, bsz=160, num_updates=4880, lr=5.83603e-06, gnorm=0.398, clip=0, loss_scale=32, train_wall=68, gb_free=33.4, wall=37997
2024-11-08 00:09:37 - progress_bar.py[line:272] - INFO: epoch 002:   1358 / 3541 loss=-0.046, score=0.993, ntokens=1684.9, nsentences=160, sample_size=1684.9, wps=269.1, ups=0.16, wpb=1684.9, bsz=160, num_updates=4890, lr=5.82622e-06, gnorm=0.326, clip=0, loss_scale=32, train_wall=63, gb_free=33.4, wall=38060
2024-11-08 00:10:38 - progress_bar.py[line:272] - INFO: epoch 002:   1368 / 3541 loss=-0.069, score=1.033, ntokens=1672.3, nsentences=160, sample_size=1672.3, wps=272.5, ups=0.16, wpb=1672.3, bsz=160, num_updates=4900, lr=5.8164e-06, gnorm=0.316, clip=0, loss_scale=32, train_wall=61, gb_free=33.5, wall=38121
2024-11-08 00:11:41 - progress_bar.py[line:272] - INFO: epoch 002:   1378 / 3541 loss=-0.014, score=1.068, ntokens=1681.1, nsentences=160, sample_size=1681.1, wps=268.4, ups=0.16, wpb=1681.1, bsz=160, num_updates=4910, lr=5.80659e-06, gnorm=0.351, clip=0, loss_scale=32, train_wall=63, gb_free=33.4, wall=38184
2024-11-08 00:12:43 - progress_bar.py[line:272] - INFO: epoch 002:   1388 / 3541 loss=-0.121, score=1.074, ntokens=1689.6, nsentences=160, sample_size=1689.6, wps=270.4, ups=0.16, wpb=1689.6, bsz=160, num_updates=4920, lr=5.79678e-06, gnorm=0.368, clip=0, loss_scale=32, train_wall=62, gb_free=33.4, wall=38246
2024-11-08 00:13:46 - progress_bar.py[line:272] - INFO: epoch 002:   1398 / 3541 loss=-0.039, score=1.052, ntokens=1685, nsentences=160, sample_size=1685, wps=271.2, ups=0.16, wpb=1685, bsz=160, num_updates=4930, lr=5.78696e-06, gnorm=0.363, clip=0, loss_scale=32, train_wall=62, gb_free=33.5, wall=38308
2024-11-08 00:14:49 - progress_bar.py[line:272] - INFO: epoch 002:   1408 / 3541 loss=-0.037, score=0.989, ntokens=1704, nsentences=160, sample_size=1704, wps=270.5, ups=0.16, wpb=1704, bsz=160, num_updates=4940, lr=5.77715e-06, gnorm=0.345, clip=0, loss_scale=32, train_wall=63, gb_free=33.4, wall=38371
2024-11-08 00:15:52 - progress_bar.py[line:272] - INFO: epoch 002:   1418 / 3541 loss=-0.063, score=1.087, ntokens=1686.9, nsentences=160, sample_size=1686.9, wps=264.7, ups=0.16, wpb=1686.9, bsz=160, num_updates=4950, lr=5.76733e-06, gnorm=0.394, clip=0, loss_scale=32, train_wall=64, gb_free=33.4, wall=38435
2024-11-08 00:16:54 - progress_bar.py[line:272] - INFO: epoch 002:   1428 / 3541 loss=-0.069, score=1.087, ntokens=1686.2, nsentences=160, sample_size=1686.2, wps=272.1, ups=0.16, wpb=1686.2, bsz=160, num_updates=4960, lr=5.75752e-06, gnorm=0.398, clip=0, loss_scale=32, train_wall=62, gb_free=33.5, wall=38497
2024-11-08 00:17:58 - progress_bar.py[line:272] - INFO: epoch 002:   1438 / 3541 loss=-0.06, score=1.064, ntokens=1707.9, nsentences=160, sample_size=1707.9, wps=268.3, ups=0.16, wpb=1707.9, bsz=160, num_updates=4970, lr=5.74771e-06, gnorm=0.349, clip=0, loss_scale=32, train_wall=64, gb_free=33.5, wall=38561
2024-11-08 00:19:01 - progress_bar.py[line:272] - INFO: epoch 002:   1448 / 3541 loss=-0.088, score=1.038, ntokens=1704.3, nsentences=160, sample_size=1704.3, wps=271.8, ups=0.16, wpb=1704.3, bsz=160, num_updates=4980, lr=5.73789e-06, gnorm=0.38, clip=0, loss_scale=32, train_wall=63, gb_free=33.5, wall=38623
2024-11-08 00:20:02 - progress_bar.py[line:272] - INFO: epoch 002:   1458 / 3541 loss=-0.057, score=1.066, ntokens=1682.1, nsentences=160, sample_size=1682.1, wps=275.2, ups=0.16, wpb=1682.1, bsz=160, num_updates=4990, lr=5.72808e-06, gnorm=0.367, clip=0, loss_scale=32, train_wall=61, gb_free=33.4, wall=38685
2024-11-08 00:21:03 - progress_bar.py[line:272] - INFO: epoch 002:   1468 / 3541 loss=-0.056, score=0.995, ntokens=1693.5, nsentences=160, sample_size=1693.5, wps=276, ups=0.16, wpb=1693.5, bsz=160, num_updates=5000, lr=5.71827e-06, gnorm=0.353, clip=0, loss_scale=32, train_wall=61, gb_free=33.4, wall=38746
2024-11-08 00:21:03 - train.py[line:445] - INFO: begin validation on "valid" subset
slice_id 0 seek offset 0
slice_id 2 seek offset 2500
slice_id 1 seek offset 1250
slice_id 0 seek offset 0
slice_id 3 seek offset 3750
slice_id 1 seek offset 1250
slice_id 2 seek offset 2500
slice_id 3 seek offset 3750
2024-11-08 00:37:37 - progress_bar.py[line:282] - INFO: epoch 002 | valid on 'valid' subset | loss -0.065 | score 0.987 | ntokens 422.435 | nsentences 40 | sample_size 422.435 | cider 1.039 | wps 265.8 | wpb 422.4 | bsz 40 | num_updates 5000 | best_cider 1.051
2024-11-08 00:37:37 - checkpoint_utils.py[line:64] - INFO: Preparing to save checkpoint for epoch 2 @ 5000 updates
2024-11-08 00:37:37 - trainer.py[line:431] - INFO: Saving checkpoint to ./stage2_checkpoints/nl/1e-5_3/checkpoint_2_5000.pt
2024-11-08 00:37:44 - trainer.py[line:441] - INFO: Finished saving checkpoint to ./stage2_checkpoints/nl/1e-5_3/checkpoint_2_5000.pt
2024-11-08 00:37:50 - checkpoint_utils.py[line:133] - INFO: Saved checkpoint ./stage2_checkpoints/nl/1e-5_3/checkpoint_2_5000.pt (epoch 2 @ 5000 updates, score 1.039) (writing took 13.579386516008526 seconds)
2024-11-08 00:40:00 - progress_bar.py[line:272] - INFO: epoch 002:   1478 / 3541 loss=-0.071, score=1.052, ntokens=1683.1, nsentences=160, sample_size=1683.1, wps=14.8, ups=0.01, wpb=1683.1, bsz=160, num_updates=5010, lr=5.70845e-06, gnorm=0.395, clip=0, loss_scale=32, train_wall=129, gb_free=33.5, wall=39882
2024-11-08 00:41:43 - progress_bar.py[line:272] - INFO: epoch 002:   1488 / 3541 loss=-0.055, score=1.034, ntokens=1693.6, nsentences=160, sample_size=1693.6, wps=163.2, ups=0.1, wpb=1693.6, bsz=160, num_updates=5020, lr=5.69864e-06, gnorm=0.353, clip=0, loss_scale=32, train_wall=104, gb_free=33.4, wall=39986
2024-11-08 00:43:00 - progress_bar.py[line:272] - INFO: epoch 002:   1498 / 3541 loss=-0.038, score=1.062, ntokens=1691.6, nsentences=160, sample_size=1691.6, wps=221.8, ups=0.13, wpb=1691.6, bsz=160, num_updates=5030, lr=5.68882e-06, gnorm=0.362, clip=0, loss_scale=32, train_wall=76, gb_free=33.5, wall=40062
2024-11-08 00:44:17 - progress_bar.py[line:272] - INFO: epoch 002:   1508 / 3541 loss=-0.087, score=1.041, ntokens=1687.6, nsentences=160, sample_size=1687.6, wps=217.8, ups=0.13, wpb=1687.6, bsz=160, num_updates=5040, lr=5.67901e-06, gnorm=0.366, clip=0, loss_scale=32, train_wall=77, gb_free=33.5, wall=40140
2024-11-08 00:45:35 - progress_bar.py[line:272] - INFO: epoch 002:   1518 / 3541 loss=-0.099, score=1.006, ntokens=1712.9, nsentences=160, sample_size=1712.9, wps=220.6, ups=0.13, wpb=1712.9, bsz=160, num_updates=5050, lr=5.6692e-06, gnorm=0.391, clip=0, loss_scale=32, train_wall=78, gb_free=33.4, wall=40217
2024-11-08 00:46:52 - progress_bar.py[line:272] - INFO: epoch 002:   1528 / 3541 loss=-0.07, score=1.027, ntokens=1689.5, nsentences=160, sample_size=1689.5, wps=218.7, ups=0.13, wpb=1689.5, bsz=160, num_updates=5060, lr=5.65938e-06, gnorm=0.422, clip=0, loss_scale=32, train_wall=77, gb_free=33.4, wall=40295
2024-11-08 00:48:09 - progress_bar.py[line:272] - INFO: epoch 002:   1538 / 3541 loss=-0.029, score=1.02, ntokens=1683.5, nsentences=160, sample_size=1683.5, wps=217.7, ups=0.13, wpb=1683.5, bsz=160, num_updates=5070, lr=5.64957e-06, gnorm=0.349, clip=0, loss_scale=32, train_wall=77, gb_free=33.5, wall=40372
2024-11-08 00:49:26 - progress_bar.py[line:272] - INFO: epoch 002:   1548 / 3541 loss=-0.103, score=0.965, ntokens=1679, nsentences=160, sample_size=1679, wps=217.6, ups=0.13, wpb=1679, bsz=160, num_updates=5080, lr=5.63976e-06, gnorm=0.384, clip=0, loss_scale=32, train_wall=77, gb_free=33.5, wall=40449
2024-11-08 00:51:36 - progress_bar.py[line:272] - INFO: epoch 002:   1558 / 3541 loss=-0.108, score=0.973, ntokens=1694.4, nsentences=160, sample_size=1694.4, wps=130.9, ups=0.08, wpb=1694.4, bsz=160, num_updates=5090, lr=5.62994e-06, gnorm=0.378, clip=0, loss_scale=32, train_wall=129, gb_free=33.5, wall=40579
2024-11-08 00:53:31 - progress_bar.py[line:272] - INFO: epoch 002:   1568 / 3541 loss=-0.079, score=1.021, ntokens=1705.1, nsentences=160, sample_size=1705.1, wps=147.7, ups=0.09, wpb=1705.1, bsz=160, num_updates=5100, lr=5.62013e-06, gnorm=0.464, clip=0, loss_scale=32, train_wall=115, gb_free=33.5, wall=40694
2024-11-08 00:54:48 - progress_bar.py[line:272] - INFO: epoch 002:   1578 / 3541 loss=-0.039, score=1.048, ntokens=1695.5, nsentences=160, sample_size=1695.5, wps=220.3, ups=0.13, wpb=1695.5, bsz=160, num_updates=5110, lr=5.61031e-06, gnorm=0.406, clip=0, loss_scale=32, train_wall=77, gb_free=33.5, wall=40771
2024-11-08 00:56:04 - progress_bar.py[line:272] - INFO: epoch 002:   1588 / 3541 loss=-0.079, score=1.112, ntokens=1692.4, nsentences=160, sample_size=1692.4, wps=224.7, ups=0.13, wpb=1692.4, bsz=160, num_updates=5120, lr=5.6005e-06, gnorm=0.426, clip=0, loss_scale=32, train_wall=75, gb_free=33.4, wall=40846
2024-11-08 00:57:21 - progress_bar.py[line:272] - INFO: epoch 002:   1598 / 3541 loss=-0.097, score=1.014, ntokens=1709.4, nsentences=160, sample_size=1709.4, wps=220.2, ups=0.13, wpb=1709.4, bsz=160, num_updates=5130, lr=5.59069e-06, gnorm=0.377, clip=0, loss_scale=32, train_wall=78, gb_free=33.4, wall=40924
2024-11-08 00:58:37 - progress_bar.py[line:272] - INFO: epoch 002:   1608 / 3541 loss=-0.11, score=1.074, ntokens=1674.9, nsentences=160, sample_size=1674.9, wps=219.9, ups=0.13, wpb=1674.9, bsz=160, num_updates=5140, lr=5.58087e-06, gnorm=0.373, clip=0, loss_scale=32, train_wall=76, gb_free=33.4, wall=41000
2024-11-08 00:59:53 - progress_bar.py[line:272] - INFO: epoch 002:   1618 / 3541 loss=-0.096, score=1.007, ntokens=1670, nsentences=160, sample_size=1670, wps=220, ups=0.13, wpb=1670, bsz=160, num_updates=5150, lr=5.57106e-06, gnorm=0.386, clip=0, loss_scale=64, train_wall=76, gb_free=33.4, wall=41076
2024-11-08 01:01:06 - progress_bar.py[line:272] - INFO: epoch 002:   1628 / 3541 loss=-0.058, score=1.069, ntokens=1674.9, nsentences=160, sample_size=1674.9, wps=231.1, ups=0.14, wpb=1674.9, bsz=160, num_updates=5160, lr=5.56125e-06, gnorm=0.408, clip=0, loss_scale=64, train_wall=72, gb_free=33.5, wall=41149
2024-11-08 01:03:01 - progress_bar.py[line:272] - INFO: epoch 002:   1638 / 3541 loss=-0.131, score=0.96, ntokens=1697.6, nsentences=160, sample_size=1697.6, wps=147.5, ups=0.09, wpb=1697.6, bsz=160, num_updates=5170, lr=5.55143e-06, gnorm=0.437, clip=0, loss_scale=64, train_wall=115, gb_free=33.5, wall=41264
2024-11-08 01:04:47 - progress_bar.py[line:272] - INFO: epoch 002:   1648 / 3541 loss=-0.09, score=1.008, ntokens=1680.6, nsentences=160, sample_size=1680.6, wps=159, ups=0.09, wpb=1680.6, bsz=160, num_updates=5180, lr=5.54162e-06, gnorm=0.385, clip=0, loss_scale=64, train_wall=106, gb_free=33.4, wall=41369
2024-11-08 01:05:50 - progress_bar.py[line:272] - INFO: epoch 002:   1658 / 3541 loss=-0.113, score=0.996, ntokens=1677.2, nsentences=160, sample_size=1677.2, wps=264.4, ups=0.16, wpb=1677.2, bsz=160, num_updates=5190, lr=5.5318e-06, gnorm=0.363, clip=0, loss_scale=64, train_wall=63, gb_free=33.5, wall=41433
2024-11-08 01:06:55 - progress_bar.py[line:272] - INFO: epoch 002:   1668 / 3541 loss=-0.096, score=1.059, ntokens=1666.9, nsentences=160, sample_size=1666.9, wps=257, ups=0.15, wpb=1666.9, bsz=160, num_updates=5200, lr=5.52199e-06, gnorm=0.36, clip=0, loss_scale=64, train_wall=65, gb_free=33.4, wall=41498
2024-11-08 01:07:58 - progress_bar.py[line:272] - INFO: epoch 002:   1678 / 3541 loss=-0.058, score=1.06, ntokens=1677.4, nsentences=160, sample_size=1677.4, wps=264.4, ups=0.16, wpb=1677.4, bsz=160, num_updates=5210, lr=5.51218e-06, gnorm=0.386, clip=0, loss_scale=64, train_wall=63, gb_free=33.4, wall=41561
2024-11-08 01:09:03 - progress_bar.py[line:272] - INFO: epoch 002:   1688 / 3541 loss=-0.178, score=1.064, ntokens=1689.1, nsentences=160, sample_size=1689.1, wps=262.9, ups=0.16, wpb=1689.1, bsz=160, num_updates=5220, lr=5.50236e-06, gnorm=0.384, clip=0, loss_scale=64, train_wall=64, gb_free=33.4, wall=41625
2024-11-08 01:10:09 - progress_bar.py[line:272] - INFO: epoch 002:   1698 / 3541 loss=-0.07, score=1.052, ntokens=1689.3, nsentences=160, sample_size=1689.3, wps=256.7, ups=0.15, wpb=1689.3, bsz=160, num_updates=5230, lr=5.49255e-06, gnorm=0.414, clip=0, loss_scale=64, train_wall=66, gb_free=33.4, wall=41691
2024-11-08 01:11:28 - progress_bar.py[line:272] - INFO: epoch 002:   1708 / 3541 loss=-0.073, score=1.012, ntokens=1694.6, nsentences=160, sample_size=1694.6, wps=214.5, ups=0.13, wpb=1694.6, bsz=160, num_updates=5240, lr=5.48274e-06, gnorm=0.394, clip=0, loss_scale=64, train_wall=79, gb_free=33.4, wall=41770
WARNING:torch.distributed.elastic.agent.server.api:Received 2 death signal, shutting down workers
WARNING:torch.distributed.elastic.multiprocessing.api:Sending process 1244536 closing signal SIGINT
WARNING:torch.distributed.elastic.multiprocessing.api:Sending process 1244537 closing signal SIGINT
WARNING:torch.distributed.elastic.multiprocessing.api:Sending process 1244538 closing signal SIGINT
WARNING:torch.distributed.elastic.multiprocessing.api:Sending process 1244539 closing signal SIGINT
Traceback (most recent call last):
  File "/data/home/grads/mogunleye/Research/EC_pretraining/OFA/run_scripts/caption/../../train.py", line 537, in <module>
    cli_main()
  File "/data/home/grads/mogunleye/Research/EC_pretraining/OFA/run_scripts/caption/../../train.py", line 530, in cli_main
    distributed_utils.call_main(cfg, main)
  File "/home/grads/mogunleye/Research/EC_pretraining/OFA/fairseq/fairseq/distributed/utils.py", line 375, in call_main
Traceback (most recent call last):
  File "/data/home/grads/mogunleye/Research/EC_pretraining/OFA/run_scripts/caption/../../train.py", line 537, in <module>
    distributed_main(cfg.distributed_training.device_id, main, cfg, kwargs)
  File "/home/grads/mogunleye/Research/EC_pretraining/OFA/fairseq/fairseq/distributed/utils.py", line 349, in distributed_main
    main(cfg, **kwargs)
  File "/data/home/grads/mogunleye/Research/EC_pretraining/OFA/run_scripts/caption/../../train.py", line 199, in main
    valid_losses, should_stop = train(cfg, trainer, task, epoch_itr)
  File "/home/grads/mogunleye/.conda/envs/ofa1/lib/python3.9/contextlib.py", line 79, in inner
    return func(*args, **kwds)
  File "/data/home/grads/mogunleye/Research/EC_pretraining/OFA/run_scripts/caption/../../train.py", line 310, in train
Traceback (most recent call last):
Traceback (most recent call last):
      File "/data/home/grads/mogunleye/Research/EC_pretraining/OFA/run_scripts/caption/../../train.py", line 537, in <module>
log_output = trainer.train_step(samples)  File "/data/home/grads/mogunleye/Research/EC_pretraining/OFA/run_scripts/caption/../../train.py", line 537, in <module>

  File "/home/grads/mogunleye/.conda/envs/ofa1/lib/python3.9/contextlib.py", line 79, in inner
    return func(*args, **kwds)
  File "/data/home/grads/mogunleye/Research/EC_pretraining/OFA/trainer.py", line 773, in train_step
    cli_main()
  File "/data/home/grads/mogunleye/Research/EC_pretraining/OFA/run_scripts/caption/../../train.py", line 530, in cli_main
    loss, sample_size_i, logging_output = self.task.train_step(
  File "/data/home/grads/mogunleye/Research/EC_pretraining/OFA/tasks/ofa_task.py", line 338, in train_step
    optimizer.backward(loss)    
distributed_utils.call_main(cfg, main)  File "/home/grads/mogunleye/Research/EC_pretraining/OFA/fairseq/fairseq/optim/fp16_optimizer.py", line 393, in backward

  File "/home/grads/mogunleye/Research/EC_pretraining/OFA/fairseq/fairseq/distributed/utils.py", line 375, in call_main
    loss.backward()
  File "/home/grads/mogunleye/.conda/envs/ofa1/lib/python3.9/site-packages/torch/_tensor.py", line 487, in backward
    distributed_main(cfg.distributed_training.device_id, main, cfg, kwargs)
  File "/home/grads/mogunleye/Research/EC_pretraining/OFA/fairseq/fairseq/distributed/utils.py", line 349, in distributed_main
    cli_main()
      File "/data/home/grads/mogunleye/Research/EC_pretraining/OFA/run_scripts/caption/../../train.py", line 530, in cli_main
main(cfg, **kwargs)
  File "/data/home/grads/mogunleye/Research/EC_pretraining/OFA/run_scripts/caption/../../train.py", line 199, in main
    valid_losses, should_stop = train(cfg, trainer, task, epoch_itr)
  File "/home/grads/mogunleye/.conda/envs/ofa1/lib/python3.9/contextlib.py", line 79, in inner
    distributed_utils.call_main(cfg, main)
  File "/home/grads/mogunleye/Research/EC_pretraining/OFA/fairseq/fairseq/distributed/utils.py", line 375, in call_main
        cli_main()return func(*args, **kwds)

  File "/data/home/grads/mogunleye/Research/EC_pretraining/OFA/run_scripts/caption/../../train.py", line 530, in cli_main
  File "/data/home/grads/mogunleye/Research/EC_pretraining/OFA/run_scripts/caption/../../train.py", line 310, in train
    distributed_main(cfg.distributed_training.device_id, main, cfg, kwargs)
  File "/home/grads/mogunleye/Research/EC_pretraining/OFA/fairseq/fairseq/distributed/utils.py", line 349, in distributed_main
    log_output = trainer.train_step(samples)
  File "/home/grads/mogunleye/.conda/envs/ofa1/lib/python3.9/contextlib.py", line 79, in inner
    distributed_utils.call_main(cfg, main)    
    return func(*args, **kwds)  File "/home/grads/mogunleye/Research/EC_pretraining/OFA/fairseq/fairseq/distributed/utils.py", line 375, in call_main
main(cfg, **kwargs)

  File "/data/home/grads/mogunleye/Research/EC_pretraining/OFA/trainer.py", line 773, in train_step
  File "/data/home/grads/mogunleye/Research/EC_pretraining/OFA/run_scripts/caption/../../train.py", line 199, in main
    valid_losses, should_stop = train(cfg, trainer, task, epoch_itr)
      File "/home/grads/mogunleye/.conda/envs/ofa1/lib/python3.9/contextlib.py", line 79, in inner
distributed_main(cfg.distributed_training.device_id, main, cfg, kwargs)
  File "/home/grads/mogunleye/Research/EC_pretraining/OFA/fairseq/fairseq/distributed/utils.py", line 349, in distributed_main
        return func(*args, **kwds)loss, sample_size_i, logging_output = self.task.train_step(

      File "/data/home/grads/mogunleye/Research/EC_pretraining/OFA/run_scripts/caption/../../train.py", line 310, in train
  File "/data/home/grads/mogunleye/Research/EC_pretraining/OFA/tasks/ofa_task.py", line 338, in train_step
main(cfg, **kwargs)
  File "/data/home/grads/mogunleye/Research/EC_pretraining/OFA/run_scripts/caption/../../train.py", line 199, in main
        log_output = trainer.train_step(samples)    valid_losses, should_stop = train(cfg, trainer, task, epoch_itr)
optimizer.backward(loss)
  File "/home/grads/mogunleye/.conda/envs/ofa1/lib/python3.9/contextlib.py", line 79, in inner

  File "/home/grads/mogunleye/.conda/envs/ofa1/lib/python3.9/contextlib.py", line 79, in inner
  File "/home/grads/mogunleye/Research/EC_pretraining/OFA/fairseq/fairseq/optim/fp16_optimizer.py", line 393, in backward
    return func(*args, **kwds)
  File "/data/home/grads/mogunleye/Research/EC_pretraining/OFA/trainer.py", line 773, in train_step
    return func(*args, **kwds)
  File "/data/home/grads/mogunleye/Research/EC_pretraining/OFA/run_scripts/caption/../../train.py", line 310, in train
    loss.backward()
  File "/home/grads/mogunleye/.conda/envs/ofa1/lib/python3.9/site-packages/torch/_tensor.py", line 487, in backward
    log_output = trainer.train_step(samples)
  File "/home/grads/mogunleye/.conda/envs/ofa1/lib/python3.9/contextlib.py", line 79, in inner
    loss, sample_size_i, logging_output = self.task.train_step(
      File "/data/home/grads/mogunleye/Research/EC_pretraining/OFA/tasks/ofa_task.py", line 338, in train_step
return func(*args, **kwds)
  File "/data/home/grads/mogunleye/Research/EC_pretraining/OFA/trainer.py", line 773, in train_step
        torch.autograd.backward(torch.autograd.backward(

  File "/home/grads/mogunleye/.conda/envs/ofa1/lib/python3.9/site-packages/torch/autograd/__init__.py", line 197, in backward
  File "/home/grads/mogunleye/.conda/envs/ofa1/lib/python3.9/site-packages/torch/autograd/__init__.py", line 197, in backward
    optimizer.backward(loss)
  File "/home/grads/mogunleye/Research/EC_pretraining/OFA/fairseq/fairseq/optim/fp16_optimizer.py", line 393, in backward
    loss, sample_size_i, logging_output = self.task.train_step(
  File "/data/home/grads/mogunleye/Research/EC_pretraining/OFA/tasks/ofa_task.py", line 338, in train_step
    loss.backward()
  File "/home/grads/mogunleye/.conda/envs/ofa1/lib/python3.9/site-packages/torch/_tensor.py", line 487, in backward
    optimizer.backward(loss)
  File "/home/grads/mogunleye/Research/EC_pretraining/OFA/fairseq/fairseq/optim/fp16_optimizer.py", line 393, in backward
    torch.autograd.backward(
  File "/home/grads/mogunleye/.conda/envs/ofa1/lib/python3.9/site-packages/torch/autograd/__init__.py", line 197, in backward
    loss.backward()
  File "/home/grads/mogunleye/.conda/envs/ofa1/lib/python3.9/site-packages/torch/_tensor.py", line 487, in backward
    Variable._execution_engine.run_backward(  # Calls into the C++ engine to run the backward pass    
Variable._execution_engine.run_backward(  # Calls into the C++ engine to run the backward pass
KeyboardInterrupt
    torch.autograd.backward(
  File "/home/grads/mogunleye/.conda/envs/ofa1/lib/python3.9/site-packages/torch/autograd/__init__.py", line 197, in backward
    Variable._execution_engine.run_backward(  # Calls into the C++ engine to run the backward pass
KeyboardInterrupt
KeyboardInterrupt
    Variable._execution_engine.run_backward(  # Calls into the C++ engine to run the backward pass
KeyboardInterrupt
WARNING:torch.distributed.elastic.multiprocessing.api:Sending process 1244536 closing signal SIGTERM
WARNING:torch.distributed.elastic.multiprocessing.api:Sending process 1244537 closing signal SIGTERM
WARNING:torch.distributed.elastic.multiprocessing.api:Sending process 1244538 closing signal SIGTERM
WARNING:torch.distributed.elastic.multiprocessing.api:Sending process 1244539 closing signal SIGTERM
Traceback (most recent call last):
  File "/home/grads/mogunleye/.conda/envs/ofa1/lib/python3.9/site-packages/torch/distributed/elastic/agent/server/api.py", line 709, in run
    result = self._invoke_run(role)
  File "/home/grads/mogunleye/.conda/envs/ofa1/lib/python3.9/site-packages/torch/distributed/elastic/agent/server/api.py", line 850, in _invoke_run
    time.sleep(monitor_interval)
  File "/home/grads/mogunleye/.conda/envs/ofa1/lib/python3.9/site-packages/torch/distributed/elastic/multiprocessing/api.py", line 62, in _terminate_process_handler
    raise SignalException(f"Process {os.getpid()} got signal: {sigval}", sigval=sigval)
torch.distributed.elastic.multiprocessing.api.SignalException: Process 1244528 got signal: 2

During handling of the above exception, another exception occurred:

Traceback (most recent call last):
  File "/home/grads/mogunleye/.conda/envs/ofa1/lib/python3.9/site-packages/torch/distributed/elastic/agent/server/api.py", line 716, in run
    self._shutdown(e.sigval)
  File "/home/grads/mogunleye/.conda/envs/ofa1/lib/python3.9/site-packages/torch/distributed/elastic/agent/server/local_elastic_agent.py", line 289, in _shutdown
    self._pcontext.close(death_sig)
  File "/home/grads/mogunleye/.conda/envs/ofa1/lib/python3.9/site-packages/torch/distributed/elastic/multiprocessing/api.py", line 332, in close
    self._close(death_sig=death_sig, timeout=timeout)
  File "/home/grads/mogunleye/.conda/envs/ofa1/lib/python3.9/site-packages/torch/distributed/elastic/multiprocessing/api.py", line 709, in _close
    handler.proc.wait(time_to_wait)
  File "/home/grads/mogunleye/.conda/envs/ofa1/lib/python3.9/subprocess.py", line 1185, in wait
    return self._wait(timeout=timeout)
  File "/home/grads/mogunleye/.conda/envs/ofa1/lib/python3.9/subprocess.py", line 1909, in _wait
    time.sleep(delay)
  File "/home/grads/mogunleye/.conda/envs/ofa1/lib/python3.9/site-packages/torch/distributed/elastic/multiprocessing/api.py", line 62, in _terminate_process_handler
    raise SignalException(f"Process {os.getpid()} got signal: {sigval}", sigval=sigval)
torch.distributed.elastic.multiprocessing.api.SignalException: Process 1244528 got signal: 2

During handling of the above exception, another exception occurred:

Traceback (most recent call last):
  File "/home/grads/mogunleye/.conda/envs/ofa1/lib/python3.9/runpy.py", line 197, in _run_module_as_main
    return _run_code(code, main_globals, None,
  File "/home/grads/mogunleye/.conda/envs/ofa1/lib/python3.9/runpy.py", line 87, in _run_code
    exec(code, run_globals)
  File "/home/grads/mogunleye/.conda/envs/ofa1/lib/python3.9/site-packages/torch/distributed/launch.py", line 195, in <module>
    main()
  File "/home/grads/mogunleye/.conda/envs/ofa1/lib/python3.9/site-packages/torch/distributed/launch.py", line 191, in main
    launch(args)
  File "/home/grads/mogunleye/.conda/envs/ofa1/lib/python3.9/site-packages/torch/distributed/launch.py", line 176, in launch
    run(args)
  File "/home/grads/mogunleye/.conda/envs/ofa1/lib/python3.9/site-packages/torch/distributed/run.py", line 753, in run
    elastic_launch(
  File "/home/grads/mogunleye/.conda/envs/ofa1/lib/python3.9/site-packages/torch/distributed/launcher/api.py", line 132, in __call__
    return launch_agent(self._config, self._entrypoint, list(args))
  File "/home/grads/mogunleye/.conda/envs/ofa1/lib/python3.9/site-packages/torch/distributed/launcher/api.py", line 237, in launch_agent
    result = agent.run()
  File "/home/grads/mogunleye/.conda/envs/ofa1/lib/python3.9/site-packages/torch/distributed/elastic/metrics/api.py", line 129, in wrapper
    result = f(*args, **kwargs)
  File "/home/grads/mogunleye/.conda/envs/ofa1/lib/python3.9/site-packages/torch/distributed/elastic/agent/server/api.py", line 721, in run
    self._shutdown()
  File "/home/grads/mogunleye/.conda/envs/ofa1/lib/python3.9/site-packages/torch/distributed/elastic/agent/server/local_elastic_agent.py", line 289, in _shutdown
    self._pcontext.close(death_sig)
  File "/home/grads/mogunleye/.conda/envs/ofa1/lib/python3.9/site-packages/torch/distributed/elastic/multiprocessing/api.py", line 332, in close
    self._close(death_sig=death_sig, timeout=timeout)
  File "/home/grads/mogunleye/.conda/envs/ofa1/lib/python3.9/site-packages/torch/distributed/elastic/multiprocessing/api.py", line 709, in _close
    handler.proc.wait(time_to_wait)
  File "/home/grads/mogunleye/.conda/envs/ofa1/lib/python3.9/subprocess.py", line 1185, in wait
    return self._wait(timeout=timeout)
  File "/home/grads/mogunleye/.conda/envs/ofa1/lib/python3.9/subprocess.py", line 1909, in _wait
    time.sleep(delay)
  File "/home/grads/mogunleye/.conda/envs/ofa1/lib/python3.9/site-packages/torch/distributed/elastic/multiprocessing/api.py", line 62, in _terminate_process_handler
    raise SignalException(f"Process {os.getpid()} got signal: {sigval}", sigval=sigval)
torch.distributed.elastic.multiprocessing.api.SignalException: Process 1244528 got signal: 2
