/home/mogunleye/miniconda3/envs/ofa1/lib/python3.9/site-packages/torch/distributed/launch.py:178: FutureWarning: The module torch.distributed.launch is deprecated
and will be removed in future. Use torchrun.
Note that --use_env is set by default in torchrun.
If your script expects `--local_rank` argument to be set, please
change it to read from `os.environ['LOCAL_RANK']` instead. See 
https://pytorch.org/docs/stable/distributed.html#launch-utility for 
further instructions

  warnings.warn(
WARNING:torch.distributed.run:
*****************************************
Setting OMP_NUM_THREADS environment variable for each process to be 1 in default, to avoid your system being overloaded, please further tune the variable for optimal performance in your application as needed. 
*****************************************
device =  1
2023-04-08 13:42:31 - utils.py[line:255] - INFO: distributed init (rank 1): env://
2023-04-08 13:42:31 - utils.py[line:261] - INFO: Start init
2023-04-08 13:42:31 - distributed_c10d.py[line:228] - INFO: Added key: store_based_barrier_key:1 to store for rank: 1
device =  0
2023-04-08 13:42:31 - utils.py[line:255] - INFO: distributed init (rank 0): env://
2023-04-08 13:42:31 - utils.py[line:261] - INFO: Start init
2023-04-08 13:42:31 - distributed_c10d.py[line:228] - INFO: Added key: store_based_barrier_key:1 to store for rank: 0
2023-04-08 13:42:31 - distributed_c10d.py[line:262] - INFO: Rank 0: Completed store-based barrier for key:store_based_barrier_key:1 with 2 nodes.
2023-04-08 13:42:31 - utils.py[line:271] - INFO: initialized host inf084 as rank 0
single-machine distributed training is initialized.
2023-04-08 13:42:31 - distributed_c10d.py[line:262] - INFO: Rank 1: Completed store-based barrier for key:store_based_barrier_key:1 with 2 nodes.
2023-04-08 13:42:31 - utils.py[line:271] - INFO: initialized host inf084 as rank 1
single-machine distributed training is initialized.
2023-04-08 13:42:37 - train.py[line:77] - INFO: {'_name': None, 'common': {'_name': None, 'no_progress_bar': False, 'log_interval': 10, 'log_format': 'simple', 'log_file': None, 'tensorboard_logdir': None, 'wandb_project': None, 'azureml_logging': False, 'seed': 1, 'cpu': False, 'tpu': False, 'bf16': False, 'memory_efficient_bf16': False, 'fp16': True, 'memory_efficient_fp16': False, 'fp16_no_flatten_grads': False, 'fp16_init_scale': 128, 'fp16_scale_window': 512, 'fp16_scale_tolerance': 0.0, 'on_cpu_convert_precision': False, 'min_loss_scale': 0.0001, 'threshold_loss_scale': None, 'amp': False, 'amp_batch_retries': 2, 'amp_init_scale': 128, 'amp_scale_window': None, 'user_dir': '../../ofa_module', 'empty_cache_freq': 0, 'all_gather_list_size': 16384, 'model_parallel_size': 1, 'quantization_config_path': None, 'profile': False, 'reset_logging': False, 'suppress_crashes': False, 'use_plasma_view': False, 'plasma_path': '/tmp/plasma'}, 'common_eval': {'_name': None, 'path': None, 'post_process': None, 'quiet': False, 'model_overrides': '{}', 'results_path': None}, 'distributed_training': {'_name': None, 'distributed_world_size': 2, 'distributed_num_procs': 2, 'distributed_rank': 0, 'distributed_backend': 'nccl', 'distributed_init_method': 'env://', 'distributed_port': -1, 'device_id': 0, 'distributed_no_spawn': True, 'ddp_backend': 'pytorch_ddp', 'ddp_comm_hook': 'none', 'bucket_cap_mb': 25, 'fix_batches_to_gpus': False, 'find_unused_parameters': True, 'gradient_as_bucket_view': False, 'fast_stat_sync': False, 'heartbeat_timeout': -1, 'broadcast_buffers': False, 'slowmo_momentum': None, 'slowmo_algorithm': 'LocalSGD', 'localsgd_frequency': 3, 'nprocs_per_node': 2, 'pipeline_model_parallel': False, 'pipeline_balance': None, 'pipeline_devices': None, 'pipeline_chunks': 0, 'pipeline_encoder_balance': None, 'pipeline_encoder_devices': None, 'pipeline_decoder_balance': None, 'pipeline_decoder_devices': None, 'pipeline_checkpoint': 'never', 'zero_sharding': 'none', 'fp16': True, 'memory_efficient_fp16': False, 'tpu': False, 'no_reshard_after_forward': False, 'fp32_reduce_scatter': False, 'cpu_offload': False, 'use_sharded_state': False}, 'dataset': {'_name': None, 'num_workers': 0, 'skip_invalid_size_inputs_valid_test': False, 'max_tokens': None, 'batch_size': 4, 'required_batch_size_multiple': 8, 'required_seq_len_multiple': 1, 'dataset_impl': None, 'data_buffer_size': 10, 'train_subset': 'train', 'valid_subset': 'valid', 'combine_valid_subsets': None, 'ignore_unused_valid_subsets': False, 'validate_interval': 1, 'validate_interval_updates': 500, 'validate_after_updates': 0, 'fixed_validation_seed': 7, 'disable_validation': False, 'max_tokens_valid': None, 'batch_size_valid': 4, 'max_valid_steps': None, 'curriculum': 0, 'gen_subset': 'test', 'num_shards': 1, 'shard_id': 0}, 'optimization': {'_name': None, 'max_epoch': 10, 'max_update': 0, 'stop_time_hours': 0.0, 'clip_norm': 1.0, 'sentence_avg': False, 'update_freq': [8], 'lr': [5e-05], 'stop_min_lr': -1.0, 'use_bmuf': False}, 'checkpoint': {'_name': None, 'save_dir': './refcocoplus_EC_checkpoints_exp2/10_5e-5_512', 'restore_file': '../../model_checkpoints/ofa_base.pt', 'finetune_from_model': None, 'reset_dataloader': True, 'reset_lr_scheduler': False, 'reset_meters': True, 'reset_optimizer': True, 'optimizer_overrides': '{}', 'save_interval': 1, 'save_interval_updates': 500, 'keep_interval_updates': -1, 'keep_interval_updates_pattern': -1, 'keep_last_epochs': -1, 'keep_best_checkpoints': 1, 'no_save': False, 'no_epoch_checkpoints': True, 'no_last_checkpoints': False, 'no_save_optimizer_state': False, 'best_checkpoint_metric': 'score', 'maximize_best_checkpoint_metric': True, 'patience': -1, 'checkpoint_suffix': '', 'checkpoint_shard_count': 1, 'load_checkpoint_on_all_dp_ranks': False, 'write_checkpoints_asynchronously': False, 'model_parallel_size': 1, 'use_ema_weights_to_init_param': False, 'use_latest_weights_to_init_ema': False}, 'bmuf': {'_name': None, 'block_lr': 1.0, 'block_momentum': 0.875, 'global_sync_iter': 50, 'warmup_iterations': 500, 'use_nbm': False, 'average_sync': False, 'distributed_world_size': 2}, 'generation': {'_name': None, 'beam': 5, 'nbest': 1, 'max_len_a': 0.0, 'max_len_b': 200, 'min_len': 1, 'match_source_len': False, 'unnormalized': False, 'no_early_stop': False, 'no_beamable_mm': False, 'lenpen': 1.0, 'unkpen': 0.0, 'replace_unk': None, 'sacrebleu': False, 'score_reference': False, 'prefix_size': 0, 'no_repeat_ngram_size': 0, 'sampling': False, 'sampling_topk': -1, 'sampling_topp': -1.0, 'constraints': None, 'temperature': 1.0, 'diverse_beam_groups': -1, 'diverse_beam_strength': 0.5, 'diversity_rate': -1.0, 'print_alignment': None, 'print_step': False, 'lm_path': None, 'lm_weight': 0.0, 'iter_decode_eos_penalty': 0.0, 'iter_decode_max_iter': 10, 'iter_decode_force_max_iter': False, 'iter_decode_with_beam': 1, 'iter_decode_with_external_reranker': False, 'retain_iter_history': False, 'retain_dropout': False, 'retain_dropout_modules': None, 'decoding_format': None, 'no_seed_provided': False}, 'eval_lm': {'_name': None, 'output_word_probs': False, 'output_word_stats': False, 'context_window': 0, 'softmax_batch': 9223372036854775807}, 'interactive': {'_name': None, 'buffer_size': 0, 'input': '-'}, 'model': Namespace(no_progress_bar=False, log_interval=10, log_format='simple', log_file=None, tensorboard_logdir=None, wandb_project=None, azureml_logging=False, seed=1, cpu=False, tpu=False, bf16=False, memory_efficient_bf16=False, fp16=True, memory_efficient_fp16=False, fp16_no_flatten_grads=False, fp16_init_scale=128, fp16_scale_window=512, fp16_scale_tolerance=0.0, on_cpu_convert_precision=False, min_loss_scale=0.0001, threshold_loss_scale=None, amp=False, amp_batch_retries=2, amp_init_scale=128, amp_scale_window=None, user_dir='../../ofa_module', empty_cache_freq=0, all_gather_list_size=16384, model_parallel_size=1, quantization_config_path=None, profile=False, reset_logging=False, suppress_crashes=False, use_plasma_view=False, plasma_path='/tmp/plasma', criterion='adjust_label_smoothed_cross_entropy', tokenizer=None, bpe=None, optimizer='adam', lr_scheduler='polynomial_decay', simul_type=None, scoring='bleu', task='refcoco', num_workers=0, skip_invalid_size_inputs_valid_test=False, max_tokens=None, batch_size=4, required_batch_size_multiple=8, required_seq_len_multiple=1, dataset_impl=None, data_buffer_size=10, train_subset='train', valid_subset='valid', combine_valid_subsets=None, ignore_unused_valid_subsets=False, validate_interval=1, validate_interval_updates=500, validate_after_updates=0, fixed_validation_seed=7, disable_validation=False, max_tokens_valid=None, batch_size_valid=4, max_valid_steps=None, curriculum=0, gen_subset='test', num_shards=1, shard_id=0, distributed_world_size=2, distributed_num_procs=2, distributed_rank=0, distributed_backend='nccl', distributed_init_method=None, distributed_port=-1, device_id=0, distributed_no_spawn=False, ddp_backend='pytorch_ddp', ddp_comm_hook='none', bucket_cap_mb=25, fix_batches_to_gpus=False, find_unused_parameters=True, gradient_as_bucket_view=False, fast_stat_sync=False, heartbeat_timeout=-1, broadcast_buffers=False, slowmo_momentum=None, slowmo_algorithm='LocalSGD', localsgd_frequency=3, nprocs_per_node=2, pipeline_model_parallel=False, pipeline_balance=None, pipeline_devices=None, pipeline_chunks=0, pipeline_encoder_balance=None, pipeline_encoder_devices=None, pipeline_decoder_balance=None, pipeline_decoder_devices=None, pipeline_checkpoint='never', zero_sharding='none', no_reshard_after_forward=False, fp32_reduce_scatter=False, cpu_offload=False, use_sharded_state=False, arch='ofa_base', max_epoch=10, max_update=0, stop_time_hours=0, clip_norm=1.0, sentence_avg=False, update_freq=[8], lr=[5e-05], stop_min_lr=-1.0, use_bmuf=False, save_dir='./refcocoplus_EC_checkpoints_exp2/10_5e-5_512', restore_file='../../model_checkpoints/ofa_base.pt', finetune_from_model=None, reset_dataloader=True, reset_lr_scheduler=False, reset_meters=True, reset_optimizer=True, optimizer_overrides='{}', save_interval=1, save_interval_updates=500, keep_interval_updates=-1, keep_interval_updates_pattern=-1, keep_last_epochs=-1, keep_best_checkpoints=1, no_save=False, no_epoch_checkpoints=True, no_last_checkpoints=False, no_save_optimizer_state=False, best_checkpoint_metric='score', maximize_best_checkpoint_metric=True, patience=-1, checkpoint_suffix='', checkpoint_shard_count=1, load_checkpoint_on_all_dp_ranks=False, write_checkpoints_asynchronously=False, use_ema_weights_to_init_param=False, use_latest_weights_to_init_ema=False, store_ema=False, ema_decay=0.9999, ema_start_update=0, ema_seed_model=None, ema_update_freq=1, ema_fp32=False, bitfit=False, no_token_positional_embeddings=False, no_cross_attention=False, cross_self_attention=False, encoder_layerdrop=0, decoder_layerdrop=0, encoder_layers_to_keep=None, decoder_layers_to_keep=None, quant_noise_pq=0, quant_noise_pq_block_size=8, quant_noise_scalar=0, min_params_to_wrap=100000000, data='../../dataset/refcocoplus_data/refcocoplus_train_EC.tsv,../../dataset/refcocoplus_data/refcocoplus_val.tsv', selected_cols='0,4,2,3', bpe_dir='../../utils/BPE', max_source_positions=1024, max_target_positions=1024, max_src_length=80, max_tgt_length=20, code_dict_size=8192, patch_image_size=512, orig_patch_image_size=256, num_bins=1000, imagenet_default_mean_and_std=False, constraint_range=None, eval_acc=True, eval_args='{"beam":5,"min_len":4,"max_len_a":0,"max_len_b":4}', eval_print_samples=False, max_image_size=512, scst=False, scst_args='{}', label_smoothing=0.1, report_accuracy=False, ignore_prefix_size=0, ignore_eos=False, drop_worst_ratio=0.0, drop_worst_after=0, use_rdrop=False, reg_alpha=1.0, sample_patch_num=196, adam_betas='(0.9,0.999)', adam_eps=1e-08, weight_decay=0.01, use_old_adam=False, fp16_adam_stats=False, warmup_updates=0, warmup_ratio=0.06, force_anneal=None, end_learning_rate=0.0, power=1.0, total_num_update=1000000, pad=1, eos=2, unk=3, encoder_normalize_before=True, decoder_normalize_before=True, share_decoder_input_output_embed=True, share_all_embeddings=True, layernorm_embedding=True, patch_layernorm_embedding=True, code_layernorm_embedding=True, resnet_drop_path_rate=0.0, encoder_drop_path_rate=0.1, decoder_drop_path_rate=0.1, dropout=0.1, attention_dropout=0.0, add_type_embedding=True, scale_attn=True, scale_fc=True, scale_heads=True, disable_entangle=True, no_seed_provided=False, encoder_embed_dim=768, encoder_ffn_embed_dim=3072, encoder_layers=6, encoder_attention_heads=12, decoder_layers=6, decoder_attention_heads=12, resnet_type='resnet101', encoder_embed_path=None, encoder_learned_pos=True, decoder_embed_path=None, decoder_embed_dim=768, decoder_ffn_embed_dim=3072, decoder_learned_pos=True, relu_dropout=0.0, adaptive_softmax_cutoff=None, adaptive_softmax_dropout=0, decoder_output_dim=768, decoder_input_dim=768, no_scale_embedding=True, activation_fn='gelu', pooler_activation_fn='tanh', pooler_dropout=0.0, pooler_classifier='mlp', token_bucket_size=256, image_bucket_size=42, freeze_encoder_embedding=False, freeze_decoder_embedding=False, attn_scale_factor=2, code_image_size=128, entangle_position_embedding=False, sync_bn=False, scale_resids=False, _name='ofa_base'), 'task': {'_name': 'refcoco', 'data': '../../dataset/refcocoplus_data/refcocoplus_train_EC.tsv,../../dataset/refcocoplus_data/refcocoplus_val.tsv', 'selected_cols': '0,4,2,3', 'bpe': None, 'bpe_dir': '../../utils/BPE', 'max_source_positions': 1024, 'max_target_positions': 1024, 'max_src_length': 80, 'max_tgt_length': 20, 'code_dict_size': 8192, 'patch_image_size': 512, 'orig_patch_image_size': 256, 'num_bins': 1000, 'imagenet_default_mean_and_std': False, 'constraint_range': None, 'eval_acc': True, 'eval_args': '{"beam":5,"min_len":4,"max_len_a":0,"max_len_b":4}', 'eval_print_samples': False, 'max_image_size': 512, 'scst': False, 'scst_args': '{}'}, 'criterion': {'_name': 'adjust_label_smoothed_cross_entropy', 'label_smoothing': 0.1, 'report_accuracy': False, 'ignore_prefix_size': 0, 'ignore_eos': False, 'sentence_avg': False, 'drop_worst_ratio': 0.0, 'drop_worst_after': 0, 'use_rdrop': False, 'reg_alpha': 1.0, 'sample_patch_num': 196, 'constraint_range': None}, 'optimizer': {'_name': 'adam', 'adam_betas': '(0.9,0.999)', 'adam_eps': 1e-08, 'weight_decay': 0.01, 'use_old_adam': False, 'fp16_adam_stats': False, 'tpu': False, 'lr': [5e-05]}, 'lr_scheduler': {'_name': 'polynomial_decay', 'warmup_updates': 0, 'warmup_ratio': 0.06, 'force_anneal': None, 'end_learning_rate': 0.0, 'power': 1.0, 'total_num_update': 1000000.0, 'lr': [5e-05]}, 'scoring': {'_name': 'bleu', 'pad': 1, 'eos': 2, 'unk': 3}, 'bpe': None, 'tokenizer': None, 'ema': {'_name': None, 'store_ema': False, 'ema_decay': 0.9999, 'ema_start_update': 0, 'ema_seed_model': None, 'ema_update_freq': 1, 'ema_fp32': False}, 'simul_type': None}
2023-04-08 13:42:38 - ofa_task.py[line:109] - INFO: source dictionary: 59457 types
2023-04-08 13:42:38 - ofa_task.py[line:110] - INFO: target dictionary: 59457 types
/home/mogunleye/miniconda3/envs/ofa1/lib/python3.9/site-packages/torch/functional.py:568: UserWarning: torch.meshgrid: in an upcoming release, it will be required to pass the indexing argument. (Triggered internally at  /opt/conda/conda-bld/pytorch_1646756402876/work/aten/src/ATen/native/TensorShape.cpp:2228.)
  return _VF.meshgrid(tensors, **kwargs)  # type: ignore[attr-defined]
/home/mogunleye/miniconda3/envs/ofa1/lib/python3.9/site-packages/torch/functional.py:568: UserWarning: torch.meshgrid: in an upcoming release, it will be required to pass the indexing argument. (Triggered internally at  /opt/conda/conda-bld/pytorch_1646756402876/work/aten/src/ATen/native/TensorShape.cpp:2228.)
  return _VF.meshgrid(tensors, **kwargs)  # type: ignore[attr-defined]
2023-04-08 13:42:45 - train.py[line:110] - INFO: OFAModel(
  (encoder): TransformerEncoder(
    (encoder_dropout): Dropout(p=0.2, inplace=False)
    (dropout_module): FairseqDropout()
    (embed_tokens): Embedding(59457, 768, padding_idx=1)
    (layernorm_embedding): LayerNorm((768,), eps=1e-05, elementwise_affine=True)
    (type_embedding): Embedding(2, 768)
    (embed_images): ResNet(
      (conv1): Conv2d(3, 64, kernel_size=(7, 7), stride=(2, 2), padding=(3, 3), bias=False)
      (bn1): BatchNorm2d(64, eps=1e-05, momentum=0.1, affine=True, track_running_stats=True)
      (relu): ReLU(inplace=True)
      (maxpool): MaxPool2d(kernel_size=3, stride=2, padding=1, dilation=1, ceil_mode=False)
      (layer1): Sequential(
        (0): Bottleneck(
          (conv1): Conv2d(64, 64, kernel_size=(1, 1), stride=(1, 1), bias=False)
          (bn1): BatchNorm2d(64, eps=1e-05, momentum=0.1, affine=True, track_running_stats=True)
          (conv2): Conv2d(64, 64, kernel_size=(3, 3), stride=(1, 1), padding=(1, 1), bias=False)
          (bn2): BatchNorm2d(64, eps=1e-05, momentum=0.1, affine=True, track_running_stats=True)
          (conv3): Conv2d(64, 256, kernel_size=(1, 1), stride=(1, 1), bias=False)
          (bn3): BatchNorm2d(256, eps=1e-05, momentum=0.1, affine=True, track_running_stats=True)
          (relu): ReLU(inplace=True)
          (downsample): Sequential(
            (0): Conv2d(64, 256, kernel_size=(1, 1), stride=(1, 1), bias=False)
            (1): BatchNorm2d(256, eps=1e-05, momentum=0.1, affine=True, track_running_stats=True)
          )
          (drop_path): Identity()
        )
        (1): Bottleneck(
          (conv1): Conv2d(256, 64, kernel_size=(1, 1), stride=(1, 1), bias=False)
          (bn1): BatchNorm2d(64, eps=1e-05, momentum=0.1, affine=True, track_running_stats=True)
          (conv2): Conv2d(64, 64, kernel_size=(3, 3), stride=(1, 1), padding=(1, 1), bias=False)
          (bn2): BatchNorm2d(64, eps=1e-05, momentum=0.1, affine=True, track_running_stats=True)
          (conv3): Conv2d(64, 256, kernel_size=(1, 1), stride=(1, 1), bias=False)
          (bn3): BatchNorm2d(256, eps=1e-05, momentum=0.1, affine=True, track_running_stats=True)
          (relu): ReLU(inplace=True)
          (drop_path): Identity()
        )
        (2): Bottleneck(
          (conv1): Conv2d(256, 64, kernel_size=(1, 1), stride=(1, 1), bias=False)
          (bn1): BatchNorm2d(64, eps=1e-05, momentum=0.1, affine=True, track_running_stats=True)
          (conv2): Conv2d(64, 64, kernel_size=(3, 3), stride=(1, 1), padding=(1, 1), bias=False)
          (bn2): BatchNorm2d(64, eps=1e-05, momentum=0.1, affine=True, track_running_stats=True)
          (conv3): Conv2d(64, 256, kernel_size=(1, 1), stride=(1, 1), bias=False)
          (bn3): BatchNorm2d(256, eps=1e-05, momentum=0.1, affine=True, track_running_stats=True)
          (relu): ReLU(inplace=True)
          (drop_path): Identity()
        )
      )
      (layer2): Sequential(
        (0): Bottleneck(
          (conv1): Conv2d(256, 128, kernel_size=(1, 1), stride=(1, 1), bias=False)
          (bn1): BatchNorm2d(128, eps=1e-05, momentum=0.1, affine=True, track_running_stats=True)
          (conv2): Conv2d(128, 128, kernel_size=(3, 3), stride=(2, 2), padding=(1, 1), bias=False)
          (bn2): BatchNorm2d(128, eps=1e-05, momentum=0.1, affine=True, track_running_stats=True)
          (conv3): Conv2d(128, 512, kernel_size=(1, 1), stride=(1, 1), bias=False)
          (bn3): BatchNorm2d(512, eps=1e-05, momentum=0.1, affine=True, track_running_stats=True)
          (relu): ReLU(inplace=True)
          (downsample): Sequential(
            (0): Conv2d(256, 512, kernel_size=(1, 1), stride=(2, 2), bias=False)
            (1): BatchNorm2d(512, eps=1e-05, momentum=0.1, affine=True, track_running_stats=True)
          )
          (drop_path): Identity()
        )
        (1): Bottleneck(
          (conv1): Conv2d(512, 128, kernel_size=(1, 1), stride=(1, 1), bias=False)
          (bn1): BatchNorm2d(128, eps=1e-05, momentum=0.1, affine=True, track_running_stats=True)
          (conv2): Conv2d(128, 128, kernel_size=(3, 3), stride=(1, 1), padding=(1, 1), bias=False)
          (bn2): BatchNorm2d(128, eps=1e-05, momentum=0.1, affine=True, track_running_stats=True)
          (conv3): Conv2d(128, 512, kernel_size=(1, 1), stride=(1, 1), bias=False)
          (bn3): BatchNorm2d(512, eps=1e-05, momentum=0.1, affine=True, track_running_stats=True)
          (relu): ReLU(inplace=True)
          (drop_path): Identity()
        )
        (2): Bottleneck(
          (conv1): Conv2d(512, 128, kernel_size=(1, 1), stride=(1, 1), bias=False)
          (bn1): BatchNorm2d(128, eps=1e-05, momentum=0.1, affine=True, track_running_stats=True)
          (conv2): Conv2d(128, 128, kernel_size=(3, 3), stride=(1, 1), padding=(1, 1), bias=False)
          (bn2): BatchNorm2d(128, eps=1e-05, momentum=0.1, affine=True, track_running_stats=True)
          (conv3): Conv2d(128, 512, kernel_size=(1, 1), stride=(1, 1), bias=False)
          (bn3): BatchNorm2d(512, eps=1e-05, momentum=0.1, affine=True, track_running_stats=True)
          (relu): ReLU(inplace=True)
          (drop_path): Identity()
        )
        (3): Bottleneck(
          (conv1): Conv2d(512, 128, kernel_size=(1, 1), stride=(1, 1), bias=False)
          (bn1): BatchNorm2d(128, eps=1e-05, momentum=0.1, affine=True, track_running_stats=True)
          (conv2): Conv2d(128, 128, kernel_size=(3, 3), stride=(1, 1), padding=(1, 1), bias=False)
          (bn2): BatchNorm2d(128, eps=1e-05, momentum=0.1, affine=True, track_running_stats=True)
          (conv3): Conv2d(128, 512, kernel_size=(1, 1), stride=(1, 1), bias=False)
          (bn3): BatchNorm2d(512, eps=1e-05, momentum=0.1, affine=True, track_running_stats=True)
          (relu): ReLU(inplace=True)
          (drop_path): Identity()
        )
      )
      (layer3): Sequential(
        (0): Bottleneck(
          (conv1): Conv2d(512, 256, kernel_size=(1, 1), stride=(1, 1), bias=False)
          (bn1): BatchNorm2d(256, eps=1e-05, momentum=0.1, affine=True, track_running_stats=True)
          (conv2): Conv2d(256, 256, kernel_size=(3, 3), stride=(2, 2), padding=(1, 1), bias=False)
          (bn2): BatchNorm2d(256, eps=1e-05, momentum=0.1, affine=True, track_running_stats=True)
          (conv3): Conv2d(256, 1024, kernel_size=(1, 1), stride=(1, 1), bias=False)
          (bn3): BatchNorm2d(1024, eps=1e-05, momentum=0.1, affine=True, track_running_stats=True)
          (relu): ReLU(inplace=True)
          (downsample): Sequential(
            (0): Conv2d(512, 1024, kernel_size=(1, 1), stride=(2, 2), bias=False)
            (1): BatchNorm2d(1024, eps=1e-05, momentum=0.1, affine=True, track_running_stats=True)
          )
          (drop_path): Identity()
        )
        (1): Bottleneck(
          (conv1): Conv2d(1024, 256, kernel_size=(1, 1), stride=(1, 1), bias=False)
          (bn1): BatchNorm2d(256, eps=1e-05, momentum=0.1, affine=True, track_running_stats=True)
          (conv2): Conv2d(256, 256, kernel_size=(3, 3), stride=(1, 1), padding=(1, 1), bias=False)
          (bn2): BatchNorm2d(256, eps=1e-05, momentum=0.1, affine=True, track_running_stats=True)
          (conv3): Conv2d(256, 1024, kernel_size=(1, 1), stride=(1, 1), bias=False)
          (bn3): BatchNorm2d(1024, eps=1e-05, momentum=0.1, affine=True, track_running_stats=True)
          (relu): ReLU(inplace=True)
          (drop_path): Identity()
        )
        (2): Bottleneck(
          (conv1): Conv2d(1024, 256, kernel_size=(1, 1), stride=(1, 1), bias=False)
          (bn1): BatchNorm2d(256, eps=1e-05, momentum=0.1, affine=True, track_running_stats=True)
          (conv2): Conv2d(256, 256, kernel_size=(3, 3), stride=(1, 1), padding=(1, 1), bias=False)
          (bn2): BatchNorm2d(256, eps=1e-05, momentum=0.1, affine=True, track_running_stats=True)
          (conv3): Conv2d(256, 1024, kernel_size=(1, 1), stride=(1, 1), bias=False)
          (bn3): BatchNorm2d(1024, eps=1e-05, momentum=0.1, affine=True, track_running_stats=True)
          (relu): ReLU(inplace=True)
          (drop_path): Identity()
        )
        (3): Bottleneck(
          (conv1): Conv2d(1024, 256, kernel_size=(1, 1), stride=(1, 1), bias=False)
          (bn1): BatchNorm2d(256, eps=1e-05, momentum=0.1, affine=True, track_running_stats=True)
          (conv2): Conv2d(256, 256, kernel_size=(3, 3), stride=(1, 1), padding=(1, 1), bias=False)
          (bn2): BatchNorm2d(256, eps=1e-05, momentum=0.1, affine=True, track_running_stats=True)
          (conv3): Conv2d(256, 1024, kernel_size=(1, 1), stride=(1, 1), bias=False)
          (bn3): BatchNorm2d(1024, eps=1e-05, momentum=0.1, affine=True, track_running_stats=True)
          (relu): ReLU(inplace=True)
          (drop_path): Identity()
        )
        (4): Bottleneck(
          (conv1): Conv2d(1024, 256, kernel_size=(1, 1), stride=(1, 1), bias=False)
          (bn1): BatchNorm2d(256, eps=1e-05, momentum=0.1, affine=True, track_running_stats=True)
          (conv2): Conv2d(256, 256, kernel_size=(3, 3), stride=(1, 1), padding=(1, 1), bias=False)
          (bn2): BatchNorm2d(256, eps=1e-05, momentum=0.1, affine=True, track_running_stats=True)
          (conv3): Conv2d(256, 1024, kernel_size=(1, 1), stride=(1, 1), bias=False)
          (bn3): BatchNorm2d(1024, eps=1e-05, momentum=0.1, affine=True, track_running_stats=True)
          (relu): ReLU(inplace=True)
          (drop_path): Identity()
        )
        (5): Bottleneck(
          (conv1): Conv2d(1024, 256, kernel_size=(1, 1), stride=(1, 1), bias=False)
          (bn1): BatchNorm2d(256, eps=1e-05, momentum=0.1, affine=True, track_running_stats=True)
          (conv2): Conv2d(256, 256, kernel_size=(3, 3), stride=(1, 1), padding=(1, 1), bias=False)
          (bn2): BatchNorm2d(256, eps=1e-05, momentum=0.1, affine=True, track_running_stats=True)
          (conv3): Conv2d(256, 1024, kernel_size=(1, 1), stride=(1, 1), bias=False)
          (bn3): BatchNorm2d(1024, eps=1e-05, momentum=0.1, affine=True, track_running_stats=True)
          (relu): ReLU(inplace=True)
          (drop_path): Identity()
        )
        (6): Bottleneck(
          (conv1): Conv2d(1024, 256, kernel_size=(1, 1), stride=(1, 1), bias=False)
          (bn1): BatchNorm2d(256, eps=1e-05, momentum=0.1, affine=True, track_running_stats=True)
          (conv2): Conv2d(256, 256, kernel_size=(3, 3), stride=(1, 1), padding=(1, 1), bias=False)
          (bn2): BatchNorm2d(256, eps=1e-05, momentum=0.1, affine=True, track_running_stats=True)
          (conv3): Conv2d(256, 1024, kernel_size=(1, 1), stride=(1, 1), bias=False)
          (bn3): BatchNorm2d(1024, eps=1e-05, momentum=0.1, affine=True, track_running_stats=True)
          (relu): ReLU(inplace=True)
          (drop_path): Identity()
        )
        (7): Bottleneck(
          (conv1): Conv2d(1024, 256, kernel_size=(1, 1), stride=(1, 1), bias=False)
          (bn1): BatchNorm2d(256, eps=1e-05, momentum=0.1, affine=True, track_running_stats=True)
          (conv2): Conv2d(256, 256, kernel_size=(3, 3), stride=(1, 1), padding=(1, 1), bias=False)
          (bn2): BatchNorm2d(256, eps=1e-05, momentum=0.1, affine=True, track_running_stats=True)
          (conv3): Conv2d(256, 1024, kernel_size=(1, 1), stride=(1, 1), bias=False)
          (bn3): BatchNorm2d(1024, eps=1e-05, momentum=0.1, affine=True, track_running_stats=True)
          (relu): ReLU(inplace=True)
          (drop_path): Identity()
        )
        (8): Bottleneck(
          (conv1): Conv2d(1024, 256, kernel_size=(1, 1), stride=(1, 1), bias=False)
          (bn1): BatchNorm2d(256, eps=1e-05, momentum=0.1, affine=True, track_running_stats=True)
          (conv2): Conv2d(256, 256, kernel_size=(3, 3), stride=(1, 1), padding=(1, 1), bias=False)
          (bn2): BatchNorm2d(256, eps=1e-05, momentum=0.1, affine=True, track_running_stats=True)
          (conv3): Conv2d(256, 1024, kernel_size=(1, 1), stride=(1, 1), bias=False)
          (bn3): BatchNorm2d(1024, eps=1e-05, momentum=0.1, affine=True, track_running_stats=True)
          (relu): ReLU(inplace=True)
          (drop_path): Identity()
        )
        (9): Bottleneck(
          (conv1): Conv2d(1024, 256, kernel_size=(1, 1), stride=(1, 1), bias=False)
          (bn1): BatchNorm2d(256, eps=1e-05, momentum=0.1, affine=True, track_running_stats=True)
          (conv2): Conv2d(256, 256, kernel_size=(3, 3), stride=(1, 1), padding=(1, 1), bias=False)
          (bn2): BatchNorm2d(256, eps=1e-05, momentum=0.1, affine=True, track_running_stats=True)
          (conv3): Conv2d(256, 1024, kernel_size=(1, 1), stride=(1, 1), bias=False)
          (bn3): BatchNorm2d(1024, eps=1e-05, momentum=0.1, affine=True, track_running_stats=True)
          (relu): ReLU(inplace=True)
          (drop_path): Identity()
        )
        (10): Bottleneck(
          (conv1): Conv2d(1024, 256, kernel_size=(1, 1), stride=(1, 1), bias=False)
          (bn1): BatchNorm2d(256, eps=1e-05, momentum=0.1, affine=True, track_running_stats=True)
          (conv2): Conv2d(256, 256, kernel_size=(3, 3), stride=(1, 1), padding=(1, 1), bias=False)
          (bn2): BatchNorm2d(256, eps=1e-05, momentum=0.1, affine=True, track_running_stats=True)
          (conv3): Conv2d(256, 1024, kernel_size=(1, 1), stride=(1, 1), bias=False)
          (bn3): BatchNorm2d(1024, eps=1e-05, momentum=0.1, affine=True, track_running_stats=True)
          (relu): ReLU(inplace=True)
          (drop_path): Identity()
        )
        (11): Bottleneck(
          (conv1): Conv2d(1024, 256, kernel_size=(1, 1), stride=(1, 1), bias=False)
          (bn1): BatchNorm2d(256, eps=1e-05, momentum=0.1, affine=True, track_running_stats=True)
          (conv2): Conv2d(256, 256, kernel_size=(3, 3), stride=(1, 1), padding=(1, 1), bias=False)
          (bn2): BatchNorm2d(256, eps=1e-05, momentum=0.1, affine=True, track_running_stats=True)
          (conv3): Conv2d(256, 1024, kernel_size=(1, 1), stride=(1, 1), bias=False)
          (bn3): BatchNorm2d(1024, eps=1e-05, momentum=0.1, affine=True, track_running_stats=True)
          (relu): ReLU(inplace=True)
          (drop_path): Identity()
        )
        (12): Bottleneck(
          (conv1): Conv2d(1024, 256, kernel_size=(1, 1), stride=(1, 1), bias=False)
          (bn1): BatchNorm2d(256, eps=1e-05, momentum=0.1, affine=True, track_running_stats=True)
          (conv2): Conv2d(256, 256, kernel_size=(3, 3), stride=(1, 1), padding=(1, 1), bias=False)
          (bn2): BatchNorm2d(256, eps=1e-05, momentum=0.1, affine=True, track_running_stats=True)
          (conv3): Conv2d(256, 1024, kernel_size=(1, 1), stride=(1, 1), bias=False)
          (bn3): BatchNorm2d(1024, eps=1e-05, momentum=0.1, affine=True, track_running_stats=True)
          (relu): ReLU(inplace=True)
          (drop_path): Identity()
        )
        (13): Bottleneck(
          (conv1): Conv2d(1024, 256, kernel_size=(1, 1), stride=(1, 1), bias=False)
          (bn1): BatchNorm2d(256, eps=1e-05, momentum=0.1, affine=True, track_running_stats=True)
          (conv2): Conv2d(256, 256, kernel_size=(3, 3), stride=(1, 1), padding=(1, 1), bias=False)
          (bn2): BatchNorm2d(256, eps=1e-05, momentum=0.1, affine=True, track_running_stats=True)
          (conv3): Conv2d(256, 1024, kernel_size=(1, 1), stride=(1, 1), bias=False)
          (bn3): BatchNorm2d(1024, eps=1e-05, momentum=0.1, affine=True, track_running_stats=True)
          (relu): ReLU(inplace=True)
          (drop_path): Identity()
        )
        (14): Bottleneck(
          (conv1): Conv2d(1024, 256, kernel_size=(1, 1), stride=(1, 1), bias=False)
          (bn1): BatchNorm2d(256, eps=1e-05, momentum=0.1, affine=True, track_running_stats=True)
          (conv2): Conv2d(256, 256, kernel_size=(3, 3), stride=(1, 1), padding=(1, 1), bias=False)
          (bn2): BatchNorm2d(256, eps=1e-05, momentum=0.1, affine=True, track_running_stats=True)
          (conv3): Conv2d(256, 1024, kernel_size=(1, 1), stride=(1, 1), bias=False)
          (bn3): BatchNorm2d(1024, eps=1e-05, momentum=0.1, affine=True, track_running_stats=True)
          (relu): ReLU(inplace=True)
          (drop_path): Identity()
        )
        (15): Bottleneck(
          (conv1): Conv2d(1024, 256, kernel_size=(1, 1), stride=(1, 1), bias=False)
          (bn1): BatchNorm2d(256, eps=1e-05, momentum=0.1, affine=True, track_running_stats=True)
          (conv2): Conv2d(256, 256, kernel_size=(3, 3), stride=(1, 1), padding=(1, 1), bias=False)
          (bn2): BatchNorm2d(256, eps=1e-05, momentum=0.1, affine=True, track_running_stats=True)
          (conv3): Conv2d(256, 1024, kernel_size=(1, 1), stride=(1, 1), bias=False)
          (bn3): BatchNorm2d(1024, eps=1e-05, momentum=0.1, affine=True, track_running_stats=True)
          (relu): ReLU(inplace=True)
          (drop_path): Identity()
        )
        (16): Bottleneck(
          (conv1): Conv2d(1024, 256, kernel_size=(1, 1), stride=(1, 1), bias=False)
          (bn1): BatchNorm2d(256, eps=1e-05, momentum=0.1, affine=True, track_running_stats=True)
          (conv2): Conv2d(256, 256, kernel_size=(3, 3), stride=(1, 1), padding=(1, 1), bias=False)
          (bn2): BatchNorm2d(256, eps=1e-05, momentum=0.1, affine=True, track_running_stats=True)
          (conv3): Conv2d(256, 1024, kernel_size=(1, 1), stride=(1, 1), bias=False)
          (bn3): BatchNorm2d(1024, eps=1e-05, momentum=0.1, affine=True, track_running_stats=True)
          (relu): ReLU(inplace=True)
          (drop_path): Identity()
        )
        (17): Bottleneck(
          (conv1): Conv2d(1024, 256, kernel_size=(1, 1), stride=(1, 1), bias=False)
          (bn1): BatchNorm2d(256, eps=1e-05, momentum=0.1, affine=True, track_running_stats=True)
          (conv2): Conv2d(256, 256, kernel_size=(3, 3), stride=(1, 1), padding=(1, 1), bias=False)
          (bn2): BatchNorm2d(256, eps=1e-05, momentum=0.1, affine=True, track_running_stats=True)
          (conv3): Conv2d(256, 1024, kernel_size=(1, 1), stride=(1, 1), bias=False)
          (bn3): BatchNorm2d(1024, eps=1e-05, momentum=0.1, affine=True, track_running_stats=True)
          (relu): ReLU(inplace=True)
          (drop_path): Identity()
        )
        (18): Bottleneck(
          (conv1): Conv2d(1024, 256, kernel_size=(1, 1), stride=(1, 1), bias=False)
          (bn1): BatchNorm2d(256, eps=1e-05, momentum=0.1, affine=True, track_running_stats=True)
          (conv2): Conv2d(256, 256, kernel_size=(3, 3), stride=(1, 1), padding=(1, 1), bias=False)
          (bn2): BatchNorm2d(256, eps=1e-05, momentum=0.1, affine=True, track_running_stats=True)
          (conv3): Conv2d(256, 1024, kernel_size=(1, 1), stride=(1, 1), bias=False)
          (bn3): BatchNorm2d(1024, eps=1e-05, momentum=0.1, affine=True, track_running_stats=True)
          (relu): ReLU(inplace=True)
          (drop_path): Identity()
        )
        (19): Bottleneck(
          (conv1): Conv2d(1024, 256, kernel_size=(1, 1), stride=(1, 1), bias=False)
          (bn1): BatchNorm2d(256, eps=1e-05, momentum=0.1, affine=True, track_running_stats=True)
          (conv2): Conv2d(256, 256, kernel_size=(3, 3), stride=(1, 1), padding=(1, 1), bias=False)
          (bn2): BatchNorm2d(256, eps=1e-05, momentum=0.1, affine=True, track_running_stats=True)
          (conv3): Conv2d(256, 1024, kernel_size=(1, 1), stride=(1, 1), bias=False)
          (bn3): BatchNorm2d(1024, eps=1e-05, momentum=0.1, affine=True, track_running_stats=True)
          (relu): ReLU(inplace=True)
          (drop_path): Identity()
        )
        (20): Bottleneck(
          (conv1): Conv2d(1024, 256, kernel_size=(1, 1), stride=(1, 1), bias=False)
          (bn1): BatchNorm2d(256, eps=1e-05, momentum=0.1, affine=True, track_running_stats=True)
          (conv2): Conv2d(256, 256, kernel_size=(3, 3), stride=(1, 1), padding=(1, 1), bias=False)
          (bn2): BatchNorm2d(256, eps=1e-05, momentum=0.1, affine=True, track_running_stats=True)
          (conv3): Conv2d(256, 1024, kernel_size=(1, 1), stride=(1, 1), bias=False)
          (bn3): BatchNorm2d(1024, eps=1e-05, momentum=0.1, affine=True, track_running_stats=True)
          (relu): ReLU(inplace=True)
          (drop_path): Identity()
        )
        (21): Bottleneck(
          (conv1): Conv2d(1024, 256, kernel_size=(1, 1), stride=(1, 1), bias=False)
          (bn1): BatchNorm2d(256, eps=1e-05, momentum=0.1, affine=True, track_running_stats=True)
          (conv2): Conv2d(256, 256, kernel_size=(3, 3), stride=(1, 1), padding=(1, 1), bias=False)
          (bn2): BatchNorm2d(256, eps=1e-05, momentum=0.1, affine=True, track_running_stats=True)
          (conv3): Conv2d(256, 1024, kernel_size=(1, 1), stride=(1, 1), bias=False)
          (bn3): BatchNorm2d(1024, eps=1e-05, momentum=0.1, affine=True, track_running_stats=True)
          (relu): ReLU(inplace=True)
          (drop_path): Identity()
        )
        (22): Bottleneck(
          (conv1): Conv2d(1024, 256, kernel_size=(1, 1), stride=(1, 1), bias=False)
          (bn1): BatchNorm2d(256, eps=1e-05, momentum=0.1, affine=True, track_running_stats=True)
          (conv2): Conv2d(256, 256, kernel_size=(3, 3), stride=(1, 1), padding=(1, 1), bias=False)
          (bn2): BatchNorm2d(256, eps=1e-05, momentum=0.1, affine=True, track_running_stats=True)
          (conv3): Conv2d(256, 1024, kernel_size=(1, 1), stride=(1, 1), bias=False)
          (bn3): BatchNorm2d(1024, eps=1e-05, momentum=0.1, affine=True, track_running_stats=True)
          (relu): ReLU(inplace=True)
          (drop_path): Identity()
        )
      )
    )
    (image_proj): Linear(in_features=1024, out_features=768, bias=True)
    (patch_layernorm_embedding): LayerNorm((768,), eps=1e-05, elementwise_affine=True)
    (embed_positions): Embedding(1026, 768)
    (embed_image_positions): Embedding(1765, 768)
    (pos_ln): LayerNorm((768,), eps=1e-05, elementwise_affine=True)
    (image_pos_ln): LayerNorm((768,), eps=1e-05, elementwise_affine=True)
    (pos_q_linear): Linear(in_features=768, out_features=768, bias=True)
    (pos_k_linear): Linear(in_features=768, out_features=768, bias=True)
    (layers): ModuleList(
      (0): TransformerEncoderLayer(
        (self_attn): MultiheadAttention(
          (dropout_module): FairseqDropout()
          (k_proj): Linear(in_features=768, out_features=768, bias=True)
          (v_proj): Linear(in_features=768, out_features=768, bias=True)
          (q_proj): Linear(in_features=768, out_features=768, bias=True)
          (out_proj): Linear(in_features=768, out_features=768, bias=True)
        )
        (self_attn_layer_norm): LayerNorm((768,), eps=1e-05, elementwise_affine=True)
        (dropout_module): FairseqDropout()
        (activation_dropout_module): FairseqDropout()
        (fc1): Linear(in_features=768, out_features=3072, bias=True)
        (fc2): Linear(in_features=3072, out_features=768, bias=True)
        (attn_ln): LayerNorm((768,), eps=1e-05, elementwise_affine=True)
        (ffn_layernorm): LayerNorm((3072,), eps=1e-05, elementwise_affine=True)
        (final_layer_norm): LayerNorm((768,), eps=1e-05, elementwise_affine=True)
        (drop_path): Identity()
      )
      (1): TransformerEncoderLayer(
        (self_attn): MultiheadAttention(
          (dropout_module): FairseqDropout()
          (k_proj): Linear(in_features=768, out_features=768, bias=True)
          (v_proj): Linear(in_features=768, out_features=768, bias=True)
          (q_proj): Linear(in_features=768, out_features=768, bias=True)
          (out_proj): Linear(in_features=768, out_features=768, bias=True)
        )
        (self_attn_layer_norm): LayerNorm((768,), eps=1e-05, elementwise_affine=True)
        (dropout_module): FairseqDropout()
        (activation_dropout_module): FairseqDropout()
        (fc1): Linear(in_features=768, out_features=3072, bias=True)
        (fc2): Linear(in_features=3072, out_features=768, bias=True)
        (attn_ln): LayerNorm((768,), eps=1e-05, elementwise_affine=True)
        (ffn_layernorm): LayerNorm((3072,), eps=1e-05, elementwise_affine=True)
        (final_layer_norm): LayerNorm((768,), eps=1e-05, elementwise_affine=True)
        (drop_path): DropPath(p=0.019999999552965164)
      )
      (2): TransformerEncoderLayer(
        (self_attn): MultiheadAttention(
          (dropout_module): FairseqDropout()
          (k_proj): Linear(in_features=768, out_features=768, bias=True)
          (v_proj): Linear(in_features=768, out_features=768, bias=True)
          (q_proj): Linear(in_features=768, out_features=768, bias=True)
          (out_proj): Linear(in_features=768, out_features=768, bias=True)
        )
        (self_attn_layer_norm): LayerNorm((768,), eps=1e-05, elementwise_affine=True)
        (dropout_module): FairseqDropout()
        (activation_dropout_module): FairseqDropout()
        (fc1): Linear(in_features=768, out_features=3072, bias=True)
        (fc2): Linear(in_features=3072, out_features=768, bias=True)
        (attn_ln): LayerNorm((768,), eps=1e-05, elementwise_affine=True)
        (ffn_layernorm): LayerNorm((3072,), eps=1e-05, elementwise_affine=True)
        (final_layer_norm): LayerNorm((768,), eps=1e-05, elementwise_affine=True)
        (drop_path): DropPath(p=0.03999999910593033)
      )
      (3): TransformerEncoderLayer(
        (self_attn): MultiheadAttention(
          (dropout_module): FairseqDropout()
          (k_proj): Linear(in_features=768, out_features=768, bias=True)
          (v_proj): Linear(in_features=768, out_features=768, bias=True)
          (q_proj): Linear(in_features=768, out_features=768, bias=True)
          (out_proj): Linear(in_features=768, out_features=768, bias=True)
        )
        (self_attn_layer_norm): LayerNorm((768,), eps=1e-05, elementwise_affine=True)
        (dropout_module): FairseqDropout()
        (activation_dropout_module): FairseqDropout()
        (fc1): Linear(in_features=768, out_features=3072, bias=True)
        (fc2): Linear(in_features=3072, out_features=768, bias=True)
        (attn_ln): LayerNorm((768,), eps=1e-05, elementwise_affine=True)
        (ffn_layernorm): LayerNorm((3072,), eps=1e-05, elementwise_affine=True)
        (final_layer_norm): LayerNorm((768,), eps=1e-05, elementwise_affine=True)
        (drop_path): DropPath(p=0.06000000238418579)
      )
      (4): TransformerEncoderLayer(
        (self_attn): MultiheadAttention(
          (dropout_module): FairseqDropout()
          (k_proj): Linear(in_features=768, out_features=768, bias=True)
          (v_proj): Linear(in_features=768, out_features=768, bias=True)
          (q_proj): Linear(in_features=768, out_features=768, bias=True)
          (out_proj): Linear(in_features=768, out_features=768, bias=True)
        )
        (self_attn_layer_norm): LayerNorm((768,), eps=1e-05, elementwise_affine=True)
        (dropout_module): FairseqDropout()
        (activation_dropout_module): FairseqDropout()
        (fc1): Linear(in_features=768, out_features=3072, bias=True)
        (fc2): Linear(in_features=3072, out_features=768, bias=True)
        (attn_ln): LayerNorm((768,), eps=1e-05, elementwise_affine=True)
        (ffn_layernorm): LayerNorm((3072,), eps=1e-05, elementwise_affine=True)
        (final_layer_norm): LayerNorm((768,), eps=1e-05, elementwise_affine=True)
        (drop_path): DropPath(p=0.07999999821186066)
      )
      (5): TransformerEncoderLayer(
        (self_attn): MultiheadAttention(
          (dropout_module): FairseqDropout()
          (k_proj): Linear(in_features=768, out_features=768, bias=True)
          (v_proj): Linear(in_features=768, out_features=768, bias=True)
          (q_proj): Linear(in_features=768, out_features=768, bias=True)
          (out_proj): Linear(in_features=768, out_features=768, bias=True)
        )
        (self_attn_layer_norm): LayerNorm((768,), eps=1e-05, elementwise_affine=True)
        (dropout_module): FairseqDropout()
        (activation_dropout_module): FairseqDropout()
        (fc1): Linear(in_features=768, out_features=3072, bias=True)
        (fc2): Linear(in_features=3072, out_features=768, bias=True)
        (attn_ln): LayerNorm((768,), eps=1e-05, elementwise_affine=True)
        (ffn_layernorm): LayerNorm((3072,), eps=1e-05, elementwise_affine=True)
        (final_layer_norm): LayerNorm((768,), eps=1e-05, elementwise_affine=True)
        (drop_path): DropPath(p=0.10000000149011612)
      )
    )
    (layer_norm): LayerNorm((768,), eps=1e-05, elementwise_affine=True)
    (token_rel_pos_table_list): ModuleList(
      (0): Embedding(511, 12)
      (1): Embedding(511, 12)
      (2): Embedding(511, 12)
      (3): Embedding(511, 12)
      (4): Embedding(511, 12)
      (5): Embedding(511, 12)
    )
    (image_rel_pos_table_list): ModuleList(
      (0): Embedding(6892, 12)
      (1): Embedding(6892, 12)
      (2): Embedding(6892, 12)
      (3): Embedding(6892, 12)
      (4): Embedding(6892, 12)
      (5): Embedding(6892, 12)
    )
  )
  (decoder): TransformerDecoder(
    (dropout_module): FairseqDropout()
    (embed_tokens): Embedding(59457, 768, padding_idx=1)
    (layernorm_embedding): LayerNorm((768,), eps=1e-05, elementwise_affine=True)
    (embed_positions): Embedding(1026, 768)
    (embed_image_positions): Embedding(1765, 768)
    (pos_ln): LayerNorm((768,), eps=1e-05, elementwise_affine=True)
    (image_pos_ln): LayerNorm((768,), eps=1e-05, elementwise_affine=True)
    (self_pos_q_linear): Linear(in_features=768, out_features=768, bias=True)
    (self_pos_k_linear): Linear(in_features=768, out_features=768, bias=True)
    (cross_pos_q_linear): Linear(in_features=768, out_features=768, bias=True)
    (cross_pos_k_linear): Linear(in_features=768, out_features=768, bias=True)
    (code_layernorm_embedding): LayerNorm((768,), eps=1e-05, elementwise_affine=True)
    (layers): ModuleList(
      (0): TransformerDecoderLayer(
        (dropout_module): FairseqDropout()
        (self_attn): MultiheadAttention(
          (dropout_module): FairseqDropout()
          (k_proj): Linear(in_features=768, out_features=768, bias=True)
          (v_proj): Linear(in_features=768, out_features=768, bias=True)
          (q_proj): Linear(in_features=768, out_features=768, bias=True)
          (out_proj): Linear(in_features=768, out_features=768, bias=True)
        )
        (self_attn_ln): LayerNorm((768,), eps=1e-05, elementwise_affine=True)
        (cross_attn_ln): LayerNorm((768,), eps=1e-05, elementwise_affine=True)
        (activation_dropout_module): FairseqDropout()
        (self_attn_layer_norm): LayerNorm((768,), eps=1e-05, elementwise_affine=True)
        (encoder_attn): MultiheadAttention(
          (dropout_module): FairseqDropout()
          (k_proj): Linear(in_features=768, out_features=768, bias=True)
          (v_proj): Linear(in_features=768, out_features=768, bias=True)
          (q_proj): Linear(in_features=768, out_features=768, bias=True)
          (out_proj): Linear(in_features=768, out_features=768, bias=True)
        )
        (encoder_attn_layer_norm): LayerNorm((768,), eps=1e-05, elementwise_affine=True)
        (ffn_layernorm): LayerNorm((3072,), eps=1e-05, elementwise_affine=True)
        (fc1): Linear(in_features=768, out_features=3072, bias=True)
        (fc2): Linear(in_features=3072, out_features=768, bias=True)
        (final_layer_norm): LayerNorm((768,), eps=1e-05, elementwise_affine=True)
        (drop_path): Identity()
      )
      (1): TransformerDecoderLayer(
        (dropout_module): FairseqDropout()
        (self_attn): MultiheadAttention(
          (dropout_module): FairseqDropout()
          (k_proj): Linear(in_features=768, out_features=768, bias=True)
          (v_proj): Linear(in_features=768, out_features=768, bias=True)
          (q_proj): Linear(in_features=768, out_features=768, bias=True)
          (out_proj): Linear(in_features=768, out_features=768, bias=True)
        )
        (self_attn_ln): LayerNorm((768,), eps=1e-05, elementwise_affine=True)
        (cross_attn_ln): LayerNorm((768,), eps=1e-05, elementwise_affine=True)
        (activation_dropout_module): FairseqDropout()
        (self_attn_layer_norm): LayerNorm((768,), eps=1e-05, elementwise_affine=True)
        (encoder_attn): MultiheadAttention(
          (dropout_module): FairseqDropout()
          (k_proj): Linear(in_features=768, out_features=768, bias=True)
          (v_proj): Linear(in_features=768, out_features=768, bias=True)
          (q_proj): Linear(in_features=768, out_features=768, bias=True)
          (out_proj): Linear(in_features=768, out_features=768, bias=True)
        )
        (encoder_attn_layer_norm): LayerNorm((768,), eps=1e-05, elementwise_affine=True)
        (ffn_layernorm): LayerNorm((3072,), eps=1e-05, elementwise_affine=True)
        (fc1): Linear(in_features=768, out_features=3072, bias=True)
        (fc2): Linear(in_features=3072, out_features=768, bias=True)
        (final_layer_norm): LayerNorm((768,), eps=1e-05, elementwise_affine=True)
        (drop_path): DropPath(p=0.019999999552965164)
      )
      (2): TransformerDecoderLayer(
        (dropout_module): FairseqDropout()
        (self_attn): MultiheadAttention(
          (dropout_module): FairseqDropout()
          (k_proj): Linear(in_features=768, out_features=768, bias=True)
          (v_proj): Linear(in_features=768, out_features=768, bias=True)
          (q_proj): Linear(in_features=768, out_features=768, bias=True)
          (out_proj): Linear(in_features=768, out_features=768, bias=True)
        )
        (self_attn_ln): LayerNorm((768,), eps=1e-05, elementwise_affine=True)
        (cross_attn_ln): LayerNorm((768,), eps=1e-05, elementwise_affine=True)
        (activation_dropout_module): FairseqDropout()
        (self_attn_layer_norm): LayerNorm((768,), eps=1e-05, elementwise_affine=True)
        (encoder_attn): MultiheadAttention(
          (dropout_module): FairseqDropout()
          (k_proj): Linear(in_features=768, out_features=768, bias=True)
          (v_proj): Linear(in_features=768, out_features=768, bias=True)
          (q_proj): Linear(in_features=768, out_features=768, bias=True)
          (out_proj): Linear(in_features=768, out_features=768, bias=True)
        )
        (encoder_attn_layer_norm): LayerNorm((768,), eps=1e-05, elementwise_affine=True)
        (ffn_layernorm): LayerNorm((3072,), eps=1e-05, elementwise_affine=True)
        (fc1): Linear(in_features=768, out_features=3072, bias=True)
        (fc2): Linear(in_features=3072, out_features=768, bias=True)
        (final_layer_norm): LayerNorm((768,), eps=1e-05, elementwise_affine=True)
        (drop_path): DropPath(p=0.03999999910593033)
      )
      (3): TransformerDecoderLayer(
        (dropout_module): FairseqDropout()
        (self_attn): MultiheadAttention(
          (dropout_module): FairseqDropout()
          (k_proj): Linear(in_features=768, out_features=768, bias=True)
          (v_proj): Linear(in_features=768, out_features=768, bias=True)
          (q_proj): Linear(in_features=768, out_features=768, bias=True)
          (out_proj): Linear(in_features=768, out_features=768, bias=True)
        )
        (self_attn_ln): LayerNorm((768,), eps=1e-05, elementwise_affine=True)
        (cross_attn_ln): LayerNorm((768,), eps=1e-05, elementwise_affine=True)
        (activation_dropout_module): FairseqDropout()
        (self_attn_layer_norm): LayerNorm((768,), eps=1e-05, elementwise_affine=True)
        (encoder_attn): MultiheadAttention(
          (dropout_module): FairseqDropout()
          (k_proj): Linear(in_features=768, out_features=768, bias=True)
          (v_proj): Linear(in_features=768, out_features=768, bias=True)
          (q_proj): Linear(in_features=768, out_features=768, bias=True)
          (out_proj): Linear(in_features=768, out_features=768, bias=True)
        )
        (encoder_attn_layer_norm): LayerNorm((768,), eps=1e-05, elementwise_affine=True)
        (ffn_layernorm): LayerNorm((3072,), eps=1e-05, elementwise_affine=True)
        (fc1): Linear(in_features=768, out_features=3072, bias=True)
        (fc2): Linear(in_features=3072, out_features=768, bias=True)
        (final_layer_norm): LayerNorm((768,), eps=1e-05, elementwise_affine=True)
        (drop_path): DropPath(p=0.06000000238418579)
      )
      (4): TransformerDecoderLayer(
        (dropout_module): FairseqDropout()
        (self_attn): MultiheadAttention(
          (dropout_module): FairseqDropout()
          (k_proj): Linear(in_features=768, out_features=768, bias=True)
          (v_proj): Linear(in_features=768, out_features=768, bias=True)
          (q_proj): Linear(in_features=768, out_features=768, bias=True)
          (out_proj): Linear(in_features=768, out_features=768, bias=True)
        )
        (self_attn_ln): LayerNorm((768,), eps=1e-05, elementwise_affine=True)
        (cross_attn_ln): LayerNorm((768,), eps=1e-05, elementwise_affine=True)
        (activation_dropout_module): FairseqDropout()
        (self_attn_layer_norm): LayerNorm((768,), eps=1e-05, elementwise_affine=True)
        (encoder_attn): MultiheadAttention(
          (dropout_module): FairseqDropout()
          (k_proj): Linear(in_features=768, out_features=768, bias=True)
          (v_proj): Linear(in_features=768, out_features=768, bias=True)
          (q_proj): Linear(in_features=768, out_features=768, bias=True)
          (out_proj): Linear(in_features=768, out_features=768, bias=True)
        )
        (encoder_attn_layer_norm): LayerNorm((768,), eps=1e-05, elementwise_affine=True)
        (ffn_layernorm): LayerNorm((3072,), eps=1e-05, elementwise_affine=True)
        (fc1): Linear(in_features=768, out_features=3072, bias=True)
        (fc2): Linear(in_features=3072, out_features=768, bias=True)
        (final_layer_norm): LayerNorm((768,), eps=1e-05, elementwise_affine=True)
        (drop_path): DropPath(p=0.07999999821186066)
      )
      (5): TransformerDecoderLayer(
        (dropout_module): FairseqDropout()
        (self_attn): MultiheadAttention(
          (dropout_module): FairseqDropout()
          (k_proj): Linear(in_features=768, out_features=768, bias=True)
          (v_proj): Linear(in_features=768, out_features=768, bias=True)
          (q_proj): Linear(in_features=768, out_features=768, bias=True)
          (out_proj): Linear(in_features=768, out_features=768, bias=True)
        )
        (self_attn_ln): LayerNorm((768,), eps=1e-05, elementwise_affine=True)
        (cross_attn_ln): LayerNorm((768,), eps=1e-05, elementwise_affine=True)
        (activation_dropout_module): FairseqDropout()
        (self_attn_layer_norm): LayerNorm((768,), eps=1e-05, elementwise_affine=True)
        (encoder_attn): MultiheadAttention(
          (dropout_module): FairseqDropout()
          (k_proj): Linear(in_features=768, out_features=768, bias=True)
          (v_proj): Linear(in_features=768, out_features=768, bias=True)
          (q_proj): Linear(in_features=768, out_features=768, bias=True)
          (out_proj): Linear(in_features=768, out_features=768, bias=True)
        )
        (encoder_attn_layer_norm): LayerNorm((768,), eps=1e-05, elementwise_affine=True)
        (ffn_layernorm): LayerNorm((3072,), eps=1e-05, elementwise_affine=True)
        (fc1): Linear(in_features=768, out_features=3072, bias=True)
        (fc2): Linear(in_features=3072, out_features=768, bias=True)
        (final_layer_norm): LayerNorm((768,), eps=1e-05, elementwise_affine=True)
        (drop_path): DropPath(p=0.10000000149011612)
      )
    )
    (layer_norm): LayerNorm((768,), eps=1e-05, elementwise_affine=True)
    (output_projection): Linear(in_features=768, out_features=59457, bias=False)
    (token_rel_pos_table_list): ModuleList(
      (0): Embedding(511, 12)
      (1): Embedding(511, 12)
      (2): Embedding(511, 12)
      (3): Embedding(511, 12)
      (4): Embedding(511, 12)
      (5): Embedding(511, 12)
    )
    (image_rel_pos_table_list): ModuleList(
      (0): Embedding(6892, 12)
      (1): Embedding(6892, 12)
      (2): Embedding(6892, 12)
      (3): Embedding(6892, 12)
      (4): Embedding(6892, 12)
      (5): Embedding(6892, 12)
    )
  )
  (classification_heads): ModuleDict()
)
2023-04-08 13:42:45 - train.py[line:111] - INFO: task: RefcocoTask
2023-04-08 13:42:45 - train.py[line:112] - INFO: model: OFAModel
2023-04-08 13:42:45 - train.py[line:113] - INFO: criterion: AdjustLabelSmoothedCrossEntropyCriterion
2023-04-08 13:42:45 - train.py[line:114] - INFO: num. shared model params: 182,238,536 (num. trained: 182,238,536)
2023-04-08 13:42:45 - train.py[line:121] - INFO: num. expert model params: 0 (num. trained: 0)
local datafile ../../dataset/refcocoplus_data/refcocoplus_val.tsv slice_id 1 begin to initialize row_count and line_idx-to-offset mapping
local datafile ../../dataset/refcocoplus_data/refcocoplus_val.tsv slice_id 0 begin to initialize row_count and line_idx-to-offset mapping
local datafile ../../dataset/refcocoplus_data/refcocoplus_val.tsv slice_id 1 finished initializing row_count and line_idx-to-offset mapping
local datafile ../../dataset/refcocoplus_data/refcocoplus_val.tsv slice_id 0 finished initializing row_count and line_idx-to-offset mapping
file ../../dataset/refcocoplus_data/refcocoplus_val.tsv slice_id 1 row count 5379 total row count 10758
file ../../dataset/refcocoplus_data/refcocoplus_val.tsv slice_id 0 row count 5379 total row count 10758
2023-04-08 13:42:47 - distributed_c10d.py[line:228] - INFO: Added key: store_based_barrier_key:2 to store for rank: 0
2023-04-08 13:42:47 - distributed_c10d.py[line:262] - INFO: Rank 0: Completed store-based barrier for key:store_based_barrier_key:2 with 2 nodes.
2023-04-08 13:42:47 - trainer.py[line:123] - INFO: detected shared parameter: encoder.embed_tokens.weight <- decoder.embed_tokens.weight
2023-04-08 13:42:47 - trainer.py[line:123] - INFO: detected shared parameter: encoder.embed_tokens.weight <- decoder.output_projection.weight
2023-04-08 13:42:47 - trainer.py[line:123] - INFO: detected shared parameter: encoder.embed_images.conv1.bias <- encoder.embed_images.layer1.0.conv1.bias
2023-04-08 13:42:47 - trainer.py[line:123] - INFO: detected shared parameter: encoder.embed_images.conv1.bias <- encoder.embed_images.layer1.0.conv2.bias
2023-04-08 13:42:47 - trainer.py[line:123] - INFO: detected shared parameter: encoder.embed_images.conv1.bias <- encoder.embed_images.layer1.0.conv3.bias
2023-04-08 13:42:47 - trainer.py[line:123] - INFO: detected shared parameter: encoder.embed_images.conv1.bias <- encoder.embed_images.layer1.0.downsample.0.bias
2023-04-08 13:42:47 - trainer.py[line:123] - INFO: detected shared parameter: encoder.embed_images.conv1.bias <- encoder.embed_images.layer1.1.conv1.bias
2023-04-08 13:42:47 - trainer.py[line:123] - INFO: detected shared parameter: encoder.embed_images.conv1.bias <- encoder.embed_images.layer1.1.conv2.bias
2023-04-08 13:42:47 - trainer.py[line:123] - INFO: detected shared parameter: encoder.embed_images.conv1.bias <- encoder.embed_images.layer1.1.conv3.bias
2023-04-08 13:42:47 - trainer.py[line:123] - INFO: detected shared parameter: encoder.embed_images.conv1.bias <- encoder.embed_images.layer1.2.conv1.bias
2023-04-08 13:42:47 - trainer.py[line:123] - INFO: detected shared parameter: encoder.embed_images.conv1.bias <- encoder.embed_images.layer1.2.conv2.bias
2023-04-08 13:42:47 - trainer.py[line:123] - INFO: detected shared parameter: encoder.embed_images.conv1.bias <- encoder.embed_images.layer1.2.conv3.bias
2023-04-08 13:42:47 - trainer.py[line:123] - INFO: detected shared parameter: encoder.embed_images.conv1.bias <- encoder.embed_images.layer2.0.conv1.bias
2023-04-08 13:42:47 - trainer.py[line:123] - INFO: detected shared parameter: encoder.embed_images.conv1.bias <- encoder.embed_images.layer2.0.conv2.bias
2023-04-08 13:42:47 - trainer.py[line:123] - INFO: detected shared parameter: encoder.embed_images.conv1.bias <- encoder.embed_images.layer2.0.conv3.bias
2023-04-08 13:42:47 - trainer.py[line:123] - INFO: detected shared parameter: encoder.embed_images.conv1.bias <- encoder.embed_images.layer2.0.downsample.0.bias
2023-04-08 13:42:47 - trainer.py[line:123] - INFO: detected shared parameter: encoder.embed_images.conv1.bias <- encoder.embed_images.layer2.1.conv1.bias
2023-04-08 13:42:47 - trainer.py[line:123] - INFO: detected shared parameter: encoder.embed_images.conv1.bias <- encoder.embed_images.layer2.1.conv2.bias
2023-04-08 13:42:47 - trainer.py[line:123] - INFO: detected shared parameter: encoder.embed_images.conv1.bias <- encoder.embed_images.layer2.1.conv3.bias
2023-04-08 13:42:47 - trainer.py[line:123] - INFO: detected shared parameter: encoder.embed_images.conv1.bias <- encoder.embed_images.layer2.2.conv1.bias
2023-04-08 13:42:47 - trainer.py[line:123] - INFO: detected shared parameter: encoder.embed_images.conv1.bias <- encoder.embed_images.layer2.2.conv2.bias
2023-04-08 13:42:47 - trainer.py[line:123] - INFO: detected shared parameter: encoder.embed_images.conv1.bias <- encoder.embed_images.layer2.2.conv3.bias
2023-04-08 13:42:47 - trainer.py[line:123] - INFO: detected shared parameter: encoder.embed_images.conv1.bias <- encoder.embed_images.layer2.3.conv1.bias
2023-04-08 13:42:47 - trainer.py[line:123] - INFO: detected shared parameter: encoder.embed_images.conv1.bias <- encoder.embed_images.layer2.3.conv2.bias
2023-04-08 13:42:47 - trainer.py[line:123] - INFO: detected shared parameter: encoder.embed_images.conv1.bias <- encoder.embed_images.layer2.3.conv3.bias
2023-04-08 13:42:47 - trainer.py[line:123] - INFO: detected shared parameter: encoder.embed_images.conv1.bias <- encoder.embed_images.layer3.0.conv1.bias
2023-04-08 13:42:47 - trainer.py[line:123] - INFO: detected shared parameter: encoder.embed_images.conv1.bias <- encoder.embed_images.layer3.0.conv2.bias
2023-04-08 13:42:47 - trainer.py[line:123] - INFO: detected shared parameter: encoder.embed_images.conv1.bias <- encoder.embed_images.layer3.0.conv3.bias
2023-04-08 13:42:47 - trainer.py[line:123] - INFO: detected shared parameter: encoder.embed_images.conv1.bias <- encoder.embed_images.layer3.0.downsample.0.bias
2023-04-08 13:42:47 - trainer.py[line:123] - INFO: detected shared parameter: encoder.embed_images.conv1.bias <- encoder.embed_images.layer3.1.conv1.bias
2023-04-08 13:42:47 - trainer.py[line:123] - INFO: detected shared parameter: encoder.embed_images.conv1.bias <- encoder.embed_images.layer3.1.conv2.bias
2023-04-08 13:42:47 - trainer.py[line:123] - INFO: detected shared parameter: encoder.embed_images.conv1.bias <- encoder.embed_images.layer3.1.conv3.bias
2023-04-08 13:42:47 - trainer.py[line:123] - INFO: detected shared parameter: encoder.embed_images.conv1.bias <- encoder.embed_images.layer3.2.conv1.bias
2023-04-08 13:42:47 - trainer.py[line:123] - INFO: detected shared parameter: encoder.embed_images.conv1.bias <- encoder.embed_images.layer3.2.conv2.bias
2023-04-08 13:42:47 - trainer.py[line:123] - INFO: detected shared parameter: encoder.embed_images.conv1.bias <- encoder.embed_images.layer3.2.conv3.bias
2023-04-08 13:42:47 - trainer.py[line:123] - INFO: detected shared parameter: encoder.embed_images.conv1.bias <- encoder.embed_images.layer3.3.conv1.bias
2023-04-08 13:42:47 - trainer.py[line:123] - INFO: detected shared parameter: encoder.embed_images.conv1.bias <- encoder.embed_images.layer3.3.conv2.bias
2023-04-08 13:42:47 - trainer.py[line:123] - INFO: detected shared parameter: encoder.embed_images.conv1.bias <- encoder.embed_images.layer3.3.conv3.bias
2023-04-08 13:42:47 - trainer.py[line:123] - INFO: detected shared parameter: encoder.embed_images.conv1.bias <- encoder.embed_images.layer3.4.conv1.bias
2023-04-08 13:42:47 - trainer.py[line:123] - INFO: detected shared parameter: encoder.embed_images.conv1.bias <- encoder.embed_images.layer3.4.conv2.bias
2023-04-08 13:42:47 - trainer.py[line:123] - INFO: detected shared parameter: encoder.embed_images.conv1.bias <- encoder.embed_images.layer3.4.conv3.bias
2023-04-08 13:42:47 - trainer.py[line:123] - INFO: detected shared parameter: encoder.embed_images.conv1.bias <- encoder.embed_images.layer3.5.conv1.bias
2023-04-08 13:42:47 - trainer.py[line:123] - INFO: detected shared parameter: encoder.embed_images.conv1.bias <- encoder.embed_images.layer3.5.conv2.bias
2023-04-08 13:42:47 - trainer.py[line:123] - INFO: detected shared parameter: encoder.embed_images.conv1.bias <- encoder.embed_images.layer3.5.conv3.bias
2023-04-08 13:42:47 - trainer.py[line:123] - INFO: detected shared parameter: encoder.embed_images.conv1.bias <- encoder.embed_images.layer3.6.conv1.bias
2023-04-08 13:42:47 - trainer.py[line:123] - INFO: detected shared parameter: encoder.embed_images.conv1.bias <- encoder.embed_images.layer3.6.conv2.bias
2023-04-08 13:42:47 - trainer.py[line:123] - INFO: detected shared parameter: encoder.embed_images.conv1.bias <- encoder.embed_images.layer3.6.conv3.bias
2023-04-08 13:42:47 - trainer.py[line:123] - INFO: detected shared parameter: encoder.embed_images.conv1.bias <- encoder.embed_images.layer3.7.conv1.bias
2023-04-08 13:42:47 - trainer.py[line:123] - INFO: detected shared parameter: encoder.embed_images.conv1.bias <- encoder.embed_images.layer3.7.conv2.bias
2023-04-08 13:42:47 - trainer.py[line:123] - INFO: detected shared parameter: encoder.embed_images.conv1.bias <- encoder.embed_images.layer3.7.conv3.bias
2023-04-08 13:42:47 - trainer.py[line:123] - INFO: detected shared parameter: encoder.embed_images.conv1.bias <- encoder.embed_images.layer3.8.conv1.bias
2023-04-08 13:42:47 - trainer.py[line:123] - INFO: detected shared parameter: encoder.embed_images.conv1.bias <- encoder.embed_images.layer3.8.conv2.bias
2023-04-08 13:42:47 - trainer.py[line:123] - INFO: detected shared parameter: encoder.embed_images.conv1.bias <- encoder.embed_images.layer3.8.conv3.bias
2023-04-08 13:42:47 - trainer.py[line:123] - INFO: detected shared parameter: encoder.embed_images.conv1.bias <- encoder.embed_images.layer3.9.conv1.bias
2023-04-08 13:42:47 - trainer.py[line:123] - INFO: detected shared parameter: encoder.embed_images.conv1.bias <- encoder.embed_images.layer3.9.conv2.bias
2023-04-08 13:42:47 - trainer.py[line:123] - INFO: detected shared parameter: encoder.embed_images.conv1.bias <- encoder.embed_images.layer3.9.conv3.bias
2023-04-08 13:42:47 - trainer.py[line:123] - INFO: detected shared parameter: encoder.embed_images.conv1.bias <- encoder.embed_images.layer3.10.conv1.bias
2023-04-08 13:42:47 - trainer.py[line:123] - INFO: detected shared parameter: encoder.embed_images.conv1.bias <- encoder.embed_images.layer3.10.conv2.bias
2023-04-08 13:42:47 - trainer.py[line:123] - INFO: detected shared parameter: encoder.embed_images.conv1.bias <- encoder.embed_images.layer3.10.conv3.bias
2023-04-08 13:42:47 - trainer.py[line:123] - INFO: detected shared parameter: encoder.embed_images.conv1.bias <- encoder.embed_images.layer3.11.conv1.bias
2023-04-08 13:42:47 - trainer.py[line:123] - INFO: detected shared parameter: encoder.embed_images.conv1.bias <- encoder.embed_images.layer3.11.conv2.bias
2023-04-08 13:42:47 - trainer.py[line:123] - INFO: detected shared parameter: encoder.embed_images.conv1.bias <- encoder.embed_images.layer3.11.conv3.bias
2023-04-08 13:42:47 - trainer.py[line:123] - INFO: detected shared parameter: encoder.embed_images.conv1.bias <- encoder.embed_images.layer3.12.conv1.bias
2023-04-08 13:42:47 - trainer.py[line:123] - INFO: detected shared parameter: encoder.embed_images.conv1.bias <- encoder.embed_images.layer3.12.conv2.bias
2023-04-08 13:42:47 - trainer.py[line:123] - INFO: detected shared parameter: encoder.embed_images.conv1.bias <- encoder.embed_images.layer3.12.conv3.bias
2023-04-08 13:42:47 - trainer.py[line:123] - INFO: detected shared parameter: encoder.embed_images.conv1.bias <- encoder.embed_images.layer3.13.conv1.bias
2023-04-08 13:42:47 - trainer.py[line:123] - INFO: detected shared parameter: encoder.embed_images.conv1.bias <- encoder.embed_images.layer3.13.conv2.bias
2023-04-08 13:42:47 - trainer.py[line:123] - INFO: detected shared parameter: encoder.embed_images.conv1.bias <- encoder.embed_images.layer3.13.conv3.bias
2023-04-08 13:42:47 - trainer.py[line:123] - INFO: detected shared parameter: encoder.embed_images.conv1.bias <- encoder.embed_images.layer3.14.conv1.bias
2023-04-08 13:42:47 - trainer.py[line:123] - INFO: detected shared parameter: encoder.embed_images.conv1.bias <- encoder.embed_images.layer3.14.conv2.bias
2023-04-08 13:42:47 - trainer.py[line:123] - INFO: detected shared parameter: encoder.embed_images.conv1.bias <- encoder.embed_images.layer3.14.conv3.bias
2023-04-08 13:42:47 - trainer.py[line:123] - INFO: detected shared parameter: encoder.embed_images.conv1.bias <- encoder.embed_images.layer3.15.conv1.bias
2023-04-08 13:42:47 - trainer.py[line:123] - INFO: detected shared parameter: encoder.embed_images.conv1.bias <- encoder.embed_images.layer3.15.conv2.bias
2023-04-08 13:42:47 - trainer.py[line:123] - INFO: detected shared parameter: encoder.embed_images.conv1.bias <- encoder.embed_images.layer3.15.conv3.bias
2023-04-08 13:42:47 - trainer.py[line:123] - INFO: detected shared parameter: encoder.embed_images.conv1.bias <- encoder.embed_images.layer3.16.conv1.bias
2023-04-08 13:42:47 - trainer.py[line:123] - INFO: detected shared parameter: encoder.embed_images.conv1.bias <- encoder.embed_images.layer3.16.conv2.bias
2023-04-08 13:42:47 - trainer.py[line:123] - INFO: detected shared parameter: encoder.embed_images.conv1.bias <- encoder.embed_images.layer3.16.conv3.bias
2023-04-08 13:42:47 - trainer.py[line:123] - INFO: detected shared parameter: encoder.embed_images.conv1.bias <- encoder.embed_images.layer3.17.conv1.bias
2023-04-08 13:42:47 - trainer.py[line:123] - INFO: detected shared parameter: encoder.embed_images.conv1.bias <- encoder.embed_images.layer3.17.conv2.bias
2023-04-08 13:42:47 - trainer.py[line:123] - INFO: detected shared parameter: encoder.embed_images.conv1.bias <- encoder.embed_images.layer3.17.conv3.bias
2023-04-08 13:42:47 - trainer.py[line:123] - INFO: detected shared parameter: encoder.embed_images.conv1.bias <- encoder.embed_images.layer3.18.conv1.bias
2023-04-08 13:42:47 - trainer.py[line:123] - INFO: detected shared parameter: encoder.embed_images.conv1.bias <- encoder.embed_images.layer3.18.conv2.bias
2023-04-08 13:42:47 - trainer.py[line:123] - INFO: detected shared parameter: encoder.embed_images.conv1.bias <- encoder.embed_images.layer3.18.conv3.bias
2023-04-08 13:42:47 - trainer.py[line:123] - INFO: detected shared parameter: encoder.embed_images.conv1.bias <- encoder.embed_images.layer3.19.conv1.bias
2023-04-08 13:42:47 - trainer.py[line:123] - INFO: detected shared parameter: encoder.embed_images.conv1.bias <- encoder.embed_images.layer3.19.conv2.bias
2023-04-08 13:42:47 - trainer.py[line:123] - INFO: detected shared parameter: encoder.embed_images.conv1.bias <- encoder.embed_images.layer3.19.conv3.bias
2023-04-08 13:42:47 - trainer.py[line:123] - INFO: detected shared parameter: encoder.embed_images.conv1.bias <- encoder.embed_images.layer3.20.conv1.bias
2023-04-08 13:42:47 - trainer.py[line:123] - INFO: detected shared parameter: encoder.embed_images.conv1.bias <- encoder.embed_images.layer3.20.conv2.bias
2023-04-08 13:42:47 - trainer.py[line:123] - INFO: detected shared parameter: encoder.embed_images.conv1.bias <- encoder.embed_images.layer3.20.conv3.bias
2023-04-08 13:42:47 - trainer.py[line:123] - INFO: detected shared parameter: encoder.embed_images.conv1.bias <- encoder.embed_images.layer3.21.conv1.bias
2023-04-08 13:42:47 - trainer.py[line:123] - INFO: detected shared parameter: encoder.embed_images.conv1.bias <- encoder.embed_images.layer3.21.conv2.bias
2023-04-08 13:42:47 - trainer.py[line:123] - INFO: detected shared parameter: encoder.embed_images.conv1.bias <- encoder.embed_images.layer3.21.conv3.bias
2023-04-08 13:42:47 - trainer.py[line:123] - INFO: detected shared parameter: encoder.embed_images.conv1.bias <- encoder.embed_images.layer3.22.conv1.bias
2023-04-08 13:42:47 - trainer.py[line:123] - INFO: detected shared parameter: encoder.embed_images.conv1.bias <- encoder.embed_images.layer3.22.conv2.bias
2023-04-08 13:42:47 - trainer.py[line:123] - INFO: detected shared parameter: encoder.embed_images.conv1.bias <- encoder.embed_images.layer3.22.conv3.bias
2023-04-08 13:42:47 - trainer.py[line:123] - INFO: detected shared parameter: encoder.embed_images.conv1.bias <- decoder.output_projection.bias
2023-04-08 13:42:47 - utils.py[line:759] - INFO: ***********************CUDA enviroments for all 2 workers***********************
2023-04-08 13:42:47 - utils.py[line:761] - INFO: rank   0: capabilities =  7.0  ; total memory = 15.782 GB ; name = Tesla V100-PCIE-16GB                    
2023-04-08 13:42:47 - utils.py[line:761] - INFO: rank   1: capabilities =  7.0  ; total memory = 15.782 GB ; name = Tesla V100-PCIE-16GB                    
2023-04-08 13:42:47 - utils.py[line:767] - INFO: ***********************CUDA enviroments for all 2 workers***********************
2023-04-08 13:42:47 - train.py[line:152] - INFO: training on 2 devices (GPUs/TPUs)
2023-04-08 13:42:47 - train.py[line:157] - INFO: max tokens per device = None and max sentences per device = 4
2023-04-08 13:42:47 - trainer.py[line:458] - INFO: Preparing to load checkpoint ../../model_checkpoints/ofa_base.pt
local datafile ../../dataset/refcocoplus_data/refcocoplus_train_EC.tsv slice_id 1 begin to initialize row_count and line_idx-to-offset mapping
2023-04-08 13:43:00 - trainer.py[line:617] - INFO: Loaded checkpoint ../../model_checkpoints/ofa_base.pt (epoch 48 @ 0 updates)
2023-04-08 13:43:00 - trainer.py[line:639] - INFO: loading train data for epoch 1
local datafile ../../dataset/refcocoplus_data/refcocoplus_train_EC.tsv slice_id 0 begin to initialize row_count and line_idx-to-offset mapping
local datafile ../../dataset/refcocoplus_data/refcocoplus_train_EC.tsv slice_id 0 finished initializing row_count and line_idx-to-offset mapping
local datafile ../../dataset/refcocoplus_data/refcocoplus_train_EC.tsv slice_id 1 finished initializing row_count and line_idx-to-offset mapping
file ../../dataset/refcocoplus_data/refcocoplus_train_EC.tsv slice_id 0 row count 60096 total row count 120191
file ../../dataset/refcocoplus_data/refcocoplus_train_EC.tsv slice_id 1 row count 60095 total row count 120191
/home/mogunleye/miniconda3/envs/ofa1/lib/python3.9/site-packages/torchvision/transforms/functional.py:423: UserWarning: Argument interpolation should be of type InterpolationMode instead of int. Please, use InterpolationMode enum.
  warnings.warn(
/home/mogunleye/miniconda3/envs/ofa1/lib/python3.9/site-packages/torchvision/transforms/functional.py:423: UserWarning: Argument interpolation should be of type InterpolationMode instead of int. Please, use InterpolationMode enum.
  warnings.warn(
slice_id 0 seek offset 0
Total steps 18780, warmup steps 1126, warmup_factor 0.0008880994671403197
slice_id 1 seek offset 60096
Total steps 18780, warmup steps 1126, warmup_factor 0.0008880994671403197
2023-04-08 13:43:15 - trainer.py[line:703] - INFO: begin training epoch 1
2023-04-08 13:43:15 - train.py[line:305] - INFO: Start iterating over samples
2023-04-08 13:43:22 - trainer.py[line:921] - INFO: NOTE: gradient overflow detected, ignoring gradient, setting loss scale to: 64.0
2023-04-08 13:43:27 - trainer.py[line:921] - INFO: NOTE: gradient overflow detected, ignoring gradient, setting loss scale to: 32.0
2023-04-08 13:43:31 - trainer.py[line:921] - INFO: NOTE: gradient overflow detected, ignoring gradient, setting loss scale to: 16.0
2023-04-08 13:43:36 - trainer.py[line:921] - INFO: NOTE: gradient overflow detected, ignoring gradient, setting loss scale to: 8.0
2023-04-08 13:44:17 - progress_bar.py[line:272] - INFO: epoch 001:     14 / 1878 loss=10.907, loss_v1=0, loss_v2=0, nll_loss=9.426, ntokens=320, nsentences=64, sample_size=320, sample_size_v1=0, sample_size_v2=0, ppl=687.81, wps=77.6, ups=0.24, wpb=320, bsz=64, num_updates=10, lr=4.4405e-07, gnorm=46.722, clip=100, loss_scale=8, train_wall=61, gb_free=7.3, wall=90
2023-04-08 13:44:58 - progress_bar.py[line:272] - INFO: epoch 001:     24 / 1878 loss=10.699, loss_v1=0, loss_v2=0, nll_loss=9.199, ntokens=320, nsentences=64, sample_size=320, sample_size_v1=0, sample_size_v2=0, ppl=587.85, wps=78, ups=0.24, wpb=320, bsz=64, num_updates=20, lr=8.88099e-07, gnorm=48.007, clip=100, loss_scale=8, train_wall=41, gb_free=7.3, wall=131
2023-04-08 13:45:39 - progress_bar.py[line:272] - INFO: epoch 001:     34 / 1878 loss=10.306, loss_v1=0, loss_v2=0, nll_loss=8.835, ntokens=320, nsentences=64, sample_size=320, sample_size_v1=0, sample_size_v2=0, ppl=456.79, wps=77.5, ups=0.24, wpb=320, bsz=64, num_updates=30, lr=1.33215e-06, gnorm=40.988, clip=100, loss_scale=8, train_wall=41, gb_free=7.3, wall=173
2023-04-08 13:46:21 - progress_bar.py[line:272] - INFO: epoch 001:     44 / 1878 loss=9.822, loss_v1=0, loss_v2=0, nll_loss=8.449, ntokens=320, nsentences=64, sample_size=320, sample_size_v1=0, sample_size_v2=0, ppl=349.38, wps=77.7, ups=0.24, wpb=320, bsz=64, num_updates=40, lr=1.7762e-06, gnorm=33.201, clip=100, loss_scale=8, train_wall=41, gb_free=7.3, wall=214
2023-04-08 13:47:01 - progress_bar.py[line:272] - INFO: epoch 001:     54 / 1878 loss=8.987, loss_v1=0, loss_v2=0, nll_loss=7.764, ntokens=320, nsentences=64, sample_size=320, sample_size_v1=0, sample_size_v2=0, ppl=217.36, wps=78.3, ups=0.24, wpb=320, bsz=64, num_updates=50, lr=2.22025e-06, gnorm=25.332, clip=100, loss_scale=8, train_wall=41, gb_free=7.3, wall=255
2023-04-08 13:47:42 - progress_bar.py[line:272] - INFO: epoch 001:     64 / 1878 loss=8.447, loss_v1=0, loss_v2=0, nll_loss=7.333, ntokens=320, nsentences=64, sample_size=320, sample_size_v1=0, sample_size_v2=0, ppl=161.27, wps=78, ups=0.24, wpb=320, bsz=64, num_updates=60, lr=2.6643e-06, gnorm=21.425, clip=100, loss_scale=8, train_wall=41, gb_free=7.3, wall=296
2023-04-08 13:48:23 - progress_bar.py[line:272] - INFO: epoch 001:     74 / 1878 loss=7.795, loss_v1=0, loss_v2=0, nll_loss=6.79, ntokens=320, nsentences=64, sample_size=320, sample_size_v1=0, sample_size_v2=0, ppl=110.65, wps=78, ups=0.24, wpb=320, bsz=64, num_updates=70, lr=3.10835e-06, gnorm=15.183, clip=100, loss_scale=8, train_wall=41, gb_free=7.3, wall=337
2023-04-08 13:49:05 - progress_bar.py[line:272] - INFO: epoch 001:     84 / 1878 loss=7.167, loss_v1=0, loss_v2=0, nll_loss=6.231, ntokens=320, nsentences=64, sample_size=320, sample_size_v1=0, sample_size_v2=0, ppl=75.14, wps=78, ups=0.24, wpb=320, bsz=64, num_updates=80, lr=3.5524e-06, gnorm=12.387, clip=100, loss_scale=8, train_wall=41, gb_free=7.3, wall=378
2023-04-08 13:49:46 - progress_bar.py[line:272] - INFO: epoch 001:     94 / 1878 loss=6.588, loss_v1=0, loss_v2=0, nll_loss=5.697, ntokens=320, nsentences=64, sample_size=320, sample_size_v1=0, sample_size_v2=0, ppl=51.88, wps=77.8, ups=0.24, wpb=320, bsz=64, num_updates=90, lr=3.99645e-06, gnorm=8.808, clip=100, loss_scale=8, train_wall=41, gb_free=7.3, wall=419
2023-04-08 13:50:27 - progress_bar.py[line:272] - INFO: epoch 001:    104 / 1878 loss=6.395, loss_v1=0, loss_v2=0, nll_loss=5.522, ntokens=320, nsentences=64, sample_size=320, sample_size_v1=0, sample_size_v2=0, ppl=45.94, wps=78.1, ups=0.24, wpb=320, bsz=64, num_updates=100, lr=4.4405e-06, gnorm=8.017, clip=100, loss_scale=8, train_wall=41, gb_free=7.3, wall=460
2023-04-08 13:51:08 - progress_bar.py[line:272] - INFO: epoch 001:    114 / 1878 loss=6.326, loss_v1=0, loss_v2=0, nll_loss=5.457, ntokens=320, nsentences=64, sample_size=320, sample_size_v1=0, sample_size_v2=0, ppl=43.91, wps=77.8, ups=0.24, wpb=320, bsz=64, num_updates=110, lr=4.88455e-06, gnorm=7.584, clip=100, loss_scale=8, train_wall=41, gb_free=7.3, wall=501
2023-04-08 13:51:49 - progress_bar.py[line:272] - INFO: epoch 001:    124 / 1878 loss=6.157, loss_v1=0, loss_v2=0, nll_loss=5.273, ntokens=320, nsentences=64, sample_size=320, sample_size_v1=0, sample_size_v2=0, ppl=38.67, wps=78, ups=0.24, wpb=320, bsz=64, num_updates=120, lr=5.3286e-06, gnorm=7.212, clip=100, loss_scale=8, train_wall=41, gb_free=7.3, wall=542
2023-04-08 13:52:30 - progress_bar.py[line:272] - INFO: epoch 001:    134 / 1878 loss=6.135, loss_v1=0, loss_v2=0, nll_loss=5.269, ntokens=320, nsentences=64, sample_size=320, sample_size_v1=0, sample_size_v2=0, ppl=38.56, wps=77.6, ups=0.24, wpb=320, bsz=64, num_updates=130, lr=5.77265e-06, gnorm=7.192, clip=100, loss_scale=8, train_wall=41, gb_free=7.3, wall=583
2023-04-08 13:53:11 - progress_bar.py[line:272] - INFO: epoch 001:    144 / 1878 loss=6.1, loss_v1=0, loss_v2=0, nll_loss=5.239, ntokens=320, nsentences=64, sample_size=320, sample_size_v1=0, sample_size_v2=0, ppl=37.76, wps=77.9, ups=0.24, wpb=320, bsz=64, num_updates=140, lr=6.2167e-06, gnorm=7.057, clip=100, loss_scale=8, train_wall=41, gb_free=7.3, wall=624
2023-04-08 13:53:52 - progress_bar.py[line:272] - INFO: epoch 001:    154 / 1878 loss=5.994, loss_v1=0, loss_v2=0, nll_loss=5.102, ntokens=320, nsentences=64, sample_size=320, sample_size_v1=0, sample_size_v2=0, ppl=34.35, wps=77.7, ups=0.24, wpb=320, bsz=64, num_updates=150, lr=6.66075e-06, gnorm=7.57, clip=100, loss_scale=8, train_wall=41, gb_free=7.3, wall=665
2023-04-08 13:54:33 - progress_bar.py[line:272] - INFO: epoch 001:    164 / 1878 loss=5.913, loss_v1=0, loss_v2=0, nll_loss=5.028, ntokens=320, nsentences=64, sample_size=320, sample_size_v1=0, sample_size_v2=0, ppl=32.63, wps=77.8, ups=0.24, wpb=320, bsz=64, num_updates=160, lr=7.1048e-06, gnorm=7.187, clip=100, loss_scale=8, train_wall=41, gb_free=7.3, wall=706
2023-04-08 13:55:15 - progress_bar.py[line:272] - INFO: epoch 001:    174 / 1878 loss=5.917, loss_v1=0, loss_v2=0, nll_loss=5.028, ntokens=320, nsentences=64, sample_size=320, sample_size_v1=0, sample_size_v2=0, ppl=32.62, wps=77.6, ups=0.24, wpb=320, bsz=64, num_updates=170, lr=7.54885e-06, gnorm=7.82, clip=100, loss_scale=8, train_wall=41, gb_free=7.3, wall=748
2023-04-08 13:55:55 - progress_bar.py[line:272] - INFO: epoch 001:    184 / 1878 loss=5.927, loss_v1=0, loss_v2=0, nll_loss=5.037, ntokens=320, nsentences=64, sample_size=320, sample_size_v1=0, sample_size_v2=0, ppl=32.82, wps=78.4, ups=0.24, wpb=320, bsz=64, num_updates=180, lr=7.9929e-06, gnorm=5.967, clip=100, loss_scale=8, train_wall=41, gb_free=7.3, wall=789
2023-04-08 13:56:37 - progress_bar.py[line:272] - INFO: epoch 001:    194 / 1878 loss=5.778, loss_v1=0, loss_v2=0, nll_loss=4.861, ntokens=320, nsentences=64, sample_size=320, sample_size_v1=0, sample_size_v2=0, ppl=29.07, wps=77.8, ups=0.24, wpb=320, bsz=64, num_updates=190, lr=8.43694e-06, gnorm=6.249, clip=100, loss_scale=8, train_wall=41, gb_free=7.3, wall=830
2023-04-08 13:57:17 - progress_bar.py[line:272] - INFO: epoch 001:    204 / 1878 loss=5.7, loss_v1=0, loss_v2=0, nll_loss=4.768, ntokens=320, nsentences=64, sample_size=320, sample_size_v1=0, sample_size_v2=0, ppl=27.24, wps=78.2, ups=0.24, wpb=320, bsz=64, num_updates=200, lr=8.88099e-06, gnorm=6.392, clip=100, loss_scale=8, train_wall=41, gb_free=7.3, wall=871
2023-04-08 13:57:58 - progress_bar.py[line:272] - INFO: epoch 001:    214 / 1878 loss=5.653, loss_v1=0, loss_v2=0, nll_loss=4.701, ntokens=320, nsentences=64, sample_size=320, sample_size_v1=0, sample_size_v2=0, ppl=26.01, wps=78.1, ups=0.24, wpb=320, bsz=64, num_updates=210, lr=9.32504e-06, gnorm=6.695, clip=100, loss_scale=8, train_wall=41, gb_free=7.3, wall=912
2023-04-08 13:58:39 - progress_bar.py[line:272] - INFO: epoch 001:    224 / 1878 loss=5.573, loss_v1=0, loss_v2=0, nll_loss=4.609, ntokens=320, nsentences=64, sample_size=320, sample_size_v1=0, sample_size_v2=0, ppl=24.4, wps=78.2, ups=0.24, wpb=320, bsz=64, num_updates=220, lr=9.76909e-06, gnorm=7.077, clip=100, loss_scale=8, train_wall=41, gb_free=7.3, wall=952
2023-04-08 13:59:20 - progress_bar.py[line:272] - INFO: epoch 001:    234 / 1878 loss=5.528, loss_v1=0, loss_v2=0, nll_loss=4.543, ntokens=320, nsentences=64, sample_size=320, sample_size_v1=0, sample_size_v2=0, ppl=23.32, wps=78.4, ups=0.24, wpb=320, bsz=64, num_updates=230, lr=1.02131e-05, gnorm=6.264, clip=100, loss_scale=8, train_wall=41, gb_free=7.3, wall=993
2023-04-08 14:00:01 - progress_bar.py[line:272] - INFO: epoch 001:    244 / 1878 loss=5.377, loss_v1=0, loss_v2=0, nll_loss=4.376, ntokens=320, nsentences=64, sample_size=320, sample_size_v1=0, sample_size_v2=0, ppl=20.77, wps=78.1, ups=0.24, wpb=320, bsz=64, num_updates=240, lr=1.06572e-05, gnorm=6.898, clip=100, loss_scale=8, train_wall=41, gb_free=7.3, wall=1034
2023-04-08 14:00:42 - progress_bar.py[line:272] - INFO: epoch 001:    254 / 1878 loss=5.429, loss_v1=0, loss_v2=0, nll_loss=4.45, ntokens=320, nsentences=64, sample_size=320, sample_size_v1=0, sample_size_v2=0, ppl=21.85, wps=78.5, ups=0.25, wpb=320, bsz=64, num_updates=250, lr=1.11012e-05, gnorm=6.177, clip=100, loss_scale=8, train_wall=40, gb_free=7.3, wall=1075
2023-04-08 14:01:23 - progress_bar.py[line:272] - INFO: epoch 001:    264 / 1878 loss=5.258, loss_v1=0, loss_v2=0, nll_loss=4.245, ntokens=320, nsentences=64, sample_size=320, sample_size_v1=0, sample_size_v2=0, ppl=18.97, wps=77.5, ups=0.24, wpb=320, bsz=64, num_updates=260, lr=1.15453e-05, gnorm=6.034, clip=100, loss_scale=8, train_wall=41, gb_free=7.3, wall=1116
2023-04-08 14:02:04 - progress_bar.py[line:272] - INFO: epoch 001:    274 / 1878 loss=5.194, loss_v1=0, loss_v2=0, nll_loss=4.174, ntokens=320, nsentences=64, sample_size=320, sample_size_v1=0, sample_size_v2=0, ppl=18.06, wps=78, ups=0.24, wpb=320, bsz=64, num_updates=270, lr=1.19893e-05, gnorm=9.01, clip=100, loss_scale=8, train_wall=41, gb_free=7.3, wall=1157
2023-04-08 14:02:45 - progress_bar.py[line:272] - INFO: epoch 001:    284 / 1878 loss=5.256, loss_v1=0, loss_v2=0, nll_loss=4.266, ntokens=320, nsentences=64, sample_size=320, sample_size_v1=0, sample_size_v2=0, ppl=19.24, wps=78.1, ups=0.24, wpb=320, bsz=64, num_updates=280, lr=1.24334e-05, gnorm=7.26, clip=100, loss_scale=8, train_wall=41, gb_free=7.3, wall=1198
2023-04-08 14:03:26 - progress_bar.py[line:272] - INFO: epoch 001:    294 / 1878 loss=5.239, loss_v1=0, loss_v2=0, nll_loss=4.252, ntokens=320, nsentences=64, sample_size=320, sample_size_v1=0, sample_size_v2=0, ppl=19.06, wps=78.4, ups=0.24, wpb=320, bsz=64, num_updates=290, lr=1.28774e-05, gnorm=7.205, clip=100, loss_scale=8, train_wall=41, gb_free=7.3, wall=1239
2023-04-08 14:04:07 - progress_bar.py[line:272] - INFO: epoch 001:    304 / 1878 loss=5.149, loss_v1=0, loss_v2=0, nll_loss=4.148, ntokens=320, nsentences=64, sample_size=320, sample_size_v1=0, sample_size_v2=0, ppl=17.73, wps=78.2, ups=0.24, wpb=320, bsz=64, num_updates=300, lr=1.33215e-05, gnorm=6.425, clip=100, loss_scale=8, train_wall=41, gb_free=7.3, wall=1280
2023-04-08 14:04:48 - progress_bar.py[line:272] - INFO: epoch 001:    314 / 1878 loss=5.148, loss_v1=0, loss_v2=0, nll_loss=4.144, ntokens=320, nsentences=64, sample_size=320, sample_size_v1=0, sample_size_v2=0, ppl=17.69, wps=78, ups=0.24, wpb=320, bsz=64, num_updates=310, lr=1.37655e-05, gnorm=6.848, clip=100, loss_scale=8, train_wall=41, gb_free=7.3, wall=1321
2023-04-08 14:05:29 - progress_bar.py[line:272] - INFO: epoch 001:    324 / 1878 loss=5.066, loss_v1=0, loss_v2=0, nll_loss=4.06, ntokens=320, nsentences=64, sample_size=320, sample_size_v1=0, sample_size_v2=0, ppl=16.68, wps=78.2, ups=0.24, wpb=320, bsz=64, num_updates=320, lr=1.42096e-05, gnorm=6.504, clip=100, loss_scale=8, train_wall=41, gb_free=7.3, wall=1362
2023-04-08 14:06:10 - progress_bar.py[line:272] - INFO: epoch 001:    334 / 1878 loss=5.09, loss_v1=0, loss_v2=0, nll_loss=4.084, ntokens=320, nsentences=64, sample_size=320, sample_size_v1=0, sample_size_v2=0, ppl=16.96, wps=78.3, ups=0.24, wpb=320, bsz=64, num_updates=330, lr=1.46536e-05, gnorm=6.487, clip=100, loss_scale=8, train_wall=41, gb_free=7.3, wall=1403
2023-04-08 14:06:51 - progress_bar.py[line:272] - INFO: epoch 001:    344 / 1878 loss=5.043, loss_v1=0, loss_v2=0, nll_loss=4.042, ntokens=320, nsentences=64, sample_size=320, sample_size_v1=0, sample_size_v2=0, ppl=16.47, wps=78, ups=0.24, wpb=320, bsz=64, num_updates=340, lr=1.50977e-05, gnorm=6.929, clip=100, loss_scale=8, train_wall=41, gb_free=7.3, wall=1444
2023-04-08 14:07:32 - progress_bar.py[line:272] - INFO: epoch 001:    354 / 1878 loss=5.025, loss_v1=0, loss_v2=0, nll_loss=4.029, ntokens=320, nsentences=64, sample_size=320, sample_size_v1=0, sample_size_v2=0, ppl=16.32, wps=77.9, ups=0.24, wpb=320, bsz=64, num_updates=350, lr=1.55417e-05, gnorm=6.382, clip=100, loss_scale=8, train_wall=41, gb_free=7.3, wall=1485
2023-04-08 14:08:12 - progress_bar.py[line:272] - INFO: epoch 001:    364 / 1878 loss=4.99, loss_v1=0, loss_v2=0, nll_loss=3.984, ntokens=320, nsentences=64, sample_size=320, sample_size_v1=0, sample_size_v2=0, ppl=15.82, wps=78.7, ups=0.25, wpb=320, bsz=64, num_updates=360, lr=1.59858e-05, gnorm=7.046, clip=100, loss_scale=8, train_wall=40, gb_free=7.3, wall=1526
2023-04-08 14:08:54 - progress_bar.py[line:272] - INFO: epoch 001:    374 / 1878 loss=5.015, loss_v1=0, loss_v2=0, nll_loss=4.024, ntokens=320, nsentences=64, sample_size=320, sample_size_v1=0, sample_size_v2=0, ppl=16.26, wps=78, ups=0.24, wpb=320, bsz=64, num_updates=370, lr=1.64298e-05, gnorm=7.423, clip=100, loss_scale=8, train_wall=41, gb_free=7.3, wall=1567
2023-04-08 14:09:35 - progress_bar.py[line:272] - INFO: epoch 001:    384 / 1878 loss=4.949, loss_v1=0, loss_v2=0, nll_loss=3.945, ntokens=320, nsentences=64, sample_size=320, sample_size_v1=0, sample_size_v2=0, ppl=15.4, wps=78.1, ups=0.24, wpb=320, bsz=64, num_updates=380, lr=1.68739e-05, gnorm=6.643, clip=100, loss_scale=8, train_wall=41, gb_free=7.3, wall=1608
2023-04-08 14:10:16 - progress_bar.py[line:272] - INFO: epoch 001:    394 / 1878 loss=4.983, loss_v1=0, loss_v2=0, nll_loss=3.988, ntokens=320, nsentences=64, sample_size=320, sample_size_v1=0, sample_size_v2=0, ppl=15.87, wps=78, ups=0.24, wpb=320, bsz=64, num_updates=390, lr=1.73179e-05, gnorm=6.332, clip=100, loss_scale=8, train_wall=41, gb_free=7.3, wall=1649
2023-04-08 14:10:57 - progress_bar.py[line:272] - INFO: epoch 001:    404 / 1878 loss=4.954, loss_v1=0, loss_v2=0, nll_loss=3.96, ntokens=320, nsentences=64, sample_size=320, sample_size_v1=0, sample_size_v2=0, ppl=15.56, wps=77.2, ups=0.24, wpb=320, bsz=64, num_updates=400, lr=1.7762e-05, gnorm=6.389, clip=100, loss_scale=8, train_wall=41, gb_free=7.3, wall=1690
2023-04-08 14:11:38 - progress_bar.py[line:272] - INFO: epoch 001:    414 / 1878 loss=4.893, loss_v1=0, loss_v2=0, nll_loss=3.89, ntokens=320, nsentences=64, sample_size=320, sample_size_v1=0, sample_size_v2=0, ppl=14.82, wps=78.2, ups=0.24, wpb=320, bsz=64, num_updates=410, lr=1.8206e-05, gnorm=6.301, clip=100, loss_scale=8, train_wall=41, gb_free=7.3, wall=1731
2023-04-08 14:12:19 - progress_bar.py[line:272] - INFO: epoch 001:    424 / 1878 loss=4.887, loss_v1=0, loss_v2=0, nll_loss=3.885, ntokens=320, nsentences=64, sample_size=320, sample_size_v1=0, sample_size_v2=0, ppl=14.77, wps=78.1, ups=0.24, wpb=320, bsz=64, num_updates=420, lr=1.86501e-05, gnorm=7.231, clip=100, loss_scale=8, train_wall=41, gb_free=7.3, wall=1772
2023-04-08 14:13:00 - progress_bar.py[line:272] - INFO: epoch 001:    434 / 1878 loss=4.862, loss_v1=0, loss_v2=0, nll_loss=3.857, ntokens=320, nsentences=64, sample_size=320, sample_size_v1=0, sample_size_v2=0, ppl=14.49, wps=78.3, ups=0.24, wpb=320, bsz=64, num_updates=430, lr=1.90941e-05, gnorm=6.939, clip=100, loss_scale=8, train_wall=41, gb_free=7.3, wall=1813
2023-04-08 14:13:41 - progress_bar.py[line:272] - INFO: epoch 001:    444 / 1878 loss=4.904, loss_v1=0, loss_v2=0, nll_loss=3.918, ntokens=320, nsentences=64, sample_size=320, sample_size_v1=0, sample_size_v2=0, ppl=15.12, wps=78.2, ups=0.24, wpb=320, bsz=64, num_updates=440, lr=1.95382e-05, gnorm=6.182, clip=100, loss_scale=8, train_wall=41, gb_free=7.3, wall=1854
2023-04-08 14:14:22 - progress_bar.py[line:272] - INFO: epoch 001:    454 / 1878 loss=4.861, loss_v1=0, loss_v2=0, nll_loss=3.867, ntokens=320, nsentences=64, sample_size=320, sample_size_v1=0, sample_size_v2=0, ppl=14.59, wps=78.1, ups=0.24, wpb=320, bsz=64, num_updates=450, lr=1.99822e-05, gnorm=7.263, clip=100, loss_scale=8, train_wall=41, gb_free=7.3, wall=1895
2023-04-08 14:15:03 - progress_bar.py[line:272] - INFO: epoch 001:    464 / 1878 loss=4.848, loss_v1=0, loss_v2=0, nll_loss=3.848, ntokens=320, nsentences=64, sample_size=320, sample_size_v1=0, sample_size_v2=0, ppl=14.4, wps=77.7, ups=0.24, wpb=320, bsz=64, num_updates=460, lr=2.04263e-05, gnorm=6.989, clip=100, loss_scale=8, train_wall=41, gb_free=7.3, wall=1936
2023-04-08 14:15:44 - progress_bar.py[line:272] - INFO: epoch 001:    474 / 1878 loss=4.849, loss_v1=0, loss_v2=0, nll_loss=3.858, ntokens=320, nsentences=64, sample_size=320, sample_size_v1=0, sample_size_v2=0, ppl=14.5, wps=76.9, ups=0.24, wpb=320, bsz=64, num_updates=470, lr=2.08703e-05, gnorm=6.185, clip=100, loss_scale=8, train_wall=41, gb_free=7.3, wall=1978
2023-04-08 14:16:25 - progress_bar.py[line:272] - INFO: epoch 001:    484 / 1878 loss=4.834, loss_v1=0, loss_v2=0, nll_loss=3.836, ntokens=320, nsentences=64, sample_size=320, sample_size_v1=0, sample_size_v2=0, ppl=14.28, wps=78, ups=0.24, wpb=320, bsz=64, num_updates=480, lr=2.13144e-05, gnorm=6.821, clip=100, loss_scale=8, train_wall=41, gb_free=7.3, wall=2019
2023-04-08 14:17:06 - progress_bar.py[line:272] - INFO: epoch 001:    494 / 1878 loss=4.769, loss_v1=0, loss_v2=0, nll_loss=3.763, ntokens=320, nsentences=64, sample_size=320, sample_size_v1=0, sample_size_v2=0, ppl=13.58, wps=78, ups=0.24, wpb=320, bsz=64, num_updates=490, lr=2.17584e-05, gnorm=6.719, clip=100, loss_scale=8, train_wall=41, gb_free=7.3, wall=2060
2023-04-08 14:17:47 - progress_bar.py[line:272] - INFO: epoch 001:    504 / 1878 loss=4.826, loss_v1=0, loss_v2=0, nll_loss=3.832, ntokens=320, nsentences=64, sample_size=320, sample_size_v1=0, sample_size_v2=0, ppl=14.24, wps=78.1, ups=0.24, wpb=320, bsz=64, num_updates=500, lr=2.22025e-05, gnorm=7.504, clip=100, loss_scale=8, train_wall=41, gb_free=7.3, wall=2101
2023-04-08 14:17:47 - train.py[line:445] - INFO: begin validation on "valid" subset
slice_id 0 seek offset 0
slice_id 1 seek offset 5379
slice_id 0 seek offset 0
slice_id 1 seek offset 5379
/home/mogunleye/OFA/fairseq/fairseq/search.py:140: UserWarning: __floordiv__ is deprecated, and its behavior will change in a future version of pytorch. It currently rounds toward 0 (like the 'trunc' function NOT 'floor'). This results in incorrect rounding for negative values. To keep the current behavior, use torch.div(a, b, rounding_mode='trunc'), or for actual floor division, use torch.div(a, b, rounding_mode='floor').
  beams_buf = indices_buf // vocab_size
/home/mogunleye/OFA/fairseq/fairseq/search.py:140: UserWarning: __floordiv__ is deprecated, and its behavior will change in a future version of pytorch. It currently rounds toward 0 (like the 'trunc' function NOT 'floor'). This results in incorrect rounding for negative values. To keep the current behavior, use torch.div(a, b, rounding_mode='trunc'), or for actual floor division, use torch.div(a, b, rounding_mode='floor').
  beams_buf = indices_buf // vocab_size
/home/mogunleye/OFA/models/sequence_generator.py:705: UserWarning: __floordiv__ is deprecated, and its behavior will change in a future version of pytorch. It currently rounds toward 0 (like the 'trunc' function NOT 'floor'). This results in incorrect rounding for negative values. To keep the current behavior, use torch.div(a, b, rounding_mode='trunc'), or for actual floor division, use torch.div(a, b, rounding_mode='floor').
  unfin_idx = bbsz_idx // beam_size
/home/mogunleye/OFA/models/sequence_generator.py:705: UserWarning: __floordiv__ is deprecated, and its behavior will change in a future version of pytorch. It currently rounds toward 0 (like the 'trunc' function NOT 'floor'). This results in incorrect rounding for negative values. To keep the current behavior, use torch.div(a, b, rounding_mode='trunc'), or for actual floor division, use torch.div(a, b, rounding_mode='floor').
  unfin_idx = bbsz_idx // beam_size
2023-04-08 14:29:06 - progress_bar.py[line:282] - INFO: epoch 001 | valid on 'valid' subset | loss 4.697 | loss_v1 0 | loss_v2 0 | nll_loss 3.653 | ntokens 39.993 | nsentences 7.999 | sample_size 39.993 | sample_size_v1 0 | sample_size_v2 0 | ppl 12.58 | score 0.4586 | wps 79.3 | wpb 40 | bsz 8 | num_updates 500
2023-04-08 14:29:06 - checkpoint_utils.py[line:64] - INFO: Preparing to save checkpoint for epoch 1 @ 500 updates
2023-04-08 14:29:06 - trainer.py[line:431] - INFO: Saving checkpoint to ./refcocoplus_EC_checkpoints_exp2/10_5e-5_512/checkpoint_1_500.pt
2023-04-08 14:29:25 - trainer.py[line:441] - INFO: Finished saving checkpoint to ./refcocoplus_EC_checkpoints_exp2/10_5e-5_512/checkpoint_1_500.pt
2023-04-08 14:29:54 - checkpoint_utils.py[line:133] - INFO: Saved checkpoint ./refcocoplus_EC_checkpoints_exp2/10_5e-5_512/checkpoint_1_500.pt (epoch 1 @ 500 updates, score 0.4586) (writing took 47.46631891094148 seconds)
2023-04-08 14:30:34 - progress_bar.py[line:272] - INFO: epoch 001:    514 / 1878 loss=4.806, loss_v1=0, loss_v2=0, nll_loss=3.807, ntokens=320, nsentences=64, sample_size=320, sample_size_v1=0, sample_size_v2=0, ppl=14, wps=4.2, ups=0.01, wpb=320, bsz=64, num_updates=510, lr=2.26465e-05, gnorm=6.334, clip=100, loss_scale=8, train_wall=40, gb_free=7.3, wall=2868
2023-04-08 14:31:15 - progress_bar.py[line:272] - INFO: epoch 001:    524 / 1878 loss=4.835, loss_v1=0, loss_v2=0, nll_loss=3.85, ntokens=320, nsentences=64, sample_size=320, sample_size_v1=0, sample_size_v2=0, ppl=14.42, wps=78.3, ups=0.24, wpb=320, bsz=64, num_updates=520, lr=2.30906e-05, gnorm=6.457, clip=100, loss_scale=16, train_wall=40, gb_free=7.3, wall=2909
2023-04-08 14:31:56 - progress_bar.py[line:272] - INFO: epoch 001:    534 / 1878 loss=4.815, loss_v1=0, loss_v2=0, nll_loss=3.821, ntokens=319.5, nsentences=63.9, sample_size=319.5, sample_size_v1=0, sample_size_v2=0, ppl=14.13, wps=77.9, ups=0.24, wpb=319.5, bsz=63.9, num_updates=530, lr=2.35346e-05, gnorm=6.097, clip=100, loss_scale=16, train_wall=41, gb_free=7.3, wall=2950
2023-04-08 14:32:37 - progress_bar.py[line:272] - INFO: epoch 001:    544 / 1878 loss=4.741, loss_v1=0, loss_v2=0, nll_loss=3.738, ntokens=320, nsentences=64, sample_size=320, sample_size_v1=0, sample_size_v2=0, ppl=13.35, wps=78.4, ups=0.24, wpb=320, bsz=64, num_updates=540, lr=2.39787e-05, gnorm=6.743, clip=100, loss_scale=16, train_wall=41, gb_free=7.3, wall=2990
2023-04-08 14:33:18 - progress_bar.py[line:272] - INFO: epoch 001:    554 / 1878 loss=4.786, loss_v1=0, loss_v2=0, nll_loss=3.795, ntokens=320, nsentences=64, sample_size=320, sample_size_v1=0, sample_size_v2=0, ppl=13.88, wps=78.4, ups=0.25, wpb=320, bsz=64, num_updates=550, lr=2.44227e-05, gnorm=6.89, clip=100, loss_scale=16, train_wall=41, gb_free=7.3, wall=3031
2023-04-08 14:33:59 - progress_bar.py[line:272] - INFO: epoch 001:    564 / 1878 loss=4.715, loss_v1=0, loss_v2=0, nll_loss=3.705, ntokens=320, nsentences=64, sample_size=320, sample_size_v1=0, sample_size_v2=0, ppl=13.04, wps=77.6, ups=0.24, wpb=320, bsz=64, num_updates=560, lr=2.48668e-05, gnorm=6.367, clip=100, loss_scale=16, train_wall=41, gb_free=7.3, wall=3072
2023-04-08 14:34:40 - progress_bar.py[line:272] - INFO: epoch 001:    574 / 1878 loss=4.823, loss_v1=0, loss_v2=0, nll_loss=3.84, ntokens=320, nsentences=64, sample_size=320, sample_size_v1=0, sample_size_v2=0, ppl=14.32, wps=78.1, ups=0.24, wpb=320, bsz=64, num_updates=570, lr=2.53108e-05, gnorm=6.245, clip=100, loss_scale=16, train_wall=41, gb_free=7.3, wall=3113
2023-04-08 14:35:21 - progress_bar.py[line:272] - INFO: epoch 001:    584 / 1878 loss=4.788, loss_v1=0, loss_v2=0, nll_loss=3.79, ntokens=320, nsentences=64, sample_size=320, sample_size_v1=0, sample_size_v2=0, ppl=13.83, wps=78.2, ups=0.24, wpb=320, bsz=64, num_updates=580, lr=2.57549e-05, gnorm=7.16, clip=100, loss_scale=16, train_wall=41, gb_free=7.3, wall=3154
2023-04-08 14:36:02 - progress_bar.py[line:272] - INFO: epoch 001:    594 / 1878 loss=4.719, loss_v1=0, loss_v2=0, nll_loss=3.718, ntokens=320, nsentences=64, sample_size=320, sample_size_v1=0, sample_size_v2=0, ppl=13.16, wps=78.2, ups=0.24, wpb=320, bsz=64, num_updates=590, lr=2.61989e-05, gnorm=6.081, clip=100, loss_scale=16, train_wall=41, gb_free=7.3, wall=3195
2023-04-08 14:36:43 - progress_bar.py[line:272] - INFO: epoch 001:    604 / 1878 loss=4.778, loss_v1=0, loss_v2=0, nll_loss=3.78, ntokens=320, nsentences=64, sample_size=320, sample_size_v1=0, sample_size_v2=0, ppl=13.74, wps=78.2, ups=0.24, wpb=320, bsz=64, num_updates=600, lr=2.6643e-05, gnorm=6.706, clip=100, loss_scale=16, train_wall=41, gb_free=7.3, wall=3236
2023-04-08 14:37:24 - progress_bar.py[line:272] - INFO: epoch 001:    614 / 1878 loss=4.737, loss_v1=0, loss_v2=0, nll_loss=3.741, ntokens=320, nsentences=64, sample_size=320, sample_size_v1=0, sample_size_v2=0, ppl=13.37, wps=78.1, ups=0.24, wpb=320, bsz=64, num_updates=610, lr=2.7087e-05, gnorm=5.855, clip=100, loss_scale=16, train_wall=41, gb_free=7.3, wall=3277
2023-04-08 14:38:05 - progress_bar.py[line:272] - INFO: epoch 001:    624 / 1878 loss=4.739, loss_v1=0, loss_v2=0, nll_loss=3.738, ntokens=320, nsentences=64, sample_size=320, sample_size_v1=0, sample_size_v2=0, ppl=13.34, wps=77.8, ups=0.24, wpb=320, bsz=64, num_updates=620, lr=2.75311e-05, gnorm=6.594, clip=100, loss_scale=16, train_wall=41, gb_free=7.3, wall=3318
2023-04-08 14:38:46 - progress_bar.py[line:272] - INFO: epoch 001:    634 / 1878 loss=4.72, loss_v1=0, loss_v2=0, nll_loss=3.727, ntokens=320, nsentences=64, sample_size=320, sample_size_v1=0, sample_size_v2=0, ppl=13.24, wps=77.6, ups=0.24, wpb=320, bsz=64, num_updates=630, lr=2.79751e-05, gnorm=5.925, clip=100, loss_scale=16, train_wall=41, gb_free=7.3, wall=3360
2023-04-08 14:39:28 - progress_bar.py[line:272] - INFO: epoch 001:    644 / 1878 loss=4.698, loss_v1=0, loss_v2=0, nll_loss=3.687, ntokens=320, nsentences=64, sample_size=320, sample_size_v1=0, sample_size_v2=0, ppl=12.88, wps=77.5, ups=0.24, wpb=320, bsz=64, num_updates=640, lr=2.84192e-05, gnorm=6.371, clip=100, loss_scale=16, train_wall=41, gb_free=7.3, wall=3401
2023-04-08 14:40:09 - progress_bar.py[line:272] - INFO: epoch 001:    654 / 1878 loss=4.694, loss_v1=0, loss_v2=0, nll_loss=3.698, ntokens=320, nsentences=64, sample_size=320, sample_size_v1=0, sample_size_v2=0, ppl=12.97, wps=78.2, ups=0.24, wpb=320, bsz=64, num_updates=650, lr=2.88632e-05, gnorm=6.101, clip=100, loss_scale=16, train_wall=41, gb_free=7.3, wall=3442
2023-04-08 14:40:50 - progress_bar.py[line:272] - INFO: epoch 001:    664 / 1878 loss=4.669, loss_v1=0, loss_v2=0, nll_loss=3.664, ntokens=320, nsentences=64, sample_size=320, sample_size_v1=0, sample_size_v2=0, ppl=12.67, wps=78.1, ups=0.24, wpb=320, bsz=64, num_updates=660, lr=2.93073e-05, gnorm=5.926, clip=100, loss_scale=16, train_wall=41, gb_free=7.3, wall=3483
2023-04-08 14:41:31 - progress_bar.py[line:272] - INFO: epoch 001:    674 / 1878 loss=4.7, loss_v1=0, loss_v2=0, nll_loss=3.702, ntokens=320, nsentences=64, sample_size=320, sample_size_v1=0, sample_size_v2=0, ppl=13.01, wps=78.1, ups=0.24, wpb=320, bsz=64, num_updates=670, lr=2.97513e-05, gnorm=5.937, clip=100, loss_scale=16, train_wall=41, gb_free=7.3, wall=3524
2023-04-08 14:42:12 - progress_bar.py[line:272] - INFO: epoch 001:    684 / 1878 loss=4.708, loss_v1=0, loss_v2=0, nll_loss=3.701, ntokens=320, nsentences=64, sample_size=320, sample_size_v1=0, sample_size_v2=0, ppl=13.01, wps=78.2, ups=0.24, wpb=320, bsz=64, num_updates=680, lr=3.01954e-05, gnorm=6.506, clip=100, loss_scale=16, train_wall=41, gb_free=7.3, wall=3565
2023-04-08 14:42:53 - progress_bar.py[line:272] - INFO: epoch 001:    694 / 1878 loss=4.719, loss_v1=0, loss_v2=0, nll_loss=3.731, ntokens=320, nsentences=64, sample_size=320, sample_size_v1=0, sample_size_v2=0, ppl=13.27, wps=77.8, ups=0.24, wpb=320, bsz=64, num_updates=690, lr=3.06394e-05, gnorm=5.774, clip=100, loss_scale=16, train_wall=41, gb_free=7.3, wall=3606
2023-04-08 14:43:34 - progress_bar.py[line:272] - INFO: epoch 001:    704 / 1878 loss=4.675, loss_v1=0, loss_v2=0, nll_loss=3.665, ntokens=320, nsentences=64, sample_size=320, sample_size_v1=0, sample_size_v2=0, ppl=12.69, wps=78.2, ups=0.24, wpb=320, bsz=64, num_updates=700, lr=3.10835e-05, gnorm=5.819, clip=100, loss_scale=16, train_wall=41, gb_free=7.3, wall=3647
2023-04-08 14:44:15 - progress_bar.py[line:272] - INFO: epoch 001:    714 / 1878 loss=4.607, loss_v1=0, loss_v2=0, nll_loss=3.589, ntokens=320, nsentences=64, sample_size=320, sample_size_v1=0, sample_size_v2=0, ppl=12.04, wps=77.9, ups=0.24, wpb=320, bsz=64, num_updates=710, lr=3.15275e-05, gnorm=7.303, clip=100, loss_scale=16, train_wall=41, gb_free=7.3, wall=3688
2023-04-08 14:44:56 - progress_bar.py[line:272] - INFO: epoch 001:    724 / 1878 loss=4.697, loss_v1=0, loss_v2=0, nll_loss=3.689, ntokens=320, nsentences=64, sample_size=320, sample_size_v1=0, sample_size_v2=0, ppl=12.9, wps=78, ups=0.24, wpb=320, bsz=64, num_updates=720, lr=3.19716e-05, gnorm=7.804, clip=100, loss_scale=16, train_wall=41, gb_free=7.3, wall=3729
2023-04-08 14:45:37 - progress_bar.py[line:272] - INFO: epoch 001:    734 / 1878 loss=4.628, loss_v1=0, loss_v2=0, nll_loss=3.626, ntokens=320, nsentences=64, sample_size=320, sample_size_v1=0, sample_size_v2=0, ppl=12.35, wps=77.2, ups=0.24, wpb=320, bsz=64, num_updates=730, lr=3.24156e-05, gnorm=5.753, clip=100, loss_scale=16, train_wall=41, gb_free=7.3, wall=3770
2023-04-08 14:46:18 - progress_bar.py[line:272] - INFO: epoch 001:    744 / 1878 loss=4.612, loss_v1=0, loss_v2=0, nll_loss=3.587, ntokens=320, nsentences=64, sample_size=320, sample_size_v1=0, sample_size_v2=0, ppl=12.01, wps=77.9, ups=0.24, wpb=320, bsz=64, num_updates=740, lr=3.28597e-05, gnorm=6.201, clip=100, loss_scale=16, train_wall=41, gb_free=7.3, wall=3811
2023-04-08 14:46:59 - progress_bar.py[line:272] - INFO: epoch 001:    754 / 1878 loss=4.626, loss_v1=0, loss_v2=0, nll_loss=3.625, ntokens=320, nsentences=64, sample_size=320, sample_size_v1=0, sample_size_v2=0, ppl=12.34, wps=77.9, ups=0.24, wpb=320, bsz=64, num_updates=750, lr=3.33037e-05, gnorm=6.271, clip=100, loss_scale=16, train_wall=41, gb_free=7.3, wall=3852
2023-04-08 14:47:40 - progress_bar.py[line:272] - INFO: epoch 001:    764 / 1878 loss=4.678, loss_v1=0, loss_v2=0, nll_loss=3.674, ntokens=320, nsentences=64, sample_size=320, sample_size_v1=0, sample_size_v2=0, ppl=12.76, wps=78.3, ups=0.24, wpb=320, bsz=64, num_updates=760, lr=3.37478e-05, gnorm=5.391, clip=100, loss_scale=16, train_wall=41, gb_free=7.3, wall=3893
2023-04-08 14:48:21 - progress_bar.py[line:272] - INFO: epoch 001:    774 / 1878 loss=4.657, loss_v1=0, loss_v2=0, nll_loss=3.657, ntokens=320, nsentences=64, sample_size=320, sample_size_v1=0, sample_size_v2=0, ppl=12.62, wps=78.1, ups=0.24, wpb=320, bsz=64, num_updates=770, lr=3.41918e-05, gnorm=5.658, clip=100, loss_scale=16, train_wall=41, gb_free=7.3, wall=3934
2023-04-08 14:49:02 - progress_bar.py[line:272] - INFO: epoch 001:    784 / 1878 loss=4.601, loss_v1=0, loss_v2=0, nll_loss=3.583, ntokens=320, nsentences=64, sample_size=320, sample_size_v1=0, sample_size_v2=0, ppl=11.98, wps=78.4, ups=0.25, wpb=320, bsz=64, num_updates=780, lr=3.46359e-05, gnorm=5.783, clip=100, loss_scale=16, train_wall=41, gb_free=7.3, wall=3975
2023-04-08 14:49:42 - progress_bar.py[line:272] - INFO: epoch 001:    794 / 1878 loss=4.637, loss_v1=0, loss_v2=0, nll_loss=3.632, ntokens=320, nsentences=64, sample_size=320, sample_size_v1=0, sample_size_v2=0, ppl=12.39, wps=78.8, ups=0.25, wpb=320, bsz=64, num_updates=790, lr=3.50799e-05, gnorm=5.827, clip=100, loss_scale=16, train_wall=40, gb_free=7.3, wall=4016
2023-04-08 14:50:24 - progress_bar.py[line:272] - INFO: epoch 001:    804 / 1878 loss=4.61, loss_v1=0, loss_v2=0, nll_loss=3.602, ntokens=320, nsentences=64, sample_size=320, sample_size_v1=0, sample_size_v2=0, ppl=12.14, wps=78, ups=0.24, wpb=320, bsz=64, num_updates=800, lr=3.5524e-05, gnorm=6.407, clip=100, loss_scale=16, train_wall=41, gb_free=7.3, wall=4057
2023-04-08 14:51:05 - progress_bar.py[line:272] - INFO: epoch 001:    814 / 1878 loss=4.611, loss_v1=0, loss_v2=0, nll_loss=3.601, ntokens=320, nsentences=64, sample_size=320, sample_size_v1=0, sample_size_v2=0, ppl=12.14, wps=77.7, ups=0.24, wpb=320, bsz=64, num_updates=810, lr=3.5968e-05, gnorm=5.945, clip=100, loss_scale=16, train_wall=41, gb_free=7.3, wall=4098
2023-04-08 14:51:46 - progress_bar.py[line:272] - INFO: epoch 001:    824 / 1878 loss=4.644, loss_v1=0, loss_v2=0, nll_loss=3.642, ntokens=320, nsentences=64, sample_size=320, sample_size_v1=0, sample_size_v2=0, ppl=12.48, wps=77.7, ups=0.24, wpb=320, bsz=64, num_updates=820, lr=3.64121e-05, gnorm=6.366, clip=100, loss_scale=16, train_wall=41, gb_free=7.3, wall=4139
2023-04-08 14:52:27 - progress_bar.py[line:272] - INFO: epoch 001:    834 / 1878 loss=4.668, loss_v1=0, loss_v2=0, nll_loss=3.667, ntokens=320, nsentences=64, sample_size=320, sample_size_v1=0, sample_size_v2=0, ppl=12.7, wps=78.1, ups=0.24, wpb=320, bsz=64, num_updates=830, lr=3.68561e-05, gnorm=5.79, clip=100, loss_scale=16, train_wall=41, gb_free=7.3, wall=4180
2023-04-08 14:53:08 - progress_bar.py[line:272] - INFO: epoch 001:    844 / 1878 loss=4.596, loss_v1=0, loss_v2=0, nll_loss=3.586, ntokens=320, nsentences=64, sample_size=320, sample_size_v1=0, sample_size_v2=0, ppl=12.01, wps=78.2, ups=0.24, wpb=320, bsz=64, num_updates=840, lr=3.73002e-05, gnorm=5.971, clip=100, loss_scale=16, train_wall=41, gb_free=7.3, wall=4221
2023-04-08 14:53:49 - progress_bar.py[line:272] - INFO: epoch 001:    854 / 1878 loss=4.679, loss_v1=0, loss_v2=0, nll_loss=3.676, ntokens=320, nsentences=64, sample_size=320, sample_size_v1=0, sample_size_v2=0, ppl=12.78, wps=78.3, ups=0.24, wpb=320, bsz=64, num_updates=850, lr=3.77442e-05, gnorm=6.466, clip=100, loss_scale=16, train_wall=41, gb_free=7.3, wall=4262
2023-04-08 14:54:30 - progress_bar.py[line:272] - INFO: epoch 001:    864 / 1878 loss=4.633, loss_v1=0, loss_v2=0, nll_loss=3.635, ntokens=320, nsentences=64, sample_size=320, sample_size_v1=0, sample_size_v2=0, ppl=12.43, wps=78, ups=0.24, wpb=320, bsz=64, num_updates=860, lr=3.81883e-05, gnorm=5.656, clip=100, loss_scale=16, train_wall=41, gb_free=7.3, wall=4303
2023-04-08 14:55:10 - progress_bar.py[line:272] - INFO: epoch 001:    874 / 1878 loss=4.634, loss_v1=0, loss_v2=0, nll_loss=3.625, ntokens=320, nsentences=64, sample_size=320, sample_size_v1=0, sample_size_v2=0, ppl=12.33, wps=78.4, ups=0.25, wpb=320, bsz=64, num_updates=870, lr=3.86323e-05, gnorm=5.808, clip=100, loss_scale=16, train_wall=41, gb_free=7.3, wall=4344
2023-04-08 14:55:51 - progress_bar.py[line:272] - INFO: epoch 001:    884 / 1878 loss=4.624, loss_v1=0, loss_v2=0, nll_loss=3.62, ntokens=320, nsentences=64, sample_size=320, sample_size_v1=0, sample_size_v2=0, ppl=12.3, wps=78.3, ups=0.24, wpb=320, bsz=64, num_updates=880, lr=3.90764e-05, gnorm=6.146, clip=100, loss_scale=16, train_wall=41, gb_free=7.3, wall=4384
2023-04-08 14:56:33 - progress_bar.py[line:272] - INFO: epoch 001:    894 / 1878 loss=4.563, loss_v1=0, loss_v2=0, nll_loss=3.547, ntokens=320, nsentences=64, sample_size=320, sample_size_v1=0, sample_size_v2=0, ppl=11.69, wps=77.6, ups=0.24, wpb=320, bsz=64, num_updates=890, lr=3.95204e-05, gnorm=6.212, clip=100, loss_scale=16, train_wall=41, gb_free=7.3, wall=4426
2023-04-08 14:57:14 - progress_bar.py[line:272] - INFO: epoch 001:    904 / 1878 loss=4.551, loss_v1=0, loss_v2=0, nll_loss=3.531, ntokens=320, nsentences=64, sample_size=320, sample_size_v1=0, sample_size_v2=0, ppl=11.56, wps=78, ups=0.24, wpb=320, bsz=64, num_updates=900, lr=3.99645e-05, gnorm=5.006, clip=100, loss_scale=16, train_wall=41, gb_free=7.3, wall=4467
2023-04-08 14:57:55 - progress_bar.py[line:272] - INFO: epoch 001:    914 / 1878 loss=4.607, loss_v1=0, loss_v2=0, nll_loss=3.597, ntokens=320, nsentences=64, sample_size=320, sample_size_v1=0, sample_size_v2=0, ppl=12.1, wps=78, ups=0.24, wpb=320, bsz=64, num_updates=910, lr=4.04085e-05, gnorm=5.86, clip=100, loss_scale=16, train_wall=41, gb_free=7.3, wall=4508
2023-04-08 14:58:36 - progress_bar.py[line:272] - INFO: epoch 001:    924 / 1878 loss=4.595, loss_v1=0, loss_v2=0, nll_loss=3.59, ntokens=320, nsentences=64, sample_size=320, sample_size_v1=0, sample_size_v2=0, ppl=12.04, wps=78.2, ups=0.24, wpb=320, bsz=64, num_updates=920, lr=4.08526e-05, gnorm=6.44, clip=100, loss_scale=16, train_wall=41, gb_free=7.3, wall=4549
2023-04-08 14:59:17 - progress_bar.py[line:272] - INFO: epoch 001:    934 / 1878 loss=4.557, loss_v1=0, loss_v2=0, nll_loss=3.538, ntokens=320, nsentences=64, sample_size=320, sample_size_v1=0, sample_size_v2=0, ppl=11.61, wps=77.9, ups=0.24, wpb=320, bsz=64, num_updates=930, lr=4.12966e-05, gnorm=5.607, clip=100, loss_scale=16, train_wall=41, gb_free=7.3, wall=4590
2023-04-08 14:59:57 - progress_bar.py[line:272] - INFO: epoch 001:    944 / 1878 loss=4.55, loss_v1=0, loss_v2=0, nll_loss=3.54, ntokens=320, nsentences=64, sample_size=320, sample_size_v1=0, sample_size_v2=0, ppl=11.63, wps=78.4, ups=0.24, wpb=320, bsz=64, num_updates=940, lr=4.17407e-05, gnorm=5.499, clip=100, loss_scale=16, train_wall=41, gb_free=7.3, wall=4631
2023-04-08 15:00:38 - progress_bar.py[line:272] - INFO: epoch 001:    954 / 1878 loss=4.562, loss_v1=0, loss_v2=0, nll_loss=3.548, ntokens=320, nsentences=64, sample_size=320, sample_size_v1=0, sample_size_v2=0, ppl=11.7, wps=78.2, ups=0.24, wpb=320, bsz=64, num_updates=950, lr=4.21847e-05, gnorm=5.358, clip=100, loss_scale=16, train_wall=41, gb_free=7.3, wall=4672
2023-04-08 15:01:19 - progress_bar.py[line:272] - INFO: epoch 001:    964 / 1878 loss=4.52, loss_v1=0, loss_v2=0, nll_loss=3.497, ntokens=320, nsentences=64, sample_size=320, sample_size_v1=0, sample_size_v2=0, ppl=11.29, wps=78.2, ups=0.24, wpb=320, bsz=64, num_updates=960, lr=4.26288e-05, gnorm=6.041, clip=100, loss_scale=16, train_wall=41, gb_free=7.3, wall=4712
2023-04-08 15:02:00 - progress_bar.py[line:272] - INFO: epoch 001:    974 / 1878 loss=4.545, loss_v1=0, loss_v2=0, nll_loss=3.538, ntokens=320, nsentences=64, sample_size=320, sample_size_v1=0, sample_size_v2=0, ppl=11.62, wps=78.4, ups=0.25, wpb=320, bsz=64, num_updates=970, lr=4.30728e-05, gnorm=5.669, clip=100, loss_scale=16, train_wall=41, gb_free=7.3, wall=4753
2023-04-08 15:02:41 - progress_bar.py[line:272] - INFO: epoch 001:    984 / 1878 loss=4.548, loss_v1=0, loss_v2=0, nll_loss=3.532, ntokens=320, nsentences=64, sample_size=320, sample_size_v1=0, sample_size_v2=0, ppl=11.57, wps=78.1, ups=0.24, wpb=320, bsz=64, num_updates=980, lr=4.35169e-05, gnorm=5.643, clip=100, loss_scale=16, train_wall=41, gb_free=7.3, wall=4794
2023-04-08 15:03:22 - progress_bar.py[line:272] - INFO: epoch 001:    994 / 1878 loss=4.601, loss_v1=0, loss_v2=0, nll_loss=3.599, ntokens=320, nsentences=64, sample_size=320, sample_size_v1=0, sample_size_v2=0, ppl=12.12, wps=77.3, ups=0.24, wpb=320, bsz=64, num_updates=990, lr=4.39609e-05, gnorm=5.783, clip=100, loss_scale=16, train_wall=41, gb_free=7.3, wall=4836
slice_id 1 seek offset 5379
2023-04-08 15:04:04 - progress_bar.py[line:272] - INFO: epoch 001:   1004 / 1878 loss=4.569, loss_v1=0, loss_v2=0, nll_loss=3.557, ntokens=320, nsentences=64, sample_size=320, sample_size_v1=0, sample_size_v2=0, ppl=11.77, wps=77.9, ups=0.24, wpb=320, bsz=64, num_updates=1000, lr=4.4405e-05, gnorm=6.254, clip=100, loss_scale=16, train_wall=41, gb_free=7.3, wall=4877
2023-04-08 15:04:04 - train.py[line:445] - INFO: begin validation on "valid" subset
slice_id 0 seek offset 0
slice_id 0 seek offset 0
slice_id 1 seek offset 5379
2023-04-08 15:15:21 - progress_bar.py[line:282] - INFO: epoch 001 | valid on 'valid' subset | loss 4.531 | loss_v1 0 | loss_v2 0 | nll_loss 3.501 | ntokens 39.993 | nsentences 7.999 | sample_size 39.993 | sample_size_v1 0 | sample_size_v2 0 | ppl 11.32 | score 0.4369 | wps 79.4 | wpb 40 | bsz 8 | num_updates 1000 | best_score 0.4586
2023-04-08 15:15:21 - checkpoint_utils.py[line:64] - INFO: Preparing to save checkpoint for epoch 1 @ 1000 updates
2023-04-08 15:15:21 - trainer.py[line:431] - INFO: Saving checkpoint to ./refcocoplus_EC_checkpoints_exp2/10_5e-5_512/checkpoint_1_1000.pt
2023-04-08 15:15:40 - trainer.py[line:441] - INFO: Finished saving checkpoint to ./refcocoplus_EC_checkpoints_exp2/10_5e-5_512/checkpoint_1_1000.pt
2023-04-08 15:15:51 - checkpoint_utils.py[line:133] - INFO: Saved checkpoint ./refcocoplus_EC_checkpoints_exp2/10_5e-5_512/checkpoint_1_1000.pt (epoch 1 @ 1000 updates, score 0.4369) (writing took 29.391296489164233 seconds)
2023-04-08 15:16:32 - progress_bar.py[line:272] - INFO: epoch 001:   1014 / 1878 loss=4.543, loss_v1=0, loss_v2=0, nll_loss=3.535, ntokens=320, nsentences=64, sample_size=320, sample_size_v1=0, sample_size_v2=0, ppl=11.59, wps=4.3, ups=0.01, wpb=320, bsz=64, num_updates=1010, lr=4.4849e-05, gnorm=5.563, clip=100, loss_scale=16, train_wall=40, gb_free=7.3, wall=5625
2023-04-08 15:17:13 - progress_bar.py[line:272] - INFO: epoch 001:   1024 / 1878 loss=4.554, loss_v1=0, loss_v2=0, nll_loss=3.544, ntokens=320, nsentences=64, sample_size=320, sample_size_v1=0, sample_size_v2=0, ppl=11.66, wps=77.6, ups=0.24, wpb=320, bsz=64, num_updates=1020, lr=4.52931e-05, gnorm=5.376, clip=100, loss_scale=16, train_wall=41, gb_free=7.3, wall=5666
2023-04-08 15:17:53 - progress_bar.py[line:272] - INFO: epoch 001:   1034 / 1878 loss=4.589, loss_v1=0, loss_v2=0, nll_loss=3.587, ntokens=320, nsentences=64, sample_size=320, sample_size_v1=0, sample_size_v2=0, ppl=12.01, wps=78.5, ups=0.25, wpb=320, bsz=64, num_updates=1030, lr=4.57371e-05, gnorm=5.192, clip=100, loss_scale=32, train_wall=41, gb_free=7.3, wall=5707
2023-04-08 15:18:34 - progress_bar.py[line:272] - INFO: epoch 001:   1044 / 1878 loss=4.547, loss_v1=0, loss_v2=0, nll_loss=3.535, ntokens=320, nsentences=64, sample_size=320, sample_size_v1=0, sample_size_v2=0, ppl=11.59, wps=78.1, ups=0.24, wpb=320, bsz=64, num_updates=1040, lr=4.61812e-05, gnorm=5.432, clip=100, loss_scale=32, train_wall=41, gb_free=7.3, wall=5748
2023-04-08 15:19:16 - progress_bar.py[line:272] - INFO: epoch 001:   1054 / 1878 loss=4.578, loss_v1=0, loss_v2=0, nll_loss=3.576, ntokens=320, nsentences=64, sample_size=320, sample_size_v1=0, sample_size_v2=0, ppl=11.92, wps=77.9, ups=0.24, wpb=320, bsz=64, num_updates=1050, lr=4.66252e-05, gnorm=5.395, clip=100, loss_scale=32, train_wall=41, gb_free=7.3, wall=5789
2023-04-08 15:19:57 - progress_bar.py[line:272] - INFO: epoch 001:   1064 / 1878 loss=4.557, loss_v1=0, loss_v2=0, nll_loss=3.547, ntokens=320, nsentences=64, sample_size=320, sample_size_v1=0, sample_size_v2=0, ppl=11.69, wps=77.8, ups=0.24, wpb=320, bsz=64, num_updates=1060, lr=4.70693e-05, gnorm=5.291, clip=100, loss_scale=32, train_wall=41, gb_free=7.3, wall=5830
2023-04-08 15:20:37 - progress_bar.py[line:272] - INFO: epoch 001:   1074 / 1878 loss=4.551, loss_v1=0, loss_v2=0, nll_loss=3.549, ntokens=320, nsentences=64, sample_size=320, sample_size_v1=0, sample_size_v2=0, ppl=11.7, wps=78.5, ups=0.25, wpb=320, bsz=64, num_updates=1070, lr=4.75133e-05, gnorm=5.851, clip=100, loss_scale=32, train_wall=41, gb_free=7.3, wall=5871
2023-04-08 15:21:18 - progress_bar.py[line:272] - INFO: epoch 001:   1084 / 1878 loss=4.504, loss_v1=0, loss_v2=0, nll_loss=3.487, ntokens=320, nsentences=64, sample_size=320, sample_size_v1=0, sample_size_v2=0, ppl=11.21, wps=78.1, ups=0.24, wpb=320, bsz=64, num_updates=1080, lr=4.79574e-05, gnorm=5.316, clip=100, loss_scale=32, train_wall=41, gb_free=7.3, wall=5912
2023-04-08 15:21:59 - progress_bar.py[line:272] - INFO: epoch 001:   1094 / 1878 loss=4.515, loss_v1=0, loss_v2=0, nll_loss=3.501, ntokens=320, nsentences=64, sample_size=320, sample_size_v1=0, sample_size_v2=0, ppl=11.32, wps=78.3, ups=0.24, wpb=320, bsz=64, num_updates=1090, lr=4.84014e-05, gnorm=5.461, clip=100, loss_scale=32, train_wall=41, gb_free=7.3, wall=5952
2023-04-08 15:22:40 - progress_bar.py[line:272] - INFO: epoch 001:   1104 / 1878 loss=4.591, loss_v1=0, loss_v2=0, nll_loss=3.593, ntokens=320, nsentences=64, sample_size=320, sample_size_v1=0, sample_size_v2=0, ppl=12.06, wps=78.2, ups=0.24, wpb=320, bsz=64, num_updates=1100, lr=4.88455e-05, gnorm=5.61, clip=100, loss_scale=32, train_wall=41, gb_free=7.3, wall=5993
2023-04-08 15:23:21 - progress_bar.py[line:272] - INFO: epoch 001:   1114 / 1878 loss=4.527, loss_v1=0, loss_v2=0, nll_loss=3.515, ntokens=320, nsentences=64, sample_size=320, sample_size_v1=0, sample_size_v2=0, ppl=11.43, wps=78.3, ups=0.24, wpb=320, bsz=64, num_updates=1110, lr=4.92895e-05, gnorm=5.728, clip=100, loss_scale=32, train_wall=41, gb_free=7.3, wall=6034
2023-04-08 15:24:02 - progress_bar.py[line:272] - INFO: epoch 001:   1124 / 1878 loss=4.471, loss_v1=0, loss_v2=0, nll_loss=3.45, ntokens=320, nsentences=64, sample_size=320, sample_size_v1=0, sample_size_v2=0, ppl=10.92, wps=78, ups=0.24, wpb=320, bsz=64, num_updates=1120, lr=4.97336e-05, gnorm=5.968, clip=100, loss_scale=32, train_wall=41, gb_free=7.3, wall=6075
2023-04-08 15:24:43 - progress_bar.py[line:272] - INFO: epoch 001:   1134 / 1878 loss=4.5, loss_v1=0, loss_v2=0, nll_loss=3.488, ntokens=320, nsentences=64, sample_size=320, sample_size_v1=0, sample_size_v2=0, ppl=11.22, wps=78.1, ups=0.24, wpb=320, bsz=64, num_updates=1130, lr=4.99887e-05, gnorm=5.585, clip=100, loss_scale=32, train_wall=41, gb_free=7.3, wall=6116
2023-04-08 15:25:24 - progress_bar.py[line:272] - INFO: epoch 001:   1144 / 1878 loss=4.56, loss_v1=0, loss_v2=0, nll_loss=3.553, ntokens=320, nsentences=64, sample_size=320, sample_size_v1=0, sample_size_v2=0, ppl=11.74, wps=78.1, ups=0.24, wpb=320, bsz=64, num_updates=1140, lr=4.99603e-05, gnorm=5.985, clip=100, loss_scale=32, train_wall=41, gb_free=7.3, wall=6157
2023-04-08 15:26:06 - progress_bar.py[line:272] - INFO: epoch 001:   1154 / 1878 loss=4.553, loss_v1=0, loss_v2=0, nll_loss=3.551, ntokens=320, nsentences=64, sample_size=320, sample_size_v1=0, sample_size_v2=0, ppl=11.72, wps=76.8, ups=0.24, wpb=320, bsz=64, num_updates=1150, lr=4.9932e-05, gnorm=5.591, clip=100, loss_scale=32, train_wall=41, gb_free=7.3, wall=6199
2023-04-08 15:26:47 - progress_bar.py[line:272] - INFO: epoch 001:   1164 / 1878 loss=4.527, loss_v1=0, loss_v2=0, nll_loss=3.505, ntokens=320, nsentences=64, sample_size=320, sample_size_v1=0, sample_size_v2=0, ppl=11.35, wps=77.7, ups=0.24, wpb=320, bsz=64, num_updates=1160, lr=4.99037e-05, gnorm=5.82, clip=100, loss_scale=32, train_wall=41, gb_free=7.3, wall=6240
2023-04-08 15:27:28 - progress_bar.py[line:272] - INFO: epoch 001:   1174 / 1878 loss=4.514, loss_v1=0, loss_v2=0, nll_loss=3.512, ntokens=320, nsentences=64, sample_size=320, sample_size_v1=0, sample_size_v2=0, ppl=11.41, wps=78.4, ups=0.25, wpb=320, bsz=64, num_updates=1170, lr=4.98754e-05, gnorm=5.769, clip=100, loss_scale=32, train_wall=41, gb_free=7.3, wall=6281
2023-04-08 15:28:09 - progress_bar.py[line:272] - INFO: epoch 001:   1184 / 1878 loss=4.521, loss_v1=0, loss_v2=0, nll_loss=3.505, ntokens=320, nsentences=64, sample_size=320, sample_size_v1=0, sample_size_v2=0, ppl=11.36, wps=78.3, ups=0.24, wpb=320, bsz=64, num_updates=1180, lr=4.98471e-05, gnorm=5.605, clip=100, loss_scale=32, train_wall=41, gb_free=7.3, wall=6322
2023-04-08 15:28:50 - progress_bar.py[line:272] - INFO: epoch 001:   1194 / 1878 loss=4.526, loss_v1=0, loss_v2=0, nll_loss=3.52, ntokens=320, nsentences=64, sample_size=320, sample_size_v1=0, sample_size_v2=0, ppl=11.47, wps=77.8, ups=0.24, wpb=320, bsz=64, num_updates=1190, lr=4.98187e-05, gnorm=5.444, clip=100, loss_scale=32, train_wall=41, gb_free=7.3, wall=6363
2023-04-08 15:29:31 - progress_bar.py[line:272] - INFO: epoch 001:   1204 / 1878 loss=4.5, loss_v1=0, loss_v2=0, nll_loss=3.485, ntokens=320, nsentences=64, sample_size=320, sample_size_v1=0, sample_size_v2=0, ppl=11.2, wps=78.2, ups=0.24, wpb=320, bsz=64, num_updates=1200, lr=4.97904e-05, gnorm=5.283, clip=100, loss_scale=32, train_wall=41, gb_free=7.3, wall=6404
2023-04-08 15:30:11 - progress_bar.py[line:272] - INFO: epoch 001:   1214 / 1878 loss=4.5, loss_v1=0, loss_v2=0, nll_loss=3.484, ntokens=320, nsentences=64, sample_size=320, sample_size_v1=0, sample_size_v2=0, ppl=11.19, wps=78.3, ups=0.24, wpb=320, bsz=64, num_updates=1210, lr=4.97621e-05, gnorm=6.436, clip=100, loss_scale=32, train_wall=41, gb_free=7.3, wall=6445
2023-04-08 15:30:52 - progress_bar.py[line:272] - INFO: epoch 001:   1224 / 1878 loss=4.481, loss_v1=0, loss_v2=0, nll_loss=3.469, ntokens=320, nsentences=64, sample_size=320, sample_size_v1=0, sample_size_v2=0, ppl=11.07, wps=78.4, ups=0.25, wpb=320, bsz=64, num_updates=1220, lr=4.97338e-05, gnorm=5.184, clip=100, loss_scale=32, train_wall=41, gb_free=7.3, wall=6485
2023-04-08 15:31:33 - progress_bar.py[line:272] - INFO: epoch 001:   1234 / 1878 loss=4.54, loss_v1=0, loss_v2=0, nll_loss=3.532, ntokens=320, nsentences=64, sample_size=320, sample_size_v1=0, sample_size_v2=0, ppl=11.56, wps=78.3, ups=0.24, wpb=320, bsz=64, num_updates=1230, lr=4.97054e-05, gnorm=5.443, clip=100, loss_scale=32, train_wall=41, gb_free=7.3, wall=6526
2023-04-08 15:32:14 - progress_bar.py[line:272] - INFO: epoch 001:   1244 / 1878 loss=4.431, loss_v1=0, loss_v2=0, nll_loss=3.407, ntokens=320, nsentences=64, sample_size=320, sample_size_v1=0, sample_size_v2=0, ppl=10.6, wps=78.3, ups=0.24, wpb=320, bsz=64, num_updates=1240, lr=4.96771e-05, gnorm=5.528, clip=100, loss_scale=32, train_wall=41, gb_free=7.3, wall=6567
2023-04-08 15:32:55 - progress_bar.py[line:272] - INFO: epoch 001:   1254 / 1878 loss=4.519, loss_v1=0, loss_v2=0, nll_loss=3.513, ntokens=320, nsentences=64, sample_size=320, sample_size_v1=0, sample_size_v2=0, ppl=11.41, wps=78.4, ups=0.25, wpb=320, bsz=64, num_updates=1250, lr=4.96488e-05, gnorm=5.41, clip=100, loss_scale=32, train_wall=41, gb_free=7.3, wall=6608
2023-04-08 15:33:36 - progress_bar.py[line:272] - INFO: epoch 001:   1264 / 1878 loss=4.474, loss_v1=0, loss_v2=0, nll_loss=3.461, ntokens=320, nsentences=64, sample_size=320, sample_size_v1=0, sample_size_v2=0, ppl=11.01, wps=78.5, ups=0.25, wpb=320, bsz=64, num_updates=1260, lr=4.96205e-05, gnorm=5.836, clip=100, loss_scale=32, train_wall=40, gb_free=7.3, wall=6649
2023-04-08 15:34:16 - progress_bar.py[line:272] - INFO: epoch 001:   1274 / 1878 loss=4.399, loss_v1=0, loss_v2=0, nll_loss=3.373, ntokens=320, nsentences=64, sample_size=320, sample_size_v1=0, sample_size_v2=0, ppl=10.36, wps=78.5, ups=0.25, wpb=320, bsz=64, num_updates=1270, lr=4.95922e-05, gnorm=5.967, clip=100, loss_scale=32, train_wall=41, gb_free=7.3, wall=6690
2023-04-08 15:34:57 - progress_bar.py[line:272] - INFO: epoch 001:   1284 / 1878 loss=4.442, loss_v1=0, loss_v2=0, nll_loss=3.424, ntokens=320, nsentences=64, sample_size=320, sample_size_v1=0, sample_size_v2=0, ppl=10.73, wps=78.7, ups=0.25, wpb=320, bsz=64, num_updates=1280, lr=4.95638e-05, gnorm=5.573, clip=100, loss_scale=32, train_wall=40, gb_free=7.3, wall=6730
2023-04-08 15:35:38 - progress_bar.py[line:272] - INFO: epoch 001:   1294 / 1878 loss=4.475, loss_v1=0, loss_v2=0, nll_loss=3.465, ntokens=320, nsentences=64, sample_size=320, sample_size_v1=0, sample_size_v2=0, ppl=11.05, wps=78.4, ups=0.24, wpb=320, bsz=64, num_updates=1290, lr=4.95355e-05, gnorm=5.276, clip=100, loss_scale=32, train_wall=41, gb_free=7.3, wall=6771
2023-04-08 15:36:19 - progress_bar.py[line:272] - INFO: epoch 001:   1304 / 1878 loss=4.483, loss_v1=0, loss_v2=0, nll_loss=3.467, ntokens=320, nsentences=64, sample_size=320, sample_size_v1=0, sample_size_v2=0, ppl=11.06, wps=78.4, ups=0.25, wpb=320, bsz=64, num_updates=1300, lr=4.95072e-05, gnorm=5.405, clip=100, loss_scale=32, train_wall=41, gb_free=7.3, wall=6812
2023-04-08 15:36:59 - progress_bar.py[line:272] - INFO: epoch 001:   1314 / 1878 loss=4.503, loss_v1=0, loss_v2=0, nll_loss=3.496, ntokens=320, nsentences=64, sample_size=320, sample_size_v1=0, sample_size_v2=0, ppl=11.28, wps=78.4, ups=0.24, wpb=320, bsz=64, num_updates=1310, lr=4.94789e-05, gnorm=6.125, clip=100, loss_scale=32, train_wall=41, gb_free=7.3, wall=6853
2023-04-08 15:37:40 - progress_bar.py[line:272] - INFO: epoch 001:   1324 / 1878 loss=4.474, loss_v1=0, loss_v2=0, nll_loss=3.456, ntokens=320, nsentences=64, sample_size=320, sample_size_v1=0, sample_size_v2=0, ppl=10.97, wps=78.5, ups=0.25, wpb=320, bsz=64, num_updates=1320, lr=4.94505e-05, gnorm=5.365, clip=100, loss_scale=32, train_wall=40, gb_free=7.3, wall=6893
2023-04-08 15:38:21 - progress_bar.py[line:272] - INFO: epoch 001:   1334 / 1878 loss=4.449, loss_v1=0, loss_v2=0, nll_loss=3.433, ntokens=320, nsentences=64, sample_size=320, sample_size_v1=0, sample_size_v2=0, ppl=10.8, wps=78.2, ups=0.24, wpb=320, bsz=64, num_updates=1330, lr=4.94222e-05, gnorm=5.708, clip=100, loss_scale=32, train_wall=41, gb_free=7.3, wall=6934
2023-04-08 15:39:02 - progress_bar.py[line:272] - INFO: epoch 001:   1344 / 1878 loss=4.425, loss_v1=0, loss_v2=0, nll_loss=3.412, ntokens=320, nsentences=64, sample_size=320, sample_size_v1=0, sample_size_v2=0, ppl=10.64, wps=78, ups=0.24, wpb=320, bsz=64, num_updates=1340, lr=4.93939e-05, gnorm=5.75, clip=100, loss_scale=32, train_wall=41, gb_free=7.3, wall=6975
2023-04-08 15:39:43 - progress_bar.py[line:272] - INFO: epoch 001:   1354 / 1878 loss=4.471, loss_v1=0, loss_v2=0, nll_loss=3.456, ntokens=320, nsentences=64, sample_size=320, sample_size_v1=0, sample_size_v2=0, ppl=10.97, wps=77.7, ups=0.24, wpb=320, bsz=64, num_updates=1350, lr=4.93656e-05, gnorm=5.493, clip=100, loss_scale=32, train_wall=41, gb_free=7.3, wall=7017
2023-04-08 15:40:24 - progress_bar.py[line:272] - INFO: epoch 001:   1364 / 1878 loss=4.42, loss_v1=0, loss_v2=0, nll_loss=3.397, ntokens=320, nsentences=64, sample_size=320, sample_size_v1=0, sample_size_v2=0, ppl=10.54, wps=78.1, ups=0.24, wpb=320, bsz=64, num_updates=1360, lr=4.93373e-05, gnorm=5.437, clip=100, loss_scale=32, train_wall=41, gb_free=7.3, wall=7057
2023-04-08 15:41:05 - progress_bar.py[line:272] - INFO: epoch 001:   1374 / 1878 loss=4.498, loss_v1=0, loss_v2=0, nll_loss=3.49, ntokens=320, nsentences=64, sample_size=320, sample_size_v1=0, sample_size_v2=0, ppl=11.23, wps=78, ups=0.24, wpb=320, bsz=64, num_updates=1370, lr=4.93089e-05, gnorm=5.897, clip=100, loss_scale=32, train_wall=41, gb_free=7.3, wall=7098
2023-04-08 15:41:46 - progress_bar.py[line:272] - INFO: epoch 001:   1384 / 1878 loss=4.452, loss_v1=0, loss_v2=0, nll_loss=3.432, ntokens=320, nsentences=64, sample_size=320, sample_size_v1=0, sample_size_v2=0, ppl=10.8, wps=77.9, ups=0.24, wpb=320, bsz=64, num_updates=1380, lr=4.92806e-05, gnorm=5.551, clip=100, loss_scale=32, train_wall=41, gb_free=7.3, wall=7140
2023-04-08 15:42:28 - progress_bar.py[line:272] - INFO: epoch 001:   1394 / 1878 loss=4.442, loss_v1=0, loss_v2=0, nll_loss=3.424, ntokens=320, nsentences=64, sample_size=320, sample_size_v1=0, sample_size_v2=0, ppl=10.74, wps=77.7, ups=0.24, wpb=320, bsz=64, num_updates=1390, lr=4.92523e-05, gnorm=6.569, clip=100, loss_scale=32, train_wall=41, gb_free=7.3, wall=7181
2023-04-08 15:43:08 - progress_bar.py[line:272] - INFO: epoch 001:   1404 / 1878 loss=4.4, loss_v1=0, loss_v2=0, nll_loss=3.378, ntokens=320, nsentences=64, sample_size=320, sample_size_v1=0, sample_size_v2=0, ppl=10.39, wps=78.3, ups=0.24, wpb=320, bsz=64, num_updates=1400, lr=4.9224e-05, gnorm=6.297, clip=100, loss_scale=32, train_wall=41, gb_free=7.3, wall=7222
2023-04-08 15:43:49 - progress_bar.py[line:272] - INFO: epoch 001:   1414 / 1878 loss=4.445, loss_v1=0, loss_v2=0, nll_loss=3.43, ntokens=320, nsentences=64, sample_size=320, sample_size_v1=0, sample_size_v2=0, ppl=10.77, wps=78.3, ups=0.24, wpb=320, bsz=64, num_updates=1410, lr=4.91956e-05, gnorm=5.861, clip=100, loss_scale=32, train_wall=41, gb_free=7.3, wall=7263
2023-04-08 15:44:30 - progress_bar.py[line:272] - INFO: epoch 001:   1424 / 1878 loss=4.428, loss_v1=0, loss_v2=0, nll_loss=3.404, ntokens=320, nsentences=64, sample_size=320, sample_size_v1=0, sample_size_v2=0, ppl=10.59, wps=78.5, ups=0.25, wpb=320, bsz=64, num_updates=1420, lr=4.91673e-05, gnorm=5.908, clip=100, loss_scale=32, train_wall=41, gb_free=7.3, wall=7303
2023-04-08 15:45:11 - progress_bar.py[line:272] - INFO: epoch 001:   1434 / 1878 loss=4.427, loss_v1=0, loss_v2=0, nll_loss=3.408, ntokens=320, nsentences=64, sample_size=320, sample_size_v1=0, sample_size_v2=0, ppl=10.61, wps=78, ups=0.24, wpb=320, bsz=64, num_updates=1430, lr=4.9139e-05, gnorm=6.128, clip=100, loss_scale=32, train_wall=41, gb_free=7.3, wall=7344
2023-04-08 15:45:52 - progress_bar.py[line:272] - INFO: epoch 001:   1444 / 1878 loss=4.374, loss_v1=0, loss_v2=0, nll_loss=3.344, ntokens=320, nsentences=64, sample_size=320, sample_size_v1=0, sample_size_v2=0, ppl=10.15, wps=78.7, ups=0.25, wpb=320, bsz=64, num_updates=1440, lr=4.91107e-05, gnorm=5.916, clip=100, loss_scale=32, train_wall=40, gb_free=7.3, wall=7385
2023-04-08 15:46:33 - progress_bar.py[line:272] - INFO: epoch 001:   1454 / 1878 loss=4.443, loss_v1=0, loss_v2=0, nll_loss=3.434, ntokens=320, nsentences=64, sample_size=320, sample_size_v1=0, sample_size_v2=0, ppl=10.81, wps=78.4, ups=0.25, wpb=320, bsz=64, num_updates=1450, lr=4.90824e-05, gnorm=5.582, clip=100, loss_scale=32, train_wall=41, gb_free=7.3, wall=7426
2023-04-08 15:47:13 - progress_bar.py[line:272] - INFO: epoch 001:   1464 / 1878 loss=4.471, loss_v1=0, loss_v2=0, nll_loss=3.455, ntokens=320, nsentences=64, sample_size=320, sample_size_v1=0, sample_size_v2=0, ppl=10.97, wps=78.5, ups=0.25, wpb=320, bsz=64, num_updates=1460, lr=4.9054e-05, gnorm=6.568, clip=100, loss_scale=32, train_wall=41, gb_free=7.3, wall=7466
2023-04-08 15:47:54 - progress_bar.py[line:272] - INFO: epoch 001:   1474 / 1878 loss=4.387, loss_v1=0, loss_v2=0, nll_loss=3.359, ntokens=320, nsentences=64, sample_size=320, sample_size_v1=0, sample_size_v2=0, ppl=10.26, wps=78.7, ups=0.25, wpb=320, bsz=64, num_updates=1470, lr=4.90257e-05, gnorm=5.572, clip=100, loss_scale=32, train_wall=41, gb_free=7.3, wall=7507
2023-04-08 15:48:35 - progress_bar.py[line:272] - INFO: epoch 001:   1484 / 1878 loss=4.41, loss_v1=0, loss_v2=0, nll_loss=3.388, ntokens=320, nsentences=64, sample_size=320, sample_size_v1=0, sample_size_v2=0, ppl=10.47, wps=78.7, ups=0.25, wpb=320, bsz=64, num_updates=1480, lr=4.89974e-05, gnorm=5.654, clip=100, loss_scale=32, train_wall=40, gb_free=7.3, wall=7548
2023-04-08 15:49:15 - progress_bar.py[line:272] - INFO: epoch 001:   1494 / 1878 loss=4.382, loss_v1=0, loss_v2=0, nll_loss=3.361, ntokens=320, nsentences=64, sample_size=320, sample_size_v1=0, sample_size_v2=0, ppl=10.27, wps=78.4, ups=0.24, wpb=320, bsz=64, num_updates=1490, lr=4.89691e-05, gnorm=5.569, clip=100, loss_scale=32, train_wall=41, gb_free=7.3, wall=7589
2023-04-08 15:49:56 - progress_bar.py[line:272] - INFO: epoch 001:   1504 / 1878 loss=4.374, loss_v1=0, loss_v2=0, nll_loss=3.348, ntokens=320, nsentences=64, sample_size=320, sample_size_v1=0, sample_size_v2=0, ppl=10.18, wps=78.8, ups=0.25, wpb=320, bsz=64, num_updates=1500, lr=4.89407e-05, gnorm=5.65, clip=100, loss_scale=32, train_wall=40, gb_free=7.3, wall=7629
2023-04-08 15:49:56 - train.py[line:445] - INFO: begin validation on "valid" subset
slice_id 0 seek offset 0
slice_id 1 seek offset 5379
slice_id 1 seek offset 5379
slice_id 0 seek offset 0
2023-04-08 16:01:12 - progress_bar.py[line:282] - INFO: epoch 001 | valid on 'valid' subset | loss 4.442 | loss_v1 0 | loss_v2 0 | nll_loss 3.412 | ntokens 39.993 | nsentences 7.999 | sample_size 39.993 | sample_size_v1 0 | sample_size_v2 0 | ppl 10.64 | score 0.4033 | wps 79.6 | wpb 40 | bsz 8 | num_updates 1500 | best_score 0.4586
2023-04-08 16:01:12 - checkpoint_utils.py[line:64] - INFO: Preparing to save checkpoint for epoch 1 @ 1500 updates
2023-04-08 16:01:12 - trainer.py[line:431] - INFO: Saving checkpoint to ./refcocoplus_EC_checkpoints_exp2/10_5e-5_512/checkpoint_1_1500.pt
2023-04-08 16:01:33 - trainer.py[line:441] - INFO: Finished saving checkpoint to ./refcocoplus_EC_checkpoints_exp2/10_5e-5_512/checkpoint_1_1500.pt
2023-04-08 16:01:42 - checkpoint_utils.py[line:133] - INFO: Saved checkpoint ./refcocoplus_EC_checkpoints_exp2/10_5e-5_512/checkpoint_1_1500.pt (epoch 1 @ 1500 updates, score 0.4033) (writing took 29.522331948392093 seconds)
2023-04-08 16:02:22 - progress_bar.py[line:272] - INFO: epoch 001:   1514 / 1878 loss=4.409, loss_v1=0, loss_v2=0, nll_loss=3.394, ntokens=320, nsentences=64, sample_size=320, sample_size_v1=0, sample_size_v2=0, ppl=10.51, wps=4.3, ups=0.01, wpb=320, bsz=64, num_updates=1510, lr=4.89124e-05, gnorm=5.618, clip=100, loss_scale=32, train_wall=40, gb_free=7.3, wall=8375
2023-04-08 16:03:03 - progress_bar.py[line:272] - INFO: epoch 001:   1524 / 1878 loss=4.372, loss_v1=0, loss_v2=0, nll_loss=3.344, ntokens=320, nsentences=64, sample_size=320, sample_size_v1=0, sample_size_v2=0, ppl=10.16, wps=78.1, ups=0.24, wpb=320, bsz=64, num_updates=1520, lr=4.88841e-05, gnorm=5.739, clip=100, loss_scale=32, train_wall=41, gb_free=7.3, wall=8416
2023-04-08 16:03:44 - progress_bar.py[line:272] - INFO: epoch 001:   1534 / 1878 loss=4.368, loss_v1=0, loss_v2=0, nll_loss=3.339, ntokens=320, nsentences=64, sample_size=320, sample_size_v1=0, sample_size_v2=0, ppl=10.12, wps=78.2, ups=0.24, wpb=320, bsz=64, num_updates=1530, lr=4.88558e-05, gnorm=5.569, clip=100, loss_scale=32, train_wall=40, gb_free=7.3, wall=8457
2023-04-08 16:04:25 - progress_bar.py[line:272] - INFO: epoch 001:   1544 / 1878 loss=4.404, loss_v1=0, loss_v2=0, nll_loss=3.385, ntokens=320, nsentences=64, sample_size=320, sample_size_v1=0, sample_size_v2=0, ppl=10.45, wps=78.1, ups=0.24, wpb=320, bsz=64, num_updates=1540, lr=4.88275e-05, gnorm=5.659, clip=100, loss_scale=64, train_wall=41, gb_free=7.3, wall=8498
2023-04-08 16:05:06 - progress_bar.py[line:272] - INFO: epoch 001:   1554 / 1878 loss=4.399, loss_v1=0, loss_v2=0, nll_loss=3.375, ntokens=320, nsentences=64, sample_size=320, sample_size_v1=0, sample_size_v2=0, ppl=10.37, wps=78.3, ups=0.24, wpb=320, bsz=64, num_updates=1550, lr=4.87991e-05, gnorm=5.327, clip=100, loss_scale=64, train_wall=41, gb_free=7.3, wall=8539
2023-04-08 16:05:47 - progress_bar.py[line:272] - INFO: epoch 001:   1564 / 1878 loss=4.394, loss_v1=0, loss_v2=0, nll_loss=3.374, ntokens=320, nsentences=64, sample_size=320, sample_size_v1=0, sample_size_v2=0, ppl=10.37, wps=77.9, ups=0.24, wpb=320, bsz=64, num_updates=1560, lr=4.87708e-05, gnorm=6.208, clip=100, loss_scale=64, train_wall=41, gb_free=7.3, wall=8580
2023-04-08 16:06:28 - progress_bar.py[line:272] - INFO: epoch 001:   1574 / 1878 loss=4.335, loss_v1=0, loss_v2=0, nll_loss=3.304, ntokens=320, nsentences=64, sample_size=320, sample_size_v1=0, sample_size_v2=0, ppl=9.88, wps=78, ups=0.24, wpb=320, bsz=64, num_updates=1570, lr=4.87425e-05, gnorm=5.379, clip=100, loss_scale=64, train_wall=41, gb_free=7.3, wall=8621
2023-04-08 16:07:09 - progress_bar.py[line:272] - INFO: epoch 001:   1584 / 1878 loss=4.411, loss_v1=0, loss_v2=0, nll_loss=3.388, ntokens=320, nsentences=64, sample_size=320, sample_size_v1=0, sample_size_v2=0, ppl=10.47, wps=78.2, ups=0.24, wpb=320, bsz=64, num_updates=1580, lr=4.87142e-05, gnorm=5.94, clip=100, loss_scale=64, train_wall=41, gb_free=7.3, wall=8662
2023-04-08 16:07:50 - progress_bar.py[line:272] - INFO: epoch 001:   1594 / 1878 loss=4.384, loss_v1=0, loss_v2=0, nll_loss=3.364, ntokens=320, nsentences=64, sample_size=320, sample_size_v1=0, sample_size_v2=0, ppl=10.3, wps=77.5, ups=0.24, wpb=320, bsz=64, num_updates=1590, lr=4.86859e-05, gnorm=5.325, clip=100, loss_scale=64, train_wall=41, gb_free=7.3, wall=8703
2023-04-08 16:08:31 - progress_bar.py[line:272] - INFO: epoch 001:   1604 / 1878 loss=4.327, loss_v1=0, loss_v2=0, nll_loss=3.29, ntokens=320, nsentences=64, sample_size=320, sample_size_v1=0, sample_size_v2=0, ppl=9.78, wps=77.8, ups=0.24, wpb=320, bsz=64, num_updates=1600, lr=4.86575e-05, gnorm=4.859, clip=100, loss_scale=64, train_wall=41, gb_free=7.3, wall=8745
2023-04-08 16:09:13 - progress_bar.py[line:272] - INFO: epoch 001:   1614 / 1878 loss=4.346, loss_v1=0, loss_v2=0, nll_loss=3.324, ntokens=320, nsentences=64, sample_size=320, sample_size_v1=0, sample_size_v2=0, ppl=10.02, wps=77.7, ups=0.24, wpb=320, bsz=64, num_updates=1610, lr=4.86292e-05, gnorm=4.974, clip=100, loss_scale=64, train_wall=41, gb_free=7.3, wall=8786
2023-04-08 16:09:53 - progress_bar.py[line:272] - INFO: epoch 001:   1624 / 1878 loss=4.405, loss_v1=0, loss_v2=0, nll_loss=3.384, ntokens=320, nsentences=64, sample_size=320, sample_size_v1=0, sample_size_v2=0, ppl=10.44, wps=78.6, ups=0.25, wpb=320, bsz=64, num_updates=1620, lr=4.86009e-05, gnorm=5.64, clip=100, loss_scale=64, train_wall=40, gb_free=7.3, wall=8826
2023-04-08 16:10:34 - progress_bar.py[line:272] - INFO: epoch 001:   1634 / 1878 loss=4.43, loss_v1=0, loss_v2=0, nll_loss=3.414, ntokens=320, nsentences=64, sample_size=320, sample_size_v1=0, sample_size_v2=0, ppl=10.66, wps=78.1, ups=0.24, wpb=320, bsz=64, num_updates=1630, lr=4.85726e-05, gnorm=5.656, clip=100, loss_scale=64, train_wall=41, gb_free=7.3, wall=8867
2023-04-08 16:11:15 - progress_bar.py[line:272] - INFO: epoch 001:   1644 / 1878 loss=4.408, loss_v1=0, loss_v2=0, nll_loss=3.395, ntokens=320, nsentences=64, sample_size=320, sample_size_v1=0, sample_size_v2=0, ppl=10.52, wps=78.4, ups=0.25, wpb=320, bsz=64, num_updates=1640, lr=4.85442e-05, gnorm=5.479, clip=100, loss_scale=64, train_wall=41, gb_free=7.3, wall=8908
2023-04-08 16:11:56 - progress_bar.py[line:272] - INFO: epoch 001:   1654 / 1878 loss=4.309, loss_v1=0, loss_v2=0, nll_loss=3.27, ntokens=320, nsentences=64, sample_size=320, sample_size_v1=0, sample_size_v2=0, ppl=9.65, wps=78.7, ups=0.25, wpb=320, bsz=64, num_updates=1650, lr=4.85159e-05, gnorm=5.307, clip=100, loss_scale=64, train_wall=40, gb_free=7.3, wall=8949
2023-04-08 16:12:37 - progress_bar.py[line:272] - INFO: epoch 001:   1664 / 1878 loss=4.366, loss_v1=0, loss_v2=0, nll_loss=3.343, ntokens=320, nsentences=64, sample_size=320, sample_size_v1=0, sample_size_v2=0, ppl=10.15, wps=78.3, ups=0.24, wpb=320, bsz=64, num_updates=1660, lr=4.84876e-05, gnorm=5.202, clip=100, loss_scale=64, train_wall=41, gb_free=7.3, wall=8990
2023-04-08 16:13:17 - progress_bar.py[line:272] - INFO: epoch 001:   1674 / 1878 loss=4.367, loss_v1=0, loss_v2=0, nll_loss=3.342, ntokens=320, nsentences=64, sample_size=320, sample_size_v1=0, sample_size_v2=0, ppl=10.14, wps=78.1, ups=0.24, wpb=320, bsz=64, num_updates=1670, lr=4.84593e-05, gnorm=5.415, clip=100, loss_scale=64, train_wall=41, gb_free=7.3, wall=9031
2023-04-08 16:13:59 - progress_bar.py[line:272] - INFO: epoch 001:   1684 / 1878 loss=4.376, loss_v1=0, loss_v2=0, nll_loss=3.355, ntokens=320, nsentences=64, sample_size=320, sample_size_v1=0, sample_size_v2=0, ppl=10.23, wps=77.7, ups=0.24, wpb=320, bsz=64, num_updates=1680, lr=4.8431e-05, gnorm=5.311, clip=100, loss_scale=64, train_wall=41, gb_free=7.3, wall=9072
2023-04-08 16:14:40 - progress_bar.py[line:272] - INFO: epoch 001:   1694 / 1878 loss=4.375, loss_v1=0, loss_v2=0, nll_loss=3.355, ntokens=320, nsentences=64, sample_size=320, sample_size_v1=0, sample_size_v2=0, ppl=10.23, wps=77.9, ups=0.24, wpb=320, bsz=64, num_updates=1690, lr=4.84026e-05, gnorm=4.902, clip=100, loss_scale=64, train_wall=41, gb_free=7.3, wall=9113
2023-04-08 16:15:21 - progress_bar.py[line:272] - INFO: epoch 001:   1704 / 1878 loss=4.413, loss_v1=0, loss_v2=0, nll_loss=3.392, ntokens=320, nsentences=64, sample_size=320, sample_size_v1=0, sample_size_v2=0, ppl=10.5, wps=77.9, ups=0.24, wpb=320, bsz=64, num_updates=1700, lr=4.83743e-05, gnorm=5.992, clip=100, loss_scale=64, train_wall=41, gb_free=7.3, wall=9154
2023-04-08 16:16:02 - progress_bar.py[line:272] - INFO: epoch 001:   1714 / 1878 loss=4.321, loss_v1=0, loss_v2=0, nll_loss=3.29, ntokens=320, nsentences=64, sample_size=320, sample_size_v1=0, sample_size_v2=0, ppl=9.78, wps=78.6, ups=0.25, wpb=320, bsz=64, num_updates=1710, lr=4.8346e-05, gnorm=6.434, clip=100, loss_scale=64, train_wall=40, gb_free=7.3, wall=9195
2023-04-08 16:16:42 - progress_bar.py[line:272] - INFO: epoch 001:   1724 / 1878 loss=4.329, loss_v1=0, loss_v2=0, nll_loss=3.298, ntokens=320, nsentences=64, sample_size=320, sample_size_v1=0, sample_size_v2=0, ppl=9.83, wps=78.7, ups=0.25, wpb=320, bsz=64, num_updates=1720, lr=4.83177e-05, gnorm=6.314, clip=100, loss_scale=64, train_wall=40, gb_free=7.3, wall=9235
2023-04-08 16:17:23 - progress_bar.py[line:272] - INFO: epoch 001:   1734 / 1878 loss=4.307, loss_v1=0, loss_v2=0, nll_loss=3.283, ntokens=320, nsentences=64, sample_size=320, sample_size_v1=0, sample_size_v2=0, ppl=9.73, wps=78.5, ups=0.25, wpb=320, bsz=64, num_updates=1730, lr=4.82893e-05, gnorm=5.681, clip=100, loss_scale=64, train_wall=41, gb_free=7.3, wall=9276
2023-04-08 16:18:04 - progress_bar.py[line:272] - INFO: epoch 001:   1744 / 1878 loss=4.356, loss_v1=0, loss_v2=0, nll_loss=3.324, ntokens=320, nsentences=64, sample_size=320, sample_size_v1=0, sample_size_v2=0, ppl=10.01, wps=78.7, ups=0.25, wpb=320, bsz=64, num_updates=1740, lr=4.8261e-05, gnorm=6.195, clip=100, loss_scale=64, train_wall=40, gb_free=7.3, wall=9317
2023-04-08 16:18:45 - progress_bar.py[line:272] - INFO: epoch 001:   1754 / 1878 loss=4.341, loss_v1=0, loss_v2=0, nll_loss=3.322, ntokens=320, nsentences=64, sample_size=320, sample_size_v1=0, sample_size_v2=0, ppl=10, wps=78.2, ups=0.24, wpb=320, bsz=64, num_updates=1750, lr=4.82327e-05, gnorm=5.409, clip=100, loss_scale=64, train_wall=41, gb_free=7.3, wall=9358
2023-04-08 16:19:25 - progress_bar.py[line:272] - INFO: epoch 001:   1764 / 1878 loss=4.31, loss_v1=0, loss_v2=0, nll_loss=3.266, ntokens=320, nsentences=64, sample_size=320, sample_size_v1=0, sample_size_v2=0, ppl=9.62, wps=78.7, ups=0.25, wpb=320, bsz=64, num_updates=1760, lr=4.82044e-05, gnorm=5.671, clip=100, loss_scale=64, train_wall=40, gb_free=7.3, wall=9398
2023-04-08 16:20:06 - progress_bar.py[line:272] - INFO: epoch 001:   1774 / 1878 loss=4.349, loss_v1=0, loss_v2=0, nll_loss=3.331, ntokens=320, nsentences=64, sample_size=320, sample_size_v1=0, sample_size_v2=0, ppl=10.07, wps=78.5, ups=0.25, wpb=320, bsz=64, num_updates=1770, lr=4.81761e-05, gnorm=5.607, clip=100, loss_scale=64, train_wall=40, gb_free=7.3, wall=9439
2023-04-08 16:20:47 - progress_bar.py[line:272] - INFO: epoch 001:   1784 / 1878 loss=4.336, loss_v1=0, loss_v2=0, nll_loss=3.305, ntokens=320, nsentences=64, sample_size=320, sample_size_v1=0, sample_size_v2=0, ppl=9.88, wps=77.9, ups=0.24, wpb=320, bsz=64, num_updates=1780, lr=4.81477e-05, gnorm=5.56, clip=100, loss_scale=64, train_wall=41, gb_free=7.3, wall=9480
2023-04-08 16:21:28 - progress_bar.py[line:272] - INFO: epoch 001:   1794 / 1878 loss=4.311, loss_v1=0, loss_v2=0, nll_loss=3.28, ntokens=320, nsentences=64, sample_size=320, sample_size_v1=0, sample_size_v2=0, ppl=9.72, wps=77.7, ups=0.24, wpb=320, bsz=64, num_updates=1790, lr=4.81194e-05, gnorm=6.024, clip=100, loss_scale=64, train_wall=41, gb_free=7.3, wall=9521
2023-04-08 16:22:09 - progress_bar.py[line:272] - INFO: epoch 001:   1804 / 1878 loss=4.406, loss_v1=0, loss_v2=0, nll_loss=3.387, ntokens=320, nsentences=64, sample_size=320, sample_size_v1=0, sample_size_v2=0, ppl=10.46, wps=78.3, ups=0.24, wpb=320, bsz=64, num_updates=1800, lr=4.80911e-05, gnorm=5.521, clip=100, loss_scale=64, train_wall=41, gb_free=7.3, wall=9562
2023-04-08 16:22:50 - progress_bar.py[line:272] - INFO: epoch 001:   1814 / 1878 loss=4.331, loss_v1=0, loss_v2=0, nll_loss=3.303, ntokens=320, nsentences=64, sample_size=320, sample_size_v1=0, sample_size_v2=0, ppl=9.87, wps=78.2, ups=0.24, wpb=320, bsz=64, num_updates=1810, lr=4.80628e-05, gnorm=5.006, clip=100, loss_scale=64, train_wall=41, gb_free=7.3, wall=9603
2023-04-08 16:23:31 - progress_bar.py[line:272] - INFO: epoch 001:   1824 / 1878 loss=4.318, loss_v1=0, loss_v2=0, nll_loss=3.292, ntokens=320, nsentences=64, sample_size=320, sample_size_v1=0, sample_size_v2=0, ppl=9.79, wps=78.6, ups=0.25, wpb=320, bsz=64, num_updates=1820, lr=4.80344e-05, gnorm=4.815, clip=100, loss_scale=64, train_wall=41, gb_free=7.3, wall=9644
2023-04-08 16:24:12 - progress_bar.py[line:272] - INFO: epoch 001:   1834 / 1878 loss=4.321, loss_v1=0, loss_v2=0, nll_loss=3.292, ntokens=320, nsentences=64, sample_size=320, sample_size_v1=0, sample_size_v2=0, ppl=9.8, wps=78.2, ups=0.24, wpb=320, bsz=64, num_updates=1830, lr=4.80061e-05, gnorm=5.584, clip=100, loss_scale=64, train_wall=41, gb_free=7.3, wall=9685
2023-04-08 16:24:53 - progress_bar.py[line:272] - INFO: epoch 001:   1844 / 1878 loss=4.323, loss_v1=0, loss_v2=0, nll_loss=3.295, ntokens=320, nsentences=64, sample_size=320, sample_size_v1=0, sample_size_v2=0, ppl=9.81, wps=78.3, ups=0.24, wpb=320, bsz=64, num_updates=1840, lr=4.79778e-05, gnorm=5.597, clip=100, loss_scale=64, train_wall=41, gb_free=7.3, wall=9726
2023-04-08 16:25:34 - progress_bar.py[line:272] - INFO: epoch 001:   1854 / 1878 loss=4.337, loss_v1=0, loss_v2=0, nll_loss=3.312, ntokens=320, nsentences=64, sample_size=320, sample_size_v1=0, sample_size_v2=0, ppl=9.93, wps=78, ups=0.24, wpb=320, bsz=64, num_updates=1850, lr=4.79495e-05, gnorm=5.626, clip=100, loss_scale=64, train_wall=41, gb_free=7.3, wall=9767
2023-04-08 16:26:14 - progress_bar.py[line:272] - INFO: epoch 001:   1864 / 1878 loss=4.325, loss_v1=0, loss_v2=0, nll_loss=3.295, ntokens=320, nsentences=64, sample_size=320, sample_size_v1=0, sample_size_v2=0, ppl=9.81, wps=78.1, ups=0.24, wpb=320, bsz=64, num_updates=1860, lr=4.79212e-05, gnorm=5.651, clip=100, loss_scale=64, train_wall=41, gb_free=7.3, wall=9808
2023-04-08 16:26:56 - progress_bar.py[line:272] - INFO: epoch 001:   1874 / 1878 loss=4.309, loss_v1=0, loss_v2=0, nll_loss=3.282, ntokens=320, nsentences=64, sample_size=320, sample_size_v1=0, sample_size_v2=0, ppl=9.73, wps=77.8, ups=0.24, wpb=320, bsz=64, num_updates=1870, lr=4.78928e-05, gnorm=5.609, clip=100, loss_scale=64, train_wall=41, gb_free=7.3, wall=9849
2023-04-08 16:27:11 - train.py[line:445] - INFO: begin validation on "valid" subset
slice_id 0 seek offset 0
slice_id 1 seek offset 5379
slice_id 0 seek offset 0
slice_id 1 seek offset 5379
2023-04-08 16:38:26 - progress_bar.py[line:282] - INFO: epoch 001 | valid on 'valid' subset | loss 4.394 | loss_v1 0 | loss_v2 0 | nll_loss 3.361 | ntokens 39.993 | nsentences 7.999 | sample_size 39.993 | sample_size_v1 0 | sample_size_v2 0 | ppl 10.27 | score 0.3899 | wps 79.7 | wpb 40 | bsz 8 | num_updates 1874 | best_score 0.4586
local datafile ../../dataset/refcocoplus_data/refcocoplus_train_EC.tsv slice_id 1 begin to initialize row_count and line_idx-to-offset mapping
2023-04-08 16:38:26 - checkpoint_utils.py[line:64] - INFO: Preparing to save checkpoint for epoch 1 @ 1874 updates
2023-04-08 16:38:26 - trainer.py[line:431] - INFO: Saving checkpoint to ./refcocoplus_EC_checkpoints_exp2/10_5e-5_512/checkpoint_last.pt
2023-04-08 16:38:41 - trainer.py[line:441] - INFO: Finished saving checkpoint to ./refcocoplus_EC_checkpoints_exp2/10_5e-5_512/checkpoint_last.pt
2023-04-08 16:38:41 - checkpoint_utils.py[line:133] - INFO: Saved checkpoint ./refcocoplus_EC_checkpoints_exp2/10_5e-5_512/checkpoint_last.pt (epoch 1 @ 1874 updates, score 0.3899) (writing took 15.397388184443116 seconds)
2023-04-08 16:38:41 - train.py[line:332] - INFO: end of epoch 1 (average epoch stats below)
2023-04-08 16:38:42 - progress_bar.py[line:282] - INFO: epoch 001 | loss 4.908 | loss_v1 0 | loss_v2 0 | nll_loss 3.894 | ntokens 319.997 | nsentences 63.999 | sample_size 319.997 | sample_size_v1 0 | sample_size_v2 0 | ppl 14.87 | wps 57.1 | ups 0.18 | wpb 320 | bsz 64 | num_updates 1874 | lr 4.78815e-05 | gnorm 7.108 | clip 100 | loss_scale 64 | train_wall 7648 | gb_free 7.3 | wall 10555
2023-04-08 16:38:42 - trainer.py[line:639] - INFO: loading train data for epoch 2
local datafile ../../dataset/refcocoplus_data/refcocoplus_train_EC.tsv slice_id 0 begin to initialize row_count and line_idx-to-offset mapping
local datafile ../../dataset/refcocoplus_data/refcocoplus_train_EC.tsv slice_id 1 finished initializing row_count and line_idx-to-offset mapping
file ../../dataset/refcocoplus_data/refcocoplus_train_EC.tsv slice_id 1 row count 60095 total row count 120191
slice_id 1 seek offset 60096
local datafile ../../dataset/refcocoplus_data/refcocoplus_train_EC.tsv slice_id 0 finished initializing row_count and line_idx-to-offset mapping
file ../../dataset/refcocoplus_data/refcocoplus_train_EC.tsv slice_id 0 row count 60096 total row count 120191
slice_id 0 seek offset 0
2023-04-08 16:38:56 - trainer.py[line:703] - INFO: begin training epoch 2
2023-04-08 16:38:56 - train.py[line:305] - INFO: Start iterating over samples
2023-04-08 16:39:21 - progress_bar.py[line:272] - INFO: epoch 002:      6 / 1878 loss=4.32, loss_v1=0, loss_v2=0, nll_loss=3.289, ntokens=320, nsentences=64, sample_size=320, sample_size_v1=0, sample_size_v2=0, ppl=9.78, wps=4.3, ups=0.01, wpb=320, bsz=64, num_updates=1880, lr=4.78645e-05, gnorm=5.338, clip=100, loss_scale=64, train_wall=39, gb_free=7.3, wall=10594
2023-04-08 16:40:01 - progress_bar.py[line:272] - INFO: epoch 002:     16 / 1878 loss=4.324, loss_v1=0, loss_v2=0, nll_loss=3.3, ntokens=320, nsentences=64, sample_size=320, sample_size_v1=0, sample_size_v2=0, ppl=9.85, wps=78.4, ups=0.25, wpb=320, bsz=64, num_updates=1890, lr=4.78362e-05, gnorm=6.187, clip=100, loss_scale=64, train_wall=41, gb_free=7.3, wall=10635
2023-04-08 16:40:42 - progress_bar.py[line:272] - INFO: epoch 002:     26 / 1878 loss=4.35, loss_v1=0, loss_v2=0, nll_loss=3.33, ntokens=320, nsentences=64, sample_size=320, sample_size_v1=0, sample_size_v2=0, ppl=10.06, wps=78.8, ups=0.25, wpb=320, bsz=64, num_updates=1900, lr=4.78079e-05, gnorm=6.121, clip=100, loss_scale=64, train_wall=40, gb_free=7.3, wall=10675
2023-04-08 16:41:23 - progress_bar.py[line:272] - INFO: epoch 002:     36 / 1878 loss=4.305, loss_v1=0, loss_v2=0, nll_loss=3.269, ntokens=320, nsentences=64, sample_size=320, sample_size_v1=0, sample_size_v2=0, ppl=9.64, wps=78.3, ups=0.24, wpb=320, bsz=64, num_updates=1910, lr=4.77795e-05, gnorm=5.874, clip=100, loss_scale=64, train_wall=41, gb_free=7.3, wall=10716
2023-04-08 16:42:04 - progress_bar.py[line:272] - INFO: epoch 002:     46 / 1878 loss=4.336, loss_v1=0, loss_v2=0, nll_loss=3.313, ntokens=320, nsentences=64, sample_size=320, sample_size_v1=0, sample_size_v2=0, ppl=9.94, wps=78.4, ups=0.24, wpb=320, bsz=64, num_updates=1920, lr=4.77512e-05, gnorm=5.896, clip=100, loss_scale=64, train_wall=41, gb_free=7.3, wall=10757
2023-04-08 16:42:45 - progress_bar.py[line:272] - INFO: epoch 002:     56 / 1878 loss=4.366, loss_v1=0, loss_v2=0, nll_loss=3.349, ntokens=320, nsentences=64, sample_size=320, sample_size_v1=0, sample_size_v2=0, ppl=10.19, wps=78.4, ups=0.24, wpb=320, bsz=64, num_updates=1930, lr=4.77229e-05, gnorm=5.863, clip=100, loss_scale=64, train_wall=41, gb_free=7.3, wall=10798
2023-04-08 16:43:25 - progress_bar.py[line:272] - INFO: epoch 002:     66 / 1878 loss=4.321, loss_v1=0, loss_v2=0, nll_loss=3.288, ntokens=320, nsentences=64, sample_size=320, sample_size_v1=0, sample_size_v2=0, ppl=9.77, wps=78.2, ups=0.24, wpb=320, bsz=64, num_updates=1940, lr=4.76946e-05, gnorm=6.183, clip=100, loss_scale=64, train_wall=41, gb_free=7.3, wall=10839
2023-04-08 16:44:07 - progress_bar.py[line:272] - INFO: epoch 002:     76 / 1878 loss=4.366, loss_v1=0, loss_v2=0, nll_loss=3.352, ntokens=320, nsentences=64, sample_size=320, sample_size_v1=0, sample_size_v2=0, ppl=10.21, wps=77.9, ups=0.24, wpb=320, bsz=64, num_updates=1950, lr=4.76663e-05, gnorm=6.116, clip=100, loss_scale=64, train_wall=41, gb_free=7.3, wall=10880
2023-04-08 16:44:47 - progress_bar.py[line:272] - INFO: epoch 002:     86 / 1878 loss=4.287, loss_v1=0, loss_v2=0, nll_loss=3.248, ntokens=320, nsentences=64, sample_size=320, sample_size_v1=0, sample_size_v2=0, ppl=9.5, wps=78.2, ups=0.24, wpb=320, bsz=64, num_updates=1960, lr=4.76379e-05, gnorm=5.926, clip=100, loss_scale=64, train_wall=41, gb_free=7.3, wall=10921
2023-04-08 16:45:28 - progress_bar.py[line:272] - INFO: epoch 002:     96 / 1878 loss=4.341, loss_v1=0, loss_v2=0, nll_loss=3.32, ntokens=320, nsentences=64, sample_size=320, sample_size_v1=0, sample_size_v2=0, ppl=9.99, wps=78.3, ups=0.24, wpb=320, bsz=64, num_updates=1970, lr=4.76096e-05, gnorm=6.497, clip=100, loss_scale=64, train_wall=41, gb_free=7.3, wall=10962
2023-04-08 16:46:09 - progress_bar.py[line:272] - INFO: epoch 002:    106 / 1878 loss=4.311, loss_v1=0, loss_v2=0, nll_loss=3.283, ntokens=320, nsentences=64, sample_size=320, sample_size_v1=0, sample_size_v2=0, ppl=9.73, wps=77.9, ups=0.24, wpb=320, bsz=64, num_updates=1980, lr=4.75813e-05, gnorm=5.94, clip=100, loss_scale=64, train_wall=41, gb_free=7.3, wall=11003
2023-04-08 16:46:50 - progress_bar.py[line:272] - INFO: epoch 002:    116 / 1878 loss=4.285, loss_v1=0, loss_v2=0, nll_loss=3.247, ntokens=320, nsentences=64, sample_size=320, sample_size_v1=0, sample_size_v2=0, ppl=9.49, wps=78.5, ups=0.25, wpb=320, bsz=64, num_updates=1990, lr=4.7553e-05, gnorm=6.655, clip=100, loss_scale=64, train_wall=40, gb_free=7.3, wall=11043
2023-04-08 16:47:31 - progress_bar.py[line:272] - INFO: epoch 002:    126 / 1878 loss=4.292, loss_v1=0, loss_v2=0, nll_loss=3.268, ntokens=320, nsentences=64, sample_size=320, sample_size_v1=0, sample_size_v2=0, ppl=9.64, wps=78.5, ups=0.25, wpb=320, bsz=64, num_updates=2000, lr=4.75246e-05, gnorm=6.035, clip=100, loss_scale=64, train_wall=41, gb_free=7.3, wall=11084
2023-04-08 16:47:31 - train.py[line:445] - INFO: begin validation on "valid" subset
slice_id 0 seek offset 0
slice_id 1 seek offset 5379
slice_id 0 seek offset 0
slice_id 1 seek offset 5379
2023-04-08 16:58:47 - progress_bar.py[line:282] - INFO: epoch 002 | valid on 'valid' subset | loss 4.389 | loss_v1 0 | loss_v2 0 | nll_loss 3.366 | ntokens 39.993 | nsentences 7.999 | sample_size 39.993 | sample_size_v1 0 | sample_size_v2 0 | ppl 10.31 | score 0.3776 | wps 79.6 | wpb 40 | bsz 8 | num_updates 2000 | best_score 0.4586
2023-04-08 16:58:47 - checkpoint_utils.py[line:64] - INFO: Preparing to save checkpoint for epoch 2 @ 2000 updates
2023-04-08 16:58:47 - trainer.py[line:431] - INFO: Saving checkpoint to ./refcocoplus_EC_checkpoints_exp2/10_5e-5_512/checkpoint_2_2000.pt
2023-04-08 16:59:06 - trainer.py[line:441] - INFO: Finished saving checkpoint to ./refcocoplus_EC_checkpoints_exp2/10_5e-5_512/checkpoint_2_2000.pt
2023-04-08 16:59:16 - checkpoint_utils.py[line:133] - INFO: Saved checkpoint ./refcocoplus_EC_checkpoints_exp2/10_5e-5_512/checkpoint_2_2000.pt (epoch 2 @ 2000 updates, score 0.3776) (writing took 29.438662282191217 seconds)
2023-04-08 16:59:56 - progress_bar.py[line:272] - INFO: epoch 002:    136 / 1878 loss=4.312, loss_v1=0, loss_v2=0, nll_loss=3.285, ntokens=320, nsentences=64, sample_size=320, sample_size_v1=0, sample_size_v2=0, ppl=9.75, wps=4.3, ups=0.01, wpb=320, bsz=64, num_updates=2010, lr=4.74963e-05, gnorm=5.897, clip=100, loss_scale=64, train_wall=40, gb_free=7.3, wall=11830
2023-04-08 17:00:37 - progress_bar.py[line:272] - INFO: epoch 002:    146 / 1878 loss=4.275, loss_v1=0, loss_v2=0, nll_loss=3.234, ntokens=320, nsentences=64, sample_size=320, sample_size_v1=0, sample_size_v2=0, ppl=9.41, wps=78.3, ups=0.24, wpb=320, bsz=64, num_updates=2020, lr=4.7468e-05, gnorm=6.217, clip=100, loss_scale=64, train_wall=41, gb_free=7.3, wall=11870
2023-04-08 17:01:18 - progress_bar.py[line:272] - INFO: epoch 002:    156 / 1878 loss=4.264, loss_v1=0, loss_v2=0, nll_loss=3.233, ntokens=320, nsentences=64, sample_size=320, sample_size_v1=0, sample_size_v2=0, ppl=9.41, wps=78.4, ups=0.25, wpb=320, bsz=64, num_updates=2030, lr=4.74397e-05, gnorm=6.617, clip=100, loss_scale=64, train_wall=40, gb_free=7.3, wall=11911
2023-04-08 17:01:59 - progress_bar.py[line:272] - INFO: epoch 002:    166 / 1878 loss=4.246, loss_v1=0, loss_v2=0, nll_loss=3.209, ntokens=320, nsentences=64, sample_size=320, sample_size_v1=0, sample_size_v2=0, ppl=9.25, wps=78, ups=0.24, wpb=320, bsz=64, num_updates=2040, lr=4.74114e-05, gnorm=6.115, clip=100, loss_scale=64, train_wall=41, gb_free=7.3, wall=11952
2023-04-08 17:02:40 - progress_bar.py[line:272] - INFO: epoch 002:    176 / 1878 loss=4.314, loss_v1=0, loss_v2=0, nll_loss=3.281, ntokens=320, nsentences=64, sample_size=320, sample_size_v1=0, sample_size_v2=0, ppl=9.72, wps=78.3, ups=0.24, wpb=320, bsz=64, num_updates=2050, lr=4.7383e-05, gnorm=5.808, clip=100, loss_scale=128, train_wall=41, gb_free=7.3, wall=11993
2023-04-08 17:03:21 - progress_bar.py[line:272] - INFO: epoch 002:    186 / 1878 loss=4.316, loss_v1=0, loss_v2=0, nll_loss=3.292, ntokens=320, nsentences=64, sample_size=320, sample_size_v1=0, sample_size_v2=0, ppl=9.8, wps=78.1, ups=0.24, wpb=320, bsz=64, num_updates=2060, lr=4.73547e-05, gnorm=6.559, clip=100, loss_scale=128, train_wall=41, gb_free=7.3, wall=12034
2023-04-08 17:04:02 - progress_bar.py[line:272] - INFO: epoch 002:    196 / 1878 loss=4.258, loss_v1=0, loss_v2=0, nll_loss=3.227, ntokens=320, nsentences=64, sample_size=320, sample_size_v1=0, sample_size_v2=0, ppl=9.36, wps=78.3, ups=0.24, wpb=320, bsz=64, num_updates=2070, lr=4.73264e-05, gnorm=5.836, clip=100, loss_scale=128, train_wall=41, gb_free=7.3, wall=12075
2023-04-08 17:04:43 - progress_bar.py[line:272] - INFO: epoch 002:    206 / 1878 loss=4.346, loss_v1=0, loss_v2=0, nll_loss=3.325, ntokens=320, nsentences=64, sample_size=320, sample_size_v1=0, sample_size_v2=0, ppl=10.02, wps=78.1, ups=0.24, wpb=320, bsz=64, num_updates=2080, lr=4.72981e-05, gnorm=5.875, clip=100, loss_scale=128, train_wall=41, gb_free=7.3, wall=12116
2023-04-08 17:05:24 - progress_bar.py[line:272] - INFO: epoch 002:    216 / 1878 loss=4.28, loss_v1=0, loss_v2=0, nll_loss=3.246, ntokens=320, nsentences=64, sample_size=320, sample_size_v1=0, sample_size_v2=0, ppl=9.49, wps=78.3, ups=0.24, wpb=320, bsz=64, num_updates=2090, lr=4.72697e-05, gnorm=6.444, clip=100, loss_scale=128, train_wall=41, gb_free=7.3, wall=12157
2023-04-08 17:06:04 - progress_bar.py[line:272] - INFO: epoch 002:    226 / 1878 loss=4.294, loss_v1=0, loss_v2=0, nll_loss=3.264, ntokens=320, nsentences=64, sample_size=320, sample_size_v1=0, sample_size_v2=0, ppl=9.61, wps=78.4, ups=0.25, wpb=320, bsz=64, num_updates=2100, lr=4.72414e-05, gnorm=6.161, clip=100, loss_scale=128, train_wall=41, gb_free=7.3, wall=12198
2023-04-08 17:06:45 - progress_bar.py[line:272] - INFO: epoch 002:    236 / 1878 loss=4.271, loss_v1=0, loss_v2=0, nll_loss=3.238, ntokens=320, nsentences=64, sample_size=320, sample_size_v1=0, sample_size_v2=0, ppl=9.44, wps=78.4, ups=0.25, wpb=320, bsz=64, num_updates=2110, lr=4.72131e-05, gnorm=6.125, clip=100, loss_scale=128, train_wall=41, gb_free=7.3, wall=12238
2023-04-08 17:07:26 - progress_bar.py[line:272] - INFO: epoch 002:    246 / 1878 loss=4.296, loss_v1=0, loss_v2=0, nll_loss=3.266, ntokens=320, nsentences=64, sample_size=320, sample_size_v1=0, sample_size_v2=0, ppl=9.62, wps=78.2, ups=0.24, wpb=320, bsz=64, num_updates=2120, lr=4.71848e-05, gnorm=6.037, clip=100, loss_scale=128, train_wall=41, gb_free=7.3, wall=12279
2023-04-08 17:08:07 - progress_bar.py[line:272] - INFO: epoch 002:    256 / 1878 loss=4.28, loss_v1=0, loss_v2=0, nll_loss=3.254, ntokens=320, nsentences=64, sample_size=320, sample_size_v1=0, sample_size_v2=0, ppl=9.54, wps=78.7, ups=0.25, wpb=320, bsz=64, num_updates=2130, lr=4.71565e-05, gnorm=6.891, clip=100, loss_scale=128, train_wall=40, gb_free=7.3, wall=12320
2023-04-08 17:08:48 - progress_bar.py[line:272] - INFO: epoch 002:    266 / 1878 loss=4.206, loss_v1=0, loss_v2=0, nll_loss=3.155, ntokens=320, nsentences=64, sample_size=320, sample_size_v1=0, sample_size_v2=0, ppl=8.91, wps=78.4, ups=0.24, wpb=320, bsz=64, num_updates=2140, lr=4.71281e-05, gnorm=5.486, clip=100, loss_scale=128, train_wall=40, gb_free=7.3, wall=12361
2023-04-08 17:09:28 - progress_bar.py[line:272] - INFO: epoch 002:    276 / 1878 loss=4.195, loss_v1=0, loss_v2=0, nll_loss=3.159, ntokens=320, nsentences=64, sample_size=320, sample_size_v1=0, sample_size_v2=0, ppl=8.93, wps=78.3, ups=0.24, wpb=320, bsz=64, num_updates=2150, lr=4.70998e-05, gnorm=5.955, clip=100, loss_scale=128, train_wall=41, gb_free=7.3, wall=12402
2023-04-08 17:10:09 - progress_bar.py[line:272] - INFO: epoch 002:    286 / 1878 loss=4.298, loss_v1=0, loss_v2=0, nll_loss=3.273, ntokens=320, nsentences=64, sample_size=320, sample_size_v1=0, sample_size_v2=0, ppl=9.67, wps=78.2, ups=0.24, wpb=320, bsz=64, num_updates=2160, lr=4.70715e-05, gnorm=7.661, clip=100, loss_scale=128, train_wall=41, gb_free=7.3, wall=12443
2023-04-08 17:10:50 - progress_bar.py[line:272] - INFO: epoch 002:    296 / 1878 loss=4.306, loss_v1=0, loss_v2=0, nll_loss=3.282, ntokens=320, nsentences=64, sample_size=320, sample_size_v1=0, sample_size_v2=0, ppl=9.73, wps=78.2, ups=0.24, wpb=320, bsz=64, num_updates=2170, lr=4.70432e-05, gnorm=6.502, clip=100, loss_scale=128, train_wall=41, gb_free=7.3, wall=12483
2023-04-08 17:11:33 - progress_bar.py[line:272] - INFO: epoch 002:    306 / 1878 loss=4.225, loss_v1=0, loss_v2=0, nll_loss=3.185, ntokens=320, nsentences=64, sample_size=320, sample_size_v1=0, sample_size_v2=0, ppl=9.1, wps=75.7, ups=0.24, wpb=320, bsz=64, num_updates=2180, lr=4.70148e-05, gnorm=6.301, clip=100, loss_scale=128, train_wall=42, gb_free=7.3, wall=12526
2023-04-08 17:12:13 - progress_bar.py[line:272] - INFO: epoch 002:    316 / 1878 loss=4.206, loss_v1=0, loss_v2=0, nll_loss=3.16, ntokens=320, nsentences=64, sample_size=320, sample_size_v1=0, sample_size_v2=0, ppl=8.94, wps=78.3, ups=0.24, wpb=320, bsz=64, num_updates=2190, lr=4.69865e-05, gnorm=6.272, clip=100, loss_scale=128, train_wall=41, gb_free=7.3, wall=12567
2023-04-08 17:12:54 - progress_bar.py[line:272] - INFO: epoch 002:    326 / 1878 loss=4.257, loss_v1=0, loss_v2=0, nll_loss=3.227, ntokens=320, nsentences=64, sample_size=320, sample_size_v1=0, sample_size_v2=0, ppl=9.36, wps=78.5, ups=0.25, wpb=320, bsz=64, num_updates=2200, lr=4.69582e-05, gnorm=5.887, clip=100, loss_scale=128, train_wall=41, gb_free=7.3, wall=12607
2023-04-08 17:13:35 - progress_bar.py[line:272] - INFO: epoch 002:    336 / 1878 loss=4.257, loss_v1=0, loss_v2=0, nll_loss=3.226, ntokens=320, nsentences=64, sample_size=320, sample_size_v1=0, sample_size_v2=0, ppl=9.35, wps=78.5, ups=0.25, wpb=320, bsz=64, num_updates=2210, lr=4.69299e-05, gnorm=6.721, clip=100, loss_scale=128, train_wall=41, gb_free=7.3, wall=12648
2023-04-08 17:14:16 - progress_bar.py[line:272] - INFO: epoch 002:    346 / 1878 loss=4.202, loss_v1=0, loss_v2=0, nll_loss=3.164, ntokens=320, nsentences=64, sample_size=320, sample_size_v1=0, sample_size_v2=0, ppl=8.96, wps=78.3, ups=0.24, wpb=320, bsz=64, num_updates=2220, lr=4.69016e-05, gnorm=6.041, clip=100, loss_scale=128, train_wall=41, gb_free=7.3, wall=12689
2023-04-08 17:14:57 - progress_bar.py[line:272] - INFO: epoch 002:    356 / 1878 loss=4.216, loss_v1=0, loss_v2=0, nll_loss=3.177, ntokens=320, nsentences=64, sample_size=320, sample_size_v1=0, sample_size_v2=0, ppl=9.05, wps=78.2, ups=0.24, wpb=320, bsz=64, num_updates=2230, lr=4.68732e-05, gnorm=5.771, clip=100, loss_scale=128, train_wall=41, gb_free=7.3, wall=12730
2023-04-08 17:15:37 - progress_bar.py[line:272] - INFO: epoch 002:    366 / 1878 loss=4.271, loss_v1=0, loss_v2=0, nll_loss=3.238, ntokens=320, nsentences=64, sample_size=320, sample_size_v1=0, sample_size_v2=0, ppl=9.43, wps=78.7, ups=0.25, wpb=320, bsz=64, num_updates=2240, lr=4.68449e-05, gnorm=6.514, clip=100, loss_scale=128, train_wall=40, gb_free=7.3, wall=12771
2023-04-08 17:16:18 - progress_bar.py[line:272] - INFO: epoch 002:    376 / 1878 loss=4.225, loss_v1=0, loss_v2=0, nll_loss=3.187, ntokens=320, nsentences=64, sample_size=320, sample_size_v1=0, sample_size_v2=0, ppl=9.11, wps=78.4, ups=0.25, wpb=320, bsz=64, num_updates=2250, lr=4.68166e-05, gnorm=6.302, clip=100, loss_scale=128, train_wall=40, gb_free=7.3, wall=12811
2023-04-08 17:17:00 - progress_bar.py[line:272] - INFO: epoch 002:    386 / 1878 loss=4.228, loss_v1=0, loss_v2=0, nll_loss=3.192, ntokens=320, nsentences=64, sample_size=320, sample_size_v1=0, sample_size_v2=0, ppl=9.14, wps=77.6, ups=0.24, wpb=320, bsz=64, num_updates=2260, lr=4.67883e-05, gnorm=6.022, clip=100, loss_scale=128, train_wall=41, gb_free=7.3, wall=12853
2023-04-08 17:17:41 - progress_bar.py[line:272] - INFO: epoch 002:    396 / 1878 loss=4.273, loss_v1=0, loss_v2=0, nll_loss=3.242, ntokens=320, nsentences=64, sample_size=320, sample_size_v1=0, sample_size_v2=0, ppl=9.46, wps=77.8, ups=0.24, wpb=320, bsz=64, num_updates=2270, lr=4.67599e-05, gnorm=5.876, clip=100, loss_scale=128, train_wall=41, gb_free=7.3, wall=12894
2023-04-08 17:18:22 - progress_bar.py[line:272] - INFO: epoch 002:    406 / 1878 loss=4.233, loss_v1=0, loss_v2=0, nll_loss=3.196, ntokens=320, nsentences=64, sample_size=320, sample_size_v1=0, sample_size_v2=0, ppl=9.16, wps=77.3, ups=0.24, wpb=320, bsz=64, num_updates=2280, lr=4.67316e-05, gnorm=5.412, clip=100, loss_scale=128, train_wall=41, gb_free=7.3, wall=12935
2023-04-08 17:19:03 - progress_bar.py[line:272] - INFO: epoch 002:    416 / 1878 loss=4.212, loss_v1=0, loss_v2=0, nll_loss=3.173, ntokens=320, nsentences=64, sample_size=320, sample_size_v1=0, sample_size_v2=0, ppl=9.02, wps=78.4, ups=0.24, wpb=320, bsz=64, num_updates=2290, lr=4.67033e-05, gnorm=5.645, clip=100, loss_scale=128, train_wall=41, gb_free=7.3, wall=12976
2023-04-08 17:19:44 - progress_bar.py[line:272] - INFO: epoch 002:    426 / 1878 loss=4.227, loss_v1=0, loss_v2=0, nll_loss=3.192, ntokens=320, nsentences=64, sample_size=320, sample_size_v1=0, sample_size_v2=0, ppl=9.14, wps=78.4, ups=0.24, wpb=320, bsz=64, num_updates=2300, lr=4.6675e-05, gnorm=5.87, clip=100, loss_scale=128, train_wall=41, gb_free=7.3, wall=13017
2023-04-08 17:20:24 - progress_bar.py[line:272] - INFO: epoch 002:    436 / 1878 loss=4.228, loss_v1=0, loss_v2=0, nll_loss=3.187, ntokens=320, nsentences=64, sample_size=320, sample_size_v1=0, sample_size_v2=0, ppl=9.11, wps=78.5, ups=0.25, wpb=320, bsz=64, num_updates=2310, lr=4.66467e-05, gnorm=7.666, clip=100, loss_scale=128, train_wall=41, gb_free=7.3, wall=13058
2023-04-08 17:21:05 - progress_bar.py[line:272] - INFO: epoch 002:    446 / 1878 loss=4.282, loss_v1=0, loss_v2=0, nll_loss=3.262, ntokens=320, nsentences=64, sample_size=320, sample_size_v1=0, sample_size_v2=0, ppl=9.59, wps=78.7, ups=0.25, wpb=320, bsz=64, num_updates=2320, lr=4.66183e-05, gnorm=6.832, clip=100, loss_scale=128, train_wall=40, gb_free=7.3, wall=13098
2023-04-08 17:21:46 - progress_bar.py[line:272] - INFO: epoch 002:    456 / 1878 loss=4.2, loss_v1=0, loss_v2=0, nll_loss=3.157, ntokens=320, nsentences=64, sample_size=320, sample_size_v1=0, sample_size_v2=0, ppl=8.92, wps=78.7, ups=0.25, wpb=320, bsz=64, num_updates=2330, lr=4.659e-05, gnorm=6.167, clip=100, loss_scale=128, train_wall=40, gb_free=7.3, wall=13139
2023-04-08 17:22:27 - progress_bar.py[line:272] - INFO: epoch 002:    466 / 1878 loss=4.211, loss_v1=0, loss_v2=0, nll_loss=3.165, ntokens=320, nsentences=64, sample_size=320, sample_size_v1=0, sample_size_v2=0, ppl=8.97, wps=77.9, ups=0.24, wpb=320, bsz=64, num_updates=2340, lr=4.65617e-05, gnorm=6.934, clip=100, loss_scale=128, train_wall=41, gb_free=7.3, wall=13180
2023-04-08 17:23:08 - progress_bar.py[line:272] - INFO: epoch 002:    476 / 1878 loss=4.231, loss_v1=0, loss_v2=0, nll_loss=3.203, ntokens=320, nsentences=64, sample_size=320, sample_size_v1=0, sample_size_v2=0, ppl=9.21, wps=78.5, ups=0.25, wpb=320, bsz=64, num_updates=2350, lr=4.65334e-05, gnorm=6.323, clip=100, loss_scale=128, train_wall=41, gb_free=7.3, wall=13221
2023-04-08 17:23:48 - progress_bar.py[line:272] - INFO: epoch 002:    486 / 1878 loss=4.206, loss_v1=0, loss_v2=0, nll_loss=3.165, ntokens=320, nsentences=64, sample_size=320, sample_size_v1=0, sample_size_v2=0, ppl=8.97, wps=78.4, ups=0.24, wpb=320, bsz=64, num_updates=2360, lr=4.6505e-05, gnorm=6.423, clip=100, loss_scale=128, train_wall=41, gb_free=7.3, wall=13262
2023-04-08 17:24:29 - progress_bar.py[line:272] - INFO: epoch 002:    496 / 1878 loss=4.138, loss_v1=0, loss_v2=0, nll_loss=3.09, ntokens=320, nsentences=64, sample_size=320, sample_size_v1=0, sample_size_v2=0, ppl=8.52, wps=78.2, ups=0.24, wpb=320, bsz=64, num_updates=2370, lr=4.64767e-05, gnorm=5.466, clip=100, loss_scale=128, train_wall=41, gb_free=7.3, wall=13303
2023-04-08 17:24:50 - trainer.py[line:921] - INFO: NOTE: gradient overflow detected, ignoring gradient, setting loss scale to: 64.0
2023-04-08 17:25:14 - progress_bar.py[line:272] - INFO: epoch 002:    507 / 1878 loss=4.219, loss_v1=0, loss_v2=0, nll_loss=3.183, ntokens=320, nsentences=64, sample_size=320, sample_size_v1=0, sample_size_v2=0, ppl=9.08, wps=71, ups=0.22, wpb=320, bsz=64, num_updates=2380, lr=4.64484e-05, gnorm=6.286, clip=100, loss_scale=64, train_wall=45, gb_free=7.3, wall=13348
2023-04-08 17:25:55 - progress_bar.py[line:272] - INFO: epoch 002:    517 / 1878 loss=4.204, loss_v1=0, loss_v2=0, nll_loss=3.163, ntokens=320, nsentences=64, sample_size=320, sample_size_v1=0, sample_size_v2=0, ppl=8.95, wps=78, ups=0.24, wpb=320, bsz=64, num_updates=2390, lr=4.64201e-05, gnorm=5.941, clip=100, loss_scale=64, train_wall=41, gb_free=7.3, wall=13389
2023-04-08 17:26:37 - progress_bar.py[line:272] - INFO: epoch 002:    527 / 1878 loss=4.232, loss_v1=0, loss_v2=0, nll_loss=3.194, ntokens=320, nsentences=64, sample_size=320, sample_size_v1=0, sample_size_v2=0, ppl=9.15, wps=77.6, ups=0.24, wpb=320, bsz=64, num_updates=2400, lr=4.63918e-05, gnorm=6.093, clip=100, loss_scale=64, train_wall=41, gb_free=7.3, wall=13430
2023-04-08 17:27:18 - progress_bar.py[line:272] - INFO: epoch 002:    537 / 1878 loss=4.209, loss_v1=0, loss_v2=0, nll_loss=3.172, ntokens=320, nsentences=64, sample_size=320, sample_size_v1=0, sample_size_v2=0, ppl=9.01, wps=77.6, ups=0.24, wpb=320, bsz=64, num_updates=2410, lr=4.63634e-05, gnorm=6.369, clip=100, loss_scale=64, train_wall=41, gb_free=7.3, wall=13471
2023-04-08 17:27:59 - progress_bar.py[line:272] - INFO: epoch 002:    547 / 1878 loss=4.146, loss_v1=0, loss_v2=0, nll_loss=3.1, ntokens=320, nsentences=64, sample_size=320, sample_size_v1=0, sample_size_v2=0, ppl=8.58, wps=78.3, ups=0.24, wpb=320, bsz=64, num_updates=2420, lr=4.63351e-05, gnorm=6.259, clip=100, loss_scale=64, train_wall=40, gb_free=7.3, wall=13512
2023-04-08 17:28:40 - progress_bar.py[line:272] - INFO: epoch 002:    557 / 1878 loss=4.185, loss_v1=0, loss_v2=0, nll_loss=3.146, ntokens=320, nsentences=64, sample_size=320, sample_size_v1=0, sample_size_v2=0, ppl=8.85, wps=77.8, ups=0.24, wpb=320, bsz=64, num_updates=2430, lr=4.63068e-05, gnorm=6.497, clip=100, loss_scale=64, train_wall=41, gb_free=7.3, wall=13553
2023-04-08 17:29:21 - progress_bar.py[line:272] - INFO: epoch 002:    567 / 1878 loss=4.161, loss_v1=0, loss_v2=0, nll_loss=3.119, ntokens=320, nsentences=64, sample_size=320, sample_size_v1=0, sample_size_v2=0, ppl=8.69, wps=78.3, ups=0.24, wpb=320, bsz=64, num_updates=2440, lr=4.62785e-05, gnorm=6.517, clip=100, loss_scale=64, train_wall=41, gb_free=7.3, wall=13594
2023-04-08 17:30:01 - progress_bar.py[line:272] - INFO: epoch 002:    577 / 1878 loss=4.244, loss_v1=0, loss_v2=0, nll_loss=3.214, ntokens=320, nsentences=64, sample_size=320, sample_size_v1=0, sample_size_v2=0, ppl=9.28, wps=78.7, ups=0.25, wpb=320, bsz=64, num_updates=2450, lr=4.62501e-05, gnorm=6.322, clip=100, loss_scale=64, train_wall=40, gb_free=7.3, wall=13635
2023-04-08 17:30:42 - progress_bar.py[line:272] - INFO: epoch 002:    587 / 1878 loss=4.238, loss_v1=0, loss_v2=0, nll_loss=3.202, ntokens=320, nsentences=64, sample_size=320, sample_size_v1=0, sample_size_v2=0, ppl=9.2, wps=78.7, ups=0.25, wpb=320, bsz=64, num_updates=2460, lr=4.62218e-05, gnorm=7.672, clip=100, loss_scale=64, train_wall=40, gb_free=7.3, wall=13675
2023-04-08 17:31:23 - progress_bar.py[line:272] - INFO: epoch 002:    597 / 1878 loss=4.201, loss_v1=0, loss_v2=0, nll_loss=3.157, ntokens=320, nsentences=64, sample_size=320, sample_size_v1=0, sample_size_v2=0, ppl=8.92, wps=78.5, ups=0.25, wpb=320, bsz=64, num_updates=2470, lr=4.61935e-05, gnorm=6.062, clip=100, loss_scale=64, train_wall=40, gb_free=7.3, wall=13716
2023-04-08 17:32:04 - progress_bar.py[line:272] - INFO: epoch 002:    607 / 1878 loss=4.201, loss_v1=0, loss_v2=0, nll_loss=3.167, ntokens=320, nsentences=64, sample_size=320, sample_size_v1=0, sample_size_v2=0, ppl=8.98, wps=78.5, ups=0.25, wpb=320, bsz=64, num_updates=2480, lr=4.61652e-05, gnorm=6.399, clip=100, loss_scale=64, train_wall=40, gb_free=7.3, wall=13757
2023-04-08 17:32:45 - progress_bar.py[line:272] - INFO: epoch 002:    617 / 1878 loss=4.195, loss_v1=0, loss_v2=0, nll_loss=3.152, ntokens=320, nsentences=64, sample_size=320, sample_size_v1=0, sample_size_v2=0, ppl=8.89, wps=78.1, ups=0.24, wpb=320, bsz=64, num_updates=2490, lr=4.61369e-05, gnorm=6.129, clip=100, loss_scale=64, train_wall=41, gb_free=7.3, wall=13798
slice_id 1 seek offset 5379
2023-04-08 17:33:26 - progress_bar.py[line:272] - INFO: epoch 002:    627 / 1878 loss=4.197, loss_v1=0, loss_v2=0, nll_loss=3.156, ntokens=320, nsentences=64, sample_size=320, sample_size_v1=0, sample_size_v2=0, ppl=8.91, wps=78.3, ups=0.24, wpb=320, bsz=64, num_updates=2500, lr=4.61085e-05, gnorm=6.274, clip=100, loss_scale=64, train_wall=41, gb_free=7.3, wall=13839
2023-04-08 17:33:26 - train.py[line:445] - INFO: begin validation on "valid" subset
slice_id 0 seek offset 0
slice_id 0 seek offset 0
slice_id 1 seek offset 5379
2023-04-08 17:44:41 - progress_bar.py[line:282] - INFO: epoch 002 | valid on 'valid' subset | loss 4.381 | loss_v1 0 | loss_v2 0 | nll_loss 3.349 | ntokens 39.993 | nsentences 7.999 | sample_size 39.993 | sample_size_v1 0 | sample_size_v2 0 | ppl 10.19 | score 0.3925 | wps 79.7 | wpb 40 | bsz 8 | num_updates 2500 | best_score 0.4586
2023-04-08 17:44:41 - checkpoint_utils.py[line:64] - INFO: Preparing to save checkpoint for epoch 2 @ 2500 updates
2023-04-08 17:44:41 - trainer.py[line:431] - INFO: Saving checkpoint to ./refcocoplus_EC_checkpoints_exp2/10_5e-5_512/checkpoint_2_2500.pt
2023-04-08 17:45:00 - trainer.py[line:441] - INFO: Finished saving checkpoint to ./refcocoplus_EC_checkpoints_exp2/10_5e-5_512/checkpoint_2_2500.pt
2023-04-08 17:45:10 - checkpoint_utils.py[line:133] - INFO: Saved checkpoint ./refcocoplus_EC_checkpoints_exp2/10_5e-5_512/checkpoint_2_2500.pt (epoch 2 @ 2500 updates, score 0.3925) (writing took 28.89756802096963 seconds)
2023-04-08 17:45:50 - progress_bar.py[line:272] - INFO: epoch 002:    637 / 1878 loss=4.173, loss_v1=0, loss_v2=0, nll_loss=3.132, ntokens=320, nsentences=64, sample_size=320, sample_size_v1=0, sample_size_v2=0, ppl=8.76, wps=4.3, ups=0.01, wpb=320, bsz=64, num_updates=2510, lr=4.60802e-05, gnorm=6.119, clip=100, loss_scale=64, train_wall=40, gb_free=7.3, wall=14583
2023-04-08 17:46:31 - progress_bar.py[line:272] - INFO: epoch 002:    647 / 1878 loss=4.175, loss_v1=0, loss_v2=0, nll_loss=3.135, ntokens=320, nsentences=64, sample_size=320, sample_size_v1=0, sample_size_v2=0, ppl=8.78, wps=78.4, ups=0.24, wpb=320, bsz=64, num_updates=2520, lr=4.60519e-05, gnorm=6.091, clip=100, loss_scale=64, train_wall=41, gb_free=7.3, wall=14624
2023-04-08 17:47:12 - progress_bar.py[line:272] - INFO: epoch 002:    657 / 1878 loss=4.197, loss_v1=0, loss_v2=0, nll_loss=3.157, ntokens=320, nsentences=64, sample_size=320, sample_size_v1=0, sample_size_v2=0, ppl=8.92, wps=77.8, ups=0.24, wpb=320, bsz=64, num_updates=2530, lr=4.60236e-05, gnorm=6.866, clip=100, loss_scale=64, train_wall=41, gb_free=7.3, wall=14665
2023-04-08 17:47:53 - progress_bar.py[line:272] - INFO: epoch 002:    667 / 1878 loss=4.191, loss_v1=0, loss_v2=0, nll_loss=3.154, ntokens=320, nsentences=64, sample_size=320, sample_size_v1=0, sample_size_v2=0, ppl=8.9, wps=78.3, ups=0.24, wpb=320, bsz=64, num_updates=2540, lr=4.59952e-05, gnorm=6.213, clip=100, loss_scale=64, train_wall=41, gb_free=7.3, wall=14706
2023-04-08 17:48:34 - progress_bar.py[line:272] - INFO: epoch 002:    677 / 1878 loss=4.195, loss_v1=0, loss_v2=0, nll_loss=3.154, ntokens=320, nsentences=64, sample_size=320, sample_size_v1=0, sample_size_v2=0, ppl=8.9, wps=78.7, ups=0.25, wpb=320, bsz=64, num_updates=2550, lr=4.59669e-05, gnorm=6.464, clip=100, loss_scale=64, train_wall=40, gb_free=7.3, wall=14747
2023-04-08 17:49:15 - progress_bar.py[line:272] - INFO: epoch 002:    687 / 1878 loss=4.194, loss_v1=0, loss_v2=0, nll_loss=3.149, ntokens=320, nsentences=64, sample_size=320, sample_size_v1=0, sample_size_v2=0, ppl=8.87, wps=77.9, ups=0.24, wpb=320, bsz=64, num_updates=2560, lr=4.59386e-05, gnorm=6.682, clip=100, loss_scale=64, train_wall=41, gb_free=7.3, wall=14788
2023-04-08 17:49:56 - progress_bar.py[line:272] - INFO: epoch 002:    697 / 1878 loss=4.167, loss_v1=0, loss_v2=0, nll_loss=3.126, ntokens=320, nsentences=64, sample_size=320, sample_size_v1=0, sample_size_v2=0, ppl=8.73, wps=78.2, ups=0.24, wpb=320, bsz=64, num_updates=2570, lr=4.59103e-05, gnorm=6.054, clip=100, loss_scale=64, train_wall=41, gb_free=7.3, wall=14829
2023-04-08 17:50:36 - progress_bar.py[line:272] - INFO: epoch 002:    707 / 1878 loss=4.175, loss_v1=0, loss_v2=0, nll_loss=3.132, ntokens=320, nsentences=64, sample_size=320, sample_size_v1=0, sample_size_v2=0, ppl=8.77, wps=78.4, ups=0.24, wpb=320, bsz=64, num_updates=2580, lr=4.5882e-05, gnorm=6.01, clip=100, loss_scale=64, train_wall=41, gb_free=7.3, wall=14870
2023-04-08 17:51:18 - progress_bar.py[line:272] - INFO: epoch 002:    717 / 1878 loss=4.074, loss_v1=0, loss_v2=0, nll_loss=3.015, ntokens=320, nsentences=64, sample_size=320, sample_size_v1=0, sample_size_v2=0, ppl=8.08, wps=77.4, ups=0.24, wpb=320, bsz=64, num_updates=2590, lr=4.58536e-05, gnorm=5.958, clip=100, loss_scale=64, train_wall=41, gb_free=7.3, wall=14911
2023-04-08 17:51:59 - progress_bar.py[line:272] - INFO: epoch 002:    727 / 1878 loss=4.18, loss_v1=0, loss_v2=0, nll_loss=3.137, ntokens=320, nsentences=64, sample_size=320, sample_size_v1=0, sample_size_v2=0, ppl=8.8, wps=77.9, ups=0.24, wpb=320, bsz=64, num_updates=2600, lr=4.58253e-05, gnorm=6.053, clip=100, loss_scale=64, train_wall=41, gb_free=7.3, wall=14952
2023-04-08 17:52:40 - progress_bar.py[line:272] - INFO: epoch 002:    737 / 1878 loss=4.099, loss_v1=0, loss_v2=0, nll_loss=3.048, ntokens=320, nsentences=64, sample_size=320, sample_size_v1=0, sample_size_v2=0, ppl=8.27, wps=78.3, ups=0.24, wpb=320, bsz=64, num_updates=2610, lr=4.5797e-05, gnorm=5.785, clip=100, loss_scale=64, train_wall=41, gb_free=7.3, wall=14993
2023-04-08 17:53:20 - progress_bar.py[line:272] - INFO: epoch 002:    747 / 1878 loss=4.117, loss_v1=0, loss_v2=0, nll_loss=3.064, ntokens=320, nsentences=64, sample_size=320, sample_size_v1=0, sample_size_v2=0, ppl=8.37, wps=78.7, ups=0.25, wpb=320, bsz=64, num_updates=2620, lr=4.57687e-05, gnorm=6.152, clip=100, loss_scale=64, train_wall=40, gb_free=7.3, wall=15034
2023-04-08 17:54:01 - progress_bar.py[line:272] - INFO: epoch 002:    757 / 1878 loss=4.08, loss_v1=0, loss_v2=0, nll_loss=3.033, ntokens=320, nsentences=64, sample_size=320, sample_size_v1=0, sample_size_v2=0, ppl=8.18, wps=78.4, ups=0.24, wpb=320, bsz=64, num_updates=2630, lr=4.57403e-05, gnorm=5.428, clip=100, loss_scale=64, train_wall=41, gb_free=7.3, wall=15074
2023-04-08 17:54:42 - progress_bar.py[line:272] - INFO: epoch 002:    767 / 1878 loss=4.161, loss_v1=0, loss_v2=0, nll_loss=3.107, ntokens=320, nsentences=64, sample_size=320, sample_size_v1=0, sample_size_v2=0, ppl=8.62, wps=78.5, ups=0.25, wpb=320, bsz=64, num_updates=2640, lr=4.5712e-05, gnorm=5.526, clip=100, loss_scale=64, train_wall=41, gb_free=7.3, wall=15115
2023-04-08 17:55:23 - progress_bar.py[line:272] - INFO: epoch 002:    777 / 1878 loss=4.104, loss_v1=0, loss_v2=0, nll_loss=3.057, ntokens=320, nsentences=64, sample_size=320, sample_size_v1=0, sample_size_v2=0, ppl=8.32, wps=78.3, ups=0.24, wpb=320, bsz=64, num_updates=2650, lr=4.56837e-05, gnorm=5.509, clip=100, loss_scale=64, train_wall=41, gb_free=7.3, wall=15156
2023-04-08 17:56:04 - progress_bar.py[line:272] - INFO: epoch 002:    787 / 1878 loss=4.103, loss_v1=0, loss_v2=0, nll_loss=3.044, ntokens=320, nsentences=64, sample_size=320, sample_size_v1=0, sample_size_v2=0, ppl=8.25, wps=78.6, ups=0.25, wpb=320, bsz=64, num_updates=2660, lr=4.56554e-05, gnorm=6.075, clip=100, loss_scale=64, train_wall=40, gb_free=7.3, wall=15197
2023-04-08 17:56:44 - progress_bar.py[line:272] - INFO: epoch 002:    797 / 1878 loss=4.128, loss_v1=0, loss_v2=0, nll_loss=3.087, ntokens=320, nsentences=64, sample_size=320, sample_size_v1=0, sample_size_v2=0, ppl=8.5, wps=78.5, ups=0.25, wpb=320, bsz=64, num_updates=2670, lr=4.56271e-05, gnorm=6.374, clip=100, loss_scale=64, train_wall=41, gb_free=7.3, wall=15237
2023-04-08 17:57:25 - progress_bar.py[line:272] - INFO: epoch 002:    807 / 1878 loss=4.134, loss_v1=0, loss_v2=0, nll_loss=3.089, ntokens=320, nsentences=64, sample_size=320, sample_size_v1=0, sample_size_v2=0, ppl=8.51, wps=78.1, ups=0.24, wpb=320, bsz=64, num_updates=2680, lr=4.55987e-05, gnorm=6.005, clip=100, loss_scale=64, train_wall=41, gb_free=7.3, wall=15278
2023-04-08 17:58:06 - progress_bar.py[line:272] - INFO: epoch 002:    817 / 1878 loss=4.119, loss_v1=0, loss_v2=0, nll_loss=3.068, ntokens=320, nsentences=64, sample_size=320, sample_size_v1=0, sample_size_v2=0, ppl=8.39, wps=77.6, ups=0.24, wpb=320, bsz=64, num_updates=2690, lr=4.55704e-05, gnorm=5.454, clip=100, loss_scale=64, train_wall=41, gb_free=7.3, wall=15320
2023-04-08 17:58:48 - progress_bar.py[line:272] - INFO: epoch 002:    827 / 1878 loss=4.125, loss_v1=0, loss_v2=0, nll_loss=3.078, ntokens=320, nsentences=64, sample_size=320, sample_size_v1=0, sample_size_v2=0, ppl=8.44, wps=78, ups=0.24, wpb=320, bsz=64, num_updates=2700, lr=4.55421e-05, gnorm=6.677, clip=100, loss_scale=64, train_wall=41, gb_free=7.3, wall=15361
2023-04-08 17:59:29 - progress_bar.py[line:272] - INFO: epoch 002:    837 / 1878 loss=4.113, loss_v1=0, loss_v2=0, nll_loss=3.059, ntokens=320, nsentences=64, sample_size=320, sample_size_v1=0, sample_size_v2=0, ppl=8.33, wps=77.6, ups=0.24, wpb=320, bsz=64, num_updates=2710, lr=4.55138e-05, gnorm=6.044, clip=100, loss_scale=64, train_wall=41, gb_free=7.3, wall=15402
2023-04-08 18:00:10 - progress_bar.py[line:272] - INFO: epoch 002:    847 / 1878 loss=4.141, loss_v1=0, loss_v2=0, nll_loss=3.093, ntokens=320, nsentences=64, sample_size=320, sample_size_v1=0, sample_size_v2=0, ppl=8.54, wps=78, ups=0.24, wpb=320, bsz=64, num_updates=2720, lr=4.54854e-05, gnorm=6.742, clip=100, loss_scale=64, train_wall=41, gb_free=7.3, wall=15443
2023-04-08 18:00:51 - progress_bar.py[line:272] - INFO: epoch 002:    857 / 1878 loss=4.141, loss_v1=0, loss_v2=0, nll_loss=3.097, ntokens=320, nsentences=64, sample_size=320, sample_size_v1=0, sample_size_v2=0, ppl=8.56, wps=78.1, ups=0.24, wpb=320, bsz=64, num_updates=2730, lr=4.54571e-05, gnorm=5.462, clip=100, loss_scale=64, train_wall=41, gb_free=7.3, wall=15484
2023-04-08 18:01:32 - progress_bar.py[line:272] - INFO: epoch 002:    867 / 1878 loss=4.146, loss_v1=0, loss_v2=0, nll_loss=3.103, ntokens=320, nsentences=64, sample_size=320, sample_size_v1=0, sample_size_v2=0, ppl=8.59, wps=78.5, ups=0.25, wpb=320, bsz=64, num_updates=2740, lr=4.54288e-05, gnorm=6.21, clip=100, loss_scale=64, train_wall=41, gb_free=7.3, wall=15525
2023-04-08 18:02:12 - progress_bar.py[line:272] - INFO: epoch 002:    877 / 1878 loss=4.098, loss_v1=0, loss_v2=0, nll_loss=3.045, ntokens=320, nsentences=64, sample_size=320, sample_size_v1=0, sample_size_v2=0, ppl=8.25, wps=78.6, ups=0.25, wpb=320, bsz=64, num_updates=2750, lr=4.54005e-05, gnorm=5.78, clip=100, loss_scale=64, train_wall=40, gb_free=7.3, wall=15565
2023-04-08 18:02:53 - progress_bar.py[line:272] - INFO: epoch 002:    887 / 1878 loss=4.092, loss_v1=0, loss_v2=0, nll_loss=3.039, ntokens=320, nsentences=64, sample_size=320, sample_size_v1=0, sample_size_v2=0, ppl=8.22, wps=78.4, ups=0.25, wpb=320, bsz=64, num_updates=2760, lr=4.53722e-05, gnorm=5.876, clip=100, loss_scale=64, train_wall=41, gb_free=7.3, wall=15606
2023-04-08 18:03:34 - progress_bar.py[line:272] - INFO: epoch 002:    897 / 1878 loss=4.082, loss_v1=0, loss_v2=0, nll_loss=3.028, ntokens=320, nsentences=64, sample_size=320, sample_size_v1=0, sample_size_v2=0, ppl=8.16, wps=78.3, ups=0.24, wpb=320, bsz=64, num_updates=2770, lr=4.53438e-05, gnorm=5.616, clip=100, loss_scale=64, train_wall=41, gb_free=7.3, wall=15647
2023-04-08 18:04:15 - progress_bar.py[line:272] - INFO: epoch 002:    907 / 1878 loss=4.084, loss_v1=0, loss_v2=0, nll_loss=3.026, ntokens=320, nsentences=64, sample_size=320, sample_size_v1=0, sample_size_v2=0, ppl=8.15, wps=78.2, ups=0.24, wpb=320, bsz=64, num_updates=2780, lr=4.53155e-05, gnorm=5.352, clip=100, loss_scale=64, train_wall=41, gb_free=7.3, wall=15688
2023-04-08 18:04:56 - progress_bar.py[line:272] - INFO: epoch 002:    917 / 1878 loss=4.073, loss_v1=0, loss_v2=0, nll_loss=3.02, ntokens=320, nsentences=64, sample_size=320, sample_size_v1=0, sample_size_v2=0, ppl=8.11, wps=78.2, ups=0.24, wpb=320, bsz=64, num_updates=2790, lr=4.52872e-05, gnorm=5.771, clip=100, loss_scale=64, train_wall=41, gb_free=7.3, wall=15729
2023-04-08 18:05:37 - progress_bar.py[line:272] - INFO: epoch 002:    927 / 1878 loss=4.106, loss_v1=0, loss_v2=0, nll_loss=3.055, ntokens=320, nsentences=64, sample_size=320, sample_size_v1=0, sample_size_v2=0, ppl=8.31, wps=78.4, ups=0.25, wpb=320, bsz=64, num_updates=2800, lr=4.52589e-05, gnorm=6.108, clip=100, loss_scale=64, train_wall=41, gb_free=7.3, wall=15770
2023-04-08 18:06:17 - progress_bar.py[line:272] - INFO: epoch 002:    937 / 1878 loss=4.08, loss_v1=0, loss_v2=0, nll_loss=3.031, ntokens=320, nsentences=64, sample_size=320, sample_size_v1=0, sample_size_v2=0, ppl=8.17, wps=78.6, ups=0.25, wpb=320, bsz=64, num_updates=2810, lr=4.52305e-05, gnorm=5.552, clip=100, loss_scale=64, train_wall=41, gb_free=7.3, wall=15810
2023-04-08 18:06:58 - progress_bar.py[line:272] - INFO: epoch 002:    947 / 1878 loss=4.052, loss_v1=0, loss_v2=0, nll_loss=2.996, ntokens=320, nsentences=64, sample_size=320, sample_size_v1=0, sample_size_v2=0, ppl=7.98, wps=78.5, ups=0.25, wpb=320, bsz=64, num_updates=2820, lr=4.52022e-05, gnorm=5.783, clip=100, loss_scale=64, train_wall=40, gb_free=7.3, wall=15851
2023-04-08 18:07:39 - progress_bar.py[line:272] - INFO: epoch 002:    957 / 1878 loss=4.08, loss_v1=0, loss_v2=0, nll_loss=3.024, ntokens=320, nsentences=64, sample_size=320, sample_size_v1=0, sample_size_v2=0, ppl=8.13, wps=78.2, ups=0.24, wpb=320, bsz=64, num_updates=2830, lr=4.51739e-05, gnorm=5.516, clip=100, loss_scale=64, train_wall=41, gb_free=7.3, wall=15892
2023-04-08 18:08:20 - progress_bar.py[line:272] - INFO: epoch 002:    967 / 1878 loss=3.995, loss_v1=0, loss_v2=0, nll_loss=2.93, ntokens=320, nsentences=64, sample_size=320, sample_size_v1=0, sample_size_v2=0, ppl=7.62, wps=78.6, ups=0.25, wpb=320, bsz=64, num_updates=2840, lr=4.51456e-05, gnorm=5.303, clip=100, loss_scale=64, train_wall=40, gb_free=7.3, wall=15933
2023-04-08 18:09:00 - progress_bar.py[line:272] - INFO: epoch 002:    977 / 1878 loss=4.081, loss_v1=0, loss_v2=0, nll_loss=3.027, ntokens=320, nsentences=64, sample_size=320, sample_size_v1=0, sample_size_v2=0, ppl=8.15, wps=78.5, ups=0.25, wpb=320, bsz=64, num_updates=2850, lr=4.51173e-05, gnorm=5.902, clip=100, loss_scale=64, train_wall=41, gb_free=7.3, wall=15974
2023-04-08 18:09:41 - progress_bar.py[line:272] - INFO: epoch 002:    987 / 1878 loss=4.056, loss_v1=0, loss_v2=0, nll_loss=3.003, ntokens=320, nsentences=64, sample_size=320, sample_size_v1=0, sample_size_v2=0, ppl=8.02, wps=78.5, ups=0.25, wpb=320, bsz=64, num_updates=2860, lr=4.50889e-05, gnorm=5.854, clip=100, loss_scale=64, train_wall=41, gb_free=7.3, wall=16014
2023-04-08 18:10:22 - progress_bar.py[line:272] - INFO: epoch 002:    997 / 1878 loss=4.119, loss_v1=0, loss_v2=0, nll_loss=3.071, ntokens=320, nsentences=64, sample_size=320, sample_size_v1=0, sample_size_v2=0, ppl=8.4, wps=78.3, ups=0.24, wpb=320, bsz=64, num_updates=2870, lr=4.50606e-05, gnorm=6.164, clip=100, loss_scale=64, train_wall=41, gb_free=7.3, wall=16055
2023-04-08 18:11:03 - progress_bar.py[line:272] - INFO: epoch 002:   1007 / 1878 loss=4.067, loss_v1=0, loss_v2=0, nll_loss=3.01, ntokens=320, nsentences=64, sample_size=320, sample_size_v1=0, sample_size_v2=0, ppl=8.05, wps=78.6, ups=0.25, wpb=320, bsz=64, num_updates=2880, lr=4.50323e-05, gnorm=6.158, clip=100, loss_scale=64, train_wall=40, gb_free=7.3, wall=16096
2023-04-08 18:11:44 - progress_bar.py[line:272] - INFO: epoch 002:   1017 / 1878 loss=4.064, loss_v1=0, loss_v2=0, nll_loss=3.011, ntokens=320, nsentences=64, sample_size=320, sample_size_v1=0, sample_size_v2=0, ppl=8.06, wps=78.2, ups=0.24, wpb=320, bsz=64, num_updates=2890, lr=4.5004e-05, gnorm=6.107, clip=100, loss_scale=128, train_wall=41, gb_free=7.3, wall=16137
2023-04-08 18:11:56 - trainer.py[line:921] - INFO: NOTE: gradient overflow detected, ignoring gradient, setting loss scale to: 64.0
2023-04-08 18:12:29 - progress_bar.py[line:272] - INFO: epoch 002:   1028 / 1878 loss=4.034, loss_v1=0, loss_v2=0, nll_loss=2.974, ntokens=320, nsentences=64, sample_size=320, sample_size_v1=0, sample_size_v2=0, ppl=7.86, wps=71.4, ups=0.22, wpb=320, bsz=64, num_updates=2900, lr=4.49756e-05, gnorm=5.487, clip=100, loss_scale=64, train_wall=45, gb_free=7.3, wall=16182
2023-04-08 18:13:09 - progress_bar.py[line:272] - INFO: epoch 002:   1038 / 1878 loss=4.085, loss_v1=0, loss_v2=0, nll_loss=3.031, ntokens=320, nsentences=64, sample_size=320, sample_size_v1=0, sample_size_v2=0, ppl=8.18, wps=78.3, ups=0.24, wpb=320, bsz=64, num_updates=2910, lr=4.49473e-05, gnorm=6.083, clip=100, loss_scale=64, train_wall=41, gb_free=7.3, wall=16223
2023-04-08 18:13:50 - progress_bar.py[line:272] - INFO: epoch 002:   1048 / 1878 loss=4.056, loss_v1=0, loss_v2=0, nll_loss=3.001, ntokens=320, nsentences=64, sample_size=320, sample_size_v1=0, sample_size_v2=0, ppl=8.01, wps=78.9, ups=0.25, wpb=320, bsz=64, num_updates=2920, lr=4.4919e-05, gnorm=6.117, clip=100, loss_scale=64, train_wall=40, gb_free=7.3, wall=16263
2023-04-08 18:14:31 - progress_bar.py[line:272] - INFO: epoch 002:   1058 / 1878 loss=4.064, loss_v1=0, loss_v2=0, nll_loss=3.007, ntokens=320, nsentences=64, sample_size=320, sample_size_v1=0, sample_size_v2=0, ppl=8.04, wps=77.9, ups=0.24, wpb=320, bsz=64, num_updates=2930, lr=4.48907e-05, gnorm=6.08, clip=100, loss_scale=64, train_wall=41, gb_free=7.3, wall=16304
2023-04-08 18:15:12 - progress_bar.py[line:272] - INFO: epoch 002:   1068 / 1878 loss=4.036, loss_v1=0, loss_v2=0, nll_loss=2.977, ntokens=320, nsentences=64, sample_size=320, sample_size_v1=0, sample_size_v2=0, ppl=7.87, wps=78.7, ups=0.25, wpb=320, bsz=64, num_updates=2940, lr=4.48624e-05, gnorm=5.716, clip=100, loss_scale=64, train_wall=41, gb_free=7.3, wall=16345
2023-04-08 18:15:53 - progress_bar.py[line:272] - INFO: epoch 002:   1078 / 1878 loss=4.071, loss_v1=0, loss_v2=0, nll_loss=3.021, ntokens=320, nsentences=64, sample_size=320, sample_size_v1=0, sample_size_v2=0, ppl=8.12, wps=78, ups=0.24, wpb=320, bsz=64, num_updates=2950, lr=4.4834e-05, gnorm=5.944, clip=100, loss_scale=64, train_wall=41, gb_free=7.3, wall=16386
2023-04-08 18:16:34 - progress_bar.py[line:272] - INFO: epoch 002:   1088 / 1878 loss=4.024, loss_v1=0, loss_v2=0, nll_loss=2.962, ntokens=320, nsentences=64, sample_size=320, sample_size_v1=0, sample_size_v2=0, ppl=7.79, wps=77.6, ups=0.24, wpb=320, bsz=64, num_updates=2960, lr=4.48057e-05, gnorm=5.617, clip=100, loss_scale=64, train_wall=41, gb_free=7.3, wall=16427
2023-04-08 18:17:15 - progress_bar.py[line:272] - INFO: epoch 002:   1098 / 1878 loss=4.09, loss_v1=0, loss_v2=0, nll_loss=3.042, ntokens=320, nsentences=64, sample_size=320, sample_size_v1=0, sample_size_v2=0, ppl=8.23, wps=78, ups=0.24, wpb=320, bsz=64, num_updates=2970, lr=4.47774e-05, gnorm=5.484, clip=100, loss_scale=64, train_wall=41, gb_free=7.3, wall=16468
2023-04-08 18:17:56 - progress_bar.py[line:272] - INFO: epoch 002:   1108 / 1878 loss=4.074, loss_v1=0, loss_v2=0, nll_loss=3.02, ntokens=320, nsentences=64, sample_size=320, sample_size_v1=0, sample_size_v2=0, ppl=8.11, wps=78.2, ups=0.24, wpb=320, bsz=64, num_updates=2980, lr=4.47491e-05, gnorm=5.411, clip=100, loss_scale=64, train_wall=41, gb_free=7.3, wall=16509
2023-04-08 18:18:37 - progress_bar.py[line:272] - INFO: epoch 002:   1118 / 1878 loss=4.037, loss_v1=0, loss_v2=0, nll_loss=2.976, ntokens=320, nsentences=64, sample_size=320, sample_size_v1=0, sample_size_v2=0, ppl=7.87, wps=78.3, ups=0.24, wpb=320, bsz=64, num_updates=2990, lr=4.47207e-05, gnorm=6.267, clip=100, loss_scale=64, train_wall=41, gb_free=7.3, wall=16550
2023-04-08 18:19:18 - progress_bar.py[line:272] - INFO: epoch 002:   1128 / 1878 loss=3.98, loss_v1=0, loss_v2=0, nll_loss=2.917, ntokens=320, nsentences=64, sample_size=320, sample_size_v1=0, sample_size_v2=0, ppl=7.55, wps=78.6, ups=0.25, wpb=320, bsz=64, num_updates=3000, lr=4.46924e-05, gnorm=5.848, clip=100, loss_scale=64, train_wall=40, gb_free=7.3, wall=16591
2023-04-08 18:19:18 - train.py[line:445] - INFO: begin validation on "valid" subset
slice_id 0 seek offset 0
slice_id 1 seek offset 5379
slice_id 1 seek offset 5379
slice_id 0 seek offset 0
2023-04-08 18:30:32 - progress_bar.py[line:282] - INFO: epoch 002 | valid on 'valid' subset | loss 4.383 | loss_v1 0 | loss_v2 0 | nll_loss 3.353 | ntokens 39.993 | nsentences 7.999 | sample_size 39.993 | sample_size_v1 0 | sample_size_v2 0 | ppl 10.21 | score 0.3937 | wps 79.8 | wpb 40 | bsz 8 | num_updates 3000 | best_score 0.4586
2023-04-08 18:30:32 - checkpoint_utils.py[line:64] - INFO: Preparing to save checkpoint for epoch 2 @ 3000 updates
2023-04-08 18:30:32 - trainer.py[line:431] - INFO: Saving checkpoint to ./refcocoplus_EC_checkpoints_exp2/10_5e-5_512/checkpoint_2_3000.pt
2023-04-08 18:30:49 - trainer.py[line:441] - INFO: Finished saving checkpoint to ./refcocoplus_EC_checkpoints_exp2/10_5e-5_512/checkpoint_2_3000.pt
2023-04-08 18:30:58 - checkpoint_utils.py[line:133] - INFO: Saved checkpoint ./refcocoplus_EC_checkpoints_exp2/10_5e-5_512/checkpoint_2_3000.pt (epoch 2 @ 3000 updates, score 0.3937) (writing took 26.31060794647783 seconds)
2023-04-08 18:31:39 - progress_bar.py[line:272] - INFO: epoch 002:   1138 / 1878 loss=4.055, loss_v1=0, loss_v2=0, nll_loss=2.997, ntokens=320, nsentences=64, sample_size=320, sample_size_v1=0, sample_size_v2=0, ppl=7.99, wps=4.3, ups=0.01, wpb=320, bsz=64, num_updates=3010, lr=4.46641e-05, gnorm=6.072, clip=100, loss_scale=64, train_wall=40, gb_free=7.3, wall=17332
2023-04-08 18:32:20 - progress_bar.py[line:272] - INFO: epoch 002:   1148 / 1878 loss=4.081, loss_v1=0, loss_v2=0, nll_loss=3.033, ntokens=320, nsentences=64, sample_size=320, sample_size_v1=0, sample_size_v2=0, ppl=8.19, wps=78.3, ups=0.24, wpb=320, bsz=64, num_updates=3020, lr=4.46358e-05, gnorm=6.428, clip=100, loss_scale=64, train_wall=41, gb_free=7.3, wall=17373
2023-04-08 18:33:01 - progress_bar.py[line:272] - INFO: epoch 002:   1158 / 1878 loss=4.046, loss_v1=0, loss_v2=0, nll_loss=2.989, ntokens=320, nsentences=64, sample_size=320, sample_size_v1=0, sample_size_v2=0, ppl=7.94, wps=77.8, ups=0.24, wpb=320, bsz=64, num_updates=3030, lr=4.46075e-05, gnorm=5.371, clip=100, loss_scale=64, train_wall=41, gb_free=7.3, wall=17414
2023-04-08 18:33:42 - progress_bar.py[line:272] - INFO: epoch 002:   1168 / 1878 loss=4.052, loss_v1=0, loss_v2=0, nll_loss=2.991, ntokens=320, nsentences=64, sample_size=320, sample_size_v1=0, sample_size_v2=0, ppl=7.95, wps=77.3, ups=0.24, wpb=320, bsz=64, num_updates=3040, lr=4.45791e-05, gnorm=6.217, clip=100, loss_scale=64, train_wall=41, gb_free=7.3, wall=17455
2023-04-08 18:34:23 - progress_bar.py[line:272] - INFO: epoch 002:   1178 / 1878 loss=4.04, loss_v1=0, loss_v2=0, nll_loss=2.988, ntokens=320, nsentences=64, sample_size=320, sample_size_v1=0, sample_size_v2=0, ppl=7.93, wps=78.2, ups=0.24, wpb=320, bsz=64, num_updates=3050, lr=4.45508e-05, gnorm=6.302, clip=100, loss_scale=64, train_wall=41, gb_free=7.3, wall=17496
2023-04-08 18:35:04 - progress_bar.py[line:272] - INFO: epoch 002:   1188 / 1878 loss=4.049, loss_v1=0, loss_v2=0, nll_loss=2.987, ntokens=320, nsentences=64, sample_size=320, sample_size_v1=0, sample_size_v2=0, ppl=7.93, wps=78.5, ups=0.25, wpb=320, bsz=64, num_updates=3060, lr=4.45225e-05, gnorm=6.513, clip=100, loss_scale=64, train_wall=40, gb_free=7.3, wall=17537
2023-04-08 18:35:45 - progress_bar.py[line:272] - INFO: epoch 002:   1198 / 1878 loss=4.034, loss_v1=0, loss_v2=0, nll_loss=2.977, ntokens=320, nsentences=64, sample_size=320, sample_size_v1=0, sample_size_v2=0, ppl=7.87, wps=78.4, ups=0.25, wpb=320, bsz=64, num_updates=3070, lr=4.44942e-05, gnorm=6.474, clip=100, loss_scale=64, train_wall=41, gb_free=7.3, wall=17578
2023-04-08 18:36:26 - progress_bar.py[line:272] - INFO: epoch 002:   1208 / 1878 loss=4.013, loss_v1=0, loss_v2=0, nll_loss=2.951, ntokens=320, nsentences=64, sample_size=320, sample_size_v1=0, sample_size_v2=0, ppl=7.73, wps=78, ups=0.24, wpb=320, bsz=64, num_updates=3080, lr=4.44658e-05, gnorm=6.286, clip=100, loss_scale=64, train_wall=41, gb_free=7.3, wall=17619
2023-04-08 18:37:07 - progress_bar.py[line:272] - INFO: epoch 002:   1218 / 1878 loss=4.066, loss_v1=0, loss_v2=0, nll_loss=3.009, ntokens=320, nsentences=64, sample_size=320, sample_size_v1=0, sample_size_v2=0, ppl=8.05, wps=78.3, ups=0.24, wpb=320, bsz=64, num_updates=3090, lr=4.44375e-05, gnorm=6.329, clip=100, loss_scale=64, train_wall=41, gb_free=7.3, wall=17660
2023-04-08 18:37:47 - progress_bar.py[line:272] - INFO: epoch 002:   1228 / 1878 loss=4.023, loss_v1=0, loss_v2=0, nll_loss=2.968, ntokens=320, nsentences=64, sample_size=320, sample_size_v1=0, sample_size_v2=0, ppl=7.82, wps=78.4, ups=0.25, wpb=320, bsz=64, num_updates=3100, lr=4.44092e-05, gnorm=5.748, clip=100, loss_scale=64, train_wall=41, gb_free=7.3, wall=17701
2023-04-08 18:38:28 - progress_bar.py[line:272] - INFO: epoch 002:   1238 / 1878 loss=4.055, loss_v1=0, loss_v2=0, nll_loss=2.997, ntokens=320, nsentences=64, sample_size=320, sample_size_v1=0, sample_size_v2=0, ppl=7.98, wps=78.4, ups=0.25, wpb=320, bsz=64, num_updates=3110, lr=4.43809e-05, gnorm=6.132, clip=100, loss_scale=64, train_wall=41, gb_free=7.3, wall=17741
2023-04-08 18:39:09 - progress_bar.py[line:272] - INFO: epoch 002:   1248 / 1878 loss=4.012, loss_v1=0, loss_v2=0, nll_loss=2.948, ntokens=320, nsentences=64, sample_size=320, sample_size_v1=0, sample_size_v2=0, ppl=7.72, wps=78.7, ups=0.25, wpb=320, bsz=64, num_updates=3120, lr=4.43526e-05, gnorm=6.002, clip=100, loss_scale=64, train_wall=40, gb_free=7.3, wall=17782
2023-04-08 18:39:50 - progress_bar.py[line:272] - INFO: epoch 002:   1258 / 1878 loss=4.027, loss_v1=0, loss_v2=0, nll_loss=2.969, ntokens=320, nsentences=64, sample_size=320, sample_size_v1=0, sample_size_v2=0, ppl=7.83, wps=78.2, ups=0.24, wpb=320, bsz=64, num_updates=3130, lr=4.43242e-05, gnorm=5.79, clip=100, loss_scale=64, train_wall=41, gb_free=7.3, wall=17823
2023-04-08 18:40:31 - progress_bar.py[line:272] - INFO: epoch 002:   1268 / 1878 loss=4.019, loss_v1=0, loss_v2=0, nll_loss=2.959, ntokens=320, nsentences=64, sample_size=320, sample_size_v1=0, sample_size_v2=0, ppl=7.77, wps=78.2, ups=0.24, wpb=320, bsz=64, num_updates=3140, lr=4.42959e-05, gnorm=5.749, clip=100, loss_scale=64, train_wall=41, gb_free=7.3, wall=17864
2023-04-08 18:41:12 - progress_bar.py[line:272] - INFO: epoch 002:   1278 / 1878 loss=3.976, loss_v1=0, loss_v2=0, nll_loss=2.91, ntokens=320, nsentences=64, sample_size=320, sample_size_v1=0, sample_size_v2=0, ppl=7.52, wps=78.5, ups=0.25, wpb=320, bsz=64, num_updates=3150, lr=4.42676e-05, gnorm=6.333, clip=100, loss_scale=64, train_wall=41, gb_free=7.3, wall=17905
2023-04-08 18:41:52 - progress_bar.py[line:272] - INFO: epoch 002:   1288 / 1878 loss=4.006, loss_v1=0, loss_v2=0, nll_loss=2.946, ntokens=320, nsentences=64, sample_size=320, sample_size_v1=0, sample_size_v2=0, ppl=7.7, wps=78.6, ups=0.25, wpb=320, bsz=64, num_updates=3160, lr=4.42393e-05, gnorm=6.438, clip=100, loss_scale=64, train_wall=41, gb_free=7.3, wall=17945
2023-04-08 18:42:33 - progress_bar.py[line:272] - INFO: epoch 002:   1298 / 1878 loss=4.014, loss_v1=0, loss_v2=0, nll_loss=2.954, ntokens=320, nsentences=64, sample_size=320, sample_size_v1=0, sample_size_v2=0, ppl=7.75, wps=78.6, ups=0.25, wpb=320, bsz=64, num_updates=3170, lr=4.42109e-05, gnorm=5.571, clip=100, loss_scale=64, train_wall=41, gb_free=7.3, wall=17986
2023-04-08 18:43:14 - progress_bar.py[line:272] - INFO: epoch 002:   1308 / 1878 loss=4.069, loss_v1=0, loss_v2=0, nll_loss=3.013, ntokens=320, nsentences=64, sample_size=320, sample_size_v1=0, sample_size_v2=0, ppl=8.07, wps=78.6, ups=0.25, wpb=320, bsz=64, num_updates=3180, lr=4.41826e-05, gnorm=6.317, clip=100, loss_scale=64, train_wall=40, gb_free=7.3, wall=18027
2023-04-08 18:43:55 - progress_bar.py[line:272] - INFO: epoch 002:   1318 / 1878 loss=4.022, loss_v1=0, loss_v2=0, nll_loss=2.964, ntokens=320, nsentences=64, sample_size=320, sample_size_v1=0, sample_size_v2=0, ppl=7.8, wps=78.2, ups=0.24, wpb=320, bsz=64, num_updates=3190, lr=4.41543e-05, gnorm=6.509, clip=100, loss_scale=64, train_wall=41, gb_free=7.3, wall=18068
2023-04-08 18:44:35 - progress_bar.py[line:272] - INFO: epoch 002:   1328 / 1878 loss=4.022, loss_v1=0, loss_v2=0, nll_loss=2.961, ntokens=320, nsentences=64, sample_size=320, sample_size_v1=0, sample_size_v2=0, ppl=7.78, wps=78.7, ups=0.25, wpb=320, bsz=64, num_updates=3200, lr=4.4126e-05, gnorm=5.902, clip=100, loss_scale=64, train_wall=40, gb_free=7.3, wall=18108
2023-04-08 18:45:16 - progress_bar.py[line:272] - INFO: epoch 002:   1338 / 1878 loss=4.01, loss_v1=0, loss_v2=0, nll_loss=2.948, ntokens=320, nsentences=64, sample_size=320, sample_size_v1=0, sample_size_v2=0, ppl=7.72, wps=78.2, ups=0.24, wpb=320, bsz=64, num_updates=3210, lr=4.40977e-05, gnorm=6.209, clip=100, loss_scale=64, train_wall=41, gb_free=7.3, wall=18149
2023-04-08 18:45:57 - progress_bar.py[line:272] - INFO: epoch 002:   1348 / 1878 loss=4.029, loss_v1=0, loss_v2=0, nll_loss=2.972, ntokens=320, nsentences=64, sample_size=320, sample_size_v1=0, sample_size_v2=0, ppl=7.85, wps=78.4, ups=0.24, wpb=320, bsz=64, num_updates=3220, lr=4.40693e-05, gnorm=5.997, clip=100, loss_scale=64, train_wall=41, gb_free=7.3, wall=18190
2023-04-08 18:46:38 - progress_bar.py[line:272] - INFO: epoch 002:   1358 / 1878 loss=4.002, loss_v1=0, loss_v2=0, nll_loss=2.941, ntokens=320, nsentences=64, sample_size=320, sample_size_v1=0, sample_size_v2=0, ppl=7.68, wps=78.3, ups=0.24, wpb=320, bsz=64, num_updates=3230, lr=4.4041e-05, gnorm=6.185, clip=100, loss_scale=64, train_wall=41, gb_free=7.3, wall=18231
2023-04-08 18:47:19 - progress_bar.py[line:272] - INFO: epoch 002:   1368 / 1878 loss=4.008, loss_v1=0, loss_v2=0, nll_loss=2.949, ntokens=320, nsentences=64, sample_size=320, sample_size_v1=0, sample_size_v2=0, ppl=7.72, wps=78.3, ups=0.24, wpb=320, bsz=64, num_updates=3240, lr=4.40127e-05, gnorm=6.201, clip=100, loss_scale=64, train_wall=41, gb_free=7.3, wall=18272
2023-04-08 18:48:00 - progress_bar.py[line:272] - INFO: epoch 002:   1378 / 1878 loss=4.1, loss_v1=0, loss_v2=0, nll_loss=3.051, ntokens=320, nsentences=64, sample_size=320, sample_size_v1=0, sample_size_v2=0, ppl=8.29, wps=77.9, ups=0.24, wpb=320, bsz=64, num_updates=3250, lr=4.39844e-05, gnorm=6.013, clip=100, loss_scale=64, train_wall=41, gb_free=7.3, wall=18313
2023-04-08 18:48:41 - progress_bar.py[line:272] - INFO: epoch 002:   1388 / 1878 loss=3.999, loss_v1=0, loss_v2=0, nll_loss=2.937, ntokens=320, nsentences=64, sample_size=320, sample_size_v1=0, sample_size_v2=0, ppl=7.66, wps=78.1, ups=0.24, wpb=320, bsz=64, num_updates=3260, lr=4.3956e-05, gnorm=5.966, clip=100, loss_scale=64, train_wall=41, gb_free=7.3, wall=18354
2023-04-08 18:49:22 - progress_bar.py[line:272] - INFO: epoch 002:   1398 / 1878 loss=3.99, loss_v1=0, loss_v2=0, nll_loss=2.926, ntokens=320, nsentences=64, sample_size=320, sample_size_v1=0, sample_size_v2=0, ppl=7.6, wps=78, ups=0.24, wpb=320, bsz=64, num_updates=3270, lr=4.39277e-05, gnorm=6.43, clip=100, loss_scale=64, train_wall=41, gb_free=7.3, wall=18395
2023-04-08 18:50:03 - progress_bar.py[line:272] - INFO: epoch 002:   1408 / 1878 loss=4.002, loss_v1=0, loss_v2=0, nll_loss=2.941, ntokens=320, nsentences=64, sample_size=320, sample_size_v1=0, sample_size_v2=0, ppl=7.68, wps=78.4, ups=0.25, wpb=320, bsz=64, num_updates=3280, lr=4.38994e-05, gnorm=6.731, clip=100, loss_scale=64, train_wall=40, gb_free=7.3, wall=18436
2023-04-08 18:50:44 - progress_bar.py[line:272] - INFO: epoch 002:   1418 / 1878 loss=4, loss_v1=0, loss_v2=0, nll_loss=2.94, ntokens=320, nsentences=64, sample_size=320, sample_size_v1=0, sample_size_v2=0, ppl=7.68, wps=78.2, ups=0.24, wpb=320, bsz=64, num_updates=3290, lr=4.38711e-05, gnorm=6.645, clip=100, loss_scale=64, train_wall=41, gb_free=7.3, wall=18477
2023-04-08 18:51:25 - progress_bar.py[line:272] - INFO: epoch 002:   1428 / 1878 loss=4.015, loss_v1=0, loss_v2=0, nll_loss=2.954, ntokens=320, nsentences=64, sample_size=320, sample_size_v1=0, sample_size_v2=0, ppl=7.75, wps=77.8, ups=0.24, wpb=320, bsz=64, num_updates=3300, lr=4.38428e-05, gnorm=5.942, clip=100, loss_scale=64, train_wall=41, gb_free=7.3, wall=18518
2023-04-08 18:52:06 - progress_bar.py[line:272] - INFO: epoch 002:   1438 / 1878 loss=4.023, loss_v1=0, loss_v2=0, nll_loss=2.965, ntokens=320, nsentences=64, sample_size=320, sample_size_v1=0, sample_size_v2=0, ppl=7.81, wps=78.1, ups=0.24, wpb=320, bsz=64, num_updates=3310, lr=4.38144e-05, gnorm=5.396, clip=100, loss_scale=64, train_wall=41, gb_free=7.3, wall=18559
2023-04-08 18:52:47 - progress_bar.py[line:272] - INFO: epoch 002:   1448 / 1878 loss=3.967, loss_v1=0, loss_v2=0, nll_loss=2.897, ntokens=320, nsentences=64, sample_size=320, sample_size_v1=0, sample_size_v2=0, ppl=7.45, wps=77.9, ups=0.24, wpb=320, bsz=64, num_updates=3320, lr=4.37861e-05, gnorm=6.032, clip=100, loss_scale=64, train_wall=41, gb_free=7.3, wall=18600
2023-04-08 18:53:28 - progress_bar.py[line:272] - INFO: epoch 002:   1458 / 1878 loss=4.053, loss_v1=0, loss_v2=0, nll_loss=3.002, ntokens=320, nsentences=64, sample_size=320, sample_size_v1=0, sample_size_v2=0, ppl=8.01, wps=78.2, ups=0.24, wpb=320, bsz=64, num_updates=3330, lr=4.37578e-05, gnorm=6.986, clip=100, loss_scale=64, train_wall=41, gb_free=7.3, wall=18641
2023-04-08 18:54:09 - progress_bar.py[line:272] - INFO: epoch 002:   1468 / 1878 loss=4.017, loss_v1=0, loss_v2=0, nll_loss=2.96, ntokens=320, nsentences=64, sample_size=320, sample_size_v1=0, sample_size_v2=0, ppl=7.78, wps=78.3, ups=0.24, wpb=320, bsz=64, num_updates=3340, lr=4.37295e-05, gnorm=5.612, clip=100, loss_scale=64, train_wall=41, gb_free=7.3, wall=18682
2023-04-08 18:54:49 - progress_bar.py[line:272] - INFO: epoch 002:   1478 / 1878 loss=3.981, loss_v1=0, loss_v2=0, nll_loss=2.911, ntokens=320, nsentences=64, sample_size=320, sample_size_v1=0, sample_size_v2=0, ppl=7.52, wps=78.6, ups=0.25, wpb=320, bsz=64, num_updates=3350, lr=4.37011e-05, gnorm=6.33, clip=100, loss_scale=64, train_wall=41, gb_free=7.3, wall=18722
2023-04-08 18:55:30 - progress_bar.py[line:272] - INFO: epoch 002:   1488 / 1878 loss=3.982, loss_v1=0, loss_v2=0, nll_loss=2.919, ntokens=320, nsentences=64, sample_size=320, sample_size_v1=0, sample_size_v2=0, ppl=7.56, wps=77.8, ups=0.24, wpb=320, bsz=64, num_updates=3360, lr=4.36728e-05, gnorm=6.229, clip=100, loss_scale=64, train_wall=41, gb_free=7.3, wall=18764
2023-04-08 18:56:12 - progress_bar.py[line:272] - INFO: epoch 002:   1498 / 1878 loss=3.925, loss_v1=0, loss_v2=0, nll_loss=2.856, ntokens=320, nsentences=64, sample_size=320, sample_size_v1=0, sample_size_v2=0, ppl=7.24, wps=77.4, ups=0.24, wpb=320, bsz=64, num_updates=3370, lr=4.36445e-05, gnorm=6.652, clip=100, loss_scale=64, train_wall=41, gb_free=7.3, wall=18805
2023-04-08 18:56:53 - progress_bar.py[line:272] - INFO: epoch 002:   1508 / 1878 loss=3.977, loss_v1=0, loss_v2=0, nll_loss=2.916, ntokens=320, nsentences=64, sample_size=320, sample_size_v1=0, sample_size_v2=0, ppl=7.55, wps=78.4, ups=0.24, wpb=320, bsz=64, num_updates=3380, lr=4.36162e-05, gnorm=6.429, clip=100, loss_scale=64, train_wall=41, gb_free=7.3, wall=18846
2023-04-08 18:57:33 - progress_bar.py[line:272] - INFO: epoch 002:   1518 / 1878 loss=4.002, loss_v1=0, loss_v2=0, nll_loss=2.939, ntokens=320, nsentences=64, sample_size=320, sample_size_v1=0, sample_size_v2=0, ppl=7.67, wps=78.2, ups=0.24, wpb=320, bsz=64, num_updates=3390, lr=4.35879e-05, gnorm=5.68, clip=100, loss_scale=64, train_wall=41, gb_free=7.3, wall=18887
2023-04-08 18:58:14 - progress_bar.py[line:272] - INFO: epoch 002:   1528 / 1878 loss=3.896, loss_v1=0, loss_v2=0, nll_loss=2.819, ntokens=320, nsentences=64, sample_size=320, sample_size_v1=0, sample_size_v2=0, ppl=7.06, wps=78.3, ups=0.24, wpb=320, bsz=64, num_updates=3400, lr=4.35595e-05, gnorm=5.662, clip=100, loss_scale=64, train_wall=41, gb_free=7.3, wall=18928
2023-04-08 18:58:55 - progress_bar.py[line:272] - INFO: epoch 002:   1538 / 1878 loss=3.974, loss_v1=0, loss_v2=0, nll_loss=2.91, ntokens=320, nsentences=64, sample_size=320, sample_size_v1=0, sample_size_v2=0, ppl=7.52, wps=78.3, ups=0.24, wpb=320, bsz=64, num_updates=3410, lr=4.35312e-05, gnorm=6.12, clip=100, loss_scale=128, train_wall=41, gb_free=7.3, wall=18968
2023-04-08 18:59:36 - progress_bar.py[line:272] - INFO: epoch 002:   1548 / 1878 loss=3.936, loss_v1=0, loss_v2=0, nll_loss=2.866, ntokens=320, nsentences=64, sample_size=320, sample_size_v1=0, sample_size_v2=0, ppl=7.29, wps=78.2, ups=0.24, wpb=320, bsz=64, num_updates=3420, lr=4.35029e-05, gnorm=6.233, clip=100, loss_scale=128, train_wall=41, gb_free=7.3, wall=19009
2023-04-08 19:00:17 - progress_bar.py[line:272] - INFO: epoch 002:   1558 / 1878 loss=3.999, loss_v1=0, loss_v2=0, nll_loss=2.936, ntokens=320, nsentences=64, sample_size=320, sample_size_v1=0, sample_size_v2=0, ppl=7.65, wps=77.7, ups=0.24, wpb=320, bsz=64, num_updates=3430, lr=4.34746e-05, gnorm=6.353, clip=100, loss_scale=128, train_wall=41, gb_free=7.3, wall=19051
2023-04-08 19:00:58 - progress_bar.py[line:272] - INFO: epoch 002:   1568 / 1878 loss=3.974, loss_v1=0, loss_v2=0, nll_loss=2.909, ntokens=320, nsentences=64, sample_size=320, sample_size_v1=0, sample_size_v2=0, ppl=7.51, wps=77.8, ups=0.24, wpb=320, bsz=64, num_updates=3440, lr=4.34462e-05, gnorm=6.284, clip=100, loss_scale=128, train_wall=41, gb_free=7.3, wall=19092
2023-04-08 19:01:39 - progress_bar.py[line:272] - INFO: epoch 002:   1578 / 1878 loss=3.927, loss_v1=0, loss_v2=0, nll_loss=2.856, ntokens=320, nsentences=64, sample_size=320, sample_size_v1=0, sample_size_v2=0, ppl=7.24, wps=78.3, ups=0.24, wpb=320, bsz=64, num_updates=3450, lr=4.34179e-05, gnorm=5.49, clip=100, loss_scale=128, train_wall=41, gb_free=7.3, wall=19133
2023-04-08 19:02:20 - progress_bar.py[line:272] - INFO: epoch 002:   1588 / 1878 loss=4.005, loss_v1=0, loss_v2=0, nll_loss=2.945, ntokens=320, nsentences=64, sample_size=320, sample_size_v1=0, sample_size_v2=0, ppl=7.7, wps=78.4, ups=0.25, wpb=320, bsz=64, num_updates=3460, lr=4.33896e-05, gnorm=6.31, clip=100, loss_scale=128, train_wall=41, gb_free=7.3, wall=19173
2023-04-08 19:03:01 - progress_bar.py[line:272] - INFO: epoch 002:   1598 / 1878 loss=3.925, loss_v1=0, loss_v2=0, nll_loss=2.859, ntokens=320, nsentences=64, sample_size=320, sample_size_v1=0, sample_size_v2=0, ppl=7.26, wps=78.3, ups=0.24, wpb=320, bsz=64, num_updates=3470, lr=4.33613e-05, gnorm=5.521, clip=100, loss_scale=128, train_wall=41, gb_free=7.3, wall=19214
2023-04-08 19:03:42 - progress_bar.py[line:272] - INFO: epoch 002:   1608 / 1878 loss=3.99, loss_v1=0, loss_v2=0, nll_loss=2.919, ntokens=320, nsentences=64, sample_size=320, sample_size_v1=0, sample_size_v2=0, ppl=7.56, wps=78.4, ups=0.24, wpb=320, bsz=64, num_updates=3480, lr=4.3333e-05, gnorm=6.548, clip=100, loss_scale=128, train_wall=41, gb_free=7.3, wall=19255
2023-04-08 19:04:23 - progress_bar.py[line:272] - INFO: epoch 002:   1618 / 1878 loss=3.974, loss_v1=0, loss_v2=0, nll_loss=2.915, ntokens=319.5, nsentences=63.9, sample_size=319.5, sample_size_v1=0, sample_size_v2=0, ppl=7.54, wps=77.6, ups=0.24, wpb=319.5, bsz=63.9, num_updates=3490, lr=4.33046e-05, gnorm=6.045, clip=100, loss_scale=128, train_wall=41, gb_free=7.3, wall=19296
2023-04-08 19:05:04 - progress_bar.py[line:272] - INFO: epoch 002:   1628 / 1878 loss=3.991, loss_v1=0, loss_v2=0, nll_loss=2.93, ntokens=320, nsentences=64, sample_size=320, sample_size_v1=0, sample_size_v2=0, ppl=7.62, wps=78.3, ups=0.24, wpb=320, bsz=64, num_updates=3500, lr=4.32763e-05, gnorm=6.238, clip=100, loss_scale=128, train_wall=41, gb_free=7.3, wall=19337
2023-04-08 19:05:04 - train.py[line:445] - INFO: begin validation on "valid" subset
slice_id 0 seek offset 0
slice_id 1 seek offset 5379
slice_id 0 seek offset 0
slice_id 1 seek offset 5379
2023-04-08 19:16:19 - progress_bar.py[line:282] - INFO: epoch 002 | valid on 'valid' subset | loss 4.413 | loss_v1 0 | loss_v2 0 | nll_loss 3.38 | ntokens 39.993 | nsentences 7.999 | sample_size 39.993 | sample_size_v1 0 | sample_size_v2 0 | ppl 10.41 | score 0.377 | wps 79.7 | wpb 40 | bsz 8 | num_updates 3500 | best_score 0.4586
2023-04-08 19:16:19 - checkpoint_utils.py[line:64] - INFO: Preparing to save checkpoint for epoch 2 @ 3500 updates
2023-04-08 19:16:19 - trainer.py[line:431] - INFO: Saving checkpoint to ./refcocoplus_EC_checkpoints_exp2/10_5e-5_512/checkpoint_2_3500.pt
2023-04-08 19:16:39 - trainer.py[line:441] - INFO: Finished saving checkpoint to ./refcocoplus_EC_checkpoints_exp2/10_5e-5_512/checkpoint_2_3500.pt
2023-04-08 19:16:48 - checkpoint_utils.py[line:133] - INFO: Saved checkpoint ./refcocoplus_EC_checkpoints_exp2/10_5e-5_512/checkpoint_2_3500.pt (epoch 2 @ 3500 updates, score 0.377) (writing took 29.418630274944007 seconds)
2023-04-08 19:17:28 - progress_bar.py[line:272] - INFO: epoch 002:   1638 / 1878 loss=4.046, loss_v1=0, loss_v2=0, nll_loss=2.988, ntokens=320, nsentences=64, sample_size=320, sample_size_v1=0, sample_size_v2=0, ppl=7.93, wps=4.3, ups=0.01, wpb=320, bsz=64, num_updates=3510, lr=4.3248e-05, gnorm=6.135, clip=100, loss_scale=128, train_wall=40, gb_free=7.3, wall=20082
2023-04-08 19:18:09 - progress_bar.py[line:272] - INFO: epoch 002:   1648 / 1878 loss=3.964, loss_v1=0, loss_v2=0, nll_loss=2.906, ntokens=320, nsentences=64, sample_size=320, sample_size_v1=0, sample_size_v2=0, ppl=7.5, wps=78.6, ups=0.25, wpb=320, bsz=64, num_updates=3520, lr=4.32197e-05, gnorm=6.381, clip=100, loss_scale=128, train_wall=40, gb_free=7.3, wall=20122
2023-04-08 19:18:50 - progress_bar.py[line:272] - INFO: epoch 002:   1658 / 1878 loss=3.917, loss_v1=0, loss_v2=0, nll_loss=2.84, ntokens=320, nsentences=64, sample_size=320, sample_size_v1=0, sample_size_v2=0, ppl=7.16, wps=78.4, ups=0.24, wpb=320, bsz=64, num_updates=3530, lr=4.31913e-05, gnorm=6.262, clip=100, loss_scale=128, train_wall=40, gb_free=7.3, wall=20163
2023-04-08 19:19:31 - progress_bar.py[line:272] - INFO: epoch 002:   1668 / 1878 loss=3.976, loss_v1=0, loss_v2=0, nll_loss=2.915, ntokens=320, nsentences=64, sample_size=320, sample_size_v1=0, sample_size_v2=0, ppl=7.54, wps=78.4, ups=0.25, wpb=320, bsz=64, num_updates=3540, lr=4.3163e-05, gnorm=5.867, clip=100, loss_scale=128, train_wall=41, gb_free=7.3, wall=20204
2023-04-08 19:20:12 - progress_bar.py[line:272] - INFO: epoch 002:   1678 / 1878 loss=3.935, loss_v1=0, loss_v2=0, nll_loss=2.865, ntokens=320, nsentences=64, sample_size=320, sample_size_v1=0, sample_size_v2=0, ppl=7.29, wps=78.2, ups=0.24, wpb=320, bsz=64, num_updates=3550, lr=4.31347e-05, gnorm=5.573, clip=100, loss_scale=128, train_wall=41, gb_free=7.3, wall=20245
2023-04-08 19:20:52 - progress_bar.py[line:272] - INFO: epoch 002:   1688 / 1878 loss=3.963, loss_v1=0, loss_v2=0, nll_loss=2.896, ntokens=320, nsentences=64, sample_size=320, sample_size_v1=0, sample_size_v2=0, ppl=7.44, wps=78.5, ups=0.25, wpb=320, bsz=64, num_updates=3560, lr=4.31064e-05, gnorm=6.354, clip=100, loss_scale=128, train_wall=41, gb_free=7.3, wall=20286
2023-04-08 19:21:33 - progress_bar.py[line:272] - INFO: epoch 002:   1698 / 1878 loss=3.982, loss_v1=0, loss_v2=0, nll_loss=2.922, ntokens=320, nsentences=64, sample_size=320, sample_size_v1=0, sample_size_v2=0, ppl=7.58, wps=78.2, ups=0.24, wpb=320, bsz=64, num_updates=3570, lr=4.30781e-05, gnorm=5.728, clip=100, loss_scale=128, train_wall=41, gb_free=7.3, wall=20326
2023-04-08 19:22:14 - progress_bar.py[line:272] - INFO: epoch 002:   1708 / 1878 loss=3.951, loss_v1=0, loss_v2=0, nll_loss=2.882, ntokens=320, nsentences=64, sample_size=320, sample_size_v1=0, sample_size_v2=0, ppl=7.37, wps=78.6, ups=0.25, wpb=320, bsz=64, num_updates=3580, lr=4.30497e-05, gnorm=6.205, clip=100, loss_scale=128, train_wall=41, gb_free=7.3, wall=20367
2023-04-08 19:22:55 - progress_bar.py[line:272] - INFO: epoch 002:   1718 / 1878 loss=3.908, loss_v1=0, loss_v2=0, nll_loss=2.834, ntokens=320, nsentences=64, sample_size=320, sample_size_v1=0, sample_size_v2=0, ppl=7.13, wps=78.4, ups=0.24, wpb=320, bsz=64, num_updates=3590, lr=4.30214e-05, gnorm=6.369, clip=100, loss_scale=128, train_wall=41, gb_free=7.3, wall=20408
2023-04-08 19:23:36 - progress_bar.py[line:272] - INFO: epoch 002:   1728 / 1878 loss=3.927, loss_v1=0, loss_v2=0, nll_loss=2.86, ntokens=320, nsentences=64, sample_size=320, sample_size_v1=0, sample_size_v2=0, ppl=7.26, wps=78.4, ups=0.25, wpb=320, bsz=64, num_updates=3600, lr=4.29931e-05, gnorm=6.188, clip=100, loss_scale=128, train_wall=41, gb_free=7.3, wall=20449
2023-04-08 19:24:16 - progress_bar.py[line:272] - INFO: epoch 002:   1738 / 1878 loss=3.935, loss_v1=0, loss_v2=0, nll_loss=2.863, ntokens=320, nsentences=64, sample_size=320, sample_size_v1=0, sample_size_v2=0, ppl=7.27, wps=78.5, ups=0.25, wpb=320, bsz=64, num_updates=3610, lr=4.29648e-05, gnorm=6.114, clip=100, loss_scale=128, train_wall=40, gb_free=7.3, wall=20490
2023-04-08 19:24:57 - progress_bar.py[line:272] - INFO: epoch 002:   1748 / 1878 loss=3.948, loss_v1=0, loss_v2=0, nll_loss=2.882, ntokens=320, nsentences=64, sample_size=320, sample_size_v1=0, sample_size_v2=0, ppl=7.37, wps=78.8, ups=0.25, wpb=320, bsz=64, num_updates=3620, lr=4.29364e-05, gnorm=6.311, clip=100, loss_scale=128, train_wall=40, gb_free=7.3, wall=20530
2023-04-08 19:25:38 - progress_bar.py[line:272] - INFO: epoch 002:   1758 / 1878 loss=3.914, loss_v1=0, loss_v2=0, nll_loss=2.843, ntokens=320, nsentences=64, sample_size=320, sample_size_v1=0, sample_size_v2=0, ppl=7.17, wps=78.3, ups=0.24, wpb=320, bsz=64, num_updates=3630, lr=4.29081e-05, gnorm=6.438, clip=100, loss_scale=128, train_wall=41, gb_free=7.3, wall=20571
2023-04-08 19:26:19 - progress_bar.py[line:272] - INFO: epoch 002:   1768 / 1878 loss=3.951, loss_v1=0, loss_v2=0, nll_loss=2.882, ntokens=320, nsentences=64, sample_size=320, sample_size_v1=0, sample_size_v2=0, ppl=7.37, wps=78.3, ups=0.24, wpb=320, bsz=64, num_updates=3640, lr=4.28798e-05, gnorm=6.251, clip=100, loss_scale=128, train_wall=41, gb_free=7.3, wall=20612
2023-04-08 19:27:00 - progress_bar.py[line:272] - INFO: epoch 002:   1778 / 1878 loss=3.923, loss_v1=0, loss_v2=0, nll_loss=2.854, ntokens=320, nsentences=64, sample_size=320, sample_size_v1=0, sample_size_v2=0, ppl=7.23, wps=78.3, ups=0.24, wpb=320, bsz=64, num_updates=3650, lr=4.28515e-05, gnorm=5.958, clip=100, loss_scale=128, train_wall=41, gb_free=7.3, wall=20653
2023-04-08 19:27:40 - progress_bar.py[line:272] - INFO: epoch 002:   1788 / 1878 loss=3.959, loss_v1=0, loss_v2=0, nll_loss=2.893, ntokens=320, nsentences=64, sample_size=320, sample_size_v1=0, sample_size_v2=0, ppl=7.43, wps=78.4, ups=0.25, wpb=320, bsz=64, num_updates=3660, lr=4.28232e-05, gnorm=6.799, clip=100, loss_scale=128, train_wall=41, gb_free=7.3, wall=20694
2023-04-08 19:28:22 - progress_bar.py[line:272] - INFO: epoch 002:   1798 / 1878 loss=3.989, loss_v1=0, loss_v2=0, nll_loss=2.926, ntokens=320, nsentences=64, sample_size=320, sample_size_v1=0, sample_size_v2=0, ppl=7.6, wps=77.9, ups=0.24, wpb=320, bsz=64, num_updates=3670, lr=4.27948e-05, gnorm=7.208, clip=100, loss_scale=128, train_wall=41, gb_free=7.3, wall=20735
2023-04-08 19:29:03 - progress_bar.py[line:272] - INFO: epoch 002:   1808 / 1878 loss=3.957, loss_v1=0, loss_v2=0, nll_loss=2.891, ntokens=320, nsentences=64, sample_size=320, sample_size_v1=0, sample_size_v2=0, ppl=7.42, wps=77.6, ups=0.24, wpb=320, bsz=64, num_updates=3680, lr=4.27665e-05, gnorm=6.546, clip=100, loss_scale=128, train_wall=41, gb_free=7.3, wall=20776
2023-04-08 19:29:44 - progress_bar.py[line:272] - INFO: epoch 002:   1818 / 1878 loss=3.941, loss_v1=0, loss_v2=0, nll_loss=2.871, ntokens=320, nsentences=64, sample_size=320, sample_size_v1=0, sample_size_v2=0, ppl=7.32, wps=78.1, ups=0.24, wpb=320, bsz=64, num_updates=3690, lr=4.27382e-05, gnorm=6.591, clip=100, loss_scale=128, train_wall=41, gb_free=7.3, wall=20817
2023-04-08 19:30:25 - progress_bar.py[line:272] - INFO: epoch 002:   1828 / 1878 loss=3.918, loss_v1=0, loss_v2=0, nll_loss=2.85, ntokens=320, nsentences=64, sample_size=320, sample_size_v1=0, sample_size_v2=0, ppl=7.21, wps=78.3, ups=0.24, wpb=320, bsz=64, num_updates=3700, lr=4.27099e-05, gnorm=6.347, clip=100, loss_scale=128, train_wall=41, gb_free=7.3, wall=20858
2023-04-08 19:31:05 - progress_bar.py[line:272] - INFO: epoch 002:   1838 / 1878 loss=3.966, loss_v1=0, loss_v2=0, nll_loss=2.904, ntokens=320, nsentences=64, sample_size=320, sample_size_v1=0, sample_size_v2=0, ppl=7.49, wps=78.5, ups=0.25, wpb=320, bsz=64, num_updates=3710, lr=4.26815e-05, gnorm=6.309, clip=100, loss_scale=128, train_wall=41, gb_free=7.3, wall=20898
2023-04-08 19:31:46 - progress_bar.py[line:272] - INFO: epoch 002:   1848 / 1878 loss=3.955, loss_v1=0, loss_v2=0, nll_loss=2.886, ntokens=320, nsentences=64, sample_size=320, sample_size_v1=0, sample_size_v2=0, ppl=7.39, wps=78.3, ups=0.24, wpb=320, bsz=64, num_updates=3720, lr=4.26532e-05, gnorm=5.842, clip=100, loss_scale=128, train_wall=41, gb_free=7.3, wall=20939
2023-04-08 19:32:27 - progress_bar.py[line:272] - INFO: epoch 002:   1858 / 1878 loss=3.93, loss_v1=0, loss_v2=0, nll_loss=2.859, ntokens=320, nsentences=64, sample_size=320, sample_size_v1=0, sample_size_v2=0, ppl=7.26, wps=78.5, ups=0.25, wpb=320, bsz=64, num_updates=3730, lr=4.26249e-05, gnorm=6.362, clip=100, loss_scale=128, train_wall=40, gb_free=7.3, wall=20980
2023-04-08 19:33:08 - progress_bar.py[line:272] - INFO: epoch 002:   1868 / 1878 loss=3.968, loss_v1=0, loss_v2=0, nll_loss=2.906, ntokens=320, nsentences=64, sample_size=320, sample_size_v1=0, sample_size_v2=0, ppl=7.49, wps=78.3, ups=0.24, wpb=320, bsz=64, num_updates=3740, lr=4.25966e-05, gnorm=5.924, clip=100, loss_scale=128, train_wall=41, gb_free=7.3, wall=21021
slice_id 1 seek offset 5379
2023-04-08 19:33:48 - progress_bar.py[line:272] - INFO: epoch 002:   1878 / 1878 loss=3.921, loss_v1=0, loss_v2=0, nll_loss=2.849, ntokens=320, nsentences=64, sample_size=320, sample_size_v1=0, sample_size_v2=0, ppl=7.21, wps=80.5, ups=0.25, wpb=320, bsz=64, num_updates=3750, lr=4.25683e-05, gnorm=6.351, clip=100, loss_scale=128, train_wall=39, gb_free=7.3, wall=21061
2023-04-08 19:33:48 - train.py[line:445] - INFO: begin validation on "valid" subset
slice_id 0 seek offset 0
slice_id 0 seek offset 0
slice_id 1 seek offset 5379
2023-04-08 19:45:02 - progress_bar.py[line:282] - INFO: epoch 002 | valid on 'valid' subset | loss 4.409 | loss_v1 0 | loss_v2 0 | nll_loss 3.377 | ntokens 39.993 | nsentences 7.999 | sample_size 39.993 | sample_size_v1 0 | sample_size_v2 0 | ppl 10.39 | score 0.3911 | wps 79.8 | wpb 40 | bsz 8 | num_updates 3750 | best_score 0.4586
2023-04-08 19:45:02 - checkpoint_utils.py[line:64] - INFO: Preparing to save checkpoint for epoch 2 @ 3750 updates
local datafile ../../dataset/refcocoplus_data/refcocoplus_train_EC.tsv slice_id 1 begin to initialize row_count and line_idx-to-offset mapping
2023-04-08 19:45:02 - trainer.py[line:431] - INFO: Saving checkpoint to ./refcocoplus_EC_checkpoints_exp2/10_5e-5_512/checkpoint_last.pt
2023-04-08 19:45:16 - trainer.py[line:441] - INFO: Finished saving checkpoint to ./refcocoplus_EC_checkpoints_exp2/10_5e-5_512/checkpoint_last.pt
2023-04-08 19:45:17 - checkpoint_utils.py[line:133] - INFO: Saved checkpoint ./refcocoplus_EC_checkpoints_exp2/10_5e-5_512/checkpoint_last.pt (epoch 2 @ 3750 updates, score 0.3911) (writing took 14.321896347217262 seconds)
2023-04-08 19:45:17 - train.py[line:332] - INFO: end of epoch 2 (average epoch stats below)
2023-04-08 19:45:17 - progress_bar.py[line:282] - INFO: epoch 002 | loss 4.108 | loss_v1 0 | loss_v2 0 | nll_loss 3.058 | ntokens 319.997 | nsentences 63.999 | sample_size 319.997 | sample_size_v1 0 | sample_size_v2 0 | ppl 8.33 | wps 53.6 | ups 0.17 | wpb 320 | bsz 64 | num_updates 3750 | lr 4.25683e-05 | gnorm 6.131 | clip 100 | loss_scale 128 | train_wall 7629 | gb_free 7.3 | wall 21751
2023-04-08 19:45:17 - trainer.py[line:639] - INFO: loading train data for epoch 3
local datafile ../../dataset/refcocoplus_data/refcocoplus_train_EC.tsv slice_id 0 begin to initialize row_count and line_idx-to-offset mapping
local datafile ../../dataset/refcocoplus_data/refcocoplus_train_EC.tsv slice_id 1 finished initializing row_count and line_idx-to-offset mapping
file ../../dataset/refcocoplus_data/refcocoplus_train_EC.tsv slice_id 1 row count 60095 total row count 120191
slice_id 1 seek offset 60096
local datafile ../../dataset/refcocoplus_data/refcocoplus_train_EC.tsv slice_id 0 finished initializing row_count and line_idx-to-offset mapping
file ../../dataset/refcocoplus_data/refcocoplus_train_EC.tsv slice_id 0 row count 60096 total row count 120191
slice_id 0 seek offset 0
2023-04-08 19:45:34 - trainer.py[line:703] - INFO: begin training epoch 3
2023-04-08 19:45:34 - train.py[line:305] - INFO: Start iterating over samples
2023-04-08 19:45:38 - trainer.py[line:921] - INFO: NOTE: gradient overflow detected, ignoring gradient, setting loss scale to: 64.0
2023-04-08 19:46:19 - progress_bar.py[line:272] - INFO: epoch 003:     11 / 1878 loss=3.901, loss_v1=0, loss_v2=0, nll_loss=2.825, ntokens=320, nsentences=64, sample_size=320, sample_size_v1=0, sample_size_v2=0, ppl=7.09, wps=4.3, ups=0.01, wpb=320, bsz=64, num_updates=3760, lr=4.25399e-05, gnorm=6.22, clip=100, loss_scale=64, train_wall=44, gb_free=7.3, wall=21812
2023-04-08 19:47:00 - progress_bar.py[line:272] - INFO: epoch 003:     21 / 1878 loss=3.938, loss_v1=0, loss_v2=0, nll_loss=2.87, ntokens=320, nsentences=64, sample_size=320, sample_size_v1=0, sample_size_v2=0, ppl=7.31, wps=78.2, ups=0.24, wpb=320, bsz=64, num_updates=3770, lr=4.25116e-05, gnorm=6.781, clip=100, loss_scale=64, train_wall=41, gb_free=7.3, wall=21853
2023-04-08 19:47:40 - progress_bar.py[line:272] - INFO: epoch 003:     31 / 1878 loss=3.959, loss_v1=0, loss_v2=0, nll_loss=2.898, ntokens=320, nsentences=64, sample_size=320, sample_size_v1=0, sample_size_v2=0, ppl=7.45, wps=78.4, ups=0.24, wpb=320, bsz=64, num_updates=3780, lr=4.24833e-05, gnorm=6.397, clip=100, loss_scale=64, train_wall=41, gb_free=7.3, wall=21894
2023-04-08 19:48:21 - progress_bar.py[line:272] - INFO: epoch 003:     41 / 1878 loss=3.96, loss_v1=0, loss_v2=0, nll_loss=2.887, ntokens=320, nsentences=64, sample_size=320, sample_size_v1=0, sample_size_v2=0, ppl=7.4, wps=78.8, ups=0.25, wpb=320, bsz=64, num_updates=3790, lr=4.2455e-05, gnorm=6.362, clip=100, loss_scale=64, train_wall=40, gb_free=7.3, wall=21934
2023-04-08 19:49:02 - progress_bar.py[line:272] - INFO: epoch 003:     51 / 1878 loss=3.997, loss_v1=0, loss_v2=0, nll_loss=2.941, ntokens=320, nsentences=64, sample_size=320, sample_size_v1=0, sample_size_v2=0, ppl=7.68, wps=78.7, ups=0.25, wpb=320, bsz=64, num_updates=3800, lr=4.24266e-05, gnorm=6.527, clip=100, loss_scale=64, train_wall=40, gb_free=7.3, wall=21975
2023-04-08 19:49:42 - progress_bar.py[line:272] - INFO: epoch 003:     61 / 1878 loss=3.948, loss_v1=0, loss_v2=0, nll_loss=2.881, ntokens=320, nsentences=64, sample_size=320, sample_size_v1=0, sample_size_v2=0, ppl=7.37, wps=78.8, ups=0.25, wpb=320, bsz=64, num_updates=3810, lr=4.23983e-05, gnorm=6.435, clip=100, loss_scale=64, train_wall=40, gb_free=7.3, wall=22015
2023-04-08 19:50:23 - progress_bar.py[line:272] - INFO: epoch 003:     71 / 1878 loss=3.987, loss_v1=0, loss_v2=0, nll_loss=2.919, ntokens=320, nsentences=64, sample_size=320, sample_size_v1=0, sample_size_v2=0, ppl=7.57, wps=78.3, ups=0.24, wpb=320, bsz=64, num_updates=3820, lr=4.237e-05, gnorm=7.354, clip=100, loss_scale=64, train_wall=41, gb_free=7.3, wall=22056
2023-04-08 19:51:04 - progress_bar.py[line:272] - INFO: epoch 003:     81 / 1878 loss=3.969, loss_v1=0, loss_v2=0, nll_loss=2.907, ntokens=320, nsentences=64, sample_size=320, sample_size_v1=0, sample_size_v2=0, ppl=7.5, wps=78.2, ups=0.24, wpb=320, bsz=64, num_updates=3830, lr=4.23417e-05, gnorm=6.609, clip=100, loss_scale=64, train_wall=41, gb_free=7.3, wall=22097
2023-04-08 19:51:45 - progress_bar.py[line:272] - INFO: epoch 003:     91 / 1878 loss=3.913, loss_v1=0, loss_v2=0, nll_loss=2.841, ntokens=320, nsentences=64, sample_size=320, sample_size_v1=0, sample_size_v2=0, ppl=7.17, wps=78.1, ups=0.24, wpb=320, bsz=64, num_updates=3840, lr=4.23134e-05, gnorm=6.791, clip=100, loss_scale=64, train_wall=41, gb_free=7.3, wall=22138
2023-04-08 19:52:26 - progress_bar.py[line:272] - INFO: epoch 003:    101 / 1878 loss=3.981, loss_v1=0, loss_v2=0, nll_loss=2.919, ntokens=320, nsentences=64, sample_size=320, sample_size_v1=0, sample_size_v2=0, ppl=7.56, wps=78, ups=0.24, wpb=320, bsz=64, num_updates=3850, lr=4.2285e-05, gnorm=7.847, clip=100, loss_scale=64, train_wall=41, gb_free=7.3, wall=22179
2023-04-08 19:53:07 - progress_bar.py[line:272] - INFO: epoch 003:    111 / 1878 loss=3.9, loss_v1=0, loss_v2=0, nll_loss=2.832, ntokens=320, nsentences=64, sample_size=320, sample_size_v1=0, sample_size_v2=0, ppl=7.12, wps=78.6, ups=0.25, wpb=320, bsz=64, num_updates=3860, lr=4.22567e-05, gnorm=6.776, clip=100, loss_scale=64, train_wall=40, gb_free=7.3, wall=22220
2023-04-08 19:53:47 - progress_bar.py[line:272] - INFO: epoch 003:    121 / 1878 loss=3.943, loss_v1=0, loss_v2=0, nll_loss=2.873, ntokens=320, nsentences=64, sample_size=320, sample_size_v1=0, sample_size_v2=0, ppl=7.33, wps=78.6, ups=0.25, wpb=320, bsz=64, num_updates=3870, lr=4.22284e-05, gnorm=7.165, clip=100, loss_scale=64, train_wall=40, gb_free=7.3, wall=22261
2023-04-08 19:54:28 - progress_bar.py[line:272] - INFO: epoch 003:    131 / 1878 loss=3.912, loss_v1=0, loss_v2=0, nll_loss=2.844, ntokens=320, nsentences=64, sample_size=320, sample_size_v1=0, sample_size_v2=0, ppl=7.18, wps=78.5, ups=0.25, wpb=320, bsz=64, num_updates=3880, lr=4.22001e-05, gnorm=7.187, clip=100, loss_scale=64, train_wall=40, gb_free=7.3, wall=22301
2023-04-08 19:55:09 - progress_bar.py[line:272] - INFO: epoch 003:    141 / 1878 loss=3.901, loss_v1=0, loss_v2=0, nll_loss=2.831, ntokens=320, nsentences=64, sample_size=320, sample_size_v1=0, sample_size_v2=0, ppl=7.11, wps=78.3, ups=0.24, wpb=320, bsz=64, num_updates=3890, lr=4.21717e-05, gnorm=6.68, clip=100, loss_scale=64, train_wall=41, gb_free=7.3, wall=22342
2023-04-08 19:55:50 - progress_bar.py[line:272] - INFO: epoch 003:    151 / 1878 loss=3.926, loss_v1=0, loss_v2=0, nll_loss=2.849, ntokens=320, nsentences=64, sample_size=320, sample_size_v1=0, sample_size_v2=0, ppl=7.2, wps=78.4, ups=0.24, wpb=320, bsz=64, num_updates=3900, lr=4.21434e-05, gnorm=8.491, clip=100, loss_scale=64, train_wall=41, gb_free=7.3, wall=22383
2023-04-08 19:56:31 - progress_bar.py[line:272] - INFO: epoch 003:    161 / 1878 loss=3.952, loss_v1=0, loss_v2=0, nll_loss=2.895, ntokens=320, nsentences=64, sample_size=320, sample_size_v1=0, sample_size_v2=0, ppl=7.44, wps=78.4, ups=0.25, wpb=320, bsz=64, num_updates=3910, lr=4.21151e-05, gnorm=7.426, clip=100, loss_scale=64, train_wall=41, gb_free=7.3, wall=22424
2023-04-08 19:57:12 - progress_bar.py[line:272] - INFO: epoch 003:    171 / 1878 loss=3.94, loss_v1=0, loss_v2=0, nll_loss=2.873, ntokens=320, nsentences=64, sample_size=320, sample_size_v1=0, sample_size_v2=0, ppl=7.33, wps=77.8, ups=0.24, wpb=320, bsz=64, num_updates=3920, lr=4.20868e-05, gnorm=6.78, clip=100, loss_scale=64, train_wall=41, gb_free=7.3, wall=22465
2023-04-08 19:57:53 - progress_bar.py[line:272] - INFO: epoch 003:    181 / 1878 loss=3.952, loss_v1=0, loss_v2=0, nll_loss=2.884, ntokens=320, nsentences=64, sample_size=320, sample_size_v1=0, sample_size_v2=0, ppl=7.38, wps=77.8, ups=0.24, wpb=320, bsz=64, num_updates=3930, lr=4.20585e-05, gnorm=6.091, clip=100, loss_scale=64, train_wall=41, gb_free=7.3, wall=22506
2023-04-08 19:58:34 - progress_bar.py[line:272] - INFO: epoch 003:    191 / 1878 loss=3.937, loss_v1=0, loss_v2=0, nll_loss=2.868, ntokens=320, nsentences=64, sample_size=320, sample_size_v1=0, sample_size_v2=0, ppl=7.3, wps=78.3, ups=0.24, wpb=320, bsz=64, num_updates=3940, lr=4.20301e-05, gnorm=7.484, clip=100, loss_scale=64, train_wall=41, gb_free=7.3, wall=22547
2023-04-08 19:59:15 - progress_bar.py[line:272] - INFO: epoch 003:    201 / 1878 loss=3.9, loss_v1=0, loss_v2=0, nll_loss=2.833, ntokens=320, nsentences=64, sample_size=320, sample_size_v1=0, sample_size_v2=0, ppl=7.13, wps=78.4, ups=0.24, wpb=320, bsz=64, num_updates=3950, lr=4.20018e-05, gnorm=6.182, clip=100, loss_scale=64, train_wall=41, gb_free=7.3, wall=22588
2023-04-08 19:59:56 - progress_bar.py[line:272] - INFO: epoch 003:    211 / 1878 loss=3.962, loss_v1=0, loss_v2=0, nll_loss=2.897, ntokens=320, nsentences=64, sample_size=320, sample_size_v1=0, sample_size_v2=0, ppl=7.45, wps=78.4, ups=0.24, wpb=320, bsz=64, num_updates=3960, lr=4.19735e-05, gnorm=6.836, clip=100, loss_scale=64, train_wall=41, gb_free=7.3, wall=22629
2023-04-08 20:00:36 - progress_bar.py[line:272] - INFO: epoch 003:    221 / 1878 loss=3.965, loss_v1=0, loss_v2=0, nll_loss=2.897, ntokens=320, nsentences=64, sample_size=320, sample_size_v1=0, sample_size_v2=0, ppl=7.45, wps=78.7, ups=0.25, wpb=320, bsz=64, num_updates=3970, lr=4.19452e-05, gnorm=7.514, clip=100, loss_scale=64, train_wall=40, gb_free=7.3, wall=22669
2023-04-08 20:01:17 - progress_bar.py[line:272] - INFO: epoch 003:    231 / 1878 loss=3.912, loss_v1=0, loss_v2=0, nll_loss=2.841, ntokens=320, nsentences=64, sample_size=320, sample_size_v1=0, sample_size_v2=0, ppl=7.16, wps=78.8, ups=0.25, wpb=320, bsz=64, num_updates=3980, lr=4.19168e-05, gnorm=6.399, clip=100, loss_scale=64, train_wall=40, gb_free=7.3, wall=22710
2023-04-08 20:01:58 - progress_bar.py[line:272] - INFO: epoch 003:    241 / 1878 loss=3.924, loss_v1=0, loss_v2=0, nll_loss=2.857, ntokens=320, nsentences=64, sample_size=320, sample_size_v1=0, sample_size_v2=0, ppl=7.24, wps=78.1, ups=0.24, wpb=320, bsz=64, num_updates=3990, lr=4.18885e-05, gnorm=6.689, clip=100, loss_scale=64, train_wall=41, gb_free=7.3, wall=22751
2023-04-08 20:02:39 - progress_bar.py[line:272] - INFO: epoch 003:    251 / 1878 loss=3.965, loss_v1=0, loss_v2=0, nll_loss=2.904, ntokens=320, nsentences=64, sample_size=320, sample_size_v1=0, sample_size_v2=0, ppl=7.48, wps=78, ups=0.24, wpb=320, bsz=64, num_updates=4000, lr=4.18602e-05, gnorm=6.523, clip=100, loss_scale=64, train_wall=41, gb_free=7.3, wall=22792
2023-04-08 20:02:39 - train.py[line:445] - INFO: begin validation on "valid" subset
slice_id 0 seek offset 0
slice_id 1 seek offset 5379
slice_id 0 seek offset 0
slice_id 1 seek offset 5379
2023-04-08 20:13:53 - progress_bar.py[line:282] - INFO: epoch 003 | valid on 'valid' subset | loss 4.42 | loss_v1 0 | loss_v2 0 | nll_loss 3.398 | ntokens 39.993 | nsentences 7.999 | sample_size 39.993 | sample_size_v1 0 | sample_size_v2 0 | ppl 10.54 | score 0.3845 | wps 79.8 | wpb 40 | bsz 8 | num_updates 4000 | best_score 0.4586
2023-04-08 20:13:53 - checkpoint_utils.py[line:64] - INFO: Preparing to save checkpoint for epoch 3 @ 4000 updates
2023-04-08 20:13:53 - trainer.py[line:431] - INFO: Saving checkpoint to ./refcocoplus_EC_checkpoints_exp2/10_5e-5_512/checkpoint_3_4000.pt
2023-04-08 20:14:12 - trainer.py[line:441] - INFO: Finished saving checkpoint to ./refcocoplus_EC_checkpoints_exp2/10_5e-5_512/checkpoint_3_4000.pt
2023-04-08 20:14:25 - checkpoint_utils.py[line:133] - INFO: Saved checkpoint ./refcocoplus_EC_checkpoints_exp2/10_5e-5_512/checkpoint_3_4000.pt (epoch 3 @ 4000 updates, score 0.3845) (writing took 31.794487042352557 seconds)
2023-04-08 20:15:05 - progress_bar.py[line:272] - INFO: epoch 003:    261 / 1878 loss=3.876, loss_v1=0, loss_v2=0, nll_loss=2.802, ntokens=320, nsentences=64, sample_size=320, sample_size_v1=0, sample_size_v2=0, ppl=6.98, wps=4.3, ups=0.01, wpb=320, bsz=64, num_updates=4010, lr=4.18319e-05, gnorm=6.906, clip=100, loss_scale=64, train_wall=40, gb_free=7.3, wall=23538
2023-04-08 20:15:46 - progress_bar.py[line:272] - INFO: epoch 003:    271 / 1878 loss=3.855, loss_v1=0, loss_v2=0, nll_loss=2.768, ntokens=320, nsentences=64, sample_size=320, sample_size_v1=0, sample_size_v2=0, ppl=6.81, wps=77.8, ups=0.24, wpb=320, bsz=64, num_updates=4020, lr=4.18036e-05, gnorm=8.633, clip=100, loss_scale=64, train_wall=41, gb_free=7.3, wall=23579
2023-04-08 20:16:27 - progress_bar.py[line:272] - INFO: epoch 003:    281 / 1878 loss=3.925, loss_v1=0, loss_v2=0, nll_loss=2.858, ntokens=320, nsentences=64, sample_size=320, sample_size_v1=0, sample_size_v2=0, ppl=7.25, wps=77.8, ups=0.24, wpb=320, bsz=64, num_updates=4030, lr=4.17752e-05, gnorm=8.469, clip=100, loss_scale=64, train_wall=41, gb_free=7.3, wall=23621
2023-04-08 20:17:08 - progress_bar.py[line:272] - INFO: epoch 003:    291 / 1878 loss=3.969, loss_v1=0, loss_v2=0, nll_loss=2.912, ntokens=320, nsentences=64, sample_size=320, sample_size_v1=0, sample_size_v2=0, ppl=7.53, wps=78.3, ups=0.24, wpb=320, bsz=64, num_updates=4040, lr=4.17469e-05, gnorm=7.06, clip=100, loss_scale=64, train_wall=41, gb_free=7.3, wall=23661
2023-04-08 20:17:49 - progress_bar.py[line:272] - INFO: epoch 003:    301 / 1878 loss=3.922, loss_v1=0, loss_v2=0, nll_loss=2.848, ntokens=320, nsentences=64, sample_size=320, sample_size_v1=0, sample_size_v2=0, ppl=7.2, wps=78.2, ups=0.24, wpb=320, bsz=64, num_updates=4050, lr=4.17186e-05, gnorm=7.584, clip=100, loss_scale=64, train_wall=41, gb_free=7.3, wall=23702
2023-04-08 20:18:30 - progress_bar.py[line:272] - INFO: epoch 003:    311 / 1878 loss=3.877, loss_v1=0, loss_v2=0, nll_loss=2.802, ntokens=320, nsentences=64, sample_size=320, sample_size_v1=0, sample_size_v2=0, ppl=6.98, wps=78.4, ups=0.25, wpb=320, bsz=64, num_updates=4060, lr=4.16903e-05, gnorm=8.247, clip=100, loss_scale=64, train_wall=41, gb_free=7.3, wall=23743
2023-04-08 20:19:11 - progress_bar.py[line:272] - INFO: epoch 003:    321 / 1878 loss=3.884, loss_v1=0, loss_v2=0, nll_loss=2.811, ntokens=320, nsentences=64, sample_size=320, sample_size_v1=0, sample_size_v2=0, ppl=7.02, wps=78.2, ups=0.24, wpb=320, bsz=64, num_updates=4070, lr=4.16619e-05, gnorm=7.22, clip=100, loss_scale=64, train_wall=41, gb_free=7.3, wall=23784
2023-04-08 20:19:52 - progress_bar.py[line:272] - INFO: epoch 003:    331 / 1878 loss=3.911, loss_v1=0, loss_v2=0, nll_loss=2.839, ntokens=320, nsentences=64, sample_size=320, sample_size_v1=0, sample_size_v2=0, ppl=7.16, wps=78.1, ups=0.24, wpb=320, bsz=64, num_updates=4080, lr=4.16336e-05, gnorm=8.106, clip=100, loss_scale=64, train_wall=41, gb_free=7.3, wall=23825
2023-04-08 20:20:33 - progress_bar.py[line:272] - INFO: epoch 003:    341 / 1878 loss=3.869, loss_v1=0, loss_v2=0, nll_loss=2.796, ntokens=320, nsentences=64, sample_size=320, sample_size_v1=0, sample_size_v2=0, ppl=6.95, wps=78, ups=0.24, wpb=320, bsz=64, num_updates=4090, lr=4.16053e-05, gnorm=7.079, clip=100, loss_scale=64, train_wall=41, gb_free=7.3, wall=23866
2023-04-08 20:21:14 - progress_bar.py[line:272] - INFO: epoch 003:    351 / 1878 loss=3.889, loss_v1=0, loss_v2=0, nll_loss=2.816, ntokens=320, nsentences=64, sample_size=320, sample_size_v1=0, sample_size_v2=0, ppl=7.04, wps=77.8, ups=0.24, wpb=320, bsz=64, num_updates=4100, lr=4.1577e-05, gnorm=6.569, clip=100, loss_scale=64, train_wall=41, gb_free=7.3, wall=23907
2023-04-08 20:21:55 - progress_bar.py[line:272] - INFO: epoch 003:    361 / 1878 loss=3.902, loss_v1=0, loss_v2=0, nll_loss=2.832, ntokens=320, nsentences=64, sample_size=320, sample_size_v1=0, sample_size_v2=0, ppl=7.12, wps=78, ups=0.24, wpb=320, bsz=64, num_updates=4110, lr=4.15487e-05, gnorm=7.394, clip=100, loss_scale=64, train_wall=41, gb_free=7.3, wall=23948
2023-04-08 20:22:36 - progress_bar.py[line:272] - INFO: epoch 003:    371 / 1878 loss=3.926, loss_v1=0, loss_v2=0, nll_loss=2.854, ntokens=320, nsentences=64, sample_size=320, sample_size_v1=0, sample_size_v2=0, ppl=7.23, wps=78.1, ups=0.24, wpb=320, bsz=64, num_updates=4120, lr=4.15203e-05, gnorm=7.663, clip=100, loss_scale=64, train_wall=41, gb_free=7.3, wall=23989
2023-04-08 20:23:17 - progress_bar.py[line:272] - INFO: epoch 003:    381 / 1878 loss=3.901, loss_v1=0, loss_v2=0, nll_loss=2.834, ntokens=320, nsentences=64, sample_size=320, sample_size_v1=0, sample_size_v2=0, ppl=7.13, wps=77.7, ups=0.24, wpb=320, bsz=64, num_updates=4130, lr=4.1492e-05, gnorm=6.825, clip=100, loss_scale=64, train_wall=41, gb_free=7.3, wall=24030
2023-04-08 20:23:58 - progress_bar.py[line:272] - INFO: epoch 003:    391 / 1878 loss=3.859, loss_v1=0, loss_v2=0, nll_loss=2.778, ntokens=320, nsentences=64, sample_size=320, sample_size_v1=0, sample_size_v2=0, ppl=6.86, wps=78.2, ups=0.24, wpb=320, bsz=64, num_updates=4140, lr=4.14637e-05, gnorm=6.604, clip=100, loss_scale=64, train_wall=41, gb_free=7.3, wall=24071
2023-04-08 20:24:39 - progress_bar.py[line:272] - INFO: epoch 003:    401 / 1878 loss=3.881, loss_v1=0, loss_v2=0, nll_loss=2.804, ntokens=320, nsentences=64, sample_size=320, sample_size_v1=0, sample_size_v2=0, ppl=6.98, wps=78.3, ups=0.24, wpb=320, bsz=64, num_updates=4150, lr=4.14354e-05, gnorm=6.772, clip=100, loss_scale=64, train_wall=41, gb_free=7.3, wall=24112
2023-04-08 20:25:20 - progress_bar.py[line:272] - INFO: epoch 003:    411 / 1878 loss=3.856, loss_v1=0, loss_v2=0, nll_loss=2.778, ntokens=320, nsentences=64, sample_size=320, sample_size_v1=0, sample_size_v2=0, ppl=6.86, wps=78.7, ups=0.25, wpb=320, bsz=64, num_updates=4160, lr=4.1407e-05, gnorm=6.751, clip=100, loss_scale=64, train_wall=40, gb_free=7.3, wall=24153
2023-04-08 20:26:00 - progress_bar.py[line:272] - INFO: epoch 003:    421 / 1878 loss=3.884, loss_v1=0, loss_v2=0, nll_loss=2.812, ntokens=320, nsentences=64, sample_size=320, sample_size_v1=0, sample_size_v2=0, ppl=7.02, wps=78.6, ups=0.25, wpb=320, bsz=64, num_updates=4170, lr=4.13787e-05, gnorm=7.135, clip=100, loss_scale=64, train_wall=40, gb_free=7.3, wall=24193
2023-04-08 20:26:41 - progress_bar.py[line:272] - INFO: epoch 003:    431 / 1878 loss=3.887, loss_v1=0, loss_v2=0, nll_loss=2.817, ntokens=320, nsentences=64, sample_size=320, sample_size_v1=0, sample_size_v2=0, ppl=7.05, wps=78.4, ups=0.24, wpb=320, bsz=64, num_updates=4180, lr=4.13504e-05, gnorm=7.1, clip=100, loss_scale=64, train_wall=41, gb_free=7.3, wall=24234
2023-04-08 20:27:22 - progress_bar.py[line:272] - INFO: epoch 003:    441 / 1878 loss=3.948, loss_v1=0, loss_v2=0, nll_loss=2.883, ntokens=320, nsentences=64, sample_size=320, sample_size_v1=0, sample_size_v2=0, ppl=7.38, wps=78.6, ups=0.25, wpb=320, bsz=64, num_updates=4190, lr=4.13221e-05, gnorm=6.849, clip=100, loss_scale=64, train_wall=41, gb_free=7.3, wall=24275
2023-04-08 20:28:03 - progress_bar.py[line:272] - INFO: epoch 003:    451 / 1878 loss=3.896, loss_v1=0, loss_v2=0, nll_loss=2.827, ntokens=320, nsentences=64, sample_size=320, sample_size_v1=0, sample_size_v2=0, ppl=7.1, wps=78.4, ups=0.25, wpb=320, bsz=64, num_updates=4200, lr=4.12938e-05, gnorm=6.856, clip=100, loss_scale=64, train_wall=41, gb_free=7.3, wall=24316
2023-04-08 20:28:44 - progress_bar.py[line:272] - INFO: epoch 003:    461 / 1878 loss=3.865, loss_v1=0, loss_v2=0, nll_loss=2.784, ntokens=319.5, nsentences=63.9, sample_size=319.5, sample_size_v1=0, sample_size_v2=0, ppl=6.89, wps=77.3, ups=0.24, wpb=319.5, bsz=63.9, num_updates=4210, lr=4.12654e-05, gnorm=7.24, clip=100, loss_scale=64, train_wall=41, gb_free=7.3, wall=24357
2023-04-08 20:29:25 - progress_bar.py[line:272] - INFO: epoch 003:    471 / 1878 loss=3.918, loss_v1=0, loss_v2=0, nll_loss=2.85, ntokens=320, nsentences=64, sample_size=320, sample_size_v1=0, sample_size_v2=0, ppl=7.21, wps=78.2, ups=0.24, wpb=320, bsz=64, num_updates=4220, lr=4.12371e-05, gnorm=7.602, clip=100, loss_scale=64, train_wall=41, gb_free=7.3, wall=24398
2023-04-08 20:30:06 - progress_bar.py[line:272] - INFO: epoch 003:    481 / 1878 loss=3.889, loss_v1=0, loss_v2=0, nll_loss=2.817, ntokens=320, nsentences=64, sample_size=320, sample_size_v1=0, sample_size_v2=0, ppl=7.05, wps=77.9, ups=0.24, wpb=320, bsz=64, num_updates=4230, lr=4.12088e-05, gnorm=7.594, clip=100, loss_scale=64, train_wall=41, gb_free=7.3, wall=24439
2023-04-08 20:30:47 - progress_bar.py[line:272] - INFO: epoch 003:    491 / 1878 loss=3.82, loss_v1=0, loss_v2=0, nll_loss=2.74, ntokens=320, nsentences=64, sample_size=320, sample_size_v1=0, sample_size_v2=0, ppl=6.68, wps=78.5, ups=0.25, wpb=320, bsz=64, num_updates=4240, lr=4.11805e-05, gnorm=7.139, clip=100, loss_scale=64, train_wall=41, gb_free=7.3, wall=24480
2023-04-08 20:31:28 - progress_bar.py[line:272] - INFO: epoch 003:    501 / 1878 loss=3.867, loss_v1=0, loss_v2=0, nll_loss=2.787, ntokens=320, nsentences=64, sample_size=320, sample_size_v1=0, sample_size_v2=0, ppl=6.9, wps=78.2, ups=0.24, wpb=320, bsz=64, num_updates=4250, lr=4.11521e-05, gnorm=7.108, clip=100, loss_scale=64, train_wall=41, gb_free=7.3, wall=24521
2023-04-08 20:32:09 - progress_bar.py[line:272] - INFO: epoch 003:    511 / 1878 loss=3.888, loss_v1=0, loss_v2=0, nll_loss=2.82, ntokens=320, nsentences=64, sample_size=320, sample_size_v1=0, sample_size_v2=0, ppl=7.06, wps=77.7, ups=0.24, wpb=320, bsz=64, num_updates=4260, lr=4.11238e-05, gnorm=7.035, clip=100, loss_scale=64, train_wall=41, gb_free=7.3, wall=24562
2023-04-08 20:32:50 - progress_bar.py[line:272] - INFO: epoch 003:    521 / 1878 loss=3.903, loss_v1=0, loss_v2=0, nll_loss=2.828, ntokens=320, nsentences=64, sample_size=320, sample_size_v1=0, sample_size_v2=0, ppl=7.1, wps=78.2, ups=0.24, wpb=320, bsz=64, num_updates=4270, lr=4.10955e-05, gnorm=7.079, clip=100, loss_scale=128, train_wall=41, gb_free=7.3, wall=24603
2023-04-08 20:33:31 - progress_bar.py[line:272] - INFO: epoch 003:    531 / 1878 loss=3.885, loss_v1=0, loss_v2=0, nll_loss=2.812, ntokens=320, nsentences=64, sample_size=320, sample_size_v1=0, sample_size_v2=0, ppl=7.02, wps=78.3, ups=0.24, wpb=320, bsz=64, num_updates=4280, lr=4.10672e-05, gnorm=7.734, clip=100, loss_scale=128, train_wall=41, gb_free=7.3, wall=24644
2023-04-08 20:34:11 - progress_bar.py[line:272] - INFO: epoch 003:    541 / 1878 loss=3.845, loss_v1=0, loss_v2=0, nll_loss=2.767, ntokens=320, nsentences=64, sample_size=320, sample_size_v1=0, sample_size_v2=0, ppl=6.81, wps=78.5, ups=0.25, wpb=320, bsz=64, num_updates=4290, lr=4.10389e-05, gnorm=6.987, clip=100, loss_scale=128, train_wall=41, gb_free=7.3, wall=24685
2023-04-08 20:34:52 - progress_bar.py[line:272] - INFO: epoch 003:    551 / 1878 loss=3.855, loss_v1=0, loss_v2=0, nll_loss=2.78, ntokens=320, nsentences=64, sample_size=320, sample_size_v1=0, sample_size_v2=0, ppl=6.87, wps=78.8, ups=0.25, wpb=320, bsz=64, num_updates=4300, lr=4.10105e-05, gnorm=7.029, clip=100, loss_scale=128, train_wall=40, gb_free=7.3, wall=24725
2023-04-08 20:35:04 - trainer.py[line:921] - INFO: NOTE: gradient overflow detected, ignoring gradient, setting loss scale to: 64.0
2023-04-08 20:35:37 - progress_bar.py[line:272] - INFO: epoch 003:    562 / 1878 loss=3.826, loss_v1=0, loss_v2=0, nll_loss=2.745, ntokens=320, nsentences=64, sample_size=320, sample_size_v1=0, sample_size_v2=0, ppl=6.7, wps=71.4, ups=0.22, wpb=320, bsz=64, num_updates=4310, lr=4.09822e-05, gnorm=6.927, clip=100, loss_scale=64, train_wall=45, gb_free=7.3, wall=24770
2023-04-08 20:36:18 - progress_bar.py[line:272] - INFO: epoch 003:    572 / 1878 loss=3.917, loss_v1=0, loss_v2=0, nll_loss=2.848, ntokens=320, nsentences=64, sample_size=320, sample_size_v1=0, sample_size_v2=0, ppl=7.2, wps=78.6, ups=0.25, wpb=320, bsz=64, num_updates=4320, lr=4.09539e-05, gnorm=7.31, clip=100, loss_scale=64, train_wall=40, gb_free=7.3, wall=24811
2023-04-08 20:36:58 - progress_bar.py[line:272] - INFO: epoch 003:    582 / 1878 loss=3.899, loss_v1=0, loss_v2=0, nll_loss=2.831, ntokens=320, nsentences=64, sample_size=320, sample_size_v1=0, sample_size_v2=0, ppl=7.11, wps=78.7, ups=0.25, wpb=320, bsz=64, num_updates=4330, lr=4.09256e-05, gnorm=7.759, clip=100, loss_scale=64, train_wall=40, gb_free=7.3, wall=24851
2023-04-08 20:37:39 - progress_bar.py[line:272] - INFO: epoch 003:    592 / 1878 loss=3.891, loss_v1=0, loss_v2=0, nll_loss=2.817, ntokens=320, nsentences=64, sample_size=320, sample_size_v1=0, sample_size_v2=0, ppl=7.05, wps=78.7, ups=0.25, wpb=320, bsz=64, num_updates=4340, lr=4.08972e-05, gnorm=8.138, clip=100, loss_scale=64, train_wall=40, gb_free=7.3, wall=24892
2023-04-08 20:38:20 - progress_bar.py[line:272] - INFO: epoch 003:    602 / 1878 loss=3.931, loss_v1=0, loss_v2=0, nll_loss=2.863, ntokens=320, nsentences=64, sample_size=320, sample_size_v1=0, sample_size_v2=0, ppl=7.27, wps=78.4, ups=0.25, wpb=320, bsz=64, num_updates=4350, lr=4.08689e-05, gnorm=8.335, clip=100, loss_scale=64, train_wall=41, gb_free=7.3, wall=24933
2023-04-08 20:39:01 - progress_bar.py[line:272] - INFO: epoch 003:    612 / 1878 loss=3.863, loss_v1=0, loss_v2=0, nll_loss=2.786, ntokens=320, nsentences=64, sample_size=320, sample_size_v1=0, sample_size_v2=0, ppl=6.9, wps=78, ups=0.24, wpb=320, bsz=64, num_updates=4360, lr=4.08406e-05, gnorm=6.7, clip=100, loss_scale=64, train_wall=41, gb_free=7.3, wall=24974
2023-04-08 20:39:42 - progress_bar.py[line:272] - INFO: epoch 003:    622 / 1878 loss=3.897, loss_v1=0, loss_v2=0, nll_loss=2.826, ntokens=320, nsentences=64, sample_size=320, sample_size_v1=0, sample_size_v2=0, ppl=7.09, wps=77.7, ups=0.24, wpb=320, bsz=64, num_updates=4370, lr=4.08123e-05, gnorm=7.59, clip=100, loss_scale=64, train_wall=41, gb_free=7.3, wall=25015
2023-04-08 20:40:23 - progress_bar.py[line:272] - INFO: epoch 003:    632 / 1878 loss=3.892, loss_v1=0, loss_v2=0, nll_loss=2.824, ntokens=320, nsentences=64, sample_size=320, sample_size_v1=0, sample_size_v2=0, ppl=7.08, wps=78.2, ups=0.24, wpb=320, bsz=64, num_updates=4380, lr=4.0784e-05, gnorm=6.996, clip=100, loss_scale=64, train_wall=41, gb_free=7.3, wall=25056
2023-04-08 20:41:04 - progress_bar.py[line:272] - INFO: epoch 003:    642 / 1878 loss=3.844, loss_v1=0, loss_v2=0, nll_loss=2.76, ntokens=320, nsentences=64, sample_size=320, sample_size_v1=0, sample_size_v2=0, ppl=6.78, wps=78.6, ups=0.25, wpb=320, bsz=64, num_updates=4390, lr=4.07556e-05, gnorm=7.242, clip=100, loss_scale=64, train_wall=40, gb_free=7.3, wall=25097
2023-04-08 20:41:44 - progress_bar.py[line:272] - INFO: epoch 003:    652 / 1878 loss=3.834, loss_v1=0, loss_v2=0, nll_loss=2.753, ntokens=320, nsentences=64, sample_size=320, sample_size_v1=0, sample_size_v2=0, ppl=6.74, wps=78.3, ups=0.24, wpb=320, bsz=64, num_updates=4400, lr=4.07273e-05, gnorm=7.822, clip=100, loss_scale=64, train_wall=41, gb_free=7.3, wall=25138
2023-04-08 20:42:25 - progress_bar.py[line:272] - INFO: epoch 003:    662 / 1878 loss=3.887, loss_v1=0, loss_v2=0, nll_loss=2.817, ntokens=320, nsentences=64, sample_size=320, sample_size_v1=0, sample_size_v2=0, ppl=7.05, wps=78.2, ups=0.24, wpb=320, bsz=64, num_updates=4410, lr=4.0699e-05, gnorm=7.76, clip=100, loss_scale=64, train_wall=41, gb_free=7.3, wall=25178
2023-04-08 20:43:07 - progress_bar.py[line:272] - INFO: epoch 003:    672 / 1878 loss=3.881, loss_v1=0, loss_v2=0, nll_loss=2.812, ntokens=320, nsentences=64, sample_size=320, sample_size_v1=0, sample_size_v2=0, ppl=7.02, wps=77, ups=0.24, wpb=320, bsz=64, num_updates=4420, lr=4.06707e-05, gnorm=7.507, clip=100, loss_scale=64, train_wall=41, gb_free=7.3, wall=25220
2023-04-08 20:43:48 - progress_bar.py[line:272] - INFO: epoch 003:    682 / 1878 loss=3.875, loss_v1=0, loss_v2=0, nll_loss=2.796, ntokens=320, nsentences=64, sample_size=320, sample_size_v1=0, sample_size_v2=0, ppl=6.94, wps=78.6, ups=0.25, wpb=320, bsz=64, num_updates=4430, lr=4.06423e-05, gnorm=6.963, clip=100, loss_scale=64, train_wall=40, gb_free=7.3, wall=25261
2023-04-08 20:44:28 - progress_bar.py[line:272] - INFO: epoch 003:    692 / 1878 loss=3.886, loss_v1=0, loss_v2=0, nll_loss=2.81, ntokens=320, nsentences=64, sample_size=320, sample_size_v1=0, sample_size_v2=0, ppl=7.01, wps=78.4, ups=0.24, wpb=320, bsz=64, num_updates=4440, lr=4.0614e-05, gnorm=6.76, clip=100, loss_scale=64, train_wall=41, gb_free=7.3, wall=25302
2023-04-08 20:45:09 - progress_bar.py[line:272] - INFO: epoch 003:    702 / 1878 loss=3.84, loss_v1=0, loss_v2=0, nll_loss=2.762, ntokens=320, nsentences=64, sample_size=320, sample_size_v1=0, sample_size_v2=0, ppl=6.78, wps=78.7, ups=0.25, wpb=320, bsz=64, num_updates=4450, lr=4.05857e-05, gnorm=6.966, clip=100, loss_scale=64, train_wall=40, gb_free=7.3, wall=25342
2023-04-08 20:45:50 - progress_bar.py[line:272] - INFO: epoch 003:    712 / 1878 loss=3.829, loss_v1=0, loss_v2=0, nll_loss=2.749, ntokens=320, nsentences=64, sample_size=320, sample_size_v1=0, sample_size_v2=0, ppl=6.72, wps=78.1, ups=0.24, wpb=320, bsz=64, num_updates=4460, lr=4.05574e-05, gnorm=7.515, clip=100, loss_scale=64, train_wall=41, gb_free=7.3, wall=25383
2023-04-08 20:46:31 - progress_bar.py[line:272] - INFO: epoch 003:    722 / 1878 loss=3.809, loss_v1=0, loss_v2=0, nll_loss=2.72, ntokens=320, nsentences=64, sample_size=320, sample_size_v1=0, sample_size_v2=0, ppl=6.59, wps=78.1, ups=0.24, wpb=320, bsz=64, num_updates=4470, lr=4.05291e-05, gnorm=7.446, clip=100, loss_scale=64, train_wall=41, gb_free=7.3, wall=25424
2023-04-08 20:47:12 - progress_bar.py[line:272] - INFO: epoch 003:    732 / 1878 loss=3.838, loss_v1=0, loss_v2=0, nll_loss=2.764, ntokens=320, nsentences=64, sample_size=320, sample_size_v1=0, sample_size_v2=0, ppl=6.79, wps=78.7, ups=0.25, wpb=320, bsz=64, num_updates=4480, lr=4.05007e-05, gnorm=6.883, clip=100, loss_scale=64, train_wall=40, gb_free=7.3, wall=25465
2023-04-08 20:47:53 - progress_bar.py[line:272] - INFO: epoch 003:    742 / 1878 loss=3.816, loss_v1=0, loss_v2=0, nll_loss=2.732, ntokens=320, nsentences=64, sample_size=320, sample_size_v1=0, sample_size_v2=0, ppl=6.64, wps=78.2, ups=0.24, wpb=320, bsz=64, num_updates=4490, lr=4.04724e-05, gnorm=6.751, clip=100, loss_scale=64, train_wall=41, gb_free=7.3, wall=25506
2023-04-08 20:48:33 - progress_bar.py[line:272] - INFO: epoch 003:    752 / 1878 loss=3.777, loss_v1=0, loss_v2=0, nll_loss=2.684, ntokens=320, nsentences=64, sample_size=320, sample_size_v1=0, sample_size_v2=0, ppl=6.43, wps=78.4, ups=0.25, wpb=320, bsz=64, num_updates=4500, lr=4.04441e-05, gnorm=7.039, clip=100, loss_scale=64, train_wall=41, gb_free=7.3, wall=25547
2023-04-08 20:48:33 - train.py[line:445] - INFO: begin validation on "valid" subset
slice_id 0 seek offset 0
slice_id 1 seek offset 5379
slice_id 1 seek offset 5379
slice_id 0 seek offset 0
2023-04-08 20:59:47 - progress_bar.py[line:282] - INFO: epoch 003 | valid on 'valid' subset | loss 4.485 | loss_v1 0 | loss_v2 0 | nll_loss 3.474 | ntokens 39.993 | nsentences 7.999 | sample_size 39.993 | sample_size_v1 0 | sample_size_v2 0 | ppl 11.11 | score 0.3842 | wps 79.9 | wpb 40 | bsz 8 | num_updates 4500 | best_score 0.4586
2023-04-08 20:59:47 - checkpoint_utils.py[line:64] - INFO: Preparing to save checkpoint for epoch 3 @ 4500 updates
2023-04-08 20:59:47 - trainer.py[line:431] - INFO: Saving checkpoint to ./refcocoplus_EC_checkpoints_exp2/10_5e-5_512/checkpoint_3_4500.pt
2023-04-08 21:00:07 - trainer.py[line:441] - INFO: Finished saving checkpoint to ./refcocoplus_EC_checkpoints_exp2/10_5e-5_512/checkpoint_3_4500.pt
2023-04-08 21:00:16 - checkpoint_utils.py[line:133] - INFO: Saved checkpoint ./refcocoplus_EC_checkpoints_exp2/10_5e-5_512/checkpoint_3_4500.pt (epoch 3 @ 4500 updates, score 0.3842) (writing took 28.99411371536553 seconds)
2023-04-08 21:00:56 - progress_bar.py[line:272] - INFO: epoch 003:    762 / 1878 loss=3.784, loss_v1=0, loss_v2=0, nll_loss=2.701, ntokens=320, nsentences=64, sample_size=320, sample_size_v1=0, sample_size_v2=0, ppl=6.5, wps=4.3, ups=0.01, wpb=320, bsz=64, num_updates=4510, lr=4.04158e-05, gnorm=6.691, clip=100, loss_scale=64, train_wall=40, gb_free=7.3, wall=26290
2023-04-08 21:01:37 - progress_bar.py[line:272] - INFO: epoch 003:    772 / 1878 loss=3.82, loss_v1=0, loss_v2=0, nll_loss=2.733, ntokens=320, nsentences=64, sample_size=320, sample_size_v1=0, sample_size_v2=0, ppl=6.65, wps=78.3, ups=0.24, wpb=320, bsz=64, num_updates=4520, lr=4.03874e-05, gnorm=6.743, clip=100, loss_scale=64, train_wall=41, gb_free=7.3, wall=26330
2023-04-08 21:02:18 - progress_bar.py[line:272] - INFO: epoch 003:    782 / 1878 loss=3.778, loss_v1=0, loss_v2=0, nll_loss=2.688, ntokens=320, nsentences=64, sample_size=320, sample_size_v1=0, sample_size_v2=0, ppl=6.44, wps=78.5, ups=0.25, wpb=320, bsz=64, num_updates=4530, lr=4.03591e-05, gnorm=7.201, clip=100, loss_scale=64, train_wall=41, gb_free=7.3, wall=26371
2023-04-08 21:02:59 - progress_bar.py[line:272] - INFO: epoch 003:    792 / 1878 loss=3.846, loss_v1=0, loss_v2=0, nll_loss=2.77, ntokens=320, nsentences=64, sample_size=320, sample_size_v1=0, sample_size_v2=0, ppl=6.82, wps=78.9, ups=0.25, wpb=320, bsz=64, num_updates=4540, lr=4.03308e-05, gnorm=6.909, clip=100, loss_scale=64, train_wall=40, gb_free=7.3, wall=26412
2023-04-08 21:03:39 - progress_bar.py[line:272] - INFO: epoch 003:    802 / 1878 loss=3.806, loss_v1=0, loss_v2=0, nll_loss=2.72, ntokens=320, nsentences=64, sample_size=320, sample_size_v1=0, sample_size_v2=0, ppl=6.59, wps=78.6, ups=0.25, wpb=320, bsz=64, num_updates=4550, lr=4.03025e-05, gnorm=6.714, clip=100, loss_scale=64, train_wall=40, gb_free=7.3, wall=26453
2023-04-08 21:04:20 - progress_bar.py[line:272] - INFO: epoch 003:    812 / 1878 loss=3.822, loss_v1=0, loss_v2=0, nll_loss=2.74, ntokens=320, nsentences=64, sample_size=320, sample_size_v1=0, sample_size_v2=0, ppl=6.68, wps=78.7, ups=0.25, wpb=320, bsz=64, num_updates=4560, lr=4.02742e-05, gnorm=6.997, clip=100, loss_scale=64, train_wall=40, gb_free=7.3, wall=26493
2023-04-08 21:05:01 - progress_bar.py[line:272] - INFO: epoch 003:    822 / 1878 loss=3.781, loss_v1=0, loss_v2=0, nll_loss=2.69, ntokens=320, nsentences=64, sample_size=320, sample_size_v1=0, sample_size_v2=0, ppl=6.45, wps=78.5, ups=0.25, wpb=320, bsz=64, num_updates=4570, lr=4.02458e-05, gnorm=6.839, clip=100, loss_scale=64, train_wall=41, gb_free=7.3, wall=26534
2023-04-08 21:05:42 - progress_bar.py[line:272] - INFO: epoch 003:    832 / 1878 loss=3.82, loss_v1=0, loss_v2=0, nll_loss=2.737, ntokens=320, nsentences=64, sample_size=320, sample_size_v1=0, sample_size_v2=0, ppl=6.67, wps=78, ups=0.24, wpb=320, bsz=64, num_updates=4580, lr=4.02175e-05, gnorm=7.967, clip=100, loss_scale=64, train_wall=41, gb_free=7.3, wall=26575
2023-04-08 21:06:22 - progress_bar.py[line:272] - INFO: epoch 003:    842 / 1878 loss=3.82, loss_v1=0, loss_v2=0, nll_loss=2.74, ntokens=320, nsentences=64, sample_size=320, sample_size_v1=0, sample_size_v2=0, ppl=6.68, wps=78.7, ups=0.25, wpb=320, bsz=64, num_updates=4590, lr=4.01892e-05, gnorm=7.431, clip=100, loss_scale=64, train_wall=40, gb_free=7.3, wall=26616
2023-04-08 21:07:03 - progress_bar.py[line:272] - INFO: epoch 003:    852 / 1878 loss=3.842, loss_v1=0, loss_v2=0, nll_loss=2.761, ntokens=320, nsentences=64, sample_size=320, sample_size_v1=0, sample_size_v2=0, ppl=6.78, wps=78.8, ups=0.25, wpb=320, bsz=64, num_updates=4600, lr=4.01609e-05, gnorm=7.154, clip=100, loss_scale=64, train_wall=40, gb_free=7.3, wall=26656
2023-04-08 21:07:44 - progress_bar.py[line:272] - INFO: epoch 003:    862 / 1878 loss=3.832, loss_v1=0, loss_v2=0, nll_loss=2.751, ntokens=320, nsentences=64, sample_size=320, sample_size_v1=0, sample_size_v2=0, ppl=6.73, wps=78.8, ups=0.25, wpb=320, bsz=64, num_updates=4610, lr=4.01325e-05, gnorm=7.403, clip=100, loss_scale=64, train_wall=40, gb_free=7.3, wall=26697
2023-04-08 21:08:25 - progress_bar.py[line:272] - INFO: epoch 003:    872 / 1878 loss=3.832, loss_v1=0, loss_v2=0, nll_loss=2.75, ntokens=320, nsentences=64, sample_size=320, sample_size_v1=0, sample_size_v2=0, ppl=6.73, wps=78.3, ups=0.24, wpb=320, bsz=64, num_updates=4620, lr=4.01042e-05, gnorm=6.73, clip=100, loss_scale=64, train_wall=41, gb_free=7.3, wall=26738
2023-04-08 21:09:06 - progress_bar.py[line:272] - INFO: epoch 003:    882 / 1878 loss=3.786, loss_v1=0, loss_v2=0, nll_loss=2.702, ntokens=320, nsentences=64, sample_size=320, sample_size_v1=0, sample_size_v2=0, ppl=6.51, wps=77.4, ups=0.24, wpb=320, bsz=64, num_updates=4630, lr=4.00759e-05, gnorm=6.518, clip=100, loss_scale=64, train_wall=41, gb_free=7.3, wall=26779
2023-04-08 21:09:47 - progress_bar.py[line:272] - INFO: epoch 003:    892 / 1878 loss=3.765, loss_v1=0, loss_v2=0, nll_loss=2.671, ntokens=320, nsentences=64, sample_size=320, sample_size_v1=0, sample_size_v2=0, ppl=6.37, wps=78.3, ups=0.24, wpb=320, bsz=64, num_updates=4640, lr=4.00476e-05, gnorm=6.772, clip=100, loss_scale=64, train_wall=41, gb_free=7.3, wall=26820
2023-04-08 21:10:28 - progress_bar.py[line:272] - INFO: epoch 003:    902 / 1878 loss=3.751, loss_v1=0, loss_v2=0, nll_loss=2.658, ntokens=320, nsentences=64, sample_size=320, sample_size_v1=0, sample_size_v2=0, ppl=6.31, wps=78.4, ups=0.25, wpb=320, bsz=64, num_updates=4650, lr=4.00193e-05, gnorm=6.869, clip=100, loss_scale=64, train_wall=41, gb_free=7.3, wall=26861
2023-04-08 21:11:09 - progress_bar.py[line:272] - INFO: epoch 003:    912 / 1878 loss=3.836, loss_v1=0, loss_v2=0, nll_loss=2.756, ntokens=320, nsentences=64, sample_size=320, sample_size_v1=0, sample_size_v2=0, ppl=6.76, wps=78.1, ups=0.24, wpb=320, bsz=64, num_updates=4660, lr=3.99909e-05, gnorm=7.68, clip=100, loss_scale=64, train_wall=41, gb_free=7.3, wall=26902
2023-04-08 21:11:49 - progress_bar.py[line:272] - INFO: epoch 003:    922 / 1878 loss=3.756, loss_v1=0, loss_v2=0, nll_loss=2.667, ntokens=320, nsentences=64, sample_size=320, sample_size_v1=0, sample_size_v2=0, ppl=6.35, wps=78.8, ups=0.25, wpb=320, bsz=64, num_updates=4670, lr=3.99626e-05, gnorm=5.801, clip=100, loss_scale=64, train_wall=40, gb_free=7.3, wall=26942
2023-04-08 21:12:30 - progress_bar.py[line:272] - INFO: epoch 003:    932 / 1878 loss=3.791, loss_v1=0, loss_v2=0, nll_loss=2.704, ntokens=320, nsentences=64, sample_size=320, sample_size_v1=0, sample_size_v2=0, ppl=6.51, wps=78.4, ups=0.24, wpb=320, bsz=64, num_updates=4680, lr=3.99343e-05, gnorm=6.628, clip=100, loss_scale=64, train_wall=40, gb_free=7.3, wall=26983
2023-04-08 21:13:11 - progress_bar.py[line:272] - INFO: epoch 003:    942 / 1878 loss=3.784, loss_v1=0, loss_v2=0, nll_loss=2.702, ntokens=320, nsentences=64, sample_size=320, sample_size_v1=0, sample_size_v2=0, ppl=6.51, wps=78.9, ups=0.25, wpb=320, bsz=64, num_updates=4690, lr=3.9906e-05, gnorm=6.676, clip=100, loss_scale=64, train_wall=40, gb_free=7.3, wall=27024
2023-04-08 21:13:51 - progress_bar.py[line:272] - INFO: epoch 003:    952 / 1878 loss=3.77, loss_v1=0, loss_v2=0, nll_loss=2.682, ntokens=320, nsentences=64, sample_size=320, sample_size_v1=0, sample_size_v2=0, ppl=6.42, wps=78.5, ups=0.25, wpb=320, bsz=64, num_updates=4700, lr=3.98776e-05, gnorm=7.413, clip=100, loss_scale=64, train_wall=40, gb_free=7.3, wall=27064
2023-04-08 21:14:32 - progress_bar.py[line:272] - INFO: epoch 003:    962 / 1878 loss=3.726, loss_v1=0, loss_v2=0, nll_loss=2.63, ntokens=320, nsentences=64, sample_size=320, sample_size_v1=0, sample_size_v2=0, ppl=6.19, wps=78.6, ups=0.25, wpb=320, bsz=64, num_updates=4710, lr=3.98493e-05, gnorm=6.7, clip=100, loss_scale=64, train_wall=40, gb_free=7.3, wall=27105
2023-04-08 21:15:13 - progress_bar.py[line:272] - INFO: epoch 003:    972 / 1878 loss=3.767, loss_v1=0, loss_v2=0, nll_loss=2.68, ntokens=320, nsentences=64, sample_size=320, sample_size_v1=0, sample_size_v2=0, ppl=6.41, wps=78.2, ups=0.24, wpb=320, bsz=64, num_updates=4720, lr=3.9821e-05, gnorm=6.7, clip=100, loss_scale=64, train_wall=41, gb_free=7.3, wall=27146
2023-04-08 21:15:54 - progress_bar.py[line:272] - INFO: epoch 003:    982 / 1878 loss=3.75, loss_v1=0, loss_v2=0, nll_loss=2.659, ntokens=320, nsentences=64, sample_size=320, sample_size_v1=0, sample_size_v2=0, ppl=6.32, wps=78, ups=0.24, wpb=320, bsz=64, num_updates=4730, lr=3.97927e-05, gnorm=6.961, clip=100, loss_scale=64, train_wall=41, gb_free=7.3, wall=27187
2023-04-08 21:16:35 - progress_bar.py[line:272] - INFO: epoch 003:    992 / 1878 loss=3.779, loss_v1=0, loss_v2=0, nll_loss=2.689, ntokens=320, nsentences=64, sample_size=320, sample_size_v1=0, sample_size_v2=0, ppl=6.45, wps=78.4, ups=0.25, wpb=320, bsz=64, num_updates=4740, lr=3.97644e-05, gnorm=7.069, clip=100, loss_scale=64, train_wall=41, gb_free=7.3, wall=27228
2023-04-08 21:17:15 - progress_bar.py[line:272] - INFO: epoch 003:   1002 / 1878 loss=3.823, loss_v1=0, loss_v2=0, nll_loss=2.743, ntokens=320, nsentences=64, sample_size=320, sample_size_v1=0, sample_size_v2=0, ppl=6.69, wps=78.8, ups=0.25, wpb=320, bsz=64, num_updates=4750, lr=3.9736e-05, gnorm=6.666, clip=100, loss_scale=64, train_wall=40, gb_free=7.3, wall=27269
2023-04-08 21:17:56 - progress_bar.py[line:272] - INFO: epoch 003:   1012 / 1878 loss=3.752, loss_v1=0, loss_v2=0, nll_loss=2.66, ntokens=320, nsentences=64, sample_size=320, sample_size_v1=0, sample_size_v2=0, ppl=6.32, wps=78.6, ups=0.25, wpb=320, bsz=64, num_updates=4760, lr=3.97077e-05, gnorm=6.594, clip=100, loss_scale=64, train_wall=40, gb_free=7.3, wall=27309
2023-04-08 21:18:37 - progress_bar.py[line:272] - INFO: epoch 003:   1022 / 1878 loss=3.804, loss_v1=0, loss_v2=0, nll_loss=2.725, ntokens=320, nsentences=64, sample_size=320, sample_size_v1=0, sample_size_v2=0, ppl=6.61, wps=78.4, ups=0.24, wpb=320, bsz=64, num_updates=4770, lr=3.96794e-05, gnorm=6.974, clip=100, loss_scale=64, train_wall=41, gb_free=7.3, wall=27350
2023-04-08 21:19:18 - progress_bar.py[line:272] - INFO: epoch 003:   1032 / 1878 loss=3.781, loss_v1=0, loss_v2=0, nll_loss=2.694, ntokens=320, nsentences=64, sample_size=320, sample_size_v1=0, sample_size_v2=0, ppl=6.47, wps=78.7, ups=0.25, wpb=320, bsz=64, num_updates=4780, lr=3.96511e-05, gnorm=7.264, clip=100, loss_scale=64, train_wall=40, gb_free=7.3, wall=27391
2023-04-08 21:19:58 - progress_bar.py[line:272] - INFO: epoch 003:   1042 / 1878 loss=3.772, loss_v1=0, loss_v2=0, nll_loss=2.684, ntokens=320, nsentences=64, sample_size=320, sample_size_v1=0, sample_size_v2=0, ppl=6.42, wps=78.4, ups=0.25, wpb=320, bsz=64, num_updates=4790, lr=3.96227e-05, gnorm=6.813, clip=100, loss_scale=64, train_wall=41, gb_free=7.3, wall=27432
2023-04-08 21:20:39 - progress_bar.py[line:272] - INFO: epoch 003:   1052 / 1878 loss=3.792, loss_v1=0, loss_v2=0, nll_loss=2.707, ntokens=320, nsentences=64, sample_size=320, sample_size_v1=0, sample_size_v2=0, ppl=6.53, wps=78.4, ups=0.25, wpb=320, bsz=64, num_updates=4800, lr=3.95944e-05, gnorm=7.007, clip=100, loss_scale=64, train_wall=40, gb_free=7.3, wall=27472
2023-04-08 21:21:20 - progress_bar.py[line:272] - INFO: epoch 003:   1062 / 1878 loss=3.759, loss_v1=0, loss_v2=0, nll_loss=2.668, ntokens=320, nsentences=64, sample_size=320, sample_size_v1=0, sample_size_v2=0, ppl=6.35, wps=78.8, ups=0.25, wpb=320, bsz=64, num_updates=4810, lr=3.95661e-05, gnorm=6.878, clip=100, loss_scale=64, train_wall=40, gb_free=7.3, wall=27513
2023-04-08 21:22:01 - progress_bar.py[line:272] - INFO: epoch 003:   1072 / 1878 loss=3.739, loss_v1=0, loss_v2=0, nll_loss=2.646, ntokens=320, nsentences=64, sample_size=320, sample_size_v1=0, sample_size_v2=0, ppl=6.26, wps=78.6, ups=0.25, wpb=320, bsz=64, num_updates=4820, lr=3.95378e-05, gnorm=6.963, clip=100, loss_scale=128, train_wall=40, gb_free=7.3, wall=27554
2023-04-08 21:22:41 - progress_bar.py[line:272] - INFO: epoch 003:   1082 / 1878 loss=3.779, loss_v1=0, loss_v2=0, nll_loss=2.695, ntokens=320, nsentences=64, sample_size=320, sample_size_v1=0, sample_size_v2=0, ppl=6.48, wps=78.2, ups=0.24, wpb=320, bsz=64, num_updates=4830, lr=3.95095e-05, gnorm=7.377, clip=100, loss_scale=128, train_wall=41, gb_free=7.3, wall=27595
2023-04-08 21:23:22 - progress_bar.py[line:272] - INFO: epoch 003:   1092 / 1878 loss=3.726, loss_v1=0, loss_v2=0, nll_loss=2.631, ntokens=320, nsentences=64, sample_size=320, sample_size_v1=0, sample_size_v2=0, ppl=6.2, wps=78.4, ups=0.25, wpb=320, bsz=64, num_updates=4840, lr=3.94811e-05, gnorm=6.278, clip=100, loss_scale=128, train_wall=41, gb_free=7.3, wall=27635
2023-04-08 21:24:03 - progress_bar.py[line:272] - INFO: epoch 003:   1102 / 1878 loss=3.811, loss_v1=0, loss_v2=0, nll_loss=2.723, ntokens=320, nsentences=64, sample_size=320, sample_size_v1=0, sample_size_v2=0, ppl=6.6, wps=78.7, ups=0.25, wpb=320, bsz=64, num_updates=4850, lr=3.94528e-05, gnorm=6.554, clip=100, loss_scale=128, train_wall=40, gb_free=7.3, wall=27676
2023-04-08 21:24:44 - progress_bar.py[line:272] - INFO: epoch 003:   1112 / 1878 loss=3.787, loss_v1=0, loss_v2=0, nll_loss=2.708, ntokens=320, nsentences=64, sample_size=320, sample_size_v1=0, sample_size_v2=0, ppl=6.54, wps=78.5, ups=0.25, wpb=320, bsz=64, num_updates=4860, lr=3.94245e-05, gnorm=6.35, clip=100, loss_scale=128, train_wall=41, gb_free=7.3, wall=27717
2023-04-08 21:25:24 - progress_bar.py[line:272] - INFO: epoch 003:   1122 / 1878 loss=3.714, loss_v1=0, loss_v2=0, nll_loss=2.613, ntokens=320, nsentences=64, sample_size=320, sample_size_v1=0, sample_size_v2=0, ppl=6.12, wps=78.6, ups=0.25, wpb=320, bsz=64, num_updates=4870, lr=3.93962e-05, gnorm=6.262, clip=100, loss_scale=128, train_wall=40, gb_free=7.3, wall=27758
2023-04-08 21:26:05 - progress_bar.py[line:272] - INFO: epoch 003:   1132 / 1878 loss=3.729, loss_v1=0, loss_v2=0, nll_loss=2.632, ntokens=320, nsentences=64, sample_size=320, sample_size_v1=0, sample_size_v2=0, ppl=6.2, wps=78.4, ups=0.25, wpb=320, bsz=64, num_updates=4880, lr=3.93678e-05, gnorm=6.698, clip=100, loss_scale=128, train_wall=41, gb_free=7.3, wall=27798
2023-04-08 21:26:46 - progress_bar.py[line:272] - INFO: epoch 003:   1142 / 1878 loss=3.772, loss_v1=0, loss_v2=0, nll_loss=2.686, ntokens=320, nsentences=64, sample_size=320, sample_size_v1=0, sample_size_v2=0, ppl=6.43, wps=78.7, ups=0.25, wpb=320, bsz=64, num_updates=4890, lr=3.93395e-05, gnorm=6.657, clip=100, loss_scale=128, train_wall=40, gb_free=7.3, wall=27839
2023-04-08 21:27:27 - progress_bar.py[line:272] - INFO: epoch 003:   1152 / 1878 loss=3.817, loss_v1=0, loss_v2=0, nll_loss=2.739, ntokens=320, nsentences=64, sample_size=320, sample_size_v1=0, sample_size_v2=0, ppl=6.68, wps=78.3, ups=0.24, wpb=320, bsz=64, num_updates=4900, lr=3.93112e-05, gnorm=6.733, clip=100, loss_scale=128, train_wall=41, gb_free=7.3, wall=27880
2023-04-08 21:28:07 - progress_bar.py[line:272] - INFO: epoch 003:   1162 / 1878 loss=3.75, loss_v1=0, loss_v2=0, nll_loss=2.655, ntokens=320, nsentences=64, sample_size=320, sample_size_v1=0, sample_size_v2=0, ppl=6.3, wps=78.6, ups=0.25, wpb=320, bsz=64, num_updates=4910, lr=3.92829e-05, gnorm=6.577, clip=100, loss_scale=128, train_wall=40, gb_free=7.3, wall=27921
2023-04-08 21:28:48 - progress_bar.py[line:272] - INFO: epoch 003:   1172 / 1878 loss=3.77, loss_v1=0, loss_v2=0, nll_loss=2.682, ntokens=320, nsentences=64, sample_size=320, sample_size_v1=0, sample_size_v2=0, ppl=6.42, wps=78.5, ups=0.25, wpb=320, bsz=64, num_updates=4920, lr=3.92546e-05, gnorm=7.194, clip=100, loss_scale=128, train_wall=41, gb_free=7.3, wall=27961
2023-04-08 21:29:29 - progress_bar.py[line:272] - INFO: epoch 003:   1182 / 1878 loss=3.768, loss_v1=0, loss_v2=0, nll_loss=2.679, ntokens=320, nsentences=64, sample_size=320, sample_size_v1=0, sample_size_v2=0, ppl=6.4, wps=78.3, ups=0.24, wpb=320, bsz=64, num_updates=4930, lr=3.92262e-05, gnorm=7.453, clip=100, loss_scale=128, train_wall=41, gb_free=7.3, wall=28002
2023-04-08 21:30:10 - progress_bar.py[line:272] - INFO: epoch 003:   1192 / 1878 loss=3.802, loss_v1=0, loss_v2=0, nll_loss=2.718, ntokens=320, nsentences=64, sample_size=320, sample_size_v1=0, sample_size_v2=0, ppl=6.58, wps=78.5, ups=0.25, wpb=320, bsz=64, num_updates=4940, lr=3.91979e-05, gnorm=7.624, clip=100, loss_scale=128, train_wall=41, gb_free=7.3, wall=28043
2023-04-08 21:30:51 - progress_bar.py[line:272] - INFO: epoch 003:   1202 / 1878 loss=3.748, loss_v1=0, loss_v2=0, nll_loss=2.659, ntokens=320, nsentences=64, sample_size=320, sample_size_v1=0, sample_size_v2=0, ppl=6.32, wps=78.2, ups=0.24, wpb=320, bsz=64, num_updates=4950, lr=3.91696e-05, gnorm=7.972, clip=100, loss_scale=128, train_wall=41, gb_free=7.3, wall=28084
2023-04-08 21:31:31 - progress_bar.py[line:272] - INFO: epoch 003:   1212 / 1878 loss=3.753, loss_v1=0, loss_v2=0, nll_loss=2.656, ntokens=320, nsentences=64, sample_size=320, sample_size_v1=0, sample_size_v2=0, ppl=6.3, wps=78.8, ups=0.25, wpb=320, bsz=64, num_updates=4960, lr=3.91413e-05, gnorm=7.436, clip=100, loss_scale=128, train_wall=40, gb_free=7.3, wall=28125
2023-04-08 21:32:12 - progress_bar.py[line:272] - INFO: epoch 003:   1222 / 1878 loss=3.719, loss_v1=0, loss_v2=0, nll_loss=2.625, ntokens=320, nsentences=64, sample_size=320, sample_size_v1=0, sample_size_v2=0, ppl=6.17, wps=78.2, ups=0.24, wpb=320, bsz=64, num_updates=4970, lr=3.91129e-05, gnorm=7.932, clip=100, loss_scale=128, train_wall=41, gb_free=7.3, wall=28166
2023-04-08 21:32:53 - progress_bar.py[line:272] - INFO: epoch 003:   1232 / 1878 loss=3.8, loss_v1=0, loss_v2=0, nll_loss=2.717, ntokens=320, nsentences=64, sample_size=320, sample_size_v1=0, sample_size_v2=0, ppl=6.57, wps=78.5, ups=0.25, wpb=320, bsz=64, num_updates=4980, lr=3.90846e-05, gnorm=6.718, clip=100, loss_scale=128, train_wall=41, gb_free=7.3, wall=28206
2023-04-08 21:33:34 - progress_bar.py[line:272] - INFO: epoch 003:   1242 / 1878 loss=3.717, loss_v1=0, loss_v2=0, nll_loss=2.622, ntokens=320, nsentences=64, sample_size=320, sample_size_v1=0, sample_size_v2=0, ppl=6.16, wps=78.6, ups=0.25, wpb=320, bsz=64, num_updates=4990, lr=3.90563e-05, gnorm=6.141, clip=100, loss_scale=128, train_wall=40, gb_free=7.3, wall=28247
slice_id 1 seek offset 5379
2023-04-08 21:34:15 - progress_bar.py[line:272] - INFO: epoch 003:   1252 / 1878 loss=3.766, loss_v1=0, loss_v2=0, nll_loss=2.673, ntokens=320, nsentences=64, sample_size=320, sample_size_v1=0, sample_size_v2=0, ppl=6.38, wps=78.3, ups=0.24, wpb=320, bsz=64, num_updates=5000, lr=3.9028e-05, gnorm=7.211, clip=100, loss_scale=128, train_wall=41, gb_free=7.3, wall=28288
2023-04-08 21:34:15 - train.py[line:445] - INFO: begin validation on "valid" subset
slice_id 0 seek offset 0
slice_id 1 seek offset 5379
slice_id 0 seek offset 0
2023-04-08 21:45:29 - progress_bar.py[line:282] - INFO: epoch 003 | valid on 'valid' subset | loss 4.52 | loss_v1 0 | loss_v2 0 | nll_loss 3.506 | ntokens 39.993 | nsentences 7.999 | sample_size 39.993 | sample_size_v1 0 | sample_size_v2 0 | ppl 11.36 | score 0.3793 | wps 79.8 | wpb 40 | bsz 8 | num_updates 5000 | best_score 0.4586
2023-04-08 21:45:29 - checkpoint_utils.py[line:64] - INFO: Preparing to save checkpoint for epoch 3 @ 5000 updates
2023-04-08 21:45:29 - trainer.py[line:431] - INFO: Saving checkpoint to ./refcocoplus_EC_checkpoints_exp2/10_5e-5_512/checkpoint_3_5000.pt
2023-04-08 21:45:48 - trainer.py[line:441] - INFO: Finished saving checkpoint to ./refcocoplus_EC_checkpoints_exp2/10_5e-5_512/checkpoint_3_5000.pt
2023-04-08 21:45:58 - checkpoint_utils.py[line:133] - INFO: Saved checkpoint ./refcocoplus_EC_checkpoints_exp2/10_5e-5_512/checkpoint_3_5000.pt (epoch 3 @ 5000 updates, score 0.3793) (writing took 29.004522838629782 seconds)
2023-04-08 21:46:38 - progress_bar.py[line:272] - INFO: epoch 003:   1262 / 1878 loss=3.746, loss_v1=0, loss_v2=0, nll_loss=2.658, ntokens=320, nsentences=64, sample_size=320, sample_size_v1=0, sample_size_v2=0, ppl=6.31, wps=4.3, ups=0.01, wpb=320, bsz=64, num_updates=5010, lr=3.89997e-05, gnorm=6.931, clip=100, loss_scale=128, train_wall=40, gb_free=7.3, wall=29031
2023-04-08 21:46:50 - trainer.py[line:921] - INFO: NOTE: gradient overflow detected, ignoring gradient, setting loss scale to: 64.0
2023-04-08 21:47:23 - progress_bar.py[line:272] - INFO: epoch 003:   1273 / 1878 loss=3.734, loss_v1=0, loss_v2=0, nll_loss=2.643, ntokens=320, nsentences=64, sample_size=320, sample_size_v1=0, sample_size_v2=0, ppl=6.25, wps=70.9, ups=0.22, wpb=320, bsz=64, num_updates=5020, lr=3.89713e-05, gnorm=7.081, clip=100, loss_scale=64, train_wall=45, gb_free=7.3, wall=29076
2023-04-08 21:48:04 - progress_bar.py[line:272] - INFO: epoch 003:   1283 / 1878 loss=3.698, loss_v1=0, loss_v2=0, nll_loss=2.599, ntokens=320, nsentences=64, sample_size=320, sample_size_v1=0, sample_size_v2=0, ppl=6.06, wps=79, ups=0.25, wpb=320, bsz=64, num_updates=5030, lr=3.8943e-05, gnorm=6.93, clip=100, loss_scale=64, train_wall=40, gb_free=7.3, wall=29117
2023-04-08 21:48:44 - progress_bar.py[line:272] - INFO: epoch 003:   1293 / 1878 loss=3.728, loss_v1=0, loss_v2=0, nll_loss=2.634, ntokens=320, nsentences=64, sample_size=320, sample_size_v1=0, sample_size_v2=0, ppl=6.21, wps=78.3, ups=0.24, wpb=320, bsz=64, num_updates=5040, lr=3.89147e-05, gnorm=6.997, clip=100, loss_scale=64, train_wall=41, gb_free=7.3, wall=29158
2023-04-08 21:49:25 - progress_bar.py[line:272] - INFO: epoch 003:   1303 / 1878 loss=3.748, loss_v1=0, loss_v2=0, nll_loss=2.658, ntokens=320, nsentences=64, sample_size=320, sample_size_v1=0, sample_size_v2=0, ppl=6.31, wps=78.5, ups=0.25, wpb=320, bsz=64, num_updates=5050, lr=3.88864e-05, gnorm=6.289, clip=100, loss_scale=64, train_wall=41, gb_free=7.3, wall=29198
2023-04-08 21:50:06 - progress_bar.py[line:272] - INFO: epoch 003:   1313 / 1878 loss=3.819, loss_v1=0, loss_v2=0, nll_loss=2.739, ntokens=320, nsentences=64, sample_size=320, sample_size_v1=0, sample_size_v2=0, ppl=6.67, wps=78.5, ups=0.25, wpb=320, bsz=64, num_updates=5060, lr=3.8858e-05, gnorm=7.338, clip=100, loss_scale=64, train_wall=41, gb_free=7.3, wall=29239
2023-04-08 21:50:47 - progress_bar.py[line:272] - INFO: epoch 003:   1323 / 1878 loss=3.75, loss_v1=0, loss_v2=0, nll_loss=2.657, ntokens=320, nsentences=64, sample_size=320, sample_size_v1=0, sample_size_v2=0, ppl=6.31, wps=77.6, ups=0.24, wpb=320, bsz=64, num_updates=5070, lr=3.88297e-05, gnorm=6.617, clip=100, loss_scale=64, train_wall=41, gb_free=7.3, wall=29280
2023-04-08 21:51:28 - progress_bar.py[line:272] - INFO: epoch 003:   1333 / 1878 loss=3.749, loss_v1=0, loss_v2=0, nll_loss=2.659, ntokens=320, nsentences=64, sample_size=320, sample_size_v1=0, sample_size_v2=0, ppl=6.31, wps=78, ups=0.24, wpb=320, bsz=64, num_updates=5080, lr=3.88014e-05, gnorm=6.959, clip=100, loss_scale=64, train_wall=41, gb_free=7.3, wall=29321
2023-04-08 21:52:09 - progress_bar.py[line:272] - INFO: epoch 003:   1343 / 1878 loss=3.738, loss_v1=0, loss_v2=0, nll_loss=2.649, ntokens=320, nsentences=64, sample_size=320, sample_size_v1=0, sample_size_v2=0, ppl=6.27, wps=78.5, ups=0.25, wpb=320, bsz=64, num_updates=5090, lr=3.87731e-05, gnorm=7.582, clip=100, loss_scale=64, train_wall=41, gb_free=7.3, wall=29362
2023-04-08 21:52:50 - progress_bar.py[line:272] - INFO: epoch 003:   1353 / 1878 loss=3.744, loss_v1=0, loss_v2=0, nll_loss=2.654, ntokens=320, nsentences=64, sample_size=320, sample_size_v1=0, sample_size_v2=0, ppl=6.29, wps=78.3, ups=0.24, wpb=320, bsz=64, num_updates=5100, lr=3.87448e-05, gnorm=7.024, clip=100, loss_scale=64, train_wall=41, gb_free=7.3, wall=29403
2023-04-08 21:53:31 - progress_bar.py[line:272] - INFO: epoch 003:   1363 / 1878 loss=3.736, loss_v1=0, loss_v2=0, nll_loss=2.643, ntokens=320, nsentences=64, sample_size=320, sample_size_v1=0, sample_size_v2=0, ppl=6.25, wps=78.6, ups=0.25, wpb=320, bsz=64, num_updates=5110, lr=3.87164e-05, gnorm=7.391, clip=100, loss_scale=64, train_wall=41, gb_free=7.3, wall=29444
2023-04-08 21:54:12 - progress_bar.py[line:272] - INFO: epoch 003:   1373 / 1878 loss=3.787, loss_v1=0, loss_v2=0, nll_loss=2.704, ntokens=320, nsentences=64, sample_size=320, sample_size_v1=0, sample_size_v2=0, ppl=6.51, wps=78.1, ups=0.24, wpb=320, bsz=64, num_updates=5120, lr=3.86881e-05, gnorm=7.649, clip=100, loss_scale=64, train_wall=41, gb_free=7.3, wall=29485
2023-04-08 21:54:52 - progress_bar.py[line:272] - INFO: epoch 003:   1383 / 1878 loss=3.756, loss_v1=0, loss_v2=0, nll_loss=2.669, ntokens=320, nsentences=64, sample_size=320, sample_size_v1=0, sample_size_v2=0, ppl=6.36, wps=78.2, ups=0.24, wpb=320, bsz=64, num_updates=5130, lr=3.86598e-05, gnorm=6.848, clip=100, loss_scale=64, train_wall=41, gb_free=7.3, wall=29526
2023-04-08 21:55:33 - progress_bar.py[line:272] - INFO: epoch 003:   1393 / 1878 loss=3.73, loss_v1=0, loss_v2=0, nll_loss=2.635, ntokens=320, nsentences=64, sample_size=320, sample_size_v1=0, sample_size_v2=0, ppl=6.21, wps=78.6, ups=0.25, wpb=320, bsz=64, num_updates=5140, lr=3.86315e-05, gnorm=6.745, clip=100, loss_scale=64, train_wall=41, gb_free=7.3, wall=29566
2023-04-08 21:56:14 - progress_bar.py[line:272] - INFO: epoch 003:   1403 / 1878 loss=3.739, loss_v1=0, loss_v2=0, nll_loss=2.646, ntokens=320, nsentences=64, sample_size=320, sample_size_v1=0, sample_size_v2=0, ppl=6.26, wps=78.4, ups=0.24, wpb=320, bsz=64, num_updates=5150, lr=3.86031e-05, gnorm=6.871, clip=100, loss_scale=64, train_wall=41, gb_free=7.3, wall=29607
2023-04-08 21:56:55 - progress_bar.py[line:272] - INFO: epoch 003:   1413 / 1878 loss=3.728, loss_v1=0, loss_v2=0, nll_loss=2.637, ntokens=320, nsentences=64, sample_size=320, sample_size_v1=0, sample_size_v2=0, ppl=6.22, wps=78.4, ups=0.24, wpb=320, bsz=64, num_updates=5160, lr=3.85748e-05, gnorm=7.056, clip=100, loss_scale=64, train_wall=41, gb_free=7.3, wall=29648
2023-04-08 21:57:36 - progress_bar.py[line:272] - INFO: epoch 003:   1423 / 1878 loss=3.787, loss_v1=0, loss_v2=0, nll_loss=2.696, ntokens=320, nsentences=64, sample_size=320, sample_size_v1=0, sample_size_v2=0, ppl=6.48, wps=78, ups=0.24, wpb=320, bsz=64, num_updates=5170, lr=3.85465e-05, gnorm=8.468, clip=100, loss_scale=64, train_wall=41, gb_free=7.3, wall=29689
2023-04-08 21:58:17 - progress_bar.py[line:272] - INFO: epoch 003:   1433 / 1878 loss=3.737, loss_v1=0, loss_v2=0, nll_loss=2.649, ntokens=320, nsentences=64, sample_size=320, sample_size_v1=0, sample_size_v2=0, ppl=6.27, wps=78.5, ups=0.25, wpb=320, bsz=64, num_updates=5180, lr=3.85182e-05, gnorm=6.509, clip=100, loss_scale=64, train_wall=41, gb_free=7.3, wall=29730
2023-04-08 21:58:57 - progress_bar.py[line:272] - INFO: epoch 003:   1443 / 1878 loss=3.689, loss_v1=0, loss_v2=0, nll_loss=2.587, ntokens=320, nsentences=64, sample_size=320, sample_size_v1=0, sample_size_v2=0, ppl=6.01, wps=78.3, ups=0.24, wpb=320, bsz=64, num_updates=5190, lr=3.84899e-05, gnorm=6.697, clip=100, loss_scale=64, train_wall=41, gb_free=7.3, wall=29771
2023-04-08 21:59:38 - progress_bar.py[line:272] - INFO: epoch 003:   1453 / 1878 loss=3.745, loss_v1=0, loss_v2=0, nll_loss=2.65, ntokens=320, nsentences=64, sample_size=320, sample_size_v1=0, sample_size_v2=0, ppl=6.28, wps=78.2, ups=0.24, wpb=320, bsz=64, num_updates=5200, lr=3.84615e-05, gnorm=7.462, clip=100, loss_scale=64, train_wall=41, gb_free=7.3, wall=29812
2023-04-08 22:00:19 - progress_bar.py[line:272] - INFO: epoch 003:   1463 / 1878 loss=3.76, loss_v1=0, loss_v2=0, nll_loss=2.674, ntokens=320, nsentences=64, sample_size=320, sample_size_v1=0, sample_size_v2=0, ppl=6.38, wps=78.7, ups=0.25, wpb=320, bsz=64, num_updates=5210, lr=3.84332e-05, gnorm=7.951, clip=100, loss_scale=64, train_wall=40, gb_free=7.3, wall=29852
2023-04-08 22:01:00 - progress_bar.py[line:272] - INFO: epoch 003:   1473 / 1878 loss=3.719, loss_v1=0, loss_v2=0, nll_loss=2.627, ntokens=320, nsentences=64, sample_size=320, sample_size_v1=0, sample_size_v2=0, ppl=6.18, wps=78.6, ups=0.25, wpb=320, bsz=64, num_updates=5220, lr=3.84049e-05, gnorm=6.797, clip=100, loss_scale=64, train_wall=40, gb_free=7.3, wall=29893
2023-04-08 22:01:40 - progress_bar.py[line:272] - INFO: epoch 003:   1483 / 1878 loss=3.732, loss_v1=0, loss_v2=0, nll_loss=2.638, ntokens=320, nsentences=64, sample_size=320, sample_size_v1=0, sample_size_v2=0, ppl=6.23, wps=78.7, ups=0.25, wpb=320, bsz=64, num_updates=5230, lr=3.83766e-05, gnorm=6.681, clip=100, loss_scale=64, train_wall=40, gb_free=7.3, wall=29934
2023-04-08 22:02:21 - progress_bar.py[line:272] - INFO: epoch 003:   1493 / 1878 loss=3.697, loss_v1=0, loss_v2=0, nll_loss=2.601, ntokens=320, nsentences=64, sample_size=320, sample_size_v1=0, sample_size_v2=0, ppl=6.07, wps=78.4, ups=0.24, wpb=320, bsz=64, num_updates=5240, lr=3.83482e-05, gnorm=7.771, clip=100, loss_scale=64, train_wall=41, gb_free=7.3, wall=29974
2023-04-08 22:03:02 - progress_bar.py[line:272] - INFO: epoch 003:   1503 / 1878 loss=3.679, loss_v1=0, loss_v2=0, nll_loss=2.578, ntokens=320, nsentences=64, sample_size=320, sample_size_v1=0, sample_size_v2=0, ppl=5.97, wps=78.8, ups=0.25, wpb=320, bsz=64, num_updates=5250, lr=3.83199e-05, gnorm=7.265, clip=100, loss_scale=64, train_wall=40, gb_free=7.3, wall=30015
2023-04-08 22:03:43 - progress_bar.py[line:272] - INFO: epoch 003:   1513 / 1878 loss=3.693, loss_v1=0, loss_v2=0, nll_loss=2.596, ntokens=320, nsentences=64, sample_size=320, sample_size_v1=0, sample_size_v2=0, ppl=6.05, wps=78.5, ups=0.25, wpb=320, bsz=64, num_updates=5260, lr=3.82916e-05, gnorm=7.163, clip=100, loss_scale=64, train_wall=41, gb_free=7.3, wall=30056
2023-04-08 22:04:23 - progress_bar.py[line:272] - INFO: epoch 003:   1523 / 1878 loss=3.691, loss_v1=0, loss_v2=0, nll_loss=2.589, ntokens=320, nsentences=64, sample_size=320, sample_size_v1=0, sample_size_v2=0, ppl=6.02, wps=78.4, ups=0.25, wpb=320, bsz=64, num_updates=5270, lr=3.82633e-05, gnorm=6.88, clip=100, loss_scale=64, train_wall=41, gb_free=7.3, wall=30097
2023-04-08 22:05:04 - progress_bar.py[line:272] - INFO: epoch 003:   1533 / 1878 loss=3.683, loss_v1=0, loss_v2=0, nll_loss=2.584, ntokens=320, nsentences=64, sample_size=320, sample_size_v1=0, sample_size_v2=0, ppl=6, wps=78.4, ups=0.25, wpb=320, bsz=64, num_updates=5280, lr=3.8235e-05, gnorm=7.433, clip=100, loss_scale=64, train_wall=41, gb_free=7.3, wall=30137
2023-04-08 22:05:45 - progress_bar.py[line:272] - INFO: epoch 003:   1543 / 1878 loss=3.696, loss_v1=0, loss_v2=0, nll_loss=2.596, ntokens=320, nsentences=64, sample_size=320, sample_size_v1=0, sample_size_v2=0, ppl=6.05, wps=78.1, ups=0.24, wpb=320, bsz=64, num_updates=5290, lr=3.82066e-05, gnorm=6.947, clip=100, loss_scale=64, train_wall=41, gb_free=7.3, wall=30178
2023-04-08 22:06:26 - progress_bar.py[line:272] - INFO: epoch 003:   1553 / 1878 loss=3.698, loss_v1=0, loss_v2=0, nll_loss=2.601, ntokens=320, nsentences=64, sample_size=320, sample_size_v1=0, sample_size_v2=0, ppl=6.07, wps=78, ups=0.24, wpb=320, bsz=64, num_updates=5300, lr=3.81783e-05, gnorm=7.454, clip=100, loss_scale=64, train_wall=41, gb_free=7.3, wall=30219
2023-04-08 22:07:07 - progress_bar.py[line:272] - INFO: epoch 003:   1563 / 1878 loss=3.726, loss_v1=0, loss_v2=0, nll_loss=2.635, ntokens=320, nsentences=64, sample_size=320, sample_size_v1=0, sample_size_v2=0, ppl=6.21, wps=78.5, ups=0.25, wpb=320, bsz=64, num_updates=5310, lr=3.815e-05, gnorm=6.9, clip=100, loss_scale=64, train_wall=40, gb_free=7.3, wall=30260
2023-04-08 22:07:48 - progress_bar.py[line:272] - INFO: epoch 003:   1573 / 1878 loss=3.661, loss_v1=0, loss_v2=0, nll_loss=2.559, ntokens=320, nsentences=64, sample_size=320, sample_size_v1=0, sample_size_v2=0, ppl=5.89, wps=78.3, ups=0.24, wpb=320, bsz=64, num_updates=5320, lr=3.81217e-05, gnorm=6.211, clip=100, loss_scale=64, train_wall=41, gb_free=7.3, wall=30301
2023-04-08 22:08:29 - progress_bar.py[line:272] - INFO: epoch 003:   1583 / 1878 loss=3.689, loss_v1=0, loss_v2=0, nll_loss=2.586, ntokens=320, nsentences=64, sample_size=320, sample_size_v1=0, sample_size_v2=0, ppl=6, wps=77.7, ups=0.24, wpb=320, bsz=64, num_updates=5330, lr=3.80933e-05, gnorm=6.903, clip=100, loss_scale=64, train_wall=41, gb_free=7.3, wall=30342
2023-04-08 22:09:10 - progress_bar.py[line:272] - INFO: epoch 003:   1593 / 1878 loss=3.745, loss_v1=0, loss_v2=0, nll_loss=2.655, ntokens=320, nsentences=64, sample_size=320, sample_size_v1=0, sample_size_v2=0, ppl=6.3, wps=78, ups=0.24, wpb=320, bsz=64, num_updates=5340, lr=3.8065e-05, gnorm=7.421, clip=100, loss_scale=64, train_wall=41, gb_free=7.3, wall=30383
2023-04-08 22:09:51 - progress_bar.py[line:272] - INFO: epoch 003:   1603 / 1878 loss=3.666, loss_v1=0, loss_v2=0, nll_loss=2.566, ntokens=320, nsentences=64, sample_size=320, sample_size_v1=0, sample_size_v2=0, ppl=5.92, wps=77.8, ups=0.24, wpb=320, bsz=64, num_updates=5350, lr=3.80367e-05, gnorm=6.495, clip=100, loss_scale=64, train_wall=41, gb_free=7.3, wall=30424
2023-04-08 22:10:32 - progress_bar.py[line:272] - INFO: epoch 003:   1613 / 1878 loss=3.75, loss_v1=0, loss_v2=0, nll_loss=2.656, ntokens=320, nsentences=64, sample_size=320, sample_size_v1=0, sample_size_v2=0, ppl=6.3, wps=78.1, ups=0.24, wpb=320, bsz=64, num_updates=5360, lr=3.80084e-05, gnorm=7.295, clip=100, loss_scale=64, train_wall=41, gb_free=7.3, wall=30465
2023-04-08 22:11:13 - progress_bar.py[line:272] - INFO: epoch 003:   1623 / 1878 loss=3.745, loss_v1=0, loss_v2=0, nll_loss=2.656, ntokens=320, nsentences=64, sample_size=320, sample_size_v1=0, sample_size_v2=0, ppl=6.3, wps=77.7, ups=0.24, wpb=320, bsz=64, num_updates=5370, lr=3.79801e-05, gnorm=7.541, clip=100, loss_scale=64, train_wall=41, gb_free=7.3, wall=30506
2023-04-08 22:11:54 - progress_bar.py[line:272] - INFO: epoch 003:   1633 / 1878 loss=3.75, loss_v1=0, loss_v2=0, nll_loss=2.657, ntokens=320, nsentences=64, sample_size=320, sample_size_v1=0, sample_size_v2=0, ppl=6.31, wps=77.9, ups=0.24, wpb=320, bsz=64, num_updates=5380, lr=3.79517e-05, gnorm=6.615, clip=100, loss_scale=64, train_wall=41, gb_free=7.3, wall=30548
2023-04-08 22:12:35 - progress_bar.py[line:272] - INFO: epoch 003:   1643 / 1878 loss=3.746, loss_v1=0, loss_v2=0, nll_loss=2.657, ntokens=320, nsentences=64, sample_size=320, sample_size_v1=0, sample_size_v2=0, ppl=6.31, wps=78.3, ups=0.24, wpb=320, bsz=64, num_updates=5390, lr=3.79234e-05, gnorm=7.219, clip=100, loss_scale=64, train_wall=40, gb_free=7.3, wall=30588
2023-04-08 22:13:16 - progress_bar.py[line:272] - INFO: epoch 003:   1653 / 1878 loss=3.655, loss_v1=0, loss_v2=0, nll_loss=2.553, ntokens=320, nsentences=64, sample_size=320, sample_size_v1=0, sample_size_v2=0, ppl=5.87, wps=78.8, ups=0.25, wpb=320, bsz=64, num_updates=5400, lr=3.78951e-05, gnorm=6.529, clip=100, loss_scale=64, train_wall=40, gb_free=7.3, wall=30629
2023-04-08 22:13:56 - progress_bar.py[line:272] - INFO: epoch 003:   1663 / 1878 loss=3.695, loss_v1=0, loss_v2=0, nll_loss=2.594, ntokens=320, nsentences=64, sample_size=320, sample_size_v1=0, sample_size_v2=0, ppl=6.04, wps=78.9, ups=0.25, wpb=320, bsz=64, num_updates=5410, lr=3.78668e-05, gnorm=7.614, clip=100, loss_scale=64, train_wall=40, gb_free=7.3, wall=30670
2023-04-08 22:14:37 - progress_bar.py[line:272] - INFO: epoch 003:   1673 / 1878 loss=3.702, loss_v1=0, loss_v2=0, nll_loss=2.604, ntokens=320, nsentences=64, sample_size=320, sample_size_v1=0, sample_size_v2=0, ppl=6.08, wps=78.2, ups=0.24, wpb=320, bsz=64, num_updates=5420, lr=3.78385e-05, gnorm=7.347, clip=100, loss_scale=64, train_wall=41, gb_free=7.3, wall=30710
2023-04-08 22:15:18 - progress_bar.py[line:272] - INFO: epoch 003:   1683 / 1878 loss=3.69, loss_v1=0, loss_v2=0, nll_loss=2.591, ntokens=320, nsentences=64, sample_size=320, sample_size_v1=0, sample_size_v2=0, ppl=6.03, wps=78.4, ups=0.24, wpb=320, bsz=64, num_updates=5430, lr=3.78101e-05, gnorm=7.002, clip=100, loss_scale=64, train_wall=41, gb_free=7.3, wall=30751
2023-04-08 22:15:59 - progress_bar.py[line:272] - INFO: epoch 003:   1693 / 1878 loss=3.686, loss_v1=0, loss_v2=0, nll_loss=2.588, ntokens=320, nsentences=64, sample_size=320, sample_size_v1=0, sample_size_v2=0, ppl=6.01, wps=78.2, ups=0.24, wpb=320, bsz=64, num_updates=5440, lr=3.77818e-05, gnorm=6.806, clip=100, loss_scale=64, train_wall=41, gb_free=7.3, wall=30792
2023-04-08 22:16:40 - progress_bar.py[line:272] - INFO: epoch 003:   1703 / 1878 loss=3.726, loss_v1=0, loss_v2=0, nll_loss=2.63, ntokens=320, nsentences=64, sample_size=320, sample_size_v1=0, sample_size_v2=0, ppl=6.19, wps=78.5, ups=0.25, wpb=320, bsz=64, num_updates=5450, lr=3.77535e-05, gnorm=7.428, clip=100, loss_scale=64, train_wall=41, gb_free=7.3, wall=30833
2023-04-08 22:17:21 - progress_bar.py[line:272] - INFO: epoch 003:   1713 / 1878 loss=3.653, loss_v1=0, loss_v2=0, nll_loss=2.547, ntokens=320, nsentences=64, sample_size=320, sample_size_v1=0, sample_size_v2=0, ppl=5.84, wps=78.6, ups=0.25, wpb=320, bsz=64, num_updates=5460, lr=3.77252e-05, gnorm=7.566, clip=100, loss_scale=64, train_wall=41, gb_free=7.3, wall=30874
2023-04-08 22:18:01 - progress_bar.py[line:272] - INFO: epoch 003:   1723 / 1878 loss=3.669, loss_v1=0, loss_v2=0, nll_loss=2.57, ntokens=320, nsentences=64, sample_size=320, sample_size_v1=0, sample_size_v2=0, ppl=5.94, wps=78.4, ups=0.24, wpb=320, bsz=64, num_updates=5470, lr=3.76968e-05, gnorm=7.392, clip=100, loss_scale=64, train_wall=41, gb_free=7.3, wall=30915
2023-04-08 22:18:42 - progress_bar.py[line:272] - INFO: epoch 003:   1733 / 1878 loss=3.66, loss_v1=0, loss_v2=0, nll_loss=2.559, ntokens=320, nsentences=64, sample_size=320, sample_size_v1=0, sample_size_v2=0, ppl=5.89, wps=78.8, ups=0.25, wpb=320, bsz=64, num_updates=5480, lr=3.76685e-05, gnorm=7.472, clip=100, loss_scale=64, train_wall=40, gb_free=7.3, wall=30955
2023-04-08 22:19:23 - progress_bar.py[line:272] - INFO: epoch 003:   1743 / 1878 loss=3.675, loss_v1=0, loss_v2=0, nll_loss=2.57, ntokens=320, nsentences=64, sample_size=320, sample_size_v1=0, sample_size_v2=0, ppl=5.94, wps=78.7, ups=0.25, wpb=320, bsz=64, num_updates=5490, lr=3.76402e-05, gnorm=7.503, clip=100, loss_scale=64, train_wall=40, gb_free=7.3, wall=30996
2023-04-08 22:20:03 - progress_bar.py[line:272] - INFO: epoch 003:   1753 / 1878 loss=3.673, loss_v1=0, loss_v2=0, nll_loss=2.575, ntokens=320, nsentences=64, sample_size=320, sample_size_v1=0, sample_size_v2=0, ppl=5.96, wps=78.7, ups=0.25, wpb=320, bsz=64, num_updates=5500, lr=3.76119e-05, gnorm=7.185, clip=100, loss_scale=64, train_wall=40, gb_free=7.3, wall=31036
2023-04-08 22:20:03 - train.py[line:445] - INFO: begin validation on "valid" subset
slice_id 0 seek offset 0
slice_id 1 seek offset 5379
slice_id 1 seek offset 5379
slice_id 0 seek offset 0
2023-04-08 22:31:17 - progress_bar.py[line:282] - INFO: epoch 003 | valid on 'valid' subset | loss 4.596 | loss_v1 0 | loss_v2 0 | nll_loss 3.59 | ntokens 39.993 | nsentences 7.999 | sample_size 39.993 | sample_size_v1 0 | sample_size_v2 0 | ppl 12.04 | score 0.3902 | wps 79.9 | wpb 40 | bsz 8 | num_updates 5500 | best_score 0.4586
2023-04-08 22:31:17 - checkpoint_utils.py[line:64] - INFO: Preparing to save checkpoint for epoch 3 @ 5500 updates
2023-04-08 22:31:17 - trainer.py[line:431] - INFO: Saving checkpoint to ./refcocoplus_EC_checkpoints_exp2/10_5e-5_512/checkpoint_3_5500.pt
2023-04-08 22:31:37 - trainer.py[line:441] - INFO: Finished saving checkpoint to ./refcocoplus_EC_checkpoints_exp2/10_5e-5_512/checkpoint_3_5500.pt
2023-04-08 22:31:45 - checkpoint_utils.py[line:133] - INFO: Saved checkpoint ./refcocoplus_EC_checkpoints_exp2/10_5e-5_512/checkpoint_3_5500.pt (epoch 3 @ 5500 updates, score 0.3902) (writing took 27.555251653306186 seconds)
2023-04-08 22:32:25 - progress_bar.py[line:272] - INFO: epoch 003:   1763 / 1878 loss=3.641, loss_v1=0, loss_v2=0, nll_loss=2.538, ntokens=320, nsentences=64, sample_size=320, sample_size_v1=0, sample_size_v2=0, ppl=5.81, wps=4.3, ups=0.01, wpb=320, bsz=64, num_updates=5510, lr=3.75836e-05, gnorm=6.903, clip=100, loss_scale=64, train_wall=40, gb_free=7.3, wall=31778
2023-04-08 22:33:06 - progress_bar.py[line:272] - INFO: epoch 003:   1773 / 1878 loss=3.73, loss_v1=0, loss_v2=0, nll_loss=2.635, ntokens=320, nsentences=64, sample_size=320, sample_size_v1=0, sample_size_v2=0, ppl=6.21, wps=78.4, ups=0.24, wpb=320, bsz=64, num_updates=5520, lr=3.75552e-05, gnorm=7.284, clip=100, loss_scale=64, train_wall=41, gb_free=7.3, wall=31819
2023-04-08 22:33:47 - progress_bar.py[line:272] - INFO: epoch 003:   1783 / 1878 loss=3.678, loss_v1=0, loss_v2=0, nll_loss=2.578, ntokens=320, nsentences=64, sample_size=320, sample_size_v1=0, sample_size_v2=0, ppl=5.97, wps=78.3, ups=0.24, wpb=320, bsz=64, num_updates=5530, lr=3.75269e-05, gnorm=7.781, clip=100, loss_scale=128, train_wall=41, gb_free=7.3, wall=31860
2023-04-08 22:34:28 - progress_bar.py[line:272] - INFO: epoch 003:   1793 / 1878 loss=3.694, loss_v1=0, loss_v2=0, nll_loss=2.602, ntokens=320, nsentences=64, sample_size=320, sample_size_v1=0, sample_size_v2=0, ppl=6.07, wps=77.6, ups=0.24, wpb=320, bsz=64, num_updates=5540, lr=3.74986e-05, gnorm=7.621, clip=100, loss_scale=128, train_wall=41, gb_free=7.3, wall=31901
2023-04-08 22:35:09 - progress_bar.py[line:272] - INFO: epoch 003:   1803 / 1878 loss=3.76, loss_v1=0, loss_v2=0, nll_loss=2.67, ntokens=320, nsentences=64, sample_size=320, sample_size_v1=0, sample_size_v2=0, ppl=6.36, wps=78.3, ups=0.24, wpb=320, bsz=64, num_updates=5550, lr=3.74703e-05, gnorm=7.794, clip=100, loss_scale=128, train_wall=41, gb_free=7.3, wall=31942
2023-04-08 22:35:49 - progress_bar.py[line:272] - INFO: epoch 003:   1813 / 1878 loss=3.657, loss_v1=0, loss_v2=0, nll_loss=2.551, ntokens=320, nsentences=64, sample_size=320, sample_size_v1=0, sample_size_v2=0, ppl=5.86, wps=78.6, ups=0.25, wpb=320, bsz=64, num_updates=5560, lr=3.74419e-05, gnorm=7.816, clip=100, loss_scale=128, train_wall=40, gb_free=7.3, wall=31983
2023-04-08 22:36:30 - progress_bar.py[line:272] - INFO: epoch 003:   1823 / 1878 loss=3.641, loss_v1=0, loss_v2=0, nll_loss=2.539, ntokens=320, nsentences=64, sample_size=320, sample_size_v1=0, sample_size_v2=0, ppl=5.81, wps=78.2, ups=0.24, wpb=320, bsz=64, num_updates=5570, lr=3.74136e-05, gnorm=6.717, clip=100, loss_scale=128, train_wall=41, gb_free=7.3, wall=32023
2023-04-08 22:37:11 - progress_bar.py[line:272] - INFO: epoch 003:   1833 / 1878 loss=3.678, loss_v1=0, loss_v2=0, nll_loss=2.579, ntokens=320, nsentences=64, sample_size=320, sample_size_v1=0, sample_size_v2=0, ppl=5.98, wps=78.5, ups=0.25, wpb=320, bsz=64, num_updates=5580, lr=3.73853e-05, gnorm=7.17, clip=100, loss_scale=128, train_wall=41, gb_free=7.3, wall=32064
2023-04-08 22:37:52 - progress_bar.py[line:272] - INFO: epoch 003:   1843 / 1878 loss=3.672, loss_v1=0, loss_v2=0, nll_loss=2.569, ntokens=320, nsentences=64, sample_size=320, sample_size_v1=0, sample_size_v2=0, ppl=5.94, wps=78.3, ups=0.24, wpb=320, bsz=64, num_updates=5590, lr=3.7357e-05, gnorm=7.601, clip=100, loss_scale=128, train_wall=41, gb_free=7.3, wall=32105
2023-04-08 22:38:33 - progress_bar.py[line:272] - INFO: epoch 003:   1853 / 1878 loss=3.687, loss_v1=0, loss_v2=0, nll_loss=2.589, ntokens=320, nsentences=64, sample_size=320, sample_size_v1=0, sample_size_v2=0, ppl=6.02, wps=77.8, ups=0.24, wpb=320, bsz=64, num_updates=5600, lr=3.73287e-05, gnorm=7.255, clip=100, loss_scale=128, train_wall=41, gb_free=7.3, wall=32146
2023-04-08 22:39:14 - progress_bar.py[line:272] - INFO: epoch 003:   1863 / 1878 loss=3.673, loss_v1=0, loss_v2=0, nll_loss=2.574, ntokens=320, nsentences=64, sample_size=320, sample_size_v1=0, sample_size_v2=0, ppl=5.95, wps=77.8, ups=0.24, wpb=320, bsz=64, num_updates=5610, lr=3.73003e-05, gnorm=7.606, clip=100, loss_scale=128, train_wall=41, gb_free=7.3, wall=32187
2023-04-08 22:39:55 - progress_bar.py[line:272] - INFO: epoch 003:   1873 / 1878 loss=3.701, loss_v1=0, loss_v2=0, nll_loss=2.605, ntokens=320, nsentences=64, sample_size=320, sample_size_v1=0, sample_size_v2=0, ppl=6.08, wps=78.7, ups=0.25, wpb=320, bsz=64, num_updates=5620, lr=3.7272e-05, gnorm=7.818, clip=100, loss_scale=128, train_wall=40, gb_free=7.3, wall=32228
slice_id 1 seek offset 5379
2023-04-08 22:40:14 - train.py[line:445] - INFO: begin validation on "valid" subset
slice_id 0 seek offset 0
slice_id 0 seek offset 0
slice_id 1 seek offset 5379
2023-04-08 22:51:28 - progress_bar.py[line:282] - INFO: epoch 003 | valid on 'valid' subset | loss 4.532 | loss_v1 0 | loss_v2 0 | nll_loss 3.52 | ntokens 39.993 | nsentences 7.999 | sample_size 39.993 | sample_size_v1 0 | sample_size_v2 0 | ppl 11.47 | score 0.3859 | wps 79.9 | wpb 40 | bsz 8 | num_updates 5625 | best_score 0.4586
2023-04-08 22:51:28 - checkpoint_utils.py[line:64] - INFO: Preparing to save checkpoint for epoch 3 @ 5625 updates
local datafile ../../dataset/refcocoplus_data/refcocoplus_train_EC.tsv slice_id 1 begin to initialize row_count and line_idx-to-offset mapping
2023-04-08 22:51:28 - trainer.py[line:431] - INFO: Saving checkpoint to ./refcocoplus_EC_checkpoints_exp2/10_5e-5_512/checkpoint_last.pt
2023-04-08 22:51:42 - trainer.py[line:441] - INFO: Finished saving checkpoint to ./refcocoplus_EC_checkpoints_exp2/10_5e-5_512/checkpoint_last.pt
2023-04-08 22:51:42 - checkpoint_utils.py[line:133] - INFO: Saved checkpoint ./refcocoplus_EC_checkpoints_exp2/10_5e-5_512/checkpoint_last.pt (epoch 3 @ 5625 updates, score 0.3859) (writing took 14.76499292254448 seconds)
2023-04-08 22:51:42 - train.py[line:332] - INFO: end of epoch 3 (average epoch stats below)
2023-04-08 22:51:43 - progress_bar.py[line:282] - INFO: epoch 003 | loss 3.805 | loss_v1 0 | loss_v2 0 | nll_loss 2.721 | ntokens 319.997 | nsentences 63.999 | sample_size 319.997 | sample_size_v1 0 | sample_size_v2 0 | ppl 6.59 | wps 53.6 | ups 0.17 | wpb 320 | bsz 64 | num_updates 5625 | lr 3.72578e-05 | gnorm 7.107 | clip 100 | loss_scale 128 | train_wall 7619 | gb_free 7.3 | wall 32936
2023-04-08 22:51:43 - trainer.py[line:639] - INFO: loading train data for epoch 4
local datafile ../../dataset/refcocoplus_data/refcocoplus_train_EC.tsv slice_id 0 begin to initialize row_count and line_idx-to-offset mapping
local datafile ../../dataset/refcocoplus_data/refcocoplus_train_EC.tsv slice_id 1 finished initializing row_count and line_idx-to-offset mapping
file ../../dataset/refcocoplus_data/refcocoplus_train_EC.tsv slice_id 1 row count 60095 total row count 120191
slice_id 1 seek offset 60096
local datafile ../../dataset/refcocoplus_data/refcocoplus_train_EC.tsv slice_id 0 finished initializing row_count and line_idx-to-offset mapping
file ../../dataset/refcocoplus_data/refcocoplus_train_EC.tsv slice_id 0 row count 60096 total row count 120191
slice_id 0 seek offset 0
2023-04-08 22:51:58 - trainer.py[line:703] - INFO: begin training epoch 4
2023-04-08 22:51:58 - train.py[line:305] - INFO: Start iterating over samples
2023-04-08 22:52:03 - trainer.py[line:921] - INFO: NOTE: gradient overflow detected, ignoring gradient, setting loss scale to: 64.0
2023-04-08 22:52:23 - progress_bar.py[line:272] - INFO: epoch 004:      6 / 1878 loss=3.667, loss_v1=0, loss_v2=0, nll_loss=2.566, ntokens=320, nsentences=64, sample_size=320, sample_size_v1=0, sample_size_v2=0, ppl=5.92, wps=4.3, ups=0.01, wpb=320, bsz=64, num_updates=5630, lr=3.72437e-05, gnorm=7.877, clip=100, loss_scale=64, train_wall=43, gb_free=7.3, wall=32976
2023-04-08 22:53:04 - progress_bar.py[line:272] - INFO: epoch 004:     16 / 1878 loss=3.675, loss_v1=0, loss_v2=0, nll_loss=2.577, ntokens=320, nsentences=64, sample_size=320, sample_size_v1=0, sample_size_v2=0, ppl=5.97, wps=77.8, ups=0.24, wpb=320, bsz=64, num_updates=5640, lr=3.72154e-05, gnorm=7.423, clip=100, loss_scale=64, train_wall=41, gb_free=7.3, wall=33017
2023-04-08 22:53:45 - progress_bar.py[line:272] - INFO: epoch 004:     26 / 1878 loss=3.709, loss_v1=0, loss_v2=0, nll_loss=2.613, ntokens=320, nsentences=64, sample_size=320, sample_size_v1=0, sample_size_v2=0, ppl=6.12, wps=78.1, ups=0.24, wpb=320, bsz=64, num_updates=5650, lr=3.7187e-05, gnorm=7.607, clip=100, loss_scale=64, train_wall=41, gb_free=7.3, wall=33058
2023-04-08 22:54:26 - progress_bar.py[line:272] - INFO: epoch 004:     36 / 1878 loss=3.674, loss_v1=0, loss_v2=0, nll_loss=2.575, ntokens=320, nsentences=64, sample_size=320, sample_size_v1=0, sample_size_v2=0, ppl=5.96, wps=78.1, ups=0.24, wpb=320, bsz=64, num_updates=5660, lr=3.71587e-05, gnorm=7.506, clip=100, loss_scale=64, train_wall=41, gb_free=7.3, wall=33099
2023-04-08 22:55:07 - progress_bar.py[line:272] - INFO: epoch 004:     46 / 1878 loss=3.733, loss_v1=0, loss_v2=0, nll_loss=2.641, ntokens=320, nsentences=64, sample_size=320, sample_size_v1=0, sample_size_v2=0, ppl=6.24, wps=78.3, ups=0.24, wpb=320, bsz=64, num_updates=5670, lr=3.71304e-05, gnorm=8.44, clip=100, loss_scale=64, train_wall=41, gb_free=7.3, wall=33140
2023-04-08 22:55:48 - progress_bar.py[line:272] - INFO: epoch 004:     56 / 1878 loss=3.747, loss_v1=0, loss_v2=0, nll_loss=2.66, ntokens=320, nsentences=64, sample_size=320, sample_size_v1=0, sample_size_v2=0, ppl=6.32, wps=78.6, ups=0.25, wpb=320, bsz=64, num_updates=5680, lr=3.71021e-05, gnorm=8.086, clip=100, loss_scale=64, train_wall=40, gb_free=7.3, wall=33181
2023-04-08 22:56:28 - progress_bar.py[line:272] - INFO: epoch 004:     66 / 1878 loss=3.671, loss_v1=0, loss_v2=0, nll_loss=2.571, ntokens=320, nsentences=64, sample_size=320, sample_size_v1=0, sample_size_v2=0, ppl=5.94, wps=78.3, ups=0.24, wpb=320, bsz=64, num_updates=5690, lr=3.70738e-05, gnorm=7.823, clip=100, loss_scale=64, train_wall=41, gb_free=7.3, wall=33222
2023-04-08 22:57:09 - progress_bar.py[line:272] - INFO: epoch 004:     76 / 1878 loss=3.723, loss_v1=0, loss_v2=0, nll_loss=2.628, ntokens=320, nsentences=64, sample_size=320, sample_size_v1=0, sample_size_v2=0, ppl=6.18, wps=78.1, ups=0.24, wpb=320, bsz=64, num_updates=5700, lr=3.70454e-05, gnorm=7.445, clip=100, loss_scale=64, train_wall=41, gb_free=7.3, wall=33263
2023-04-08 22:57:50 - progress_bar.py[line:272] - INFO: epoch 004:     86 / 1878 loss=3.664, loss_v1=0, loss_v2=0, nll_loss=2.566, ntokens=320, nsentences=64, sample_size=320, sample_size_v1=0, sample_size_v2=0, ppl=5.92, wps=78.4, ups=0.24, wpb=320, bsz=64, num_updates=5710, lr=3.70171e-05, gnorm=7.971, clip=100, loss_scale=64, train_wall=41, gb_free=7.3, wall=33303
2023-04-08 22:58:31 - progress_bar.py[line:272] - INFO: epoch 004:     96 / 1878 loss=3.678, loss_v1=0, loss_v2=0, nll_loss=2.579, ntokens=320, nsentences=64, sample_size=320, sample_size_v1=0, sample_size_v2=0, ppl=5.98, wps=78.6, ups=0.25, wpb=320, bsz=64, num_updates=5720, lr=3.69888e-05, gnorm=7.701, clip=100, loss_scale=64, train_wall=40, gb_free=7.3, wall=33344
2023-04-08 22:59:12 - progress_bar.py[line:272] - INFO: epoch 004:    106 / 1878 loss=3.683, loss_v1=0, loss_v2=0, nll_loss=2.585, ntokens=320, nsentences=64, sample_size=320, sample_size_v1=0, sample_size_v2=0, ppl=6, wps=78.2, ups=0.24, wpb=320, bsz=64, num_updates=5730, lr=3.69605e-05, gnorm=8.452, clip=100, loss_scale=64, train_wall=41, gb_free=7.3, wall=33385
2023-04-08 22:59:53 - progress_bar.py[line:272] - INFO: epoch 004:    116 / 1878 loss=3.682, loss_v1=0, loss_v2=0, nll_loss=2.582, ntokens=320, nsentences=64, sample_size=320, sample_size_v1=0, sample_size_v2=0, ppl=5.99, wps=78.5, ups=0.25, wpb=320, bsz=64, num_updates=5740, lr=3.69321e-05, gnorm=8.676, clip=100, loss_scale=64, train_wall=40, gb_free=7.3, wall=33426
2023-04-08 23:00:34 - progress_bar.py[line:272] - INFO: epoch 004:    126 / 1878 loss=3.663, loss_v1=0, loss_v2=0, nll_loss=2.561, ntokens=320, nsentences=64, sample_size=320, sample_size_v1=0, sample_size_v2=0, ppl=5.9, wps=77.2, ups=0.24, wpb=320, bsz=64, num_updates=5750, lr=3.69038e-05, gnorm=8.753, clip=100, loss_scale=64, train_wall=41, gb_free=7.3, wall=33467
2023-04-08 23:01:15 - progress_bar.py[line:272] - INFO: epoch 004:    136 / 1878 loss=3.688, loss_v1=0, loss_v2=0, nll_loss=2.593, ntokens=320, nsentences=64, sample_size=320, sample_size_v1=0, sample_size_v2=0, ppl=6.04, wps=78.7, ups=0.25, wpb=320, bsz=64, num_updates=5760, lr=3.68755e-05, gnorm=8.108, clip=100, loss_scale=64, train_wall=40, gb_free=7.3, wall=33508
2023-04-08 23:01:55 - progress_bar.py[line:272] - INFO: epoch 004:    146 / 1878 loss=3.668, loss_v1=0, loss_v2=0, nll_loss=2.565, ntokens=320, nsentences=64, sample_size=320, sample_size_v1=0, sample_size_v2=0, ppl=5.92, wps=78.9, ups=0.25, wpb=320, bsz=64, num_updates=5770, lr=3.68472e-05, gnorm=8.294, clip=100, loss_scale=64, train_wall=40, gb_free=7.3, wall=33549
2023-04-08 23:02:36 - progress_bar.py[line:272] - INFO: epoch 004:    156 / 1878 loss=3.689, loss_v1=0, loss_v2=0, nll_loss=2.589, ntokens=320, nsentences=64, sample_size=320, sample_size_v1=0, sample_size_v2=0, ppl=6.01, wps=78.7, ups=0.25, wpb=320, bsz=64, num_updates=5780, lr=3.68189e-05, gnorm=8.609, clip=100, loss_scale=64, train_wall=40, gb_free=7.3, wall=33589
2023-04-08 23:03:17 - progress_bar.py[line:272] - INFO: epoch 004:    166 / 1878 loss=3.671, loss_v1=0, loss_v2=0, nll_loss=2.578, ntokens=320, nsentences=64, sample_size=320, sample_size_v1=0, sample_size_v2=0, ppl=5.97, wps=78.4, ups=0.24, wpb=320, bsz=64, num_updates=5790, lr=3.67905e-05, gnorm=8.642, clip=100, loss_scale=64, train_wall=41, gb_free=7.3, wall=33630
2023-04-08 23:03:58 - progress_bar.py[line:272] - INFO: epoch 004:    176 / 1878 loss=3.722, loss_v1=0, loss_v2=0, nll_loss=2.631, ntokens=320, nsentences=64, sample_size=320, sample_size_v1=0, sample_size_v2=0, ppl=6.19, wps=78.4, ups=0.25, wpb=320, bsz=64, num_updates=5800, lr=3.67622e-05, gnorm=8.427, clip=100, loss_scale=64, train_wall=40, gb_free=7.3, wall=33671
2023-04-08 23:04:39 - progress_bar.py[line:272] - INFO: epoch 004:    186 / 1878 loss=3.717, loss_v1=0, loss_v2=0, nll_loss=2.618, ntokens=320, nsentences=64, sample_size=320, sample_size_v1=0, sample_size_v2=0, ppl=6.14, wps=77.6, ups=0.24, wpb=320, bsz=64, num_updates=5810, lr=3.67339e-05, gnorm=8.275, clip=100, loss_scale=64, train_wall=41, gb_free=7.3, wall=33712
2023-04-08 23:05:20 - progress_bar.py[line:272] - INFO: epoch 004:    196 / 1878 loss=3.65, loss_v1=0, loss_v2=0, nll_loss=2.548, ntokens=320, nsentences=64, sample_size=320, sample_size_v1=0, sample_size_v2=0, ppl=5.85, wps=77.9, ups=0.24, wpb=320, bsz=64, num_updates=5820, lr=3.67056e-05, gnorm=9.047, clip=100, loss_scale=64, train_wall=41, gb_free=7.3, wall=33753
2023-04-08 23:06:01 - progress_bar.py[line:272] - INFO: epoch 004:    206 / 1878 loss=3.727, loss_v1=0, loss_v2=0, nll_loss=2.633, ntokens=320, nsentences=64, sample_size=320, sample_size_v1=0, sample_size_v2=0, ppl=6.2, wps=78.2, ups=0.24, wpb=320, bsz=64, num_updates=5830, lr=3.66772e-05, gnorm=7.969, clip=100, loss_scale=64, train_wall=41, gb_free=7.3, wall=33794
2023-04-08 23:06:42 - progress_bar.py[line:272] - INFO: epoch 004:    216 / 1878 loss=3.689, loss_v1=0, loss_v2=0, nll_loss=2.596, ntokens=320, nsentences=64, sample_size=320, sample_size_v1=0, sample_size_v2=0, ppl=6.04, wps=78.6, ups=0.25, wpb=320, bsz=64, num_updates=5840, lr=3.66489e-05, gnorm=7.977, clip=100, loss_scale=64, train_wall=40, gb_free=7.3, wall=33835
2023-04-08 23:07:22 - progress_bar.py[line:272] - INFO: epoch 004:    226 / 1878 loss=3.719, loss_v1=0, loss_v2=0, nll_loss=2.621, ntokens=320, nsentences=64, sample_size=320, sample_size_v1=0, sample_size_v2=0, ppl=6.15, wps=78.5, ups=0.25, wpb=320, bsz=64, num_updates=5850, lr=3.66206e-05, gnorm=8.069, clip=100, loss_scale=64, train_wall=41, gb_free=7.3, wall=33876
2023-04-08 23:08:03 - progress_bar.py[line:272] - INFO: epoch 004:    236 / 1878 loss=3.702, loss_v1=0, loss_v2=0, nll_loss=2.605, ntokens=320, nsentences=64, sample_size=320, sample_size_v1=0, sample_size_v2=0, ppl=6.08, wps=78.5, ups=0.25, wpb=320, bsz=64, num_updates=5860, lr=3.65923e-05, gnorm=7.542, clip=100, loss_scale=64, train_wall=41, gb_free=7.3, wall=33916
2023-04-08 23:08:44 - progress_bar.py[line:272] - INFO: epoch 004:    246 / 1878 loss=3.665, loss_v1=0, loss_v2=0, nll_loss=2.567, ntokens=320, nsentences=64, sample_size=320, sample_size_v1=0, sample_size_v2=0, ppl=5.92, wps=78.4, ups=0.24, wpb=320, bsz=64, num_updates=5870, lr=3.6564e-05, gnorm=7.281, clip=100, loss_scale=64, train_wall=41, gb_free=7.3, wall=33957
2023-04-08 23:09:25 - progress_bar.py[line:272] - INFO: epoch 004:    256 / 1878 loss=3.664, loss_v1=0, loss_v2=0, nll_loss=2.564, ntokens=320, nsentences=64, sample_size=320, sample_size_v1=0, sample_size_v2=0, ppl=5.91, wps=78.6, ups=0.25, wpb=320, bsz=64, num_updates=5880, lr=3.65356e-05, gnorm=7.084, clip=100, loss_scale=64, train_wall=40, gb_free=7.3, wall=33998
2023-04-08 23:10:06 - progress_bar.py[line:272] - INFO: epoch 004:    266 / 1878 loss=3.593, loss_v1=0, loss_v2=0, nll_loss=2.479, ntokens=320, nsentences=64, sample_size=320, sample_size_v1=0, sample_size_v2=0, ppl=5.58, wps=78.5, ups=0.25, wpb=320, bsz=64, num_updates=5890, lr=3.65073e-05, gnorm=7.183, clip=100, loss_scale=64, train_wall=40, gb_free=7.3, wall=34039
2023-04-08 23:10:46 - progress_bar.py[line:272] - INFO: epoch 004:    276 / 1878 loss=3.62, loss_v1=0, loss_v2=0, nll_loss=2.509, ntokens=320, nsentences=64, sample_size=320, sample_size_v1=0, sample_size_v2=0, ppl=5.69, wps=78.3, ups=0.24, wpb=320, bsz=64, num_updates=5900, lr=3.6479e-05, gnorm=9.184, clip=100, loss_scale=64, train_wall=41, gb_free=7.3, wall=34080
2023-04-08 23:11:27 - progress_bar.py[line:272] - INFO: epoch 004:    286 / 1878 loss=3.718, loss_v1=0, loss_v2=0, nll_loss=2.627, ntokens=320, nsentences=64, sample_size=320, sample_size_v1=0, sample_size_v2=0, ppl=6.18, wps=78.4, ups=0.24, wpb=320, bsz=64, num_updates=5910, lr=3.64507e-05, gnorm=9.924, clip=100, loss_scale=64, train_wall=41, gb_free=7.3, wall=34120
2023-04-08 23:12:08 - progress_bar.py[line:272] - INFO: epoch 004:    296 / 1878 loss=3.69, loss_v1=0, loss_v2=0, nll_loss=2.594, ntokens=320, nsentences=64, sample_size=320, sample_size_v1=0, sample_size_v2=0, ppl=6.04, wps=78.5, ups=0.25, wpb=320, bsz=64, num_updates=5920, lr=3.64223e-05, gnorm=7.922, clip=100, loss_scale=64, train_wall=41, gb_free=7.3, wall=34161
2023-04-08 23:12:49 - progress_bar.py[line:272] - INFO: epoch 004:    306 / 1878 loss=3.669, loss_v1=0, loss_v2=0, nll_loss=2.569, ntokens=320, nsentences=64, sample_size=320, sample_size_v1=0, sample_size_v2=0, ppl=5.93, wps=78.6, ups=0.25, wpb=320, bsz=64, num_updates=5930, lr=3.6394e-05, gnorm=7.791, clip=100, loss_scale=64, train_wall=40, gb_free=7.3, wall=34202
2023-04-08 23:13:29 - progress_bar.py[line:272] - INFO: epoch 004:    316 / 1878 loss=3.628, loss_v1=0, loss_v2=0, nll_loss=2.522, ntokens=320, nsentences=64, sample_size=320, sample_size_v1=0, sample_size_v2=0, ppl=5.74, wps=78.6, ups=0.25, wpb=320, bsz=64, num_updates=5940, lr=3.63657e-05, gnorm=7.896, clip=100, loss_scale=64, train_wall=40, gb_free=7.3, wall=34243
2023-04-08 23:14:10 - progress_bar.py[line:272] - INFO: epoch 004:    326 / 1878 loss=3.633, loss_v1=0, loss_v2=0, nll_loss=2.524, ntokens=320, nsentences=64, sample_size=320, sample_size_v1=0, sample_size_v2=0, ppl=5.75, wps=78.3, ups=0.24, wpb=320, bsz=64, num_updates=5950, lr=3.63374e-05, gnorm=8.159, clip=100, loss_scale=64, train_wall=41, gb_free=7.3, wall=34283
2023-04-08 23:14:51 - progress_bar.py[line:272] - INFO: epoch 004:    336 / 1878 loss=3.654, loss_v1=0, loss_v2=0, nll_loss=2.553, ntokens=320, nsentences=64, sample_size=320, sample_size_v1=0, sample_size_v2=0, ppl=5.87, wps=78.1, ups=0.24, wpb=320, bsz=64, num_updates=5960, lr=3.63091e-05, gnorm=8.298, clip=100, loss_scale=64, train_wall=41, gb_free=7.3, wall=34324
2023-04-08 23:15:32 - progress_bar.py[line:272] - INFO: epoch 004:    346 / 1878 loss=3.626, loss_v1=0, loss_v2=0, nll_loss=2.518, ntokens=320, nsentences=64, sample_size=320, sample_size_v1=0, sample_size_v2=0, ppl=5.73, wps=78.6, ups=0.25, wpb=320, bsz=64, num_updates=5970, lr=3.62807e-05, gnorm=7.682, clip=100, loss_scale=64, train_wall=40, gb_free=7.3, wall=34365
2023-04-08 23:16:13 - progress_bar.py[line:272] - INFO: epoch 004:    356 / 1878 loss=3.613, loss_v1=0, loss_v2=0, nll_loss=2.505, ntokens=320, nsentences=64, sample_size=320, sample_size_v1=0, sample_size_v2=0, ppl=5.68, wps=78.3, ups=0.24, wpb=320, bsz=64, num_updates=5980, lr=3.62524e-05, gnorm=8.244, clip=100, loss_scale=64, train_wall=41, gb_free=7.3, wall=34406
2023-04-08 23:16:53 - progress_bar.py[line:272] - INFO: epoch 004:    366 / 1878 loss=3.692, loss_v1=0, loss_v2=0, nll_loss=2.597, ntokens=320, nsentences=64, sample_size=320, sample_size_v1=0, sample_size_v2=0, ppl=6.05, wps=78.7, ups=0.25, wpb=320, bsz=64, num_updates=5990, lr=3.62241e-05, gnorm=8.869, clip=100, loss_scale=64, train_wall=40, gb_free=7.3, wall=34447
2023-04-08 23:17:34 - progress_bar.py[line:272] - INFO: epoch 004:    376 / 1878 loss=3.677, loss_v1=0, loss_v2=0, nll_loss=2.579, ntokens=320, nsentences=64, sample_size=320, sample_size_v1=0, sample_size_v2=0, ppl=5.97, wps=78.6, ups=0.25, wpb=320, bsz=64, num_updates=6000, lr=3.61958e-05, gnorm=7.899, clip=100, loss_scale=64, train_wall=40, gb_free=7.3, wall=34487
2023-04-08 23:17:34 - train.py[line:445] - INFO: begin validation on "valid" subset
slice_id 0 seek offset 0
slice_id 1 seek offset 5379
slice_id 0 seek offset 0
slice_id 1 seek offset 5379
2023-04-08 23:28:49 - progress_bar.py[line:282] - INFO: epoch 004 | valid on 'valid' subset | loss 4.587 | loss_v1 0 | loss_v2 0 | nll_loss 3.581 | ntokens 39.993 | nsentences 7.999 | sample_size 39.993 | sample_size_v1 0 | sample_size_v2 0 | ppl 11.97 | score 0.3921 | wps 79.7 | wpb 40 | bsz 8 | num_updates 6000 | best_score 0.4586
2023-04-08 23:28:49 - checkpoint_utils.py[line:64] - INFO: Preparing to save checkpoint for epoch 4 @ 6000 updates
2023-04-08 23:28:49 - trainer.py[line:431] - INFO: Saving checkpoint to ./refcocoplus_EC_checkpoints_exp2/10_5e-5_512/checkpoint_4_6000.pt
2023-04-08 23:29:08 - trainer.py[line:441] - INFO: Finished saving checkpoint to ./refcocoplus_EC_checkpoints_exp2/10_5e-5_512/checkpoint_4_6000.pt
2023-04-08 23:29:18 - checkpoint_utils.py[line:133] - INFO: Saved checkpoint ./refcocoplus_EC_checkpoints_exp2/10_5e-5_512/checkpoint_4_6000.pt (epoch 4 @ 6000 updates, score 0.3921) (writing took 29.169924237765372 seconds)
2023-04-08 23:29:59 - progress_bar.py[line:272] - INFO: epoch 004:    386 / 1878 loss=3.618, loss_v1=0, loss_v2=0, nll_loss=2.512, ntokens=320, nsentences=64, sample_size=320, sample_size_v1=0, sample_size_v2=0, ppl=5.7, wps=4.3, ups=0.01, wpb=320, bsz=64, num_updates=6010, lr=3.61674e-05, gnorm=7.894, clip=100, loss_scale=64, train_wall=40, gb_free=7.3, wall=35232
2023-04-08 23:30:39 - progress_bar.py[line:272] - INFO: epoch 004:    396 / 1878 loss=3.647, loss_v1=0, loss_v2=0, nll_loss=2.538, ntokens=320, nsentences=64, sample_size=320, sample_size_v1=0, sample_size_v2=0, ppl=5.81, wps=78.2, ups=0.24, wpb=320, bsz=64, num_updates=6020, lr=3.61391e-05, gnorm=8.586, clip=100, loss_scale=64, train_wall=41, gb_free=7.3, wall=35273
2023-04-08 23:31:20 - progress_bar.py[line:272] - INFO: epoch 004:    406 / 1878 loss=3.6, loss_v1=0, loss_v2=0, nll_loss=2.492, ntokens=320, nsentences=64, sample_size=320, sample_size_v1=0, sample_size_v2=0, ppl=5.62, wps=78.4, ups=0.25, wpb=320, bsz=64, num_updates=6030, lr=3.61108e-05, gnorm=8.419, clip=100, loss_scale=64, train_wall=40, gb_free=7.3, wall=35313
2023-04-08 23:32:01 - progress_bar.py[line:272] - INFO: epoch 004:    416 / 1878 loss=3.621, loss_v1=0, loss_v2=0, nll_loss=2.511, ntokens=320, nsentences=64, sample_size=320, sample_size_v1=0, sample_size_v2=0, ppl=5.7, wps=78.7, ups=0.25, wpb=320, bsz=64, num_updates=6040, lr=3.60825e-05, gnorm=8.799, clip=100, loss_scale=64, train_wall=40, gb_free=7.3, wall=35354
2023-04-08 23:32:42 - progress_bar.py[line:272] - INFO: epoch 004:    426 / 1878 loss=3.658, loss_v1=0, loss_v2=0, nll_loss=2.559, ntokens=320, nsentences=64, sample_size=320, sample_size_v1=0, sample_size_v2=0, ppl=5.89, wps=78.5, ups=0.25, wpb=320, bsz=64, num_updates=6050, lr=3.60542e-05, gnorm=8.565, clip=100, loss_scale=64, train_wall=40, gb_free=7.3, wall=35395
2023-04-08 23:33:22 - progress_bar.py[line:272] - INFO: epoch 004:    436 / 1878 loss=3.666, loss_v1=0, loss_v2=0, nll_loss=2.567, ntokens=320, nsentences=64, sample_size=320, sample_size_v1=0, sample_size_v2=0, ppl=5.92, wps=78.5, ups=0.25, wpb=320, bsz=64, num_updates=6060, lr=3.60258e-05, gnorm=7.671, clip=100, loss_scale=64, train_wall=41, gb_free=7.3, wall=35436
2023-04-08 23:34:03 - progress_bar.py[line:272] - INFO: epoch 004:    446 / 1878 loss=3.697, loss_v1=0, loss_v2=0, nll_loss=2.607, ntokens=320, nsentences=64, sample_size=320, sample_size_v1=0, sample_size_v2=0, ppl=6.09, wps=78.8, ups=0.25, wpb=320, bsz=64, num_updates=6070, lr=3.59975e-05, gnorm=7.95, clip=100, loss_scale=64, train_wall=40, gb_free=7.3, wall=35476
2023-04-08 23:34:44 - progress_bar.py[line:272] - INFO: epoch 004:    456 / 1878 loss=3.624, loss_v1=0, loss_v2=0, nll_loss=2.518, ntokens=320, nsentences=64, sample_size=320, sample_size_v1=0, sample_size_v2=0, ppl=5.73, wps=78.5, ups=0.25, wpb=320, bsz=64, num_updates=6080, lr=3.59692e-05, gnorm=8.378, clip=100, loss_scale=64, train_wall=41, gb_free=7.3, wall=35517
2023-04-08 23:35:25 - progress_bar.py[line:272] - INFO: epoch 004:    466 / 1878 loss=3.633, loss_v1=0, loss_v2=0, nll_loss=2.526, ntokens=320, nsentences=64, sample_size=320, sample_size_v1=0, sample_size_v2=0, ppl=5.76, wps=78.3, ups=0.24, wpb=320, bsz=64, num_updates=6090, lr=3.59409e-05, gnorm=8.317, clip=100, loss_scale=64, train_wall=41, gb_free=7.3, wall=35558
2023-04-08 23:36:06 - progress_bar.py[line:272] - INFO: epoch 004:    476 / 1878 loss=3.666, loss_v1=0, loss_v2=0, nll_loss=2.566, ntokens=320, nsentences=64, sample_size=320, sample_size_v1=0, sample_size_v2=0, ppl=5.92, wps=78.2, ups=0.24, wpb=320, bsz=64, num_updates=6100, lr=3.59125e-05, gnorm=8.638, clip=100, loss_scale=64, train_wall=41, gb_free=7.3, wall=35599
2023-04-08 23:36:46 - progress_bar.py[line:272] - INFO: epoch 004:    486 / 1878 loss=3.636, loss_v1=0, loss_v2=0, nll_loss=2.535, ntokens=320, nsentences=64, sample_size=320, sample_size_v1=0, sample_size_v2=0, ppl=5.8, wps=78.8, ups=0.25, wpb=320, bsz=64, num_updates=6110, lr=3.58842e-05, gnorm=8.815, clip=100, loss_scale=64, train_wall=40, gb_free=7.3, wall=35639
2023-04-08 23:37:27 - progress_bar.py[line:272] - INFO: epoch 004:    496 / 1878 loss=3.585, loss_v1=0, loss_v2=0, nll_loss=2.475, ntokens=320, nsentences=64, sample_size=320, sample_size_v1=0, sample_size_v2=0, ppl=5.56, wps=78.2, ups=0.24, wpb=320, bsz=64, num_updates=6120, lr=3.58559e-05, gnorm=7.565, clip=100, loss_scale=64, train_wall=41, gb_free=7.3, wall=35680
2023-04-08 23:37:35 - trainer.py[line:921] - INFO: NOTE: gradient overflow detected, ignoring gradient, setting loss scale to: 32.0
2023-04-08 23:38:12 - progress_bar.py[line:272] - INFO: epoch 004:    507 / 1878 loss=3.676, loss_v1=0, loss_v2=0, nll_loss=2.574, ntokens=320, nsentences=64, sample_size=320, sample_size_v1=0, sample_size_v2=0, ppl=5.96, wps=71.4, ups=0.22, wpb=320, bsz=64, num_updates=6130, lr=3.58276e-05, gnorm=8.436, clip=100, loss_scale=32, train_wall=45, gb_free=7.3, wall=35725
2023-04-08 23:38:53 - progress_bar.py[line:272] - INFO: epoch 004:    517 / 1878 loss=3.642, loss_v1=0, loss_v2=0, nll_loss=2.543, ntokens=320, nsentences=64, sample_size=320, sample_size_v1=0, sample_size_v2=0, ppl=5.83, wps=78.5, ups=0.25, wpb=320, bsz=64, num_updates=6140, lr=3.57993e-05, gnorm=7.704, clip=100, loss_scale=32, train_wall=40, gb_free=7.3, wall=35766
2023-04-08 23:39:34 - progress_bar.py[line:272] - INFO: epoch 004:    527 / 1878 loss=3.681, loss_v1=0, loss_v2=0, nll_loss=2.581, ntokens=320, nsentences=64, sample_size=320, sample_size_v1=0, sample_size_v2=0, ppl=5.98, wps=78.1, ups=0.24, wpb=320, bsz=64, num_updates=6150, lr=3.57709e-05, gnorm=8.734, clip=100, loss_scale=32, train_wall=41, gb_free=7.3, wall=35807
2023-04-08 23:40:14 - progress_bar.py[line:272] - INFO: epoch 004:    537 / 1878 loss=3.637, loss_v1=0, loss_v2=0, nll_loss=2.533, ntokens=320, nsentences=64, sample_size=320, sample_size_v1=0, sample_size_v2=0, ppl=5.79, wps=78.5, ups=0.25, wpb=320, bsz=64, num_updates=6160, lr=3.57426e-05, gnorm=7.695, clip=100, loss_scale=32, train_wall=41, gb_free=7.3, wall=35848
2023-04-08 23:40:55 - progress_bar.py[line:272] - INFO: epoch 004:    547 / 1878 loss=3.617, loss_v1=0, loss_v2=0, nll_loss=2.512, ntokens=320, nsentences=64, sample_size=320, sample_size_v1=0, sample_size_v2=0, ppl=5.7, wps=78.2, ups=0.24, wpb=320, bsz=64, num_updates=6170, lr=3.57143e-05, gnorm=8.243, clip=100, loss_scale=32, train_wall=41, gb_free=7.3, wall=35889
2023-04-08 23:41:36 - progress_bar.py[line:272] - INFO: epoch 004:    557 / 1878 loss=3.68, loss_v1=0, loss_v2=0, nll_loss=2.582, ntokens=320, nsentences=64, sample_size=320, sample_size_v1=0, sample_size_v2=0, ppl=5.99, wps=78.1, ups=0.24, wpb=320, bsz=64, num_updates=6180, lr=3.5686e-05, gnorm=7.532, clip=100, loss_scale=32, train_wall=41, gb_free=7.3, wall=35930
2023-04-08 23:42:17 - progress_bar.py[line:272] - INFO: epoch 004:    567 / 1878 loss=3.668, loss_v1=0, loss_v2=0, nll_loss=2.569, ntokens=320, nsentences=64, sample_size=320, sample_size_v1=0, sample_size_v2=0, ppl=5.93, wps=78.2, ups=0.24, wpb=320, bsz=64, num_updates=6190, lr=3.56576e-05, gnorm=8.343, clip=100, loss_scale=32, train_wall=41, gb_free=7.3, wall=35970
2023-04-08 23:42:58 - progress_bar.py[line:272] - INFO: epoch 004:    577 / 1878 loss=3.707, loss_v1=0, loss_v2=0, nll_loss=2.612, ntokens=320, nsentences=64, sample_size=320, sample_size_v1=0, sample_size_v2=0, ppl=6.11, wps=78.3, ups=0.24, wpb=320, bsz=64, num_updates=6200, lr=3.56293e-05, gnorm=8.174, clip=100, loss_scale=32, train_wall=41, gb_free=7.3, wall=36011
2023-04-08 23:43:39 - progress_bar.py[line:272] - INFO: epoch 004:    587 / 1878 loss=3.714, loss_v1=0, loss_v2=0, nll_loss=2.622, ntokens=320, nsentences=64, sample_size=320, sample_size_v1=0, sample_size_v2=0, ppl=6.16, wps=78.4, ups=0.25, wpb=320, bsz=64, num_updates=6210, lr=3.5601e-05, gnorm=9.368, clip=100, loss_scale=32, train_wall=41, gb_free=7.3, wall=36052
2023-04-08 23:44:20 - progress_bar.py[line:272] - INFO: epoch 004:    597 / 1878 loss=3.658, loss_v1=0, loss_v2=0, nll_loss=2.556, ntokens=320, nsentences=64, sample_size=320, sample_size_v1=0, sample_size_v2=0, ppl=5.88, wps=78.6, ups=0.25, wpb=320, bsz=64, num_updates=6220, lr=3.55727e-05, gnorm=8.69, clip=100, loss_scale=32, train_wall=40, gb_free=7.3, wall=36093
2023-04-08 23:45:01 - progress_bar.py[line:272] - INFO: epoch 004:    607 / 1878 loss=3.652, loss_v1=0, loss_v2=0, nll_loss=2.551, ntokens=320, nsentences=64, sample_size=320, sample_size_v1=0, sample_size_v2=0, ppl=5.86, wps=78.2, ups=0.24, wpb=320, bsz=64, num_updates=6230, lr=3.55444e-05, gnorm=8.452, clip=100, loss_scale=32, train_wall=41, gb_free=7.3, wall=36134
2023-04-08 23:45:42 - progress_bar.py[line:272] - INFO: epoch 004:    617 / 1878 loss=3.652, loss_v1=0, loss_v2=0, nll_loss=2.55, ntokens=320, nsentences=64, sample_size=320, sample_size_v1=0, sample_size_v2=0, ppl=5.86, wps=77.8, ups=0.24, wpb=320, bsz=64, num_updates=6240, lr=3.5516e-05, gnorm=7.591, clip=100, loss_scale=32, train_wall=41, gb_free=7.3, wall=36175
2023-04-08 23:46:23 - progress_bar.py[line:272] - INFO: epoch 004:    627 / 1878 loss=3.645, loss_v1=0, loss_v2=0, nll_loss=2.541, ntokens=320, nsentences=64, sample_size=320, sample_size_v1=0, sample_size_v2=0, ppl=5.82, wps=78.3, ups=0.24, wpb=320, bsz=64, num_updates=6250, lr=3.54877e-05, gnorm=8.667, clip=100, loss_scale=32, train_wall=41, gb_free=7.3, wall=36216
2023-04-08 23:47:03 - progress_bar.py[line:272] - INFO: epoch 004:    637 / 1878 loss=3.647, loss_v1=0, loss_v2=0, nll_loss=2.544, ntokens=320, nsentences=64, sample_size=320, sample_size_v1=0, sample_size_v2=0, ppl=5.83, wps=78.7, ups=0.25, wpb=320, bsz=64, num_updates=6260, lr=3.54594e-05, gnorm=8.599, clip=100, loss_scale=32, train_wall=41, gb_free=7.3, wall=36256
2023-04-08 23:47:44 - progress_bar.py[line:272] - INFO: epoch 004:    647 / 1878 loss=3.616, loss_v1=0, loss_v2=0, nll_loss=2.509, ntokens=320, nsentences=64, sample_size=320, sample_size_v1=0, sample_size_v2=0, ppl=5.69, wps=78.5, ups=0.25, wpb=320, bsz=64, num_updates=6270, lr=3.54311e-05, gnorm=8.258, clip=100, loss_scale=32, train_wall=40, gb_free=7.3, wall=36297
2023-04-08 23:48:25 - progress_bar.py[line:272] - INFO: epoch 004:    657 / 1878 loss=3.641, loss_v1=0, loss_v2=0, nll_loss=2.533, ntokens=320, nsentences=64, sample_size=320, sample_size_v1=0, sample_size_v2=0, ppl=5.79, wps=78.6, ups=0.25, wpb=320, bsz=64, num_updates=6280, lr=3.54027e-05, gnorm=9.249, clip=100, loss_scale=32, train_wall=40, gb_free=7.3, wall=36338
2023-04-08 23:49:06 - progress_bar.py[line:272] - INFO: epoch 004:    667 / 1878 loss=3.672, loss_v1=0, loss_v2=0, nll_loss=2.573, ntokens=320, nsentences=64, sample_size=320, sample_size_v1=0, sample_size_v2=0, ppl=5.95, wps=78.3, ups=0.24, wpb=320, bsz=64, num_updates=6290, lr=3.53744e-05, gnorm=8.687, clip=100, loss_scale=32, train_wall=41, gb_free=7.3, wall=36379
2023-04-08 23:49:47 - progress_bar.py[line:272] - INFO: epoch 004:    677 / 1878 loss=3.668, loss_v1=0, loss_v2=0, nll_loss=2.576, ntokens=320, nsentences=64, sample_size=320, sample_size_v1=0, sample_size_v2=0, ppl=5.96, wps=77.6, ups=0.24, wpb=320, bsz=64, num_updates=6300, lr=3.53461e-05, gnorm=8.28, clip=100, loss_scale=32, train_wall=41, gb_free=7.3, wall=36420
2023-04-08 23:50:28 - progress_bar.py[line:272] - INFO: epoch 004:    687 / 1878 loss=3.669, loss_v1=0, loss_v2=0, nll_loss=2.566, ntokens=320, nsentences=64, sample_size=320, sample_size_v1=0, sample_size_v2=0, ppl=5.92, wps=78.1, ups=0.24, wpb=320, bsz=64, num_updates=6310, lr=3.53178e-05, gnorm=8.279, clip=100, loss_scale=32, train_wall=41, gb_free=7.3, wall=36461
2023-04-08 23:51:09 - progress_bar.py[line:272] - INFO: epoch 004:    697 / 1878 loss=3.639, loss_v1=0, loss_v2=0, nll_loss=2.534, ntokens=320, nsentences=64, sample_size=320, sample_size_v1=0, sample_size_v2=0, ppl=5.79, wps=78.6, ups=0.25, wpb=320, bsz=64, num_updates=6320, lr=3.52895e-05, gnorm=8.589, clip=100, loss_scale=32, train_wall=41, gb_free=7.3, wall=36502
2023-04-08 23:51:49 - progress_bar.py[line:272] - INFO: epoch 004:    707 / 1878 loss=3.646, loss_v1=0, loss_v2=0, nll_loss=2.543, ntokens=320, nsentences=64, sample_size=320, sample_size_v1=0, sample_size_v2=0, ppl=5.83, wps=78.4, ups=0.25, wpb=320, bsz=64, num_updates=6330, lr=3.52611e-05, gnorm=8.426, clip=100, loss_scale=32, train_wall=41, gb_free=7.3, wall=36542
2023-04-08 23:52:30 - progress_bar.py[line:272] - INFO: epoch 004:    717 / 1878 loss=3.539, loss_v1=0, loss_v2=0, nll_loss=2.42, ntokens=320, nsentences=64, sample_size=320, sample_size_v1=0, sample_size_v2=0, ppl=5.35, wps=78, ups=0.24, wpb=320, bsz=64, num_updates=6340, lr=3.52328e-05, gnorm=7.87, clip=100, loss_scale=32, train_wall=41, gb_free=7.3, wall=36583
2023-04-08 23:53:11 - progress_bar.py[line:272] - INFO: epoch 004:    727 / 1878 loss=3.626, loss_v1=0, loss_v2=0, nll_loss=2.516, ntokens=320, nsentences=64, sample_size=320, sample_size_v1=0, sample_size_v2=0, ppl=5.72, wps=78.2, ups=0.24, wpb=320, bsz=64, num_updates=6350, lr=3.52045e-05, gnorm=8.049, clip=100, loss_scale=32, train_wall=41, gb_free=7.3, wall=36624
2023-04-08 23:53:52 - progress_bar.py[line:272] - INFO: epoch 004:    737 / 1878 loss=3.604, loss_v1=0, loss_v2=0, nll_loss=2.501, ntokens=320, nsentences=64, sample_size=320, sample_size_v1=0, sample_size_v2=0, ppl=5.66, wps=78.7, ups=0.25, wpb=320, bsz=64, num_updates=6360, lr=3.51762e-05, gnorm=9.07, clip=100, loss_scale=32, train_wall=40, gb_free=7.3, wall=36665
2023-04-08 23:54:33 - progress_bar.py[line:272] - INFO: epoch 004:    747 / 1878 loss=3.594, loss_v1=0, loss_v2=0, nll_loss=2.481, ntokens=320, nsentences=64, sample_size=320, sample_size_v1=0, sample_size_v2=0, ppl=5.58, wps=78.3, ups=0.24, wpb=320, bsz=64, num_updates=6370, lr=3.51478e-05, gnorm=7.356, clip=100, loss_scale=32, train_wall=41, gb_free=7.3, wall=36706
2023-04-08 23:55:14 - progress_bar.py[line:272] - INFO: epoch 004:    757 / 1878 loss=3.547, loss_v1=0, loss_v2=0, nll_loss=2.43, ntokens=320, nsentences=64, sample_size=320, sample_size_v1=0, sample_size_v2=0, ppl=5.39, wps=78.2, ups=0.24, wpb=320, bsz=64, num_updates=6380, lr=3.51195e-05, gnorm=7.419, clip=100, loss_scale=32, train_wall=41, gb_free=7.3, wall=36747
2023-04-08 23:55:55 - progress_bar.py[line:272] - INFO: epoch 004:    767 / 1878 loss=3.61, loss_v1=0, loss_v2=0, nll_loss=2.5, ntokens=320, nsentences=64, sample_size=320, sample_size_v1=0, sample_size_v2=0, ppl=5.66, wps=78.3, ups=0.24, wpb=320, bsz=64, num_updates=6390, lr=3.50912e-05, gnorm=8.248, clip=100, loss_scale=32, train_wall=41, gb_free=7.3, wall=36788
2023-04-08 23:56:35 - progress_bar.py[line:272] - INFO: epoch 004:    777 / 1878 loss=3.577, loss_v1=0, loss_v2=0, nll_loss=2.464, ntokens=320, nsentences=64, sample_size=320, sample_size_v1=0, sample_size_v2=0, ppl=5.52, wps=78.3, ups=0.24, wpb=320, bsz=64, num_updates=6400, lr=3.50629e-05, gnorm=7.824, clip=100, loss_scale=32, train_wall=41, gb_free=7.3, wall=36829
2023-04-08 23:57:16 - progress_bar.py[line:272] - INFO: epoch 004:    787 / 1878 loss=3.566, loss_v1=0, loss_v2=0, nll_loss=2.451, ntokens=320, nsentences=64, sample_size=320, sample_size_v1=0, sample_size_v2=0, ppl=5.47, wps=78.7, ups=0.25, wpb=320, bsz=64, num_updates=6410, lr=3.50346e-05, gnorm=7.871, clip=100, loss_scale=32, train_wall=40, gb_free=7.3, wall=36869
2023-04-08 23:57:57 - progress_bar.py[line:272] - INFO: epoch 004:    797 / 1878 loss=3.589, loss_v1=0, loss_v2=0, nll_loss=2.477, ntokens=320, nsentences=64, sample_size=320, sample_size_v1=0, sample_size_v2=0, ppl=5.57, wps=78.6, ups=0.25, wpb=320, bsz=64, num_updates=6420, lr=3.50062e-05, gnorm=9.023, clip=100, loss_scale=32, train_wall=41, gb_free=7.3, wall=36910
2023-04-08 23:58:38 - progress_bar.py[line:272] - INFO: epoch 004:    807 / 1878 loss=3.604, loss_v1=0, loss_v2=0, nll_loss=2.497, ntokens=320, nsentences=64, sample_size=320, sample_size_v1=0, sample_size_v2=0, ppl=5.64, wps=78.5, ups=0.25, wpb=320, bsz=64, num_updates=6430, lr=3.49779e-05, gnorm=8.236, clip=100, loss_scale=32, train_wall=40, gb_free=7.3, wall=36951
2023-04-08 23:59:19 - progress_bar.py[line:272] - INFO: epoch 004:    817 / 1878 loss=3.558, loss_v1=0, loss_v2=0, nll_loss=2.439, ntokens=320, nsentences=64, sample_size=320, sample_size_v1=0, sample_size_v2=0, ppl=5.42, wps=78, ups=0.24, wpb=320, bsz=64, num_updates=6440, lr=3.49496e-05, gnorm=7.325, clip=100, loss_scale=32, train_wall=41, gb_free=7.3, wall=36992
2023-04-09 00:00:00 - progress_bar.py[line:272] - INFO: epoch 004:    827 / 1878 loss=3.615, loss_v1=0, loss_v2=0, nll_loss=2.505, ntokens=320, nsentences=64, sample_size=320, sample_size_v1=0, sample_size_v2=0, ppl=5.68, wps=78.2, ups=0.24, wpb=320, bsz=64, num_updates=6450, lr=3.49213e-05, gnorm=8.777, clip=100, loss_scale=32, train_wall=41, gb_free=7.3, wall=37033
2023-04-09 00:00:40 - progress_bar.py[line:272] - INFO: epoch 004:    837 / 1878 loss=3.573, loss_v1=0, loss_v2=0, nll_loss=2.461, ntokens=320, nsentences=64, sample_size=320, sample_size_v1=0, sample_size_v2=0, ppl=5.51, wps=78.5, ups=0.25, wpb=320, bsz=64, num_updates=6460, lr=3.48929e-05, gnorm=7.734, clip=100, loss_scale=32, train_wall=40, gb_free=7.3, wall=37073
2023-04-09 00:01:21 - progress_bar.py[line:272] - INFO: epoch 004:    847 / 1878 loss=3.619, loss_v1=0, loss_v2=0, nll_loss=2.513, ntokens=320, nsentences=64, sample_size=320, sample_size_v1=0, sample_size_v2=0, ppl=5.71, wps=78.7, ups=0.25, wpb=320, bsz=64, num_updates=6470, lr=3.48646e-05, gnorm=7.802, clip=100, loss_scale=32, train_wall=40, gb_free=7.3, wall=37114
2023-04-09 00:02:02 - progress_bar.py[line:272] - INFO: epoch 004:    857 / 1878 loss=3.596, loss_v1=0, loss_v2=0, nll_loss=2.486, ntokens=320, nsentences=64, sample_size=320, sample_size_v1=0, sample_size_v2=0, ppl=5.6, wps=78.1, ups=0.24, wpb=320, bsz=64, num_updates=6480, lr=3.48363e-05, gnorm=7.748, clip=100, loss_scale=32, train_wall=41, gb_free=7.3, wall=37155
2023-04-09 00:02:43 - progress_bar.py[line:272] - INFO: epoch 004:    867 / 1878 loss=3.604, loss_v1=0, loss_v2=0, nll_loss=2.496, ntokens=320, nsentences=64, sample_size=320, sample_size_v1=0, sample_size_v2=0, ppl=5.64, wps=78.5, ups=0.25, wpb=320, bsz=64, num_updates=6490, lr=3.4808e-05, gnorm=8.181, clip=100, loss_scale=32, train_wall=40, gb_free=7.3, wall=37196
2023-04-09 00:03:23 - progress_bar.py[line:272] - INFO: epoch 004:    877 / 1878 loss=3.593, loss_v1=0, loss_v2=0, nll_loss=2.482, ntokens=320, nsentences=64, sample_size=320, sample_size_v1=0, sample_size_v2=0, ppl=5.59, wps=78.7, ups=0.25, wpb=320, bsz=64, num_updates=6500, lr=3.47797e-05, gnorm=8.052, clip=100, loss_scale=32, train_wall=40, gb_free=7.3, wall=37237
2023-04-09 00:03:23 - train.py[line:445] - INFO: begin validation on "valid" subset
slice_id 0 seek offset 0
slice_id 1 seek offset 5379
slice_id 0 seek offset 0
slice_id 1 seek offset 5379
2023-04-09 00:14:37 - progress_bar.py[line:282] - INFO: epoch 004 | valid on 'valid' subset | loss 4.651 | loss_v1 0 | loss_v2 0 | nll_loss 3.648 | ntokens 39.993 | nsentences 7.999 | sample_size 39.993 | sample_size_v1 0 | sample_size_v2 0 | ppl 12.53 | score 0.3697 | wps 79.9 | wpb 40 | bsz 8 | num_updates 6500 | best_score 0.4586
2023-04-09 00:14:37 - checkpoint_utils.py[line:64] - INFO: Preparing to save checkpoint for epoch 4 @ 6500 updates
2023-04-09 00:14:37 - trainer.py[line:431] - INFO: Saving checkpoint to ./refcocoplus_EC_checkpoints_exp2/10_5e-5_512/checkpoint_4_6500.pt
2023-04-09 00:14:59 - trainer.py[line:441] - INFO: Finished saving checkpoint to ./refcocoplus_EC_checkpoints_exp2/10_5e-5_512/checkpoint_4_6500.pt
2023-04-09 00:15:09 - checkpoint_utils.py[line:133] - INFO: Saved checkpoint ./refcocoplus_EC_checkpoints_exp2/10_5e-5_512/checkpoint_4_6500.pt (epoch 4 @ 6500 updates, score 0.3697) (writing took 31.23898945376277 seconds)
2023-04-09 00:15:49 - progress_bar.py[line:272] - INFO: epoch 004:    887 / 1878 loss=3.558, loss_v1=0, loss_v2=0, nll_loss=2.443, ntokens=320, nsentences=64, sample_size=320, sample_size_v1=0, sample_size_v2=0, ppl=5.44, wps=4.3, ups=0.01, wpb=320, bsz=64, num_updates=6510, lr=3.47513e-05, gnorm=7.22, clip=100, loss_scale=32, train_wall=40, gb_free=7.3, wall=37982
2023-04-09 00:16:29 - progress_bar.py[line:272] - INFO: epoch 004:    897 / 1878 loss=3.554, loss_v1=0, loss_v2=0, nll_loss=2.434, ntokens=320, nsentences=64, sample_size=320, sample_size_v1=0, sample_size_v2=0, ppl=5.4, wps=78.6, ups=0.25, wpb=320, bsz=64, num_updates=6520, lr=3.4723e-05, gnorm=7.321, clip=100, loss_scale=32, train_wall=41, gb_free=7.3, wall=38023
2023-04-09 00:17:10 - progress_bar.py[line:272] - INFO: epoch 004:    907 / 1878 loss=3.566, loss_v1=0, loss_v2=0, nll_loss=2.446, ntokens=320, nsentences=64, sample_size=320, sample_size_v1=0, sample_size_v2=0, ppl=5.45, wps=78.4, ups=0.24, wpb=320, bsz=64, num_updates=6530, lr=3.46947e-05, gnorm=8.71, clip=100, loss_scale=32, train_wall=41, gb_free=7.3, wall=38063
2023-04-09 00:17:51 - progress_bar.py[line:272] - INFO: epoch 004:    917 / 1878 loss=3.56, loss_v1=0, loss_v2=0, nll_loss=2.452, ntokens=320, nsentences=64, sample_size=320, sample_size_v1=0, sample_size_v2=0, ppl=5.47, wps=78.5, ups=0.25, wpb=320, bsz=64, num_updates=6540, lr=3.46664e-05, gnorm=7.097, clip=100, loss_scale=32, train_wall=41, gb_free=7.3, wall=38104
2023-04-09 00:18:32 - progress_bar.py[line:272] - INFO: epoch 004:    927 / 1878 loss=3.578, loss_v1=0, loss_v2=0, nll_loss=2.463, ntokens=320, nsentences=64, sample_size=320, sample_size_v1=0, sample_size_v2=0, ppl=5.51, wps=78.4, ups=0.25, wpb=320, bsz=64, num_updates=6550, lr=3.4638e-05, gnorm=8.073, clip=100, loss_scale=32, train_wall=41, gb_free=7.3, wall=38145
2023-04-09 00:19:13 - progress_bar.py[line:272] - INFO: epoch 004:    937 / 1878 loss=3.561, loss_v1=0, loss_v2=0, nll_loss=2.442, ntokens=320, nsentences=64, sample_size=320, sample_size_v1=0, sample_size_v2=0, ppl=5.43, wps=78.6, ups=0.25, wpb=320, bsz=64, num_updates=6560, lr=3.46097e-05, gnorm=7.037, clip=100, loss_scale=32, train_wall=40, gb_free=7.3, wall=38186
2023-04-09 00:19:54 - progress_bar.py[line:272] - INFO: epoch 004:    947 / 1878 loss=3.563, loss_v1=0, loss_v2=0, nll_loss=2.455, ntokens=320, nsentences=64, sample_size=320, sample_size_v1=0, sample_size_v2=0, ppl=5.48, wps=77.6, ups=0.24, wpb=320, bsz=64, num_updates=6570, lr=3.45814e-05, gnorm=7.741, clip=100, loss_scale=32, train_wall=41, gb_free=7.3, wall=38227
2023-04-09 00:20:35 - progress_bar.py[line:272] - INFO: epoch 004:    957 / 1878 loss=3.55, loss_v1=0, loss_v2=0, nll_loss=2.432, ntokens=320, nsentences=64, sample_size=320, sample_size_v1=0, sample_size_v2=0, ppl=5.4, wps=78.5, ups=0.25, wpb=320, bsz=64, num_updates=6580, lr=3.45531e-05, gnorm=7.571, clip=100, loss_scale=32, train_wall=41, gb_free=7.3, wall=38268
2023-04-09 00:21:16 - progress_bar.py[line:272] - INFO: epoch 004:    967 / 1878 loss=3.512, loss_v1=0, loss_v2=0, nll_loss=2.388, ntokens=320, nsentences=64, sample_size=320, sample_size_v1=0, sample_size_v2=0, ppl=5.23, wps=78, ups=0.24, wpb=320, bsz=64, num_updates=6590, lr=3.45248e-05, gnorm=7.994, clip=100, loss_scale=32, train_wall=41, gb_free=7.3, wall=38309
2023-04-09 00:21:57 - progress_bar.py[line:272] - INFO: epoch 004:    977 / 1878 loss=3.561, loss_v1=0, loss_v2=0, nll_loss=2.448, ntokens=320, nsentences=64, sample_size=320, sample_size_v1=0, sample_size_v2=0, ppl=5.45, wps=78, ups=0.24, wpb=320, bsz=64, num_updates=6600, lr=3.44964e-05, gnorm=8.2, clip=100, loss_scale=32, train_wall=41, gb_free=7.3, wall=38350
2023-04-09 00:22:37 - progress_bar.py[line:272] - INFO: epoch 004:    987 / 1878 loss=3.548, loss_v1=0, loss_v2=0, nll_loss=2.436, ntokens=320, nsentences=64, sample_size=320, sample_size_v1=0, sample_size_v2=0, ppl=5.41, wps=78.4, ups=0.24, wpb=320, bsz=64, num_updates=6610, lr=3.44681e-05, gnorm=7.637, clip=100, loss_scale=32, train_wall=41, gb_free=7.3, wall=38391
2023-04-09 00:23:18 - progress_bar.py[line:272] - INFO: epoch 004:    997 / 1878 loss=3.616, loss_v1=0, loss_v2=0, nll_loss=2.504, ntokens=320, nsentences=64, sample_size=320, sample_size_v1=0, sample_size_v2=0, ppl=5.67, wps=78.4, ups=0.25, wpb=320, bsz=64, num_updates=6620, lr=3.44398e-05, gnorm=7.575, clip=100, loss_scale=32, train_wall=41, gb_free=7.3, wall=38431
2023-04-09 00:23:59 - progress_bar.py[line:272] - INFO: epoch 004:   1007 / 1878 loss=3.574, loss_v1=0, loss_v2=0, nll_loss=2.461, ntokens=320, nsentences=64, sample_size=320, sample_size_v1=0, sample_size_v2=0, ppl=5.51, wps=78.5, ups=0.25, wpb=320, bsz=64, num_updates=6630, lr=3.44115e-05, gnorm=8.301, clip=100, loss_scale=32, train_wall=40, gb_free=7.3, wall=38472
2023-04-09 00:24:40 - progress_bar.py[line:272] - INFO: epoch 004:   1017 / 1878 loss=3.542, loss_v1=0, loss_v2=0, nll_loss=2.429, ntokens=320, nsentences=64, sample_size=320, sample_size_v1=0, sample_size_v2=0, ppl=5.38, wps=78.6, ups=0.25, wpb=320, bsz=64, num_updates=6640, lr=3.43831e-05, gnorm=7.581, clip=100, loss_scale=64, train_wall=41, gb_free=7.3, wall=38513
2023-04-09 00:25:20 - progress_bar.py[line:272] - INFO: epoch 004:   1027 / 1878 loss=3.579, loss_v1=0, loss_v2=0, nll_loss=2.47, ntokens=320, nsentences=64, sample_size=320, sample_size_v1=0, sample_size_v2=0, ppl=5.54, wps=78.3, ups=0.24, wpb=320, bsz=64, num_updates=6650, lr=3.43548e-05, gnorm=8.377, clip=100, loss_scale=64, train_wall=41, gb_free=7.3, wall=38554
2023-04-09 00:26:01 - progress_bar.py[line:272] - INFO: epoch 004:   1037 / 1878 loss=3.539, loss_v1=0, loss_v2=0, nll_loss=2.423, ntokens=320, nsentences=64, sample_size=320, sample_size_v1=0, sample_size_v2=0, ppl=5.36, wps=78.3, ups=0.24, wpb=320, bsz=64, num_updates=6660, lr=3.43265e-05, gnorm=7.53, clip=100, loss_scale=64, train_wall=41, gb_free=7.3, wall=38595
2023-04-09 00:26:42 - progress_bar.py[line:272] - INFO: epoch 004:   1047 / 1878 loss=3.585, loss_v1=0, loss_v2=0, nll_loss=2.471, ntokens=320, nsentences=64, sample_size=320, sample_size_v1=0, sample_size_v2=0, ppl=5.55, wps=78.1, ups=0.24, wpb=320, bsz=64, num_updates=6670, lr=3.42982e-05, gnorm=8.388, clip=100, loss_scale=64, train_wall=41, gb_free=7.3, wall=38636
2023-04-09 00:27:23 - progress_bar.py[line:272] - INFO: epoch 004:   1057 / 1878 loss=3.558, loss_v1=0, loss_v2=0, nll_loss=2.444, ntokens=320, nsentences=64, sample_size=320, sample_size_v1=0, sample_size_v2=0, ppl=5.44, wps=78, ups=0.24, wpb=320, bsz=64, num_updates=6680, lr=3.42699e-05, gnorm=8.288, clip=100, loss_scale=64, train_wall=41, gb_free=7.3, wall=38677
2023-04-09 00:28:04 - progress_bar.py[line:272] - INFO: epoch 004:   1067 / 1878 loss=3.529, loss_v1=0, loss_v2=0, nll_loss=2.409, ntokens=320, nsentences=64, sample_size=320, sample_size_v1=0, sample_size_v2=0, ppl=5.31, wps=78.2, ups=0.24, wpb=320, bsz=64, num_updates=6690, lr=3.42415e-05, gnorm=6.966, clip=100, loss_scale=64, train_wall=41, gb_free=7.3, wall=38717
2023-04-09 00:28:45 - progress_bar.py[line:272] - INFO: epoch 004:   1077 / 1878 loss=3.545, loss_v1=0, loss_v2=0, nll_loss=2.429, ntokens=320, nsentences=64, sample_size=320, sample_size_v1=0, sample_size_v2=0, ppl=5.38, wps=78.2, ups=0.24, wpb=320, bsz=64, num_updates=6700, lr=3.42132e-05, gnorm=8.275, clip=100, loss_scale=64, train_wall=41, gb_free=7.3, wall=38758
2023-04-09 00:29:26 - progress_bar.py[line:272] - INFO: epoch 004:   1087 / 1878 loss=3.554, loss_v1=0, loss_v2=0, nll_loss=2.441, ntokens=320, nsentences=64, sample_size=320, sample_size_v1=0, sample_size_v2=0, ppl=5.43, wps=78.2, ups=0.24, wpb=320, bsz=64, num_updates=6710, lr=3.41849e-05, gnorm=8.077, clip=100, loss_scale=64, train_wall=41, gb_free=7.3, wall=38799
2023-04-09 00:30:07 - progress_bar.py[line:272] - INFO: epoch 004:   1097 / 1878 loss=3.566, loss_v1=0, loss_v2=0, nll_loss=2.452, ntokens=320, nsentences=64, sample_size=320, sample_size_v1=0, sample_size_v2=0, ppl=5.47, wps=78.6, ups=0.25, wpb=320, bsz=64, num_updates=6720, lr=3.41566e-05, gnorm=7.674, clip=100, loss_scale=64, train_wall=40, gb_free=7.3, wall=38840
2023-04-09 00:30:48 - progress_bar.py[line:272] - INFO: epoch 004:   1107 / 1878 loss=3.565, loss_v1=0, loss_v2=0, nll_loss=2.452, ntokens=320, nsentences=64, sample_size=320, sample_size_v1=0, sample_size_v2=0, ppl=5.47, wps=78.4, ups=0.24, wpb=320, bsz=64, num_updates=6730, lr=3.41282e-05, gnorm=7.186, clip=100, loss_scale=64, train_wall=41, gb_free=7.3, wall=38881
2023-04-09 00:31:29 - progress_bar.py[line:272] - INFO: epoch 004:   1117 / 1878 loss=3.53, loss_v1=0, loss_v2=0, nll_loss=2.412, ntokens=320, nsentences=64, sample_size=320, sample_size_v1=0, sample_size_v2=0, ppl=5.32, wps=78, ups=0.24, wpb=320, bsz=64, num_updates=6740, lr=3.40999e-05, gnorm=8.247, clip=100, loss_scale=64, train_wall=41, gb_free=7.3, wall=38922
2023-04-09 00:32:10 - progress_bar.py[line:272] - INFO: epoch 004:   1127 / 1878 loss=3.516, loss_v1=0, loss_v2=0, nll_loss=2.394, ntokens=320, nsentences=64, sample_size=320, sample_size_v1=0, sample_size_v2=0, ppl=5.26, wps=78.3, ups=0.24, wpb=320, bsz=64, num_updates=6750, lr=3.40716e-05, gnorm=7.997, clip=100, loss_scale=64, train_wall=41, gb_free=7.3, wall=38963
2023-04-09 00:32:50 - progress_bar.py[line:272] - INFO: epoch 004:   1137 / 1878 loss=3.543, loss_v1=0, loss_v2=0, nll_loss=2.422, ntokens=320, nsentences=64, sample_size=320, sample_size_v1=0, sample_size_v2=0, ppl=5.36, wps=78.4, ups=0.24, wpb=320, bsz=64, num_updates=6760, lr=3.40433e-05, gnorm=7.912, clip=100, loss_scale=64, train_wall=41, gb_free=7.3, wall=39004
2023-04-09 00:33:31 - progress_bar.py[line:272] - INFO: epoch 004:   1147 / 1878 loss=3.594, loss_v1=0, loss_v2=0, nll_loss=2.483, ntokens=320, nsentences=64, sample_size=320, sample_size_v1=0, sample_size_v2=0, ppl=5.59, wps=78.7, ups=0.25, wpb=320, bsz=64, num_updates=6770, lr=3.4015e-05, gnorm=7.901, clip=100, loss_scale=64, train_wall=40, gb_free=7.3, wall=39044
2023-04-09 00:34:12 - progress_bar.py[line:272] - INFO: epoch 004:   1157 / 1878 loss=3.587, loss_v1=0, loss_v2=0, nll_loss=2.476, ntokens=320, nsentences=64, sample_size=320, sample_size_v1=0, sample_size_v2=0, ppl=5.56, wps=78.2, ups=0.24, wpb=320, bsz=64, num_updates=6780, lr=3.39866e-05, gnorm=7.017, clip=100, loss_scale=64, train_wall=41, gb_free=7.3, wall=39085
2023-04-09 00:34:53 - progress_bar.py[line:272] - INFO: epoch 004:   1167 / 1878 loss=3.568, loss_v1=0, loss_v2=0, nll_loss=2.455, ntokens=320, nsentences=64, sample_size=320, sample_size_v1=0, sample_size_v2=0, ppl=5.48, wps=78.4, ups=0.24, wpb=320, bsz=64, num_updates=6790, lr=3.39583e-05, gnorm=7.841, clip=100, loss_scale=64, train_wall=41, gb_free=7.3, wall=39126
2023-04-09 00:35:34 - progress_bar.py[line:272] - INFO: epoch 004:   1177 / 1878 loss=3.543, loss_v1=0, loss_v2=0, nll_loss=2.424, ntokens=320, nsentences=64, sample_size=320, sample_size_v1=0, sample_size_v2=0, ppl=5.37, wps=78.4, ups=0.24, wpb=320, bsz=64, num_updates=6800, lr=3.393e-05, gnorm=7.744, clip=100, loss_scale=64, train_wall=41, gb_free=7.3, wall=39167
2023-04-09 00:36:15 - progress_bar.py[line:272] - INFO: epoch 004:   1187 / 1878 loss=3.559, loss_v1=0, loss_v2=0, nll_loss=2.44, ntokens=320, nsentences=64, sample_size=320, sample_size_v1=0, sample_size_v2=0, ppl=5.43, wps=78.3, ups=0.24, wpb=320, bsz=64, num_updates=6810, lr=3.39017e-05, gnorm=8.486, clip=100, loss_scale=64, train_wall=41, gb_free=7.3, wall=39208
2023-04-09 00:36:55 - progress_bar.py[line:272] - INFO: epoch 004:   1197 / 1878 loss=3.584, loss_v1=0, loss_v2=0, nll_loss=2.474, ntokens=320, nsentences=64, sample_size=320, sample_size_v1=0, sample_size_v2=0, ppl=5.56, wps=78.7, ups=0.25, wpb=320, bsz=64, num_updates=6820, lr=3.38733e-05, gnorm=9.882, clip=100, loss_scale=64, train_wall=40, gb_free=7.3, wall=39248
2023-04-09 00:37:36 - progress_bar.py[line:272] - INFO: epoch 004:   1207 / 1878 loss=3.513, loss_v1=0, loss_v2=0, nll_loss=2.392, ntokens=320, nsentences=64, sample_size=320, sample_size_v1=0, sample_size_v2=0, ppl=5.25, wps=78.4, ups=0.24, wpb=320, bsz=64, num_updates=6830, lr=3.3845e-05, gnorm=8.339, clip=100, loss_scale=64, train_wall=40, gb_free=7.3, wall=39289
2023-04-09 00:38:17 - progress_bar.py[line:272] - INFO: epoch 004:   1217 / 1878 loss=3.544, loss_v1=0, loss_v2=0, nll_loss=2.424, ntokens=320, nsentences=64, sample_size=320, sample_size_v1=0, sample_size_v2=0, ppl=5.37, wps=78.6, ups=0.25, wpb=320, bsz=64, num_updates=6840, lr=3.38167e-05, gnorm=8.664, clip=100, loss_scale=64, train_wall=40, gb_free=7.3, wall=39330
2023-04-09 00:38:57 - progress_bar.py[line:272] - INFO: epoch 004:   1227 / 1878 loss=3.512, loss_v1=0, loss_v2=0, nll_loss=2.393, ntokens=320, nsentences=64, sample_size=320, sample_size_v1=0, sample_size_v2=0, ppl=5.25, wps=78.5, ups=0.25, wpb=320, bsz=64, num_updates=6850, lr=3.37884e-05, gnorm=7.967, clip=100, loss_scale=64, train_wall=41, gb_free=7.3, wall=39371
2023-04-09 00:39:38 - progress_bar.py[line:272] - INFO: epoch 004:   1237 / 1878 loss=3.526, loss_v1=0, loss_v2=0, nll_loss=2.405, ntokens=320, nsentences=64, sample_size=320, sample_size_v1=0, sample_size_v2=0, ppl=5.29, wps=78.4, ups=0.25, wpb=320, bsz=64, num_updates=6860, lr=3.37601e-05, gnorm=7.846, clip=100, loss_scale=64, train_wall=40, gb_free=7.3, wall=39411
2023-04-09 00:40:19 - progress_bar.py[line:272] - INFO: epoch 004:   1247 / 1878 loss=3.511, loss_v1=0, loss_v2=0, nll_loss=2.385, ntokens=320, nsentences=64, sample_size=320, sample_size_v1=0, sample_size_v2=0, ppl=5.22, wps=78.5, ups=0.25, wpb=320, bsz=64, num_updates=6870, lr=3.37317e-05, gnorm=8.202, clip=100, loss_scale=64, train_wall=41, gb_free=7.3, wall=39452
2023-04-09 00:41:00 - progress_bar.py[line:272] - INFO: epoch 004:   1257 / 1878 loss=3.538, loss_v1=0, loss_v2=0, nll_loss=2.418, ntokens=320, nsentences=64, sample_size=320, sample_size_v1=0, sample_size_v2=0, ppl=5.34, wps=78.6, ups=0.25, wpb=320, bsz=64, num_updates=6880, lr=3.37034e-05, gnorm=7.925, clip=100, loss_scale=64, train_wall=41, gb_free=7.3, wall=39493
2023-04-09 00:41:41 - progress_bar.py[line:272] - INFO: epoch 004:   1267 / 1878 loss=3.547, loss_v1=0, loss_v2=0, nll_loss=2.432, ntokens=320, nsentences=64, sample_size=320, sample_size_v1=0, sample_size_v2=0, ppl=5.4, wps=78.3, ups=0.24, wpb=320, bsz=64, num_updates=6890, lr=3.36751e-05, gnorm=7.683, clip=100, loss_scale=64, train_wall=41, gb_free=7.3, wall=39534
2023-04-09 00:42:21 - progress_bar.py[line:272] - INFO: epoch 004:   1277 / 1878 loss=3.466, loss_v1=0, loss_v2=0, nll_loss=2.339, ntokens=320, nsentences=64, sample_size=320, sample_size_v1=0, sample_size_v2=0, ppl=5.06, wps=78.5, ups=0.25, wpb=320, bsz=64, num_updates=6900, lr=3.36468e-05, gnorm=7.725, clip=100, loss_scale=64, train_wall=41, gb_free=7.3, wall=39575
2023-04-09 00:43:02 - progress_bar.py[line:272] - INFO: epoch 004:   1287 / 1878 loss=3.536, loss_v1=0, loss_v2=0, nll_loss=2.416, ntokens=320, nsentences=64, sample_size=320, sample_size_v1=0, sample_size_v2=0, ppl=5.34, wps=78.6, ups=0.25, wpb=320, bsz=64, num_updates=6910, lr=3.36184e-05, gnorm=8.911, clip=100, loss_scale=64, train_wall=41, gb_free=7.3, wall=39615
2023-04-09 00:43:43 - progress_bar.py[line:272] - INFO: epoch 004:   1297 / 1878 loss=3.52, loss_v1=0, loss_v2=0, nll_loss=2.401, ntokens=320, nsentences=64, sample_size=320, sample_size_v1=0, sample_size_v2=0, ppl=5.28, wps=78.3, ups=0.24, wpb=320, bsz=64, num_updates=6920, lr=3.35901e-05, gnorm=8.101, clip=100, loss_scale=64, train_wall=41, gb_free=7.3, wall=39656
2023-04-09 00:44:24 - progress_bar.py[line:272] - INFO: epoch 004:   1307 / 1878 loss=3.566, loss_v1=0, loss_v2=0, nll_loss=2.453, ntokens=320, nsentences=64, sample_size=320, sample_size_v1=0, sample_size_v2=0, ppl=5.48, wps=77.8, ups=0.24, wpb=320, bsz=64, num_updates=6930, lr=3.35618e-05, gnorm=7.789, clip=100, loss_scale=64, train_wall=41, gb_free=7.3, wall=39697
2023-04-09 00:45:05 - progress_bar.py[line:272] - INFO: epoch 004:   1317 / 1878 loss=3.57, loss_v1=0, loss_v2=0, nll_loss=2.459, ntokens=320, nsentences=64, sample_size=320, sample_size_v1=0, sample_size_v2=0, ppl=5.5, wps=78.6, ups=0.25, wpb=320, bsz=64, num_updates=6940, lr=3.35335e-05, gnorm=8.13, clip=100, loss_scale=64, train_wall=41, gb_free=7.3, wall=39738
2023-04-09 00:45:46 - progress_bar.py[line:272] - INFO: epoch 004:   1327 / 1878 loss=3.528, loss_v1=0, loss_v2=0, nll_loss=2.408, ntokens=320, nsentences=64, sample_size=320, sample_size_v1=0, sample_size_v2=0, ppl=5.31, wps=78.4, ups=0.25, wpb=320, bsz=64, num_updates=6950, lr=3.35052e-05, gnorm=7.357, clip=100, loss_scale=64, train_wall=40, gb_free=7.3, wall=39779
2023-04-09 00:46:27 - progress_bar.py[line:272] - INFO: epoch 004:   1337 / 1878 loss=3.518, loss_v1=0, loss_v2=0, nll_loss=2.398, ntokens=319.5, nsentences=63.9, sample_size=319.5, sample_size_v1=0, sample_size_v2=0, ppl=5.27, wps=78.1, ups=0.24, wpb=319.5, bsz=63.9, num_updates=6960, lr=3.34768e-05, gnorm=7.303, clip=100, loss_scale=64, train_wall=41, gb_free=7.3, wall=39820
2023-04-09 00:47:07 - progress_bar.py[line:272] - INFO: epoch 004:   1347 / 1878 loss=3.537, loss_v1=0, loss_v2=0, nll_loss=2.423, ntokens=320, nsentences=64, sample_size=320, sample_size_v1=0, sample_size_v2=0, ppl=5.36, wps=78.5, ups=0.25, wpb=320, bsz=64, num_updates=6970, lr=3.34485e-05, gnorm=7.801, clip=100, loss_scale=64, train_wall=41, gb_free=7.3, wall=39861
2023-04-09 00:47:49 - progress_bar.py[line:272] - INFO: epoch 004:   1357 / 1878 loss=3.525, loss_v1=0, loss_v2=0, nll_loss=2.408, ntokens=320, nsentences=64, sample_size=320, sample_size_v1=0, sample_size_v2=0, ppl=5.31, wps=77.7, ups=0.24, wpb=320, bsz=64, num_updates=6980, lr=3.34202e-05, gnorm=7.639, clip=100, loss_scale=64, train_wall=41, gb_free=7.3, wall=39902
2023-04-09 00:48:30 - progress_bar.py[line:272] - INFO: epoch 004:   1367 / 1878 loss=3.535, loss_v1=0, loss_v2=0, nll_loss=2.418, ntokens=320, nsentences=64, sample_size=320, sample_size_v1=0, sample_size_v2=0, ppl=5.34, wps=77.9, ups=0.24, wpb=320, bsz=64, num_updates=6990, lr=3.33919e-05, gnorm=8.312, clip=100, loss_scale=64, train_wall=41, gb_free=7.3, wall=39943
slice_id 1 seek offset 5379
2023-04-09 00:49:11 - progress_bar.py[line:272] - INFO: epoch 004:   1377 / 1878 loss=3.575, loss_v1=0, loss_v2=0, nll_loss=2.461, ntokens=320, nsentences=64, sample_size=320, sample_size_v1=0, sample_size_v2=0, ppl=5.51, wps=78, ups=0.24, wpb=320, bsz=64, num_updates=7000, lr=3.33635e-05, gnorm=8.054, clip=100, loss_scale=64, train_wall=41, gb_free=7.3, wall=39984
2023-04-09 00:49:11 - train.py[line:445] - INFO: begin validation on "valid" subset
slice_id 0 seek offset 0
slice_id 0 seek offset 0
slice_id 1 seek offset 5379
2023-04-09 01:00:25 - progress_bar.py[line:282] - INFO: epoch 004 | valid on 'valid' subset | loss 4.673 | loss_v1 0 | loss_v2 0 | nll_loss 3.67 | ntokens 39.993 | nsentences 7.999 | sample_size 39.993 | sample_size_v1 0 | sample_size_v2 0 | ppl 12.73 | score 0.378 | wps 79.8 | wpb 40 | bsz 8 | num_updates 7000 | best_score 0.4586
2023-04-09 01:00:25 - checkpoint_utils.py[line:64] - INFO: Preparing to save checkpoint for epoch 4 @ 7000 updates
2023-04-09 01:00:25 - trainer.py[line:431] - INFO: Saving checkpoint to ./refcocoplus_EC_checkpoints_exp2/10_5e-5_512/checkpoint_4_7000.pt
2023-04-09 01:00:46 - trainer.py[line:441] - INFO: Finished saving checkpoint to ./refcocoplus_EC_checkpoints_exp2/10_5e-5_512/checkpoint_4_7000.pt
2023-04-09 01:00:55 - checkpoint_utils.py[line:133] - INFO: Saved checkpoint ./refcocoplus_EC_checkpoints_exp2/10_5e-5_512/checkpoint_4_7000.pt (epoch 4 @ 7000 updates, score 0.378) (writing took 29.99059639405459 seconds)
2023-04-09 01:01:36 - progress_bar.py[line:272] - INFO: epoch 004:   1387 / 1878 loss=3.521, loss_v1=0, loss_v2=0, nll_loss=2.4, ntokens=320, nsentences=64, sample_size=320, sample_size_v1=0, sample_size_v2=0, ppl=5.28, wps=4.3, ups=0.01, wpb=320, bsz=64, num_updates=7010, lr=3.33352e-05, gnorm=7.634, clip=100, loss_scale=64, train_wall=40, gb_free=7.3, wall=40729
2023-04-09 01:02:17 - progress_bar.py[line:272] - INFO: epoch 004:   1397 / 1878 loss=3.54, loss_v1=0, loss_v2=0, nll_loss=2.422, ntokens=320, nsentences=64, sample_size=320, sample_size_v1=0, sample_size_v2=0, ppl=5.36, wps=77.7, ups=0.24, wpb=320, bsz=64, num_updates=7020, lr=3.33069e-05, gnorm=8.928, clip=100, loss_scale=64, train_wall=41, gb_free=7.3, wall=40770
2023-04-09 01:02:45 - trainer.py[line:921] - INFO: NOTE: gradient overflow detected, ignoring gradient, setting loss scale to: 32.0
2023-04-09 01:03:01 - progress_bar.py[line:272] - INFO: epoch 004:   1408 / 1878 loss=3.507, loss_v1=0, loss_v2=0, nll_loss=2.386, ntokens=320, nsentences=64, sample_size=320, sample_size_v1=0, sample_size_v2=0, ppl=5.23, wps=71.4, ups=0.22, wpb=320, bsz=64, num_updates=7030, lr=3.32786e-05, gnorm=9.48, clip=100, loss_scale=32, train_wall=45, gb_free=7.3, wall=40815
2023-04-09 01:03:42 - progress_bar.py[line:272] - INFO: epoch 004:   1418 / 1878 loss=3.505, loss_v1=0, loss_v2=0, nll_loss=2.383, ntokens=320, nsentences=64, sample_size=320, sample_size_v1=0, sample_size_v2=0, ppl=5.22, wps=78.5, ups=0.25, wpb=320, bsz=64, num_updates=7040, lr=3.32503e-05, gnorm=8.527, clip=100, loss_scale=32, train_wall=41, gb_free=7.3, wall=40855
2023-04-09 01:04:23 - progress_bar.py[line:272] - INFO: epoch 004:   1428 / 1878 loss=3.53, loss_v1=0, loss_v2=0, nll_loss=2.409, ntokens=320, nsentences=64, sample_size=320, sample_size_v1=0, sample_size_v2=0, ppl=5.31, wps=78.2, ups=0.24, wpb=320, bsz=64, num_updates=7050, lr=3.32219e-05, gnorm=8.251, clip=100, loss_scale=32, train_wall=41, gb_free=7.3, wall=40896
2023-04-09 01:05:04 - progress_bar.py[line:272] - INFO: epoch 004:   1438 / 1878 loss=3.523, loss_v1=0, loss_v2=0, nll_loss=2.401, ntokens=320, nsentences=64, sample_size=320, sample_size_v1=0, sample_size_v2=0, ppl=5.28, wps=78.2, ups=0.24, wpb=320, bsz=64, num_updates=7060, lr=3.31936e-05, gnorm=7.989, clip=100, loss_scale=32, train_wall=41, gb_free=7.3, wall=40937
2023-04-09 01:05:45 - progress_bar.py[line:272] - INFO: epoch 004:   1448 / 1878 loss=3.494, loss_v1=0, loss_v2=0, nll_loss=2.366, ntokens=320, nsentences=64, sample_size=320, sample_size_v1=0, sample_size_v2=0, ppl=5.16, wps=78.6, ups=0.25, wpb=320, bsz=64, num_updates=7070, lr=3.31653e-05, gnorm=8.547, clip=100, loss_scale=32, train_wall=40, gb_free=7.3, wall=40978
2023-04-09 01:06:26 - progress_bar.py[line:272] - INFO: epoch 004:   1458 / 1878 loss=3.59, loss_v1=0, loss_v2=0, nll_loss=2.481, ntokens=320, nsentences=64, sample_size=320, sample_size_v1=0, sample_size_v2=0, ppl=5.58, wps=78.5, ups=0.25, wpb=320, bsz=64, num_updates=7080, lr=3.3137e-05, gnorm=8.312, clip=100, loss_scale=32, train_wall=40, gb_free=7.3, wall=41019
2023-04-09 01:07:07 - progress_bar.py[line:272] - INFO: epoch 004:   1468 / 1878 loss=3.503, loss_v1=0, loss_v2=0, nll_loss=2.382, ntokens=320, nsentences=64, sample_size=320, sample_size_v1=0, sample_size_v2=0, ppl=5.21, wps=77.9, ups=0.24, wpb=320, bsz=64, num_updates=7090, lr=3.31086e-05, gnorm=8.057, clip=100, loss_scale=32, train_wall=41, gb_free=7.3, wall=41060
2023-04-09 01:07:48 - progress_bar.py[line:272] - INFO: epoch 004:   1478 / 1878 loss=3.496, loss_v1=0, loss_v2=0, nll_loss=2.374, ntokens=320, nsentences=64, sample_size=320, sample_size_v1=0, sample_size_v2=0, ppl=5.18, wps=77.9, ups=0.24, wpb=320, bsz=64, num_updates=7100, lr=3.30803e-05, gnorm=7.963, clip=100, loss_scale=32, train_wall=41, gb_free=7.3, wall=41101
2023-04-09 01:08:29 - progress_bar.py[line:272] - INFO: epoch 004:   1488 / 1878 loss=3.505, loss_v1=0, loss_v2=0, nll_loss=2.382, ntokens=320, nsentences=64, sample_size=320, sample_size_v1=0, sample_size_v2=0, ppl=5.21, wps=78.2, ups=0.24, wpb=320, bsz=64, num_updates=7110, lr=3.3052e-05, gnorm=8.634, clip=100, loss_scale=32, train_wall=41, gb_free=7.3, wall=41142
2023-04-09 01:09:09 - progress_bar.py[line:272] - INFO: epoch 004:   1498 / 1878 loss=3.471, loss_v1=0, loss_v2=0, nll_loss=2.342, ntokens=320, nsentences=64, sample_size=320, sample_size_v1=0, sample_size_v2=0, ppl=5.07, wps=78.8, ups=0.25, wpb=320, bsz=64, num_updates=7120, lr=3.30237e-05, gnorm=8.287, clip=100, loss_scale=32, train_wall=40, gb_free=7.3, wall=41182
2023-04-09 01:09:50 - progress_bar.py[line:272] - INFO: epoch 004:   1508 / 1878 loss=3.507, loss_v1=0, loss_v2=0, nll_loss=2.388, ntokens=320, nsentences=64, sample_size=320, sample_size_v1=0, sample_size_v2=0, ppl=5.24, wps=78, ups=0.24, wpb=320, bsz=64, num_updates=7130, lr=3.29954e-05, gnorm=8.323, clip=100, loss_scale=32, train_wall=41, gb_free=7.3, wall=41223
2023-04-09 01:10:31 - progress_bar.py[line:272] - INFO: epoch 004:   1518 / 1878 loss=3.512, loss_v1=0, loss_v2=0, nll_loss=2.393, ntokens=320, nsentences=64, sample_size=320, sample_size_v1=0, sample_size_v2=0, ppl=5.25, wps=77.9, ups=0.24, wpb=320, bsz=64, num_updates=7140, lr=3.2967e-05, gnorm=7.998, clip=100, loss_scale=32, train_wall=41, gb_free=7.3, wall=41265
2023-04-09 01:11:12 - progress_bar.py[line:272] - INFO: epoch 004:   1528 / 1878 loss=3.435, loss_v1=0, loss_v2=0, nll_loss=2.302, ntokens=320, nsentences=64, sample_size=320, sample_size_v1=0, sample_size_v2=0, ppl=4.93, wps=78.1, ups=0.24, wpb=320, bsz=64, num_updates=7150, lr=3.29387e-05, gnorm=7.779, clip=100, loss_scale=32, train_wall=41, gb_free=7.3, wall=41306
2023-04-09 01:11:54 - progress_bar.py[line:272] - INFO: epoch 004:   1538 / 1878 loss=3.482, loss_v1=0, loss_v2=0, nll_loss=2.356, ntokens=320, nsentences=64, sample_size=320, sample_size_v1=0, sample_size_v2=0, ppl=5.12, wps=77.8, ups=0.24, wpb=320, bsz=64, num_updates=7160, lr=3.29104e-05, gnorm=8.48, clip=100, loss_scale=32, train_wall=41, gb_free=7.3, wall=41347
2023-04-09 01:12:34 - progress_bar.py[line:272] - INFO: epoch 004:   1548 / 1878 loss=3.45, loss_v1=0, loss_v2=0, nll_loss=2.317, ntokens=320, nsentences=64, sample_size=320, sample_size_v1=0, sample_size_v2=0, ppl=4.98, wps=78.1, ups=0.24, wpb=320, bsz=64, num_updates=7170, lr=3.28821e-05, gnorm=8.007, clip=100, loss_scale=32, train_wall=41, gb_free=7.3, wall=41388
2023-04-09 01:13:15 - progress_bar.py[line:272] - INFO: epoch 004:   1558 / 1878 loss=3.51, loss_v1=0, loss_v2=0, nll_loss=2.384, ntokens=320, nsentences=64, sample_size=320, sample_size_v1=0, sample_size_v2=0, ppl=5.22, wps=78.1, ups=0.24, wpb=320, bsz=64, num_updates=7180, lr=3.28537e-05, gnorm=8.001, clip=100, loss_scale=32, train_wall=41, gb_free=7.3, wall=41429
2023-04-09 01:13:56 - progress_bar.py[line:272] - INFO: epoch 004:   1568 / 1878 loss=3.487, loss_v1=0, loss_v2=0, nll_loss=2.363, ntokens=320, nsentences=64, sample_size=320, sample_size_v1=0, sample_size_v2=0, ppl=5.14, wps=78.2, ups=0.24, wpb=320, bsz=64, num_updates=7190, lr=3.28254e-05, gnorm=8.683, clip=100, loss_scale=32, train_wall=41, gb_free=7.3, wall=41470
2023-04-09 01:14:37 - progress_bar.py[line:272] - INFO: epoch 004:   1578 / 1878 loss=3.448, loss_v1=0, loss_v2=0, nll_loss=2.317, ntokens=320, nsentences=64, sample_size=320, sample_size_v1=0, sample_size_v2=0, ppl=4.98, wps=78.3, ups=0.24, wpb=320, bsz=64, num_updates=7200, lr=3.27971e-05, gnorm=7.585, clip=100, loss_scale=32, train_wall=41, gb_free=7.3, wall=41510
2023-04-09 01:15:18 - progress_bar.py[line:272] - INFO: epoch 004:   1588 / 1878 loss=3.508, loss_v1=0, loss_v2=0, nll_loss=2.385, ntokens=320, nsentences=64, sample_size=320, sample_size_v1=0, sample_size_v2=0, ppl=5.22, wps=78.3, ups=0.24, wpb=320, bsz=64, num_updates=7210, lr=3.27688e-05, gnorm=8.147, clip=100, loss_scale=32, train_wall=41, gb_free=7.3, wall=41551
2023-04-09 01:15:59 - progress_bar.py[line:272] - INFO: epoch 004:   1598 / 1878 loss=3.457, loss_v1=0, loss_v2=0, nll_loss=2.331, ntokens=320, nsentences=64, sample_size=320, sample_size_v1=0, sample_size_v2=0, ppl=5.03, wps=77.8, ups=0.24, wpb=320, bsz=64, num_updates=7220, lr=3.27405e-05, gnorm=7.52, clip=100, loss_scale=32, train_wall=41, gb_free=7.3, wall=41592
2023-04-09 01:16:40 - progress_bar.py[line:272] - INFO: epoch 004:   1608 / 1878 loss=3.521, loss_v1=0, loss_v2=0, nll_loss=2.397, ntokens=320, nsentences=64, sample_size=320, sample_size_v1=0, sample_size_v2=0, ppl=5.27, wps=78, ups=0.24, wpb=320, bsz=64, num_updates=7230, lr=3.27121e-05, gnorm=8.089, clip=100, loss_scale=32, train_wall=41, gb_free=7.3, wall=41633
2023-04-09 01:17:21 - progress_bar.py[line:272] - INFO: epoch 004:   1618 / 1878 loss=3.53, loss_v1=0, loss_v2=0, nll_loss=2.408, ntokens=320, nsentences=64, sample_size=320, sample_size_v1=0, sample_size_v2=0, ppl=5.31, wps=78.4, ups=0.24, wpb=320, bsz=64, num_updates=7240, lr=3.26838e-05, gnorm=8.779, clip=100, loss_scale=32, train_wall=41, gb_free=7.3, wall=41674
2023-04-09 01:18:02 - progress_bar.py[line:272] - INFO: epoch 004:   1628 / 1878 loss=3.515, loss_v1=0, loss_v2=0, nll_loss=2.395, ntokens=320, nsentences=64, sample_size=320, sample_size_v1=0, sample_size_v2=0, ppl=5.26, wps=78.7, ups=0.25, wpb=320, bsz=64, num_updates=7250, lr=3.26555e-05, gnorm=8.067, clip=100, loss_scale=32, train_wall=40, gb_free=7.3, wall=41715
2023-04-09 01:18:43 - progress_bar.py[line:272] - INFO: epoch 004:   1638 / 1878 loss=3.548, loss_v1=0, loss_v2=0, nll_loss=2.427, ntokens=320, nsentences=64, sample_size=320, sample_size_v1=0, sample_size_v2=0, ppl=5.38, wps=78.5, ups=0.25, wpb=320, bsz=64, num_updates=7260, lr=3.26272e-05, gnorm=7.618, clip=100, loss_scale=32, train_wall=41, gb_free=7.3, wall=41756
2023-04-09 01:19:23 - progress_bar.py[line:272] - INFO: epoch 004:   1648 / 1878 loss=3.462, loss_v1=0, loss_v2=0, nll_loss=2.334, ntokens=320, nsentences=64, sample_size=320, sample_size_v1=0, sample_size_v2=0, ppl=5.04, wps=78.6, ups=0.25, wpb=320, bsz=64, num_updates=7270, lr=3.25988e-05, gnorm=8.038, clip=100, loss_scale=32, train_wall=40, gb_free=7.3, wall=41796
2023-04-09 01:20:04 - progress_bar.py[line:272] - INFO: epoch 004:   1658 / 1878 loss=3.429, loss_v1=0, loss_v2=0, nll_loss=2.295, ntokens=320, nsentences=64, sample_size=320, sample_size_v1=0, sample_size_v2=0, ppl=4.91, wps=78.4, ups=0.25, wpb=320, bsz=64, num_updates=7280, lr=3.25705e-05, gnorm=8.357, clip=100, loss_scale=32, train_wall=40, gb_free=7.3, wall=41837
2023-04-09 01:20:45 - progress_bar.py[line:272] - INFO: epoch 004:   1668 / 1878 loss=3.501, loss_v1=0, loss_v2=0, nll_loss=2.373, ntokens=320, nsentences=64, sample_size=320, sample_size_v1=0, sample_size_v2=0, ppl=5.18, wps=77.7, ups=0.24, wpb=320, bsz=64, num_updates=7290, lr=3.25422e-05, gnorm=8.481, clip=100, loss_scale=32, train_wall=41, gb_free=7.3, wall=41878
2023-04-09 01:21:26 - progress_bar.py[line:272] - INFO: epoch 004:   1678 / 1878 loss=3.45, loss_v1=0, loss_v2=0, nll_loss=2.32, ntokens=320, nsentences=64, sample_size=320, sample_size_v1=0, sample_size_v2=0, ppl=4.99, wps=77.8, ups=0.24, wpb=320, bsz=64, num_updates=7300, lr=3.25139e-05, gnorm=7.381, clip=100, loss_scale=32, train_wall=41, gb_free=7.3, wall=41920
2023-04-09 01:22:07 - progress_bar.py[line:272] - INFO: epoch 004:   1688 / 1878 loss=3.474, loss_v1=0, loss_v2=0, nll_loss=2.348, ntokens=320, nsentences=64, sample_size=320, sample_size_v1=0, sample_size_v2=0, ppl=5.09, wps=78.4, ups=0.25, wpb=320, bsz=64, num_updates=7310, lr=3.24856e-05, gnorm=7.661, clip=100, loss_scale=32, train_wall=41, gb_free=7.3, wall=41960
2023-04-09 01:22:48 - progress_bar.py[line:272] - INFO: epoch 004:   1698 / 1878 loss=3.536, loss_v1=0, loss_v2=0, nll_loss=2.416, ntokens=320, nsentences=64, sample_size=320, sample_size_v1=0, sample_size_v2=0, ppl=5.34, wps=78.4, ups=0.24, wpb=320, bsz=64, num_updates=7320, lr=3.24572e-05, gnorm=9.333, clip=100, loss_scale=32, train_wall=41, gb_free=7.3, wall=42001
2023-04-09 01:23:29 - progress_bar.py[line:272] - INFO: epoch 004:   1708 / 1878 loss=3.477, loss_v1=0, loss_v2=0, nll_loss=2.349, ntokens=320, nsentences=64, sample_size=320, sample_size_v1=0, sample_size_v2=0, ppl=5.09, wps=78.6, ups=0.25, wpb=320, bsz=64, num_updates=7330, lr=3.24289e-05, gnorm=8.044, clip=100, loss_scale=32, train_wall=40, gb_free=7.3, wall=42042
2023-04-09 01:24:10 - progress_bar.py[line:272] - INFO: epoch 004:   1718 / 1878 loss=3.437, loss_v1=0, loss_v2=0, nll_loss=2.304, ntokens=320, nsentences=64, sample_size=320, sample_size_v1=0, sample_size_v2=0, ppl=4.94, wps=78.2, ups=0.24, wpb=320, bsz=64, num_updates=7340, lr=3.24006e-05, gnorm=8.877, clip=100, loss_scale=32, train_wall=41, gb_free=7.3, wall=42083
2023-04-09 01:24:50 - progress_bar.py[line:272] - INFO: epoch 004:   1728 / 1878 loss=3.464, loss_v1=0, loss_v2=0, nll_loss=2.338, ntokens=320, nsentences=64, sample_size=320, sample_size_v1=0, sample_size_v2=0, ppl=5.06, wps=78.7, ups=0.25, wpb=320, bsz=64, num_updates=7350, lr=3.23723e-05, gnorm=7.937, clip=100, loss_scale=32, train_wall=41, gb_free=7.3, wall=42123
2023-04-09 01:25:31 - progress_bar.py[line:272] - INFO: epoch 004:   1738 / 1878 loss=3.443, loss_v1=0, loss_v2=0, nll_loss=2.31, ntokens=320, nsentences=64, sample_size=320, sample_size_v1=0, sample_size_v2=0, ppl=4.96, wps=78.4, ups=0.24, wpb=320, bsz=64, num_updates=7360, lr=3.23439e-05, gnorm=8.066, clip=100, loss_scale=32, train_wall=41, gb_free=7.3, wall=42164
2023-04-09 01:26:12 - progress_bar.py[line:272] - INFO: epoch 004:   1748 / 1878 loss=3.49, loss_v1=0, loss_v2=0, nll_loss=2.362, ntokens=320, nsentences=64, sample_size=320, sample_size_v1=0, sample_size_v2=0, ppl=5.14, wps=78, ups=0.24, wpb=320, bsz=64, num_updates=7370, lr=3.23156e-05, gnorm=8.504, clip=100, loss_scale=32, train_wall=41, gb_free=7.3, wall=42205
2023-04-09 01:26:53 - progress_bar.py[line:272] - INFO: epoch 004:   1758 / 1878 loss=3.459, loss_v1=0, loss_v2=0, nll_loss=2.33, ntokens=320, nsentences=64, sample_size=320, sample_size_v1=0, sample_size_v2=0, ppl=5.03, wps=78.3, ups=0.24, wpb=320, bsz=64, num_updates=7380, lr=3.22873e-05, gnorm=8.472, clip=100, loss_scale=32, train_wall=41, gb_free=7.3, wall=42246
2023-04-09 01:27:34 - progress_bar.py[line:272] - INFO: epoch 004:   1768 / 1878 loss=3.479, loss_v1=0, loss_v2=0, nll_loss=2.355, ntokens=320, nsentences=64, sample_size=320, sample_size_v1=0, sample_size_v2=0, ppl=5.12, wps=78.1, ups=0.24, wpb=320, bsz=64, num_updates=7390, lr=3.2259e-05, gnorm=8.457, clip=100, loss_scale=32, train_wall=41, gb_free=7.3, wall=42287
2023-04-09 01:28:15 - progress_bar.py[line:272] - INFO: epoch 004:   1778 / 1878 loss=3.462, loss_v1=0, loss_v2=0, nll_loss=2.333, ntokens=320, nsentences=64, sample_size=320, sample_size_v1=0, sample_size_v2=0, ppl=5.04, wps=78.3, ups=0.24, wpb=320, bsz=64, num_updates=7400, lr=3.22307e-05, gnorm=8.258, clip=100, loss_scale=32, train_wall=41, gb_free=7.3, wall=42328
2023-04-09 01:28:56 - progress_bar.py[line:272] - INFO: epoch 004:   1788 / 1878 loss=3.528, loss_v1=0, loss_v2=0, nll_loss=2.407, ntokens=320, nsentences=64, sample_size=320, sample_size_v1=0, sample_size_v2=0, ppl=5.3, wps=78.3, ups=0.24, wpb=320, bsz=64, num_updates=7410, lr=3.22023e-05, gnorm=8.095, clip=100, loss_scale=32, train_wall=41, gb_free=7.3, wall=42369
2023-04-09 01:29:37 - progress_bar.py[line:272] - INFO: epoch 004:   1798 / 1878 loss=3.521, loss_v1=0, loss_v2=0, nll_loss=2.402, ntokens=320, nsentences=64, sample_size=320, sample_size_v1=0, sample_size_v2=0, ppl=5.29, wps=78.4, ups=0.25, wpb=320, bsz=64, num_updates=7420, lr=3.2174e-05, gnorm=8.325, clip=100, loss_scale=32, train_wall=41, gb_free=7.3, wall=42410
2023-04-09 01:30:18 - progress_bar.py[line:272] - INFO: epoch 004:   1808 / 1878 loss=3.491, loss_v1=0, loss_v2=0, nll_loss=2.362, ntokens=320, nsentences=64, sample_size=320, sample_size_v1=0, sample_size_v2=0, ppl=5.14, wps=77.8, ups=0.24, wpb=320, bsz=64, num_updates=7430, lr=3.21457e-05, gnorm=7.651, clip=100, loss_scale=32, train_wall=41, gb_free=7.3, wall=42451
2023-04-09 01:30:59 - progress_bar.py[line:272] - INFO: epoch 004:   1818 / 1878 loss=3.474, loss_v1=0, loss_v2=0, nll_loss=2.343, ntokens=320, nsentences=64, sample_size=320, sample_size_v1=0, sample_size_v2=0, ppl=5.07, wps=77.9, ups=0.24, wpb=320, bsz=64, num_updates=7440, lr=3.21174e-05, gnorm=8.738, clip=100, loss_scale=32, train_wall=41, gb_free=7.3, wall=42492
2023-04-09 01:31:40 - progress_bar.py[line:272] - INFO: epoch 004:   1828 / 1878 loss=3.437, loss_v1=0, loss_v2=0, nll_loss=2.307, ntokens=320, nsentences=64, sample_size=320, sample_size_v1=0, sample_size_v2=0, ppl=4.95, wps=78.2, ups=0.24, wpb=320, bsz=64, num_updates=7450, lr=3.2089e-05, gnorm=8.157, clip=100, loss_scale=32, train_wall=41, gb_free=7.3, wall=42533
2023-04-09 01:32:21 - progress_bar.py[line:272] - INFO: epoch 004:   1838 / 1878 loss=3.465, loss_v1=0, loss_v2=0, nll_loss=2.336, ntokens=320, nsentences=64, sample_size=320, sample_size_v1=0, sample_size_v2=0, ppl=5.05, wps=78.2, ups=0.24, wpb=320, bsz=64, num_updates=7460, lr=3.20607e-05, gnorm=7.937, clip=100, loss_scale=32, train_wall=41, gb_free=7.3, wall=42574
2023-04-09 01:33:01 - progress_bar.py[line:272] - INFO: epoch 004:   1848 / 1878 loss=3.456, loss_v1=0, loss_v2=0, nll_loss=2.321, ntokens=320, nsentences=64, sample_size=320, sample_size_v1=0, sample_size_v2=0, ppl=5, wps=78.6, ups=0.25, wpb=320, bsz=64, num_updates=7470, lr=3.20324e-05, gnorm=8.203, clip=100, loss_scale=32, train_wall=40, gb_free=7.3, wall=42615
2023-04-09 01:33:42 - progress_bar.py[line:272] - INFO: epoch 004:   1858 / 1878 loss=3.459, loss_v1=0, loss_v2=0, nll_loss=2.326, ntokens=320, nsentences=64, sample_size=320, sample_size_v1=0, sample_size_v2=0, ppl=5.01, wps=78, ups=0.24, wpb=320, bsz=64, num_updates=7480, lr=3.20041e-05, gnorm=8.31, clip=100, loss_scale=32, train_wall=41, gb_free=7.3, wall=42656
2023-04-09 01:34:23 - progress_bar.py[line:272] - INFO: epoch 004:   1868 / 1878 loss=3.486, loss_v1=0, loss_v2=0, nll_loss=2.362, ntokens=320, nsentences=64, sample_size=320, sample_size_v1=0, sample_size_v2=0, ppl=5.14, wps=78.4, ups=0.24, wpb=320, bsz=64, num_updates=7490, lr=3.19758e-05, gnorm=8.773, clip=100, loss_scale=32, train_wall=41, gb_free=7.3, wall=42696
2023-04-09 01:35:03 - progress_bar.py[line:272] - INFO: epoch 004:   1878 / 1878 loss=3.454, loss_v1=0, loss_v2=0, nll_loss=2.326, ntokens=320, nsentences=64, sample_size=320, sample_size_v1=0, sample_size_v2=0, ppl=5.01, wps=80.4, ups=0.25, wpb=320, bsz=64, num_updates=7500, lr=3.19474e-05, gnorm=8.588, clip=100, loss_scale=32, train_wall=40, gb_free=7.3, wall=42736
2023-04-09 01:35:03 - train.py[line:445] - INFO: begin validation on "valid" subset
slice_id 0 seek offset 0
slice_id 1 seek offset 5379
slice_id 0 seek offset 0
slice_id 1 seek offset 5379
2023-04-09 01:46:17 - progress_bar.py[line:282] - INFO: epoch 004 | valid on 'valid' subset | loss 4.725 | loss_v1 0 | loss_v2 0 | nll_loss 3.729 | ntokens 39.993 | nsentences 7.999 | sample_size 39.993 | sample_size_v1 0 | sample_size_v2 0 | ppl 13.26 | score 0.3876 | wps 79.9 | wpb 40 | bsz 8 | num_updates 7500 | best_score 0.4586
local datafile ../../dataset/refcocoplus_data/refcocoplus_train_EC.tsv slice_id 1 begin to initialize row_count and line_idx-to-offset mapping
2023-04-09 01:46:17 - checkpoint_utils.py[line:64] - INFO: Preparing to save checkpoint for epoch 4 @ 7500 updates
2023-04-09 01:46:17 - trainer.py[line:431] - INFO: Saving checkpoint to ./refcocoplus_EC_checkpoints_exp2/10_5e-5_512/checkpoint_last.pt
2023-04-09 01:46:32 - trainer.py[line:441] - INFO: Finished saving checkpoint to ./refcocoplus_EC_checkpoints_exp2/10_5e-5_512/checkpoint_last.pt
2023-04-09 01:46:33 - checkpoint_utils.py[line:133] - INFO: Saved checkpoint ./refcocoplus_EC_checkpoints_exp2/10_5e-5_512/checkpoint_last.pt (epoch 4 @ 7500 updates, score 0.3876) (writing took 16.054442000575364 seconds)
2023-04-09 01:46:33 - train.py[line:332] - INFO: end of epoch 4 (average epoch stats below)
2023-04-09 01:46:33 - progress_bar.py[line:282] - INFO: epoch 004 | loss 3.58 | loss_v1 0 | loss_v2 0 | nll_loss 2.468 | ntokens 319.997 | nsentences 63.999 | sample_size 319.997 | sample_size_v1 0 | sample_size_v2 0 | ppl 5.53 | wps 57.2 | ups 0.18 | wpb 320 | bsz 64 | num_updates 7500 | lr 3.19474e-05 | gnorm 8.131 | clip 100 | loss_scale 32 | train_wall 7624 | gb_free 7.3 | wall 43426
2023-04-09 01:46:33 - trainer.py[line:639] - INFO: loading train data for epoch 5
local datafile ../../dataset/refcocoplus_data/refcocoplus_train_EC.tsv slice_id 0 begin to initialize row_count and line_idx-to-offset mapping
local datafile ../../dataset/refcocoplus_data/refcocoplus_train_EC.tsv slice_id 1 finished initializing row_count and line_idx-to-offset mapping
file ../../dataset/refcocoplus_data/refcocoplus_train_EC.tsv slice_id 1 row count 60095 total row count 120191
slice_id 1 seek offset 60096
local datafile ../../dataset/refcocoplus_data/refcocoplus_train_EC.tsv slice_id 0 finished initializing row_count and line_idx-to-offset mapping
file ../../dataset/refcocoplus_data/refcocoplus_train_EC.tsv slice_id 0 row count 60096 total row count 120191
slice_id 0 seek offset 0
2023-04-09 01:46:49 - trainer.py[line:703] - INFO: begin training epoch 5
2023-04-09 01:46:49 - train.py[line:305] - INFO: Start iterating over samples
2023-04-09 01:47:29 - progress_bar.py[line:272] - INFO: epoch 005:     10 / 1878 loss=3.508, loss_v1=0, loss_v2=0, nll_loss=2.387, ntokens=320, nsentences=64, sample_size=320, sample_size_v1=0, sample_size_v2=0, ppl=5.23, wps=4.3, ups=0.01, wpb=320, bsz=64, num_updates=7510, lr=3.19191e-05, gnorm=10.439, clip=100, loss_scale=32, train_wall=40, gb_free=7.3, wall=43483
2023-04-09 01:48:10 - progress_bar.py[line:272] - INFO: epoch 005:     20 / 1878 loss=3.486, loss_v1=0, loss_v2=0, nll_loss=2.361, ntokens=320, nsentences=64, sample_size=320, sample_size_v1=0, sample_size_v2=0, ppl=5.14, wps=78.6, ups=0.25, wpb=320, bsz=64, num_updates=7520, lr=3.18908e-05, gnorm=8.51, clip=100, loss_scale=32, train_wall=40, gb_free=7.3, wall=43523
2023-04-09 01:48:51 - progress_bar.py[line:272] - INFO: epoch 005:     30 / 1878 loss=3.489, loss_v1=0, loss_v2=0, nll_loss=2.364, ntokens=320, nsentences=64, sample_size=320, sample_size_v1=0, sample_size_v2=0, ppl=5.15, wps=78.8, ups=0.25, wpb=320, bsz=64, num_updates=7530, lr=3.18625e-05, gnorm=8.782, clip=100, loss_scale=32, train_wall=40, gb_free=7.3, wall=43564
2023-04-09 01:49:31 - progress_bar.py[line:272] - INFO: epoch 005:     40 / 1878 loss=3.493, loss_v1=0, loss_v2=0, nll_loss=2.366, ntokens=320, nsentences=64, sample_size=320, sample_size_v1=0, sample_size_v2=0, ppl=5.16, wps=78.5, ups=0.25, wpb=320, bsz=64, num_updates=7540, lr=3.18341e-05, gnorm=8.768, clip=100, loss_scale=64, train_wall=41, gb_free=7.3, wall=43605
2023-04-09 01:50:12 - progress_bar.py[line:272] - INFO: epoch 005:     50 / 1878 loss=3.526, loss_v1=0, loss_v2=0, nll_loss=2.408, ntokens=320, nsentences=64, sample_size=320, sample_size_v1=0, sample_size_v2=0, ppl=5.31, wps=78.7, ups=0.25, wpb=320, bsz=64, num_updates=7550, lr=3.18058e-05, gnorm=9.114, clip=100, loss_scale=64, train_wall=40, gb_free=7.3, wall=43645
2023-04-09 01:50:53 - progress_bar.py[line:272] - INFO: epoch 005:     60 / 1878 loss=3.464, loss_v1=0, loss_v2=0, nll_loss=2.337, ntokens=320, nsentences=64, sample_size=320, sample_size_v1=0, sample_size_v2=0, ppl=5.05, wps=78.5, ups=0.25, wpb=320, bsz=64, num_updates=7560, lr=3.17775e-05, gnorm=8.452, clip=100, loss_scale=64, train_wall=40, gb_free=7.3, wall=43686
2023-04-09 01:51:34 - progress_bar.py[line:272] - INFO: epoch 005:     70 / 1878 loss=3.514, loss_v1=0, loss_v2=0, nll_loss=2.39, ntokens=319.5, nsentences=63.9, sample_size=319.5, sample_size_v1=0, sample_size_v2=0, ppl=5.24, wps=78.1, ups=0.24, wpb=319.5, bsz=63.9, num_updates=7570, lr=3.17492e-05, gnorm=10.076, clip=100, loss_scale=64, train_wall=41, gb_free=7.3, wall=43727
2023-04-09 01:52:15 - progress_bar.py[line:272] - INFO: epoch 005:     80 / 1878 loss=3.528, loss_v1=0, loss_v2=0, nll_loss=2.406, ntokens=320, nsentences=64, sample_size=320, sample_size_v1=0, sample_size_v2=0, ppl=5.3, wps=78.2, ups=0.24, wpb=320, bsz=64, num_updates=7580, lr=3.17209e-05, gnorm=9.377, clip=100, loss_scale=64, train_wall=41, gb_free=7.3, wall=43768
2023-04-09 01:52:56 - progress_bar.py[line:272] - INFO: epoch 005:     90 / 1878 loss=3.478, loss_v1=0, loss_v2=0, nll_loss=2.355, ntokens=320, nsentences=64, sample_size=320, sample_size_v1=0, sample_size_v2=0, ppl=5.11, wps=78.4, ups=0.24, wpb=320, bsz=64, num_updates=7590, lr=3.16925e-05, gnorm=8.745, clip=100, loss_scale=64, train_wall=41, gb_free=7.3, wall=43809
2023-04-09 01:53:36 - progress_bar.py[line:272] - INFO: epoch 005:    100 / 1878 loss=3.542, loss_v1=0, loss_v2=0, nll_loss=2.426, ntokens=320, nsentences=64, sample_size=320, sample_size_v1=0, sample_size_v2=0, ppl=5.37, wps=78.9, ups=0.25, wpb=320, bsz=64, num_updates=7600, lr=3.16642e-05, gnorm=9.325, clip=100, loss_scale=64, train_wall=40, gb_free=7.3, wall=43849
2023-04-09 01:54:17 - progress_bar.py[line:272] - INFO: epoch 005:    110 / 1878 loss=3.443, loss_v1=0, loss_v2=0, nll_loss=2.313, ntokens=320, nsentences=64, sample_size=320, sample_size_v1=0, sample_size_v2=0, ppl=4.97, wps=78.4, ups=0.24, wpb=320, bsz=64, num_updates=7610, lr=3.16359e-05, gnorm=8.965, clip=100, loss_scale=64, train_wall=41, gb_free=7.3, wall=43890
2023-04-09 01:54:58 - progress_bar.py[line:272] - INFO: epoch 005:    120 / 1878 loss=3.553, loss_v1=0, loss_v2=0, nll_loss=2.436, ntokens=320, nsentences=64, sample_size=320, sample_size_v1=0, sample_size_v2=0, ppl=5.41, wps=78.3, ups=0.24, wpb=320, bsz=64, num_updates=7620, lr=3.16076e-05, gnorm=9.459, clip=100, loss_scale=64, train_wall=41, gb_free=7.3, wall=43931
2023-04-09 01:55:39 - progress_bar.py[line:272] - INFO: epoch 005:    130 / 1878 loss=3.498, loss_v1=0, loss_v2=0, nll_loss=2.377, ntokens=320, nsentences=64, sample_size=320, sample_size_v1=0, sample_size_v2=0, ppl=5.19, wps=78.3, ups=0.24, wpb=320, bsz=64, num_updates=7630, lr=3.15792e-05, gnorm=8.193, clip=100, loss_scale=64, train_wall=41, gb_free=7.3, wall=43972
2023-04-09 01:56:19 - progress_bar.py[line:272] - INFO: epoch 005:    140 / 1878 loss=3.492, loss_v1=0, loss_v2=0, nll_loss=2.371, ntokens=320, nsentences=64, sample_size=320, sample_size_v1=0, sample_size_v2=0, ppl=5.17, wps=78.6, ups=0.25, wpb=320, bsz=64, num_updates=7640, lr=3.15509e-05, gnorm=8.329, clip=100, loss_scale=64, train_wall=40, gb_free=7.3, wall=44013
2023-04-09 01:57:00 - progress_bar.py[line:272] - INFO: epoch 005:    150 / 1878 loss=3.515, loss_v1=0, loss_v2=0, nll_loss=2.393, ntokens=320, nsentences=64, sample_size=320, sample_size_v1=0, sample_size_v2=0, ppl=5.25, wps=78.8, ups=0.25, wpb=320, bsz=64, num_updates=7650, lr=3.15226e-05, gnorm=8.923, clip=100, loss_scale=64, train_wall=40, gb_free=7.3, wall=44053
2023-04-09 01:57:41 - progress_bar.py[line:272] - INFO: epoch 005:    160 / 1878 loss=3.565, loss_v1=0, loss_v2=0, nll_loss=2.448, ntokens=320, nsentences=64, sample_size=320, sample_size_v1=0, sample_size_v2=0, ppl=5.46, wps=78.4, ups=0.24, wpb=320, bsz=64, num_updates=7660, lr=3.14943e-05, gnorm=9.533, clip=100, loss_scale=64, train_wall=41, gb_free=7.3, wall=44094
2023-04-09 01:58:22 - progress_bar.py[line:272] - INFO: epoch 005:    170 / 1878 loss=3.521, loss_v1=0, loss_v2=0, nll_loss=2.409, ntokens=320, nsentences=64, sample_size=320, sample_size_v1=0, sample_size_v2=0, ppl=5.31, wps=78.3, ups=0.24, wpb=320, bsz=64, num_updates=7670, lr=3.1466e-05, gnorm=11.748, clip=100, loss_scale=64, train_wall=41, gb_free=7.3, wall=44135
2023-04-09 01:59:03 - progress_bar.py[line:272] - INFO: epoch 005:    180 / 1878 loss=3.529, loss_v1=0, loss_v2=0, nll_loss=2.414, ntokens=320, nsentences=64, sample_size=320, sample_size_v1=0, sample_size_v2=0, ppl=5.33, wps=77, ups=0.24, wpb=320, bsz=64, num_updates=7680, lr=3.14376e-05, gnorm=8.574, clip=100, loss_scale=64, train_wall=41, gb_free=7.3, wall=44176
2023-04-09 01:59:44 - progress_bar.py[line:272] - INFO: epoch 005:    190 / 1878 loss=3.533, loss_v1=0, loss_v2=0, nll_loss=2.409, ntokens=320, nsentences=64, sample_size=320, sample_size_v1=0, sample_size_v2=0, ppl=5.31, wps=78.4, ups=0.25, wpb=320, bsz=64, num_updates=7690, lr=3.14093e-05, gnorm=9.186, clip=100, loss_scale=64, train_wall=41, gb_free=7.3, wall=44217
2023-04-09 02:00:25 - progress_bar.py[line:272] - INFO: epoch 005:    200 / 1878 loss=3.457, loss_v1=0, loss_v2=0, nll_loss=2.328, ntokens=320, nsentences=64, sample_size=320, sample_size_v1=0, sample_size_v2=0, ppl=5.02, wps=78.7, ups=0.25, wpb=320, bsz=64, num_updates=7700, lr=3.1381e-05, gnorm=8.973, clip=100, loss_scale=64, train_wall=40, gb_free=7.3, wall=44258
2023-04-09 02:01:05 - progress_bar.py[line:272] - INFO: epoch 005:    210 / 1878 loss=3.568, loss_v1=0, loss_v2=0, nll_loss=2.458, ntokens=320, nsentences=64, sample_size=320, sample_size_v1=0, sample_size_v2=0, ppl=5.49, wps=78.5, ups=0.25, wpb=320, bsz=64, num_updates=7710, lr=3.13527e-05, gnorm=8.538, clip=100, loss_scale=64, train_wall=40, gb_free=7.3, wall=44299
2023-04-09 02:01:46 - progress_bar.py[line:272] - INFO: epoch 005:    220 / 1878 loss=3.505, loss_v1=0, loss_v2=0, nll_loss=2.385, ntokens=320, nsentences=64, sample_size=320, sample_size_v1=0, sample_size_v2=0, ppl=5.22, wps=78.7, ups=0.25, wpb=320, bsz=64, num_updates=7720, lr=3.13243e-05, gnorm=8.231, clip=100, loss_scale=64, train_wall=40, gb_free=7.3, wall=44339
2023-04-09 02:02:27 - progress_bar.py[line:272] - INFO: epoch 005:    230 / 1878 loss=3.52, loss_v1=0, loss_v2=0, nll_loss=2.396, ntokens=320, nsentences=64, sample_size=320, sample_size_v1=0, sample_size_v2=0, ppl=5.26, wps=78.7, ups=0.25, wpb=320, bsz=64, num_updates=7730, lr=3.1296e-05, gnorm=8.508, clip=100, loss_scale=64, train_wall=40, gb_free=7.3, wall=44380
2023-04-09 02:02:47 - trainer.py[line:921] - INFO: NOTE: gradient overflow detected, ignoring gradient, setting loss scale to: 32.0
2023-04-09 02:03:11 - progress_bar.py[line:272] - INFO: epoch 005:    241 / 1878 loss=3.497, loss_v1=0, loss_v2=0, nll_loss=2.372, ntokens=320, nsentences=64, sample_size=320, sample_size_v1=0, sample_size_v2=0, ppl=5.18, wps=71.7, ups=0.22, wpb=320, bsz=64, num_updates=7740, lr=3.12677e-05, gnorm=9.105, clip=100, loss_scale=32, train_wall=44, gb_free=7.3, wall=44425
2023-04-09 02:03:52 - progress_bar.py[line:272] - INFO: epoch 005:    251 / 1878 loss=3.541, loss_v1=0, loss_v2=0, nll_loss=2.426, ntokens=320, nsentences=64, sample_size=320, sample_size_v1=0, sample_size_v2=0, ppl=5.38, wps=78.8, ups=0.25, wpb=320, bsz=64, num_updates=7750, lr=3.12394e-05, gnorm=8.937, clip=100, loss_scale=32, train_wall=40, gb_free=7.3, wall=44465
2023-04-09 02:04:33 - progress_bar.py[line:272] - INFO: epoch 005:    261 / 1878 loss=3.448, loss_v1=0, loss_v2=0, nll_loss=2.321, ntokens=320, nsentences=64, sample_size=320, sample_size_v1=0, sample_size_v2=0, ppl=5, wps=78.7, ups=0.25, wpb=320, bsz=64, num_updates=7760, lr=3.12111e-05, gnorm=8.826, clip=100, loss_scale=32, train_wall=40, gb_free=7.3, wall=44506
2023-04-09 02:05:13 - progress_bar.py[line:272] - INFO: epoch 005:    271 / 1878 loss=3.437, loss_v1=0, loss_v2=0, nll_loss=2.301, ntokens=320, nsentences=64, sample_size=320, sample_size_v1=0, sample_size_v2=0, ppl=4.93, wps=78.4, ups=0.24, wpb=320, bsz=64, num_updates=7770, lr=3.11827e-05, gnorm=8.997, clip=100, loss_scale=32, train_wall=41, gb_free=7.3, wall=44547
2023-04-09 02:05:54 - progress_bar.py[line:272] - INFO: epoch 005:    281 / 1878 loss=3.523, loss_v1=0, loss_v2=0, nll_loss=2.4, ntokens=320, nsentences=64, sample_size=320, sample_size_v1=0, sample_size_v2=0, ppl=5.28, wps=78.5, ups=0.25, wpb=320, bsz=64, num_updates=7780, lr=3.11544e-05, gnorm=9.045, clip=100, loss_scale=32, train_wall=41, gb_free=7.3, wall=44587
2023-04-09 02:06:35 - progress_bar.py[line:272] - INFO: epoch 005:    291 / 1878 loss=3.521, loss_v1=0, loss_v2=0, nll_loss=2.405, ntokens=320, nsentences=64, sample_size=320, sample_size_v1=0, sample_size_v2=0, ppl=5.3, wps=78.5, ups=0.25, wpb=320, bsz=64, num_updates=7790, lr=3.11261e-05, gnorm=9.245, clip=100, loss_scale=32, train_wall=40, gb_free=7.3, wall=44628
2023-04-09 02:07:16 - progress_bar.py[line:272] - INFO: epoch 005:    301 / 1878 loss=3.492, loss_v1=0, loss_v2=0, nll_loss=2.367, ntokens=320, nsentences=64, sample_size=320, sample_size_v1=0, sample_size_v2=0, ppl=5.16, wps=78.4, ups=0.24, wpb=320, bsz=64, num_updates=7800, lr=3.10978e-05, gnorm=9.952, clip=100, loss_scale=32, train_wall=41, gb_free=7.3, wall=44669
2023-04-09 02:07:57 - progress_bar.py[line:272] - INFO: epoch 005:    311 / 1878 loss=3.495, loss_v1=0, loss_v2=0, nll_loss=2.374, ntokens=320, nsentences=64, sample_size=320, sample_size_v1=0, sample_size_v2=0, ppl=5.18, wps=78.5, ups=0.25, wpb=320, bsz=64, num_updates=7810, lr=3.10694e-05, gnorm=9.643, clip=100, loss_scale=32, train_wall=40, gb_free=7.3, wall=44710
2023-04-09 02:08:37 - progress_bar.py[line:272] - INFO: epoch 005:    321 / 1878 loss=3.452, loss_v1=0, loss_v2=0, nll_loss=2.319, ntokens=320, nsentences=64, sample_size=320, sample_size_v1=0, sample_size_v2=0, ppl=4.99, wps=78.8, ups=0.25, wpb=320, bsz=64, num_updates=7820, lr=3.10411e-05, gnorm=8.742, clip=100, loss_scale=32, train_wall=40, gb_free=7.3, wall=44750
2023-04-09 02:09:18 - progress_bar.py[line:272] - INFO: epoch 005:    331 / 1878 loss=3.489, loss_v1=0, loss_v2=0, nll_loss=2.359, ntokens=320, nsentences=64, sample_size=320, sample_size_v1=0, sample_size_v2=0, ppl=5.13, wps=78.8, ups=0.25, wpb=320, bsz=64, num_updates=7830, lr=3.10128e-05, gnorm=9.234, clip=100, loss_scale=32, train_wall=40, gb_free=7.3, wall=44791
2023-04-09 02:09:58 - progress_bar.py[line:272] - INFO: epoch 005:    341 / 1878 loss=3.467, loss_v1=0, loss_v2=0, nll_loss=2.342, ntokens=320, nsentences=64, sample_size=320, sample_size_v1=0, sample_size_v2=0, ppl=5.07, wps=78.8, ups=0.25, wpb=320, bsz=64, num_updates=7840, lr=3.09845e-05, gnorm=9.009, clip=100, loss_scale=32, train_wall=40, gb_free=7.3, wall=44832
2023-04-09 02:10:39 - progress_bar.py[line:272] - INFO: epoch 005:    351 / 1878 loss=3.484, loss_v1=0, loss_v2=0, nll_loss=2.358, ntokens=320, nsentences=64, sample_size=320, sample_size_v1=0, sample_size_v2=0, ppl=5.13, wps=78.5, ups=0.25, wpb=320, bsz=64, num_updates=7850, lr=3.09562e-05, gnorm=7.873, clip=100, loss_scale=32, train_wall=40, gb_free=7.3, wall=44872
2023-04-09 02:11:20 - progress_bar.py[line:272] - INFO: epoch 005:    361 / 1878 loss=3.49, loss_v1=0, loss_v2=0, nll_loss=2.366, ntokens=320, nsentences=64, sample_size=320, sample_size_v1=0, sample_size_v2=0, ppl=5.15, wps=78.7, ups=0.25, wpb=320, bsz=64, num_updates=7860, lr=3.09278e-05, gnorm=9.622, clip=100, loss_scale=32, train_wall=40, gb_free=7.3, wall=44913
2023-04-09 02:12:01 - progress_bar.py[line:272] - INFO: epoch 005:    371 / 1878 loss=3.542, loss_v1=0, loss_v2=0, nll_loss=2.423, ntokens=320, nsentences=64, sample_size=320, sample_size_v1=0, sample_size_v2=0, ppl=5.36, wps=77.9, ups=0.24, wpb=320, bsz=64, num_updates=7870, lr=3.08995e-05, gnorm=10.292, clip=100, loss_scale=32, train_wall=41, gb_free=7.3, wall=44954
2023-04-09 02:12:42 - progress_bar.py[line:272] - INFO: epoch 005:    381 / 1878 loss=3.515, loss_v1=0, loss_v2=0, nll_loss=2.395, ntokens=320, nsentences=64, sample_size=320, sample_size_v1=0, sample_size_v2=0, ppl=5.26, wps=78.4, ups=0.24, wpb=320, bsz=64, num_updates=7880, lr=3.08712e-05, gnorm=9.415, clip=100, loss_scale=32, train_wall=41, gb_free=7.3, wall=44995
2023-04-09 02:13:23 - progress_bar.py[line:272] - INFO: epoch 005:    391 / 1878 loss=3.448, loss_v1=0, loss_v2=0, nll_loss=2.318, ntokens=320, nsentences=64, sample_size=320, sample_size_v1=0, sample_size_v2=0, ppl=4.99, wps=78.2, ups=0.24, wpb=320, bsz=64, num_updates=7890, lr=3.08429e-05, gnorm=9.135, clip=100, loss_scale=32, train_wall=41, gb_free=7.3, wall=45036
2023-04-09 02:14:04 - progress_bar.py[line:272] - INFO: epoch 005:    401 / 1878 loss=3.458, loss_v1=0, loss_v2=0, nll_loss=2.326, ntokens=320, nsentences=64, sample_size=320, sample_size_v1=0, sample_size_v2=0, ppl=5.01, wps=78.2, ups=0.24, wpb=320, bsz=64, num_updates=7900, lr=3.08145e-05, gnorm=9.014, clip=100, loss_scale=32, train_wall=41, gb_free=7.3, wall=45077
2023-04-09 02:14:44 - progress_bar.py[line:272] - INFO: epoch 005:    411 / 1878 loss=3.453, loss_v1=0, loss_v2=0, nll_loss=2.323, ntokens=320, nsentences=64, sample_size=320, sample_size_v1=0, sample_size_v2=0, ppl=5, wps=78.6, ups=0.25, wpb=320, bsz=64, num_updates=7910, lr=3.07862e-05, gnorm=9.248, clip=100, loss_scale=32, train_wall=41, gb_free=7.3, wall=45117
2023-04-09 02:15:25 - progress_bar.py[line:272] - INFO: epoch 005:    421 / 1878 loss=3.483, loss_v1=0, loss_v2=0, nll_loss=2.356, ntokens=320, nsentences=64, sample_size=320, sample_size_v1=0, sample_size_v2=0, ppl=5.12, wps=78.4, ups=0.24, wpb=320, bsz=64, num_updates=7920, lr=3.07579e-05, gnorm=9.508, clip=100, loss_scale=32, train_wall=41, gb_free=7.3, wall=45158
2023-04-09 02:16:06 - progress_bar.py[line:272] - INFO: epoch 005:    431 / 1878 loss=3.48, loss_v1=0, loss_v2=0, nll_loss=2.357, ntokens=320, nsentences=64, sample_size=320, sample_size_v1=0, sample_size_v2=0, ppl=5.12, wps=78.9, ups=0.25, wpb=320, bsz=64, num_updates=7930, lr=3.07296e-05, gnorm=10.083, clip=100, loss_scale=32, train_wall=40, gb_free=7.3, wall=45199
2023-04-09 02:16:46 - progress_bar.py[line:272] - INFO: epoch 005:    441 / 1878 loss=3.513, loss_v1=0, loss_v2=0, nll_loss=2.394, ntokens=320, nsentences=64, sample_size=320, sample_size_v1=0, sample_size_v2=0, ppl=5.25, wps=78.7, ups=0.25, wpb=320, bsz=64, num_updates=7940, lr=3.07013e-05, gnorm=8.873, clip=100, loss_scale=32, train_wall=40, gb_free=7.3, wall=45240
2023-04-09 02:17:27 - progress_bar.py[line:272] - INFO: epoch 005:    451 / 1878 loss=3.484, loss_v1=0, loss_v2=0, nll_loss=2.364, ntokens=320, nsentences=64, sample_size=320, sample_size_v1=0, sample_size_v2=0, ppl=5.15, wps=78, ups=0.24, wpb=320, bsz=64, num_updates=7950, lr=3.06729e-05, gnorm=8.576, clip=100, loss_scale=32, train_wall=41, gb_free=7.3, wall=45281
2023-04-09 02:18:08 - progress_bar.py[line:272] - INFO: epoch 005:    461 / 1878 loss=3.417, loss_v1=0, loss_v2=0, nll_loss=2.28, ntokens=320, nsentences=64, sample_size=320, sample_size_v1=0, sample_size_v2=0, ppl=4.86, wps=78.1, ups=0.24, wpb=320, bsz=64, num_updates=7960, lr=3.06446e-05, gnorm=9.445, clip=100, loss_scale=32, train_wall=41, gb_free=7.3, wall=45322
2023-04-09 02:18:49 - progress_bar.py[line:272] - INFO: epoch 005:    471 / 1878 loss=3.478, loss_v1=0, loss_v2=0, nll_loss=2.35, ntokens=320, nsentences=64, sample_size=320, sample_size_v1=0, sample_size_v2=0, ppl=5.1, wps=78.1, ups=0.24, wpb=320, bsz=64, num_updates=7970, lr=3.06163e-05, gnorm=9.249, clip=100, loss_scale=32, train_wall=41, gb_free=7.3, wall=45363
2023-04-09 02:19:30 - progress_bar.py[line:272] - INFO: epoch 005:    481 / 1878 loss=3.435, loss_v1=0, loss_v2=0, nll_loss=2.301, ntokens=320, nsentences=64, sample_size=320, sample_size_v1=0, sample_size_v2=0, ppl=4.93, wps=78.7, ups=0.25, wpb=320, bsz=64, num_updates=7980, lr=3.0588e-05, gnorm=9.199, clip=100, loss_scale=32, train_wall=40, gb_free=7.3, wall=45403
2023-04-09 02:20:11 - progress_bar.py[line:272] - INFO: epoch 005:    491 / 1878 loss=3.417, loss_v1=0, loss_v2=0, nll_loss=2.286, ntokens=320, nsentences=64, sample_size=320, sample_size_v1=0, sample_size_v2=0, ppl=4.88, wps=79, ups=0.25, wpb=320, bsz=64, num_updates=7990, lr=3.05596e-05, gnorm=8.948, clip=100, loss_scale=32, train_wall=40, gb_free=7.3, wall=45444
2023-04-09 02:20:51 - progress_bar.py[line:272] - INFO: epoch 005:    501 / 1878 loss=3.462, loss_v1=0, loss_v2=0, nll_loss=2.332, ntokens=320, nsentences=64, sample_size=320, sample_size_v1=0, sample_size_v2=0, ppl=5.03, wps=78.3, ups=0.24, wpb=320, bsz=64, num_updates=8000, lr=3.05313e-05, gnorm=9.52, clip=100, loss_scale=32, train_wall=41, gb_free=7.3, wall=45485
2023-04-09 02:20:51 - train.py[line:445] - INFO: begin validation on "valid" subset
slice_id 0 seek offset 0
slice_id 1 seek offset 5379
slice_id 0 seek offset 0
slice_id 1 seek offset 5379
2023-04-09 02:32:05 - progress_bar.py[line:282] - INFO: epoch 005 | valid on 'valid' subset | loss 4.791 | loss_v1 0 | loss_v2 0 | nll_loss 3.798 | ntokens 39.993 | nsentences 7.999 | sample_size 39.993 | sample_size_v1 0 | sample_size_v2 0 | ppl 13.91 | score 0.3852 | wps 79.9 | wpb 40 | bsz 8 | num_updates 8000 | best_score 0.4586
2023-04-09 02:32:05 - checkpoint_utils.py[line:64] - INFO: Preparing to save checkpoint for epoch 5 @ 8000 updates
2023-04-09 02:32:05 - trainer.py[line:431] - INFO: Saving checkpoint to ./refcocoplus_EC_checkpoints_exp2/10_5e-5_512/checkpoint_5_8000.pt
2023-04-09 02:32:26 - trainer.py[line:441] - INFO: Finished saving checkpoint to ./refcocoplus_EC_checkpoints_exp2/10_5e-5_512/checkpoint_5_8000.pt
2023-04-09 02:32:34 - checkpoint_utils.py[line:133] - INFO: Saved checkpoint ./refcocoplus_EC_checkpoints_exp2/10_5e-5_512/checkpoint_5_8000.pt (epoch 5 @ 8000 updates, score 0.3852) (writing took 29.04143972042948 seconds)
2023-04-09 02:33:14 - progress_bar.py[line:272] - INFO: epoch 005:    511 / 1878 loss=3.453, loss_v1=0, loss_v2=0, nll_loss=2.321, ntokens=320, nsentences=64, sample_size=320, sample_size_v1=0, sample_size_v2=0, ppl=5, wps=4.3, ups=0.01, wpb=320, bsz=64, num_updates=8010, lr=3.0503e-05, gnorm=8.463, clip=100, loss_scale=32, train_wall=40, gb_free=7.3, wall=46227
2023-04-09 02:33:55 - progress_bar.py[line:272] - INFO: epoch 005:    521 / 1878 loss=3.476, loss_v1=0, loss_v2=0, nll_loss=2.35, ntokens=320, nsentences=64, sample_size=320, sample_size_v1=0, sample_size_v2=0, ppl=5.1, wps=78.4, ups=0.25, wpb=320, bsz=64, num_updates=8020, lr=3.04747e-05, gnorm=9.236, clip=100, loss_scale=32, train_wall=40, gb_free=7.3, wall=46268
2023-04-09 02:34:35 - progress_bar.py[line:272] - INFO: epoch 005:    531 / 1878 loss=3.488, loss_v1=0, loss_v2=0, nll_loss=2.36, ntokens=320, nsentences=64, sample_size=320, sample_size_v1=0, sample_size_v2=0, ppl=5.13, wps=78.8, ups=0.25, wpb=320, bsz=64, num_updates=8030, lr=3.04464e-05, gnorm=9.32, clip=100, loss_scale=32, train_wall=40, gb_free=7.3, wall=46309
2023-04-09 02:35:16 - progress_bar.py[line:272] - INFO: epoch 005:    541 / 1878 loss=3.438, loss_v1=0, loss_v2=0, nll_loss=2.307, ntokens=320, nsentences=64, sample_size=320, sample_size_v1=0, sample_size_v2=0, ppl=4.95, wps=78.7, ups=0.25, wpb=320, bsz=64, num_updates=8040, lr=3.0418e-05, gnorm=10.553, clip=100, loss_scale=32, train_wall=40, gb_free=7.3, wall=46349
2023-04-09 02:35:57 - progress_bar.py[line:272] - INFO: epoch 005:    551 / 1878 loss=3.458, loss_v1=0, loss_v2=0, nll_loss=2.332, ntokens=320, nsentences=64, sample_size=320, sample_size_v1=0, sample_size_v2=0, ppl=5.03, wps=78.6, ups=0.25, wpb=320, bsz=64, num_updates=8050, lr=3.03897e-05, gnorm=8.682, clip=100, loss_scale=32, train_wall=40, gb_free=7.3, wall=46390
2023-04-09 02:36:38 - progress_bar.py[line:272] - INFO: epoch 005:    561 / 1878 loss=3.475, loss_v1=0, loss_v2=0, nll_loss=2.352, ntokens=320, nsentences=64, sample_size=320, sample_size_v1=0, sample_size_v2=0, ppl=5.1, wps=78.2, ups=0.24, wpb=320, bsz=64, num_updates=8060, lr=3.03614e-05, gnorm=9.692, clip=100, loss_scale=32, train_wall=41, gb_free=7.3, wall=46431
2023-04-09 02:37:18 - progress_bar.py[line:272] - INFO: epoch 005:    571 / 1878 loss=3.488, loss_v1=0, loss_v2=0, nll_loss=2.361, ntokens=320, nsentences=64, sample_size=320, sample_size_v1=0, sample_size_v2=0, ppl=5.14, wps=78.7, ups=0.25, wpb=320, bsz=64, num_updates=8070, lr=3.03331e-05, gnorm=8.968, clip=100, loss_scale=32, train_wall=40, gb_free=7.3, wall=46471
2023-04-09 02:37:59 - progress_bar.py[line:272] - INFO: epoch 005:    581 / 1878 loss=3.508, loss_v1=0, loss_v2=0, nll_loss=2.388, ntokens=320, nsentences=64, sample_size=320, sample_size_v1=0, sample_size_v2=0, ppl=5.23, wps=78.6, ups=0.25, wpb=320, bsz=64, num_updates=8080, lr=3.03047e-05, gnorm=9.874, clip=100, loss_scale=32, train_wall=41, gb_free=7.3, wall=46512
2023-04-09 02:38:40 - progress_bar.py[line:272] - INFO: epoch 005:    591 / 1878 loss=3.45, loss_v1=0, loss_v2=0, nll_loss=2.322, ntokens=320, nsentences=64, sample_size=320, sample_size_v1=0, sample_size_v2=0, ppl=5, wps=77.9, ups=0.24, wpb=320, bsz=64, num_updates=8090, lr=3.02764e-05, gnorm=11.245, clip=100, loss_scale=32, train_wall=41, gb_free=7.3, wall=46553
2023-04-09 02:39:21 - progress_bar.py[line:272] - INFO: epoch 005:    601 / 1878 loss=3.517, loss_v1=0, loss_v2=0, nll_loss=2.396, ntokens=320, nsentences=64, sample_size=320, sample_size_v1=0, sample_size_v2=0, ppl=5.26, wps=78.8, ups=0.25, wpb=320, bsz=64, num_updates=8100, lr=3.02481e-05, gnorm=9.669, clip=100, loss_scale=32, train_wall=40, gb_free=7.3, wall=46594
2023-04-09 02:40:01 - progress_bar.py[line:272] - INFO: epoch 005:    611 / 1878 loss=3.427, loss_v1=0, loss_v2=0, nll_loss=2.292, ntokens=320, nsentences=64, sample_size=320, sample_size_v1=0, sample_size_v2=0, ppl=4.9, wps=78.5, ups=0.25, wpb=320, bsz=64, num_updates=8110, lr=3.02198e-05, gnorm=8.395, clip=100, loss_scale=32, train_wall=40, gb_free=7.3, wall=46635
2023-04-09 02:40:42 - progress_bar.py[line:272] - INFO: epoch 005:    621 / 1878 loss=3.439, loss_v1=0, loss_v2=0, nll_loss=2.311, ntokens=320, nsentences=64, sample_size=320, sample_size_v1=0, sample_size_v2=0, ppl=4.96, wps=78.7, ups=0.25, wpb=320, bsz=64, num_updates=8120, lr=3.01915e-05, gnorm=9.167, clip=100, loss_scale=32, train_wall=40, gb_free=7.3, wall=46675
2023-04-09 02:41:23 - progress_bar.py[line:272] - INFO: epoch 005:    631 / 1878 loss=3.472, loss_v1=0, loss_v2=0, nll_loss=2.348, ntokens=320, nsentences=64, sample_size=320, sample_size_v1=0, sample_size_v2=0, ppl=5.09, wps=78.5, ups=0.25, wpb=320, bsz=64, num_updates=8130, lr=3.01631e-05, gnorm=9.391, clip=100, loss_scale=32, train_wall=41, gb_free=7.3, wall=46716
2023-04-09 02:42:03 - progress_bar.py[line:272] - INFO: epoch 005:    641 / 1878 loss=3.436, loss_v1=0, loss_v2=0, nll_loss=2.305, ntokens=320, nsentences=64, sample_size=320, sample_size_v1=0, sample_size_v2=0, ppl=4.94, wps=78.8, ups=0.25, wpb=320, bsz=64, num_updates=8140, lr=3.01348e-05, gnorm=8.528, clip=100, loss_scale=32, train_wall=40, gb_free=7.3, wall=46757
2023-04-09 02:42:44 - progress_bar.py[line:272] - INFO: epoch 005:    651 / 1878 loss=3.39, loss_v1=0, loss_v2=0, nll_loss=2.251, ntokens=320, nsentences=64, sample_size=320, sample_size_v1=0, sample_size_v2=0, ppl=4.76, wps=78.6, ups=0.25, wpb=320, bsz=64, num_updates=8150, lr=3.01065e-05, gnorm=9.509, clip=100, loss_scale=32, train_wall=40, gb_free=7.3, wall=46797
2023-04-09 02:43:25 - progress_bar.py[line:272] - INFO: epoch 005:    661 / 1878 loss=3.473, loss_v1=0, loss_v2=0, nll_loss=2.342, ntokens=320, nsentences=64, sample_size=320, sample_size_v1=0, sample_size_v2=0, ppl=5.07, wps=78.5, ups=0.25, wpb=320, bsz=64, num_updates=8160, lr=3.00782e-05, gnorm=10.748, clip=100, loss_scale=32, train_wall=41, gb_free=7.3, wall=46838
2023-04-09 02:44:06 - progress_bar.py[line:272] - INFO: epoch 005:    671 / 1878 loss=3.471, loss_v1=0, loss_v2=0, nll_loss=2.344, ntokens=320, nsentences=64, sample_size=320, sample_size_v1=0, sample_size_v2=0, ppl=5.08, wps=78.6, ups=0.25, wpb=320, bsz=64, num_updates=8170, lr=3.00498e-05, gnorm=9.644, clip=100, loss_scale=32, train_wall=40, gb_free=7.3, wall=46879
2023-04-09 02:44:46 - progress_bar.py[line:272] - INFO: epoch 005:    681 / 1878 loss=3.503, loss_v1=0, loss_v2=0, nll_loss=2.384, ntokens=320, nsentences=64, sample_size=320, sample_size_v1=0, sample_size_v2=0, ppl=5.22, wps=78.6, ups=0.25, wpb=320, bsz=64, num_updates=8180, lr=3.00215e-05, gnorm=10.008, clip=100, loss_scale=32, train_wall=40, gb_free=7.3, wall=46920
2023-04-09 02:45:27 - progress_bar.py[line:272] - INFO: epoch 005:    691 / 1878 loss=3.48, loss_v1=0, loss_v2=0, nll_loss=2.358, ntokens=320, nsentences=64, sample_size=320, sample_size_v1=0, sample_size_v2=0, ppl=5.13, wps=78.4, ups=0.25, wpb=320, bsz=64, num_updates=8190, lr=2.99932e-05, gnorm=8.406, clip=100, loss_scale=32, train_wall=41, gb_free=7.3, wall=46960
2023-04-09 02:46:08 - progress_bar.py[line:272] - INFO: epoch 005:    701 / 1878 loss=3.44, loss_v1=0, loss_v2=0, nll_loss=2.309, ntokens=320, nsentences=64, sample_size=320, sample_size_v1=0, sample_size_v2=0, ppl=4.96, wps=77.8, ups=0.24, wpb=320, bsz=64, num_updates=8200, lr=2.99649e-05, gnorm=8.386, clip=100, loss_scale=32, train_wall=41, gb_free=7.3, wall=47002
2023-04-09 02:46:49 - progress_bar.py[line:272] - INFO: epoch 005:    711 / 1878 loss=3.422, loss_v1=0, loss_v2=0, nll_loss=2.288, ntokens=320, nsentences=64, sample_size=320, sample_size_v1=0, sample_size_v2=0, ppl=4.88, wps=77.8, ups=0.24, wpb=320, bsz=64, num_updates=8210, lr=2.99366e-05, gnorm=10.495, clip=100, loss_scale=32, train_wall=41, gb_free=7.3, wall=47043
2023-04-09 02:47:31 - progress_bar.py[line:272] - INFO: epoch 005:    721 / 1878 loss=3.399, loss_v1=0, loss_v2=0, nll_loss=2.26, ntokens=320, nsentences=64, sample_size=320, sample_size_v1=0, sample_size_v2=0, ppl=4.79, wps=78, ups=0.24, wpb=320, bsz=64, num_updates=8220, lr=2.99082e-05, gnorm=10.022, clip=100, loss_scale=32, train_wall=41, gb_free=7.3, wall=47084
2023-04-09 02:48:11 - progress_bar.py[line:272] - INFO: epoch 005:    731 / 1878 loss=3.41, loss_v1=0, loss_v2=0, nll_loss=2.272, ntokens=320, nsentences=64, sample_size=320, sample_size_v1=0, sample_size_v2=0, ppl=4.83, wps=78.2, ups=0.24, wpb=320, bsz=64, num_updates=8230, lr=2.98799e-05, gnorm=8.673, clip=100, loss_scale=32, train_wall=41, gb_free=7.3, wall=47125
2023-04-09 02:48:52 - progress_bar.py[line:272] - INFO: epoch 005:    741 / 1878 loss=3.422, loss_v1=0, loss_v2=0, nll_loss=2.291, ntokens=320, nsentences=64, sample_size=320, sample_size_v1=0, sample_size_v2=0, ppl=4.89, wps=78.6, ups=0.25, wpb=320, bsz=64, num_updates=8240, lr=2.98516e-05, gnorm=8.825, clip=100, loss_scale=32, train_wall=41, gb_free=7.3, wall=47165
2023-04-09 02:49:33 - progress_bar.py[line:272] - INFO: epoch 005:    751 / 1878 loss=3.378, loss_v1=0, loss_v2=0, nll_loss=2.236, ntokens=320, nsentences=64, sample_size=320, sample_size_v1=0, sample_size_v2=0, ppl=4.71, wps=78.4, ups=0.25, wpb=320, bsz=64, num_updates=8250, lr=2.98233e-05, gnorm=8.001, clip=100, loss_scale=64, train_wall=41, gb_free=7.3, wall=47206
2023-04-09 02:50:14 - progress_bar.py[line:272] - INFO: epoch 005:    761 / 1878 loss=3.338, loss_v1=0, loss_v2=0, nll_loss=2.193, ntokens=320, nsentences=64, sample_size=320, sample_size_v1=0, sample_size_v2=0, ppl=4.57, wps=78.2, ups=0.24, wpb=320, bsz=64, num_updates=8260, lr=2.97949e-05, gnorm=8.549, clip=100, loss_scale=64, train_wall=41, gb_free=7.3, wall=47247
2023-04-09 02:50:55 - progress_bar.py[line:272] - INFO: epoch 005:    771 / 1878 loss=3.4, loss_v1=0, loss_v2=0, nll_loss=2.261, ntokens=320, nsentences=64, sample_size=320, sample_size_v1=0, sample_size_v2=0, ppl=4.79, wps=77.7, ups=0.24, wpb=320, bsz=64, num_updates=8270, lr=2.97666e-05, gnorm=9.607, clip=100, loss_scale=64, train_wall=41, gb_free=7.3, wall=47288
2023-04-09 02:51:36 - progress_bar.py[line:272] - INFO: epoch 005:    781 / 1878 loss=3.389, loss_v1=0, loss_v2=0, nll_loss=2.245, ntokens=320, nsentences=64, sample_size=320, sample_size_v1=0, sample_size_v2=0, ppl=4.74, wps=77.9, ups=0.24, wpb=320, bsz=64, num_updates=8280, lr=2.97383e-05, gnorm=8.604, clip=100, loss_scale=64, train_wall=41, gb_free=7.3, wall=47329
2023-04-09 02:52:17 - progress_bar.py[line:272] - INFO: epoch 005:    791 / 1878 loss=3.445, loss_v1=0, loss_v2=0, nll_loss=2.312, ntokens=320, nsentences=64, sample_size=320, sample_size_v1=0, sample_size_v2=0, ppl=4.97, wps=78.6, ups=0.25, wpb=320, bsz=64, num_updates=8290, lr=2.971e-05, gnorm=8.784, clip=100, loss_scale=64, train_wall=40, gb_free=7.3, wall=47370
2023-04-09 02:52:58 - progress_bar.py[line:272] - INFO: epoch 005:    801 / 1878 loss=3.384, loss_v1=0, loss_v2=0, nll_loss=2.246, ntokens=320, nsentences=64, sample_size=320, sample_size_v1=0, sample_size_v2=0, ppl=4.74, wps=78.6, ups=0.25, wpb=320, bsz=64, num_updates=8300, lr=2.96817e-05, gnorm=8.007, clip=100, loss_scale=64, train_wall=40, gb_free=7.3, wall=47411
2023-04-09 02:53:39 - progress_bar.py[line:272] - INFO: epoch 005:    811 / 1878 loss=3.377, loss_v1=0, loss_v2=0, nll_loss=2.233, ntokens=320, nsentences=64, sample_size=320, sample_size_v1=0, sample_size_v2=0, ppl=4.7, wps=78.1, ups=0.24, wpb=320, bsz=64, num_updates=8310, lr=2.96533e-05, gnorm=8.834, clip=100, loss_scale=64, train_wall=41, gb_free=7.3, wall=47452
2023-04-09 02:54:20 - progress_bar.py[line:272] - INFO: epoch 005:    821 / 1878 loss=3.355, loss_v1=0, loss_v2=0, nll_loss=2.209, ntokens=320, nsentences=64, sample_size=320, sample_size_v1=0, sample_size_v2=0, ppl=4.62, wps=78.2, ups=0.24, wpb=320, bsz=64, num_updates=8320, lr=2.9625e-05, gnorm=8.065, clip=100, loss_scale=64, train_wall=41, gb_free=7.3, wall=47493
2023-04-09 02:55:01 - progress_bar.py[line:272] - INFO: epoch 005:    831 / 1878 loss=3.425, loss_v1=0, loss_v2=0, nll_loss=2.288, ntokens=320, nsentences=64, sample_size=320, sample_size_v1=0, sample_size_v2=0, ppl=4.88, wps=78, ups=0.24, wpb=320, bsz=64, num_updates=8330, lr=2.95967e-05, gnorm=9.394, clip=100, loss_scale=64, train_wall=41, gb_free=7.3, wall=47534
2023-04-09 02:55:41 - progress_bar.py[line:272] - INFO: epoch 005:    841 / 1878 loss=3.388, loss_v1=0, loss_v2=0, nll_loss=2.248, ntokens=320, nsentences=64, sample_size=320, sample_size_v1=0, sample_size_v2=0, ppl=4.75, wps=78.3, ups=0.24, wpb=320, bsz=64, num_updates=8340, lr=2.95684e-05, gnorm=9.118, clip=100, loss_scale=64, train_wall=41, gb_free=7.3, wall=47575
2023-04-09 02:56:22 - progress_bar.py[line:272] - INFO: epoch 005:    851 / 1878 loss=3.394, loss_v1=0, loss_v2=0, nll_loss=2.258, ntokens=320, nsentences=64, sample_size=320, sample_size_v1=0, sample_size_v2=0, ppl=4.78, wps=78.9, ups=0.25, wpb=320, bsz=64, num_updates=8350, lr=2.954e-05, gnorm=8.877, clip=100, loss_scale=64, train_wall=40, gb_free=7.3, wall=47615
2023-04-09 02:57:03 - progress_bar.py[line:272] - INFO: epoch 005:    861 / 1878 loss=3.4, loss_v1=0, loss_v2=0, nll_loss=2.263, ntokens=320, nsentences=64, sample_size=320, sample_size_v1=0, sample_size_v2=0, ppl=4.8, wps=79, ups=0.25, wpb=320, bsz=64, num_updates=8360, lr=2.95117e-05, gnorm=8.628, clip=100, loss_scale=64, train_wall=40, gb_free=7.3, wall=47656
2023-04-09 02:57:43 - progress_bar.py[line:272] - INFO: epoch 005:    871 / 1878 loss=3.418, loss_v1=0, loss_v2=0, nll_loss=2.281, ntokens=320, nsentences=64, sample_size=320, sample_size_v1=0, sample_size_v2=0, ppl=4.86, wps=78.4, ups=0.24, wpb=320, bsz=64, num_updates=8370, lr=2.94834e-05, gnorm=8.807, clip=100, loss_scale=64, train_wall=41, gb_free=7.3, wall=47697
2023-04-09 02:58:24 - progress_bar.py[line:272] - INFO: epoch 005:    881 / 1878 loss=3.382, loss_v1=0, loss_v2=0, nll_loss=2.242, ntokens=320, nsentences=64, sample_size=320, sample_size_v1=0, sample_size_v2=0, ppl=4.73, wps=78.3, ups=0.24, wpb=320, bsz=64, num_updates=8380, lr=2.94551e-05, gnorm=8.939, clip=100, loss_scale=64, train_wall=41, gb_free=7.3, wall=47737
2023-04-09 02:59:05 - progress_bar.py[line:272] - INFO: epoch 005:    891 / 1878 loss=3.388, loss_v1=0, loss_v2=0, nll_loss=2.248, ntokens=320, nsentences=64, sample_size=320, sample_size_v1=0, sample_size_v2=0, ppl=4.75, wps=78.6, ups=0.25, wpb=320, bsz=64, num_updates=8390, lr=2.94268e-05, gnorm=9.328, clip=100, loss_scale=64, train_wall=40, gb_free=7.3, wall=47778
2023-04-09 02:59:46 - progress_bar.py[line:272] - INFO: epoch 005:    901 / 1878 loss=3.338, loss_v1=0, loss_v2=0, nll_loss=2.189, ntokens=320, nsentences=64, sample_size=320, sample_size_v1=0, sample_size_v2=0, ppl=4.56, wps=78.8, ups=0.25, wpb=320, bsz=64, num_updates=8400, lr=2.93984e-05, gnorm=8.6, clip=100, loss_scale=64, train_wall=40, gb_free=7.3, wall=47819
2023-04-09 03:00:26 - progress_bar.py[line:272] - INFO: epoch 005:    911 / 1878 loss=3.437, loss_v1=0, loss_v2=0, nll_loss=2.303, ntokens=320, nsentences=64, sample_size=320, sample_size_v1=0, sample_size_v2=0, ppl=4.93, wps=78.8, ups=0.25, wpb=320, bsz=64, num_updates=8410, lr=2.93701e-05, gnorm=9.459, clip=100, loss_scale=64, train_wall=40, gb_free=7.3, wall=47859
2023-04-09 03:01:07 - progress_bar.py[line:272] - INFO: epoch 005:    921 / 1878 loss=3.354, loss_v1=0, loss_v2=0, nll_loss=2.212, ntokens=320, nsentences=64, sample_size=320, sample_size_v1=0, sample_size_v2=0, ppl=4.63, wps=78.6, ups=0.25, wpb=320, bsz=64, num_updates=8420, lr=2.93418e-05, gnorm=8.227, clip=100, loss_scale=64, train_wall=40, gb_free=7.3, wall=47900
2023-04-09 03:01:48 - progress_bar.py[line:272] - INFO: epoch 005:    931 / 1878 loss=3.412, loss_v1=0, loss_v2=0, nll_loss=2.273, ntokens=320, nsentences=64, sample_size=320, sample_size_v1=0, sample_size_v2=0, ppl=4.83, wps=78.2, ups=0.24, wpb=320, bsz=64, num_updates=8430, lr=2.93135e-05, gnorm=8.42, clip=100, loss_scale=64, train_wall=41, gb_free=7.3, wall=47941
2023-04-09 03:02:29 - progress_bar.py[line:272] - INFO: epoch 005:    941 / 1878 loss=3.391, loss_v1=0, loss_v2=0, nll_loss=2.252, ntokens=320, nsentences=64, sample_size=320, sample_size_v1=0, sample_size_v2=0, ppl=4.76, wps=78.5, ups=0.25, wpb=320, bsz=64, num_updates=8440, lr=2.92851e-05, gnorm=8.184, clip=100, loss_scale=64, train_wall=41, gb_free=7.3, wall=47982
2023-04-09 03:03:09 - progress_bar.py[line:272] - INFO: epoch 005:    951 / 1878 loss=3.366, loss_v1=0, loss_v2=0, nll_loss=2.224, ntokens=320, nsentences=64, sample_size=320, sample_size_v1=0, sample_size_v2=0, ppl=4.67, wps=78.7, ups=0.25, wpb=320, bsz=64, num_updates=8450, lr=2.92568e-05, gnorm=8.178, clip=100, loss_scale=64, train_wall=40, gb_free=7.3, wall=48022
2023-04-09 03:03:50 - progress_bar.py[line:272] - INFO: epoch 005:    961 / 1878 loss=3.367, loss_v1=0, loss_v2=0, nll_loss=2.226, ntokens=320, nsentences=64, sample_size=320, sample_size_v1=0, sample_size_v2=0, ppl=4.68, wps=78.9, ups=0.25, wpb=320, bsz=64, num_updates=8460, lr=2.92285e-05, gnorm=8.405, clip=100, loss_scale=64, train_wall=40, gb_free=7.3, wall=48063
2023-04-09 03:04:31 - progress_bar.py[line:272] - INFO: epoch 005:    971 / 1878 loss=3.36, loss_v1=0, loss_v2=0, nll_loss=2.218, ntokens=320, nsentences=64, sample_size=320, sample_size_v1=0, sample_size_v2=0, ppl=4.65, wps=78.2, ups=0.24, wpb=320, bsz=64, num_updates=8470, lr=2.92002e-05, gnorm=8.797, clip=100, loss_scale=64, train_wall=41, gb_free=7.3, wall=48104
2023-04-09 03:05:12 - progress_bar.py[line:272] - INFO: epoch 005:    981 / 1878 loss=3.348, loss_v1=0, loss_v2=0, nll_loss=2.205, ntokens=320, nsentences=64, sample_size=320, sample_size_v1=0, sample_size_v2=0, ppl=4.61, wps=77.5, ups=0.24, wpb=320, bsz=64, num_updates=8480, lr=2.91719e-05, gnorm=8.377, clip=100, loss_scale=64, train_wall=41, gb_free=7.3, wall=48145
2023-04-09 03:05:53 - progress_bar.py[line:272] - INFO: epoch 005:    991 / 1878 loss=3.378, loss_v1=0, loss_v2=0, nll_loss=2.238, ntokens=320, nsentences=64, sample_size=320, sample_size_v1=0, sample_size_v2=0, ppl=4.72, wps=78.2, ups=0.24, wpb=320, bsz=64, num_updates=8490, lr=2.91435e-05, gnorm=8.61, clip=100, loss_scale=64, train_wall=41, gb_free=7.3, wall=48186
slice_id 1 seek offset 5379
2023-04-09 03:06:34 - progress_bar.py[line:272] - INFO: epoch 005:   1001 / 1878 loss=3.433, loss_v1=0, loss_v2=0, nll_loss=2.295, ntokens=320, nsentences=64, sample_size=320, sample_size_v1=0, sample_size_v2=0, ppl=4.91, wps=78.5, ups=0.25, wpb=320, bsz=64, num_updates=8500, lr=2.91152e-05, gnorm=9.148, clip=100, loss_scale=64, train_wall=41, gb_free=7.3, wall=48227
2023-04-09 03:06:34 - train.py[line:445] - INFO: begin validation on "valid" subset
slice_id 0 seek offset 0
slice_id 1 seek offset 5379
slice_id 0 seek offset 0
2023-04-09 03:17:46 - progress_bar.py[line:282] - INFO: epoch 005 | valid on 'valid' subset | loss 4.856 | loss_v1 0 | loss_v2 0 | nll_loss 3.869 | ntokens 39.993 | nsentences 7.999 | sample_size 39.993 | sample_size_v1 0 | sample_size_v2 0 | ppl 14.61 | score 0.3935 | wps 80 | wpb 40 | bsz 8 | num_updates 8500 | best_score 0.4586
2023-04-09 03:17:46 - checkpoint_utils.py[line:64] - INFO: Preparing to save checkpoint for epoch 5 @ 8500 updates
2023-04-09 03:17:46 - trainer.py[line:431] - INFO: Saving checkpoint to ./refcocoplus_EC_checkpoints_exp2/10_5e-5_512/checkpoint_5_8500.pt
2023-04-09 03:18:05 - trainer.py[line:441] - INFO: Finished saving checkpoint to ./refcocoplus_EC_checkpoints_exp2/10_5e-5_512/checkpoint_5_8500.pt
2023-04-09 03:18:14 - checkpoint_utils.py[line:133] - INFO: Saved checkpoint ./refcocoplus_EC_checkpoints_exp2/10_5e-5_512/checkpoint_5_8500.pt (epoch 5 @ 8500 updates, score 0.3935) (writing took 27.892447844147682 seconds)
2023-04-09 03:18:55 - progress_bar.py[line:272] - INFO: epoch 005:   1011 / 1878 loss=3.385, loss_v1=0, loss_v2=0, nll_loss=2.246, ntokens=320, nsentences=64, sample_size=320, sample_size_v1=0, sample_size_v2=0, ppl=4.74, wps=4.3, ups=0.01, wpb=320, bsz=64, num_updates=8510, lr=2.90869e-05, gnorm=9.624, clip=100, loss_scale=64, train_wall=40, gb_free=7.3, wall=48968
2023-04-09 03:19:36 - progress_bar.py[line:272] - INFO: epoch 005:   1021 / 1878 loss=3.425, loss_v1=0, loss_v2=0, nll_loss=2.296, ntokens=320, nsentences=64, sample_size=320, sample_size_v1=0, sample_size_v2=0, ppl=4.91, wps=78, ups=0.24, wpb=320, bsz=64, num_updates=8520, lr=2.90586e-05, gnorm=9.615, clip=100, loss_scale=64, train_wall=41, gb_free=7.3, wall=49009
2023-04-09 03:20:16 - progress_bar.py[line:272] - INFO: epoch 005:   1031 / 1878 loss=3.371, loss_v1=0, loss_v2=0, nll_loss=2.232, ntokens=320, nsentences=64, sample_size=320, sample_size_v1=0, sample_size_v2=0, ppl=4.7, wps=78.9, ups=0.25, wpb=320, bsz=64, num_updates=8530, lr=2.90302e-05, gnorm=8.049, clip=100, loss_scale=64, train_wall=40, gb_free=7.3, wall=49049
2023-04-09 03:20:57 - progress_bar.py[line:272] - INFO: epoch 005:   1041 / 1878 loss=3.373, loss_v1=0, loss_v2=0, nll_loss=2.233, ntokens=320, nsentences=64, sample_size=320, sample_size_v1=0, sample_size_v2=0, ppl=4.7, wps=78.5, ups=0.25, wpb=320, bsz=64, num_updates=8540, lr=2.90019e-05, gnorm=8.603, clip=100, loss_scale=64, train_wall=40, gb_free=7.3, wall=49090
2023-04-09 03:21:38 - progress_bar.py[line:272] - INFO: epoch 005:   1051 / 1878 loss=3.417, loss_v1=0, loss_v2=0, nll_loss=2.281, ntokens=320, nsentences=64, sample_size=320, sample_size_v1=0, sample_size_v2=0, ppl=4.86, wps=78.8, ups=0.25, wpb=320, bsz=64, num_updates=8550, lr=2.89736e-05, gnorm=8.619, clip=100, loss_scale=64, train_wall=40, gb_free=7.3, wall=49131
2023-04-09 03:22:19 - progress_bar.py[line:272] - INFO: epoch 005:   1061 / 1878 loss=3.364, loss_v1=0, loss_v2=0, nll_loss=2.22, ntokens=320, nsentences=64, sample_size=320, sample_size_v1=0, sample_size_v2=0, ppl=4.66, wps=77.9, ups=0.24, wpb=320, bsz=64, num_updates=8560, lr=2.89453e-05, gnorm=8.213, clip=100, loss_scale=64, train_wall=41, gb_free=7.3, wall=49172
2023-04-09 03:23:00 - progress_bar.py[line:272] - INFO: epoch 005:   1071 / 1878 loss=3.366, loss_v1=0, loss_v2=0, nll_loss=2.224, ntokens=320, nsentences=64, sample_size=320, sample_size_v1=0, sample_size_v2=0, ppl=4.67, wps=78.5, ups=0.25, wpb=320, bsz=64, num_updates=8570, lr=2.8917e-05, gnorm=8.92, clip=100, loss_scale=64, train_wall=41, gb_free=7.3, wall=49213
2023-04-09 03:23:40 - progress_bar.py[line:272] - INFO: epoch 005:   1081 / 1878 loss=3.415, loss_v1=0, loss_v2=0, nll_loss=2.279, ntokens=320, nsentences=64, sample_size=320, sample_size_v1=0, sample_size_v2=0, ppl=4.85, wps=78.2, ups=0.24, wpb=320, bsz=64, num_updates=8580, lr=2.88886e-05, gnorm=10.255, clip=100, loss_scale=64, train_wall=41, gb_free=7.3, wall=49254
2023-04-09 03:24:21 - progress_bar.py[line:272] - INFO: epoch 005:   1091 / 1878 loss=3.342, loss_v1=0, loss_v2=0, nll_loss=2.198, ntokens=320, nsentences=64, sample_size=320, sample_size_v1=0, sample_size_v2=0, ppl=4.59, wps=78.5, ups=0.25, wpb=320, bsz=64, num_updates=8590, lr=2.88603e-05, gnorm=8.435, clip=100, loss_scale=64, train_wall=41, gb_free=7.3, wall=49294
2023-04-09 03:25:02 - progress_bar.py[line:272] - INFO: epoch 005:   1101 / 1878 loss=3.387, loss_v1=0, loss_v2=0, nll_loss=2.245, ntokens=320, nsentences=64, sample_size=320, sample_size_v1=0, sample_size_v2=0, ppl=4.74, wps=78.3, ups=0.24, wpb=320, bsz=64, num_updates=8600, lr=2.8832e-05, gnorm=8.963, clip=100, loss_scale=64, train_wall=41, gb_free=7.3, wall=49335
2023-04-09 03:25:43 - progress_bar.py[line:272] - INFO: epoch 005:   1111 / 1878 loss=3.388, loss_v1=0, loss_v2=0, nll_loss=2.255, ntokens=320, nsentences=64, sample_size=320, sample_size_v1=0, sample_size_v2=0, ppl=4.77, wps=78.3, ups=0.24, wpb=320, bsz=64, num_updates=8610, lr=2.88037e-05, gnorm=9.034, clip=100, loss_scale=64, train_wall=41, gb_free=7.3, wall=49376
2023-04-09 03:26:24 - progress_bar.py[line:272] - INFO: epoch 005:   1121 / 1878 loss=3.348, loss_v1=0, loss_v2=0, nll_loss=2.204, ntokens=320, nsentences=64, sample_size=320, sample_size_v1=0, sample_size_v2=0, ppl=4.61, wps=78.3, ups=0.24, wpb=320, bsz=64, num_updates=8620, lr=2.87753e-05, gnorm=9.142, clip=100, loss_scale=64, train_wall=41, gb_free=7.3, wall=49417
2023-04-09 03:27:05 - progress_bar.py[line:272] - INFO: epoch 005:   1131 / 1878 loss=3.349, loss_v1=0, loss_v2=0, nll_loss=2.199, ntokens=320, nsentences=64, sample_size=320, sample_size_v1=0, sample_size_v2=0, ppl=4.59, wps=77.7, ups=0.24, wpb=320, bsz=64, num_updates=8630, lr=2.8747e-05, gnorm=8.357, clip=100, loss_scale=64, train_wall=41, gb_free=7.3, wall=49458
2023-04-09 03:27:46 - progress_bar.py[line:272] - INFO: epoch 005:   1141 / 1878 loss=3.375, loss_v1=0, loss_v2=0, nll_loss=2.232, ntokens=320, nsentences=64, sample_size=320, sample_size_v1=0, sample_size_v2=0, ppl=4.7, wps=78.4, ups=0.25, wpb=320, bsz=64, num_updates=8640, lr=2.87187e-05, gnorm=8.59, clip=100, loss_scale=64, train_wall=41, gb_free=7.3, wall=49499
2023-04-09 03:28:27 - progress_bar.py[line:272] - INFO: epoch 005:   1151 / 1878 loss=3.416, loss_v1=0, loss_v2=0, nll_loss=2.283, ntokens=320, nsentences=64, sample_size=320, sample_size_v1=0, sample_size_v2=0, ppl=4.87, wps=77.9, ups=0.24, wpb=320, bsz=64, num_updates=8650, lr=2.86904e-05, gnorm=8.81, clip=100, loss_scale=64, train_wall=41, gb_free=7.3, wall=49540
2023-04-09 03:29:08 - progress_bar.py[line:272] - INFO: epoch 005:   1161 / 1878 loss=3.39, loss_v1=0, loss_v2=0, nll_loss=2.25, ntokens=320, nsentences=64, sample_size=320, sample_size_v1=0, sample_size_v2=0, ppl=4.76, wps=78.4, ups=0.24, wpb=320, bsz=64, num_updates=8660, lr=2.86621e-05, gnorm=8.272, clip=100, loss_scale=64, train_wall=41, gb_free=7.3, wall=49581
2023-04-09 03:29:48 - progress_bar.py[line:272] - INFO: epoch 005:   1171 / 1878 loss=3.387, loss_v1=0, loss_v2=0, nll_loss=2.245, ntokens=320, nsentences=64, sample_size=320, sample_size_v1=0, sample_size_v2=0, ppl=4.74, wps=78.5, ups=0.25, wpb=320, bsz=64, num_updates=8670, lr=2.86337e-05, gnorm=8.968, clip=100, loss_scale=64, train_wall=41, gb_free=7.3, wall=49622
2023-04-09 03:30:29 - progress_bar.py[line:272] - INFO: epoch 005:   1181 / 1878 loss=3.392, loss_v1=0, loss_v2=0, nll_loss=2.254, ntokens=320, nsentences=64, sample_size=320, sample_size_v1=0, sample_size_v2=0, ppl=4.77, wps=78.5, ups=0.25, wpb=320, bsz=64, num_updates=8680, lr=2.86054e-05, gnorm=9.854, clip=100, loss_scale=64, train_wall=41, gb_free=7.3, wall=49662
2023-04-09 03:31:10 - progress_bar.py[line:272] - INFO: epoch 005:   1191 / 1878 loss=3.399, loss_v1=0, loss_v2=0, nll_loss=2.26, ntokens=320, nsentences=64, sample_size=320, sample_size_v1=0, sample_size_v2=0, ppl=4.79, wps=78.4, ups=0.25, wpb=320, bsz=64, num_updates=8690, lr=2.85771e-05, gnorm=8.379, clip=100, loss_scale=64, train_wall=41, gb_free=7.3, wall=49703
2023-04-09 03:31:51 - progress_bar.py[line:272] - INFO: epoch 005:   1201 / 1878 loss=3.372, loss_v1=0, loss_v2=0, nll_loss=2.232, ntokens=320, nsentences=64, sample_size=320, sample_size_v1=0, sample_size_v2=0, ppl=4.7, wps=78.3, ups=0.24, wpb=320, bsz=64, num_updates=8700, lr=2.85488e-05, gnorm=9.214, clip=100, loss_scale=64, train_wall=41, gb_free=7.3, wall=49744
2023-04-09 03:32:32 - progress_bar.py[line:272] - INFO: epoch 005:   1211 / 1878 loss=3.336, loss_v1=0, loss_v2=0, nll_loss=2.193, ntokens=320, nsentences=64, sample_size=320, sample_size_v1=0, sample_size_v2=0, ppl=4.57, wps=78.3, ups=0.24, wpb=320, bsz=64, num_updates=8710, lr=2.85204e-05, gnorm=9.317, clip=100, loss_scale=64, train_wall=41, gb_free=7.3, wall=49785
2023-04-09 03:33:13 - progress_bar.py[line:272] - INFO: epoch 005:   1221 / 1878 loss=3.323, loss_v1=0, loss_v2=0, nll_loss=2.173, ntokens=320, nsentences=64, sample_size=320, sample_size_v1=0, sample_size_v2=0, ppl=4.51, wps=78.2, ups=0.24, wpb=320, bsz=64, num_updates=8720, lr=2.84921e-05, gnorm=8.526, clip=100, loss_scale=64, train_wall=41, gb_free=7.3, wall=49826
2023-04-09 03:33:54 - progress_bar.py[line:272] - INFO: epoch 005:   1231 / 1878 loss=3.366, loss_v1=0, loss_v2=0, nll_loss=2.222, ntokens=320, nsentences=64, sample_size=320, sample_size_v1=0, sample_size_v2=0, ppl=4.66, wps=78.2, ups=0.24, wpb=320, bsz=64, num_updates=8730, lr=2.84638e-05, gnorm=9.511, clip=100, loss_scale=64, train_wall=41, gb_free=7.3, wall=49867
2023-04-09 03:34:35 - progress_bar.py[line:272] - INFO: epoch 005:   1241 / 1878 loss=3.315, loss_v1=0, loss_v2=0, nll_loss=2.167, ntokens=320, nsentences=64, sample_size=320, sample_size_v1=0, sample_size_v2=0, ppl=4.49, wps=78.1, ups=0.24, wpb=320, bsz=64, num_updates=8740, lr=2.84355e-05, gnorm=7.805, clip=100, loss_scale=64, train_wall=41, gb_free=7.3, wall=49908
2023-04-09 03:35:15 - progress_bar.py[line:272] - INFO: epoch 005:   1251 / 1878 loss=3.346, loss_v1=0, loss_v2=0, nll_loss=2.197, ntokens=320, nsentences=64, sample_size=320, sample_size_v1=0, sample_size_v2=0, ppl=4.59, wps=78.6, ups=0.25, wpb=320, bsz=64, num_updates=8750, lr=2.84072e-05, gnorm=8.218, clip=100, loss_scale=64, train_wall=40, gb_free=7.3, wall=49949
2023-04-09 03:35:56 - progress_bar.py[line:272] - INFO: epoch 005:   1261 / 1878 loss=3.361, loss_v1=0, loss_v2=0, nll_loss=2.216, ntokens=320, nsentences=64, sample_size=320, sample_size_v1=0, sample_size_v2=0, ppl=4.64, wps=78.8, ups=0.25, wpb=320, bsz=64, num_updates=8760, lr=2.83788e-05, gnorm=8.937, clip=100, loss_scale=128, train_wall=40, gb_free=7.3, wall=49989
2023-04-09 03:36:12 - trainer.py[line:921] - INFO: NOTE: gradient overflow detected, ignoring gradient, setting loss scale to: 64.0
2023-04-09 03:36:41 - progress_bar.py[line:272] - INFO: epoch 005:   1272 / 1878 loss=3.337, loss_v1=0, loss_v2=0, nll_loss=2.191, ntokens=320, nsentences=64, sample_size=320, sample_size_v1=0, sample_size_v2=0, ppl=4.57, wps=71.4, ups=0.22, wpb=320, bsz=64, num_updates=8770, lr=2.83505e-05, gnorm=8.583, clip=100, loss_scale=64, train_wall=45, gb_free=7.3, wall=50034
2023-04-09 03:37:21 - progress_bar.py[line:272] - INFO: epoch 005:   1282 / 1878 loss=3.314, loss_v1=0, loss_v2=0, nll_loss=2.164, ntokens=320, nsentences=64, sample_size=320, sample_size_v1=0, sample_size_v2=0, ppl=4.48, wps=79, ups=0.25, wpb=320, bsz=64, num_updates=8780, lr=2.83222e-05, gnorm=10.354, clip=100, loss_scale=64, train_wall=40, gb_free=7.3, wall=50074
2023-04-09 03:38:02 - progress_bar.py[line:272] - INFO: epoch 005:   1292 / 1878 loss=3.351, loss_v1=0, loss_v2=0, nll_loss=2.204, ntokens=320, nsentences=64, sample_size=320, sample_size_v1=0, sample_size_v2=0, ppl=4.61, wps=78.7, ups=0.25, wpb=320, bsz=64, num_updates=8790, lr=2.82939e-05, gnorm=9.709, clip=100, loss_scale=64, train_wall=40, gb_free=7.3, wall=50115
2023-04-09 03:38:43 - progress_bar.py[line:272] - INFO: epoch 005:   1302 / 1878 loss=3.305, loss_v1=0, loss_v2=0, nll_loss=2.155, ntokens=320, nsentences=64, sample_size=320, sample_size_v1=0, sample_size_v2=0, ppl=4.45, wps=78.6, ups=0.25, wpb=320, bsz=64, num_updates=8800, lr=2.82655e-05, gnorm=8.002, clip=100, loss_scale=64, train_wall=40, gb_free=7.3, wall=50156
2023-04-09 03:39:24 - progress_bar.py[line:272] - INFO: epoch 005:   1312 / 1878 loss=3.41, loss_v1=0, loss_v2=0, nll_loss=2.273, ntokens=320, nsentences=64, sample_size=320, sample_size_v1=0, sample_size_v2=0, ppl=4.83, wps=78.2, ups=0.24, wpb=320, bsz=64, num_updates=8810, lr=2.82372e-05, gnorm=9.216, clip=100, loss_scale=64, train_wall=41, gb_free=7.3, wall=50197
2023-04-09 03:40:05 - progress_bar.py[line:272] - INFO: epoch 005:   1322 / 1878 loss=3.345, loss_v1=0, loss_v2=0, nll_loss=2.2, ntokens=320, nsentences=64, sample_size=320, sample_size_v1=0, sample_size_v2=0, ppl=4.59, wps=77.9, ups=0.24, wpb=320, bsz=64, num_updates=8820, lr=2.82089e-05, gnorm=8.906, clip=100, loss_scale=64, train_wall=41, gb_free=7.3, wall=50238
2023-04-09 03:40:46 - progress_bar.py[line:272] - INFO: epoch 005:   1332 / 1878 loss=3.341, loss_v1=0, loss_v2=0, nll_loss=2.196, ntokens=320, nsentences=64, sample_size=320, sample_size_v1=0, sample_size_v2=0, ppl=4.58, wps=78.1, ups=0.24, wpb=320, bsz=64, num_updates=8830, lr=2.81806e-05, gnorm=8.075, clip=100, loss_scale=64, train_wall=41, gb_free=7.3, wall=50279
2023-04-09 03:41:26 - progress_bar.py[line:272] - INFO: epoch 005:   1342 / 1878 loss=3.317, loss_v1=0, loss_v2=0, nll_loss=2.168, ntokens=320, nsentences=64, sample_size=320, sample_size_v1=0, sample_size_v2=0, ppl=4.49, wps=78.7, ups=0.25, wpb=320, bsz=64, num_updates=8840, lr=2.81523e-05, gnorm=8.958, clip=100, loss_scale=64, train_wall=40, gb_free=7.3, wall=50319
2023-04-09 03:42:07 - progress_bar.py[line:272] - INFO: epoch 005:   1352 / 1878 loss=3.314, loss_v1=0, loss_v2=0, nll_loss=2.167, ntokens=320, nsentences=64, sample_size=320, sample_size_v1=0, sample_size_v2=0, ppl=4.49, wps=78.5, ups=0.25, wpb=320, bsz=64, num_updates=8850, lr=2.81239e-05, gnorm=8.558, clip=100, loss_scale=64, train_wall=40, gb_free=7.3, wall=50360
2023-04-09 03:42:48 - progress_bar.py[line:272] - INFO: epoch 005:   1362 / 1878 loss=3.318, loss_v1=0, loss_v2=0, nll_loss=2.167, ntokens=320, nsentences=64, sample_size=320, sample_size_v1=0, sample_size_v2=0, ppl=4.49, wps=77.8, ups=0.24, wpb=320, bsz=64, num_updates=8860, lr=2.80956e-05, gnorm=8.829, clip=100, loss_scale=64, train_wall=41, gb_free=7.3, wall=50401
2023-04-09 03:43:29 - progress_bar.py[line:272] - INFO: epoch 005:   1372 / 1878 loss=3.371, loss_v1=0, loss_v2=0, nll_loss=2.231, ntokens=320, nsentences=64, sample_size=320, sample_size_v1=0, sample_size_v2=0, ppl=4.69, wps=77.9, ups=0.24, wpb=320, bsz=64, num_updates=8870, lr=2.80673e-05, gnorm=9.028, clip=100, loss_scale=64, train_wall=41, gb_free=7.3, wall=50442
2023-04-09 03:44:10 - progress_bar.py[line:272] - INFO: epoch 005:   1382 / 1878 loss=3.384, loss_v1=0, loss_v2=0, nll_loss=2.241, ntokens=320, nsentences=64, sample_size=320, sample_size_v1=0, sample_size_v2=0, ppl=4.73, wps=78, ups=0.24, wpb=320, bsz=64, num_updates=8880, lr=2.8039e-05, gnorm=9.303, clip=100, loss_scale=64, train_wall=41, gb_free=7.3, wall=50483
2023-04-09 03:44:51 - progress_bar.py[line:272] - INFO: epoch 005:   1392 / 1878 loss=3.324, loss_v1=0, loss_v2=0, nll_loss=2.176, ntokens=320, nsentences=64, sample_size=320, sample_size_v1=0, sample_size_v2=0, ppl=4.52, wps=78.6, ups=0.25, wpb=320, bsz=64, num_updates=8890, lr=2.80106e-05, gnorm=8.871, clip=100, loss_scale=64, train_wall=40, gb_free=7.3, wall=50524
2023-04-09 03:45:32 - progress_bar.py[line:272] - INFO: epoch 005:   1402 / 1878 loss=3.32, loss_v1=0, loss_v2=0, nll_loss=2.17, ntokens=320, nsentences=64, sample_size=320, sample_size_v1=0, sample_size_v2=0, ppl=4.5, wps=78.3, ups=0.24, wpb=320, bsz=64, num_updates=8900, lr=2.79823e-05, gnorm=8.932, clip=100, loss_scale=64, train_wall=41, gb_free=7.3, wall=50565
2023-04-09 03:46:13 - progress_bar.py[line:272] - INFO: epoch 005:   1412 / 1878 loss=3.36, loss_v1=0, loss_v2=0, nll_loss=2.214, ntokens=320, nsentences=64, sample_size=320, sample_size_v1=0, sample_size_v2=0, ppl=4.64, wps=78.3, ups=0.24, wpb=320, bsz=64, num_updates=8910, lr=2.7954e-05, gnorm=9.976, clip=100, loss_scale=64, train_wall=41, gb_free=7.3, wall=50606
2023-04-09 03:46:54 - progress_bar.py[line:272] - INFO: epoch 005:   1422 / 1878 loss=3.375, loss_v1=0, loss_v2=0, nll_loss=2.231, ntokens=320, nsentences=64, sample_size=320, sample_size_v1=0, sample_size_v2=0, ppl=4.69, wps=78.4, ups=0.24, wpb=320, bsz=64, num_updates=8920, lr=2.79257e-05, gnorm=10.146, clip=100, loss_scale=64, train_wall=41, gb_free=7.3, wall=50647
2023-04-09 03:47:34 - progress_bar.py[line:272] - INFO: epoch 005:   1432 / 1878 loss=3.329, loss_v1=0, loss_v2=0, nll_loss=2.181, ntokens=320, nsentences=64, sample_size=320, sample_size_v1=0, sample_size_v2=0, ppl=4.53, wps=78.3, ups=0.24, wpb=320, bsz=64, num_updates=8930, lr=2.78974e-05, gnorm=10.548, clip=100, loss_scale=64, train_wall=41, gb_free=7.3, wall=50688
2023-04-09 03:48:15 - progress_bar.py[line:272] - INFO: epoch 005:   1442 / 1878 loss=3.305, loss_v1=0, loss_v2=0, nll_loss=2.154, ntokens=320, nsentences=64, sample_size=320, sample_size_v1=0, sample_size_v2=0, ppl=4.45, wps=78.4, ups=0.24, wpb=320, bsz=64, num_updates=8940, lr=2.7869e-05, gnorm=8.666, clip=100, loss_scale=64, train_wall=41, gb_free=7.3, wall=50728
2023-04-09 03:48:56 - progress_bar.py[line:272] - INFO: epoch 005:   1452 / 1878 loss=3.309, loss_v1=0, loss_v2=0, nll_loss=2.153, ntokens=320, nsentences=64, sample_size=320, sample_size_v1=0, sample_size_v2=0, ppl=4.45, wps=78, ups=0.24, wpb=320, bsz=64, num_updates=8950, lr=2.78407e-05, gnorm=8.82, clip=100, loss_scale=64, train_wall=41, gb_free=7.3, wall=50769
2023-04-09 03:49:37 - progress_bar.py[line:272] - INFO: epoch 005:   1462 / 1878 loss=3.368, loss_v1=0, loss_v2=0, nll_loss=2.22, ntokens=320, nsentences=64, sample_size=320, sample_size_v1=0, sample_size_v2=0, ppl=4.66, wps=78.4, ups=0.24, wpb=320, bsz=64, num_updates=8960, lr=2.78124e-05, gnorm=9.861, clip=100, loss_scale=64, train_wall=41, gb_free=7.3, wall=50810
2023-04-09 03:50:18 - progress_bar.py[line:272] - INFO: epoch 005:   1472 / 1878 loss=3.319, loss_v1=0, loss_v2=0, nll_loss=2.173, ntokens=320, nsentences=64, sample_size=320, sample_size_v1=0, sample_size_v2=0, ppl=4.51, wps=78.5, ups=0.25, wpb=320, bsz=64, num_updates=8970, lr=2.77841e-05, gnorm=8.435, clip=100, loss_scale=64, train_wall=41, gb_free=7.3, wall=50851
2023-04-09 03:50:58 - progress_bar.py[line:272] - INFO: epoch 005:   1482 / 1878 loss=3.336, loss_v1=0, loss_v2=0, nll_loss=2.191, ntokens=320, nsentences=64, sample_size=320, sample_size_v1=0, sample_size_v2=0, ppl=4.57, wps=78.9, ups=0.25, wpb=320, bsz=64, num_updates=8980, lr=2.77557e-05, gnorm=9.182, clip=100, loss_scale=64, train_wall=40, gb_free=7.3, wall=50892
2023-04-09 03:51:39 - progress_bar.py[line:272] - INFO: epoch 005:   1492 / 1878 loss=3.319, loss_v1=0, loss_v2=0, nll_loss=2.171, ntokens=320, nsentences=64, sample_size=320, sample_size_v1=0, sample_size_v2=0, ppl=4.5, wps=78.4, ups=0.24, wpb=320, bsz=64, num_updates=8990, lr=2.77274e-05, gnorm=9.633, clip=100, loss_scale=64, train_wall=41, gb_free=7.3, wall=50932
slice_id 1 seek offset 5379
2023-04-09 03:52:20 - progress_bar.py[line:272] - INFO: epoch 005:   1502 / 1878 loss=3.332, loss_v1=0, loss_v2=0, nll_loss=2.185, ntokens=320, nsentences=64, sample_size=320, sample_size_v1=0, sample_size_v2=0, ppl=4.55, wps=78.9, ups=0.25, wpb=320, bsz=64, num_updates=9000, lr=2.76991e-05, gnorm=8.787, clip=100, loss_scale=64, train_wall=40, gb_free=7.3, wall=50973
2023-04-09 03:52:20 - train.py[line:445] - INFO: begin validation on "valid" subset
slice_id 0 seek offset 0
slice_id 0 seek offset 0
slice_id 1 seek offset 5379
2023-04-09 04:03:33 - progress_bar.py[line:282] - INFO: epoch 005 | valid on 'valid' subset | loss 4.886 | loss_v1 0 | loss_v2 0 | nll_loss 3.906 | ntokens 39.993 | nsentences 7.999 | sample_size 39.993 | sample_size_v1 0 | sample_size_v2 0 | ppl 14.99 | score 0.3778 | wps 80 | wpb 40 | bsz 8 | num_updates 9000 | best_score 0.4586
2023-04-09 04:03:33 - checkpoint_utils.py[line:64] - INFO: Preparing to save checkpoint for epoch 5 @ 9000 updates
2023-04-09 04:03:33 - trainer.py[line:431] - INFO: Saving checkpoint to ./refcocoplus_EC_checkpoints_exp2/10_5e-5_512/checkpoint_5_9000.pt
2023-04-09 04:03:54 - trainer.py[line:441] - INFO: Finished saving checkpoint to ./refcocoplus_EC_checkpoints_exp2/10_5e-5_512/checkpoint_5_9000.pt
2023-04-09 04:04:03 - checkpoint_utils.py[line:133] - INFO: Saved checkpoint ./refcocoplus_EC_checkpoints_exp2/10_5e-5_512/checkpoint_5_9000.pt (epoch 5 @ 9000 updates, score 0.3778) (writing took 30.277232833206654 seconds)
2023-04-09 04:04:43 - progress_bar.py[line:272] - INFO: epoch 005:   1512 / 1878 loss=3.306, loss_v1=0, loss_v2=0, nll_loss=2.158, ntokens=320, nsentences=64, sample_size=320, sample_size_v1=0, sample_size_v2=0, ppl=4.46, wps=4.3, ups=0.01, wpb=320, bsz=64, num_updates=9010, lr=2.76708e-05, gnorm=8.267, clip=100, loss_scale=64, train_wall=40, gb_free=7.3, wall=51716
2023-04-09 04:05:24 - progress_bar.py[line:272] - INFO: epoch 005:   1522 / 1878 loss=3.299, loss_v1=0, loss_v2=0, nll_loss=2.149, ntokens=320, nsentences=64, sample_size=320, sample_size_v1=0, sample_size_v2=0, ppl=4.44, wps=78.7, ups=0.25, wpb=320, bsz=64, num_updates=9020, lr=2.76425e-05, gnorm=8.327, clip=100, loss_scale=64, train_wall=40, gb_free=7.3, wall=51757
2023-04-09 04:06:04 - progress_bar.py[line:272] - INFO: epoch 005:   1532 / 1878 loss=3.253, loss_v1=0, loss_v2=0, nll_loss=2.092, ntokens=320, nsentences=64, sample_size=320, sample_size_v1=0, sample_size_v2=0, ppl=4.26, wps=78.6, ups=0.25, wpb=320, bsz=64, num_updates=9030, lr=2.76141e-05, gnorm=8.569, clip=100, loss_scale=64, train_wall=40, gb_free=7.3, wall=51798
2023-04-09 04:06:45 - progress_bar.py[line:272] - INFO: epoch 005:   1542 / 1878 loss=3.295, loss_v1=0, loss_v2=0, nll_loss=2.138, ntokens=320, nsentences=64, sample_size=320, sample_size_v1=0, sample_size_v2=0, ppl=4.4, wps=78.8, ups=0.25, wpb=320, bsz=64, num_updates=9040, lr=2.75858e-05, gnorm=9.01, clip=100, loss_scale=64, train_wall=40, gb_free=7.3, wall=51838
2023-04-09 04:07:26 - progress_bar.py[line:272] - INFO: epoch 005:   1552 / 1878 loss=3.271, loss_v1=0, loss_v2=0, nll_loss=2.116, ntokens=320, nsentences=64, sample_size=320, sample_size_v1=0, sample_size_v2=0, ppl=4.33, wps=78.6, ups=0.25, wpb=320, bsz=64, num_updates=9050, lr=2.75575e-05, gnorm=8.906, clip=100, loss_scale=64, train_wall=41, gb_free=7.3, wall=51879
2023-04-09 04:08:06 - progress_bar.py[line:272] - INFO: epoch 005:   1562 / 1878 loss=3.333, loss_v1=0, loss_v2=0, nll_loss=2.178, ntokens=320, nsentences=64, sample_size=320, sample_size_v1=0, sample_size_v2=0, ppl=4.52, wps=78.7, ups=0.25, wpb=320, bsz=64, num_updates=9060, lr=2.75292e-05, gnorm=9.204, clip=100, loss_scale=64, train_wall=40, gb_free=7.3, wall=51920
2023-04-09 04:08:47 - progress_bar.py[line:272] - INFO: epoch 005:   1572 / 1878 loss=3.286, loss_v1=0, loss_v2=0, nll_loss=2.133, ntokens=320, nsentences=64, sample_size=320, sample_size_v1=0, sample_size_v2=0, ppl=4.39, wps=78.5, ups=0.25, wpb=320, bsz=64, num_updates=9070, lr=2.75008e-05, gnorm=8.745, clip=100, loss_scale=64, train_wall=41, gb_free=7.3, wall=51960
2023-04-09 04:09:28 - progress_bar.py[line:272] - INFO: epoch 005:   1582 / 1878 loss=3.282, loss_v1=0, loss_v2=0, nll_loss=2.13, ntokens=320, nsentences=64, sample_size=320, sample_size_v1=0, sample_size_v2=0, ppl=4.38, wps=78.5, ups=0.25, wpb=320, bsz=64, num_updates=9080, lr=2.74725e-05, gnorm=8.441, clip=100, loss_scale=64, train_wall=41, gb_free=7.3, wall=52001
2023-04-09 04:10:09 - progress_bar.py[line:272] - INFO: epoch 005:   1592 / 1878 loss=3.314, loss_v1=0, loss_v2=0, nll_loss=2.162, ntokens=320, nsentences=64, sample_size=320, sample_size_v1=0, sample_size_v2=0, ppl=4.47, wps=78.6, ups=0.25, wpb=320, bsz=64, num_updates=9090, lr=2.74442e-05, gnorm=9.184, clip=100, loss_scale=64, train_wall=41, gb_free=7.3, wall=52042
2023-04-09 04:10:50 - progress_bar.py[line:272] - INFO: epoch 005:   1602 / 1878 loss=3.265, loss_v1=0, loss_v2=0, nll_loss=2.11, ntokens=320, nsentences=64, sample_size=320, sample_size_v1=0, sample_size_v2=0, ppl=4.32, wps=78.2, ups=0.24, wpb=320, bsz=64, num_updates=9100, lr=2.74159e-05, gnorm=9.002, clip=100, loss_scale=64, train_wall=41, gb_free=7.3, wall=52083
2023-04-09 04:11:30 - progress_bar.py[line:272] - INFO: epoch 005:   1612 / 1878 loss=3.32, loss_v1=0, loss_v2=0, nll_loss=2.168, ntokens=320, nsentences=64, sample_size=320, sample_size_v1=0, sample_size_v2=0, ppl=4.49, wps=78.6, ups=0.25, wpb=320, bsz=64, num_updates=9110, lr=2.73876e-05, gnorm=9.042, clip=100, loss_scale=64, train_wall=40, gb_free=7.3, wall=52123
2023-04-09 04:12:11 - progress_bar.py[line:272] - INFO: epoch 005:   1622 / 1878 loss=3.343, loss_v1=0, loss_v2=0, nll_loss=2.191, ntokens=320, nsentences=64, sample_size=320, sample_size_v1=0, sample_size_v2=0, ppl=4.57, wps=78.7, ups=0.25, wpb=320, bsz=64, num_updates=9120, lr=2.73592e-05, gnorm=9.077, clip=100, loss_scale=64, train_wall=40, gb_free=7.3, wall=52164
2023-04-09 04:12:52 - progress_bar.py[line:272] - INFO: epoch 005:   1632 / 1878 loss=3.312, loss_v1=0, loss_v2=0, nll_loss=2.157, ntokens=320, nsentences=64, sample_size=320, sample_size_v1=0, sample_size_v2=0, ppl=4.46, wps=78.7, ups=0.25, wpb=320, bsz=64, num_updates=9130, lr=2.73309e-05, gnorm=9.139, clip=100, loss_scale=64, train_wall=40, gb_free=7.3, wall=52205
2023-04-09 04:13:32 - progress_bar.py[line:272] - INFO: epoch 005:   1642 / 1878 loss=3.326, loss_v1=0, loss_v2=0, nll_loss=2.176, ntokens=320, nsentences=64, sample_size=320, sample_size_v1=0, sample_size_v2=0, ppl=4.52, wps=78.5, ups=0.25, wpb=320, bsz=64, num_updates=9140, lr=2.73026e-05, gnorm=8.488, clip=100, loss_scale=64, train_wall=41, gb_free=7.3, wall=52246
2023-04-09 04:14:13 - progress_bar.py[line:272] - INFO: epoch 005:   1652 / 1878 loss=3.262, loss_v1=0, loss_v2=0, nll_loss=2.102, ntokens=320, nsentences=64, sample_size=320, sample_size_v1=0, sample_size_v2=0, ppl=4.29, wps=78.6, ups=0.25, wpb=320, bsz=64, num_updates=9150, lr=2.72743e-05, gnorm=8.748, clip=100, loss_scale=64, train_wall=40, gb_free=7.3, wall=52286
2023-04-09 04:14:54 - progress_bar.py[line:272] - INFO: epoch 005:   1662 / 1878 loss=3.33, loss_v1=0, loss_v2=0, nll_loss=2.178, ntokens=320, nsentences=64, sample_size=320, sample_size_v1=0, sample_size_v2=0, ppl=4.53, wps=78, ups=0.24, wpb=320, bsz=64, num_updates=9160, lr=2.72459e-05, gnorm=9.379, clip=100, loss_scale=64, train_wall=41, gb_free=7.3, wall=52327
2023-04-09 04:15:35 - progress_bar.py[line:272] - INFO: epoch 005:   1672 / 1878 loss=3.315, loss_v1=0, loss_v2=0, nll_loss=2.167, ntokens=320, nsentences=64, sample_size=320, sample_size_v1=0, sample_size_v2=0, ppl=4.49, wps=78, ups=0.24, wpb=320, bsz=64, num_updates=9170, lr=2.72176e-05, gnorm=9.253, clip=100, loss_scale=64, train_wall=41, gb_free=7.3, wall=52368
2023-04-09 04:16:16 - progress_bar.py[line:272] - INFO: epoch 005:   1682 / 1878 loss=3.282, loss_v1=0, loss_v2=0, nll_loss=2.127, ntokens=320, nsentences=64, sample_size=320, sample_size_v1=0, sample_size_v2=0, ppl=4.37, wps=79.1, ups=0.25, wpb=320, bsz=64, num_updates=9180, lr=2.71893e-05, gnorm=8.794, clip=100, loss_scale=64, train_wall=40, gb_free=7.3, wall=52409
2023-04-09 04:16:56 - progress_bar.py[line:272] - INFO: epoch 005:   1692 / 1878 loss=3.304, loss_v1=0, loss_v2=0, nll_loss=2.147, ntokens=320, nsentences=64, sample_size=320, sample_size_v1=0, sample_size_v2=0, ppl=4.43, wps=78.7, ups=0.25, wpb=320, bsz=64, num_updates=9190, lr=2.7161e-05, gnorm=9.254, clip=100, loss_scale=64, train_wall=40, gb_free=7.3, wall=52449
2023-04-09 04:17:37 - progress_bar.py[line:272] - INFO: epoch 005:   1702 / 1878 loss=3.339, loss_v1=0, loss_v2=0, nll_loss=2.188, ntokens=320, nsentences=64, sample_size=320, sample_size_v1=0, sample_size_v2=0, ppl=4.56, wps=78.9, ups=0.25, wpb=320, bsz=64, num_updates=9200, lr=2.71327e-05, gnorm=9.806, clip=100, loss_scale=64, train_wall=40, gb_free=7.3, wall=52490
2023-04-09 04:18:18 - progress_bar.py[line:272] - INFO: epoch 005:   1712 / 1878 loss=3.295, loss_v1=0, loss_v2=0, nll_loss=2.143, ntokens=320, nsentences=64, sample_size=320, sample_size_v1=0, sample_size_v2=0, ppl=4.42, wps=78.5, ups=0.25, wpb=320, bsz=64, num_updates=9210, lr=2.71043e-05, gnorm=9.336, clip=100, loss_scale=64, train_wall=41, gb_free=7.3, wall=52531
2023-04-09 04:18:58 - progress_bar.py[line:272] - INFO: epoch 005:   1722 / 1878 loss=3.267, loss_v1=0, loss_v2=0, nll_loss=2.113, ntokens=320, nsentences=64, sample_size=320, sample_size_v1=0, sample_size_v2=0, ppl=4.33, wps=78.6, ups=0.25, wpb=320, bsz=64, num_updates=9220, lr=2.7076e-05, gnorm=9.512, clip=100, loss_scale=64, train_wall=40, gb_free=7.3, wall=52572
2023-04-09 04:19:39 - progress_bar.py[line:272] - INFO: epoch 005:   1732 / 1878 loss=3.254, loss_v1=0, loss_v2=0, nll_loss=2.095, ntokens=320, nsentences=64, sample_size=320, sample_size_v1=0, sample_size_v2=0, ppl=4.27, wps=77.9, ups=0.24, wpb=320, bsz=64, num_updates=9230, lr=2.70477e-05, gnorm=9.194, clip=100, loss_scale=64, train_wall=41, gb_free=7.3, wall=52613
2023-04-09 04:20:20 - progress_bar.py[line:272] - INFO: epoch 005:   1742 / 1878 loss=3.291, loss_v1=0, loss_v2=0, nll_loss=2.134, ntokens=320, nsentences=64, sample_size=320, sample_size_v1=0, sample_size_v2=0, ppl=4.39, wps=78.8, ups=0.25, wpb=320, bsz=64, num_updates=9240, lr=2.70194e-05, gnorm=9.166, clip=100, loss_scale=64, train_wall=40, gb_free=7.3, wall=52653
2023-04-09 04:21:01 - progress_bar.py[line:272] - INFO: epoch 005:   1752 / 1878 loss=3.291, loss_v1=0, loss_v2=0, nll_loss=2.134, ntokens=320, nsentences=64, sample_size=320, sample_size_v1=0, sample_size_v2=0, ppl=4.39, wps=78.3, ups=0.24, wpb=320, bsz=64, num_updates=9250, lr=2.69911e-05, gnorm=8.944, clip=100, loss_scale=64, train_wall=41, gb_free=7.3, wall=52694
2023-04-09 04:21:42 - progress_bar.py[line:272] - INFO: epoch 005:   1762 / 1878 loss=3.252, loss_v1=0, loss_v2=0, nll_loss=2.097, ntokens=320, nsentences=64, sample_size=320, sample_size_v1=0, sample_size_v2=0, ppl=4.28, wps=78.2, ups=0.24, wpb=320, bsz=64, num_updates=9260, lr=2.69627e-05, gnorm=9.226, clip=100, loss_scale=64, train_wall=41, gb_free=7.3, wall=52735
2023-04-09 04:22:23 - progress_bar.py[line:272] - INFO: epoch 005:   1772 / 1878 loss=3.295, loss_v1=0, loss_v2=0, nll_loss=2.14, ntokens=320, nsentences=64, sample_size=320, sample_size_v1=0, sample_size_v2=0, ppl=4.41, wps=78.6, ups=0.25, wpb=320, bsz=64, num_updates=9270, lr=2.69344e-05, gnorm=9.279, clip=100, loss_scale=64, train_wall=40, gb_free=7.3, wall=52776
2023-04-09 04:23:03 - progress_bar.py[line:272] - INFO: epoch 005:   1782 / 1878 loss=3.309, loss_v1=0, loss_v2=0, nll_loss=2.15, ntokens=320, nsentences=64, sample_size=320, sample_size_v1=0, sample_size_v2=0, ppl=4.44, wps=78.7, ups=0.25, wpb=320, bsz=64, num_updates=9280, lr=2.69061e-05, gnorm=10.07, clip=100, loss_scale=128, train_wall=40, gb_free=7.3, wall=52816
2023-04-09 04:23:44 - progress_bar.py[line:272] - INFO: epoch 005:   1792 / 1878 loss=3.318, loss_v1=0, loss_v2=0, nll_loss=2.17, ntokens=320, nsentences=64, sample_size=320, sample_size_v1=0, sample_size_v2=0, ppl=4.5, wps=78.7, ups=0.25, wpb=320, bsz=64, num_updates=9290, lr=2.68778e-05, gnorm=8.89, clip=100, loss_scale=128, train_wall=40, gb_free=7.3, wall=52857
2023-04-09 04:24:25 - progress_bar.py[line:272] - INFO: epoch 005:   1802 / 1878 loss=3.373, loss_v1=0, loss_v2=0, nll_loss=2.23, ntokens=320, nsentences=64, sample_size=320, sample_size_v1=0, sample_size_v2=0, ppl=4.69, wps=78.2, ups=0.24, wpb=320, bsz=64, num_updates=9300, lr=2.68494e-05, gnorm=9.026, clip=100, loss_scale=128, train_wall=41, gb_free=7.3, wall=52898
2023-04-09 04:25:06 - progress_bar.py[line:272] - INFO: epoch 005:   1812 / 1878 loss=3.269, loss_v1=0, loss_v2=0, nll_loss=2.113, ntokens=320, nsentences=64, sample_size=320, sample_size_v1=0, sample_size_v2=0, ppl=4.33, wps=77.2, ups=0.24, wpb=320, bsz=64, num_updates=9310, lr=2.68211e-05, gnorm=8.859, clip=100, loss_scale=128, train_wall=41, gb_free=7.3, wall=52939
2023-04-09 04:25:47 - progress_bar.py[line:272] - INFO: epoch 005:   1822 / 1878 loss=3.28, loss_v1=0, loss_v2=0, nll_loss=2.127, ntokens=320, nsentences=64, sample_size=320, sample_size_v1=0, sample_size_v2=0, ppl=4.37, wps=78.4, ups=0.24, wpb=320, bsz=64, num_updates=9320, lr=2.67928e-05, gnorm=9.025, clip=100, loss_scale=128, train_wall=41, gb_free=7.3, wall=52980
2023-04-09 04:26:28 - progress_bar.py[line:272] - INFO: epoch 005:   1832 / 1878 loss=3.294, loss_v1=0, loss_v2=0, nll_loss=2.139, ntokens=320, nsentences=64, sample_size=320, sample_size_v1=0, sample_size_v2=0, ppl=4.41, wps=78.4, ups=0.24, wpb=320, bsz=64, num_updates=9330, lr=2.67645e-05, gnorm=9.196, clip=100, loss_scale=128, train_wall=41, gb_free=7.3, wall=53021
2023-04-09 04:27:09 - progress_bar.py[line:272] - INFO: epoch 005:   1842 / 1878 loss=3.293, loss_v1=0, loss_v2=0, nll_loss=2.136, ntokens=320, nsentences=64, sample_size=320, sample_size_v1=0, sample_size_v2=0, ppl=4.39, wps=78.3, ups=0.24, wpb=320, bsz=64, num_updates=9340, lr=2.67362e-05, gnorm=9.202, clip=100, loss_scale=128, train_wall=41, gb_free=7.3, wall=53062
2023-04-09 04:27:49 - progress_bar.py[line:272] - INFO: epoch 005:   1852 / 1878 loss=3.288, loss_v1=0, loss_v2=0, nll_loss=2.129, ntokens=320, nsentences=64, sample_size=320, sample_size_v1=0, sample_size_v2=0, ppl=4.37, wps=78.6, ups=0.25, wpb=320, bsz=64, num_updates=9350, lr=2.67078e-05, gnorm=8.873, clip=100, loss_scale=128, train_wall=40, gb_free=7.3, wall=53103
2023-04-09 04:28:30 - progress_bar.py[line:272] - INFO: epoch 005:   1862 / 1878 loss=3.304, loss_v1=0, loss_v2=0, nll_loss=2.154, ntokens=320, nsentences=64, sample_size=320, sample_size_v1=0, sample_size_v2=0, ppl=4.45, wps=78.7, ups=0.25, wpb=320, bsz=64, num_updates=9360, lr=2.66795e-05, gnorm=9.627, clip=100, loss_scale=128, train_wall=40, gb_free=7.3, wall=53143
2023-04-09 04:29:11 - progress_bar.py[line:272] - INFO: epoch 005:   1872 / 1878 loss=3.293, loss_v1=0, loss_v2=0, nll_loss=2.14, ntokens=320, nsentences=64, sample_size=320, sample_size_v1=0, sample_size_v2=0, ppl=4.41, wps=78.7, ups=0.25, wpb=320, bsz=64, num_updates=9370, lr=2.66512e-05, gnorm=9.226, clip=100, loss_scale=128, train_wall=40, gb_free=7.3, wall=53184
slice_id 1 seek offset 5379
2023-04-09 04:29:34 - train.py[line:445] - INFO: begin validation on "valid" subset
slice_id 0 seek offset 0
slice_id 0 seek offset 0
slice_id 1 seek offset 5379
2023-04-09 04:40:47 - progress_bar.py[line:282] - INFO: epoch 005 | valid on 'valid' subset | loss 4.964 | loss_v1 0 | loss_v2 0 | nll_loss 3.989 | ntokens 39.993 | nsentences 7.999 | sample_size 39.993 | sample_size_v1 0 | sample_size_v2 0 | ppl 15.88 | score 0.3831 | wps 80 | wpb 40 | bsz 8 | num_updates 9376 | best_score 0.4586
2023-04-09 04:40:47 - checkpoint_utils.py[line:64] - INFO: Preparing to save checkpoint for epoch 5 @ 9376 updates
local datafile ../../dataset/refcocoplus_data/refcocoplus_train_EC.tsv slice_id 1 begin to initialize row_count and line_idx-to-offset mapping
2023-04-09 04:40:47 - trainer.py[line:431] - INFO: Saving checkpoint to ./refcocoplus_EC_checkpoints_exp2/10_5e-5_512/checkpoint_last.pt
2023-04-09 04:41:05 - trainer.py[line:441] - INFO: Finished saving checkpoint to ./refcocoplus_EC_checkpoints_exp2/10_5e-5_512/checkpoint_last.pt
2023-04-09 04:41:05 - checkpoint_utils.py[line:133] - INFO: Saved checkpoint ./refcocoplus_EC_checkpoints_exp2/10_5e-5_512/checkpoint_last.pt (epoch 5 @ 9376 updates, score 0.3831) (writing took 17.742980986833572 seconds)
2023-04-09 04:41:05 - train.py[line:332] - INFO: end of epoch 5 (average epoch stats below)
2023-04-09 04:41:06 - progress_bar.py[line:282] - INFO: epoch 005 | loss 3.398 | loss_v1 0 | loss_v2 0 | nll_loss 2.26 | ntokens 319.997 | nsentences 63.999 | sample_size 319.997 | sample_size_v1 0 | sample_size_v2 0 | ppl 4.79 | wps 57.3 | ups 0.18 | wpb 320 | bsz 64 | num_updates 9376 | lr 2.66342e-05 | gnorm 9.059 | clip 100 | loss_scale 128 | train_wall 7611 | gb_free 7.3 | wall 53899
2023-04-09 04:41:06 - trainer.py[line:639] - INFO: loading train data for epoch 6
local datafile ../../dataset/refcocoplus_data/refcocoplus_train_EC.tsv slice_id 0 begin to initialize row_count and line_idx-to-offset mapping
local datafile ../../dataset/refcocoplus_data/refcocoplus_train_EC.tsv slice_id 1 finished initializing row_count and line_idx-to-offset mapping
file ../../dataset/refcocoplus_data/refcocoplus_train_EC.tsv slice_id 1 row count 60095 total row count 120191
slice_id 1 seek offset 60096
local datafile ../../dataset/refcocoplus_data/refcocoplus_train_EC.tsv slice_id 0 finished initializing row_count and line_idx-to-offset mapping
file ../../dataset/refcocoplus_data/refcocoplus_train_EC.tsv slice_id 0 row count 60096 total row count 120191
slice_id 0 seek offset 0
2023-04-09 04:41:22 - trainer.py[line:703] - INFO: begin training epoch 6
2023-04-09 04:41:22 - train.py[line:305] - INFO: Start iterating over samples
2023-04-09 04:41:39 - progress_bar.py[line:272] - INFO: epoch 006:      4 / 1878 loss=3.319, loss_v1=0, loss_v2=0, nll_loss=2.171, ntokens=320, nsentences=64, sample_size=320, sample_size_v1=0, sample_size_v2=0, ppl=4.5, wps=4.3, ups=0.01, wpb=320, bsz=64, num_updates=9380, lr=2.66229e-05, gnorm=10.394, clip=100, loss_scale=128, train_wall=39, gb_free=7.3, wall=53932
2023-04-09 04:42:20 - progress_bar.py[line:272] - INFO: epoch 006:     14 / 1878 loss=3.302, loss_v1=0, loss_v2=0, nll_loss=2.15, ntokens=320, nsentences=64, sample_size=320, sample_size_v1=0, sample_size_v2=0, ppl=4.44, wps=78.2, ups=0.24, wpb=320, bsz=64, num_updates=9390, lr=2.65945e-05, gnorm=9.697, clip=100, loss_scale=128, train_wall=41, gb_free=7.3, wall=53973
2023-04-09 04:43:01 - progress_bar.py[line:272] - INFO: epoch 006:     24 / 1878 loss=3.334, loss_v1=0, loss_v2=0, nll_loss=2.185, ntokens=320, nsentences=64, sample_size=320, sample_size_v1=0, sample_size_v2=0, ppl=4.55, wps=78.2, ups=0.24, wpb=320, bsz=64, num_updates=9400, lr=2.65662e-05, gnorm=9.717, clip=100, loss_scale=128, train_wall=41, gb_free=7.3, wall=54014
2023-04-09 04:43:42 - progress_bar.py[line:272] - INFO: epoch 006:     34 / 1878 loss=3.3, loss_v1=0, loss_v2=0, nll_loss=2.149, ntokens=320, nsentences=64, sample_size=320, sample_size_v1=0, sample_size_v2=0, ppl=4.44, wps=78.2, ups=0.24, wpb=320, bsz=64, num_updates=9410, lr=2.65379e-05, gnorm=9.897, clip=100, loss_scale=128, train_wall=41, gb_free=7.3, wall=54055
2023-04-09 04:44:23 - progress_bar.py[line:272] - INFO: epoch 006:     44 / 1878 loss=3.311, loss_v1=0, loss_v2=0, nll_loss=2.159, ntokens=320, nsentences=64, sample_size=320, sample_size_v1=0, sample_size_v2=0, ppl=4.47, wps=78.5, ups=0.25, wpb=320, bsz=64, num_updates=9420, lr=2.65096e-05, gnorm=8.871, clip=100, loss_scale=128, train_wall=41, gb_free=7.3, wall=54096
2023-04-09 04:45:03 - progress_bar.py[line:272] - INFO: epoch 006:     54 / 1878 loss=3.37, loss_v1=0, loss_v2=0, nll_loss=2.226, ntokens=320, nsentences=64, sample_size=320, sample_size_v1=0, sample_size_v2=0, ppl=4.68, wps=78.9, ups=0.25, wpb=320, bsz=64, num_updates=9430, lr=2.64813e-05, gnorm=10.033, clip=100, loss_scale=128, train_wall=40, gb_free=7.3, wall=54136
2023-04-09 04:45:44 - progress_bar.py[line:272] - INFO: epoch 006:     64 / 1878 loss=3.272, loss_v1=0, loss_v2=0, nll_loss=2.116, ntokens=320, nsentences=64, sample_size=320, sample_size_v1=0, sample_size_v2=0, ppl=4.33, wps=78.8, ups=0.25, wpb=320, bsz=64, num_updates=9440, lr=2.64529e-05, gnorm=8.751, clip=100, loss_scale=128, train_wall=40, gb_free=7.3, wall=54177
2023-04-09 04:46:24 - progress_bar.py[line:272] - INFO: epoch 006:     74 / 1878 loss=3.387, loss_v1=0, loss_v2=0, nll_loss=2.247, ntokens=320, nsentences=64, sample_size=320, sample_size_v1=0, sample_size_v2=0, ppl=4.75, wps=78.5, ups=0.25, wpb=320, bsz=64, num_updates=9450, lr=2.64246e-05, gnorm=10.707, clip=100, loss_scale=128, train_wall=40, gb_free=7.3, wall=54218
2023-04-09 04:47:05 - progress_bar.py[line:272] - INFO: epoch 006:     84 / 1878 loss=3.292, loss_v1=0, loss_v2=0, nll_loss=2.139, ntokens=320, nsentences=64, sample_size=320, sample_size_v1=0, sample_size_v2=0, ppl=4.41, wps=78.7, ups=0.25, wpb=320, bsz=64, num_updates=9460, lr=2.63963e-05, gnorm=9.763, clip=100, loss_scale=128, train_wall=40, gb_free=7.3, wall=54258
2023-04-09 04:47:46 - progress_bar.py[line:272] - INFO: epoch 006:     94 / 1878 loss=3.339, loss_v1=0, loss_v2=0, nll_loss=2.193, ntokens=320, nsentences=64, sample_size=320, sample_size_v1=0, sample_size_v2=0, ppl=4.57, wps=78.6, ups=0.25, wpb=320, bsz=64, num_updates=9470, lr=2.6368e-05, gnorm=9.742, clip=100, loss_scale=128, train_wall=40, gb_free=7.3, wall=54299
2023-04-09 04:48:27 - progress_bar.py[line:272] - INFO: epoch 006:    104 / 1878 loss=3.29, loss_v1=0, loss_v2=0, nll_loss=2.138, ntokens=320, nsentences=64, sample_size=320, sample_size_v1=0, sample_size_v2=0, ppl=4.4, wps=78.7, ups=0.25, wpb=320, bsz=64, num_updates=9480, lr=2.63396e-05, gnorm=9.494, clip=100, loss_scale=128, train_wall=40, gb_free=7.3, wall=54340
2023-04-09 04:49:07 - progress_bar.py[line:272] - INFO: epoch 006:    114 / 1878 loss=3.333, loss_v1=0, loss_v2=0, nll_loss=2.182, ntokens=320, nsentences=64, sample_size=320, sample_size_v1=0, sample_size_v2=0, ppl=4.54, wps=78.4, ups=0.25, wpb=320, bsz=64, num_updates=9490, lr=2.63113e-05, gnorm=10.426, clip=100, loss_scale=128, train_wall=41, gb_free=7.3, wall=54380
2023-04-09 04:49:48 - progress_bar.py[line:272] - INFO: epoch 006:    124 / 1878 loss=3.311, loss_v1=0, loss_v2=0, nll_loss=2.163, ntokens=320, nsentences=64, sample_size=320, sample_size_v1=0, sample_size_v2=0, ppl=4.48, wps=78.6, ups=0.25, wpb=320, bsz=64, num_updates=9500, lr=2.6283e-05, gnorm=10.338, clip=100, loss_scale=128, train_wall=40, gb_free=7.3, wall=54421
2023-04-09 04:49:48 - train.py[line:445] - INFO: begin validation on "valid" subset
slice_id 0 seek offset 0
slice_id 1 seek offset 5379
slice_id 0 seek offset 0
slice_id 1 seek offset 5379
2023-04-09 05:01:02 - progress_bar.py[line:282] - INFO: epoch 006 | valid on 'valid' subset | loss 4.967 | loss_v1 0 | loss_v2 0 | nll_loss 3.993 | ntokens 39.993 | nsentences 7.999 | sample_size 39.993 | sample_size_v1 0 | sample_size_v2 0 | ppl 15.92 | score 0.3857 | wps 79.8 | wpb 40 | bsz 8 | num_updates 9500 | best_score 0.4586
2023-04-09 05:01:02 - checkpoint_utils.py[line:64] - INFO: Preparing to save checkpoint for epoch 6 @ 9500 updates
2023-04-09 05:01:02 - trainer.py[line:431] - INFO: Saving checkpoint to ./refcocoplus_EC_checkpoints_exp2/10_5e-5_512/checkpoint_6_9500.pt
2023-04-09 05:01:24 - trainer.py[line:441] - INFO: Finished saving checkpoint to ./refcocoplus_EC_checkpoints_exp2/10_5e-5_512/checkpoint_6_9500.pt
2023-04-09 05:01:33 - checkpoint_utils.py[line:133] - INFO: Saved checkpoint ./refcocoplus_EC_checkpoints_exp2/10_5e-5_512/checkpoint_6_9500.pt (epoch 6 @ 9500 updates, score 0.3857) (writing took 30.40644179750234 seconds)
2023-04-09 05:02:13 - trainer.py[line:921] - INFO: NOTE: gradient overflow detected, ignoring gradient, setting loss scale to: 64.0
2023-04-09 05:02:17 - progress_bar.py[line:272] - INFO: epoch 006:    135 / 1878 loss=3.329, loss_v1=0, loss_v2=0, nll_loss=2.186, ntokens=320, nsentences=64, sample_size=320, sample_size_v1=0, sample_size_v2=0, ppl=4.55, wps=4.3, ups=0.01, wpb=320, bsz=64, num_updates=9510, lr=2.62547e-05, gnorm=9.538, clip=100, loss_scale=64, train_wall=44, gb_free=7.3, wall=55170
2023-04-09 05:02:58 - progress_bar.py[line:272] - INFO: epoch 006:    145 / 1878 loss=3.269, loss_v1=0, loss_v2=0, nll_loss=2.112, ntokens=320, nsentences=64, sample_size=320, sample_size_v1=0, sample_size_v2=0, ppl=4.32, wps=78.4, ups=0.24, wpb=320, bsz=64, num_updates=9520, lr=2.62264e-05, gnorm=9.037, clip=100, loss_scale=64, train_wall=41, gb_free=7.3, wall=55211
2023-04-09 05:03:38 - progress_bar.py[line:272] - INFO: epoch 006:    155 / 1878 loss=3.324, loss_v1=0, loss_v2=0, nll_loss=2.172, ntokens=320, nsentences=64, sample_size=320, sample_size_v1=0, sample_size_v2=0, ppl=4.51, wps=78.6, ups=0.25, wpb=320, bsz=64, num_updates=9530, lr=2.6198e-05, gnorm=11, clip=100, loss_scale=64, train_wall=40, gb_free=7.3, wall=55252
2023-04-09 05:04:19 - progress_bar.py[line:272] - INFO: epoch 006:    165 / 1878 loss=3.344, loss_v1=0, loss_v2=0, nll_loss=2.2, ntokens=320, nsentences=64, sample_size=320, sample_size_v1=0, sample_size_v2=0, ppl=4.59, wps=78.6, ups=0.25, wpb=320, bsz=64, num_updates=9540, lr=2.61697e-05, gnorm=9.854, clip=100, loss_scale=64, train_wall=40, gb_free=7.3, wall=55292
2023-04-09 05:05:00 - progress_bar.py[line:272] - INFO: epoch 006:    175 / 1878 loss=3.342, loss_v1=0, loss_v2=0, nll_loss=2.199, ntokens=320, nsentences=64, sample_size=320, sample_size_v1=0, sample_size_v2=0, ppl=4.59, wps=78.4, ups=0.25, wpb=320, bsz=64, num_updates=9550, lr=2.61414e-05, gnorm=9.226, clip=100, loss_scale=64, train_wall=41, gb_free=7.3, wall=55333
2023-04-09 05:05:41 - progress_bar.py[line:272] - INFO: epoch 006:    185 / 1878 loss=3.348, loss_v1=0, loss_v2=0, nll_loss=2.2, ntokens=320, nsentences=64, sample_size=320, sample_size_v1=0, sample_size_v2=0, ppl=4.6, wps=78.4, ups=0.25, wpb=320, bsz=64, num_updates=9560, lr=2.61131e-05, gnorm=9.185, clip=100, loss_scale=64, train_wall=41, gb_free=7.3, wall=55374
2023-04-09 05:06:22 - progress_bar.py[line:272] - INFO: epoch 006:    195 / 1878 loss=3.284, loss_v1=0, loss_v2=0, nll_loss=2.129, ntokens=320, nsentences=64, sample_size=320, sample_size_v1=0, sample_size_v2=0, ppl=4.38, wps=78.3, ups=0.24, wpb=320, bsz=64, num_updates=9570, lr=2.60847e-05, gnorm=11.011, clip=100, loss_scale=64, train_wall=41, gb_free=7.3, wall=55415
2023-04-09 05:07:02 - progress_bar.py[line:272] - INFO: epoch 006:    205 / 1878 loss=3.305, loss_v1=0, loss_v2=0, nll_loss=2.153, ntokens=320, nsentences=64, sample_size=320, sample_size_v1=0, sample_size_v2=0, ppl=4.45, wps=78.3, ups=0.24, wpb=320, bsz=64, num_updates=9580, lr=2.60564e-05, gnorm=9.687, clip=100, loss_scale=64, train_wall=41, gb_free=7.3, wall=55456
2023-04-09 05:07:43 - progress_bar.py[line:272] - INFO: epoch 006:    215 / 1878 loss=3.33, loss_v1=0, loss_v2=0, nll_loss=2.184, ntokens=320, nsentences=64, sample_size=320, sample_size_v1=0, sample_size_v2=0, ppl=4.54, wps=78.6, ups=0.25, wpb=320, bsz=64, num_updates=9590, lr=2.60281e-05, gnorm=9.495, clip=100, loss_scale=64, train_wall=40, gb_free=7.3, wall=55496
2023-04-09 05:08:24 - progress_bar.py[line:272] - INFO: epoch 006:    225 / 1878 loss=3.325, loss_v1=0, loss_v2=0, nll_loss=2.179, ntokens=320, nsentences=64, sample_size=320, sample_size_v1=0, sample_size_v2=0, ppl=4.53, wps=78.5, ups=0.25, wpb=320, bsz=64, num_updates=9600, lr=2.59998e-05, gnorm=9.415, clip=100, loss_scale=64, train_wall=41, gb_free=7.3, wall=55537
2023-04-09 05:09:05 - progress_bar.py[line:272] - INFO: epoch 006:    235 / 1878 loss=3.344, loss_v1=0, loss_v2=0, nll_loss=2.195, ntokens=320, nsentences=64, sample_size=320, sample_size_v1=0, sample_size_v2=0, ppl=4.58, wps=78.4, ups=0.25, wpb=320, bsz=64, num_updates=9610, lr=2.59715e-05, gnorm=9.217, clip=100, loss_scale=64, train_wall=41, gb_free=7.3, wall=55578
2023-04-09 05:09:45 - progress_bar.py[line:272] - INFO: epoch 006:    245 / 1878 loss=3.306, loss_v1=0, loss_v2=0, nll_loss=2.154, ntokens=320, nsentences=64, sample_size=320, sample_size_v1=0, sample_size_v2=0, ppl=4.45, wps=78.4, ups=0.24, wpb=320, bsz=64, num_updates=9620, lr=2.59431e-05, gnorm=10.308, clip=100, loss_scale=64, train_wall=41, gb_free=7.3, wall=55619
2023-04-09 05:10:26 - progress_bar.py[line:272] - INFO: epoch 006:    255 / 1878 loss=3.285, loss_v1=0, loss_v2=0, nll_loss=2.131, ntokens=320, nsentences=64, sample_size=320, sample_size_v1=0, sample_size_v2=0, ppl=4.38, wps=78.7, ups=0.25, wpb=320, bsz=64, num_updates=9630, lr=2.59148e-05, gnorm=9, clip=100, loss_scale=64, train_wall=40, gb_free=7.3, wall=55659
2023-04-09 05:11:07 - progress_bar.py[line:272] - INFO: epoch 006:    265 / 1878 loss=3.258, loss_v1=0, loss_v2=0, nll_loss=2.097, ntokens=320, nsentences=64, sample_size=320, sample_size_v1=0, sample_size_v2=0, ppl=4.28, wps=78.3, ups=0.24, wpb=320, bsz=64, num_updates=9640, lr=2.58865e-05, gnorm=9.446, clip=100, loss_scale=64, train_wall=41, gb_free=7.3, wall=55700
2023-04-09 05:11:23 - trainer.py[line:921] - INFO: NOTE: gradient overflow detected, ignoring gradient, setting loss scale to: 32.0
2023-04-09 05:11:52 - progress_bar.py[line:272] - INFO: epoch 006:    276 / 1878 loss=3.254, loss_v1=0, loss_v2=0, nll_loss=2.089, ntokens=320, nsentences=64, sample_size=320, sample_size_v1=0, sample_size_v2=0, ppl=4.25, wps=71, ups=0.22, wpb=320, bsz=64, num_updates=9650, lr=2.58582e-05, gnorm=10.136, clip=100, loss_scale=32, train_wall=45, gb_free=7.3, wall=55745
2023-04-09 05:12:33 - progress_bar.py[line:272] - INFO: epoch 006:    286 / 1878 loss=3.345, loss_v1=0, loss_v2=0, nll_loss=2.194, ntokens=320, nsentences=64, sample_size=320, sample_size_v1=0, sample_size_v2=0, ppl=4.58, wps=78.1, ups=0.24, wpb=320, bsz=64, num_updates=9660, lr=2.58298e-05, gnorm=11.537, clip=100, loss_scale=32, train_wall=41, gb_free=7.3, wall=55786
2023-04-09 05:13:14 - progress_bar.py[line:272] - INFO: epoch 006:    296 / 1878 loss=3.331, loss_v1=0, loss_v2=0, nll_loss=2.182, ntokens=320, nsentences=64, sample_size=320, sample_size_v1=0, sample_size_v2=0, ppl=4.54, wps=78.4, ups=0.24, wpb=320, bsz=64, num_updates=9670, lr=2.58015e-05, gnorm=9.596, clip=100, loss_scale=32, train_wall=41, gb_free=7.3, wall=55827
2023-04-09 05:13:55 - progress_bar.py[line:272] - INFO: epoch 006:    306 / 1878 loss=3.317, loss_v1=0, loss_v2=0, nll_loss=2.169, ntokens=320, nsentences=64, sample_size=320, sample_size_v1=0, sample_size_v2=0, ppl=4.5, wps=78.3, ups=0.24, wpb=320, bsz=64, num_updates=9680, lr=2.57732e-05, gnorm=10.546, clip=100, loss_scale=32, train_wall=41, gb_free=7.3, wall=55868
2023-04-09 05:14:36 - progress_bar.py[line:272] - INFO: epoch 006:    316 / 1878 loss=3.259, loss_v1=0, loss_v2=0, nll_loss=2.105, ntokens=320, nsentences=64, sample_size=320, sample_size_v1=0, sample_size_v2=0, ppl=4.3, wps=78.4, ups=0.24, wpb=320, bsz=64, num_updates=9690, lr=2.57449e-05, gnorm=8.915, clip=100, loss_scale=32, train_wall=40, gb_free=7.3, wall=55909
2023-04-09 05:15:16 - progress_bar.py[line:272] - INFO: epoch 006:    326 / 1878 loss=3.272, loss_v1=0, loss_v2=0, nll_loss=2.113, ntokens=320, nsentences=64, sample_size=320, sample_size_v1=0, sample_size_v2=0, ppl=4.33, wps=78.3, ups=0.24, wpb=320, bsz=64, num_updates=9700, lr=2.57166e-05, gnorm=10.898, clip=100, loss_scale=32, train_wall=41, gb_free=7.3, wall=55950
2023-04-09 05:15:57 - progress_bar.py[line:272] - INFO: epoch 006:    336 / 1878 loss=3.286, loss_v1=0, loss_v2=0, nll_loss=2.128, ntokens=320, nsentences=64, sample_size=320, sample_size_v1=0, sample_size_v2=0, ppl=4.37, wps=78.7, ups=0.25, wpb=320, bsz=64, num_updates=9710, lr=2.56882e-05, gnorm=10.463, clip=100, loss_scale=32, train_wall=40, gb_free=7.3, wall=55990
2023-04-09 05:16:38 - progress_bar.py[line:272] - INFO: epoch 006:    346 / 1878 loss=3.254, loss_v1=0, loss_v2=0, nll_loss=2.093, ntokens=320, nsentences=64, sample_size=320, sample_size_v1=0, sample_size_v2=0, ppl=4.27, wps=78.7, ups=0.25, wpb=320, bsz=64, num_updates=9720, lr=2.56599e-05, gnorm=9.852, clip=100, loss_scale=32, train_wall=40, gb_free=7.3, wall=56031
2023-04-09 05:17:19 - progress_bar.py[line:272] - INFO: epoch 006:    356 / 1878 loss=3.261, loss_v1=0, loss_v2=0, nll_loss=2.102, ntokens=320, nsentences=64, sample_size=320, sample_size_v1=0, sample_size_v2=0, ppl=4.29, wps=78.5, ups=0.25, wpb=320, bsz=64, num_updates=9730, lr=2.56316e-05, gnorm=9.185, clip=100, loss_scale=32, train_wall=41, gb_free=7.3, wall=56072
2023-04-09 05:17:59 - progress_bar.py[line:272] - INFO: epoch 006:    366 / 1878 loss=3.324, loss_v1=0, loss_v2=0, nll_loss=2.176, ntokens=320, nsentences=64, sample_size=320, sample_size_v1=0, sample_size_v2=0, ppl=4.52, wps=78.4, ups=0.24, wpb=320, bsz=64, num_updates=9740, lr=2.56033e-05, gnorm=10.095, clip=100, loss_scale=32, train_wall=41, gb_free=7.3, wall=56112
2023-04-09 05:18:40 - progress_bar.py[line:272] - INFO: epoch 006:    376 / 1878 loss=3.333, loss_v1=0, loss_v2=0, nll_loss=2.188, ntokens=320, nsentences=64, sample_size=320, sample_size_v1=0, sample_size_v2=0, ppl=4.56, wps=77.8, ups=0.24, wpb=320, bsz=64, num_updates=9750, lr=2.55749e-05, gnorm=10.795, clip=100, loss_scale=32, train_wall=41, gb_free=7.3, wall=56154
2023-04-09 05:19:21 - progress_bar.py[line:272] - INFO: epoch 006:    386 / 1878 loss=3.264, loss_v1=0, loss_v2=0, nll_loss=2.108, ntokens=320, nsentences=64, sample_size=320, sample_size_v1=0, sample_size_v2=0, ppl=4.31, wps=78.2, ups=0.24, wpb=320, bsz=64, num_updates=9760, lr=2.55466e-05, gnorm=10.437, clip=100, loss_scale=32, train_wall=41, gb_free=7.3, wall=56195
2023-04-09 05:20:02 - progress_bar.py[line:272] - INFO: epoch 006:    396 / 1878 loss=3.309, loss_v1=0, loss_v2=0, nll_loss=2.152, ntokens=320, nsentences=64, sample_size=320, sample_size_v1=0, sample_size_v2=0, ppl=4.44, wps=78.5, ups=0.25, wpb=320, bsz=64, num_updates=9770, lr=2.55183e-05, gnorm=11.532, clip=100, loss_scale=32, train_wall=41, gb_free=7.3, wall=56235
2023-04-09 05:20:43 - progress_bar.py[line:272] - INFO: epoch 006:    406 / 1878 loss=3.262, loss_v1=0, loss_v2=0, nll_loss=2.101, ntokens=320, nsentences=64, sample_size=320, sample_size_v1=0, sample_size_v2=0, ppl=4.29, wps=78.3, ups=0.24, wpb=320, bsz=64, num_updates=9780, lr=2.549e-05, gnorm=9.034, clip=100, loss_scale=32, train_wall=41, gb_free=7.3, wall=56276
2023-04-09 05:21:24 - progress_bar.py[line:272] - INFO: epoch 006:    416 / 1878 loss=3.261, loss_v1=0, loss_v2=0, nll_loss=2.101, ntokens=320, nsentences=64, sample_size=320, sample_size_v1=0, sample_size_v2=0, ppl=4.29, wps=78.6, ups=0.25, wpb=320, bsz=64, num_updates=9790, lr=2.54617e-05, gnorm=10.125, clip=100, loss_scale=32, train_wall=41, gb_free=7.3, wall=56317
2023-04-09 05:22:04 - progress_bar.py[line:272] - INFO: epoch 006:    426 / 1878 loss=3.314, loss_v1=0, loss_v2=0, nll_loss=2.165, ntokens=320, nsentences=64, sample_size=320, sample_size_v1=0, sample_size_v2=0, ppl=4.48, wps=78.9, ups=0.25, wpb=320, bsz=64, num_updates=9800, lr=2.54333e-05, gnorm=11.623, clip=100, loss_scale=32, train_wall=40, gb_free=7.3, wall=56357
2023-04-09 05:22:45 - progress_bar.py[line:272] - INFO: epoch 006:    436 / 1878 loss=3.298, loss_v1=0, loss_v2=0, nll_loss=2.148, ntokens=320, nsentences=64, sample_size=320, sample_size_v1=0, sample_size_v2=0, ppl=4.43, wps=78.3, ups=0.24, wpb=320, bsz=64, num_updates=9810, lr=2.5405e-05, gnorm=9.182, clip=100, loss_scale=32, train_wall=41, gb_free=7.3, wall=56398
2023-04-09 05:23:26 - progress_bar.py[line:272] - INFO: epoch 006:    446 / 1878 loss=3.319, loss_v1=0, loss_v2=0, nll_loss=2.171, ntokens=320, nsentences=64, sample_size=320, sample_size_v1=0, sample_size_v2=0, ppl=4.5, wps=78.4, ups=0.24, wpb=320, bsz=64, num_updates=9820, lr=2.53767e-05, gnorm=9.869, clip=100, loss_scale=32, train_wall=41, gb_free=7.3, wall=56439
2023-04-09 05:24:07 - progress_bar.py[line:272] - INFO: epoch 006:    456 / 1878 loss=3.286, loss_v1=0, loss_v2=0, nll_loss=2.136, ntokens=320, nsentences=64, sample_size=320, sample_size_v1=0, sample_size_v2=0, ppl=4.4, wps=78.8, ups=0.25, wpb=320, bsz=64, num_updates=9830, lr=2.53484e-05, gnorm=11.213, clip=100, loss_scale=32, train_wall=40, gb_free=7.3, wall=56480
2023-04-09 05:24:47 - progress_bar.py[line:272] - INFO: epoch 006:    466 / 1878 loss=3.24, loss_v1=0, loss_v2=0, nll_loss=2.078, ntokens=320, nsentences=64, sample_size=320, sample_size_v1=0, sample_size_v2=0, ppl=4.22, wps=78.7, ups=0.25, wpb=320, bsz=64, num_updates=9840, lr=2.532e-05, gnorm=9.415, clip=100, loss_scale=32, train_wall=40, gb_free=7.3, wall=56520
2023-04-09 05:25:28 - progress_bar.py[line:272] - INFO: epoch 006:    476 / 1878 loss=3.311, loss_v1=0, loss_v2=0, nll_loss=2.158, ntokens=320, nsentences=64, sample_size=320, sample_size_v1=0, sample_size_v2=0, ppl=4.46, wps=78.7, ups=0.25, wpb=320, bsz=64, num_updates=9850, lr=2.52917e-05, gnorm=11.673, clip=100, loss_scale=32, train_wall=40, gb_free=7.3, wall=56561
2023-04-09 05:26:08 - progress_bar.py[line:272] - INFO: epoch 006:    486 / 1878 loss=3.265, loss_v1=0, loss_v2=0, nll_loss=2.108, ntokens=320, nsentences=64, sample_size=320, sample_size_v1=0, sample_size_v2=0, ppl=4.31, wps=78.9, ups=0.25, wpb=320, bsz=64, num_updates=9860, lr=2.52634e-05, gnorm=10.351, clip=100, loss_scale=32, train_wall=40, gb_free=7.3, wall=56602
2023-04-09 05:26:49 - progress_bar.py[line:272] - INFO: epoch 006:    496 / 1878 loss=3.22, loss_v1=0, loss_v2=0, nll_loss=2.06, ntokens=320, nsentences=64, sample_size=320, sample_size_v1=0, sample_size_v2=0, ppl=4.17, wps=78.4, ups=0.25, wpb=320, bsz=64, num_updates=9870, lr=2.52351e-05, gnorm=10.063, clip=100, loss_scale=32, train_wall=41, gb_free=7.3, wall=56642
2023-04-09 05:27:30 - progress_bar.py[line:272] - INFO: epoch 006:    506 / 1878 loss=3.336, loss_v1=0, loss_v2=0, nll_loss=2.186, ntokens=320, nsentences=64, sample_size=320, sample_size_v1=0, sample_size_v2=0, ppl=4.55, wps=78.5, ups=0.25, wpb=320, bsz=64, num_updates=9880, lr=2.52068e-05, gnorm=10.368, clip=100, loss_scale=32, train_wall=41, gb_free=7.3, wall=56683
2023-04-09 05:28:12 - progress_bar.py[line:272] - INFO: epoch 006:    516 / 1878 loss=3.262, loss_v1=0, loss_v2=0, nll_loss=2.105, ntokens=320, nsentences=64, sample_size=320, sample_size_v1=0, sample_size_v2=0, ppl=4.3, wps=76.4, ups=0.24, wpb=320, bsz=64, num_updates=9890, lr=2.51784e-05, gnorm=10.401, clip=100, loss_scale=32, train_wall=42, gb_free=7.3, wall=56725
2023-04-09 05:28:53 - progress_bar.py[line:272] - INFO: epoch 006:    526 / 1878 loss=3.302, loss_v1=0, loss_v2=0, nll_loss=2.151, ntokens=320, nsentences=64, sample_size=320, sample_size_v1=0, sample_size_v2=0, ppl=4.44, wps=77.8, ups=0.24, wpb=320, bsz=64, num_updates=9900, lr=2.51501e-05, gnorm=9.559, clip=100, loss_scale=32, train_wall=41, gb_free=7.3, wall=56766
2023-04-09 05:29:34 - progress_bar.py[line:272] - INFO: epoch 006:    536 / 1878 loss=3.264, loss_v1=0, loss_v2=0, nll_loss=2.106, ntokens=320, nsentences=64, sample_size=320, sample_size_v1=0, sample_size_v2=0, ppl=4.3, wps=78.2, ups=0.24, wpb=320, bsz=64, num_updates=9910, lr=2.51218e-05, gnorm=10.146, clip=100, loss_scale=32, train_wall=41, gb_free=7.3, wall=56807
2023-04-09 05:30:15 - progress_bar.py[line:272] - INFO: epoch 006:    546 / 1878 loss=3.254, loss_v1=0, loss_v2=0, nll_loss=2.097, ntokens=320, nsentences=64, sample_size=320, sample_size_v1=0, sample_size_v2=0, ppl=4.28, wps=78.4, ups=0.25, wpb=320, bsz=64, num_updates=9920, lr=2.50935e-05, gnorm=10.515, clip=100, loss_scale=32, train_wall=41, gb_free=7.3, wall=56848
2023-04-09 05:30:56 - progress_bar.py[line:272] - INFO: epoch 006:    556 / 1878 loss=3.34, loss_v1=0, loss_v2=0, nll_loss=2.195, ntokens=320, nsentences=64, sample_size=320, sample_size_v1=0, sample_size_v2=0, ppl=4.58, wps=78.4, ups=0.25, wpb=320, bsz=64, num_updates=9930, lr=2.50651e-05, gnorm=10.396, clip=100, loss_scale=32, train_wall=40, gb_free=7.3, wall=56889
2023-04-09 05:31:36 - progress_bar.py[line:272] - INFO: epoch 006:    566 / 1878 loss=3.276, loss_v1=0, loss_v2=0, nll_loss=2.122, ntokens=320, nsentences=64, sample_size=320, sample_size_v1=0, sample_size_v2=0, ppl=4.35, wps=78.5, ups=0.25, wpb=320, bsz=64, num_updates=9940, lr=2.50368e-05, gnorm=9.77, clip=100, loss_scale=32, train_wall=41, gb_free=7.3, wall=56930
2023-04-09 05:32:17 - progress_bar.py[line:272] - INFO: epoch 006:    576 / 1878 loss=3.296, loss_v1=0, loss_v2=0, nll_loss=2.142, ntokens=320, nsentences=64, sample_size=320, sample_size_v1=0, sample_size_v2=0, ppl=4.41, wps=78.8, ups=0.25, wpb=320, bsz=64, num_updates=9950, lr=2.50085e-05, gnorm=10.007, clip=100, loss_scale=32, train_wall=40, gb_free=7.3, wall=56970
2023-04-09 05:32:58 - progress_bar.py[line:272] - INFO: epoch 006:    586 / 1878 loss=3.359, loss_v1=0, loss_v2=0, nll_loss=2.216, ntokens=320, nsentences=64, sample_size=320, sample_size_v1=0, sample_size_v2=0, ppl=4.65, wps=78.7, ups=0.25, wpb=320, bsz=64, num_updates=9960, lr=2.49802e-05, gnorm=10.331, clip=100, loss_scale=32, train_wall=40, gb_free=7.3, wall=57011
2023-04-09 05:33:38 - progress_bar.py[line:272] - INFO: epoch 006:    596 / 1878 loss=3.297, loss_v1=0, loss_v2=0, nll_loss=2.144, ntokens=320, nsentences=64, sample_size=320, sample_size_v1=0, sample_size_v2=0, ppl=4.42, wps=78.5, ups=0.25, wpb=320, bsz=64, num_updates=9970, lr=2.49519e-05, gnorm=9.567, clip=100, loss_scale=32, train_wall=41, gb_free=7.3, wall=57052
2023-04-09 05:34:19 - progress_bar.py[line:272] - INFO: epoch 006:    606 / 1878 loss=3.286, loss_v1=0, loss_v2=0, nll_loss=2.133, ntokens=320, nsentences=64, sample_size=320, sample_size_v1=0, sample_size_v2=0, ppl=4.39, wps=78.2, ups=0.24, wpb=320, bsz=64, num_updates=9980, lr=2.49235e-05, gnorm=10.873, clip=100, loss_scale=32, train_wall=41, gb_free=7.3, wall=57092
2023-04-09 05:35:00 - progress_bar.py[line:272] - INFO: epoch 006:    616 / 1878 loss=3.269, loss_v1=0, loss_v2=0, nll_loss=2.112, ntokens=320, nsentences=64, sample_size=320, sample_size_v1=0, sample_size_v2=0, ppl=4.32, wps=78.3, ups=0.24, wpb=320, bsz=64, num_updates=9990, lr=2.48952e-05, gnorm=9.439, clip=100, loss_scale=32, train_wall=41, gb_free=7.3, wall=57133
slice_id 1 seek offset 5379
2023-04-09 05:35:41 - progress_bar.py[line:272] - INFO: epoch 006:    626 / 1878 loss=3.288, loss_v1=0, loss_v2=0, nll_loss=2.131, ntokens=320, nsentences=64, sample_size=320, sample_size_v1=0, sample_size_v2=0, ppl=4.38, wps=78.4, ups=0.25, wpb=320, bsz=64, num_updates=10000, lr=2.48669e-05, gnorm=10.386, clip=100, loss_scale=32, train_wall=41, gb_free=7.3, wall=57174
2023-04-09 05:35:41 - train.py[line:445] - INFO: begin validation on "valid" subset
slice_id 0 seek offset 0
slice_id 0 seek offset 0
slice_id 1 seek offset 5379
2023-04-09 05:46:53 - progress_bar.py[line:282] - INFO: epoch 006 | valid on 'valid' subset | loss 5.044 | loss_v1 0 | loss_v2 0 | nll_loss 4.072 | ntokens 39.993 | nsentences 7.999 | sample_size 39.993 | sample_size_v1 0 | sample_size_v2 0 | ppl 16.82 | score 0.3802 | wps 80 | wpb 40 | bsz 8 | num_updates 10000 | best_score 0.4586
2023-04-09 05:46:53 - checkpoint_utils.py[line:64] - INFO: Preparing to save checkpoint for epoch 6 @ 10000 updates
2023-04-09 05:46:53 - trainer.py[line:431] - INFO: Saving checkpoint to ./refcocoplus_EC_checkpoints_exp2/10_5e-5_512/checkpoint_6_10000.pt
2023-04-09 05:47:14 - trainer.py[line:441] - INFO: Finished saving checkpoint to ./refcocoplus_EC_checkpoints_exp2/10_5e-5_512/checkpoint_6_10000.pt
2023-04-09 05:47:23 - checkpoint_utils.py[line:133] - INFO: Saved checkpoint ./refcocoplus_EC_checkpoints_exp2/10_5e-5_512/checkpoint_6_10000.pt (epoch 6 @ 10000 updates, score 0.3802) (writing took 29.33780333120376 seconds)
2023-04-09 05:48:03 - progress_bar.py[line:272] - INFO: epoch 006:    636 / 1878 loss=3.297, loss_v1=0, loss_v2=0, nll_loss=2.141, ntokens=320, nsentences=64, sample_size=320, sample_size_v1=0, sample_size_v2=0, ppl=4.41, wps=4.3, ups=0.01, wpb=320, bsz=64, num_updates=10010, lr=2.48386e-05, gnorm=9.521, clip=100, loss_scale=32, train_wall=40, gb_free=7.3, wall=57916
2023-04-09 05:48:43 - progress_bar.py[line:272] - INFO: epoch 006:    646 / 1878 loss=3.281, loss_v1=0, loss_v2=0, nll_loss=2.13, ntokens=320, nsentences=64, sample_size=320, sample_size_v1=0, sample_size_v2=0, ppl=4.38, wps=78.7, ups=0.25, wpb=320, bsz=64, num_updates=10020, lr=2.48102e-05, gnorm=11.565, clip=100, loss_scale=32, train_wall=41, gb_free=7.3, wall=57957
2023-04-09 05:49:24 - progress_bar.py[line:272] - INFO: epoch 006:    656 / 1878 loss=3.265, loss_v1=0, loss_v2=0, nll_loss=2.109, ntokens=320, nsentences=64, sample_size=320, sample_size_v1=0, sample_size_v2=0, ppl=4.31, wps=78.5, ups=0.25, wpb=320, bsz=64, num_updates=10030, lr=2.47819e-05, gnorm=10.059, clip=100, loss_scale=32, train_wall=40, gb_free=7.3, wall=57997
2023-04-09 05:49:45 - trainer.py[line:921] - INFO: NOTE: gradient overflow detected, ignoring gradient, setting loss scale to: 16.0
2023-04-09 05:50:09 - progress_bar.py[line:272] - INFO: epoch 006:    667 / 1878 loss=3.316, loss_v1=0, loss_v2=0, nll_loss=2.163, ntokens=320, nsentences=64, sample_size=320, sample_size_v1=0, sample_size_v2=0, ppl=4.48, wps=70.9, ups=0.22, wpb=320, bsz=64, num_updates=10040, lr=2.47536e-05, gnorm=10.414, clip=100, loss_scale=16, train_wall=45, gb_free=7.3, wall=58042
2023-04-09 05:50:50 - progress_bar.py[line:272] - INFO: epoch 006:    677 / 1878 loss=3.281, loss_v1=0, loss_v2=0, nll_loss=2.128, ntokens=320, nsentences=64, sample_size=320, sample_size_v1=0, sample_size_v2=0, ppl=4.37, wps=78.3, ups=0.24, wpb=320, bsz=64, num_updates=10050, lr=2.47253e-05, gnorm=11.009, clip=100, loss_scale=16, train_wall=41, gb_free=7.3, wall=58083
2023-04-09 05:51:31 - progress_bar.py[line:272] - INFO: epoch 006:    687 / 1878 loss=3.32, loss_v1=0, loss_v2=0, nll_loss=2.171, ntokens=320, nsentences=64, sample_size=320, sample_size_v1=0, sample_size_v2=0, ppl=4.5, wps=78.1, ups=0.24, wpb=320, bsz=64, num_updates=10060, lr=2.4697e-05, gnorm=9.932, clip=100, loss_scale=16, train_wall=41, gb_free=7.3, wall=58124
2023-04-09 05:52:12 - progress_bar.py[line:272] - INFO: epoch 006:    697 / 1878 loss=3.268, loss_v1=0, loss_v2=0, nll_loss=2.113, ntokens=320, nsentences=64, sample_size=320, sample_size_v1=0, sample_size_v2=0, ppl=4.33, wps=78.8, ups=0.25, wpb=320, bsz=64, num_updates=10070, lr=2.46686e-05, gnorm=9.802, clip=100, loss_scale=16, train_wall=40, gb_free=7.3, wall=58165
2023-04-09 05:52:52 - progress_bar.py[line:272] - INFO: epoch 006:    707 / 1878 loss=3.299, loss_v1=0, loss_v2=0, nll_loss=2.148, ntokens=320, nsentences=64, sample_size=320, sample_size_v1=0, sample_size_v2=0, ppl=4.43, wps=78.8, ups=0.25, wpb=320, bsz=64, num_updates=10080, lr=2.46403e-05, gnorm=9.793, clip=100, loss_scale=16, train_wall=40, gb_free=7.3, wall=58206
2023-04-09 05:53:33 - progress_bar.py[line:272] - INFO: epoch 006:    717 / 1878 loss=3.204, loss_v1=0, loss_v2=0, nll_loss=2.036, ntokens=320, nsentences=64, sample_size=320, sample_size_v1=0, sample_size_v2=0, ppl=4.1, wps=78.6, ups=0.25, wpb=320, bsz=64, num_updates=10090, lr=2.4612e-05, gnorm=9.204, clip=100, loss_scale=16, train_wall=40, gb_free=7.3, wall=58246
2023-04-09 05:54:14 - progress_bar.py[line:272] - INFO: epoch 006:    727 / 1878 loss=3.264, loss_v1=0, loss_v2=0, nll_loss=2.102, ntokens=320, nsentences=64, sample_size=320, sample_size_v1=0, sample_size_v2=0, ppl=4.29, wps=78.7, ups=0.25, wpb=320, bsz=64, num_updates=10100, lr=2.45837e-05, gnorm=10.813, clip=100, loss_scale=16, train_wall=40, gb_free=7.3, wall=58287
2023-04-09 05:54:55 - progress_bar.py[line:272] - INFO: epoch 006:    737 / 1878 loss=3.257, loss_v1=0, loss_v2=0, nll_loss=2.103, ntokens=320, nsentences=64, sample_size=320, sample_size_v1=0, sample_size_v2=0, ppl=4.3, wps=78.4, ups=0.25, wpb=320, bsz=64, num_updates=10110, lr=2.45553e-05, gnorm=9.949, clip=100, loss_scale=16, train_wall=41, gb_free=7.3, wall=58328
2023-04-09 05:55:35 - progress_bar.py[line:272] - INFO: epoch 006:    747 / 1878 loss=3.228, loss_v1=0, loss_v2=0, nll_loss=2.061, ntokens=320, nsentences=64, sample_size=320, sample_size_v1=0, sample_size_v2=0, ppl=4.17, wps=78.8, ups=0.25, wpb=320, bsz=64, num_updates=10120, lr=2.4527e-05, gnorm=9.778, clip=100, loss_scale=16, train_wall=40, gb_free=7.3, wall=58368
2023-04-09 05:56:16 - progress_bar.py[line:272] - INFO: epoch 006:    757 / 1878 loss=3.2, loss_v1=0, loss_v2=0, nll_loss=2.035, ntokens=320, nsentences=64, sample_size=320, sample_size_v1=0, sample_size_v2=0, ppl=4.1, wps=78.8, ups=0.25, wpb=320, bsz=64, num_updates=10130, lr=2.44987e-05, gnorm=9.57, clip=100, loss_scale=16, train_wall=40, gb_free=7.3, wall=58409
2023-04-09 05:56:57 - progress_bar.py[line:272] - INFO: epoch 006:    767 / 1878 loss=3.259, loss_v1=0, loss_v2=0, nll_loss=2.102, ntokens=320, nsentences=64, sample_size=320, sample_size_v1=0, sample_size_v2=0, ppl=4.29, wps=78.6, ups=0.25, wpb=320, bsz=64, num_updates=10140, lr=2.44704e-05, gnorm=9.202, clip=100, loss_scale=16, train_wall=40, gb_free=7.3, wall=58450
2023-04-09 05:57:37 - progress_bar.py[line:272] - INFO: epoch 006:    777 / 1878 loss=3.201, loss_v1=0, loss_v2=0, nll_loss=2.031, ntokens=320, nsentences=64, sample_size=320, sample_size_v1=0, sample_size_v2=0, ppl=4.09, wps=78.3, ups=0.24, wpb=320, bsz=64, num_updates=10150, lr=2.44421e-05, gnorm=8.881, clip=100, loss_scale=16, train_wall=41, gb_free=7.3, wall=58491
2023-04-09 05:58:18 - progress_bar.py[line:272] - INFO: epoch 006:    787 / 1878 loss=3.201, loss_v1=0, loss_v2=0, nll_loss=2.031, ntokens=320, nsentences=64, sample_size=320, sample_size_v1=0, sample_size_v2=0, ppl=4.09, wps=78.5, ups=0.25, wpb=320, bsz=64, num_updates=10160, lr=2.44137e-05, gnorm=8.891, clip=100, loss_scale=16, train_wall=41, gb_free=7.3, wall=58531
2023-04-09 05:58:59 - progress_bar.py[line:272] - INFO: epoch 006:    797 / 1878 loss=3.223, loss_v1=0, loss_v2=0, nll_loss=2.057, ntokens=320, nsentences=64, sample_size=320, sample_size_v1=0, sample_size_v2=0, ppl=4.16, wps=78.8, ups=0.25, wpb=320, bsz=64, num_updates=10170, lr=2.43854e-05, gnorm=9.726, clip=100, loss_scale=16, train_wall=40, gb_free=7.3, wall=58572
2023-04-09 05:59:40 - progress_bar.py[line:272] - INFO: epoch 006:    807 / 1878 loss=3.225, loss_v1=0, loss_v2=0, nll_loss=2.059, ntokens=320, nsentences=64, sample_size=320, sample_size_v1=0, sample_size_v2=0, ppl=4.17, wps=78.4, ups=0.24, wpb=320, bsz=64, num_updates=10180, lr=2.43571e-05, gnorm=10.223, clip=100, loss_scale=16, train_wall=41, gb_free=7.3, wall=58613
2023-04-09 06:00:20 - progress_bar.py[line:272] - INFO: epoch 006:    817 / 1878 loss=3.211, loss_v1=0, loss_v2=0, nll_loss=2.041, ntokens=320, nsentences=64, sample_size=320, sample_size_v1=0, sample_size_v2=0, ppl=4.11, wps=78.5, ups=0.25, wpb=320, bsz=64, num_updates=10190, lr=2.43288e-05, gnorm=8.519, clip=100, loss_scale=16, train_wall=41, gb_free=7.3, wall=58654
2023-04-09 06:01:01 - progress_bar.py[line:272] - INFO: epoch 006:    827 / 1878 loss=3.264, loss_v1=0, loss_v2=0, nll_loss=2.103, ntokens=320, nsentences=64, sample_size=320, sample_size_v1=0, sample_size_v2=0, ppl=4.3, wps=78, ups=0.24, wpb=320, bsz=64, num_updates=10200, lr=2.43004e-05, gnorm=10.224, clip=100, loss_scale=16, train_wall=41, gb_free=7.3, wall=58695
2023-04-09 06:01:43 - progress_bar.py[line:272] - INFO: epoch 006:    837 / 1878 loss=3.224, loss_v1=0, loss_v2=0, nll_loss=2.059, ntokens=320, nsentences=64, sample_size=320, sample_size_v1=0, sample_size_v2=0, ppl=4.17, wps=77.8, ups=0.24, wpb=320, bsz=64, num_updates=10210, lr=2.42721e-05, gnorm=9.221, clip=100, loss_scale=16, train_wall=41, gb_free=7.3, wall=58736
2023-04-09 06:02:23 - progress_bar.py[line:272] - INFO: epoch 006:    847 / 1878 loss=3.218, loss_v1=0, loss_v2=0, nll_loss=2.054, ntokens=320, nsentences=64, sample_size=320, sample_size_v1=0, sample_size_v2=0, ppl=4.15, wps=78.3, ups=0.24, wpb=320, bsz=64, num_updates=10220, lr=2.42438e-05, gnorm=9.243, clip=100, loss_scale=16, train_wall=41, gb_free=7.3, wall=58777
2023-04-09 06:03:04 - progress_bar.py[line:272] - INFO: epoch 006:    857 / 1878 loss=3.221, loss_v1=0, loss_v2=0, nll_loss=2.054, ntokens=320, nsentences=64, sample_size=320, sample_size_v1=0, sample_size_v2=0, ppl=4.15, wps=78.6, ups=0.25, wpb=320, bsz=64, num_updates=10230, lr=2.42155e-05, gnorm=9.164, clip=100, loss_scale=16, train_wall=40, gb_free=7.3, wall=58817
2023-04-09 06:03:45 - progress_bar.py[line:272] - INFO: epoch 006:    867 / 1878 loss=3.236, loss_v1=0, loss_v2=0, nll_loss=2.073, ntokens=320, nsentences=64, sample_size=320, sample_size_v1=0, sample_size_v2=0, ppl=4.21, wps=78.4, ups=0.24, wpb=320, bsz=64, num_updates=10240, lr=2.41872e-05, gnorm=9.509, clip=100, loss_scale=16, train_wall=41, gb_free=7.3, wall=58858
2023-04-09 06:04:26 - progress_bar.py[line:272] - INFO: epoch 006:    877 / 1878 loss=3.215, loss_v1=0, loss_v2=0, nll_loss=2.051, ntokens=320, nsentences=64, sample_size=320, sample_size_v1=0, sample_size_v2=0, ppl=4.14, wps=78.3, ups=0.24, wpb=320, bsz=64, num_updates=10250, lr=2.41588e-05, gnorm=9.441, clip=100, loss_scale=16, train_wall=41, gb_free=7.3, wall=58899
2023-04-09 06:05:07 - progress_bar.py[line:272] - INFO: epoch 006:    887 / 1878 loss=3.214, loss_v1=0, loss_v2=0, nll_loss=2.047, ntokens=320, nsentences=64, sample_size=320, sample_size_v1=0, sample_size_v2=0, ppl=4.13, wps=78.5, ups=0.25, wpb=320, bsz=64, num_updates=10260, lr=2.41305e-05, gnorm=9.529, clip=100, loss_scale=16, train_wall=41, gb_free=7.3, wall=58940
2023-04-09 06:05:47 - progress_bar.py[line:272] - INFO: epoch 006:    897 / 1878 loss=3.211, loss_v1=0, loss_v2=0, nll_loss=2.04, ntokens=320, nsentences=64, sample_size=320, sample_size_v1=0, sample_size_v2=0, ppl=4.11, wps=78.9, ups=0.25, wpb=320, bsz=64, num_updates=10270, lr=2.41022e-05, gnorm=9.484, clip=100, loss_scale=16, train_wall=40, gb_free=7.3, wall=58980
2023-04-09 06:06:28 - progress_bar.py[line:272] - INFO: epoch 006:    907 / 1878 loss=3.213, loss_v1=0, loss_v2=0, nll_loss=2.047, ntokens=320, nsentences=64, sample_size=320, sample_size_v1=0, sample_size_v2=0, ppl=4.13, wps=78.7, ups=0.25, wpb=320, bsz=64, num_updates=10280, lr=2.40739e-05, gnorm=9.032, clip=100, loss_scale=16, train_wall=40, gb_free=7.3, wall=59021
2023-04-09 06:07:09 - progress_bar.py[line:272] - INFO: epoch 006:    917 / 1878 loss=3.211, loss_v1=0, loss_v2=0, nll_loss=2.044, ntokens=320, nsentences=64, sample_size=320, sample_size_v1=0, sample_size_v2=0, ppl=4.12, wps=78.4, ups=0.24, wpb=320, bsz=64, num_updates=10290, lr=2.40455e-05, gnorm=9.282, clip=100, loss_scale=16, train_wall=41, gb_free=7.3, wall=59062
2023-04-09 06:07:50 - progress_bar.py[line:272] - INFO: epoch 006:    927 / 1878 loss=3.219, loss_v1=0, loss_v2=0, nll_loss=2.051, ntokens=320, nsentences=64, sample_size=320, sample_size_v1=0, sample_size_v2=0, ppl=4.14, wps=78.2, ups=0.24, wpb=320, bsz=64, num_updates=10300, lr=2.40172e-05, gnorm=10.249, clip=100, loss_scale=16, train_wall=41, gb_free=7.3, wall=59103
2023-04-09 06:08:30 - progress_bar.py[line:272] - INFO: epoch 006:    937 / 1878 loss=3.196, loss_v1=0, loss_v2=0, nll_loss=2.027, ntokens=320, nsentences=64, sample_size=320, sample_size_v1=0, sample_size_v2=0, ppl=4.08, wps=78.4, ups=0.25, wpb=320, bsz=64, num_updates=10310, lr=2.39889e-05, gnorm=9.212, clip=100, loss_scale=16, train_wall=41, gb_free=7.3, wall=59144
2023-04-09 06:09:11 - progress_bar.py[line:272] - INFO: epoch 006:    947 / 1878 loss=3.215, loss_v1=0, loss_v2=0, nll_loss=2.051, ntokens=320, nsentences=64, sample_size=320, sample_size_v1=0, sample_size_v2=0, ppl=4.14, wps=77.9, ups=0.24, wpb=320, bsz=64, num_updates=10320, lr=2.39606e-05, gnorm=9.424, clip=100, loss_scale=16, train_wall=41, gb_free=7.3, wall=59185
2023-04-09 06:09:53 - progress_bar.py[line:272] - INFO: epoch 006:    957 / 1878 loss=3.19, loss_v1=0, loss_v2=0, nll_loss=2.023, ntokens=320, nsentences=64, sample_size=320, sample_size_v1=0, sample_size_v2=0, ppl=4.07, wps=77.9, ups=0.24, wpb=320, bsz=64, num_updates=10330, lr=2.39323e-05, gnorm=8.889, clip=100, loss_scale=16, train_wall=41, gb_free=7.3, wall=59226
2023-04-09 06:10:34 - progress_bar.py[line:272] - INFO: epoch 006:    967 / 1878 loss=3.16, loss_v1=0, loss_v2=0, nll_loss=1.989, ntokens=320, nsentences=64, sample_size=320, sample_size_v1=0, sample_size_v2=0, ppl=3.97, wps=77.8, ups=0.24, wpb=320, bsz=64, num_updates=10340, lr=2.39039e-05, gnorm=8.996, clip=100, loss_scale=16, train_wall=41, gb_free=7.3, wall=59267
2023-04-09 06:11:15 - progress_bar.py[line:272] - INFO: epoch 006:    977 / 1878 loss=3.207, loss_v1=0, loss_v2=0, nll_loss=2.04, ntokens=320, nsentences=64, sample_size=320, sample_size_v1=0, sample_size_v2=0, ppl=4.11, wps=78.4, ups=0.25, wpb=320, bsz=64, num_updates=10350, lr=2.38756e-05, gnorm=9.759, clip=100, loss_scale=16, train_wall=40, gb_free=7.3, wall=59308
2023-04-09 06:11:55 - progress_bar.py[line:272] - INFO: epoch 006:    987 / 1878 loss=3.211, loss_v1=0, loss_v2=0, nll_loss=2.044, ntokens=320, nsentences=64, sample_size=320, sample_size_v1=0, sample_size_v2=0, ppl=4.12, wps=78.3, ups=0.24, wpb=320, bsz=64, num_updates=10360, lr=2.38473e-05, gnorm=9.72, clip=100, loss_scale=16, train_wall=41, gb_free=7.3, wall=59349
2023-04-09 06:12:36 - progress_bar.py[line:272] - INFO: epoch 006:    997 / 1878 loss=3.232, loss_v1=0, loss_v2=0, nll_loss=2.065, ntokens=320, nsentences=64, sample_size=320, sample_size_v1=0, sample_size_v2=0, ppl=4.18, wps=78.6, ups=0.25, wpb=320, bsz=64, num_updates=10370, lr=2.3819e-05, gnorm=9.871, clip=100, loss_scale=16, train_wall=41, gb_free=7.3, wall=59389
2023-04-09 06:13:17 - progress_bar.py[line:272] - INFO: epoch 006:   1007 / 1878 loss=3.22, loss_v1=0, loss_v2=0, nll_loss=2.055, ntokens=320, nsentences=64, sample_size=320, sample_size_v1=0, sample_size_v2=0, ppl=4.16, wps=78.5, ups=0.25, wpb=320, bsz=64, num_updates=10380, lr=2.37906e-05, gnorm=9.3, clip=100, loss_scale=16, train_wall=40, gb_free=7.3, wall=59430
2023-04-09 06:13:58 - progress_bar.py[line:272] - INFO: epoch 006:   1017 / 1878 loss=3.237, loss_v1=0, loss_v2=0, nll_loss=2.075, ntokens=320, nsentences=64, sample_size=320, sample_size_v1=0, sample_size_v2=0, ppl=4.21, wps=78.2, ups=0.24, wpb=320, bsz=64, num_updates=10390, lr=2.37623e-05, gnorm=10.427, clip=100, loss_scale=16, train_wall=41, gb_free=7.3, wall=59471
2023-04-09 06:14:38 - progress_bar.py[line:272] - INFO: epoch 006:   1027 / 1878 loss=3.262, loss_v1=0, loss_v2=0, nll_loss=2.105, ntokens=320, nsentences=64, sample_size=320, sample_size_v1=0, sample_size_v2=0, ppl=4.3, wps=78.7, ups=0.25, wpb=320, bsz=64, num_updates=10400, lr=2.3734e-05, gnorm=9.012, clip=100, loss_scale=16, train_wall=40, gb_free=7.3, wall=59512
2023-04-09 06:15:19 - progress_bar.py[line:272] - INFO: epoch 006:   1037 / 1878 loss=3.193, loss_v1=0, loss_v2=0, nll_loss=2.029, ntokens=320, nsentences=64, sample_size=320, sample_size_v1=0, sample_size_v2=0, ppl=4.08, wps=78.5, ups=0.25, wpb=320, bsz=64, num_updates=10410, lr=2.37057e-05, gnorm=8.999, clip=100, loss_scale=16, train_wall=40, gb_free=7.3, wall=59552
2023-04-09 06:16:00 - progress_bar.py[line:272] - INFO: epoch 006:   1047 / 1878 loss=3.243, loss_v1=0, loss_v2=0, nll_loss=2.083, ntokens=320, nsentences=64, sample_size=320, sample_size_v1=0, sample_size_v2=0, ppl=4.24, wps=78.1, ups=0.24, wpb=320, bsz=64, num_updates=10420, lr=2.36774e-05, gnorm=9.643, clip=100, loss_scale=16, train_wall=41, gb_free=7.3, wall=59593
2023-04-09 06:16:41 - progress_bar.py[line:272] - INFO: epoch 006:   1057 / 1878 loss=3.239, loss_v1=0, loss_v2=0, nll_loss=2.078, ntokens=320, nsentences=64, sample_size=320, sample_size_v1=0, sample_size_v2=0, ppl=4.22, wps=78, ups=0.24, wpb=320, bsz=64, num_updates=10430, lr=2.3649e-05, gnorm=9.633, clip=100, loss_scale=16, train_wall=41, gb_free=7.3, wall=59634
2023-04-09 06:17:22 - progress_bar.py[line:272] - INFO: epoch 006:   1067 / 1878 loss=3.164, loss_v1=0, loss_v2=0, nll_loss=1.993, ntokens=320, nsentences=64, sample_size=320, sample_size_v1=0, sample_size_v2=0, ppl=3.98, wps=77.9, ups=0.24, wpb=320, bsz=64, num_updates=10440, lr=2.36207e-05, gnorm=8.613, clip=100, loss_scale=16, train_wall=41, gb_free=7.3, wall=59675
2023-04-09 06:18:03 - progress_bar.py[line:272] - INFO: epoch 006:   1077 / 1878 loss=3.222, loss_v1=0, loss_v2=0, nll_loss=2.057, ntokens=320, nsentences=64, sample_size=320, sample_size_v1=0, sample_size_v2=0, ppl=4.16, wps=78.4, ups=0.24, wpb=320, bsz=64, num_updates=10450, lr=2.35924e-05, gnorm=10.249, clip=100, loss_scale=16, train_wall=41, gb_free=7.3, wall=59716
2023-04-09 06:18:44 - progress_bar.py[line:272] - INFO: epoch 006:   1087 / 1878 loss=3.233, loss_v1=0, loss_v2=0, nll_loss=2.069, ntokens=320, nsentences=64, sample_size=320, sample_size_v1=0, sample_size_v2=0, ppl=4.2, wps=78.2, ups=0.24, wpb=320, bsz=64, num_updates=10460, lr=2.35641e-05, gnorm=10.174, clip=100, loss_scale=16, train_wall=41, gb_free=7.3, wall=59757
2023-04-09 06:19:25 - progress_bar.py[line:272] - INFO: epoch 006:   1097 / 1878 loss=3.221, loss_v1=0, loss_v2=0, nll_loss=2.056, ntokens=320, nsentences=64, sample_size=320, sample_size_v1=0, sample_size_v2=0, ppl=4.16, wps=78.9, ups=0.25, wpb=320, bsz=64, num_updates=10470, lr=2.35357e-05, gnorm=8.589, clip=100, loss_scale=16, train_wall=40, gb_free=7.3, wall=59798
2023-04-09 06:20:05 - progress_bar.py[line:272] - INFO: epoch 006:   1107 / 1878 loss=3.24, loss_v1=0, loss_v2=0, nll_loss=2.079, ntokens=320, nsentences=64, sample_size=320, sample_size_v1=0, sample_size_v2=0, ppl=4.23, wps=78.8, ups=0.25, wpb=320, bsz=64, num_updates=10480, lr=2.35074e-05, gnorm=8.789, clip=100, loss_scale=16, train_wall=40, gb_free=7.3, wall=59838
2023-04-09 06:20:46 - progress_bar.py[line:272] - INFO: epoch 006:   1117 / 1878 loss=3.154, loss_v1=0, loss_v2=0, nll_loss=1.981, ntokens=320, nsentences=64, sample_size=320, sample_size_v1=0, sample_size_v2=0, ppl=3.95, wps=78.3, ups=0.24, wpb=320, bsz=64, num_updates=10490, lr=2.34791e-05, gnorm=9.168, clip=100, loss_scale=16, train_wall=41, gb_free=7.3, wall=59879
slice_id 1 seek offset 5379
2023-04-09 06:21:27 - progress_bar.py[line:272] - INFO: epoch 006:   1127 / 1878 loss=3.153, loss_v1=0, loss_v2=0, nll_loss=1.983, ntokens=320, nsentences=64, sample_size=320, sample_size_v1=0, sample_size_v2=0, ppl=3.95, wps=78.5, ups=0.25, wpb=320, bsz=64, num_updates=10500, lr=2.34508e-05, gnorm=10.09, clip=100, loss_scale=16, train_wall=41, gb_free=7.3, wall=59920
2023-04-09 06:21:27 - train.py[line:445] - INFO: begin validation on "valid" subset
slice_id 0 seek offset 0
slice_id 1 seek offset 5379
slice_id 0 seek offset 0
2023-04-09 06:32:40 - progress_bar.py[line:282] - INFO: epoch 006 | valid on 'valid' subset | loss 5.16 | loss_v1 0 | loss_v2 0 | nll_loss 4.196 | ntokens 39.993 | nsentences 7.999 | sample_size 39.993 | sample_size_v1 0 | sample_size_v2 0 | ppl 18.33 | score 0.3735 | wps 80 | wpb 40 | bsz 8 | num_updates 10500 | best_score 0.4586
2023-04-09 06:32:40 - checkpoint_utils.py[line:64] - INFO: Preparing to save checkpoint for epoch 6 @ 10500 updates
2023-04-09 06:32:40 - trainer.py[line:431] - INFO: Saving checkpoint to ./refcocoplus_EC_checkpoints_exp2/10_5e-5_512/checkpoint_6_10500.pt
2023-04-09 06:32:58 - trainer.py[line:441] - INFO: Finished saving checkpoint to ./refcocoplus_EC_checkpoints_exp2/10_5e-5_512/checkpoint_6_10500.pt
2023-04-09 06:33:08 - checkpoint_utils.py[line:133] - INFO: Saved checkpoint ./refcocoplus_EC_checkpoints_exp2/10_5e-5_512/checkpoint_6_10500.pt (epoch 6 @ 10500 updates, score 0.3735) (writing took 28.256720014847815 seconds)
2023-04-09 06:33:48 - progress_bar.py[line:272] - INFO: epoch 006:   1137 / 1878 loss=3.207, loss_v1=0, loss_v2=0, nll_loss=2.035, ntokens=320, nsentences=64, sample_size=320, sample_size_v1=0, sample_size_v2=0, ppl=4.1, wps=4.3, ups=0.01, wpb=320, bsz=64, num_updates=10510, lr=2.34225e-05, gnorm=10.266, clip=100, loss_scale=16, train_wall=40, gb_free=7.3, wall=60661
2023-04-09 06:34:29 - progress_bar.py[line:272] - INFO: epoch 006:   1147 / 1878 loss=3.241, loss_v1=0, loss_v2=0, nll_loss=2.074, ntokens=320, nsentences=64, sample_size=320, sample_size_v1=0, sample_size_v2=0, ppl=4.21, wps=78.5, ups=0.25, wpb=320, bsz=64, num_updates=10520, lr=2.33941e-05, gnorm=10.143, clip=100, loss_scale=16, train_wall=40, gb_free=7.3, wall=60702
2023-04-09 06:35:10 - progress_bar.py[line:272] - INFO: epoch 006:   1157 / 1878 loss=3.261, loss_v1=0, loss_v2=0, nll_loss=2.1, ntokens=320, nsentences=64, sample_size=320, sample_size_v1=0, sample_size_v2=0, ppl=4.29, wps=78.3, ups=0.24, wpb=320, bsz=64, num_updates=10530, lr=2.33658e-05, gnorm=9.558, clip=100, loss_scale=16, train_wall=41, gb_free=7.3, wall=60743
2023-04-09 06:35:51 - progress_bar.py[line:272] - INFO: epoch 006:   1167 / 1878 loss=3.225, loss_v1=0, loss_v2=0, nll_loss=2.064, ntokens=320, nsentences=64, sample_size=320, sample_size_v1=0, sample_size_v2=0, ppl=4.18, wps=78.3, ups=0.24, wpb=320, bsz=64, num_updates=10540, lr=2.33375e-05, gnorm=9.237, clip=100, loss_scale=16, train_wall=41, gb_free=7.3, wall=60784
2023-04-09 06:36:32 - progress_bar.py[line:272] - INFO: epoch 006:   1177 / 1878 loss=3.21, loss_v1=0, loss_v2=0, nll_loss=2.043, ntokens=320, nsentences=64, sample_size=320, sample_size_v1=0, sample_size_v2=0, ppl=4.12, wps=78, ups=0.24, wpb=320, bsz=64, num_updates=10550, lr=2.33092e-05, gnorm=10.162, clip=100, loss_scale=32, train_wall=41, gb_free=7.3, wall=60825
2023-04-09 06:37:12 - progress_bar.py[line:272] - INFO: epoch 006:   1187 / 1878 loss=3.22, loss_v1=0, loss_v2=0, nll_loss=2.054, ntokens=320, nsentences=64, sample_size=320, sample_size_v1=0, sample_size_v2=0, ppl=4.15, wps=78.5, ups=0.25, wpb=320, bsz=64, num_updates=10560, lr=2.32808e-05, gnorm=10.593, clip=100, loss_scale=32, train_wall=41, gb_free=7.3, wall=60866
2023-04-09 06:37:54 - progress_bar.py[line:272] - INFO: epoch 006:   1197 / 1878 loss=3.223, loss_v1=0, loss_v2=0, nll_loss=2.056, ntokens=320, nsentences=64, sample_size=320, sample_size_v1=0, sample_size_v2=0, ppl=4.16, wps=77.9, ups=0.24, wpb=320, bsz=64, num_updates=10570, lr=2.32525e-05, gnorm=9.98, clip=100, loss_scale=32, train_wall=41, gb_free=7.3, wall=60907
2023-04-09 06:38:35 - progress_bar.py[line:272] - INFO: epoch 006:   1207 / 1878 loss=3.182, loss_v1=0, loss_v2=0, nll_loss=2.012, ntokens=320, nsentences=64, sample_size=320, sample_size_v1=0, sample_size_v2=0, ppl=4.03, wps=78.1, ups=0.24, wpb=320, bsz=64, num_updates=10580, lr=2.32242e-05, gnorm=10.017, clip=100, loss_scale=32, train_wall=41, gb_free=7.3, wall=60948
2023-04-09 06:39:15 - progress_bar.py[line:272] - INFO: epoch 006:   1217 / 1878 loss=3.208, loss_v1=0, loss_v2=0, nll_loss=2.039, ntokens=320, nsentences=64, sample_size=320, sample_size_v1=0, sample_size_v2=0, ppl=4.11, wps=78.5, ups=0.25, wpb=320, bsz=64, num_updates=10590, lr=2.31959e-05, gnorm=10.135, clip=100, loss_scale=32, train_wall=40, gb_free=7.3, wall=60988
2023-04-09 06:39:56 - progress_bar.py[line:272] - INFO: epoch 006:   1227 / 1878 loss=3.156, loss_v1=0, loss_v2=0, nll_loss=1.983, ntokens=320, nsentences=64, sample_size=320, sample_size_v1=0, sample_size_v2=0, ppl=3.95, wps=78.6, ups=0.25, wpb=320, bsz=64, num_updates=10600, lr=2.31676e-05, gnorm=9.234, clip=100, loss_scale=32, train_wall=40, gb_free=7.3, wall=61029
2023-04-09 06:40:37 - progress_bar.py[line:272] - INFO: epoch 006:   1237 / 1878 loss=3.186, loss_v1=0, loss_v2=0, nll_loss=2.012, ntokens=320, nsentences=64, sample_size=320, sample_size_v1=0, sample_size_v2=0, ppl=4.03, wps=78.9, ups=0.25, wpb=320, bsz=64, num_updates=10610, lr=2.31392e-05, gnorm=9.95, clip=100, loss_scale=32, train_wall=40, gb_free=7.3, wall=61070
2023-04-09 06:41:17 - progress_bar.py[line:272] - INFO: epoch 006:   1247 / 1878 loss=3.172, loss_v1=0, loss_v2=0, nll_loss=2, ntokens=320, nsentences=64, sample_size=320, sample_size_v1=0, sample_size_v2=0, ppl=4, wps=78.7, ups=0.25, wpb=320, bsz=64, num_updates=10620, lr=2.31109e-05, gnorm=8.998, clip=100, loss_scale=32, train_wall=40, gb_free=7.3, wall=61110
2023-04-09 06:41:58 - progress_bar.py[line:272] - INFO: epoch 006:   1257 / 1878 loss=3.159, loss_v1=0, loss_v2=0, nll_loss=1.984, ntokens=320, nsentences=64, sample_size=320, sample_size_v1=0, sample_size_v2=0, ppl=3.96, wps=78.8, ups=0.25, wpb=320, bsz=64, num_updates=10630, lr=2.30826e-05, gnorm=9.193, clip=100, loss_scale=32, train_wall=40, gb_free=7.3, wall=61151
2023-04-09 06:42:39 - progress_bar.py[line:272] - INFO: epoch 006:   1267 / 1878 loss=3.191, loss_v1=0, loss_v2=0, nll_loss=2.017, ntokens=320, nsentences=64, sample_size=320, sample_size_v1=0, sample_size_v2=0, ppl=4.05, wps=78.4, ups=0.24, wpb=320, bsz=64, num_updates=10640, lr=2.30543e-05, gnorm=9.635, clip=100, loss_scale=32, train_wall=41, gb_free=7.3, wall=61192
2023-04-09 06:43:20 - progress_bar.py[line:272] - INFO: epoch 006:   1277 / 1878 loss=3.129, loss_v1=0, loss_v2=0, nll_loss=1.952, ntokens=320, nsentences=64, sample_size=320, sample_size_v1=0, sample_size_v2=0, ppl=3.87, wps=78.3, ups=0.24, wpb=320, bsz=64, num_updates=10650, lr=2.30259e-05, gnorm=9.336, clip=100, loss_scale=32, train_wall=41, gb_free=7.3, wall=61233
2023-04-09 06:44:00 - progress_bar.py[line:272] - INFO: epoch 006:   1287 / 1878 loss=3.175, loss_v1=0, loss_v2=0, nll_loss=2.002, ntokens=320, nsentences=64, sample_size=320, sample_size_v1=0, sample_size_v2=0, ppl=4.01, wps=78.6, ups=0.25, wpb=320, bsz=64, num_updates=10660, lr=2.29976e-05, gnorm=10.375, clip=100, loss_scale=32, train_wall=40, gb_free=7.3, wall=61273
2023-04-09 06:44:41 - progress_bar.py[line:272] - INFO: epoch 006:   1297 / 1878 loss=3.14, loss_v1=0, loss_v2=0, nll_loss=1.962, ntokens=320, nsentences=64, sample_size=320, sample_size_v1=0, sample_size_v2=0, ppl=3.9, wps=78.8, ups=0.25, wpb=320, bsz=64, num_updates=10670, lr=2.29693e-05, gnorm=9.445, clip=100, loss_scale=32, train_wall=40, gb_free=7.3, wall=61314
2023-04-09 06:45:22 - progress_bar.py[line:272] - INFO: epoch 006:   1307 / 1878 loss=3.197, loss_v1=0, loss_v2=0, nll_loss=2.028, ntokens=319.5, nsentences=63.9, sample_size=319.5, sample_size_v1=0, sample_size_v2=0, ppl=4.08, wps=78.1, ups=0.24, wpb=319.5, bsz=63.9, num_updates=10680, lr=2.2941e-05, gnorm=9.601, clip=100, loss_scale=32, train_wall=41, gb_free=7.3, wall=61355
2023-04-09 06:46:03 - progress_bar.py[line:272] - INFO: epoch 006:   1317 / 1878 loss=3.19, loss_v1=0, loss_v2=0, nll_loss=2.02, ntokens=320, nsentences=64, sample_size=320, sample_size_v1=0, sample_size_v2=0, ppl=4.06, wps=78.4, ups=0.25, wpb=320, bsz=64, num_updates=10690, lr=2.29127e-05, gnorm=9.729, clip=100, loss_scale=32, train_wall=41, gb_free=7.3, wall=61396
2023-04-09 06:46:44 - progress_bar.py[line:272] - INFO: epoch 006:   1327 / 1878 loss=3.127, loss_v1=0, loss_v2=0, nll_loss=1.946, ntokens=320, nsentences=64, sample_size=320, sample_size_v1=0, sample_size_v2=0, ppl=3.85, wps=77.7, ups=0.24, wpb=320, bsz=64, num_updates=10700, lr=2.28843e-05, gnorm=8.846, clip=100, loss_scale=32, train_wall=41, gb_free=7.3, wall=61437
2023-04-09 06:47:25 - progress_bar.py[line:272] - INFO: epoch 006:   1337 / 1878 loss=3.123, loss_v1=0, loss_v2=0, nll_loss=1.943, ntokens=320, nsentences=64, sample_size=320, sample_size_v1=0, sample_size_v2=0, ppl=3.84, wps=78.2, ups=0.24, wpb=320, bsz=64, num_updates=10710, lr=2.2856e-05, gnorm=9.372, clip=100, loss_scale=32, train_wall=41, gb_free=7.3, wall=61478
2023-04-09 06:48:05 - progress_bar.py[line:272] - INFO: epoch 006:   1347 / 1878 loss=3.191, loss_v1=0, loss_v2=0, nll_loss=2.022, ntokens=320, nsentences=64, sample_size=320, sample_size_v1=0, sample_size_v2=0, ppl=4.06, wps=78.5, ups=0.25, wpb=320, bsz=64, num_updates=10720, lr=2.28277e-05, gnorm=10.276, clip=100, loss_scale=32, train_wall=41, gb_free=7.3, wall=61519
2023-04-09 06:48:46 - progress_bar.py[line:272] - INFO: epoch 006:   1357 / 1878 loss=3.159, loss_v1=0, loss_v2=0, nll_loss=1.985, ntokens=320, nsentences=64, sample_size=320, sample_size_v1=0, sample_size_v2=0, ppl=3.96, wps=78.5, ups=0.25, wpb=320, bsz=64, num_updates=10730, lr=2.27994e-05, gnorm=9.279, clip=100, loss_scale=32, train_wall=40, gb_free=7.3, wall=61559
2023-04-09 06:49:27 - progress_bar.py[line:272] - INFO: epoch 006:   1367 / 1878 loss=3.191, loss_v1=0, loss_v2=0, nll_loss=2.018, ntokens=320, nsentences=64, sample_size=320, sample_size_v1=0, sample_size_v2=0, ppl=4.05, wps=78.7, ups=0.25, wpb=320, bsz=64, num_updates=10740, lr=2.2771e-05, gnorm=9.582, clip=100, loss_scale=32, train_wall=40, gb_free=7.3, wall=61600
2023-04-09 06:50:08 - progress_bar.py[line:272] - INFO: epoch 006:   1377 / 1878 loss=3.212, loss_v1=0, loss_v2=0, nll_loss=2.044, ntokens=320, nsentences=64, sample_size=320, sample_size_v1=0, sample_size_v2=0, ppl=4.12, wps=78.5, ups=0.25, wpb=320, bsz=64, num_updates=10750, lr=2.27427e-05, gnorm=9.913, clip=100, loss_scale=32, train_wall=41, gb_free=7.3, wall=61641
2023-04-09 06:50:48 - progress_bar.py[line:272] - INFO: epoch 006:   1387 / 1878 loss=3.181, loss_v1=0, loss_v2=0, nll_loss=2.01, ntokens=320, nsentences=64, sample_size=320, sample_size_v1=0, sample_size_v2=0, ppl=4.03, wps=78.4, ups=0.24, wpb=320, bsz=64, num_updates=10760, lr=2.27144e-05, gnorm=9.828, clip=100, loss_scale=32, train_wall=41, gb_free=7.3, wall=61682
2023-04-09 06:51:29 - progress_bar.py[line:272] - INFO: epoch 006:   1397 / 1878 loss=3.179, loss_v1=0, loss_v2=0, nll_loss=2.009, ntokens=320, nsentences=64, sample_size=320, sample_size_v1=0, sample_size_v2=0, ppl=4.03, wps=78.2, ups=0.24, wpb=320, bsz=64, num_updates=10770, lr=2.26861e-05, gnorm=9.325, clip=100, loss_scale=32, train_wall=41, gb_free=7.3, wall=61723
2023-04-09 06:52:10 - progress_bar.py[line:272] - INFO: epoch 006:   1407 / 1878 loss=3.197, loss_v1=0, loss_v2=0, nll_loss=2.027, ntokens=320, nsentences=64, sample_size=320, sample_size_v1=0, sample_size_v2=0, ppl=4.08, wps=78.4, ups=0.24, wpb=320, bsz=64, num_updates=10780, lr=2.26578e-05, gnorm=11.641, clip=100, loss_scale=32, train_wall=41, gb_free=7.3, wall=61763
2023-04-09 06:52:52 - progress_bar.py[line:272] - INFO: epoch 006:   1417 / 1878 loss=3.17, loss_v1=0, loss_v2=0, nll_loss=1.996, ntokens=320, nsentences=64, sample_size=320, sample_size_v1=0, sample_size_v2=0, ppl=3.99, wps=77.5, ups=0.24, wpb=320, bsz=64, num_updates=10790, lr=2.26294e-05, gnorm=8.857, clip=100, loss_scale=32, train_wall=41, gb_free=7.3, wall=61805
2023-04-09 06:53:32 - progress_bar.py[line:272] - INFO: epoch 006:   1427 / 1878 loss=3.193, loss_v1=0, loss_v2=0, nll_loss=2.02, ntokens=320, nsentences=64, sample_size=320, sample_size_v1=0, sample_size_v2=0, ppl=4.06, wps=78.1, ups=0.24, wpb=320, bsz=64, num_updates=10800, lr=2.26011e-05, gnorm=10.164, clip=100, loss_scale=32, train_wall=41, gb_free=7.3, wall=61846
2023-04-09 06:54:14 - progress_bar.py[line:272] - INFO: epoch 006:   1437 / 1878 loss=3.143, loss_v1=0, loss_v2=0, nll_loss=1.968, ntokens=320, nsentences=64, sample_size=320, sample_size_v1=0, sample_size_v2=0, ppl=3.91, wps=77.7, ups=0.24, wpb=320, bsz=64, num_updates=10810, lr=2.25728e-05, gnorm=9.417, clip=100, loss_scale=32, train_wall=41, gb_free=7.3, wall=61887
2023-04-09 06:54:55 - progress_bar.py[line:272] - INFO: epoch 006:   1447 / 1878 loss=3.144, loss_v1=0, loss_v2=0, nll_loss=1.966, ntokens=320, nsentences=64, sample_size=320, sample_size_v1=0, sample_size_v2=0, ppl=3.91, wps=78.4, ups=0.24, wpb=320, bsz=64, num_updates=10820, lr=2.25445e-05, gnorm=9.218, clip=100, loss_scale=32, train_wall=41, gb_free=7.3, wall=61928
2023-04-09 06:55:35 - progress_bar.py[line:272] - INFO: epoch 006:   1457 / 1878 loss=3.205, loss_v1=0, loss_v2=0, nll_loss=2.032, ntokens=320, nsentences=64, sample_size=320, sample_size_v1=0, sample_size_v2=0, ppl=4.09, wps=78.3, ups=0.24, wpb=320, bsz=64, num_updates=10830, lr=2.25161e-05, gnorm=10.722, clip=100, loss_scale=32, train_wall=40, gb_free=7.3, wall=61969
2023-04-09 06:56:16 - progress_bar.py[line:272] - INFO: epoch 006:   1467 / 1878 loss=3.169, loss_v1=0, loss_v2=0, nll_loss=1.993, ntokens=320, nsentences=64, sample_size=320, sample_size_v1=0, sample_size_v2=0, ppl=3.98, wps=78.5, ups=0.25, wpb=320, bsz=64, num_updates=10840, lr=2.24878e-05, gnorm=9.918, clip=100, loss_scale=32, train_wall=41, gb_free=7.3, wall=62009
2023-04-09 06:56:57 - progress_bar.py[line:272] - INFO: epoch 006:   1477 / 1878 loss=3.155, loss_v1=0, loss_v2=0, nll_loss=1.981, ntokens=320, nsentences=64, sample_size=320, sample_size_v1=0, sample_size_v2=0, ppl=3.95, wps=78.7, ups=0.25, wpb=320, bsz=64, num_updates=10850, lr=2.24595e-05, gnorm=9.462, clip=100, loss_scale=32, train_wall=40, gb_free=7.3, wall=62050
2023-04-09 06:57:38 - progress_bar.py[line:272] - INFO: epoch 006:   1487 / 1878 loss=3.175, loss_v1=0, loss_v2=0, nll_loss=2.007, ntokens=320, nsentences=64, sample_size=320, sample_size_v1=0, sample_size_v2=0, ppl=4.02, wps=78.1, ups=0.24, wpb=320, bsz=64, num_updates=10860, lr=2.24312e-05, gnorm=10.346, clip=100, loss_scale=32, train_wall=41, gb_free=7.3, wall=62091
2023-04-09 06:58:19 - progress_bar.py[line:272] - INFO: epoch 006:   1497 / 1878 loss=3.147, loss_v1=0, loss_v2=0, nll_loss=1.971, ntokens=320, nsentences=64, sample_size=320, sample_size_v1=0, sample_size_v2=0, ppl=3.92, wps=78.5, ups=0.25, wpb=320, bsz=64, num_updates=10870, lr=2.24029e-05, gnorm=10.344, clip=100, loss_scale=32, train_wall=41, gb_free=7.3, wall=62132
2023-04-09 06:58:59 - progress_bar.py[line:272] - INFO: epoch 006:   1507 / 1878 loss=3.111, loss_v1=0, loss_v2=0, nll_loss=1.932, ntokens=320, nsentences=64, sample_size=320, sample_size_v1=0, sample_size_v2=0, ppl=3.82, wps=78.6, ups=0.25, wpb=320, bsz=64, num_updates=10880, lr=2.23745e-05, gnorm=9.195, clip=100, loss_scale=32, train_wall=40, gb_free=7.3, wall=62172
2023-04-09 06:59:40 - progress_bar.py[line:272] - INFO: epoch 006:   1517 / 1878 loss=3.155, loss_v1=0, loss_v2=0, nll_loss=1.982, ntokens=320, nsentences=64, sample_size=320, sample_size_v1=0, sample_size_v2=0, ppl=3.95, wps=78.2, ups=0.24, wpb=320, bsz=64, num_updates=10890, lr=2.23462e-05, gnorm=10.225, clip=100, loss_scale=32, train_wall=41, gb_free=7.3, wall=62213
2023-04-09 07:00:21 - progress_bar.py[line:272] - INFO: epoch 006:   1527 / 1878 loss=3.068, loss_v1=0, loss_v2=0, nll_loss=1.885, ntokens=320, nsentences=64, sample_size=320, sample_size_v1=0, sample_size_v2=0, ppl=3.69, wps=78.3, ups=0.24, wpb=320, bsz=64, num_updates=10900, lr=2.23179e-05, gnorm=8.909, clip=100, loss_scale=32, train_wall=41, gb_free=7.3, wall=62254
2023-04-09 07:01:02 - progress_bar.py[line:272] - INFO: epoch 006:   1537 / 1878 loss=3.131, loss_v1=0, loss_v2=0, nll_loss=1.948, ntokens=320, nsentences=64, sample_size=320, sample_size_v1=0, sample_size_v2=0, ppl=3.86, wps=78.5, ups=0.25, wpb=320, bsz=64, num_updates=10910, lr=2.22896e-05, gnorm=10.449, clip=100, loss_scale=32, train_wall=40, gb_free=7.3, wall=62295
2023-04-09 07:01:42 - progress_bar.py[line:272] - INFO: epoch 006:   1547 / 1878 loss=3.076, loss_v1=0, loss_v2=0, nll_loss=1.888, ntokens=320, nsentences=64, sample_size=320, sample_size_v1=0, sample_size_v2=0, ppl=3.7, wps=78.7, ups=0.25, wpb=320, bsz=64, num_updates=10920, lr=2.22612e-05, gnorm=9.366, clip=100, loss_scale=32, train_wall=40, gb_free=7.3, wall=62336
2023-04-09 07:02:23 - progress_bar.py[line:272] - INFO: epoch 006:   1557 / 1878 loss=3.136, loss_v1=0, loss_v2=0, nll_loss=1.956, ntokens=320, nsentences=64, sample_size=320, sample_size_v1=0, sample_size_v2=0, ppl=3.88, wps=78.7, ups=0.25, wpb=320, bsz=64, num_updates=10930, lr=2.22329e-05, gnorm=10.158, clip=100, loss_scale=32, train_wall=40, gb_free=7.3, wall=62376
2023-04-09 07:03:04 - progress_bar.py[line:272] - INFO: epoch 006:   1567 / 1878 loss=3.14, loss_v1=0, loss_v2=0, nll_loss=1.959, ntokens=320, nsentences=64, sample_size=320, sample_size_v1=0, sample_size_v2=0, ppl=3.89, wps=79, ups=0.25, wpb=320, bsz=64, num_updates=10940, lr=2.22046e-05, gnorm=9.742, clip=100, loss_scale=32, train_wall=40, gb_free=7.3, wall=62417
2023-04-09 07:03:44 - progress_bar.py[line:272] - INFO: epoch 006:   1577 / 1878 loss=3.083, loss_v1=0, loss_v2=0, nll_loss=1.899, ntokens=320, nsentences=64, sample_size=320, sample_size_v1=0, sample_size_v2=0, ppl=3.73, wps=78.5, ups=0.25, wpb=320, bsz=64, num_updates=10950, lr=2.21763e-05, gnorm=8.924, clip=100, loss_scale=32, train_wall=40, gb_free=7.3, wall=62458
2023-04-09 07:04:25 - progress_bar.py[line:272] - INFO: epoch 006:   1587 / 1878 loss=3.169, loss_v1=0, loss_v2=0, nll_loss=1.995, ntokens=320, nsentences=64, sample_size=320, sample_size_v1=0, sample_size_v2=0, ppl=3.99, wps=78.3, ups=0.24, wpb=320, bsz=64, num_updates=10960, lr=2.2148e-05, gnorm=9.781, clip=100, loss_scale=32, train_wall=41, gb_free=7.3, wall=62498
2023-04-09 07:05:06 - progress_bar.py[line:272] - INFO: epoch 006:   1597 / 1878 loss=3.11, loss_v1=0, loss_v2=0, nll_loss=1.931, ntokens=320, nsentences=64, sample_size=320, sample_size_v1=0, sample_size_v2=0, ppl=3.81, wps=78.4, ups=0.25, wpb=320, bsz=64, num_updates=10970, lr=2.21196e-05, gnorm=9.204, clip=100, loss_scale=32, train_wall=40, gb_free=7.3, wall=62539
2023-04-09 07:05:47 - progress_bar.py[line:272] - INFO: epoch 006:   1607 / 1878 loss=3.113, loss_v1=0, loss_v2=0, nll_loss=1.932, ntokens=320, nsentences=64, sample_size=320, sample_size_v1=0, sample_size_v2=0, ppl=3.82, wps=78.6, ups=0.25, wpb=320, bsz=64, num_updates=10980, lr=2.20913e-05, gnorm=9.606, clip=100, loss_scale=32, train_wall=40, gb_free=7.3, wall=62580
2023-04-09 07:06:27 - progress_bar.py[line:272] - INFO: epoch 006:   1617 / 1878 loss=3.157, loss_v1=0, loss_v2=0, nll_loss=1.979, ntokens=320, nsentences=64, sample_size=320, sample_size_v1=0, sample_size_v2=0, ppl=3.94, wps=78.8, ups=0.25, wpb=320, bsz=64, num_updates=10990, lr=2.2063e-05, gnorm=10.451, clip=100, loss_scale=32, train_wall=40, gb_free=7.3, wall=62621
2023-04-09 07:07:08 - progress_bar.py[line:272] - INFO: epoch 006:   1627 / 1878 loss=3.156, loss_v1=0, loss_v2=0, nll_loss=1.98, ntokens=320, nsentences=64, sample_size=320, sample_size_v1=0, sample_size_v2=0, ppl=3.94, wps=78.7, ups=0.25, wpb=320, bsz=64, num_updates=11000, lr=2.20347e-05, gnorm=11.474, clip=100, loss_scale=32, train_wall=40, gb_free=7.3, wall=62661
2023-04-09 07:07:08 - train.py[line:445] - INFO: begin validation on "valid" subset
slice_id 0 seek offset 0
slice_id 1 seek offset 5379
slice_id 0 seek offset 0
slice_id 1 seek offset 5379
2023-04-09 07:18:21 - progress_bar.py[line:282] - INFO: epoch 006 | valid on 'valid' subset | loss 5.202 | loss_v1 0 | loss_v2 0 | nll_loss 4.242 | ntokens 39.993 | nsentences 7.999 | sample_size 39.993 | sample_size_v1 0 | sample_size_v2 0 | ppl 18.93 | score 0.378 | wps 80 | wpb 40 | bsz 8 | num_updates 11000 | best_score 0.4586
2023-04-09 07:18:21 - checkpoint_utils.py[line:64] - INFO: Preparing to save checkpoint for epoch 6 @ 11000 updates
2023-04-09 07:18:21 - trainer.py[line:431] - INFO: Saving checkpoint to ./refcocoplus_EC_checkpoints_exp2/10_5e-5_512/checkpoint_6_11000.pt
2023-04-09 07:18:41 - trainer.py[line:441] - INFO: Finished saving checkpoint to ./refcocoplus_EC_checkpoints_exp2/10_5e-5_512/checkpoint_6_11000.pt
2023-04-09 07:18:50 - checkpoint_utils.py[line:133] - INFO: Saved checkpoint ./refcocoplus_EC_checkpoints_exp2/10_5e-5_512/checkpoint_6_11000.pt (epoch 6 @ 11000 updates, score 0.378) (writing took 29.01976874563843 seconds)
2023-04-09 07:19:30 - progress_bar.py[line:272] - INFO: epoch 006:   1637 / 1878 loss=3.175, loss_v1=0, loss_v2=0, nll_loss=2, ntokens=320, nsentences=64, sample_size=320, sample_size_v1=0, sample_size_v2=0, ppl=4, wps=4.3, ups=0.01, wpb=320, bsz=64, num_updates=11010, lr=2.20063e-05, gnorm=9.29, clip=100, loss_scale=32, train_wall=40, gb_free=7.3, wall=63403
2023-04-09 07:20:11 - progress_bar.py[line:272] - INFO: epoch 006:   1647 / 1878 loss=3.117, loss_v1=0, loss_v2=0, nll_loss=1.935, ntokens=320, nsentences=64, sample_size=320, sample_size_v1=0, sample_size_v2=0, ppl=3.82, wps=78.5, ups=0.25, wpb=320, bsz=64, num_updates=11020, lr=2.1978e-05, gnorm=9.03, clip=100, loss_scale=32, train_wall=40, gb_free=7.3, wall=63444
2023-04-09 07:20:52 - progress_bar.py[line:272] - INFO: epoch 006:   1657 / 1878 loss=3.098, loss_v1=0, loss_v2=0, nll_loss=1.917, ntokens=320, nsentences=64, sample_size=320, sample_size_v1=0, sample_size_v2=0, ppl=3.78, wps=78.3, ups=0.24, wpb=320, bsz=64, num_updates=11030, lr=2.19497e-05, gnorm=10.433, clip=100, loss_scale=32, train_wall=41, gb_free=7.3, wall=63485
2023-04-09 07:21:32 - progress_bar.py[line:272] - INFO: epoch 006:   1667 / 1878 loss=3.179, loss_v1=0, loss_v2=0, nll_loss=2.004, ntokens=320, nsentences=64, sample_size=320, sample_size_v1=0, sample_size_v2=0, ppl=4.01, wps=78.4, ups=0.25, wpb=320, bsz=64, num_updates=11040, lr=2.19214e-05, gnorm=10.703, clip=100, loss_scale=32, train_wall=41, gb_free=7.3, wall=63525
2023-04-09 07:22:13 - progress_bar.py[line:272] - INFO: epoch 006:   1677 / 1878 loss=3.133, loss_v1=0, loss_v2=0, nll_loss=1.95, ntokens=320, nsentences=64, sample_size=320, sample_size_v1=0, sample_size_v2=0, ppl=3.86, wps=77.7, ups=0.24, wpb=320, bsz=64, num_updates=11050, lr=2.18931e-05, gnorm=9.489, clip=100, loss_scale=32, train_wall=41, gb_free=7.3, wall=63567
2023-04-09 07:22:54 - progress_bar.py[line:272] - INFO: epoch 006:   1687 / 1878 loss=3.147, loss_v1=0, loss_v2=0, nll_loss=1.972, ntokens=320, nsentences=64, sample_size=320, sample_size_v1=0, sample_size_v2=0, ppl=3.92, wps=78.2, ups=0.24, wpb=320, bsz=64, num_updates=11060, lr=2.18647e-05, gnorm=9.414, clip=100, loss_scale=64, train_wall=41, gb_free=7.3, wall=63608
2023-04-09 07:23:35 - progress_bar.py[line:272] - INFO: epoch 006:   1697 / 1878 loss=3.179, loss_v1=0, loss_v2=0, nll_loss=2.007, ntokens=320, nsentences=64, sample_size=320, sample_size_v1=0, sample_size_v2=0, ppl=4.02, wps=78.3, ups=0.24, wpb=320, bsz=64, num_updates=11070, lr=2.18364e-05, gnorm=9.282, clip=100, loss_scale=64, train_wall=41, gb_free=7.3, wall=63648
2023-04-09 07:24:16 - progress_bar.py[line:272] - INFO: epoch 006:   1707 / 1878 loss=3.137, loss_v1=0, loss_v2=0, nll_loss=1.957, ntokens=320, nsentences=64, sample_size=320, sample_size_v1=0, sample_size_v2=0, ppl=3.88, wps=78.4, ups=0.24, wpb=320, bsz=64, num_updates=11080, lr=2.18081e-05, gnorm=8.85, clip=100, loss_scale=64, train_wall=41, gb_free=7.3, wall=63689
2023-04-09 07:24:57 - progress_bar.py[line:272] - INFO: epoch 006:   1717 / 1878 loss=3.081, loss_v1=0, loss_v2=0, nll_loss=1.9, ntokens=320, nsentences=64, sample_size=320, sample_size_v1=0, sample_size_v2=0, ppl=3.73, wps=78.2, ups=0.24, wpb=320, bsz=64, num_updates=11090, lr=2.17798e-05, gnorm=9.509, clip=100, loss_scale=64, train_wall=41, gb_free=7.3, wall=63730
2023-04-09 07:25:38 - progress_bar.py[line:272] - INFO: epoch 006:   1727 / 1878 loss=3.103, loss_v1=0, loss_v2=0, nll_loss=1.924, ntokens=320, nsentences=64, sample_size=320, sample_size_v1=0, sample_size_v2=0, ppl=3.8, wps=79, ups=0.25, wpb=320, bsz=64, num_updates=11100, lr=2.17514e-05, gnorm=10.138, clip=100, loss_scale=64, train_wall=40, gb_free=7.3, wall=63771
2023-04-09 07:26:18 - progress_bar.py[line:272] - INFO: epoch 006:   1737 / 1878 loss=3.08, loss_v1=0, loss_v2=0, nll_loss=1.893, ntokens=320, nsentences=64, sample_size=320, sample_size_v1=0, sample_size_v2=0, ppl=3.71, wps=78.1, ups=0.24, wpb=320, bsz=64, num_updates=11110, lr=2.17231e-05, gnorm=10.103, clip=100, loss_scale=64, train_wall=41, gb_free=7.3, wall=63812
2023-04-09 07:26:59 - progress_bar.py[line:272] - INFO: epoch 006:   1747 / 1878 loss=3.154, loss_v1=0, loss_v2=0, nll_loss=1.975, ntokens=320, nsentences=64, sample_size=320, sample_size_v1=0, sample_size_v2=0, ppl=3.93, wps=78.1, ups=0.24, wpb=320, bsz=64, num_updates=11120, lr=2.16948e-05, gnorm=10.555, clip=100, loss_scale=64, train_wall=41, gb_free=7.3, wall=63853
2023-04-09 07:27:40 - progress_bar.py[line:272] - INFO: epoch 006:   1757 / 1878 loss=3.118, loss_v1=0, loss_v2=0, nll_loss=1.939, ntokens=320, nsentences=64, sample_size=320, sample_size_v1=0, sample_size_v2=0, ppl=3.83, wps=78.1, ups=0.24, wpb=320, bsz=64, num_updates=11130, lr=2.16665e-05, gnorm=9.214, clip=100, loss_scale=64, train_wall=41, gb_free=7.3, wall=63894
2023-04-09 07:28:22 - progress_bar.py[line:272] - INFO: epoch 006:   1767 / 1878 loss=3.143, loss_v1=0, loss_v2=0, nll_loss=1.972, ntokens=320, nsentences=64, sample_size=320, sample_size_v1=0, sample_size_v2=0, ppl=3.92, wps=77.9, ups=0.24, wpb=320, bsz=64, num_updates=11140, lr=2.16382e-05, gnorm=9.552, clip=100, loss_scale=64, train_wall=41, gb_free=7.3, wall=63935
2023-04-09 07:29:02 - progress_bar.py[line:272] - INFO: epoch 006:   1777 / 1878 loss=3.085, loss_v1=0, loss_v2=0, nll_loss=1.903, ntokens=320, nsentences=64, sample_size=320, sample_size_v1=0, sample_size_v2=0, ppl=3.74, wps=78.7, ups=0.25, wpb=320, bsz=64, num_updates=11150, lr=2.16098e-05, gnorm=9.256, clip=100, loss_scale=64, train_wall=40, gb_free=7.3, wall=63975
2023-04-09 07:29:43 - progress_bar.py[line:272] - INFO: epoch 006:   1787 / 1878 loss=3.141, loss_v1=0, loss_v2=0, nll_loss=1.959, ntokens=320, nsentences=64, sample_size=320, sample_size_v1=0, sample_size_v2=0, ppl=3.89, wps=78.6, ups=0.25, wpb=320, bsz=64, num_updates=11160, lr=2.15815e-05, gnorm=9.703, clip=100, loss_scale=64, train_wall=40, gb_free=7.3, wall=64016
2023-04-09 07:30:24 - progress_bar.py[line:272] - INFO: epoch 006:   1797 / 1878 loss=3.155, loss_v1=0, loss_v2=0, nll_loss=1.98, ntokens=320, nsentences=64, sample_size=320, sample_size_v1=0, sample_size_v2=0, ppl=3.94, wps=78.2, ups=0.24, wpb=320, bsz=64, num_updates=11170, lr=2.15532e-05, gnorm=9.803, clip=100, loss_scale=64, train_wall=41, gb_free=7.3, wall=64057
2023-04-09 07:31:05 - progress_bar.py[line:272] - INFO: epoch 006:   1807 / 1878 loss=3.131, loss_v1=0, loss_v2=0, nll_loss=1.949, ntokens=320, nsentences=64, sample_size=320, sample_size_v1=0, sample_size_v2=0, ppl=3.86, wps=78.6, ups=0.25, wpb=320, bsz=64, num_updates=11180, lr=2.15249e-05, gnorm=9.638, clip=100, loss_scale=64, train_wall=40, gb_free=7.3, wall=64098
2023-04-09 07:31:45 - progress_bar.py[line:272] - INFO: epoch 006:   1817 / 1878 loss=3.145, loss_v1=0, loss_v2=0, nll_loss=1.963, ntokens=320, nsentences=64, sample_size=320, sample_size_v1=0, sample_size_v2=0, ppl=3.9, wps=78.5, ups=0.25, wpb=320, bsz=64, num_updates=11190, lr=2.14965e-05, gnorm=9.951, clip=100, loss_scale=64, train_wall=40, gb_free=7.3, wall=64138
2023-04-09 07:32:26 - progress_bar.py[line:272] - INFO: epoch 006:   1827 / 1878 loss=3.122, loss_v1=0, loss_v2=0, nll_loss=1.939, ntokens=320, nsentences=64, sample_size=320, sample_size_v1=0, sample_size_v2=0, ppl=3.84, wps=77.8, ups=0.24, wpb=320, bsz=64, num_updates=11200, lr=2.14682e-05, gnorm=9.643, clip=100, loss_scale=64, train_wall=41, gb_free=7.3, wall=64180
2023-04-09 07:33:07 - progress_bar.py[line:272] - INFO: epoch 006:   1837 / 1878 loss=3.131, loss_v1=0, loss_v2=0, nll_loss=1.952, ntokens=320, nsentences=64, sample_size=320, sample_size_v1=0, sample_size_v2=0, ppl=3.87, wps=78.1, ups=0.24, wpb=320, bsz=64, num_updates=11210, lr=2.14399e-05, gnorm=10.694, clip=100, loss_scale=64, train_wall=41, gb_free=7.3, wall=64221
2023-04-09 07:33:48 - progress_bar.py[line:272] - INFO: epoch 006:   1847 / 1878 loss=3.114, loss_v1=0, loss_v2=0, nll_loss=1.932, ntokens=320, nsentences=64, sample_size=320, sample_size_v1=0, sample_size_v2=0, ppl=3.82, wps=78.6, ups=0.25, wpb=320, bsz=64, num_updates=11220, lr=2.14116e-05, gnorm=9.828, clip=100, loss_scale=64, train_wall=40, gb_free=7.3, wall=64261
2023-04-09 07:34:29 - progress_bar.py[line:272] - INFO: epoch 006:   1857 / 1878 loss=3.136, loss_v1=0, loss_v2=0, nll_loss=1.955, ntokens=320, nsentences=64, sample_size=320, sample_size_v1=0, sample_size_v2=0, ppl=3.88, wps=78.5, ups=0.25, wpb=320, bsz=64, num_updates=11230, lr=2.13833e-05, gnorm=10.662, clip=100, loss_scale=64, train_wall=41, gb_free=7.3, wall=64302
2023-04-09 07:35:10 - progress_bar.py[line:272] - INFO: epoch 006:   1867 / 1878 loss=3.128, loss_v1=0, loss_v2=0, nll_loss=1.946, ntokens=320, nsentences=64, sample_size=320, sample_size_v1=0, sample_size_v2=0, ppl=3.85, wps=78.6, ups=0.25, wpb=320, bsz=64, num_updates=11240, lr=2.13549e-05, gnorm=10.134, clip=100, loss_scale=64, train_wall=40, gb_free=7.3, wall=64343
2023-04-09 07:35:50 - progress_bar.py[line:272] - INFO: epoch 006:   1877 / 1878 loss=3.107, loss_v1=0, loss_v2=0, nll_loss=1.926, ntokens=320, nsentences=64, sample_size=320, sample_size_v1=0, sample_size_v2=0, ppl=3.8, wps=79.2, ups=0.25, wpb=320, bsz=64, num_updates=11250, lr=2.13266e-05, gnorm=9.843, clip=100, loss_scale=64, train_wall=40, gb_free=7.3, wall=64383
slice_id 1 seek offset 5379
2023-04-09 07:35:53 - train.py[line:445] - INFO: begin validation on "valid" subset
slice_id 0 seek offset 0
slice_id 0 seek offset 0
slice_id 1 seek offset 5379
2023-04-09 07:47:05 - progress_bar.py[line:282] - INFO: epoch 006 | valid on 'valid' subset | loss 5.227 | loss_v1 0 | loss_v2 0 | nll_loss 4.274 | ntokens 39.993 | nsentences 7.999 | sample_size 39.993 | sample_size_v1 0 | sample_size_v2 0 | ppl 19.35 | score 0.3793 | wps 80.1 | wpb 40 | bsz 8 | num_updates 11251 | best_score 0.4586
local datafile ../../dataset/refcocoplus_data/refcocoplus_train_EC.tsv slice_id 1 begin to initialize row_count and line_idx-to-offset mapping
2023-04-09 07:47:05 - checkpoint_utils.py[line:64] - INFO: Preparing to save checkpoint for epoch 6 @ 11251 updates
2023-04-09 07:47:05 - trainer.py[line:431] - INFO: Saving checkpoint to ./refcocoplus_EC_checkpoints_exp2/10_5e-5_512/checkpoint_last.pt
2023-04-09 07:47:20 - trainer.py[line:441] - INFO: Finished saving checkpoint to ./refcocoplus_EC_checkpoints_exp2/10_5e-5_512/checkpoint_last.pt
2023-04-09 07:47:20 - checkpoint_utils.py[line:133] - INFO: Saved checkpoint ./refcocoplus_EC_checkpoints_exp2/10_5e-5_512/checkpoint_last.pt (epoch 6 @ 11251 updates, score 0.3793) (writing took 15.040316903963685 seconds)
2023-04-09 07:47:20 - train.py[line:332] - INFO: end of epoch 6 (average epoch stats below)
2023-04-09 07:47:20 - progress_bar.py[line:282] - INFO: epoch 006 | loss 3.223 | loss_v1 0 | loss_v2 0 | nll_loss 2.058 | ntokens 319.997 | nsentences 63.999 | sample_size 319.997 | sample_size_v1 0 | sample_size_v2 0 | ppl 4.17 | wps 53.7 | ups 0.17 | wpb 320 | bsz 64 | num_updates 11251 | lr 2.13238e-05 | gnorm 9.82 | clip 100 | loss_scale 64 | train_wall 7613 | gb_free 7.3 | wall 65073
2023-04-09 07:47:20 - trainer.py[line:639] - INFO: loading train data for epoch 7
local datafile ../../dataset/refcocoplus_data/refcocoplus_train_EC.tsv slice_id 0 begin to initialize row_count and line_idx-to-offset mapping
local datafile ../../dataset/refcocoplus_data/refcocoplus_train_EC.tsv slice_id 1 finished initializing row_count and line_idx-to-offset mapping
file ../../dataset/refcocoplus_data/refcocoplus_train_EC.tsv slice_id 1 row count 60095 total row count 120191
slice_id 1 seek offset 60096
local datafile ../../dataset/refcocoplus_data/refcocoplus_train_EC.tsv slice_id 0 finished initializing row_count and line_idx-to-offset mapping
file ../../dataset/refcocoplus_data/refcocoplus_train_EC.tsv slice_id 0 row count 60096 total row count 120191
slice_id 0 seek offset 0
2023-04-09 07:47:33 - trainer.py[line:703] - INFO: begin training epoch 7
2023-04-09 07:47:33 - train.py[line:305] - INFO: Start iterating over samples
2023-04-09 07:48:10 - progress_bar.py[line:272] - INFO: epoch 007:      9 / 1878 loss=3.171, loss_v1=0, loss_v2=0, nll_loss=1.997, ntokens=320, nsentences=64, sample_size=320, sample_size_v1=0, sample_size_v2=0, ppl=3.99, wps=4.3, ups=0.01, wpb=320, bsz=64, num_updates=11260, lr=2.12983e-05, gnorm=12.051, clip=100, loss_scale=64, train_wall=39, gb_free=7.3, wall=65123
2023-04-09 07:48:51 - progress_bar.py[line:272] - INFO: epoch 007:     19 / 1878 loss=3.142, loss_v1=0, loss_v2=0, nll_loss=1.966, ntokens=320, nsentences=64, sample_size=320, sample_size_v1=0, sample_size_v2=0, ppl=3.91, wps=77.9, ups=0.24, wpb=320, bsz=64, num_updates=11270, lr=2.127e-05, gnorm=9.929, clip=100, loss_scale=64, train_wall=41, gb_free=7.3, wall=65164
2023-04-09 07:49:32 - progress_bar.py[line:272] - INFO: epoch 007:     29 / 1878 loss=3.16, loss_v1=0, loss_v2=0, nll_loss=1.988, ntokens=320, nsentences=64, sample_size=320, sample_size_v1=0, sample_size_v2=0, ppl=3.97, wps=78.6, ups=0.25, wpb=320, bsz=64, num_updates=11280, lr=2.12416e-05, gnorm=10.275, clip=100, loss_scale=64, train_wall=41, gb_free=7.3, wall=65205
2023-04-09 07:50:13 - progress_bar.py[line:272] - INFO: epoch 007:     39 / 1878 loss=3.147, loss_v1=0, loss_v2=0, nll_loss=1.97, ntokens=320, nsentences=64, sample_size=320, sample_size_v1=0, sample_size_v2=0, ppl=3.92, wps=78.2, ups=0.24, wpb=320, bsz=64, num_updates=11290, lr=2.12133e-05, gnorm=10.564, clip=100, loss_scale=64, train_wall=41, gb_free=7.3, wall=65246
2023-04-09 07:50:54 - progress_bar.py[line:272] - INFO: epoch 007:     49 / 1878 loss=3.157, loss_v1=0, loss_v2=0, nll_loss=1.98, ntokens=320, nsentences=64, sample_size=320, sample_size_v1=0, sample_size_v2=0, ppl=3.94, wps=78.4, ups=0.25, wpb=320, bsz=64, num_updates=11300, lr=2.1185e-05, gnorm=10.285, clip=100, loss_scale=64, train_wall=41, gb_free=7.3, wall=65287
2023-04-09 07:51:35 - progress_bar.py[line:272] - INFO: epoch 007:     59 / 1878 loss=3.146, loss_v1=0, loss_v2=0, nll_loss=1.967, ntokens=320, nsentences=64, sample_size=320, sample_size_v1=0, sample_size_v2=0, ppl=3.91, wps=78.2, ups=0.24, wpb=320, bsz=64, num_updates=11310, lr=2.11567e-05, gnorm=10.105, clip=100, loss_scale=64, train_wall=41, gb_free=7.3, wall=65328
2023-04-09 07:52:15 - progress_bar.py[line:272] - INFO: epoch 007:     69 / 1878 loss=3.168, loss_v1=0, loss_v2=0, nll_loss=1.995, ntokens=320, nsentences=64, sample_size=320, sample_size_v1=0, sample_size_v2=0, ppl=3.99, wps=78.8, ups=0.25, wpb=320, bsz=64, num_updates=11320, lr=2.11284e-05, gnorm=10.225, clip=100, loss_scale=64, train_wall=40, gb_free=7.3, wall=65368
2023-04-09 07:52:56 - progress_bar.py[line:272] - INFO: epoch 007:     79 / 1878 loss=3.175, loss_v1=0, loss_v2=0, nll_loss=2.005, ntokens=320, nsentences=64, sample_size=320, sample_size_v1=0, sample_size_v2=0, ppl=4.01, wps=78.7, ups=0.25, wpb=320, bsz=64, num_updates=11330, lr=2.11e-05, gnorm=10.036, clip=100, loss_scale=64, train_wall=40, gb_free=7.3, wall=65409
2023-04-09 07:53:36 - progress_bar.py[line:272] - INFO: epoch 007:     89 / 1878 loss=3.154, loss_v1=0, loss_v2=0, nll_loss=1.981, ntokens=320, nsentences=64, sample_size=320, sample_size_v1=0, sample_size_v2=0, ppl=3.95, wps=78.8, ups=0.25, wpb=320, bsz=64, num_updates=11340, lr=2.10717e-05, gnorm=11.192, clip=100, loss_scale=64, train_wall=40, gb_free=7.3, wall=65450
2023-04-09 07:54:17 - progress_bar.py[line:272] - INFO: epoch 007:     99 / 1878 loss=3.175, loss_v1=0, loss_v2=0, nll_loss=2, ntokens=320, nsentences=64, sample_size=320, sample_size_v1=0, sample_size_v2=0, ppl=4, wps=78.4, ups=0.24, wpb=320, bsz=64, num_updates=11350, lr=2.10434e-05, gnorm=11.576, clip=100, loss_scale=64, train_wall=41, gb_free=7.3, wall=65490
2023-04-09 07:54:58 - progress_bar.py[line:272] - INFO: epoch 007:    109 / 1878 loss=3.145, loss_v1=0, loss_v2=0, nll_loss=1.97, ntokens=320, nsentences=64, sample_size=320, sample_size_v1=0, sample_size_v2=0, ppl=3.92, wps=78.4, ups=0.24, wpb=320, bsz=64, num_updates=11360, lr=2.10151e-05, gnorm=10.709, clip=100, loss_scale=64, train_wall=41, gb_free=7.3, wall=65531
2023-04-09 07:55:39 - progress_bar.py[line:272] - INFO: epoch 007:    119 / 1878 loss=3.215, loss_v1=0, loss_v2=0, nll_loss=2.047, ntokens=320, nsentences=64, sample_size=320, sample_size_v1=0, sample_size_v2=0, ppl=4.13, wps=79, ups=0.25, wpb=320, bsz=64, num_updates=11370, lr=2.09867e-05, gnorm=11.245, clip=100, loss_scale=64, train_wall=40, gb_free=7.3, wall=65572
2023-04-09 07:56:19 - progress_bar.py[line:272] - INFO: epoch 007:    129 / 1878 loss=3.12, loss_v1=0, loss_v2=0, nll_loss=1.945, ntokens=320, nsentences=64, sample_size=320, sample_size_v1=0, sample_size_v2=0, ppl=3.85, wps=78.9, ups=0.25, wpb=320, bsz=64, num_updates=11380, lr=2.09584e-05, gnorm=10.146, clip=100, loss_scale=64, train_wall=40, gb_free=7.3, wall=65612
2023-04-09 07:57:00 - progress_bar.py[line:272] - INFO: epoch 007:    139 / 1878 loss=3.16, loss_v1=0, loss_v2=0, nll_loss=1.988, ntokens=320, nsentences=64, sample_size=320, sample_size_v1=0, sample_size_v2=0, ppl=3.97, wps=78, ups=0.24, wpb=320, bsz=64, num_updates=11390, lr=2.09301e-05, gnorm=9.496, clip=100, loss_scale=64, train_wall=41, gb_free=7.3, wall=65653
2023-04-09 07:57:41 - progress_bar.py[line:272] - INFO: epoch 007:    149 / 1878 loss=3.148, loss_v1=0, loss_v2=0, nll_loss=1.974, ntokens=320, nsentences=64, sample_size=320, sample_size_v1=0, sample_size_v2=0, ppl=3.93, wps=78.3, ups=0.24, wpb=320, bsz=64, num_updates=11400, lr=2.09018e-05, gnorm=11.804, clip=100, loss_scale=64, train_wall=41, gb_free=7.3, wall=65694
2023-04-09 07:58:22 - progress_bar.py[line:272] - INFO: epoch 007:    159 / 1878 loss=3.176, loss_v1=0, loss_v2=0, nll_loss=2.004, ntokens=320, nsentences=64, sample_size=320, sample_size_v1=0, sample_size_v2=0, ppl=4.01, wps=78.7, ups=0.25, wpb=320, bsz=64, num_updates=11410, lr=2.08735e-05, gnorm=10.67, clip=100, loss_scale=64, train_wall=40, gb_free=7.3, wall=65735
2023-04-09 07:59:02 - progress_bar.py[line:272] - INFO: epoch 007:    169 / 1878 loss=3.201, loss_v1=0, loss_v2=0, nll_loss=2.035, ntokens=320, nsentences=64, sample_size=320, sample_size_v1=0, sample_size_v2=0, ppl=4.1, wps=78.8, ups=0.25, wpb=320, bsz=64, num_updates=11420, lr=2.08451e-05, gnorm=11.242, clip=100, loss_scale=64, train_wall=40, gb_free=7.3, wall=65775
2023-04-09 07:59:43 - progress_bar.py[line:272] - INFO: epoch 007:    179 / 1878 loss=3.165, loss_v1=0, loss_v2=0, nll_loss=1.994, ntokens=320, nsentences=64, sample_size=320, sample_size_v1=0, sample_size_v2=0, ppl=3.98, wps=78.7, ups=0.25, wpb=320, bsz=64, num_updates=11430, lr=2.08168e-05, gnorm=10.33, clip=100, loss_scale=64, train_wall=40, gb_free=7.3, wall=65816
2023-04-09 08:00:24 - progress_bar.py[line:272] - INFO: epoch 007:    189 / 1878 loss=3.139, loss_v1=0, loss_v2=0, nll_loss=1.961, ntokens=320, nsentences=64, sample_size=320, sample_size_v1=0, sample_size_v2=0, ppl=3.89, wps=78.2, ups=0.24, wpb=320, bsz=64, num_updates=11440, lr=2.07885e-05, gnorm=9.548, clip=100, loss_scale=64, train_wall=41, gb_free=7.3, wall=65857
2023-04-09 08:01:05 - progress_bar.py[line:272] - INFO: epoch 007:    199 / 1878 loss=3.094, loss_v1=0, loss_v2=0, nll_loss=1.909, ntokens=320, nsentences=64, sample_size=320, sample_size_v1=0, sample_size_v2=0, ppl=3.76, wps=78.3, ups=0.24, wpb=320, bsz=64, num_updates=11450, lr=2.07602e-05, gnorm=10.876, clip=100, loss_scale=64, train_wall=41, gb_free=7.3, wall=65898
2023-04-09 08:01:45 - progress_bar.py[line:272] - INFO: epoch 007:    209 / 1878 loss=3.18, loss_v1=0, loss_v2=0, nll_loss=2.007, ntokens=320, nsentences=64, sample_size=320, sample_size_v1=0, sample_size_v2=0, ppl=4.02, wps=78.8, ups=0.25, wpb=320, bsz=64, num_updates=11460, lr=2.07318e-05, gnorm=11.839, clip=100, loss_scale=64, train_wall=40, gb_free=7.3, wall=65939
2023-04-09 08:02:26 - progress_bar.py[line:272] - INFO: epoch 007:    219 / 1878 loss=3.108, loss_v1=0, loss_v2=0, nll_loss=1.928, ntokens=320, nsentences=64, sample_size=320, sample_size_v1=0, sample_size_v2=0, ppl=3.8, wps=78.9, ups=0.25, wpb=320, bsz=64, num_updates=11470, lr=2.07035e-05, gnorm=10.174, clip=100, loss_scale=64, train_wall=40, gb_free=7.3, wall=65979
2023-04-09 08:03:07 - progress_bar.py[line:272] - INFO: epoch 007:    229 / 1878 loss=3.161, loss_v1=0, loss_v2=0, nll_loss=1.987, ntokens=320, nsentences=64, sample_size=320, sample_size_v1=0, sample_size_v2=0, ppl=3.96, wps=78.8, ups=0.25, wpb=320, bsz=64, num_updates=11480, lr=2.06752e-05, gnorm=10.006, clip=100, loss_scale=64, train_wall=40, gb_free=7.3, wall=66020
2023-04-09 08:03:47 - progress_bar.py[line:272] - INFO: epoch 007:    239 / 1878 loss=3.141, loss_v1=0, loss_v2=0, nll_loss=1.959, ntokens=320, nsentences=64, sample_size=320, sample_size_v1=0, sample_size_v2=0, ppl=3.89, wps=78.8, ups=0.25, wpb=320, bsz=64, num_updates=11490, lr=2.06469e-05, gnorm=10.363, clip=100, loss_scale=64, train_wall=40, gb_free=7.3, wall=66060
slice_id 1 seek offset 5379
2023-04-09 08:04:28 - progress_bar.py[line:272] - INFO: epoch 007:    249 / 1878 loss=3.159, loss_v1=0, loss_v2=0, nll_loss=1.981, ntokens=320, nsentences=64, sample_size=320, sample_size_v1=0, sample_size_v2=0, ppl=3.95, wps=78.5, ups=0.25, wpb=320, bsz=64, num_updates=11500, lr=2.06186e-05, gnorm=11.662, clip=100, loss_scale=64, train_wall=41, gb_free=7.3, wall=66101
2023-04-09 08:04:28 - train.py[line:445] - INFO: begin validation on "valid" subset
slice_id 0 seek offset 0
slice_id 1 seek offset 5379
slice_id 0 seek offset 0
2023-04-09 08:15:41 - progress_bar.py[line:282] - INFO: epoch 007 | valid on 'valid' subset | loss 5.231 | loss_v1 0 | loss_v2 0 | nll_loss 4.277 | ntokens 39.993 | nsentences 7.999 | sample_size 39.993 | sample_size_v1 0 | sample_size_v2 0 | ppl 19.39 | score 0.3804 | wps 80 | wpb 40 | bsz 8 | num_updates 11500 | best_score 0.4586
2023-04-09 08:15:41 - checkpoint_utils.py[line:64] - INFO: Preparing to save checkpoint for epoch 7 @ 11500 updates
2023-04-09 08:15:41 - trainer.py[line:431] - INFO: Saving checkpoint to ./refcocoplus_EC_checkpoints_exp2/10_5e-5_512/checkpoint_7_11500.pt
2023-04-09 08:16:00 - trainer.py[line:441] - INFO: Finished saving checkpoint to ./refcocoplus_EC_checkpoints_exp2/10_5e-5_512/checkpoint_7_11500.pt
2023-04-09 08:16:09 - checkpoint_utils.py[line:133] - INFO: Saved checkpoint ./refcocoplus_EC_checkpoints_exp2/10_5e-5_512/checkpoint_7_11500.pt (epoch 7 @ 11500 updates, score 0.3804) (writing took 27.64532492030412 seconds)
2023-04-09 08:16:49 - progress_bar.py[line:272] - INFO: epoch 007:    259 / 1878 loss=3.082, loss_v1=0, loss_v2=0, nll_loss=1.9, ntokens=320, nsentences=64, sample_size=320, sample_size_v1=0, sample_size_v2=0, ppl=3.73, wps=4.3, ups=0.01, wpb=320, bsz=64, num_updates=11510, lr=2.05902e-05, gnorm=9.295, clip=100, loss_scale=64, train_wall=40, gb_free=7.3, wall=66842
2023-04-09 08:17:30 - progress_bar.py[line:272] - INFO: epoch 007:    269 / 1878 loss=3.109, loss_v1=0, loss_v2=0, nll_loss=1.924, ntokens=320, nsentences=64, sample_size=320, sample_size_v1=0, sample_size_v2=0, ppl=3.79, wps=78.7, ups=0.25, wpb=320, bsz=64, num_updates=11520, lr=2.05619e-05, gnorm=11.445, clip=100, loss_scale=64, train_wall=40, gb_free=7.3, wall=66883
2023-04-09 08:18:11 - progress_bar.py[line:272] - INFO: epoch 007:    279 / 1878 loss=3.113, loss_v1=0, loss_v2=0, nll_loss=1.929, ntokens=320, nsentences=64, sample_size=320, sample_size_v1=0, sample_size_v2=0, ppl=3.81, wps=77, ups=0.24, wpb=320, bsz=64, num_updates=11530, lr=2.05336e-05, gnorm=10.558, clip=100, loss_scale=64, train_wall=41, gb_free=7.3, wall=66925
2023-04-09 08:18:52 - progress_bar.py[line:272] - INFO: epoch 007:    289 / 1878 loss=3.197, loss_v1=0, loss_v2=0, nll_loss=2.028, ntokens=320, nsentences=64, sample_size=320, sample_size_v1=0, sample_size_v2=0, ppl=4.08, wps=78.3, ups=0.24, wpb=320, bsz=64, num_updates=11540, lr=2.05053e-05, gnorm=12.06, clip=100, loss_scale=64, train_wall=41, gb_free=7.3, wall=66965
2023-04-09 08:19:33 - progress_bar.py[line:272] - INFO: epoch 007:    299 / 1878 loss=3.151, loss_v1=0, loss_v2=0, nll_loss=1.976, ntokens=320, nsentences=64, sample_size=320, sample_size_v1=0, sample_size_v2=0, ppl=3.93, wps=78.8, ups=0.25, wpb=320, bsz=64, num_updates=11550, lr=2.04769e-05, gnorm=11.043, clip=100, loss_scale=64, train_wall=40, gb_free=7.3, wall=67006
2023-04-09 08:20:14 - progress_bar.py[line:272] - INFO: epoch 007:    309 / 1878 loss=3.158, loss_v1=0, loss_v2=0, nll_loss=1.986, ntokens=320, nsentences=64, sample_size=320, sample_size_v1=0, sample_size_v2=0, ppl=3.96, wps=78.6, ups=0.25, wpb=320, bsz=64, num_updates=11560, lr=2.04486e-05, gnorm=11.573, clip=100, loss_scale=64, train_wall=40, gb_free=7.3, wall=67047
2023-04-09 08:20:54 - progress_bar.py[line:272] - INFO: epoch 007:    319 / 1878 loss=3.091, loss_v1=0, loss_v2=0, nll_loss=1.912, ntokens=320, nsentences=64, sample_size=320, sample_size_v1=0, sample_size_v2=0, ppl=3.76, wps=78.7, ups=0.25, wpb=320, bsz=64, num_updates=11570, lr=2.04203e-05, gnorm=10.136, clip=100, loss_scale=128, train_wall=40, gb_free=7.3, wall=67087
2023-04-09 08:21:35 - progress_bar.py[line:272] - INFO: epoch 007:    329 / 1878 loss=3.124, loss_v1=0, loss_v2=0, nll_loss=1.943, ntokens=320, nsentences=64, sample_size=320, sample_size_v1=0, sample_size_v2=0, ppl=3.85, wps=79, ups=0.25, wpb=320, bsz=64, num_updates=11580, lr=2.0392e-05, gnorm=10.523, clip=100, loss_scale=128, train_wall=40, gb_free=7.3, wall=67128
2023-04-09 08:22:15 - progress_bar.py[line:272] - INFO: epoch 007:    339 / 1878 loss=3.116, loss_v1=0, loss_v2=0, nll_loss=1.931, ntokens=320, nsentences=64, sample_size=320, sample_size_v1=0, sample_size_v2=0, ppl=3.81, wps=78.7, ups=0.25, wpb=320, bsz=64, num_updates=11590, lr=2.03637e-05, gnorm=11.19, clip=100, loss_scale=128, train_wall=40, gb_free=7.3, wall=67169
2023-04-09 08:22:56 - progress_bar.py[line:272] - INFO: epoch 007:    349 / 1878 loss=3.092, loss_v1=0, loss_v2=0, nll_loss=1.905, ntokens=320, nsentences=64, sample_size=320, sample_size_v1=0, sample_size_v2=0, ppl=3.75, wps=78.6, ups=0.25, wpb=320, bsz=64, num_updates=11600, lr=2.03353e-05, gnorm=9.989, clip=100, loss_scale=128, train_wall=40, gb_free=7.3, wall=67209
2023-04-09 08:23:37 - progress_bar.py[line:272] - INFO: epoch 007:    359 / 1878 loss=3.133, loss_v1=0, loss_v2=0, nll_loss=1.954, ntokens=320, nsentences=64, sample_size=320, sample_size_v1=0, sample_size_v2=0, ppl=3.87, wps=78.4, ups=0.25, wpb=320, bsz=64, num_updates=11610, lr=2.0307e-05, gnorm=9.898, clip=100, loss_scale=128, train_wall=41, gb_free=7.3, wall=67250
2023-04-09 08:23:49 - trainer.py[line:921] - INFO: NOTE: gradient overflow detected, ignoring gradient, setting loss scale to: 64.0
2023-04-09 08:24:22 - progress_bar.py[line:272] - INFO: epoch 007:    370 / 1878 loss=3.199, loss_v1=0, loss_v2=0, nll_loss=2.031, ntokens=320, nsentences=64, sample_size=320, sample_size_v1=0, sample_size_v2=0, ppl=4.09, wps=71.2, ups=0.22, wpb=320, bsz=64, num_updates=11620, lr=2.02787e-05, gnorm=11.462, clip=100, loss_scale=64, train_wall=45, gb_free=7.3, wall=67295
2023-04-09 08:25:03 - progress_bar.py[line:272] - INFO: epoch 007:    380 / 1878 loss=3.101, loss_v1=0, loss_v2=0, nll_loss=1.925, ntokens=320, nsentences=64, sample_size=320, sample_size_v1=0, sample_size_v2=0, ppl=3.8, wps=78.6, ups=0.25, wpb=320, bsz=64, num_updates=11630, lr=2.02504e-05, gnorm=11.019, clip=100, loss_scale=64, train_wall=40, gb_free=7.3, wall=67336
2023-04-09 08:25:43 - progress_bar.py[line:272] - INFO: epoch 007:    390 / 1878 loss=3.112, loss_v1=0, loss_v2=0, nll_loss=1.931, ntokens=320, nsentences=64, sample_size=320, sample_size_v1=0, sample_size_v2=0, ppl=3.81, wps=78.3, ups=0.24, wpb=320, bsz=64, num_updates=11640, lr=2.0222e-05, gnorm=11.037, clip=100, loss_scale=64, train_wall=41, gb_free=7.3, wall=67377
2023-04-09 08:26:24 - progress_bar.py[line:272] - INFO: epoch 007:    400 / 1878 loss=3.121, loss_v1=0, loss_v2=0, nll_loss=1.938, ntokens=320, nsentences=64, sample_size=320, sample_size_v1=0, sample_size_v2=0, ppl=3.83, wps=78.5, ups=0.25, wpb=320, bsz=64, num_updates=11650, lr=2.01937e-05, gnorm=10.832, clip=100, loss_scale=64, train_wall=40, gb_free=7.3, wall=67417
2023-04-09 08:27:05 - progress_bar.py[line:272] - INFO: epoch 007:    410 / 1878 loss=3.114, loss_v1=0, loss_v2=0, nll_loss=1.933, ntokens=320, nsentences=64, sample_size=320, sample_size_v1=0, sample_size_v2=0, ppl=3.82, wps=78.5, ups=0.25, wpb=320, bsz=64, num_updates=11660, lr=2.01654e-05, gnorm=11.638, clip=100, loss_scale=64, train_wall=41, gb_free=7.3, wall=67458
2023-04-09 08:27:46 - progress_bar.py[line:272] - INFO: epoch 007:    420 / 1878 loss=3.145, loss_v1=0, loss_v2=0, nll_loss=1.969, ntokens=320, nsentences=64, sample_size=320, sample_size_v1=0, sample_size_v2=0, ppl=3.91, wps=78.5, ups=0.25, wpb=320, bsz=64, num_updates=11670, lr=2.01371e-05, gnorm=12.31, clip=100, loss_scale=64, train_wall=40, gb_free=7.3, wall=67499
2023-04-09 08:28:27 - progress_bar.py[line:272] - INFO: epoch 007:    430 / 1878 loss=3.121, loss_v1=0, loss_v2=0, nll_loss=1.943, ntokens=320, nsentences=64, sample_size=320, sample_size_v1=0, sample_size_v2=0, ppl=3.84, wps=78.2, ups=0.24, wpb=320, bsz=64, num_updates=11680, lr=2.01088e-05, gnorm=10.378, clip=100, loss_scale=64, train_wall=41, gb_free=7.3, wall=67540
2023-04-09 08:29:08 - progress_bar.py[line:272] - INFO: epoch 007:    440 / 1878 loss=3.131, loss_v1=0, loss_v2=0, nll_loss=1.956, ntokens=320, nsentences=64, sample_size=320, sample_size_v1=0, sample_size_v2=0, ppl=3.88, wps=77.8, ups=0.24, wpb=320, bsz=64, num_updates=11690, lr=2.00804e-05, gnorm=9.843, clip=100, loss_scale=64, train_wall=41, gb_free=7.3, wall=67581
2023-04-09 08:29:48 - progress_bar.py[line:272] - INFO: epoch 007:    450 / 1878 loss=3.152, loss_v1=0, loss_v2=0, nll_loss=1.976, ntokens=320, nsentences=64, sample_size=320, sample_size_v1=0, sample_size_v2=0, ppl=3.93, wps=78.6, ups=0.25, wpb=320, bsz=64, num_updates=11700, lr=2.00521e-05, gnorm=10.487, clip=100, loss_scale=64, train_wall=40, gb_free=7.3, wall=67622
2023-04-09 08:30:29 - progress_bar.py[line:272] - INFO: epoch 007:    460 / 1878 loss=3.097, loss_v1=0, loss_v2=0, nll_loss=1.919, ntokens=320, nsentences=64, sample_size=320, sample_size_v1=0, sample_size_v2=0, ppl=3.78, wps=78.3, ups=0.24, wpb=320, bsz=64, num_updates=11710, lr=2.00238e-05, gnorm=11.575, clip=100, loss_scale=64, train_wall=40, gb_free=7.3, wall=67662
2023-04-09 08:31:10 - progress_bar.py[line:272] - INFO: epoch 007:    470 / 1878 loss=3.145, loss_v1=0, loss_v2=0, nll_loss=1.97, ntokens=320, nsentences=64, sample_size=320, sample_size_v1=0, sample_size_v2=0, ppl=3.92, wps=78.1, ups=0.24, wpb=320, bsz=64, num_updates=11720, lr=1.99955e-05, gnorm=10.792, clip=100, loss_scale=64, train_wall=41, gb_free=7.3, wall=67703
2023-04-09 08:31:51 - progress_bar.py[line:272] - INFO: epoch 007:    480 / 1878 loss=3.087, loss_v1=0, loss_v2=0, nll_loss=1.905, ntokens=320, nsentences=64, sample_size=320, sample_size_v1=0, sample_size_v2=0, ppl=3.75, wps=78.6, ups=0.25, wpb=320, bsz=64, num_updates=11730, lr=1.99671e-05, gnorm=10.689, clip=100, loss_scale=64, train_wall=40, gb_free=7.3, wall=67744
2023-04-09 08:32:32 - progress_bar.py[line:272] - INFO: epoch 007:    490 / 1878 loss=3.102, loss_v1=0, loss_v2=0, nll_loss=1.919, ntokens=320, nsentences=64, sample_size=320, sample_size_v1=0, sample_size_v2=0, ppl=3.78, wps=78.9, ups=0.25, wpb=320, bsz=64, num_updates=11740, lr=1.99388e-05, gnorm=10.575, clip=100, loss_scale=64, train_wall=40, gb_free=7.3, wall=67785
2023-04-09 08:33:04 - trainer.py[line:921] - INFO: NOTE: gradient overflow detected, ignoring gradient, setting loss scale to: 32.0
2023-04-09 08:33:16 - progress_bar.py[line:272] - INFO: epoch 007:    501 / 1878 loss=3.092, loss_v1=0, loss_v2=0, nll_loss=1.908, ntokens=320, nsentences=64, sample_size=320, sample_size_v1=0, sample_size_v2=0, ppl=3.75, wps=71.4, ups=0.22, wpb=320, bsz=64, num_updates=11750, lr=1.99105e-05, gnorm=12.877, clip=100, loss_scale=32, train_wall=45, gb_free=7.3, wall=67829
2023-04-09 08:33:57 - progress_bar.py[line:272] - INFO: epoch 007:    511 / 1878 loss=3.089, loss_v1=0, loss_v2=0, nll_loss=1.902, ntokens=320, nsentences=64, sample_size=320, sample_size_v1=0, sample_size_v2=0, ppl=3.74, wps=78.3, ups=0.24, wpb=320, bsz=64, num_updates=11760, lr=1.98822e-05, gnorm=10.677, clip=100, loss_scale=32, train_wall=41, gb_free=7.3, wall=67870
2023-04-09 08:34:38 - progress_bar.py[line:272] - INFO: epoch 007:    521 / 1878 loss=3.133, loss_v1=0, loss_v2=0, nll_loss=1.955, ntokens=320, nsentences=64, sample_size=320, sample_size_v1=0, sample_size_v2=0, ppl=3.88, wps=78.6, ups=0.25, wpb=320, bsz=64, num_updates=11770, lr=1.98539e-05, gnorm=10.609, clip=100, loss_scale=32, train_wall=41, gb_free=7.3, wall=67911
2023-04-09 08:35:19 - progress_bar.py[line:272] - INFO: epoch 007:    531 / 1878 loss=3.157, loss_v1=0, loss_v2=0, nll_loss=1.979, ntokens=320, nsentences=64, sample_size=320, sample_size_v1=0, sample_size_v2=0, ppl=3.94, wps=78.2, ups=0.24, wpb=320, bsz=64, num_updates=11780, lr=1.98255e-05, gnorm=11.101, clip=100, loss_scale=32, train_wall=41, gb_free=7.3, wall=67952
2023-04-09 08:36:00 - progress_bar.py[line:272] - INFO: epoch 007:    541 / 1878 loss=3.127, loss_v1=0, loss_v2=0, nll_loss=1.947, ntokens=320, nsentences=64, sample_size=320, sample_size_v1=0, sample_size_v2=0, ppl=3.85, wps=78.4, ups=0.25, wpb=320, bsz=64, num_updates=11790, lr=1.97972e-05, gnorm=11.162, clip=100, loss_scale=32, train_wall=41, gb_free=7.3, wall=67993
2023-04-09 08:36:40 - progress_bar.py[line:272] - INFO: epoch 007:    551 / 1878 loss=3.141, loss_v1=0, loss_v2=0, nll_loss=1.967, ntokens=320, nsentences=64, sample_size=320, sample_size_v1=0, sample_size_v2=0, ppl=3.91, wps=78.6, ups=0.25, wpb=320, bsz=64, num_updates=11800, lr=1.97689e-05, gnorm=10.672, clip=100, loss_scale=32, train_wall=40, gb_free=7.3, wall=68033
2023-04-09 08:37:21 - progress_bar.py[line:272] - INFO: epoch 007:    561 / 1878 loss=3.135, loss_v1=0, loss_v2=0, nll_loss=1.96, ntokens=320, nsentences=64, sample_size=320, sample_size_v1=0, sample_size_v2=0, ppl=3.89, wps=78.3, ups=0.24, wpb=320, bsz=64, num_updates=11810, lr=1.97406e-05, gnorm=10.958, clip=100, loss_scale=32, train_wall=41, gb_free=7.3, wall=68074
2023-04-09 08:38:02 - progress_bar.py[line:272] - INFO: epoch 007:    571 / 1878 loss=3.137, loss_v1=0, loss_v2=0, nll_loss=1.959, ntokens=320, nsentences=64, sample_size=320, sample_size_v1=0, sample_size_v2=0, ppl=3.89, wps=78.2, ups=0.24, wpb=320, bsz=64, num_updates=11820, lr=1.97122e-05, gnorm=10.857, clip=100, loss_scale=32, train_wall=41, gb_free=7.3, wall=68115
2023-04-09 08:38:43 - progress_bar.py[line:272] - INFO: epoch 007:    581 / 1878 loss=3.153, loss_v1=0, loss_v2=0, nll_loss=1.977, ntokens=320, nsentences=64, sample_size=320, sample_size_v1=0, sample_size_v2=0, ppl=3.94, wps=78.8, ups=0.25, wpb=320, bsz=64, num_updates=11830, lr=1.96839e-05, gnorm=11.234, clip=100, loss_scale=32, train_wall=40, gb_free=7.3, wall=68156
2023-04-09 08:39:23 - progress_bar.py[line:272] - INFO: epoch 007:    591 / 1878 loss=3.111, loss_v1=0, loss_v2=0, nll_loss=1.928, ntokens=320, nsentences=64, sample_size=320, sample_size_v1=0, sample_size_v2=0, ppl=3.8, wps=78.7, ups=0.25, wpb=320, bsz=64, num_updates=11840, lr=1.96556e-05, gnorm=9.991, clip=100, loss_scale=32, train_wall=40, gb_free=7.3, wall=68197
2023-04-09 08:40:04 - progress_bar.py[line:272] - INFO: epoch 007:    601 / 1878 loss=3.136, loss_v1=0, loss_v2=0, nll_loss=1.959, ntokens=320, nsentences=64, sample_size=320, sample_size_v1=0, sample_size_v2=0, ppl=3.89, wps=78.8, ups=0.25, wpb=320, bsz=64, num_updates=11850, lr=1.96273e-05, gnorm=13.28, clip=100, loss_scale=32, train_wall=40, gb_free=7.3, wall=68237
2023-04-09 08:40:45 - progress_bar.py[line:272] - INFO: epoch 007:    611 / 1878 loss=3.05, loss_v1=0, loss_v2=0, nll_loss=1.861, ntokens=320, nsentences=64, sample_size=320, sample_size_v1=0, sample_size_v2=0, ppl=3.63, wps=78.6, ups=0.25, wpb=320, bsz=64, num_updates=11860, lr=1.9599e-05, gnorm=10.45, clip=100, loss_scale=32, train_wall=40, gb_free=7.3, wall=68278
2023-04-09 08:41:25 - progress_bar.py[line:272] - INFO: epoch 007:    621 / 1878 loss=3.113, loss_v1=0, loss_v2=0, nll_loss=1.931, ntokens=320, nsentences=64, sample_size=320, sample_size_v1=0, sample_size_v2=0, ppl=3.81, wps=78.6, ups=0.25, wpb=320, bsz=64, num_updates=11870, lr=1.95706e-05, gnorm=11.016, clip=100, loss_scale=32, train_wall=40, gb_free=7.3, wall=68319
2023-04-09 08:42:06 - progress_bar.py[line:272] - INFO: epoch 007:    631 / 1878 loss=3.112, loss_v1=0, loss_v2=0, nll_loss=1.928, ntokens=320, nsentences=64, sample_size=320, sample_size_v1=0, sample_size_v2=0, ppl=3.8, wps=78.5, ups=0.25, wpb=320, bsz=64, num_updates=11880, lr=1.95423e-05, gnorm=10.24, clip=100, loss_scale=32, train_wall=41, gb_free=7.3, wall=68359
2023-04-09 08:42:47 - progress_bar.py[line:272] - INFO: epoch 007:    641 / 1878 loss=3.128, loss_v1=0, loss_v2=0, nll_loss=1.946, ntokens=320, nsentences=64, sample_size=320, sample_size_v1=0, sample_size_v2=0, ppl=3.85, wps=78.8, ups=0.25, wpb=320, bsz=64, num_updates=11890, lr=1.9514e-05, gnorm=10.194, clip=100, loss_scale=32, train_wall=40, gb_free=7.3, wall=68400
2023-04-09 08:43:28 - progress_bar.py[line:272] - INFO: epoch 007:    651 / 1878 loss=3.11, loss_v1=0, loss_v2=0, nll_loss=1.931, ntokens=320, nsentences=64, sample_size=320, sample_size_v1=0, sample_size_v2=0, ppl=3.81, wps=78.6, ups=0.25, wpb=320, bsz=64, num_updates=11900, lr=1.94857e-05, gnorm=12.241, clip=100, loss_scale=32, train_wall=40, gb_free=7.3, wall=68441
2023-04-09 08:44:08 - progress_bar.py[line:272] - INFO: epoch 007:    661 / 1878 loss=3.192, loss_v1=0, loss_v2=0, nll_loss=2.021, ntokens=320, nsentences=64, sample_size=320, sample_size_v1=0, sample_size_v2=0, ppl=4.06, wps=78.7, ups=0.25, wpb=320, bsz=64, num_updates=11910, lr=1.94573e-05, gnorm=11.359, clip=100, loss_scale=32, train_wall=40, gb_free=7.3, wall=68481
2023-04-09 08:44:49 - progress_bar.py[line:272] - INFO: epoch 007:    671 / 1878 loss=3.142, loss_v1=0, loss_v2=0, nll_loss=1.965, ntokens=320, nsentences=64, sample_size=320, sample_size_v1=0, sample_size_v2=0, ppl=3.91, wps=78.4, ups=0.25, wpb=320, bsz=64, num_updates=11920, lr=1.9429e-05, gnorm=10.89, clip=100, loss_scale=32, train_wall=41, gb_free=7.3, wall=68522
2023-04-09 08:45:30 - progress_bar.py[line:272] - INFO: epoch 007:    681 / 1878 loss=3.148, loss_v1=0, loss_v2=0, nll_loss=1.973, ntokens=320, nsentences=64, sample_size=320, sample_size_v1=0, sample_size_v2=0, ppl=3.93, wps=78.7, ups=0.25, wpb=320, bsz=64, num_updates=11930, lr=1.94007e-05, gnorm=12.031, clip=100, loss_scale=32, train_wall=40, gb_free=7.3, wall=68563
2023-04-09 08:46:10 - progress_bar.py[line:272] - INFO: epoch 007:    691 / 1878 loss=3.144, loss_v1=0, loss_v2=0, nll_loss=1.969, ntokens=320, nsentences=64, sample_size=320, sample_size_v1=0, sample_size_v2=0, ppl=3.91, wps=78.6, ups=0.25, wpb=320, bsz=64, num_updates=11940, lr=1.93724e-05, gnorm=10.496, clip=100, loss_scale=32, train_wall=40, gb_free=7.3, wall=68604
2023-04-09 08:46:51 - progress_bar.py[line:272] - INFO: epoch 007:    701 / 1878 loss=3.09, loss_v1=0, loss_v2=0, nll_loss=1.909, ntokens=320, nsentences=64, sample_size=320, sample_size_v1=0, sample_size_v2=0, ppl=3.76, wps=78.5, ups=0.25, wpb=320, bsz=64, num_updates=11950, lr=1.93441e-05, gnorm=10.198, clip=100, loss_scale=32, train_wall=41, gb_free=7.3, wall=68644
2023-04-09 08:47:32 - progress_bar.py[line:272] - INFO: epoch 007:    711 / 1878 loss=3.081, loss_v1=0, loss_v2=0, nll_loss=1.895, ntokens=320, nsentences=64, sample_size=320, sample_size_v1=0, sample_size_v2=0, ppl=3.72, wps=78.1, ups=0.24, wpb=320, bsz=64, num_updates=11960, lr=1.93157e-05, gnorm=11.979, clip=100, loss_scale=32, train_wall=41, gb_free=7.3, wall=68685
2023-04-09 08:48:13 - progress_bar.py[line:272] - INFO: epoch 007:    721 / 1878 loss=3.07, loss_v1=0, loss_v2=0, nll_loss=1.881, ntokens=320, nsentences=64, sample_size=320, sample_size_v1=0, sample_size_v2=0, ppl=3.68, wps=78.3, ups=0.24, wpb=320, bsz=64, num_updates=11970, lr=1.92874e-05, gnorm=11.027, clip=100, loss_scale=32, train_wall=41, gb_free=7.3, wall=68726
2023-04-09 08:48:54 - progress_bar.py[line:272] - INFO: epoch 007:    731 / 1878 loss=3.107, loss_v1=0, loss_v2=0, nll_loss=1.923, ntokens=320, nsentences=64, sample_size=320, sample_size_v1=0, sample_size_v2=0, ppl=3.79, wps=77.9, ups=0.24, wpb=320, bsz=64, num_updates=11980, lr=1.92591e-05, gnorm=10.521, clip=100, loss_scale=32, train_wall=41, gb_free=7.3, wall=68767
2023-04-09 08:49:35 - progress_bar.py[line:272] - INFO: epoch 007:    741 / 1878 loss=3.088, loss_v1=0, loss_v2=0, nll_loss=1.906, ntokens=320, nsentences=64, sample_size=320, sample_size_v1=0, sample_size_v2=0, ppl=3.75, wps=78.1, ups=0.24, wpb=320, bsz=64, num_updates=11990, lr=1.92308e-05, gnorm=10.783, clip=100, loss_scale=32, train_wall=41, gb_free=7.3, wall=68808
slice_id 1 seek offset 5379
2023-04-09 08:50:16 - progress_bar.py[line:272] - INFO: epoch 007:    751 / 1878 loss=3.061, loss_v1=0, loss_v2=0, nll_loss=1.873, ntokens=320, nsentences=64, sample_size=320, sample_size_v1=0, sample_size_v2=0, ppl=3.66, wps=79, ups=0.25, wpb=320, bsz=64, num_updates=12000, lr=1.92024e-05, gnorm=10.244, clip=100, loss_scale=32, train_wall=40, gb_free=7.3, wall=68849
2023-04-09 08:50:16 - train.py[line:445] - INFO: begin validation on "valid" subset
slice_id 0 seek offset 0
slice_id 0 seek offset 0
slice_id 1 seek offset 5379
2023-04-09 09:01:28 - progress_bar.py[line:282] - INFO: epoch 007 | valid on 'valid' subset | loss 5.267 | loss_v1 0 | loss_v2 0 | nll_loss 4.315 | ntokens 39.993 | nsentences 7.999 | sample_size 39.993 | sample_size_v1 0 | sample_size_v2 0 | ppl 19.91 | score 0.3773 | wps 80 | wpb 40 | bsz 8 | num_updates 12000 | best_score 0.4586
2023-04-09 09:01:28 - checkpoint_utils.py[line:64] - INFO: Preparing to save checkpoint for epoch 7 @ 12000 updates
2023-04-09 09:01:28 - trainer.py[line:431] - INFO: Saving checkpoint to ./refcocoplus_EC_checkpoints_exp2/10_5e-5_512/checkpoint_7_12000.pt
2023-04-09 09:01:48 - trainer.py[line:441] - INFO: Finished saving checkpoint to ./refcocoplus_EC_checkpoints_exp2/10_5e-5_512/checkpoint_7_12000.pt
2023-04-09 09:01:57 - checkpoint_utils.py[line:133] - INFO: Saved checkpoint ./refcocoplus_EC_checkpoints_exp2/10_5e-5_512/checkpoint_7_12000.pt (epoch 7 @ 12000 updates, score 0.3773) (writing took 29.017086847685277 seconds)
2023-04-09 09:02:37 - progress_bar.py[line:272] - INFO: epoch 007:    761 / 1878 loss=3.025, loss_v1=0, loss_v2=0, nll_loss=1.833, ntokens=320, nsentences=64, sample_size=320, sample_size_v1=0, sample_size_v2=0, ppl=3.56, wps=4.3, ups=0.01, wpb=320, bsz=64, num_updates=12010, lr=1.91741e-05, gnorm=9.579, clip=100, loss_scale=32, train_wall=40, gb_free=7.3, wall=69590
2023-04-09 09:03:18 - progress_bar.py[line:272] - INFO: epoch 007:    771 / 1878 loss=3.061, loss_v1=0, loss_v2=0, nll_loss=1.87, ntokens=320, nsentences=64, sample_size=320, sample_size_v1=0, sample_size_v2=0, ppl=3.66, wps=78.5, ups=0.25, wpb=320, bsz=64, num_updates=12020, lr=1.91458e-05, gnorm=9.754, clip=100, loss_scale=32, train_wall=41, gb_free=7.3, wall=69631
2023-04-09 09:03:59 - progress_bar.py[line:272] - INFO: epoch 007:    781 / 1878 loss=3.045, loss_v1=0, loss_v2=0, nll_loss=1.851, ntokens=320, nsentences=64, sample_size=320, sample_size_v1=0, sample_size_v2=0, ppl=3.61, wps=78.6, ups=0.25, wpb=320, bsz=64, num_updates=12030, lr=1.91175e-05, gnorm=10.563, clip=100, loss_scale=32, train_wall=40, gb_free=7.3, wall=69672
2023-04-09 09:04:39 - progress_bar.py[line:272] - INFO: epoch 007:    791 / 1878 loss=3.078, loss_v1=0, loss_v2=0, nll_loss=1.892, ntokens=320, nsentences=64, sample_size=320, sample_size_v1=0, sample_size_v2=0, ppl=3.71, wps=78.5, ups=0.25, wpb=320, bsz=64, num_updates=12040, lr=1.90892e-05, gnorm=9.757, clip=100, loss_scale=32, train_wall=40, gb_free=7.3, wall=69713
2023-04-09 09:05:20 - progress_bar.py[line:272] - INFO: epoch 007:    801 / 1878 loss=3.051, loss_v1=0, loss_v2=0, nll_loss=1.855, ntokens=320, nsentences=64, sample_size=320, sample_size_v1=0, sample_size_v2=0, ppl=3.62, wps=78.8, ups=0.25, wpb=320, bsz=64, num_updates=12050, lr=1.90608e-05, gnorm=11.213, clip=100, loss_scale=32, train_wall=40, gb_free=7.3, wall=69753
2023-04-09 09:06:01 - progress_bar.py[line:272] - INFO: epoch 007:    811 / 1878 loss=3.055, loss_v1=0, loss_v2=0, nll_loss=1.865, ntokens=320, nsentences=64, sample_size=320, sample_size_v1=0, sample_size_v2=0, ppl=3.64, wps=78.7, ups=0.25, wpb=320, bsz=64, num_updates=12060, lr=1.90325e-05, gnorm=10.09, clip=100, loss_scale=32, train_wall=40, gb_free=7.3, wall=69794
2023-04-09 09:06:42 - progress_bar.py[line:272] - INFO: epoch 007:    821 / 1878 loss=3.049, loss_v1=0, loss_v2=0, nll_loss=1.861, ntokens=320, nsentences=64, sample_size=320, sample_size_v1=0, sample_size_v2=0, ppl=3.63, wps=78.3, ups=0.24, wpb=320, bsz=64, num_updates=12070, lr=1.90042e-05, gnorm=9.69, clip=100, loss_scale=32, train_wall=41, gb_free=7.3, wall=69835
2023-04-09 09:07:23 - progress_bar.py[line:272] - INFO: epoch 007:    831 / 1878 loss=3.115, loss_v1=0, loss_v2=0, nll_loss=1.933, ntokens=320, nsentences=64, sample_size=320, sample_size_v1=0, sample_size_v2=0, ppl=3.82, wps=78.1, ups=0.24, wpb=320, bsz=64, num_updates=12080, lr=1.89759e-05, gnorm=11.784, clip=100, loss_scale=32, train_wall=41, gb_free=7.3, wall=69876
2023-04-09 09:08:03 - progress_bar.py[line:272] - INFO: epoch 007:    841 / 1878 loss=3.091, loss_v1=0, loss_v2=0, nll_loss=1.905, ntokens=320, nsentences=64, sample_size=320, sample_size_v1=0, sample_size_v2=0, ppl=3.74, wps=78.8, ups=0.25, wpb=320, bsz=64, num_updates=12090, lr=1.89475e-05, gnorm=10.019, clip=100, loss_scale=32, train_wall=40, gb_free=7.3, wall=69916
2023-04-09 09:08:44 - progress_bar.py[line:272] - INFO: epoch 007:    851 / 1878 loss=3.063, loss_v1=0, loss_v2=0, nll_loss=1.875, ntokens=320, nsentences=64, sample_size=320, sample_size_v1=0, sample_size_v2=0, ppl=3.67, wps=77.4, ups=0.24, wpb=320, bsz=64, num_updates=12100, lr=1.89192e-05, gnorm=9.953, clip=100, loss_scale=32, train_wall=41, gb_free=7.3, wall=69958
2023-04-09 09:09:25 - progress_bar.py[line:272] - INFO: epoch 007:    861 / 1878 loss=3.054, loss_v1=0, loss_v2=0, nll_loss=1.863, ntokens=320, nsentences=64, sample_size=320, sample_size_v1=0, sample_size_v2=0, ppl=3.64, wps=78.7, ups=0.25, wpb=320, bsz=64, num_updates=12110, lr=1.88909e-05, gnorm=10.22, clip=100, loss_scale=32, train_wall=40, gb_free=7.3, wall=69998
2023-04-09 09:10:06 - progress_bar.py[line:272] - INFO: epoch 007:    871 / 1878 loss=3.072, loss_v1=0, loss_v2=0, nll_loss=1.882, ntokens=320, nsentences=64, sample_size=320, sample_size_v1=0, sample_size_v2=0, ppl=3.69, wps=78.6, ups=0.25, wpb=320, bsz=64, num_updates=12120, lr=1.88626e-05, gnorm=10.839, clip=100, loss_scale=32, train_wall=40, gb_free=7.3, wall=70039
2023-04-09 09:10:47 - progress_bar.py[line:272] - INFO: epoch 007:    881 / 1878 loss=3.047, loss_v1=0, loss_v2=0, nll_loss=1.859, ntokens=320, nsentences=64, sample_size=320, sample_size_v1=0, sample_size_v2=0, ppl=3.63, wps=78.4, ups=0.25, wpb=320, bsz=64, num_updates=12130, lr=1.88343e-05, gnorm=9.954, clip=100, loss_scale=32, train_wall=41, gb_free=7.3, wall=70080
2023-04-09 09:11:27 - progress_bar.py[line:272] - INFO: epoch 007:    891 / 1878 loss=3.028, loss_v1=0, loss_v2=0, nll_loss=1.832, ntokens=320, nsentences=64, sample_size=320, sample_size_v1=0, sample_size_v2=0, ppl=3.56, wps=78.5, ups=0.25, wpb=320, bsz=64, num_updates=12140, lr=1.88059e-05, gnorm=10.144, clip=100, loss_scale=32, train_wall=40, gb_free=7.3, wall=70121
2023-04-09 09:12:08 - progress_bar.py[line:272] - INFO: epoch 007:    901 / 1878 loss=3.007, loss_v1=0, loss_v2=0, nll_loss=1.807, ntokens=320, nsentences=64, sample_size=320, sample_size_v1=0, sample_size_v2=0, ppl=3.5, wps=78.5, ups=0.25, wpb=320, bsz=64, num_updates=12150, lr=1.87776e-05, gnorm=9.645, clip=100, loss_scale=32, train_wall=40, gb_free=7.3, wall=70161
2023-04-09 09:12:49 - progress_bar.py[line:272] - INFO: epoch 007:    911 / 1878 loss=3.1, loss_v1=0, loss_v2=0, nll_loss=1.913, ntokens=320, nsentences=64, sample_size=320, sample_size_v1=0, sample_size_v2=0, ppl=3.77, wps=78.2, ups=0.24, wpb=320, bsz=64, num_updates=12160, lr=1.87493e-05, gnorm=9.847, clip=100, loss_scale=32, train_wall=41, gb_free=7.3, wall=70202
2023-04-09 09:13:30 - progress_bar.py[line:272] - INFO: epoch 007:    921 / 1878 loss=3.024, loss_v1=0, loss_v2=0, nll_loss=1.83, ntokens=320, nsentences=64, sample_size=320, sample_size_v1=0, sample_size_v2=0, ppl=3.56, wps=77.9, ups=0.24, wpb=320, bsz=64, num_updates=12170, lr=1.8721e-05, gnorm=9.845, clip=100, loss_scale=32, train_wall=41, gb_free=7.3, wall=70243
2023-04-09 09:14:11 - progress_bar.py[line:272] - INFO: epoch 007:    931 / 1878 loss=3.059, loss_v1=0, loss_v2=0, nll_loss=1.864, ntokens=320, nsentences=64, sample_size=320, sample_size_v1=0, sample_size_v2=0, ppl=3.64, wps=78.2, ups=0.24, wpb=320, bsz=64, num_updates=12180, lr=1.86926e-05, gnorm=10.346, clip=100, loss_scale=32, train_wall=41, gb_free=7.3, wall=70284
2023-04-09 09:14:52 - progress_bar.py[line:272] - INFO: epoch 007:    941 / 1878 loss=3.056, loss_v1=0, loss_v2=0, nll_loss=1.868, ntokens=320, nsentences=64, sample_size=320, sample_size_v1=0, sample_size_v2=0, ppl=3.65, wps=78.6, ups=0.25, wpb=320, bsz=64, num_updates=12190, lr=1.86643e-05, gnorm=9.192, clip=100, loss_scale=32, train_wall=40, gb_free=7.3, wall=70325
2023-04-09 09:15:33 - progress_bar.py[line:272] - INFO: epoch 007:    951 / 1878 loss=3.021, loss_v1=0, loss_v2=0, nll_loss=1.826, ntokens=320, nsentences=64, sample_size=320, sample_size_v1=0, sample_size_v2=0, ppl=3.55, wps=78.8, ups=0.25, wpb=320, bsz=64, num_updates=12200, lr=1.8636e-05, gnorm=9.661, clip=100, loss_scale=32, train_wall=40, gb_free=7.3, wall=70366
2023-04-09 09:16:13 - progress_bar.py[line:272] - INFO: epoch 007:    961 / 1878 loss=3.018, loss_v1=0, loss_v2=0, nll_loss=1.825, ntokens=320, nsentences=64, sample_size=320, sample_size_v1=0, sample_size_v2=0, ppl=3.54, wps=78.4, ups=0.25, wpb=320, bsz=64, num_updates=12210, lr=1.86077e-05, gnorm=9.502, clip=100, loss_scale=32, train_wall=40, gb_free=7.3, wall=70407
2023-04-09 09:16:54 - progress_bar.py[line:272] - INFO: epoch 007:    971 / 1878 loss=3.024, loss_v1=0, loss_v2=0, nll_loss=1.829, ntokens=320, nsentences=64, sample_size=320, sample_size_v1=0, sample_size_v2=0, ppl=3.55, wps=78.4, ups=0.24, wpb=320, bsz=64, num_updates=12220, lr=1.85794e-05, gnorm=9.677, clip=100, loss_scale=32, train_wall=41, gb_free=7.3, wall=70447
2023-04-09 09:17:35 - progress_bar.py[line:272] - INFO: epoch 007:    981 / 1878 loss=2.995, loss_v1=0, loss_v2=0, nll_loss=1.802, ntokens=320, nsentences=64, sample_size=320, sample_size_v1=0, sample_size_v2=0, ppl=3.49, wps=78.7, ups=0.25, wpb=320, bsz=64, num_updates=12230, lr=1.8551e-05, gnorm=9.338, clip=100, loss_scale=32, train_wall=40, gb_free=7.3, wall=70488
2023-04-09 09:18:16 - progress_bar.py[line:272] - INFO: epoch 007:    991 / 1878 loss=3.053, loss_v1=0, loss_v2=0, nll_loss=1.861, ntokens=320, nsentences=64, sample_size=320, sample_size_v1=0, sample_size_v2=0, ppl=3.63, wps=78.6, ups=0.25, wpb=320, bsz=64, num_updates=12240, lr=1.85227e-05, gnorm=10.029, clip=100, loss_scale=32, train_wall=41, gb_free=7.3, wall=70529
2023-04-09 09:18:56 - progress_bar.py[line:272] - INFO: epoch 007:   1001 / 1878 loss=3.081, loss_v1=0, loss_v2=0, nll_loss=1.89, ntokens=320, nsentences=64, sample_size=320, sample_size_v1=0, sample_size_v2=0, ppl=3.71, wps=78.5, ups=0.25, wpb=320, bsz=64, num_updates=12250, lr=1.84944e-05, gnorm=10.539, clip=100, loss_scale=32, train_wall=40, gb_free=7.3, wall=70569
2023-04-09 09:19:37 - progress_bar.py[line:272] - INFO: epoch 007:   1011 / 1878 loss=3.042, loss_v1=0, loss_v2=0, nll_loss=1.852, ntokens=320, nsentences=64, sample_size=320, sample_size_v1=0, sample_size_v2=0, ppl=3.61, wps=78.5, ups=0.25, wpb=320, bsz=64, num_updates=12260, lr=1.84661e-05, gnorm=9.882, clip=100, loss_scale=64, train_wall=40, gb_free=7.3, wall=70610
2023-04-09 09:20:18 - progress_bar.py[line:272] - INFO: epoch 007:   1021 / 1878 loss=3.068, loss_v1=0, loss_v2=0, nll_loss=1.883, ntokens=320, nsentences=64, sample_size=320, sample_size_v1=0, sample_size_v2=0, ppl=3.69, wps=78.2, ups=0.24, wpb=320, bsz=64, num_updates=12270, lr=1.84377e-05, gnorm=10.301, clip=100, loss_scale=64, train_wall=41, gb_free=7.3, wall=70651
2023-04-09 09:20:59 - progress_bar.py[line:272] - INFO: epoch 007:   1031 / 1878 loss=3.03, loss_v1=0, loss_v2=0, nll_loss=1.835, ntokens=320, nsentences=64, sample_size=320, sample_size_v1=0, sample_size_v2=0, ppl=3.57, wps=78.5, ups=0.25, wpb=320, bsz=64, num_updates=12280, lr=1.84094e-05, gnorm=9.112, clip=100, loss_scale=64, train_wall=41, gb_free=7.3, wall=70692
2023-04-09 09:21:39 - progress_bar.py[line:272] - INFO: epoch 007:   1041 / 1878 loss=3.04, loss_v1=0, loss_v2=0, nll_loss=1.847, ntokens=320, nsentences=64, sample_size=320, sample_size_v1=0, sample_size_v2=0, ppl=3.6, wps=78.6, ups=0.25, wpb=320, bsz=64, num_updates=12290, lr=1.83811e-05, gnorm=9.959, clip=100, loss_scale=64, train_wall=40, gb_free=7.3, wall=70733
2023-04-09 09:22:20 - progress_bar.py[line:272] - INFO: epoch 007:   1051 / 1878 loss=3.107, loss_v1=0, loss_v2=0, nll_loss=1.925, ntokens=320, nsentences=64, sample_size=320, sample_size_v1=0, sample_size_v2=0, ppl=3.8, wps=78.8, ups=0.25, wpb=320, bsz=64, num_updates=12300, lr=1.83528e-05, gnorm=10.748, clip=100, loss_scale=64, train_wall=40, gb_free=7.3, wall=70773
2023-04-09 09:23:01 - progress_bar.py[line:272] - INFO: epoch 007:   1061 / 1878 loss=3.035, loss_v1=0, loss_v2=0, nll_loss=1.842, ntokens=320, nsentences=64, sample_size=320, sample_size_v1=0, sample_size_v2=0, ppl=3.58, wps=78.4, ups=0.25, wpb=320, bsz=64, num_updates=12310, lr=1.83245e-05, gnorm=10.258, clip=100, loss_scale=64, train_wall=41, gb_free=7.3, wall=70814
2023-04-09 09:23:42 - progress_bar.py[line:272] - INFO: epoch 007:   1071 / 1878 loss=3.029, loss_v1=0, loss_v2=0, nll_loss=1.838, ntokens=320, nsentences=64, sample_size=320, sample_size_v1=0, sample_size_v2=0, ppl=3.58, wps=77.9, ups=0.24, wpb=320, bsz=64, num_updates=12320, lr=1.82961e-05, gnorm=9.759, clip=100, loss_scale=64, train_wall=41, gb_free=7.3, wall=70855
2023-04-09 09:24:23 - progress_bar.py[line:272] - INFO: epoch 007:   1081 / 1878 loss=3.071, loss_v1=0, loss_v2=0, nll_loss=1.883, ntokens=320, nsentences=64, sample_size=320, sample_size_v1=0, sample_size_v2=0, ppl=3.69, wps=78, ups=0.24, wpb=320, bsz=64, num_updates=12330, lr=1.82678e-05, gnorm=10.399, clip=100, loss_scale=64, train_wall=41, gb_free=7.3, wall=70896
2023-04-09 09:25:04 - progress_bar.py[line:272] - INFO: epoch 007:   1091 / 1878 loss=3.022, loss_v1=0, loss_v2=0, nll_loss=1.829, ntokens=320, nsentences=64, sample_size=320, sample_size_v1=0, sample_size_v2=0, ppl=3.55, wps=78.5, ups=0.25, wpb=320, bsz=64, num_updates=12340, lr=1.82395e-05, gnorm=8.838, clip=100, loss_scale=64, train_wall=40, gb_free=7.3, wall=70937
2023-04-09 09:25:44 - progress_bar.py[line:272] - INFO: epoch 007:   1101 / 1878 loss=3.053, loss_v1=0, loss_v2=0, nll_loss=1.864, ntokens=320, nsentences=64, sample_size=320, sample_size_v1=0, sample_size_v2=0, ppl=3.64, wps=78.9, ups=0.25, wpb=320, bsz=64, num_updates=12350, lr=1.82112e-05, gnorm=8.975, clip=100, loss_scale=64, train_wall=40, gb_free=7.3, wall=70978
2023-04-09 09:26:25 - progress_bar.py[line:272] - INFO: epoch 007:   1111 / 1878 loss=3.026, loss_v1=0, loss_v2=0, nll_loss=1.832, ntokens=320, nsentences=64, sample_size=320, sample_size_v1=0, sample_size_v2=0, ppl=3.56, wps=78.6, ups=0.25, wpb=320, bsz=64, num_updates=12360, lr=1.81828e-05, gnorm=9.682, clip=100, loss_scale=64, train_wall=40, gb_free=7.3, wall=71018
2023-04-09 09:27:06 - progress_bar.py[line:272] - INFO: epoch 007:   1121 / 1878 loss=2.992, loss_v1=0, loss_v2=0, nll_loss=1.793, ntokens=320, nsentences=64, sample_size=320, sample_size_v1=0, sample_size_v2=0, ppl=3.47, wps=78.6, ups=0.25, wpb=320, bsz=64, num_updates=12370, lr=1.81545e-05, gnorm=9.619, clip=100, loss_scale=64, train_wall=41, gb_free=7.3, wall=71059
2023-04-09 09:27:47 - progress_bar.py[line:272] - INFO: epoch 007:   1131 / 1878 loss=3.029, loss_v1=0, loss_v2=0, nll_loss=1.838, ntokens=320, nsentences=64, sample_size=320, sample_size_v1=0, sample_size_v2=0, ppl=3.58, wps=78.5, ups=0.25, wpb=320, bsz=64, num_updates=12380, lr=1.81262e-05, gnorm=10.246, clip=100, loss_scale=64, train_wall=41, gb_free=7.3, wall=71100
2023-04-09 09:28:27 - progress_bar.py[line:272] - INFO: epoch 007:   1141 / 1878 loss=3.028, loss_v1=0, loss_v2=0, nll_loss=1.826, ntokens=320, nsentences=64, sample_size=320, sample_size_v1=0, sample_size_v2=0, ppl=3.55, wps=78.3, ups=0.24, wpb=320, bsz=64, num_updates=12390, lr=1.80979e-05, gnorm=10.452, clip=100, loss_scale=64, train_wall=41, gb_free=7.3, wall=71141
2023-04-09 09:29:08 - progress_bar.py[line:272] - INFO: epoch 007:   1151 / 1878 loss=3.1, loss_v1=0, loss_v2=0, nll_loss=1.913, ntokens=320, nsentences=64, sample_size=320, sample_size_v1=0, sample_size_v2=0, ppl=3.76, wps=78.1, ups=0.24, wpb=320, bsz=64, num_updates=12400, lr=1.80696e-05, gnorm=11.507, clip=100, loss_scale=64, train_wall=41, gb_free=7.3, wall=71182
2023-04-09 09:29:49 - progress_bar.py[line:272] - INFO: epoch 007:   1161 / 1878 loss=3.073, loss_v1=0, loss_v2=0, nll_loss=1.881, ntokens=320, nsentences=64, sample_size=320, sample_size_v1=0, sample_size_v2=0, ppl=3.68, wps=78.8, ups=0.25, wpb=320, bsz=64, num_updates=12410, lr=1.80412e-05, gnorm=10.117, clip=100, loss_scale=64, train_wall=40, gb_free=7.3, wall=71222
2023-04-09 09:30:30 - progress_bar.py[line:272] - INFO: epoch 007:   1171 / 1878 loss=3.073, loss_v1=0, loss_v2=0, nll_loss=1.889, ntokens=320, nsentences=64, sample_size=320, sample_size_v1=0, sample_size_v2=0, ppl=3.7, wps=78.3, ups=0.24, wpb=320, bsz=64, num_updates=12420, lr=1.80129e-05, gnorm=9.954, clip=100, loss_scale=64, train_wall=41, gb_free=7.3, wall=71263
2023-04-09 09:31:10 - progress_bar.py[line:272] - INFO: epoch 007:   1181 / 1878 loss=3.081, loss_v1=0, loss_v2=0, nll_loss=1.891, ntokens=320, nsentences=64, sample_size=320, sample_size_v1=0, sample_size_v2=0, ppl=3.71, wps=78.7, ups=0.25, wpb=320, bsz=64, num_updates=12430, lr=1.79846e-05, gnorm=10.746, clip=100, loss_scale=64, train_wall=40, gb_free=7.3, wall=71304
2023-04-09 09:31:51 - progress_bar.py[line:272] - INFO: epoch 007:   1191 / 1878 loss=3.044, loss_v1=0, loss_v2=0, nll_loss=1.85, ntokens=320, nsentences=64, sample_size=320, sample_size_v1=0, sample_size_v2=0, ppl=3.61, wps=78.7, ups=0.25, wpb=320, bsz=64, num_updates=12440, lr=1.79563e-05, gnorm=10.188, clip=100, loss_scale=64, train_wall=40, gb_free=7.3, wall=71344
2023-04-09 09:32:32 - progress_bar.py[line:272] - INFO: epoch 007:   1201 / 1878 loss=3.06, loss_v1=0, loss_v2=0, nll_loss=1.87, ntokens=320, nsentences=64, sample_size=320, sample_size_v1=0, sample_size_v2=0, ppl=3.66, wps=78.6, ups=0.25, wpb=320, bsz=64, num_updates=12450, lr=1.79279e-05, gnorm=11.107, clip=100, loss_scale=64, train_wall=40, gb_free=7.3, wall=71385
2023-04-09 09:33:13 - progress_bar.py[line:272] - INFO: epoch 007:   1211 / 1878 loss=2.996, loss_v1=0, loss_v2=0, nll_loss=1.798, ntokens=320, nsentences=64, sample_size=320, sample_size_v1=0, sample_size_v2=0, ppl=3.48, wps=78.4, ups=0.25, wpb=320, bsz=64, num_updates=12460, lr=1.78996e-05, gnorm=9.642, clip=100, loss_scale=64, train_wall=41, gb_free=7.3, wall=71426
2023-04-09 09:33:53 - progress_bar.py[line:272] - INFO: epoch 007:   1221 / 1878 loss=3.018, loss_v1=0, loss_v2=0, nll_loss=1.823, ntokens=320, nsentences=64, sample_size=320, sample_size_v1=0, sample_size_v2=0, ppl=3.54, wps=78.6, ups=0.25, wpb=320, bsz=64, num_updates=12470, lr=1.78713e-05, gnorm=10.975, clip=100, loss_scale=64, train_wall=40, gb_free=7.3, wall=71467
2023-04-09 09:34:34 - progress_bar.py[line:272] - INFO: epoch 007:   1231 / 1878 loss=3.069, loss_v1=0, loss_v2=0, nll_loss=1.878, ntokens=320, nsentences=64, sample_size=320, sample_size_v1=0, sample_size_v2=0, ppl=3.68, wps=78.8, ups=0.25, wpb=320, bsz=64, num_updates=12480, lr=1.7843e-05, gnorm=10.304, clip=100, loss_scale=64, train_wall=40, gb_free=7.3, wall=71507
2023-04-09 09:35:15 - progress_bar.py[line:272] - INFO: epoch 007:   1241 / 1878 loss=3.008, loss_v1=0, loss_v2=0, nll_loss=1.805, ntokens=320, nsentences=64, sample_size=320, sample_size_v1=0, sample_size_v2=0, ppl=3.49, wps=78.7, ups=0.25, wpb=320, bsz=64, num_updates=12490, lr=1.78147e-05, gnorm=9.507, clip=100, loss_scale=64, train_wall=40, gb_free=7.3, wall=71548
slice_id 1 seek offset 5379
2023-04-09 09:35:56 - progress_bar.py[line:272] - INFO: epoch 007:   1251 / 1878 loss=3.017, loss_v1=0, loss_v2=0, nll_loss=1.826, ntokens=320, nsentences=64, sample_size=320, sample_size_v1=0, sample_size_v2=0, ppl=3.54, wps=78.3, ups=0.24, wpb=320, bsz=64, num_updates=12500, lr=1.77863e-05, gnorm=9.787, clip=100, loss_scale=64, train_wall=41, gb_free=7.3, wall=71589
2023-04-09 09:35:56 - train.py[line:445] - INFO: begin validation on "valid" subset
slice_id 0 seek offset 0
slice_id 0 seek offset 0
slice_id 1 seek offset 5379
2023-04-09 09:47:09 - progress_bar.py[line:282] - INFO: epoch 007 | valid on 'valid' subset | loss 5.379 | loss_v1 0 | loss_v2 0 | nll_loss 4.439 | ntokens 39.993 | nsentences 7.999 | sample_size 39.993 | sample_size_v1 0 | sample_size_v2 0 | ppl 21.69 | score 0.3767 | wps 79.9 | wpb 40 | bsz 8 | num_updates 12500 | best_score 0.4586
2023-04-09 09:47:09 - checkpoint_utils.py[line:64] - INFO: Preparing to save checkpoint for epoch 7 @ 12500 updates
2023-04-09 09:47:09 - trainer.py[line:431] - INFO: Saving checkpoint to ./refcocoplus_EC_checkpoints_exp2/10_5e-5_512/checkpoint_7_12500.pt
2023-04-09 09:47:28 - trainer.py[line:441] - INFO: Finished saving checkpoint to ./refcocoplus_EC_checkpoints_exp2/10_5e-5_512/checkpoint_7_12500.pt
2023-04-09 09:47:39 - checkpoint_utils.py[line:133] - INFO: Saved checkpoint ./refcocoplus_EC_checkpoints_exp2/10_5e-5_512/checkpoint_7_12500.pt (epoch 7 @ 12500 updates, score 0.3767) (writing took 29.5881964918226 seconds)
2023-04-09 09:48:19 - progress_bar.py[line:272] - INFO: epoch 007:   1261 / 1878 loss=3.029, loss_v1=0, loss_v2=0, nll_loss=1.836, ntokens=320, nsentences=64, sample_size=320, sample_size_v1=0, sample_size_v2=0, ppl=3.57, wps=4.3, ups=0.01, wpb=320, bsz=64, num_updates=12510, lr=1.7758e-05, gnorm=10.241, clip=100, loss_scale=64, train_wall=40, gb_free=7.3, wall=72332
2023-04-09 09:49:00 - progress_bar.py[line:272] - INFO: epoch 007:   1271 / 1878 loss=3.033, loss_v1=0, loss_v2=0, nll_loss=1.837, ntokens=320, nsentences=64, sample_size=320, sample_size_v1=0, sample_size_v2=0, ppl=3.57, wps=78.4, ups=0.24, wpb=320, bsz=64, num_updates=12520, lr=1.77297e-05, gnorm=11.44, clip=100, loss_scale=64, train_wall=41, gb_free=7.3, wall=72373
2023-04-09 09:49:41 - progress_bar.py[line:272] - INFO: epoch 007:   1281 / 1878 loss=2.961, loss_v1=0, loss_v2=0, nll_loss=1.756, ntokens=320, nsentences=64, sample_size=320, sample_size_v1=0, sample_size_v2=0, ppl=3.38, wps=78.9, ups=0.25, wpb=320, bsz=64, num_updates=12530, lr=1.77014e-05, gnorm=9.616, clip=100, loss_scale=64, train_wall=40, gb_free=7.3, wall=72414
2023-04-09 09:50:21 - progress_bar.py[line:272] - INFO: epoch 007:   1291 / 1878 loss=3.021, loss_v1=0, loss_v2=0, nll_loss=1.827, ntokens=320, nsentences=64, sample_size=320, sample_size_v1=0, sample_size_v2=0, ppl=3.55, wps=78.5, ups=0.25, wpb=320, bsz=64, num_updates=12540, lr=1.7673e-05, gnorm=10.511, clip=100, loss_scale=64, train_wall=40, gb_free=7.3, wall=72454
2023-04-09 09:51:02 - progress_bar.py[line:272] - INFO: epoch 007:   1301 / 1878 loss=2.989, loss_v1=0, loss_v2=0, nll_loss=1.79, ntokens=320, nsentences=64, sample_size=320, sample_size_v1=0, sample_size_v2=0, ppl=3.46, wps=78.9, ups=0.25, wpb=320, bsz=64, num_updates=12550, lr=1.76447e-05, gnorm=9.53, clip=100, loss_scale=64, train_wall=40, gb_free=7.3, wall=72495
2023-04-09 09:51:43 - progress_bar.py[line:272] - INFO: epoch 007:   1311 / 1878 loss=3.101, loss_v1=0, loss_v2=0, nll_loss=1.911, ntokens=320, nsentences=64, sample_size=320, sample_size_v1=0, sample_size_v2=0, ppl=3.76, wps=78.2, ups=0.24, wpb=320, bsz=64, num_updates=12560, lr=1.76164e-05, gnorm=10.182, clip=100, loss_scale=64, train_wall=41, gb_free=7.3, wall=72536
2023-04-09 09:52:23 - progress_bar.py[line:272] - INFO: epoch 007:   1321 / 1878 loss=3.04, loss_v1=0, loss_v2=0, nll_loss=1.851, ntokens=320, nsentences=64, sample_size=320, sample_size_v1=0, sample_size_v2=0, ppl=3.61, wps=78.6, ups=0.25, wpb=320, bsz=64, num_updates=12570, lr=1.75881e-05, gnorm=10.142, clip=100, loss_scale=64, train_wall=40, gb_free=7.3, wall=72577
2023-04-09 09:53:04 - progress_bar.py[line:272] - INFO: epoch 007:   1331 / 1878 loss=3.015, loss_v1=0, loss_v2=0, nll_loss=1.82, ntokens=320, nsentences=64, sample_size=320, sample_size_v1=0, sample_size_v2=0, ppl=3.53, wps=78.8, ups=0.25, wpb=320, bsz=64, num_updates=12580, lr=1.75598e-05, gnorm=9.608, clip=100, loss_scale=64, train_wall=40, gb_free=7.3, wall=72617
2023-04-09 09:53:45 - progress_bar.py[line:272] - INFO: epoch 007:   1341 / 1878 loss=3.068, loss_v1=0, loss_v2=0, nll_loss=1.877, ntokens=320, nsentences=64, sample_size=320, sample_size_v1=0, sample_size_v2=0, ppl=3.67, wps=78.6, ups=0.25, wpb=320, bsz=64, num_updates=12590, lr=1.75314e-05, gnorm=10.172, clip=100, loss_scale=64, train_wall=40, gb_free=7.3, wall=72658
2023-04-09 09:54:25 - progress_bar.py[line:272] - INFO: epoch 007:   1351 / 1878 loss=3.056, loss_v1=0, loss_v2=0, nll_loss=1.865, ntokens=320, nsentences=64, sample_size=320, sample_size_v1=0, sample_size_v2=0, ppl=3.64, wps=78.8, ups=0.25, wpb=320, bsz=64, num_updates=12600, lr=1.75031e-05, gnorm=10.94, clip=100, loss_scale=64, train_wall=40, gb_free=7.3, wall=72699
2023-04-09 09:55:06 - progress_bar.py[line:272] - INFO: epoch 007:   1361 / 1878 loss=3.024, loss_v1=0, loss_v2=0, nll_loss=1.83, ntokens=320, nsentences=64, sample_size=320, sample_size_v1=0, sample_size_v2=0, ppl=3.56, wps=78.1, ups=0.24, wpb=320, bsz=64, num_updates=12610, lr=1.74748e-05, gnorm=10.134, clip=100, loss_scale=64, train_wall=41, gb_free=7.3, wall=72740
2023-04-09 09:55:47 - progress_bar.py[line:272] - INFO: epoch 007:   1371 / 1878 loss=3.099, loss_v1=0, loss_v2=0, nll_loss=1.915, ntokens=320, nsentences=64, sample_size=320, sample_size_v1=0, sample_size_v2=0, ppl=3.77, wps=78.7, ups=0.25, wpb=320, bsz=64, num_updates=12620, lr=1.74465e-05, gnorm=10.521, clip=100, loss_scale=64, train_wall=40, gb_free=7.3, wall=72780
2023-04-09 09:56:28 - progress_bar.py[line:272] - INFO: epoch 007:   1381 / 1878 loss=3.095, loss_v1=0, loss_v2=0, nll_loss=1.91, ntokens=320, nsentences=64, sample_size=320, sample_size_v1=0, sample_size_v2=0, ppl=3.76, wps=78.3, ups=0.24, wpb=320, bsz=64, num_updates=12630, lr=1.74181e-05, gnorm=10.586, clip=100, loss_scale=64, train_wall=41, gb_free=7.3, wall=72821
2023-04-09 09:57:09 - progress_bar.py[line:272] - INFO: epoch 007:   1391 / 1878 loss=3.049, loss_v1=0, loss_v2=0, nll_loss=1.858, ntokens=320, nsentences=64, sample_size=320, sample_size_v1=0, sample_size_v2=0, ppl=3.62, wps=78.8, ups=0.25, wpb=320, bsz=64, num_updates=12640, lr=1.73898e-05, gnorm=10.478, clip=100, loss_scale=64, train_wall=40, gb_free=7.3, wall=72862
2023-04-09 09:57:49 - progress_bar.py[line:272] - INFO: epoch 007:   1401 / 1878 loss=3.035, loss_v1=0, loss_v2=0, nll_loss=1.843, ntokens=320, nsentences=64, sample_size=320, sample_size_v1=0, sample_size_v2=0, ppl=3.59, wps=78.3, ups=0.24, wpb=320, bsz=64, num_updates=12650, lr=1.73615e-05, gnorm=9.97, clip=100, loss_scale=64, train_wall=41, gb_free=7.3, wall=72903
2023-04-09 09:58:30 - progress_bar.py[line:272] - INFO: epoch 007:   1411 / 1878 loss=3.072, loss_v1=0, loss_v2=0, nll_loss=1.883, ntokens=320, nsentences=64, sample_size=320, sample_size_v1=0, sample_size_v2=0, ppl=3.69, wps=78.5, ups=0.25, wpb=320, bsz=64, num_updates=12660, lr=1.73332e-05, gnorm=11.944, clip=100, loss_scale=64, train_wall=40, gb_free=7.3, wall=72943
2023-04-09 09:59:11 - progress_bar.py[line:272] - INFO: epoch 007:   1421 / 1878 loss=3.059, loss_v1=0, loss_v2=0, nll_loss=1.868, ntokens=320, nsentences=64, sample_size=320, sample_size_v1=0, sample_size_v2=0, ppl=3.65, wps=78.7, ups=0.25, wpb=320, bsz=64, num_updates=12670, lr=1.73049e-05, gnorm=10.728, clip=100, loss_scale=64, train_wall=40, gb_free=7.3, wall=72984
2023-04-09 09:59:52 - progress_bar.py[line:272] - INFO: epoch 007:   1431 / 1878 loss=3.068, loss_v1=0, loss_v2=0, nll_loss=1.88, ntokens=320, nsentences=64, sample_size=320, sample_size_v1=0, sample_size_v2=0, ppl=3.68, wps=78.1, ups=0.24, wpb=320, bsz=64, num_updates=12680, lr=1.72765e-05, gnorm=10.046, clip=100, loss_scale=64, train_wall=41, gb_free=7.3, wall=73025
2023-04-09 10:00:33 - progress_bar.py[line:272] - INFO: epoch 007:   1441 / 1878 loss=3.066, loss_v1=0, loss_v2=0, nll_loss=1.877, ntokens=320, nsentences=64, sample_size=320, sample_size_v1=0, sample_size_v2=0, ppl=3.67, wps=77.9, ups=0.24, wpb=320, bsz=64, num_updates=12690, lr=1.72482e-05, gnorm=10.52, clip=100, loss_scale=64, train_wall=41, gb_free=7.3, wall=73066
2023-04-09 10:01:14 - progress_bar.py[line:272] - INFO: epoch 007:   1451 / 1878 loss=3.039, loss_v1=0, loss_v2=0, nll_loss=1.844, ntokens=320, nsentences=64, sample_size=320, sample_size_v1=0, sample_size_v2=0, ppl=3.59, wps=78.1, ups=0.24, wpb=320, bsz=64, num_updates=12700, lr=1.72199e-05, gnorm=10.376, clip=100, loss_scale=64, train_wall=41, gb_free=7.3, wall=73107
2023-04-09 10:01:55 - progress_bar.py[line:272] - INFO: epoch 007:   1461 / 1878 loss=3.075, loss_v1=0, loss_v2=0, nll_loss=1.882, ntokens=320, nsentences=64, sample_size=320, sample_size_v1=0, sample_size_v2=0, ppl=3.68, wps=78, ups=0.24, wpb=320, bsz=64, num_updates=12710, lr=1.71916e-05, gnorm=10.943, clip=100, loss_scale=64, train_wall=41, gb_free=7.3, wall=73148
2023-04-09 10:02:36 - progress_bar.py[line:272] - INFO: epoch 007:   1471 / 1878 loss=3.017, loss_v1=0, loss_v2=0, nll_loss=1.818, ntokens=320, nsentences=64, sample_size=320, sample_size_v1=0, sample_size_v2=0, ppl=3.53, wps=78.7, ups=0.25, wpb=320, bsz=64, num_updates=12720, lr=1.71632e-05, gnorm=9.744, clip=100, loss_scale=64, train_wall=40, gb_free=7.3, wall=73189
2023-04-09 10:03:16 - progress_bar.py[line:272] - INFO: epoch 007:   1481 / 1878 loss=3.061, loss_v1=0, loss_v2=0, nll_loss=1.875, ntokens=320, nsentences=64, sample_size=320, sample_size_v1=0, sample_size_v2=0, ppl=3.67, wps=78.6, ups=0.25, wpb=320, bsz=64, num_updates=12730, lr=1.71349e-05, gnorm=10.043, clip=100, loss_scale=64, train_wall=40, gb_free=7.3, wall=73229
2023-04-09 10:03:57 - progress_bar.py[line:272] - INFO: epoch 007:   1491 / 1878 loss=3.052, loss_v1=0, loss_v2=0, nll_loss=1.865, ntokens=320, nsentences=64, sample_size=320, sample_size_v1=0, sample_size_v2=0, ppl=3.64, wps=78.2, ups=0.24, wpb=320, bsz=64, num_updates=12740, lr=1.71066e-05, gnorm=11.172, clip=100, loss_scale=64, train_wall=41, gb_free=7.3, wall=73270
2023-04-09 10:04:38 - progress_bar.py[line:272] - INFO: epoch 007:   1501 / 1878 loss=3.021, loss_v1=0, loss_v2=0, nll_loss=1.826, ntokens=320, nsentences=64, sample_size=320, sample_size_v1=0, sample_size_v2=0, ppl=3.55, wps=77.6, ups=0.24, wpb=320, bsz=64, num_updates=12750, lr=1.70783e-05, gnorm=10.948, clip=100, loss_scale=64, train_wall=41, gb_free=7.3, wall=73312
2023-04-09 10:05:19 - progress_bar.py[line:272] - INFO: epoch 007:   1511 / 1878 loss=2.989, loss_v1=0, loss_v2=0, nll_loss=1.792, ntokens=320, nsentences=64, sample_size=320, sample_size_v1=0, sample_size_v2=0, ppl=3.46, wps=78.5, ups=0.25, wpb=320, bsz=64, num_updates=12760, lr=1.705e-05, gnorm=9.316, clip=100, loss_scale=64, train_wall=41, gb_free=7.3, wall=73352
2023-04-09 10:06:00 - progress_bar.py[line:272] - INFO: epoch 007:   1521 / 1878 loss=2.992, loss_v1=0, loss_v2=0, nll_loss=1.799, ntokens=320, nsentences=64, sample_size=320, sample_size_v1=0, sample_size_v2=0, ppl=3.48, wps=78.3, ups=0.24, wpb=320, bsz=64, num_updates=12770, lr=1.70216e-05, gnorm=8.732, clip=100, loss_scale=64, train_wall=41, gb_free=7.3, wall=73393
2023-04-09 10:06:41 - progress_bar.py[line:272] - INFO: epoch 007:   1531 / 1878 loss=2.95, loss_v1=0, loss_v2=0, nll_loss=1.744, ntokens=320, nsentences=64, sample_size=320, sample_size_v1=0, sample_size_v2=0, ppl=3.35, wps=78, ups=0.24, wpb=320, bsz=64, num_updates=12780, lr=1.69933e-05, gnorm=10.246, clip=100, loss_scale=128, train_wall=41, gb_free=7.3, wall=73434
2023-04-09 10:07:22 - progress_bar.py[line:272] - INFO: epoch 007:   1541 / 1878 loss=3.021, loss_v1=0, loss_v2=0, nll_loss=1.824, ntokens=320, nsentences=64, sample_size=320, sample_size_v1=0, sample_size_v2=0, ppl=3.54, wps=78.6, ups=0.25, wpb=320, bsz=64, num_updates=12790, lr=1.6965e-05, gnorm=10.344, clip=100, loss_scale=128, train_wall=41, gb_free=7.3, wall=73475
2023-04-09 10:08:02 - progress_bar.py[line:272] - INFO: epoch 007:   1551 / 1878 loss=2.969, loss_v1=0, loss_v2=0, nll_loss=1.762, ntokens=320, nsentences=64, sample_size=320, sample_size_v1=0, sample_size_v2=0, ppl=3.39, wps=78.6, ups=0.25, wpb=320, bsz=64, num_updates=12800, lr=1.69367e-05, gnorm=9.906, clip=100, loss_scale=128, train_wall=40, gb_free=7.3, wall=73516
2023-04-09 10:08:43 - progress_bar.py[line:272] - INFO: epoch 007:   1561 / 1878 loss=3.048, loss_v1=0, loss_v2=0, nll_loss=1.854, ntokens=320, nsentences=64, sample_size=320, sample_size_v1=0, sample_size_v2=0, ppl=3.62, wps=78.7, ups=0.25, wpb=320, bsz=64, num_updates=12810, lr=1.69083e-05, gnorm=10.399, clip=100, loss_scale=128, train_wall=40, gb_free=7.3, wall=73556
2023-04-09 10:09:07 - trainer.py[line:921] - INFO: NOTE: gradient overflow detected, ignoring gradient, setting loss scale to: 64.0
2023-04-09 10:09:28 - progress_bar.py[line:272] - INFO: epoch 007:   1572 / 1878 loss=2.992, loss_v1=0, loss_v2=0, nll_loss=1.793, ntokens=320, nsentences=64, sample_size=320, sample_size_v1=0, sample_size_v2=0, ppl=3.47, wps=71.5, ups=0.22, wpb=320, bsz=64, num_updates=12820, lr=1.688e-05, gnorm=9.583, clip=100, loss_scale=64, train_wall=44, gb_free=7.3, wall=73601
2023-04-09 10:10:09 - progress_bar.py[line:272] - INFO: epoch 007:   1582 / 1878 loss=3.03, loss_v1=0, loss_v2=0, nll_loss=1.838, ntokens=320, nsentences=64, sample_size=320, sample_size_v1=0, sample_size_v2=0, ppl=3.57, wps=78.5, ups=0.25, wpb=320, bsz=64, num_updates=12830, lr=1.68517e-05, gnorm=10.438, clip=100, loss_scale=64, train_wall=41, gb_free=7.3, wall=73642
2023-04-09 10:10:49 - progress_bar.py[line:272] - INFO: epoch 007:   1592 / 1878 loss=3.053, loss_v1=0, loss_v2=0, nll_loss=1.859, ntokens=320, nsentences=64, sample_size=320, sample_size_v1=0, sample_size_v2=0, ppl=3.63, wps=78.5, ups=0.25, wpb=320, bsz=64, num_updates=12840, lr=1.68234e-05, gnorm=10.375, clip=100, loss_scale=64, train_wall=40, gb_free=7.3, wall=73683
2023-04-09 10:11:30 - progress_bar.py[line:272] - INFO: epoch 007:   1602 / 1878 loss=2.999, loss_v1=0, loss_v2=0, nll_loss=1.799, ntokens=320, nsentences=64, sample_size=320, sample_size_v1=0, sample_size_v2=0, ppl=3.48, wps=78.4, ups=0.25, wpb=320, bsz=64, num_updates=12850, lr=1.67951e-05, gnorm=11.29, clip=100, loss_scale=64, train_wall=41, gb_free=7.3, wall=73723
2023-04-09 10:12:11 - progress_bar.py[line:272] - INFO: epoch 007:   1612 / 1878 loss=3.035, loss_v1=0, loss_v2=0, nll_loss=1.844, ntokens=320, nsentences=64, sample_size=320, sample_size_v1=0, sample_size_v2=0, ppl=3.59, wps=78.8, ups=0.25, wpb=320, bsz=64, num_updates=12860, lr=1.67667e-05, gnorm=11.442, clip=100, loss_scale=64, train_wall=40, gb_free=7.3, wall=73764
2023-04-09 10:12:52 - progress_bar.py[line:272] - INFO: epoch 007:   1622 / 1878 loss=3.08, loss_v1=0, loss_v2=0, nll_loss=1.89, ntokens=320, nsentences=64, sample_size=320, sample_size_v1=0, sample_size_v2=0, ppl=3.71, wps=78.6, ups=0.25, wpb=320, bsz=64, num_updates=12870, lr=1.67384e-05, gnorm=10.852, clip=100, loss_scale=64, train_wall=40, gb_free=7.3, wall=73805
2023-04-09 10:12:56 - trainer.py[line:921] - INFO: NOTE: gradient overflow detected, ignoring gradient, setting loss scale to: 32.0
2023-04-09 10:13:36 - progress_bar.py[line:272] - INFO: epoch 007:   1633 / 1878 loss=3.058, loss_v1=0, loss_v2=0, nll_loss=1.866, ntokens=320, nsentences=64, sample_size=320, sample_size_v1=0, sample_size_v2=0, ppl=3.64, wps=71.4, ups=0.22, wpb=320, bsz=64, num_updates=12880, lr=1.67101e-05, gnorm=10.35, clip=100, loss_scale=32, train_wall=45, gb_free=7.3, wall=73849
2023-04-09 10:14:17 - progress_bar.py[line:272] - INFO: epoch 007:   1643 / 1878 loss=3.078, loss_v1=0, loss_v2=0, nll_loss=1.887, ntokens=320, nsentences=64, sample_size=320, sample_size_v1=0, sample_size_v2=0, ppl=3.7, wps=78.6, ups=0.25, wpb=320, bsz=64, num_updates=12890, lr=1.66818e-05, gnorm=10.679, clip=100, loss_scale=32, train_wall=40, gb_free=7.3, wall=73890
2023-04-09 10:14:58 - progress_bar.py[line:272] - INFO: epoch 007:   1653 / 1878 loss=3.009, loss_v1=0, loss_v2=0, nll_loss=1.811, ntokens=320, nsentences=64, sample_size=320, sample_size_v1=0, sample_size_v2=0, ppl=3.51, wps=79, ups=0.25, wpb=320, bsz=64, num_updates=12900, lr=1.66534e-05, gnorm=9.41, clip=100, loss_scale=32, train_wall=40, gb_free=7.3, wall=73931
2023-04-09 10:15:38 - progress_bar.py[line:272] - INFO: epoch 007:   1663 / 1878 loss=3.027, loss_v1=0, loss_v2=0, nll_loss=1.834, ntokens=320, nsentences=64, sample_size=320, sample_size_v1=0, sample_size_v2=0, ppl=3.56, wps=78.5, ups=0.25, wpb=320, bsz=64, num_updates=12910, lr=1.66251e-05, gnorm=10.001, clip=100, loss_scale=32, train_wall=41, gb_free=7.3, wall=73971
2023-04-09 10:16:19 - progress_bar.py[line:272] - INFO: epoch 007:   1673 / 1878 loss=3.039, loss_v1=0, loss_v2=0, nll_loss=1.848, ntokens=320, nsentences=64, sample_size=320, sample_size_v1=0, sample_size_v2=0, ppl=3.6, wps=78.5, ups=0.25, wpb=320, bsz=64, num_updates=12920, lr=1.65968e-05, gnorm=9.676, clip=100, loss_scale=32, train_wall=40, gb_free=7.3, wall=74012
2023-04-09 10:17:00 - progress_bar.py[line:272] - INFO: epoch 007:   1683 / 1878 loss=3.006, loss_v1=0, loss_v2=0, nll_loss=1.807, ntokens=320, nsentences=64, sample_size=320, sample_size_v1=0, sample_size_v2=0, ppl=3.5, wps=78.5, ups=0.25, wpb=320, bsz=64, num_updates=12930, lr=1.65685e-05, gnorm=9.52, clip=100, loss_scale=32, train_wall=40, gb_free=7.3, wall=74053
2023-04-09 10:17:40 - progress_bar.py[line:272] - INFO: epoch 007:   1693 / 1878 loss=3.05, loss_v1=0, loss_v2=0, nll_loss=1.856, ntokens=320, nsentences=64, sample_size=320, sample_size_v1=0, sample_size_v2=0, ppl=3.62, wps=78.7, ups=0.25, wpb=320, bsz=64, num_updates=12940, lr=1.65402e-05, gnorm=9.901, clip=100, loss_scale=32, train_wall=40, gb_free=7.3, wall=74094
2023-04-09 10:18:21 - progress_bar.py[line:272] - INFO: epoch 007:   1703 / 1878 loss=3.055, loss_v1=0, loss_v2=0, nll_loss=1.864, ntokens=320, nsentences=64, sample_size=320, sample_size_v1=0, sample_size_v2=0, ppl=3.64, wps=78.8, ups=0.25, wpb=320, bsz=64, num_updates=12950, lr=1.65118e-05, gnorm=10.957, clip=100, loss_scale=32, train_wall=40, gb_free=7.3, wall=74134
2023-04-09 10:19:02 - progress_bar.py[line:272] - INFO: epoch 007:   1713 / 1878 loss=2.998, loss_v1=0, loss_v2=0, nll_loss=1.798, ntokens=320, nsentences=64, sample_size=320, sample_size_v1=0, sample_size_v2=0, ppl=3.48, wps=78.5, ups=0.25, wpb=320, bsz=64, num_updates=12960, lr=1.64835e-05, gnorm=10.171, clip=100, loss_scale=32, train_wall=40, gb_free=7.3, wall=74175
2023-04-09 10:19:43 - progress_bar.py[line:272] - INFO: epoch 007:   1723 / 1878 loss=3.035, loss_v1=0, loss_v2=0, nll_loss=1.843, ntokens=320, nsentences=64, sample_size=320, sample_size_v1=0, sample_size_v2=0, ppl=3.59, wps=78.4, ups=0.25, wpb=320, bsz=64, num_updates=12970, lr=1.64552e-05, gnorm=10.866, clip=100, loss_scale=32, train_wall=41, gb_free=7.3, wall=74216
2023-04-09 10:20:23 - progress_bar.py[line:272] - INFO: epoch 007:   1733 / 1878 loss=2.972, loss_v1=0, loss_v2=0, nll_loss=1.774, ntokens=320, nsentences=64, sample_size=320, sample_size_v1=0, sample_size_v2=0, ppl=3.42, wps=78.8, ups=0.25, wpb=320, bsz=64, num_updates=12980, lr=1.64269e-05, gnorm=10.1, clip=100, loss_scale=32, train_wall=40, gb_free=7.3, wall=74256
2023-04-09 10:21:04 - progress_bar.py[line:272] - INFO: epoch 007:   1743 / 1878 loss=3.04, loss_v1=0, loss_v2=0, nll_loss=1.846, ntokens=320, nsentences=64, sample_size=320, sample_size_v1=0, sample_size_v2=0, ppl=3.6, wps=78.7, ups=0.25, wpb=320, bsz=64, num_updates=12990, lr=1.63985e-05, gnorm=11.419, clip=100, loss_scale=32, train_wall=40, gb_free=7.3, wall=74297
slice_id 1 seek offset 5379
2023-04-09 10:21:45 - progress_bar.py[line:272] - INFO: epoch 007:   1753 / 1878 loss=3.038, loss_v1=0, loss_v2=0, nll_loss=1.84, ntokens=320, nsentences=64, sample_size=320, sample_size_v1=0, sample_size_v2=0, ppl=3.58, wps=78.1, ups=0.24, wpb=320, bsz=64, num_updates=13000, lr=1.63702e-05, gnorm=10.208, clip=100, loss_scale=32, train_wall=41, gb_free=7.3, wall=74338
2023-04-09 10:21:45 - train.py[line:445] - INFO: begin validation on "valid" subset
slice_id 0 seek offset 0
slice_id 0 seek offset 0
slice_id 1 seek offset 5379
2023-04-09 10:32:57 - progress_bar.py[line:282] - INFO: epoch 007 | valid on 'valid' subset | loss 5.39 | loss_v1 0 | loss_v2 0 | nll_loss 4.444 | ntokens 39.993 | nsentences 7.999 | sample_size 39.993 | sample_size_v1 0 | sample_size_v2 0 | ppl 21.76 | score 0.3831 | wps 80.1 | wpb 40 | bsz 8 | num_updates 13000 | best_score 0.4586
2023-04-09 10:32:57 - checkpoint_utils.py[line:64] - INFO: Preparing to save checkpoint for epoch 7 @ 13000 updates
2023-04-09 10:32:57 - trainer.py[line:431] - INFO: Saving checkpoint to ./refcocoplus_EC_checkpoints_exp2/10_5e-5_512/checkpoint_7_13000.pt
2023-04-09 10:33:18 - trainer.py[line:441] - INFO: Finished saving checkpoint to ./refcocoplus_EC_checkpoints_exp2/10_5e-5_512/checkpoint_7_13000.pt
2023-04-09 10:33:27 - checkpoint_utils.py[line:133] - INFO: Saved checkpoint ./refcocoplus_EC_checkpoints_exp2/10_5e-5_512/checkpoint_7_13000.pt (epoch 7 @ 13000 updates, score 0.3831) (writing took 29.797531785443425 seconds)
2023-04-09 10:34:07 - progress_bar.py[line:272] - INFO: epoch 007:   1763 / 1878 loss=3.007, loss_v1=0, loss_v2=0, nll_loss=1.809, ntokens=319.5, nsentences=63.9, sample_size=319.5, sample_size_v1=0, sample_size_v2=0, ppl=3.5, wps=4.3, ups=0.01, wpb=319.5, bsz=63.9, num_updates=13010, lr=1.63419e-05, gnorm=9.783, clip=100, loss_scale=32, train_wall=40, gb_free=7.3, wall=75080
2023-04-09 10:34:48 - progress_bar.py[line:272] - INFO: epoch 007:   1773 / 1878 loss=3.014, loss_v1=0, loss_v2=0, nll_loss=1.82, ntokens=320, nsentences=64, sample_size=320, sample_size_v1=0, sample_size_v2=0, ppl=3.53, wps=78.7, ups=0.25, wpb=320, bsz=64, num_updates=13020, lr=1.63136e-05, gnorm=9.879, clip=100, loss_scale=32, train_wall=41, gb_free=7.3, wall=75121
2023-04-09 10:35:29 - progress_bar.py[line:272] - INFO: epoch 007:   1783 / 1878 loss=2.988, loss_v1=0, loss_v2=0, nll_loss=1.785, ntokens=320, nsentences=64, sample_size=320, sample_size_v1=0, sample_size_v2=0, ppl=3.45, wps=78.5, ups=0.25, wpb=320, bsz=64, num_updates=13030, lr=1.62853e-05, gnorm=9.854, clip=100, loss_scale=32, train_wall=40, gb_free=7.3, wall=75162
2023-04-09 10:36:09 - progress_bar.py[line:272] - INFO: epoch 007:   1793 / 1878 loss=2.991, loss_v1=0, loss_v2=0, nll_loss=1.792, ntokens=320, nsentences=64, sample_size=320, sample_size_v1=0, sample_size_v2=0, ppl=3.46, wps=78.7, ups=0.25, wpb=320, bsz=64, num_updates=13040, lr=1.62569e-05, gnorm=9.394, clip=100, loss_scale=32, train_wall=40, gb_free=7.3, wall=75202
2023-04-09 10:36:50 - progress_bar.py[line:272] - INFO: epoch 007:   1803 / 1878 loss=3.028, loss_v1=0, loss_v2=0, nll_loss=1.831, ntokens=320, nsentences=64, sample_size=320, sample_size_v1=0, sample_size_v2=0, ppl=3.56, wps=78.9, ups=0.25, wpb=320, bsz=64, num_updates=13050, lr=1.62286e-05, gnorm=10.993, clip=100, loss_scale=32, train_wall=40, gb_free=7.3, wall=75243
2023-04-09 10:37:31 - progress_bar.py[line:272] - INFO: epoch 007:   1813 / 1878 loss=2.967, loss_v1=0, loss_v2=0, nll_loss=1.762, ntokens=320, nsentences=64, sample_size=320, sample_size_v1=0, sample_size_v2=0, ppl=3.39, wps=78.8, ups=0.25, wpb=320, bsz=64, num_updates=13060, lr=1.62003e-05, gnorm=9.558, clip=100, loss_scale=32, train_wall=40, gb_free=7.3, wall=75284
2023-04-09 10:38:11 - progress_bar.py[line:272] - INFO: epoch 007:   1823 / 1878 loss=2.99, loss_v1=0, loss_v2=0, nll_loss=1.788, ntokens=320, nsentences=64, sample_size=320, sample_size_v1=0, sample_size_v2=0, ppl=3.45, wps=78.4, ups=0.24, wpb=320, bsz=64, num_updates=13070, lr=1.6172e-05, gnorm=10.095, clip=100, loss_scale=32, train_wall=41, gb_free=7.3, wall=75325
2023-04-09 10:38:52 - progress_bar.py[line:272] - INFO: epoch 007:   1833 / 1878 loss=3.011, loss_v1=0, loss_v2=0, nll_loss=1.815, ntokens=320, nsentences=64, sample_size=320, sample_size_v1=0, sample_size_v2=0, ppl=3.52, wps=78.8, ups=0.25, wpb=320, bsz=64, num_updates=13080, lr=1.61437e-05, gnorm=10.487, clip=100, loss_scale=32, train_wall=40, gb_free=7.3, wall=75365
2023-04-09 10:39:33 - progress_bar.py[line:272] - INFO: epoch 007:   1843 / 1878 loss=2.922, loss_v1=0, loss_v2=0, nll_loss=1.714, ntokens=320, nsentences=64, sample_size=320, sample_size_v1=0, sample_size_v2=0, ppl=3.28, wps=78.5, ups=0.25, wpb=320, bsz=64, num_updates=13090, lr=1.61153e-05, gnorm=9.864, clip=100, loss_scale=32, train_wall=40, gb_free=7.3, wall=75406
2023-04-09 10:40:13 - progress_bar.py[line:272] - INFO: epoch 007:   1853 / 1878 loss=2.989, loss_v1=0, loss_v2=0, nll_loss=1.784, ntokens=320, nsentences=64, sample_size=320, sample_size_v1=0, sample_size_v2=0, ppl=3.44, wps=79, ups=0.25, wpb=320, bsz=64, num_updates=13100, lr=1.6087e-05, gnorm=9.663, clip=100, loss_scale=32, train_wall=40, gb_free=7.3, wall=75446
2023-04-09 10:40:54 - progress_bar.py[line:272] - INFO: epoch 007:   1863 / 1878 loss=2.973, loss_v1=0, loss_v2=0, nll_loss=1.768, ntokens=320, nsentences=64, sample_size=320, sample_size_v1=0, sample_size_v2=0, ppl=3.41, wps=78.8, ups=0.25, wpb=320, bsz=64, num_updates=13110, lr=1.60587e-05, gnorm=11.02, clip=100, loss_scale=32, train_wall=40, gb_free=7.3, wall=75487
2023-04-09 10:41:34 - progress_bar.py[line:272] - INFO: epoch 007:   1873 / 1878 loss=2.962, loss_v1=0, loss_v2=0, nll_loss=1.76, ntokens=320, nsentences=64, sample_size=320, sample_size_v1=0, sample_size_v2=0, ppl=3.39, wps=78.7, ups=0.25, wpb=320, bsz=64, num_updates=13120, lr=1.60304e-05, gnorm=11.382, clip=100, loss_scale=32, train_wall=40, gb_free=7.3, wall=75528
slice_id 1 seek offset 5379
2023-04-09 10:41:54 - train.py[line:445] - INFO: begin validation on "valid" subset
slice_id 0 seek offset 0
slice_id 0 seek offset 0
slice_id 1 seek offset 5379
2023-04-09 10:53:05 - progress_bar.py[line:282] - INFO: epoch 007 | valid on 'valid' subset | loss 5.434 | loss_v1 0 | loss_v2 0 | nll_loss 4.496 | ntokens 39.993 | nsentences 7.999 | sample_size 39.993 | sample_size_v1 0 | sample_size_v2 0 | ppl 22.57 | score 0.3854 | wps 80.1 | wpb 40 | bsz 8 | num_updates 13125 | best_score 0.4586
2023-04-09 10:53:05 - checkpoint_utils.py[line:64] - INFO: Preparing to save checkpoint for epoch 7 @ 13125 updates
2023-04-09 10:53:05 - trainer.py[line:431] - INFO: Saving checkpoint to ./refcocoplus_EC_checkpoints_exp2/10_5e-5_512/checkpoint_last.pt
local datafile ../../dataset/refcocoplus_data/refcocoplus_train_EC.tsv slice_id 1 begin to initialize row_count and line_idx-to-offset mapping
2023-04-09 10:53:20 - trainer.py[line:441] - INFO: Finished saving checkpoint to ./refcocoplus_EC_checkpoints_exp2/10_5e-5_512/checkpoint_last.pt
2023-04-09 10:53:20 - checkpoint_utils.py[line:133] - INFO: Saved checkpoint ./refcocoplus_EC_checkpoints_exp2/10_5e-5_512/checkpoint_last.pt (epoch 7 @ 13125 updates, score 0.3854) (writing took 14.561783525161445 seconds)
2023-04-09 10:53:20 - train.py[line:332] - INFO: end of epoch 7 (average epoch stats below)
2023-04-09 10:53:20 - progress_bar.py[line:282] - INFO: epoch 007 | loss 3.074 | loss_v1 0 | loss_v2 0 | nll_loss 1.886 | ntokens 319.997 | nsentences 63.999 | sample_size 319.997 | sample_size_v1 0 | sample_size_v2 0 | ppl 3.7 | wps 53.7 | ups 0.17 | wpb 320 | bsz 64 | num_updates 13125 | lr 1.60162e-05 | gnorm 10.46 | clip 100 | loss_scale 32 | train_wall 7604 | gb_free 7.3 | wall 76233
2023-04-09 10:53:20 - trainer.py[line:639] - INFO: loading train data for epoch 8
local datafile ../../dataset/refcocoplus_data/refcocoplus_train_EC.tsv slice_id 0 begin to initialize row_count and line_idx-to-offset mapping
local datafile ../../dataset/refcocoplus_data/refcocoplus_train_EC.tsv slice_id 1 finished initializing row_count and line_idx-to-offset mapping
file ../../dataset/refcocoplus_data/refcocoplus_train_EC.tsv slice_id 1 row count 60095 total row count 120191
slice_id 1 seek offset 60096
local datafile ../../dataset/refcocoplus_data/refcocoplus_train_EC.tsv slice_id 0 finished initializing row_count and line_idx-to-offset mapping
file ../../dataset/refcocoplus_data/refcocoplus_train_EC.tsv slice_id 0 row count 60096 total row count 120191
slice_id 0 seek offset 0
2023-04-09 10:53:29 - trainer.py[line:703] - INFO: begin training epoch 8
2023-04-09 10:53:29 - train.py[line:305] - INFO: Start iterating over samples
2023-04-09 10:53:51 - progress_bar.py[line:272] - INFO: epoch 008:      5 / 1878 loss=2.997, loss_v1=0, loss_v2=0, nll_loss=1.8, ntokens=320, nsentences=64, sample_size=320, sample_size_v1=0, sample_size_v2=0, ppl=3.48, wps=4.3, ups=0.01, wpb=320, bsz=64, num_updates=13130, lr=1.6002e-05, gnorm=12.442, clip=100, loss_scale=32, train_wall=39, gb_free=7.3, wall=76264
2023-04-09 10:54:32 - progress_bar.py[line:272] - INFO: epoch 008:     15 / 1878 loss=3.005, loss_v1=0, loss_v2=0, nll_loss=1.81, ntokens=320, nsentences=64, sample_size=320, sample_size_v1=0, sample_size_v2=0, ppl=3.51, wps=78, ups=0.24, wpb=320, bsz=64, num_updates=13140, lr=1.59737e-05, gnorm=10.377, clip=100, loss_scale=32, train_wall=41, gb_free=7.3, wall=76305
2023-04-09 10:55:13 - progress_bar.py[line:272] - INFO: epoch 008:     25 / 1878 loss=3.042, loss_v1=0, loss_v2=0, nll_loss=1.848, ntokens=320, nsentences=64, sample_size=320, sample_size_v1=0, sample_size_v2=0, ppl=3.6, wps=78.2, ups=0.24, wpb=320, bsz=64, num_updates=13150, lr=1.59454e-05, gnorm=10.578, clip=100, loss_scale=32, train_wall=41, gb_free=7.3, wall=76346
2023-04-09 10:55:54 - progress_bar.py[line:272] - INFO: epoch 008:     35 / 1878 loss=2.934, loss_v1=0, loss_v2=0, nll_loss=1.733, ntokens=320, nsentences=64, sample_size=320, sample_size_v1=0, sample_size_v2=0, ppl=3.32, wps=78.6, ups=0.25, wpb=320, bsz=64, num_updates=13160, lr=1.59171e-05, gnorm=10.682, clip=100, loss_scale=32, train_wall=40, gb_free=7.3, wall=76387
2023-04-09 10:56:35 - progress_bar.py[line:272] - INFO: epoch 008:     45 / 1878 loss=3, loss_v1=0, loss_v2=0, nll_loss=1.804, ntokens=320, nsentences=64, sample_size=320, sample_size_v1=0, sample_size_v2=0, ppl=3.49, wps=77.5, ups=0.24, wpb=320, bsz=64, num_updates=13170, lr=1.58888e-05, gnorm=9.91, clip=100, loss_scale=32, train_wall=41, gb_free=7.3, wall=76428
2023-04-09 10:57:15 - progress_bar.py[line:272] - INFO: epoch 008:     55 / 1878 loss=3.076, loss_v1=0, loss_v2=0, nll_loss=1.884, ntokens=320, nsentences=64, sample_size=320, sample_size_v1=0, sample_size_v2=0, ppl=3.69, wps=78.9, ups=0.25, wpb=320, bsz=64, num_updates=13180, lr=1.58604e-05, gnorm=10.913, clip=100, loss_scale=32, train_wall=40, gb_free=7.3, wall=76469
2023-04-09 10:57:56 - progress_bar.py[line:272] - INFO: epoch 008:     65 / 1878 loss=3.014, loss_v1=0, loss_v2=0, nll_loss=1.817, ntokens=320, nsentences=64, sample_size=320, sample_size_v1=0, sample_size_v2=0, ppl=3.52, wps=78.4, ups=0.25, wpb=320, bsz=64, num_updates=13190, lr=1.58321e-05, gnorm=11.231, clip=100, loss_scale=32, train_wall=40, gb_free=7.3, wall=76509
2023-04-09 10:58:37 - progress_bar.py[line:272] - INFO: epoch 008:     75 / 1878 loss=3.059, loss_v1=0, loss_v2=0, nll_loss=1.866, ntokens=320, nsentences=64, sample_size=320, sample_size_v1=0, sample_size_v2=0, ppl=3.65, wps=79, ups=0.25, wpb=320, bsz=64, num_updates=13200, lr=1.58038e-05, gnorm=10.683, clip=100, loss_scale=32, train_wall=40, gb_free=7.3, wall=76550
2023-04-09 10:59:17 - progress_bar.py[line:272] - INFO: epoch 008:     85 / 1878 loss=2.985, loss_v1=0, loss_v2=0, nll_loss=1.786, ntokens=320, nsentences=64, sample_size=320, sample_size_v1=0, sample_size_v2=0, ppl=3.45, wps=78.6, ups=0.25, wpb=320, bsz=64, num_updates=13210, lr=1.57755e-05, gnorm=11.38, clip=100, loss_scale=32, train_wall=41, gb_free=7.3, wall=76591
2023-04-09 10:59:58 - progress_bar.py[line:272] - INFO: epoch 008:     95 / 1878 loss=3.046, loss_v1=0, loss_v2=0, nll_loss=1.857, ntokens=320, nsentences=64, sample_size=320, sample_size_v1=0, sample_size_v2=0, ppl=3.62, wps=78.8, ups=0.25, wpb=320, bsz=64, num_updates=13220, lr=1.57471e-05, gnorm=11.484, clip=100, loss_scale=32, train_wall=40, gb_free=7.3, wall=76631
2023-04-09 11:00:39 - progress_bar.py[line:272] - INFO: epoch 008:    105 / 1878 loss=2.966, loss_v1=0, loss_v2=0, nll_loss=1.765, ntokens=320, nsentences=64, sample_size=320, sample_size_v1=0, sample_size_v2=0, ppl=3.4, wps=78.1, ups=0.24, wpb=320, bsz=64, num_updates=13230, lr=1.57188e-05, gnorm=9.965, clip=100, loss_scale=32, train_wall=41, gb_free=7.3, wall=76672
2023-04-09 11:01:20 - progress_bar.py[line:272] - INFO: epoch 008:    115 / 1878 loss=3.013, loss_v1=0, loss_v2=0, nll_loss=1.817, ntokens=320, nsentences=64, sample_size=320, sample_size_v1=0, sample_size_v2=0, ppl=3.52, wps=78.3, ups=0.24, wpb=320, bsz=64, num_updates=13240, lr=1.56905e-05, gnorm=10.27, clip=100, loss_scale=32, train_wall=41, gb_free=7.3, wall=76713
2023-04-09 11:02:01 - progress_bar.py[line:272] - INFO: epoch 008:    125 / 1878 loss=3.006, loss_v1=0, loss_v2=0, nll_loss=1.809, ntokens=320, nsentences=64, sample_size=320, sample_size_v1=0, sample_size_v2=0, ppl=3.5, wps=78.2, ups=0.24, wpb=320, bsz=64, num_updates=13250, lr=1.56622e-05, gnorm=11.068, clip=100, loss_scale=32, train_wall=41, gb_free=7.3, wall=76754
2023-04-09 11:02:42 - progress_bar.py[line:272] - INFO: epoch 008:    135 / 1878 loss=2.991, loss_v1=0, loss_v2=0, nll_loss=1.796, ntokens=320, nsentences=64, sample_size=320, sample_size_v1=0, sample_size_v2=0, ppl=3.47, wps=78.6, ups=0.25, wpb=320, bsz=64, num_updates=13260, lr=1.56339e-05, gnorm=10.373, clip=100, loss_scale=32, train_wall=40, gb_free=7.3, wall=76795
2023-04-09 11:03:10 - trainer.py[line:921] - INFO: NOTE: gradient overflow detected, ignoring gradient, setting loss scale to: 16.0
2023-04-09 11:03:26 - progress_bar.py[line:272] - INFO: epoch 008:    146 / 1878 loss=2.973, loss_v1=0, loss_v2=0, nll_loss=1.771, ntokens=320, nsentences=64, sample_size=320, sample_size_v1=0, sample_size_v2=0, ppl=3.41, wps=71.8, ups=0.22, wpb=320, bsz=64, num_updates=13270, lr=1.56055e-05, gnorm=10.026, clip=100, loss_scale=16, train_wall=44, gb_free=7.3, wall=76839
2023-04-09 11:04:07 - progress_bar.py[line:272] - INFO: epoch 008:    156 / 1878 loss=3.013, loss_v1=0, loss_v2=0, nll_loss=1.815, ntokens=320, nsentences=64, sample_size=320, sample_size_v1=0, sample_size_v2=0, ppl=3.52, wps=78.5, ups=0.25, wpb=320, bsz=64, num_updates=13280, lr=1.55772e-05, gnorm=11.365, clip=100, loss_scale=16, train_wall=41, gb_free=7.3, wall=76880
2023-04-09 11:04:47 - progress_bar.py[line:272] - INFO: epoch 008:    166 / 1878 loss=3.059, loss_v1=0, loss_v2=0, nll_loss=1.871, ntokens=320, nsentences=64, sample_size=320, sample_size_v1=0, sample_size_v2=0, ppl=3.66, wps=78.7, ups=0.25, wpb=320, bsz=64, num_updates=13290, lr=1.55489e-05, gnorm=12.477, clip=100, loss_scale=16, train_wall=40, gb_free=7.3, wall=76921
2023-04-09 11:05:28 - progress_bar.py[line:272] - INFO: epoch 008:    176 / 1878 loss=3.054, loss_v1=0, loss_v2=0, nll_loss=1.865, ntokens=320, nsentences=64, sample_size=320, sample_size_v1=0, sample_size_v2=0, ppl=3.64, wps=78.7, ups=0.25, wpb=320, bsz=64, num_updates=13300, lr=1.55206e-05, gnorm=12.441, clip=100, loss_scale=16, train_wall=40, gb_free=7.3, wall=76961
2023-04-09 11:06:09 - progress_bar.py[line:272] - INFO: epoch 008:    186 / 1878 loss=3.019, loss_v1=0, loss_v2=0, nll_loss=1.824, ntokens=320, nsentences=64, sample_size=320, sample_size_v1=0, sample_size_v2=0, ppl=3.54, wps=78.5, ups=0.25, wpb=320, bsz=64, num_updates=13310, lr=1.54922e-05, gnorm=10.079, clip=100, loss_scale=16, train_wall=41, gb_free=7.3, wall=77002
2023-04-09 11:06:50 - progress_bar.py[line:272] - INFO: epoch 008:    196 / 1878 loss=2.955, loss_v1=0, loss_v2=0, nll_loss=1.753, ntokens=320, nsentences=64, sample_size=320, sample_size_v1=0, sample_size_v2=0, ppl=3.37, wps=78.5, ups=0.25, wpb=320, bsz=64, num_updates=13320, lr=1.54639e-05, gnorm=10.342, clip=100, loss_scale=16, train_wall=40, gb_free=7.3, wall=77043
2023-04-09 11:07:30 - progress_bar.py[line:272] - INFO: epoch 008:    206 / 1878 loss=3.014, loss_v1=0, loss_v2=0, nll_loss=1.818, ntokens=320, nsentences=64, sample_size=320, sample_size_v1=0, sample_size_v2=0, ppl=3.53, wps=78.6, ups=0.25, wpb=320, bsz=64, num_updates=13330, lr=1.54356e-05, gnorm=10.513, clip=100, loss_scale=16, train_wall=41, gb_free=7.3, wall=77084
2023-04-09 11:08:11 - progress_bar.py[line:272] - INFO: epoch 008:    216 / 1878 loss=2.984, loss_v1=0, loss_v2=0, nll_loss=1.785, ntokens=320, nsentences=64, sample_size=320, sample_size_v1=0, sample_size_v2=0, ppl=3.45, wps=78.9, ups=0.25, wpb=320, bsz=64, num_updates=13340, lr=1.54073e-05, gnorm=9.573, clip=100, loss_scale=16, train_wall=40, gb_free=7.3, wall=77124
2023-04-09 11:08:52 - progress_bar.py[line:272] - INFO: epoch 008:    226 / 1878 loss=3.005, loss_v1=0, loss_v2=0, nll_loss=1.807, ntokens=320, nsentences=64, sample_size=320, sample_size_v1=0, sample_size_v2=0, ppl=3.5, wps=78, ups=0.24, wpb=320, bsz=64, num_updates=13350, lr=1.5379e-05, gnorm=9.745, clip=100, loss_scale=16, train_wall=41, gb_free=7.3, wall=77165
2023-04-09 11:09:33 - progress_bar.py[line:272] - INFO: epoch 008:    236 / 1878 loss=3.014, loss_v1=0, loss_v2=0, nll_loss=1.817, ntokens=320, nsentences=64, sample_size=320, sample_size_v1=0, sample_size_v2=0, ppl=3.52, wps=78.2, ups=0.24, wpb=320, bsz=64, num_updates=13360, lr=1.53506e-05, gnorm=10.953, clip=100, loss_scale=16, train_wall=41, gb_free=7.3, wall=77206
2023-04-09 11:10:14 - progress_bar.py[line:272] - INFO: epoch 008:    246 / 1878 loss=3.01, loss_v1=0, loss_v2=0, nll_loss=1.811, ntokens=320, nsentences=64, sample_size=320, sample_size_v1=0, sample_size_v2=0, ppl=3.51, wps=78.1, ups=0.24, wpb=320, bsz=64, num_updates=13370, lr=1.53223e-05, gnorm=10.975, clip=100, loss_scale=16, train_wall=41, gb_free=7.3, wall=77247
2023-04-09 11:10:55 - progress_bar.py[line:272] - INFO: epoch 008:    256 / 1878 loss=2.967, loss_v1=0, loss_v2=0, nll_loss=1.763, ntokens=320, nsentences=64, sample_size=320, sample_size_v1=0, sample_size_v2=0, ppl=3.39, wps=78.5, ups=0.25, wpb=320, bsz=64, num_updates=13380, lr=1.5294e-05, gnorm=9.773, clip=100, loss_scale=16, train_wall=40, gb_free=7.3, wall=77288
2023-04-09 11:11:35 - progress_bar.py[line:272] - INFO: epoch 008:    266 / 1878 loss=2.931, loss_v1=0, loss_v2=0, nll_loss=1.724, ntokens=320, nsentences=64, sample_size=320, sample_size_v1=0, sample_size_v2=0, ppl=3.3, wps=78.5, ups=0.25, wpb=320, bsz=64, num_updates=13390, lr=1.52657e-05, gnorm=9.736, clip=100, loss_scale=16, train_wall=40, gb_free=7.3, wall=77329
2023-04-09 11:12:16 - progress_bar.py[line:272] - INFO: epoch 008:    276 / 1878 loss=2.981, loss_v1=0, loss_v2=0, nll_loss=1.777, ntokens=320, nsentences=64, sample_size=320, sample_size_v1=0, sample_size_v2=0, ppl=3.43, wps=78.3, ups=0.24, wpb=320, bsz=64, num_updates=13400, lr=1.52373e-05, gnorm=12.39, clip=100, loss_scale=16, train_wall=41, gb_free=7.3, wall=77369
2023-04-09 11:12:57 - progress_bar.py[line:272] - INFO: epoch 008:    286 / 1878 loss=3.035, loss_v1=0, loss_v2=0, nll_loss=1.839, ntokens=320, nsentences=64, sample_size=320, sample_size_v1=0, sample_size_v2=0, ppl=3.58, wps=78.6, ups=0.25, wpb=320, bsz=64, num_updates=13410, lr=1.5209e-05, gnorm=12.923, clip=100, loss_scale=16, train_wall=40, gb_free=7.3, wall=77410
2023-04-09 11:13:38 - progress_bar.py[line:272] - INFO: epoch 008:    296 / 1878 loss=3.027, loss_v1=0, loss_v2=0, nll_loss=1.83, ntokens=320, nsentences=64, sample_size=320, sample_size_v1=0, sample_size_v2=0, ppl=3.56, wps=78.9, ups=0.25, wpb=320, bsz=64, num_updates=13420, lr=1.51807e-05, gnorm=12.349, clip=100, loss_scale=16, train_wall=40, gb_free=7.3, wall=77451
2023-04-09 11:14:18 - progress_bar.py[line:272] - INFO: epoch 008:    306 / 1878 loss=3.003, loss_v1=0, loss_v2=0, nll_loss=1.805, ntokens=320, nsentences=64, sample_size=320, sample_size_v1=0, sample_size_v2=0, ppl=3.49, wps=78.2, ups=0.24, wpb=320, bsz=64, num_updates=13430, lr=1.51524e-05, gnorm=12.348, clip=100, loss_scale=16, train_wall=40, gb_free=7.3, wall=77492
2023-04-09 11:14:59 - progress_bar.py[line:272] - INFO: epoch 008:    316 / 1878 loss=2.96, loss_v1=0, loss_v2=0, nll_loss=1.76, ntokens=320, nsentences=64, sample_size=320, sample_size_v1=0, sample_size_v2=0, ppl=3.39, wps=78.4, ups=0.25, wpb=320, bsz=64, num_updates=13440, lr=1.51241e-05, gnorm=10.18, clip=100, loss_scale=16, train_wall=41, gb_free=7.3, wall=77532
2023-04-09 11:15:40 - progress_bar.py[line:272] - INFO: epoch 008:    326 / 1878 loss=2.973, loss_v1=0, loss_v2=0, nll_loss=1.773, ntokens=320, nsentences=64, sample_size=320, sample_size_v1=0, sample_size_v2=0, ppl=3.42, wps=78.3, ups=0.24, wpb=320, bsz=64, num_updates=13450, lr=1.50957e-05, gnorm=11.094, clip=100, loss_scale=16, train_wall=41, gb_free=7.3, wall=77573
2023-04-09 11:16:21 - progress_bar.py[line:272] - INFO: epoch 008:    336 / 1878 loss=2.996, loss_v1=0, loss_v2=0, nll_loss=1.799, ntokens=320, nsentences=64, sample_size=320, sample_size_v1=0, sample_size_v2=0, ppl=3.48, wps=78.2, ups=0.24, wpb=320, bsz=64, num_updates=13460, lr=1.50674e-05, gnorm=10.414, clip=100, loss_scale=16, train_wall=41, gb_free=7.3, wall=77614
2023-04-09 11:17:02 - progress_bar.py[line:272] - INFO: epoch 008:    346 / 1878 loss=2.952, loss_v1=0, loss_v2=0, nll_loss=1.744, ntokens=320, nsentences=64, sample_size=320, sample_size_v1=0, sample_size_v2=0, ppl=3.35, wps=78, ups=0.24, wpb=320, bsz=64, num_updates=13470, lr=1.50391e-05, gnorm=10.677, clip=100, loss_scale=16, train_wall=41, gb_free=7.3, wall=77655
2023-04-09 11:17:43 - progress_bar.py[line:272] - INFO: epoch 008:    356 / 1878 loss=2.937, loss_v1=0, loss_v2=0, nll_loss=1.727, ntokens=320, nsentences=64, sample_size=320, sample_size_v1=0, sample_size_v2=0, ppl=3.31, wps=77.9, ups=0.24, wpb=320, bsz=64, num_updates=13480, lr=1.50108e-05, gnorm=9.969, clip=100, loss_scale=16, train_wall=41, gb_free=7.3, wall=77696
2023-04-09 11:18:24 - progress_bar.py[line:272] - INFO: epoch 008:    366 / 1878 loss=3.007, loss_v1=0, loss_v2=0, nll_loss=1.811, ntokens=320, nsentences=64, sample_size=320, sample_size_v1=0, sample_size_v2=0, ppl=3.51, wps=78.2, ups=0.24, wpb=320, bsz=64, num_updates=13490, lr=1.49824e-05, gnorm=11.031, clip=100, loss_scale=16, train_wall=41, gb_free=7.3, wall=77737
slice_id 1 seek offset 5379
2023-04-09 11:19:05 - progress_bar.py[line:272] - INFO: epoch 008:    376 / 1878 loss=3.013, loss_v1=0, loss_v2=0, nll_loss=1.82, ntokens=320, nsentences=64, sample_size=320, sample_size_v1=0, sample_size_v2=0, ppl=3.53, wps=77.8, ups=0.24, wpb=320, bsz=64, num_updates=13500, lr=1.49541e-05, gnorm=11.852, clip=100, loss_scale=16, train_wall=41, gb_free=7.3, wall=77778
2023-04-09 11:19:05 - train.py[line:445] - INFO: begin validation on "valid" subset
slice_id 0 seek offset 0
slice_id 0 seek offset 0
slice_id 1 seek offset 5379
2023-04-09 11:30:17 - progress_bar.py[line:282] - INFO: epoch 008 | valid on 'valid' subset | loss 5.44 | loss_v1 0 | loss_v2 0 | nll_loss 4.506 | ntokens 39.993 | nsentences 7.999 | sample_size 39.993 | sample_size_v1 0 | sample_size_v2 0 | ppl 22.72 | score 0.3859 | wps 80.1 | wpb 40 | bsz 8 | num_updates 13500 | best_score 0.4586
2023-04-09 11:30:17 - checkpoint_utils.py[line:64] - INFO: Preparing to save checkpoint for epoch 8 @ 13500 updates
2023-04-09 11:30:17 - trainer.py[line:431] - INFO: Saving checkpoint to ./refcocoplus_EC_checkpoints_exp2/10_5e-5_512/checkpoint_8_13500.pt
2023-04-09 11:30:38 - trainer.py[line:441] - INFO: Finished saving checkpoint to ./refcocoplus_EC_checkpoints_exp2/10_5e-5_512/checkpoint_8_13500.pt
2023-04-09 11:30:47 - checkpoint_utils.py[line:133] - INFO: Saved checkpoint ./refcocoplus_EC_checkpoints_exp2/10_5e-5_512/checkpoint_8_13500.pt (epoch 8 @ 13500 updates, score 0.3859) (writing took 29.12074790149927 seconds)
2023-04-09 11:31:27 - progress_bar.py[line:272] - INFO: epoch 008:    386 / 1878 loss=2.938, loss_v1=0, loss_v2=0, nll_loss=1.735, ntokens=320, nsentences=64, sample_size=320, sample_size_v1=0, sample_size_v2=0, ppl=3.33, wps=4.3, ups=0.01, wpb=320, bsz=64, num_updates=13510, lr=1.49258e-05, gnorm=10.94, clip=100, loss_scale=16, train_wall=40, gb_free=7.3, wall=78520
2023-04-09 11:32:07 - progress_bar.py[line:272] - INFO: epoch 008:    396 / 1878 loss=2.98, loss_v1=0, loss_v2=0, nll_loss=1.779, ntokens=320, nsentences=64, sample_size=320, sample_size_v1=0, sample_size_v2=0, ppl=3.43, wps=78.6, ups=0.25, wpb=320, bsz=64, num_updates=13520, lr=1.48975e-05, gnorm=10.857, clip=100, loss_scale=16, train_wall=40, gb_free=7.3, wall=78560
2023-04-09 11:32:48 - progress_bar.py[line:272] - INFO: epoch 008:    406 / 1878 loss=2.962, loss_v1=0, loss_v2=0, nll_loss=1.756, ntokens=320, nsentences=64, sample_size=320, sample_size_v1=0, sample_size_v2=0, ppl=3.38, wps=78.4, ups=0.24, wpb=320, bsz=64, num_updates=13530, lr=1.48692e-05, gnorm=10.443, clip=100, loss_scale=16, train_wall=41, gb_free=7.3, wall=78601
2023-04-09 11:33:29 - progress_bar.py[line:272] - INFO: epoch 008:    416 / 1878 loss=2.974, loss_v1=0, loss_v2=0, nll_loss=1.768, ntokens=320, nsentences=64, sample_size=320, sample_size_v1=0, sample_size_v2=0, ppl=3.41, wps=78.7, ups=0.25, wpb=320, bsz=64, num_updates=13540, lr=1.48408e-05, gnorm=11.239, clip=100, loss_scale=16, train_wall=40, gb_free=7.3, wall=78642
2023-04-09 11:34:09 - progress_bar.py[line:272] - INFO: epoch 008:    426 / 1878 loss=3.004, loss_v1=0, loss_v2=0, nll_loss=1.804, ntokens=320, nsentences=64, sample_size=320, sample_size_v1=0, sample_size_v2=0, ppl=3.49, wps=79, ups=0.25, wpb=320, bsz=64, num_updates=13550, lr=1.48125e-05, gnorm=11.007, clip=100, loss_scale=16, train_wall=40, gb_free=7.3, wall=78682
2023-04-09 11:34:50 - progress_bar.py[line:272] - INFO: epoch 008:    436 / 1878 loss=3.002, loss_v1=0, loss_v2=0, nll_loss=1.806, ntokens=320, nsentences=64, sample_size=320, sample_size_v1=0, sample_size_v2=0, ppl=3.5, wps=78.4, ups=0.25, wpb=320, bsz=64, num_updates=13560, lr=1.47842e-05, gnorm=12.152, clip=100, loss_scale=16, train_wall=41, gb_free=7.3, wall=78723
2023-04-09 11:35:31 - progress_bar.py[line:272] - INFO: epoch 008:    446 / 1878 loss=3.022, loss_v1=0, loss_v2=0, nll_loss=1.829, ntokens=320, nsentences=64, sample_size=320, sample_size_v1=0, sample_size_v2=0, ppl=3.55, wps=78.6, ups=0.25, wpb=320, bsz=64, num_updates=13570, lr=1.47559e-05, gnorm=11.35, clip=100, loss_scale=16, train_wall=40, gb_free=7.3, wall=78764
2023-04-09 11:36:11 - progress_bar.py[line:272] - INFO: epoch 008:    456 / 1878 loss=3.005, loss_v1=0, loss_v2=0, nll_loss=1.811, ntokens=320, nsentences=64, sample_size=320, sample_size_v1=0, sample_size_v2=0, ppl=3.51, wps=78.7, ups=0.25, wpb=320, bsz=64, num_updates=13580, lr=1.47275e-05, gnorm=12.268, clip=100, loss_scale=16, train_wall=40, gb_free=7.3, wall=78805
2023-04-09 11:36:52 - progress_bar.py[line:272] - INFO: epoch 008:    466 / 1878 loss=2.945, loss_v1=0, loss_v2=0, nll_loss=1.741, ntokens=320, nsentences=64, sample_size=320, sample_size_v1=0, sample_size_v2=0, ppl=3.34, wps=78.5, ups=0.25, wpb=320, bsz=64, num_updates=13590, lr=1.46992e-05, gnorm=11.485, clip=100, loss_scale=16, train_wall=41, gb_free=7.3, wall=78845
2023-04-09 11:37:33 - progress_bar.py[line:272] - INFO: epoch 008:    476 / 1878 loss=2.989, loss_v1=0, loss_v2=0, nll_loss=1.79, ntokens=320, nsentences=64, sample_size=320, sample_size_v1=0, sample_size_v2=0, ppl=3.46, wps=78.2, ups=0.24, wpb=320, bsz=64, num_updates=13600, lr=1.46709e-05, gnorm=10.569, clip=100, loss_scale=16, train_wall=41, gb_free=7.3, wall=78886
2023-04-09 11:38:14 - progress_bar.py[line:272] - INFO: epoch 008:    486 / 1878 loss=2.976, loss_v1=0, loss_v2=0, nll_loss=1.776, ntokens=320, nsentences=64, sample_size=320, sample_size_v1=0, sample_size_v2=0, ppl=3.42, wps=78.7, ups=0.25, wpb=320, bsz=64, num_updates=13610, lr=1.46426e-05, gnorm=11.528, clip=100, loss_scale=16, train_wall=40, gb_free=7.3, wall=78927
2023-04-09 11:38:54 - progress_bar.py[line:272] - INFO: epoch 008:    496 / 1878 loss=2.929, loss_v1=0, loss_v2=0, nll_loss=1.724, ntokens=320, nsentences=64, sample_size=320, sample_size_v1=0, sample_size_v2=0, ppl=3.3, wps=78.7, ups=0.25, wpb=320, bsz=64, num_updates=13620, lr=1.46143e-05, gnorm=10.739, clip=100, loss_scale=16, train_wall=40, gb_free=7.3, wall=78968
2023-04-09 11:39:35 - progress_bar.py[line:272] - INFO: epoch 008:    506 / 1878 loss=3.038, loss_v1=0, loss_v2=0, nll_loss=1.842, ntokens=320, nsentences=64, sample_size=320, sample_size_v1=0, sample_size_v2=0, ppl=3.58, wps=78.8, ups=0.25, wpb=320, bsz=64, num_updates=13630, lr=1.45859e-05, gnorm=11.821, clip=100, loss_scale=16, train_wall=40, gb_free=7.3, wall=79008
2023-04-09 11:40:16 - progress_bar.py[line:272] - INFO: epoch 008:    516 / 1878 loss=2.939, loss_v1=0, loss_v2=0, nll_loss=1.729, ntokens=320, nsentences=64, sample_size=320, sample_size_v1=0, sample_size_v2=0, ppl=3.32, wps=78.8, ups=0.25, wpb=320, bsz=64, num_updates=13640, lr=1.45576e-05, gnorm=10.296, clip=100, loss_scale=16, train_wall=40, gb_free=7.3, wall=79049
2023-04-09 11:40:56 - progress_bar.py[line:272] - INFO: epoch 008:    526 / 1878 loss=2.989, loss_v1=0, loss_v2=0, nll_loss=1.79, ntokens=320, nsentences=64, sample_size=320, sample_size_v1=0, sample_size_v2=0, ppl=3.46, wps=78.4, ups=0.25, wpb=320, bsz=64, num_updates=13650, lr=1.45293e-05, gnorm=11.828, clip=100, loss_scale=16, train_wall=41, gb_free=7.3, wall=79090
2023-04-09 11:41:37 - progress_bar.py[line:272] - INFO: epoch 008:    536 / 1878 loss=3.008, loss_v1=0, loss_v2=0, nll_loss=1.811, ntokens=319.5, nsentences=63.9, sample_size=319.5, sample_size_v1=0, sample_size_v2=0, ppl=3.51, wps=78.6, ups=0.25, wpb=319.5, bsz=63.9, num_updates=13660, lr=1.4501e-05, gnorm=12.491, clip=100, loss_scale=16, train_wall=40, gb_free=7.3, wall=79130
2023-04-09 11:42:18 - progress_bar.py[line:272] - INFO: epoch 008:    546 / 1878 loss=2.992, loss_v1=0, loss_v2=0, nll_loss=1.796, ntokens=320, nsentences=64, sample_size=320, sample_size_v1=0, sample_size_v2=0, ppl=3.47, wps=78.9, ups=0.25, wpb=320, bsz=64, num_updates=13670, lr=1.44726e-05, gnorm=12.036, clip=100, loss_scale=16, train_wall=40, gb_free=7.3, wall=79171
2023-04-09 11:42:58 - progress_bar.py[line:272] - INFO: epoch 008:    556 / 1878 loss=3.064, loss_v1=0, loss_v2=0, nll_loss=1.874, ntokens=320, nsentences=64, sample_size=320, sample_size_v1=0, sample_size_v2=0, ppl=3.67, wps=78.8, ups=0.25, wpb=320, bsz=64, num_updates=13680, lr=1.44443e-05, gnorm=11.16, clip=100, loss_scale=16, train_wall=40, gb_free=7.3, wall=79211
2023-04-09 11:43:39 - progress_bar.py[line:272] - INFO: epoch 008:    566 / 1878 loss=2.979, loss_v1=0, loss_v2=0, nll_loss=1.78, ntokens=320, nsentences=64, sample_size=320, sample_size_v1=0, sample_size_v2=0, ppl=3.43, wps=79, ups=0.25, wpb=320, bsz=64, num_updates=13690, lr=1.4416e-05, gnorm=11.586, clip=100, loss_scale=16, train_wall=40, gb_free=7.3, wall=79252
2023-04-09 11:44:19 - progress_bar.py[line:272] - INFO: epoch 008:    576 / 1878 loss=2.991, loss_v1=0, loss_v2=0, nll_loss=1.792, ntokens=320, nsentences=64, sample_size=320, sample_size_v1=0, sample_size_v2=0, ppl=3.46, wps=78.9, ups=0.25, wpb=320, bsz=64, num_updates=13700, lr=1.43877e-05, gnorm=10.565, clip=100, loss_scale=16, train_wall=40, gb_free=7.3, wall=79293
2023-04-09 11:45:00 - progress_bar.py[line:272] - INFO: epoch 008:    586 / 1878 loss=3.063, loss_v1=0, loss_v2=0, nll_loss=1.876, ntokens=320, nsentences=64, sample_size=320, sample_size_v1=0, sample_size_v2=0, ppl=3.67, wps=78.5, ups=0.25, wpb=320, bsz=64, num_updates=13710, lr=1.43594e-05, gnorm=13.251, clip=100, loss_scale=16, train_wall=41, gb_free=7.3, wall=79333
2023-04-09 11:45:41 - progress_bar.py[line:272] - INFO: epoch 008:    596 / 1878 loss=3, loss_v1=0, loss_v2=0, nll_loss=1.802, ntokens=320, nsentences=64, sample_size=320, sample_size_v1=0, sample_size_v2=0, ppl=3.49, wps=78.6, ups=0.25, wpb=320, bsz=64, num_updates=13720, lr=1.4331e-05, gnorm=11.012, clip=100, loss_scale=16, train_wall=40, gb_free=7.3, wall=79374
2023-04-09 11:46:22 - progress_bar.py[line:272] - INFO: epoch 008:    606 / 1878 loss=2.98, loss_v1=0, loss_v2=0, nll_loss=1.78, ntokens=320, nsentences=64, sample_size=320, sample_size_v1=0, sample_size_v2=0, ppl=3.43, wps=78.7, ups=0.25, wpb=320, bsz=64, num_updates=13730, lr=1.43027e-05, gnorm=10.608, clip=100, loss_scale=16, train_wall=40, gb_free=7.3, wall=79415
2023-04-09 11:47:02 - progress_bar.py[line:272] - INFO: epoch 008:    616 / 1878 loss=2.968, loss_v1=0, loss_v2=0, nll_loss=1.763, ntokens=320, nsentences=64, sample_size=320, sample_size_v1=0, sample_size_v2=0, ppl=3.39, wps=78.1, ups=0.24, wpb=320, bsz=64, num_updates=13740, lr=1.42744e-05, gnorm=10.823, clip=100, loss_scale=16, train_wall=41, gb_free=7.3, wall=79456
2023-04-09 11:47:44 - progress_bar.py[line:272] - INFO: epoch 008:    626 / 1878 loss=2.98, loss_v1=0, loss_v2=0, nll_loss=1.777, ntokens=320, nsentences=64, sample_size=320, sample_size_v1=0, sample_size_v2=0, ppl=3.43, wps=77.9, ups=0.24, wpb=320, bsz=64, num_updates=13750, lr=1.42461e-05, gnorm=10.628, clip=100, loss_scale=16, train_wall=41, gb_free=7.3, wall=79497
2023-04-09 11:48:24 - progress_bar.py[line:272] - INFO: epoch 008:    636 / 1878 loss=3.014, loss_v1=0, loss_v2=0, nll_loss=1.815, ntokens=320, nsentences=64, sample_size=320, sample_size_v1=0, sample_size_v2=0, ppl=3.52, wps=78.4, ups=0.25, wpb=320, bsz=64, num_updates=13760, lr=1.42177e-05, gnorm=10.523, clip=100, loss_scale=16, train_wall=41, gb_free=7.3, wall=79538
2023-04-09 11:49:05 - progress_bar.py[line:272] - INFO: epoch 008:    646 / 1878 loss=3.012, loss_v1=0, loss_v2=0, nll_loss=1.818, ntokens=320, nsentences=64, sample_size=320, sample_size_v1=0, sample_size_v2=0, ppl=3.52, wps=78.7, ups=0.25, wpb=320, bsz=64, num_updates=13770, lr=1.41894e-05, gnorm=11.49, clip=100, loss_scale=16, train_wall=40, gb_free=7.3, wall=79578
2023-04-09 11:49:46 - progress_bar.py[line:272] - INFO: epoch 008:    656 / 1878 loss=3, loss_v1=0, loss_v2=0, nll_loss=1.802, ntokens=320, nsentences=64, sample_size=320, sample_size_v1=0, sample_size_v2=0, ppl=3.49, wps=78.8, ups=0.25, wpb=320, bsz=64, num_updates=13780, lr=1.41611e-05, gnorm=11.335, clip=100, loss_scale=32, train_wall=40, gb_free=7.3, wall=79619
2023-04-09 11:50:27 - progress_bar.py[line:272] - INFO: epoch 008:    666 / 1878 loss=2.992, loss_v1=0, loss_v2=0, nll_loss=1.795, ntokens=320, nsentences=64, sample_size=320, sample_size_v1=0, sample_size_v2=0, ppl=3.47, wps=78.1, ups=0.24, wpb=320, bsz=64, num_updates=13790, lr=1.41328e-05, gnorm=12.174, clip=100, loss_scale=32, train_wall=41, gb_free=7.3, wall=79660
2023-04-09 11:51:07 - progress_bar.py[line:272] - INFO: epoch 008:    676 / 1878 loss=3.027, loss_v1=0, loss_v2=0, nll_loss=1.831, ntokens=320, nsentences=64, sample_size=320, sample_size_v1=0, sample_size_v2=0, ppl=3.56, wps=78.6, ups=0.25, wpb=320, bsz=64, num_updates=13800, lr=1.41045e-05, gnorm=11.848, clip=100, loss_scale=32, train_wall=40, gb_free=7.3, wall=79700
2023-04-09 11:51:48 - progress_bar.py[line:272] - INFO: epoch 008:    686 / 1878 loss=3.019, loss_v1=0, loss_v2=0, nll_loss=1.823, ntokens=320, nsentences=64, sample_size=320, sample_size_v1=0, sample_size_v2=0, ppl=3.54, wps=78.5, ups=0.25, wpb=320, bsz=64, num_updates=13810, lr=1.40761e-05, gnorm=11.697, clip=100, loss_scale=32, train_wall=41, gb_free=7.3, wall=79741
2023-04-09 11:52:29 - progress_bar.py[line:272] - INFO: epoch 008:    696 / 1878 loss=2.983, loss_v1=0, loss_v2=0, nll_loss=1.783, ntokens=320, nsentences=64, sample_size=320, sample_size_v1=0, sample_size_v2=0, ppl=3.44, wps=78.6, ups=0.25, wpb=320, bsz=64, num_updates=13820, lr=1.40478e-05, gnorm=11.521, clip=100, loss_scale=32, train_wall=41, gb_free=7.3, wall=79782
2023-04-09 11:53:09 - progress_bar.py[line:272] - INFO: epoch 008:    706 / 1878 loss=2.998, loss_v1=0, loss_v2=0, nll_loss=1.8, ntokens=320, nsentences=64, sample_size=320, sample_size_v1=0, sample_size_v2=0, ppl=3.48, wps=79, ups=0.25, wpb=320, bsz=64, num_updates=13830, lr=1.40195e-05, gnorm=12.027, clip=100, loss_scale=32, train_wall=40, gb_free=7.3, wall=79823
2023-04-09 11:53:50 - progress_bar.py[line:272] - INFO: epoch 008:    716 / 1878 loss=2.899, loss_v1=0, loss_v2=0, nll_loss=1.686, ntokens=320, nsentences=64, sample_size=320, sample_size_v1=0, sample_size_v2=0, ppl=3.22, wps=78.7, ups=0.25, wpb=320, bsz=64, num_updates=13840, lr=1.39912e-05, gnorm=11.445, clip=100, loss_scale=32, train_wall=40, gb_free=7.3, wall=79863
2023-04-09 11:54:31 - progress_bar.py[line:272] - INFO: epoch 008:    726 / 1878 loss=2.957, loss_v1=0, loss_v2=0, nll_loss=1.75, ntokens=320, nsentences=64, sample_size=320, sample_size_v1=0, sample_size_v2=0, ppl=3.36, wps=78.4, ups=0.25, wpb=320, bsz=64, num_updates=13850, lr=1.39628e-05, gnorm=12.151, clip=100, loss_scale=32, train_wall=41, gb_free=7.3, wall=79904
2023-04-09 11:55:12 - progress_bar.py[line:272] - INFO: epoch 008:    736 / 1878 loss=2.968, loss_v1=0, loss_v2=0, nll_loss=1.767, ntokens=320, nsentences=64, sample_size=320, sample_size_v1=0, sample_size_v2=0, ppl=3.4, wps=77.7, ups=0.24, wpb=320, bsz=64, num_updates=13860, lr=1.39345e-05, gnorm=11.712, clip=100, loss_scale=32, train_wall=41, gb_free=7.3, wall=79945
2023-04-09 11:55:52 - progress_bar.py[line:272] - INFO: epoch 008:    746 / 1878 loss=2.933, loss_v1=0, loss_v2=0, nll_loss=1.725, ntokens=320, nsentences=64, sample_size=320, sample_size_v1=0, sample_size_v2=0, ppl=3.31, wps=79.1, ups=0.25, wpb=320, bsz=64, num_updates=13870, lr=1.39062e-05, gnorm=10.636, clip=100, loss_scale=32, train_wall=40, gb_free=7.3, wall=79986
2023-04-09 11:56:33 - progress_bar.py[line:272] - INFO: epoch 008:    756 / 1878 loss=2.909, loss_v1=0, loss_v2=0, nll_loss=1.702, ntokens=320, nsentences=64, sample_size=320, sample_size_v1=0, sample_size_v2=0, ppl=3.25, wps=78.8, ups=0.25, wpb=320, bsz=64, num_updates=13880, lr=1.38779e-05, gnorm=10.172, clip=100, loss_scale=32, train_wall=40, gb_free=7.3, wall=80026
2023-04-09 11:57:14 - progress_bar.py[line:272] - INFO: epoch 008:    766 / 1878 loss=2.947, loss_v1=0, loss_v2=0, nll_loss=1.743, ntokens=320, nsentences=64, sample_size=320, sample_size_v1=0, sample_size_v2=0, ppl=3.35, wps=78.8, ups=0.25, wpb=320, bsz=64, num_updates=13890, lr=1.38496e-05, gnorm=10.118, clip=100, loss_scale=32, train_wall=40, gb_free=7.3, wall=80067
2023-04-09 11:57:55 - progress_bar.py[line:272] - INFO: epoch 008:    776 / 1878 loss=2.921, loss_v1=0, loss_v2=0, nll_loss=1.711, ntokens=320, nsentences=64, sample_size=320, sample_size_v1=0, sample_size_v2=0, ppl=3.27, wps=78, ups=0.24, wpb=320, bsz=64, num_updates=13900, lr=1.38212e-05, gnorm=9.781, clip=100, loss_scale=32, train_wall=41, gb_free=7.3, wall=80108
2023-04-09 11:58:36 - progress_bar.py[line:272] - INFO: epoch 008:    786 / 1878 loss=2.904, loss_v1=0, loss_v2=0, nll_loss=1.694, ntokens=320, nsentences=64, sample_size=320, sample_size_v1=0, sample_size_v2=0, ppl=3.24, wps=78.1, ups=0.24, wpb=320, bsz=64, num_updates=13910, lr=1.37929e-05, gnorm=10.234, clip=100, loss_scale=32, train_wall=41, gb_free=7.3, wall=80149
2023-04-09 11:59:16 - progress_bar.py[line:272] - INFO: epoch 008:    796 / 1878 loss=2.939, loss_v1=0, loss_v2=0, nll_loss=1.733, ntokens=320, nsentences=64, sample_size=320, sample_size_v1=0, sample_size_v2=0, ppl=3.32, wps=78.6, ups=0.25, wpb=320, bsz=64, num_updates=13920, lr=1.37646e-05, gnorm=11.514, clip=100, loss_scale=32, train_wall=40, gb_free=7.3, wall=80190
2023-04-09 11:59:57 - progress_bar.py[line:272] - INFO: epoch 008:    806 / 1878 loss=2.974, loss_v1=0, loss_v2=0, nll_loss=1.773, ntokens=320, nsentences=64, sample_size=320, sample_size_v1=0, sample_size_v2=0, ppl=3.42, wps=78.4, ups=0.24, wpb=320, bsz=64, num_updates=13930, lr=1.37363e-05, gnorm=10.005, clip=100, loss_scale=32, train_wall=41, gb_free=7.3, wall=80230
2023-04-09 12:00:38 - progress_bar.py[line:272] - INFO: epoch 008:    816 / 1878 loss=2.91, loss_v1=0, loss_v2=0, nll_loss=1.701, ntokens=320, nsentences=64, sample_size=320, sample_size_v1=0, sample_size_v2=0, ppl=3.25, wps=78.7, ups=0.25, wpb=320, bsz=64, num_updates=13940, lr=1.37079e-05, gnorm=9.925, clip=100, loss_scale=32, train_wall=40, gb_free=7.3, wall=80271
2023-04-09 12:01:19 - progress_bar.py[line:272] - INFO: epoch 008:    826 / 1878 loss=2.987, loss_v1=0, loss_v2=0, nll_loss=1.786, ntokens=320, nsentences=64, sample_size=320, sample_size_v1=0, sample_size_v2=0, ppl=3.45, wps=78.7, ups=0.25, wpb=320, bsz=64, num_updates=13950, lr=1.36796e-05, gnorm=11.421, clip=100, loss_scale=32, train_wall=40, gb_free=7.3, wall=80312
2023-04-09 12:01:59 - progress_bar.py[line:272] - INFO: epoch 008:    836 / 1878 loss=2.937, loss_v1=0, loss_v2=0, nll_loss=1.726, ntokens=320, nsentences=64, sample_size=320, sample_size_v1=0, sample_size_v2=0, ppl=3.31, wps=78.7, ups=0.25, wpb=320, bsz=64, num_updates=13960, lr=1.36513e-05, gnorm=10.629, clip=100, loss_scale=32, train_wall=40, gb_free=7.3, wall=80352
2023-04-09 12:02:40 - progress_bar.py[line:272] - INFO: epoch 008:    846 / 1878 loss=2.968, loss_v1=0, loss_v2=0, nll_loss=1.763, ntokens=320, nsentences=64, sample_size=320, sample_size_v1=0, sample_size_v2=0, ppl=3.4, wps=78.3, ups=0.24, wpb=320, bsz=64, num_updates=13970, lr=1.3623e-05, gnorm=11.339, clip=100, loss_scale=32, train_wall=41, gb_free=7.3, wall=80393
2023-04-09 12:03:21 - progress_bar.py[line:272] - INFO: epoch 008:    856 / 1878 loss=2.906, loss_v1=0, loss_v2=0, nll_loss=1.695, ntokens=320, nsentences=64, sample_size=320, sample_size_v1=0, sample_size_v2=0, ppl=3.24, wps=78.6, ups=0.25, wpb=320, bsz=64, num_updates=13980, lr=1.35947e-05, gnorm=10.168, clip=100, loss_scale=32, train_wall=41, gb_free=7.3, wall=80434
2023-04-09 12:04:01 - progress_bar.py[line:272] - INFO: epoch 008:    866 / 1878 loss=2.972, loss_v1=0, loss_v2=0, nll_loss=1.769, ntokens=320, nsentences=64, sample_size=320, sample_size_v1=0, sample_size_v2=0, ppl=3.41, wps=78.8, ups=0.25, wpb=320, bsz=64, num_updates=13990, lr=1.35663e-05, gnorm=10.309, clip=100, loss_scale=32, train_wall=40, gb_free=7.3, wall=80475
2023-04-09 12:04:42 - progress_bar.py[line:272] - INFO: epoch 008:    876 / 1878 loss=2.937, loss_v1=0, loss_v2=0, nll_loss=1.732, ntokens=320, nsentences=64, sample_size=320, sample_size_v1=0, sample_size_v2=0, ppl=3.32, wps=78.4, ups=0.25, wpb=320, bsz=64, num_updates=14000, lr=1.3538e-05, gnorm=11.424, clip=100, loss_scale=32, train_wall=41, gb_free=7.3, wall=80515
2023-04-09 12:04:42 - train.py[line:445] - INFO: begin validation on "valid" subset
slice_id 0 seek offset 0
slice_id 1 seek offset 5379
slice_id 1 seek offset 5379
slice_id 0 seek offset 0
2023-04-09 12:15:54 - progress_bar.py[line:282] - INFO: epoch 008 | valid on 'valid' subset | loss 5.499 | loss_v1 0 | loss_v2 0 | nll_loss 4.567 | ntokens 39.993 | nsentences 7.999 | sample_size 39.993 | sample_size_v1 0 | sample_size_v2 0 | ppl 23.69 | score 0.3771 | wps 80.1 | wpb 40 | bsz 8 | num_updates 14000 | best_score 0.4586
2023-04-09 12:15:54 - checkpoint_utils.py[line:64] - INFO: Preparing to save checkpoint for epoch 8 @ 14000 updates
2023-04-09 12:15:54 - trainer.py[line:431] - INFO: Saving checkpoint to ./refcocoplus_EC_checkpoints_exp2/10_5e-5_512/checkpoint_8_14000.pt
2023-04-09 12:16:12 - trainer.py[line:441] - INFO: Finished saving checkpoint to ./refcocoplus_EC_checkpoints_exp2/10_5e-5_512/checkpoint_8_14000.pt
2023-04-09 12:16:23 - checkpoint_utils.py[line:133] - INFO: Saved checkpoint ./refcocoplus_EC_checkpoints_exp2/10_5e-5_512/checkpoint_8_14000.pt (epoch 8 @ 14000 updates, score 0.3771) (writing took 29.36723640933633 seconds)
2023-04-09 12:17:04 - progress_bar.py[line:272] - INFO: epoch 008:    886 / 1878 loss=2.937, loss_v1=0, loss_v2=0, nll_loss=1.732, ntokens=320, nsentences=64, sample_size=320, sample_size_v1=0, sample_size_v2=0, ppl=3.32, wps=4.3, ups=0.01, wpb=320, bsz=64, num_updates=14010, lr=1.35097e-05, gnorm=10.162, clip=100, loss_scale=32, train_wall=40, gb_free=7.3, wall=81257
2023-04-09 12:17:45 - progress_bar.py[line:272] - INFO: epoch 008:    896 / 1878 loss=2.932, loss_v1=0, loss_v2=0, nll_loss=1.719, ntokens=320, nsentences=64, sample_size=320, sample_size_v1=0, sample_size_v2=0, ppl=3.29, wps=78, ups=0.24, wpb=320, bsz=64, num_updates=14020, lr=1.34814e-05, gnorm=10.992, clip=100, loss_scale=32, train_wall=41, gb_free=7.3, wall=81298
2023-04-09 12:18:26 - progress_bar.py[line:272] - INFO: epoch 008:    906 / 1878 loss=2.928, loss_v1=0, loss_v2=0, nll_loss=1.718, ntokens=320, nsentences=64, sample_size=320, sample_size_v1=0, sample_size_v2=0, ppl=3.29, wps=78.2, ups=0.24, wpb=320, bsz=64, num_updates=14030, lr=1.3453e-05, gnorm=9.956, clip=100, loss_scale=32, train_wall=41, gb_free=7.3, wall=81339
2023-04-09 12:19:06 - progress_bar.py[line:272] - INFO: epoch 008:    916 / 1878 loss=2.949, loss_v1=0, loss_v2=0, nll_loss=1.741, ntokens=320, nsentences=64, sample_size=320, sample_size_v1=0, sample_size_v2=0, ppl=3.34, wps=78.1, ups=0.24, wpb=320, bsz=64, num_updates=14040, lr=1.34247e-05, gnorm=10.589, clip=100, loss_scale=32, train_wall=41, gb_free=7.3, wall=81380
2023-04-09 12:19:47 - progress_bar.py[line:272] - INFO: epoch 008:    926 / 1878 loss=2.954, loss_v1=0, loss_v2=0, nll_loss=1.75, ntokens=320, nsentences=64, sample_size=320, sample_size_v1=0, sample_size_v2=0, ppl=3.36, wps=78.6, ups=0.25, wpb=320, bsz=64, num_updates=14050, lr=1.33964e-05, gnorm=9.817, clip=100, loss_scale=32, train_wall=40, gb_free=7.3, wall=81420
2023-04-09 12:20:28 - progress_bar.py[line:272] - INFO: epoch 008:    936 / 1878 loss=2.938, loss_v1=0, loss_v2=0, nll_loss=1.732, ntokens=320, nsentences=64, sample_size=320, sample_size_v1=0, sample_size_v2=0, ppl=3.32, wps=78.4, ups=0.25, wpb=320, bsz=64, num_updates=14060, lr=1.33681e-05, gnorm=10.395, clip=100, loss_scale=32, train_wall=41, gb_free=7.3, wall=81461
2023-04-09 12:21:09 - progress_bar.py[line:272] - INFO: epoch 008:    946 / 1878 loss=2.895, loss_v1=0, loss_v2=0, nll_loss=1.683, ntokens=320, nsentences=64, sample_size=320, sample_size_v1=0, sample_size_v2=0, ppl=3.21, wps=78.5, ups=0.25, wpb=320, bsz=64, num_updates=14070, lr=1.33398e-05, gnorm=9.811, clip=100, loss_scale=32, train_wall=41, gb_free=7.3, wall=81502
2023-04-09 12:21:49 - progress_bar.py[line:272] - INFO: epoch 008:    956 / 1878 loss=2.898, loss_v1=0, loss_v2=0, nll_loss=1.687, ntokens=320, nsentences=64, sample_size=320, sample_size_v1=0, sample_size_v2=0, ppl=3.22, wps=78.5, ups=0.25, wpb=320, bsz=64, num_updates=14080, lr=1.33114e-05, gnorm=10.976, clip=100, loss_scale=32, train_wall=41, gb_free=7.3, wall=81543
2023-04-09 12:22:30 - progress_bar.py[line:272] - INFO: epoch 008:    966 / 1878 loss=2.895, loss_v1=0, loss_v2=0, nll_loss=1.683, ntokens=320, nsentences=64, sample_size=320, sample_size_v1=0, sample_size_v2=0, ppl=3.21, wps=78.5, ups=0.25, wpb=320, bsz=64, num_updates=14090, lr=1.32831e-05, gnorm=10.691, clip=100, loss_scale=32, train_wall=40, gb_free=7.3, wall=81583
2023-04-09 12:23:11 - progress_bar.py[line:272] - INFO: epoch 008:    976 / 1878 loss=2.944, loss_v1=0, loss_v2=0, nll_loss=1.739, ntokens=320, nsentences=64, sample_size=320, sample_size_v1=0, sample_size_v2=0, ppl=3.34, wps=78.9, ups=0.25, wpb=320, bsz=64, num_updates=14100, lr=1.32548e-05, gnorm=11.576, clip=100, loss_scale=32, train_wall=40, gb_free=7.3, wall=81624
2023-04-09 12:23:52 - progress_bar.py[line:272] - INFO: epoch 008:    986 / 1878 loss=2.883, loss_v1=0, loss_v2=0, nll_loss=1.672, ntokens=320, nsentences=64, sample_size=320, sample_size_v1=0, sample_size_v2=0, ppl=3.19, wps=78.3, ups=0.24, wpb=320, bsz=64, num_updates=14110, lr=1.32265e-05, gnorm=10.217, clip=100, loss_scale=32, train_wall=41, gb_free=7.3, wall=81665
2023-04-09 12:24:33 - progress_bar.py[line:272] - INFO: epoch 008:    996 / 1878 loss=2.961, loss_v1=0, loss_v2=0, nll_loss=1.75, ntokens=320, nsentences=64, sample_size=320, sample_size_v1=0, sample_size_v2=0, ppl=3.36, wps=78.3, ups=0.24, wpb=320, bsz=64, num_updates=14120, lr=1.31981e-05, gnorm=11.14, clip=100, loss_scale=32, train_wall=41, gb_free=7.3, wall=81706
2023-04-09 12:25:13 - progress_bar.py[line:272] - INFO: epoch 008:   1006 / 1878 loss=2.948, loss_v1=0, loss_v2=0, nll_loss=1.74, ntokens=320, nsentences=64, sample_size=320, sample_size_v1=0, sample_size_v2=0, ppl=3.34, wps=78.6, ups=0.25, wpb=320, bsz=64, num_updates=14130, lr=1.31698e-05, gnorm=10.88, clip=100, loss_scale=32, train_wall=41, gb_free=7.3, wall=81746
2023-04-09 12:25:54 - progress_bar.py[line:272] - INFO: epoch 008:   1016 / 1878 loss=2.902, loss_v1=0, loss_v2=0, nll_loss=1.691, ntokens=320, nsentences=64, sample_size=320, sample_size_v1=0, sample_size_v2=0, ppl=3.23, wps=78.7, ups=0.25, wpb=320, bsz=64, num_updates=14140, lr=1.31415e-05, gnorm=9.816, clip=100, loss_scale=32, train_wall=40, gb_free=7.3, wall=81787
2023-04-09 12:26:35 - progress_bar.py[line:272] - INFO: epoch 008:   1026 / 1878 loss=2.948, loss_v1=0, loss_v2=0, nll_loss=1.742, ntokens=320, nsentences=64, sample_size=320, sample_size_v1=0, sample_size_v2=0, ppl=3.35, wps=78.3, ups=0.24, wpb=320, bsz=64, num_updates=14150, lr=1.31132e-05, gnorm=10.027, clip=100, loss_scale=32, train_wall=41, gb_free=7.3, wall=81828
2023-04-09 12:27:16 - progress_bar.py[line:272] - INFO: epoch 008:   1036 / 1878 loss=2.904, loss_v1=0, loss_v2=0, nll_loss=1.694, ntokens=320, nsentences=64, sample_size=320, sample_size_v1=0, sample_size_v2=0, ppl=3.24, wps=78.4, ups=0.24, wpb=320, bsz=64, num_updates=14160, lr=1.30849e-05, gnorm=10.081, clip=100, loss_scale=32, train_wall=41, gb_free=7.3, wall=81869
2023-04-09 12:27:56 - progress_bar.py[line:272] - INFO: epoch 008:   1046 / 1878 loss=2.947, loss_v1=0, loss_v2=0, nll_loss=1.744, ntokens=320, nsentences=64, sample_size=320, sample_size_v1=0, sample_size_v2=0, ppl=3.35, wps=78.8, ups=0.25, wpb=320, bsz=64, num_updates=14170, lr=1.30565e-05, gnorm=9.819, clip=100, loss_scale=32, train_wall=40, gb_free=7.3, wall=81909
2023-04-09 12:28:37 - progress_bar.py[line:272] - INFO: epoch 008:   1056 / 1878 loss=2.954, loss_v1=0, loss_v2=0, nll_loss=1.747, ntokens=320, nsentences=64, sample_size=320, sample_size_v1=0, sample_size_v2=0, ppl=3.36, wps=78, ups=0.24, wpb=320, bsz=64, num_updates=14180, lr=1.30282e-05, gnorm=10.204, clip=100, loss_scale=32, train_wall=41, gb_free=7.3, wall=81950
2023-04-09 12:29:18 - progress_bar.py[line:272] - INFO: epoch 008:   1066 / 1878 loss=2.895, loss_v1=0, loss_v2=0, nll_loss=1.682, ntokens=320, nsentences=64, sample_size=320, sample_size_v1=0, sample_size_v2=0, ppl=3.21, wps=78.6, ups=0.25, wpb=320, bsz=64, num_updates=14190, lr=1.29999e-05, gnorm=10.522, clip=100, loss_scale=32, train_wall=40, gb_free=7.3, wall=81991
2023-04-09 12:29:59 - progress_bar.py[line:272] - INFO: epoch 008:   1076 / 1878 loss=2.938, loss_v1=0, loss_v2=0, nll_loss=1.73, ntokens=320, nsentences=64, sample_size=320, sample_size_v1=0, sample_size_v2=0, ppl=3.32, wps=78.6, ups=0.25, wpb=320, bsz=64, num_updates=14200, lr=1.29716e-05, gnorm=10.278, clip=100, loss_scale=32, train_wall=40, gb_free=7.3, wall=82032
2023-04-09 12:30:39 - progress_bar.py[line:272] - INFO: epoch 008:   1086 / 1878 loss=2.903, loss_v1=0, loss_v2=0, nll_loss=1.694, ntokens=320, nsentences=64, sample_size=320, sample_size_v1=0, sample_size_v2=0, ppl=3.24, wps=78.7, ups=0.25, wpb=320, bsz=64, num_updates=14210, lr=1.29432e-05, gnorm=9.777, clip=100, loss_scale=32, train_wall=40, gb_free=7.3, wall=82073
2023-04-09 12:31:20 - progress_bar.py[line:272] - INFO: epoch 008:   1096 / 1878 loss=2.86, loss_v1=0, loss_v2=0, nll_loss=1.644, ntokens=320, nsentences=64, sample_size=320, sample_size_v1=0, sample_size_v2=0, ppl=3.12, wps=78.8, ups=0.25, wpb=320, bsz=64, num_updates=14220, lr=1.29149e-05, gnorm=8.936, clip=100, loss_scale=32, train_wall=40, gb_free=7.3, wall=82113
2023-04-09 12:32:01 - progress_bar.py[line:272] - INFO: epoch 008:   1106 / 1878 loss=2.929, loss_v1=0, loss_v2=0, nll_loss=1.723, ntokens=320, nsentences=64, sample_size=320, sample_size_v1=0, sample_size_v2=0, ppl=3.3, wps=78.9, ups=0.25, wpb=320, bsz=64, num_updates=14230, lr=1.28866e-05, gnorm=10.425, clip=100, loss_scale=32, train_wall=40, gb_free=7.3, wall=82154
2023-04-09 12:32:42 - progress_bar.py[line:272] - INFO: epoch 008:   1116 / 1878 loss=2.878, loss_v1=0, loss_v2=0, nll_loss=1.663, ntokens=320, nsentences=64, sample_size=320, sample_size_v1=0, sample_size_v2=0, ppl=3.17, wps=78, ups=0.24, wpb=320, bsz=64, num_updates=14240, lr=1.28583e-05, gnorm=9.917, clip=100, loss_scale=32, train_wall=41, gb_free=7.3, wall=82195
2023-04-09 12:33:22 - progress_bar.py[line:272] - INFO: epoch 008:   1126 / 1878 loss=2.879, loss_v1=0, loss_v2=0, nll_loss=1.669, ntokens=320, nsentences=64, sample_size=320, sample_size_v1=0, sample_size_v2=0, ppl=3.18, wps=78.4, ups=0.24, wpb=320, bsz=64, num_updates=14250, lr=1.283e-05, gnorm=10.666, clip=100, loss_scale=32, train_wall=41, gb_free=7.3, wall=82236
2023-04-09 12:34:03 - progress_bar.py[line:272] - INFO: epoch 008:   1136 / 1878 loss=2.956, loss_v1=0, loss_v2=0, nll_loss=1.748, ntokens=320, nsentences=64, sample_size=320, sample_size_v1=0, sample_size_v2=0, ppl=3.36, wps=78.7, ups=0.25, wpb=320, bsz=64, num_updates=14260, lr=1.28016e-05, gnorm=10.797, clip=100, loss_scale=32, train_wall=40, gb_free=7.3, wall=82276
2023-04-09 12:34:44 - progress_bar.py[line:272] - INFO: epoch 008:   1146 / 1878 loss=2.96, loss_v1=0, loss_v2=0, nll_loss=1.756, ntokens=320, nsentences=64, sample_size=320, sample_size_v1=0, sample_size_v2=0, ppl=3.38, wps=78.7, ups=0.25, wpb=320, bsz=64, num_updates=14270, lr=1.27733e-05, gnorm=11.197, clip=100, loss_scale=32, train_wall=40, gb_free=7.3, wall=82317
2023-04-09 12:35:25 - progress_bar.py[line:272] - INFO: epoch 008:   1156 / 1878 loss=2.941, loss_v1=0, loss_v2=0, nll_loss=1.73, ntokens=320, nsentences=64, sample_size=320, sample_size_v1=0, sample_size_v2=0, ppl=3.32, wps=78.1, ups=0.24, wpb=320, bsz=64, num_updates=14280, lr=1.2745e-05, gnorm=10.166, clip=100, loss_scale=32, train_wall=41, gb_free=7.3, wall=82358
2023-04-09 12:36:05 - progress_bar.py[line:272] - INFO: epoch 008:   1166 / 1878 loss=2.942, loss_v1=0, loss_v2=0, nll_loss=1.734, ntokens=320, nsentences=64, sample_size=320, sample_size_v1=0, sample_size_v2=0, ppl=3.33, wps=78.5, ups=0.25, wpb=320, bsz=64, num_updates=14290, lr=1.27167e-05, gnorm=11.01, clip=100, loss_scale=64, train_wall=41, gb_free=7.3, wall=82399
2023-04-09 12:36:46 - progress_bar.py[line:272] - INFO: epoch 008:   1176 / 1878 loss=2.947, loss_v1=0, loss_v2=0, nll_loss=1.74, ntokens=320, nsentences=64, sample_size=320, sample_size_v1=0, sample_size_v2=0, ppl=3.34, wps=78.6, ups=0.25, wpb=320, bsz=64, num_updates=14300, lr=1.26883e-05, gnorm=10.657, clip=100, loss_scale=64, train_wall=40, gb_free=7.3, wall=82439
2023-04-09 12:37:27 - progress_bar.py[line:272] - INFO: epoch 008:   1186 / 1878 loss=2.934, loss_v1=0, loss_v2=0, nll_loss=1.724, ntokens=320, nsentences=64, sample_size=320, sample_size_v1=0, sample_size_v2=0, ppl=3.3, wps=78.8, ups=0.25, wpb=320, bsz=64, num_updates=14310, lr=1.266e-05, gnorm=10.464, clip=100, loss_scale=64, train_wall=40, gb_free=7.3, wall=82480
2023-04-09 12:38:07 - progress_bar.py[line:272] - INFO: epoch 008:   1196 / 1878 loss=2.954, loss_v1=0, loss_v2=0, nll_loss=1.746, ntokens=320, nsentences=64, sample_size=320, sample_size_v1=0, sample_size_v2=0, ppl=3.35, wps=78.9, ups=0.25, wpb=320, bsz=64, num_updates=14320, lr=1.26317e-05, gnorm=11.57, clip=100, loss_scale=64, train_wall=40, gb_free=7.3, wall=82521
2023-04-09 12:38:48 - progress_bar.py[line:272] - INFO: epoch 008:   1206 / 1878 loss=2.947, loss_v1=0, loss_v2=0, nll_loss=1.739, ntokens=320, nsentences=64, sample_size=320, sample_size_v1=0, sample_size_v2=0, ppl=3.34, wps=78.3, ups=0.24, wpb=320, bsz=64, num_updates=14330, lr=1.26034e-05, gnorm=11.366, clip=100, loss_scale=64, train_wall=41, gb_free=7.3, wall=82561
2023-04-09 12:39:29 - progress_bar.py[line:272] - INFO: epoch 008:   1216 / 1878 loss=2.891, loss_v1=0, loss_v2=0, nll_loss=1.681, ntokens=320, nsentences=64, sample_size=320, sample_size_v1=0, sample_size_v2=0, ppl=3.21, wps=79, ups=0.25, wpb=320, bsz=64, num_updates=14340, lr=1.25751e-05, gnorm=11.262, clip=100, loss_scale=64, train_wall=40, gb_free=7.3, wall=82602
2023-04-09 12:40:09 - progress_bar.py[line:272] - INFO: epoch 008:   1226 / 1878 loss=2.894, loss_v1=0, loss_v2=0, nll_loss=1.682, ntokens=320, nsentences=64, sample_size=320, sample_size_v1=0, sample_size_v2=0, ppl=3.21, wps=78.7, ups=0.25, wpb=320, bsz=64, num_updates=14350, lr=1.25467e-05, gnorm=9.757, clip=100, loss_scale=64, train_wall=40, gb_free=7.3, wall=82643
2023-04-09 12:40:50 - progress_bar.py[line:272] - INFO: epoch 008:   1236 / 1878 loss=2.945, loss_v1=0, loss_v2=0, nll_loss=1.735, ntokens=320, nsentences=64, sample_size=320, sample_size_v1=0, sample_size_v2=0, ppl=3.33, wps=78.8, ups=0.25, wpb=320, bsz=64, num_updates=14360, lr=1.25184e-05, gnorm=10.25, clip=100, loss_scale=64, train_wall=40, gb_free=7.3, wall=82683
2023-04-09 12:41:31 - progress_bar.py[line:272] - INFO: epoch 008:   1246 / 1878 loss=2.869, loss_v1=0, loss_v2=0, nll_loss=1.651, ntokens=320, nsentences=64, sample_size=320, sample_size_v1=0, sample_size_v2=0, ppl=3.14, wps=77.6, ups=0.24, wpb=320, bsz=64, num_updates=14370, lr=1.24901e-05, gnorm=9.579, clip=100, loss_scale=64, train_wall=41, gb_free=7.3, wall=82724
2023-04-09 12:42:12 - progress_bar.py[line:272] - INFO: epoch 008:   1256 / 1878 loss=2.926, loss_v1=0, loss_v2=0, nll_loss=1.717, ntokens=320, nsentences=64, sample_size=320, sample_size_v1=0, sample_size_v2=0, ppl=3.29, wps=78.4, ups=0.24, wpb=320, bsz=64, num_updates=14380, lr=1.24618e-05, gnorm=10.041, clip=100, loss_scale=64, train_wall=41, gb_free=7.3, wall=82765
2023-04-09 12:42:53 - progress_bar.py[line:272] - INFO: epoch 008:   1266 / 1878 loss=2.95, loss_v1=0, loss_v2=0, nll_loss=1.743, ntokens=320, nsentences=64, sample_size=320, sample_size_v1=0, sample_size_v2=0, ppl=3.35, wps=78.1, ups=0.24, wpb=320, bsz=64, num_updates=14390, lr=1.24334e-05, gnorm=11.24, clip=100, loss_scale=64, train_wall=41, gb_free=7.3, wall=82806
2023-04-09 12:43:34 - progress_bar.py[line:272] - INFO: epoch 008:   1276 / 1878 loss=2.862, loss_v1=0, loss_v2=0, nll_loss=1.647, ntokens=320, nsentences=64, sample_size=320, sample_size_v1=0, sample_size_v2=0, ppl=3.13, wps=78.2, ups=0.24, wpb=320, bsz=64, num_updates=14400, lr=1.24051e-05, gnorm=10.434, clip=100, loss_scale=64, train_wall=41, gb_free=7.3, wall=82847
2023-04-09 12:44:15 - progress_bar.py[line:272] - INFO: epoch 008:   1286 / 1878 loss=2.908, loss_v1=0, loss_v2=0, nll_loss=1.696, ntokens=320, nsentences=64, sample_size=320, sample_size_v1=0, sample_size_v2=0, ppl=3.24, wps=78.8, ups=0.25, wpb=320, bsz=64, num_updates=14410, lr=1.23768e-05, gnorm=10.43, clip=100, loss_scale=64, train_wall=40, gb_free=7.3, wall=82888
2023-04-09 12:44:55 - progress_bar.py[line:272] - INFO: epoch 008:   1296 / 1878 loss=2.872, loss_v1=0, loss_v2=0, nll_loss=1.656, ntokens=320, nsentences=64, sample_size=320, sample_size_v1=0, sample_size_v2=0, ppl=3.15, wps=78.8, ups=0.25, wpb=320, bsz=64, num_updates=14420, lr=1.23485e-05, gnorm=9.789, clip=100, loss_scale=64, train_wall=40, gb_free=7.3, wall=82928
2023-04-09 12:45:36 - progress_bar.py[line:272] - INFO: epoch 008:   1306 / 1878 loss=2.887, loss_v1=0, loss_v2=0, nll_loss=1.669, ntokens=320, nsentences=64, sample_size=320, sample_size_v1=0, sample_size_v2=0, ppl=3.18, wps=78.7, ups=0.25, wpb=320, bsz=64, num_updates=14430, lr=1.23202e-05, gnorm=9.263, clip=100, loss_scale=64, train_wall=40, gb_free=7.3, wall=82969
2023-04-09 12:46:17 - progress_bar.py[line:272] - INFO: epoch 008:   1316 / 1878 loss=2.923, loss_v1=0, loss_v2=0, nll_loss=1.714, ntokens=320, nsentences=64, sample_size=320, sample_size_v1=0, sample_size_v2=0, ppl=3.28, wps=78.5, ups=0.25, wpb=320, bsz=64, num_updates=14440, lr=1.22918e-05, gnorm=10.276, clip=100, loss_scale=64, train_wall=41, gb_free=7.3, wall=83010
2023-04-09 12:46:57 - progress_bar.py[line:272] - INFO: epoch 008:   1326 / 1878 loss=2.87, loss_v1=0, loss_v2=0, nll_loss=1.654, ntokens=320, nsentences=64, sample_size=320, sample_size_v1=0, sample_size_v2=0, ppl=3.15, wps=78.7, ups=0.25, wpb=320, bsz=64, num_updates=14450, lr=1.22635e-05, gnorm=9.994, clip=100, loss_scale=64, train_wall=40, gb_free=7.3, wall=83050
2023-04-09 12:47:38 - progress_bar.py[line:272] - INFO: epoch 008:   1336 / 1878 loss=2.886, loss_v1=0, loss_v2=0, nll_loss=1.671, ntokens=320, nsentences=64, sample_size=320, sample_size_v1=0, sample_size_v2=0, ppl=3.18, wps=78.5, ups=0.25, wpb=320, bsz=64, num_updates=14460, lr=1.22352e-05, gnorm=9.565, clip=100, loss_scale=64, train_wall=40, gb_free=7.3, wall=83091
2023-04-09 12:48:19 - progress_bar.py[line:272] - INFO: epoch 008:   1346 / 1878 loss=2.886, loss_v1=0, loss_v2=0, nll_loss=1.673, ntokens=320, nsentences=64, sample_size=320, sample_size_v1=0, sample_size_v2=0, ppl=3.19, wps=78.7, ups=0.25, wpb=320, bsz=64, num_updates=14470, lr=1.22069e-05, gnorm=10.554, clip=100, loss_scale=64, train_wall=40, gb_free=7.3, wall=83132
2023-04-09 12:49:00 - progress_bar.py[line:272] - INFO: epoch 008:   1356 / 1878 loss=2.892, loss_v1=0, loss_v2=0, nll_loss=1.679, ntokens=320, nsentences=64, sample_size=320, sample_size_v1=0, sample_size_v2=0, ppl=3.2, wps=78.1, ups=0.24, wpb=320, bsz=64, num_updates=14480, lr=1.21785e-05, gnorm=9.763, clip=100, loss_scale=64, train_wall=41, gb_free=7.3, wall=83173
2023-04-09 12:49:20 - trainer.py[line:921] - INFO: NOTE: gradient overflow detected, ignoring gradient, setting loss scale to: 32.0
2023-04-09 12:49:45 - progress_bar.py[line:272] - INFO: epoch 008:   1367 / 1878 loss=2.907, loss_v1=0, loss_v2=0, nll_loss=1.693, ntokens=320, nsentences=64, sample_size=320, sample_size_v1=0, sample_size_v2=0, ppl=3.23, wps=70.8, ups=0.22, wpb=320, bsz=64, num_updates=14490, lr=1.21502e-05, gnorm=10.139, clip=100, loss_scale=32, train_wall=45, gb_free=7.3, wall=83218
2023-04-09 12:50:26 - progress_bar.py[line:272] - INFO: epoch 008:   1377 / 1878 loss=2.917, loss_v1=0, loss_v2=0, nll_loss=1.71, ntokens=320, nsentences=64, sample_size=320, sample_size_v1=0, sample_size_v2=0, ppl=3.27, wps=78.5, ups=0.25, wpb=320, bsz=64, num_updates=14500, lr=1.21219e-05, gnorm=10.321, clip=100, loss_scale=32, train_wall=41, gb_free=7.3, wall=83259
2023-04-09 12:50:26 - train.py[line:445] - INFO: begin validation on "valid" subset
slice_id 0 seek offset 0
slice_id 1 seek offset 5379
slice_id 0 seek offset 0
slice_id 1 seek offset 5379
2023-04-09 13:01:38 - progress_bar.py[line:282] - INFO: epoch 008 | valid on 'valid' subset | loss 5.571 | loss_v1 0 | loss_v2 0 | nll_loss 4.643 | ntokens 39.993 | nsentences 7.999 | sample_size 39.993 | sample_size_v1 0 | sample_size_v2 0 | ppl 24.99 | score 0.3797 | wps 80.1 | wpb 40 | bsz 8 | num_updates 14500 | best_score 0.4586
2023-04-09 13:01:38 - checkpoint_utils.py[line:64] - INFO: Preparing to save checkpoint for epoch 8 @ 14500 updates
2023-04-09 13:01:38 - trainer.py[line:431] - INFO: Saving checkpoint to ./refcocoplus_EC_checkpoints_exp2/10_5e-5_512/checkpoint_8_14500.pt
2023-04-09 13:01:59 - trainer.py[line:441] - INFO: Finished saving checkpoint to ./refcocoplus_EC_checkpoints_exp2/10_5e-5_512/checkpoint_8_14500.pt
2023-04-09 13:02:09 - checkpoint_utils.py[line:133] - INFO: Saved checkpoint ./refcocoplus_EC_checkpoints_exp2/10_5e-5_512/checkpoint_8_14500.pt (epoch 8 @ 14500 updates, score 0.3797) (writing took 31.03409355506301 seconds)
2023-04-09 13:02:49 - progress_bar.py[line:272] - INFO: epoch 008:   1387 / 1878 loss=2.886, loss_v1=0, loss_v2=0, nll_loss=1.67, ntokens=320, nsentences=64, sample_size=320, sample_size_v1=0, sample_size_v2=0, ppl=3.18, wps=4.3, ups=0.01, wpb=320, bsz=64, num_updates=14510, lr=1.20936e-05, gnorm=10.322, clip=100, loss_scale=32, train_wall=40, gb_free=7.3, wall=84002
2023-04-09 13:03:30 - progress_bar.py[line:272] - INFO: epoch 008:   1397 / 1878 loss=2.888, loss_v1=0, loss_v2=0, nll_loss=1.671, ntokens=320, nsentences=64, sample_size=320, sample_size_v1=0, sample_size_v2=0, ppl=3.19, wps=78.4, ups=0.24, wpb=320, bsz=64, num_updates=14520, lr=1.20653e-05, gnorm=9.565, clip=100, loss_scale=32, train_wall=41, gb_free=7.3, wall=84043
2023-04-09 13:04:10 - progress_bar.py[line:272] - INFO: epoch 008:   1407 / 1878 loss=2.906, loss_v1=0, loss_v2=0, nll_loss=1.693, ntokens=320, nsentences=64, sample_size=320, sample_size_v1=0, sample_size_v2=0, ppl=3.23, wps=78.7, ups=0.25, wpb=320, bsz=64, num_updates=14530, lr=1.20369e-05, gnorm=11.531, clip=100, loss_scale=32, train_wall=40, gb_free=7.3, wall=84084
2023-04-09 13:04:51 - progress_bar.py[line:272] - INFO: epoch 008:   1417 / 1878 loss=2.86, loss_v1=0, loss_v2=0, nll_loss=1.642, ntokens=320, nsentences=64, sample_size=320, sample_size_v1=0, sample_size_v2=0, ppl=3.12, wps=78.6, ups=0.25, wpb=320, bsz=64, num_updates=14540, lr=1.20086e-05, gnorm=10.373, clip=100, loss_scale=32, train_wall=40, gb_free=7.3, wall=84124
2023-04-09 13:05:32 - progress_bar.py[line:272] - INFO: epoch 008:   1427 / 1878 loss=2.945, loss_v1=0, loss_v2=0, nll_loss=1.742, ntokens=320, nsentences=64, sample_size=320, sample_size_v1=0, sample_size_v2=0, ppl=3.34, wps=78.6, ups=0.25, wpb=320, bsz=64, num_updates=14550, lr=1.19803e-05, gnorm=11.267, clip=100, loss_scale=32, train_wall=40, gb_free=7.3, wall=84165
2023-04-09 13:06:12 - progress_bar.py[line:272] - INFO: epoch 008:   1437 / 1878 loss=2.869, loss_v1=0, loss_v2=0, nll_loss=1.652, ntokens=320, nsentences=64, sample_size=320, sample_size_v1=0, sample_size_v2=0, ppl=3.14, wps=78.7, ups=0.25, wpb=320, bsz=64, num_updates=14560, lr=1.1952e-05, gnorm=8.81, clip=100, loss_scale=32, train_wall=40, gb_free=7.3, wall=84206
2023-04-09 13:06:53 - progress_bar.py[line:272] - INFO: epoch 008:   1447 / 1878 loss=2.861, loss_v1=0, loss_v2=0, nll_loss=1.642, ntokens=320, nsentences=64, sample_size=320, sample_size_v1=0, sample_size_v2=0, ppl=3.12, wps=78.7, ups=0.25, wpb=320, bsz=64, num_updates=14570, lr=1.19236e-05, gnorm=9.634, clip=100, loss_scale=32, train_wall=40, gb_free=7.3, wall=84246
2023-04-09 13:07:34 - progress_bar.py[line:272] - INFO: epoch 008:   1457 / 1878 loss=2.901, loss_v1=0, loss_v2=0, nll_loss=1.686, ntokens=320, nsentences=64, sample_size=320, sample_size_v1=0, sample_size_v2=0, ppl=3.22, wps=78.5, ups=0.25, wpb=320, bsz=64, num_updates=14580, lr=1.18953e-05, gnorm=11.706, clip=100, loss_scale=32, train_wall=40, gb_free=7.3, wall=84287
2023-04-09 13:08:15 - progress_bar.py[line:272] - INFO: epoch 008:   1467 / 1878 loss=2.895, loss_v1=0, loss_v2=0, nll_loss=1.677, ntokens=320, nsentences=64, sample_size=320, sample_size_v1=0, sample_size_v2=0, ppl=3.2, wps=78.3, ups=0.24, wpb=320, bsz=64, num_updates=14590, lr=1.1867e-05, gnorm=11.588, clip=100, loss_scale=32, train_wall=41, gb_free=7.3, wall=84328
2023-04-09 13:08:55 - progress_bar.py[line:272] - INFO: epoch 008:   1477 / 1878 loss=2.873, loss_v1=0, loss_v2=0, nll_loss=1.656, ntokens=320, nsentences=64, sample_size=320, sample_size_v1=0, sample_size_v2=0, ppl=3.15, wps=78.6, ups=0.25, wpb=320, bsz=64, num_updates=14600, lr=1.18387e-05, gnorm=10.667, clip=100, loss_scale=32, train_wall=40, gb_free=7.3, wall=84369
2023-04-09 13:09:36 - progress_bar.py[line:272] - INFO: epoch 008:   1487 / 1878 loss=2.904, loss_v1=0, loss_v2=0, nll_loss=1.694, ntokens=320, nsentences=64, sample_size=320, sample_size_v1=0, sample_size_v2=0, ppl=3.24, wps=78.3, ups=0.24, wpb=320, bsz=64, num_updates=14610, lr=1.18104e-05, gnorm=10.328, clip=100, loss_scale=32, train_wall=41, gb_free=7.3, wall=84409
2023-04-09 13:10:17 - progress_bar.py[line:272] - INFO: epoch 008:   1497 / 1878 loss=2.865, loss_v1=0, loss_v2=0, nll_loss=1.647, ntokens=320, nsentences=64, sample_size=320, sample_size_v1=0, sample_size_v2=0, ppl=3.13, wps=78, ups=0.24, wpb=320, bsz=64, num_updates=14620, lr=1.1782e-05, gnorm=10.436, clip=100, loss_scale=32, train_wall=41, gb_free=7.3, wall=84451
2023-04-09 13:10:58 - progress_bar.py[line:272] - INFO: epoch 008:   1507 / 1878 loss=2.857, loss_v1=0, loss_v2=0, nll_loss=1.639, ntokens=320, nsentences=64, sample_size=320, sample_size_v1=0, sample_size_v2=0, ppl=3.11, wps=78.5, ups=0.25, wpb=320, bsz=64, num_updates=14630, lr=1.17537e-05, gnorm=9.546, clip=100, loss_scale=32, train_wall=40, gb_free=7.3, wall=84491
2023-04-09 13:11:39 - progress_bar.py[line:272] - INFO: epoch 008:   1517 / 1878 loss=2.864, loss_v1=0, loss_v2=0, nll_loss=1.647, ntokens=320, nsentences=64, sample_size=320, sample_size_v1=0, sample_size_v2=0, ppl=3.13, wps=78.7, ups=0.25, wpb=320, bsz=64, num_updates=14640, lr=1.17254e-05, gnorm=9.441, clip=100, loss_scale=32, train_wall=40, gb_free=7.3, wall=84532
2023-04-09 13:12:19 - progress_bar.py[line:272] - INFO: epoch 008:   1527 / 1878 loss=2.803, loss_v1=0, loss_v2=0, nll_loss=1.58, ntokens=320, nsentences=64, sample_size=320, sample_size_v1=0, sample_size_v2=0, ppl=2.99, wps=78.8, ups=0.25, wpb=320, bsz=64, num_updates=14650, lr=1.16971e-05, gnorm=9.542, clip=100, loss_scale=32, train_wall=40, gb_free=7.3, wall=84573
2023-04-09 13:13:00 - progress_bar.py[line:272] - INFO: epoch 008:   1537 / 1878 loss=2.874, loss_v1=0, loss_v2=0, nll_loss=1.656, ntokens=320, nsentences=64, sample_size=320, sample_size_v1=0, sample_size_v2=0, ppl=3.15, wps=78.7, ups=0.25, wpb=320, bsz=64, num_updates=14660, lr=1.16687e-05, gnorm=10.98, clip=100, loss_scale=32, train_wall=40, gb_free=7.3, wall=84613
2023-04-09 13:13:41 - progress_bar.py[line:272] - INFO: epoch 008:   1547 / 1878 loss=2.839, loss_v1=0, loss_v2=0, nll_loss=1.619, ntokens=320, nsentences=64, sample_size=320, sample_size_v1=0, sample_size_v2=0, ppl=3.07, wps=78.9, ups=0.25, wpb=320, bsz=64, num_updates=14670, lr=1.16404e-05, gnorm=9.644, clip=100, loss_scale=32, train_wall=40, gb_free=7.3, wall=84654
2023-04-09 13:14:21 - progress_bar.py[line:272] - INFO: epoch 008:   1557 / 1878 loss=2.859, loss_v1=0, loss_v2=0, nll_loss=1.643, ntokens=320, nsentences=64, sample_size=320, sample_size_v1=0, sample_size_v2=0, ppl=3.12, wps=78.4, ups=0.25, wpb=320, bsz=64, num_updates=14680, lr=1.16121e-05, gnorm=9.587, clip=100, loss_scale=32, train_wall=41, gb_free=7.3, wall=84695
2023-04-09 13:15:02 - progress_bar.py[line:272] - INFO: epoch 008:   1567 / 1878 loss=2.888, loss_v1=0, loss_v2=0, nll_loss=1.675, ntokens=320, nsentences=64, sample_size=320, sample_size_v1=0, sample_size_v2=0, ppl=3.19, wps=78.8, ups=0.25, wpb=320, bsz=64, num_updates=14690, lr=1.15838e-05, gnorm=10.52, clip=100, loss_scale=32, train_wall=40, gb_free=7.3, wall=84735
2023-04-09 13:15:43 - progress_bar.py[line:272] - INFO: epoch 008:   1577 / 1878 loss=2.843, loss_v1=0, loss_v2=0, nll_loss=1.619, ntokens=320, nsentences=64, sample_size=320, sample_size_v1=0, sample_size_v2=0, ppl=3.07, wps=78.3, ups=0.24, wpb=320, bsz=64, num_updates=14700, lr=1.15555e-05, gnorm=10.164, clip=100, loss_scale=32, train_wall=41, gb_free=7.3, wall=84776
2023-04-09 13:16:23 - progress_bar.py[line:272] - INFO: epoch 008:   1587 / 1878 loss=2.903, loss_v1=0, loss_v2=0, nll_loss=1.688, ntokens=320, nsentences=64, sample_size=320, sample_size_v1=0, sample_size_v2=0, ppl=3.22, wps=78.7, ups=0.25, wpb=320, bsz=64, num_updates=14710, lr=1.15271e-05, gnorm=10.404, clip=100, loss_scale=32, train_wall=40, gb_free=7.3, wall=84817
2023-04-09 13:17:04 - progress_bar.py[line:272] - INFO: epoch 008:   1597 / 1878 loss=2.879, loss_v1=0, loss_v2=0, nll_loss=1.667, ntokens=320, nsentences=64, sample_size=320, sample_size_v1=0, sample_size_v2=0, ppl=3.18, wps=78, ups=0.24, wpb=320, bsz=64, num_updates=14720, lr=1.14988e-05, gnorm=10.296, clip=100, loss_scale=32, train_wall=41, gb_free=7.3, wall=84858
2023-04-09 13:17:45 - progress_bar.py[line:272] - INFO: epoch 008:   1607 / 1878 loss=2.87, loss_v1=0, loss_v2=0, nll_loss=1.655, ntokens=320, nsentences=64, sample_size=320, sample_size_v1=0, sample_size_v2=0, ppl=3.15, wps=78.5, ups=0.25, wpb=320, bsz=64, num_updates=14730, lr=1.14705e-05, gnorm=10.026, clip=100, loss_scale=32, train_wall=40, gb_free=7.3, wall=84898
2023-04-09 13:18:26 - progress_bar.py[line:272] - INFO: epoch 008:   1617 / 1878 loss=2.908, loss_v1=0, loss_v2=0, nll_loss=1.693, ntokens=320, nsentences=64, sample_size=320, sample_size_v1=0, sample_size_v2=0, ppl=3.23, wps=78.7, ups=0.25, wpb=320, bsz=64, num_updates=14740, lr=1.14422e-05, gnorm=10.922, clip=100, loss_scale=32, train_wall=40, gb_free=7.3, wall=84939
2023-04-09 13:19:07 - progress_bar.py[line:272] - INFO: epoch 008:   1627 / 1878 loss=2.9, loss_v1=0, loss_v2=0, nll_loss=1.682, ntokens=320, nsentences=64, sample_size=320, sample_size_v1=0, sample_size_v2=0, ppl=3.21, wps=78.8, ups=0.25, wpb=320, bsz=64, num_updates=14750, lr=1.14138e-05, gnorm=11.52, clip=100, loss_scale=32, train_wall=40, gb_free=7.3, wall=84980
2023-04-09 13:19:47 - progress_bar.py[line:272] - INFO: epoch 008:   1637 / 1878 loss=2.903, loss_v1=0, loss_v2=0, nll_loss=1.685, ntokens=320, nsentences=64, sample_size=320, sample_size_v1=0, sample_size_v2=0, ppl=3.22, wps=78.4, ups=0.24, wpb=320, bsz=64, num_updates=14760, lr=1.13855e-05, gnorm=11.009, clip=100, loss_scale=32, train_wall=41, gb_free=7.3, wall=85021
2023-04-09 13:20:28 - progress_bar.py[line:272] - INFO: epoch 008:   1647 / 1878 loss=2.829, loss_v1=0, loss_v2=0, nll_loss=1.607, ntokens=320, nsentences=64, sample_size=320, sample_size_v1=0, sample_size_v2=0, ppl=3.05, wps=78.5, ups=0.25, wpb=320, bsz=64, num_updates=14770, lr=1.13572e-05, gnorm=10.496, clip=100, loss_scale=32, train_wall=40, gb_free=7.3, wall=85061
2023-04-09 13:21:09 - progress_bar.py[line:272] - INFO: epoch 008:   1657 / 1878 loss=2.867, loss_v1=0, loss_v2=0, nll_loss=1.651, ntokens=320, nsentences=64, sample_size=320, sample_size_v1=0, sample_size_v2=0, ppl=3.14, wps=78.6, ups=0.25, wpb=320, bsz=64, num_updates=14780, lr=1.13289e-05, gnorm=10.075, clip=100, loss_scale=32, train_wall=40, gb_free=7.3, wall=85102
2023-04-09 13:21:49 - progress_bar.py[line:272] - INFO: epoch 008:   1667 / 1878 loss=2.863, loss_v1=0, loss_v2=0, nll_loss=1.646, ntokens=320, nsentences=64, sample_size=320, sample_size_v1=0, sample_size_v2=0, ppl=3.13, wps=78.8, ups=0.25, wpb=320, bsz=64, num_updates=14790, lr=1.13006e-05, gnorm=10.532, clip=100, loss_scale=32, train_wall=40, gb_free=7.3, wall=85143
2023-04-09 13:22:30 - progress_bar.py[line:272] - INFO: epoch 008:   1677 / 1878 loss=2.866, loss_v1=0, loss_v2=0, nll_loss=1.648, ntokens=320, nsentences=64, sample_size=320, sample_size_v1=0, sample_size_v2=0, ppl=3.13, wps=78.2, ups=0.24, wpb=320, bsz=64, num_updates=14800, lr=1.12722e-05, gnorm=10.857, clip=100, loss_scale=32, train_wall=41, gb_free=7.3, wall=85184
2023-04-09 13:23:11 - progress_bar.py[line:272] - INFO: epoch 008:   1687 / 1878 loss=2.871, loss_v1=0, loss_v2=0, nll_loss=1.651, ntokens=320, nsentences=64, sample_size=320, sample_size_v1=0, sample_size_v2=0, ppl=3.14, wps=78.6, ups=0.25, wpb=320, bsz=64, num_updates=14810, lr=1.12439e-05, gnorm=10.538, clip=100, loss_scale=32, train_wall=40, gb_free=7.3, wall=85224
2023-04-09 13:23:52 - progress_bar.py[line:272] - INFO: epoch 008:   1697 / 1878 loss=2.896, loss_v1=0, loss_v2=0, nll_loss=1.682, ntokens=320, nsentences=64, sample_size=320, sample_size_v1=0, sample_size_v2=0, ppl=3.21, wps=78.6, ups=0.25, wpb=320, bsz=64, num_updates=14820, lr=1.12156e-05, gnorm=11.083, clip=100, loss_scale=32, train_wall=40, gb_free=7.3, wall=85265
2023-04-09 13:24:33 - progress_bar.py[line:272] - INFO: epoch 008:   1707 / 1878 loss=2.864, loss_v1=0, loss_v2=0, nll_loss=1.648, ntokens=320, nsentences=64, sample_size=320, sample_size_v1=0, sample_size_v2=0, ppl=3.14, wps=78.6, ups=0.25, wpb=320, bsz=64, num_updates=14830, lr=1.11873e-05, gnorm=10.403, clip=100, loss_scale=32, train_wall=40, gb_free=7.3, wall=85306
2023-04-09 13:25:13 - progress_bar.py[line:272] - INFO: epoch 008:   1717 / 1878 loss=2.837, loss_v1=0, loss_v2=0, nll_loss=1.613, ntokens=320, nsentences=64, sample_size=320, sample_size_v1=0, sample_size_v2=0, ppl=3.06, wps=78.3, ups=0.24, wpb=320, bsz=64, num_updates=14840, lr=1.11589e-05, gnorm=10.02, clip=100, loss_scale=32, train_wall=41, gb_free=7.3, wall=85347
2023-04-09 13:25:54 - progress_bar.py[line:272] - INFO: epoch 008:   1727 / 1878 loss=2.852, loss_v1=0, loss_v2=0, nll_loss=1.637, ntokens=320, nsentences=64, sample_size=320, sample_size_v1=0, sample_size_v2=0, ppl=3.11, wps=78.6, ups=0.25, wpb=320, bsz=64, num_updates=14850, lr=1.11306e-05, gnorm=10.123, clip=100, loss_scale=32, train_wall=41, gb_free=7.3, wall=85387
2023-04-09 13:26:35 - progress_bar.py[line:272] - INFO: epoch 008:   1737 / 1878 loss=2.806, loss_v1=0, loss_v2=0, nll_loss=1.583, ntokens=320, nsentences=64, sample_size=320, sample_size_v1=0, sample_size_v2=0, ppl=3, wps=78.4, ups=0.24, wpb=320, bsz=64, num_updates=14860, lr=1.11023e-05, gnorm=10.194, clip=100, loss_scale=32, train_wall=41, gb_free=7.3, wall=85428
2023-04-09 13:27:16 - progress_bar.py[line:272] - INFO: epoch 008:   1747 / 1878 loss=2.898, loss_v1=0, loss_v2=0, nll_loss=1.683, ntokens=320, nsentences=64, sample_size=320, sample_size_v1=0, sample_size_v2=0, ppl=3.21, wps=78.6, ups=0.25, wpb=320, bsz=64, num_updates=14870, lr=1.1074e-05, gnorm=11.151, clip=100, loss_scale=32, train_wall=40, gb_free=7.3, wall=85469
2023-04-09 13:27:56 - progress_bar.py[line:272] - INFO: epoch 008:   1757 / 1878 loss=2.833, loss_v1=0, loss_v2=0, nll_loss=1.609, ntokens=320, nsentences=64, sample_size=320, sample_size_v1=0, sample_size_v2=0, ppl=3.05, wps=78.4, ups=0.24, wpb=320, bsz=64, num_updates=14880, lr=1.10457e-05, gnorm=9.872, clip=100, loss_scale=32, train_wall=41, gb_free=7.3, wall=85510
2023-04-09 13:28:38 - progress_bar.py[line:272] - INFO: epoch 008:   1767 / 1878 loss=2.895, loss_v1=0, loss_v2=0, nll_loss=1.683, ntokens=320, nsentences=64, sample_size=320, sample_size_v1=0, sample_size_v2=0, ppl=3.21, wps=77.8, ups=0.24, wpb=320, bsz=64, num_updates=14890, lr=1.10173e-05, gnorm=9.764, clip=100, loss_scale=32, train_wall=41, gb_free=7.3, wall=85551
2023-04-09 13:29:19 - progress_bar.py[line:272] - INFO: epoch 008:   1777 / 1878 loss=2.834, loss_v1=0, loss_v2=0, nll_loss=1.613, ntokens=320, nsentences=64, sample_size=320, sample_size_v1=0, sample_size_v2=0, ppl=3.06, wps=78.2, ups=0.24, wpb=320, bsz=64, num_updates=14900, lr=1.0989e-05, gnorm=9.274, clip=100, loss_scale=32, train_wall=41, gb_free=7.3, wall=85592
2023-04-09 13:29:59 - progress_bar.py[line:272] - INFO: epoch 008:   1787 / 1878 loss=2.858, loss_v1=0, loss_v2=0, nll_loss=1.64, ntokens=320, nsentences=64, sample_size=320, sample_size_v1=0, sample_size_v2=0, ppl=3.12, wps=78.6, ups=0.25, wpb=320, bsz=64, num_updates=14910, lr=1.09607e-05, gnorm=11.472, clip=100, loss_scale=32, train_wall=40, gb_free=7.3, wall=85632
2023-04-09 13:30:40 - progress_bar.py[line:272] - INFO: epoch 008:   1797 / 1878 loss=2.869, loss_v1=0, loss_v2=0, nll_loss=1.65, ntokens=320, nsentences=64, sample_size=320, sample_size_v1=0, sample_size_v2=0, ppl=3.14, wps=78.8, ups=0.25, wpb=320, bsz=64, num_updates=14920, lr=1.09324e-05, gnorm=10.183, clip=100, loss_scale=32, train_wall=40, gb_free=7.3, wall=85673
2023-04-09 13:31:21 - progress_bar.py[line:272] - INFO: epoch 008:   1807 / 1878 loss=2.876, loss_v1=0, loss_v2=0, nll_loss=1.657, ntokens=320, nsentences=64, sample_size=320, sample_size_v1=0, sample_size_v2=0, ppl=3.15, wps=78.5, ups=0.25, wpb=320, bsz=64, num_updates=14930, lr=1.0904e-05, gnorm=9.982, clip=100, loss_scale=32, train_wall=41, gb_free=7.3, wall=85714
2023-04-09 13:32:01 - progress_bar.py[line:272] - INFO: epoch 008:   1817 / 1878 loss=2.861, loss_v1=0, loss_v2=0, nll_loss=1.642, ntokens=320, nsentences=64, sample_size=320, sample_size_v1=0, sample_size_v2=0, ppl=3.12, wps=78.4, ups=0.25, wpb=320, bsz=64, num_updates=14940, lr=1.08757e-05, gnorm=10.617, clip=100, loss_scale=32, train_wall=41, gb_free=7.3, wall=85755
2023-04-09 13:32:42 - progress_bar.py[line:272] - INFO: epoch 008:   1827 / 1878 loss=2.831, loss_v1=0, loss_v2=0, nll_loss=1.61, ntokens=320, nsentences=64, sample_size=320, sample_size_v1=0, sample_size_v2=0, ppl=3.05, wps=78.9, ups=0.25, wpb=320, bsz=64, num_updates=14950, lr=1.08474e-05, gnorm=10.049, clip=100, loss_scale=32, train_wall=40, gb_free=7.3, wall=85795
2023-04-09 13:33:23 - progress_bar.py[line:272] - INFO: epoch 008:   1837 / 1878 loss=2.834, loss_v1=0, loss_v2=0, nll_loss=1.613, ntokens=320, nsentences=64, sample_size=320, sample_size_v1=0, sample_size_v2=0, ppl=3.06, wps=78.5, ups=0.25, wpb=320, bsz=64, num_updates=14960, lr=1.08191e-05, gnorm=10.134, clip=100, loss_scale=32, train_wall=40, gb_free=7.3, wall=85836
2023-04-09 13:34:03 - progress_bar.py[line:272] - INFO: epoch 008:   1847 / 1878 loss=2.848, loss_v1=0, loss_v2=0, nll_loss=1.625, ntokens=320, nsentences=64, sample_size=320, sample_size_v1=0, sample_size_v2=0, ppl=3.09, wps=78.8, ups=0.25, wpb=320, bsz=64, num_updates=14970, lr=1.07908e-05, gnorm=10.243, clip=100, loss_scale=32, train_wall=40, gb_free=7.3, wall=85876
2023-04-09 13:34:44 - progress_bar.py[line:272] - INFO: epoch 008:   1857 / 1878 loss=2.857, loss_v1=0, loss_v2=0, nll_loss=1.636, ntokens=320, nsentences=64, sample_size=320, sample_size_v1=0, sample_size_v2=0, ppl=3.11, wps=78.1, ups=0.24, wpb=320, bsz=64, num_updates=14980, lr=1.07624e-05, gnorm=11.578, clip=100, loss_scale=32, train_wall=41, gb_free=7.3, wall=85917
2023-04-09 13:35:25 - progress_bar.py[line:272] - INFO: epoch 008:   1867 / 1878 loss=2.854, loss_v1=0, loss_v2=0, nll_loss=1.632, ntokens=320, nsentences=64, sample_size=320, sample_size_v1=0, sample_size_v2=0, ppl=3.1, wps=78.3, ups=0.24, wpb=320, bsz=64, num_updates=14990, lr=1.07341e-05, gnorm=10.613, clip=100, loss_scale=32, train_wall=41, gb_free=7.3, wall=85958
slice_id 1 seek offset 5379
2023-04-09 13:36:05 - progress_bar.py[line:272] - INFO: epoch 008:   1877 / 1878 loss=2.862, loss_v1=0, loss_v2=0, nll_loss=1.646, ntokens=320, nsentences=64, sample_size=320, sample_size_v1=0, sample_size_v2=0, ppl=3.13, wps=79.6, ups=0.25, wpb=320, bsz=64, num_updates=15000, lr=1.07058e-05, gnorm=11.501, clip=100, loss_scale=64, train_wall=40, gb_free=7.3, wall=85999
2023-04-09 13:36:05 - train.py[line:445] - INFO: begin validation on "valid" subset
slice_id 0 seek offset 0
slice_id 0 seek offset 0
slice_id 1 seek offset 5379
2023-04-09 13:47:17 - progress_bar.py[line:282] - INFO: epoch 008 | valid on 'valid' subset | loss 5.64 | loss_v1 0 | loss_v2 0 | nll_loss 4.72 | ntokens 39.993 | nsentences 7.999 | sample_size 39.993 | sample_size_v1 0 | sample_size_v2 0 | ppl 26.35 | score 0.3881 | wps 80.2 | wpb 40 | bsz 8 | num_updates 15000 | best_score 0.4586
2023-04-09 13:47:17 - checkpoint_utils.py[line:64] - INFO: Preparing to save checkpoint for epoch 8 @ 15000 updates
2023-04-09 13:47:17 - trainer.py[line:431] - INFO: Saving checkpoint to ./refcocoplus_EC_checkpoints_exp2/10_5e-5_512/checkpoint_8_15000.pt
2023-04-09 13:47:40 - trainer.py[line:441] - INFO: Finished saving checkpoint to ./refcocoplus_EC_checkpoints_exp2/10_5e-5_512/checkpoint_8_15000.pt
2023-04-09 13:47:48 - checkpoint_utils.py[line:133] - INFO: Saved checkpoint ./refcocoplus_EC_checkpoints_exp2/10_5e-5_512/checkpoint_8_15000.pt (epoch 8 @ 15000 updates, score 0.3881) (writing took 31.323536131531 seconds)
slice_id 1 seek offset 5379
2023-04-09 13:47:51 - train.py[line:445] - INFO: begin validation on "valid" subset
slice_id 0 seek offset 0
slice_id 0 seek offset 0
slice_id 1 seek offset 5379
2023-04-09 13:59:02 - progress_bar.py[line:282] - INFO: epoch 008 | valid on 'valid' subset | loss 5.647 | loss_v1 0 | loss_v2 0 | nll_loss 4.728 | ntokens 39.993 | nsentences 7.999 | sample_size 39.993 | sample_size_v1 0 | sample_size_v2 0 | ppl 26.5 | score 0.3871 | wps 80.2 | wpb 40 | bsz 8 | num_updates 15001 | best_score 0.4586
2023-04-09 13:59:02 - checkpoint_utils.py[line:64] - INFO: Preparing to save checkpoint for epoch 8 @ 15001 updates
2023-04-09 13:59:02 - trainer.py[line:431] - INFO: Saving checkpoint to ./refcocoplus_EC_checkpoints_exp2/10_5e-5_512/checkpoint_last.pt
local datafile ../../dataset/refcocoplus_data/refcocoplus_train_EC.tsv slice_id 1 begin to initialize row_count and line_idx-to-offset mapping
2023-04-09 13:59:18 - trainer.py[line:441] - INFO: Finished saving checkpoint to ./refcocoplus_EC_checkpoints_exp2/10_5e-5_512/checkpoint_last.pt
2023-04-09 13:59:18 - checkpoint_utils.py[line:133] - INFO: Saved checkpoint ./refcocoplus_EC_checkpoints_exp2/10_5e-5_512/checkpoint_last.pt (epoch 8 @ 15001 updates, score 0.3871) (writing took 15.578241720795631 seconds)
2023-04-09 13:59:18 - train.py[line:332] - INFO: end of epoch 8 (average epoch stats below)
2023-04-09 13:59:18 - progress_bar.py[line:282] - INFO: epoch 008 | loss 2.936 | loss_v1 0 | loss_v2 0 | nll_loss 1.729 | ntokens 319.997 | nsentences 63.999 | sample_size 319.997 | sample_size_v1 0 | sample_size_v2 0 | ppl 3.31 | wps 53.8 | ups 0.17 | wpb 320 | bsz 64 | num_updates 15001 | lr 1.0703e-05 | gnorm 10.697 | clip 100 | loss_scale 64 | train_wall 7604 | gb_free 7.3 | wall 87391
2023-04-09 13:59:18 - trainer.py[line:639] - INFO: loading train data for epoch 9
local datafile ../../dataset/refcocoplus_data/refcocoplus_train_EC.tsv slice_id 0 begin to initialize row_count and line_idx-to-offset mapping
local datafile ../../dataset/refcocoplus_data/refcocoplus_train_EC.tsv slice_id 1 finished initializing row_count and line_idx-to-offset mapping
file ../../dataset/refcocoplus_data/refcocoplus_train_EC.tsv slice_id 1 row count 60095 total row count 120191
slice_id 1 seek offset 60096
local datafile ../../dataset/refcocoplus_data/refcocoplus_train_EC.tsv slice_id 0 finished initializing row_count and line_idx-to-offset mapping
file ../../dataset/refcocoplus_data/refcocoplus_train_EC.tsv slice_id 0 row count 60096 total row count 120191
slice_id 0 seek offset 0
2023-04-09 13:59:29 - trainer.py[line:703] - INFO: begin training epoch 9
2023-04-09 13:59:29 - train.py[line:305] - INFO: Start iterating over samples
2023-04-09 14:00:06 - progress_bar.py[line:272] - INFO: epoch 009:      9 / 1878 loss=2.911, loss_v1=0, loss_v2=0, nll_loss=1.701, ntokens=320, nsentences=64, sample_size=320, sample_size_v1=0, sample_size_v2=0, ppl=3.25, wps=2.2, ups=0.01, wpb=320, bsz=64, num_updates=15010, lr=1.06775e-05, gnorm=13.948, clip=100, loss_scale=64, train_wall=39, gb_free=7.3, wall=87439
2023-04-09 14:00:46 - progress_bar.py[line:272] - INFO: epoch 009:     19 / 1878 loss=2.906, loss_v1=0, loss_v2=0, nll_loss=1.694, ntokens=320, nsentences=64, sample_size=320, sample_size_v1=0, sample_size_v2=0, ppl=3.24, wps=78.8, ups=0.25, wpb=320, bsz=64, num_updates=15020, lr=1.06491e-05, gnorm=10.939, clip=100, loss_scale=64, train_wall=40, gb_free=7.3, wall=87479
2023-04-09 14:01:27 - progress_bar.py[line:272] - INFO: epoch 009:     29 / 1878 loss=2.852, loss_v1=0, loss_v2=0, nll_loss=1.63, ntokens=320, nsentences=64, sample_size=320, sample_size_v1=0, sample_size_v2=0, ppl=3.1, wps=78.7, ups=0.25, wpb=320, bsz=64, num_updates=15030, lr=1.06208e-05, gnorm=9.665, clip=100, loss_scale=64, train_wall=40, gb_free=7.3, wall=87520
2023-04-09 14:02:07 - progress_bar.py[line:272] - INFO: epoch 009:     39 / 1878 loss=2.86, loss_v1=0, loss_v2=0, nll_loss=1.64, ntokens=320, nsentences=64, sample_size=320, sample_size_v1=0, sample_size_v2=0, ppl=3.12, wps=78.9, ups=0.25, wpb=320, bsz=64, num_updates=15040, lr=1.05925e-05, gnorm=9.925, clip=100, loss_scale=64, train_wall=40, gb_free=7.3, wall=87561
2023-04-09 14:02:48 - progress_bar.py[line:272] - INFO: epoch 009:     49 / 1878 loss=2.869, loss_v1=0, loss_v2=0, nll_loss=1.654, ntokens=320, nsentences=64, sample_size=320, sample_size_v1=0, sample_size_v2=0, ppl=3.15, wps=79, ups=0.25, wpb=320, bsz=64, num_updates=15050, lr=1.05642e-05, gnorm=10.44, clip=100, loss_scale=64, train_wall=40, gb_free=7.3, wall=87601
2023-04-09 14:03:28 - progress_bar.py[line:272] - INFO: epoch 009:     59 / 1878 loss=2.892, loss_v1=0, loss_v2=0, nll_loss=1.68, ntokens=320, nsentences=64, sample_size=320, sample_size_v1=0, sample_size_v2=0, ppl=3.2, wps=79, ups=0.25, wpb=320, bsz=64, num_updates=15060, lr=1.05359e-05, gnorm=11.411, clip=100, loss_scale=64, train_wall=40, gb_free=7.3, wall=87642
2023-04-09 14:04:09 - progress_bar.py[line:272] - INFO: epoch 009:     69 / 1878 loss=2.904, loss_v1=0, loss_v2=0, nll_loss=1.688, ntokens=320, nsentences=64, sample_size=320, sample_size_v1=0, sample_size_v2=0, ppl=3.22, wps=78.5, ups=0.25, wpb=320, bsz=64, num_updates=15070, lr=1.05075e-05, gnorm=11.574, clip=100, loss_scale=64, train_wall=41, gb_free=7.3, wall=87682
2023-04-09 14:04:50 - progress_bar.py[line:272] - INFO: epoch 009:     79 / 1878 loss=2.867, loss_v1=0, loss_v2=0, nll_loss=1.651, ntokens=320, nsentences=64, sample_size=320, sample_size_v1=0, sample_size_v2=0, ppl=3.14, wps=78.7, ups=0.25, wpb=320, bsz=64, num_updates=15080, lr=1.04792e-05, gnorm=10.79, clip=100, loss_scale=64, train_wall=40, gb_free=7.3, wall=87723
2023-04-09 14:05:31 - progress_bar.py[line:272] - INFO: epoch 009:     89 / 1878 loss=2.877, loss_v1=0, loss_v2=0, nll_loss=1.661, ntokens=320, nsentences=64, sample_size=320, sample_size_v1=0, sample_size_v2=0, ppl=3.16, wps=78.2, ups=0.24, wpb=320, bsz=64, num_updates=15090, lr=1.04509e-05, gnorm=11.36, clip=100, loss_scale=64, train_wall=41, gb_free=7.3, wall=87764
2023-04-09 14:06:12 - progress_bar.py[line:272] - INFO: epoch 009:     99 / 1878 loss=2.915, loss_v1=0, loss_v2=0, nll_loss=1.704, ntokens=320, nsentences=64, sample_size=320, sample_size_v1=0, sample_size_v2=0, ppl=3.26, wps=78.4, ups=0.25, wpb=320, bsz=64, num_updates=15100, lr=1.04226e-05, gnorm=12.255, clip=100, loss_scale=64, train_wall=41, gb_free=7.3, wall=87805
2023-04-09 14:06:52 - progress_bar.py[line:272] - INFO: epoch 009:    109 / 1878 loss=2.813, loss_v1=0, loss_v2=0, nll_loss=1.588, ntokens=320, nsentences=64, sample_size=320, sample_size_v1=0, sample_size_v2=0, ppl=3.01, wps=78.8, ups=0.25, wpb=320, bsz=64, num_updates=15110, lr=1.03942e-05, gnorm=9.618, clip=100, loss_scale=64, train_wall=40, gb_free=7.3, wall=87845
2023-04-09 14:07:33 - progress_bar.py[line:272] - INFO: epoch 009:    119 / 1878 loss=2.917, loss_v1=0, loss_v2=0, nll_loss=1.709, ntokens=320, nsentences=64, sample_size=320, sample_size_v1=0, sample_size_v2=0, ppl=3.27, wps=78.1, ups=0.24, wpb=320, bsz=64, num_updates=15120, lr=1.03659e-05, gnorm=12.209, clip=100, loss_scale=64, train_wall=41, gb_free=7.3, wall=87886
2023-04-09 14:08:14 - progress_bar.py[line:272] - INFO: epoch 009:    129 / 1878 loss=2.851, loss_v1=0, loss_v2=0, nll_loss=1.633, ntokens=320, nsentences=64, sample_size=320, sample_size_v1=0, sample_size_v2=0, ppl=3.1, wps=78.9, ups=0.25, wpb=320, bsz=64, num_updates=15130, lr=1.03376e-05, gnorm=10.441, clip=100, loss_scale=64, train_wall=40, gb_free=7.3, wall=87927
2023-04-09 14:08:55 - progress_bar.py[line:272] - INFO: epoch 009:    139 / 1878 loss=2.866, loss_v1=0, loss_v2=0, nll_loss=1.651, ntokens=320, nsentences=64, sample_size=320, sample_size_v1=0, sample_size_v2=0, ppl=3.14, wps=78.3, ups=0.24, wpb=320, bsz=64, num_updates=15140, lr=1.03093e-05, gnorm=10.393, clip=100, loss_scale=64, train_wall=41, gb_free=7.3, wall=87968
2023-04-09 14:09:07 - trainer.py[line:921] - INFO: NOTE: gradient overflow detected, ignoring gradient, setting loss scale to: 32.0
2023-04-09 14:09:40 - progress_bar.py[line:272] - INFO: epoch 009:    150 / 1878 loss=2.86, loss_v1=0, loss_v2=0, nll_loss=1.642, ntokens=320, nsentences=64, sample_size=320, sample_size_v1=0, sample_size_v2=0, ppl=3.12, wps=71.1, ups=0.22, wpb=320, bsz=64, num_updates=15150, lr=1.0281e-05, gnorm=10.874, clip=100, loss_scale=32, train_wall=45, gb_free=7.3, wall=88013
2023-04-09 14:10:21 - progress_bar.py[line:272] - INFO: epoch 009:    160 / 1878 loss=2.928, loss_v1=0, loss_v2=0, nll_loss=1.718, ntokens=320, nsentences=64, sample_size=320, sample_size_v1=0, sample_size_v2=0, ppl=3.29, wps=78.2, ups=0.24, wpb=320, bsz=64, num_updates=15160, lr=1.02526e-05, gnorm=10.271, clip=100, loss_scale=32, train_wall=41, gb_free=7.3, wall=88054
2023-04-09 14:11:01 - progress_bar.py[line:272] - INFO: epoch 009:    170 / 1878 loss=2.905, loss_v1=0, loss_v2=0, nll_loss=1.691, ntokens=320, nsentences=64, sample_size=320, sample_size_v1=0, sample_size_v2=0, ppl=3.23, wps=78.2, ups=0.24, wpb=320, bsz=64, num_updates=15170, lr=1.02243e-05, gnorm=13.53, clip=100, loss_scale=32, train_wall=41, gb_free=7.3, wall=88095
2023-04-09 14:11:42 - progress_bar.py[line:272] - INFO: epoch 009:    180 / 1878 loss=2.878, loss_v1=0, loss_v2=0, nll_loss=1.668, ntokens=320, nsentences=64, sample_size=320, sample_size_v1=0, sample_size_v2=0, ppl=3.18, wps=78.3, ups=0.24, wpb=320, bsz=64, num_updates=15180, lr=1.0196e-05, gnorm=11.003, clip=100, loss_scale=32, train_wall=41, gb_free=7.3, wall=88136
2023-04-09 14:12:23 - progress_bar.py[line:272] - INFO: epoch 009:    190 / 1878 loss=2.854, loss_v1=0, loss_v2=0, nll_loss=1.638, ntokens=320, nsentences=64, sample_size=320, sample_size_v1=0, sample_size_v2=0, ppl=3.11, wps=78.7, ups=0.25, wpb=320, bsz=64, num_updates=15190, lr=1.01677e-05, gnorm=10.472, clip=100, loss_scale=32, train_wall=40, gb_free=7.3, wall=88176
2023-04-09 14:13:04 - progress_bar.py[line:272] - INFO: epoch 009:    200 / 1878 loss=2.792, loss_v1=0, loss_v2=0, nll_loss=1.563, ntokens=320, nsentences=64, sample_size=320, sample_size_v1=0, sample_size_v2=0, ppl=2.95, wps=78.5, ups=0.25, wpb=320, bsz=64, num_updates=15200, lr=1.01393e-05, gnorm=10.49, clip=100, loss_scale=32, train_wall=40, gb_free=7.3, wall=88217
2023-04-09 14:13:44 - progress_bar.py[line:272] - INFO: epoch 009:    210 / 1878 loss=2.906, loss_v1=0, loss_v2=0, nll_loss=1.692, ntokens=320, nsentences=64, sample_size=320, sample_size_v1=0, sample_size_v2=0, ppl=3.23, wps=78.7, ups=0.25, wpb=320, bsz=64, num_updates=15210, lr=1.0111e-05, gnorm=11.71, clip=100, loss_scale=32, train_wall=40, gb_free=7.3, wall=88258
2023-04-09 14:14:25 - progress_bar.py[line:272] - INFO: epoch 009:    220 / 1878 loss=2.834, loss_v1=0, loss_v2=0, nll_loss=1.615, ntokens=320, nsentences=64, sample_size=320, sample_size_v1=0, sample_size_v2=0, ppl=3.06, wps=78.6, ups=0.25, wpb=320, bsz=64, num_updates=15220, lr=1.00827e-05, gnorm=10.52, clip=100, loss_scale=32, train_wall=40, gb_free=7.3, wall=88298
2023-04-09 14:15:06 - progress_bar.py[line:272] - INFO: epoch 009:    230 / 1878 loss=2.871, loss_v1=0, loss_v2=0, nll_loss=1.658, ntokens=320, nsentences=64, sample_size=320, sample_size_v1=0, sample_size_v2=0, ppl=3.16, wps=78.7, ups=0.25, wpb=320, bsz=64, num_updates=15230, lr=1.00544e-05, gnorm=10.176, clip=100, loss_scale=32, train_wall=40, gb_free=7.3, wall=88339
2023-04-09 14:15:46 - progress_bar.py[line:272] - INFO: epoch 009:    240 / 1878 loss=2.882, loss_v1=0, loss_v2=0, nll_loss=1.668, ntokens=320, nsentences=64, sample_size=320, sample_size_v1=0, sample_size_v2=0, ppl=3.18, wps=78.9, ups=0.25, wpb=320, bsz=64, num_updates=15240, lr=1.00261e-05, gnorm=10.537, clip=100, loss_scale=32, train_wall=40, gb_free=7.3, wall=88380
2023-04-09 14:16:27 - progress_bar.py[line:272] - INFO: epoch 009:    250 / 1878 loss=2.879, loss_v1=0, loss_v2=0, nll_loss=1.664, ntokens=320, nsentences=64, sample_size=320, sample_size_v1=0, sample_size_v2=0, ppl=3.17, wps=78.8, ups=0.25, wpb=320, bsz=64, num_updates=15250, lr=9.99773e-06, gnorm=11.348, clip=100, loss_scale=32, train_wall=40, gb_free=7.3, wall=88420
2023-04-09 14:17:08 - progress_bar.py[line:272] - INFO: epoch 009:    260 / 1878 loss=2.796, loss_v1=0, loss_v2=0, nll_loss=1.572, ntokens=320, nsentences=64, sample_size=320, sample_size_v1=0, sample_size_v2=0, ppl=2.97, wps=78.9, ups=0.25, wpb=320, bsz=64, num_updates=15260, lr=9.96941e-06, gnorm=11.185, clip=100, loss_scale=32, train_wall=40, gb_free=7.3, wall=88461
2023-04-09 14:17:48 - progress_bar.py[line:272] - INFO: epoch 009:    270 / 1878 loss=2.814, loss_v1=0, loss_v2=0, nll_loss=1.588, ntokens=320, nsentences=64, sample_size=320, sample_size_v1=0, sample_size_v2=0, ppl=3.01, wps=79.1, ups=0.25, wpb=320, bsz=64, num_updates=15270, lr=9.94109e-06, gnorm=10.245, clip=100, loss_scale=32, train_wall=40, gb_free=7.3, wall=88501
2023-04-09 14:18:29 - progress_bar.py[line:272] - INFO: epoch 009:    280 / 1878 loss=2.871, loss_v1=0, loss_v2=0, nll_loss=1.656, ntokens=320, nsentences=64, sample_size=320, sample_size_v1=0, sample_size_v2=0, ppl=3.15, wps=78.5, ups=0.25, wpb=320, bsz=64, num_updates=15280, lr=9.91277e-06, gnorm=12.076, clip=100, loss_scale=32, train_wall=41, gb_free=7.3, wall=88542
2023-04-09 14:19:09 - progress_bar.py[line:272] - INFO: epoch 009:    290 / 1878 loss=2.906, loss_v1=0, loss_v2=0, nll_loss=1.693, ntokens=320, nsentences=64, sample_size=320, sample_size_v1=0, sample_size_v2=0, ppl=3.23, wps=78.8, ups=0.25, wpb=320, bsz=64, num_updates=15290, lr=9.88445e-06, gnorm=11.502, clip=100, loss_scale=32, train_wall=40, gb_free=7.3, wall=88583
2023-04-09 14:19:50 - progress_bar.py[line:272] - INFO: epoch 009:    300 / 1878 loss=2.889, loss_v1=0, loss_v2=0, nll_loss=1.67, ntokens=320, nsentences=64, sample_size=320, sample_size_v1=0, sample_size_v2=0, ppl=3.18, wps=78.4, ups=0.25, wpb=320, bsz=64, num_updates=15300, lr=9.85612e-06, gnorm=12.96, clip=100, loss_scale=32, train_wall=41, gb_free=7.3, wall=88623
2023-04-09 14:20:31 - progress_bar.py[line:272] - INFO: epoch 009:    310 / 1878 loss=2.889, loss_v1=0, loss_v2=0, nll_loss=1.676, ntokens=320, nsentences=64, sample_size=320, sample_size_v1=0, sample_size_v2=0, ppl=3.19, wps=78.5, ups=0.25, wpb=320, bsz=64, num_updates=15310, lr=9.8278e-06, gnorm=15.283, clip=100, loss_scale=32, train_wall=41, gb_free=7.3, wall=88664
2023-04-09 14:21:12 - progress_bar.py[line:272] - INFO: epoch 009:    320 / 1878 loss=2.817, loss_v1=0, loss_v2=0, nll_loss=1.592, ntokens=320, nsentences=64, sample_size=320, sample_size_v1=0, sample_size_v2=0, ppl=3.01, wps=78.6, ups=0.25, wpb=320, bsz=64, num_updates=15320, lr=9.79948e-06, gnorm=10.251, clip=100, loss_scale=32, train_wall=40, gb_free=7.3, wall=88705
2023-04-09 14:21:52 - progress_bar.py[line:272] - INFO: epoch 009:    330 / 1878 loss=2.849, loss_v1=0, loss_v2=0, nll_loss=1.631, ntokens=320, nsentences=64, sample_size=320, sample_size_v1=0, sample_size_v2=0, ppl=3.1, wps=78.9, ups=0.25, wpb=320, bsz=64, num_updates=15330, lr=9.77116e-06, gnorm=10.829, clip=100, loss_scale=32, train_wall=40, gb_free=7.3, wall=88745
2023-04-09 14:22:33 - progress_bar.py[line:272] - INFO: epoch 009:    340 / 1878 loss=2.841, loss_v1=0, loss_v2=0, nll_loss=1.622, ntokens=320, nsentences=64, sample_size=320, sample_size_v1=0, sample_size_v2=0, ppl=3.08, wps=78.4, ups=0.25, wpb=320, bsz=64, num_updates=15340, lr=9.74283e-06, gnorm=10.961, clip=100, loss_scale=32, train_wall=40, gb_free=7.3, wall=88786
2023-04-09 14:23:14 - progress_bar.py[line:272] - INFO: epoch 009:    350 / 1878 loss=2.843, loss_v1=0, loss_v2=0, nll_loss=1.622, ntokens=320, nsentences=64, sample_size=320, sample_size_v1=0, sample_size_v2=0, ppl=3.08, wps=78.8, ups=0.25, wpb=320, bsz=64, num_updates=15350, lr=9.71451e-06, gnorm=11.095, clip=100, loss_scale=32, train_wall=40, gb_free=7.3, wall=88827
2023-04-09 14:23:54 - progress_bar.py[line:272] - INFO: epoch 009:    360 / 1878 loss=2.838, loss_v1=0, loss_v2=0, nll_loss=1.614, ntokens=320, nsentences=64, sample_size=320, sample_size_v1=0, sample_size_v2=0, ppl=3.06, wps=78.7, ups=0.25, wpb=320, bsz=64, num_updates=15360, lr=9.68619e-06, gnorm=10.287, clip=100, loss_scale=32, train_wall=40, gb_free=7.3, wall=88868
2023-04-09 14:24:35 - progress_bar.py[line:272] - INFO: epoch 009:    370 / 1878 loss=2.932, loss_v1=0, loss_v2=0, nll_loss=1.721, ntokens=320, nsentences=64, sample_size=320, sample_size_v1=0, sample_size_v2=0, ppl=3.3, wps=78.7, ups=0.25, wpb=320, bsz=64, num_updates=15370, lr=9.65787e-06, gnorm=11.333, clip=100, loss_scale=32, train_wall=40, gb_free=7.3, wall=88908
2023-04-09 14:25:16 - progress_bar.py[line:272] - INFO: epoch 009:    380 / 1878 loss=2.843, loss_v1=0, loss_v2=0, nll_loss=1.623, ntokens=320, nsentences=64, sample_size=320, sample_size_v1=0, sample_size_v2=0, ppl=3.08, wps=78, ups=0.24, wpb=320, bsz=64, num_updates=15380, lr=9.62955e-06, gnorm=12.364, clip=100, loss_scale=32, train_wall=41, gb_free=7.3, wall=88949
2023-04-09 14:25:57 - progress_bar.py[line:272] - INFO: epoch 009:    390 / 1878 loss=2.856, loss_v1=0, loss_v2=0, nll_loss=1.637, ntokens=320, nsentences=64, sample_size=320, sample_size_v1=0, sample_size_v2=0, ppl=3.11, wps=78.7, ups=0.25, wpb=320, bsz=64, num_updates=15390, lr=9.60122e-06, gnorm=10.875, clip=100, loss_scale=32, train_wall=40, gb_free=7.3, wall=88990
2023-04-09 14:26:37 - progress_bar.py[line:272] - INFO: epoch 009:    400 / 1878 loss=2.84, loss_v1=0, loss_v2=0, nll_loss=1.621, ntokens=320, nsentences=64, sample_size=320, sample_size_v1=0, sample_size_v2=0, ppl=3.08, wps=78.5, ups=0.25, wpb=320, bsz=64, num_updates=15400, lr=9.5729e-06, gnorm=10.251, clip=100, loss_scale=32, train_wall=40, gb_free=7.3, wall=89031
2023-04-09 14:27:18 - progress_bar.py[line:272] - INFO: epoch 009:    410 / 1878 loss=2.83, loss_v1=0, loss_v2=0, nll_loss=1.608, ntokens=320, nsentences=64, sample_size=320, sample_size_v1=0, sample_size_v2=0, ppl=3.05, wps=78.6, ups=0.25, wpb=320, bsz=64, num_updates=15410, lr=9.54458e-06, gnorm=10.582, clip=100, loss_scale=32, train_wall=40, gb_free=7.3, wall=89071
2023-04-09 14:27:59 - progress_bar.py[line:272] - INFO: epoch 009:    420 / 1878 loss=2.867, loss_v1=0, loss_v2=0, nll_loss=1.65, ntokens=320, nsentences=64, sample_size=320, sample_size_v1=0, sample_size_v2=0, ppl=3.14, wps=78.6, ups=0.25, wpb=320, bsz=64, num_updates=15420, lr=9.51626e-06, gnorm=11.688, clip=100, loss_scale=32, train_wall=41, gb_free=7.3, wall=89112
2023-04-09 14:28:39 - progress_bar.py[line:272] - INFO: epoch 009:    430 / 1878 loss=2.85, loss_v1=0, loss_v2=0, nll_loss=1.629, ntokens=320, nsentences=64, sample_size=320, sample_size_v1=0, sample_size_v2=0, ppl=3.09, wps=79.1, ups=0.25, wpb=320, bsz=64, num_updates=15430, lr=9.48793e-06, gnorm=11.252, clip=100, loss_scale=32, train_wall=40, gb_free=7.3, wall=89153
2023-04-09 14:29:20 - progress_bar.py[line:272] - INFO: epoch 009:    440 / 1878 loss=2.851, loss_v1=0, loss_v2=0, nll_loss=1.631, ntokens=320, nsentences=64, sample_size=320, sample_size_v1=0, sample_size_v2=0, ppl=3.1, wps=78.8, ups=0.25, wpb=320, bsz=64, num_updates=15440, lr=9.45961e-06, gnorm=10.297, clip=100, loss_scale=32, train_wall=40, gb_free=7.3, wall=89193
2023-04-09 14:30:01 - progress_bar.py[line:272] - INFO: epoch 009:    450 / 1878 loss=2.879, loss_v1=0, loss_v2=0, nll_loss=1.665, ntokens=320, nsentences=64, sample_size=320, sample_size_v1=0, sample_size_v2=0, ppl=3.17, wps=78.9, ups=0.25, wpb=320, bsz=64, num_updates=15450, lr=9.43129e-06, gnorm=10.205, clip=100, loss_scale=32, train_wall=40, gb_free=7.3, wall=89234
2023-04-09 14:30:41 - progress_bar.py[line:272] - INFO: epoch 009:    460 / 1878 loss=2.818, loss_v1=0, loss_v2=0, nll_loss=1.597, ntokens=320, nsentences=64, sample_size=320, sample_size_v1=0, sample_size_v2=0, ppl=3.02, wps=78.6, ups=0.25, wpb=320, bsz=64, num_updates=15460, lr=9.40297e-06, gnorm=12.56, clip=100, loss_scale=32, train_wall=40, gb_free=7.3, wall=89274
2023-04-09 14:31:22 - progress_bar.py[line:272] - INFO: epoch 009:    470 / 1878 loss=2.864, loss_v1=0, loss_v2=0, nll_loss=1.647, ntokens=320, nsentences=64, sample_size=320, sample_size_v1=0, sample_size_v2=0, ppl=3.13, wps=78.2, ups=0.24, wpb=320, bsz=64, num_updates=15470, lr=9.37465e-06, gnorm=10.822, clip=100, loss_scale=32, train_wall=41, gb_free=7.3, wall=89315
2023-04-09 14:32:03 - progress_bar.py[line:272] - INFO: epoch 009:    480 / 1878 loss=2.825, loss_v1=0, loss_v2=0, nll_loss=1.603, ntokens=320, nsentences=64, sample_size=320, sample_size_v1=0, sample_size_v2=0, ppl=3.04, wps=78.5, ups=0.25, wpb=320, bsz=64, num_updates=15480, lr=9.34632e-06, gnorm=11.021, clip=100, loss_scale=32, train_wall=41, gb_free=7.3, wall=89356
2023-04-09 14:32:44 - progress_bar.py[line:272] - INFO: epoch 009:    490 / 1878 loss=2.838, loss_v1=0, loss_v2=0, nll_loss=1.622, ntokens=320, nsentences=64, sample_size=320, sample_size_v1=0, sample_size_v2=0, ppl=3.08, wps=78.5, ups=0.25, wpb=320, bsz=64, num_updates=15490, lr=9.318e-06, gnorm=10.206, clip=100, loss_scale=32, train_wall=41, gb_free=7.3, wall=89397
2023-04-09 14:33:25 - progress_bar.py[line:272] - INFO: epoch 009:    500 / 1878 loss=2.827, loss_v1=0, loss_v2=0, nll_loss=1.604, ntokens=320, nsentences=64, sample_size=320, sample_size_v1=0, sample_size_v2=0, ppl=3.04, wps=78.2, ups=0.24, wpb=320, bsz=64, num_updates=15500, lr=9.28968e-06, gnorm=12.135, clip=100, loss_scale=32, train_wall=41, gb_free=7.3, wall=89438
2023-04-09 14:33:25 - train.py[line:445] - INFO: begin validation on "valid" subset
slice_id 0 seek offset 0
slice_id 1 seek offset 5379
slice_id 0 seek offset 0
slice_id 1 seek offset 5379
2023-04-09 14:44:38 - progress_bar.py[line:282] - INFO: epoch 009 | valid on 'valid' subset | loss 5.678 | loss_v1 0 | loss_v2 0 | nll_loss 4.758 | ntokens 39.993 | nsentences 7.999 | sample_size 39.993 | sample_size_v1 0 | sample_size_v2 0 | ppl 27.06 | score 0.3828 | wps 79.9 | wpb 40 | bsz 8 | num_updates 15500 | best_score 0.4586
2023-04-09 14:44:38 - checkpoint_utils.py[line:64] - INFO: Preparing to save checkpoint for epoch 9 @ 15500 updates
2023-04-09 14:44:38 - trainer.py[line:431] - INFO: Saving checkpoint to ./refcocoplus_EC_checkpoints_exp2/10_5e-5_512/checkpoint_9_15500.pt
2023-04-09 14:44:57 - trainer.py[line:441] - INFO: Finished saving checkpoint to ./refcocoplus_EC_checkpoints_exp2/10_5e-5_512/checkpoint_9_15500.pt
2023-04-09 14:45:06 - checkpoint_utils.py[line:133] - INFO: Saved checkpoint ./refcocoplus_EC_checkpoints_exp2/10_5e-5_512/checkpoint_9_15500.pt (epoch 9 @ 15500 updates, score 0.3828) (writing took 27.659527119249105 seconds)
2023-04-09 14:45:09 - trainer.py[line:921] - INFO: NOTE: gradient overflow detected, ignoring gradient, setting loss scale to: 16.0
2023-04-09 14:45:09 - train.py[line:445] - INFO: begin validation on "valid" subset
slice_id 0 seek offset 0
slice_id 1 seek offset 5379
slice_id 0 seek offset 0
slice_id 1 seek offset 5379
2023-04-09 14:56:22 - progress_bar.py[line:282] - INFO: epoch 009 | valid on 'valid' subset | loss 5.683 | loss_v1 0 | loss_v2 0 | nll_loss 4.763 | ntokens 39.993 | nsentences 7.999 | sample_size 39.993 | sample_size_v1 0 | sample_size_v2 0 | ppl 27.15 | score 0.3789 | wps 80 | wpb 40 | bsz 8 | num_updates 15500 | best_score 0.4586
2023-04-09 14:56:22 - checkpoint_utils.py[line:64] - INFO: Preparing to save checkpoint for epoch 9 @ 15500 updates
2023-04-09 14:56:22 - trainer.py[line:431] - INFO: Saving checkpoint to ./refcocoplus_EC_checkpoints_exp2/10_5e-5_512/checkpoint_9_15500.pt
2023-04-09 14:56:41 - trainer.py[line:441] - INFO: Finished saving checkpoint to ./refcocoplus_EC_checkpoints_exp2/10_5e-5_512/checkpoint_9_15500.pt
2023-04-09 14:56:52 - checkpoint_utils.py[line:133] - INFO: Saved checkpoint ./refcocoplus_EC_checkpoints_exp2/10_5e-5_512/checkpoint_9_15500.pt (epoch 9 @ 15500 updates, score 0.3789) (writing took 29.85928546078503 seconds)
2023-04-09 14:57:31 - progress_bar.py[line:272] - INFO: epoch 009:    511 / 1878 loss=2.844, loss_v1=0, loss_v2=0, nll_loss=1.617, ntokens=320, nsentences=64, sample_size=320, sample_size_v1=0, sample_size_v2=0, ppl=3.07, wps=2.2, ups=0.01, wpb=320, bsz=64, num_updates=15510, lr=9.26136e-06, gnorm=10.815, clip=100, loss_scale=16, train_wall=43, gb_free=7.3, wall=90885
2023-04-09 14:58:12 - progress_bar.py[line:272] - INFO: epoch 009:    521 / 1878 loss=2.866, loss_v1=0, loss_v2=0, nll_loss=1.649, ntokens=320, nsentences=64, sample_size=320, sample_size_v1=0, sample_size_v2=0, ppl=3.14, wps=78.7, ups=0.25, wpb=320, bsz=64, num_updates=15520, lr=9.23304e-06, gnorm=10.781, clip=100, loss_scale=16, train_wall=40, gb_free=7.3, wall=90925
2023-04-09 14:58:53 - progress_bar.py[line:272] - INFO: epoch 009:    531 / 1878 loss=2.91, loss_v1=0, loss_v2=0, nll_loss=1.695, ntokens=320, nsentences=64, sample_size=320, sample_size_v1=0, sample_size_v2=0, ppl=3.24, wps=78.3, ups=0.24, wpb=320, bsz=64, num_updates=15530, lr=9.20471e-06, gnorm=13.358, clip=100, loss_scale=16, train_wall=41, gb_free=7.3, wall=90966
2023-04-09 14:59:34 - progress_bar.py[line:272] - INFO: epoch 009:    541 / 1878 loss=2.842, loss_v1=0, loss_v2=0, nll_loss=1.619, ntokens=320, nsentences=64, sample_size=320, sample_size_v1=0, sample_size_v2=0, ppl=3.07, wps=78.6, ups=0.25, wpb=320, bsz=64, num_updates=15540, lr=9.17639e-06, gnorm=11.559, clip=100, loss_scale=16, train_wall=40, gb_free=7.3, wall=91007
2023-04-09 15:00:14 - progress_bar.py[line:272] - INFO: epoch 009:    551 / 1878 loss=2.872, loss_v1=0, loss_v2=0, nll_loss=1.654, ntokens=320, nsentences=64, sample_size=320, sample_size_v1=0, sample_size_v2=0, ppl=3.15, wps=78.3, ups=0.24, wpb=320, bsz=64, num_updates=15550, lr=9.14807e-06, gnorm=10.029, clip=100, loss_scale=16, train_wall=41, gb_free=7.3, wall=91048
2023-04-09 15:00:55 - progress_bar.py[line:272] - INFO: epoch 009:    561 / 1878 loss=2.857, loss_v1=0, loss_v2=0, nll_loss=1.641, ntokens=320, nsentences=64, sample_size=320, sample_size_v1=0, sample_size_v2=0, ppl=3.12, wps=78.1, ups=0.24, wpb=320, bsz=64, num_updates=15560, lr=9.11975e-06, gnorm=11.348, clip=100, loss_scale=16, train_wall=41, gb_free=7.3, wall=91089
2023-04-09 15:01:36 - progress_bar.py[line:272] - INFO: epoch 009:    571 / 1878 loss=2.865, loss_v1=0, loss_v2=0, nll_loss=1.65, ntokens=320, nsentences=64, sample_size=320, sample_size_v1=0, sample_size_v2=0, ppl=3.14, wps=78.5, ups=0.25, wpb=320, bsz=64, num_updates=15570, lr=9.09142e-06, gnorm=10.938, clip=100, loss_scale=16, train_wall=40, gb_free=7.3, wall=91129
2023-04-09 15:02:17 - progress_bar.py[line:272] - INFO: epoch 009:    581 / 1878 loss=2.895, loss_v1=0, loss_v2=0, nll_loss=1.684, ntokens=320, nsentences=64, sample_size=320, sample_size_v1=0, sample_size_v2=0, ppl=3.21, wps=78.8, ups=0.25, wpb=320, bsz=64, num_updates=15580, lr=9.0631e-06, gnorm=11.368, clip=100, loss_scale=16, train_wall=40, gb_free=7.3, wall=91170
2023-04-09 15:02:58 - progress_bar.py[line:272] - INFO: epoch 009:    591 / 1878 loss=2.855, loss_v1=0, loss_v2=0, nll_loss=1.636, ntokens=320, nsentences=64, sample_size=320, sample_size_v1=0, sample_size_v2=0, ppl=3.11, wps=78.3, ups=0.24, wpb=320, bsz=64, num_updates=15590, lr=9.03478e-06, gnorm=11.435, clip=100, loss_scale=16, train_wall=41, gb_free=7.3, wall=91211
2023-04-09 15:03:38 - progress_bar.py[line:272] - INFO: epoch 009:    601 / 1878 loss=2.909, loss_v1=0, loss_v2=0, nll_loss=1.699, ntokens=320, nsentences=64, sample_size=320, sample_size_v1=0, sample_size_v2=0, ppl=3.25, wps=79, ups=0.25, wpb=320, bsz=64, num_updates=15600, lr=9.00646e-06, gnorm=12.761, clip=100, loss_scale=16, train_wall=40, gb_free=7.3, wall=91251
2023-04-09 15:04:19 - progress_bar.py[line:272] - INFO: epoch 009:    611 / 1878 loss=2.797, loss_v1=0, loss_v2=0, nll_loss=1.572, ntokens=320, nsentences=64, sample_size=320, sample_size_v1=0, sample_size_v2=0, ppl=2.97, wps=78.4, ups=0.25, wpb=320, bsz=64, num_updates=15610, lr=8.97814e-06, gnorm=10.409, clip=100, loss_scale=16, train_wall=41, gb_free=7.3, wall=91292
2023-04-09 15:05:00 - progress_bar.py[line:272] - INFO: epoch 009:    621 / 1878 loss=2.835, loss_v1=0, loss_v2=0, nll_loss=1.615, ntokens=320, nsentences=64, sample_size=320, sample_size_v1=0, sample_size_v2=0, ppl=3.06, wps=77.9, ups=0.24, wpb=320, bsz=64, num_updates=15620, lr=8.94981e-06, gnorm=10.278, clip=100, loss_scale=16, train_wall=41, gb_free=7.3, wall=91333
2023-04-09 15:05:41 - progress_bar.py[line:272] - INFO: epoch 009:    631 / 1878 loss=2.866, loss_v1=0, loss_v2=0, nll_loss=1.648, ntokens=320, nsentences=64, sample_size=320, sample_size_v1=0, sample_size_v2=0, ppl=3.13, wps=78.1, ups=0.24, wpb=320, bsz=64, num_updates=15630, lr=8.92149e-06, gnorm=10.344, clip=100, loss_scale=16, train_wall=41, gb_free=7.3, wall=91374
2023-04-09 15:06:22 - progress_bar.py[line:272] - INFO: epoch 009:    641 / 1878 loss=2.868, loss_v1=0, loss_v2=0, nll_loss=1.65, ntokens=320, nsentences=64, sample_size=320, sample_size_v1=0, sample_size_v2=0, ppl=3.14, wps=78.3, ups=0.24, wpb=320, bsz=64, num_updates=15640, lr=8.89317e-06, gnorm=11.189, clip=100, loss_scale=16, train_wall=41, gb_free=7.3, wall=91415
2023-04-09 15:07:03 - progress_bar.py[line:272] - INFO: epoch 009:    651 / 1878 loss=2.831, loss_v1=0, loss_v2=0, nll_loss=1.612, ntokens=320, nsentences=64, sample_size=320, sample_size_v1=0, sample_size_v2=0, ppl=3.06, wps=78.7, ups=0.25, wpb=320, bsz=64, num_updates=15650, lr=8.86485e-06, gnorm=11.622, clip=100, loss_scale=16, train_wall=40, gb_free=7.3, wall=91456
2023-04-09 15:07:43 - progress_bar.py[line:272] - INFO: epoch 009:    661 / 1878 loss=2.917, loss_v1=0, loss_v2=0, nll_loss=1.707, ntokens=320, nsentences=64, sample_size=320, sample_size_v1=0, sample_size_v2=0, ppl=3.26, wps=78.9, ups=0.25, wpb=320, bsz=64, num_updates=15660, lr=8.83652e-06, gnorm=11.681, clip=100, loss_scale=16, train_wall=40, gb_free=7.3, wall=91496
2023-04-09 15:08:24 - progress_bar.py[line:272] - INFO: epoch 009:    671 / 1878 loss=2.856, loss_v1=0, loss_v2=0, nll_loss=1.639, ntokens=320, nsentences=64, sample_size=320, sample_size_v1=0, sample_size_v2=0, ppl=3.12, wps=78.8, ups=0.25, wpb=320, bsz=64, num_updates=15670, lr=8.8082e-06, gnorm=10.751, clip=100, loss_scale=16, train_wall=40, gb_free=7.3, wall=91537
2023-04-09 15:09:05 - progress_bar.py[line:272] - INFO: epoch 009:    681 / 1878 loss=2.898, loss_v1=0, loss_v2=0, nll_loss=1.686, ntokens=320, nsentences=64, sample_size=320, sample_size_v1=0, sample_size_v2=0, ppl=3.22, wps=78.4, ups=0.25, wpb=320, bsz=64, num_updates=15680, lr=8.77988e-06, gnorm=12.715, clip=100, loss_scale=16, train_wall=41, gb_free=7.3, wall=91578
2023-04-09 15:09:45 - progress_bar.py[line:272] - INFO: epoch 009:    691 / 1878 loss=2.881, loss_v1=0, loss_v2=0, nll_loss=1.664, ntokens=320, nsentences=64, sample_size=320, sample_size_v1=0, sample_size_v2=0, ppl=3.17, wps=78.8, ups=0.25, wpb=320, bsz=64, num_updates=15690, lr=8.75156e-06, gnorm=11.953, clip=100, loss_scale=16, train_wall=40, gb_free=7.3, wall=91618
2023-04-09 15:10:26 - progress_bar.py[line:272] - INFO: epoch 009:    701 / 1878 loss=2.859, loss_v1=0, loss_v2=0, nll_loss=1.641, ntokens=320, nsentences=64, sample_size=320, sample_size_v1=0, sample_size_v2=0, ppl=3.12, wps=78.5, ups=0.25, wpb=320, bsz=64, num_updates=15700, lr=8.72324e-06, gnorm=11.009, clip=100, loss_scale=16, train_wall=41, gb_free=7.3, wall=91659
2023-04-09 15:11:07 - progress_bar.py[line:272] - INFO: epoch 009:    711 / 1878 loss=2.85, loss_v1=0, loss_v2=0, nll_loss=1.63, ntokens=320, nsentences=64, sample_size=320, sample_size_v1=0, sample_size_v2=0, ppl=3.09, wps=78.5, ups=0.25, wpb=320, bsz=64, num_updates=15710, lr=8.69491e-06, gnorm=11.856, clip=100, loss_scale=16, train_wall=41, gb_free=7.3, wall=91700
2023-04-09 15:11:48 - progress_bar.py[line:272] - INFO: epoch 009:    721 / 1878 loss=2.852, loss_v1=0, loss_v2=0, nll_loss=1.633, ntokens=320, nsentences=64, sample_size=320, sample_size_v1=0, sample_size_v2=0, ppl=3.1, wps=78.2, ups=0.24, wpb=320, bsz=64, num_updates=15720, lr=8.66659e-06, gnorm=12.526, clip=100, loss_scale=16, train_wall=41, gb_free=7.3, wall=91741
2023-04-09 15:12:28 - progress_bar.py[line:272] - INFO: epoch 009:    731 / 1878 loss=2.828, loss_v1=0, loss_v2=0, nll_loss=1.605, ntokens=320, nsentences=64, sample_size=320, sample_size_v1=0, sample_size_v2=0, ppl=3.04, wps=78.9, ups=0.25, wpb=320, bsz=64, num_updates=15730, lr=8.63827e-06, gnorm=11.189, clip=100, loss_scale=16, train_wall=40, gb_free=7.3, wall=91781
2023-04-09 15:13:09 - progress_bar.py[line:272] - INFO: epoch 009:    741 / 1878 loss=2.82, loss_v1=0, loss_v2=0, nll_loss=1.594, ntokens=320, nsentences=64, sample_size=320, sample_size_v1=0, sample_size_v2=0, ppl=3.02, wps=78.5, ups=0.25, wpb=320, bsz=64, num_updates=15740, lr=8.60995e-06, gnorm=10.632, clip=100, loss_scale=16, train_wall=41, gb_free=7.3, wall=91822
2023-04-09 15:13:50 - progress_bar.py[line:272] - INFO: epoch 009:    751 / 1878 loss=2.822, loss_v1=0, loss_v2=0, nll_loss=1.599, ntokens=320, nsentences=64, sample_size=320, sample_size_v1=0, sample_size_v2=0, ppl=3.03, wps=78.6, ups=0.25, wpb=320, bsz=64, num_updates=15750, lr=8.58162e-06, gnorm=10.865, clip=100, loss_scale=16, train_wall=40, gb_free=7.3, wall=91863
2023-04-09 15:14:30 - progress_bar.py[line:272] - INFO: epoch 009:    761 / 1878 loss=2.781, loss_v1=0, loss_v2=0, nll_loss=1.555, ntokens=320, nsentences=64, sample_size=320, sample_size_v1=0, sample_size_v2=0, ppl=2.94, wps=78.7, ups=0.25, wpb=320, bsz=64, num_updates=15760, lr=8.5533e-06, gnorm=11.105, clip=100, loss_scale=16, train_wall=40, gb_free=7.3, wall=91903
2023-04-09 15:15:11 - progress_bar.py[line:272] - INFO: epoch 009:    771 / 1878 loss=2.824, loss_v1=0, loss_v2=0, nll_loss=1.607, ntokens=320, nsentences=64, sample_size=320, sample_size_v1=0, sample_size_v2=0, ppl=3.05, wps=78.1, ups=0.24, wpb=320, bsz=64, num_updates=15770, lr=8.52498e-06, gnorm=10.535, clip=100, loss_scale=16, train_wall=41, gb_free=7.3, wall=91944
2023-04-09 15:15:52 - progress_bar.py[line:272] - INFO: epoch 009:    781 / 1878 loss=2.784, loss_v1=0, loss_v2=0, nll_loss=1.561, ntokens=320, nsentences=64, sample_size=320, sample_size_v1=0, sample_size_v2=0, ppl=2.95, wps=78.4, ups=0.24, wpb=320, bsz=64, num_updates=15780, lr=8.49666e-06, gnorm=10.138, clip=100, loss_scale=16, train_wall=41, gb_free=7.3, wall=91985
2023-04-09 15:16:33 - progress_bar.py[line:272] - INFO: epoch 009:    791 / 1878 loss=2.838, loss_v1=0, loss_v2=0, nll_loss=1.619, ntokens=320, nsentences=64, sample_size=320, sample_size_v1=0, sample_size_v2=0, ppl=3.07, wps=78, ups=0.24, wpb=320, bsz=64, num_updates=15790, lr=8.46834e-06, gnorm=10.831, clip=100, loss_scale=16, train_wall=41, gb_free=7.3, wall=92026
2023-04-09 15:17:14 - progress_bar.py[line:272] - INFO: epoch 009:    801 / 1878 loss=2.815, loss_v1=0, loss_v2=0, nll_loss=1.588, ntokens=320, nsentences=64, sample_size=320, sample_size_v1=0, sample_size_v2=0, ppl=3.01, wps=77.8, ups=0.24, wpb=320, bsz=64, num_updates=15800, lr=8.44001e-06, gnorm=10.456, clip=100, loss_scale=16, train_wall=41, gb_free=7.3, wall=92067
2023-04-09 15:17:55 - progress_bar.py[line:272] - INFO: epoch 009:    811 / 1878 loss=2.781, loss_v1=0, loss_v2=0, nll_loss=1.552, ntokens=320, nsentences=64, sample_size=320, sample_size_v1=0, sample_size_v2=0, ppl=2.93, wps=78.3, ups=0.24, wpb=320, bsz=64, num_updates=15810, lr=8.41169e-06, gnorm=10.249, clip=100, loss_scale=16, train_wall=41, gb_free=7.3, wall=92108
2023-04-09 15:18:36 - progress_bar.py[line:272] - INFO: epoch 009:    821 / 1878 loss=2.818, loss_v1=0, loss_v2=0, nll_loss=1.59, ntokens=320, nsentences=64, sample_size=320, sample_size_v1=0, sample_size_v2=0, ppl=3.01, wps=78.6, ups=0.25, wpb=320, bsz=64, num_updates=15820, lr=8.38337e-06, gnorm=10.664, clip=100, loss_scale=16, train_wall=40, gb_free=7.3, wall=92149
2023-04-09 15:19:17 - progress_bar.py[line:272] - INFO: epoch 009:    831 / 1878 loss=2.853, loss_v1=0, loss_v2=0, nll_loss=1.632, ntokens=320, nsentences=64, sample_size=320, sample_size_v1=0, sample_size_v2=0, ppl=3.1, wps=78.5, ups=0.25, wpb=320, bsz=64, num_updates=15830, lr=8.35505e-06, gnorm=11.829, clip=100, loss_scale=16, train_wall=41, gb_free=7.3, wall=92190
2023-04-09 15:19:57 - progress_bar.py[line:272] - INFO: epoch 009:    841 / 1878 loss=2.822, loss_v1=0, loss_v2=0, nll_loss=1.597, ntokens=320, nsentences=64, sample_size=320, sample_size_v1=0, sample_size_v2=0, ppl=3.03, wps=78.5, ups=0.25, wpb=320, bsz=64, num_updates=15840, lr=8.32672e-06, gnorm=10.377, clip=100, loss_scale=16, train_wall=40, gb_free=7.3, wall=92231
2023-04-09 15:20:38 - progress_bar.py[line:272] - INFO: epoch 009:    851 / 1878 loss=2.811, loss_v1=0, loss_v2=0, nll_loss=1.588, ntokens=320, nsentences=64, sample_size=320, sample_size_v1=0, sample_size_v2=0, ppl=3.01, wps=78, ups=0.24, wpb=320, bsz=64, num_updates=15850, lr=8.2984e-06, gnorm=10.532, clip=100, loss_scale=16, train_wall=41, gb_free=7.3, wall=92272
2023-04-09 15:21:19 - progress_bar.py[line:272] - INFO: epoch 009:    861 / 1878 loss=2.804, loss_v1=0, loss_v2=0, nll_loss=1.579, ntokens=320, nsentences=64, sample_size=320, sample_size_v1=0, sample_size_v2=0, ppl=2.99, wps=78.6, ups=0.25, wpb=320, bsz=64, num_updates=15860, lr=8.27008e-06, gnorm=10.657, clip=100, loss_scale=16, train_wall=41, gb_free=7.3, wall=92312
2023-04-09 15:22:00 - progress_bar.py[line:272] - INFO: epoch 009:    871 / 1878 loss=2.841, loss_v1=0, loss_v2=0, nll_loss=1.62, ntokens=320, nsentences=64, sample_size=320, sample_size_v1=0, sample_size_v2=0, ppl=3.07, wps=78.8, ups=0.25, wpb=320, bsz=64, num_updates=15870, lr=8.24176e-06, gnorm=11.019, clip=100, loss_scale=16, train_wall=40, gb_free=7.3, wall=92353
2023-04-09 15:22:40 - progress_bar.py[line:272] - INFO: epoch 009:    881 / 1878 loss=2.823, loss_v1=0, loss_v2=0, nll_loss=1.602, ntokens=320, nsentences=64, sample_size=320, sample_size_v1=0, sample_size_v2=0, ppl=3.04, wps=78.8, ups=0.25, wpb=320, bsz=64, num_updates=15880, lr=8.21344e-06, gnorm=10.301, clip=100, loss_scale=16, train_wall=40, gb_free=7.3, wall=92394
2023-04-09 15:23:22 - progress_bar.py[line:272] - INFO: epoch 009:    891 / 1878 loss=2.771, loss_v1=0, loss_v2=0, nll_loss=1.541, ntokens=320, nsentences=64, sample_size=320, sample_size_v1=0, sample_size_v2=0, ppl=2.91, wps=77.8, ups=0.24, wpb=320, bsz=64, num_updates=15890, lr=8.18511e-06, gnorm=9.852, clip=100, loss_scale=16, train_wall=41, gb_free=7.3, wall=92435
2023-04-09 15:24:03 - progress_bar.py[line:272] - INFO: epoch 009:    901 / 1878 loss=2.789, loss_v1=0, loss_v2=0, nll_loss=1.562, ntokens=320, nsentences=64, sample_size=320, sample_size_v1=0, sample_size_v2=0, ppl=2.95, wps=78, ups=0.24, wpb=320, bsz=64, num_updates=15900, lr=8.15679e-06, gnorm=9.43, clip=100, loss_scale=16, train_wall=41, gb_free=7.3, wall=92476
2023-04-09 15:24:44 - progress_bar.py[line:272] - INFO: epoch 009:    911 / 1878 loss=2.839, loss_v1=0, loss_v2=0, nll_loss=1.617, ntokens=320, nsentences=64, sample_size=320, sample_size_v1=0, sample_size_v2=0, ppl=3.07, wps=78.1, ups=0.24, wpb=320, bsz=64, num_updates=15910, lr=8.12847e-06, gnorm=10.385, clip=100, loss_scale=16, train_wall=41, gb_free=7.3, wall=92517
2023-04-09 15:25:24 - progress_bar.py[line:272] - INFO: epoch 009:    921 / 1878 loss=2.78, loss_v1=0, loss_v2=0, nll_loss=1.551, ntokens=320, nsentences=64, sample_size=320, sample_size_v1=0, sample_size_v2=0, ppl=2.93, wps=78.8, ups=0.25, wpb=320, bsz=64, num_updates=15920, lr=8.10015e-06, gnorm=10.542, clip=100, loss_scale=16, train_wall=40, gb_free=7.3, wall=92557
2023-04-09 15:26:05 - progress_bar.py[line:272] - INFO: epoch 009:    931 / 1878 loss=2.802, loss_v1=0, loss_v2=0, nll_loss=1.576, ntokens=320, nsentences=64, sample_size=320, sample_size_v1=0, sample_size_v2=0, ppl=2.98, wps=78.2, ups=0.24, wpb=320, bsz=64, num_updates=15930, lr=8.07183e-06, gnorm=10.321, clip=100, loss_scale=16, train_wall=41, gb_free=7.3, wall=92598
2023-04-09 15:26:46 - progress_bar.py[line:272] - INFO: epoch 009:    941 / 1878 loss=2.772, loss_v1=0, loss_v2=0, nll_loss=1.545, ntokens=320, nsentences=64, sample_size=320, sample_size_v1=0, sample_size_v2=0, ppl=2.92, wps=78.5, ups=0.25, wpb=320, bsz=64, num_updates=15940, lr=8.0435e-06, gnorm=9.464, clip=100, loss_scale=16, train_wall=41, gb_free=7.3, wall=92639
2023-04-09 15:27:27 - progress_bar.py[line:272] - INFO: epoch 009:    951 / 1878 loss=2.763, loss_v1=0, loss_v2=0, nll_loss=1.533, ntokens=320, nsentences=64, sample_size=320, sample_size_v1=0, sample_size_v2=0, ppl=2.89, wps=78.5, ups=0.25, wpb=320, bsz=64, num_updates=15950, lr=8.01518e-06, gnorm=9.611, clip=100, loss_scale=16, train_wall=40, gb_free=7.3, wall=92680
2023-04-09 15:28:07 - progress_bar.py[line:272] - INFO: epoch 009:    961 / 1878 loss=2.784, loss_v1=0, loss_v2=0, nll_loss=1.559, ntokens=320, nsentences=64, sample_size=320, sample_size_v1=0, sample_size_v2=0, ppl=2.95, wps=78.6, ups=0.25, wpb=320, bsz=64, num_updates=15960, lr=7.98686e-06, gnorm=11.137, clip=100, loss_scale=16, train_wall=40, gb_free=7.3, wall=92720
2023-04-09 15:28:48 - progress_bar.py[line:272] - INFO: epoch 009:    971 / 1878 loss=2.784, loss_v1=0, loss_v2=0, nll_loss=1.556, ntokens=320, nsentences=64, sample_size=320, sample_size_v1=0, sample_size_v2=0, ppl=2.94, wps=78.5, ups=0.25, wpb=320, bsz=64, num_updates=15970, lr=7.95854e-06, gnorm=10.243, clip=100, loss_scale=16, train_wall=41, gb_free=7.3, wall=92761
2023-04-09 15:29:29 - progress_bar.py[line:272] - INFO: epoch 009:    981 / 1878 loss=2.75, loss_v1=0, loss_v2=0, nll_loss=1.515, ntokens=320, nsentences=64, sample_size=320, sample_size_v1=0, sample_size_v2=0, ppl=2.86, wps=78.7, ups=0.25, wpb=320, bsz=64, num_updates=15980, lr=7.93021e-06, gnorm=10.504, clip=100, loss_scale=16, train_wall=40, gb_free=7.3, wall=92802
2023-04-09 15:30:09 - progress_bar.py[line:272] - INFO: epoch 009:    991 / 1878 loss=2.815, loss_v1=0, loss_v2=0, nll_loss=1.59, ntokens=320, nsentences=64, sample_size=320, sample_size_v1=0, sample_size_v2=0, ppl=3.01, wps=78.5, ups=0.25, wpb=320, bsz=64, num_updates=15990, lr=7.90189e-06, gnorm=10.792, clip=100, loss_scale=16, train_wall=41, gb_free=7.3, wall=92843
slice_id 1 seek offset 5379
2023-04-09 15:30:50 - progress_bar.py[line:272] - INFO: epoch 009:   1001 / 1878 loss=2.828, loss_v1=0, loss_v2=0, nll_loss=1.605, ntokens=320, nsentences=64, sample_size=320, sample_size_v1=0, sample_size_v2=0, ppl=3.04, wps=78.1, ups=0.24, wpb=320, bsz=64, num_updates=16000, lr=7.87357e-06, gnorm=10.505, clip=100, loss_scale=16, train_wall=41, gb_free=7.3, wall=92884
2023-04-09 15:30:50 - train.py[line:445] - INFO: begin validation on "valid" subset
slice_id 0 seek offset 0
slice_id 0 seek offset 0
slice_id 1 seek offset 5379
2023-04-09 15:42:02 - progress_bar.py[line:282] - INFO: epoch 009 | valid on 'valid' subset | loss 5.704 | loss_v1 0 | loss_v2 0 | nll_loss 4.786 | ntokens 39.993 | nsentences 7.999 | sample_size 39.993 | sample_size_v1 0 | sample_size_v2 0 | ppl 27.59 | score 0.3805 | wps 80.1 | wpb 40 | bsz 8 | num_updates 16000 | best_score 0.4586
2023-04-09 15:42:02 - checkpoint_utils.py[line:64] - INFO: Preparing to save checkpoint for epoch 9 @ 16000 updates
2023-04-09 15:42:02 - trainer.py[line:431] - INFO: Saving checkpoint to ./refcocoplus_EC_checkpoints_exp2/10_5e-5_512/checkpoint_9_16000.pt
2023-04-09 15:42:22 - trainer.py[line:441] - INFO: Finished saving checkpoint to ./refcocoplus_EC_checkpoints_exp2/10_5e-5_512/checkpoint_9_16000.pt
2023-04-09 15:42:31 - checkpoint_utils.py[line:133] - INFO: Saved checkpoint ./refcocoplus_EC_checkpoints_exp2/10_5e-5_512/checkpoint_9_16000.pt (epoch 9 @ 16000 updates, score 0.3805) (writing took 28.776744918897748 seconds)
2023-04-09 15:43:11 - progress_bar.py[line:272] - INFO: epoch 009:   1011 / 1878 loss=2.799, loss_v1=0, loss_v2=0, nll_loss=1.571, ntokens=320, nsentences=64, sample_size=320, sample_size_v1=0, sample_size_v2=0, ppl=2.97, wps=4.3, ups=0.01, wpb=320, bsz=64, num_updates=16010, lr=7.84525e-06, gnorm=9.953, clip=100, loss_scale=16, train_wall=40, gb_free=7.3, wall=93624
2023-04-09 15:43:52 - progress_bar.py[line:272] - INFO: epoch 009:   1021 / 1878 loss=2.828, loss_v1=0, loss_v2=0, nll_loss=1.605, ntokens=320, nsentences=64, sample_size=320, sample_size_v1=0, sample_size_v2=0, ppl=3.04, wps=78.5, ups=0.25, wpb=320, bsz=64, num_updates=16020, lr=7.81693e-06, gnorm=11.005, clip=100, loss_scale=32, train_wall=41, gb_free=7.3, wall=93665
2023-04-09 15:44:33 - progress_bar.py[line:272] - INFO: epoch 009:   1031 / 1878 loss=2.795, loss_v1=0, loss_v2=0, nll_loss=1.567, ntokens=320, nsentences=64, sample_size=320, sample_size_v1=0, sample_size_v2=0, ppl=2.96, wps=78.8, ups=0.25, wpb=320, bsz=64, num_updates=16030, lr=7.7886e-06, gnorm=9.875, clip=100, loss_scale=32, train_wall=40, gb_free=7.3, wall=93706
2023-04-09 15:45:14 - progress_bar.py[line:272] - INFO: epoch 009:   1041 / 1878 loss=2.817, loss_v1=0, loss_v2=0, nll_loss=1.595, ntokens=320, nsentences=64, sample_size=320, sample_size_v1=0, sample_size_v2=0, ppl=3.02, wps=78, ups=0.24, wpb=320, bsz=64, num_updates=16040, lr=7.76028e-06, gnorm=9.82, clip=100, loss_scale=32, train_wall=41, gb_free=7.3, wall=93747
2023-04-09 15:45:54 - progress_bar.py[line:272] - INFO: epoch 009:   1051 / 1878 loss=2.845, loss_v1=0, loss_v2=0, nll_loss=1.626, ntokens=320, nsentences=64, sample_size=320, sample_size_v1=0, sample_size_v2=0, ppl=3.09, wps=78.8, ups=0.25, wpb=320, bsz=64, num_updates=16050, lr=7.73196e-06, gnorm=10.211, clip=100, loss_scale=32, train_wall=40, gb_free=7.3, wall=93787
2023-04-09 15:46:35 - progress_bar.py[line:272] - INFO: epoch 009:   1061 / 1878 loss=2.775, loss_v1=0, loss_v2=0, nll_loss=1.548, ntokens=320, nsentences=64, sample_size=320, sample_size_v1=0, sample_size_v2=0, ppl=2.92, wps=78.6, ups=0.25, wpb=320, bsz=64, num_updates=16060, lr=7.70364e-06, gnorm=9.672, clip=100, loss_scale=32, train_wall=40, gb_free=7.3, wall=93828
2023-04-09 15:47:16 - progress_bar.py[line:272] - INFO: epoch 009:   1071 / 1878 loss=2.781, loss_v1=0, loss_v2=0, nll_loss=1.553, ntokens=320, nsentences=64, sample_size=320, sample_size_v1=0, sample_size_v2=0, ppl=2.93, wps=78.7, ups=0.25, wpb=320, bsz=64, num_updates=16070, lr=7.67531e-06, gnorm=9.959, clip=100, loss_scale=32, train_wall=40, gb_free=7.3, wall=93869
2023-04-09 15:47:56 - progress_bar.py[line:272] - INFO: epoch 009:   1081 / 1878 loss=2.816, loss_v1=0, loss_v2=0, nll_loss=1.596, ntokens=320, nsentences=64, sample_size=320, sample_size_v1=0, sample_size_v2=0, ppl=3.02, wps=78.6, ups=0.25, wpb=320, bsz=64, num_updates=16080, lr=7.64699e-06, gnorm=10.386, clip=100, loss_scale=32, train_wall=40, gb_free=7.3, wall=93909
2023-04-09 15:48:37 - progress_bar.py[line:272] - INFO: epoch 009:   1091 / 1878 loss=2.753, loss_v1=0, loss_v2=0, nll_loss=1.522, ntokens=320, nsentences=64, sample_size=320, sample_size_v1=0, sample_size_v2=0, ppl=2.87, wps=78.9, ups=0.25, wpb=320, bsz=64, num_updates=16090, lr=7.61867e-06, gnorm=9.586, clip=100, loss_scale=32, train_wall=40, gb_free=7.3, wall=93950
2023-04-09 15:49:17 - progress_bar.py[line:272] - INFO: epoch 009:   1101 / 1878 loss=2.781, loss_v1=0, loss_v2=0, nll_loss=1.553, ntokens=320, nsentences=64, sample_size=320, sample_size_v1=0, sample_size_v2=0, ppl=2.94, wps=78.8, ups=0.25, wpb=320, bsz=64, num_updates=16100, lr=7.59035e-06, gnorm=9.693, clip=100, loss_scale=32, train_wall=40, gb_free=7.3, wall=93991
2023-04-09 15:49:58 - progress_bar.py[line:272] - INFO: epoch 009:   1111 / 1878 loss=2.817, loss_v1=0, loss_v2=0, nll_loss=1.593, ntokens=320, nsentences=64, sample_size=320, sample_size_v1=0, sample_size_v2=0, ppl=3.02, wps=78.6, ups=0.25, wpb=320, bsz=64, num_updates=16110, lr=7.56203e-06, gnorm=10.462, clip=100, loss_scale=32, train_wall=41, gb_free=7.3, wall=94031
2023-04-09 15:50:39 - progress_bar.py[line:272] - INFO: epoch 009:   1121 / 1878 loss=2.749, loss_v1=0, loss_v2=0, nll_loss=1.519, ntokens=320, nsentences=64, sample_size=320, sample_size_v1=0, sample_size_v2=0, ppl=2.86, wps=78.6, ups=0.25, wpb=320, bsz=64, num_updates=16120, lr=7.5337e-06, gnorm=10.365, clip=100, loss_scale=32, train_wall=40, gb_free=7.3, wall=94072
2023-04-09 15:51:20 - progress_bar.py[line:272] - INFO: epoch 009:   1131 / 1878 loss=2.792, loss_v1=0, loss_v2=0, nll_loss=1.569, ntokens=320, nsentences=64, sample_size=320, sample_size_v1=0, sample_size_v2=0, ppl=2.97, wps=78.7, ups=0.25, wpb=320, bsz=64, num_updates=16130, lr=7.50538e-06, gnorm=10.793, clip=100, loss_scale=32, train_wall=40, gb_free=7.3, wall=94113
2023-04-09 15:52:00 - progress_bar.py[line:272] - INFO: epoch 009:   1141 / 1878 loss=2.79, loss_v1=0, loss_v2=0, nll_loss=1.563, ntokens=320, nsentences=64, sample_size=320, sample_size_v1=0, sample_size_v2=0, ppl=2.95, wps=78.7, ups=0.25, wpb=320, bsz=64, num_updates=16140, lr=7.47706e-06, gnorm=11.02, clip=100, loss_scale=32, train_wall=40, gb_free=7.3, wall=94153
2023-04-09 15:52:41 - progress_bar.py[line:272] - INFO: epoch 009:   1151 / 1878 loss=2.864, loss_v1=0, loss_v2=0, nll_loss=1.645, ntokens=320, nsentences=64, sample_size=320, sample_size_v1=0, sample_size_v2=0, ppl=3.13, wps=78.4, ups=0.24, wpb=320, bsz=64, num_updates=16150, lr=7.44874e-06, gnorm=10.541, clip=100, loss_scale=32, train_wall=41, gb_free=7.3, wall=94194
2023-04-09 15:53:22 - progress_bar.py[line:272] - INFO: epoch 009:   1161 / 1878 loss=2.827, loss_v1=0, loss_v2=0, nll_loss=1.602, ntokens=320, nsentences=64, sample_size=320, sample_size_v1=0, sample_size_v2=0, ppl=3.03, wps=78.4, ups=0.24, wpb=320, bsz=64, num_updates=16160, lr=7.42041e-06, gnorm=9.546, clip=100, loss_scale=32, train_wall=41, gb_free=7.3, wall=94235
2023-04-09 15:54:03 - progress_bar.py[line:272] - INFO: epoch 009:   1171 / 1878 loss=2.816, loss_v1=0, loss_v2=0, nll_loss=1.592, ntokens=320, nsentences=64, sample_size=320, sample_size_v1=0, sample_size_v2=0, ppl=3.02, wps=78.1, ups=0.24, wpb=320, bsz=64, num_updates=16170, lr=7.39209e-06, gnorm=10.172, clip=100, loss_scale=32, train_wall=41, gb_free=7.3, wall=94276
2023-04-09 15:54:44 - progress_bar.py[line:272] - INFO: epoch 009:   1181 / 1878 loss=2.825, loss_v1=0, loss_v2=0, nll_loss=1.6, ntokens=320, nsentences=64, sample_size=320, sample_size_v1=0, sample_size_v2=0, ppl=3.03, wps=78.1, ups=0.24, wpb=320, bsz=64, num_updates=16180, lr=7.36377e-06, gnorm=10.792, clip=100, loss_scale=32, train_wall=41, gb_free=7.3, wall=94317
2023-04-09 15:55:25 - progress_bar.py[line:272] - INFO: epoch 009:   1191 / 1878 loss=2.791, loss_v1=0, loss_v2=0, nll_loss=1.562, ntokens=320, nsentences=64, sample_size=320, sample_size_v1=0, sample_size_v2=0, ppl=2.95, wps=78.1, ups=0.24, wpb=320, bsz=64, num_updates=16190, lr=7.33545e-06, gnorm=10.054, clip=100, loss_scale=32, train_wall=41, gb_free=7.3, wall=94358
2023-04-09 15:56:06 - progress_bar.py[line:272] - INFO: epoch 009:   1201 / 1878 loss=2.849, loss_v1=0, loss_v2=0, nll_loss=1.628, ntokens=320, nsentences=64, sample_size=320, sample_size_v1=0, sample_size_v2=0, ppl=3.09, wps=78.5, ups=0.25, wpb=320, bsz=64, num_updates=16200, lr=7.30713e-06, gnorm=12.984, clip=100, loss_scale=32, train_wall=41, gb_free=7.3, wall=94399
2023-04-09 15:56:46 - progress_bar.py[line:272] - INFO: epoch 009:   1211 / 1878 loss=2.796, loss_v1=0, loss_v2=0, nll_loss=1.566, ntokens=320, nsentences=64, sample_size=320, sample_size_v1=0, sample_size_v2=0, ppl=2.96, wps=78.5, ups=0.25, wpb=320, bsz=64, num_updates=16210, lr=7.2788e-06, gnorm=10.441, clip=100, loss_scale=32, train_wall=40, gb_free=7.3, wall=94439
2023-04-09 15:57:27 - progress_bar.py[line:272] - INFO: epoch 009:   1221 / 1878 loss=2.792, loss_v1=0, loss_v2=0, nll_loss=1.564, ntokens=320, nsentences=64, sample_size=320, sample_size_v1=0, sample_size_v2=0, ppl=2.96, wps=78.5, ups=0.25, wpb=320, bsz=64, num_updates=16220, lr=7.25048e-06, gnorm=11.962, clip=100, loss_scale=32, train_wall=40, gb_free=7.3, wall=94480
2023-04-09 15:58:08 - progress_bar.py[line:272] - INFO: epoch 009:   1231 / 1878 loss=2.812, loss_v1=0, loss_v2=0, nll_loss=1.584, ntokens=320, nsentences=64, sample_size=320, sample_size_v1=0, sample_size_v2=0, ppl=3, wps=77.9, ups=0.24, wpb=320, bsz=64, num_updates=16230, lr=7.22216e-06, gnorm=12.283, clip=100, loss_scale=32, train_wall=41, gb_free=7.3, wall=94521
2023-04-09 15:58:49 - progress_bar.py[line:272] - INFO: epoch 009:   1241 / 1878 loss=2.768, loss_v1=0, loss_v2=0, nll_loss=1.536, ntokens=320, nsentences=64, sample_size=320, sample_size_v1=0, sample_size_v2=0, ppl=2.9, wps=79.1, ups=0.25, wpb=320, bsz=64, num_updates=16240, lr=7.19384e-06, gnorm=9.669, clip=100, loss_scale=32, train_wall=40, gb_free=7.3, wall=94562
2023-04-09 15:59:29 - progress_bar.py[line:272] - INFO: epoch 009:   1251 / 1878 loss=2.782, loss_v1=0, loss_v2=0, nll_loss=1.556, ntokens=320, nsentences=64, sample_size=320, sample_size_v1=0, sample_size_v2=0, ppl=2.94, wps=78.7, ups=0.25, wpb=320, bsz=64, num_updates=16250, lr=7.16551e-06, gnorm=9.954, clip=100, loss_scale=32, train_wall=40, gb_free=7.3, wall=94602
2023-04-09 16:00:10 - progress_bar.py[line:272] - INFO: epoch 009:   1261 / 1878 loss=2.79, loss_v1=0, loss_v2=0, nll_loss=1.563, ntokens=320, nsentences=64, sample_size=320, sample_size_v1=0, sample_size_v2=0, ppl=2.95, wps=79.1, ups=0.25, wpb=320, bsz=64, num_updates=16260, lr=7.13719e-06, gnorm=10.733, clip=100, loss_scale=32, train_wall=40, gb_free=7.3, wall=94643
2023-04-09 16:00:51 - progress_bar.py[line:272] - INFO: epoch 009:   1271 / 1878 loss=2.822, loss_v1=0, loss_v2=0, nll_loss=1.599, ntokens=320, nsentences=64, sample_size=320, sample_size_v1=0, sample_size_v2=0, ppl=3.03, wps=78.1, ups=0.24, wpb=320, bsz=64, num_updates=16270, lr=7.10887e-06, gnorm=13.001, clip=100, loss_scale=32, train_wall=41, gb_free=7.3, wall=94684
2023-04-09 16:01:31 - progress_bar.py[line:272] - INFO: epoch 009:   1281 / 1878 loss=2.731, loss_v1=0, loss_v2=0, nll_loss=1.494, ntokens=320, nsentences=64, sample_size=320, sample_size_v1=0, sample_size_v2=0, ppl=2.82, wps=78.6, ups=0.25, wpb=320, bsz=64, num_updates=16280, lr=7.08055e-06, gnorm=9.999, clip=100, loss_scale=32, train_wall=40, gb_free=7.3, wall=94725
2023-04-09 16:02:12 - progress_bar.py[line:272] - INFO: epoch 009:   1291 / 1878 loss=2.79, loss_v1=0, loss_v2=0, nll_loss=1.564, ntokens=320, nsentences=64, sample_size=320, sample_size_v1=0, sample_size_v2=0, ppl=2.96, wps=78.9, ups=0.25, wpb=320, bsz=64, num_updates=16290, lr=7.05223e-06, gnorm=10.753, clip=100, loss_scale=32, train_wall=40, gb_free=7.3, wall=94765
2023-04-09 16:02:53 - progress_bar.py[line:272] - INFO: epoch 009:   1301 / 1878 loss=2.769, loss_v1=0, loss_v2=0, nll_loss=1.539, ntokens=320, nsentences=64, sample_size=320, sample_size_v1=0, sample_size_v2=0, ppl=2.91, wps=78.5, ups=0.25, wpb=320, bsz=64, num_updates=16300, lr=7.0239e-06, gnorm=9.125, clip=100, loss_scale=32, train_wall=41, gb_free=7.3, wall=94806
2023-04-09 16:03:33 - progress_bar.py[line:272] - INFO: epoch 009:   1311 / 1878 loss=2.873, loss_v1=0, loss_v2=0, nll_loss=1.66, ntokens=320, nsentences=64, sample_size=320, sample_size_v1=0, sample_size_v2=0, ppl=3.16, wps=78.8, ups=0.25, wpb=320, bsz=64, num_updates=16310, lr=6.99558e-06, gnorm=10.994, clip=100, loss_scale=32, train_wall=40, gb_free=7.3, wall=94847
2023-04-09 16:04:14 - progress_bar.py[line:272] - INFO: epoch 009:   1321 / 1878 loss=2.805, loss_v1=0, loss_v2=0, nll_loss=1.578, ntokens=320, nsentences=64, sample_size=320, sample_size_v1=0, sample_size_v2=0, ppl=2.99, wps=78.4, ups=0.25, wpb=320, bsz=64, num_updates=16320, lr=6.96726e-06, gnorm=10.536, clip=100, loss_scale=32, train_wall=41, gb_free=7.3, wall=94887
2023-04-09 16:04:55 - progress_bar.py[line:272] - INFO: epoch 009:   1331 / 1878 loss=2.767, loss_v1=0, loss_v2=0, nll_loss=1.535, ntokens=320, nsentences=64, sample_size=320, sample_size_v1=0, sample_size_v2=0, ppl=2.9, wps=78.6, ups=0.25, wpb=320, bsz=64, num_updates=16330, lr=6.93894e-06, gnorm=10.647, clip=100, loss_scale=32, train_wall=40, gb_free=7.3, wall=94928
2023-04-09 16:05:35 - progress_bar.py[line:272] - INFO: epoch 009:   1341 / 1878 loss=2.805, loss_v1=0, loss_v2=0, nll_loss=1.579, ntokens=320, nsentences=64, sample_size=320, sample_size_v1=0, sample_size_v2=0, ppl=2.99, wps=78.9, ups=0.25, wpb=320, bsz=64, num_updates=16340, lr=6.91062e-06, gnorm=9.868, clip=100, loss_scale=32, train_wall=40, gb_free=7.3, wall=94969
2023-04-09 16:06:16 - progress_bar.py[line:272] - INFO: epoch 009:   1351 / 1878 loss=2.827, loss_v1=0, loss_v2=0, nll_loss=1.605, ntokens=320, nsentences=64, sample_size=320, sample_size_v1=0, sample_size_v2=0, ppl=3.04, wps=78.8, ups=0.25, wpb=320, bsz=64, num_updates=16350, lr=6.88229e-06, gnorm=11.378, clip=100, loss_scale=32, train_wall=40, gb_free=7.3, wall=95009
2023-04-09 16:06:57 - progress_bar.py[line:272] - INFO: epoch 009:   1361 / 1878 loss=2.812, loss_v1=0, loss_v2=0, nll_loss=1.589, ntokens=320, nsentences=64, sample_size=320, sample_size_v1=0, sample_size_v2=0, ppl=3.01, wps=78.6, ups=0.25, wpb=320, bsz=64, num_updates=16360, lr=6.85397e-06, gnorm=10.452, clip=100, loss_scale=32, train_wall=40, gb_free=7.3, wall=95050
2023-04-09 16:07:37 - progress_bar.py[line:272] - INFO: epoch 009:   1371 / 1878 loss=2.823, loss_v1=0, loss_v2=0, nll_loss=1.597, ntokens=320, nsentences=64, sample_size=320, sample_size_v1=0, sample_size_v2=0, ppl=3.02, wps=79.2, ups=0.25, wpb=320, bsz=64, num_updates=16370, lr=6.82565e-06, gnorm=10.129, clip=100, loss_scale=32, train_wall=40, gb_free=7.3, wall=95090
2023-04-09 16:08:18 - progress_bar.py[line:272] - INFO: epoch 009:   1381 / 1878 loss=2.855, loss_v1=0, loss_v2=0, nll_loss=1.634, ntokens=320, nsentences=64, sample_size=320, sample_size_v1=0, sample_size_v2=0, ppl=3.1, wps=78.5, ups=0.25, wpb=320, bsz=64, num_updates=16380, lr=6.79733e-06, gnorm=11.457, clip=100, loss_scale=32, train_wall=41, gb_free=7.3, wall=95131
2023-04-09 16:08:59 - progress_bar.py[line:272] - INFO: epoch 009:   1391 / 1878 loss=2.82, loss_v1=0, loss_v2=0, nll_loss=1.601, ntokens=320, nsentences=64, sample_size=320, sample_size_v1=0, sample_size_v2=0, ppl=3.03, wps=78.6, ups=0.25, wpb=320, bsz=64, num_updates=16390, lr=6.769e-06, gnorm=11.836, clip=100, loss_scale=32, train_wall=41, gb_free=7.3, wall=95172
2023-04-09 16:09:39 - progress_bar.py[line:272] - INFO: epoch 009:   1401 / 1878 loss=2.783, loss_v1=0, loss_v2=0, nll_loss=1.554, ntokens=320, nsentences=64, sample_size=320, sample_size_v1=0, sample_size_v2=0, ppl=2.94, wps=78.6, ups=0.25, wpb=320, bsz=64, num_updates=16400, lr=6.74068e-06, gnorm=10.857, clip=100, loss_scale=32, train_wall=40, gb_free=7.3, wall=95213
2023-04-09 16:10:20 - progress_bar.py[line:272] - INFO: epoch 009:   1411 / 1878 loss=2.817, loss_v1=0, loss_v2=0, nll_loss=1.593, ntokens=320, nsentences=64, sample_size=320, sample_size_v1=0, sample_size_v2=0, ppl=3.02, wps=78.2, ups=0.24, wpb=320, bsz=64, num_updates=16410, lr=6.71236e-06, gnorm=11.195, clip=100, loss_scale=32, train_wall=41, gb_free=7.3, wall=95253
2023-04-09 16:11:01 - progress_bar.py[line:272] - INFO: epoch 009:   1421 / 1878 loss=2.815, loss_v1=0, loss_v2=0, nll_loss=1.592, ntokens=320, nsentences=64, sample_size=320, sample_size_v1=0, sample_size_v2=0, ppl=3.02, wps=78.1, ups=0.24, wpb=320, bsz=64, num_updates=16420, lr=6.68404e-06, gnorm=11.309, clip=100, loss_scale=32, train_wall=41, gb_free=7.3, wall=95294
2023-04-09 16:11:43 - progress_bar.py[line:272] - INFO: epoch 009:   1431 / 1878 loss=2.819, loss_v1=0, loss_v2=0, nll_loss=1.596, ntokens=319.5, nsentences=63.9, sample_size=319.5, sample_size_v1=0, sample_size_v2=0, ppl=3.02, wps=77.5, ups=0.24, wpb=319.5, bsz=63.9, num_updates=16430, lr=6.65572e-06, gnorm=12.156, clip=100, loss_scale=32, train_wall=41, gb_free=7.3, wall=95336
2023-04-09 16:12:23 - progress_bar.py[line:272] - INFO: epoch 009:   1441 / 1878 loss=2.783, loss_v1=0, loss_v2=0, nll_loss=1.553, ntokens=320, nsentences=64, sample_size=320, sample_size_v1=0, sample_size_v2=0, ppl=2.94, wps=78.5, ups=0.25, wpb=320, bsz=64, num_updates=16440, lr=6.62739e-06, gnorm=9.733, clip=100, loss_scale=32, train_wall=41, gb_free=7.3, wall=95376
2023-04-09 16:13:04 - progress_bar.py[line:272] - INFO: epoch 009:   1451 / 1878 loss=2.785, loss_v1=0, loss_v2=0, nll_loss=1.558, ntokens=320, nsentences=64, sample_size=320, sample_size_v1=0, sample_size_v2=0, ppl=2.94, wps=78.1, ups=0.24, wpb=320, bsz=64, num_updates=16450, lr=6.59907e-06, gnorm=10.171, clip=100, loss_scale=32, train_wall=41, gb_free=7.3, wall=95417
2023-04-09 16:13:45 - progress_bar.py[line:272] - INFO: epoch 009:   1461 / 1878 loss=2.801, loss_v1=0, loss_v2=0, nll_loss=1.573, ntokens=320, nsentences=64, sample_size=320, sample_size_v1=0, sample_size_v2=0, ppl=2.98, wps=78.3, ups=0.24, wpb=320, bsz=64, num_updates=16460, lr=6.57075e-06, gnorm=11.427, clip=100, loss_scale=32, train_wall=41, gb_free=7.3, wall=95458
2023-04-09 16:14:26 - progress_bar.py[line:272] - INFO: epoch 009:   1471 / 1878 loss=2.758, loss_v1=0, loss_v2=0, nll_loss=1.521, ntokens=320, nsentences=64, sample_size=320, sample_size_v1=0, sample_size_v2=0, ppl=2.87, wps=78.2, ups=0.24, wpb=320, bsz=64, num_updates=16470, lr=6.54243e-06, gnorm=9.875, clip=100, loss_scale=32, train_wall=41, gb_free=7.3, wall=95499
2023-04-09 16:15:07 - progress_bar.py[line:272] - INFO: epoch 009:   1481 / 1878 loss=2.777, loss_v1=0, loss_v2=0, nll_loss=1.546, ntokens=320, nsentences=64, sample_size=320, sample_size_v1=0, sample_size_v2=0, ppl=2.92, wps=78.2, ups=0.24, wpb=320, bsz=64, num_updates=16480, lr=6.5141e-06, gnorm=9.914, clip=100, loss_scale=32, train_wall=41, gb_free=7.3, wall=95540
2023-04-09 16:15:48 - progress_bar.py[line:272] - INFO: epoch 009:   1491 / 1878 loss=2.778, loss_v1=0, loss_v2=0, nll_loss=1.55, ntokens=320, nsentences=64, sample_size=320, sample_size_v1=0, sample_size_v2=0, ppl=2.93, wps=78.3, ups=0.24, wpb=320, bsz=64, num_updates=16490, lr=6.48578e-06, gnorm=10.207, clip=100, loss_scale=32, train_wall=41, gb_free=7.3, wall=95581
2023-04-09 16:16:28 - progress_bar.py[line:272] - INFO: epoch 009:   1501 / 1878 loss=2.75, loss_v1=0, loss_v2=0, nll_loss=1.518, ntokens=320, nsentences=64, sample_size=320, sample_size_v1=0, sample_size_v2=0, ppl=2.86, wps=79, ups=0.25, wpb=320, bsz=64, num_updates=16500, lr=6.45746e-06, gnorm=10.4, clip=100, loss_scale=32, train_wall=40, gb_free=7.3, wall=95621
2023-04-09 16:16:28 - train.py[line:445] - INFO: begin validation on "valid" subset
slice_id 0 seek offset 0
slice_id 1 seek offset 5379
slice_id 0 seek offset 0
slice_id 1 seek offset 5379
2023-04-09 16:27:41 - progress_bar.py[line:282] - INFO: epoch 009 | valid on 'valid' subset | loss 5.762 | loss_v1 0 | loss_v2 0 | nll_loss 4.852 | ntokens 39.993 | nsentences 7.999 | sample_size 39.993 | sample_size_v1 0 | sample_size_v2 0 | ppl 28.87 | score 0.3757 | wps 80 | wpb 40 | bsz 8 | num_updates 16500 | best_score 0.4586
2023-04-09 16:27:41 - checkpoint_utils.py[line:64] - INFO: Preparing to save checkpoint for epoch 9 @ 16500 updates
2023-04-09 16:27:41 - trainer.py[line:431] - INFO: Saving checkpoint to ./refcocoplus_EC_checkpoints_exp2/10_5e-5_512/checkpoint_9_16500.pt
2023-04-09 16:28:02 - trainer.py[line:441] - INFO: Finished saving checkpoint to ./refcocoplus_EC_checkpoints_exp2/10_5e-5_512/checkpoint_9_16500.pt
2023-04-09 16:28:12 - checkpoint_utils.py[line:133] - INFO: Saved checkpoint ./refcocoplus_EC_checkpoints_exp2/10_5e-5_512/checkpoint_9_16500.pt (epoch 9 @ 16500 updates, score 0.3757) (writing took 31.134094478562474 seconds)
2023-04-09 16:28:53 - progress_bar.py[line:272] - INFO: epoch 009:   1511 / 1878 loss=2.735, loss_v1=0, loss_v2=0, nll_loss=1.502, ntokens=320, nsentences=64, sample_size=320, sample_size_v1=0, sample_size_v2=0, ppl=2.83, wps=4.3, ups=0.01, wpb=320, bsz=64, num_updates=16510, lr=6.42914e-06, gnorm=9.749, clip=100, loss_scale=32, train_wall=40, gb_free=7.3, wall=96366
2023-04-09 16:29:33 - progress_bar.py[line:272] - INFO: epoch 009:   1521 / 1878 loss=2.756, loss_v1=0, loss_v2=0, nll_loss=1.525, ntokens=320, nsentences=64, sample_size=320, sample_size_v1=0, sample_size_v2=0, ppl=2.88, wps=78.5, ups=0.25, wpb=320, bsz=64, num_updates=16520, lr=6.40082e-06, gnorm=10.179, clip=100, loss_scale=32, train_wall=40, gb_free=7.3, wall=96406
2023-04-09 16:30:14 - progress_bar.py[line:272] - INFO: epoch 009:   1531 / 1878 loss=2.723, loss_v1=0, loss_v2=0, nll_loss=1.49, ntokens=320, nsentences=64, sample_size=320, sample_size_v1=0, sample_size_v2=0, ppl=2.81, wps=78.8, ups=0.25, wpb=320, bsz=64, num_updates=16530, lr=6.37249e-06, gnorm=10.406, clip=100, loss_scale=64, train_wall=40, gb_free=7.3, wall=96447
2023-04-09 16:30:55 - progress_bar.py[line:272] - INFO: epoch 009:   1541 / 1878 loss=2.753, loss_v1=0, loss_v2=0, nll_loss=1.517, ntokens=320, nsentences=64, sample_size=320, sample_size_v1=0, sample_size_v2=0, ppl=2.86, wps=78.5, ups=0.25, wpb=320, bsz=64, num_updates=16540, lr=6.34417e-06, gnorm=10.447, clip=100, loss_scale=64, train_wall=40, gb_free=7.3, wall=96488
2023-04-09 16:31:35 - progress_bar.py[line:272] - INFO: epoch 009:   1551 / 1878 loss=2.703, loss_v1=0, loss_v2=0, nll_loss=1.464, ntokens=320, nsentences=64, sample_size=320, sample_size_v1=0, sample_size_v2=0, ppl=2.76, wps=78.7, ups=0.25, wpb=320, bsz=64, num_updates=16550, lr=6.31585e-06, gnorm=9.68, clip=100, loss_scale=64, train_wall=40, gb_free=7.3, wall=96528
2023-04-09 16:32:16 - progress_bar.py[line:272] - INFO: epoch 009:   1561 / 1878 loss=2.792, loss_v1=0, loss_v2=0, nll_loss=1.565, ntokens=320, nsentences=64, sample_size=320, sample_size_v1=0, sample_size_v2=0, ppl=2.96, wps=78.4, ups=0.24, wpb=320, bsz=64, num_updates=16560, lr=6.28753e-06, gnorm=11.444, clip=100, loss_scale=64, train_wall=40, gb_free=7.3, wall=96569
2023-04-09 16:32:57 - trainer.py[line:921] - INFO: NOTE: gradient overflow detected, ignoring gradient, setting loss scale to: 32.0
2023-04-09 16:33:01 - progress_bar.py[line:272] - INFO: epoch 009:   1572 / 1878 loss=2.748, loss_v1=0, loss_v2=0, nll_loss=1.516, ntokens=320, nsentences=64, sample_size=320, sample_size_v1=0, sample_size_v2=0, ppl=2.86, wps=71.6, ups=0.22, wpb=320, bsz=64, num_updates=16570, lr=6.2592e-06, gnorm=10.345, clip=100, loss_scale=32, train_wall=44, gb_free=7.3, wall=96614
2023-04-09 16:33:41 - progress_bar.py[line:272] - INFO: epoch 009:   1582 / 1878 loss=2.746, loss_v1=0, loss_v2=0, nll_loss=1.514, ntokens=320, nsentences=64, sample_size=320, sample_size_v1=0, sample_size_v2=0, ppl=2.86, wps=79, ups=0.25, wpb=320, bsz=64, num_updates=16580, lr=6.23088e-06, gnorm=9.159, clip=100, loss_scale=32, train_wall=40, gb_free=7.3, wall=96655
2023-04-09 16:34:22 - progress_bar.py[line:272] - INFO: epoch 009:   1592 / 1878 loss=2.787, loss_v1=0, loss_v2=0, nll_loss=1.56, ntokens=320, nsentences=64, sample_size=320, sample_size_v1=0, sample_size_v2=0, ppl=2.95, wps=78.6, ups=0.25, wpb=320, bsz=64, num_updates=16590, lr=6.20256e-06, gnorm=9.46, clip=100, loss_scale=32, train_wall=40, gb_free=7.3, wall=96695
2023-04-09 16:35:03 - progress_bar.py[line:272] - INFO: epoch 009:   1602 / 1878 loss=2.745, loss_v1=0, loss_v2=0, nll_loss=1.513, ntokens=320, nsentences=64, sample_size=320, sample_size_v1=0, sample_size_v2=0, ppl=2.85, wps=78.9, ups=0.25, wpb=320, bsz=64, num_updates=16600, lr=6.17424e-06, gnorm=9.442, clip=100, loss_scale=32, train_wall=40, gb_free=7.3, wall=96736
2023-04-09 16:35:43 - progress_bar.py[line:272] - INFO: epoch 009:   1612 / 1878 loss=2.779, loss_v1=0, loss_v2=0, nll_loss=1.551, ntokens=320, nsentences=64, sample_size=320, sample_size_v1=0, sample_size_v2=0, ppl=2.93, wps=78.8, ups=0.25, wpb=320, bsz=64, num_updates=16610, lr=6.14592e-06, gnorm=10.648, clip=100, loss_scale=32, train_wall=40, gb_free=7.3, wall=96776
2023-04-09 16:36:24 - progress_bar.py[line:272] - INFO: epoch 009:   1622 / 1878 loss=2.778, loss_v1=0, loss_v2=0, nll_loss=1.552, ntokens=320, nsentences=64, sample_size=320, sample_size_v1=0, sample_size_v2=0, ppl=2.93, wps=78.8, ups=0.25, wpb=320, bsz=64, num_updates=16620, lr=6.11759e-06, gnorm=13.35, clip=100, loss_scale=32, train_wall=40, gb_free=7.3, wall=96817
2023-04-09 16:36:28 - trainer.py[line:921] - INFO: NOTE: gradient overflow detected, ignoring gradient, setting loss scale to: 16.0
2023-04-09 16:37:09 - progress_bar.py[line:272] - INFO: epoch 009:   1633 / 1878 loss=2.771, loss_v1=0, loss_v2=0, nll_loss=1.541, ntokens=320, nsentences=64, sample_size=320, sample_size_v1=0, sample_size_v2=0, ppl=2.91, wps=71.5, ups=0.22, wpb=320, bsz=64, num_updates=16630, lr=6.08927e-06, gnorm=9.528, clip=100, loss_scale=16, train_wall=44, gb_free=7.3, wall=96862
2023-04-09 16:37:49 - progress_bar.py[line:272] - INFO: epoch 009:   1643 / 1878 loss=2.775, loss_v1=0, loss_v2=0, nll_loss=1.546, ntokens=320, nsentences=64, sample_size=320, sample_size_v1=0, sample_size_v2=0, ppl=2.92, wps=78.3, ups=0.24, wpb=320, bsz=64, num_updates=16640, lr=6.06095e-06, gnorm=10.283, clip=100, loss_scale=16, train_wall=41, gb_free=7.3, wall=96903
2023-04-09 16:38:30 - progress_bar.py[line:272] - INFO: epoch 009:   1653 / 1878 loss=2.741, loss_v1=0, loss_v2=0, nll_loss=1.508, ntokens=320, nsentences=64, sample_size=320, sample_size_v1=0, sample_size_v2=0, ppl=2.84, wps=79.1, ups=0.25, wpb=320, bsz=64, num_updates=16650, lr=6.03263e-06, gnorm=10.108, clip=100, loss_scale=16, train_wall=40, gb_free=7.3, wall=96943
2023-04-09 16:39:11 - progress_bar.py[line:272] - INFO: epoch 009:   1663 / 1878 loss=2.77, loss_v1=0, loss_v2=0, nll_loss=1.538, ntokens=320, nsentences=64, sample_size=320, sample_size_v1=0, sample_size_v2=0, ppl=2.9, wps=78.3, ups=0.24, wpb=320, bsz=64, num_updates=16660, lr=6.0043e-06, gnorm=10.743, clip=100, loss_scale=16, train_wall=41, gb_free=7.3, wall=96984
2023-04-09 16:39:52 - progress_bar.py[line:272] - INFO: epoch 009:   1673 / 1878 loss=2.773, loss_v1=0, loss_v2=0, nll_loss=1.543, ntokens=320, nsentences=64, sample_size=320, sample_size_v1=0, sample_size_v2=0, ppl=2.91, wps=78.1, ups=0.24, wpb=320, bsz=64, num_updates=16670, lr=5.97598e-06, gnorm=9.656, clip=100, loss_scale=16, train_wall=41, gb_free=7.3, wall=97025
2023-04-09 16:40:33 - progress_bar.py[line:272] - INFO: epoch 009:   1683 / 1878 loss=2.738, loss_v1=0, loss_v2=0, nll_loss=1.501, ntokens=320, nsentences=64, sample_size=320, sample_size_v1=0, sample_size_v2=0, ppl=2.83, wps=78.2, ups=0.24, wpb=320, bsz=64, num_updates=16680, lr=5.94766e-06, gnorm=9.729, clip=100, loss_scale=16, train_wall=41, gb_free=7.3, wall=97066
2023-04-09 16:41:13 - progress_bar.py[line:272] - INFO: epoch 009:   1693 / 1878 loss=2.743, loss_v1=0, loss_v2=0, nll_loss=1.508, ntokens=320, nsentences=64, sample_size=320, sample_size_v1=0, sample_size_v2=0, ppl=2.84, wps=78.7, ups=0.25, wpb=320, bsz=64, num_updates=16690, lr=5.91934e-06, gnorm=9.943, clip=100, loss_scale=16, train_wall=40, gb_free=7.3, wall=97107
2023-04-09 16:41:54 - progress_bar.py[line:272] - INFO: epoch 009:   1703 / 1878 loss=2.778, loss_v1=0, loss_v2=0, nll_loss=1.55, ntokens=320, nsentences=64, sample_size=320, sample_size_v1=0, sample_size_v2=0, ppl=2.93, wps=78.7, ups=0.25, wpb=320, bsz=64, num_updates=16700, lr=5.89102e-06, gnorm=9.707, clip=100, loss_scale=16, train_wall=40, gb_free=7.3, wall=97147
2023-04-09 16:42:35 - progress_bar.py[line:272] - INFO: epoch 009:   1713 / 1878 loss=2.736, loss_v1=0, loss_v2=0, nll_loss=1.503, ntokens=320, nsentences=64, sample_size=320, sample_size_v1=0, sample_size_v2=0, ppl=2.83, wps=78.6, ups=0.25, wpb=320, bsz=64, num_updates=16710, lr=5.86269e-06, gnorm=9.388, clip=100, loss_scale=16, train_wall=40, gb_free=7.3, wall=97188
2023-04-09 16:43:15 - progress_bar.py[line:272] - INFO: epoch 009:   1723 / 1878 loss=2.736, loss_v1=0, loss_v2=0, nll_loss=1.506, ntokens=320, nsentences=64, sample_size=320, sample_size_v1=0, sample_size_v2=0, ppl=2.84, wps=78.6, ups=0.25, wpb=320, bsz=64, num_updates=16720, lr=5.83437e-06, gnorm=9.857, clip=100, loss_scale=16, train_wall=40, gb_free=7.3, wall=97229
2023-04-09 16:43:56 - progress_bar.py[line:272] - INFO: epoch 009:   1733 / 1878 loss=2.713, loss_v1=0, loss_v2=0, nll_loss=1.479, ntokens=320, nsentences=64, sample_size=320, sample_size_v1=0, sample_size_v2=0, ppl=2.79, wps=78.5, ups=0.25, wpb=320, bsz=64, num_updates=16730, lr=5.80605e-06, gnorm=9.364, clip=100, loss_scale=16, train_wall=40, gb_free=7.3, wall=97269
2023-04-09 16:44:37 - progress_bar.py[line:272] - INFO: epoch 009:   1743 / 1878 loss=2.771, loss_v1=0, loss_v2=0, nll_loss=1.543, ntokens=320, nsentences=64, sample_size=320, sample_size_v1=0, sample_size_v2=0, ppl=2.91, wps=79, ups=0.25, wpb=320, bsz=64, num_updates=16740, lr=5.77773e-06, gnorm=10.108, clip=100, loss_scale=16, train_wall=40, gb_free=7.3, wall=97310
2023-04-09 16:45:17 - progress_bar.py[line:272] - INFO: epoch 009:   1753 / 1878 loss=2.763, loss_v1=0, loss_v2=0, nll_loss=1.53, ntokens=320, nsentences=64, sample_size=320, sample_size_v1=0, sample_size_v2=0, ppl=2.89, wps=78.8, ups=0.25, wpb=320, bsz=64, num_updates=16750, lr=5.74941e-06, gnorm=10.472, clip=100, loss_scale=16, train_wall=40, gb_free=7.3, wall=97350
2023-04-09 16:45:58 - progress_bar.py[line:272] - INFO: epoch 009:   1763 / 1878 loss=2.749, loss_v1=0, loss_v2=0, nll_loss=1.515, ntokens=320, nsentences=64, sample_size=320, sample_size_v1=0, sample_size_v2=0, ppl=2.86, wps=78.6, ups=0.25, wpb=320, bsz=64, num_updates=16760, lr=5.72108e-06, gnorm=10.604, clip=100, loss_scale=16, train_wall=40, gb_free=7.3, wall=97391
2023-04-09 16:46:39 - progress_bar.py[line:272] - INFO: epoch 009:   1773 / 1878 loss=2.758, loss_v1=0, loss_v2=0, nll_loss=1.527, ntokens=320, nsentences=64, sample_size=320, sample_size_v1=0, sample_size_v2=0, ppl=2.88, wps=78.6, ups=0.25, wpb=320, bsz=64, num_updates=16770, lr=5.69276e-06, gnorm=11.146, clip=100, loss_scale=16, train_wall=40, gb_free=7.3, wall=97432
2023-04-09 16:47:19 - progress_bar.py[line:272] - INFO: epoch 009:   1783 / 1878 loss=2.738, loss_v1=0, loss_v2=0, nll_loss=1.505, ntokens=320, nsentences=64, sample_size=320, sample_size_v1=0, sample_size_v2=0, ppl=2.84, wps=78.7, ups=0.25, wpb=320, bsz=64, num_updates=16780, lr=5.66444e-06, gnorm=10.347, clip=100, loss_scale=16, train_wall=40, gb_free=7.3, wall=97473
2023-04-09 16:48:00 - progress_bar.py[line:272] - INFO: epoch 009:   1793 / 1878 loss=2.765, loss_v1=0, loss_v2=0, nll_loss=1.534, ntokens=320, nsentences=64, sample_size=320, sample_size_v1=0, sample_size_v2=0, ppl=2.9, wps=78.6, ups=0.25, wpb=320, bsz=64, num_updates=16790, lr=5.63612e-06, gnorm=11.25, clip=100, loss_scale=16, train_wall=40, gb_free=7.3, wall=97513
2023-04-09 16:48:41 - progress_bar.py[line:272] - INFO: epoch 009:   1803 / 1878 loss=2.82, loss_v1=0, loss_v2=0, nll_loss=1.595, ntokens=320, nsentences=64, sample_size=320, sample_size_v1=0, sample_size_v2=0, ppl=3.02, wps=78.3, ups=0.24, wpb=320, bsz=64, num_updates=16800, lr=5.60779e-06, gnorm=12.218, clip=100, loss_scale=16, train_wall=41, gb_free=7.3, wall=97554
2023-04-09 16:49:22 - progress_bar.py[line:272] - INFO: epoch 009:   1813 / 1878 loss=2.751, loss_v1=0, loss_v2=0, nll_loss=1.518, ntokens=320, nsentences=64, sample_size=320, sample_size_v1=0, sample_size_v2=0, ppl=2.86, wps=78.6, ups=0.25, wpb=320, bsz=64, num_updates=16810, lr=5.57947e-06, gnorm=10.291, clip=100, loss_scale=16, train_wall=40, gb_free=7.3, wall=97595
2023-04-09 16:50:02 - progress_bar.py[line:272] - INFO: epoch 009:   1823 / 1878 loss=2.73, loss_v1=0, loss_v2=0, nll_loss=1.495, ntokens=320, nsentences=64, sample_size=320, sample_size_v1=0, sample_size_v2=0, ppl=2.82, wps=78.6, ups=0.25, wpb=320, bsz=64, num_updates=16820, lr=5.55115e-06, gnorm=9.09, clip=100, loss_scale=16, train_wall=41, gb_free=7.3, wall=97636
2023-04-09 16:50:43 - progress_bar.py[line:272] - INFO: epoch 009:   1833 / 1878 loss=2.771, loss_v1=0, loss_v2=0, nll_loss=1.544, ntokens=320, nsentences=64, sample_size=320, sample_size_v1=0, sample_size_v2=0, ppl=2.92, wps=78.6, ups=0.25, wpb=320, bsz=64, num_updates=16830, lr=5.52283e-06, gnorm=11.03, clip=100, loss_scale=16, train_wall=41, gb_free=7.3, wall=97676
2023-04-09 16:51:24 - progress_bar.py[line:272] - INFO: epoch 009:   1843 / 1878 loss=2.735, loss_v1=0, loss_v2=0, nll_loss=1.495, ntokens=320, nsentences=64, sample_size=320, sample_size_v1=0, sample_size_v2=0, ppl=2.82, wps=78.7, ups=0.25, wpb=320, bsz=64, num_updates=16840, lr=5.49451e-06, gnorm=10.172, clip=100, loss_scale=16, train_wall=40, gb_free=7.3, wall=97717
2023-04-09 16:52:05 - progress_bar.py[line:272] - INFO: epoch 009:   1853 / 1878 loss=2.761, loss_v1=0, loss_v2=0, nll_loss=1.526, ntokens=320, nsentences=64, sample_size=320, sample_size_v1=0, sample_size_v2=0, ppl=2.88, wps=78.1, ups=0.24, wpb=320, bsz=64, num_updates=16850, lr=5.46618e-06, gnorm=10.605, clip=100, loss_scale=16, train_wall=41, gb_free=7.3, wall=97758
2023-04-09 16:52:46 - progress_bar.py[line:272] - INFO: epoch 009:   1863 / 1878 loss=2.769, loss_v1=0, loss_v2=0, nll_loss=1.538, ntokens=320, nsentences=64, sample_size=320, sample_size_v1=0, sample_size_v2=0, ppl=2.9, wps=77.9, ups=0.24, wpb=320, bsz=64, num_updates=16860, lr=5.43786e-06, gnorm=10.751, clip=100, loss_scale=16, train_wall=41, gb_free=7.3, wall=97799
2023-04-09 16:53:27 - progress_bar.py[line:272] - INFO: epoch 009:   1873 / 1878 loss=2.746, loss_v1=0, loss_v2=0, nll_loss=1.511, ntokens=320, nsentences=64, sample_size=320, sample_size_v1=0, sample_size_v2=0, ppl=2.85, wps=78.5, ups=0.25, wpb=320, bsz=64, num_updates=16870, lr=5.40954e-06, gnorm=11.1, clip=100, loss_scale=16, train_wall=40, gb_free=7.3, wall=97840
slice_id 1 seek offset 5379
2023-04-09 16:53:46 - train.py[line:445] - INFO: begin validation on "valid" subset
slice_id 0 seek offset 0
slice_id 1 seek offset 5379
slice_id 0 seek offset 0
2023-04-09 17:04:57 - progress_bar.py[line:282] - INFO: epoch 009 | valid on 'valid' subset | loss 5.81 | loss_v1 0 | loss_v2 0 | nll_loss 4.906 | ntokens 39.993 | nsentences 7.999 | sample_size 39.993 | sample_size_v1 0 | sample_size_v2 0 | ppl 29.99 | score 0.3818 | wps 80.2 | wpb 40 | bsz 8 | num_updates 16875 | best_score 0.4586
2023-04-09 17:04:57 - checkpoint_utils.py[line:64] - INFO: Preparing to save checkpoint for epoch 9 @ 16875 updates
2023-04-09 17:04:57 - trainer.py[line:431] - INFO: Saving checkpoint to ./refcocoplus_EC_checkpoints_exp2/10_5e-5_512/checkpoint_last.pt
local datafile ../../dataset/refcocoplus_data/refcocoplus_train_EC.tsv slice_id 1 begin to initialize row_count and line_idx-to-offset mapping
2023-04-09 17:05:12 - trainer.py[line:441] - INFO: Finished saving checkpoint to ./refcocoplus_EC_checkpoints_exp2/10_5e-5_512/checkpoint_last.pt
2023-04-09 17:05:12 - checkpoint_utils.py[line:133] - INFO: Saved checkpoint ./refcocoplus_EC_checkpoints_exp2/10_5e-5_512/checkpoint_last.pt (epoch 9 @ 16875 updates, score 0.3818) (writing took 15.315802782773972 seconds)
2023-04-09 17:05:13 - train.py[line:332] - INFO: end of epoch 9 (average epoch stats below)
2023-04-09 17:05:13 - progress_bar.py[line:282] - INFO: epoch 009 | loss 2.816 | loss_v1 0 | loss_v2 0 | nll_loss 1.593 | ntokens 319.997 | nsentences 63.999 | sample_size 319.997 | sample_size_v1 0 | sample_size_v2 0 | ppl 3.02 | wps 53.8 | ups 0.17 | wpb 320 | bsz 64 | num_updates 16875 | lr 5.39538e-06 | gnorm 10.769 | clip 100 | loss_scale 16 | train_wall 7600 | gb_free 7.3 | wall 98546
2023-04-09 17:05:13 - trainer.py[line:639] - INFO: loading train data for epoch 10
local datafile ../../dataset/refcocoplus_data/refcocoplus_train_EC.tsv slice_id 0 begin to initialize row_count and line_idx-to-offset mapping
local datafile ../../dataset/refcocoplus_data/refcocoplus_train_EC.tsv slice_id 1 finished initializing row_count and line_idx-to-offset mapping
file ../../dataset/refcocoplus_data/refcocoplus_train_EC.tsv slice_id 1 row count 60095 total row count 120191
slice_id 1 seek offset 60096
local datafile ../../dataset/refcocoplus_data/refcocoplus_train_EC.tsv slice_id 0 finished initializing row_count and line_idx-to-offset mapping
file ../../dataset/refcocoplus_data/refcocoplus_train_EC.tsv slice_id 0 row count 60096 total row count 120191
slice_id 0 seek offset 0
2023-04-09 17:05:29 - trainer.py[line:703] - INFO: begin training epoch 10
2023-04-09 17:05:29 - train.py[line:305] - INFO: Start iterating over samples
2023-04-09 17:05:50 - progress_bar.py[line:272] - INFO: epoch 010:      5 / 1878 loss=2.775, loss_v1=0, loss_v2=0, nll_loss=1.547, ntokens=320, nsentences=64, sample_size=320, sample_size_v1=0, sample_size_v2=0, ppl=2.92, wps=4.3, ups=0.01, wpb=320, bsz=64, num_updates=16880, lr=5.38122e-06, gnorm=11.687, clip=100, loss_scale=16, train_wall=39, gb_free=7.3, wall=98583
2023-04-09 17:06:30 - progress_bar.py[line:272] - INFO: epoch 010:     15 / 1878 loss=2.781, loss_v1=0, loss_v2=0, nll_loss=1.556, ntokens=320, nsentences=64, sample_size=320, sample_size_v1=0, sample_size_v2=0, ppl=2.94, wps=78.5, ups=0.25, wpb=320, bsz=64, num_updates=16890, lr=5.35289e-06, gnorm=11.217, clip=100, loss_scale=16, train_wall=40, gb_free=7.3, wall=98623
2023-04-09 17:07:11 - progress_bar.py[line:272] - INFO: epoch 010:     25 / 1878 loss=2.814, loss_v1=0, loss_v2=0, nll_loss=1.591, ntokens=320, nsentences=64, sample_size=320, sample_size_v1=0, sample_size_v2=0, ppl=3.01, wps=78.4, ups=0.24, wpb=320, bsz=64, num_updates=16900, lr=5.32457e-06, gnorm=11.341, clip=100, loss_scale=16, train_wall=41, gb_free=7.3, wall=98664
2023-04-09 17:07:52 - progress_bar.py[line:272] - INFO: epoch 010:     35 / 1878 loss=2.734, loss_v1=0, loss_v2=0, nll_loss=1.499, ntokens=320, nsentences=64, sample_size=320, sample_size_v1=0, sample_size_v2=0, ppl=2.83, wps=78.8, ups=0.25, wpb=320, bsz=64, num_updates=16910, lr=5.29625e-06, gnorm=11.079, clip=100, loss_scale=16, train_wall=40, gb_free=7.3, wall=98705
2023-04-09 17:08:32 - progress_bar.py[line:272] - INFO: epoch 010:     45 / 1878 loss=2.773, loss_v1=0, loss_v2=0, nll_loss=1.546, ntokens=320, nsentences=64, sample_size=320, sample_size_v1=0, sample_size_v2=0, ppl=2.92, wps=78.5, ups=0.25, wpb=320, bsz=64, num_updates=16920, lr=5.26793e-06, gnorm=10.435, clip=100, loss_scale=16, train_wall=40, gb_free=7.3, wall=98746
2023-04-09 17:09:13 - progress_bar.py[line:272] - INFO: epoch 010:     55 / 1878 loss=2.849, loss_v1=0, loss_v2=0, nll_loss=1.628, ntokens=319.5, nsentences=63.9, sample_size=319.5, sample_size_v1=0, sample_size_v2=0, ppl=3.09, wps=78.7, ups=0.25, wpb=319.5, bsz=63.9, num_updates=16930, lr=5.23961e-06, gnorm=11.456, clip=100, loss_scale=16, train_wall=40, gb_free=7.3, wall=98786
2023-04-09 17:09:54 - progress_bar.py[line:272] - INFO: epoch 010:     65 / 1878 loss=2.824, loss_v1=0, loss_v2=0, nll_loss=1.6, ntokens=320, nsentences=64, sample_size=320, sample_size_v1=0, sample_size_v2=0, ppl=3.03, wps=78.5, ups=0.25, wpb=320, bsz=64, num_updates=16940, lr=5.21128e-06, gnorm=12.299, clip=100, loss_scale=16, train_wall=41, gb_free=7.3, wall=98827
2023-04-09 17:10:35 - progress_bar.py[line:272] - INFO: epoch 010:     75 / 1878 loss=2.848, loss_v1=0, loss_v2=0, nll_loss=1.63, ntokens=320, nsentences=64, sample_size=320, sample_size_v1=0, sample_size_v2=0, ppl=3.1, wps=78.6, ups=0.25, wpb=320, bsz=64, num_updates=16950, lr=5.18296e-06, gnorm=13.008, clip=100, loss_scale=16, train_wall=40, gb_free=7.3, wall=98868
2023-04-09 17:11:15 - progress_bar.py[line:272] - INFO: epoch 010:     85 / 1878 loss=2.811, loss_v1=0, loss_v2=0, nll_loss=1.584, ntokens=320, nsentences=64, sample_size=320, sample_size_v1=0, sample_size_v2=0, ppl=3, wps=78.9, ups=0.25, wpb=320, bsz=64, num_updates=16960, lr=5.15464e-06, gnorm=12.334, clip=100, loss_scale=16, train_wall=40, gb_free=7.3, wall=98908
2023-04-09 17:11:56 - progress_bar.py[line:272] - INFO: epoch 010:     95 / 1878 loss=2.857, loss_v1=0, loss_v2=0, nll_loss=1.635, ntokens=320, nsentences=64, sample_size=320, sample_size_v1=0, sample_size_v2=0, ppl=3.11, wps=78.8, ups=0.25, wpb=320, bsz=64, num_updates=16970, lr=5.12632e-06, gnorm=12.052, clip=100, loss_scale=16, train_wall=40, gb_free=7.3, wall=98949
2023-04-09 17:12:36 - progress_bar.py[line:272] - INFO: epoch 010:    105 / 1878 loss=2.798, loss_v1=0, loss_v2=0, nll_loss=1.57, ntokens=320, nsentences=64, sample_size=320, sample_size_v1=0, sample_size_v2=0, ppl=2.97, wps=78.6, ups=0.25, wpb=320, bsz=64, num_updates=16980, lr=5.09799e-06, gnorm=11.065, clip=100, loss_scale=16, train_wall=40, gb_free=7.3, wall=98990
2023-04-09 17:13:17 - progress_bar.py[line:272] - INFO: epoch 010:    115 / 1878 loss=2.836, loss_v1=0, loss_v2=0, nll_loss=1.614, ntokens=320, nsentences=64, sample_size=320, sample_size_v1=0, sample_size_v2=0, ppl=3.06, wps=78.7, ups=0.25, wpb=320, bsz=64, num_updates=16990, lr=5.06967e-06, gnorm=11.786, clip=100, loss_scale=16, train_wall=40, gb_free=7.3, wall=99030
slice_id 1 seek offset 5379
2023-04-09 17:13:58 - progress_bar.py[line:272] - INFO: epoch 010:    125 / 1878 loss=2.827, loss_v1=0, loss_v2=0, nll_loss=1.602, ntokens=320, nsentences=64, sample_size=320, sample_size_v1=0, sample_size_v2=0, ppl=3.04, wps=78.5, ups=0.25, wpb=320, bsz=64, num_updates=17000, lr=5.04135e-06, gnorm=12.569, clip=100, loss_scale=16, train_wall=40, gb_free=7.3, wall=99071
2023-04-09 17:13:58 - train.py[line:445] - INFO: begin validation on "valid" subset
slice_id 0 seek offset 0
slice_id 1 seek offset 5379
slice_id 0 seek offset 0
2023-04-09 17:25:10 - progress_bar.py[line:282] - INFO: epoch 010 | valid on 'valid' subset | loss 5.751 | loss_v1 0 | loss_v2 0 | nll_loss 4.841 | ntokens 39.993 | nsentences 7.999 | sample_size 39.993 | sample_size_v1 0 | sample_size_v2 0 | ppl 28.66 | score 0.3822 | wps 80.1 | wpb 40 | bsz 8 | num_updates 17000 | best_score 0.4586
2023-04-09 17:25:10 - checkpoint_utils.py[line:64] - INFO: Preparing to save checkpoint for epoch 10 @ 17000 updates
2023-04-09 17:25:10 - trainer.py[line:431] - INFO: Saving checkpoint to ./refcocoplus_EC_checkpoints_exp2/10_5e-5_512/checkpoint_10_17000.pt
2023-04-09 17:25:30 - trainer.py[line:441] - INFO: Finished saving checkpoint to ./refcocoplus_EC_checkpoints_exp2/10_5e-5_512/checkpoint_10_17000.pt
2023-04-09 17:25:39 - checkpoint_utils.py[line:133] - INFO: Saved checkpoint ./refcocoplus_EC_checkpoints_exp2/10_5e-5_512/checkpoint_10_17000.pt (epoch 10 @ 17000 updates, score 0.3822) (writing took 28.394639831967652 seconds)
2023-04-09 17:26:19 - progress_bar.py[line:272] - INFO: epoch 010:    135 / 1878 loss=2.817, loss_v1=0, loss_v2=0, nll_loss=1.592, ntokens=320, nsentences=64, sample_size=320, sample_size_v1=0, sample_size_v2=0, ppl=3.02, wps=4.3, ups=0.01, wpb=320, bsz=64, num_updates=17010, lr=5.01303e-06, gnorm=10.891, clip=100, loss_scale=16, train_wall=40, gb_free=7.3, wall=99812
2023-04-09 17:26:59 - progress_bar.py[line:272] - INFO: epoch 010:    145 / 1878 loss=2.797, loss_v1=0, loss_v2=0, nll_loss=1.566, ntokens=320, nsentences=64, sample_size=320, sample_size_v1=0, sample_size_v2=0, ppl=2.96, wps=78.9, ups=0.25, wpb=320, bsz=64, num_updates=17020, lr=4.98471e-06, gnorm=10.635, clip=100, loss_scale=16, train_wall=40, gb_free=7.3, wall=99853
2023-04-09 17:27:40 - progress_bar.py[line:272] - INFO: epoch 010:    155 / 1878 loss=2.858, loss_v1=0, loss_v2=0, nll_loss=1.64, ntokens=320, nsentences=64, sample_size=320, sample_size_v1=0, sample_size_v2=0, ppl=3.12, wps=78.6, ups=0.25, wpb=320, bsz=64, num_updates=17030, lr=4.95638e-06, gnorm=10.53, clip=100, loss_scale=16, train_wall=41, gb_free=7.3, wall=99893
2023-04-09 17:28:21 - progress_bar.py[line:272] - INFO: epoch 010:    165 / 1878 loss=2.865, loss_v1=0, loss_v2=0, nll_loss=1.647, ntokens=320, nsentences=64, sample_size=320, sample_size_v1=0, sample_size_v2=0, ppl=3.13, wps=78.3, ups=0.24, wpb=320, bsz=64, num_updates=17040, lr=4.92806e-06, gnorm=13.035, clip=100, loss_scale=16, train_wall=41, gb_free=7.3, wall=99934
2023-04-09 17:29:02 - progress_bar.py[line:272] - INFO: epoch 010:    175 / 1878 loss=2.869, loss_v1=0, loss_v2=0, nll_loss=1.654, ntokens=320, nsentences=64, sample_size=320, sample_size_v1=0, sample_size_v2=0, ppl=3.15, wps=78.5, ups=0.25, wpb=320, bsz=64, num_updates=17050, lr=4.89974e-06, gnorm=12.358, clip=100, loss_scale=16, train_wall=40, gb_free=7.3, wall=99975
2023-04-09 17:29:42 - progress_bar.py[line:272] - INFO: epoch 010:    185 / 1878 loss=2.861, loss_v1=0, loss_v2=0, nll_loss=1.643, ntokens=320, nsentences=64, sample_size=320, sample_size_v1=0, sample_size_v2=0, ppl=3.12, wps=78.7, ups=0.25, wpb=320, bsz=64, num_updates=17060, lr=4.87142e-06, gnorm=11.575, clip=100, loss_scale=16, train_wall=40, gb_free=7.3, wall=100016
2023-04-09 17:30:23 - progress_bar.py[line:272] - INFO: epoch 010:    195 / 1878 loss=2.798, loss_v1=0, loss_v2=0, nll_loss=1.57, ntokens=320, nsentences=64, sample_size=320, sample_size_v1=0, sample_size_v2=0, ppl=2.97, wps=78.6, ups=0.25, wpb=320, bsz=64, num_updates=17070, lr=4.8431e-06, gnorm=11.776, clip=100, loss_scale=16, train_wall=40, gb_free=7.3, wall=100056
2023-04-09 17:31:04 - progress_bar.py[line:272] - INFO: epoch 010:    205 / 1878 loss=2.819, loss_v1=0, loss_v2=0, nll_loss=1.594, ntokens=320, nsentences=64, sample_size=320, sample_size_v1=0, sample_size_v2=0, ppl=3.02, wps=78.7, ups=0.25, wpb=320, bsz=64, num_updates=17080, lr=4.81477e-06, gnorm=10.442, clip=100, loss_scale=16, train_wall=40, gb_free=7.3, wall=100097
2023-04-09 17:31:45 - progress_bar.py[line:272] - INFO: epoch 010:    215 / 1878 loss=2.782, loss_v1=0, loss_v2=0, nll_loss=1.556, ntokens=320, nsentences=64, sample_size=320, sample_size_v1=0, sample_size_v2=0, ppl=2.94, wps=78.5, ups=0.25, wpb=320, bsz=64, num_updates=17090, lr=4.78645e-06, gnorm=10.583, clip=100, loss_scale=16, train_wall=40, gb_free=7.3, wall=100138
2023-04-09 17:32:25 - progress_bar.py[line:272] - INFO: epoch 010:    225 / 1878 loss=2.819, loss_v1=0, loss_v2=0, nll_loss=1.597, ntokens=320, nsentences=64, sample_size=320, sample_size_v1=0, sample_size_v2=0, ppl=3.02, wps=78.7, ups=0.25, wpb=320, bsz=64, num_updates=17100, lr=4.75813e-06, gnorm=12.773, clip=100, loss_scale=16, train_wall=40, gb_free=7.3, wall=100178
2023-04-09 17:33:06 - progress_bar.py[line:272] - INFO: epoch 010:    235 / 1878 loss=2.83, loss_v1=0, loss_v2=0, nll_loss=1.609, ntokens=320, nsentences=64, sample_size=320, sample_size_v1=0, sample_size_v2=0, ppl=3.05, wps=78.4, ups=0.25, wpb=320, bsz=64, num_updates=17110, lr=4.72981e-06, gnorm=12.998, clip=100, loss_scale=16, train_wall=41, gb_free=7.3, wall=100219
2023-04-09 17:33:47 - progress_bar.py[line:272] - INFO: epoch 010:    245 / 1878 loss=2.836, loss_v1=0, loss_v2=0, nll_loss=1.617, ntokens=320, nsentences=64, sample_size=320, sample_size_v1=0, sample_size_v2=0, ppl=3.07, wps=78.3, ups=0.24, wpb=320, bsz=64, num_updates=17120, lr=4.70148e-06, gnorm=11.658, clip=100, loss_scale=16, train_wall=41, gb_free=7.3, wall=100260
2023-04-09 17:34:28 - progress_bar.py[line:272] - INFO: epoch 010:    255 / 1878 loss=2.774, loss_v1=0, loss_v2=0, nll_loss=1.543, ntokens=320, nsentences=64, sample_size=320, sample_size_v1=0, sample_size_v2=0, ppl=2.91, wps=78.5, ups=0.25, wpb=320, bsz=64, num_updates=17130, lr=4.67316e-06, gnorm=10.51, clip=100, loss_scale=16, train_wall=41, gb_free=7.3, wall=100301
2023-04-09 17:35:08 - progress_bar.py[line:272] - INFO: epoch 010:    265 / 1878 loss=2.77, loss_v1=0, loss_v2=0, nll_loss=1.541, ntokens=320, nsentences=64, sample_size=320, sample_size_v1=0, sample_size_v2=0, ppl=2.91, wps=78.6, ups=0.25, wpb=320, bsz=64, num_updates=17140, lr=4.64484e-06, gnorm=10.774, clip=100, loss_scale=32, train_wall=40, gb_free=7.3, wall=100341
2023-04-09 17:35:49 - progress_bar.py[line:272] - INFO: epoch 010:    275 / 1878 loss=2.81, loss_v1=0, loss_v2=0, nll_loss=1.585, ntokens=320, nsentences=64, sample_size=320, sample_size_v1=0, sample_size_v2=0, ppl=3, wps=78.6, ups=0.25, wpb=320, bsz=64, num_updates=17150, lr=4.61652e-06, gnorm=10.922, clip=100, loss_scale=32, train_wall=40, gb_free=7.3, wall=100382
2023-04-09 17:36:30 - progress_bar.py[line:272] - INFO: epoch 010:    285 / 1878 loss=2.846, loss_v1=0, loss_v2=0, nll_loss=1.625, ntokens=320, nsentences=64, sample_size=320, sample_size_v1=0, sample_size_v2=0, ppl=3.08, wps=78.3, ups=0.24, wpb=320, bsz=64, num_updates=17160, lr=4.5882e-06, gnorm=11.295, clip=100, loss_scale=32, train_wall=41, gb_free=7.3, wall=100423
2023-04-09 17:37:11 - progress_bar.py[line:272] - INFO: epoch 010:    295 / 1878 loss=2.881, loss_v1=0, loss_v2=0, nll_loss=1.664, ntokens=320, nsentences=64, sample_size=320, sample_size_v1=0, sample_size_v2=0, ppl=3.17, wps=78.6, ups=0.25, wpb=320, bsz=64, num_updates=17170, lr=4.55987e-06, gnorm=12.393, clip=100, loss_scale=32, train_wall=41, gb_free=7.3, wall=100464
2023-04-09 17:37:35 - trainer.py[line:921] - INFO: NOTE: gradient overflow detected, ignoring gradient, setting loss scale to: 16.0
2023-04-09 17:37:56 - progress_bar.py[line:272] - INFO: epoch 010:    306 / 1878 loss=2.848, loss_v1=0, loss_v2=0, nll_loss=1.626, ntokens=320, nsentences=64, sample_size=320, sample_size_v1=0, sample_size_v2=0, ppl=3.09, wps=71.2, ups=0.22, wpb=320, bsz=64, num_updates=17180, lr=4.53155e-06, gnorm=13.703, clip=100, loss_scale=16, train_wall=45, gb_free=7.3, wall=100509
2023-04-09 17:38:36 - progress_bar.py[line:272] - INFO: epoch 010:    316 / 1878 loss=2.789, loss_v1=0, loss_v2=0, nll_loss=1.563, ntokens=320, nsentences=64, sample_size=320, sample_size_v1=0, sample_size_v2=0, ppl=2.96, wps=78.6, ups=0.25, wpb=320, bsz=64, num_updates=17190, lr=4.50323e-06, gnorm=11.133, clip=100, loss_scale=16, train_wall=40, gb_free=7.3, wall=100550
2023-04-09 17:39:17 - progress_bar.py[line:272] - INFO: epoch 010:    326 / 1878 loss=2.813, loss_v1=0, loss_v2=0, nll_loss=1.588, ntokens=320, nsentences=64, sample_size=320, sample_size_v1=0, sample_size_v2=0, ppl=3.01, wps=78.6, ups=0.25, wpb=320, bsz=64, num_updates=17200, lr=4.47491e-06, gnorm=11.945, clip=100, loss_scale=16, train_wall=40, gb_free=7.3, wall=100590
2023-04-09 17:39:58 - progress_bar.py[line:272] - INFO: epoch 010:    336 / 1878 loss=2.821, loss_v1=0, loss_v2=0, nll_loss=1.599, ntokens=320, nsentences=64, sample_size=320, sample_size_v1=0, sample_size_v2=0, ppl=3.03, wps=78.6, ups=0.25, wpb=320, bsz=64, num_updates=17210, lr=4.44658e-06, gnorm=12.916, clip=100, loss_scale=16, train_wall=40, gb_free=7.3, wall=100631
2023-04-09 17:40:38 - progress_bar.py[line:272] - INFO: epoch 010:    346 / 1878 loss=2.792, loss_v1=0, loss_v2=0, nll_loss=1.565, ntokens=320, nsentences=64, sample_size=320, sample_size_v1=0, sample_size_v2=0, ppl=2.96, wps=78.7, ups=0.25, wpb=320, bsz=64, num_updates=17220, lr=4.41826e-06, gnorm=11.522, clip=100, loss_scale=16, train_wall=40, gb_free=7.3, wall=100672
2023-04-09 17:41:19 - progress_bar.py[line:272] - INFO: epoch 010:    356 / 1878 loss=2.779, loss_v1=0, loss_v2=0, nll_loss=1.548, ntokens=320, nsentences=64, sample_size=320, sample_size_v1=0, sample_size_v2=0, ppl=2.92, wps=78.1, ups=0.24, wpb=320, bsz=64, num_updates=17230, lr=4.38994e-06, gnorm=11.322, clip=100, loss_scale=16, train_wall=41, gb_free=7.3, wall=100713
2023-04-09 17:42:00 - progress_bar.py[line:272] - INFO: epoch 010:    366 / 1878 loss=2.849, loss_v1=0, loss_v2=0, nll_loss=1.627, ntokens=320, nsentences=64, sample_size=320, sample_size_v1=0, sample_size_v2=0, ppl=3.09, wps=78.5, ups=0.25, wpb=320, bsz=64, num_updates=17240, lr=4.36162e-06, gnorm=11.606, clip=100, loss_scale=16, train_wall=41, gb_free=7.3, wall=100753
2023-04-09 17:42:41 - progress_bar.py[line:272] - INFO: epoch 010:    376 / 1878 loss=2.871, loss_v1=0, loss_v2=0, nll_loss=1.653, ntokens=320, nsentences=64, sample_size=320, sample_size_v1=0, sample_size_v2=0, ppl=3.14, wps=78.4, ups=0.25, wpb=320, bsz=64, num_updates=17250, lr=4.3333e-06, gnorm=11.69, clip=100, loss_scale=16, train_wall=41, gb_free=7.3, wall=100794
2023-04-09 17:43:22 - progress_bar.py[line:272] - INFO: epoch 010:    386 / 1878 loss=2.801, loss_v1=0, loss_v2=0, nll_loss=1.574, ntokens=320, nsentences=64, sample_size=320, sample_size_v1=0, sample_size_v2=0, ppl=2.98, wps=77.5, ups=0.24, wpb=320, bsz=64, num_updates=17260, lr=4.30497e-06, gnorm=11.208, clip=100, loss_scale=16, train_wall=41, gb_free=7.3, wall=100835
2023-04-09 17:44:03 - progress_bar.py[line:272] - INFO: epoch 010:    396 / 1878 loss=2.794, loss_v1=0, loss_v2=0, nll_loss=1.571, ntokens=320, nsentences=64, sample_size=320, sample_size_v1=0, sample_size_v2=0, ppl=2.97, wps=78.1, ups=0.24, wpb=320, bsz=64, num_updates=17270, lr=4.27665e-06, gnorm=11.321, clip=100, loss_scale=16, train_wall=41, gb_free=7.3, wall=100876
2023-04-09 17:44:44 - progress_bar.py[line:272] - INFO: epoch 010:    406 / 1878 loss=2.784, loss_v1=0, loss_v2=0, nll_loss=1.556, ntokens=320, nsentences=64, sample_size=320, sample_size_v1=0, sample_size_v2=0, ppl=2.94, wps=78.5, ups=0.25, wpb=320, bsz=64, num_updates=17280, lr=4.24833e-06, gnorm=14.459, clip=100, loss_scale=16, train_wall=41, gb_free=7.3, wall=100917
2023-04-09 17:45:25 - progress_bar.py[line:272] - INFO: epoch 010:    416 / 1878 loss=2.807, loss_v1=0, loss_v2=0, nll_loss=1.579, ntokens=320, nsentences=64, sample_size=320, sample_size_v1=0, sample_size_v2=0, ppl=2.99, wps=78.8, ups=0.25, wpb=320, bsz=64, num_updates=17290, lr=4.22001e-06, gnorm=11.892, clip=100, loss_scale=16, train_wall=40, gb_free=7.3, wall=100958
2023-04-09 17:46:05 - progress_bar.py[line:272] - INFO: epoch 010:    426 / 1878 loss=2.817, loss_v1=0, loss_v2=0, nll_loss=1.596, ntokens=320, nsentences=64, sample_size=320, sample_size_v1=0, sample_size_v2=0, ppl=3.02, wps=78.7, ups=0.25, wpb=320, bsz=64, num_updates=17300, lr=4.19168e-06, gnorm=10.827, clip=100, loss_scale=16, train_wall=40, gb_free=7.3, wall=100999
2023-04-09 17:46:46 - progress_bar.py[line:272] - INFO: epoch 010:    436 / 1878 loss=2.812, loss_v1=0, loss_v2=0, nll_loss=1.587, ntokens=320, nsentences=64, sample_size=320, sample_size_v1=0, sample_size_v2=0, ppl=3.01, wps=78.7, ups=0.25, wpb=320, bsz=64, num_updates=17310, lr=4.16336e-06, gnorm=11.534, clip=100, loss_scale=16, train_wall=40, gb_free=7.3, wall=101039
2023-04-09 17:47:27 - progress_bar.py[line:272] - INFO: epoch 010:    446 / 1878 loss=2.839, loss_v1=0, loss_v2=0, nll_loss=1.616, ntokens=320, nsentences=64, sample_size=320, sample_size_v1=0, sample_size_v2=0, ppl=3.07, wps=78.9, ups=0.25, wpb=320, bsz=64, num_updates=17320, lr=4.13504e-06, gnorm=12.097, clip=100, loss_scale=16, train_wall=40, gb_free=7.3, wall=101080
2023-04-09 17:48:07 - progress_bar.py[line:272] - INFO: epoch 010:    456 / 1878 loss=2.832, loss_v1=0, loss_v2=0, nll_loss=1.609, ntokens=320, nsentences=64, sample_size=320, sample_size_v1=0, sample_size_v2=0, ppl=3.05, wps=79, ups=0.25, wpb=320, bsz=64, num_updates=17330, lr=4.10672e-06, gnorm=11.545, clip=100, loss_scale=16, train_wall=40, gb_free=7.3, wall=101120
2023-04-09 17:48:48 - progress_bar.py[line:272] - INFO: epoch 010:    466 / 1878 loss=2.771, loss_v1=0, loss_v2=0, nll_loss=1.54, ntokens=320, nsentences=64, sample_size=320, sample_size_v1=0, sample_size_v2=0, ppl=2.91, wps=78.5, ups=0.25, wpb=320, bsz=64, num_updates=17340, lr=4.0784e-06, gnorm=10.837, clip=100, loss_scale=16, train_wall=40, gb_free=7.3, wall=101161
2023-04-09 17:49:29 - progress_bar.py[line:272] - INFO: epoch 010:    476 / 1878 loss=2.815, loss_v1=0, loss_v2=0, nll_loss=1.592, ntokens=320, nsentences=64, sample_size=320, sample_size_v1=0, sample_size_v2=0, ppl=3.01, wps=77.1, ups=0.24, wpb=320, bsz=64, num_updates=17350, lr=4.05007e-06, gnorm=10.957, clip=100, loss_scale=16, train_wall=41, gb_free=7.3, wall=101203
2023-04-09 17:50:10 - progress_bar.py[line:272] - INFO: epoch 010:    486 / 1878 loss=2.816, loss_v1=0, loss_v2=0, nll_loss=1.594, ntokens=320, nsentences=64, sample_size=320, sample_size_v1=0, sample_size_v2=0, ppl=3.02, wps=78.9, ups=0.25, wpb=320, bsz=64, num_updates=17360, lr=4.02175e-06, gnorm=12.169, clip=100, loss_scale=16, train_wall=40, gb_free=7.3, wall=101243
2023-04-09 17:50:50 - progress_bar.py[line:272] - INFO: epoch 010:    496 / 1878 loss=2.757, loss_v1=0, loss_v2=0, nll_loss=1.528, ntokens=320, nsentences=64, sample_size=320, sample_size_v1=0, sample_size_v2=0, ppl=2.88, wps=78.9, ups=0.25, wpb=320, bsz=64, num_updates=17370, lr=3.99343e-06, gnorm=10.591, clip=100, loss_scale=16, train_wall=40, gb_free=7.3, wall=101284
2023-04-09 17:51:31 - progress_bar.py[line:272] - INFO: epoch 010:    506 / 1878 loss=2.858, loss_v1=0, loss_v2=0, nll_loss=1.638, ntokens=320, nsentences=64, sample_size=320, sample_size_v1=0, sample_size_v2=0, ppl=3.11, wps=78.2, ups=0.24, wpb=320, bsz=64, num_updates=17380, lr=3.96511e-06, gnorm=12.344, clip=100, loss_scale=16, train_wall=41, gb_free=7.3, wall=101325
2023-04-09 17:52:13 - progress_bar.py[line:272] - INFO: epoch 010:    516 / 1878 loss=2.777, loss_v1=0, loss_v2=0, nll_loss=1.546, ntokens=320, nsentences=64, sample_size=320, sample_size_v1=0, sample_size_v2=0, ppl=2.92, wps=77.8, ups=0.24, wpb=320, bsz=64, num_updates=17390, lr=3.93678e-06, gnorm=10.239, clip=100, loss_scale=16, train_wall=41, gb_free=7.3, wall=101366
2023-04-09 17:52:53 - progress_bar.py[line:272] - INFO: epoch 010:    526 / 1878 loss=2.829, loss_v1=0, loss_v2=0, nll_loss=1.609, ntokens=320, nsentences=64, sample_size=320, sample_size_v1=0, sample_size_v2=0, ppl=3.05, wps=78.2, ups=0.24, wpb=320, bsz=64, num_updates=17400, lr=3.90846e-06, gnorm=12.47, clip=100, loss_scale=16, train_wall=41, gb_free=7.3, wall=101407
2023-04-09 17:53:34 - progress_bar.py[line:272] - INFO: epoch 010:    536 / 1878 loss=2.79, loss_v1=0, loss_v2=0, nll_loss=1.564, ntokens=320, nsentences=64, sample_size=320, sample_size_v1=0, sample_size_v2=0, ppl=2.96, wps=78.6, ups=0.25, wpb=320, bsz=64, num_updates=17410, lr=3.88014e-06, gnorm=11.088, clip=100, loss_scale=16, train_wall=40, gb_free=7.3, wall=101447
2023-04-09 17:54:15 - progress_bar.py[line:272] - INFO: epoch 010:    546 / 1878 loss=2.746, loss_v1=0, loss_v2=0, nll_loss=1.515, ntokens=320, nsentences=64, sample_size=320, sample_size_v1=0, sample_size_v2=0, ppl=2.86, wps=78.4, ups=0.24, wpb=320, bsz=64, num_updates=17420, lr=3.85182e-06, gnorm=12.921, clip=100, loss_scale=16, train_wall=41, gb_free=7.3, wall=101488
2023-04-09 17:54:56 - progress_bar.py[line:272] - INFO: epoch 010:    556 / 1878 loss=2.819, loss_v1=0, loss_v2=0, nll_loss=1.595, ntokens=320, nsentences=64, sample_size=320, sample_size_v1=0, sample_size_v2=0, ppl=3.02, wps=78.6, ups=0.25, wpb=320, bsz=64, num_updates=17430, lr=3.8235e-06, gnorm=12.099, clip=100, loss_scale=16, train_wall=40, gb_free=7.3, wall=101529
2023-04-09 17:55:37 - progress_bar.py[line:272] - INFO: epoch 010:    566 / 1878 loss=2.749, loss_v1=0, loss_v2=0, nll_loss=1.522, ntokens=320, nsentences=64, sample_size=320, sample_size_v1=0, sample_size_v2=0, ppl=2.87, wps=78.3, ups=0.24, wpb=320, bsz=64, num_updates=17440, lr=3.79517e-06, gnorm=11.334, clip=100, loss_scale=16, train_wall=41, gb_free=7.3, wall=101570
2023-04-09 17:56:17 - progress_bar.py[line:272] - INFO: epoch 010:    576 / 1878 loss=2.806, loss_v1=0, loss_v2=0, nll_loss=1.58, ntokens=320, nsentences=64, sample_size=320, sample_size_v1=0, sample_size_v2=0, ppl=2.99, wps=78.9, ups=0.25, wpb=320, bsz=64, num_updates=17450, lr=3.76685e-06, gnorm=11.15, clip=100, loss_scale=16, train_wall=40, gb_free=7.3, wall=101610
2023-04-09 17:56:58 - progress_bar.py[line:272] - INFO: epoch 010:    586 / 1878 loss=2.849, loss_v1=0, loss_v2=0, nll_loss=1.63, ntokens=320, nsentences=64, sample_size=320, sample_size_v1=0, sample_size_v2=0, ppl=3.1, wps=78.5, ups=0.25, wpb=320, bsz=64, num_updates=17460, lr=3.73853e-06, gnorm=14.467, clip=100, loss_scale=16, train_wall=41, gb_free=7.3, wall=101651
2023-04-09 17:57:39 - progress_bar.py[line:272] - INFO: epoch 010:    596 / 1878 loss=2.783, loss_v1=0, loss_v2=0, nll_loss=1.556, ntokens=320, nsentences=64, sample_size=320, sample_size_v1=0, sample_size_v2=0, ppl=2.94, wps=78, ups=0.24, wpb=320, bsz=64, num_updates=17470, lr=3.71021e-06, gnorm=10.742, clip=100, loss_scale=16, train_wall=41, gb_free=7.3, wall=101692
2023-04-09 17:58:20 - progress_bar.py[line:272] - INFO: epoch 010:    606 / 1878 loss=2.782, loss_v1=0, loss_v2=0, nll_loss=1.554, ntokens=320, nsentences=64, sample_size=320, sample_size_v1=0, sample_size_v2=0, ppl=2.94, wps=78.9, ups=0.25, wpb=320, bsz=64, num_updates=17480, lr=3.68189e-06, gnorm=10.691, clip=100, loss_scale=16, train_wall=40, gb_free=7.3, wall=101733
2023-04-09 17:59:00 - progress_bar.py[line:272] - INFO: epoch 010:    616 / 1878 loss=2.743, loss_v1=0, loss_v2=0, nll_loss=1.509, ntokens=320, nsentences=64, sample_size=320, sample_size_v1=0, sample_size_v2=0, ppl=2.85, wps=79, ups=0.25, wpb=320, bsz=64, num_updates=17490, lr=3.65356e-06, gnorm=10.713, clip=100, loss_scale=16, train_wall=40, gb_free=7.3, wall=101773
2023-04-09 17:59:41 - progress_bar.py[line:272] - INFO: epoch 010:    626 / 1878 loss=2.784, loss_v1=0, loss_v2=0, nll_loss=1.558, ntokens=320, nsentences=64, sample_size=320, sample_size_v1=0, sample_size_v2=0, ppl=2.94, wps=78.7, ups=0.25, wpb=320, bsz=64, num_updates=17500, lr=3.62524e-06, gnorm=10.194, clip=100, loss_scale=16, train_wall=40, gb_free=7.3, wall=101814
2023-04-09 17:59:41 - train.py[line:445] - INFO: begin validation on "valid" subset
slice_id 0 seek offset 0
slice_id 1 seek offset 5379
slice_id 0 seek offset 0
slice_id 1 seek offset 5379
2023-04-09 18:10:53 - progress_bar.py[line:282] - INFO: epoch 010 | valid on 'valid' subset | loss 5.745 | loss_v1 0 | loss_v2 0 | nll_loss 4.835 | ntokens 39.993 | nsentences 7.999 | sample_size 39.993 | sample_size_v1 0 | sample_size_v2 0 | ppl 28.54 | score 0.3733 | wps 80.1 | wpb 40 | bsz 8 | num_updates 17500 | best_score 0.4586
2023-04-09 18:10:53 - checkpoint_utils.py[line:64] - INFO: Preparing to save checkpoint for epoch 10 @ 17500 updates
2023-04-09 18:10:53 - trainer.py[line:431] - INFO: Saving checkpoint to ./refcocoplus_EC_checkpoints_exp2/10_5e-5_512/checkpoint_10_17500.pt
2023-04-09 18:11:12 - trainer.py[line:441] - INFO: Finished saving checkpoint to ./refcocoplus_EC_checkpoints_exp2/10_5e-5_512/checkpoint_10_17500.pt
2023-04-09 18:11:21 - checkpoint_utils.py[line:133] - INFO: Saved checkpoint ./refcocoplus_EC_checkpoints_exp2/10_5e-5_512/checkpoint_10_17500.pt (epoch 10 @ 17500 updates, score 0.3733) (writing took 28.529608725570142 seconds)
2023-04-09 18:12:02 - progress_bar.py[line:272] - INFO: epoch 010:    636 / 1878 loss=2.785, loss_v1=0, loss_v2=0, nll_loss=1.558, ntokens=320, nsentences=64, sample_size=320, sample_size_v1=0, sample_size_v2=0, ppl=2.94, wps=4.3, ups=0.01, wpb=320, bsz=64, num_updates=17510, lr=3.59692e-06, gnorm=12.323, clip=100, loss_scale=16, train_wall=40, gb_free=7.3, wall=102555
2023-04-09 18:12:42 - progress_bar.py[line:272] - INFO: epoch 010:    646 / 1878 loss=2.784, loss_v1=0, loss_v2=0, nll_loss=1.557, ntokens=320, nsentences=64, sample_size=320, sample_size_v1=0, sample_size_v2=0, ppl=2.94, wps=78.5, ups=0.25, wpb=320, bsz=64, num_updates=17520, lr=3.5686e-06, gnorm=11.169, clip=100, loss_scale=16, train_wall=41, gb_free=7.3, wall=102596
2023-04-09 18:13:23 - progress_bar.py[line:272] - INFO: epoch 010:    656 / 1878 loss=2.802, loss_v1=0, loss_v2=0, nll_loss=1.576, ntokens=320, nsentences=64, sample_size=320, sample_size_v1=0, sample_size_v2=0, ppl=2.98, wps=78.6, ups=0.25, wpb=320, bsz=64, num_updates=17530, lr=3.54027e-06, gnorm=11.16, clip=100, loss_scale=16, train_wall=41, gb_free=7.3, wall=102636
2023-04-09 18:14:04 - progress_bar.py[line:272] - INFO: epoch 010:    666 / 1878 loss=2.811, loss_v1=0, loss_v2=0, nll_loss=1.588, ntokens=320, nsentences=64, sample_size=320, sample_size_v1=0, sample_size_v2=0, ppl=3.01, wps=78.4, ups=0.25, wpb=320, bsz=64, num_updates=17540, lr=3.51195e-06, gnorm=11.659, clip=100, loss_scale=16, train_wall=41, gb_free=7.3, wall=102677
2023-04-09 18:14:45 - progress_bar.py[line:272] - INFO: epoch 010:    676 / 1878 loss=2.767, loss_v1=0, loss_v2=0, nll_loss=1.537, ntokens=320, nsentences=64, sample_size=320, sample_size_v1=0, sample_size_v2=0, ppl=2.9, wps=78.3, ups=0.24, wpb=320, bsz=64, num_updates=17550, lr=3.48363e-06, gnorm=11.501, clip=100, loss_scale=16, train_wall=41, gb_free=7.3, wall=102718
2023-04-09 18:15:25 - progress_bar.py[line:272] - INFO: epoch 010:    686 / 1878 loss=2.787, loss_v1=0, loss_v2=0, nll_loss=1.561, ntokens=320, nsentences=64, sample_size=320, sample_size_v1=0, sample_size_v2=0, ppl=2.95, wps=78.7, ups=0.25, wpb=320, bsz=64, num_updates=17560, lr=3.45531e-06, gnorm=11.935, clip=100, loss_scale=16, train_wall=40, gb_free=7.3, wall=102759
2023-04-09 18:16:07 - progress_bar.py[line:272] - INFO: epoch 010:    696 / 1878 loss=2.777, loss_v1=0, loss_v2=0, nll_loss=1.55, ntokens=320, nsentences=64, sample_size=320, sample_size_v1=0, sample_size_v2=0, ppl=2.93, wps=77.9, ups=0.24, wpb=320, bsz=64, num_updates=17570, lr=3.42699e-06, gnorm=11.259, clip=100, loss_scale=16, train_wall=41, gb_free=7.3, wall=102800
2023-04-09 18:16:47 - progress_bar.py[line:272] - INFO: epoch 010:    706 / 1878 loss=2.817, loss_v1=0, loss_v2=0, nll_loss=1.593, ntokens=320, nsentences=64, sample_size=320, sample_size_v1=0, sample_size_v2=0, ppl=3.02, wps=78.2, ups=0.24, wpb=320, bsz=64, num_updates=17580, lr=3.39866e-06, gnorm=12.221, clip=100, loss_scale=16, train_wall=41, gb_free=7.3, wall=102841
2023-04-09 18:17:28 - progress_bar.py[line:272] - INFO: epoch 010:    716 / 1878 loss=2.722, loss_v1=0, loss_v2=0, nll_loss=1.486, ntokens=320, nsentences=64, sample_size=320, sample_size_v1=0, sample_size_v2=0, ppl=2.8, wps=78.1, ups=0.24, wpb=320, bsz=64, num_updates=17590, lr=3.37034e-06, gnorm=10.275, clip=100, loss_scale=16, train_wall=41, gb_free=7.3, wall=102882
2023-04-09 18:18:09 - progress_bar.py[line:272] - INFO: epoch 010:    726 / 1878 loss=2.778, loss_v1=0, loss_v2=0, nll_loss=1.549, ntokens=320, nsentences=64, sample_size=320, sample_size_v1=0, sample_size_v2=0, ppl=2.93, wps=78.3, ups=0.24, wpb=320, bsz=64, num_updates=17600, lr=3.34202e-06, gnorm=11.892, clip=100, loss_scale=16, train_wall=41, gb_free=7.3, wall=102922
2023-04-09 18:18:50 - progress_bar.py[line:272] - INFO: epoch 010:    736 / 1878 loss=2.8, loss_v1=0, loss_v2=0, nll_loss=1.573, ntokens=320, nsentences=64, sample_size=320, sample_size_v1=0, sample_size_v2=0, ppl=2.98, wps=78.5, ups=0.25, wpb=320, bsz=64, num_updates=17610, lr=3.3137e-06, gnorm=10.495, clip=100, loss_scale=16, train_wall=41, gb_free=7.3, wall=102963
2023-04-09 18:19:31 - progress_bar.py[line:272] - INFO: epoch 010:    746 / 1878 loss=2.765, loss_v1=0, loss_v2=0, nll_loss=1.533, ntokens=320, nsentences=64, sample_size=320, sample_size_v1=0, sample_size_v2=0, ppl=2.89, wps=78.7, ups=0.25, wpb=320, bsz=64, num_updates=17620, lr=3.28537e-06, gnorm=10.196, clip=100, loss_scale=16, train_wall=40, gb_free=7.3, wall=103004
2023-04-09 18:20:11 - progress_bar.py[line:272] - INFO: epoch 010:    756 / 1878 loss=2.734, loss_v1=0, loss_v2=0, nll_loss=1.499, ntokens=320, nsentences=64, sample_size=320, sample_size_v1=0, sample_size_v2=0, ppl=2.83, wps=78.7, ups=0.25, wpb=320, bsz=64, num_updates=17630, lr=3.25705e-06, gnorm=10.502, clip=100, loss_scale=16, train_wall=40, gb_free=7.3, wall=103045
2023-04-09 18:20:52 - progress_bar.py[line:272] - INFO: epoch 010:    766 / 1878 loss=2.76, loss_v1=0, loss_v2=0, nll_loss=1.529, ntokens=320, nsentences=64, sample_size=320, sample_size_v1=0, sample_size_v2=0, ppl=2.89, wps=78.8, ups=0.25, wpb=320, bsz=64, num_updates=17640, lr=3.22873e-06, gnorm=11.261, clip=100, loss_scale=16, train_wall=40, gb_free=7.3, wall=103085
2023-04-09 18:21:33 - progress_bar.py[line:272] - INFO: epoch 010:    776 / 1878 loss=2.728, loss_v1=0, loss_v2=0, nll_loss=1.491, ntokens=320, nsentences=64, sample_size=320, sample_size_v1=0, sample_size_v2=0, ppl=2.81, wps=78.5, ups=0.25, wpb=320, bsz=64, num_updates=17650, lr=3.20041e-06, gnorm=10.314, clip=100, loss_scale=16, train_wall=40, gb_free=7.3, wall=103126
2023-04-09 18:22:14 - progress_bar.py[line:272] - INFO: epoch 010:    786 / 1878 loss=2.72, loss_v1=0, loss_v2=0, nll_loss=1.487, ntokens=320, nsentences=64, sample_size=320, sample_size_v1=0, sample_size_v2=0, ppl=2.8, wps=78.6, ups=0.25, wpb=320, bsz=64, num_updates=17660, lr=3.17209e-06, gnorm=9.65, clip=100, loss_scale=16, train_wall=41, gb_free=7.3, wall=103167
2023-04-09 18:22:54 - progress_bar.py[line:272] - INFO: epoch 010:    796 / 1878 loss=2.764, loss_v1=0, loss_v2=0, nll_loss=1.534, ntokens=320, nsentences=64, sample_size=320, sample_size_v1=0, sample_size_v2=0, ppl=2.9, wps=78.1, ups=0.24, wpb=320, bsz=64, num_updates=17670, lr=3.14376e-06, gnorm=11.329, clip=100, loss_scale=16, train_wall=41, gb_free=7.3, wall=103208
2023-04-09 18:23:35 - progress_bar.py[line:272] - INFO: epoch 010:    806 / 1878 loss=2.782, loss_v1=0, loss_v2=0, nll_loss=1.555, ntokens=320, nsentences=64, sample_size=320, sample_size_v1=0, sample_size_v2=0, ppl=2.94, wps=78, ups=0.24, wpb=320, bsz=64, num_updates=17680, lr=3.11544e-06, gnorm=11.118, clip=100, loss_scale=16, train_wall=41, gb_free=7.3, wall=103249
2023-04-09 18:24:16 - progress_bar.py[line:272] - INFO: epoch 010:    816 / 1878 loss=2.72, loss_v1=0, loss_v2=0, nll_loss=1.485, ntokens=320, nsentences=64, sample_size=320, sample_size_v1=0, sample_size_v2=0, ppl=2.8, wps=78, ups=0.24, wpb=320, bsz=64, num_updates=17690, lr=3.08712e-06, gnorm=10.101, clip=100, loss_scale=32, train_wall=41, gb_free=7.3, wall=103290
2023-04-09 18:24:58 - progress_bar.py[line:272] - INFO: epoch 010:    826 / 1878 loss=2.784, loss_v1=0, loss_v2=0, nll_loss=1.556, ntokens=320, nsentences=64, sample_size=320, sample_size_v1=0, sample_size_v2=0, ppl=2.94, wps=78, ups=0.24, wpb=320, bsz=64, num_updates=17700, lr=3.0588e-06, gnorm=11.682, clip=100, loss_scale=32, train_wall=41, gb_free=7.3, wall=103331
2023-04-09 18:25:38 - progress_bar.py[line:272] - INFO: epoch 010:    836 / 1878 loss=2.73, loss_v1=0, loss_v2=0, nll_loss=1.495, ntokens=320, nsentences=64, sample_size=320, sample_size_v1=0, sample_size_v2=0, ppl=2.82, wps=78.1, ups=0.24, wpb=320, bsz=64, num_updates=17710, lr=3.03047e-06, gnorm=9.892, clip=100, loss_scale=32, train_wall=41, gb_free=7.3, wall=103372
2023-04-09 18:26:19 - progress_bar.py[line:272] - INFO: epoch 010:    846 / 1878 loss=2.724, loss_v1=0, loss_v2=0, nll_loss=1.485, ntokens=320, nsentences=64, sample_size=320, sample_size_v1=0, sample_size_v2=0, ppl=2.8, wps=78.7, ups=0.25, wpb=320, bsz=64, num_updates=17720, lr=3.00215e-06, gnorm=10.434, clip=100, loss_scale=32, train_wall=40, gb_free=7.3, wall=103412
2023-04-09 18:27:00 - progress_bar.py[line:272] - INFO: epoch 010:    856 / 1878 loss=2.72, loss_v1=0, loss_v2=0, nll_loss=1.485, ntokens=320, nsentences=64, sample_size=320, sample_size_v1=0, sample_size_v2=0, ppl=2.8, wps=78.3, ups=0.24, wpb=320, bsz=64, num_updates=17730, lr=2.97383e-06, gnorm=10.668, clip=100, loss_scale=32, train_wall=41, gb_free=7.3, wall=103453
2023-04-09 18:27:41 - progress_bar.py[line:272] - INFO: epoch 010:    866 / 1878 loss=2.765, loss_v1=0, loss_v2=0, nll_loss=1.538, ntokens=320, nsentences=64, sample_size=320, sample_size_v1=0, sample_size_v2=0, ppl=2.9, wps=78.7, ups=0.25, wpb=320, bsz=64, num_updates=17740, lr=2.94551e-06, gnorm=10.22, clip=100, loss_scale=32, train_wall=40, gb_free=7.3, wall=103494
2023-04-09 18:28:21 - progress_bar.py[line:272] - INFO: epoch 010:    876 / 1878 loss=2.763, loss_v1=0, loss_v2=0, nll_loss=1.532, ntokens=320, nsentences=64, sample_size=320, sample_size_v1=0, sample_size_v2=0, ppl=2.89, wps=78.9, ups=0.25, wpb=320, bsz=64, num_updates=17750, lr=2.91719e-06, gnorm=10.842, clip=100, loss_scale=32, train_wall=40, gb_free=7.3, wall=103534
2023-04-09 18:29:02 - progress_bar.py[line:272] - INFO: epoch 010:    886 / 1878 loss=2.772, loss_v1=0, loss_v2=0, nll_loss=1.545, ntokens=320, nsentences=64, sample_size=320, sample_size_v1=0, sample_size_v2=0, ppl=2.92, wps=78.5, ups=0.25, wpb=320, bsz=64, num_updates=17760, lr=2.88886e-06, gnorm=10.401, clip=100, loss_scale=32, train_wall=40, gb_free=7.3, wall=103575
2023-04-09 18:29:43 - progress_bar.py[line:272] - INFO: epoch 010:    896 / 1878 loss=2.724, loss_v1=0, loss_v2=0, nll_loss=1.487, ntokens=320, nsentences=64, sample_size=320, sample_size_v1=0, sample_size_v2=0, ppl=2.8, wps=78.7, ups=0.25, wpb=320, bsz=64, num_updates=17770, lr=2.86054e-06, gnorm=10.819, clip=100, loss_scale=32, train_wall=40, gb_free=7.3, wall=103616
2023-04-09 18:30:24 - progress_bar.py[line:272] - INFO: epoch 010:    906 / 1878 loss=2.746, loss_v1=0, loss_v2=0, nll_loss=1.515, ntokens=320, nsentences=64, sample_size=320, sample_size_v1=0, sample_size_v2=0, ppl=2.86, wps=78.3, ups=0.24, wpb=320, bsz=64, num_updates=17780, lr=2.83222e-06, gnorm=9.452, clip=100, loss_scale=32, train_wall=41, gb_free=7.3, wall=103657
2023-04-09 18:31:04 - progress_bar.py[line:272] - INFO: epoch 010:    916 / 1878 loss=2.753, loss_v1=0, loss_v2=0, nll_loss=1.52, ntokens=320, nsentences=64, sample_size=320, sample_size_v1=0, sample_size_v2=0, ppl=2.87, wps=78.5, ups=0.25, wpb=320, bsz=64, num_updates=17790, lr=2.8039e-06, gnorm=10.23, clip=100, loss_scale=32, train_wall=40, gb_free=7.3, wall=103697
2023-04-09 18:31:45 - progress_bar.py[line:272] - INFO: epoch 010:    926 / 1878 loss=2.749, loss_v1=0, loss_v2=0, nll_loss=1.514, ntokens=320, nsentences=64, sample_size=320, sample_size_v1=0, sample_size_v2=0, ppl=2.86, wps=78.7, ups=0.25, wpb=320, bsz=64, num_updates=17800, lr=2.77557e-06, gnorm=10.575, clip=100, loss_scale=32, train_wall=40, gb_free=7.3, wall=103738
2023-04-09 18:32:26 - progress_bar.py[line:272] - INFO: epoch 010:    936 / 1878 loss=2.731, loss_v1=0, loss_v2=0, nll_loss=1.496, ntokens=320, nsentences=64, sample_size=320, sample_size_v1=0, sample_size_v2=0, ppl=2.82, wps=78.8, ups=0.25, wpb=320, bsz=64, num_updates=17810, lr=2.74725e-06, gnorm=9.661, clip=100, loss_scale=32, train_wall=40, gb_free=7.3, wall=103779
2023-04-09 18:33:07 - progress_bar.py[line:272] - INFO: epoch 010:    946 / 1878 loss=2.698, loss_v1=0, loss_v2=0, nll_loss=1.459, ntokens=320, nsentences=64, sample_size=320, sample_size_v1=0, sample_size_v2=0, ppl=2.75, wps=78, ups=0.24, wpb=320, bsz=64, num_updates=17820, lr=2.71893e-06, gnorm=9.37, clip=100, loss_scale=32, train_wall=41, gb_free=7.3, wall=103820
2023-04-09 18:33:48 - progress_bar.py[line:272] - INFO: epoch 010:    956 / 1878 loss=2.723, loss_v1=0, loss_v2=0, nll_loss=1.489, ntokens=320, nsentences=64, sample_size=320, sample_size_v1=0, sample_size_v2=0, ppl=2.81, wps=78, ups=0.24, wpb=320, bsz=64, num_updates=17830, lr=2.69061e-06, gnorm=10.561, clip=100, loss_scale=32, train_wall=41, gb_free=7.3, wall=103861
2023-04-09 18:34:29 - progress_bar.py[line:272] - INFO: epoch 010:    966 / 1878 loss=2.725, loss_v1=0, loss_v2=0, nll_loss=1.49, ntokens=320, nsentences=64, sample_size=320, sample_size_v1=0, sample_size_v2=0, ppl=2.81, wps=78, ups=0.24, wpb=320, bsz=64, num_updates=17840, lr=2.66229e-06, gnorm=10.064, clip=100, loss_scale=32, train_wall=41, gb_free=7.3, wall=103902
2023-04-09 18:35:10 - progress_bar.py[line:272] - INFO: epoch 010:    976 / 1878 loss=2.746, loss_v1=0, loss_v2=0, nll_loss=1.515, ntokens=320, nsentences=64, sample_size=320, sample_size_v1=0, sample_size_v2=0, ppl=2.86, wps=78.2, ups=0.24, wpb=320, bsz=64, num_updates=17850, lr=2.63396e-06, gnorm=10.037, clip=100, loss_scale=32, train_wall=41, gb_free=7.3, wall=103943
2023-04-09 18:35:50 - progress_bar.py[line:272] - INFO: epoch 010:    986 / 1878 loss=2.693, loss_v1=0, loss_v2=0, nll_loss=1.458, ntokens=320, nsentences=64, sample_size=320, sample_size_v1=0, sample_size_v2=0, ppl=2.75, wps=78.2, ups=0.24, wpb=320, bsz=64, num_updates=17860, lr=2.60564e-06, gnorm=9.854, clip=100, loss_scale=32, train_wall=41, gb_free=7.3, wall=103984
2023-04-09 18:36:31 - progress_bar.py[line:272] - INFO: epoch 010:    996 / 1878 loss=2.772, loss_v1=0, loss_v2=0, nll_loss=1.538, ntokens=320, nsentences=64, sample_size=320, sample_size_v1=0, sample_size_v2=0, ppl=2.9, wps=78.1, ups=0.24, wpb=320, bsz=64, num_updates=17870, lr=2.57732e-06, gnorm=11.088, clip=100, loss_scale=32, train_wall=41, gb_free=7.3, wall=104025
2023-04-09 18:37:12 - progress_bar.py[line:272] - INFO: epoch 010:   1006 / 1878 loss=2.786, loss_v1=0, loss_v2=0, nll_loss=1.561, ntokens=320, nsentences=64, sample_size=320, sample_size_v1=0, sample_size_v2=0, ppl=2.95, wps=78.1, ups=0.24, wpb=320, bsz=64, num_updates=17880, lr=2.549e-06, gnorm=10.083, clip=100, loss_scale=32, train_wall=41, gb_free=7.3, wall=104066
2023-04-09 18:37:53 - progress_bar.py[line:272] - INFO: epoch 010:   1016 / 1878 loss=2.713, loss_v1=0, loss_v2=0, nll_loss=1.476, ntokens=320, nsentences=64, sample_size=320, sample_size_v1=0, sample_size_v2=0, ppl=2.78, wps=78.2, ups=0.24, wpb=320, bsz=64, num_updates=17890, lr=2.52068e-06, gnorm=10.611, clip=100, loss_scale=32, train_wall=41, gb_free=7.3, wall=104106
2023-04-09 18:38:34 - progress_bar.py[line:272] - INFO: epoch 010:   1026 / 1878 loss=2.783, loss_v1=0, loss_v2=0, nll_loss=1.554, ntokens=320, nsentences=64, sample_size=320, sample_size_v1=0, sample_size_v2=0, ppl=2.94, wps=78.5, ups=0.25, wpb=320, bsz=64, num_updates=17900, lr=2.49235e-06, gnorm=9.936, clip=100, loss_scale=32, train_wall=41, gb_free=7.3, wall=104147
2023-04-09 18:39:15 - progress_bar.py[line:272] - INFO: epoch 010:   1036 / 1878 loss=2.726, loss_v1=0, loss_v2=0, nll_loss=1.489, ntokens=320, nsentences=64, sample_size=320, sample_size_v1=0, sample_size_v2=0, ppl=2.81, wps=78.7, ups=0.25, wpb=320, bsz=64, num_updates=17910, lr=2.46403e-06, gnorm=9.75, clip=100, loss_scale=32, train_wall=40, gb_free=7.3, wall=104188
2023-04-09 18:39:55 - progress_bar.py[line:272] - INFO: epoch 010:   1046 / 1878 loss=2.717, loss_v1=0, loss_v2=0, nll_loss=1.483, ntokens=320, nsentences=64, sample_size=320, sample_size_v1=0, sample_size_v2=0, ppl=2.79, wps=78.9, ups=0.25, wpb=320, bsz=64, num_updates=17920, lr=2.43571e-06, gnorm=10.028, clip=100, loss_scale=32, train_wall=40, gb_free=7.3, wall=104228
2023-04-09 18:40:36 - progress_bar.py[line:272] - INFO: epoch 010:   1056 / 1878 loss=2.738, loss_v1=0, loss_v2=0, nll_loss=1.505, ntokens=320, nsentences=64, sample_size=320, sample_size_v1=0, sample_size_v2=0, ppl=2.84, wps=78.5, ups=0.25, wpb=320, bsz=64, num_updates=17930, lr=2.40739e-06, gnorm=9.839, clip=100, loss_scale=32, train_wall=40, gb_free=7.3, wall=104269
2023-04-09 18:41:17 - progress_bar.py[line:272] - INFO: epoch 010:   1066 / 1878 loss=2.698, loss_v1=0, loss_v2=0, nll_loss=1.462, ntokens=320, nsentences=64, sample_size=320, sample_size_v1=0, sample_size_v2=0, ppl=2.75, wps=78.4, ups=0.25, wpb=320, bsz=64, num_updates=17940, lr=2.37906e-06, gnorm=9.398, clip=100, loss_scale=32, train_wall=41, gb_free=7.3, wall=104310
2023-04-09 18:41:58 - progress_bar.py[line:272] - INFO: epoch 010:   1076 / 1878 loss=2.756, loss_v1=0, loss_v2=0, nll_loss=1.523, ntokens=320, nsentences=64, sample_size=320, sample_size_v1=0, sample_size_v2=0, ppl=2.87, wps=78.5, ups=0.25, wpb=320, bsz=64, num_updates=17950, lr=2.35074e-06, gnorm=10.276, clip=100, loss_scale=32, train_wall=41, gb_free=7.3, wall=104351
2023-04-09 18:42:38 - progress_bar.py[line:272] - INFO: epoch 010:   1086 / 1878 loss=2.739, loss_v1=0, loss_v2=0, nll_loss=1.507, ntokens=320, nsentences=64, sample_size=320, sample_size_v1=0, sample_size_v2=0, ppl=2.84, wps=78.6, ups=0.25, wpb=320, bsz=64, num_updates=17960, lr=2.32242e-06, gnorm=10.352, clip=100, loss_scale=32, train_wall=41, gb_free=7.3, wall=104391
2023-04-09 18:43:19 - progress_bar.py[line:272] - INFO: epoch 010:   1096 / 1878 loss=2.698, loss_v1=0, loss_v2=0, nll_loss=1.459, ntokens=320, nsentences=64, sample_size=320, sample_size_v1=0, sample_size_v2=0, ppl=2.75, wps=77.9, ups=0.24, wpb=320, bsz=64, num_updates=17970, lr=2.2941e-06, gnorm=9.623, clip=100, loss_scale=32, train_wall=41, gb_free=7.3, wall=104433
2023-04-09 18:44:00 - progress_bar.py[line:272] - INFO: epoch 010:   1106 / 1878 loss=2.735, loss_v1=0, loss_v2=0, nll_loss=1.5, ntokens=320, nsentences=64, sample_size=320, sample_size_v1=0, sample_size_v2=0, ppl=2.83, wps=78.7, ups=0.25, wpb=320, bsz=64, num_updates=17980, lr=2.26578e-06, gnorm=9.368, clip=100, loss_scale=32, train_wall=40, gb_free=7.3, wall=104473
2023-04-09 18:44:41 - progress_bar.py[line:272] - INFO: epoch 010:   1116 / 1878 loss=2.724, loss_v1=0, loss_v2=0, nll_loss=1.489, ntokens=320, nsentences=64, sample_size=320, sample_size_v1=0, sample_size_v2=0, ppl=2.81, wps=78.7, ups=0.25, wpb=320, bsz=64, num_updates=17990, lr=2.23745e-06, gnorm=10.325, clip=100, loss_scale=32, train_wall=40, gb_free=7.3, wall=104514
2023-04-09 18:45:21 - progress_bar.py[line:272] - INFO: epoch 010:   1126 / 1878 loss=2.691, loss_v1=0, loss_v2=0, nll_loss=1.455, ntokens=320, nsentences=64, sample_size=320, sample_size_v1=0, sample_size_v2=0, ppl=2.74, wps=78.5, ups=0.25, wpb=320, bsz=64, num_updates=18000, lr=2.20913e-06, gnorm=10.083, clip=100, loss_scale=32, train_wall=41, gb_free=7.3, wall=104555
2023-04-09 18:45:21 - train.py[line:445] - INFO: begin validation on "valid" subset
slice_id 0 seek offset 0
slice_id 1 seek offset 5379
slice_id 0 seek offset 0
slice_id 1 seek offset 5379
2023-04-09 18:56:34 - progress_bar.py[line:282] - INFO: epoch 010 | valid on 'valid' subset | loss 5.8 | loss_v1 0 | loss_v2 0 | nll_loss 4.896 | ntokens 39.993 | nsentences 7.999 | sample_size 39.993 | sample_size_v1 0 | sample_size_v2 0 | ppl 29.77 | score 0.3787 | wps 80.1 | wpb 40 | bsz 8 | num_updates 18000 | best_score 0.4586
2023-04-09 18:56:34 - checkpoint_utils.py[line:64] - INFO: Preparing to save checkpoint for epoch 10 @ 18000 updates
2023-04-09 18:56:34 - trainer.py[line:431] - INFO: Saving checkpoint to ./refcocoplus_EC_checkpoints_exp2/10_5e-5_512/checkpoint_10_18000.pt
2023-04-09 18:56:52 - trainer.py[line:441] - INFO: Finished saving checkpoint to ./refcocoplus_EC_checkpoints_exp2/10_5e-5_512/checkpoint_10_18000.pt
2023-04-09 18:57:02 - checkpoint_utils.py[line:133] - INFO: Saved checkpoint ./refcocoplus_EC_checkpoints_exp2/10_5e-5_512/checkpoint_10_18000.pt (epoch 10 @ 18000 updates, score 0.3787) (writing took 28.262393161654472 seconds)
2023-04-09 18:57:42 - progress_bar.py[line:272] - INFO: epoch 010:   1136 / 1878 loss=2.757, loss_v1=0, loss_v2=0, nll_loss=1.526, ntokens=320, nsentences=64, sample_size=320, sample_size_v1=0, sample_size_v2=0, ppl=2.88, wps=4.3, ups=0.01, wpb=320, bsz=64, num_updates=18010, lr=2.18081e-06, gnorm=10.072, clip=100, loss_scale=32, train_wall=40, gb_free=7.3, wall=105295
2023-04-09 18:58:23 - progress_bar.py[line:272] - INFO: epoch 010:   1146 / 1878 loss=2.782, loss_v1=0, loss_v2=0, nll_loss=1.556, ntokens=320, nsentences=64, sample_size=320, sample_size_v1=0, sample_size_v2=0, ppl=2.94, wps=78.4, ups=0.24, wpb=320, bsz=64, num_updates=18020, lr=2.15249e-06, gnorm=11.866, clip=100, loss_scale=32, train_wall=41, gb_free=7.3, wall=105336
2023-04-09 18:59:03 - progress_bar.py[line:272] - INFO: epoch 010:   1156 / 1878 loss=2.736, loss_v1=0, loss_v2=0, nll_loss=1.504, ntokens=320, nsentences=64, sample_size=320, sample_size_v1=0, sample_size_v2=0, ppl=2.84, wps=78.3, ups=0.24, wpb=320, bsz=64, num_updates=18030, lr=2.12416e-06, gnorm=10.094, clip=100, loss_scale=32, train_wall=41, gb_free=7.3, wall=105377
2023-04-09 18:59:44 - progress_bar.py[line:272] - INFO: epoch 010:   1166 / 1878 loss=2.754, loss_v1=0, loss_v2=0, nll_loss=1.525, ntokens=320, nsentences=64, sample_size=320, sample_size_v1=0, sample_size_v2=0, ppl=2.88, wps=78.6, ups=0.25, wpb=320, bsz=64, num_updates=18040, lr=2.09584e-06, gnorm=9.736, clip=100, loss_scale=32, train_wall=41, gb_free=7.3, wall=105417
2023-04-09 19:00:25 - progress_bar.py[line:272] - INFO: epoch 010:   1176 / 1878 loss=2.754, loss_v1=0, loss_v2=0, nll_loss=1.524, ntokens=320, nsentences=64, sample_size=320, sample_size_v1=0, sample_size_v2=0, ppl=2.88, wps=78.6, ups=0.25, wpb=320, bsz=64, num_updates=18050, lr=2.06752e-06, gnorm=10.536, clip=100, loss_scale=32, train_wall=40, gb_free=7.3, wall=105458
2023-04-09 19:01:06 - progress_bar.py[line:272] - INFO: epoch 010:   1186 / 1878 loss=2.748, loss_v1=0, loss_v2=0, nll_loss=1.511, ntokens=320, nsentences=64, sample_size=320, sample_size_v1=0, sample_size_v2=0, ppl=2.85, wps=78, ups=0.24, wpb=320, bsz=64, num_updates=18060, lr=2.0392e-06, gnorm=11.918, clip=100, loss_scale=32, train_wall=41, gb_free=7.3, wall=105499
2023-04-09 19:01:47 - progress_bar.py[line:272] - INFO: epoch 010:   1196 / 1878 loss=2.783, loss_v1=0, loss_v2=0, nll_loss=1.555, ntokens=320, nsentences=64, sample_size=320, sample_size_v1=0, sample_size_v2=0, ppl=2.94, wps=78, ups=0.24, wpb=320, bsz=64, num_updates=18070, lr=2.01088e-06, gnorm=10.388, clip=100, loss_scale=32, train_wall=41, gb_free=7.3, wall=105540
2023-04-09 19:02:28 - progress_bar.py[line:272] - INFO: epoch 010:   1206 / 1878 loss=2.744, loss_v1=0, loss_v2=0, nll_loss=1.511, ntokens=320, nsentences=64, sample_size=320, sample_size_v1=0, sample_size_v2=0, ppl=2.85, wps=78.1, ups=0.24, wpb=320, bsz=64, num_updates=18080, lr=1.98255e-06, gnorm=10.163, clip=100, loss_scale=32, train_wall=41, gb_free=7.3, wall=105581
2023-04-09 19:03:09 - progress_bar.py[line:272] - INFO: epoch 010:   1216 / 1878 loss=2.716, loss_v1=0, loss_v2=0, nll_loss=1.483, ntokens=320, nsentences=64, sample_size=320, sample_size_v1=0, sample_size_v2=0, ppl=2.79, wps=77.4, ups=0.24, wpb=320, bsz=64, num_updates=18090, lr=1.95423e-06, gnorm=10.042, clip=100, loss_scale=32, train_wall=41, gb_free=7.3, wall=105622
2023-04-09 19:03:50 - progress_bar.py[line:272] - INFO: epoch 010:   1226 / 1878 loss=2.703, loss_v1=0, loss_v2=0, nll_loss=1.465, ntokens=320, nsentences=64, sample_size=320, sample_size_v1=0, sample_size_v2=0, ppl=2.76, wps=77.8, ups=0.24, wpb=320, bsz=64, num_updates=18100, lr=1.92591e-06, gnorm=9.376, clip=100, loss_scale=32, train_wall=41, gb_free=7.3, wall=105664
2023-04-09 19:04:31 - progress_bar.py[line:272] - INFO: epoch 010:   1236 / 1878 loss=2.752, loss_v1=0, loss_v2=0, nll_loss=1.518, ntokens=320, nsentences=64, sample_size=320, sample_size_v1=0, sample_size_v2=0, ppl=2.86, wps=78.2, ups=0.24, wpb=320, bsz=64, num_updates=18110, lr=1.89759e-06, gnorm=11.324, clip=100, loss_scale=32, train_wall=41, gb_free=7.3, wall=105704
2023-04-09 19:05:12 - progress_bar.py[line:272] - INFO: epoch 010:   1246 / 1878 loss=2.714, loss_v1=0, loss_v2=0, nll_loss=1.474, ntokens=320, nsentences=64, sample_size=320, sample_size_v1=0, sample_size_v2=0, ppl=2.78, wps=78.7, ups=0.25, wpb=320, bsz=64, num_updates=18120, lr=1.86926e-06, gnorm=10.838, clip=100, loss_scale=32, train_wall=40, gb_free=7.3, wall=105745
2023-04-09 19:05:53 - progress_bar.py[line:272] - INFO: epoch 010:   1256 / 1878 loss=2.712, loss_v1=0, loss_v2=0, nll_loss=1.475, ntokens=320, nsentences=64, sample_size=320, sample_size_v1=0, sample_size_v2=0, ppl=2.78, wps=78.3, ups=0.24, wpb=320, bsz=64, num_updates=18130, lr=1.84094e-06, gnorm=10.311, clip=100, loss_scale=32, train_wall=41, gb_free=7.3, wall=105786
2023-04-09 19:06:33 - progress_bar.py[line:272] - INFO: epoch 010:   1266 / 1878 loss=2.771, loss_v1=0, loss_v2=0, nll_loss=1.54, ntokens=320, nsentences=64, sample_size=320, sample_size_v1=0, sample_size_v2=0, ppl=2.91, wps=79, ups=0.25, wpb=320, bsz=64, num_updates=18140, lr=1.81262e-06, gnorm=12.258, clip=100, loss_scale=32, train_wall=40, gb_free=7.3, wall=105826
2023-04-09 19:07:14 - progress_bar.py[line:272] - INFO: epoch 010:   1276 / 1878 loss=2.707, loss_v1=0, loss_v2=0, nll_loss=1.468, ntokens=320, nsentences=64, sample_size=320, sample_size_v1=0, sample_size_v2=0, ppl=2.77, wps=78.5, ups=0.25, wpb=320, bsz=64, num_updates=18150, lr=1.7843e-06, gnorm=9.624, clip=100, loss_scale=32, train_wall=41, gb_free=7.3, wall=105867
2023-04-09 19:07:55 - progress_bar.py[line:272] - INFO: epoch 010:   1286 / 1878 loss=2.738, loss_v1=0, loss_v2=0, nll_loss=1.506, ntokens=320, nsentences=64, sample_size=320, sample_size_v1=0, sample_size_v2=0, ppl=2.84, wps=78.9, ups=0.25, wpb=320, bsz=64, num_updates=18160, lr=1.75598e-06, gnorm=11.42, clip=100, loss_scale=32, train_wall=40, gb_free=7.3, wall=105908
2023-04-09 19:08:35 - progress_bar.py[line:272] - INFO: epoch 010:   1296 / 1878 loss=2.699, loss_v1=0, loss_v2=0, nll_loss=1.459, ntokens=320, nsentences=64, sample_size=320, sample_size_v1=0, sample_size_v2=0, ppl=2.75, wps=78.6, ups=0.25, wpb=320, bsz=64, num_updates=18170, lr=1.72765e-06, gnorm=9.4, clip=100, loss_scale=32, train_wall=40, gb_free=7.3, wall=105948
2023-04-09 19:09:16 - progress_bar.py[line:272] - INFO: epoch 010:   1306 / 1878 loss=2.731, loss_v1=0, loss_v2=0, nll_loss=1.495, ntokens=320, nsentences=64, sample_size=320, sample_size_v1=0, sample_size_v2=0, ppl=2.82, wps=77.7, ups=0.24, wpb=320, bsz=64, num_updates=18180, lr=1.69933e-06, gnorm=9.846, clip=100, loss_scale=32, train_wall=41, gb_free=7.3, wall=105990
2023-04-09 19:09:58 - progress_bar.py[line:272] - INFO: epoch 010:   1316 / 1878 loss=2.768, loss_v1=0, loss_v2=0, nll_loss=1.54, ntokens=320, nsentences=64, sample_size=320, sample_size_v1=0, sample_size_v2=0, ppl=2.91, wps=77.9, ups=0.24, wpb=320, bsz=64, num_updates=18190, lr=1.67101e-06, gnorm=10.813, clip=100, loss_scale=32, train_wall=41, gb_free=7.3, wall=106031
2023-04-09 19:10:38 - progress_bar.py[line:272] - INFO: epoch 010:   1326 / 1878 loss=2.704, loss_v1=0, loss_v2=0, nll_loss=1.466, ntokens=320, nsentences=64, sample_size=320, sample_size_v1=0, sample_size_v2=0, ppl=2.76, wps=78.5, ups=0.25, wpb=320, bsz=64, num_updates=18200, lr=1.64269e-06, gnorm=9.738, clip=100, loss_scale=64, train_wall=40, gb_free=7.3, wall=106071
2023-04-09 19:11:19 - progress_bar.py[line:272] - INFO: epoch 010:   1336 / 1878 loss=2.721, loss_v1=0, loss_v2=0, nll_loss=1.489, ntokens=320, nsentences=64, sample_size=320, sample_size_v1=0, sample_size_v2=0, ppl=2.81, wps=78.5, ups=0.25, wpb=320, bsz=64, num_updates=18210, lr=1.61437e-06, gnorm=9.861, clip=100, loss_scale=64, train_wall=41, gb_free=7.3, wall=106112
2023-04-09 19:12:00 - progress_bar.py[line:272] - INFO: epoch 010:   1346 / 1878 loss=2.727, loss_v1=0, loss_v2=0, nll_loss=1.491, ntokens=320, nsentences=64, sample_size=320, sample_size_v1=0, sample_size_v2=0, ppl=2.81, wps=78.2, ups=0.24, wpb=320, bsz=64, num_updates=18220, lr=1.58604e-06, gnorm=10.47, clip=100, loss_scale=64, train_wall=41, gb_free=7.3, wall=106153
2023-04-09 19:12:41 - progress_bar.py[line:272] - INFO: epoch 010:   1356 / 1878 loss=2.756, loss_v1=0, loss_v2=0, nll_loss=1.523, ntokens=320, nsentences=64, sample_size=320, sample_size_v1=0, sample_size_v2=0, ppl=2.87, wps=78.8, ups=0.25, wpb=320, bsz=64, num_updates=18230, lr=1.55772e-06, gnorm=10.719, clip=100, loss_scale=64, train_wall=40, gb_free=7.3, wall=106194
2023-04-09 19:13:21 - progress_bar.py[line:272] - INFO: epoch 010:   1366 / 1878 loss=2.723, loss_v1=0, loss_v2=0, nll_loss=1.488, ntokens=320, nsentences=64, sample_size=320, sample_size_v1=0, sample_size_v2=0, ppl=2.81, wps=78.8, ups=0.25, wpb=320, bsz=64, num_updates=18240, lr=1.5294e-06, gnorm=11.426, clip=100, loss_scale=64, train_wall=40, gb_free=7.3, wall=106234
2023-04-09 19:14:02 - progress_bar.py[line:272] - INFO: epoch 010:   1376 / 1878 loss=2.748, loss_v1=0, loss_v2=0, nll_loss=1.516, ntokens=320, nsentences=64, sample_size=320, sample_size_v1=0, sample_size_v2=0, ppl=2.86, wps=78.3, ups=0.24, wpb=320, bsz=64, num_updates=18250, lr=1.50108e-06, gnorm=9.826, clip=100, loss_scale=64, train_wall=41, gb_free=7.3, wall=106275
2023-04-09 19:14:43 - progress_bar.py[line:272] - INFO: epoch 010:   1386 / 1878 loss=2.721, loss_v1=0, loss_v2=0, nll_loss=1.489, ntokens=320, nsentences=64, sample_size=320, sample_size_v1=0, sample_size_v2=0, ppl=2.81, wps=78.5, ups=0.25, wpb=320, bsz=64, num_updates=18260, lr=1.47275e-06, gnorm=11.34, clip=100, loss_scale=64, train_wall=41, gb_free=7.3, wall=106316
2023-04-09 19:15:23 - progress_bar.py[line:272] - INFO: epoch 010:   1396 / 1878 loss=2.733, loss_v1=0, loss_v2=0, nll_loss=1.498, ntokens=320, nsentences=64, sample_size=320, sample_size_v1=0, sample_size_v2=0, ppl=2.82, wps=78.8, ups=0.25, wpb=320, bsz=64, num_updates=18270, lr=1.44443e-06, gnorm=10.768, clip=100, loss_scale=64, train_wall=40, gb_free=7.3, wall=106357
2023-04-09 19:15:56 - trainer.py[line:921] - INFO: NOTE: gradient overflow detected, ignoring gradient, setting loss scale to: 32.0
2023-04-09 19:16:08 - progress_bar.py[line:272] - INFO: epoch 010:   1407 / 1878 loss=2.732, loss_v1=0, loss_v2=0, nll_loss=1.495, ntokens=320, nsentences=64, sample_size=320, sample_size_v1=0, sample_size_v2=0, ppl=2.82, wps=71.5, ups=0.22, wpb=320, bsz=64, num_updates=18280, lr=1.41611e-06, gnorm=11.52, clip=100, loss_scale=32, train_wall=45, gb_free=7.3, wall=106401
2023-04-09 19:16:49 - progress_bar.py[line:272] - INFO: epoch 010:   1417 / 1878 loss=2.71, loss_v1=0, loss_v2=0, nll_loss=1.473, ntokens=320, nsentences=64, sample_size=320, sample_size_v1=0, sample_size_v2=0, ppl=2.78, wps=78.6, ups=0.25, wpb=320, bsz=64, num_updates=18290, lr=1.38779e-06, gnorm=9.991, clip=100, loss_scale=32, train_wall=40, gb_free=7.3, wall=106442
2023-04-09 19:17:30 - progress_bar.py[line:272] - INFO: epoch 010:   1427 / 1878 loss=2.755, loss_v1=0, loss_v2=0, nll_loss=1.524, ntokens=320, nsentences=64, sample_size=320, sample_size_v1=0, sample_size_v2=0, ppl=2.88, wps=78.7, ups=0.25, wpb=320, bsz=64, num_updates=18300, lr=1.35947e-06, gnorm=10.371, clip=100, loss_scale=32, train_wall=40, gb_free=7.3, wall=106483
2023-04-09 19:18:10 - progress_bar.py[line:272] - INFO: epoch 010:   1437 / 1878 loss=2.719, loss_v1=0, loss_v2=0, nll_loss=1.485, ntokens=320, nsentences=64, sample_size=320, sample_size_v1=0, sample_size_v2=0, ppl=2.8, wps=78.7, ups=0.25, wpb=320, bsz=64, num_updates=18310, lr=1.33114e-06, gnorm=9.402, clip=100, loss_scale=32, train_wall=40, gb_free=7.3, wall=106523
2023-04-09 19:18:51 - progress_bar.py[line:272] - INFO: epoch 010:   1447 / 1878 loss=2.686, loss_v1=0, loss_v2=0, nll_loss=1.448, ntokens=320, nsentences=64, sample_size=320, sample_size_v1=0, sample_size_v2=0, ppl=2.73, wps=78.6, ups=0.25, wpb=320, bsz=64, num_updates=18320, lr=1.30282e-06, gnorm=9.084, clip=100, loss_scale=32, train_wall=41, gb_free=7.3, wall=106564
2023-04-09 19:19:32 - progress_bar.py[line:272] - INFO: epoch 010:   1457 / 1878 loss=2.742, loss_v1=0, loss_v2=0, nll_loss=1.509, ntokens=320, nsentences=64, sample_size=320, sample_size_v1=0, sample_size_v2=0, ppl=2.85, wps=78.6, ups=0.25, wpb=320, bsz=64, num_updates=18330, lr=1.2745e-06, gnorm=10.998, clip=100, loss_scale=32, train_wall=40, gb_free=7.3, wall=106605
2023-04-09 19:20:12 - progress_bar.py[line:272] - INFO: epoch 010:   1467 / 1878 loss=2.698, loss_v1=0, loss_v2=0, nll_loss=1.458, ntokens=320, nsentences=64, sample_size=320, sample_size_v1=0, sample_size_v2=0, ppl=2.75, wps=78.6, ups=0.25, wpb=320, bsz=64, num_updates=18340, lr=1.24618e-06, gnorm=10.744, clip=100, loss_scale=32, train_wall=40, gb_free=7.3, wall=106646
2023-04-09 19:20:53 - progress_bar.py[line:272] - INFO: epoch 010:   1477 / 1878 loss=2.721, loss_v1=0, loss_v2=0, nll_loss=1.487, ntokens=320, nsentences=64, sample_size=320, sample_size_v1=0, sample_size_v2=0, ppl=2.8, wps=78.5, ups=0.25, wpb=320, bsz=64, num_updates=18350, lr=1.21785e-06, gnorm=11.315, clip=100, loss_scale=32, train_wall=41, gb_free=7.3, wall=106686
2023-04-09 19:21:34 - progress_bar.py[line:272] - INFO: epoch 010:   1487 / 1878 loss=2.74, loss_v1=0, loss_v2=0, nll_loss=1.507, ntokens=320, nsentences=64, sample_size=320, sample_size_v1=0, sample_size_v2=0, ppl=2.84, wps=78.8, ups=0.25, wpb=320, bsz=64, num_updates=18360, lr=1.18953e-06, gnorm=10.578, clip=100, loss_scale=32, train_wall=40, gb_free=7.3, wall=106727
2023-04-09 19:22:14 - progress_bar.py[line:272] - INFO: epoch 010:   1497 / 1878 loss=2.664, loss_v1=0, loss_v2=0, nll_loss=1.423, ntokens=320, nsentences=64, sample_size=320, sample_size_v1=0, sample_size_v2=0, ppl=2.68, wps=79, ups=0.25, wpb=320, bsz=64, num_updates=18370, lr=1.16121e-06, gnorm=10.032, clip=100, loss_scale=32, train_wall=40, gb_free=7.3, wall=106767
2023-04-09 19:22:55 - progress_bar.py[line:272] - INFO: epoch 010:   1507 / 1878 loss=2.697, loss_v1=0, loss_v2=0, nll_loss=1.458, ntokens=320, nsentences=64, sample_size=320, sample_size_v1=0, sample_size_v2=0, ppl=2.75, wps=78.2, ups=0.24, wpb=320, bsz=64, num_updates=18380, lr=1.13289e-06, gnorm=9.359, clip=100, loss_scale=32, train_wall=41, gb_free=7.3, wall=106808
2023-04-09 19:23:36 - progress_bar.py[line:272] - INFO: epoch 010:   1517 / 1878 loss=2.692, loss_v1=0, loss_v2=0, nll_loss=1.453, ntokens=320, nsentences=64, sample_size=320, sample_size_v1=0, sample_size_v2=0, ppl=2.74, wps=78, ups=0.24, wpb=320, bsz=64, num_updates=18390, lr=1.10457e-06, gnorm=9.088, clip=100, loss_scale=32, train_wall=41, gb_free=7.3, wall=106849
2023-04-09 19:24:17 - progress_bar.py[line:272] - INFO: epoch 010:   1527 / 1878 loss=2.652, loss_v1=0, loss_v2=0, nll_loss=1.407, ntokens=320, nsentences=64, sample_size=320, sample_size_v1=0, sample_size_v2=0, ppl=2.65, wps=78.2, ups=0.24, wpb=320, bsz=64, num_updates=18400, lr=1.07624e-06, gnorm=9.074, clip=100, loss_scale=32, train_wall=41, gb_free=7.3, wall=106890
2023-04-09 19:24:58 - progress_bar.py[line:272] - INFO: epoch 010:   1537 / 1878 loss=2.72, loss_v1=0, loss_v2=0, nll_loss=1.484, ntokens=320, nsentences=64, sample_size=320, sample_size_v1=0, sample_size_v2=0, ppl=2.8, wps=78, ups=0.24, wpb=320, bsz=64, num_updates=18410, lr=1.04792e-06, gnorm=9.928, clip=100, loss_scale=32, train_wall=41, gb_free=7.3, wall=106931
2023-04-09 19:25:39 - progress_bar.py[line:272] - INFO: epoch 010:   1547 / 1878 loss=2.677, loss_v1=0, loss_v2=0, nll_loss=1.438, ntokens=320, nsentences=64, sample_size=320, sample_size_v1=0, sample_size_v2=0, ppl=2.71, wps=78.6, ups=0.25, wpb=320, bsz=64, num_updates=18420, lr=1.0196e-06, gnorm=9.939, clip=100, loss_scale=32, train_wall=41, gb_free=7.3, wall=106972
2023-04-09 19:26:20 - progress_bar.py[line:272] - INFO: epoch 010:   1557 / 1878 loss=2.686, loss_v1=0, loss_v2=0, nll_loss=1.446, ntokens=320, nsentences=64, sample_size=320, sample_size_v1=0, sample_size_v2=0, ppl=2.73, wps=78.5, ups=0.25, wpb=320, bsz=64, num_updates=18430, lr=9.91277e-07, gnorm=10.081, clip=100, loss_scale=32, train_wall=40, gb_free=7.3, wall=107013
2023-04-09 19:27:00 - progress_bar.py[line:272] - INFO: epoch 010:   1567 / 1878 loss=2.733, loss_v1=0, loss_v2=0, nll_loss=1.497, ntokens=320, nsentences=64, sample_size=320, sample_size_v1=0, sample_size_v2=0, ppl=2.82, wps=78.5, ups=0.25, wpb=320, bsz=64, num_updates=18440, lr=9.62955e-07, gnorm=11.013, clip=100, loss_scale=32, train_wall=41, gb_free=7.3, wall=107054
2023-04-09 19:27:41 - progress_bar.py[line:272] - INFO: epoch 010:   1577 / 1878 loss=2.675, loss_v1=0, loss_v2=0, nll_loss=1.434, ntokens=320, nsentences=64, sample_size=320, sample_size_v1=0, sample_size_v2=0, ppl=2.7, wps=78.1, ups=0.24, wpb=320, bsz=64, num_updates=18450, lr=9.34632e-07, gnorm=10.384, clip=100, loss_scale=32, train_wall=41, gb_free=7.3, wall=107095
2023-04-09 19:28:22 - progress_bar.py[line:272] - INFO: epoch 010:   1587 / 1878 loss=2.754, loss_v1=0, loss_v2=0, nll_loss=1.523, ntokens=320, nsentences=64, sample_size=320, sample_size_v1=0, sample_size_v2=0, ppl=2.87, wps=78.4, ups=0.24, wpb=320, bsz=64, num_updates=18460, lr=9.0631e-07, gnorm=10.664, clip=100, loss_scale=32, train_wall=41, gb_free=7.3, wall=107135
2023-04-09 19:29:03 - progress_bar.py[line:272] - INFO: epoch 010:   1597 / 1878 loss=2.678, loss_v1=0, loss_v2=0, nll_loss=1.438, ntokens=320, nsentences=64, sample_size=320, sample_size_v1=0, sample_size_v2=0, ppl=2.71, wps=78.1, ups=0.24, wpb=320, bsz=64, num_updates=18470, lr=8.77988e-07, gnorm=9.105, clip=100, loss_scale=32, train_wall=41, gb_free=7.3, wall=107176
2023-04-09 19:29:44 - progress_bar.py[line:272] - INFO: epoch 010:   1607 / 1878 loss=2.681, loss_v1=0, loss_v2=0, nll_loss=1.443, ntokens=320, nsentences=64, sample_size=320, sample_size_v1=0, sample_size_v2=0, ppl=2.72, wps=78.7, ups=0.25, wpb=320, bsz=64, num_updates=18480, lr=8.49666e-07, gnorm=9.169, clip=100, loss_scale=32, train_wall=40, gb_free=7.3, wall=107217
2023-04-09 19:30:24 - progress_bar.py[line:272] - INFO: epoch 010:   1617 / 1878 loss=2.735, loss_v1=0, loss_v2=0, nll_loss=1.5, ntokens=320, nsentences=64, sample_size=320, sample_size_v1=0, sample_size_v2=0, ppl=2.83, wps=78.8, ups=0.25, wpb=320, bsz=64, num_updates=18490, lr=8.21344e-07, gnorm=12.025, clip=100, loss_scale=32, train_wall=40, gb_free=7.3, wall=107258
slice_id 1 seek offset 5379
2023-04-09 19:31:05 - progress_bar.py[line:272] - INFO: epoch 010:   1627 / 1878 loss=2.724, loss_v1=0, loss_v2=0, nll_loss=1.487, ntokens=320, nsentences=64, sample_size=320, sample_size_v1=0, sample_size_v2=0, ppl=2.8, wps=78.8, ups=0.25, wpb=320, bsz=64, num_updates=18500, lr=7.93021e-07, gnorm=15.535, clip=100, loss_scale=32, train_wall=40, gb_free=7.3, wall=107298
2023-04-09 19:31:05 - train.py[line:445] - INFO: begin validation on "valid" subset
slice_id 0 seek offset 0
slice_id 0 seek offset 0
slice_id 1 seek offset 5379
2023-04-09 19:42:17 - progress_bar.py[line:282] - INFO: epoch 010 | valid on 'valid' subset | loss 5.833 | loss_v1 0 | loss_v2 0 | nll_loss 4.931 | ntokens 39.993 | nsentences 7.999 | sample_size 39.993 | sample_size_v1 0 | sample_size_v2 0 | ppl 30.51 | score 0.382 | wps 80.1 | wpb 40 | bsz 8 | num_updates 18500 | best_score 0.4586
2023-04-09 19:42:17 - checkpoint_utils.py[line:64] - INFO: Preparing to save checkpoint for epoch 10 @ 18500 updates
2023-04-09 19:42:17 - trainer.py[line:431] - INFO: Saving checkpoint to ./refcocoplus_EC_checkpoints_exp2/10_5e-5_512/checkpoint_10_18500.pt
2023-04-09 19:42:36 - trainer.py[line:441] - INFO: Finished saving checkpoint to ./refcocoplus_EC_checkpoints_exp2/10_5e-5_512/checkpoint_10_18500.pt
2023-04-09 19:42:46 - checkpoint_utils.py[line:133] - INFO: Saved checkpoint ./refcocoplus_EC_checkpoints_exp2/10_5e-5_512/checkpoint_10_18500.pt (epoch 10 @ 18500 updates, score 0.382) (writing took 29.02627118676901 seconds)
2023-04-09 19:43:26 - progress_bar.py[line:272] - INFO: epoch 010:   1637 / 1878 loss=2.734, loss_v1=0, loss_v2=0, nll_loss=1.501, ntokens=320, nsentences=64, sample_size=320, sample_size_v1=0, sample_size_v2=0, ppl=2.83, wps=4.3, ups=0.01, wpb=320, bsz=64, num_updates=18510, lr=7.64699e-07, gnorm=10.356, clip=100, loss_scale=32, train_wall=40, gb_free=7.3, wall=108039
2023-04-09 19:44:07 - progress_bar.py[line:272] - INFO: epoch 010:   1647 / 1878 loss=2.652, loss_v1=0, loss_v2=0, nll_loss=1.407, ntokens=320, nsentences=64, sample_size=320, sample_size_v1=0, sample_size_v2=0, ppl=2.65, wps=78.3, ups=0.24, wpb=320, bsz=64, num_updates=18520, lr=7.36377e-07, gnorm=10.001, clip=100, loss_scale=32, train_wall=41, gb_free=7.3, wall=108080
2023-04-09 19:44:48 - progress_bar.py[line:272] - INFO: epoch 010:   1657 / 1878 loss=2.688, loss_v1=0, loss_v2=0, nll_loss=1.454, ntokens=320, nsentences=64, sample_size=320, sample_size_v1=0, sample_size_v2=0, ppl=2.74, wps=78.3, ups=0.24, wpb=320, bsz=64, num_updates=18530, lr=7.08055e-07, gnorm=9.954, clip=100, loss_scale=32, train_wall=41, gb_free=7.3, wall=108121
2023-04-09 19:45:29 - progress_bar.py[line:272] - INFO: epoch 010:   1667 / 1878 loss=2.705, loss_v1=0, loss_v2=0, nll_loss=1.469, ntokens=320, nsentences=64, sample_size=320, sample_size_v1=0, sample_size_v2=0, ppl=2.77, wps=78.3, ups=0.24, wpb=320, bsz=64, num_updates=18540, lr=6.79733e-07, gnorm=9.979, clip=100, loss_scale=32, train_wall=41, gb_free=7.3, wall=108162
2023-04-09 19:46:10 - progress_bar.py[line:272] - INFO: epoch 010:   1677 / 1878 loss=2.69, loss_v1=0, loss_v2=0, nll_loss=1.453, ntokens=320, nsentences=64, sample_size=320, sample_size_v1=0, sample_size_v2=0, ppl=2.74, wps=77.1, ups=0.24, wpb=320, bsz=64, num_updates=18550, lr=6.5141e-07, gnorm=9.763, clip=100, loss_scale=32, train_wall=41, gb_free=7.3, wall=108203
2023-04-09 19:46:51 - progress_bar.py[line:272] - INFO: epoch 010:   1687 / 1878 loss=2.704, loss_v1=0, loss_v2=0, nll_loss=1.465, ntokens=320, nsentences=64, sample_size=320, sample_size_v1=0, sample_size_v2=0, ppl=2.76, wps=78.2, ups=0.24, wpb=320, bsz=64, num_updates=18560, lr=6.23088e-07, gnorm=9.865, clip=100, loss_scale=32, train_wall=41, gb_free=7.3, wall=108244
2023-04-09 19:47:32 - progress_bar.py[line:272] - INFO: epoch 010:   1697 / 1878 loss=2.72, loss_v1=0, loss_v2=0, nll_loss=1.484, ntokens=320, nsentences=64, sample_size=320, sample_size_v1=0, sample_size_v2=0, ppl=2.8, wps=78.3, ups=0.24, wpb=320, bsz=64, num_updates=18570, lr=5.94766e-07, gnorm=9.964, clip=100, loss_scale=32, train_wall=40, gb_free=7.3, wall=108285
2023-04-09 19:48:13 - progress_bar.py[line:272] - INFO: epoch 010:   1707 / 1878 loss=2.694, loss_v1=0, loss_v2=0, nll_loss=1.455, ntokens=320, nsentences=64, sample_size=320, sample_size_v1=0, sample_size_v2=0, ppl=2.74, wps=78.1, ups=0.24, wpb=320, bsz=64, num_updates=18580, lr=5.66444e-07, gnorm=9.891, clip=100, loss_scale=32, train_wall=41, gb_free=7.3, wall=108326
2023-04-09 19:48:54 - progress_bar.py[line:272] - INFO: epoch 010:   1717 / 1878 loss=2.667, loss_v1=0, loss_v2=0, nll_loss=1.424, ntokens=320, nsentences=64, sample_size=320, sample_size_v1=0, sample_size_v2=0, ppl=2.68, wps=78.1, ups=0.24, wpb=320, bsz=64, num_updates=18590, lr=5.38122e-07, gnorm=10.819, clip=100, loss_scale=32, train_wall=41, gb_free=7.3, wall=108367
2023-04-09 19:49:35 - progress_bar.py[line:272] - INFO: epoch 010:   1727 / 1878 loss=2.702, loss_v1=0, loss_v2=0, nll_loss=1.468, ntokens=320, nsentences=64, sample_size=320, sample_size_v1=0, sample_size_v2=0, ppl=2.77, wps=78.2, ups=0.24, wpb=320, bsz=64, num_updates=18600, lr=5.09799e-07, gnorm=9.297, clip=100, loss_scale=32, train_wall=41, gb_free=7.3, wall=108408
2023-04-09 19:50:16 - progress_bar.py[line:272] - INFO: epoch 010:   1737 / 1878 loss=2.663, loss_v1=0, loss_v2=0, nll_loss=1.422, ntokens=320, nsentences=64, sample_size=320, sample_size_v1=0, sample_size_v2=0, ppl=2.68, wps=78.8, ups=0.25, wpb=320, bsz=64, num_updates=18610, lr=4.81477e-07, gnorm=10.427, clip=100, loss_scale=32, train_wall=40, gb_free=7.3, wall=108449
2023-04-09 19:50:56 - progress_bar.py[line:272] - INFO: epoch 010:   1747 / 1878 loss=2.729, loss_v1=0, loss_v2=0, nll_loss=1.493, ntokens=320, nsentences=64, sample_size=320, sample_size_v1=0, sample_size_v2=0, ppl=2.82, wps=78.9, ups=0.25, wpb=320, bsz=64, num_updates=18620, lr=4.53155e-07, gnorm=10.24, clip=100, loss_scale=32, train_wall=40, gb_free=7.3, wall=108489
2023-04-09 19:51:37 - progress_bar.py[line:272] - INFO: epoch 010:   1757 / 1878 loss=2.714, loss_v1=0, loss_v2=0, nll_loss=1.475, ntokens=320, nsentences=64, sample_size=320, sample_size_v1=0, sample_size_v2=0, ppl=2.78, wps=78.6, ups=0.25, wpb=320, bsz=64, num_updates=18630, lr=4.24833e-07, gnorm=9.971, clip=100, loss_scale=32, train_wall=40, gb_free=7.3, wall=108530
2023-04-09 19:52:18 - progress_bar.py[line:272] - INFO: epoch 010:   1767 / 1878 loss=2.717, loss_v1=0, loss_v2=0, nll_loss=1.481, ntokens=320, nsentences=64, sample_size=320, sample_size_v1=0, sample_size_v2=0, ppl=2.79, wps=78.1, ups=0.24, wpb=320, bsz=64, num_updates=18640, lr=3.96511e-07, gnorm=9.966, clip=100, loss_scale=32, train_wall=41, gb_free=7.3, wall=108571
2023-04-09 19:52:59 - progress_bar.py[line:272] - INFO: epoch 010:   1777 / 1878 loss=2.657, loss_v1=0, loss_v2=0, nll_loss=1.416, ntokens=320, nsentences=64, sample_size=320, sample_size_v1=0, sample_size_v2=0, ppl=2.67, wps=78.4, ups=0.24, wpb=320, bsz=64, num_updates=18650, lr=3.68189e-07, gnorm=10.47, clip=100, loss_scale=32, train_wall=41, gb_free=7.3, wall=108612
2023-04-09 19:53:40 - progress_bar.py[line:272] - INFO: epoch 010:   1787 / 1878 loss=2.714, loss_v1=0, loss_v2=0, nll_loss=1.476, ntokens=320, nsentences=64, sample_size=320, sample_size_v1=0, sample_size_v2=0, ppl=2.78, wps=77.8, ups=0.24, wpb=320, bsz=64, num_updates=18660, lr=3.39866e-07, gnorm=11.398, clip=100, loss_scale=32, train_wall=41, gb_free=7.3, wall=108653
2023-04-09 19:54:21 - progress_bar.py[line:272] - INFO: epoch 010:   1797 / 1878 loss=2.744, loss_v1=0, loss_v2=0, nll_loss=1.511, ntokens=320, nsentences=64, sample_size=320, sample_size_v1=0, sample_size_v2=0, ppl=2.85, wps=77.6, ups=0.24, wpb=320, bsz=64, num_updates=18670, lr=3.11544e-07, gnorm=10.48, clip=100, loss_scale=32, train_wall=41, gb_free=7.3, wall=108694
2023-04-09 19:55:02 - progress_bar.py[line:272] - INFO: epoch 010:   1807 / 1878 loss=2.724, loss_v1=0, loss_v2=0, nll_loss=1.488, ntokens=320, nsentences=64, sample_size=320, sample_size_v1=0, sample_size_v2=0, ppl=2.8, wps=78.4, ups=0.25, wpb=320, bsz=64, num_updates=18680, lr=2.83222e-07, gnorm=9.669, clip=100, loss_scale=32, train_wall=41, gb_free=7.3, wall=108735
2023-04-09 19:55:43 - progress_bar.py[line:272] - INFO: epoch 010:   1817 / 1878 loss=2.712, loss_v1=0, loss_v2=0, nll_loss=1.476, ntokens=320, nsentences=64, sample_size=320, sample_size_v1=0, sample_size_v2=0, ppl=2.78, wps=78.3, ups=0.24, wpb=320, bsz=64, num_updates=18690, lr=2.549e-07, gnorm=9.915, clip=100, loss_scale=32, train_wall=41, gb_free=7.3, wall=108776
2023-04-09 19:56:23 - progress_bar.py[line:272] - INFO: epoch 010:   1827 / 1878 loss=2.684, loss_v1=0, loss_v2=0, nll_loss=1.447, ntokens=320, nsentences=64, sample_size=320, sample_size_v1=0, sample_size_v2=0, ppl=2.73, wps=78.8, ups=0.25, wpb=320, bsz=64, num_updates=18700, lr=2.26578e-07, gnorm=10.666, clip=100, loss_scale=32, train_wall=40, gb_free=7.3, wall=108816
2023-04-09 19:57:04 - progress_bar.py[line:272] - INFO: epoch 010:   1837 / 1878 loss=2.683, loss_v1=0, loss_v2=0, nll_loss=1.442, ntokens=320, nsentences=64, sample_size=320, sample_size_v1=0, sample_size_v2=0, ppl=2.72, wps=78.8, ups=0.25, wpb=320, bsz=64, num_updates=18710, lr=1.98255e-07, gnorm=10.371, clip=100, loss_scale=32, train_wall=40, gb_free=7.3, wall=108857
2023-04-09 19:57:45 - progress_bar.py[line:272] - INFO: epoch 010:   1847 / 1878 loss=2.697, loss_v1=0, loss_v2=0, nll_loss=1.46, ntokens=320, nsentences=64, sample_size=320, sample_size_v1=0, sample_size_v2=0, ppl=2.75, wps=78.4, ups=0.24, wpb=320, bsz=64, num_updates=18720, lr=1.69933e-07, gnorm=9.755, clip=100, loss_scale=32, train_wall=41, gb_free=7.3, wall=108898
2023-04-09 19:58:25 - progress_bar.py[line:272] - INFO: epoch 010:   1857 / 1878 loss=2.719, loss_v1=0, loss_v2=0, nll_loss=1.481, ntokens=320, nsentences=64, sample_size=320, sample_size_v1=0, sample_size_v2=0, ppl=2.79, wps=78.7, ups=0.25, wpb=320, bsz=64, num_updates=18730, lr=1.41611e-07, gnorm=11.041, clip=100, loss_scale=32, train_wall=40, gb_free=7.3, wall=108939
2023-04-09 19:59:06 - progress_bar.py[line:272] - INFO: epoch 010:   1867 / 1878 loss=2.692, loss_v1=0, loss_v2=0, nll_loss=1.451, ntokens=320, nsentences=64, sample_size=320, sample_size_v1=0, sample_size_v2=0, ppl=2.73, wps=78.6, ups=0.25, wpb=320, bsz=64, num_updates=18740, lr=1.13289e-07, gnorm=10.494, clip=100, loss_scale=32, train_wall=40, gb_free=7.3, wall=108979
2023-04-09 19:59:47 - progress_bar.py[line:272] - INFO: epoch 010:   1877 / 1878 loss=2.695, loss_v1=0, loss_v2=0, nll_loss=1.457, ntokens=320, nsentences=64, sample_size=320, sample_size_v1=0, sample_size_v2=0, ppl=2.75, wps=78.7, ups=0.25, wpb=320, bsz=64, num_updates=18750, lr=8.49666e-08, gnorm=10.867, clip=100, loss_scale=32, train_wall=40, gb_free=7.3, wall=109020
slice_id 1 seek offset 5379
2023-04-09 19:59:50 - train.py[line:445] - INFO: begin validation on "valid" subset
slice_id 0 seek offset 0
slice_id 1 seek offset 5379
slice_id 0 seek offset 0
2023-04-09 20:11:01 - progress_bar.py[line:282] - INFO: epoch 010 | valid on 'valid' subset | loss 5.841 | loss_v1 0 | loss_v2 0 | nll_loss 4.94 | ntokens 39.993 | nsentences 7.999 | sample_size 39.993 | sample_size_v1 0 | sample_size_v2 0 | ppl 30.7 | score 0.3775 | wps 80.2 | wpb 40 | bsz 8 | num_updates 18751 | best_score 0.4586
local datafile ../../dataset/refcocoplus_data/refcocoplus_train_EC.tsv slice_id 1 begin to initialize row_count and line_idx-to-offset mapping
2023-04-09 20:11:01 - checkpoint_utils.py[line:64] - INFO: Preparing to save checkpoint for epoch 10 @ 18751 updates
2023-04-09 20:11:01 - trainer.py[line:431] - INFO: Saving checkpoint to ./refcocoplus_EC_checkpoints_exp2/10_5e-5_512/checkpoint_last.pt
2023-04-09 20:11:17 - trainer.py[line:441] - INFO: Finished saving checkpoint to ./refcocoplus_EC_checkpoints_exp2/10_5e-5_512/checkpoint_last.pt
2023-04-09 20:11:17 - checkpoint_utils.py[line:133] - INFO: Saved checkpoint ./refcocoplus_EC_checkpoints_exp2/10_5e-5_512/checkpoint_last.pt (epoch 10 @ 18751 updates, score 0.3775) (writing took 15.451153396628797 seconds)
2023-04-09 20:11:17 - train.py[line:332] - INFO: end of epoch 10 (average epoch stats below)
2023-04-09 20:11:17 - progress_bar.py[line:282] - INFO: epoch 010 | loss 2.756 | loss_v1 0 | loss_v2 0 | nll_loss 1.525 | ntokens 319.997 | nsentences 63.999 | sample_size 319.997 | sample_size_v1 0 | sample_size_v2 0 | ppl 2.88 | wps 53.8 | ups 0.17 | wpb 320 | bsz 64 | num_updates 18751 | lr 8.21344e-08 | gnorm 10.844 | clip 100 | loss_scale 32 | train_wall 7611 | gb_free 7.3 | wall 109710
2023-04-09 20:11:17 - trainer.py[line:639] - INFO: loading train data for epoch 11
local datafile ../../dataset/refcocoplus_data/refcocoplus_train_EC.tsv slice_id 0 begin to initialize row_count and line_idx-to-offset mapping
local datafile ../../dataset/refcocoplus_data/refcocoplus_train_EC.tsv slice_id 1 finished initializing row_count and line_idx-to-offset mapping
file ../../dataset/refcocoplus_data/refcocoplus_train_EC.tsv slice_id 1 row count 60095 total row count 120191
slice_id 1 seek offset 60096
local datafile ../../dataset/refcocoplus_data/refcocoplus_train_EC.tsv slice_id 0 finished initializing row_count and line_idx-to-offset mapping
file ../../dataset/refcocoplus_data/refcocoplus_train_EC.tsv slice_id 0 row count 60096 total row count 120191
slice_id 0 seek offset 0
2023-04-09 20:11:30 - train.py[line:214] - INFO: done training in 109695.6 seconds
