/home/grads/mogunleye/.conda/envs/ofa1/lib/python3.9/site-packages/torch/distributed/launch.py:180: FutureWarning: The module torch.distributed.launch is deprecated
and will be removed in future. Use torchrun.
Note that --use_env is set by default in torchrun.
If your script expects `--local_rank` argument to be set, please
change it to read from `os.environ['LOCAL_RANK']` instead. See 
https://pytorch.org/docs/stable/distributed.html#launch-utility for 
further instructions

  warnings.warn(
WARNING:torch.distributed.run:
*****************************************
Setting OMP_NUM_THREADS environment variable for each process to be 1 in default, to avoid your system being overloaded, please further tune the variable for optimal performance in your application as needed. 
*****************************************
2023-05-16 15:21:45 - instantiator.py[line:21] - INFO: Created a temporary directory at /tmp/tmplqmldmzh
2023-05-16 15:21:45 - instantiator.py[line:76] - INFO: Writing /tmp/tmplqmldmzh/_remote_module_non_scriptable.py
2023-05-16 15:21:46 - instantiator.py[line:21] - INFO: Created a temporary directory at /tmp/tmp1_wnmczb
2023-05-16 15:21:46 - instantiator.py[line:76] - INFO: Writing /tmp/tmp1_wnmczb/_remote_module_non_scriptable.py
2023-05-16 15:21:46 - instantiator.py[line:21] - INFO: Created a temporary directory at /tmp/tmpmk49pkl0
2023-05-16 15:21:46 - instantiator.py[line:76] - INFO: Writing /tmp/tmpmk49pkl0/_remote_module_non_scriptable.py
2023-05-16 15:21:46 - instantiator.py[line:21] - INFO: Created a temporary directory at /tmp/tmp1zjebjb0
2023-05-16 15:21:46 - instantiator.py[line:76] - INFO: Writing /tmp/tmp1zjebjb0/_remote_module_non_scriptable.py
device =  2
2023-05-16 15:21:49 - utils.py[line:255] - INFO: distributed init (rank 2): env://
2023-05-16 15:21:49 - utils.py[line:261] - INFO: Start init
2023-05-16 15:21:49 - distributed_c10d.py[line:319] - INFO: Added key: store_based_barrier_key:1 to store for rank: 2
device =  1
2023-05-16 15:21:49 - utils.py[line:255] - INFO: distributed init (rank 1): env://
2023-05-16 15:21:49 - utils.py[line:261] - INFO: Start init
2023-05-16 15:21:49 - distributed_c10d.py[line:319] - INFO: Added key: store_based_barrier_key:1 to store for rank: 1
device =  3
2023-05-16 15:21:50 - utils.py[line:255] - INFO: distributed init (rank 3): env://
2023-05-16 15:21:50 - utils.py[line:261] - INFO: Start init
2023-05-16 15:21:50 - distributed_c10d.py[line:319] - INFO: Added key: store_based_barrier_key:1 to store for rank: 3
device =  0
2023-05-16 15:21:50 - utils.py[line:255] - INFO: distributed init (rank 0): env://
2023-05-16 15:21:50 - utils.py[line:261] - INFO: Start init
2023-05-16 15:21:50 - distributed_c10d.py[line:319] - INFO: Added key: store_based_barrier_key:1 to store for rank: 0
2023-05-16 15:21:50 - distributed_c10d.py[line:353] - INFO: Rank 0: Completed store-based barrier for key:store_based_barrier_key:1 with 4 nodes.
2023-05-16 15:21:50 - utils.py[line:271] - INFO: initialized host plan as rank 0
single-machine distributed training is initialized.
2023-05-16 15:21:50 - distributed_c10d.py[line:353] - INFO: Rank 1: Completed store-based barrier for key:store_based_barrier_key:1 with 4 nodes.
2023-05-16 15:21:50 - utils.py[line:271] - INFO: initialized host plan as rank 1
single-machine distributed training is initialized.
2023-05-16 15:21:50 - distributed_c10d.py[line:353] - INFO: Rank 3: Completed store-based barrier for key:store_based_barrier_key:1 with 4 nodes.
2023-05-16 15:21:50 - utils.py[line:271] - INFO: initialized host plan as rank 3
single-machine distributed training is initialized.
2023-05-16 15:21:50 - distributed_c10d.py[line:353] - INFO: Rank 2: Completed store-based barrier for key:store_based_barrier_key:1 with 4 nodes.
2023-05-16 15:21:50 - utils.py[line:271] - INFO: initialized host plan as rank 2
single-machine distributed training is initialized.
2023-05-16 15:21:52 - train.py[line:77] - INFO: {'_name': None, 'common': {'_name': None, 'no_progress_bar': False, 'log_interval': 10, 'log_format': 'simple', 'log_file': None, 'tensorboard_logdir': None, 'wandb_project': None, 'azureml_logging': False, 'seed': 1, 'cpu': False, 'tpu': False, 'bf16': False, 'memory_efficient_bf16': False, 'fp16': True, 'memory_efficient_fp16': False, 'fp16_no_flatten_grads': False, 'fp16_init_scale': 128, 'fp16_scale_window': 512, 'fp16_scale_tolerance': 0.0, 'on_cpu_convert_precision': False, 'min_loss_scale': 0.0001, 'threshold_loss_scale': None, 'amp': False, 'amp_batch_retries': 2, 'amp_init_scale': 128, 'amp_scale_window': None, 'user_dir': '../../ofa_module', 'empty_cache_freq': 0, 'all_gather_list_size': 16384, 'model_parallel_size': 1, 'quantization_config_path': None, 'profile': False, 'reset_logging': False, 'suppress_crashes': False, 'use_plasma_view': False, 'plasma_path': '/tmp/plasma'}, 'common_eval': {'_name': None, 'path': None, 'post_process': None, 'quiet': False, 'model_overrides': '{}', 'results_path': None}, 'distributed_training': {'_name': None, 'distributed_world_size': 4, 'distributed_num_procs': 4, 'distributed_rank': 0, 'distributed_backend': 'nccl', 'distributed_init_method': 'env://', 'distributed_port': -1, 'device_id': 0, 'distributed_no_spawn': True, 'ddp_backend': 'pytorch_ddp', 'ddp_comm_hook': 'none', 'bucket_cap_mb': 25, 'fix_batches_to_gpus': False, 'find_unused_parameters': True, 'gradient_as_bucket_view': False, 'fast_stat_sync': False, 'heartbeat_timeout': -1, 'broadcast_buffers': False, 'slowmo_momentum': None, 'slowmo_algorithm': 'LocalSGD', 'localsgd_frequency': 3, 'nprocs_per_node': 4, 'pipeline_model_parallel': False, 'pipeline_balance': None, 'pipeline_devices': None, 'pipeline_chunks': 0, 'pipeline_encoder_balance': None, 'pipeline_encoder_devices': None, 'pipeline_decoder_balance': None, 'pipeline_decoder_devices': None, 'pipeline_checkpoint': 'never', 'zero_sharding': 'none', 'fp16': True, 'memory_efficient_fp16': False, 'tpu': False, 'no_reshard_after_forward': False, 'fp32_reduce_scatter': False, 'cpu_offload': False, 'use_sharded_state': False}, 'dataset': {'_name': None, 'num_workers': 0, 'skip_invalid_size_inputs_valid_test': False, 'max_tokens': None, 'batch_size': 4, 'required_batch_size_multiple': 8, 'required_seq_len_multiple': 1, 'dataset_impl': None, 'data_buffer_size': 10, 'train_subset': 'train', 'valid_subset': 'valid', 'combine_valid_subsets': None, 'ignore_unused_valid_subsets': False, 'validate_interval': 1, 'validate_interval_updates': 500, 'validate_after_updates': 0, 'fixed_validation_seed': 7, 'disable_validation': False, 'max_tokens_valid': None, 'batch_size_valid': 4, 'max_valid_steps': None, 'curriculum': 0, 'gen_subset': 'test', 'num_shards': 1, 'shard_id': 0}, 'optimization': {'_name': None, 'max_epoch': 5, 'max_update': 0, 'stop_time_hours': 0.0, 'clip_norm': 1.0, 'sentence_avg': False, 'update_freq': [8], 'lr': [5e-05], 'stop_min_lr': -1.0, 'use_bmuf': False}, 'checkpoint': {'_name': None, 'save_dir': './NL_50k_checkpoints/5_5e-5', 'restore_file': '../../model_checkpoints/ofa_base.pt', 'finetune_from_model': None, 'reset_dataloader': True, 'reset_lr_scheduler': False, 'reset_meters': True, 'reset_optimizer': True, 'optimizer_overrides': '{}', 'save_interval': 1, 'save_interval_updates': 500, 'keep_interval_updates': -1, 'keep_interval_updates_pattern': -1, 'keep_last_epochs': -1, 'keep_best_checkpoints': 1, 'no_save': False, 'no_epoch_checkpoints': False, 'no_last_checkpoints': False, 'no_save_optimizer_state': False, 'best_checkpoint_metric': 'snli_score', 'maximize_best_checkpoint_metric': True, 'patience': -1, 'checkpoint_suffix': '', 'checkpoint_shard_count': 1, 'load_checkpoint_on_all_dp_ranks': False, 'write_checkpoints_asynchronously': False, 'model_parallel_size': 1, 'use_ema_weights_to_init_param': False, 'use_latest_weights_to_init_ema': False}, 'bmuf': {'_name': None, 'block_lr': 1.0, 'block_momentum': 0.875, 'global_sync_iter': 50, 'warmup_iterations': 500, 'use_nbm': False, 'average_sync': False, 'distributed_world_size': 4}, 'generation': {'_name': None, 'beam': 5, 'nbest': 1, 'max_len_a': 0.0, 'max_len_b': 200, 'min_len': 1, 'match_source_len': False, 'unnormalized': False, 'no_early_stop': False, 'no_beamable_mm': False, 'lenpen': 1.0, 'unkpen': 0.0, 'replace_unk': None, 'sacrebleu': False, 'score_reference': False, 'prefix_size': 0, 'no_repeat_ngram_size': 0, 'sampling': False, 'sampling_topk': -1, 'sampling_topp': -1.0, 'constraints': None, 'temperature': 1.0, 'diverse_beam_groups': -1, 'diverse_beam_strength': 0.5, 'diversity_rate': -1.0, 'print_alignment': None, 'print_step': False, 'lm_path': None, 'lm_weight': 0.0, 'iter_decode_eos_penalty': 0.0, 'iter_decode_max_iter': 10, 'iter_decode_force_max_iter': False, 'iter_decode_with_beam': 1, 'iter_decode_with_external_reranker': False, 'retain_iter_history': False, 'retain_dropout': False, 'retain_dropout_modules': None, 'decoding_format': None, 'no_seed_provided': False}, 'eval_lm': {'_name': None, 'output_word_probs': False, 'output_word_stats': False, 'context_window': 0, 'softmax_batch': 9223372036854775807}, 'interactive': {'_name': None, 'buffer_size': 0, 'input': '-'}, 'model': Namespace(no_progress_bar=False, log_interval=10, log_format='simple', log_file=None, tensorboard_logdir=None, wandb_project=None, azureml_logging=False, seed=1, cpu=False, tpu=False, bf16=False, memory_efficient_bf16=False, fp16=True, memory_efficient_fp16=False, fp16_no_flatten_grads=False, fp16_init_scale=128, fp16_scale_window=512, fp16_scale_tolerance=0.0, on_cpu_convert_precision=False, min_loss_scale=0.0001, threshold_loss_scale=None, amp=False, amp_batch_retries=2, amp_init_scale=128, amp_scale_window=None, user_dir='../../ofa_module', empty_cache_freq=0, all_gather_list_size=16384, model_parallel_size=1, quantization_config_path=None, profile=False, reset_logging=False, suppress_crashes=False, use_plasma_view=False, plasma_path='/tmp/plasma', criterion='adjust_label_smoothed_cross_entropy', tokenizer=None, bpe=None, optimizer='adam', lr_scheduler='polynomial_decay', simul_type=None, scoring='bleu', task='snli_ve', num_workers=0, skip_invalid_size_inputs_valid_test=False, max_tokens=None, batch_size=4, required_batch_size_multiple=8, required_seq_len_multiple=1, dataset_impl=None, data_buffer_size=10, train_subset='train', valid_subset='valid', combine_valid_subsets=None, ignore_unused_valid_subsets=False, validate_interval=1, validate_interval_updates=500, validate_after_updates=0, fixed_validation_seed=7, disable_validation=False, max_tokens_valid=None, batch_size_valid=4, max_valid_steps=None, curriculum=0, gen_subset='test', num_shards=1, shard_id=0, distributed_world_size=4, distributed_num_procs=4, distributed_rank=0, distributed_backend='nccl', distributed_init_method=None, distributed_port=-1, device_id=0, distributed_no_spawn=False, ddp_backend='pytorch_ddp', ddp_comm_hook='none', bucket_cap_mb=25, fix_batches_to_gpus=False, find_unused_parameters=True, gradient_as_bucket_view=False, fast_stat_sync=False, heartbeat_timeout=-1, broadcast_buffers=False, slowmo_momentum=None, slowmo_algorithm='LocalSGD', localsgd_frequency=3, nprocs_per_node=4, pipeline_model_parallel=False, pipeline_balance=None, pipeline_devices=None, pipeline_chunks=0, pipeline_encoder_balance=None, pipeline_encoder_devices=None, pipeline_decoder_balance=None, pipeline_decoder_devices=None, pipeline_checkpoint='never', zero_sharding='none', no_reshard_after_forward=False, fp32_reduce_scatter=False, cpu_offload=False, use_sharded_state=False, arch='ofa_base', max_epoch=5, max_update=0, stop_time_hours=0, clip_norm=1.0, sentence_avg=False, update_freq=[8], lr=[5e-05], stop_min_lr=-1.0, use_bmuf=False, save_dir='./NL_50k_checkpoints/5_5e-5', restore_file='../../model_checkpoints/ofa_base.pt', finetune_from_model=None, reset_dataloader=True, reset_lr_scheduler=False, reset_meters=True, reset_optimizer=True, optimizer_overrides='{}', save_interval=1, save_interval_updates=500, keep_interval_updates=-1, keep_interval_updates_pattern=-1, keep_last_epochs=-1, keep_best_checkpoints=1, no_save=False, no_epoch_checkpoints=False, no_last_checkpoints=False, no_save_optimizer_state=False, best_checkpoint_metric='snli_score', maximize_best_checkpoint_metric=True, patience=-1, checkpoint_suffix='', checkpoint_shard_count=1, load_checkpoint_on_all_dp_ranks=False, write_checkpoints_asynchronously=False, use_ema_weights_to_init_param=False, use_latest_weights_to_init_ema=False, store_ema=False, ema_decay=0.9999, ema_start_update=0, ema_seed_model=None, ema_update_freq=1, ema_fp32=False, bitfit=False, no_token_positional_embeddings=False, no_cross_attention=False, cross_self_attention=False, encoder_layerdrop=0, decoder_layerdrop=0, encoder_layers_to_keep=None, decoder_layers_to_keep=None, quant_noise_pq=0, quant_noise_pq_block_size=8, quant_noise_scalar=0, min_params_to_wrap=100000000, data='../../dataset/snli_ve_data/snlvi50k.tsv,../../dataset/snli_ve_data/snli_ve_dev.tsv', selected_cols='0,2,3,4,5', bpe_dir='../../utils/BPE', max_source_positions=1024, max_target_positions=1024, max_src_length=80, max_tgt_length=20, code_dict_size=8192, patch_image_size=480, orig_patch_image_size=256, num_bins=1000, imagenet_default_mean_and_std=False, constraint_range=None, ans2label_dict='{"no": 0, "yes":1, "maybe": 2}', add_caption=True, valid_batch_size=20, prompt_type='prev_output', label_smoothing=0.0, report_accuracy=False, ignore_prefix_size=0, ignore_eos=False, drop_worst_ratio=0.0, drop_worst_after=0, use_rdrop=False, reg_alpha=1.0, sample_patch_num=196, adam_betas='(0.9,0.999)', adam_eps=1e-08, weight_decay=0.01, use_old_adam=False, fp16_adam_stats=False, warmup_updates=0, warmup_ratio=0.06, force_anneal=None, end_learning_rate=0.0, power=1.0, total_num_update=1000000, pad=1, eos=2, unk=3, encoder_normalize_before=True, decoder_normalize_before=True, share_decoder_input_output_embed=True, share_all_embeddings=True, layernorm_embedding=True, patch_layernorm_embedding=True, code_layernorm_embedding=True, resnet_drop_path_rate=0.0, encoder_drop_path_rate=0.1, decoder_drop_path_rate=0.1, dropout=0.1, attention_dropout=0.0, add_type_embedding=True, scale_attn=True, scale_fc=True, scale_heads=True, disable_entangle=True, no_seed_provided=False, encoder_embed_dim=768, encoder_ffn_embed_dim=3072, encoder_layers=6, encoder_attention_heads=12, decoder_layers=6, decoder_attention_heads=12, resnet_type='resnet101', encoder_embed_path=None, encoder_learned_pos=True, decoder_embed_path=None, decoder_embed_dim=768, decoder_ffn_embed_dim=3072, decoder_learned_pos=True, relu_dropout=0.0, adaptive_softmax_cutoff=None, adaptive_softmax_dropout=0, decoder_output_dim=768, decoder_input_dim=768, no_scale_embedding=True, activation_fn='gelu', pooler_activation_fn='tanh', pooler_dropout=0.0, pooler_classifier='mlp', token_bucket_size=256, image_bucket_size=42, freeze_encoder_embedding=False, freeze_decoder_embedding=False, attn_scale_factor=2, code_image_size=128, entangle_position_embedding=False, sync_bn=False, scale_resids=False, _name='ofa_base'), 'task': {'_name': 'snli_ve', 'data': '../../dataset/snli_ve_data/snlvi50k.tsv,../../dataset/snli_ve_data/snli_ve_dev.tsv', 'selected_cols': '0,2,3,4,5', 'bpe': None, 'bpe_dir': '../../utils/BPE', 'max_source_positions': 1024, 'max_target_positions': 1024, 'max_src_length': 80, 'max_tgt_length': 20, 'code_dict_size': 8192, 'patch_image_size': 480, 'orig_patch_image_size': 256, 'num_bins': 1000, 'imagenet_default_mean_and_std': False, 'constraint_range': None, 'ans2label_dict': '{"no": 0, "yes":1, "maybe": 2}', 'add_caption': True, 'valid_batch_size': 20, 'prompt_type': 'prev_output'}, 'criterion': {'_name': 'adjust_label_smoothed_cross_entropy', 'label_smoothing': 0.0, 'report_accuracy': False, 'ignore_prefix_size': 0, 'ignore_eos': False, 'sentence_avg': False, 'drop_worst_ratio': 0.0, 'drop_worst_after': 0, 'use_rdrop': False, 'reg_alpha': 1.0, 'sample_patch_num': 196, 'constraint_range': None}, 'optimizer': {'_name': 'adam', 'adam_betas': '(0.9,0.999)', 'adam_eps': 1e-08, 'weight_decay': 0.01, 'use_old_adam': False, 'fp16_adam_stats': False, 'tpu': False, 'lr': [5e-05]}, 'lr_scheduler': {'_name': 'polynomial_decay', 'warmup_updates': 0, 'warmup_ratio': 0.06, 'force_anneal': None, 'end_learning_rate': 0.0, 'power': 1.0, 'total_num_update': 1000000.0, 'lr': [5e-05]}, 'scoring': {'_name': 'bleu', 'pad': 1, 'eos': 2, 'unk': 3}, 'bpe': None, 'tokenizer': None, 'ema': {'_name': None, 'store_ema': False, 'ema_decay': 0.9999, 'ema_start_update': 0, 'ema_seed_model': None, 'ema_update_freq': 1, 'ema_fp32': False}, 'simul_type': None}
2023-05-16 15:21:52 - ofa_task.py[line:109] - INFO: source dictionary: 59457 types
2023-05-16 15:21:52 - ofa_task.py[line:110] - INFO: target dictionary: 59457 types
/home/grads/mogunleye/.conda/envs/ofa1/lib/python3.9/site-packages/torch/functional.py:504: UserWarning: torch.meshgrid: in an upcoming release, it will be required to pass the indexing argument. (Triggered internally at /opt/conda/conda-bld/pytorch_1666643016022/work/aten/src/ATen/native/TensorShape.cpp:3190.)
  return _VF.meshgrid(tensors, **kwargs)  # type: ignore[attr-defined]
/home/grads/mogunleye/.conda/envs/ofa1/lib/python3.9/site-packages/torch/functional.py:504: UserWarning: torch.meshgrid: in an upcoming release, it will be required to pass the indexing argument. (Triggered internally at /opt/conda/conda-bld/pytorch_1666643016022/work/aten/src/ATen/native/TensorShape.cpp:3190.)
  return _VF.meshgrid(tensors, **kwargs)  # type: ignore[attr-defined]
/home/grads/mogunleye/.conda/envs/ofa1/lib/python3.9/site-packages/torch/functional.py:504: UserWarning: torch.meshgrid: in an upcoming release, it will be required to pass the indexing argument. (Triggered internally at /opt/conda/conda-bld/pytorch_1666643016022/work/aten/src/ATen/native/TensorShape.cpp:3190.)
  return _VF.meshgrid(tensors, **kwargs)  # type: ignore[attr-defined]
/home/grads/mogunleye/.conda/envs/ofa1/lib/python3.9/site-packages/torch/functional.py:504: UserWarning: torch.meshgrid: in an upcoming release, it will be required to pass the indexing argument. (Triggered internally at /opt/conda/conda-bld/pytorch_1666643016022/work/aten/src/ATen/native/TensorShape.cpp:3190.)
  return _VF.meshgrid(tensors, **kwargs)  # type: ignore[attr-defined]
2023-05-16 15:21:55 - train.py[line:110] - INFO: OFAModel(
  (encoder): TransformerEncoder(
    (encoder_dropout): Dropout(p=0.2, inplace=False)
    (dropout_module): FairseqDropout()
    (embed_tokens): Embedding(59457, 768, padding_idx=1)
    (layernorm_embedding): LayerNorm((768,), eps=1e-05, elementwise_affine=True)
    (type_embedding): Embedding(2, 768)
    (embed_images): ResNet(
      (conv1): Conv2d(3, 64, kernel_size=(7, 7), stride=(2, 2), padding=(3, 3), bias=False)
      (bn1): BatchNorm2d(64, eps=1e-05, momentum=0.1, affine=True, track_running_stats=True)
      (relu): ReLU(inplace=True)
      (maxpool): MaxPool2d(kernel_size=3, stride=2, padding=1, dilation=1, ceil_mode=False)
      (layer1): Sequential(
        (0): Bottleneck(
          (conv1): Conv2d(64, 64, kernel_size=(1, 1), stride=(1, 1), bias=False)
          (bn1): BatchNorm2d(64, eps=1e-05, momentum=0.1, affine=True, track_running_stats=True)
          (conv2): Conv2d(64, 64, kernel_size=(3, 3), stride=(1, 1), padding=(1, 1), bias=False)
          (bn2): BatchNorm2d(64, eps=1e-05, momentum=0.1, affine=True, track_running_stats=True)
          (conv3): Conv2d(64, 256, kernel_size=(1, 1), stride=(1, 1), bias=False)
          (bn3): BatchNorm2d(256, eps=1e-05, momentum=0.1, affine=True, track_running_stats=True)
          (relu): ReLU(inplace=True)
          (downsample): Sequential(
            (0): Conv2d(64, 256, kernel_size=(1, 1), stride=(1, 1), bias=False)
            (1): BatchNorm2d(256, eps=1e-05, momentum=0.1, affine=True, track_running_stats=True)
          )
          (drop_path): Identity()
        )
        (1): Bottleneck(
          (conv1): Conv2d(256, 64, kernel_size=(1, 1), stride=(1, 1), bias=False)
          (bn1): BatchNorm2d(64, eps=1e-05, momentum=0.1, affine=True, track_running_stats=True)
          (conv2): Conv2d(64, 64, kernel_size=(3, 3), stride=(1, 1), padding=(1, 1), bias=False)
          (bn2): BatchNorm2d(64, eps=1e-05, momentum=0.1, affine=True, track_running_stats=True)
          (conv3): Conv2d(64, 256, kernel_size=(1, 1), stride=(1, 1), bias=False)
          (bn3): BatchNorm2d(256, eps=1e-05, momentum=0.1, affine=True, track_running_stats=True)
          (relu): ReLU(inplace=True)
          (drop_path): Identity()
        )
        (2): Bottleneck(
          (conv1): Conv2d(256, 64, kernel_size=(1, 1), stride=(1, 1), bias=False)
          (bn1): BatchNorm2d(64, eps=1e-05, momentum=0.1, affine=True, track_running_stats=True)
          (conv2): Conv2d(64, 64, kernel_size=(3, 3), stride=(1, 1), padding=(1, 1), bias=False)
          (bn2): BatchNorm2d(64, eps=1e-05, momentum=0.1, affine=True, track_running_stats=True)
          (conv3): Conv2d(64, 256, kernel_size=(1, 1), stride=(1, 1), bias=False)
          (bn3): BatchNorm2d(256, eps=1e-05, momentum=0.1, affine=True, track_running_stats=True)
          (relu): ReLU(inplace=True)
          (drop_path): Identity()
        )
      )
      (layer2): Sequential(
        (0): Bottleneck(
          (conv1): Conv2d(256, 128, kernel_size=(1, 1), stride=(1, 1), bias=False)
          (bn1): BatchNorm2d(128, eps=1e-05, momentum=0.1, affine=True, track_running_stats=True)
          (conv2): Conv2d(128, 128, kernel_size=(3, 3), stride=(2, 2), padding=(1, 1), bias=False)
          (bn2): BatchNorm2d(128, eps=1e-05, momentum=0.1, affine=True, track_running_stats=True)
          (conv3): Conv2d(128, 512, kernel_size=(1, 1), stride=(1, 1), bias=False)
          (bn3): BatchNorm2d(512, eps=1e-05, momentum=0.1, affine=True, track_running_stats=True)
          (relu): ReLU(inplace=True)
          (downsample): Sequential(
            (0): Conv2d(256, 512, kernel_size=(1, 1), stride=(2, 2), bias=False)
            (1): BatchNorm2d(512, eps=1e-05, momentum=0.1, affine=True, track_running_stats=True)
          )
          (drop_path): Identity()
        )
        (1): Bottleneck(
          (conv1): Conv2d(512, 128, kernel_size=(1, 1), stride=(1, 1), bias=False)
          (bn1): BatchNorm2d(128, eps=1e-05, momentum=0.1, affine=True, track_running_stats=True)
          (conv2): Conv2d(128, 128, kernel_size=(3, 3), stride=(1, 1), padding=(1, 1), bias=False)
          (bn2): BatchNorm2d(128, eps=1e-05, momentum=0.1, affine=True, track_running_stats=True)
          (conv3): Conv2d(128, 512, kernel_size=(1, 1), stride=(1, 1), bias=False)
          (bn3): BatchNorm2d(512, eps=1e-05, momentum=0.1, affine=True, track_running_stats=True)
          (relu): ReLU(inplace=True)
          (drop_path): Identity()
        )
        (2): Bottleneck(
          (conv1): Conv2d(512, 128, kernel_size=(1, 1), stride=(1, 1), bias=False)
          (bn1): BatchNorm2d(128, eps=1e-05, momentum=0.1, affine=True, track_running_stats=True)
          (conv2): Conv2d(128, 128, kernel_size=(3, 3), stride=(1, 1), padding=(1, 1), bias=False)
          (bn2): BatchNorm2d(128, eps=1e-05, momentum=0.1, affine=True, track_running_stats=True)
          (conv3): Conv2d(128, 512, kernel_size=(1, 1), stride=(1, 1), bias=False)
          (bn3): BatchNorm2d(512, eps=1e-05, momentum=0.1, affine=True, track_running_stats=True)
          (relu): ReLU(inplace=True)
          (drop_path): Identity()
        )
        (3): Bottleneck(
          (conv1): Conv2d(512, 128, kernel_size=(1, 1), stride=(1, 1), bias=False)
          (bn1): BatchNorm2d(128, eps=1e-05, momentum=0.1, affine=True, track_running_stats=True)
          (conv2): Conv2d(128, 128, kernel_size=(3, 3), stride=(1, 1), padding=(1, 1), bias=False)
          (bn2): BatchNorm2d(128, eps=1e-05, momentum=0.1, affine=True, track_running_stats=True)
          (conv3): Conv2d(128, 512, kernel_size=(1, 1), stride=(1, 1), bias=False)
          (bn3): BatchNorm2d(512, eps=1e-05, momentum=0.1, affine=True, track_running_stats=True)
          (relu): ReLU(inplace=True)
          (drop_path): Identity()
        )
      )
      (layer3): Sequential(
        (0): Bottleneck(
          (conv1): Conv2d(512, 256, kernel_size=(1, 1), stride=(1, 1), bias=False)
          (bn1): BatchNorm2d(256, eps=1e-05, momentum=0.1, affine=True, track_running_stats=True)
          (conv2): Conv2d(256, 256, kernel_size=(3, 3), stride=(2, 2), padding=(1, 1), bias=False)
          (bn2): BatchNorm2d(256, eps=1e-05, momentum=0.1, affine=True, track_running_stats=True)
          (conv3): Conv2d(256, 1024, kernel_size=(1, 1), stride=(1, 1), bias=False)
          (bn3): BatchNorm2d(1024, eps=1e-05, momentum=0.1, affine=True, track_running_stats=True)
          (relu): ReLU(inplace=True)
          (downsample): Sequential(
            (0): Conv2d(512, 1024, kernel_size=(1, 1), stride=(2, 2), bias=False)
            (1): BatchNorm2d(1024, eps=1e-05, momentum=0.1, affine=True, track_running_stats=True)
          )
          (drop_path): Identity()
        )
        (1): Bottleneck(
          (conv1): Conv2d(1024, 256, kernel_size=(1, 1), stride=(1, 1), bias=False)
          (bn1): BatchNorm2d(256, eps=1e-05, momentum=0.1, affine=True, track_running_stats=True)
          (conv2): Conv2d(256, 256, kernel_size=(3, 3), stride=(1, 1), padding=(1, 1), bias=False)
          (bn2): BatchNorm2d(256, eps=1e-05, momentum=0.1, affine=True, track_running_stats=True)
          (conv3): Conv2d(256, 1024, kernel_size=(1, 1), stride=(1, 1), bias=False)
          (bn3): BatchNorm2d(1024, eps=1e-05, momentum=0.1, affine=True, track_running_stats=True)
          (relu): ReLU(inplace=True)
          (drop_path): Identity()
        )
        (2): Bottleneck(
          (conv1): Conv2d(1024, 256, kernel_size=(1, 1), stride=(1, 1), bias=False)
          (bn1): BatchNorm2d(256, eps=1e-05, momentum=0.1, affine=True, track_running_stats=True)
          (conv2): Conv2d(256, 256, kernel_size=(3, 3), stride=(1, 1), padding=(1, 1), bias=False)
          (bn2): BatchNorm2d(256, eps=1e-05, momentum=0.1, affine=True, track_running_stats=True)
          (conv3): Conv2d(256, 1024, kernel_size=(1, 1), stride=(1, 1), bias=False)
          (bn3): BatchNorm2d(1024, eps=1e-05, momentum=0.1, affine=True, track_running_stats=True)
          (relu): ReLU(inplace=True)
          (drop_path): Identity()
        )
        (3): Bottleneck(
          (conv1): Conv2d(1024, 256, kernel_size=(1, 1), stride=(1, 1), bias=False)
          (bn1): BatchNorm2d(256, eps=1e-05, momentum=0.1, affine=True, track_running_stats=True)
          (conv2): Conv2d(256, 256, kernel_size=(3, 3), stride=(1, 1), padding=(1, 1), bias=False)
          (bn2): BatchNorm2d(256, eps=1e-05, momentum=0.1, affine=True, track_running_stats=True)
          (conv3): Conv2d(256, 1024, kernel_size=(1, 1), stride=(1, 1), bias=False)
          (bn3): BatchNorm2d(1024, eps=1e-05, momentum=0.1, affine=True, track_running_stats=True)
          (relu): ReLU(inplace=True)
          (drop_path): Identity()
        )
        (4): Bottleneck(
          (conv1): Conv2d(1024, 256, kernel_size=(1, 1), stride=(1, 1), bias=False)
          (bn1): BatchNorm2d(256, eps=1e-05, momentum=0.1, affine=True, track_running_stats=True)
          (conv2): Conv2d(256, 256, kernel_size=(3, 3), stride=(1, 1), padding=(1, 1), bias=False)
          (bn2): BatchNorm2d(256, eps=1e-05, momentum=0.1, affine=True, track_running_stats=True)
          (conv3): Conv2d(256, 1024, kernel_size=(1, 1), stride=(1, 1), bias=False)
          (bn3): BatchNorm2d(1024, eps=1e-05, momentum=0.1, affine=True, track_running_stats=True)
          (relu): ReLU(inplace=True)
          (drop_path): Identity()
        )
        (5): Bottleneck(
          (conv1): Conv2d(1024, 256, kernel_size=(1, 1), stride=(1, 1), bias=False)
          (bn1): BatchNorm2d(256, eps=1e-05, momentum=0.1, affine=True, track_running_stats=True)
          (conv2): Conv2d(256, 256, kernel_size=(3, 3), stride=(1, 1), padding=(1, 1), bias=False)
          (bn2): BatchNorm2d(256, eps=1e-05, momentum=0.1, affine=True, track_running_stats=True)
          (conv3): Conv2d(256, 1024, kernel_size=(1, 1), stride=(1, 1), bias=False)
          (bn3): BatchNorm2d(1024, eps=1e-05, momentum=0.1, affine=True, track_running_stats=True)
          (relu): ReLU(inplace=True)
          (drop_path): Identity()
        )
        (6): Bottleneck(
          (conv1): Conv2d(1024, 256, kernel_size=(1, 1), stride=(1, 1), bias=False)
          (bn1): BatchNorm2d(256, eps=1e-05, momentum=0.1, affine=True, track_running_stats=True)
          (conv2): Conv2d(256, 256, kernel_size=(3, 3), stride=(1, 1), padding=(1, 1), bias=False)
          (bn2): BatchNorm2d(256, eps=1e-05, momentum=0.1, affine=True, track_running_stats=True)
          (conv3): Conv2d(256, 1024, kernel_size=(1, 1), stride=(1, 1), bias=False)
          (bn3): BatchNorm2d(1024, eps=1e-05, momentum=0.1, affine=True, track_running_stats=True)
          (relu): ReLU(inplace=True)
          (drop_path): Identity()
        )
        (7): Bottleneck(
          (conv1): Conv2d(1024, 256, kernel_size=(1, 1), stride=(1, 1), bias=False)
          (bn1): BatchNorm2d(256, eps=1e-05, momentum=0.1, affine=True, track_running_stats=True)
          (conv2): Conv2d(256, 256, kernel_size=(3, 3), stride=(1, 1), padding=(1, 1), bias=False)
          (bn2): BatchNorm2d(256, eps=1e-05, momentum=0.1, affine=True, track_running_stats=True)
          (conv3): Conv2d(256, 1024, kernel_size=(1, 1), stride=(1, 1), bias=False)
          (bn3): BatchNorm2d(1024, eps=1e-05, momentum=0.1, affine=True, track_running_stats=True)
          (relu): ReLU(inplace=True)
          (drop_path): Identity()
        )
        (8): Bottleneck(
          (conv1): Conv2d(1024, 256, kernel_size=(1, 1), stride=(1, 1), bias=False)
          (bn1): BatchNorm2d(256, eps=1e-05, momentum=0.1, affine=True, track_running_stats=True)
          (conv2): Conv2d(256, 256, kernel_size=(3, 3), stride=(1, 1), padding=(1, 1), bias=False)
          (bn2): BatchNorm2d(256, eps=1e-05, momentum=0.1, affine=True, track_running_stats=True)
          (conv3): Conv2d(256, 1024, kernel_size=(1, 1), stride=(1, 1), bias=False)
          (bn3): BatchNorm2d(1024, eps=1e-05, momentum=0.1, affine=True, track_running_stats=True)
          (relu): ReLU(inplace=True)
          (drop_path): Identity()
        )
        (9): Bottleneck(
          (conv1): Conv2d(1024, 256, kernel_size=(1, 1), stride=(1, 1), bias=False)
          (bn1): BatchNorm2d(256, eps=1e-05, momentum=0.1, affine=True, track_running_stats=True)
          (conv2): Conv2d(256, 256, kernel_size=(3, 3), stride=(1, 1), padding=(1, 1), bias=False)
          (bn2): BatchNorm2d(256, eps=1e-05, momentum=0.1, affine=True, track_running_stats=True)
          (conv3): Conv2d(256, 1024, kernel_size=(1, 1), stride=(1, 1), bias=False)
          (bn3): BatchNorm2d(1024, eps=1e-05, momentum=0.1, affine=True, track_running_stats=True)
          (relu): ReLU(inplace=True)
          (drop_path): Identity()
        )
        (10): Bottleneck(
          (conv1): Conv2d(1024, 256, kernel_size=(1, 1), stride=(1, 1), bias=False)
          (bn1): BatchNorm2d(256, eps=1e-05, momentum=0.1, affine=True, track_running_stats=True)
          (conv2): Conv2d(256, 256, kernel_size=(3, 3), stride=(1, 1), padding=(1, 1), bias=False)
          (bn2): BatchNorm2d(256, eps=1e-05, momentum=0.1, affine=True, track_running_stats=True)
          (conv3): Conv2d(256, 1024, kernel_size=(1, 1), stride=(1, 1), bias=False)
          (bn3): BatchNorm2d(1024, eps=1e-05, momentum=0.1, affine=True, track_running_stats=True)
          (relu): ReLU(inplace=True)
          (drop_path): Identity()
        )
        (11): Bottleneck(
          (conv1): Conv2d(1024, 256, kernel_size=(1, 1), stride=(1, 1), bias=False)
          (bn1): BatchNorm2d(256, eps=1e-05, momentum=0.1, affine=True, track_running_stats=True)
          (conv2): Conv2d(256, 256, kernel_size=(3, 3), stride=(1, 1), padding=(1, 1), bias=False)
          (bn2): BatchNorm2d(256, eps=1e-05, momentum=0.1, affine=True, track_running_stats=True)
          (conv3): Conv2d(256, 1024, kernel_size=(1, 1), stride=(1, 1), bias=False)
          (bn3): BatchNorm2d(1024, eps=1e-05, momentum=0.1, affine=True, track_running_stats=True)
          (relu): ReLU(inplace=True)
          (drop_path): Identity()
        )
        (12): Bottleneck(
          (conv1): Conv2d(1024, 256, kernel_size=(1, 1), stride=(1, 1), bias=False)
          (bn1): BatchNorm2d(256, eps=1e-05, momentum=0.1, affine=True, track_running_stats=True)
          (conv2): Conv2d(256, 256, kernel_size=(3, 3), stride=(1, 1), padding=(1, 1), bias=False)
          (bn2): BatchNorm2d(256, eps=1e-05, momentum=0.1, affine=True, track_running_stats=True)
          (conv3): Conv2d(256, 1024, kernel_size=(1, 1), stride=(1, 1), bias=False)
          (bn3): BatchNorm2d(1024, eps=1e-05, momentum=0.1, affine=True, track_running_stats=True)
          (relu): ReLU(inplace=True)
          (drop_path): Identity()
        )
        (13): Bottleneck(
          (conv1): Conv2d(1024, 256, kernel_size=(1, 1), stride=(1, 1), bias=False)
          (bn1): BatchNorm2d(256, eps=1e-05, momentum=0.1, affine=True, track_running_stats=True)
          (conv2): Conv2d(256, 256, kernel_size=(3, 3), stride=(1, 1), padding=(1, 1), bias=False)
          (bn2): BatchNorm2d(256, eps=1e-05, momentum=0.1, affine=True, track_running_stats=True)
          (conv3): Conv2d(256, 1024, kernel_size=(1, 1), stride=(1, 1), bias=False)
          (bn3): BatchNorm2d(1024, eps=1e-05, momentum=0.1, affine=True, track_running_stats=True)
          (relu): ReLU(inplace=True)
          (drop_path): Identity()
        )
        (14): Bottleneck(
          (conv1): Conv2d(1024, 256, kernel_size=(1, 1), stride=(1, 1), bias=False)
          (bn1): BatchNorm2d(256, eps=1e-05, momentum=0.1, affine=True, track_running_stats=True)
          (conv2): Conv2d(256, 256, kernel_size=(3, 3), stride=(1, 1), padding=(1, 1), bias=False)
          (bn2): BatchNorm2d(256, eps=1e-05, momentum=0.1, affine=True, track_running_stats=True)
          (conv3): Conv2d(256, 1024, kernel_size=(1, 1), stride=(1, 1), bias=False)
          (bn3): BatchNorm2d(1024, eps=1e-05, momentum=0.1, affine=True, track_running_stats=True)
          (relu): ReLU(inplace=True)
          (drop_path): Identity()
        )
        (15): Bottleneck(
          (conv1): Conv2d(1024, 256, kernel_size=(1, 1), stride=(1, 1), bias=False)
          (bn1): BatchNorm2d(256, eps=1e-05, momentum=0.1, affine=True, track_running_stats=True)
          (conv2): Conv2d(256, 256, kernel_size=(3, 3), stride=(1, 1), padding=(1, 1), bias=False)
          (bn2): BatchNorm2d(256, eps=1e-05, momentum=0.1, affine=True, track_running_stats=True)
          (conv3): Conv2d(256, 1024, kernel_size=(1, 1), stride=(1, 1), bias=False)
          (bn3): BatchNorm2d(1024, eps=1e-05, momentum=0.1, affine=True, track_running_stats=True)
          (relu): ReLU(inplace=True)
          (drop_path): Identity()
        )
        (16): Bottleneck(
          (conv1): Conv2d(1024, 256, kernel_size=(1, 1), stride=(1, 1), bias=False)
          (bn1): BatchNorm2d(256, eps=1e-05, momentum=0.1, affine=True, track_running_stats=True)
          (conv2): Conv2d(256, 256, kernel_size=(3, 3), stride=(1, 1), padding=(1, 1), bias=False)
          (bn2): BatchNorm2d(256, eps=1e-05, momentum=0.1, affine=True, track_running_stats=True)
          (conv3): Conv2d(256, 1024, kernel_size=(1, 1), stride=(1, 1), bias=False)
          (bn3): BatchNorm2d(1024, eps=1e-05, momentum=0.1, affine=True, track_running_stats=True)
          (relu): ReLU(inplace=True)
          (drop_path): Identity()
        )
        (17): Bottleneck(
          (conv1): Conv2d(1024, 256, kernel_size=(1, 1), stride=(1, 1), bias=False)
          (bn1): BatchNorm2d(256, eps=1e-05, momentum=0.1, affine=True, track_running_stats=True)
          (conv2): Conv2d(256, 256, kernel_size=(3, 3), stride=(1, 1), padding=(1, 1), bias=False)
          (bn2): BatchNorm2d(256, eps=1e-05, momentum=0.1, affine=True, track_running_stats=True)
          (conv3): Conv2d(256, 1024, kernel_size=(1, 1), stride=(1, 1), bias=False)
          (bn3): BatchNorm2d(1024, eps=1e-05, momentum=0.1, affine=True, track_running_stats=True)
          (relu): ReLU(inplace=True)
          (drop_path): Identity()
        )
        (18): Bottleneck(
          (conv1): Conv2d(1024, 256, kernel_size=(1, 1), stride=(1, 1), bias=False)
          (bn1): BatchNorm2d(256, eps=1e-05, momentum=0.1, affine=True, track_running_stats=True)
          (conv2): Conv2d(256, 256, kernel_size=(3, 3), stride=(1, 1), padding=(1, 1), bias=False)
          (bn2): BatchNorm2d(256, eps=1e-05, momentum=0.1, affine=True, track_running_stats=True)
          (conv3): Conv2d(256, 1024, kernel_size=(1, 1), stride=(1, 1), bias=False)
          (bn3): BatchNorm2d(1024, eps=1e-05, momentum=0.1, affine=True, track_running_stats=True)
          (relu): ReLU(inplace=True)
          (drop_path): Identity()
        )
        (19): Bottleneck(
          (conv1): Conv2d(1024, 256, kernel_size=(1, 1), stride=(1, 1), bias=False)
          (bn1): BatchNorm2d(256, eps=1e-05, momentum=0.1, affine=True, track_running_stats=True)
          (conv2): Conv2d(256, 256, kernel_size=(3, 3), stride=(1, 1), padding=(1, 1), bias=False)
          (bn2): BatchNorm2d(256, eps=1e-05, momentum=0.1, affine=True, track_running_stats=True)
          (conv3): Conv2d(256, 1024, kernel_size=(1, 1), stride=(1, 1), bias=False)
          (bn3): BatchNorm2d(1024, eps=1e-05, momentum=0.1, affine=True, track_running_stats=True)
          (relu): ReLU(inplace=True)
          (drop_path): Identity()
        )
        (20): Bottleneck(
          (conv1): Conv2d(1024, 256, kernel_size=(1, 1), stride=(1, 1), bias=False)
          (bn1): BatchNorm2d(256, eps=1e-05, momentum=0.1, affine=True, track_running_stats=True)
          (conv2): Conv2d(256, 256, kernel_size=(3, 3), stride=(1, 1), padding=(1, 1), bias=False)
          (bn2): BatchNorm2d(256, eps=1e-05, momentum=0.1, affine=True, track_running_stats=True)
          (conv3): Conv2d(256, 1024, kernel_size=(1, 1), stride=(1, 1), bias=False)
          (bn3): BatchNorm2d(1024, eps=1e-05, momentum=0.1, affine=True, track_running_stats=True)
          (relu): ReLU(inplace=True)
          (drop_path): Identity()
        )
        (21): Bottleneck(
          (conv1): Conv2d(1024, 256, kernel_size=(1, 1), stride=(1, 1), bias=False)
          (bn1): BatchNorm2d(256, eps=1e-05, momentum=0.1, affine=True, track_running_stats=True)
          (conv2): Conv2d(256, 256, kernel_size=(3, 3), stride=(1, 1), padding=(1, 1), bias=False)
          (bn2): BatchNorm2d(256, eps=1e-05, momentum=0.1, affine=True, track_running_stats=True)
          (conv3): Conv2d(256, 1024, kernel_size=(1, 1), stride=(1, 1), bias=False)
          (bn3): BatchNorm2d(1024, eps=1e-05, momentum=0.1, affine=True, track_running_stats=True)
          (relu): ReLU(inplace=True)
          (drop_path): Identity()
        )
        (22): Bottleneck(
          (conv1): Conv2d(1024, 256, kernel_size=(1, 1), stride=(1, 1), bias=False)
          (bn1): BatchNorm2d(256, eps=1e-05, momentum=0.1, affine=True, track_running_stats=True)
          (conv2): Conv2d(256, 256, kernel_size=(3, 3), stride=(1, 1), padding=(1, 1), bias=False)
          (bn2): BatchNorm2d(256, eps=1e-05, momentum=0.1, affine=True, track_running_stats=True)
          (conv3): Conv2d(256, 1024, kernel_size=(1, 1), stride=(1, 1), bias=False)
          (bn3): BatchNorm2d(1024, eps=1e-05, momentum=0.1, affine=True, track_running_stats=True)
          (relu): ReLU(inplace=True)
          (drop_path): Identity()
        )
      )
    )
    (image_proj): Linear(in_features=1024, out_features=768, bias=True)
    (patch_layernorm_embedding): LayerNorm((768,), eps=1e-05, elementwise_affine=True)
    (embed_positions): Embedding(1026, 768)
    (embed_image_positions): Embedding(1765, 768)
    (pos_ln): LayerNorm((768,), eps=1e-05, elementwise_affine=True)
    (image_pos_ln): LayerNorm((768,), eps=1e-05, elementwise_affine=True)
    (pos_q_linear): Linear(in_features=768, out_features=768, bias=True)
    (pos_k_linear): Linear(in_features=768, out_features=768, bias=True)
    (layers): ModuleList(
      (0): TransformerEncoderLayer(
        (self_attn): MultiheadAttention(
          (dropout_module): FairseqDropout()
          (k_proj): Linear(in_features=768, out_features=768, bias=True)
          (v_proj): Linear(in_features=768, out_features=768, bias=True)
          (q_proj): Linear(in_features=768, out_features=768, bias=True)
          (out_proj): Linear(in_features=768, out_features=768, bias=True)
        )
        (self_attn_layer_norm): LayerNorm((768,), eps=1e-05, elementwise_affine=True)
        (dropout_module): FairseqDropout()
        (activation_dropout_module): FairseqDropout()
        (fc1): Linear(in_features=768, out_features=3072, bias=True)
        (fc2): Linear(in_features=3072, out_features=768, bias=True)
        (attn_ln): LayerNorm((768,), eps=1e-05, elementwise_affine=True)
        (ffn_layernorm): LayerNorm((3072,), eps=1e-05, elementwise_affine=True)
        (final_layer_norm): LayerNorm((768,), eps=1e-05, elementwise_affine=True)
        (drop_path): Identity()
      )
      (1): TransformerEncoderLayer(
        (self_attn): MultiheadAttention(
          (dropout_module): FairseqDropout()
          (k_proj): Linear(in_features=768, out_features=768, bias=True)
          (v_proj): Linear(in_features=768, out_features=768, bias=True)
          (q_proj): Linear(in_features=768, out_features=768, bias=True)
          (out_proj): Linear(in_features=768, out_features=768, bias=True)
        )
        (self_attn_layer_norm): LayerNorm((768,), eps=1e-05, elementwise_affine=True)
        (dropout_module): FairseqDropout()
        (activation_dropout_module): FairseqDropout()
        (fc1): Linear(in_features=768, out_features=3072, bias=True)
        (fc2): Linear(in_features=3072, out_features=768, bias=True)
        (attn_ln): LayerNorm((768,), eps=1e-05, elementwise_affine=True)
        (ffn_layernorm): LayerNorm((3072,), eps=1e-05, elementwise_affine=True)
        (final_layer_norm): LayerNorm((768,), eps=1e-05, elementwise_affine=True)
        (drop_path): DropPath(p=0.019999999552965164)
      )
      (2): TransformerEncoderLayer(
        (self_attn): MultiheadAttention(
          (dropout_module): FairseqDropout()
          (k_proj): Linear(in_features=768, out_features=768, bias=True)
          (v_proj): Linear(in_features=768, out_features=768, bias=True)
          (q_proj): Linear(in_features=768, out_features=768, bias=True)
          (out_proj): Linear(in_features=768, out_features=768, bias=True)
        )
        (self_attn_layer_norm): LayerNorm((768,), eps=1e-05, elementwise_affine=True)
        (dropout_module): FairseqDropout()
        (activation_dropout_module): FairseqDropout()
        (fc1): Linear(in_features=768, out_features=3072, bias=True)
        (fc2): Linear(in_features=3072, out_features=768, bias=True)
        (attn_ln): LayerNorm((768,), eps=1e-05, elementwise_affine=True)
        (ffn_layernorm): LayerNorm((3072,), eps=1e-05, elementwise_affine=True)
        (final_layer_norm): LayerNorm((768,), eps=1e-05, elementwise_affine=True)
        (drop_path): DropPath(p=0.03999999910593033)
      )
      (3): TransformerEncoderLayer(
        (self_attn): MultiheadAttention(
          (dropout_module): FairseqDropout()
          (k_proj): Linear(in_features=768, out_features=768, bias=True)
          (v_proj): Linear(in_features=768, out_features=768, bias=True)
          (q_proj): Linear(in_features=768, out_features=768, bias=True)
          (out_proj): Linear(in_features=768, out_features=768, bias=True)
        )
        (self_attn_layer_norm): LayerNorm((768,), eps=1e-05, elementwise_affine=True)
        (dropout_module): FairseqDropout()
        (activation_dropout_module): FairseqDropout()
        (fc1): Linear(in_features=768, out_features=3072, bias=True)
        (fc2): Linear(in_features=3072, out_features=768, bias=True)
        (attn_ln): LayerNorm((768,), eps=1e-05, elementwise_affine=True)
        (ffn_layernorm): LayerNorm((3072,), eps=1e-05, elementwise_affine=True)
        (final_layer_norm): LayerNorm((768,), eps=1e-05, elementwise_affine=True)
        (drop_path): DropPath(p=0.06000000238418579)
      )
      (4): TransformerEncoderLayer(
        (self_attn): MultiheadAttention(
          (dropout_module): FairseqDropout()
          (k_proj): Linear(in_features=768, out_features=768, bias=True)
          (v_proj): Linear(in_features=768, out_features=768, bias=True)
          (q_proj): Linear(in_features=768, out_features=768, bias=True)
          (out_proj): Linear(in_features=768, out_features=768, bias=True)
        )
        (self_attn_layer_norm): LayerNorm((768,), eps=1e-05, elementwise_affine=True)
        (dropout_module): FairseqDropout()
        (activation_dropout_module): FairseqDropout()
        (fc1): Linear(in_features=768, out_features=3072, bias=True)
        (fc2): Linear(in_features=3072, out_features=768, bias=True)
        (attn_ln): LayerNorm((768,), eps=1e-05, elementwise_affine=True)
        (ffn_layernorm): LayerNorm((3072,), eps=1e-05, elementwise_affine=True)
        (final_layer_norm): LayerNorm((768,), eps=1e-05, elementwise_affine=True)
        (drop_path): DropPath(p=0.07999999821186066)
      )
      (5): TransformerEncoderLayer(
        (self_attn): MultiheadAttention(
          (dropout_module): FairseqDropout()
          (k_proj): Linear(in_features=768, out_features=768, bias=True)
          (v_proj): Linear(in_features=768, out_features=768, bias=True)
          (q_proj): Linear(in_features=768, out_features=768, bias=True)
          (out_proj): Linear(in_features=768, out_features=768, bias=True)
        )
        (self_attn_layer_norm): LayerNorm((768,), eps=1e-05, elementwise_affine=True)
        (dropout_module): FairseqDropout()
        (activation_dropout_module): FairseqDropout()
        (fc1): Linear(in_features=768, out_features=3072, bias=True)
        (fc2): Linear(in_features=3072, out_features=768, bias=True)
        (attn_ln): LayerNorm((768,), eps=1e-05, elementwise_affine=True)
        (ffn_layernorm): LayerNorm((3072,), eps=1e-05, elementwise_affine=True)
        (final_layer_norm): LayerNorm((768,), eps=1e-05, elementwise_affine=True)
        (drop_path): DropPath(p=0.10000000149011612)
      )
    )
    (layer_norm): LayerNorm((768,), eps=1e-05, elementwise_affine=True)
    (token_rel_pos_table_list): ModuleList(
      (0): Embedding(511, 12)
      (1): Embedding(511, 12)
      (2): Embedding(511, 12)
      (3): Embedding(511, 12)
      (4): Embedding(511, 12)
      (5): Embedding(511, 12)
    )
    (image_rel_pos_table_list): ModuleList(
      (0): Embedding(6892, 12)
      (1): Embedding(6892, 12)
      (2): Embedding(6892, 12)
      (3): Embedding(6892, 12)
      (4): Embedding(6892, 12)
      (5): Embedding(6892, 12)
    )
  )
  (decoder): TransformerDecoder(
    (dropout_module): FairseqDropout()
    (embed_tokens): Embedding(59457, 768, padding_idx=1)
    (layernorm_embedding): LayerNorm((768,), eps=1e-05, elementwise_affine=True)
    (embed_positions): Embedding(1026, 768)
    (embed_image_positions): Embedding(1765, 768)
    (pos_ln): LayerNorm((768,), eps=1e-05, elementwise_affine=True)
    (image_pos_ln): LayerNorm((768,), eps=1e-05, elementwise_affine=True)
    (self_pos_q_linear): Linear(in_features=768, out_features=768, bias=True)
    (self_pos_k_linear): Linear(in_features=768, out_features=768, bias=True)
    (cross_pos_q_linear): Linear(in_features=768, out_features=768, bias=True)
    (cross_pos_k_linear): Linear(in_features=768, out_features=768, bias=True)
    (code_layernorm_embedding): LayerNorm((768,), eps=1e-05, elementwise_affine=True)
    (layers): ModuleList(
      (0): TransformerDecoderLayer(
        (dropout_module): FairseqDropout()
        (self_attn): MultiheadAttention(
          (dropout_module): FairseqDropout()
          (k_proj): Linear(in_features=768, out_features=768, bias=True)
          (v_proj): Linear(in_features=768, out_features=768, bias=True)
          (q_proj): Linear(in_features=768, out_features=768, bias=True)
          (out_proj): Linear(in_features=768, out_features=768, bias=True)
        )
        (self_attn_ln): LayerNorm((768,), eps=1e-05, elementwise_affine=True)
        (cross_attn_ln): LayerNorm((768,), eps=1e-05, elementwise_affine=True)
        (activation_dropout_module): FairseqDropout()
        (self_attn_layer_norm): LayerNorm((768,), eps=1e-05, elementwise_affine=True)
        (encoder_attn): MultiheadAttention(
          (dropout_module): FairseqDropout()
          (k_proj): Linear(in_features=768, out_features=768, bias=True)
          (v_proj): Linear(in_features=768, out_features=768, bias=True)
          (q_proj): Linear(in_features=768, out_features=768, bias=True)
          (out_proj): Linear(in_features=768, out_features=768, bias=True)
        )
        (encoder_attn_layer_norm): LayerNorm((768,), eps=1e-05, elementwise_affine=True)
        (ffn_layernorm): LayerNorm((3072,), eps=1e-05, elementwise_affine=True)
        (fc1): Linear(in_features=768, out_features=3072, bias=True)
        (fc2): Linear(in_features=3072, out_features=768, bias=True)
        (final_layer_norm): LayerNorm((768,), eps=1e-05, elementwise_affine=True)
        (drop_path): Identity()
      )
      (1): TransformerDecoderLayer(
        (dropout_module): FairseqDropout()
        (self_attn): MultiheadAttention(
          (dropout_module): FairseqDropout()
          (k_proj): Linear(in_features=768, out_features=768, bias=True)
          (v_proj): Linear(in_features=768, out_features=768, bias=True)
          (q_proj): Linear(in_features=768, out_features=768, bias=True)
          (out_proj): Linear(in_features=768, out_features=768, bias=True)
        )
        (self_attn_ln): LayerNorm((768,), eps=1e-05, elementwise_affine=True)
        (cross_attn_ln): LayerNorm((768,), eps=1e-05, elementwise_affine=True)
        (activation_dropout_module): FairseqDropout()
        (self_attn_layer_norm): LayerNorm((768,), eps=1e-05, elementwise_affine=True)
        (encoder_attn): MultiheadAttention(
          (dropout_module): FairseqDropout()
          (k_proj): Linear(in_features=768, out_features=768, bias=True)
          (v_proj): Linear(in_features=768, out_features=768, bias=True)
          (q_proj): Linear(in_features=768, out_features=768, bias=True)
          (out_proj): Linear(in_features=768, out_features=768, bias=True)
        )
        (encoder_attn_layer_norm): LayerNorm((768,), eps=1e-05, elementwise_affine=True)
        (ffn_layernorm): LayerNorm((3072,), eps=1e-05, elementwise_affine=True)
        (fc1): Linear(in_features=768, out_features=3072, bias=True)
        (fc2): Linear(in_features=3072, out_features=768, bias=True)
        (final_layer_norm): LayerNorm((768,), eps=1e-05, elementwise_affine=True)
        (drop_path): DropPath(p=0.019999999552965164)
      )
      (2): TransformerDecoderLayer(
        (dropout_module): FairseqDropout()
        (self_attn): MultiheadAttention(
          (dropout_module): FairseqDropout()
          (k_proj): Linear(in_features=768, out_features=768, bias=True)
          (v_proj): Linear(in_features=768, out_features=768, bias=True)
          (q_proj): Linear(in_features=768, out_features=768, bias=True)
          (out_proj): Linear(in_features=768, out_features=768, bias=True)
        )
        (self_attn_ln): LayerNorm((768,), eps=1e-05, elementwise_affine=True)
        (cross_attn_ln): LayerNorm((768,), eps=1e-05, elementwise_affine=True)
        (activation_dropout_module): FairseqDropout()
        (self_attn_layer_norm): LayerNorm((768,), eps=1e-05, elementwise_affine=True)
        (encoder_attn): MultiheadAttention(
          (dropout_module): FairseqDropout()
          (k_proj): Linear(in_features=768, out_features=768, bias=True)
          (v_proj): Linear(in_features=768, out_features=768, bias=True)
          (q_proj): Linear(in_features=768, out_features=768, bias=True)
          (out_proj): Linear(in_features=768, out_features=768, bias=True)
        )
        (encoder_attn_layer_norm): LayerNorm((768,), eps=1e-05, elementwise_affine=True)
        (ffn_layernorm): LayerNorm((3072,), eps=1e-05, elementwise_affine=True)
        (fc1): Linear(in_features=768, out_features=3072, bias=True)
        (fc2): Linear(in_features=3072, out_features=768, bias=True)
        (final_layer_norm): LayerNorm((768,), eps=1e-05, elementwise_affine=True)
        (drop_path): DropPath(p=0.03999999910593033)
      )
      (3): TransformerDecoderLayer(
        (dropout_module): FairseqDropout()
        (self_attn): MultiheadAttention(
          (dropout_module): FairseqDropout()
          (k_proj): Linear(in_features=768, out_features=768, bias=True)
          (v_proj): Linear(in_features=768, out_features=768, bias=True)
          (q_proj): Linear(in_features=768, out_features=768, bias=True)
          (out_proj): Linear(in_features=768, out_features=768, bias=True)
        )
        (self_attn_ln): LayerNorm((768,), eps=1e-05, elementwise_affine=True)
        (cross_attn_ln): LayerNorm((768,), eps=1e-05, elementwise_affine=True)
        (activation_dropout_module): FairseqDropout()
        (self_attn_layer_norm): LayerNorm((768,), eps=1e-05, elementwise_affine=True)
        (encoder_attn): MultiheadAttention(
          (dropout_module): FairseqDropout()
          (k_proj): Linear(in_features=768, out_features=768, bias=True)
          (v_proj): Linear(in_features=768, out_features=768, bias=True)
          (q_proj): Linear(in_features=768, out_features=768, bias=True)
          (out_proj): Linear(in_features=768, out_features=768, bias=True)
        )
        (encoder_attn_layer_norm): LayerNorm((768,), eps=1e-05, elementwise_affine=True)
        (ffn_layernorm): LayerNorm((3072,), eps=1e-05, elementwise_affine=True)
        (fc1): Linear(in_features=768, out_features=3072, bias=True)
        (fc2): Linear(in_features=3072, out_features=768, bias=True)
        (final_layer_norm): LayerNorm((768,), eps=1e-05, elementwise_affine=True)
        (drop_path): DropPath(p=0.06000000238418579)
      )
      (4): TransformerDecoderLayer(
        (dropout_module): FairseqDropout()
        (self_attn): MultiheadAttention(
          (dropout_module): FairseqDropout()
          (k_proj): Linear(in_features=768, out_features=768, bias=True)
          (v_proj): Linear(in_features=768, out_features=768, bias=True)
          (q_proj): Linear(in_features=768, out_features=768, bias=True)
          (out_proj): Linear(in_features=768, out_features=768, bias=True)
        )
        (self_attn_ln): LayerNorm((768,), eps=1e-05, elementwise_affine=True)
        (cross_attn_ln): LayerNorm((768,), eps=1e-05, elementwise_affine=True)
        (activation_dropout_module): FairseqDropout()
        (self_attn_layer_norm): LayerNorm((768,), eps=1e-05, elementwise_affine=True)
        (encoder_attn): MultiheadAttention(
          (dropout_module): FairseqDropout()
          (k_proj): Linear(in_features=768, out_features=768, bias=True)
          (v_proj): Linear(in_features=768, out_features=768, bias=True)
          (q_proj): Linear(in_features=768, out_features=768, bias=True)
          (out_proj): Linear(in_features=768, out_features=768, bias=True)
        )
        (encoder_attn_layer_norm): LayerNorm((768,), eps=1e-05, elementwise_affine=True)
        (ffn_layernorm): LayerNorm((3072,), eps=1e-05, elementwise_affine=True)
        (fc1): Linear(in_features=768, out_features=3072, bias=True)
        (fc2): Linear(in_features=3072, out_features=768, bias=True)
        (final_layer_norm): LayerNorm((768,), eps=1e-05, elementwise_affine=True)
        (drop_path): DropPath(p=0.07999999821186066)
      )
      (5): TransformerDecoderLayer(
        (dropout_module): FairseqDropout()
        (self_attn): MultiheadAttention(
          (dropout_module): FairseqDropout()
          (k_proj): Linear(in_features=768, out_features=768, bias=True)
          (v_proj): Linear(in_features=768, out_features=768, bias=True)
          (q_proj): Linear(in_features=768, out_features=768, bias=True)
          (out_proj): Linear(in_features=768, out_features=768, bias=True)
        )
        (self_attn_ln): LayerNorm((768,), eps=1e-05, elementwise_affine=True)
        (cross_attn_ln): LayerNorm((768,), eps=1e-05, elementwise_affine=True)
        (activation_dropout_module): FairseqDropout()
        (self_attn_layer_norm): LayerNorm((768,), eps=1e-05, elementwise_affine=True)
        (encoder_attn): MultiheadAttention(
          (dropout_module): FairseqDropout()
          (k_proj): Linear(in_features=768, out_features=768, bias=True)
          (v_proj): Linear(in_features=768, out_features=768, bias=True)
          (q_proj): Linear(in_features=768, out_features=768, bias=True)
          (out_proj): Linear(in_features=768, out_features=768, bias=True)
        )
        (encoder_attn_layer_norm): LayerNorm((768,), eps=1e-05, elementwise_affine=True)
        (ffn_layernorm): LayerNorm((3072,), eps=1e-05, elementwise_affine=True)
        (fc1): Linear(in_features=768, out_features=3072, bias=True)
        (fc2): Linear(in_features=3072, out_features=768, bias=True)
        (final_layer_norm): LayerNorm((768,), eps=1e-05, elementwise_affine=True)
        (drop_path): DropPath(p=0.10000000149011612)
      )
    )
    (layer_norm): LayerNorm((768,), eps=1e-05, elementwise_affine=True)
    (output_projection): Linear(in_features=768, out_features=59457, bias=False)
    (token_rel_pos_table_list): ModuleList(
      (0): Embedding(511, 12)
      (1): Embedding(511, 12)
      (2): Embedding(511, 12)
      (3): Embedding(511, 12)
      (4): Embedding(511, 12)
      (5): Embedding(511, 12)
    )
    (image_rel_pos_table_list): ModuleList(
      (0): Embedding(6892, 12)
      (1): Embedding(6892, 12)
      (2): Embedding(6892, 12)
      (3): Embedding(6892, 12)
      (4): Embedding(6892, 12)
      (5): Embedding(6892, 12)
    )
  )
  (classification_heads): ModuleDict()
)
2023-05-16 15:21:55 - train.py[line:111] - INFO: task: SnliVeTask
2023-05-16 15:21:55 - train.py[line:112] - INFO: model: OFAModel
2023-05-16 15:21:55 - train.py[line:113] - INFO: criterion: AdjustLabelSmoothedCrossEntropyCriterion
2023-05-16 15:21:55 - train.py[line:114] - INFO: num. shared model params: 182,238,536 (num. trained: 182,238,536)
2023-05-16 15:21:55 - train.py[line:121] - INFO: num. expert model params: 0 (num. trained: 0)
local datafile ../../dataset/snli_ve_data/snli_ve_dev.tsv slice_id 0 begin to initialize row_count and line_idx-to-offset mapping
local datafile ../../dataset/snli_ve_data/snli_ve_dev.tsv slice_id 3 begin to initialize row_count and line_idx-to-offset mapping
local datafile ../../dataset/snli_ve_data/snli_ve_dev.tsv slice_id 2 begin to initialize row_count and line_idx-to-offset mapping
local datafile ../../dataset/snli_ve_data/snli_ve_dev.tsv slice_id 1 begin to initialize row_count and line_idx-to-offset mapping
local datafile ../../dataset/snli_ve_data/snli_ve_dev.tsv slice_id 0 finished initializing row_count and line_idx-to-offset mapping
file ../../dataset/snli_ve_data/snli_ve_dev.tsv slice_id 0 row count 4465 total row count 17858
/home/grads/mogunleye/.conda/envs/ofa1/lib/python3.9/site-packages/torchvision/transforms/transforms.py:329: UserWarning: Argument 'interpolation' of type int is deprecated since 0.13 and will be removed in 0.15. Please use InterpolationMode enum.
  warnings.warn(
2023-05-16 15:21:55 - distributed_c10d.py[line:319] - INFO: Added key: store_based_barrier_key:2 to store for rank: 0
local datafile ../../dataset/snli_ve_data/snli_ve_dev.tsv slice_id 2 finished initializing row_count and line_idx-to-offset mappinglocal datafile ../../dataset/snli_ve_data/snli_ve_dev.tsv slice_id 1 finished initializing row_count and line_idx-to-offset mapping

file ../../dataset/snli_ve_data/snli_ve_dev.tsv slice_id 2 row count 4464 total row count 17858
file ../../dataset/snli_ve_data/snli_ve_dev.tsv slice_id 1 row count 4465 total row count 17858
/home/grads/mogunleye/.conda/envs/ofa1/lib/python3.9/site-packages/torchvision/transforms/transforms.py:329: UserWarning: Argument 'interpolation' of type int is deprecated since 0.13 and will be removed in 0.15. Please use InterpolationMode enum.
  warnings.warn(
/home/grads/mogunleye/.conda/envs/ofa1/lib/python3.9/site-packages/torchvision/transforms/transforms.py:329: UserWarning: Argument 'interpolation' of type int is deprecated since 0.13 and will be removed in 0.15. Please use InterpolationMode enum.
  warnings.warn(
local datafile ../../dataset/snli_ve_data/snli_ve_dev.tsv slice_id 3 finished initializing row_count and line_idx-to-offset mapping
file ../../dataset/snli_ve_data/snli_ve_dev.tsv slice_id 3 row count 4464 total row count 17858
/home/grads/mogunleye/.conda/envs/ofa1/lib/python3.9/site-packages/torchvision/transforms/transforms.py:329: UserWarning: Argument 'interpolation' of type int is deprecated since 0.13 and will be removed in 0.15. Please use InterpolationMode enum.
  warnings.warn(
2023-05-16 15:21:55 - distributed_c10d.py[line:353] - INFO: Rank 0: Completed store-based barrier for key:store_based_barrier_key:2 with 4 nodes.
2023-05-16 15:21:55 - trainer.py[line:123] - INFO: detected shared parameter: encoder.embed_tokens.weight <- decoder.embed_tokens.weight
2023-05-16 15:21:55 - trainer.py[line:123] - INFO: detected shared parameter: encoder.embed_tokens.weight <- decoder.output_projection.weight
2023-05-16 15:21:55 - trainer.py[line:123] - INFO: detected shared parameter: encoder.embed_images.conv1.bias <- encoder.embed_images.layer1.0.conv1.bias
2023-05-16 15:21:55 - trainer.py[line:123] - INFO: detected shared parameter: encoder.embed_images.conv1.bias <- encoder.embed_images.layer1.0.conv2.bias
2023-05-16 15:21:55 - trainer.py[line:123] - INFO: detected shared parameter: encoder.embed_images.conv1.bias <- encoder.embed_images.layer1.0.conv3.bias
2023-05-16 15:21:55 - trainer.py[line:123] - INFO: detected shared parameter: encoder.embed_images.conv1.bias <- encoder.embed_images.layer1.0.downsample.0.bias
2023-05-16 15:21:55 - trainer.py[line:123] - INFO: detected shared parameter: encoder.embed_images.conv1.bias <- encoder.embed_images.layer1.1.conv1.bias
2023-05-16 15:21:55 - trainer.py[line:123] - INFO: detected shared parameter: encoder.embed_images.conv1.bias <- encoder.embed_images.layer1.1.conv2.bias
2023-05-16 15:21:55 - trainer.py[line:123] - INFO: detected shared parameter: encoder.embed_images.conv1.bias <- encoder.embed_images.layer1.1.conv3.bias
2023-05-16 15:21:55 - trainer.py[line:123] - INFO: detected shared parameter: encoder.embed_images.conv1.bias <- encoder.embed_images.layer1.2.conv1.bias
2023-05-16 15:21:55 - trainer.py[line:123] - INFO: detected shared parameter: encoder.embed_images.conv1.bias <- encoder.embed_images.layer1.2.conv2.bias
2023-05-16 15:21:55 - trainer.py[line:123] - INFO: detected shared parameter: encoder.embed_images.conv1.bias <- encoder.embed_images.layer1.2.conv3.bias
2023-05-16 15:21:55 - trainer.py[line:123] - INFO: detected shared parameter: encoder.embed_images.conv1.bias <- encoder.embed_images.layer2.0.conv1.bias
2023-05-16 15:21:55 - trainer.py[line:123] - INFO: detected shared parameter: encoder.embed_images.conv1.bias <- encoder.embed_images.layer2.0.conv2.bias
2023-05-16 15:21:55 - trainer.py[line:123] - INFO: detected shared parameter: encoder.embed_images.conv1.bias <- encoder.embed_images.layer2.0.conv3.bias
2023-05-16 15:21:55 - trainer.py[line:123] - INFO: detected shared parameter: encoder.embed_images.conv1.bias <- encoder.embed_images.layer2.0.downsample.0.bias
2023-05-16 15:21:55 - trainer.py[line:123] - INFO: detected shared parameter: encoder.embed_images.conv1.bias <- encoder.embed_images.layer2.1.conv1.bias
2023-05-16 15:21:55 - trainer.py[line:123] - INFO: detected shared parameter: encoder.embed_images.conv1.bias <- encoder.embed_images.layer2.1.conv2.bias
2023-05-16 15:21:55 - trainer.py[line:123] - INFO: detected shared parameter: encoder.embed_images.conv1.bias <- encoder.embed_images.layer2.1.conv3.bias
2023-05-16 15:21:55 - trainer.py[line:123] - INFO: detected shared parameter: encoder.embed_images.conv1.bias <- encoder.embed_images.layer2.2.conv1.bias
2023-05-16 15:21:55 - trainer.py[line:123] - INFO: detected shared parameter: encoder.embed_images.conv1.bias <- encoder.embed_images.layer2.2.conv2.bias
2023-05-16 15:21:55 - trainer.py[line:123] - INFO: detected shared parameter: encoder.embed_images.conv1.bias <- encoder.embed_images.layer2.2.conv3.bias
2023-05-16 15:21:55 - trainer.py[line:123] - INFO: detected shared parameter: encoder.embed_images.conv1.bias <- encoder.embed_images.layer2.3.conv1.bias
2023-05-16 15:21:55 - trainer.py[line:123] - INFO: detected shared parameter: encoder.embed_images.conv1.bias <- encoder.embed_images.layer2.3.conv2.bias
2023-05-16 15:21:55 - trainer.py[line:123] - INFO: detected shared parameter: encoder.embed_images.conv1.bias <- encoder.embed_images.layer2.3.conv3.bias
2023-05-16 15:21:55 - trainer.py[line:123] - INFO: detected shared parameter: encoder.embed_images.conv1.bias <- encoder.embed_images.layer3.0.conv1.bias
2023-05-16 15:21:55 - trainer.py[line:123] - INFO: detected shared parameter: encoder.embed_images.conv1.bias <- encoder.embed_images.layer3.0.conv2.bias
2023-05-16 15:21:55 - trainer.py[line:123] - INFO: detected shared parameter: encoder.embed_images.conv1.bias <- encoder.embed_images.layer3.0.conv3.bias
2023-05-16 15:21:55 - trainer.py[line:123] - INFO: detected shared parameter: encoder.embed_images.conv1.bias <- encoder.embed_images.layer3.0.downsample.0.bias
2023-05-16 15:21:55 - trainer.py[line:123] - INFO: detected shared parameter: encoder.embed_images.conv1.bias <- encoder.embed_images.layer3.1.conv1.bias
2023-05-16 15:21:55 - trainer.py[line:123] - INFO: detected shared parameter: encoder.embed_images.conv1.bias <- encoder.embed_images.layer3.1.conv2.bias
2023-05-16 15:21:55 - trainer.py[line:123] - INFO: detected shared parameter: encoder.embed_images.conv1.bias <- encoder.embed_images.layer3.1.conv3.bias
2023-05-16 15:21:55 - trainer.py[line:123] - INFO: detected shared parameter: encoder.embed_images.conv1.bias <- encoder.embed_images.layer3.2.conv1.bias
2023-05-16 15:21:55 - trainer.py[line:123] - INFO: detected shared parameter: encoder.embed_images.conv1.bias <- encoder.embed_images.layer3.2.conv2.bias
2023-05-16 15:21:55 - trainer.py[line:123] - INFO: detected shared parameter: encoder.embed_images.conv1.bias <- encoder.embed_images.layer3.2.conv3.bias
2023-05-16 15:21:55 - trainer.py[line:123] - INFO: detected shared parameter: encoder.embed_images.conv1.bias <- encoder.embed_images.layer3.3.conv1.bias
2023-05-16 15:21:55 - trainer.py[line:123] - INFO: detected shared parameter: encoder.embed_images.conv1.bias <- encoder.embed_images.layer3.3.conv2.bias
2023-05-16 15:21:55 - trainer.py[line:123] - INFO: detected shared parameter: encoder.embed_images.conv1.bias <- encoder.embed_images.layer3.3.conv3.bias
2023-05-16 15:21:55 - trainer.py[line:123] - INFO: detected shared parameter: encoder.embed_images.conv1.bias <- encoder.embed_images.layer3.4.conv1.bias
2023-05-16 15:21:55 - trainer.py[line:123] - INFO: detected shared parameter: encoder.embed_images.conv1.bias <- encoder.embed_images.layer3.4.conv2.bias
2023-05-16 15:21:55 - trainer.py[line:123] - INFO: detected shared parameter: encoder.embed_images.conv1.bias <- encoder.embed_images.layer3.4.conv3.bias
2023-05-16 15:21:55 - trainer.py[line:123] - INFO: detected shared parameter: encoder.embed_images.conv1.bias <- encoder.embed_images.layer3.5.conv1.bias
2023-05-16 15:21:55 - trainer.py[line:123] - INFO: detected shared parameter: encoder.embed_images.conv1.bias <- encoder.embed_images.layer3.5.conv2.bias
2023-05-16 15:21:55 - trainer.py[line:123] - INFO: detected shared parameter: encoder.embed_images.conv1.bias <- encoder.embed_images.layer3.5.conv3.bias
2023-05-16 15:21:55 - trainer.py[line:123] - INFO: detected shared parameter: encoder.embed_images.conv1.bias <- encoder.embed_images.layer3.6.conv1.bias
2023-05-16 15:21:55 - trainer.py[line:123] - INFO: detected shared parameter: encoder.embed_images.conv1.bias <- encoder.embed_images.layer3.6.conv2.bias
2023-05-16 15:21:55 - trainer.py[line:123] - INFO: detected shared parameter: encoder.embed_images.conv1.bias <- encoder.embed_images.layer3.6.conv3.bias
2023-05-16 15:21:55 - trainer.py[line:123] - INFO: detected shared parameter: encoder.embed_images.conv1.bias <- encoder.embed_images.layer3.7.conv1.bias
2023-05-16 15:21:55 - trainer.py[line:123] - INFO: detected shared parameter: encoder.embed_images.conv1.bias <- encoder.embed_images.layer3.7.conv2.bias
2023-05-16 15:21:55 - trainer.py[line:123] - INFO: detected shared parameter: encoder.embed_images.conv1.bias <- encoder.embed_images.layer3.7.conv3.bias
2023-05-16 15:21:55 - trainer.py[line:123] - INFO: detected shared parameter: encoder.embed_images.conv1.bias <- encoder.embed_images.layer3.8.conv1.bias
2023-05-16 15:21:55 - trainer.py[line:123] - INFO: detected shared parameter: encoder.embed_images.conv1.bias <- encoder.embed_images.layer3.8.conv2.bias
2023-05-16 15:21:55 - trainer.py[line:123] - INFO: detected shared parameter: encoder.embed_images.conv1.bias <- encoder.embed_images.layer3.8.conv3.bias
2023-05-16 15:21:55 - trainer.py[line:123] - INFO: detected shared parameter: encoder.embed_images.conv1.bias <- encoder.embed_images.layer3.9.conv1.bias
2023-05-16 15:21:55 - trainer.py[line:123] - INFO: detected shared parameter: encoder.embed_images.conv1.bias <- encoder.embed_images.layer3.9.conv2.bias
2023-05-16 15:21:55 - trainer.py[line:123] - INFO: detected shared parameter: encoder.embed_images.conv1.bias <- encoder.embed_images.layer3.9.conv3.bias
2023-05-16 15:21:55 - trainer.py[line:123] - INFO: detected shared parameter: encoder.embed_images.conv1.bias <- encoder.embed_images.layer3.10.conv1.bias
2023-05-16 15:21:55 - trainer.py[line:123] - INFO: detected shared parameter: encoder.embed_images.conv1.bias <- encoder.embed_images.layer3.10.conv2.bias
2023-05-16 15:21:55 - trainer.py[line:123] - INFO: detected shared parameter: encoder.embed_images.conv1.bias <- encoder.embed_images.layer3.10.conv3.bias
2023-05-16 15:21:55 - trainer.py[line:123] - INFO: detected shared parameter: encoder.embed_images.conv1.bias <- encoder.embed_images.layer3.11.conv1.bias
2023-05-16 15:21:55 - trainer.py[line:123] - INFO: detected shared parameter: encoder.embed_images.conv1.bias <- encoder.embed_images.layer3.11.conv2.bias
2023-05-16 15:21:55 - trainer.py[line:123] - INFO: detected shared parameter: encoder.embed_images.conv1.bias <- encoder.embed_images.layer3.11.conv3.bias
2023-05-16 15:21:55 - trainer.py[line:123] - INFO: detected shared parameter: encoder.embed_images.conv1.bias <- encoder.embed_images.layer3.12.conv1.bias
2023-05-16 15:21:55 - trainer.py[line:123] - INFO: detected shared parameter: encoder.embed_images.conv1.bias <- encoder.embed_images.layer3.12.conv2.bias
2023-05-16 15:21:55 - trainer.py[line:123] - INFO: detected shared parameter: encoder.embed_images.conv1.bias <- encoder.embed_images.layer3.12.conv3.bias
2023-05-16 15:21:55 - trainer.py[line:123] - INFO: detected shared parameter: encoder.embed_images.conv1.bias <- encoder.embed_images.layer3.13.conv1.bias
2023-05-16 15:21:55 - trainer.py[line:123] - INFO: detected shared parameter: encoder.embed_images.conv1.bias <- encoder.embed_images.layer3.13.conv2.bias
2023-05-16 15:21:55 - trainer.py[line:123] - INFO: detected shared parameter: encoder.embed_images.conv1.bias <- encoder.embed_images.layer3.13.conv3.bias
2023-05-16 15:21:55 - trainer.py[line:123] - INFO: detected shared parameter: encoder.embed_images.conv1.bias <- encoder.embed_images.layer3.14.conv1.bias
2023-05-16 15:21:55 - trainer.py[line:123] - INFO: detected shared parameter: encoder.embed_images.conv1.bias <- encoder.embed_images.layer3.14.conv2.bias
2023-05-16 15:21:55 - trainer.py[line:123] - INFO: detected shared parameter: encoder.embed_images.conv1.bias <- encoder.embed_images.layer3.14.conv3.bias
2023-05-16 15:21:55 - trainer.py[line:123] - INFO: detected shared parameter: encoder.embed_images.conv1.bias <- encoder.embed_images.layer3.15.conv1.bias
2023-05-16 15:21:55 - trainer.py[line:123] - INFO: detected shared parameter: encoder.embed_images.conv1.bias <- encoder.embed_images.layer3.15.conv2.bias
2023-05-16 15:21:55 - trainer.py[line:123] - INFO: detected shared parameter: encoder.embed_images.conv1.bias <- encoder.embed_images.layer3.15.conv3.bias
2023-05-16 15:21:55 - trainer.py[line:123] - INFO: detected shared parameter: encoder.embed_images.conv1.bias <- encoder.embed_images.layer3.16.conv1.bias
2023-05-16 15:21:55 - trainer.py[line:123] - INFO: detected shared parameter: encoder.embed_images.conv1.bias <- encoder.embed_images.layer3.16.conv2.bias
2023-05-16 15:21:55 - trainer.py[line:123] - INFO: detected shared parameter: encoder.embed_images.conv1.bias <- encoder.embed_images.layer3.16.conv3.bias
2023-05-16 15:21:55 - trainer.py[line:123] - INFO: detected shared parameter: encoder.embed_images.conv1.bias <- encoder.embed_images.layer3.17.conv1.bias
2023-05-16 15:21:55 - trainer.py[line:123] - INFO: detected shared parameter: encoder.embed_images.conv1.bias <- encoder.embed_images.layer3.17.conv2.bias
2023-05-16 15:21:55 - trainer.py[line:123] - INFO: detected shared parameter: encoder.embed_images.conv1.bias <- encoder.embed_images.layer3.17.conv3.bias
2023-05-16 15:21:55 - trainer.py[line:123] - INFO: detected shared parameter: encoder.embed_images.conv1.bias <- encoder.embed_images.layer3.18.conv1.bias
2023-05-16 15:21:55 - trainer.py[line:123] - INFO: detected shared parameter: encoder.embed_images.conv1.bias <- encoder.embed_images.layer3.18.conv2.bias
2023-05-16 15:21:55 - trainer.py[line:123] - INFO: detected shared parameter: encoder.embed_images.conv1.bias <- encoder.embed_images.layer3.18.conv3.bias
2023-05-16 15:21:55 - trainer.py[line:123] - INFO: detected shared parameter: encoder.embed_images.conv1.bias <- encoder.embed_images.layer3.19.conv1.bias
2023-05-16 15:21:55 - trainer.py[line:123] - INFO: detected shared parameter: encoder.embed_images.conv1.bias <- encoder.embed_images.layer3.19.conv2.bias
2023-05-16 15:21:55 - trainer.py[line:123] - INFO: detected shared parameter: encoder.embed_images.conv1.bias <- encoder.embed_images.layer3.19.conv3.bias
2023-05-16 15:21:55 - trainer.py[line:123] - INFO: detected shared parameter: encoder.embed_images.conv1.bias <- encoder.embed_images.layer3.20.conv1.bias
2023-05-16 15:21:55 - trainer.py[line:123] - INFO: detected shared parameter: encoder.embed_images.conv1.bias <- encoder.embed_images.layer3.20.conv2.bias
2023-05-16 15:21:55 - trainer.py[line:123] - INFO: detected shared parameter: encoder.embed_images.conv1.bias <- encoder.embed_images.layer3.20.conv3.bias
2023-05-16 15:21:55 - trainer.py[line:123] - INFO: detected shared parameter: encoder.embed_images.conv1.bias <- encoder.embed_images.layer3.21.conv1.bias
2023-05-16 15:21:55 - trainer.py[line:123] - INFO: detected shared parameter: encoder.embed_images.conv1.bias <- encoder.embed_images.layer3.21.conv2.bias
2023-05-16 15:21:55 - trainer.py[line:123] - INFO: detected shared parameter: encoder.embed_images.conv1.bias <- encoder.embed_images.layer3.21.conv3.bias
2023-05-16 15:21:55 - trainer.py[line:123] - INFO: detected shared parameter: encoder.embed_images.conv1.bias <- encoder.embed_images.layer3.22.conv1.bias
2023-05-16 15:21:55 - trainer.py[line:123] - INFO: detected shared parameter: encoder.embed_images.conv1.bias <- encoder.embed_images.layer3.22.conv2.bias
2023-05-16 15:21:55 - trainer.py[line:123] - INFO: detected shared parameter: encoder.embed_images.conv1.bias <- encoder.embed_images.layer3.22.conv3.bias
2023-05-16 15:21:55 - trainer.py[line:123] - INFO: detected shared parameter: encoder.embed_images.conv1.bias <- decoder.output_projection.bias
2023-05-16 15:21:55 - utils.py[line:759] - INFO: ***********************CUDA enviroments for all 4 workers***********************
2023-05-16 15:21:55 - utils.py[line:761] - INFO: rank   0: capabilities =  8.6  ; total memory = 44.428 GB ; name = NVIDIA A40                              
2023-05-16 15:21:55 - utils.py[line:761] - INFO: rank   1: capabilities =  8.6  ; total memory = 44.428 GB ; name = NVIDIA A40                              
2023-05-16 15:21:55 - utils.py[line:761] - INFO: rank   2: capabilities =  8.6  ; total memory = 44.428 GB ; name = NVIDIA A40                              
2023-05-16 15:21:55 - utils.py[line:761] - INFO: rank   3: capabilities =  8.6  ; total memory = 44.428 GB ; name = NVIDIA A40                              
2023-05-16 15:21:55 - utils.py[line:767] - INFO: ***********************CUDA enviroments for all 4 workers***********************
2023-05-16 15:21:55 - train.py[line:152] - INFO: training on 4 devices (GPUs/TPUs)
2023-05-16 15:21:55 - train.py[line:157] - INFO: max tokens per device = None and max sentences per device = 4
2023-05-16 15:21:55 - trainer.py[line:458] - INFO: Preparing to load checkpoint ../../model_checkpoints/ofa_base.pt
2023-05-16 15:21:58 - trainer.py[line:617] - INFO: Loaded checkpoint ../../model_checkpoints/ofa_base.pt (epoch 48 @ 0 updates)
2023-05-16 15:21:58 - trainer.py[line:639] - INFO: loading train data for epoch 1
local datafile ../../dataset/snli_ve_data/snlvi50k.tsv slice_id 0 begin to initialize row_count and line_idx-to-offset mapping
local datafile ../../dataset/snli_ve_data/snlvi50k.tsv slice_id 3 begin to initialize row_count and line_idx-to-offset mapping
local datafile ../../dataset/snli_ve_data/snlvi50k.tsv slice_id 2 begin to initialize row_count and line_idx-to-offset mapping
local datafile ../../dataset/snli_ve_data/snlvi50k.tsv slice_id 1 begin to initialize row_count and line_idx-to-offset mapping
local datafile ../../dataset/snli_ve_data/snlvi50k.tsv slice_id 0 finished initializing row_count and line_idx-to-offset mapping
file ../../dataset/snli_ve_data/snlvi50k.tsv slice_id 0 row count 12500 total row count 50000
/home/grads/mogunleye/Research/EC_pretraining/OFA/data/mm_data/snli_ve_dataset.py:60: VisibleDeprecationWarning: Creating an ndarray from ragged nested sequences (which is a list-or-tuple of lists-or-tuples-or ndarrays with different lengths or shapes) is deprecated. If you meant to do this, you must specify 'dtype=object' when creating the ndarray.
  decoder_prompts = np.array([s['decoder_prompt'].tolist() for s in samples])
slice_id 0 seek offset 0
Total steps 1955, warmup steps 117, warmup_factor 0.008547008547008548
2023-05-16 15:21:59 - trainer.py[line:703] - INFO: begin training epoch 1
2023-05-16 15:21:59 - train.py[line:305] - INFO: Start iterating over samples
local datafile ../../dataset/snli_ve_data/snlvi50k.tsv slice_id 3 finished initializing row_count and line_idx-to-offset mapping
file ../../dataset/snli_ve_data/snlvi50k.tsv slice_id 3 row count 12500 total row count 50000
local datafile ../../dataset/snli_ve_data/snlvi50k.tsv slice_id 2 finished initializing row_count and line_idx-to-offset mappinglocal datafile ../../dataset/snli_ve_data/snlvi50k.tsv slice_id 1 finished initializing row_count and line_idx-to-offset mapping

file ../../dataset/snli_ve_data/snlvi50k.tsv slice_id 2 row count 12500 total row count 50000file ../../dataset/snli_ve_data/snlvi50k.tsv slice_id 1 row count 12500 total row count 50000

/home/grads/mogunleye/Research/EC_pretraining/OFA/data/mm_data/snli_ve_dataset.py:60: VisibleDeprecationWarning: Creating an ndarray from ragged nested sequences (which is a list-or-tuple of lists-or-tuples-or ndarrays with different lengths or shapes) is deprecated. If you meant to do this, you must specify 'dtype=object' when creating the ndarray.
  decoder_prompts = np.array([s['decoder_prompt'].tolist() for s in samples])
slice_id 3 seek offset 37500
Total steps 1955, warmup steps 117, warmup_factor 0.008547008547008548
/home/grads/mogunleye/Research/EC_pretraining/OFA/data/mm_data/snli_ve_dataset.py:60: VisibleDeprecationWarning: Creating an ndarray from ragged nested sequences (which is a list-or-tuple of lists-or-tuples-or ndarrays with different lengths or shapes) is deprecated. If you meant to do this, you must specify 'dtype=object' when creating the ndarray.
  decoder_prompts = np.array([s['decoder_prompt'].tolist() for s in samples])
slice_id 2 seek offset 25000
/home/grads/mogunleye/Research/EC_pretraining/OFA/data/mm_data/snli_ve_dataset.py:60: VisibleDeprecationWarning: Creating an ndarray from ragged nested sequences (which is a list-or-tuple of lists-or-tuples-or ndarrays with different lengths or shapes) is deprecated. If you meant to do this, you must specify 'dtype=object' when creating the ndarray.
  decoder_prompts = np.array([s['decoder_prompt'].tolist() for s in samples])
slice_id 1 seek offset 12500
Total steps 1955, warmup steps 117, warmup_factor 0.008547008547008548
Total steps 1955, warmup steps 117, warmup_factor 0.008547008547008548
2023-05-16 15:22:04 - trainer.py[line:921] - INFO: NOTE: gradient overflow detected, ignoring gradient, setting loss scale to: 64.0
2023-05-16 15:22:30 - progress_bar.py[line:272] - INFO: epoch 001:     11 / 391 loss=1.263, loss_v1=0, loss_v2=0, nll_loss=1.263, ntokens=256, nsentences=128, sample_size=256, sample_size_v1=0, sample_size_v2=0, ppl=2.4, wps=98.2, ups=0.38, wpb=256, bsz=128, num_updates=10, lr=4.2735e-06, gnorm=18.88, clip=100, loss_scale=64, train_wall=30, gb_free=36.6, wall=34
2023-05-16 15:22:58 - progress_bar.py[line:272] - INFO: epoch 001:     21 / 391 loss=0.768, loss_v1=0, loss_v2=0, nll_loss=0.768, ntokens=256, nsentences=128, sample_size=256, sample_size_v1=0, sample_size_v2=0, ppl=1.7, wps=89.8, ups=0.35, wpb=256, bsz=128, num_updates=20, lr=8.54701e-06, gnorm=14.307, clip=100, loss_scale=64, train_wall=28, gb_free=36.6, wall=63
2023-05-16 15:23:27 - progress_bar.py[line:272] - INFO: epoch 001:     31 / 391 loss=0.585, loss_v1=0, loss_v2=0, nll_loss=0.585, ntokens=256, nsentences=128, sample_size=256, sample_size_v1=0, sample_size_v2=0, ppl=1.5, wps=89.7, ups=0.35, wpb=256, bsz=128, num_updates=30, lr=1.28205e-05, gnorm=3.839, clip=100, loss_scale=64, train_wall=28, gb_free=36.5, wall=91
2023-05-16 15:23:55 - progress_bar.py[line:272] - INFO: epoch 001:     41 / 391 loss=0.551, loss_v1=0, loss_v2=0, nll_loss=0.551, ntokens=256, nsentences=128, sample_size=256, sample_size_v1=0, sample_size_v2=0, ppl=1.46, wps=89.5, ups=0.35, wpb=256, bsz=128, num_updates=40, lr=1.7094e-05, gnorm=2.138, clip=100, loss_scale=64, train_wall=28, gb_free=36.7, wall=120
2023-05-16 15:24:24 - progress_bar.py[line:272] - INFO: epoch 001:     51 / 391 loss=0.523, loss_v1=0, loss_v2=0, nll_loss=0.523, ntokens=256, nsentences=128, sample_size=256, sample_size_v1=0, sample_size_v2=0, ppl=1.44, wps=90.2, ups=0.35, wpb=256, bsz=128, num_updates=50, lr=2.13675e-05, gnorm=1.758, clip=100, loss_scale=64, train_wall=28, gb_free=36.6, wall=148
2023-05-16 15:24:45 - progress_bar.py[line:272] - INFO: epoch 001:     61 / 391 loss=0.479, loss_v1=0, loss_v2=0, nll_loss=0.479, ntokens=256, nsentences=128, sample_size=256, sample_size_v1=0, sample_size_v2=0, ppl=1.39, wps=121.9, ups=0.48, wpb=256, bsz=128, num_updates=60, lr=2.5641e-05, gnorm=2.881, clip=100, loss_scale=64, train_wall=21, gb_free=36.7, wall=169
2023-05-16 15:25:12 - progress_bar.py[line:272] - INFO: epoch 001:     71 / 391 loss=0.428, loss_v1=0, loss_v2=0, nll_loss=0.428, ntokens=256, nsentences=128, sample_size=256, sample_size_v1=0, sample_size_v2=0, ppl=1.35, wps=95.2, ups=0.37, wpb=256, bsz=128, num_updates=70, lr=2.99145e-05, gnorm=3.008, clip=100, loss_scale=64, train_wall=27, gb_free=36.6, wall=196
2023-05-16 15:25:41 - progress_bar.py[line:272] - INFO: epoch 001:     81 / 391 loss=0.387, loss_v1=0, loss_v2=0, nll_loss=0.387, ntokens=256, nsentences=128, sample_size=256, sample_size_v1=0, sample_size_v2=0, ppl=1.31, wps=86.4, ups=0.34, wpb=256, bsz=128, num_updates=80, lr=3.4188e-05, gnorm=2.465, clip=100, loss_scale=64, train_wall=29, gb_free=36.5, wall=226
2023-05-16 15:26:11 - progress_bar.py[line:272] - INFO: epoch 001:     91 / 391 loss=0.37, loss_v1=0, loss_v2=0, nll_loss=0.37, ntokens=256, nsentences=128, sample_size=256, sample_size_v1=0, sample_size_v2=0, ppl=1.29, wps=86.2, ups=0.34, wpb=256, bsz=128, num_updates=90, lr=3.84615e-05, gnorm=2.472, clip=100, loss_scale=64, train_wall=30, gb_free=36.7, wall=256
2023-05-16 15:26:40 - progress_bar.py[line:272] - INFO: epoch 001:    101 / 391 loss=0.337, loss_v1=0, loss_v2=0, nll_loss=0.337, ntokens=256, nsentences=128, sample_size=256, sample_size_v1=0, sample_size_v2=0, ppl=1.26, wps=89.3, ups=0.35, wpb=256, bsz=128, num_updates=100, lr=4.2735e-05, gnorm=2.578, clip=100, loss_scale=64, train_wall=29, gb_free=36.6, wall=284
2023-05-16 15:27:07 - progress_bar.py[line:272] - INFO: epoch 001:    111 / 391 loss=0.317, loss_v1=0, loss_v2=0, nll_loss=0.317, ntokens=256, nsentences=128, sample_size=256, sample_size_v1=0, sample_size_v2=0, ppl=1.25, wps=94.8, ups=0.37, wpb=256, bsz=128, num_updates=110, lr=4.70085e-05, gnorm=2.792, clip=100, loss_scale=64, train_wall=27, gb_free=36.5, wall=311
2023-05-16 15:27:27 - progress_bar.py[line:272] - INFO: epoch 001:    121 / 391 loss=0.333, loss_v1=0, loss_v2=0, nll_loss=0.333, ntokens=256, nsentences=128, sample_size=256, sample_size_v1=0, sample_size_v2=0, ppl=1.26, wps=128.1, ups=0.5, wpb=256, bsz=128, num_updates=120, lr=4.99184e-05, gnorm=2.255, clip=100, loss_scale=64, train_wall=20, gb_free=36.7, wall=331
2023-05-16 15:27:55 - progress_bar.py[line:272] - INFO: epoch 001:    131 / 391 loss=0.297, loss_v1=0, loss_v2=0, nll_loss=0.297, ntokens=256, nsentences=128, sample_size=256, sample_size_v1=0, sample_size_v2=0, ppl=1.23, wps=91.3, ups=0.36, wpb=256, bsz=128, num_updates=130, lr=4.96464e-05, gnorm=2.042, clip=100, loss_scale=64, train_wall=28, gb_free=36.4, wall=359
2023-05-16 15:28:23 - progress_bar.py[line:272] - INFO: epoch 001:    141 / 391 loss=0.295, loss_v1=0, loss_v2=0, nll_loss=0.295, ntokens=256, nsentences=128, sample_size=256, sample_size_v1=0, sample_size_v2=0, ppl=1.23, wps=90.3, ups=0.35, wpb=256, bsz=128, num_updates=140, lr=4.93743e-05, gnorm=1.805, clip=100, loss_scale=64, train_wall=28, gb_free=36.5, wall=388
2023-05-16 15:28:52 - progress_bar.py[line:272] - INFO: epoch 001:    151 / 391 loss=0.28, loss_v1=0, loss_v2=0, nll_loss=0.28, ntokens=256, nsentences=128, sample_size=256, sample_size_v1=0, sample_size_v2=0, ppl=1.21, wps=89.4, ups=0.35, wpb=256, bsz=128, num_updates=150, lr=4.91023e-05, gnorm=1.775, clip=100, loss_scale=64, train_wall=29, gb_free=36.6, wall=416
2023-05-16 15:29:23 - progress_bar.py[line:272] - INFO: epoch 001:    161 / 391 loss=0.287, loss_v1=0, loss_v2=0, nll_loss=0.287, ntokens=256, nsentences=128, sample_size=256, sample_size_v1=0, sample_size_v2=0, ppl=1.22, wps=82, ups=0.32, wpb=256, bsz=128, num_updates=160, lr=4.88303e-05, gnorm=2.202, clip=100, loss_scale=64, train_wall=31, gb_free=36.2, wall=448
2023-05-16 15:29:55 - progress_bar.py[line:272] - INFO: epoch 001:    171 / 391 loss=0.3, loss_v1=0, loss_v2=0, nll_loss=0.3, ntokens=256, nsentences=128, sample_size=256, sample_size_v1=0, sample_size_v2=0, ppl=1.23, wps=81, ups=0.32, wpb=256, bsz=128, num_updates=170, lr=4.85582e-05, gnorm=2.327, clip=100, loss_scale=64, train_wall=31, gb_free=36.6, wall=479
2023-05-16 15:30:43 - progress_bar.py[line:272] - INFO: epoch 001:    181 / 391 loss=0.266, loss_v1=0, loss_v2=0, nll_loss=0.266, ntokens=256, nsentences=128, sample_size=256, sample_size_v1=0, sample_size_v2=0, ppl=1.2, wps=53.3, ups=0.21, wpb=256, bsz=128, num_updates=180, lr=4.82862e-05, gnorm=1.759, clip=100, loss_scale=64, train_wall=48, gb_free=36.6, wall=527
2023-05-16 15:31:34 - progress_bar.py[line:272] - INFO: epoch 001:    191 / 391 loss=0.295, loss_v1=0, loss_v2=0, nll_loss=0.295, ntokens=256, nsentences=128, sample_size=256, sample_size_v1=0, sample_size_v2=0, ppl=1.23, wps=50.2, ups=0.2, wpb=256, bsz=128, num_updates=190, lr=4.80141e-05, gnorm=1.781, clip=100, loss_scale=64, train_wall=51, gb_free=36.6, wall=578
2023-05-16 15:32:24 - progress_bar.py[line:272] - INFO: epoch 001:    201 / 391 loss=0.263, loss_v1=0, loss_v2=0, nll_loss=0.263, ntokens=256, nsentences=128, sample_size=256, sample_size_v1=0, sample_size_v2=0, ppl=1.2, wps=50.8, ups=0.2, wpb=256, bsz=128, num_updates=200, lr=4.77421e-05, gnorm=1.607, clip=100, loss_scale=64, train_wall=50, gb_free=36.7, wall=629
2023-05-16 15:33:11 - progress_bar.py[line:272] - INFO: epoch 001:    211 / 391 loss=0.281, loss_v1=0, loss_v2=0, nll_loss=0.281, ntokens=256, nsentences=128, sample_size=256, sample_size_v1=0, sample_size_v2=0, ppl=1.22, wps=54.2, ups=0.21, wpb=256, bsz=128, num_updates=210, lr=4.74701e-05, gnorm=1.89, clip=100, loss_scale=64, train_wall=47, gb_free=36.6, wall=676
2023-05-16 15:34:02 - progress_bar.py[line:272] - INFO: epoch 001:    221 / 391 loss=0.268, loss_v1=0, loss_v2=0, nll_loss=0.268, ntokens=256, nsentences=128, sample_size=256, sample_size_v1=0, sample_size_v2=0, ppl=1.2, wps=50.3, ups=0.2, wpb=256, bsz=128, num_updates=220, lr=4.7198e-05, gnorm=1.569, clip=100, loss_scale=64, train_wall=51, gb_free=36.5, wall=727
2023-05-16 15:34:53 - progress_bar.py[line:272] - INFO: epoch 001:    231 / 391 loss=0.263, loss_v1=0, loss_v2=0, nll_loss=0.263, ntokens=256, nsentences=128, sample_size=256, sample_size_v1=0, sample_size_v2=0, ppl=1.2, wps=49.9, ups=0.19, wpb=256, bsz=128, num_updates=230, lr=4.6926e-05, gnorm=1.76, clip=100, loss_scale=64, train_wall=51, gb_free=36.6, wall=778
2023-05-16 15:35:42 - progress_bar.py[line:272] - INFO: epoch 001:    241 / 391 loss=0.252, loss_v1=0, loss_v2=0, nll_loss=0.252, ntokens=256, nsentences=128, sample_size=256, sample_size_v1=0, sample_size_v2=0, ppl=1.19, wps=52.4, ups=0.2, wpb=256, bsz=128, num_updates=240, lr=4.6654e-05, gnorm=1.513, clip=90, loss_scale=64, train_wall=49, gb_free=36.6, wall=827
2023-05-16 15:36:32 - progress_bar.py[line:272] - INFO: epoch 001:    251 / 391 loss=0.253, loss_v1=0, loss_v2=0, nll_loss=0.253, ntokens=256, nsentences=128, sample_size=256, sample_size_v1=0, sample_size_v2=0, ppl=1.19, wps=51.3, ups=0.2, wpb=256, bsz=128, num_updates=250, lr=4.63819e-05, gnorm=1.676, clip=100, loss_scale=64, train_wall=50, gb_free=36.4, wall=877
2023-05-16 15:37:22 - progress_bar.py[line:272] - INFO: epoch 001:    261 / 391 loss=0.259, loss_v1=0, loss_v2=0, nll_loss=0.259, ntokens=256, nsentences=128, sample_size=256, sample_size_v1=0, sample_size_v2=0, ppl=1.2, wps=51.5, ups=0.2, wpb=256, bsz=128, num_updates=260, lr=4.61099e-05, gnorm=1.454, clip=100, loss_scale=64, train_wall=49, gb_free=36.7, wall=927
2023-05-16 15:38:11 - progress_bar.py[line:272] - INFO: epoch 001:    271 / 391 loss=0.264, loss_v1=0, loss_v2=0, nll_loss=0.264, ntokens=256, nsentences=128, sample_size=256, sample_size_v1=0, sample_size_v2=0, ppl=1.2, wps=51.8, ups=0.2, wpb=256, bsz=128, num_updates=270, lr=4.58379e-05, gnorm=1.167, clip=90, loss_scale=64, train_wall=49, gb_free=36.4, wall=976
2023-05-16 15:38:59 - progress_bar.py[line:272] - INFO: epoch 001:    281 / 391 loss=0.236, loss_v1=0, loss_v2=0, nll_loss=0.236, ntokens=256, nsentences=128, sample_size=256, sample_size_v1=0, sample_size_v2=0, ppl=1.18, wps=53.3, ups=0.21, wpb=256, bsz=128, num_updates=280, lr=4.55658e-05, gnorm=1.492, clip=100, loss_scale=64, train_wall=48, gb_free=36.6, wall=1024
2023-05-16 15:39:50 - progress_bar.py[line:272] - INFO: epoch 001:    291 / 391 loss=0.233, loss_v1=0, loss_v2=0, nll_loss=0.233, ntokens=256, nsentences=128, sample_size=256, sample_size_v1=0, sample_size_v2=0, ppl=1.18, wps=50.8, ups=0.2, wpb=256, bsz=128, num_updates=290, lr=4.52938e-05, gnorm=1.486, clip=100, loss_scale=64, train_wall=50, gb_free=36.6, wall=1074
2023-05-16 15:40:39 - progress_bar.py[line:272] - INFO: epoch 001:    301 / 391 loss=0.244, loss_v1=0, loss_v2=0, nll_loss=0.244, ntokens=256, nsentences=128, sample_size=256, sample_size_v1=0, sample_size_v2=0, ppl=1.18, wps=51.9, ups=0.2, wpb=256, bsz=128, num_updates=300, lr=4.50218e-05, gnorm=1.38, clip=90, loss_scale=64, train_wall=49, gb_free=36.5, wall=1124
2023-05-16 15:41:27 - progress_bar.py[line:272] - INFO: epoch 001:    311 / 391 loss=0.235, loss_v1=0, loss_v2=0, nll_loss=0.235, ntokens=256, nsentences=128, sample_size=256, sample_size_v1=0, sample_size_v2=0, ppl=1.18, wps=53.1, ups=0.21, wpb=256, bsz=128, num_updates=310, lr=4.47497e-05, gnorm=1.372, clip=90, loss_scale=64, train_wall=48, gb_free=36.5, wall=1172
2023-05-16 15:42:17 - progress_bar.py[line:272] - INFO: epoch 001:    321 / 391 loss=0.248, loss_v1=0, loss_v2=0, nll_loss=0.248, ntokens=256, nsentences=128, sample_size=256, sample_size_v1=0, sample_size_v2=0, ppl=1.19, wps=51.5, ups=0.2, wpb=256, bsz=128, num_updates=320, lr=4.44777e-05, gnorm=1.498, clip=100, loss_scale=64, train_wall=49, gb_free=36.6, wall=1222
2023-05-16 15:43:07 - progress_bar.py[line:272] - INFO: epoch 001:    331 / 391 loss=0.222, loss_v1=0, loss_v2=0, nll_loss=0.222, ntokens=256, nsentences=128, sample_size=256, sample_size_v1=0, sample_size_v2=0, ppl=1.17, wps=51.2, ups=0.2, wpb=256, bsz=128, num_updates=330, lr=4.42057e-05, gnorm=1.346, clip=100, loss_scale=64, train_wall=50, gb_free=36.5, wall=1272
2023-05-16 15:43:56 - progress_bar.py[line:272] - INFO: epoch 001:    341 / 391 loss=0.242, loss_v1=0, loss_v2=0, nll_loss=0.242, ntokens=256, nsentences=128, sample_size=256, sample_size_v1=0, sample_size_v2=0, ppl=1.18, wps=52.4, ups=0.2, wpb=256, bsz=128, num_updates=340, lr=4.39336e-05, gnorm=1.395, clip=100, loss_scale=64, train_wall=49, gb_free=36.6, wall=1321
2023-05-16 15:44:43 - progress_bar.py[line:272] - INFO: epoch 001:    351 / 391 loss=0.236, loss_v1=0, loss_v2=0, nll_loss=0.236, ntokens=256, nsentences=128, sample_size=256, sample_size_v1=0, sample_size_v2=0, ppl=1.18, wps=54, ups=0.21, wpb=256, bsz=128, num_updates=350, lr=4.36616e-05, gnorm=1.21, clip=100, loss_scale=64, train_wall=47, gb_free=36.6, wall=1368
2023-05-16 15:45:34 - progress_bar.py[line:272] - INFO: epoch 001:    361 / 391 loss=0.226, loss_v1=0, loss_v2=0, nll_loss=0.226, ntokens=256, nsentences=128, sample_size=256, sample_size_v1=0, sample_size_v2=0, ppl=1.17, wps=50.8, ups=0.2, wpb=256, bsz=128, num_updates=360, lr=4.33896e-05, gnorm=1.245, clip=100, loss_scale=64, train_wall=50, gb_free=36.6, wall=1418
2023-05-16 15:46:24 - progress_bar.py[line:272] - INFO: epoch 001:    371 / 391 loss=0.232, loss_v1=0, loss_v2=0, nll_loss=0.232, ntokens=256, nsentences=128, sample_size=256, sample_size_v1=0, sample_size_v2=0, ppl=1.17, wps=51.5, ups=0.2, wpb=256, bsz=128, num_updates=370, lr=4.31175e-05, gnorm=1.348, clip=100, loss_scale=64, train_wall=49, gb_free=36.5, wall=1468
2023-05-16 15:47:11 - progress_bar.py[line:272] - INFO: epoch 001:    381 / 391 loss=0.238, loss_v1=0, loss_v2=0, nll_loss=0.238, ntokens=256, nsentences=128, sample_size=256, sample_size_v1=0, sample_size_v2=0, ppl=1.18, wps=53.9, ups=0.21, wpb=256, bsz=128, num_updates=380, lr=4.28455e-05, gnorm=1.399, clip=90, loss_scale=64, train_wall=47, gb_free=36.5, wall=1516
slice_id 1 seek offset 4465
slice_id 2 seek offset 8930
slice_id 3 seek offset 13394
2023-05-16 15:48:01 - progress_bar.py[line:272] - INFO: epoch 001:    391 / 391 loss=0.233, loss_v1=0, loss_v2=0, nll_loss=0.233, ntokens=246.4, nsentences=123.2, sample_size=246.4, sample_size_v1=0, sample_size_v2=0, ppl=1.18, wps=49.5, ups=0.2, wpb=246.4, bsz=123.2, num_updates=390, lr=4.25734e-05, gnorm=1.361, clip=80, loss_scale=64, train_wall=49, gb_free=36.6, wall=1566
2023-05-16 15:48:01 - train.py[line:445] - INFO: begin validation on "valid" subset
slice_id 0 seek offset 0
slice_id 1 seek offset 4465
slice_id 0 seek offset 0
slice_id 2 seek offset 8930
slice_id 3 seek offset 13394
2023-05-16 15:57:15 - progress_bar.py[line:282] - INFO: epoch 001 | valid on 'valid' subset | loss 0.214 | loss_v1 0 | loss_v2 0 | nll_loss 0.214 | ntokens 31.975 | nsentences 15.987 | sample_size 31.975 | sample_size_v1 0 | sample_size_v2 0 | ppl 1.16 | snli_score 0.8359 | wps 64.4 | wpb 32 | bsz 16 | num_updates 390
2023-05-16 15:57:15 - checkpoint_utils.py[line:64] - INFO: Preparing to save checkpoint for epoch 1 @ 390 updates
2023-05-16 15:57:15 - trainer.py[line:431] - INFO: Saving checkpoint to ./NL_50k_checkpoints/5_5e-5/checkpoint1.pt
local datafile ../../dataset/snli_ve_data/snlvi50k.tsv slice_id 2 begin to initialize row_count and line_idx-to-offset mapping
local datafile ../../dataset/snli_ve_data/snlvi50k.tsv slice_id 3 begin to initialize row_count and line_idx-to-offset mapping
local datafile ../../dataset/snli_ve_data/snlvi50k.tsv slice_id 1 begin to initialize row_count and line_idx-to-offset mapping
local datafile ../../dataset/snli_ve_data/snlvi50k.tsv slice_id 1 finished initializing row_count and line_idx-to-offset mapping
file ../../dataset/snli_ve_data/snlvi50k.tsv slice_id 1 row count 12500 total row count 50000
slice_id 1 seek offset 12500
local datafile ../../dataset/snli_ve_data/snlvi50k.tsv slice_id 2 finished initializing row_count and line_idx-to-offset mapping
file ../../dataset/snli_ve_data/snlvi50k.tsv slice_id 2 row count 12500 total row count 50000
local datafile ../../dataset/snli_ve_data/snlvi50k.tsv slice_id 3 finished initializing row_count and line_idx-to-offset mapping
file ../../dataset/snli_ve_data/snlvi50k.tsv slice_id 3 row count 12500 total row count 50000
slice_id 2 seek offset 25000
slice_id 3 seek offset 37500
2023-05-16 15:57:22 - trainer.py[line:441] - INFO: Finished saving checkpoint to ./NL_50k_checkpoints/5_5e-5/checkpoint1.pt
2023-05-16 15:57:30 - checkpoint_utils.py[line:133] - INFO: Saved checkpoint ./NL_50k_checkpoints/5_5e-5/checkpoint1.pt (epoch 1 @ 390 updates, score 0.8359) (writing took 14.624017210910097 seconds)
2023-05-16 15:57:30 - train.py[line:332] - INFO: end of epoch 1 (average epoch stats below)
2023-05-16 15:57:30 - progress_bar.py[line:282] - INFO: epoch 001 | loss 0.341 | loss_v1 0 | loss_v2 0 | nll_loss 0.341 | ntokens 255.754 | nsentences 127.877 | sample_size 255.754 | sample_size_v1 0 | sample_size_v2 0 | ppl 1.27 | wps 46.8 | ups 0.18 | wpb 255.8 | bsz 127.9 | num_updates 390 | lr 4.25734e-05 | gnorm 2.621 | clip 98.2 | loss_scale 64 | train_wall 1554 | gb_free 36.6 | wall 2135
2023-05-16 15:57:30 - trainer.py[line:639] - INFO: loading train data for epoch 2
local datafile ../../dataset/snli_ve_data/snlvi50k.tsv slice_id 0 begin to initialize row_count and line_idx-to-offset mapping
local datafile ../../dataset/snli_ve_data/snlvi50k.tsv slice_id 0 finished initializing row_count and line_idx-to-offset mapping
file ../../dataset/snli_ve_data/snlvi50k.tsv slice_id 0 row count 12500 total row count 50000
slice_id 0 seek offset 0
2023-05-16 15:57:33 - trainer.py[line:703] - INFO: begin training epoch 2
2023-05-16 15:57:33 - train.py[line:305] - INFO: Start iterating over samples
2023-05-16 15:58:20 - progress_bar.py[line:272] - INFO: epoch 002:     10 / 391 loss=0.221, loss_v1=0, loss_v2=0, nll_loss=0.221, ntokens=256, nsentences=128, sample_size=256, sample_size_v1=0, sample_size_v2=0, ppl=1.17, wps=4.1, ups=0.02, wpb=256, bsz=128, num_updates=400, lr=4.23014e-05, gnorm=1.25, clip=80, loss_scale=64, train_wall=47, gb_free=36.5, wall=2185
2023-05-16 15:59:11 - progress_bar.py[line:272] - INFO: epoch 002:     20 / 391 loss=0.242, loss_v1=0, loss_v2=0, nll_loss=0.242, ntokens=256, nsentences=128, sample_size=256, sample_size_v1=0, sample_size_v2=0, ppl=1.18, wps=50.6, ups=0.2, wpb=256, bsz=128, num_updates=410, lr=4.20294e-05, gnorm=1.46, clip=100, loss_scale=64, train_wall=50, gb_free=36.6, wall=2235
2023-05-16 16:00:01 - progress_bar.py[line:272] - INFO: epoch 002:     30 / 391 loss=0.223, loss_v1=0, loss_v2=0, nll_loss=0.223, ntokens=256, nsentences=128, sample_size=256, sample_size_v1=0, sample_size_v2=0, ppl=1.17, wps=51.2, ups=0.2, wpb=256, bsz=128, num_updates=420, lr=4.17573e-05, gnorm=1.204, clip=80, loss_scale=64, train_wall=50, gb_free=36.6, wall=2285
2023-05-16 16:00:46 - progress_bar.py[line:272] - INFO: epoch 002:     40 / 391 loss=0.203, loss_v1=0, loss_v2=0, nll_loss=0.203, ntokens=256, nsentences=128, sample_size=256, sample_size_v1=0, sample_size_v2=0, ppl=1.15, wps=57.1, ups=0.22, wpb=256, bsz=128, num_updates=430, lr=4.14853e-05, gnorm=1.304, clip=70, loss_scale=64, train_wall=45, gb_free=36.6, wall=2330
2023-05-16 16:01:30 - progress_bar.py[line:272] - INFO: epoch 002:     50 / 391 loss=0.238, loss_v1=0, loss_v2=0, nll_loss=0.238, ntokens=256, nsentences=128, sample_size=256, sample_size_v1=0, sample_size_v2=0, ppl=1.18, wps=57.4, ups=0.22, wpb=256, bsz=128, num_updates=440, lr=4.12133e-05, gnorm=1.387, clip=100, loss_scale=64, train_wall=44, gb_free=36.5, wall=2375
2023-05-16 16:02:15 - progress_bar.py[line:272] - INFO: epoch 002:     60 / 391 loss=0.223, loss_v1=0, loss_v2=0, nll_loss=0.223, ntokens=256, nsentences=128, sample_size=256, sample_size_v1=0, sample_size_v2=0, ppl=1.17, wps=56.9, ups=0.22, wpb=256, bsz=128, num_updates=450, lr=4.09412e-05, gnorm=1.113, clip=70, loss_scale=64, train_wall=45, gb_free=36.7, wall=2420
2023-05-16 16:03:02 - progress_bar.py[line:272] - INFO: epoch 002:     70 / 391 loss=0.222, loss_v1=0, loss_v2=0, nll_loss=0.222, ntokens=256, nsentences=128, sample_size=256, sample_size_v1=0, sample_size_v2=0, ppl=1.17, wps=54.5, ups=0.21, wpb=256, bsz=128, num_updates=460, lr=4.06692e-05, gnorm=1.237, clip=90, loss_scale=64, train_wall=47, gb_free=36.6, wall=2467
2023-05-16 16:03:42 - progress_bar.py[line:272] - INFO: epoch 002:     80 / 391 loss=0.225, loss_v1=0, loss_v2=0, nll_loss=0.225, ntokens=256, nsentences=128, sample_size=256, sample_size_v1=0, sample_size_v2=0, ppl=1.17, wps=64.3, ups=0.25, wpb=256, bsz=128, num_updates=470, lr=4.03972e-05, gnorm=1.313, clip=100, loss_scale=64, train_wall=40, gb_free=36.6, wall=2507
2023-05-16 16:04:28 - progress_bar.py[line:272] - INFO: epoch 002:     90 / 391 loss=0.216, loss_v1=0, loss_v2=0, nll_loss=0.216, ntokens=256, nsentences=128, sample_size=256, sample_size_v1=0, sample_size_v2=0, ppl=1.16, wps=55.5, ups=0.22, wpb=256, bsz=128, num_updates=480, lr=4.01251e-05, gnorm=1.188, clip=90, loss_scale=64, train_wall=46, gb_free=36.6, wall=2553
2023-05-16 16:05:14 - progress_bar.py[line:272] - INFO: epoch 002:    100 / 391 loss=0.198, loss_v1=0, loss_v2=0, nll_loss=0.198, ntokens=256, nsentences=128, sample_size=256, sample_size_v1=0, sample_size_v2=0, ppl=1.15, wps=55.7, ups=0.22, wpb=256, bsz=128, num_updates=490, lr=3.98531e-05, gnorm=1.177, clip=90, loss_scale=64, train_wall=46, gb_free=36.5, wall=2599
slice_id 1 seek offset 4465
slice_id 3 seek offset 13394
slice_id 2 seek offset 8930
2023-05-16 16:06:01 - progress_bar.py[line:272] - INFO: epoch 002:    110 / 391 loss=0.184, loss_v1=0, loss_v2=0, nll_loss=0.184, ntokens=256, nsentences=128, sample_size=256, sample_size_v1=0, sample_size_v2=0, ppl=1.14, wps=55.1, ups=0.22, wpb=256, bsz=128, num_updates=500, lr=3.95811e-05, gnorm=1.385, clip=100, loss_scale=64, train_wall=46, gb_free=36.6, wall=2645
2023-05-16 16:06:01 - train.py[line:445] - INFO: begin validation on "valid" subset
slice_id 0 seek offset 0
slice_id 3 seek offset 13394
slice_id 1 seek offset 4465
slice_id 2 seek offset 8930
slice_id 0 seek offset 0
2023-05-16 16:15:23 - progress_bar.py[line:282] - INFO: epoch 002 | valid on 'valid' subset | loss 0.219 | loss_v1 0 | loss_v2 0 | nll_loss 0.219 | ntokens 31.975 | nsentences 15.987 | sample_size 31.975 | sample_size_v1 0 | sample_size_v2 0 | ppl 1.16 | snli_score 0.8421 | wps 63.6 | wpb 32 | bsz 16 | num_updates 500 | best_snli_score 0.8421
2023-05-16 16:15:23 - checkpoint_utils.py[line:64] - INFO: Preparing to save checkpoint for epoch 2 @ 500 updates
2023-05-16 16:15:23 - trainer.py[line:431] - INFO: Saving checkpoint to ./NL_50k_checkpoints/5_5e-5/checkpoint_2_500.pt
2023-05-16 16:15:30 - trainer.py[line:441] - INFO: Finished saving checkpoint to ./NL_50k_checkpoints/5_5e-5/checkpoint_2_500.pt
2023-05-16 16:15:38 - checkpoint_utils.py[line:133] - INFO: Saved checkpoint ./NL_50k_checkpoints/5_5e-5/checkpoint_2_500.pt (epoch 2 @ 500 updates, score 0.8421) (writing took 15.080401329090819 seconds)
2023-05-16 16:16:44 - progress_bar.py[line:272] - INFO: epoch 002:    120 / 391 loss=0.21, loss_v1=0, loss_v2=0, nll_loss=0.21, ntokens=256, nsentences=128, sample_size=256, sample_size_v1=0, sample_size_v2=0, ppl=1.16, wps=4, ups=0.02, wpb=256, bsz=128, num_updates=510, lr=3.9309e-05, gnorm=1.321, clip=90, loss_scale=64, train_wall=66, gb_free=36.5, wall=3289
2023-05-16 16:17:52 - progress_bar.py[line:272] - INFO: epoch 002:    130 / 391 loss=0.188, loss_v1=0, loss_v2=0, nll_loss=0.188, ntokens=256, nsentences=128, sample_size=256, sample_size_v1=0, sample_size_v2=0, ppl=1.14, wps=38, ups=0.15, wpb=256, bsz=128, num_updates=520, lr=3.9037e-05, gnorm=1.235, clip=90, loss_scale=128, train_wall=67, gb_free=36.5, wall=3356
2023-05-16 16:18:59 - progress_bar.py[line:272] - INFO: epoch 002:    140 / 391 loss=0.186, loss_v1=0, loss_v2=0, nll_loss=0.186, ntokens=256, nsentences=128, sample_size=256, sample_size_v1=0, sample_size_v2=0, ppl=1.14, wps=37.9, ups=0.15, wpb=256, bsz=128, num_updates=530, lr=3.8765e-05, gnorm=1.422, clip=100, loss_scale=128, train_wall=67, gb_free=36.5, wall=3424
2023-05-16 16:20:03 - progress_bar.py[line:272] - INFO: epoch 002:    150 / 391 loss=0.182, loss_v1=0, loss_v2=0, nll_loss=0.182, ntokens=256, nsentences=128, sample_size=256, sample_size_v1=0, sample_size_v2=0, ppl=1.13, wps=40.3, ups=0.16, wpb=256, bsz=128, num_updates=540, lr=3.84929e-05, gnorm=1.517, clip=90, loss_scale=128, train_wall=63, gb_free=36.5, wall=3487
2023-05-16 16:21:06 - progress_bar.py[line:272] - INFO: epoch 002:    160 / 391 loss=0.189, loss_v1=0, loss_v2=0, nll_loss=0.189, ntokens=256, nsentences=128, sample_size=256, sample_size_v1=0, sample_size_v2=0, ppl=1.14, wps=40.6, ups=0.16, wpb=256, bsz=128, num_updates=550, lr=3.82209e-05, gnorm=1.336, clip=90, loss_scale=128, train_wall=63, gb_free=36.7, wall=3550
2023-05-16 16:22:09 - progress_bar.py[line:272] - INFO: epoch 002:    170 / 391 loss=0.177, loss_v1=0, loss_v2=0, nll_loss=0.177, ntokens=256, nsentences=128, sample_size=256, sample_size_v1=0, sample_size_v2=0, ppl=1.13, wps=40.2, ups=0.16, wpb=256, bsz=128, num_updates=560, lr=3.79489e-05, gnorm=1.238, clip=90, loss_scale=128, train_wall=64, gb_free=36.5, wall=3614
2023-05-16 16:23:12 - progress_bar.py[line:272] - INFO: epoch 002:    180 / 391 loss=0.178, loss_v1=0, loss_v2=0, nll_loss=0.178, ntokens=256, nsentences=128, sample_size=256, sample_size_v1=0, sample_size_v2=0, ppl=1.13, wps=41.1, ups=0.16, wpb=256, bsz=128, num_updates=570, lr=3.76768e-05, gnorm=1.323, clip=90, loss_scale=128, train_wall=62, gb_free=36.6, wall=3676
2023-05-16 16:24:13 - progress_bar.py[line:272] - INFO: epoch 002:    190 / 391 loss=0.201, loss_v1=0, loss_v2=0, nll_loss=0.201, ntokens=256, nsentences=128, sample_size=256, sample_size_v1=0, sample_size_v2=0, ppl=1.15, wps=41.7, ups=0.16, wpb=256, bsz=128, num_updates=580, lr=3.74048e-05, gnorm=1.343, clip=100, loss_scale=128, train_wall=61, gb_free=36.3, wall=3738
2023-05-16 16:25:15 - progress_bar.py[line:272] - INFO: epoch 002:    200 / 391 loss=0.178, loss_v1=0, loss_v2=0, nll_loss=0.178, ntokens=256, nsentences=128, sample_size=256, sample_size_v1=0, sample_size_v2=0, ppl=1.13, wps=41.5, ups=0.16, wpb=256, bsz=128, num_updates=590, lr=3.71328e-05, gnorm=1.204, clip=90, loss_scale=128, train_wall=62, gb_free=36.5, wall=3800
2023-05-16 16:26:16 - progress_bar.py[line:272] - INFO: epoch 002:    210 / 391 loss=0.176, loss_v1=0, loss_v2=0, nll_loss=0.176, ntokens=256, nsentences=128, sample_size=256, sample_size_v1=0, sample_size_v2=0, ppl=1.13, wps=41.7, ups=0.16, wpb=256, bsz=128, num_updates=600, lr=3.68607e-05, gnorm=1.347, clip=100, loss_scale=128, train_wall=61, gb_free=36.4, wall=3861
2023-05-16 16:27:17 - progress_bar.py[line:272] - INFO: epoch 002:    220 / 391 loss=0.169, loss_v1=0, loss_v2=0, nll_loss=0.169, ntokens=256, nsentences=128, sample_size=256, sample_size_v1=0, sample_size_v2=0, ppl=1.12, wps=42.6, ups=0.17, wpb=256, bsz=128, num_updates=610, lr=3.65887e-05, gnorm=1.288, clip=100, loss_scale=128, train_wall=60, gb_free=36.5, wall=3921
2023-05-16 16:28:18 - progress_bar.py[line:272] - INFO: epoch 002:    230 / 391 loss=0.195, loss_v1=0, loss_v2=0, nll_loss=0.195, ntokens=256, nsentences=128, sample_size=256, sample_size_v1=0, sample_size_v2=0, ppl=1.14, wps=41.7, ups=0.16, wpb=256, bsz=128, num_updates=620, lr=3.63166e-05, gnorm=1.423, clip=100, loss_scale=128, train_wall=61, gb_free=36.5, wall=3982
2023-05-16 16:29:15 - progress_bar.py[line:272] - INFO: epoch 002:    240 / 391 loss=0.159, loss_v1=0, loss_v2=0, nll_loss=0.159, ntokens=256, nsentences=128, sample_size=256, sample_size_v1=0, sample_size_v2=0, ppl=1.12, wps=44.8, ups=0.17, wpb=256, bsz=128, num_updates=630, lr=3.60446e-05, gnorm=1.171, clip=100, loss_scale=128, train_wall=57, gb_free=36.6, wall=4040
2023-05-16 16:30:12 - progress_bar.py[line:272] - INFO: epoch 002:    250 / 391 loss=0.173, loss_v1=0, loss_v2=0, nll_loss=0.173, ntokens=256, nsentences=128, sample_size=256, sample_size_v1=0, sample_size_v2=0, ppl=1.13, wps=45.3, ups=0.18, wpb=256, bsz=128, num_updates=640, lr=3.57726e-05, gnorm=1.203, clip=80, loss_scale=128, train_wall=56, gb_free=36.5, wall=4096
2023-05-16 16:31:09 - progress_bar.py[line:272] - INFO: epoch 002:    260 / 391 loss=0.166, loss_v1=0, loss_v2=0, nll_loss=0.166, ntokens=256, nsentences=128, sample_size=256, sample_size_v1=0, sample_size_v2=0, ppl=1.12, wps=44.6, ups=0.17, wpb=256, bsz=128, num_updates=650, lr=3.55005e-05, gnorm=1.267, clip=90, loss_scale=128, train_wall=57, gb_free=36.5, wall=4154
2023-05-16 16:32:14 - progress_bar.py[line:272] - INFO: epoch 002:    270 / 391 loss=0.192, loss_v1=0, loss_v2=0, nll_loss=0.192, ntokens=256, nsentences=128, sample_size=256, sample_size_v1=0, sample_size_v2=0, ppl=1.14, wps=39.3, ups=0.15, wpb=256, bsz=128, num_updates=660, lr=3.52285e-05, gnorm=1.456, clip=100, loss_scale=128, train_wall=65, gb_free=36.6, wall=4219
2023-05-16 16:33:23 - progress_bar.py[line:272] - INFO: epoch 002:    280 / 391 loss=0.159, loss_v1=0, loss_v2=0, nll_loss=0.159, ntokens=256, nsentences=128, sample_size=256, sample_size_v1=0, sample_size_v2=0, ppl=1.12, wps=37.4, ups=0.15, wpb=256, bsz=128, num_updates=670, lr=3.49565e-05, gnorm=1.361, clip=80, loss_scale=128, train_wall=68, gb_free=36.6, wall=4287
2023-05-16 16:34:31 - progress_bar.py[line:272] - INFO: epoch 002:    290 / 391 loss=0.164, loss_v1=0, loss_v2=0, nll_loss=0.164, ntokens=256, nsentences=128, sample_size=256, sample_size_v1=0, sample_size_v2=0, ppl=1.12, wps=37.3, ups=0.15, wpb=256, bsz=128, num_updates=680, lr=3.46844e-05, gnorm=1.394, clip=100, loss_scale=128, train_wall=69, gb_free=36.6, wall=4356
2023-05-16 16:35:43 - progress_bar.py[line:272] - INFO: epoch 002:    300 / 391 loss=0.167, loss_v1=0, loss_v2=0, nll_loss=0.167, ntokens=256, nsentences=128, sample_size=256, sample_size_v1=0, sample_size_v2=0, ppl=1.12, wps=35.9, ups=0.14, wpb=256, bsz=128, num_updates=690, lr=3.44124e-05, gnorm=1.365, clip=100, loss_scale=128, train_wall=71, gb_free=36.6, wall=4427
2023-05-16 16:36:55 - progress_bar.py[line:272] - INFO: epoch 002:    310 / 391 loss=0.168, loss_v1=0, loss_v2=0, nll_loss=0.168, ntokens=256, nsentences=128, sample_size=256, sample_size_v1=0, sample_size_v2=0, ppl=1.12, wps=35.6, ups=0.14, wpb=256, bsz=128, num_updates=700, lr=3.41404e-05, gnorm=1.366, clip=100, loss_scale=128, train_wall=72, gb_free=36.5, wall=4499
2023-05-16 16:38:07 - progress_bar.py[line:272] - INFO: epoch 002:    320 / 391 loss=0.166, loss_v1=0, loss_v2=0, nll_loss=0.166, ntokens=256, nsentences=128, sample_size=256, sample_size_v1=0, sample_size_v2=0, ppl=1.12, wps=35.6, ups=0.14, wpb=256, bsz=128, num_updates=710, lr=3.38683e-05, gnorm=1.189, clip=90, loss_scale=128, train_wall=72, gb_free=36.6, wall=4571
2023-05-16 16:39:17 - progress_bar.py[line:272] - INFO: epoch 002:    330 / 391 loss=0.154, loss_v1=0, loss_v2=0, nll_loss=0.154, ntokens=256, nsentences=128, sample_size=256, sample_size_v1=0, sample_size_v2=0, ppl=1.11, wps=36.7, ups=0.14, wpb=256, bsz=128, num_updates=720, lr=3.35963e-05, gnorm=1.261, clip=90, loss_scale=128, train_wall=70, gb_free=36.6, wall=4641
2023-05-16 16:40:30 - progress_bar.py[line:272] - INFO: epoch 002:    340 / 391 loss=0.169, loss_v1=0, loss_v2=0, nll_loss=0.169, ntokens=256, nsentences=128, sample_size=256, sample_size_v1=0, sample_size_v2=0, ppl=1.12, wps=34.8, ups=0.14, wpb=256, bsz=128, num_updates=730, lr=3.33243e-05, gnorm=1.376, clip=100, loss_scale=128, train_wall=73, gb_free=36.5, wall=4715
2023-05-16 16:41:43 - progress_bar.py[line:272] - INFO: epoch 002:    350 / 391 loss=0.161, loss_v1=0, loss_v2=0, nll_loss=0.161, ntokens=256, nsentences=128, sample_size=256, sample_size_v1=0, sample_size_v2=0, ppl=1.12, wps=34.9, ups=0.14, wpb=256, bsz=128, num_updates=740, lr=3.30522e-05, gnorm=1.437, clip=100, loss_scale=128, train_wall=73, gb_free=36.5, wall=4788
2023-05-16 16:42:57 - progress_bar.py[line:272] - INFO: epoch 002:    360 / 391 loss=0.144, loss_v1=0, loss_v2=0, nll_loss=0.144, ntokens=256, nsentences=128, sample_size=256, sample_size_v1=0, sample_size_v2=0, ppl=1.11, wps=34.6, ups=0.14, wpb=256, bsz=128, num_updates=750, lr=3.27802e-05, gnorm=1.239, clip=90, loss_scale=128, train_wall=74, gb_free=36.6, wall=4862
2023-05-16 16:44:11 - progress_bar.py[line:272] - INFO: epoch 002:    370 / 391 loss=0.157, loss_v1=0, loss_v2=0, nll_loss=0.157, ntokens=256, nsentences=128, sample_size=256, sample_size_v1=0, sample_size_v2=0, ppl=1.11, wps=34.9, ups=0.14, wpb=256, bsz=128, num_updates=760, lr=3.25082e-05, gnorm=1.493, clip=100, loss_scale=128, train_wall=73, gb_free=36.6, wall=4935
2023-05-16 16:45:19 - progress_bar.py[line:272] - INFO: epoch 002:    380 / 391 loss=0.167, loss_v1=0, loss_v2=0, nll_loss=0.167, ntokens=256, nsentences=128, sample_size=256, sample_size_v1=0, sample_size_v2=0, ppl=1.12, wps=37.7, ups=0.15, wpb=256, bsz=128, num_updates=770, lr=3.22361e-05, gnorm=1.493, clip=100, loss_scale=128, train_wall=68, gb_free=36.5, wall=5003
2023-05-16 16:46:27 - progress_bar.py[line:272] - INFO: epoch 002:    390 / 391 loss=0.162, loss_v1=0, loss_v2=0, nll_loss=0.162, ntokens=256, nsentences=128, sample_size=256, sample_size_v1=0, sample_size_v2=0, ppl=1.12, wps=37.4, ups=0.15, wpb=256, bsz=128, num_updates=780, lr=3.19641e-05, gnorm=1.252, clip=100, loss_scale=128, train_wall=68, gb_free=36.6, wall=5072
slice_id 3 seek offset 13394
slice_id 3 seek offset 13394
slice_id 1 seek offset 4465
slice_id 2 seek offset 8930
2023-05-16 16:46:32 - train.py[line:445] - INFO: begin validation on "valid" subset
slice_id 0 seek offset 0
slice_id 2 seek offset 8930
slice_id 1 seek offset 4465
slice_id 0 seek offset 0
2023-05-16 16:59:18 - progress_bar.py[line:282] - INFO: epoch 002 | valid on 'valid' subset | loss 0.215 | loss_v1 0 | loss_v2 0 | nll_loss 0.215 | ntokens 31.975 | nsentences 15.987 | sample_size 31.975 | sample_size_v1 0 | sample_size_v2 0 | ppl 1.16 | snli_score 0.8446 | wps 46.6 | wpb 32 | bsz 16 | num_updates 781 | best_snli_score 0.8446
2023-05-16 16:59:18 - checkpoint_utils.py[line:64] - INFO: Preparing to save checkpoint for epoch 2 @ 781 updates
2023-05-16 16:59:18 - trainer.py[line:431] - INFO: Saving checkpoint to ./NL_50k_checkpoints/5_5e-5/checkpoint2.pt
local datafile ../../dataset/snli_ve_data/snlvi50k.tsv slice_id 2 begin to initialize row_count and line_idx-to-offset mapping
local datafile ../../dataset/snli_ve_data/snlvi50k.tsv slice_id 1 begin to initialize row_count and line_idx-to-offset mapping
local datafile ../../dataset/snli_ve_data/snlvi50k.tsv slice_id 3 begin to initialize row_count and line_idx-to-offset mapping
local datafile ../../dataset/snli_ve_data/snlvi50k.tsv slice_id 2 finished initializing row_count and line_idx-to-offset mapping
file ../../dataset/snli_ve_data/snlvi50k.tsv slice_id 2 row count 12500 total row count 50000
slice_id 2 seek offset 25000
local datafile ../../dataset/snli_ve_data/snlvi50k.tsv slice_id 3 finished initializing row_count and line_idx-to-offset mapping
file ../../dataset/snli_ve_data/snlvi50k.tsv slice_id 3 row count 12500 total row count 50000
local datafile ../../dataset/snli_ve_data/snlvi50k.tsv slice_id 1 finished initializing row_count and line_idx-to-offset mapping
file ../../dataset/snli_ve_data/snlvi50k.tsv slice_id 1 row count 12500 total row count 50000
slice_id 3 seek offset 37500
slice_id 1 seek offset 12500
2023-05-16 16:59:26 - trainer.py[line:441] - INFO: Finished saving checkpoint to ./NL_50k_checkpoints/5_5e-5/checkpoint2.pt
2023-05-16 16:59:38 - checkpoint_utils.py[line:133] - INFO: Saved checkpoint ./NL_50k_checkpoints/5_5e-5/checkpoint2.pt (epoch 2 @ 781 updates, score 0.8446) (writing took 20.09419888886623 seconds)
2023-05-16 16:59:38 - train.py[line:332] - INFO: end of epoch 2 (average epoch stats below)
2023-05-16 16:59:38 - progress_bar.py[line:282] - INFO: epoch 002 | loss 0.186 | loss_v1 0 | loss_v2 0 | nll_loss 0.186 | ntokens 255.754 | nsentences 127.877 | sample_size 255.754 | sample_size_v1 0 | sample_size_v2 0 | ppl 1.14 | wps 26.8 | ups 0.1 | wpb 255.8 | bsz 127.9 | num_updates 781 | lr 3.19369e-05 | gnorm 1.316 | clip 92.8 | loss_scale 128 | train_wall 2354 | gb_free 36.6 | wall 5863
2023-05-16 16:59:38 - trainer.py[line:639] - INFO: loading train data for epoch 3
local datafile ../../dataset/snli_ve_data/snlvi50k.tsv slice_id 0 begin to initialize row_count and line_idx-to-offset mapping
local datafile ../../dataset/snli_ve_data/snlvi50k.tsv slice_id 0 finished initializing row_count and line_idx-to-offset mapping
file ../../dataset/snli_ve_data/snlvi50k.tsv slice_id 0 row count 12500 total row count 50000
slice_id 0 seek offset 0
2023-05-16 16:59:41 - trainer.py[line:703] - INFO: begin training epoch 3
2023-05-16 16:59:41 - train.py[line:305] - INFO: Start iterating over samples
2023-05-16 17:00:44 - progress_bar.py[line:272] - INFO: epoch 003:      9 / 391 loss=0.142, loss_v1=0, loss_v2=0, nll_loss=0.142, ntokens=246.4, nsentences=123.2, sample_size=246.4, sample_size_v1=0, sample_size_v2=0, ppl=1.1, wps=2.9, ups=0.01, wpb=246.4, bsz=123.2, num_updates=790, lr=3.16921e-05, gnorm=1.282, clip=90, loss_scale=128, train_wall=67, gb_free=36.6, wall=5929
2023-05-16 17:01:55 - progress_bar.py[line:272] - INFO: epoch 003:     19 / 391 loss=0.159, loss_v1=0, loss_v2=0, nll_loss=0.159, ntokens=256, nsentences=128, sample_size=256, sample_size_v1=0, sample_size_v2=0, ppl=1.12, wps=36.1, ups=0.14, wpb=256, bsz=128, num_updates=800, lr=3.142e-05, gnorm=1.259, clip=80, loss_scale=128, train_wall=71, gb_free=36.5, wall=6000
2023-05-16 17:03:06 - progress_bar.py[line:272] - INFO: epoch 003:     29 / 391 loss=0.153, loss_v1=0, loss_v2=0, nll_loss=0.153, ntokens=256, nsentences=128, sample_size=256, sample_size_v1=0, sample_size_v2=0, ppl=1.11, wps=36.2, ups=0.14, wpb=256, bsz=128, num_updates=810, lr=3.1148e-05, gnorm=1.368, clip=100, loss_scale=128, train_wall=71, gb_free=36.6, wall=6071
2023-05-16 17:04:11 - progress_bar.py[line:272] - INFO: epoch 003:     39 / 391 loss=0.144, loss_v1=0, loss_v2=0, nll_loss=0.144, ntokens=256, nsentences=128, sample_size=256, sample_size_v1=0, sample_size_v2=0, ppl=1.11, wps=39.3, ups=0.15, wpb=256, bsz=128, num_updates=820, lr=3.0876e-05, gnorm=1.441, clip=100, loss_scale=128, train_wall=65, gb_free=36.7, wall=6136
2023-05-16 17:05:15 - progress_bar.py[line:272] - INFO: epoch 003:     49 / 391 loss=0.165, loss_v1=0, loss_v2=0, nll_loss=0.165, ntokens=256, nsentences=128, sample_size=256, sample_size_v1=0, sample_size_v2=0, ppl=1.12, wps=40.4, ups=0.16, wpb=256, bsz=128, num_updates=830, lr=3.06039e-05, gnorm=1.489, clip=90, loss_scale=128, train_wall=63, gb_free=36.5, wall=6199
2023-05-16 17:06:18 - progress_bar.py[line:272] - INFO: epoch 003:     59 / 391 loss=0.162, loss_v1=0, loss_v2=0, nll_loss=0.162, ntokens=256, nsentences=128, sample_size=256, sample_size_v1=0, sample_size_v2=0, ppl=1.12, wps=40.2, ups=0.16, wpb=256, bsz=128, num_updates=840, lr=3.03319e-05, gnorm=1.304, clip=90, loss_scale=128, train_wall=63, gb_free=36.6, wall=6263
2023-05-16 17:07:20 - progress_bar.py[line:272] - INFO: epoch 003:     69 / 391 loss=0.158, loss_v1=0, loss_v2=0, nll_loss=0.158, ntokens=256, nsentences=128, sample_size=256, sample_size_v1=0, sample_size_v2=0, ppl=1.12, wps=41.5, ups=0.16, wpb=256, bsz=128, num_updates=850, lr=3.00598e-05, gnorm=1.153, clip=90, loss_scale=128, train_wall=61, gb_free=36.3, wall=6325
2023-05-16 17:08:17 - progress_bar.py[line:272] - INFO: epoch 003:     79 / 391 loss=0.157, loss_v1=0, loss_v2=0, nll_loss=0.157, ntokens=256, nsentences=128, sample_size=256, sample_size_v1=0, sample_size_v2=0, ppl=1.11, wps=44.7, ups=0.17, wpb=256, bsz=128, num_updates=860, lr=2.97878e-05, gnorm=1.324, clip=90, loss_scale=128, train_wall=57, gb_free=36.6, wall=6382
2023-05-16 17:09:16 - progress_bar.py[line:272] - INFO: epoch 003:     89 / 391 loss=0.141, loss_v1=0, loss_v2=0, nll_loss=0.141, ntokens=256, nsentences=128, sample_size=256, sample_size_v1=0, sample_size_v2=0, ppl=1.1, wps=43.9, ups=0.17, wpb=256, bsz=128, num_updates=870, lr=2.95158e-05, gnorm=1.414, clip=100, loss_scale=128, train_wall=58, gb_free=36.4, wall=6440
2023-05-16 17:10:17 - progress_bar.py[line:272] - INFO: epoch 003:     99 / 391 loss=0.145, loss_v1=0, loss_v2=0, nll_loss=0.145, ntokens=256, nsentences=128, sample_size=256, sample_size_v1=0, sample_size_v2=0, ppl=1.11, wps=41.7, ups=0.16, wpb=256, bsz=128, num_updates=880, lr=2.92437e-05, gnorm=1.477, clip=100, loss_scale=128, train_wall=61, gb_free=36.6, wall=6502
2023-05-16 17:11:19 - progress_bar.py[line:272] - INFO: epoch 003:    109 / 391 loss=0.128, loss_v1=0, loss_v2=0, nll_loss=0.128, ntokens=256, nsentences=128, sample_size=256, sample_size_v1=0, sample_size_v2=0, ppl=1.09, wps=41.4, ups=0.16, wpb=256, bsz=128, num_updates=890, lr=2.89717e-05, gnorm=1.438, clip=90, loss_scale=128, train_wall=62, gb_free=36.6, wall=6563
2023-05-16 17:12:17 - progress_bar.py[line:272] - INFO: epoch 003:    119 / 391 loss=0.146, loss_v1=0, loss_v2=0, nll_loss=0.146, ntokens=256, nsentences=128, sample_size=256, sample_size_v1=0, sample_size_v2=0, ppl=1.11, wps=43.8, ups=0.17, wpb=256, bsz=128, num_updates=900, lr=2.86997e-05, gnorm=1.533, clip=90, loss_scale=128, train_wall=58, gb_free=36.5, wall=6622
2023-05-16 17:13:14 - progress_bar.py[line:272] - INFO: epoch 003:    129 / 391 loss=0.141, loss_v1=0, loss_v2=0, nll_loss=0.141, ntokens=256, nsentences=128, sample_size=256, sample_size_v1=0, sample_size_v2=0, ppl=1.1, wps=45.5, ups=0.18, wpb=256, bsz=128, num_updates=910, lr=2.84276e-05, gnorm=1.555, clip=100, loss_scale=128, train_wall=56, gb_free=36.7, wall=6678
2023-05-16 17:14:10 - progress_bar.py[line:272] - INFO: epoch 003:    139 / 391 loss=0.123, loss_v1=0, loss_v2=0, nll_loss=0.123, ntokens=256, nsentences=128, sample_size=256, sample_size_v1=0, sample_size_v2=0, ppl=1.09, wps=45.2, ups=0.18, wpb=256, bsz=128, num_updates=920, lr=2.81556e-05, gnorm=1.367, clip=100, loss_scale=128, train_wall=57, gb_free=36.6, wall=6735
2023-05-16 17:15:11 - progress_bar.py[line:272] - INFO: epoch 003:    149 / 391 loss=0.133, loss_v1=0, loss_v2=0, nll_loss=0.133, ntokens=256, nsentences=128, sample_size=256, sample_size_v1=0, sample_size_v2=0, ppl=1.1, wps=41.9, ups=0.16, wpb=256, bsz=128, num_updates=930, lr=2.78836e-05, gnorm=1.353, clip=100, loss_scale=128, train_wall=61, gb_free=36.5, wall=6796
2023-05-16 17:16:15 - progress_bar.py[line:272] - INFO: epoch 003:    159 / 391 loss=0.119, loss_v1=0, loss_v2=0, nll_loss=0.119, ntokens=256, nsentences=128, sample_size=256, sample_size_v1=0, sample_size_v2=0, ppl=1.09, wps=40.2, ups=0.16, wpb=256, bsz=128, num_updates=940, lr=2.76115e-05, gnorm=1.383, clip=90, loss_scale=128, train_wall=64, gb_free=36.6, wall=6860
2023-05-16 17:17:24 - progress_bar.py[line:272] - INFO: epoch 003:    169 / 391 loss=0.125, loss_v1=0, loss_v2=0, nll_loss=0.125, ntokens=256, nsentences=128, sample_size=256, sample_size_v1=0, sample_size_v2=0, ppl=1.09, wps=37.4, ups=0.15, wpb=256, bsz=128, num_updates=950, lr=2.73395e-05, gnorm=1.569, clip=100, loss_scale=128, train_wall=68, gb_free=36.6, wall=6928
2023-05-16 17:18:33 - progress_bar.py[line:272] - INFO: epoch 003:    179 / 391 loss=0.14, loss_v1=0, loss_v2=0, nll_loss=0.14, ntokens=256, nsentences=128, sample_size=256, sample_size_v1=0, sample_size_v2=0, ppl=1.1, wps=37, ups=0.14, wpb=256, bsz=128, num_updates=960, lr=2.70675e-05, gnorm=1.584, clip=90, loss_scale=128, train_wall=69, gb_free=36.6, wall=6997
2023-05-16 17:19:40 - progress_bar.py[line:272] - INFO: epoch 003:    189 / 391 loss=0.136, loss_v1=0, loss_v2=0, nll_loss=0.136, ntokens=256, nsentences=128, sample_size=256, sample_size_v1=0, sample_size_v2=0, ppl=1.1, wps=38.2, ups=0.15, wpb=256, bsz=128, num_updates=970, lr=2.67954e-05, gnorm=1.386, clip=80, loss_scale=128, train_wall=67, gb_free=36.5, wall=7064
2023-05-16 17:20:49 - progress_bar.py[line:272] - INFO: epoch 003:    199 / 391 loss=0.121, loss_v1=0, loss_v2=0, nll_loss=0.121, ntokens=256, nsentences=128, sample_size=256, sample_size_v1=0, sample_size_v2=0, ppl=1.09, wps=37, ups=0.14, wpb=256, bsz=128, num_updates=980, lr=2.65234e-05, gnorm=1.362, clip=100, loss_scale=128, train_wall=69, gb_free=36.5, wall=7134
2023-05-16 17:21:58 - progress_bar.py[line:272] - INFO: epoch 003:    209 / 391 loss=0.125, loss_v1=0, loss_v2=0, nll_loss=0.125, ntokens=256, nsentences=128, sample_size=256, sample_size_v1=0, sample_size_v2=0, ppl=1.09, wps=37.2, ups=0.15, wpb=256, bsz=128, num_updates=990, lr=2.62514e-05, gnorm=1.448, clip=100, loss_scale=128, train_wall=69, gb_free=36.6, wall=7202
slice_id 1 seek offset 4465
2023-05-16 17:23:06 - progress_bar.py[line:272] - INFO: epoch 003:    219 / 391 loss=0.124, loss_v1=0, loss_v2=0, nll_loss=0.124, ntokens=256, nsentences=128, sample_size=256, sample_size_v1=0, sample_size_v2=0, ppl=1.09, wps=37.4, ups=0.15, wpb=256, bsz=128, num_updates=1000, lr=2.59793e-05, gnorm=1.616, clip=100, loss_scale=128, train_wall=68, gb_free=36.5, wall=7271
2023-05-16 17:23:06 - train.py[line:445] - INFO: begin validation on "valid" subset
slice_id 0 seek offset 0
slice_id 2 seek offset 8930
slice_id 0 seek offset 0
slice_id 1 seek offset 4465
slice_id 3 seek offset 13394
slice_id 2 seek offset 8930
slice_id 3 seek offset 13394
2023-05-16 17:35:40 - progress_bar.py[line:282] - INFO: epoch 003 | valid on 'valid' subset | loss 0.237 | loss_v1 0 | loss_v2 0 | nll_loss 0.237 | ntokens 31.975 | nsentences 15.987 | sample_size 31.975 | sample_size_v1 0 | sample_size_v2 0 | ppl 1.18 | snli_score 0.8477 | wps 47.4 | wpb 32 | bsz 16 | num_updates 1000 | best_snli_score 0.8477
2023-05-16 17:35:40 - checkpoint_utils.py[line:64] - INFO: Preparing to save checkpoint for epoch 3 @ 1000 updates
2023-05-16 17:35:40 - trainer.py[line:431] - INFO: Saving checkpoint to ./NL_50k_checkpoints/5_5e-5/checkpoint_3_1000.pt
2023-05-16 17:35:49 - trainer.py[line:441] - INFO: Finished saving checkpoint to ./NL_50k_checkpoints/5_5e-5/checkpoint_3_1000.pt
2023-05-16 17:36:02 - checkpoint_utils.py[line:133] - INFO: Saved checkpoint ./NL_50k_checkpoints/5_5e-5/checkpoint_3_1000.pt (epoch 3 @ 1000 updates, score 0.8477) (writing took 21.25769051304087 seconds)
2023-05-16 17:37:09 - progress_bar.py[line:272] - INFO: epoch 003:    229 / 391 loss=0.132, loss_v1=0, loss_v2=0, nll_loss=0.132, ntokens=256, nsentences=128, sample_size=256, sample_size_v1=0, sample_size_v2=0, ppl=1.1, wps=3, ups=0.01, wpb=256, bsz=128, num_updates=1010, lr=2.57073e-05, gnorm=1.618, clip=100, loss_scale=128, train_wall=67, gb_free=36.6, wall=8114
2023-05-16 17:38:17 - progress_bar.py[line:272] - INFO: epoch 003:    239 / 391 loss=0.112, loss_v1=0, loss_v2=0, nll_loss=0.112, ntokens=256, nsentences=128, sample_size=256, sample_size_v1=0, sample_size_v2=0, ppl=1.08, wps=37.7, ups=0.15, wpb=256, bsz=128, num_updates=1020, lr=2.54353e-05, gnorm=1.304, clip=100, loss_scale=128, train_wall=68, gb_free=36.5, wall=8181
2023-05-16 17:39:25 - progress_bar.py[line:272] - INFO: epoch 003:    249 / 391 loss=0.125, loss_v1=0, loss_v2=0, nll_loss=0.125, ntokens=256, nsentences=128, sample_size=256, sample_size_v1=0, sample_size_v2=0, ppl=1.09, wps=37.8, ups=0.15, wpb=256, bsz=128, num_updates=1030, lr=2.51632e-05, gnorm=1.433, clip=100, loss_scale=256, train_wall=68, gb_free=36.5, wall=8249
2023-05-16 17:40:29 - progress_bar.py[line:272] - INFO: epoch 003:    259 / 391 loss=0.11, loss_v1=0, loss_v2=0, nll_loss=0.11, ntokens=256, nsentences=128, sample_size=256, sample_size_v1=0, sample_size_v2=0, ppl=1.08, wps=39.9, ups=0.16, wpb=256, bsz=128, num_updates=1040, lr=2.48912e-05, gnorm=1.374, clip=90, loss_scale=256, train_wall=64, gb_free=36.6, wall=8313
2023-05-16 17:41:31 - progress_bar.py[line:272] - INFO: epoch 003:    269 / 391 loss=0.147, loss_v1=0, loss_v2=0, nll_loss=0.147, ntokens=256, nsentences=128, sample_size=256, sample_size_v1=0, sample_size_v2=0, ppl=1.11, wps=41, ups=0.16, wpb=256, bsz=128, num_updates=1050, lr=2.46192e-05, gnorm=1.837, clip=100, loss_scale=256, train_wall=62, gb_free=36.6, wall=8376
2023-05-16 17:42:35 - progress_bar.py[line:272] - INFO: epoch 003:    279 / 391 loss=0.107, loss_v1=0, loss_v2=0, nll_loss=0.107, ntokens=256, nsentences=128, sample_size=256, sample_size_v1=0, sample_size_v2=0, ppl=1.08, wps=40.5, ups=0.16, wpb=256, bsz=128, num_updates=1060, lr=2.43471e-05, gnorm=1.524, clip=100, loss_scale=256, train_wall=63, gb_free=36.6, wall=8439
2023-05-16 17:43:37 - progress_bar.py[line:272] - INFO: epoch 003:    289 / 391 loss=0.105, loss_v1=0, loss_v2=0, nll_loss=0.105, ntokens=256, nsentences=128, sample_size=256, sample_size_v1=0, sample_size_v2=0, ppl=1.08, wps=40.8, ups=0.16, wpb=256, bsz=128, num_updates=1070, lr=2.40751e-05, gnorm=1.24, clip=80, loss_scale=256, train_wall=62, gb_free=36.7, wall=8502
2023-05-16 17:44:39 - progress_bar.py[line:272] - INFO: epoch 003:    299 / 391 loss=0.124, loss_v1=0, loss_v2=0, nll_loss=0.124, ntokens=256, nsentences=128, sample_size=256, sample_size_v1=0, sample_size_v2=0, ppl=1.09, wps=41.3, ups=0.16, wpb=256, bsz=128, num_updates=1080, lr=2.3803e-05, gnorm=1.447, clip=100, loss_scale=256, train_wall=62, gb_free=36.7, wall=8564
2023-05-16 17:45:40 - progress_bar.py[line:272] - INFO: epoch 003:    309 / 391 loss=0.121, loss_v1=0, loss_v2=0, nll_loss=0.121, ntokens=256, nsentences=128, sample_size=256, sample_size_v1=0, sample_size_v2=0, ppl=1.09, wps=41.8, ups=0.16, wpb=256, bsz=128, num_updates=1090, lr=2.3531e-05, gnorm=1.479, clip=90, loss_scale=256, train_wall=61, gb_free=36.6, wall=8625
2023-05-16 17:46:38 - progress_bar.py[line:272] - INFO: epoch 003:    319 / 391 loss=0.108, loss_v1=0, loss_v2=0, nll_loss=0.108, ntokens=256, nsentences=128, sample_size=256, sample_size_v1=0, sample_size_v2=0, ppl=1.08, wps=44.7, ups=0.17, wpb=256, bsz=128, num_updates=1100, lr=2.3259e-05, gnorm=1.219, clip=80, loss_scale=256, train_wall=57, gb_free=36.6, wall=8682
2023-05-16 17:47:35 - progress_bar.py[line:272] - INFO: epoch 003:    329 / 391 loss=0.1, loss_v1=0, loss_v2=0, nll_loss=0.1, ntokens=256, nsentences=128, sample_size=256, sample_size_v1=0, sample_size_v2=0, ppl=1.07, wps=44.4, ups=0.17, wpb=256, bsz=128, num_updates=1110, lr=2.29869e-05, gnorm=1.268, clip=80, loss_scale=256, train_wall=57, gb_free=36.6, wall=8740
2023-05-16 17:48:35 - progress_bar.py[line:272] - INFO: epoch 003:    339 / 391 loss=0.12, loss_v1=0, loss_v2=0, nll_loss=0.12, ntokens=256, nsentences=128, sample_size=256, sample_size_v1=0, sample_size_v2=0, ppl=1.09, wps=43.1, ups=0.17, wpb=256, bsz=128, num_updates=1120, lr=2.27149e-05, gnorm=1.616, clip=100, loss_scale=256, train_wall=59, gb_free=36.6, wall=8799
2023-05-16 17:49:30 - progress_bar.py[line:272] - INFO: epoch 003:    349 / 391 loss=0.116, loss_v1=0, loss_v2=0, nll_loss=0.116, ntokens=256, nsentences=128, sample_size=256, sample_size_v1=0, sample_size_v2=0, ppl=1.08, wps=46.7, ups=0.18, wpb=256, bsz=128, num_updates=1130, lr=2.24429e-05, gnorm=1.771, clip=100, loss_scale=256, train_wall=55, gb_free=36.6, wall=8854
2023-05-16 17:50:22 - progress_bar.py[line:272] - INFO: epoch 003:    359 / 391 loss=0.102, loss_v1=0, loss_v2=0, nll_loss=0.102, ntokens=256, nsentences=128, sample_size=256, sample_size_v1=0, sample_size_v2=0, ppl=1.07, wps=49.2, ups=0.19, wpb=256, bsz=128, num_updates=1140, lr=2.21708e-05, gnorm=1.544, clip=90, loss_scale=256, train_wall=52, gb_free=36.6, wall=8906
2023-05-16 17:51:13 - progress_bar.py[line:272] - INFO: epoch 003:    369 / 391 loss=0.114, loss_v1=0, loss_v2=0, nll_loss=0.114, ntokens=256, nsentences=128, sample_size=256, sample_size_v1=0, sample_size_v2=0, ppl=1.08, wps=49.5, ups=0.19, wpb=256, bsz=128, num_updates=1150, lr=2.18988e-05, gnorm=1.694, clip=100, loss_scale=256, train_wall=51, gb_free=36.6, wall=8958
2023-05-16 17:52:03 - progress_bar.py[line:272] - INFO: epoch 003:    379 / 391 loss=0.116, loss_v1=0, loss_v2=0, nll_loss=0.116, ntokens=256, nsentences=128, sample_size=256, sample_size_v1=0, sample_size_v2=0, ppl=1.08, wps=52, ups=0.2, wpb=256, bsz=128, num_updates=1160, lr=2.16268e-05, gnorm=1.633, clip=100, loss_scale=256, train_wall=49, gb_free=36.6, wall=9007
2023-05-16 17:52:52 - progress_bar.py[line:272] - INFO: epoch 003:    389 / 391 loss=0.108, loss_v1=0, loss_v2=0, nll_loss=0.108, ntokens=256, nsentences=128, sample_size=256, sample_size_v1=0, sample_size_v2=0, ppl=1.08, wps=52.5, ups=0.2, wpb=256, bsz=128, num_updates=1170, lr=2.13547e-05, gnorm=1.552, clip=100, loss_scale=256, train_wall=49, gb_free=36.6, wall=9056
slice_id 3 seek offset 13394
slice_id 1 seek offset 4465
slice_id 2 seek offset 8930
2023-05-16 17:53:00 - train.py[line:445] - INFO: begin validation on "valid" subset
slice_id 0 seek offset 0
slice_id 3 seek offset 13394
slice_id 0 seek offset 0
slice_id 1 seek offset 4465
slice_id 2 seek offset 8930
local datafile ../../dataset/snli_ve_data/snlvi50k.tsv slice_id 1 begin to initialize row_count and line_idx-to-offset mapping
local datafile ../../dataset/snli_ve_data/snlvi50k.tsv slice_id 2 begin to initialize row_count and line_idx-to-offset mapping
local datafile ../../dataset/snli_ve_data/snlvi50k.tsv slice_id 3 begin to initialize row_count and line_idx-to-offset mapping
2023-05-16 18:02:09 - progress_bar.py[line:282] - INFO: epoch 003 | valid on 'valid' subset | loss 0.248 | loss_v1 0 | loss_v2 0 | nll_loss 0.248 | ntokens 31.975 | nsentences 15.987 | sample_size 31.975 | sample_size_v1 0 | sample_size_v2 0 | ppl 1.19 | snli_score 0.8491 | wps 65 | wpb 32 | bsz 16 | num_updates 1172 | best_snli_score 0.8491
2023-05-16 18:02:09 - checkpoint_utils.py[line:64] - INFO: Preparing to save checkpoint for epoch 3 @ 1172 updates
2023-05-16 18:02:09 - trainer.py[line:431] - INFO: Saving checkpoint to ./NL_50k_checkpoints/5_5e-5/checkpoint3.pt
local datafile ../../dataset/snli_ve_data/snlvi50k.tsv slice_id 3 finished initializing row_count and line_idx-to-offset mapping
file ../../dataset/snli_ve_data/snlvi50k.tsv slice_id 3 row count 12500 total row count 50000
local datafile ../../dataset/snli_ve_data/snlvi50k.tsv slice_id 1 finished initializing row_count and line_idx-to-offset mapping
file ../../dataset/snli_ve_data/snlvi50k.tsv slice_id 1 row count 12500 total row count 50000
local datafile ../../dataset/snli_ve_data/snlvi50k.tsv slice_id 2 finished initializing row_count and line_idx-to-offset mapping
file ../../dataset/snli_ve_data/snlvi50k.tsv slice_id 2 row count 12500 total row count 50000
slice_id 3 seek offset 37500
slice_id 1 seek offset 12500
slice_id 2 seek offset 25000
2023-05-16 18:02:15 - trainer.py[line:441] - INFO: Finished saving checkpoint to ./NL_50k_checkpoints/5_5e-5/checkpoint3.pt
2023-05-16 18:02:26 - checkpoint_utils.py[line:133] - INFO: Saved checkpoint ./NL_50k_checkpoints/5_5e-5/checkpoint3.pt (epoch 3 @ 1172 updates, score 0.8491) (writing took 17.348878277931362 seconds)
2023-05-16 18:02:27 - train.py[line:332] - INFO: end of epoch 3 (average epoch stats below)
2023-05-16 18:02:27 - progress_bar.py[line:282] - INFO: epoch 003 | loss 0.129 | loss_v1 0 | loss_v2 0 | nll_loss 0.129 | ntokens 255.754 | nsentences 127.877 | sample_size 255.754 | sample_size_v1 0 | sample_size_v2 0 | ppl 1.09 | wps 26.5 | ups 0.1 | wpb 255.8 | bsz 127.9 | num_updates 1172 | lr 2.13003e-05 | gnorm 1.452 | clip 94.1 | loss_scale 256 | train_wall 2415 | gb_free 36.6 | wall 9631
2023-05-16 18:02:27 - trainer.py[line:639] - INFO: loading train data for epoch 4
local datafile ../../dataset/snli_ve_data/snlvi50k.tsv slice_id 0 begin to initialize row_count and line_idx-to-offset mapping
local datafile ../../dataset/snli_ve_data/snlvi50k.tsv slice_id 0 finished initializing row_count and line_idx-to-offset mapping
file ../../dataset/snli_ve_data/snlvi50k.tsv slice_id 0 row count 12500 total row count 50000
slice_id 0 seek offset 0
2023-05-16 18:02:30 - trainer.py[line:703] - INFO: begin training epoch 4
2023-05-16 18:02:30 - train.py[line:305] - INFO: Start iterating over samples
2023-05-16 18:03:12 - progress_bar.py[line:272] - INFO: epoch 004:      8 / 391 loss=0.092, loss_v1=0, loss_v2=0, nll_loss=0.092, ntokens=246.4, nsentences=123.2, sample_size=246.4, sample_size_v1=0, sample_size_v2=0, ppl=1.07, wps=4, ups=0.02, wpb=246.4, bsz=123.2, num_updates=1180, lr=2.10827e-05, gnorm=1.391, clip=90, loss_scale=256, train_wall=49, gb_free=36.5, wall=9676
2023-05-16 18:04:00 - progress_bar.py[line:272] - INFO: epoch 004:     18 / 391 loss=0.109, loss_v1=0, loss_v2=0, nll_loss=0.109, ntokens=256, nsentences=128, sample_size=256, sample_size_v1=0, sample_size_v2=0, ppl=1.08, wps=53.7, ups=0.21, wpb=256, bsz=128, num_updates=1190, lr=2.08107e-05, gnorm=1.434, clip=80, loss_scale=256, train_wall=47, gb_free=36.6, wall=9724
2023-05-16 18:04:50 - progress_bar.py[line:272] - INFO: epoch 004:     28 / 391 loss=0.11, loss_v1=0, loss_v2=0, nll_loss=0.11, ntokens=256, nsentences=128, sample_size=256, sample_size_v1=0, sample_size_v2=0, ppl=1.08, wps=50.5, ups=0.2, wpb=256, bsz=128, num_updates=1200, lr=2.05386e-05, gnorm=1.467, clip=100, loss_scale=256, train_wall=50, gb_free=36.5, wall=9775
2023-05-16 18:05:41 - progress_bar.py[line:272] - INFO: epoch 004:     38 / 391 loss=0.105, loss_v1=0, loss_v2=0, nll_loss=0.105, ntokens=256, nsentences=128, sample_size=256, sample_size_v1=0, sample_size_v2=0, ppl=1.08, wps=50.6, ups=0.2, wpb=256, bsz=128, num_updates=1210, lr=2.02666e-05, gnorm=1.511, clip=100, loss_scale=256, train_wall=50, gb_free=36.6, wall=9825
2023-05-16 18:06:25 - progress_bar.py[line:272] - INFO: epoch 004:     48 / 391 loss=0.116, loss_v1=0, loss_v2=0, nll_loss=0.116, ntokens=256, nsentences=128, sample_size=256, sample_size_v1=0, sample_size_v2=0, ppl=1.08, wps=57.9, ups=0.23, wpb=256, bsz=128, num_updates=1220, lr=1.99946e-05, gnorm=1.564, clip=100, loss_scale=256, train_wall=44, gb_free=36.5, wall=9870
2023-05-16 18:07:08 - progress_bar.py[line:272] - INFO: epoch 004:     58 / 391 loss=0.115, loss_v1=0, loss_v2=0, nll_loss=0.115, ntokens=256, nsentences=128, sample_size=256, sample_size_v1=0, sample_size_v2=0, ppl=1.08, wps=59.6, ups=0.23, wpb=256, bsz=128, num_updates=1230, lr=1.97225e-05, gnorm=1.378, clip=90, loss_scale=256, train_wall=43, gb_free=36.6, wall=9913
2023-05-16 18:07:52 - progress_bar.py[line:272] - INFO: epoch 004:     68 / 391 loss=0.114, loss_v1=0, loss_v2=0, nll_loss=0.114, ntokens=256, nsentences=128, sample_size=256, sample_size_v1=0, sample_size_v2=0, ppl=1.08, wps=58, ups=0.23, wpb=256, bsz=128, num_updates=1240, lr=1.94505e-05, gnorm=1.336, clip=100, loss_scale=256, train_wall=44, gb_free=36.6, wall=9957
2023-05-16 18:08:37 - progress_bar.py[line:272] - INFO: epoch 004:     78 / 391 loss=0.119, loss_v1=0, loss_v2=0, nll_loss=0.119, ntokens=256, nsentences=128, sample_size=256, sample_size_v1=0, sample_size_v2=0, ppl=1.09, wps=57, ups=0.22, wpb=256, bsz=128, num_updates=1250, lr=1.91785e-05, gnorm=1.44, clip=100, loss_scale=256, train_wall=45, gb_free=36.6, wall=10002
2023-05-16 18:09:20 - progress_bar.py[line:272] - INFO: epoch 004:     88 / 391 loss=0.099, loss_v1=0, loss_v2=0, nll_loss=0.099, ntokens=256, nsentences=128, sample_size=256, sample_size_v1=0, sample_size_v2=0, ppl=1.07, wps=60.3, ups=0.24, wpb=256, bsz=128, num_updates=1260, lr=1.89064e-05, gnorm=1.252, clip=90, loss_scale=256, train_wall=42, gb_free=36.6, wall=10044
2023-05-16 18:10:04 - progress_bar.py[line:272] - INFO: epoch 004:     98 / 391 loss=0.094, loss_v1=0, loss_v2=0, nll_loss=0.094, ntokens=256, nsentences=128, sample_size=256, sample_size_v1=0, sample_size_v2=0, ppl=1.07, wps=57.3, ups=0.22, wpb=256, bsz=128, num_updates=1270, lr=1.86344e-05, gnorm=1.477, clip=90, loss_scale=256, train_wall=44, gb_free=36.6, wall=10089
2023-05-16 18:10:49 - progress_bar.py[line:272] - INFO: epoch 004:    108 / 391 loss=0.09, loss_v1=0, loss_v2=0, nll_loss=0.09, ntokens=256, nsentences=128, sample_size=256, sample_size_v1=0, sample_size_v2=0, ppl=1.06, wps=56.9, ups=0.22, wpb=256, bsz=128, num_updates=1280, lr=1.83624e-05, gnorm=1.681, clip=90, loss_scale=256, train_wall=45, gb_free=36.6, wall=10134
2023-05-16 18:11:30 - progress_bar.py[line:272] - INFO: epoch 004:    118 / 391 loss=0.104, loss_v1=0, loss_v2=0, nll_loss=0.104, ntokens=256, nsentences=128, sample_size=256, sample_size_v1=0, sample_size_v2=0, ppl=1.07, wps=62.7, ups=0.24, wpb=256, bsz=128, num_updates=1290, lr=1.80903e-05, gnorm=1.956, clip=100, loss_scale=256, train_wall=41, gb_free=36.6, wall=10175
2023-05-16 18:12:09 - progress_bar.py[line:272] - INFO: epoch 004:    128 / 391 loss=0.099, loss_v1=0, loss_v2=0, nll_loss=0.099, ntokens=256, nsentences=128, sample_size=256, sample_size_v1=0, sample_size_v2=0, ppl=1.07, wps=65.2, ups=0.25, wpb=256, bsz=128, num_updates=1300, lr=1.78183e-05, gnorm=1.842, clip=100, loss_scale=256, train_wall=39, gb_free=36.6, wall=10214
2023-05-16 18:12:48 - progress_bar.py[line:272] - INFO: epoch 004:    138 / 391 loss=0.082, loss_v1=0, loss_v2=0, nll_loss=0.082, ntokens=256, nsentences=128, sample_size=256, sample_size_v1=0, sample_size_v2=0, ppl=1.06, wps=66, ups=0.26, wpb=256, bsz=128, num_updates=1310, lr=1.75462e-05, gnorm=1.375, clip=100, loss_scale=256, train_wall=39, gb_free=36.6, wall=10253
2023-05-16 18:13:29 - progress_bar.py[line:272] - INFO: epoch 004:    148 / 391 loss=0.077, loss_v1=0, loss_v2=0, nll_loss=0.077, ntokens=256, nsentences=128, sample_size=256, sample_size_v1=0, sample_size_v2=0, ppl=1.06, wps=62.5, ups=0.24, wpb=256, bsz=128, num_updates=1320, lr=1.72742e-05, gnorm=1.504, clip=90, loss_scale=256, train_wall=41, gb_free=36.5, wall=10294
2023-05-16 18:14:13 - progress_bar.py[line:272] - INFO: epoch 004:    158 / 391 loss=0.083, loss_v1=0, loss_v2=0, nll_loss=0.083, ntokens=256, nsentences=128, sample_size=256, sample_size_v1=0, sample_size_v2=0, ppl=1.06, wps=59, ups=0.23, wpb=256, bsz=128, num_updates=1330, lr=1.70022e-05, gnorm=1.548, clip=90, loss_scale=256, train_wall=43, gb_free=36.7, wall=10337
2023-05-16 18:14:57 - progress_bar.py[line:272] - INFO: epoch 004:    168 / 391 loss=0.079, loss_v1=0, loss_v2=0, nll_loss=0.079, ntokens=256, nsentences=128, sample_size=256, sample_size_v1=0, sample_size_v2=0, ppl=1.06, wps=57.1, ups=0.22, wpb=256, bsz=128, num_updates=1340, lr=1.67301e-05, gnorm=1.634, clip=90, loss_scale=256, train_wall=45, gb_free=36.6, wall=10382
2023-05-16 18:15:45 - progress_bar.py[line:272] - INFO: epoch 004:    178 / 391 loss=0.088, loss_v1=0, loss_v2=0, nll_loss=0.088, ntokens=256, nsentences=128, sample_size=256, sample_size_v1=0, sample_size_v2=0, ppl=1.06, wps=53.7, ups=0.21, wpb=256, bsz=128, num_updates=1350, lr=1.64581e-05, gnorm=1.941, clip=100, loss_scale=256, train_wall=47, gb_free=36.7, wall=10430
2023-05-16 18:16:34 - progress_bar.py[line:272] - INFO: epoch 004:    188 / 391 loss=0.099, loss_v1=0, loss_v2=0, nll_loss=0.099, ntokens=256, nsentences=128, sample_size=256, sample_size_v1=0, sample_size_v2=0, ppl=1.07, wps=52.5, ups=0.21, wpb=256, bsz=128, num_updates=1360, lr=1.61861e-05, gnorm=1.821, clip=100, loss_scale=256, train_wall=49, gb_free=36.6, wall=10478
2023-05-16 18:17:22 - progress_bar.py[line:272] - INFO: epoch 004:    198 / 391 loss=0.092, loss_v1=0, loss_v2=0, nll_loss=0.092, ntokens=256, nsentences=128, sample_size=256, sample_size_v1=0, sample_size_v2=0, ppl=1.07, wps=52.6, ups=0.21, wpb=256, bsz=128, num_updates=1370, lr=1.5914e-05, gnorm=1.528, clip=90, loss_scale=256, train_wall=48, gb_free=36.6, wall=10527
2023-05-16 18:18:14 - progress_bar.py[line:272] - INFO: epoch 004:    208 / 391 loss=0.088, loss_v1=0, loss_v2=0, nll_loss=0.088, ntokens=256, nsentences=128, sample_size=256, sample_size_v1=0, sample_size_v2=0, ppl=1.06, wps=49.5, ups=0.19, wpb=256, bsz=128, num_updates=1380, lr=1.5642e-05, gnorm=1.506, clip=90, loss_scale=256, train_wall=51, gb_free=36.5, wall=10579
2023-05-16 18:19:02 - progress_bar.py[line:272] - INFO: epoch 004:    218 / 391 loss=0.083, loss_v1=0, loss_v2=0, nll_loss=0.083, ntokens=256, nsentences=128, sample_size=256, sample_size_v1=0, sample_size_v2=0, ppl=1.06, wps=53.9, ups=0.21, wpb=256, bsz=128, num_updates=1390, lr=1.537e-05, gnorm=1.458, clip=100, loss_scale=256, train_wall=47, gb_free=36.6, wall=10626
2023-05-16 18:19:49 - progress_bar.py[line:272] - INFO: epoch 004:    228 / 391 loss=0.107, loss_v1=0, loss_v2=0, nll_loss=0.107, ntokens=256, nsentences=128, sample_size=256, sample_size_v1=0, sample_size_v2=0, ppl=1.08, wps=53.5, ups=0.21, wpb=256, bsz=128, num_updates=1400, lr=1.50979e-05, gnorm=1.646, clip=100, loss_scale=256, train_wall=48, gb_free=36.5, wall=10674
2023-05-16 18:20:41 - progress_bar.py[line:272] - INFO: epoch 004:    238 / 391 loss=0.085, loss_v1=0, loss_v2=0, nll_loss=0.085, ntokens=256, nsentences=128, sample_size=256, sample_size_v1=0, sample_size_v2=0, ppl=1.06, wps=49.5, ups=0.19, wpb=256, bsz=128, num_updates=1410, lr=1.48259e-05, gnorm=1.404, clip=80, loss_scale=256, train_wall=51, gb_free=36.4, wall=10726
2023-05-16 18:21:31 - progress_bar.py[line:272] - INFO: epoch 004:    248 / 391 loss=0.084, loss_v1=0, loss_v2=0, nll_loss=0.084, ntokens=256, nsentences=128, sample_size=256, sample_size_v1=0, sample_size_v2=0, ppl=1.06, wps=51.1, ups=0.2, wpb=256, bsz=128, num_updates=1420, lr=1.45539e-05, gnorm=1.487, clip=100, loss_scale=256, train_wall=50, gb_free=36.5, wall=10776
2023-05-16 18:22:18 - progress_bar.py[line:272] - INFO: epoch 004:    258 / 391 loss=0.075, loss_v1=0, loss_v2=0, nll_loss=0.075, ntokens=256, nsentences=128, sample_size=256, sample_size_v1=0, sample_size_v2=0, ppl=1.05, wps=54.3, ups=0.21, wpb=256, bsz=128, num_updates=1430, lr=1.42818e-05, gnorm=1.462, clip=100, loss_scale=256, train_wall=47, gb_free=36.6, wall=10823
2023-05-16 18:23:05 - progress_bar.py[line:272] - INFO: epoch 004:    268 / 391 loss=0.104, loss_v1=0, loss_v2=0, nll_loss=0.104, ntokens=256, nsentences=128, sample_size=256, sample_size_v1=0, sample_size_v2=0, ppl=1.08, wps=54.8, ups=0.21, wpb=256, bsz=128, num_updates=1440, lr=1.40098e-05, gnorm=1.916, clip=100, loss_scale=256, train_wall=47, gb_free=36.6, wall=10870
2023-05-16 18:23:51 - progress_bar.py[line:272] - INFO: epoch 004:    278 / 391 loss=0.083, loss_v1=0, loss_v2=0, nll_loss=0.083, ntokens=256, nsentences=128, sample_size=256, sample_size_v1=0, sample_size_v2=0, ppl=1.06, wps=55.4, ups=0.22, wpb=256, bsz=128, num_updates=1450, lr=1.37378e-05, gnorm=1.567, clip=100, loss_scale=256, train_wall=46, gb_free=36.5, wall=10916
2023-05-16 18:24:38 - progress_bar.py[line:272] - INFO: epoch 004:    288 / 391 loss=0.075, loss_v1=0, loss_v2=0, nll_loss=0.075, ntokens=256, nsentences=128, sample_size=256, sample_size_v1=0, sample_size_v2=0, ppl=1.05, wps=54.8, ups=0.21, wpb=256, bsz=128, num_updates=1460, lr=1.34657e-05, gnorm=1.364, clip=90, loss_scale=256, train_wall=47, gb_free=36.7, wall=10963
2023-05-16 18:25:25 - progress_bar.py[line:272] - INFO: epoch 004:    298 / 391 loss=0.086, loss_v1=0, loss_v2=0, nll_loss=0.086, ntokens=256, nsentences=128, sample_size=256, sample_size_v1=0, sample_size_v2=0, ppl=1.06, wps=54.8, ups=0.21, wpb=256, bsz=128, num_updates=1470, lr=1.31937e-05, gnorm=1.5, clip=90, loss_scale=256, train_wall=47, gb_free=36.5, wall=11009
2023-05-16 18:26:11 - progress_bar.py[line:272] - INFO: epoch 004:    308 / 391 loss=0.086, loss_v1=0, loss_v2=0, nll_loss=0.086, ntokens=256, nsentences=128, sample_size=256, sample_size_v1=0, sample_size_v2=0, ppl=1.06, wps=54.8, ups=0.21, wpb=256, bsz=128, num_updates=1480, lr=1.29217e-05, gnorm=1.511, clip=90, loss_scale=256, train_wall=47, gb_free=36.6, wall=11056
2023-05-16 18:26:59 - progress_bar.py[line:272] - INFO: epoch 004:    318 / 391 loss=0.078, loss_v1=0, loss_v2=0, nll_loss=0.078, ntokens=256, nsentences=128, sample_size=256, sample_size_v1=0, sample_size_v2=0, ppl=1.06, wps=54.3, ups=0.21, wpb=256, bsz=128, num_updates=1490, lr=1.26496e-05, gnorm=1.409, clip=80, loss_scale=256, train_wall=47, gb_free=36.6, wall=11103
slice_id 1 seek offset 4465
slice_id 2 seek offset 8930
slice_id 3 seek offset 13394
2023-05-16 18:27:45 - progress_bar.py[line:272] - INFO: epoch 004:    328 / 391 loss=0.068, loss_v1=0, loss_v2=0, nll_loss=0.068, ntokens=256, nsentences=128, sample_size=256, sample_size_v1=0, sample_size_v2=0, ppl=1.05, wps=55.3, ups=0.22, wpb=256, bsz=128, num_updates=1500, lr=1.23776e-05, gnorm=1.244, clip=70, loss_scale=256, train_wall=46, gb_free=36.4, wall=11149
2023-05-16 18:27:45 - train.py[line:445] - INFO: begin validation on "valid" subset
slice_id 0 seek offset 0
slice_id 1 seek offset 4465
slice_id 3 seek offset 13394
slice_id 0 seek offset 0
slice_id 2 seek offset 8930
2023-05-16 18:35:33 - progress_bar.py[line:282] - INFO: epoch 004 | valid on 'valid' subset | loss 0.275 | loss_v1 0 | loss_v2 0 | nll_loss 0.275 | ntokens 31.975 | nsentences 15.987 | sample_size 31.975 | sample_size_v1 0 | sample_size_v2 0 | ppl 1.21 | snli_score 0.8487 | wps 76.4 | wpb 32 | bsz 16 | num_updates 1500 | best_snli_score 0.8491
2023-05-16 18:35:33 - checkpoint_utils.py[line:64] - INFO: Preparing to save checkpoint for epoch 4 @ 1500 updates
2023-05-16 18:35:33 - trainer.py[line:431] - INFO: Saving checkpoint to ./NL_50k_checkpoints/5_5e-5/checkpoint_4_1500.pt
2023-05-16 18:35:37 - trainer.py[line:441] - INFO: Finished saving checkpoint to ./NL_50k_checkpoints/5_5e-5/checkpoint_4_1500.pt
2023-05-16 18:35:39 - checkpoint_utils.py[line:133] - INFO: Saved checkpoint ./NL_50k_checkpoints/5_5e-5/checkpoint_4_1500.pt (epoch 4 @ 1500 updates, score 0.8487) (writing took 6.460325092775747 seconds)
2023-05-16 18:36:26 - progress_bar.py[line:272] - INFO: epoch 004:    338 / 391 loss=0.084, loss_v1=0, loss_v2=0, nll_loss=0.084, ntokens=256, nsentences=128, sample_size=256, sample_size_v1=0, sample_size_v2=0, ppl=1.06, wps=4.9, ups=0.02, wpb=256, bsz=128, num_updates=1510, lr=1.21055e-05, gnorm=1.627, clip=100, loss_scale=256, train_wall=46, gb_free=36.6, wall=11670
2023-05-16 18:37:12 - progress_bar.py[line:272] - INFO: epoch 004:    348 / 391 loss=0.081, loss_v1=0, loss_v2=0, nll_loss=0.081, ntokens=256, nsentences=128, sample_size=256, sample_size_v1=0, sample_size_v2=0, ppl=1.06, wps=55, ups=0.21, wpb=256, bsz=128, num_updates=1520, lr=1.18335e-05, gnorm=1.511, clip=90, loss_scale=256, train_wall=46, gb_free=36.5, wall=11717
2023-05-16 18:37:59 - progress_bar.py[line:272] - INFO: epoch 004:    358 / 391 loss=0.081, loss_v1=0, loss_v2=0, nll_loss=0.081, ntokens=256, nsentences=128, sample_size=256, sample_size_v1=0, sample_size_v2=0, ppl=1.06, wps=55, ups=0.21, wpb=256, bsz=128, num_updates=1530, lr=1.15615e-05, gnorm=1.504, clip=80, loss_scale=256, train_wall=47, gb_free=36.5, wall=11763
2023-05-16 18:38:46 - progress_bar.py[line:272] - INFO: epoch 004:    368 / 391 loss=0.083, loss_v1=0, loss_v2=0, nll_loss=0.083, ntokens=256, nsentences=128, sample_size=256, sample_size_v1=0, sample_size_v2=0, ppl=1.06, wps=54.5, ups=0.21, wpb=256, bsz=128, num_updates=1540, lr=1.12894e-05, gnorm=1.86, clip=90, loss_scale=512, train_wall=47, gb_free=36.6, wall=11810
2023-05-16 18:39:27 - progress_bar.py[line:272] - INFO: epoch 004:    378 / 391 loss=0.089, loss_v1=0, loss_v2=0, nll_loss=0.089, ntokens=256, nsentences=128, sample_size=256, sample_size_v1=0, sample_size_v2=0, ppl=1.06, wps=62.2, ups=0.24, wpb=256, bsz=128, num_updates=1550, lr=1.10174e-05, gnorm=1.791, clip=100, loss_scale=512, train_wall=41, gb_free=36.5, wall=11851
2023-05-16 18:40:07 - progress_bar.py[line:272] - INFO: epoch 004:    388 / 391 loss=0.083, loss_v1=0, loss_v2=0, nll_loss=0.083, ntokens=256, nsentences=128, sample_size=256, sample_size_v1=0, sample_size_v2=0, ppl=1.06, wps=64.4, ups=0.25, wpb=256, bsz=128, num_updates=1560, lr=1.07454e-05, gnorm=1.726, clip=90, loss_scale=512, train_wall=40, gb_free=36.5, wall=11891
slice_id 2 seek offset 8930
2023-05-16 18:40:17 - train.py[line:445] - INFO: begin validation on "valid" subset
slice_id 0 seek offset 0
slice_id 1 seek offset 4465
slice_id 3 seek offset 13394
slice_id 0 seek offset 0
slice_id 2 seek offset 8930
slice_id 1 seek offset 4465
slice_id 3 seek offset 13394
2023-05-16 18:47:01 - progress_bar.py[line:282] - INFO: epoch 004 | valid on 'valid' subset | loss 0.285 | loss_v1 0 | loss_v2 0 | nll_loss 0.285 | ntokens 31.975 | nsentences 15.987 | sample_size 31.975 | sample_size_v1 0 | sample_size_v2 0 | ppl 1.22 | snli_score 0.8477 | wps 88.4 | wpb 32 | bsz 16 | num_updates 1563 | best_snli_score 0.8491
2023-05-16 18:47:01 - checkpoint_utils.py[line:64] - INFO: Preparing to save checkpoint for epoch 4 @ 1563 updates
2023-05-16 18:47:01 - trainer.py[line:431] - INFO: Saving checkpoint to ./NL_50k_checkpoints/5_5e-5/checkpoint4.pt
local datafile ../../dataset/snli_ve_data/snlvi50k.tsv slice_id 2 begin to initialize row_count and line_idx-to-offset mapping
local datafile ../../dataset/snli_ve_data/snlvi50k.tsv slice_id 1 begin to initialize row_count and line_idx-to-offset mapping
local datafile ../../dataset/snli_ve_data/snlvi50k.tsv slice_id 3 begin to initialize row_count and line_idx-to-offset mapping
local datafile ../../dataset/snli_ve_data/snlvi50k.tsv slice_id 2 finished initializing row_count and line_idx-to-offset mapping
file ../../dataset/snli_ve_data/snlvi50k.tsv slice_id 2 row count 12500 total row count 50000
slice_id 2 seek offset 25000
local datafile ../../dataset/snli_ve_data/snlvi50k.tsv slice_id 1 finished initializing row_count and line_idx-to-offset mapping
file ../../dataset/snli_ve_data/snlvi50k.tsv slice_id 1 row count 12500 total row count 50000
slice_id 1 seek offset 12500
local datafile ../../dataset/snli_ve_data/snlvi50k.tsv slice_id 3 finished initializing row_count and line_idx-to-offset mapping
file ../../dataset/snli_ve_data/snlvi50k.tsv slice_id 3 row count 12500 total row count 50000
slice_id 3 seek offset 37500
2023-05-16 18:47:05 - trainer.py[line:441] - INFO: Finished saving checkpoint to ./NL_50k_checkpoints/5_5e-5/checkpoint4.pt
2023-05-16 18:47:07 - checkpoint_utils.py[line:133] - INFO: Saved checkpoint ./NL_50k_checkpoints/5_5e-5/checkpoint4.pt (epoch 4 @ 1563 updates, score 0.8477) (writing took 6.348624482983723 seconds)
2023-05-16 18:47:07 - train.py[line:332] - INFO: end of epoch 4 (average epoch stats below)
2023-05-16 18:47:07 - progress_bar.py[line:282] - INFO: epoch 004 | loss 0.091 | loss_v1 0 | loss_v2 0 | nll_loss 0.091 | ntokens 255.754 | nsentences 127.877 | sample_size 255.754 | sample_size_v1 0 | sample_size_v2 0 | ppl 1.07 | wps 37.3 | ups 0.15 | wpb 255.8 | bsz 127.9 | num_updates 1563 | lr 1.06638e-05 | gnorm 1.557 | clip 93.4 | loss_scale 512 | train_wall 1786 | gb_free 36.6 | wall 12312
2023-05-16 18:47:07 - trainer.py[line:639] - INFO: loading train data for epoch 5
local datafile ../../dataset/snli_ve_data/snlvi50k.tsv slice_id 0 begin to initialize row_count and line_idx-to-offset mapping
local datafile ../../dataset/snli_ve_data/snlvi50k.tsv slice_id 0 finished initializing row_count and line_idx-to-offset mapping
file ../../dataset/snli_ve_data/snlvi50k.tsv slice_id 0 row count 12500 total row count 50000
slice_id 0 seek offset 0
2023-05-16 18:47:09 - trainer.py[line:703] - INFO: begin training epoch 5
2023-05-16 18:47:09 - train.py[line:305] - INFO: Start iterating over samples
2023-05-16 18:47:43 - progress_bar.py[line:272] - INFO: epoch 005:      7 / 391 loss=0.071, loss_v1=0, loss_v2=0, nll_loss=0.071, ntokens=246.4, nsentences=123.2, sample_size=246.4, sample_size_v1=0, sample_size_v2=0, ppl=1.05, wps=5.4, ups=0.02, wpb=246.4, bsz=123.2, num_updates=1570, lr=1.04733e-05, gnorm=1.665, clip=100, loss_scale=512, train_wall=44, gb_free=36.6, wall=12347
2023-05-16 18:48:31 - progress_bar.py[line:272] - INFO: epoch 005:     17 / 391 loss=0.078, loss_v1=0, loss_v2=0, nll_loss=0.078, ntokens=256, nsentences=128, sample_size=256, sample_size_v1=0, sample_size_v2=0, ppl=1.06, wps=53.3, ups=0.21, wpb=256, bsz=128, num_updates=1580, lr=1.02013e-05, gnorm=1.537, clip=80, loss_scale=512, train_wall=48, gb_free=36.5, wall=12395
2023-05-16 18:49:19 - progress_bar.py[line:272] - INFO: epoch 005:     27 / 391 loss=0.078, loss_v1=0, loss_v2=0, nll_loss=0.078, ntokens=256, nsentences=128, sample_size=256, sample_size_v1=0, sample_size_v2=0, ppl=1.06, wps=53.2, ups=0.21, wpb=256, bsz=128, num_updates=1590, lr=9.92927e-06, gnorm=1.529, clip=90, loss_scale=512, train_wall=48, gb_free=36.6, wall=12443
2023-05-16 18:50:07 - progress_bar.py[line:272] - INFO: epoch 005:     37 / 391 loss=0.076, loss_v1=0, loss_v2=0, nll_loss=0.076, ntokens=256, nsentences=128, sample_size=256, sample_size_v1=0, sample_size_v2=0, ppl=1.05, wps=53.2, ups=0.21, wpb=256, bsz=128, num_updates=1600, lr=9.65724e-06, gnorm=1.724, clip=100, loss_scale=512, train_wall=48, gb_free=36.6, wall=12491
2023-05-16 18:50:51 - progress_bar.py[line:272] - INFO: epoch 005:     47 / 391 loss=0.082, loss_v1=0, loss_v2=0, nll_loss=0.082, ntokens=256, nsentences=128, sample_size=256, sample_size_v1=0, sample_size_v2=0, ppl=1.06, wps=57.8, ups=0.23, wpb=256, bsz=128, num_updates=1610, lr=9.3852e-06, gnorm=1.798, clip=100, loss_scale=512, train_wall=44, gb_free=36.6, wall=12536
2023-05-16 18:51:32 - progress_bar.py[line:272] - INFO: epoch 005:     57 / 391 loss=0.088, loss_v1=0, loss_v2=0, nll_loss=0.088, ntokens=256, nsentences=128, sample_size=256, sample_size_v1=0, sample_size_v2=0, ppl=1.06, wps=63.2, ups=0.25, wpb=256, bsz=128, num_updates=1620, lr=9.11317e-06, gnorm=1.509, clip=100, loss_scale=512, train_wall=40, gb_free=36.6, wall=12576
2023-05-16 18:51:52 - trainer.py[line:921] - INFO: NOTE: gradient overflow detected, ignoring gradient, setting loss scale to: 256.0
2023-05-16 18:52:17 - progress_bar.py[line:272] - INFO: epoch 005:     68 / 391 loss=0.08, loss_v1=0, loss_v2=0, nll_loss=0.08, ntokens=256, nsentences=128, sample_size=256, sample_size_v1=0, sample_size_v2=0, ppl=1.06, wps=57, ups=0.22, wpb=256, bsz=128, num_updates=1630, lr=8.84113e-06, gnorm=1.401, clip=90, loss_scale=256, train_wall=45, gb_free=36.6, wall=12621
2023-05-16 18:52:59 - progress_bar.py[line:272] - INFO: epoch 005:     78 / 391 loss=0.078, loss_v1=0, loss_v2=0, nll_loss=0.078, ntokens=256, nsentences=128, sample_size=256, sample_size_v1=0, sample_size_v2=0, ppl=1.06, wps=59.9, ups=0.23, wpb=256, bsz=128, num_updates=1640, lr=8.5691e-06, gnorm=1.46, clip=100, loss_scale=256, train_wall=43, gb_free=36.6, wall=12664
2023-05-16 18:53:46 - progress_bar.py[line:272] - INFO: epoch 005:     88 / 391 loss=0.076, loss_v1=0, loss_v2=0, nll_loss=0.076, ntokens=256, nsentences=128, sample_size=256, sample_size_v1=0, sample_size_v2=0, ppl=1.05, wps=55.5, ups=0.22, wpb=256, bsz=128, num_updates=1650, lr=8.29706e-06, gnorm=1.598, clip=90, loss_scale=256, train_wall=46, gb_free=36.6, wall=12710
2023-05-16 18:54:28 - progress_bar.py[line:272] - INFO: epoch 005:     98 / 391 loss=0.064, loss_v1=0, loss_v2=0, nll_loss=0.064, ntokens=256, nsentences=128, sample_size=256, sample_size_v1=0, sample_size_v2=0, ppl=1.05, wps=59.7, ups=0.23, wpb=256, bsz=128, num_updates=1660, lr=8.02503e-06, gnorm=1.406, clip=70, loss_scale=256, train_wall=43, gb_free=36.6, wall=12753
2023-05-16 18:55:12 - progress_bar.py[line:272] - INFO: epoch 005:    108 / 391 loss=0.066, loss_v1=0, loss_v2=0, nll_loss=0.066, ntokens=256, nsentences=128, sample_size=256, sample_size_v1=0, sample_size_v2=0, ppl=1.05, wps=58.6, ups=0.23, wpb=256, bsz=128, num_updates=1670, lr=7.75299e-06, gnorm=1.584, clip=90, loss_scale=256, train_wall=43, gb_free=36.6, wall=12797
2023-05-16 18:55:56 - progress_bar.py[line:272] - INFO: epoch 005:    118 / 391 loss=0.079, loss_v1=0, loss_v2=0, nll_loss=0.079, ntokens=256, nsentences=128, sample_size=256, sample_size_v1=0, sample_size_v2=0, ppl=1.06, wps=58.2, ups=0.23, wpb=256, bsz=128, num_updates=1680, lr=7.48096e-06, gnorm=1.713, clip=90, loss_scale=256, train_wall=44, gb_free=36.6, wall=12841
2023-05-16 18:56:39 - progress_bar.py[line:272] - INFO: epoch 005:    128 / 391 loss=0.073, loss_v1=0, loss_v2=0, nll_loss=0.073, ntokens=256, nsentences=128, sample_size=256, sample_size_v1=0, sample_size_v2=0, ppl=1.05, wps=60, ups=0.23, wpb=256, bsz=128, num_updates=1690, lr=7.20892e-06, gnorm=1.642, clip=100, loss_scale=256, train_wall=42, gb_free=36.6, wall=12883
2023-05-16 18:57:24 - progress_bar.py[line:272] - INFO: epoch 005:    138 / 391 loss=0.058, loss_v1=0, loss_v2=0, nll_loss=0.058, ntokens=256, nsentences=128, sample_size=256, sample_size_v1=0, sample_size_v2=0, ppl=1.04, wps=56.4, ups=0.22, wpb=256, bsz=128, num_updates=1700, lr=6.93689e-06, gnorm=1.385, clip=90, loss_scale=256, train_wall=45, gb_free=36.6, wall=12929
2023-05-16 18:58:10 - progress_bar.py[line:272] - INFO: epoch 005:    148 / 391 loss=0.06, loss_v1=0, loss_v2=0, nll_loss=0.06, ntokens=256, nsentences=128, sample_size=256, sample_size_v1=0, sample_size_v2=0, ppl=1.04, wps=56.5, ups=0.22, wpb=256, bsz=128, num_updates=1710, lr=6.66485e-06, gnorm=1.478, clip=90, loss_scale=256, train_wall=45, gb_free=36.5, wall=12974
2023-05-16 18:58:56 - progress_bar.py[line:272] - INFO: epoch 005:    158 / 391 loss=0.067, loss_v1=0, loss_v2=0, nll_loss=0.067, ntokens=256, nsentences=128, sample_size=256, sample_size_v1=0, sample_size_v2=0, ppl=1.05, wps=55.6, ups=0.22, wpb=256, bsz=128, num_updates=1720, lr=6.39282e-06, gnorm=1.695, clip=100, loss_scale=256, train_wall=46, gb_free=36.7, wall=13020
2023-05-16 18:59:43 - progress_bar.py[line:272] - INFO: epoch 005:    168 / 391 loss=0.062, loss_v1=0, loss_v2=0, nll_loss=0.062, ntokens=256, nsentences=128, sample_size=256, sample_size_v1=0, sample_size_v2=0, ppl=1.04, wps=53.6, ups=0.21, wpb=256, bsz=128, num_updates=1730, lr=6.12078e-06, gnorm=1.63, clip=90, loss_scale=256, train_wall=48, gb_free=36.6, wall=13068
2023-05-16 19:00:33 - trainer.py[line:921] - INFO: NOTE: gradient overflow detected, ignoring gradient, setting loss scale to: 128.0
2023-05-16 19:00:39 - progress_bar.py[line:272] - INFO: epoch 005:    179 / 391 loss=0.064, loss_v1=0, loss_v2=0, nll_loss=0.064, ntokens=256, nsentences=128, sample_size=256, sample_size_v1=0, sample_size_v2=0, ppl=1.05, wps=46.1, ups=0.18, wpb=256, bsz=128, num_updates=1740, lr=5.84875e-06, gnorm=1.671, clip=100, loss_scale=128, train_wall=55, gb_free=36.6, wall=13123
2023-05-16 19:01:28 - progress_bar.py[line:272] - INFO: epoch 005:    189 / 391 loss=0.08, loss_v1=0, loss_v2=0, nll_loss=0.08, ntokens=256, nsentences=128, sample_size=256, sample_size_v1=0, sample_size_v2=0, ppl=1.06, wps=52.2, ups=0.2, wpb=256, bsz=128, num_updates=1750, lr=5.57671e-06, gnorm=1.776, clip=100, loss_scale=128, train_wall=49, gb_free=36.5, wall=13172
2023-05-16 19:02:18 - progress_bar.py[line:272] - INFO: epoch 005:    199 / 391 loss=0.065, loss_v1=0, loss_v2=0, nll_loss=0.065, ntokens=256, nsentences=128, sample_size=256, sample_size_v1=0, sample_size_v2=0, ppl=1.05, wps=50.8, ups=0.2, wpb=256, bsz=128, num_updates=1760, lr=5.30468e-06, gnorm=1.409, clip=90, loss_scale=128, train_wall=50, gb_free=36.5, wall=13223
2023-05-16 19:03:09 - progress_bar.py[line:272] - INFO: epoch 005:    209 / 391 loss=0.065, loss_v1=0, loss_v2=0, nll_loss=0.065, ntokens=256, nsentences=128, sample_size=256, sample_size_v1=0, sample_size_v2=0, ppl=1.05, wps=50.1, ups=0.2, wpb=256, bsz=128, num_updates=1770, lr=5.03264e-06, gnorm=1.641, clip=100, loss_scale=128, train_wall=51, gb_free=36.6, wall=13274
2023-05-16 19:03:58 - progress_bar.py[line:272] - INFO: epoch 005:    219 / 391 loss=0.066, loss_v1=0, loss_v2=0, nll_loss=0.066, ntokens=256, nsentences=128, sample_size=256, sample_size_v1=0, sample_size_v2=0, ppl=1.05, wps=52.6, ups=0.21, wpb=256, bsz=128, num_updates=1780, lr=4.76061e-06, gnorm=1.79, clip=100, loss_scale=128, train_wall=49, gb_free=36.5, wall=13323
2023-05-16 19:04:47 - progress_bar.py[line:272] - INFO: epoch 005:    229 / 391 loss=0.074, loss_v1=0, loss_v2=0, nll_loss=0.074, ntokens=256, nsentences=128, sample_size=256, sample_size_v1=0, sample_size_v2=0, ppl=1.05, wps=52.1, ups=0.2, wpb=256, bsz=128, num_updates=1790, lr=4.48857e-06, gnorm=1.591, clip=100, loss_scale=128, train_wall=49, gb_free=36.6, wall=13372
2023-05-16 19:05:36 - progress_bar.py[line:272] - INFO: epoch 005:    239 / 391 loss=0.06, loss_v1=0, loss_v2=0, nll_loss=0.06, ntokens=256, nsentences=128, sample_size=256, sample_size_v1=0, sample_size_v2=0, ppl=1.04, wps=52.6, ups=0.21, wpb=256, bsz=128, num_updates=1800, lr=4.21654e-06, gnorm=1.318, clip=80, loss_scale=128, train_wall=48, gb_free=36.5, wall=13420
2023-05-16 19:06:26 - progress_bar.py[line:272] - INFO: epoch 005:    249 / 391 loss=0.071, loss_v1=0, loss_v2=0, nll_loss=0.071, ntokens=256, nsentences=128, sample_size=256, sample_size_v1=0, sample_size_v2=0, ppl=1.05, wps=51.6, ups=0.2, wpb=256, bsz=128, num_updates=1810, lr=3.9445e-06, gnorm=1.618, clip=90, loss_scale=128, train_wall=49, gb_free=36.5, wall=13470
2023-05-16 19:07:16 - progress_bar.py[line:272] - INFO: epoch 005:    259 / 391 loss=0.054, loss_v1=0, loss_v2=0, nll_loss=0.054, ntokens=256, nsentences=128, sample_size=256, sample_size_v1=0, sample_size_v2=0, ppl=1.04, wps=51, ups=0.2, wpb=256, bsz=128, num_updates=1820, lr=3.67247e-06, gnorm=1.303, clip=80, loss_scale=128, train_wall=50, gb_free=36.6, wall=13520
2023-05-16 19:08:05 - progress_bar.py[line:272] - INFO: epoch 005:    269 / 391 loss=0.086, loss_v1=0, loss_v2=0, nll_loss=0.086, ntokens=256, nsentences=128, sample_size=256, sample_size_v1=0, sample_size_v2=0, ppl=1.06, wps=51.5, ups=0.2, wpb=256, bsz=128, num_updates=1830, lr=3.40044e-06, gnorm=1.631, clip=100, loss_scale=128, train_wall=49, gb_free=36.6, wall=13570
2023-05-16 19:08:54 - progress_bar.py[line:272] - INFO: epoch 005:    279 / 391 loss=0.059, loss_v1=0, loss_v2=0, nll_loss=0.059, ntokens=256, nsentences=128, sample_size=256, sample_size_v1=0, sample_size_v2=0, ppl=1.04, wps=52.8, ups=0.21, wpb=256, bsz=128, num_updates=1840, lr=3.1284e-06, gnorm=1.798, clip=90, loss_scale=128, train_wall=48, gb_free=36.6, wall=13619
2023-05-16 19:09:43 - progress_bar.py[line:272] - INFO: epoch 005:    289 / 391 loss=0.06, loss_v1=0, loss_v2=0, nll_loss=0.06, ntokens=256, nsentences=128, sample_size=256, sample_size_v1=0, sample_size_v2=0, ppl=1.04, wps=52.5, ups=0.21, wpb=256, bsz=128, num_updates=1850, lr=2.85637e-06, gnorm=1.466, clip=90, loss_scale=128, train_wall=49, gb_free=36.7, wall=13667
2023-05-16 19:10:32 - progress_bar.py[line:272] - INFO: epoch 005:    299 / 391 loss=0.064, loss_v1=0, loss_v2=0, nll_loss=0.064, ntokens=256, nsentences=128, sample_size=256, sample_size_v1=0, sample_size_v2=0, ppl=1.05, wps=51.6, ups=0.2, wpb=256, bsz=128, num_updates=1860, lr=2.58433e-06, gnorm=1.439, clip=90, loss_scale=128, train_wall=49, gb_free=36.7, wall=13717
2023-05-16 19:11:21 - progress_bar.py[line:272] - INFO: epoch 005:    309 / 391 loss=0.068, loss_v1=0, loss_v2=0, nll_loss=0.068, ntokens=256, nsentences=128, sample_size=256, sample_size_v1=0, sample_size_v2=0, ppl=1.05, wps=52.3, ups=0.2, wpb=256, bsz=128, num_updates=1870, lr=2.3123e-06, gnorm=1.46, clip=80, loss_scale=128, train_wall=49, gb_free=36.6, wall=13766
2023-05-16 19:12:10 - progress_bar.py[line:272] - INFO: epoch 005:    319 / 391 loss=0.056, loss_v1=0, loss_v2=0, nll_loss=0.056, ntokens=256, nsentences=128, sample_size=256, sample_size_v1=0, sample_size_v2=0, ppl=1.04, wps=52.8, ups=0.21, wpb=256, bsz=128, num_updates=1880, lr=2.04026e-06, gnorm=1.549, clip=90, loss_scale=128, train_wall=48, gb_free=36.6, wall=13814
2023-05-16 19:13:01 - progress_bar.py[line:272] - INFO: epoch 005:    329 / 391 loss=0.057, loss_v1=0, loss_v2=0, nll_loss=0.057, ntokens=256, nsentences=128, sample_size=256, sample_size_v1=0, sample_size_v2=0, ppl=1.04, wps=50.4, ups=0.2, wpb=256, bsz=128, num_updates=1890, lr=1.76823e-06, gnorm=1.417, clip=90, loss_scale=128, train_wall=51, gb_free=36.6, wall=13865
2023-05-16 19:13:51 - progress_bar.py[line:272] - INFO: epoch 005:    339 / 391 loss=0.066, loss_v1=0, loss_v2=0, nll_loss=0.066, ntokens=256, nsentences=128, sample_size=256, sample_size_v1=0, sample_size_v2=0, ppl=1.05, wps=50.8, ups=0.2, wpb=256, bsz=128, num_updates=1900, lr=1.49619e-06, gnorm=1.429, clip=70, loss_scale=128, train_wall=50, gb_free=36.6, wall=13916
2023-05-16 19:14:42 - progress_bar.py[line:272] - INFO: epoch 005:    349 / 391 loss=0.071, loss_v1=0, loss_v2=0, nll_loss=0.071, ntokens=256, nsentences=128, sample_size=256, sample_size_v1=0, sample_size_v2=0, ppl=1.05, wps=49.9, ups=0.2, wpb=256, bsz=128, num_updates=1910, lr=1.22416e-06, gnorm=1.558, clip=90, loss_scale=128, train_wall=51, gb_free=36.6, wall=13967
2023-05-16 19:15:34 - progress_bar.py[line:272] - INFO: epoch 005:    359 / 391 loss=0.055, loss_v1=0, loss_v2=0, nll_loss=0.055, ntokens=256, nsentences=128, sample_size=256, sample_size_v1=0, sample_size_v2=0, ppl=1.04, wps=49.6, ups=0.19, wpb=256, bsz=128, num_updates=1920, lr=9.52122e-07, gnorm=1.539, clip=80, loss_scale=128, train_wall=51, gb_free=36.6, wall=14018
2023-05-16 19:16:25 - progress_bar.py[line:272] - INFO: epoch 005:    369 / 391 loss=0.067, loss_v1=0, loss_v2=0, nll_loss=0.067, ntokens=256, nsentences=128, sample_size=256, sample_size_v1=0, sample_size_v2=0, ppl=1.05, wps=50, ups=0.2, wpb=256, bsz=128, num_updates=1930, lr=6.80087e-07, gnorm=1.708, clip=100, loss_scale=128, train_wall=51, gb_free=36.6, wall=14070
2023-05-16 19:17:16 - progress_bar.py[line:272] - INFO: epoch 005:    379 / 391 loss=0.066, loss_v1=0, loss_v2=0, nll_loss=0.066, ntokens=256, nsentences=128, sample_size=256, sample_size_v1=0, sample_size_v2=0, ppl=1.05, wps=50.8, ups=0.2, wpb=256, bsz=128, num_updates=1940, lr=4.08052e-07, gnorm=1.488, clip=80, loss_scale=128, train_wall=50, gb_free=36.6, wall=14120
2023-05-16 19:18:06 - progress_bar.py[line:272] - INFO: epoch 005:    389 / 391 loss=0.069, loss_v1=0, loss_v2=0, nll_loss=0.069, ntokens=256, nsentences=128, sample_size=256, sample_size_v1=0, sample_size_v2=0, ppl=1.05, wps=51.3, ups=0.2, wpb=256, bsz=128, num_updates=1950, lr=1.36017e-07, gnorm=1.483, clip=90, loss_scale=128, train_wall=50, gb_free=36.6, wall=14170
slice_id 2 seek offset 8930
slice_id 1 seek offset 4465
slice_id 3 seek offset 13394
2023-05-16 19:18:14 - train.py[line:445] - INFO: begin validation on "valid" subset
slice_id 0 seek offset 0
slice_id 1 seek offset 4465
slice_id 2 seek offset 8930
slice_id 3 seek offset 13394
slice_id 0 seek offset 0
2023-05-16 19:27:21 - progress_bar.py[line:282] - INFO: epoch 005 | valid on 'valid' subset | loss 0.307 | loss_v1 0 | loss_v2 0 | nll_loss 0.307 | ntokens 31.975 | nsentences 15.987 | sample_size 31.975 | sample_size_v1 0 | sample_size_v2 0 | ppl 1.24 | snli_score 0.8475 | wps 65.2 | wpb 32 | bsz 16 | num_updates 1952 | best_snli_score 0.8491
2023-05-16 19:27:21 - checkpoint_utils.py[line:64] - INFO: Preparing to save checkpoint for epoch 5 @ 1952 updates
2023-05-16 19:27:21 - trainer.py[line:431] - INFO: Saving checkpoint to ./NL_50k_checkpoints/5_5e-5/checkpoint5.pt
local datafile ../../dataset/snli_ve_data/snlvi50k.tsv slice_id 2 begin to initialize row_count and line_idx-to-offset mapping
local datafile ../../dataset/snli_ve_data/snlvi50k.tsv slice_id 1 begin to initialize row_count and line_idx-to-offset mapping
local datafile ../../dataset/snli_ve_data/snlvi50k.tsv slice_id 3 begin to initialize row_count and line_idx-to-offset mapping
local datafile ../../dataset/snli_ve_data/snlvi50k.tsv slice_id 3 finished initializing row_count and line_idx-to-offset mapping
file ../../dataset/snli_ve_data/snlvi50k.tsv slice_id 3 row count 12500 total row count 50000
slice_id 3 seek offset 37500
local datafile ../../dataset/snli_ve_data/snlvi50k.tsv slice_id 1 finished initializing row_count and line_idx-to-offset mapping
file ../../dataset/snli_ve_data/snlvi50k.tsv slice_id 1 row count 12500 total row count 50000
slice_id 1 seek offset 12500
local datafile ../../dataset/snli_ve_data/snlvi50k.tsv slice_id 2 finished initializing row_count and line_idx-to-offset mapping
file ../../dataset/snli_ve_data/snlvi50k.tsv slice_id 2 row count 12500 total row count 50000
slice_id 2 seek offset 25000
2023-05-16 19:27:27 - trainer.py[line:441] - INFO: Finished saving checkpoint to ./NL_50k_checkpoints/5_5e-5/checkpoint5.pt
2023-05-16 19:27:31 - checkpoint_utils.py[line:133] - INFO: Saved checkpoint ./NL_50k_checkpoints/5_5e-5/checkpoint5.pt (epoch 5 @ 1952 updates, score 0.8475) (writing took 9.90706529095769 seconds)
2023-05-16 19:27:31 - train.py[line:332] - INFO: end of epoch 5 (average epoch stats below)
2023-05-16 19:27:31 - progress_bar.py[line:282] - INFO: epoch 005 | loss 0.068 | loss_v1 0 | loss_v2 0 | nll_loss 0.068 | ntokens 255.753 | nsentences 127.877 | sample_size 255.753 | sample_size_v1 0 | sample_size_v2 0 | ppl 1.05 | wps 41 | ups 0.16 | wpb 255.8 | bsz 127.9 | num_updates 1952 | lr 8.16104e-08 | gnorm 1.558 | clip 91 | loss_scale 128 | train_wall 1857 | gb_free 36.6 | wall 14736
2023-05-16 19:27:31 - trainer.py[line:639] - INFO: loading train data for epoch 6
local datafile ../../dataset/snli_ve_data/snlvi50k.tsv slice_id 0 begin to initialize row_count and line_idx-to-offset mapping
local datafile ../../dataset/snli_ve_data/snlvi50k.tsv slice_id 0 finished initializing row_count and line_idx-to-offset mapping
file ../../dataset/snli_ve_data/snlvi50k.tsv slice_id 0 row count 12500 total row count 50000
slice_id 0 seek offset 0
2023-05-16 19:27:34 - train.py[line:214] - INFO: done training in 14735.1 seconds
