/home/mogunleye/miniconda3/envs/ofa1/lib/python3.9/site-packages/torch/distributed/launch.py:178: FutureWarning: The module torch.distributed.launch is deprecated
and will be removed in future. Use torchrun.
Note that --use_env is set by default in torchrun.
If your script expects `--local_rank` argument to be set, please
change it to read from `os.environ['LOCAL_RANK']` instead. See 
https://pytorch.org/docs/stable/distributed.html#launch-utility for 
further instructions

  warnings.warn(
WARNING:torch.distributed.run:
*****************************************
Setting OMP_NUM_THREADS environment variable for each process to be 1 in default, to avoid your system being overloaded, please further tune the variable for optimal performance in your application as needed. 
*****************************************
device =  0
2023-04-02 00:47:09 - utils.py[line:255] - INFO: distributed init (rank 0): env://
2023-04-02 00:47:09 - utils.py[line:261] - INFO: Start init
device =  1
2023-04-02 00:47:09 - utils.py[line:255] - INFO: distributed init (rank 1): env://
2023-04-02 00:47:09 - utils.py[line:261] - INFO: Start init
2023-04-02 00:47:09 - distributed_c10d.py[line:228] - INFO: Added key: store_based_barrier_key:1 to store for rank: 1
2023-04-02 00:47:09 - distributed_c10d.py[line:228] - INFO: Added key: store_based_barrier_key:1 to store for rank: 0
2023-04-02 00:47:09 - distributed_c10d.py[line:262] - INFO: Rank 0: Completed store-based barrier for key:store_based_barrier_key:1 with 2 nodes.
2023-04-02 00:47:09 - utils.py[line:271] - INFO: initialized host inf077 as rank 0
single-machine distributed training is initialized.
2023-04-02 00:47:09 - distributed_c10d.py[line:262] - INFO: Rank 1: Completed store-based barrier for key:store_based_barrier_key:1 with 2 nodes.
2023-04-02 00:47:09 - utils.py[line:271] - INFO: initialized host inf077 as rank 1
single-machine distributed training is initialized.
2023-04-02 00:47:17 - train.py[line:77] - INFO: {'_name': None, 'common': {'_name': None, 'no_progress_bar': False, 'log_interval': 10, 'log_format': 'simple', 'log_file': None, 'tensorboard_logdir': None, 'wandb_project': None, 'azureml_logging': False, 'seed': 1, 'cpu': False, 'tpu': False, 'bf16': False, 'memory_efficient_bf16': False, 'fp16': True, 'memory_efficient_fp16': False, 'fp16_no_flatten_grads': False, 'fp16_init_scale': 128, 'fp16_scale_window': 512, 'fp16_scale_tolerance': 0.0, 'on_cpu_convert_precision': False, 'min_loss_scale': 0.0001, 'threshold_loss_scale': None, 'amp': False, 'amp_batch_retries': 2, 'amp_init_scale': 128, 'amp_scale_window': None, 'user_dir': '../../ofa_module', 'empty_cache_freq': 0, 'all_gather_list_size': 16384, 'model_parallel_size': 1, 'quantization_config_path': None, 'profile': False, 'reset_logging': False, 'suppress_crashes': False, 'use_plasma_view': False, 'plasma_path': '/tmp/plasma'}, 'common_eval': {'_name': None, 'path': None, 'post_process': None, 'quiet': False, 'model_overrides': '{}', 'results_path': None}, 'distributed_training': {'_name': None, 'distributed_world_size': 2, 'distributed_num_procs': 2, 'distributed_rank': 0, 'distributed_backend': 'nccl', 'distributed_init_method': 'env://', 'distributed_port': -1, 'device_id': 0, 'distributed_no_spawn': True, 'ddp_backend': 'pytorch_ddp', 'ddp_comm_hook': 'none', 'bucket_cap_mb': 25, 'fix_batches_to_gpus': False, 'find_unused_parameters': True, 'gradient_as_bucket_view': False, 'fast_stat_sync': False, 'heartbeat_timeout': -1, 'broadcast_buffers': False, 'slowmo_momentum': None, 'slowmo_algorithm': 'LocalSGD', 'localsgd_frequency': 3, 'nprocs_per_node': 2, 'pipeline_model_parallel': False, 'pipeline_balance': None, 'pipeline_devices': None, 'pipeline_chunks': 0, 'pipeline_encoder_balance': None, 'pipeline_encoder_devices': None, 'pipeline_decoder_balance': None, 'pipeline_decoder_devices': None, 'pipeline_checkpoint': 'never', 'zero_sharding': 'none', 'fp16': True, 'memory_efficient_fp16': False, 'tpu': False, 'no_reshard_after_forward': False, 'fp32_reduce_scatter': False, 'cpu_offload': False, 'use_sharded_state': False}, 'dataset': {'_name': None, 'num_workers': 0, 'skip_invalid_size_inputs_valid_test': False, 'max_tokens': None, 'batch_size': 4, 'required_batch_size_multiple': 8, 'required_seq_len_multiple': 1, 'dataset_impl': None, 'data_buffer_size': 10, 'train_subset': 'train', 'valid_subset': 'valid', 'combine_valid_subsets': None, 'ignore_unused_valid_subsets': False, 'validate_interval': 1, 'validate_interval_updates': 500, 'validate_after_updates': 0, 'fixed_validation_seed': 7, 'disable_validation': False, 'max_tokens_valid': None, 'batch_size_valid': 4, 'max_valid_steps': None, 'curriculum': 0, 'gen_subset': 'test', 'num_shards': 1, 'shard_id': 0}, 'optimization': {'_name': None, 'max_epoch': 10, 'max_update': 0, 'stop_time_hours': 0.0, 'clip_norm': 1.0, 'sentence_avg': False, 'update_freq': [8], 'lr': [5e-05], 'stop_min_lr': -1.0, 'use_bmuf': False}, 'checkpoint': {'_name': None, 'save_dir': './refcocoplus_scratch_checkpoints/10_5e-5_512', 'restore_file': '../../model_checkpoints/ofa_base.pt', 'finetune_from_model': None, 'reset_dataloader': True, 'reset_lr_scheduler': False, 'reset_meters': True, 'reset_optimizer': True, 'optimizer_overrides': '{}', 'save_interval': 1, 'save_interval_updates': 500, 'keep_interval_updates': -1, 'keep_interval_updates_pattern': -1, 'keep_last_epochs': -1, 'keep_best_checkpoints': 1, 'no_save': False, 'no_epoch_checkpoints': True, 'no_last_checkpoints': False, 'no_save_optimizer_state': False, 'best_checkpoint_metric': 'score', 'maximize_best_checkpoint_metric': True, 'patience': -1, 'checkpoint_suffix': '', 'checkpoint_shard_count': 1, 'load_checkpoint_on_all_dp_ranks': False, 'write_checkpoints_asynchronously': False, 'model_parallel_size': 1, 'use_ema_weights_to_init_param': False, 'use_latest_weights_to_init_ema': False}, 'bmuf': {'_name': None, 'block_lr': 1.0, 'block_momentum': 0.875, 'global_sync_iter': 50, 'warmup_iterations': 500, 'use_nbm': False, 'average_sync': False, 'distributed_world_size': 2}, 'generation': {'_name': None, 'beam': 5, 'nbest': 1, 'max_len_a': 0.0, 'max_len_b': 200, 'min_len': 1, 'match_source_len': False, 'unnormalized': False, 'no_early_stop': False, 'no_beamable_mm': False, 'lenpen': 1.0, 'unkpen': 0.0, 'replace_unk': None, 'sacrebleu': False, 'score_reference': False, 'prefix_size': 0, 'no_repeat_ngram_size': 0, 'sampling': False, 'sampling_topk': -1, 'sampling_topp': -1.0, 'constraints': None, 'temperature': 1.0, 'diverse_beam_groups': -1, 'diverse_beam_strength': 0.5, 'diversity_rate': -1.0, 'print_alignment': None, 'print_step': False, 'lm_path': None, 'lm_weight': 0.0, 'iter_decode_eos_penalty': 0.0, 'iter_decode_max_iter': 10, 'iter_decode_force_max_iter': False, 'iter_decode_with_beam': 1, 'iter_decode_with_external_reranker': False, 'retain_iter_history': False, 'retain_dropout': False, 'retain_dropout_modules': None, 'decoding_format': None, 'no_seed_provided': False}, 'eval_lm': {'_name': None, 'output_word_probs': False, 'output_word_stats': False, 'context_window': 0, 'softmax_batch': 9223372036854775807}, 'interactive': {'_name': None, 'buffer_size': 0, 'input': '-'}, 'model': Namespace(no_progress_bar=False, log_interval=10, log_format='simple', log_file=None, tensorboard_logdir=None, wandb_project=None, azureml_logging=False, seed=1, cpu=False, tpu=False, bf16=False, memory_efficient_bf16=False, fp16=True, memory_efficient_fp16=False, fp16_no_flatten_grads=False, fp16_init_scale=128, fp16_scale_window=512, fp16_scale_tolerance=0.0, on_cpu_convert_precision=False, min_loss_scale=0.0001, threshold_loss_scale=None, amp=False, amp_batch_retries=2, amp_init_scale=128, amp_scale_window=None, user_dir='../../ofa_module', empty_cache_freq=0, all_gather_list_size=16384, model_parallel_size=1, quantization_config_path=None, profile=False, reset_logging=False, suppress_crashes=False, use_plasma_view=False, plasma_path='/tmp/plasma', criterion='adjust_label_smoothed_cross_entropy', tokenizer=None, bpe=None, optimizer='adam', lr_scheduler='polynomial_decay', simul_type=None, scoring='bleu', task='refcoco', num_workers=0, skip_invalid_size_inputs_valid_test=False, max_tokens=None, batch_size=4, required_batch_size_multiple=8, required_seq_len_multiple=1, dataset_impl=None, data_buffer_size=10, train_subset='train', valid_subset='valid', combine_valid_subsets=None, ignore_unused_valid_subsets=False, validate_interval=1, validate_interval_updates=500, validate_after_updates=0, fixed_validation_seed=7, disable_validation=False, max_tokens_valid=None, batch_size_valid=4, max_valid_steps=None, curriculum=0, gen_subset='test', num_shards=1, shard_id=0, distributed_world_size=2, distributed_num_procs=2, distributed_rank=0, distributed_backend='nccl', distributed_init_method=None, distributed_port=-1, device_id=0, distributed_no_spawn=False, ddp_backend='pytorch_ddp', ddp_comm_hook='none', bucket_cap_mb=25, fix_batches_to_gpus=False, find_unused_parameters=True, gradient_as_bucket_view=False, fast_stat_sync=False, heartbeat_timeout=-1, broadcast_buffers=False, slowmo_momentum=None, slowmo_algorithm='LocalSGD', localsgd_frequency=3, nprocs_per_node=2, pipeline_model_parallel=False, pipeline_balance=None, pipeline_devices=None, pipeline_chunks=0, pipeline_encoder_balance=None, pipeline_encoder_devices=None, pipeline_decoder_balance=None, pipeline_decoder_devices=None, pipeline_checkpoint='never', zero_sharding='none', no_reshard_after_forward=False, fp32_reduce_scatter=False, cpu_offload=False, use_sharded_state=False, arch='ofa_base', max_epoch=10, max_update=0, stop_time_hours=0, clip_norm=1.0, sentence_avg=False, update_freq=[8], lr=[5e-05], stop_min_lr=-1.0, use_bmuf=False, save_dir='./refcocoplus_scratch_checkpoints/10_5e-5_512', restore_file='../../model_checkpoints/ofa_base.pt', finetune_from_model=None, reset_dataloader=True, reset_lr_scheduler=False, reset_meters=True, reset_optimizer=True, optimizer_overrides='{}', save_interval=1, save_interval_updates=500, keep_interval_updates=-1, keep_interval_updates_pattern=-1, keep_last_epochs=-1, keep_best_checkpoints=1, no_save=False, no_epoch_checkpoints=True, no_last_checkpoints=False, no_save_optimizer_state=False, best_checkpoint_metric='score', maximize_best_checkpoint_metric=True, patience=-1, checkpoint_suffix='', checkpoint_shard_count=1, load_checkpoint_on_all_dp_ranks=False, write_checkpoints_asynchronously=False, use_ema_weights_to_init_param=False, use_latest_weights_to_init_ema=False, store_ema=False, ema_decay=0.9999, ema_start_update=0, ema_seed_model=None, ema_update_freq=1, ema_fp32=False, bitfit=False, no_token_positional_embeddings=False, no_cross_attention=False, cross_self_attention=False, encoder_layerdrop=0, decoder_layerdrop=0, encoder_layers_to_keep=None, decoder_layers_to_keep=None, quant_noise_pq=0, quant_noise_pq_block_size=8, quant_noise_scalar=0, min_params_to_wrap=100000000, data='../../dataset/refcocoplus_data/refcocoplus_train.tsv,../../dataset/refcocoplus_data/refcocoplus_val.tsv', selected_cols='0,4,2,3', bpe_dir='../../utils/BPE', max_source_positions=1024, max_target_positions=1024, max_src_length=80, max_tgt_length=20, code_dict_size=8192, patch_image_size=512, orig_patch_image_size=256, num_bins=1000, imagenet_default_mean_and_std=False, constraint_range=None, eval_acc=True, eval_args='{"beam":5,"min_len":4,"max_len_a":0,"max_len_b":4}', eval_print_samples=False, max_image_size=512, scst=False, scst_args='{}', label_smoothing=0.1, report_accuracy=False, ignore_prefix_size=0, ignore_eos=False, drop_worst_ratio=0.0, drop_worst_after=0, use_rdrop=False, reg_alpha=1.0, sample_patch_num=196, adam_betas='(0.9,0.999)', adam_eps=1e-08, weight_decay=0.01, use_old_adam=False, fp16_adam_stats=False, warmup_updates=0, warmup_ratio=0.06, force_anneal=None, end_learning_rate=0.0, power=1.0, total_num_update=1000000, pad=1, eos=2, unk=3, encoder_normalize_before=True, decoder_normalize_before=True, share_decoder_input_output_embed=True, share_all_embeddings=True, layernorm_embedding=True, patch_layernorm_embedding=True, code_layernorm_embedding=True, resnet_drop_path_rate=0.0, encoder_drop_path_rate=0.1, decoder_drop_path_rate=0.1, dropout=0.1, attention_dropout=0.0, add_type_embedding=True, scale_attn=True, scale_fc=True, scale_heads=True, disable_entangle=True, no_seed_provided=False, encoder_embed_dim=768, encoder_ffn_embed_dim=3072, encoder_layers=6, encoder_attention_heads=12, decoder_layers=6, decoder_attention_heads=12, resnet_type='resnet101', encoder_embed_path=None, encoder_learned_pos=True, decoder_embed_path=None, decoder_embed_dim=768, decoder_ffn_embed_dim=3072, decoder_learned_pos=True, relu_dropout=0.0, adaptive_softmax_cutoff=None, adaptive_softmax_dropout=0, decoder_output_dim=768, decoder_input_dim=768, no_scale_embedding=True, activation_fn='gelu', pooler_activation_fn='tanh', pooler_dropout=0.0, pooler_classifier='mlp', token_bucket_size=256, image_bucket_size=42, freeze_encoder_embedding=False, freeze_decoder_embedding=False, attn_scale_factor=2, code_image_size=128, entangle_position_embedding=False, sync_bn=False, scale_resids=False, _name='ofa_base'), 'task': {'_name': 'refcoco', 'data': '../../dataset/refcocoplus_data/refcocoplus_train.tsv,../../dataset/refcocoplus_data/refcocoplus_val.tsv', 'selected_cols': '0,4,2,3', 'bpe': None, 'bpe_dir': '../../utils/BPE', 'max_source_positions': 1024, 'max_target_positions': 1024, 'max_src_length': 80, 'max_tgt_length': 20, 'code_dict_size': 8192, 'patch_image_size': 512, 'orig_patch_image_size': 256, 'num_bins': 1000, 'imagenet_default_mean_and_std': False, 'constraint_range': None, 'eval_acc': True, 'eval_args': '{"beam":5,"min_len":4,"max_len_a":0,"max_len_b":4}', 'eval_print_samples': False, 'max_image_size': 512, 'scst': False, 'scst_args': '{}'}, 'criterion': {'_name': 'adjust_label_smoothed_cross_entropy', 'label_smoothing': 0.1, 'report_accuracy': False, 'ignore_prefix_size': 0, 'ignore_eos': False, 'sentence_avg': False, 'drop_worst_ratio': 0.0, 'drop_worst_after': 0, 'use_rdrop': False, 'reg_alpha': 1.0, 'sample_patch_num': 196, 'constraint_range': None}, 'optimizer': {'_name': 'adam', 'adam_betas': '(0.9,0.999)', 'adam_eps': 1e-08, 'weight_decay': 0.01, 'use_old_adam': False, 'fp16_adam_stats': False, 'tpu': False, 'lr': [5e-05]}, 'lr_scheduler': {'_name': 'polynomial_decay', 'warmup_updates': 0, 'warmup_ratio': 0.06, 'force_anneal': None, 'end_learning_rate': 0.0, 'power': 1.0, 'total_num_update': 1000000.0, 'lr': [5e-05]}, 'scoring': {'_name': 'bleu', 'pad': 1, 'eos': 2, 'unk': 3}, 'bpe': None, 'tokenizer': None, 'ema': {'_name': None, 'store_ema': False, 'ema_decay': 0.9999, 'ema_start_update': 0, 'ema_seed_model': None, 'ema_update_freq': 1, 'ema_fp32': False}, 'simul_type': None}
2023-04-02 00:47:17 - ofa_task.py[line:109] - INFO: source dictionary: 59457 types
2023-04-02 00:47:17 - ofa_task.py[line:110] - INFO: target dictionary: 59457 types
/home/mogunleye/miniconda3/envs/ofa1/lib/python3.9/site-packages/torch/functional.py:568: UserWarning: torch.meshgrid: in an upcoming release, it will be required to pass the indexing argument. (Triggered internally at  /opt/conda/conda-bld/pytorch_1646756402876/work/aten/src/ATen/native/TensorShape.cpp:2228.)
  return _VF.meshgrid(tensors, **kwargs)  # type: ignore[attr-defined]
/home/mogunleye/miniconda3/envs/ofa1/lib/python3.9/site-packages/torch/functional.py:568: UserWarning: torch.meshgrid: in an upcoming release, it will be required to pass the indexing argument. (Triggered internally at  /opt/conda/conda-bld/pytorch_1646756402876/work/aten/src/ATen/native/TensorShape.cpp:2228.)
  return _VF.meshgrid(tensors, **kwargs)  # type: ignore[attr-defined]
2023-04-02 00:47:24 - train.py[line:110] - INFO: OFAModel(
  (encoder): TransformerEncoder(
    (encoder_dropout): Dropout(p=0.2, inplace=False)
    (dropout_module): FairseqDropout()
    (embed_tokens): Embedding(59457, 768, padding_idx=1)
    (layernorm_embedding): LayerNorm((768,), eps=1e-05, elementwise_affine=True)
    (type_embedding): Embedding(2, 768)
    (embed_images): ResNet(
      (conv1): Conv2d(3, 64, kernel_size=(7, 7), stride=(2, 2), padding=(3, 3), bias=False)
      (bn1): BatchNorm2d(64, eps=1e-05, momentum=0.1, affine=True, track_running_stats=True)
      (relu): ReLU(inplace=True)
      (maxpool): MaxPool2d(kernel_size=3, stride=2, padding=1, dilation=1, ceil_mode=False)
      (layer1): Sequential(
        (0): Bottleneck(
          (conv1): Conv2d(64, 64, kernel_size=(1, 1), stride=(1, 1), bias=False)
          (bn1): BatchNorm2d(64, eps=1e-05, momentum=0.1, affine=True, track_running_stats=True)
          (conv2): Conv2d(64, 64, kernel_size=(3, 3), stride=(1, 1), padding=(1, 1), bias=False)
          (bn2): BatchNorm2d(64, eps=1e-05, momentum=0.1, affine=True, track_running_stats=True)
          (conv3): Conv2d(64, 256, kernel_size=(1, 1), stride=(1, 1), bias=False)
          (bn3): BatchNorm2d(256, eps=1e-05, momentum=0.1, affine=True, track_running_stats=True)
          (relu): ReLU(inplace=True)
          (downsample): Sequential(
            (0): Conv2d(64, 256, kernel_size=(1, 1), stride=(1, 1), bias=False)
            (1): BatchNorm2d(256, eps=1e-05, momentum=0.1, affine=True, track_running_stats=True)
          )
          (drop_path): Identity()
        )
        (1): Bottleneck(
          (conv1): Conv2d(256, 64, kernel_size=(1, 1), stride=(1, 1), bias=False)
          (bn1): BatchNorm2d(64, eps=1e-05, momentum=0.1, affine=True, track_running_stats=True)
          (conv2): Conv2d(64, 64, kernel_size=(3, 3), stride=(1, 1), padding=(1, 1), bias=False)
          (bn2): BatchNorm2d(64, eps=1e-05, momentum=0.1, affine=True, track_running_stats=True)
          (conv3): Conv2d(64, 256, kernel_size=(1, 1), stride=(1, 1), bias=False)
          (bn3): BatchNorm2d(256, eps=1e-05, momentum=0.1, affine=True, track_running_stats=True)
          (relu): ReLU(inplace=True)
          (drop_path): Identity()
        )
        (2): Bottleneck(
          (conv1): Conv2d(256, 64, kernel_size=(1, 1), stride=(1, 1), bias=False)
          (bn1): BatchNorm2d(64, eps=1e-05, momentum=0.1, affine=True, track_running_stats=True)
          (conv2): Conv2d(64, 64, kernel_size=(3, 3), stride=(1, 1), padding=(1, 1), bias=False)
          (bn2): BatchNorm2d(64, eps=1e-05, momentum=0.1, affine=True, track_running_stats=True)
          (conv3): Conv2d(64, 256, kernel_size=(1, 1), stride=(1, 1), bias=False)
          (bn3): BatchNorm2d(256, eps=1e-05, momentum=0.1, affine=True, track_running_stats=True)
          (relu): ReLU(inplace=True)
          (drop_path): Identity()
        )
      )
      (layer2): Sequential(
        (0): Bottleneck(
          (conv1): Conv2d(256, 128, kernel_size=(1, 1), stride=(1, 1), bias=False)
          (bn1): BatchNorm2d(128, eps=1e-05, momentum=0.1, affine=True, track_running_stats=True)
          (conv2): Conv2d(128, 128, kernel_size=(3, 3), stride=(2, 2), padding=(1, 1), bias=False)
          (bn2): BatchNorm2d(128, eps=1e-05, momentum=0.1, affine=True, track_running_stats=True)
          (conv3): Conv2d(128, 512, kernel_size=(1, 1), stride=(1, 1), bias=False)
          (bn3): BatchNorm2d(512, eps=1e-05, momentum=0.1, affine=True, track_running_stats=True)
          (relu): ReLU(inplace=True)
          (downsample): Sequential(
            (0): Conv2d(256, 512, kernel_size=(1, 1), stride=(2, 2), bias=False)
            (1): BatchNorm2d(512, eps=1e-05, momentum=0.1, affine=True, track_running_stats=True)
          )
          (drop_path): Identity()
        )
        (1): Bottleneck(
          (conv1): Conv2d(512, 128, kernel_size=(1, 1), stride=(1, 1), bias=False)
          (bn1): BatchNorm2d(128, eps=1e-05, momentum=0.1, affine=True, track_running_stats=True)
          (conv2): Conv2d(128, 128, kernel_size=(3, 3), stride=(1, 1), padding=(1, 1), bias=False)
          (bn2): BatchNorm2d(128, eps=1e-05, momentum=0.1, affine=True, track_running_stats=True)
          (conv3): Conv2d(128, 512, kernel_size=(1, 1), stride=(1, 1), bias=False)
          (bn3): BatchNorm2d(512, eps=1e-05, momentum=0.1, affine=True, track_running_stats=True)
          (relu): ReLU(inplace=True)
          (drop_path): Identity()
        )
        (2): Bottleneck(
          (conv1): Conv2d(512, 128, kernel_size=(1, 1), stride=(1, 1), bias=False)
          (bn1): BatchNorm2d(128, eps=1e-05, momentum=0.1, affine=True, track_running_stats=True)
          (conv2): Conv2d(128, 128, kernel_size=(3, 3), stride=(1, 1), padding=(1, 1), bias=False)
          (bn2): BatchNorm2d(128, eps=1e-05, momentum=0.1, affine=True, track_running_stats=True)
          (conv3): Conv2d(128, 512, kernel_size=(1, 1), stride=(1, 1), bias=False)
          (bn3): BatchNorm2d(512, eps=1e-05, momentum=0.1, affine=True, track_running_stats=True)
          (relu): ReLU(inplace=True)
          (drop_path): Identity()
        )
        (3): Bottleneck(
          (conv1): Conv2d(512, 128, kernel_size=(1, 1), stride=(1, 1), bias=False)
          (bn1): BatchNorm2d(128, eps=1e-05, momentum=0.1, affine=True, track_running_stats=True)
          (conv2): Conv2d(128, 128, kernel_size=(3, 3), stride=(1, 1), padding=(1, 1), bias=False)
          (bn2): BatchNorm2d(128, eps=1e-05, momentum=0.1, affine=True, track_running_stats=True)
          (conv3): Conv2d(128, 512, kernel_size=(1, 1), stride=(1, 1), bias=False)
          (bn3): BatchNorm2d(512, eps=1e-05, momentum=0.1, affine=True, track_running_stats=True)
          (relu): ReLU(inplace=True)
          (drop_path): Identity()
        )
      )
      (layer3): Sequential(
        (0): Bottleneck(
          (conv1): Conv2d(512, 256, kernel_size=(1, 1), stride=(1, 1), bias=False)
          (bn1): BatchNorm2d(256, eps=1e-05, momentum=0.1, affine=True, track_running_stats=True)
          (conv2): Conv2d(256, 256, kernel_size=(3, 3), stride=(2, 2), padding=(1, 1), bias=False)
          (bn2): BatchNorm2d(256, eps=1e-05, momentum=0.1, affine=True, track_running_stats=True)
          (conv3): Conv2d(256, 1024, kernel_size=(1, 1), stride=(1, 1), bias=False)
          (bn3): BatchNorm2d(1024, eps=1e-05, momentum=0.1, affine=True, track_running_stats=True)
          (relu): ReLU(inplace=True)
          (downsample): Sequential(
            (0): Conv2d(512, 1024, kernel_size=(1, 1), stride=(2, 2), bias=False)
            (1): BatchNorm2d(1024, eps=1e-05, momentum=0.1, affine=True, track_running_stats=True)
          )
          (drop_path): Identity()
        )
        (1): Bottleneck(
          (conv1): Conv2d(1024, 256, kernel_size=(1, 1), stride=(1, 1), bias=False)
          (bn1): BatchNorm2d(256, eps=1e-05, momentum=0.1, affine=True, track_running_stats=True)
          (conv2): Conv2d(256, 256, kernel_size=(3, 3), stride=(1, 1), padding=(1, 1), bias=False)
          (bn2): BatchNorm2d(256, eps=1e-05, momentum=0.1, affine=True, track_running_stats=True)
          (conv3): Conv2d(256, 1024, kernel_size=(1, 1), stride=(1, 1), bias=False)
          (bn3): BatchNorm2d(1024, eps=1e-05, momentum=0.1, affine=True, track_running_stats=True)
          (relu): ReLU(inplace=True)
          (drop_path): Identity()
        )
        (2): Bottleneck(
          (conv1): Conv2d(1024, 256, kernel_size=(1, 1), stride=(1, 1), bias=False)
          (bn1): BatchNorm2d(256, eps=1e-05, momentum=0.1, affine=True, track_running_stats=True)
          (conv2): Conv2d(256, 256, kernel_size=(3, 3), stride=(1, 1), padding=(1, 1), bias=False)
          (bn2): BatchNorm2d(256, eps=1e-05, momentum=0.1, affine=True, track_running_stats=True)
          (conv3): Conv2d(256, 1024, kernel_size=(1, 1), stride=(1, 1), bias=False)
          (bn3): BatchNorm2d(1024, eps=1e-05, momentum=0.1, affine=True, track_running_stats=True)
          (relu): ReLU(inplace=True)
          (drop_path): Identity()
        )
        (3): Bottleneck(
          (conv1): Conv2d(1024, 256, kernel_size=(1, 1), stride=(1, 1), bias=False)
          (bn1): BatchNorm2d(256, eps=1e-05, momentum=0.1, affine=True, track_running_stats=True)
          (conv2): Conv2d(256, 256, kernel_size=(3, 3), stride=(1, 1), padding=(1, 1), bias=False)
          (bn2): BatchNorm2d(256, eps=1e-05, momentum=0.1, affine=True, track_running_stats=True)
          (conv3): Conv2d(256, 1024, kernel_size=(1, 1), stride=(1, 1), bias=False)
          (bn3): BatchNorm2d(1024, eps=1e-05, momentum=0.1, affine=True, track_running_stats=True)
          (relu): ReLU(inplace=True)
          (drop_path): Identity()
        )
        (4): Bottleneck(
          (conv1): Conv2d(1024, 256, kernel_size=(1, 1), stride=(1, 1), bias=False)
          (bn1): BatchNorm2d(256, eps=1e-05, momentum=0.1, affine=True, track_running_stats=True)
          (conv2): Conv2d(256, 256, kernel_size=(3, 3), stride=(1, 1), padding=(1, 1), bias=False)
          (bn2): BatchNorm2d(256, eps=1e-05, momentum=0.1, affine=True, track_running_stats=True)
          (conv3): Conv2d(256, 1024, kernel_size=(1, 1), stride=(1, 1), bias=False)
          (bn3): BatchNorm2d(1024, eps=1e-05, momentum=0.1, affine=True, track_running_stats=True)
          (relu): ReLU(inplace=True)
          (drop_path): Identity()
        )
        (5): Bottleneck(
          (conv1): Conv2d(1024, 256, kernel_size=(1, 1), stride=(1, 1), bias=False)
          (bn1): BatchNorm2d(256, eps=1e-05, momentum=0.1, affine=True, track_running_stats=True)
          (conv2): Conv2d(256, 256, kernel_size=(3, 3), stride=(1, 1), padding=(1, 1), bias=False)
          (bn2): BatchNorm2d(256, eps=1e-05, momentum=0.1, affine=True, track_running_stats=True)
          (conv3): Conv2d(256, 1024, kernel_size=(1, 1), stride=(1, 1), bias=False)
          (bn3): BatchNorm2d(1024, eps=1e-05, momentum=0.1, affine=True, track_running_stats=True)
          (relu): ReLU(inplace=True)
          (drop_path): Identity()
        )
        (6): Bottleneck(
          (conv1): Conv2d(1024, 256, kernel_size=(1, 1), stride=(1, 1), bias=False)
          (bn1): BatchNorm2d(256, eps=1e-05, momentum=0.1, affine=True, track_running_stats=True)
          (conv2): Conv2d(256, 256, kernel_size=(3, 3), stride=(1, 1), padding=(1, 1), bias=False)
          (bn2): BatchNorm2d(256, eps=1e-05, momentum=0.1, affine=True, track_running_stats=True)
          (conv3): Conv2d(256, 1024, kernel_size=(1, 1), stride=(1, 1), bias=False)
          (bn3): BatchNorm2d(1024, eps=1e-05, momentum=0.1, affine=True, track_running_stats=True)
          (relu): ReLU(inplace=True)
          (drop_path): Identity()
        )
        (7): Bottleneck(
          (conv1): Conv2d(1024, 256, kernel_size=(1, 1), stride=(1, 1), bias=False)
          (bn1): BatchNorm2d(256, eps=1e-05, momentum=0.1, affine=True, track_running_stats=True)
          (conv2): Conv2d(256, 256, kernel_size=(3, 3), stride=(1, 1), padding=(1, 1), bias=False)
          (bn2): BatchNorm2d(256, eps=1e-05, momentum=0.1, affine=True, track_running_stats=True)
          (conv3): Conv2d(256, 1024, kernel_size=(1, 1), stride=(1, 1), bias=False)
          (bn3): BatchNorm2d(1024, eps=1e-05, momentum=0.1, affine=True, track_running_stats=True)
          (relu): ReLU(inplace=True)
          (drop_path): Identity()
        )
        (8): Bottleneck(
          (conv1): Conv2d(1024, 256, kernel_size=(1, 1), stride=(1, 1), bias=False)
          (bn1): BatchNorm2d(256, eps=1e-05, momentum=0.1, affine=True, track_running_stats=True)
          (conv2): Conv2d(256, 256, kernel_size=(3, 3), stride=(1, 1), padding=(1, 1), bias=False)
          (bn2): BatchNorm2d(256, eps=1e-05, momentum=0.1, affine=True, track_running_stats=True)
          (conv3): Conv2d(256, 1024, kernel_size=(1, 1), stride=(1, 1), bias=False)
          (bn3): BatchNorm2d(1024, eps=1e-05, momentum=0.1, affine=True, track_running_stats=True)
          (relu): ReLU(inplace=True)
          (drop_path): Identity()
        )
        (9): Bottleneck(
          (conv1): Conv2d(1024, 256, kernel_size=(1, 1), stride=(1, 1), bias=False)
          (bn1): BatchNorm2d(256, eps=1e-05, momentum=0.1, affine=True, track_running_stats=True)
          (conv2): Conv2d(256, 256, kernel_size=(3, 3), stride=(1, 1), padding=(1, 1), bias=False)
          (bn2): BatchNorm2d(256, eps=1e-05, momentum=0.1, affine=True, track_running_stats=True)
          (conv3): Conv2d(256, 1024, kernel_size=(1, 1), stride=(1, 1), bias=False)
          (bn3): BatchNorm2d(1024, eps=1e-05, momentum=0.1, affine=True, track_running_stats=True)
          (relu): ReLU(inplace=True)
          (drop_path): Identity()
        )
        (10): Bottleneck(
          (conv1): Conv2d(1024, 256, kernel_size=(1, 1), stride=(1, 1), bias=False)
          (bn1): BatchNorm2d(256, eps=1e-05, momentum=0.1, affine=True, track_running_stats=True)
          (conv2): Conv2d(256, 256, kernel_size=(3, 3), stride=(1, 1), padding=(1, 1), bias=False)
          (bn2): BatchNorm2d(256, eps=1e-05, momentum=0.1, affine=True, track_running_stats=True)
          (conv3): Conv2d(256, 1024, kernel_size=(1, 1), stride=(1, 1), bias=False)
          (bn3): BatchNorm2d(1024, eps=1e-05, momentum=0.1, affine=True, track_running_stats=True)
          (relu): ReLU(inplace=True)
          (drop_path): Identity()
        )
        (11): Bottleneck(
          (conv1): Conv2d(1024, 256, kernel_size=(1, 1), stride=(1, 1), bias=False)
          (bn1): BatchNorm2d(256, eps=1e-05, momentum=0.1, affine=True, track_running_stats=True)
          (conv2): Conv2d(256, 256, kernel_size=(3, 3), stride=(1, 1), padding=(1, 1), bias=False)
          (bn2): BatchNorm2d(256, eps=1e-05, momentum=0.1, affine=True, track_running_stats=True)
          (conv3): Conv2d(256, 1024, kernel_size=(1, 1), stride=(1, 1), bias=False)
          (bn3): BatchNorm2d(1024, eps=1e-05, momentum=0.1, affine=True, track_running_stats=True)
          (relu): ReLU(inplace=True)
          (drop_path): Identity()
        )
        (12): Bottleneck(
          (conv1): Conv2d(1024, 256, kernel_size=(1, 1), stride=(1, 1), bias=False)
          (bn1): BatchNorm2d(256, eps=1e-05, momentum=0.1, affine=True, track_running_stats=True)
          (conv2): Conv2d(256, 256, kernel_size=(3, 3), stride=(1, 1), padding=(1, 1), bias=False)
          (bn2): BatchNorm2d(256, eps=1e-05, momentum=0.1, affine=True, track_running_stats=True)
          (conv3): Conv2d(256, 1024, kernel_size=(1, 1), stride=(1, 1), bias=False)
          (bn3): BatchNorm2d(1024, eps=1e-05, momentum=0.1, affine=True, track_running_stats=True)
          (relu): ReLU(inplace=True)
          (drop_path): Identity()
        )
        (13): Bottleneck(
          (conv1): Conv2d(1024, 256, kernel_size=(1, 1), stride=(1, 1), bias=False)
          (bn1): BatchNorm2d(256, eps=1e-05, momentum=0.1, affine=True, track_running_stats=True)
          (conv2): Conv2d(256, 256, kernel_size=(3, 3), stride=(1, 1), padding=(1, 1), bias=False)
          (bn2): BatchNorm2d(256, eps=1e-05, momentum=0.1, affine=True, track_running_stats=True)
          (conv3): Conv2d(256, 1024, kernel_size=(1, 1), stride=(1, 1), bias=False)
          (bn3): BatchNorm2d(1024, eps=1e-05, momentum=0.1, affine=True, track_running_stats=True)
          (relu): ReLU(inplace=True)
          (drop_path): Identity()
        )
        (14): Bottleneck(
          (conv1): Conv2d(1024, 256, kernel_size=(1, 1), stride=(1, 1), bias=False)
          (bn1): BatchNorm2d(256, eps=1e-05, momentum=0.1, affine=True, track_running_stats=True)
          (conv2): Conv2d(256, 256, kernel_size=(3, 3), stride=(1, 1), padding=(1, 1), bias=False)
          (bn2): BatchNorm2d(256, eps=1e-05, momentum=0.1, affine=True, track_running_stats=True)
          (conv3): Conv2d(256, 1024, kernel_size=(1, 1), stride=(1, 1), bias=False)
          (bn3): BatchNorm2d(1024, eps=1e-05, momentum=0.1, affine=True, track_running_stats=True)
          (relu): ReLU(inplace=True)
          (drop_path): Identity()
        )
        (15): Bottleneck(
          (conv1): Conv2d(1024, 256, kernel_size=(1, 1), stride=(1, 1), bias=False)
          (bn1): BatchNorm2d(256, eps=1e-05, momentum=0.1, affine=True, track_running_stats=True)
          (conv2): Conv2d(256, 256, kernel_size=(3, 3), stride=(1, 1), padding=(1, 1), bias=False)
          (bn2): BatchNorm2d(256, eps=1e-05, momentum=0.1, affine=True, track_running_stats=True)
          (conv3): Conv2d(256, 1024, kernel_size=(1, 1), stride=(1, 1), bias=False)
          (bn3): BatchNorm2d(1024, eps=1e-05, momentum=0.1, affine=True, track_running_stats=True)
          (relu): ReLU(inplace=True)
          (drop_path): Identity()
        )
        (16): Bottleneck(
          (conv1): Conv2d(1024, 256, kernel_size=(1, 1), stride=(1, 1), bias=False)
          (bn1): BatchNorm2d(256, eps=1e-05, momentum=0.1, affine=True, track_running_stats=True)
          (conv2): Conv2d(256, 256, kernel_size=(3, 3), stride=(1, 1), padding=(1, 1), bias=False)
          (bn2): BatchNorm2d(256, eps=1e-05, momentum=0.1, affine=True, track_running_stats=True)
          (conv3): Conv2d(256, 1024, kernel_size=(1, 1), stride=(1, 1), bias=False)
          (bn3): BatchNorm2d(1024, eps=1e-05, momentum=0.1, affine=True, track_running_stats=True)
          (relu): ReLU(inplace=True)
          (drop_path): Identity()
        )
        (17): Bottleneck(
          (conv1): Conv2d(1024, 256, kernel_size=(1, 1), stride=(1, 1), bias=False)
          (bn1): BatchNorm2d(256, eps=1e-05, momentum=0.1, affine=True, track_running_stats=True)
          (conv2): Conv2d(256, 256, kernel_size=(3, 3), stride=(1, 1), padding=(1, 1), bias=False)
          (bn2): BatchNorm2d(256, eps=1e-05, momentum=0.1, affine=True, track_running_stats=True)
          (conv3): Conv2d(256, 1024, kernel_size=(1, 1), stride=(1, 1), bias=False)
          (bn3): BatchNorm2d(1024, eps=1e-05, momentum=0.1, affine=True, track_running_stats=True)
          (relu): ReLU(inplace=True)
          (drop_path): Identity()
        )
        (18): Bottleneck(
          (conv1): Conv2d(1024, 256, kernel_size=(1, 1), stride=(1, 1), bias=False)
          (bn1): BatchNorm2d(256, eps=1e-05, momentum=0.1, affine=True, track_running_stats=True)
          (conv2): Conv2d(256, 256, kernel_size=(3, 3), stride=(1, 1), padding=(1, 1), bias=False)
          (bn2): BatchNorm2d(256, eps=1e-05, momentum=0.1, affine=True, track_running_stats=True)
          (conv3): Conv2d(256, 1024, kernel_size=(1, 1), stride=(1, 1), bias=False)
          (bn3): BatchNorm2d(1024, eps=1e-05, momentum=0.1, affine=True, track_running_stats=True)
          (relu): ReLU(inplace=True)
          (drop_path): Identity()
        )
        (19): Bottleneck(
          (conv1): Conv2d(1024, 256, kernel_size=(1, 1), stride=(1, 1), bias=False)
          (bn1): BatchNorm2d(256, eps=1e-05, momentum=0.1, affine=True, track_running_stats=True)
          (conv2): Conv2d(256, 256, kernel_size=(3, 3), stride=(1, 1), padding=(1, 1), bias=False)
          (bn2): BatchNorm2d(256, eps=1e-05, momentum=0.1, affine=True, track_running_stats=True)
          (conv3): Conv2d(256, 1024, kernel_size=(1, 1), stride=(1, 1), bias=False)
          (bn3): BatchNorm2d(1024, eps=1e-05, momentum=0.1, affine=True, track_running_stats=True)
          (relu): ReLU(inplace=True)
          (drop_path): Identity()
        )
        (20): Bottleneck(
          (conv1): Conv2d(1024, 256, kernel_size=(1, 1), stride=(1, 1), bias=False)
          (bn1): BatchNorm2d(256, eps=1e-05, momentum=0.1, affine=True, track_running_stats=True)
          (conv2): Conv2d(256, 256, kernel_size=(3, 3), stride=(1, 1), padding=(1, 1), bias=False)
          (bn2): BatchNorm2d(256, eps=1e-05, momentum=0.1, affine=True, track_running_stats=True)
          (conv3): Conv2d(256, 1024, kernel_size=(1, 1), stride=(1, 1), bias=False)
          (bn3): BatchNorm2d(1024, eps=1e-05, momentum=0.1, affine=True, track_running_stats=True)
          (relu): ReLU(inplace=True)
          (drop_path): Identity()
        )
        (21): Bottleneck(
          (conv1): Conv2d(1024, 256, kernel_size=(1, 1), stride=(1, 1), bias=False)
          (bn1): BatchNorm2d(256, eps=1e-05, momentum=0.1, affine=True, track_running_stats=True)
          (conv2): Conv2d(256, 256, kernel_size=(3, 3), stride=(1, 1), padding=(1, 1), bias=False)
          (bn2): BatchNorm2d(256, eps=1e-05, momentum=0.1, affine=True, track_running_stats=True)
          (conv3): Conv2d(256, 1024, kernel_size=(1, 1), stride=(1, 1), bias=False)
          (bn3): BatchNorm2d(1024, eps=1e-05, momentum=0.1, affine=True, track_running_stats=True)
          (relu): ReLU(inplace=True)
          (drop_path): Identity()
        )
        (22): Bottleneck(
          (conv1): Conv2d(1024, 256, kernel_size=(1, 1), stride=(1, 1), bias=False)
          (bn1): BatchNorm2d(256, eps=1e-05, momentum=0.1, affine=True, track_running_stats=True)
          (conv2): Conv2d(256, 256, kernel_size=(3, 3), stride=(1, 1), padding=(1, 1), bias=False)
          (bn2): BatchNorm2d(256, eps=1e-05, momentum=0.1, affine=True, track_running_stats=True)
          (conv3): Conv2d(256, 1024, kernel_size=(1, 1), stride=(1, 1), bias=False)
          (bn3): BatchNorm2d(1024, eps=1e-05, momentum=0.1, affine=True, track_running_stats=True)
          (relu): ReLU(inplace=True)
          (drop_path): Identity()
        )
      )
    )
    (image_proj): Linear(in_features=1024, out_features=768, bias=True)
    (patch_layernorm_embedding): LayerNorm((768,), eps=1e-05, elementwise_affine=True)
    (embed_positions): Embedding(1026, 768)
    (embed_image_positions): Embedding(1765, 768)
    (pos_ln): LayerNorm((768,), eps=1e-05, elementwise_affine=True)
    (image_pos_ln): LayerNorm((768,), eps=1e-05, elementwise_affine=True)
    (pos_q_linear): Linear(in_features=768, out_features=768, bias=True)
    (pos_k_linear): Linear(in_features=768, out_features=768, bias=True)
    (layers): ModuleList(
      (0): TransformerEncoderLayer(
        (self_attn): MultiheadAttention(
          (dropout_module): FairseqDropout()
          (k_proj): Linear(in_features=768, out_features=768, bias=True)
          (v_proj): Linear(in_features=768, out_features=768, bias=True)
          (q_proj): Linear(in_features=768, out_features=768, bias=True)
          (out_proj): Linear(in_features=768, out_features=768, bias=True)
        )
        (self_attn_layer_norm): LayerNorm((768,), eps=1e-05, elementwise_affine=True)
        (dropout_module): FairseqDropout()
        (activation_dropout_module): FairseqDropout()
        (fc1): Linear(in_features=768, out_features=3072, bias=True)
        (fc2): Linear(in_features=3072, out_features=768, bias=True)
        (attn_ln): LayerNorm((768,), eps=1e-05, elementwise_affine=True)
        (ffn_layernorm): LayerNorm((3072,), eps=1e-05, elementwise_affine=True)
        (final_layer_norm): LayerNorm((768,), eps=1e-05, elementwise_affine=True)
        (drop_path): Identity()
      )
      (1): TransformerEncoderLayer(
        (self_attn): MultiheadAttention(
          (dropout_module): FairseqDropout()
          (k_proj): Linear(in_features=768, out_features=768, bias=True)
          (v_proj): Linear(in_features=768, out_features=768, bias=True)
          (q_proj): Linear(in_features=768, out_features=768, bias=True)
          (out_proj): Linear(in_features=768, out_features=768, bias=True)
        )
        (self_attn_layer_norm): LayerNorm((768,), eps=1e-05, elementwise_affine=True)
        (dropout_module): FairseqDropout()
        (activation_dropout_module): FairseqDropout()
        (fc1): Linear(in_features=768, out_features=3072, bias=True)
        (fc2): Linear(in_features=3072, out_features=768, bias=True)
        (attn_ln): LayerNorm((768,), eps=1e-05, elementwise_affine=True)
        (ffn_layernorm): LayerNorm((3072,), eps=1e-05, elementwise_affine=True)
        (final_layer_norm): LayerNorm((768,), eps=1e-05, elementwise_affine=True)
        (drop_path): DropPath(p=0.019999999552965164)
      )
      (2): TransformerEncoderLayer(
        (self_attn): MultiheadAttention(
          (dropout_module): FairseqDropout()
          (k_proj): Linear(in_features=768, out_features=768, bias=True)
          (v_proj): Linear(in_features=768, out_features=768, bias=True)
          (q_proj): Linear(in_features=768, out_features=768, bias=True)
          (out_proj): Linear(in_features=768, out_features=768, bias=True)
        )
        (self_attn_layer_norm): LayerNorm((768,), eps=1e-05, elementwise_affine=True)
        (dropout_module): FairseqDropout()
        (activation_dropout_module): FairseqDropout()
        (fc1): Linear(in_features=768, out_features=3072, bias=True)
        (fc2): Linear(in_features=3072, out_features=768, bias=True)
        (attn_ln): LayerNorm((768,), eps=1e-05, elementwise_affine=True)
        (ffn_layernorm): LayerNorm((3072,), eps=1e-05, elementwise_affine=True)
        (final_layer_norm): LayerNorm((768,), eps=1e-05, elementwise_affine=True)
        (drop_path): DropPath(p=0.03999999910593033)
      )
      (3): TransformerEncoderLayer(
        (self_attn): MultiheadAttention(
          (dropout_module): FairseqDropout()
          (k_proj): Linear(in_features=768, out_features=768, bias=True)
          (v_proj): Linear(in_features=768, out_features=768, bias=True)
          (q_proj): Linear(in_features=768, out_features=768, bias=True)
          (out_proj): Linear(in_features=768, out_features=768, bias=True)
        )
        (self_attn_layer_norm): LayerNorm((768,), eps=1e-05, elementwise_affine=True)
        (dropout_module): FairseqDropout()
        (activation_dropout_module): FairseqDropout()
        (fc1): Linear(in_features=768, out_features=3072, bias=True)
        (fc2): Linear(in_features=3072, out_features=768, bias=True)
        (attn_ln): LayerNorm((768,), eps=1e-05, elementwise_affine=True)
        (ffn_layernorm): LayerNorm((3072,), eps=1e-05, elementwise_affine=True)
        (final_layer_norm): LayerNorm((768,), eps=1e-05, elementwise_affine=True)
        (drop_path): DropPath(p=0.06000000238418579)
      )
      (4): TransformerEncoderLayer(
        (self_attn): MultiheadAttention(
          (dropout_module): FairseqDropout()
          (k_proj): Linear(in_features=768, out_features=768, bias=True)
          (v_proj): Linear(in_features=768, out_features=768, bias=True)
          (q_proj): Linear(in_features=768, out_features=768, bias=True)
          (out_proj): Linear(in_features=768, out_features=768, bias=True)
        )
        (self_attn_layer_norm): LayerNorm((768,), eps=1e-05, elementwise_affine=True)
        (dropout_module): FairseqDropout()
        (activation_dropout_module): FairseqDropout()
        (fc1): Linear(in_features=768, out_features=3072, bias=True)
        (fc2): Linear(in_features=3072, out_features=768, bias=True)
        (attn_ln): LayerNorm((768,), eps=1e-05, elementwise_affine=True)
        (ffn_layernorm): LayerNorm((3072,), eps=1e-05, elementwise_affine=True)
        (final_layer_norm): LayerNorm((768,), eps=1e-05, elementwise_affine=True)
        (drop_path): DropPath(p=0.07999999821186066)
      )
      (5): TransformerEncoderLayer(
        (self_attn): MultiheadAttention(
          (dropout_module): FairseqDropout()
          (k_proj): Linear(in_features=768, out_features=768, bias=True)
          (v_proj): Linear(in_features=768, out_features=768, bias=True)
          (q_proj): Linear(in_features=768, out_features=768, bias=True)
          (out_proj): Linear(in_features=768, out_features=768, bias=True)
        )
        (self_attn_layer_norm): LayerNorm((768,), eps=1e-05, elementwise_affine=True)
        (dropout_module): FairseqDropout()
        (activation_dropout_module): FairseqDropout()
        (fc1): Linear(in_features=768, out_features=3072, bias=True)
        (fc2): Linear(in_features=3072, out_features=768, bias=True)
        (attn_ln): LayerNorm((768,), eps=1e-05, elementwise_affine=True)
        (ffn_layernorm): LayerNorm((3072,), eps=1e-05, elementwise_affine=True)
        (final_layer_norm): LayerNorm((768,), eps=1e-05, elementwise_affine=True)
        (drop_path): DropPath(p=0.10000000149011612)
      )
    )
    (layer_norm): LayerNorm((768,), eps=1e-05, elementwise_affine=True)
    (token_rel_pos_table_list): ModuleList(
      (0): Embedding(511, 12)
      (1): Embedding(511, 12)
      (2): Embedding(511, 12)
      (3): Embedding(511, 12)
      (4): Embedding(511, 12)
      (5): Embedding(511, 12)
    )
    (image_rel_pos_table_list): ModuleList(
      (0): Embedding(6892, 12)
      (1): Embedding(6892, 12)
      (2): Embedding(6892, 12)
      (3): Embedding(6892, 12)
      (4): Embedding(6892, 12)
      (5): Embedding(6892, 12)
    )
  )
  (decoder): TransformerDecoder(
    (dropout_module): FairseqDropout()
    (embed_tokens): Embedding(59457, 768, padding_idx=1)
    (layernorm_embedding): LayerNorm((768,), eps=1e-05, elementwise_affine=True)
    (embed_positions): Embedding(1026, 768)
    (embed_image_positions): Embedding(1765, 768)
    (pos_ln): LayerNorm((768,), eps=1e-05, elementwise_affine=True)
    (image_pos_ln): LayerNorm((768,), eps=1e-05, elementwise_affine=True)
    (self_pos_q_linear): Linear(in_features=768, out_features=768, bias=True)
    (self_pos_k_linear): Linear(in_features=768, out_features=768, bias=True)
    (cross_pos_q_linear): Linear(in_features=768, out_features=768, bias=True)
    (cross_pos_k_linear): Linear(in_features=768, out_features=768, bias=True)
    (code_layernorm_embedding): LayerNorm((768,), eps=1e-05, elementwise_affine=True)
    (layers): ModuleList(
      (0): TransformerDecoderLayer(
        (dropout_module): FairseqDropout()
        (self_attn): MultiheadAttention(
          (dropout_module): FairseqDropout()
          (k_proj): Linear(in_features=768, out_features=768, bias=True)
          (v_proj): Linear(in_features=768, out_features=768, bias=True)
          (q_proj): Linear(in_features=768, out_features=768, bias=True)
          (out_proj): Linear(in_features=768, out_features=768, bias=True)
        )
        (self_attn_ln): LayerNorm((768,), eps=1e-05, elementwise_affine=True)
        (cross_attn_ln): LayerNorm((768,), eps=1e-05, elementwise_affine=True)
        (activation_dropout_module): FairseqDropout()
        (self_attn_layer_norm): LayerNorm((768,), eps=1e-05, elementwise_affine=True)
        (encoder_attn): MultiheadAttention(
          (dropout_module): FairseqDropout()
          (k_proj): Linear(in_features=768, out_features=768, bias=True)
          (v_proj): Linear(in_features=768, out_features=768, bias=True)
          (q_proj): Linear(in_features=768, out_features=768, bias=True)
          (out_proj): Linear(in_features=768, out_features=768, bias=True)
        )
        (encoder_attn_layer_norm): LayerNorm((768,), eps=1e-05, elementwise_affine=True)
        (ffn_layernorm): LayerNorm((3072,), eps=1e-05, elementwise_affine=True)
        (fc1): Linear(in_features=768, out_features=3072, bias=True)
        (fc2): Linear(in_features=3072, out_features=768, bias=True)
        (final_layer_norm): LayerNorm((768,), eps=1e-05, elementwise_affine=True)
        (drop_path): Identity()
      )
      (1): TransformerDecoderLayer(
        (dropout_module): FairseqDropout()
        (self_attn): MultiheadAttention(
          (dropout_module): FairseqDropout()
          (k_proj): Linear(in_features=768, out_features=768, bias=True)
          (v_proj): Linear(in_features=768, out_features=768, bias=True)
          (q_proj): Linear(in_features=768, out_features=768, bias=True)
          (out_proj): Linear(in_features=768, out_features=768, bias=True)
        )
        (self_attn_ln): LayerNorm((768,), eps=1e-05, elementwise_affine=True)
        (cross_attn_ln): LayerNorm((768,), eps=1e-05, elementwise_affine=True)
        (activation_dropout_module): FairseqDropout()
        (self_attn_layer_norm): LayerNorm((768,), eps=1e-05, elementwise_affine=True)
        (encoder_attn): MultiheadAttention(
          (dropout_module): FairseqDropout()
          (k_proj): Linear(in_features=768, out_features=768, bias=True)
          (v_proj): Linear(in_features=768, out_features=768, bias=True)
          (q_proj): Linear(in_features=768, out_features=768, bias=True)
          (out_proj): Linear(in_features=768, out_features=768, bias=True)
        )
        (encoder_attn_layer_norm): LayerNorm((768,), eps=1e-05, elementwise_affine=True)
        (ffn_layernorm): LayerNorm((3072,), eps=1e-05, elementwise_affine=True)
        (fc1): Linear(in_features=768, out_features=3072, bias=True)
        (fc2): Linear(in_features=3072, out_features=768, bias=True)
        (final_layer_norm): LayerNorm((768,), eps=1e-05, elementwise_affine=True)
        (drop_path): DropPath(p=0.019999999552965164)
      )
      (2): TransformerDecoderLayer(
        (dropout_module): FairseqDropout()
        (self_attn): MultiheadAttention(
          (dropout_module): FairseqDropout()
          (k_proj): Linear(in_features=768, out_features=768, bias=True)
          (v_proj): Linear(in_features=768, out_features=768, bias=True)
          (q_proj): Linear(in_features=768, out_features=768, bias=True)
          (out_proj): Linear(in_features=768, out_features=768, bias=True)
        )
        (self_attn_ln): LayerNorm((768,), eps=1e-05, elementwise_affine=True)
        (cross_attn_ln): LayerNorm((768,), eps=1e-05, elementwise_affine=True)
        (activation_dropout_module): FairseqDropout()
        (self_attn_layer_norm): LayerNorm((768,), eps=1e-05, elementwise_affine=True)
        (encoder_attn): MultiheadAttention(
          (dropout_module): FairseqDropout()
          (k_proj): Linear(in_features=768, out_features=768, bias=True)
          (v_proj): Linear(in_features=768, out_features=768, bias=True)
          (q_proj): Linear(in_features=768, out_features=768, bias=True)
          (out_proj): Linear(in_features=768, out_features=768, bias=True)
        )
        (encoder_attn_layer_norm): LayerNorm((768,), eps=1e-05, elementwise_affine=True)
        (ffn_layernorm): LayerNorm((3072,), eps=1e-05, elementwise_affine=True)
        (fc1): Linear(in_features=768, out_features=3072, bias=True)
        (fc2): Linear(in_features=3072, out_features=768, bias=True)
        (final_layer_norm): LayerNorm((768,), eps=1e-05, elementwise_affine=True)
        (drop_path): DropPath(p=0.03999999910593033)
      )
      (3): TransformerDecoderLayer(
        (dropout_module): FairseqDropout()
        (self_attn): MultiheadAttention(
          (dropout_module): FairseqDropout()
          (k_proj): Linear(in_features=768, out_features=768, bias=True)
          (v_proj): Linear(in_features=768, out_features=768, bias=True)
          (q_proj): Linear(in_features=768, out_features=768, bias=True)
          (out_proj): Linear(in_features=768, out_features=768, bias=True)
        )
        (self_attn_ln): LayerNorm((768,), eps=1e-05, elementwise_affine=True)
        (cross_attn_ln): LayerNorm((768,), eps=1e-05, elementwise_affine=True)
        (activation_dropout_module): FairseqDropout()
        (self_attn_layer_norm): LayerNorm((768,), eps=1e-05, elementwise_affine=True)
        (encoder_attn): MultiheadAttention(
          (dropout_module): FairseqDropout()
          (k_proj): Linear(in_features=768, out_features=768, bias=True)
          (v_proj): Linear(in_features=768, out_features=768, bias=True)
          (q_proj): Linear(in_features=768, out_features=768, bias=True)
          (out_proj): Linear(in_features=768, out_features=768, bias=True)
        )
        (encoder_attn_layer_norm): LayerNorm((768,), eps=1e-05, elementwise_affine=True)
        (ffn_layernorm): LayerNorm((3072,), eps=1e-05, elementwise_affine=True)
        (fc1): Linear(in_features=768, out_features=3072, bias=True)
        (fc2): Linear(in_features=3072, out_features=768, bias=True)
        (final_layer_norm): LayerNorm((768,), eps=1e-05, elementwise_affine=True)
        (drop_path): DropPath(p=0.06000000238418579)
      )
      (4): TransformerDecoderLayer(
        (dropout_module): FairseqDropout()
        (self_attn): MultiheadAttention(
          (dropout_module): FairseqDropout()
          (k_proj): Linear(in_features=768, out_features=768, bias=True)
          (v_proj): Linear(in_features=768, out_features=768, bias=True)
          (q_proj): Linear(in_features=768, out_features=768, bias=True)
          (out_proj): Linear(in_features=768, out_features=768, bias=True)
        )
        (self_attn_ln): LayerNorm((768,), eps=1e-05, elementwise_affine=True)
        (cross_attn_ln): LayerNorm((768,), eps=1e-05, elementwise_affine=True)
        (activation_dropout_module): FairseqDropout()
        (self_attn_layer_norm): LayerNorm((768,), eps=1e-05, elementwise_affine=True)
        (encoder_attn): MultiheadAttention(
          (dropout_module): FairseqDropout()
          (k_proj): Linear(in_features=768, out_features=768, bias=True)
          (v_proj): Linear(in_features=768, out_features=768, bias=True)
          (q_proj): Linear(in_features=768, out_features=768, bias=True)
          (out_proj): Linear(in_features=768, out_features=768, bias=True)
        )
        (encoder_attn_layer_norm): LayerNorm((768,), eps=1e-05, elementwise_affine=True)
        (ffn_layernorm): LayerNorm((3072,), eps=1e-05, elementwise_affine=True)
        (fc1): Linear(in_features=768, out_features=3072, bias=True)
        (fc2): Linear(in_features=3072, out_features=768, bias=True)
        (final_layer_norm): LayerNorm((768,), eps=1e-05, elementwise_affine=True)
        (drop_path): DropPath(p=0.07999999821186066)
      )
      (5): TransformerDecoderLayer(
        (dropout_module): FairseqDropout()
        (self_attn): MultiheadAttention(
          (dropout_module): FairseqDropout()
          (k_proj): Linear(in_features=768, out_features=768, bias=True)
          (v_proj): Linear(in_features=768, out_features=768, bias=True)
          (q_proj): Linear(in_features=768, out_features=768, bias=True)
          (out_proj): Linear(in_features=768, out_features=768, bias=True)
        )
        (self_attn_ln): LayerNorm((768,), eps=1e-05, elementwise_affine=True)
        (cross_attn_ln): LayerNorm((768,), eps=1e-05, elementwise_affine=True)
        (activation_dropout_module): FairseqDropout()
        (self_attn_layer_norm): LayerNorm((768,), eps=1e-05, elementwise_affine=True)
        (encoder_attn): MultiheadAttention(
          (dropout_module): FairseqDropout()
          (k_proj): Linear(in_features=768, out_features=768, bias=True)
          (v_proj): Linear(in_features=768, out_features=768, bias=True)
          (q_proj): Linear(in_features=768, out_features=768, bias=True)
          (out_proj): Linear(in_features=768, out_features=768, bias=True)
        )
        (encoder_attn_layer_norm): LayerNorm((768,), eps=1e-05, elementwise_affine=True)
        (ffn_layernorm): LayerNorm((3072,), eps=1e-05, elementwise_affine=True)
        (fc1): Linear(in_features=768, out_features=3072, bias=True)
        (fc2): Linear(in_features=3072, out_features=768, bias=True)
        (final_layer_norm): LayerNorm((768,), eps=1e-05, elementwise_affine=True)
        (drop_path): DropPath(p=0.10000000149011612)
      )
    )
    (layer_norm): LayerNorm((768,), eps=1e-05, elementwise_affine=True)
    (output_projection): Linear(in_features=768, out_features=59457, bias=False)
    (token_rel_pos_table_list): ModuleList(
      (0): Embedding(511, 12)
      (1): Embedding(511, 12)
      (2): Embedding(511, 12)
      (3): Embedding(511, 12)
      (4): Embedding(511, 12)
      (5): Embedding(511, 12)
    )
    (image_rel_pos_table_list): ModuleList(
      (0): Embedding(6892, 12)
      (1): Embedding(6892, 12)
      (2): Embedding(6892, 12)
      (3): Embedding(6892, 12)
      (4): Embedding(6892, 12)
      (5): Embedding(6892, 12)
    )
  )
  (classification_heads): ModuleDict()
)
2023-04-02 00:47:24 - train.py[line:111] - INFO: task: RefcocoTask
2023-04-02 00:47:24 - train.py[line:112] - INFO: model: OFAModel
2023-04-02 00:47:24 - train.py[line:113] - INFO: criterion: AdjustLabelSmoothedCrossEntropyCriterion
2023-04-02 00:47:24 - train.py[line:114] - INFO: num. shared model params: 182,238,536 (num. trained: 182,238,536)
2023-04-02 00:47:24 - train.py[line:121] - INFO: num. expert model params: 0 (num. trained: 0)
local datafile ../../dataset/refcocoplus_data/refcocoplus_val.tsv slice_id 0 begin to initialize row_count and line_idx-to-offset mapping
local datafile ../../dataset/refcocoplus_data/refcocoplus_val.tsv slice_id 1 begin to initialize row_count and line_idx-to-offset mapping
local datafile ../../dataset/refcocoplus_data/refcocoplus_val.tsv slice_id 0 finished initializing row_count and line_idx-to-offset mapping
local datafile ../../dataset/refcocoplus_data/refcocoplus_val.tsv slice_id 1 finished initializing row_count and line_idx-to-offset mapping
file ../../dataset/refcocoplus_data/refcocoplus_val.tsv slice_id 0 row count 5379 total row count 10758
file ../../dataset/refcocoplus_data/refcocoplus_val.tsv slice_id 1 row count 5379 total row count 10758
2023-04-02 00:47:26 - distributed_c10d.py[line:228] - INFO: Added key: store_based_barrier_key:2 to store for rank: 0
2023-04-02 00:47:26 - distributed_c10d.py[line:262] - INFO: Rank 0: Completed store-based barrier for key:store_based_barrier_key:2 with 2 nodes.
2023-04-02 00:47:26 - trainer.py[line:123] - INFO: detected shared parameter: encoder.embed_tokens.weight <- decoder.embed_tokens.weight
2023-04-02 00:47:26 - trainer.py[line:123] - INFO: detected shared parameter: encoder.embed_tokens.weight <- decoder.output_projection.weight
2023-04-02 00:47:26 - trainer.py[line:123] - INFO: detected shared parameter: encoder.embed_images.conv1.bias <- encoder.embed_images.layer1.0.conv1.bias
2023-04-02 00:47:26 - trainer.py[line:123] - INFO: detected shared parameter: encoder.embed_images.conv1.bias <- encoder.embed_images.layer1.0.conv2.bias
2023-04-02 00:47:26 - trainer.py[line:123] - INFO: detected shared parameter: encoder.embed_images.conv1.bias <- encoder.embed_images.layer1.0.conv3.bias
2023-04-02 00:47:26 - trainer.py[line:123] - INFO: detected shared parameter: encoder.embed_images.conv1.bias <- encoder.embed_images.layer1.0.downsample.0.bias
2023-04-02 00:47:26 - trainer.py[line:123] - INFO: detected shared parameter: encoder.embed_images.conv1.bias <- encoder.embed_images.layer1.1.conv1.bias
2023-04-02 00:47:26 - trainer.py[line:123] - INFO: detected shared parameter: encoder.embed_images.conv1.bias <- encoder.embed_images.layer1.1.conv2.bias
2023-04-02 00:47:26 - trainer.py[line:123] - INFO: detected shared parameter: encoder.embed_images.conv1.bias <- encoder.embed_images.layer1.1.conv3.bias
2023-04-02 00:47:26 - trainer.py[line:123] - INFO: detected shared parameter: encoder.embed_images.conv1.bias <- encoder.embed_images.layer1.2.conv1.bias
2023-04-02 00:47:26 - trainer.py[line:123] - INFO: detected shared parameter: encoder.embed_images.conv1.bias <- encoder.embed_images.layer1.2.conv2.bias
2023-04-02 00:47:26 - trainer.py[line:123] - INFO: detected shared parameter: encoder.embed_images.conv1.bias <- encoder.embed_images.layer1.2.conv3.bias
2023-04-02 00:47:26 - trainer.py[line:123] - INFO: detected shared parameter: encoder.embed_images.conv1.bias <- encoder.embed_images.layer2.0.conv1.bias
2023-04-02 00:47:26 - trainer.py[line:123] - INFO: detected shared parameter: encoder.embed_images.conv1.bias <- encoder.embed_images.layer2.0.conv2.bias
2023-04-02 00:47:26 - trainer.py[line:123] - INFO: detected shared parameter: encoder.embed_images.conv1.bias <- encoder.embed_images.layer2.0.conv3.bias
2023-04-02 00:47:26 - trainer.py[line:123] - INFO: detected shared parameter: encoder.embed_images.conv1.bias <- encoder.embed_images.layer2.0.downsample.0.bias
2023-04-02 00:47:26 - trainer.py[line:123] - INFO: detected shared parameter: encoder.embed_images.conv1.bias <- encoder.embed_images.layer2.1.conv1.bias
2023-04-02 00:47:26 - trainer.py[line:123] - INFO: detected shared parameter: encoder.embed_images.conv1.bias <- encoder.embed_images.layer2.1.conv2.bias
2023-04-02 00:47:26 - trainer.py[line:123] - INFO: detected shared parameter: encoder.embed_images.conv1.bias <- encoder.embed_images.layer2.1.conv3.bias
2023-04-02 00:47:26 - trainer.py[line:123] - INFO: detected shared parameter: encoder.embed_images.conv1.bias <- encoder.embed_images.layer2.2.conv1.bias
2023-04-02 00:47:26 - trainer.py[line:123] - INFO: detected shared parameter: encoder.embed_images.conv1.bias <- encoder.embed_images.layer2.2.conv2.bias
2023-04-02 00:47:26 - trainer.py[line:123] - INFO: detected shared parameter: encoder.embed_images.conv1.bias <- encoder.embed_images.layer2.2.conv3.bias
2023-04-02 00:47:26 - trainer.py[line:123] - INFO: detected shared parameter: encoder.embed_images.conv1.bias <- encoder.embed_images.layer2.3.conv1.bias
2023-04-02 00:47:26 - trainer.py[line:123] - INFO: detected shared parameter: encoder.embed_images.conv1.bias <- encoder.embed_images.layer2.3.conv2.bias
2023-04-02 00:47:26 - trainer.py[line:123] - INFO: detected shared parameter: encoder.embed_images.conv1.bias <- encoder.embed_images.layer2.3.conv3.bias
2023-04-02 00:47:26 - trainer.py[line:123] - INFO: detected shared parameter: encoder.embed_images.conv1.bias <- encoder.embed_images.layer3.0.conv1.bias
2023-04-02 00:47:26 - trainer.py[line:123] - INFO: detected shared parameter: encoder.embed_images.conv1.bias <- encoder.embed_images.layer3.0.conv2.bias
2023-04-02 00:47:26 - trainer.py[line:123] - INFO: detected shared parameter: encoder.embed_images.conv1.bias <- encoder.embed_images.layer3.0.conv3.bias
2023-04-02 00:47:26 - trainer.py[line:123] - INFO: detected shared parameter: encoder.embed_images.conv1.bias <- encoder.embed_images.layer3.0.downsample.0.bias
2023-04-02 00:47:26 - trainer.py[line:123] - INFO: detected shared parameter: encoder.embed_images.conv1.bias <- encoder.embed_images.layer3.1.conv1.bias
2023-04-02 00:47:26 - trainer.py[line:123] - INFO: detected shared parameter: encoder.embed_images.conv1.bias <- encoder.embed_images.layer3.1.conv2.bias
2023-04-02 00:47:26 - trainer.py[line:123] - INFO: detected shared parameter: encoder.embed_images.conv1.bias <- encoder.embed_images.layer3.1.conv3.bias
2023-04-02 00:47:26 - trainer.py[line:123] - INFO: detected shared parameter: encoder.embed_images.conv1.bias <- encoder.embed_images.layer3.2.conv1.bias
2023-04-02 00:47:26 - trainer.py[line:123] - INFO: detected shared parameter: encoder.embed_images.conv1.bias <- encoder.embed_images.layer3.2.conv2.bias
2023-04-02 00:47:26 - trainer.py[line:123] - INFO: detected shared parameter: encoder.embed_images.conv1.bias <- encoder.embed_images.layer3.2.conv3.bias
2023-04-02 00:47:26 - trainer.py[line:123] - INFO: detected shared parameter: encoder.embed_images.conv1.bias <- encoder.embed_images.layer3.3.conv1.bias
2023-04-02 00:47:26 - trainer.py[line:123] - INFO: detected shared parameter: encoder.embed_images.conv1.bias <- encoder.embed_images.layer3.3.conv2.bias
2023-04-02 00:47:26 - trainer.py[line:123] - INFO: detected shared parameter: encoder.embed_images.conv1.bias <- encoder.embed_images.layer3.3.conv3.bias
2023-04-02 00:47:26 - trainer.py[line:123] - INFO: detected shared parameter: encoder.embed_images.conv1.bias <- encoder.embed_images.layer3.4.conv1.bias
2023-04-02 00:47:26 - trainer.py[line:123] - INFO: detected shared parameter: encoder.embed_images.conv1.bias <- encoder.embed_images.layer3.4.conv2.bias
2023-04-02 00:47:26 - trainer.py[line:123] - INFO: detected shared parameter: encoder.embed_images.conv1.bias <- encoder.embed_images.layer3.4.conv3.bias
2023-04-02 00:47:26 - trainer.py[line:123] - INFO: detected shared parameter: encoder.embed_images.conv1.bias <- encoder.embed_images.layer3.5.conv1.bias
2023-04-02 00:47:26 - trainer.py[line:123] - INFO: detected shared parameter: encoder.embed_images.conv1.bias <- encoder.embed_images.layer3.5.conv2.bias
2023-04-02 00:47:26 - trainer.py[line:123] - INFO: detected shared parameter: encoder.embed_images.conv1.bias <- encoder.embed_images.layer3.5.conv3.bias
2023-04-02 00:47:26 - trainer.py[line:123] - INFO: detected shared parameter: encoder.embed_images.conv1.bias <- encoder.embed_images.layer3.6.conv1.bias
2023-04-02 00:47:26 - trainer.py[line:123] - INFO: detected shared parameter: encoder.embed_images.conv1.bias <- encoder.embed_images.layer3.6.conv2.bias
2023-04-02 00:47:26 - trainer.py[line:123] - INFO: detected shared parameter: encoder.embed_images.conv1.bias <- encoder.embed_images.layer3.6.conv3.bias
2023-04-02 00:47:26 - trainer.py[line:123] - INFO: detected shared parameter: encoder.embed_images.conv1.bias <- encoder.embed_images.layer3.7.conv1.bias
2023-04-02 00:47:26 - trainer.py[line:123] - INFO: detected shared parameter: encoder.embed_images.conv1.bias <- encoder.embed_images.layer3.7.conv2.bias
2023-04-02 00:47:26 - trainer.py[line:123] - INFO: detected shared parameter: encoder.embed_images.conv1.bias <- encoder.embed_images.layer3.7.conv3.bias
2023-04-02 00:47:26 - trainer.py[line:123] - INFO: detected shared parameter: encoder.embed_images.conv1.bias <- encoder.embed_images.layer3.8.conv1.bias
2023-04-02 00:47:26 - trainer.py[line:123] - INFO: detected shared parameter: encoder.embed_images.conv1.bias <- encoder.embed_images.layer3.8.conv2.bias
2023-04-02 00:47:26 - trainer.py[line:123] - INFO: detected shared parameter: encoder.embed_images.conv1.bias <- encoder.embed_images.layer3.8.conv3.bias
2023-04-02 00:47:26 - trainer.py[line:123] - INFO: detected shared parameter: encoder.embed_images.conv1.bias <- encoder.embed_images.layer3.9.conv1.bias
2023-04-02 00:47:26 - trainer.py[line:123] - INFO: detected shared parameter: encoder.embed_images.conv1.bias <- encoder.embed_images.layer3.9.conv2.bias
2023-04-02 00:47:26 - trainer.py[line:123] - INFO: detected shared parameter: encoder.embed_images.conv1.bias <- encoder.embed_images.layer3.9.conv3.bias
2023-04-02 00:47:26 - trainer.py[line:123] - INFO: detected shared parameter: encoder.embed_images.conv1.bias <- encoder.embed_images.layer3.10.conv1.bias
2023-04-02 00:47:26 - trainer.py[line:123] - INFO: detected shared parameter: encoder.embed_images.conv1.bias <- encoder.embed_images.layer3.10.conv2.bias
2023-04-02 00:47:26 - trainer.py[line:123] - INFO: detected shared parameter: encoder.embed_images.conv1.bias <- encoder.embed_images.layer3.10.conv3.bias
2023-04-02 00:47:26 - trainer.py[line:123] - INFO: detected shared parameter: encoder.embed_images.conv1.bias <- encoder.embed_images.layer3.11.conv1.bias
2023-04-02 00:47:26 - trainer.py[line:123] - INFO: detected shared parameter: encoder.embed_images.conv1.bias <- encoder.embed_images.layer3.11.conv2.bias
2023-04-02 00:47:26 - trainer.py[line:123] - INFO: detected shared parameter: encoder.embed_images.conv1.bias <- encoder.embed_images.layer3.11.conv3.bias
2023-04-02 00:47:26 - trainer.py[line:123] - INFO: detected shared parameter: encoder.embed_images.conv1.bias <- encoder.embed_images.layer3.12.conv1.bias
2023-04-02 00:47:26 - trainer.py[line:123] - INFO: detected shared parameter: encoder.embed_images.conv1.bias <- encoder.embed_images.layer3.12.conv2.bias
2023-04-02 00:47:26 - trainer.py[line:123] - INFO: detected shared parameter: encoder.embed_images.conv1.bias <- encoder.embed_images.layer3.12.conv3.bias
2023-04-02 00:47:26 - trainer.py[line:123] - INFO: detected shared parameter: encoder.embed_images.conv1.bias <- encoder.embed_images.layer3.13.conv1.bias
2023-04-02 00:47:26 - trainer.py[line:123] - INFO: detected shared parameter: encoder.embed_images.conv1.bias <- encoder.embed_images.layer3.13.conv2.bias
2023-04-02 00:47:26 - trainer.py[line:123] - INFO: detected shared parameter: encoder.embed_images.conv1.bias <- encoder.embed_images.layer3.13.conv3.bias
2023-04-02 00:47:26 - trainer.py[line:123] - INFO: detected shared parameter: encoder.embed_images.conv1.bias <- encoder.embed_images.layer3.14.conv1.bias
2023-04-02 00:47:26 - trainer.py[line:123] - INFO: detected shared parameter: encoder.embed_images.conv1.bias <- encoder.embed_images.layer3.14.conv2.bias
2023-04-02 00:47:26 - trainer.py[line:123] - INFO: detected shared parameter: encoder.embed_images.conv1.bias <- encoder.embed_images.layer3.14.conv3.bias
2023-04-02 00:47:26 - trainer.py[line:123] - INFO: detected shared parameter: encoder.embed_images.conv1.bias <- encoder.embed_images.layer3.15.conv1.bias
2023-04-02 00:47:26 - trainer.py[line:123] - INFO: detected shared parameter: encoder.embed_images.conv1.bias <- encoder.embed_images.layer3.15.conv2.bias
2023-04-02 00:47:26 - trainer.py[line:123] - INFO: detected shared parameter: encoder.embed_images.conv1.bias <- encoder.embed_images.layer3.15.conv3.bias
2023-04-02 00:47:26 - trainer.py[line:123] - INFO: detected shared parameter: encoder.embed_images.conv1.bias <- encoder.embed_images.layer3.16.conv1.bias
2023-04-02 00:47:26 - trainer.py[line:123] - INFO: detected shared parameter: encoder.embed_images.conv1.bias <- encoder.embed_images.layer3.16.conv2.bias
2023-04-02 00:47:26 - trainer.py[line:123] - INFO: detected shared parameter: encoder.embed_images.conv1.bias <- encoder.embed_images.layer3.16.conv3.bias
2023-04-02 00:47:26 - trainer.py[line:123] - INFO: detected shared parameter: encoder.embed_images.conv1.bias <- encoder.embed_images.layer3.17.conv1.bias
2023-04-02 00:47:26 - trainer.py[line:123] - INFO: detected shared parameter: encoder.embed_images.conv1.bias <- encoder.embed_images.layer3.17.conv2.bias
2023-04-02 00:47:26 - trainer.py[line:123] - INFO: detected shared parameter: encoder.embed_images.conv1.bias <- encoder.embed_images.layer3.17.conv3.bias
2023-04-02 00:47:26 - trainer.py[line:123] - INFO: detected shared parameter: encoder.embed_images.conv1.bias <- encoder.embed_images.layer3.18.conv1.bias
2023-04-02 00:47:26 - trainer.py[line:123] - INFO: detected shared parameter: encoder.embed_images.conv1.bias <- encoder.embed_images.layer3.18.conv2.bias
2023-04-02 00:47:26 - trainer.py[line:123] - INFO: detected shared parameter: encoder.embed_images.conv1.bias <- encoder.embed_images.layer3.18.conv3.bias
2023-04-02 00:47:26 - trainer.py[line:123] - INFO: detected shared parameter: encoder.embed_images.conv1.bias <- encoder.embed_images.layer3.19.conv1.bias
2023-04-02 00:47:26 - trainer.py[line:123] - INFO: detected shared parameter: encoder.embed_images.conv1.bias <- encoder.embed_images.layer3.19.conv2.bias
2023-04-02 00:47:26 - trainer.py[line:123] - INFO: detected shared parameter: encoder.embed_images.conv1.bias <- encoder.embed_images.layer3.19.conv3.bias
2023-04-02 00:47:26 - trainer.py[line:123] - INFO: detected shared parameter: encoder.embed_images.conv1.bias <- encoder.embed_images.layer3.20.conv1.bias
2023-04-02 00:47:26 - trainer.py[line:123] - INFO: detected shared parameter: encoder.embed_images.conv1.bias <- encoder.embed_images.layer3.20.conv2.bias
2023-04-02 00:47:26 - trainer.py[line:123] - INFO: detected shared parameter: encoder.embed_images.conv1.bias <- encoder.embed_images.layer3.20.conv3.bias
2023-04-02 00:47:26 - trainer.py[line:123] - INFO: detected shared parameter: encoder.embed_images.conv1.bias <- encoder.embed_images.layer3.21.conv1.bias
2023-04-02 00:47:26 - trainer.py[line:123] - INFO: detected shared parameter: encoder.embed_images.conv1.bias <- encoder.embed_images.layer3.21.conv2.bias
2023-04-02 00:47:26 - trainer.py[line:123] - INFO: detected shared parameter: encoder.embed_images.conv1.bias <- encoder.embed_images.layer3.21.conv3.bias
2023-04-02 00:47:26 - trainer.py[line:123] - INFO: detected shared parameter: encoder.embed_images.conv1.bias <- encoder.embed_images.layer3.22.conv1.bias
2023-04-02 00:47:26 - trainer.py[line:123] - INFO: detected shared parameter: encoder.embed_images.conv1.bias <- encoder.embed_images.layer3.22.conv2.bias
2023-04-02 00:47:26 - trainer.py[line:123] - INFO: detected shared parameter: encoder.embed_images.conv1.bias <- encoder.embed_images.layer3.22.conv3.bias
2023-04-02 00:47:26 - trainer.py[line:123] - INFO: detected shared parameter: encoder.embed_images.conv1.bias <- decoder.output_projection.bias
2023-04-02 00:47:26 - utils.py[line:759] - INFO: ***********************CUDA enviroments for all 2 workers***********************
2023-04-02 00:47:26 - utils.py[line:761] - INFO: rank   0: capabilities =  7.0  ; total memory = 15.782 GB ; name = Tesla V100-PCIE-16GB                    
2023-04-02 00:47:26 - utils.py[line:761] - INFO: rank   1: capabilities =  7.0  ; total memory = 15.782 GB ; name = Tesla V100-PCIE-16GB                    
2023-04-02 00:47:26 - utils.py[line:767] - INFO: ***********************CUDA enviroments for all 2 workers***********************
2023-04-02 00:47:26 - train.py[line:152] - INFO: training on 2 devices (GPUs/TPUs)
2023-04-02 00:47:26 - train.py[line:157] - INFO: max tokens per device = None and max sentences per device = 4
2023-04-02 00:47:26 - trainer.py[line:458] - INFO: Preparing to load checkpoint ../../model_checkpoints/ofa_base.pt
2023-04-02 00:47:38 - trainer.py[line:617] - INFO: Loaded checkpoint ../../model_checkpoints/ofa_base.pt (epoch 48 @ 0 updates)
2023-04-02 00:47:38 - trainer.py[line:639] - INFO: loading train data for epoch 1
local datafile ../../dataset/refcocoplus_data/refcocoplus_train.tsv slice_id 0 begin to initialize row_count and line_idx-to-offset mapping
local datafile ../../dataset/refcocoplus_data/refcocoplus_train.tsv slice_id 1 begin to initialize row_count and line_idx-to-offset mapping
local datafile ../../dataset/refcocoplus_data/refcocoplus_train.tsv slice_id 0 finished initializing row_count and line_idx-to-offset mapping
local datafile ../../dataset/refcocoplus_data/refcocoplus_train.tsv slice_id 1 finished initializing row_count and line_idx-to-offset mapping
file ../../dataset/refcocoplus_data/refcocoplus_train.tsv slice_id 0 row count 60096 total row count 120191
file ../../dataset/refcocoplus_data/refcocoplus_train.tsv slice_id 1 row count 60095 total row count 120191
/home/mogunleye/miniconda3/envs/ofa1/lib/python3.9/site-packages/torchvision/transforms/functional.py:423: UserWarning: Argument interpolation should be of type InterpolationMode instead of int. Please, use InterpolationMode enum.
  warnings.warn(
/home/mogunleye/miniconda3/envs/ofa1/lib/python3.9/site-packages/torchvision/transforms/functional.py:423: UserWarning: Argument interpolation should be of type InterpolationMode instead of int. Please, use InterpolationMode enum.
  warnings.warn(
slice_id 1 seek offset 60096
Total steps 18780, warmup steps 1126, warmup_factor 0.0008880994671403197
slice_id 0 seek offset 0
Total steps 18780, warmup steps 1126, warmup_factor 0.0008880994671403197
2023-04-02 00:47:55 - trainer.py[line:703] - INFO: begin training epoch 1
2023-04-02 00:47:55 - train.py[line:305] - INFO: Start iterating over samples
2023-04-02 00:48:03 - trainer.py[line:921] - INFO: NOTE: gradient overflow detected, ignoring gradient, setting loss scale to: 64.0
2023-04-02 00:48:07 - trainer.py[line:921] - INFO: NOTE: gradient overflow detected, ignoring gradient, setting loss scale to: 32.0
2023-04-02 00:48:11 - trainer.py[line:921] - INFO: NOTE: gradient overflow detected, ignoring gradient, setting loss scale to: 16.0
2023-04-02 00:48:16 - trainer.py[line:921] - INFO: NOTE: gradient overflow detected, ignoring gradient, setting loss scale to: 8.0
2023-04-02 00:48:57 - progress_bar.py[line:272] - INFO: epoch 001:     14 / 1878 loss=10.723, loss_v1=0, loss_v2=0, nll_loss=9.116, ntokens=320, nsentences=64, sample_size=320, sample_size_v1=0, sample_size_v2=0, ppl=554.77, wps=77.9, ups=0.24, wpb=320, bsz=64, num_updates=10, lr=4.4405e-07, gnorm=44.047, clip=100, loss_scale=8, train_wall=61, gb_free=7.4, wall=91
2023-04-02 00:49:38 - progress_bar.py[line:272] - INFO: epoch 001:     24 / 1878 loss=10.51, loss_v1=0, loss_v2=0, nll_loss=8.887, ntokens=320, nsentences=64, sample_size=320, sample_size_v1=0, sample_size_v2=0, ppl=473.58, wps=77.9, ups=0.24, wpb=320, bsz=64, num_updates=20, lr=8.88099e-07, gnorm=44.258, clip=100, loss_scale=8, train_wall=41, gb_free=7.4, wall=132
2023-04-02 00:50:19 - progress_bar.py[line:272] - INFO: epoch 001:     34 / 1878 loss=10.105, loss_v1=0, loss_v2=0, nll_loss=8.52, ntokens=320, nsentences=64, sample_size=320, sample_size_v1=0, sample_size_v2=0, ppl=367.05, wps=78, ups=0.24, wpb=320, bsz=64, num_updates=30, lr=1.33215e-06, gnorm=37.783, clip=100, loss_scale=8, train_wall=41, gb_free=7.4, wall=173
2023-04-02 00:51:00 - progress_bar.py[line:272] - INFO: epoch 001:     44 / 1878 loss=9.65, loss_v1=0, loss_v2=0, nll_loss=8.19, ntokens=320, nsentences=64, sample_size=320, sample_size_v1=0, sample_size_v2=0, ppl=292.09, wps=77.7, ups=0.24, wpb=320, bsz=64, num_updates=40, lr=1.7762e-06, gnorm=32.429, clip=100, loss_scale=8, train_wall=41, gb_free=7.4, wall=214
2023-04-02 00:51:42 - progress_bar.py[line:272] - INFO: epoch 001:     54 / 1878 loss=8.918, loss_v1=0, loss_v2=0, nll_loss=7.636, ntokens=320, nsentences=64, sample_size=320, sample_size_v1=0, sample_size_v2=0, ppl=198.91, wps=77.8, ups=0.24, wpb=320, bsz=64, num_updates=50, lr=2.22025e-06, gnorm=26.313, clip=100, loss_scale=8, train_wall=41, gb_free=7.4, wall=255
2023-04-02 00:52:23 - progress_bar.py[line:272] - INFO: epoch 001:     64 / 1878 loss=8.38, loss_v1=0, loss_v2=0, nll_loss=7.2, ntokens=320, nsentences=64, sample_size=320, sample_size_v1=0, sample_size_v2=0, ppl=147.04, wps=78, ups=0.24, wpb=320, bsz=64, num_updates=60, lr=2.6643e-06, gnorm=21.937, clip=100, loss_scale=8, train_wall=41, gb_free=7.4, wall=296
2023-04-02 00:53:04 - progress_bar.py[line:272] - INFO: epoch 001:     74 / 1878 loss=7.788, loss_v1=0, loss_v2=0, nll_loss=6.688, ntokens=320, nsentences=64, sample_size=320, sample_size_v1=0, sample_size_v2=0, ppl=103.14, wps=77.9, ups=0.24, wpb=320, bsz=64, num_updates=70, lr=3.10835e-06, gnorm=17.069, clip=100, loss_scale=8, train_wall=41, gb_free=7.4, wall=337
2023-04-02 00:53:45 - progress_bar.py[line:272] - INFO: epoch 001:     84 / 1878 loss=7.157, loss_v1=0, loss_v2=0, nll_loss=6.116, ntokens=320, nsentences=64, sample_size=320, sample_size_v1=0, sample_size_v2=0, ppl=69.37, wps=77.7, ups=0.24, wpb=320, bsz=64, num_updates=80, lr=3.5524e-06, gnorm=14.053, clip=100, loss_scale=8, train_wall=41, gb_free=7.4, wall=379
2023-04-02 00:54:26 - progress_bar.py[line:272] - INFO: epoch 001:     94 / 1878 loss=6.54, loss_v1=0, loss_v2=0, nll_loss=5.582, ntokens=320, nsentences=64, sample_size=320, sample_size_v1=0, sample_size_v2=0, ppl=47.89, wps=78.3, ups=0.24, wpb=320, bsz=64, num_updates=90, lr=3.99645e-06, gnorm=9.527, clip=100, loss_scale=8, train_wall=41, gb_free=7.4, wall=420
2023-04-02 00:55:07 - progress_bar.py[line:272] - INFO: epoch 001:    104 / 1878 loss=6.275, loss_v1=0, loss_v2=0, nll_loss=5.396, ntokens=320, nsentences=64, sample_size=320, sample_size_v1=0, sample_size_v2=0, ppl=42.12, wps=77.4, ups=0.24, wpb=320, bsz=64, num_updates=100, lr=4.4405e-06, gnorm=8.474, clip=100, loss_scale=8, train_wall=41, gb_free=7.4, wall=461
2023-04-02 00:55:48 - progress_bar.py[line:272] - INFO: epoch 001:    114 / 1878 loss=6.172, loss_v1=0, loss_v2=0, nll_loss=5.278, ntokens=320, nsentences=64, sample_size=320, sample_size_v1=0, sample_size_v2=0, ppl=38.8, wps=77.8, ups=0.24, wpb=320, bsz=64, num_updates=110, lr=4.88455e-06, gnorm=8.916, clip=100, loss_scale=8, train_wall=41, gb_free=7.4, wall=502
2023-04-02 00:56:29 - progress_bar.py[line:272] - INFO: epoch 001:    124 / 1878 loss=6.005, loss_v1=0, loss_v2=0, nll_loss=5.081, ntokens=320, nsentences=64, sample_size=320, sample_size_v1=0, sample_size_v2=0, ppl=33.85, wps=77.9, ups=0.24, wpb=320, bsz=64, num_updates=120, lr=5.3286e-06, gnorm=7.633, clip=100, loss_scale=8, train_wall=41, gb_free=7.4, wall=543
2023-04-02 00:57:10 - progress_bar.py[line:272] - INFO: epoch 001:    134 / 1878 loss=5.981, loss_v1=0, loss_v2=0, nll_loss=5.085, ntokens=320, nsentences=64, sample_size=320, sample_size_v1=0, sample_size_v2=0, ppl=33.94, wps=78, ups=0.24, wpb=320, bsz=64, num_updates=130, lr=5.77265e-06, gnorm=7.075, clip=100, loss_scale=8, train_wall=41, gb_free=7.4, wall=584
2023-04-02 00:57:51 - progress_bar.py[line:272] - INFO: epoch 001:    144 / 1878 loss=5.94, loss_v1=0, loss_v2=0, nll_loss=5.053, ntokens=320, nsentences=64, sample_size=320, sample_size_v1=0, sample_size_v2=0, ppl=33.19, wps=78, ups=0.24, wpb=320, bsz=64, num_updates=140, lr=6.2167e-06, gnorm=6.608, clip=100, loss_scale=8, train_wall=41, gb_free=7.4, wall=625
2023-04-02 00:58:32 - progress_bar.py[line:272] - INFO: epoch 001:    154 / 1878 loss=5.805, loss_v1=0, loss_v2=0, nll_loss=4.885, ntokens=320, nsentences=64, sample_size=320, sample_size_v1=0, sample_size_v2=0, ppl=29.56, wps=78.1, ups=0.24, wpb=320, bsz=64, num_updates=150, lr=6.66075e-06, gnorm=7.731, clip=100, loss_scale=8, train_wall=41, gb_free=7.4, wall=666
2023-04-02 00:59:13 - progress_bar.py[line:272] - INFO: epoch 001:    164 / 1878 loss=5.749, loss_v1=0, loss_v2=0, nll_loss=4.834, ntokens=320, nsentences=64, sample_size=320, sample_size_v1=0, sample_size_v2=0, ppl=28.51, wps=78, ups=0.24, wpb=320, bsz=64, num_updates=160, lr=7.1048e-06, gnorm=7.547, clip=100, loss_scale=8, train_wall=41, gb_free=7.4, wall=707
2023-04-02 00:59:54 - progress_bar.py[line:272] - INFO: epoch 001:    174 / 1878 loss=5.727, loss_v1=0, loss_v2=0, nll_loss=4.804, ntokens=320, nsentences=64, sample_size=320, sample_size_v1=0, sample_size_v2=0, ppl=27.93, wps=78.1, ups=0.24, wpb=320, bsz=64, num_updates=170, lr=7.54885e-06, gnorm=8.911, clip=100, loss_scale=8, train_wall=41, gb_free=7.4, wall=748
2023-04-02 01:00:35 - progress_bar.py[line:272] - INFO: epoch 001:    184 / 1878 loss=5.76, loss_v1=0, loss_v2=0, nll_loss=4.842, ntokens=320, nsentences=64, sample_size=320, sample_size_v1=0, sample_size_v2=0, ppl=28.67, wps=78.4, ups=0.25, wpb=320, bsz=64, num_updates=180, lr=7.9929e-06, gnorm=7.185, clip=100, loss_scale=8, train_wall=41, gb_free=7.4, wall=789
2023-04-02 01:01:16 - progress_bar.py[line:272] - INFO: epoch 001:    194 / 1878 loss=5.602, loss_v1=0, loss_v2=0, nll_loss=4.658, ntokens=320, nsentences=64, sample_size=320, sample_size_v1=0, sample_size_v2=0, ppl=25.25, wps=78.3, ups=0.24, wpb=320, bsz=64, num_updates=190, lr=8.43694e-06, gnorm=6.904, clip=100, loss_scale=8, train_wall=41, gb_free=7.4, wall=830
2023-04-02 01:01:57 - progress_bar.py[line:272] - INFO: epoch 001:    204 / 1878 loss=5.523, loss_v1=0, loss_v2=0, nll_loss=4.554, ntokens=320, nsentences=64, sample_size=320, sample_size_v1=0, sample_size_v2=0, ppl=23.5, wps=78.3, ups=0.24, wpb=320, bsz=64, num_updates=200, lr=8.88099e-06, gnorm=7.017, clip=100, loss_scale=8, train_wall=41, gb_free=7.4, wall=871
2023-04-02 01:02:38 - progress_bar.py[line:272] - INFO: epoch 001:    214 / 1878 loss=5.465, loss_v1=0, loss_v2=0, nll_loss=4.491, ntokens=320, nsentences=64, sample_size=320, sample_size_v1=0, sample_size_v2=0, ppl=22.49, wps=78.5, ups=0.25, wpb=320, bsz=64, num_updates=210, lr=9.32504e-06, gnorm=7.349, clip=100, loss_scale=8, train_wall=41, gb_free=7.4, wall=911
2023-04-02 01:03:19 - progress_bar.py[line:272] - INFO: epoch 001:    224 / 1878 loss=5.349, loss_v1=0, loss_v2=0, nll_loss=4.345, ntokens=320, nsentences=64, sample_size=320, sample_size_v1=0, sample_size_v2=0, ppl=20.32, wps=78, ups=0.24, wpb=320, bsz=64, num_updates=220, lr=9.76909e-06, gnorm=7.353, clip=100, loss_scale=8, train_wall=41, gb_free=7.4, wall=952
2023-04-02 01:04:00 - progress_bar.py[line:272] - INFO: epoch 001:    234 / 1878 loss=5.36, loss_v1=0, loss_v2=0, nll_loss=4.344, ntokens=320, nsentences=64, sample_size=320, sample_size_v1=0, sample_size_v2=0, ppl=20.31, wps=78.2, ups=0.24, wpb=320, bsz=64, num_updates=230, lr=1.02131e-05, gnorm=6.839, clip=100, loss_scale=8, train_wall=41, gb_free=7.4, wall=993
2023-04-02 01:04:40 - progress_bar.py[line:272] - INFO: epoch 001:    244 / 1878 loss=5.193, loss_v1=0, loss_v2=0, nll_loss=4.166, ntokens=320, nsentences=64, sample_size=320, sample_size_v1=0, sample_size_v2=0, ppl=17.96, wps=78.6, ups=0.25, wpb=320, bsz=64, num_updates=240, lr=1.06572e-05, gnorm=7.018, clip=100, loss_scale=8, train_wall=41, gb_free=7.4, wall=1034
2023-04-02 01:05:21 - progress_bar.py[line:272] - INFO: epoch 001:    254 / 1878 loss=5.237, loss_v1=0, loss_v2=0, nll_loss=4.231, ntokens=320, nsentences=64, sample_size=320, sample_size_v1=0, sample_size_v2=0, ppl=18.77, wps=78.3, ups=0.24, wpb=320, bsz=64, num_updates=250, lr=1.11012e-05, gnorm=6.888, clip=100, loss_scale=8, train_wall=41, gb_free=7.4, wall=1075
2023-04-02 01:06:02 - progress_bar.py[line:272] - INFO: epoch 001:    264 / 1878 loss=5.068, loss_v1=0, loss_v2=0, nll_loss=4.023, ntokens=320, nsentences=64, sample_size=320, sample_size_v1=0, sample_size_v2=0, ppl=16.25, wps=78.4, ups=0.25, wpb=320, bsz=64, num_updates=260, lr=1.15453e-05, gnorm=6.682, clip=100, loss_scale=8, train_wall=41, gb_free=7.4, wall=1116
2023-04-02 01:06:43 - progress_bar.py[line:272] - INFO: epoch 001:    274 / 1878 loss=5.015, loss_v1=0, loss_v2=0, nll_loss=3.965, ntokens=320, nsentences=64, sample_size=320, sample_size_v1=0, sample_size_v2=0, ppl=15.61, wps=77.9, ups=0.24, wpb=320, bsz=64, num_updates=270, lr=1.19893e-05, gnorm=8.5, clip=100, loss_scale=8, train_wall=41, gb_free=7.4, wall=1157
2023-04-02 01:07:24 - progress_bar.py[line:272] - INFO: epoch 001:    284 / 1878 loss=5.046, loss_v1=0, loss_v2=0, nll_loss=4.028, ntokens=320, nsentences=64, sample_size=320, sample_size_v1=0, sample_size_v2=0, ppl=16.31, wps=78.3, ups=0.24, wpb=320, bsz=64, num_updates=280, lr=1.24334e-05, gnorm=7.18, clip=100, loss_scale=8, train_wall=41, gb_free=7.4, wall=1198
2023-04-02 01:08:05 - progress_bar.py[line:272] - INFO: epoch 001:    294 / 1878 loss=5.04, loss_v1=0, loss_v2=0, nll_loss=4.017, ntokens=320, nsentences=64, sample_size=320, sample_size_v1=0, sample_size_v2=0, ppl=16.19, wps=78.4, ups=0.24, wpb=320, bsz=64, num_updates=290, lr=1.28774e-05, gnorm=7.259, clip=100, loss_scale=8, train_wall=41, gb_free=7.4, wall=1239
2023-04-02 01:08:45 - progress_bar.py[line:272] - INFO: epoch 001:    304 / 1878 loss=4.934, loss_v1=0, loss_v2=0, nll_loss=3.897, ntokens=320, nsentences=64, sample_size=320, sample_size_v1=0, sample_size_v2=0, ppl=14.9, wps=78.6, ups=0.25, wpb=320, bsz=64, num_updates=300, lr=1.33215e-05, gnorm=7.365, clip=100, loss_scale=8, train_wall=40, gb_free=7.4, wall=1279
2023-04-02 01:09:26 - progress_bar.py[line:272] - INFO: epoch 001:    314 / 1878 loss=4.939, loss_v1=0, loss_v2=0, nll_loss=3.904, ntokens=320, nsentences=64, sample_size=320, sample_size_v1=0, sample_size_v2=0, ppl=14.97, wps=78.1, ups=0.24, wpb=320, bsz=64, num_updates=310, lr=1.37655e-05, gnorm=8.673, clip=100, loss_scale=8, train_wall=41, gb_free=7.4, wall=1320
2023-04-02 01:10:07 - progress_bar.py[line:272] - INFO: epoch 001:    324 / 1878 loss=4.834, loss_v1=0, loss_v2=0, nll_loss=3.788, ntokens=320, nsentences=64, sample_size=320, sample_size_v1=0, sample_size_v2=0, ppl=13.81, wps=78.2, ups=0.24, wpb=320, bsz=64, num_updates=320, lr=1.42096e-05, gnorm=6.666, clip=100, loss_scale=8, train_wall=41, gb_free=7.4, wall=1361
2023-04-02 01:10:48 - progress_bar.py[line:272] - INFO: epoch 001:    334 / 1878 loss=4.887, loss_v1=0, loss_v2=0, nll_loss=3.849, ntokens=320, nsentences=64, sample_size=320, sample_size_v1=0, sample_size_v2=0, ppl=14.41, wps=78.3, ups=0.24, wpb=320, bsz=64, num_updates=330, lr=1.46536e-05, gnorm=7.936, clip=100, loss_scale=8, train_wall=41, gb_free=7.4, wall=1402
2023-04-02 01:11:29 - progress_bar.py[line:272] - INFO: epoch 001:    344 / 1878 loss=4.813, loss_v1=0, loss_v2=0, nll_loss=3.776, ntokens=320, nsentences=64, sample_size=320, sample_size_v1=0, sample_size_v2=0, ppl=13.7, wps=77.9, ups=0.24, wpb=320, bsz=64, num_updates=340, lr=1.50977e-05, gnorm=7.849, clip=100, loss_scale=8, train_wall=41, gb_free=7.4, wall=1443
2023-04-02 01:12:10 - progress_bar.py[line:272] - INFO: epoch 001:    354 / 1878 loss=4.806, loss_v1=0, loss_v2=0, nll_loss=3.77, ntokens=320, nsentences=64, sample_size=320, sample_size_v1=0, sample_size_v2=0, ppl=13.64, wps=78, ups=0.24, wpb=320, bsz=64, num_updates=350, lr=1.55417e-05, gnorm=7.255, clip=100, loss_scale=8, train_wall=41, gb_free=7.4, wall=1484
2023-04-02 01:12:51 - progress_bar.py[line:272] - INFO: epoch 001:    364 / 1878 loss=4.796, loss_v1=0, loss_v2=0, nll_loss=3.758, ntokens=320, nsentences=64, sample_size=320, sample_size_v1=0, sample_size_v2=0, ppl=13.53, wps=77.9, ups=0.24, wpb=320, bsz=64, num_updates=360, lr=1.59858e-05, gnorm=7.614, clip=100, loss_scale=8, train_wall=41, gb_free=7.4, wall=1525
2023-04-02 01:13:32 - progress_bar.py[line:272] - INFO: epoch 001:    374 / 1878 loss=4.809, loss_v1=0, loss_v2=0, nll_loss=3.788, ntokens=320, nsentences=64, sample_size=320, sample_size_v1=0, sample_size_v2=0, ppl=13.81, wps=77.8, ups=0.24, wpb=320, bsz=64, num_updates=370, lr=1.64298e-05, gnorm=7.764, clip=100, loss_scale=8, train_wall=41, gb_free=7.4, wall=1566
2023-04-02 01:14:13 - progress_bar.py[line:272] - INFO: epoch 001:    384 / 1878 loss=4.723, loss_v1=0, loss_v2=0, nll_loss=3.681, ntokens=320, nsentences=64, sample_size=320, sample_size_v1=0, sample_size_v2=0, ppl=12.83, wps=78.1, ups=0.24, wpb=320, bsz=64, num_updates=380, lr=1.68739e-05, gnorm=7.382, clip=100, loss_scale=8, train_wall=41, gb_free=7.4, wall=1607
2023-04-02 01:14:54 - progress_bar.py[line:272] - INFO: epoch 001:    394 / 1878 loss=4.747, loss_v1=0, loss_v2=0, nll_loss=3.712, ntokens=320, nsentences=64, sample_size=320, sample_size_v1=0, sample_size_v2=0, ppl=13.1, wps=78.4, ups=0.25, wpb=320, bsz=64, num_updates=390, lr=1.73179e-05, gnorm=7.381, clip=100, loss_scale=8, train_wall=40, gb_free=7.4, wall=1648
2023-04-02 01:15:35 - progress_bar.py[line:272] - INFO: epoch 001:    404 / 1878 loss=4.711, loss_v1=0, loss_v2=0, nll_loss=3.677, ntokens=320, nsentences=64, sample_size=320, sample_size_v1=0, sample_size_v2=0, ppl=12.79, wps=78, ups=0.24, wpb=320, bsz=64, num_updates=400, lr=1.7762e-05, gnorm=6.347, clip=100, loss_scale=8, train_wall=41, gb_free=7.4, wall=1689
2023-04-02 01:16:16 - progress_bar.py[line:272] - INFO: epoch 001:    414 / 1878 loss=4.684, loss_v1=0, loss_v2=0, nll_loss=3.646, ntokens=320, nsentences=64, sample_size=320, sample_size_v1=0, sample_size_v2=0, ppl=12.52, wps=78.4, ups=0.24, wpb=320, bsz=64, num_updates=410, lr=1.8206e-05, gnorm=6.893, clip=100, loss_scale=8, train_wall=41, gb_free=7.4, wall=1730
2023-04-02 01:16:57 - progress_bar.py[line:272] - INFO: epoch 001:    424 / 1878 loss=4.679, loss_v1=0, loss_v2=0, nll_loss=3.647, ntokens=320, nsentences=64, sample_size=320, sample_size_v1=0, sample_size_v2=0, ppl=12.53, wps=78.1, ups=0.24, wpb=320, bsz=64, num_updates=420, lr=1.86501e-05, gnorm=6.824, clip=100, loss_scale=8, train_wall=41, gb_free=7.4, wall=1771
2023-04-02 01:17:38 - progress_bar.py[line:272] - INFO: epoch 001:    434 / 1878 loss=4.637, loss_v1=0, loss_v2=0, nll_loss=3.597, ntokens=320, nsentences=64, sample_size=320, sample_size_v1=0, sample_size_v2=0, ppl=12.1, wps=78, ups=0.24, wpb=320, bsz=64, num_updates=430, lr=1.90941e-05, gnorm=7.101, clip=100, loss_scale=8, train_wall=41, gb_free=7.4, wall=1812
2023-04-02 01:18:19 - progress_bar.py[line:272] - INFO: epoch 001:    444 / 1878 loss=4.682, loss_v1=0, loss_v2=0, nll_loss=3.661, ntokens=320, nsentences=64, sample_size=320, sample_size_v1=0, sample_size_v2=0, ppl=12.65, wps=77.8, ups=0.24, wpb=320, bsz=64, num_updates=440, lr=1.95382e-05, gnorm=6.611, clip=100, loss_scale=8, train_wall=41, gb_free=7.4, wall=1853
2023-04-02 01:19:00 - progress_bar.py[line:272] - INFO: epoch 001:    454 / 1878 loss=4.63, loss_v1=0, loss_v2=0, nll_loss=3.596, ntokens=320, nsentences=64, sample_size=320, sample_size_v1=0, sample_size_v2=0, ppl=12.09, wps=77.7, ups=0.24, wpb=320, bsz=64, num_updates=450, lr=1.99822e-05, gnorm=7.09, clip=100, loss_scale=8, train_wall=41, gb_free=7.5, wall=1894
2023-04-02 01:19:41 - progress_bar.py[line:272] - INFO: epoch 001:    464 / 1878 loss=4.619, loss_v1=0, loss_v2=0, nll_loss=3.581, ntokens=320, nsentences=64, sample_size=320, sample_size_v1=0, sample_size_v2=0, ppl=11.97, wps=78.2, ups=0.24, wpb=320, bsz=64, num_updates=460, lr=2.04263e-05, gnorm=7.416, clip=100, loss_scale=8, train_wall=41, gb_free=7.4, wall=1935
2023-04-02 01:20:22 - progress_bar.py[line:272] - INFO: epoch 001:    474 / 1878 loss=4.625, loss_v1=0, loss_v2=0, nll_loss=3.593, ntokens=320, nsentences=64, sample_size=320, sample_size_v1=0, sample_size_v2=0, ppl=12.07, wps=78.2, ups=0.24, wpb=320, bsz=64, num_updates=470, lr=2.08703e-05, gnorm=6.718, clip=100, loss_scale=8, train_wall=41, gb_free=7.4, wall=1976
2023-04-02 01:21:03 - progress_bar.py[line:272] - INFO: epoch 001:    484 / 1878 loss=4.615, loss_v1=0, loss_v2=0, nll_loss=3.587, ntokens=320, nsentences=64, sample_size=320, sample_size_v1=0, sample_size_v2=0, ppl=12.02, wps=78.3, ups=0.24, wpb=320, bsz=64, num_updates=480, lr=2.13144e-05, gnorm=7.133, clip=100, loss_scale=8, train_wall=41, gb_free=7.4, wall=2017
2023-04-02 01:21:44 - progress_bar.py[line:272] - INFO: epoch 001:    494 / 1878 loss=4.525, loss_v1=0, loss_v2=0, nll_loss=3.482, ntokens=320, nsentences=64, sample_size=320, sample_size_v1=0, sample_size_v2=0, ppl=11.17, wps=78, ups=0.24, wpb=320, bsz=64, num_updates=490, lr=2.17584e-05, gnorm=6.873, clip=100, loss_scale=8, train_wall=41, gb_free=7.4, wall=2058
slice_id 1 seek offset 5379
2023-04-02 01:22:25 - progress_bar.py[line:272] - INFO: epoch 001:    504 / 1878 loss=4.571, loss_v1=0, loss_v2=0, nll_loss=3.53, ntokens=320, nsentences=64, sample_size=320, sample_size_v1=0, sample_size_v2=0, ppl=11.55, wps=78.3, ups=0.24, wpb=320, bsz=64, num_updates=500, lr=2.22025e-05, gnorm=8.17, clip=100, loss_scale=8, train_wall=41, gb_free=7.4, wall=2099
2023-04-02 01:22:25 - train.py[line:445] - INFO: begin validation on "valid" subset
slice_id 0 seek offset 0
slice_id 0 seek offset 0
slice_id 1 seek offset 5379
/home/mogunleye/OFA/fairseq/fairseq/search.py:140: UserWarning: __floordiv__ is deprecated, and its behavior will change in a future version of pytorch. It currently rounds toward 0 (like the 'trunc' function NOT 'floor'). This results in incorrect rounding for negative values. To keep the current behavior, use torch.div(a, b, rounding_mode='trunc'), or for actual floor division, use torch.div(a, b, rounding_mode='floor').
  beams_buf = indices_buf // vocab_size
/home/mogunleye/OFA/fairseq/fairseq/search.py:140: UserWarning: __floordiv__ is deprecated, and its behavior will change in a future version of pytorch. It currently rounds toward 0 (like the 'trunc' function NOT 'floor'). This results in incorrect rounding for negative values. To keep the current behavior, use torch.div(a, b, rounding_mode='trunc'), or for actual floor division, use torch.div(a, b, rounding_mode='floor').
  beams_buf = indices_buf // vocab_size
/home/mogunleye/OFA/models/sequence_generator.py:705: UserWarning: __floordiv__ is deprecated, and its behavior will change in a future version of pytorch. It currently rounds toward 0 (like the 'trunc' function NOT 'floor'). This results in incorrect rounding for negative values. To keep the current behavior, use torch.div(a, b, rounding_mode='trunc'), or for actual floor division, use torch.div(a, b, rounding_mode='floor').
  unfin_idx = bbsz_idx // beam_size
/home/mogunleye/OFA/models/sequence_generator.py:705: UserWarning: __floordiv__ is deprecated, and its behavior will change in a future version of pytorch. It currently rounds toward 0 (like the 'trunc' function NOT 'floor'). This results in incorrect rounding for negative values. To keep the current behavior, use torch.div(a, b, rounding_mode='trunc'), or for actual floor division, use torch.div(a, b, rounding_mode='floor').
  unfin_idx = bbsz_idx // beam_size
2023-04-02 01:33:44 - progress_bar.py[line:282] - INFO: epoch 001 | valid on 'valid' subset | loss 4.591 | loss_v1 0 | loss_v2 0 | nll_loss 3.532 | ntokens 39.993 | nsentences 7.999 | sample_size 39.993 | sample_size_v1 0 | sample_size_v2 0 | ppl 11.57 | score 0.6525 | wps 79.3 | wpb 40 | bsz 8 | num_updates 500
2023-04-02 01:33:44 - checkpoint_utils.py[line:64] - INFO: Preparing to save checkpoint for epoch 1 @ 500 updates
2023-04-02 01:33:44 - trainer.py[line:431] - INFO: Saving checkpoint to ./refcocoplus_scratch_checkpoints/10_5e-5_512/checkpoint_1_500.pt
2023-04-02 01:34:01 - trainer.py[line:441] - INFO: Finished saving checkpoint to ./refcocoplus_scratch_checkpoints/10_5e-5_512/checkpoint_1_500.pt
2023-04-02 01:34:30 - checkpoint_utils.py[line:133] - INFO: Saved checkpoint ./refcocoplus_scratch_checkpoints/10_5e-5_512/checkpoint_1_500.pt (epoch 1 @ 500 updates, score 0.6525) (writing took 46.47993163857609 seconds)
2023-04-02 01:35:11 - progress_bar.py[line:272] - INFO: epoch 001:    514 / 1878 loss=4.607, loss_v1=0, loss_v2=0, nll_loss=3.582, ntokens=320, nsentences=64, sample_size=320, sample_size_v1=0, sample_size_v2=0, ppl=11.97, wps=4.2, ups=0.01, wpb=320, bsz=64, num_updates=510, lr=2.26465e-05, gnorm=6.645, clip=100, loss_scale=8, train_wall=40, gb_free=7.4, wall=2865
2023-04-02 01:35:51 - progress_bar.py[line:272] - INFO: epoch 001:    524 / 1878 loss=4.631, loss_v1=0, loss_v2=0, nll_loss=3.61, ntokens=320, nsentences=64, sample_size=320, sample_size_v1=0, sample_size_v2=0, ppl=12.21, wps=78.8, ups=0.25, wpb=320, bsz=64, num_updates=520, lr=2.30906e-05, gnorm=6.548, clip=100, loss_scale=16, train_wall=40, gb_free=7.4, wall=2905
2023-04-02 01:36:33 - progress_bar.py[line:272] - INFO: epoch 001:    534 / 1878 loss=4.606, loss_v1=0, loss_v2=0, nll_loss=3.58, ntokens=319.5, nsentences=63.9, sample_size=319.5, sample_size_v1=0, sample_size_v2=0, ppl=11.96, wps=77.6, ups=0.24, wpb=319.5, bsz=63.9, num_updates=530, lr=2.35346e-05, gnorm=7.45, clip=100, loss_scale=16, train_wall=41, gb_free=7.4, wall=2946
2023-04-02 01:37:13 - progress_bar.py[line:272] - INFO: epoch 001:    544 / 1878 loss=4.536, loss_v1=0, loss_v2=0, nll_loss=3.493, ntokens=320, nsentences=64, sample_size=320, sample_size_v1=0, sample_size_v2=0, ppl=11.26, wps=78.7, ups=0.25, wpb=320, bsz=64, num_updates=540, lr=2.39787e-05, gnorm=6.973, clip=100, loss_scale=16, train_wall=40, gb_free=7.4, wall=2987
2023-04-02 01:37:54 - progress_bar.py[line:272] - INFO: epoch 001:    554 / 1878 loss=4.551, loss_v1=0, loss_v2=0, nll_loss=3.519, ntokens=320, nsentences=64, sample_size=320, sample_size_v1=0, sample_size_v2=0, ppl=11.47, wps=78.4, ups=0.25, wpb=320, bsz=64, num_updates=550, lr=2.44227e-05, gnorm=6.526, clip=100, loss_scale=16, train_wall=41, gb_free=7.4, wall=3028
2023-04-02 01:38:35 - progress_bar.py[line:272] - INFO: epoch 001:    564 / 1878 loss=4.485, loss_v1=0, loss_v2=0, nll_loss=3.438, ntokens=320, nsentences=64, sample_size=320, sample_size_v1=0, sample_size_v2=0, ppl=10.84, wps=78.1, ups=0.24, wpb=320, bsz=64, num_updates=560, lr=2.48668e-05, gnorm=6.595, clip=100, loss_scale=16, train_wall=41, gb_free=7.4, wall=3069
2023-04-02 01:39:16 - progress_bar.py[line:272] - INFO: epoch 001:    574 / 1878 loss=4.575, loss_v1=0, loss_v2=0, nll_loss=3.553, ntokens=320, nsentences=64, sample_size=320, sample_size_v1=0, sample_size_v2=0, ppl=11.74, wps=78, ups=0.24, wpb=320, bsz=64, num_updates=570, lr=2.53108e-05, gnorm=6.661, clip=100, loss_scale=16, train_wall=41, gb_free=7.4, wall=3110
2023-04-02 01:39:57 - progress_bar.py[line:272] - INFO: epoch 001:    584 / 1878 loss=4.553, loss_v1=0, loss_v2=0, nll_loss=3.513, ntokens=320, nsentences=64, sample_size=320, sample_size_v1=0, sample_size_v2=0, ppl=11.42, wps=78, ups=0.24, wpb=320, bsz=64, num_updates=580, lr=2.57549e-05, gnorm=7.291, clip=100, loss_scale=16, train_wall=41, gb_free=7.4, wall=3151
2023-04-02 01:40:38 - progress_bar.py[line:272] - INFO: epoch 001:    594 / 1878 loss=4.503, loss_v1=0, loss_v2=0, nll_loss=3.469, ntokens=320, nsentences=64, sample_size=320, sample_size_v1=0, sample_size_v2=0, ppl=11.07, wps=78.1, ups=0.24, wpb=320, bsz=64, num_updates=590, lr=2.61989e-05, gnorm=6.844, clip=100, loss_scale=16, train_wall=41, gb_free=7.4, wall=3192
2023-04-02 01:41:19 - progress_bar.py[line:272] - INFO: epoch 001:    604 / 1878 loss=4.542, loss_v1=0, loss_v2=0, nll_loss=3.505, ntokens=320, nsentences=64, sample_size=320, sample_size_v1=0, sample_size_v2=0, ppl=11.35, wps=78.5, ups=0.25, wpb=320, bsz=64, num_updates=600, lr=2.6643e-05, gnorm=6.607, clip=100, loss_scale=16, train_wall=40, gb_free=7.4, wall=3233
2023-04-02 01:42:00 - progress_bar.py[line:272] - INFO: epoch 001:    614 / 1878 loss=4.494, loss_v1=0, loss_v2=0, nll_loss=3.462, ntokens=320, nsentences=64, sample_size=320, sample_size_v1=0, sample_size_v2=0, ppl=11.02, wps=78.4, ups=0.24, wpb=320, bsz=64, num_updates=610, lr=2.7087e-05, gnorm=6.072, clip=100, loss_scale=16, train_wall=41, gb_free=7.4, wall=3274
2023-04-02 01:42:41 - progress_bar.py[line:272] - INFO: epoch 001:    624 / 1878 loss=4.509, loss_v1=0, loss_v2=0, nll_loss=3.471, ntokens=320, nsentences=64, sample_size=320, sample_size_v1=0, sample_size_v2=0, ppl=11.09, wps=78.2, ups=0.24, wpb=320, bsz=64, num_updates=620, lr=2.75311e-05, gnorm=7.203, clip=100, loss_scale=16, train_wall=41, gb_free=7.4, wall=3314
2023-04-02 01:43:21 - progress_bar.py[line:272] - INFO: epoch 001:    634 / 1878 loss=4.499, loss_v1=0, loss_v2=0, nll_loss=3.472, ntokens=320, nsentences=64, sample_size=320, sample_size_v1=0, sample_size_v2=0, ppl=11.1, wps=78.7, ups=0.25, wpb=320, bsz=64, num_updates=630, lr=2.79751e-05, gnorm=6.584, clip=100, loss_scale=16, train_wall=40, gb_free=7.4, wall=3355
2023-04-02 01:44:02 - progress_bar.py[line:272] - INFO: epoch 001:    644 / 1878 loss=4.449, loss_v1=0, loss_v2=0, nll_loss=3.404, ntokens=320, nsentences=64, sample_size=320, sample_size_v1=0, sample_size_v2=0, ppl=10.58, wps=78.7, ups=0.25, wpb=320, bsz=64, num_updates=640, lr=2.84192e-05, gnorm=7.193, clip=100, loss_scale=16, train_wall=40, gb_free=7.4, wall=3396
2023-04-02 01:44:43 - progress_bar.py[line:272] - INFO: epoch 001:    654 / 1878 loss=4.481, loss_v1=0, loss_v2=0, nll_loss=3.447, ntokens=320, nsentences=64, sample_size=320, sample_size_v1=0, sample_size_v2=0, ppl=10.9, wps=78.8, ups=0.25, wpb=320, bsz=64, num_updates=650, lr=2.88632e-05, gnorm=6.909, clip=100, loss_scale=16, train_wall=40, gb_free=7.4, wall=3436
2023-04-02 01:45:23 - progress_bar.py[line:272] - INFO: epoch 001:    664 / 1878 loss=4.422, loss_v1=0, loss_v2=0, nll_loss=3.377, ntokens=320, nsentences=64, sample_size=320, sample_size_v1=0, sample_size_v2=0, ppl=10.39, wps=78.7, ups=0.25, wpb=320, bsz=64, num_updates=660, lr=2.93073e-05, gnorm=6.409, clip=100, loss_scale=16, train_wall=40, gb_free=7.4, wall=3477
2023-04-02 01:46:04 - progress_bar.py[line:272] - INFO: epoch 001:    674 / 1878 loss=4.478, loss_v1=0, loss_v2=0, nll_loss=3.442, ntokens=320, nsentences=64, sample_size=320, sample_size_v1=0, sample_size_v2=0, ppl=10.87, wps=78.4, ups=0.25, wpb=320, bsz=64, num_updates=670, lr=2.97513e-05, gnorm=6.701, clip=100, loss_scale=16, train_wall=41, gb_free=7.4, wall=3518
2023-04-02 01:46:45 - progress_bar.py[line:272] - INFO: epoch 001:    684 / 1878 loss=4.469, loss_v1=0, loss_v2=0, nll_loss=3.433, ntokens=320, nsentences=64, sample_size=320, sample_size_v1=0, sample_size_v2=0, ppl=10.8, wps=78.6, ups=0.25, wpb=320, bsz=64, num_updates=680, lr=3.01954e-05, gnorm=5.925, clip=100, loss_scale=16, train_wall=40, gb_free=7.4, wall=3559
2023-04-02 01:47:25 - progress_bar.py[line:272] - INFO: epoch 001:    694 / 1878 loss=4.471, loss_v1=0, loss_v2=0, nll_loss=3.438, ntokens=320, nsentences=64, sample_size=320, sample_size_v1=0, sample_size_v2=0, ppl=10.84, wps=78.5, ups=0.25, wpb=320, bsz=64, num_updates=690, lr=3.06394e-05, gnorm=6.679, clip=100, loss_scale=16, train_wall=40, gb_free=7.4, wall=3599
2023-04-02 01:48:06 - progress_bar.py[line:272] - INFO: epoch 001:    704 / 1878 loss=4.461, loss_v1=0, loss_v2=0, nll_loss=3.423, ntokens=320, nsentences=64, sample_size=320, sample_size_v1=0, sample_size_v2=0, ppl=10.73, wps=78.8, ups=0.25, wpb=320, bsz=64, num_updates=700, lr=3.10835e-05, gnorm=6.439, clip=100, loss_scale=16, train_wall=40, gb_free=7.4, wall=3640
2023-04-02 01:48:47 - progress_bar.py[line:272] - INFO: epoch 001:    714 / 1878 loss=4.394, loss_v1=0, loss_v2=0, nll_loss=3.345, ntokens=320, nsentences=64, sample_size=320, sample_size_v1=0, sample_size_v2=0, ppl=10.16, wps=78.3, ups=0.24, wpb=320, bsz=64, num_updates=710, lr=3.15275e-05, gnorm=6.681, clip=100, loss_scale=16, train_wall=41, gb_free=7.4, wall=3681
2023-04-02 01:49:28 - progress_bar.py[line:272] - INFO: epoch 001:    724 / 1878 loss=4.443, loss_v1=0, loss_v2=0, nll_loss=3.402, ntokens=320, nsentences=64, sample_size=320, sample_size_v1=0, sample_size_v2=0, ppl=10.57, wps=78.4, ups=0.25, wpb=320, bsz=64, num_updates=720, lr=3.19716e-05, gnorm=6.812, clip=100, loss_scale=16, train_wall=41, gb_free=7.4, wall=3722
2023-04-02 01:50:08 - progress_bar.py[line:272] - INFO: epoch 001:    734 / 1878 loss=4.424, loss_v1=0, loss_v2=0, nll_loss=3.382, ntokens=320, nsentences=64, sample_size=320, sample_size_v1=0, sample_size_v2=0, ppl=10.43, wps=78.5, ups=0.25, wpb=320, bsz=64, num_updates=730, lr=3.24156e-05, gnorm=5.81, clip=100, loss_scale=16, train_wall=41, gb_free=7.4, wall=3762
2023-04-02 01:50:49 - progress_bar.py[line:272] - INFO: epoch 001:    744 / 1878 loss=4.38, loss_v1=0, loss_v2=0, nll_loss=3.331, ntokens=320, nsentences=64, sample_size=320, sample_size_v1=0, sample_size_v2=0, ppl=10.06, wps=78.9, ups=0.25, wpb=320, bsz=64, num_updates=740, lr=3.28597e-05, gnorm=5.875, clip=100, loss_scale=16, train_wall=40, gb_free=7.3, wall=3803
2023-04-02 01:51:30 - progress_bar.py[line:272] - INFO: epoch 001:    754 / 1878 loss=4.387, loss_v1=0, loss_v2=0, nll_loss=3.344, ntokens=320, nsentences=64, sample_size=320, sample_size_v1=0, sample_size_v2=0, ppl=10.15, wps=78.7, ups=0.25, wpb=320, bsz=64, num_updates=750, lr=3.33037e-05, gnorm=6.231, clip=100, loss_scale=16, train_wall=40, gb_free=7.4, wall=3844
2023-04-02 01:52:11 - progress_bar.py[line:272] - INFO: epoch 001:    764 / 1878 loss=4.428, loss_v1=0, loss_v2=0, nll_loss=3.392, ntokens=320, nsentences=64, sample_size=320, sample_size_v1=0, sample_size_v2=0, ppl=10.5, wps=78.3, ups=0.24, wpb=320, bsz=64, num_updates=760, lr=3.37478e-05, gnorm=6.343, clip=100, loss_scale=16, train_wall=41, gb_free=7.4, wall=3884
2023-04-02 01:52:51 - progress_bar.py[line:272] - INFO: epoch 001:    774 / 1878 loss=4.435, loss_v1=0, loss_v2=0, nll_loss=3.395, ntokens=320, nsentences=64, sample_size=320, sample_size_v1=0, sample_size_v2=0, ppl=10.52, wps=78.3, ups=0.24, wpb=320, bsz=64, num_updates=770, lr=3.41918e-05, gnorm=5.818, clip=100, loss_scale=16, train_wall=41, gb_free=7.4, wall=3925
2023-04-02 01:53:32 - progress_bar.py[line:272] - INFO: epoch 001:    784 / 1878 loss=4.362, loss_v1=0, loss_v2=0, nll_loss=3.314, ntokens=320, nsentences=64, sample_size=320, sample_size_v1=0, sample_size_v2=0, ppl=9.95, wps=78.6, ups=0.25, wpb=320, bsz=64, num_updates=780, lr=3.46359e-05, gnorm=5.628, clip=100, loss_scale=16, train_wall=41, gb_free=7.5, wall=3966
2023-04-02 01:54:13 - progress_bar.py[line:272] - INFO: epoch 001:    794 / 1878 loss=4.398, loss_v1=0, loss_v2=0, nll_loss=3.354, ntokens=320, nsentences=64, sample_size=320, sample_size_v1=0, sample_size_v2=0, ppl=10.22, wps=78.4, ups=0.24, wpb=320, bsz=64, num_updates=790, lr=3.50799e-05, gnorm=6.125, clip=100, loss_scale=16, train_wall=41, gb_free=7.4, wall=4007
2023-04-02 01:54:54 - progress_bar.py[line:272] - INFO: epoch 001:    804 / 1878 loss=4.388, loss_v1=0, loss_v2=0, nll_loss=3.348, ntokens=320, nsentences=64, sample_size=320, sample_size_v1=0, sample_size_v2=0, ppl=10.18, wps=78.1, ups=0.24, wpb=320, bsz=64, num_updates=800, lr=3.5524e-05, gnorm=5.985, clip=100, loss_scale=16, train_wall=41, gb_free=7.4, wall=4048
2023-04-02 01:55:35 - progress_bar.py[line:272] - INFO: epoch 001:    814 / 1878 loss=4.374, loss_v1=0, loss_v2=0, nll_loss=3.329, ntokens=320, nsentences=64, sample_size=320, sample_size_v1=0, sample_size_v2=0, ppl=10.05, wps=77.8, ups=0.24, wpb=320, bsz=64, num_updates=810, lr=3.5968e-05, gnorm=5.896, clip=100, loss_scale=16, train_wall=41, gb_free=7.4, wall=4089
2023-04-02 01:56:16 - progress_bar.py[line:272] - INFO: epoch 001:    824 / 1878 loss=4.446, loss_v1=0, loss_v2=0, nll_loss=3.415, ntokens=320, nsentences=64, sample_size=320, sample_size_v1=0, sample_size_v2=0, ppl=10.66, wps=78.1, ups=0.24, wpb=320, bsz=64, num_updates=820, lr=3.64121e-05, gnorm=6.969, clip=100, loss_scale=16, train_wall=41, gb_free=7.4, wall=4130
2023-04-02 01:56:57 - progress_bar.py[line:272] - INFO: epoch 001:    834 / 1878 loss=4.442, loss_v1=0, loss_v2=0, nll_loss=3.41, ntokens=320, nsentences=64, sample_size=320, sample_size_v1=0, sample_size_v2=0, ppl=10.63, wps=78.3, ups=0.24, wpb=320, bsz=64, num_updates=830, lr=3.68561e-05, gnorm=6.161, clip=100, loss_scale=16, train_wall=41, gb_free=7.4, wall=4171
2023-04-02 01:57:38 - progress_bar.py[line:272] - INFO: epoch 001:    844 / 1878 loss=4.371, loss_v1=0, loss_v2=0, nll_loss=3.326, ntokens=320, nsentences=64, sample_size=320, sample_size_v1=0, sample_size_v2=0, ppl=10.03, wps=78.5, ups=0.25, wpb=320, bsz=64, num_updates=840, lr=3.73002e-05, gnorm=5.573, clip=100, loss_scale=16, train_wall=41, gb_free=7.4, wall=4212
2023-04-02 01:58:19 - progress_bar.py[line:272] - INFO: epoch 001:    854 / 1878 loss=4.451, loss_v1=0, loss_v2=0, nll_loss=3.415, ntokens=320, nsentences=64, sample_size=320, sample_size_v1=0, sample_size_v2=0, ppl=10.66, wps=78, ups=0.24, wpb=320, bsz=64, num_updates=850, lr=3.77442e-05, gnorm=6.55, clip=100, loss_scale=16, train_wall=41, gb_free=7.4, wall=4253
2023-04-02 01:59:00 - progress_bar.py[line:272] - INFO: epoch 001:    864 / 1878 loss=4.431, loss_v1=0, loss_v2=0, nll_loss=3.402, ntokens=320, nsentences=64, sample_size=320, sample_size_v1=0, sample_size_v2=0, ppl=10.57, wps=78.2, ups=0.24, wpb=320, bsz=64, num_updates=860, lr=3.81883e-05, gnorm=5.982, clip=100, loss_scale=16, train_wall=41, gb_free=7.4, wall=4294
2023-04-02 01:59:41 - progress_bar.py[line:272] - INFO: epoch 001:    874 / 1878 loss=4.414, loss_v1=0, loss_v2=0, nll_loss=3.375, ntokens=320, nsentences=64, sample_size=320, sample_size_v1=0, sample_size_v2=0, ppl=10.37, wps=78.3, ups=0.24, wpb=320, bsz=64, num_updates=870, lr=3.86323e-05, gnorm=5.981, clip=100, loss_scale=16, train_wall=41, gb_free=7.4, wall=4334
2023-04-02 02:00:21 - progress_bar.py[line:272] - INFO: epoch 001:    884 / 1878 loss=4.426, loss_v1=0, loss_v2=0, nll_loss=3.396, ntokens=320, nsentences=64, sample_size=320, sample_size_v1=0, sample_size_v2=0, ppl=10.53, wps=78.5, ups=0.25, wpb=320, bsz=64, num_updates=880, lr=3.90764e-05, gnorm=6.192, clip=100, loss_scale=16, train_wall=41, gb_free=7.4, wall=4375
2023-04-02 02:01:02 - progress_bar.py[line:272] - INFO: epoch 001:    894 / 1878 loss=4.348, loss_v1=0, loss_v2=0, nll_loss=3.296, ntokens=320, nsentences=64, sample_size=320, sample_size_v1=0, sample_size_v2=0, ppl=9.82, wps=78.8, ups=0.25, wpb=320, bsz=64, num_updates=890, lr=3.95204e-05, gnorm=6.173, clip=100, loss_scale=16, train_wall=40, gb_free=7.4, wall=4416
2023-04-02 02:01:43 - progress_bar.py[line:272] - INFO: epoch 001:    904 / 1878 loss=4.305, loss_v1=0, loss_v2=0, nll_loss=3.252, ntokens=320, nsentences=64, sample_size=320, sample_size_v1=0, sample_size_v2=0, ppl=9.53, wps=78.7, ups=0.25, wpb=320, bsz=64, num_updates=900, lr=3.99645e-05, gnorm=5.415, clip=100, loss_scale=16, train_wall=40, gb_free=7.4, wall=4456
2023-04-02 02:02:23 - progress_bar.py[line:272] - INFO: epoch 001:    914 / 1878 loss=4.391, loss_v1=0, loss_v2=0, nll_loss=3.357, ntokens=320, nsentences=64, sample_size=320, sample_size_v1=0, sample_size_v2=0, ppl=10.25, wps=78.3, ups=0.24, wpb=320, bsz=64, num_updates=910, lr=4.04085e-05, gnorm=5.869, clip=100, loss_scale=16, train_wall=41, gb_free=7.4, wall=4497
2023-04-02 02:03:04 - progress_bar.py[line:272] - INFO: epoch 001:    924 / 1878 loss=4.359, loss_v1=0, loss_v2=0, nll_loss=3.323, ntokens=320, nsentences=64, sample_size=320, sample_size_v1=0, sample_size_v2=0, ppl=10.01, wps=78.6, ups=0.25, wpb=320, bsz=64, num_updates=920, lr=4.08526e-05, gnorm=5.935, clip=100, loss_scale=16, train_wall=40, gb_free=7.4, wall=4538
2023-04-02 02:03:45 - progress_bar.py[line:272] - INFO: epoch 001:    934 / 1878 loss=4.321, loss_v1=0, loss_v2=0, nll_loss=3.273, ntokens=320, nsentences=64, sample_size=320, sample_size_v1=0, sample_size_v2=0, ppl=9.67, wps=78.5, ups=0.25, wpb=320, bsz=64, num_updates=930, lr=4.12966e-05, gnorm=5.802, clip=100, loss_scale=16, train_wall=41, gb_free=7.4, wall=4579
2023-04-02 02:04:26 - progress_bar.py[line:272] - INFO: epoch 001:    944 / 1878 loss=4.351, loss_v1=0, loss_v2=0, nll_loss=3.307, ntokens=320, nsentences=64, sample_size=320, sample_size_v1=0, sample_size_v2=0, ppl=9.9, wps=78.4, ups=0.25, wpb=320, bsz=64, num_updates=940, lr=4.17407e-05, gnorm=5.944, clip=100, loss_scale=16, train_wall=41, gb_free=7.4, wall=4620
2023-04-02 02:05:07 - progress_bar.py[line:272] - INFO: epoch 001:    954 / 1878 loss=4.356, loss_v1=0, loss_v2=0, nll_loss=3.319, ntokens=320, nsentences=64, sample_size=320, sample_size_v1=0, sample_size_v2=0, ppl=9.98, wps=77.7, ups=0.24, wpb=320, bsz=64, num_updates=950, lr=4.21847e-05, gnorm=5.811, clip=100, loss_scale=16, train_wall=41, gb_free=7.4, wall=4661
2023-04-02 02:05:48 - progress_bar.py[line:272] - INFO: epoch 001:    964 / 1878 loss=4.312, loss_v1=0, loss_v2=0, nll_loss=3.263, ntokens=320, nsentences=64, sample_size=320, sample_size_v1=0, sample_size_v2=0, ppl=9.6, wps=78.3, ups=0.24, wpb=320, bsz=64, num_updates=960, lr=4.26288e-05, gnorm=6.305, clip=100, loss_scale=16, train_wall=41, gb_free=7.4, wall=4702
2023-04-02 02:06:29 - progress_bar.py[line:272] - INFO: epoch 001:    974 / 1878 loss=4.304, loss_v1=0, loss_v2=0, nll_loss=3.262, ntokens=320, nsentences=64, sample_size=320, sample_size_v1=0, sample_size_v2=0, ppl=9.59, wps=78.4, ups=0.24, wpb=320, bsz=64, num_updates=970, lr=4.30728e-05, gnorm=6.106, clip=100, loss_scale=16, train_wall=41, gb_free=7.4, wall=4743
2023-04-02 02:07:09 - progress_bar.py[line:272] - INFO: epoch 001:    984 / 1878 loss=4.318, loss_v1=0, loss_v2=0, nll_loss=3.271, ntokens=320, nsentences=64, sample_size=320, sample_size_v1=0, sample_size_v2=0, ppl=9.65, wps=78.3, ups=0.24, wpb=320, bsz=64, num_updates=980, lr=4.35169e-05, gnorm=6.136, clip=100, loss_scale=16, train_wall=41, gb_free=7.4, wall=4783
2023-04-02 02:07:51 - progress_bar.py[line:272] - INFO: epoch 001:    994 / 1878 loss=4.38, loss_v1=0, loss_v2=0, nll_loss=3.349, ntokens=320, nsentences=64, sample_size=320, sample_size_v1=0, sample_size_v2=0, ppl=10.19, wps=77.7, ups=0.24, wpb=320, bsz=64, num_updates=990, lr=4.39609e-05, gnorm=6.188, clip=100, loss_scale=16, train_wall=41, gb_free=7.4, wall=4825
slice_id 1 seek offset 5379
2023-04-02 02:08:32 - progress_bar.py[line:272] - INFO: epoch 001:   1004 / 1878 loss=4.335, loss_v1=0, loss_v2=0, nll_loss=3.29, ntokens=320, nsentences=64, sample_size=320, sample_size_v1=0, sample_size_v2=0, ppl=9.78, wps=77.8, ups=0.24, wpb=320, bsz=64, num_updates=1000, lr=4.4405e-05, gnorm=6.454, clip=100, loss_scale=16, train_wall=41, gb_free=7.4, wall=4866
2023-04-02 02:08:32 - train.py[line:445] - INFO: begin validation on "valid" subset
slice_id 0 seek offset 0
slice_id 1 seek offset 5379
slice_id 0 seek offset 0
2023-04-02 02:19:50 - progress_bar.py[line:282] - INFO: epoch 001 | valid on 'valid' subset | loss 4.391 | loss_v1 0 | loss_v2 0 | nll_loss 3.34 | ntokens 39.993 | nsentences 7.999 | sample_size 39.993 | sample_size_v1 0 | sample_size_v2 0 | ppl 10.13 | score 0.7373 | wps 79.4 | wpb 40 | bsz 8 | num_updates 1000 | best_score 0.7373
2023-04-02 02:19:50 - checkpoint_utils.py[line:64] - INFO: Preparing to save checkpoint for epoch 1 @ 1000 updates
2023-04-02 02:19:50 - trainer.py[line:431] - INFO: Saving checkpoint to ./refcocoplus_scratch_checkpoints/10_5e-5_512/checkpoint_1_1000.pt
2023-04-02 02:20:09 - trainer.py[line:441] - INFO: Finished saving checkpoint to ./refcocoplus_scratch_checkpoints/10_5e-5_512/checkpoint_1_1000.pt
2023-04-02 02:20:39 - checkpoint_utils.py[line:133] - INFO: Saved checkpoint ./refcocoplus_scratch_checkpoints/10_5e-5_512/checkpoint_1_1000.pt (epoch 1 @ 1000 updates, score 0.7373) (writing took 49.80005539674312 seconds)
2023-04-02 02:21:20 - progress_bar.py[line:272] - INFO: epoch 001:   1014 / 1878 loss=4.324, loss_v1=0, loss_v2=0, nll_loss=3.285, ntokens=320, nsentences=64, sample_size=320, sample_size_v1=0, sample_size_v2=0, ppl=9.75, wps=4.2, ups=0.01, wpb=320, bsz=64, num_updates=1010, lr=4.4849e-05, gnorm=5.766, clip=100, loss_scale=16, train_wall=40, gb_free=7.4, wall=5634
2023-04-02 02:22:01 - progress_bar.py[line:272] - INFO: epoch 001:   1024 / 1878 loss=4.323, loss_v1=0, loss_v2=0, nll_loss=3.286, ntokens=320, nsentences=64, sample_size=320, sample_size_v1=0, sample_size_v2=0, ppl=9.75, wps=78.1, ups=0.24, wpb=320, bsz=64, num_updates=1020, lr=4.52931e-05, gnorm=5.843, clip=100, loss_scale=16, train_wall=41, gb_free=7.4, wall=5675
2023-04-02 02:22:41 - progress_bar.py[line:272] - INFO: epoch 001:   1034 / 1878 loss=4.357, loss_v1=0, loss_v2=0, nll_loss=3.318, ntokens=320, nsentences=64, sample_size=320, sample_size_v1=0, sample_size_v2=0, ppl=9.98, wps=78.5, ups=0.25, wpb=320, bsz=64, num_updates=1030, lr=4.57371e-05, gnorm=5.492, clip=100, loss_scale=32, train_wall=40, gb_free=7.5, wall=5715
2023-04-02 02:23:22 - progress_bar.py[line:272] - INFO: epoch 001:   1044 / 1878 loss=4.342, loss_v1=0, loss_v2=0, nll_loss=3.305, ntokens=320, nsentences=64, sample_size=320, sample_size_v1=0, sample_size_v2=0, ppl=9.89, wps=78.7, ups=0.25, wpb=320, bsz=64, num_updates=1040, lr=4.61812e-05, gnorm=5.643, clip=100, loss_scale=32, train_wall=40, gb_free=7.4, wall=5756
2023-04-02 02:24:03 - progress_bar.py[line:272] - INFO: epoch 001:   1054 / 1878 loss=4.367, loss_v1=0, loss_v2=0, nll_loss=3.337, ntokens=320, nsentences=64, sample_size=320, sample_size_v1=0, sample_size_v2=0, ppl=10.11, wps=78.3, ups=0.24, wpb=320, bsz=64, num_updates=1050, lr=4.66252e-05, gnorm=5.463, clip=100, loss_scale=32, train_wall=41, gb_free=7.4, wall=5797
2023-04-02 02:24:44 - progress_bar.py[line:272] - INFO: epoch 001:   1064 / 1878 loss=4.344, loss_v1=0, loss_v2=0, nll_loss=3.303, ntokens=320, nsentences=64, sample_size=320, sample_size_v1=0, sample_size_v2=0, ppl=9.87, wps=78.1, ups=0.24, wpb=320, bsz=64, num_updates=1060, lr=4.70693e-05, gnorm=5.646, clip=100, loss_scale=32, train_wall=41, gb_free=7.4, wall=5838
2023-04-02 02:25:25 - progress_bar.py[line:272] - INFO: epoch 001:   1074 / 1878 loss=4.322, loss_v1=0, loss_v2=0, nll_loss=3.285, ntokens=320, nsentences=64, sample_size=320, sample_size_v1=0, sample_size_v2=0, ppl=9.74, wps=78.3, ups=0.24, wpb=320, bsz=64, num_updates=1070, lr=4.75133e-05, gnorm=6.347, clip=100, loss_scale=32, train_wall=41, gb_free=7.4, wall=5879
2023-04-02 02:26:05 - progress_bar.py[line:272] - INFO: epoch 001:   1084 / 1878 loss=4.29, loss_v1=0, loss_v2=0, nll_loss=3.247, ntokens=320, nsentences=64, sample_size=320, sample_size_v1=0, sample_size_v2=0, ppl=9.49, wps=78.5, ups=0.25, wpb=320, bsz=64, num_updates=1080, lr=4.79574e-05, gnorm=5.469, clip=100, loss_scale=32, train_wall=40, gb_free=7.4, wall=5919
2023-04-02 02:26:46 - progress_bar.py[line:272] - INFO: epoch 001:   1094 / 1878 loss=4.287, loss_v1=0, loss_v2=0, nll_loss=3.246, ntokens=320, nsentences=64, sample_size=320, sample_size_v1=0, sample_size_v2=0, ppl=9.49, wps=78.3, ups=0.24, wpb=320, bsz=64, num_updates=1090, lr=4.84014e-05, gnorm=5.476, clip=100, loss_scale=32, train_wall=41, gb_free=7.4, wall=5960
2023-04-02 02:27:28 - progress_bar.py[line:272] - INFO: epoch 001:   1104 / 1878 loss=4.345, loss_v1=0, loss_v2=0, nll_loss=3.305, ntokens=320, nsentences=64, sample_size=320, sample_size_v1=0, sample_size_v2=0, ppl=9.88, wps=77.8, ups=0.24, wpb=320, bsz=64, num_updates=1100, lr=4.88455e-05, gnorm=5.789, clip=100, loss_scale=32, train_wall=41, gb_free=7.4, wall=6001
2023-04-02 02:28:09 - progress_bar.py[line:272] - INFO: epoch 001:   1114 / 1878 loss=4.297, loss_v1=0, loss_v2=0, nll_loss=3.262, ntokens=320, nsentences=64, sample_size=320, sample_size_v1=0, sample_size_v2=0, ppl=9.59, wps=78, ups=0.24, wpb=320, bsz=64, num_updates=1110, lr=4.92895e-05, gnorm=6.03, clip=100, loss_scale=32, train_wall=41, gb_free=7.4, wall=6042
2023-04-02 02:28:50 - progress_bar.py[line:272] - INFO: epoch 001:   1124 / 1878 loss=4.231, loss_v1=0, loss_v2=0, nll_loss=3.178, ntokens=320, nsentences=64, sample_size=320, sample_size_v1=0, sample_size_v2=0, ppl=9.05, wps=78, ups=0.24, wpb=320, bsz=64, num_updates=1120, lr=4.97336e-05, gnorm=5.926, clip=100, loss_scale=32, train_wall=41, gb_free=7.4, wall=6083
2023-04-02 02:29:31 - progress_bar.py[line:272] - INFO: epoch 001:   1134 / 1878 loss=4.273, loss_v1=0, loss_v2=0, nll_loss=3.23, ntokens=320, nsentences=64, sample_size=320, sample_size_v1=0, sample_size_v2=0, ppl=9.38, wps=77.4, ups=0.24, wpb=320, bsz=64, num_updates=1130, lr=4.99887e-05, gnorm=5.761, clip=100, loss_scale=32, train_wall=41, gb_free=7.4, wall=6125
2023-04-02 02:30:12 - progress_bar.py[line:272] - INFO: epoch 001:   1144 / 1878 loss=4.328, loss_v1=0, loss_v2=0, nll_loss=3.287, ntokens=320, nsentences=64, sample_size=320, sample_size_v1=0, sample_size_v2=0, ppl=9.76, wps=78.5, ups=0.25, wpb=320, bsz=64, num_updates=1140, lr=4.99603e-05, gnorm=5.795, clip=100, loss_scale=32, train_wall=41, gb_free=7.4, wall=6166
2023-04-02 02:30:53 - progress_bar.py[line:272] - INFO: epoch 001:   1154 / 1878 loss=4.323, loss_v1=0, loss_v2=0, nll_loss=3.291, ntokens=320, nsentences=64, sample_size=320, sample_size_v1=0, sample_size_v2=0, ppl=9.79, wps=78.3, ups=0.24, wpb=320, bsz=64, num_updates=1150, lr=4.9932e-05, gnorm=5.385, clip=100, loss_scale=32, train_wall=41, gb_free=7.4, wall=6206
2023-04-02 02:31:34 - progress_bar.py[line:272] - INFO: epoch 001:   1164 / 1878 loss=4.285, loss_v1=0, loss_v2=0, nll_loss=3.23, ntokens=320, nsentences=64, sample_size=320, sample_size_v1=0, sample_size_v2=0, ppl=9.38, wps=78.1, ups=0.24, wpb=320, bsz=64, num_updates=1160, lr=4.99037e-05, gnorm=5.713, clip=100, loss_scale=32, train_wall=41, gb_free=7.4, wall=6247
2023-04-02 02:32:15 - progress_bar.py[line:272] - INFO: epoch 001:   1174 / 1878 loss=4.302, loss_v1=0, loss_v2=0, nll_loss=3.277, ntokens=320, nsentences=64, sample_size=320, sample_size_v1=0, sample_size_v2=0, ppl=9.69, wps=77.5, ups=0.24, wpb=320, bsz=64, num_updates=1170, lr=4.98754e-05, gnorm=5.516, clip=100, loss_scale=32, train_wall=41, gb_free=7.4, wall=6289
2023-04-02 02:32:56 - progress_bar.py[line:272] - INFO: epoch 001:   1184 / 1878 loss=4.306, loss_v1=0, loss_v2=0, nll_loss=3.257, ntokens=320, nsentences=64, sample_size=320, sample_size_v1=0, sample_size_v2=0, ppl=9.56, wps=78.3, ups=0.24, wpb=320, bsz=64, num_updates=1180, lr=4.98471e-05, gnorm=5.985, clip=100, loss_scale=32, train_wall=41, gb_free=7.4, wall=6330
2023-04-02 02:33:37 - progress_bar.py[line:272] - INFO: epoch 001:   1194 / 1878 loss=4.308, loss_v1=0, loss_v2=0, nll_loss=3.274, ntokens=320, nsentences=64, sample_size=320, sample_size_v1=0, sample_size_v2=0, ppl=9.68, wps=78.4, ups=0.24, wpb=320, bsz=64, num_updates=1190, lr=4.98187e-05, gnorm=5.913, clip=100, loss_scale=32, train_wall=41, gb_free=7.4, wall=6370
2023-04-02 02:34:17 - progress_bar.py[line:272] - INFO: epoch 001:   1204 / 1878 loss=4.274, loss_v1=0, loss_v2=0, nll_loss=3.229, ntokens=320, nsentences=64, sample_size=320, sample_size_v1=0, sample_size_v2=0, ppl=9.37, wps=78.6, ups=0.25, wpb=320, bsz=64, num_updates=1200, lr=4.97904e-05, gnorm=6.602, clip=100, loss_scale=32, train_wall=40, gb_free=7.4, wall=6411
2023-04-02 02:34:58 - progress_bar.py[line:272] - INFO: epoch 001:   1214 / 1878 loss=4.259, loss_v1=0, loss_v2=0, nll_loss=3.213, ntokens=320, nsentences=64, sample_size=320, sample_size_v1=0, sample_size_v2=0, ppl=9.27, wps=78.3, ups=0.24, wpb=320, bsz=64, num_updates=1210, lr=4.97621e-05, gnorm=6.596, clip=100, loss_scale=32, train_wall=41, gb_free=7.4, wall=6452
2023-04-02 02:35:39 - progress_bar.py[line:272] - INFO: epoch 001:   1224 / 1878 loss=4.237, loss_v1=0, loss_v2=0, nll_loss=3.194, ntokens=320, nsentences=64, sample_size=320, sample_size_v1=0, sample_size_v2=0, ppl=9.15, wps=78.5, ups=0.25, wpb=320, bsz=64, num_updates=1220, lr=4.97338e-05, gnorm=5.848, clip=100, loss_scale=32, train_wall=40, gb_free=7.4, wall=6493
2023-04-02 02:36:20 - progress_bar.py[line:272] - INFO: epoch 001:   1234 / 1878 loss=4.304, loss_v1=0, loss_v2=0, nll_loss=3.262, ntokens=320, nsentences=64, sample_size=320, sample_size_v1=0, sample_size_v2=0, ppl=9.59, wps=78.5, ups=0.25, wpb=320, bsz=64, num_updates=1230, lr=4.97054e-05, gnorm=6.178, clip=100, loss_scale=32, train_wall=41, gb_free=7.4, wall=6533
2023-04-02 02:37:01 - progress_bar.py[line:272] - INFO: epoch 001:   1244 / 1878 loss=4.217, loss_v1=0, loss_v2=0, nll_loss=3.17, ntokens=320, nsentences=64, sample_size=320, sample_size_v1=0, sample_size_v2=0, ppl=9, wps=77.6, ups=0.24, wpb=320, bsz=64, num_updates=1240, lr=4.96771e-05, gnorm=5.279, clip=100, loss_scale=32, train_wall=41, gb_free=7.4, wall=6575
2023-04-02 02:37:42 - progress_bar.py[line:272] - INFO: epoch 001:   1254 / 1878 loss=4.263, loss_v1=0, loss_v2=0, nll_loss=3.217, ntokens=320, nsentences=64, sample_size=320, sample_size_v1=0, sample_size_v2=0, ppl=9.3, wps=77.7, ups=0.24, wpb=320, bsz=64, num_updates=1250, lr=4.96488e-05, gnorm=5.485, clip=100, loss_scale=32, train_wall=41, gb_free=7.4, wall=6616
2023-04-02 02:38:23 - progress_bar.py[line:272] - INFO: epoch 001:   1264 / 1878 loss=4.258, loss_v1=0, loss_v2=0, nll_loss=3.216, ntokens=320, nsentences=64, sample_size=320, sample_size_v1=0, sample_size_v2=0, ppl=9.29, wps=78, ups=0.24, wpb=320, bsz=64, num_updates=1260, lr=4.96205e-05, gnorm=5.844, clip=100, loss_scale=32, train_wall=41, gb_free=7.4, wall=6657
2023-04-02 02:39:04 - progress_bar.py[line:272] - INFO: epoch 001:   1274 / 1878 loss=4.191, loss_v1=0, loss_v2=0, nll_loss=3.139, ntokens=320, nsentences=64, sample_size=320, sample_size_v1=0, sample_size_v2=0, ppl=8.81, wps=77.9, ups=0.24, wpb=320, bsz=64, num_updates=1270, lr=4.95922e-05, gnorm=6.644, clip=100, loss_scale=32, train_wall=41, gb_free=7.4, wall=6698
2023-04-02 02:39:45 - progress_bar.py[line:272] - INFO: epoch 001:   1284 / 1878 loss=4.218, loss_v1=0, loss_v2=0, nll_loss=3.17, ntokens=320, nsentences=64, sample_size=320, sample_size_v1=0, sample_size_v2=0, ppl=9, wps=79, ups=0.25, wpb=320, bsz=64, num_updates=1280, lr=4.95638e-05, gnorm=6.206, clip=100, loss_scale=32, train_wall=40, gb_free=7.4, wall=6739
2023-04-02 02:40:26 - progress_bar.py[line:272] - INFO: epoch 001:   1294 / 1878 loss=4.215, loss_v1=0, loss_v2=0, nll_loss=3.168, ntokens=320, nsentences=64, sample_size=320, sample_size_v1=0, sample_size_v2=0, ppl=8.99, wps=78.2, ups=0.24, wpb=320, bsz=64, num_updates=1290, lr=4.95355e-05, gnorm=5.778, clip=100, loss_scale=32, train_wall=41, gb_free=7.4, wall=6779
2023-04-02 02:41:07 - progress_bar.py[line:272] - INFO: epoch 001:   1304 / 1878 loss=4.258, loss_v1=0, loss_v2=0, nll_loss=3.215, ntokens=320, nsentences=64, sample_size=320, sample_size_v1=0, sample_size_v2=0, ppl=9.28, wps=78, ups=0.24, wpb=320, bsz=64, num_updates=1300, lr=4.95072e-05, gnorm=5.382, clip=100, loss_scale=32, train_wall=41, gb_free=7.4, wall=6820
2023-04-02 02:41:48 - progress_bar.py[line:272] - INFO: epoch 001:   1314 / 1878 loss=4.277, loss_v1=0, loss_v2=0, nll_loss=3.238, ntokens=320, nsentences=64, sample_size=320, sample_size_v1=0, sample_size_v2=0, ppl=9.44, wps=78, ups=0.24, wpb=320, bsz=64, num_updates=1310, lr=4.94789e-05, gnorm=6.116, clip=100, loss_scale=32, train_wall=41, gb_free=7.4, wall=6861
2023-04-02 02:42:28 - progress_bar.py[line:272] - INFO: epoch 001:   1324 / 1878 loss=4.249, loss_v1=0, loss_v2=0, nll_loss=3.201, ntokens=320, nsentences=64, sample_size=320, sample_size_v1=0, sample_size_v2=0, ppl=9.2, wps=78.6, ups=0.25, wpb=320, bsz=64, num_updates=1320, lr=4.94505e-05, gnorm=5.367, clip=100, loss_scale=32, train_wall=40, gb_free=7.4, wall=6902
2023-04-02 02:43:09 - progress_bar.py[line:272] - INFO: epoch 001:   1334 / 1878 loss=4.228, loss_v1=0, loss_v2=0, nll_loss=3.183, ntokens=320, nsentences=64, sample_size=320, sample_size_v1=0, sample_size_v2=0, ppl=9.08, wps=78.2, ups=0.24, wpb=320, bsz=64, num_updates=1330, lr=4.94222e-05, gnorm=5.767, clip=100, loss_scale=32, train_wall=41, gb_free=7.4, wall=6943
2023-04-02 02:43:50 - progress_bar.py[line:272] - INFO: epoch 001:   1344 / 1878 loss=4.185, loss_v1=0, loss_v2=0, nll_loss=3.136, ntokens=320, nsentences=64, sample_size=320, sample_size_v1=0, sample_size_v2=0, ppl=8.79, wps=77.8, ups=0.24, wpb=320, bsz=64, num_updates=1340, lr=4.93939e-05, gnorm=5.458, clip=100, loss_scale=32, train_wall=41, gb_free=7.4, wall=6984
2023-04-02 02:44:31 - progress_bar.py[line:272] - INFO: epoch 001:   1354 / 1878 loss=4.233, loss_v1=0, loss_v2=0, nll_loss=3.185, ntokens=320, nsentences=64, sample_size=320, sample_size_v1=0, sample_size_v2=0, ppl=9.09, wps=78, ups=0.24, wpb=320, bsz=64, num_updates=1350, lr=4.93656e-05, gnorm=5.603, clip=100, loss_scale=32, train_wall=41, gb_free=7.4, wall=7025
2023-04-02 02:45:12 - progress_bar.py[line:272] - INFO: epoch 001:   1364 / 1878 loss=4.226, loss_v1=0, loss_v2=0, nll_loss=3.179, ntokens=320, nsentences=64, sample_size=320, sample_size_v1=0, sample_size_v2=0, ppl=9.05, wps=77.9, ups=0.24, wpb=320, bsz=64, num_updates=1360, lr=4.93373e-05, gnorm=5.714, clip=100, loss_scale=32, train_wall=41, gb_free=7.4, wall=7066
2023-04-02 02:45:54 - progress_bar.py[line:272] - INFO: epoch 001:   1374 / 1878 loss=4.278, loss_v1=0, loss_v2=0, nll_loss=3.24, ntokens=320, nsentences=64, sample_size=320, sample_size_v1=0, sample_size_v2=0, ppl=9.45, wps=77.7, ups=0.24, wpb=320, bsz=64, num_updates=1370, lr=4.93089e-05, gnorm=5.532, clip=100, loss_scale=32, train_wall=41, gb_free=7.4, wall=7108
2023-04-02 02:46:35 - progress_bar.py[line:272] - INFO: epoch 001:   1384 / 1878 loss=4.248, loss_v1=0, loss_v2=0, nll_loss=3.202, ntokens=320, nsentences=64, sample_size=320, sample_size_v1=0, sample_size_v2=0, ppl=9.2, wps=78.2, ups=0.24, wpb=320, bsz=64, num_updates=1380, lr=4.92806e-05, gnorm=5.963, clip=100, loss_scale=32, train_wall=41, gb_free=7.4, wall=7148
2023-04-02 02:47:15 - progress_bar.py[line:272] - INFO: epoch 001:   1394 / 1878 loss=4.209, loss_v1=0, loss_v2=0, nll_loss=3.155, ntokens=320, nsentences=64, sample_size=320, sample_size_v1=0, sample_size_v2=0, ppl=8.91, wps=78.2, ups=0.24, wpb=320, bsz=64, num_updates=1390, lr=4.92523e-05, gnorm=5.189, clip=100, loss_scale=32, train_wall=41, gb_free=7.4, wall=7189
2023-04-02 02:47:56 - progress_bar.py[line:272] - INFO: epoch 001:   1404 / 1878 loss=4.177, loss_v1=0, loss_v2=0, nll_loss=3.129, ntokens=320, nsentences=64, sample_size=320, sample_size_v1=0, sample_size_v2=0, ppl=8.75, wps=78.1, ups=0.24, wpb=320, bsz=64, num_updates=1400, lr=4.9224e-05, gnorm=6.328, clip=100, loss_scale=32, train_wall=41, gb_free=7.4, wall=7230
2023-04-02 02:48:38 - progress_bar.py[line:272] - INFO: epoch 001:   1414 / 1878 loss=4.212, loss_v1=0, loss_v2=0, nll_loss=3.159, ntokens=320, nsentences=64, sample_size=320, sample_size_v1=0, sample_size_v2=0, ppl=8.93, wps=77.9, ups=0.24, wpb=320, bsz=64, num_updates=1410, lr=4.91956e-05, gnorm=5.312, clip=100, loss_scale=32, train_wall=41, gb_free=7.4, wall=7271
2023-04-02 02:49:19 - progress_bar.py[line:272] - INFO: epoch 001:   1424 / 1878 loss=4.211, loss_v1=0, loss_v2=0, nll_loss=3.163, ntokens=320, nsentences=64, sample_size=320, sample_size_v1=0, sample_size_v2=0, ppl=8.96, wps=78.1, ups=0.24, wpb=320, bsz=64, num_updates=1420, lr=4.91673e-05, gnorm=6.034, clip=100, loss_scale=32, train_wall=41, gb_free=7.4, wall=7312
2023-04-02 02:50:00 - progress_bar.py[line:272] - INFO: epoch 001:   1434 / 1878 loss=4.207, loss_v1=0, loss_v2=0, nll_loss=3.157, ntokens=320, nsentences=64, sample_size=320, sample_size_v1=0, sample_size_v2=0, ppl=8.92, wps=78, ups=0.24, wpb=320, bsz=64, num_updates=1430, lr=4.9139e-05, gnorm=6.094, clip=100, loss_scale=32, train_wall=41, gb_free=7.4, wall=7353
2023-04-02 02:50:40 - progress_bar.py[line:272] - INFO: epoch 001:   1444 / 1878 loss=4.17, loss_v1=0, loss_v2=0, nll_loss=3.116, ntokens=320, nsentences=64, sample_size=320, sample_size_v1=0, sample_size_v2=0, ppl=8.67, wps=78.3, ups=0.24, wpb=320, bsz=64, num_updates=1440, lr=4.91107e-05, gnorm=6.306, clip=100, loss_scale=32, train_wall=41, gb_free=7.4, wall=7394
2023-04-02 02:51:21 - progress_bar.py[line:272] - INFO: epoch 001:   1454 / 1878 loss=4.217, loss_v1=0, loss_v2=0, nll_loss=3.174, ntokens=320, nsentences=64, sample_size=320, sample_size_v1=0, sample_size_v2=0, ppl=9.03, wps=77.9, ups=0.24, wpb=320, bsz=64, num_updates=1450, lr=4.90824e-05, gnorm=5.602, clip=100, loss_scale=32, train_wall=41, gb_free=7.4, wall=7435
2023-04-02 02:52:03 - progress_bar.py[line:272] - INFO: epoch 001:   1464 / 1878 loss=4.234, loss_v1=0, loss_v2=0, nll_loss=3.191, ntokens=320, nsentences=64, sample_size=320, sample_size_v1=0, sample_size_v2=0, ppl=9.13, wps=78, ups=0.24, wpb=320, bsz=64, num_updates=1460, lr=4.9054e-05, gnorm=6.058, clip=100, loss_scale=32, train_wall=41, gb_free=7.4, wall=7476
2023-04-02 02:52:44 - progress_bar.py[line:272] - INFO: epoch 001:   1474 / 1878 loss=4.189, loss_v1=0, loss_v2=0, nll_loss=3.134, ntokens=320, nsentences=64, sample_size=320, sample_size_v1=0, sample_size_v2=0, ppl=8.78, wps=78, ups=0.24, wpb=320, bsz=64, num_updates=1470, lr=4.90257e-05, gnorm=5.709, clip=100, loss_scale=32, train_wall=41, gb_free=7.4, wall=7517
2023-04-02 02:53:24 - progress_bar.py[line:272] - INFO: epoch 001:   1484 / 1878 loss=4.207, loss_v1=0, loss_v2=0, nll_loss=3.161, ntokens=320, nsentences=64, sample_size=320, sample_size_v1=0, sample_size_v2=0, ppl=8.95, wps=78.5, ups=0.25, wpb=320, bsz=64, num_updates=1480, lr=4.89974e-05, gnorm=5.836, clip=100, loss_scale=32, train_wall=41, gb_free=7.4, wall=7558
2023-04-02 02:54:05 - progress_bar.py[line:272] - INFO: epoch 001:   1494 / 1878 loss=4.165, loss_v1=0, loss_v2=0, nll_loss=3.115, ntokens=320, nsentences=64, sample_size=320, sample_size_v1=0, sample_size_v2=0, ppl=8.66, wps=77.9, ups=0.24, wpb=320, bsz=64, num_updates=1490, lr=4.89691e-05, gnorm=6.028, clip=100, loss_scale=32, train_wall=41, gb_free=7.4, wall=7599
2023-04-02 02:54:46 - progress_bar.py[line:272] - INFO: epoch 001:   1504 / 1878 loss=4.139, loss_v1=0, loss_v2=0, nll_loss=3.081, ntokens=320, nsentences=64, sample_size=320, sample_size_v1=0, sample_size_v2=0, ppl=8.46, wps=78.1, ups=0.24, wpb=320, bsz=64, num_updates=1500, lr=4.89407e-05, gnorm=5.162, clip=100, loss_scale=32, train_wall=41, gb_free=7.4, wall=7640
2023-04-02 02:54:46 - train.py[line:445] - INFO: begin validation on "valid" subset
slice_id 0 seek offset 0
slice_id 1 seek offset 5379
slice_id 0 seek offset 0
slice_id 1 seek offset 5379
2023-04-02 03:06:05 - progress_bar.py[line:282] - INFO: epoch 001 | valid on 'valid' subset | loss 4.29 | loss_v1 0 | loss_v2 0 | nll_loss 3.236 | ntokens 39.993 | nsentences 7.999 | sample_size 39.993 | sample_size_v1 0 | sample_size_v2 0 | ppl 9.42 | score 0.7591 | wps 79.4 | wpb 40 | bsz 8 | num_updates 1500 | best_score 0.7591
2023-04-02 03:06:05 - checkpoint_utils.py[line:64] - INFO: Preparing to save checkpoint for epoch 1 @ 1500 updates
2023-04-02 03:06:05 - trainer.py[line:431] - INFO: Saving checkpoint to ./refcocoplus_scratch_checkpoints/10_5e-5_512/checkpoint_1_1500.pt
2023-04-02 03:06:24 - trainer.py[line:441] - INFO: Finished saving checkpoint to ./refcocoplus_scratch_checkpoints/10_5e-5_512/checkpoint_1_1500.pt
2023-04-02 03:06:52 - checkpoint_utils.py[line:133] - INFO: Saved checkpoint ./refcocoplus_scratch_checkpoints/10_5e-5_512/checkpoint_1_1500.pt (epoch 1 @ 1500 updates, score 0.7591) (writing took 47.48145361524075 seconds)
2023-04-02 03:07:33 - progress_bar.py[line:272] - INFO: epoch 001:   1514 / 1878 loss=4.174, loss_v1=0, loss_v2=0, nll_loss=3.128, ntokens=320, nsentences=64, sample_size=320, sample_size_v1=0, sample_size_v2=0, ppl=8.74, wps=4.2, ups=0.01, wpb=320, bsz=64, num_updates=1510, lr=4.89124e-05, gnorm=5.83, clip=100, loss_scale=32, train_wall=40, gb_free=7.4, wall=8406
2023-04-02 03:08:13 - progress_bar.py[line:272] - INFO: epoch 001:   1524 / 1878 loss=4.15, loss_v1=0, loss_v2=0, nll_loss=3.093, ntokens=320, nsentences=64, sample_size=320, sample_size_v1=0, sample_size_v2=0, ppl=8.53, wps=78.3, ups=0.24, wpb=320, bsz=64, num_updates=1520, lr=4.88841e-05, gnorm=6.21, clip=100, loss_scale=32, train_wall=41, gb_free=7.4, wall=8447
2023-04-02 03:08:54 - progress_bar.py[line:272] - INFO: epoch 001:   1534 / 1878 loss=4.131, loss_v1=0, loss_v2=0, nll_loss=3.072, ntokens=320, nsentences=64, sample_size=320, sample_size_v1=0, sample_size_v2=0, ppl=8.41, wps=78.6, ups=0.25, wpb=320, bsz=64, num_updates=1530, lr=4.88558e-05, gnorm=6.05, clip=100, loss_scale=32, train_wall=41, gb_free=7.4, wall=8488
2023-04-02 03:09:35 - progress_bar.py[line:272] - INFO: epoch 001:   1544 / 1878 loss=4.179, loss_v1=0, loss_v2=0, nll_loss=3.127, ntokens=320, nsentences=64, sample_size=320, sample_size_v1=0, sample_size_v2=0, ppl=8.74, wps=78.3, ups=0.24, wpb=320, bsz=64, num_updates=1540, lr=4.88275e-05, gnorm=5.544, clip=100, loss_scale=64, train_wall=41, gb_free=7.5, wall=8529
2023-04-02 03:10:16 - progress_bar.py[line:272] - INFO: epoch 001:   1554 / 1878 loss=4.176, loss_v1=0, loss_v2=0, nll_loss=3.126, ntokens=320, nsentences=64, sample_size=320, sample_size_v1=0, sample_size_v2=0, ppl=8.73, wps=78.2, ups=0.24, wpb=320, bsz=64, num_updates=1550, lr=4.87991e-05, gnorm=5.199, clip=100, loss_scale=64, train_wall=41, gb_free=7.4, wall=8570
2023-04-02 03:10:57 - progress_bar.py[line:272] - INFO: epoch 001:   1564 / 1878 loss=4.154, loss_v1=0, loss_v2=0, nll_loss=3.099, ntokens=320, nsentences=64, sample_size=320, sample_size_v1=0, sample_size_v2=0, ppl=8.57, wps=77.9, ups=0.24, wpb=320, bsz=64, num_updates=1560, lr=4.87708e-05, gnorm=5.432, clip=100, loss_scale=64, train_wall=41, gb_free=7.4, wall=8611
2023-04-02 03:11:38 - progress_bar.py[line:272] - INFO: epoch 001:   1574 / 1878 loss=4.144, loss_v1=0, loss_v2=0, nll_loss=3.09, ntokens=320, nsentences=64, sample_size=320, sample_size_v1=0, sample_size_v2=0, ppl=8.52, wps=78.1, ups=0.24, wpb=320, bsz=64, num_updates=1570, lr=4.87425e-05, gnorm=5.309, clip=100, loss_scale=64, train_wall=41, gb_free=7.4, wall=8652
2023-04-02 03:12:19 - progress_bar.py[line:272] - INFO: epoch 001:   1584 / 1878 loss=4.194, loss_v1=0, loss_v2=0, nll_loss=3.14, ntokens=320, nsentences=64, sample_size=320, sample_size_v1=0, sample_size_v2=0, ppl=8.82, wps=78.6, ups=0.25, wpb=320, bsz=64, num_updates=1580, lr=4.87142e-05, gnorm=5.161, clip=100, loss_scale=64, train_wall=40, gb_free=7.4, wall=8693
2023-04-02 03:12:59 - progress_bar.py[line:272] - INFO: epoch 001:   1594 / 1878 loss=4.139, loss_v1=0, loss_v2=0, nll_loss=3.087, ntokens=320, nsentences=64, sample_size=320, sample_size_v1=0, sample_size_v2=0, ppl=8.5, wps=78.5, ups=0.25, wpb=320, bsz=64, num_updates=1590, lr=4.86859e-05, gnorm=5.525, clip=100, loss_scale=64, train_wall=41, gb_free=7.4, wall=8733
2023-04-02 03:13:40 - progress_bar.py[line:272] - INFO: epoch 001:   1604 / 1878 loss=4.12, loss_v1=0, loss_v2=0, nll_loss=3.057, ntokens=320, nsentences=64, sample_size=320, sample_size_v1=0, sample_size_v2=0, ppl=8.32, wps=78.1, ups=0.24, wpb=320, bsz=64, num_updates=1600, lr=4.86575e-05, gnorm=5.289, clip=100, loss_scale=64, train_wall=41, gb_free=7.4, wall=8774
2023-04-02 03:14:21 - progress_bar.py[line:272] - INFO: epoch 001:   1614 / 1878 loss=4.111, loss_v1=0, loss_v2=0, nll_loss=3.057, ntokens=320, nsentences=64, sample_size=320, sample_size_v1=0, sample_size_v2=0, ppl=8.32, wps=78.8, ups=0.25, wpb=320, bsz=64, num_updates=1610, lr=4.86292e-05, gnorm=5.098, clip=100, loss_scale=64, train_wall=40, gb_free=7.4, wall=8815
2023-04-02 03:15:02 - progress_bar.py[line:272] - INFO: epoch 001:   1624 / 1878 loss=4.182, loss_v1=0, loss_v2=0, nll_loss=3.13, ntokens=320, nsentences=64, sample_size=320, sample_size_v1=0, sample_size_v2=0, ppl=8.76, wps=78.6, ups=0.25, wpb=320, bsz=64, num_updates=1620, lr=4.86009e-05, gnorm=5.462, clip=100, loss_scale=64, train_wall=41, gb_free=7.4, wall=8856
2023-04-02 03:15:43 - progress_bar.py[line:272] - INFO: epoch 001:   1634 / 1878 loss=4.198, loss_v1=0, loss_v2=0, nll_loss=3.152, ntokens=320, nsentences=64, sample_size=320, sample_size_v1=0, sample_size_v2=0, ppl=8.89, wps=78.2, ups=0.24, wpb=320, bsz=64, num_updates=1630, lr=4.85726e-05, gnorm=5.268, clip=100, loss_scale=64, train_wall=41, gb_free=7.4, wall=8897
2023-04-02 03:16:24 - progress_bar.py[line:272] - INFO: epoch 001:   1644 / 1878 loss=4.174, loss_v1=0, loss_v2=0, nll_loss=3.131, ntokens=320, nsentences=64, sample_size=320, sample_size_v1=0, sample_size_v2=0, ppl=8.76, wps=78.3, ups=0.24, wpb=320, bsz=64, num_updates=1640, lr=4.85442e-05, gnorm=5.381, clip=100, loss_scale=64, train_wall=41, gb_free=7.4, wall=8937
2023-04-02 03:17:05 - progress_bar.py[line:272] - INFO: epoch 001:   1654 / 1878 loss=4.089, loss_v1=0, loss_v2=0, nll_loss=3.018, ntokens=320, nsentences=64, sample_size=320, sample_size_v1=0, sample_size_v2=0, ppl=8.1, wps=78, ups=0.24, wpb=320, bsz=64, num_updates=1650, lr=4.85159e-05, gnorm=5.395, clip=100, loss_scale=64, train_wall=41, gb_free=7.4, wall=8979
2023-04-02 03:17:45 - progress_bar.py[line:272] - INFO: epoch 001:   1664 / 1878 loss=4.154, loss_v1=0, loss_v2=0, nll_loss=3.107, ntokens=320, nsentences=64, sample_size=320, sample_size_v1=0, sample_size_v2=0, ppl=8.61, wps=78.4, ups=0.25, wpb=320, bsz=64, num_updates=1660, lr=4.84876e-05, gnorm=6.013, clip=100, loss_scale=64, train_wall=40, gb_free=7.4, wall=9019
2023-04-02 03:18:27 - progress_bar.py[line:272] - INFO: epoch 001:   1674 / 1878 loss=4.13, loss_v1=0, loss_v2=0, nll_loss=3.074, ntokens=320, nsentences=64, sample_size=320, sample_size_v1=0, sample_size_v2=0, ppl=8.42, wps=77.8, ups=0.24, wpb=320, bsz=64, num_updates=1670, lr=4.84593e-05, gnorm=5.508, clip=100, loss_scale=64, train_wall=41, gb_free=7.4, wall=9060
2023-04-02 03:19:07 - progress_bar.py[line:272] - INFO: epoch 001:   1684 / 1878 loss=4.145, loss_v1=0, loss_v2=0, nll_loss=3.092, ntokens=320, nsentences=64, sample_size=320, sample_size_v1=0, sample_size_v2=0, ppl=8.53, wps=78.5, ups=0.25, wpb=320, bsz=64, num_updates=1680, lr=4.8431e-05, gnorm=5.294, clip=100, loss_scale=64, train_wall=41, gb_free=7.4, wall=9101
2023-04-02 03:19:48 - progress_bar.py[line:272] - INFO: epoch 001:   1694 / 1878 loss=4.136, loss_v1=0, loss_v2=0, nll_loss=3.083, ntokens=320, nsentences=64, sample_size=320, sample_size_v1=0, sample_size_v2=0, ppl=8.47, wps=78, ups=0.24, wpb=320, bsz=64, num_updates=1690, lr=4.84026e-05, gnorm=4.932, clip=100, loss_scale=64, train_wall=41, gb_free=7.4, wall=9142
2023-04-02 03:20:29 - progress_bar.py[line:272] - INFO: epoch 001:   1704 / 1878 loss=4.181, loss_v1=0, loss_v2=0, nll_loss=3.126, ntokens=320, nsentences=64, sample_size=320, sample_size_v1=0, sample_size_v2=0, ppl=8.73, wps=78.5, ups=0.25, wpb=320, bsz=64, num_updates=1700, lr=4.83743e-05, gnorm=5.706, clip=100, loss_scale=64, train_wall=40, gb_free=7.4, wall=9183
2023-04-02 03:21:10 - progress_bar.py[line:272] - INFO: epoch 001:   1714 / 1878 loss=4.1, loss_v1=0, loss_v2=0, nll_loss=3.042, ntokens=320, nsentences=64, sample_size=320, sample_size_v1=0, sample_size_v2=0, ppl=8.24, wps=78.1, ups=0.24, wpb=320, bsz=64, num_updates=1710, lr=4.8346e-05, gnorm=6.128, clip=100, loss_scale=64, train_wall=41, gb_free=7.4, wall=9224
2023-04-02 03:21:51 - progress_bar.py[line:272] - INFO: epoch 001:   1724 / 1878 loss=4.123, loss_v1=0, loss_v2=0, nll_loss=3.07, ntokens=320, nsentences=64, sample_size=320, sample_size_v1=0, sample_size_v2=0, ppl=8.4, wps=78.1, ups=0.24, wpb=320, bsz=64, num_updates=1720, lr=4.83177e-05, gnorm=5.762, clip=100, loss_scale=64, train_wall=41, gb_free=7.4, wall=9265
2023-04-02 03:22:32 - progress_bar.py[line:272] - INFO: epoch 001:   1734 / 1878 loss=4.07, loss_v1=0, loss_v2=0, nll_loss=3.008, ntokens=320, nsentences=64, sample_size=320, sample_size_v1=0, sample_size_v2=0, ppl=8.04, wps=78.3, ups=0.24, wpb=320, bsz=64, num_updates=1730, lr=4.82893e-05, gnorm=5.389, clip=100, loss_scale=64, train_wall=41, gb_free=7.5, wall=9306
2023-04-02 03:23:13 - progress_bar.py[line:272] - INFO: epoch 001:   1744 / 1878 loss=4.109, loss_v1=0, loss_v2=0, nll_loss=3.05, ntokens=320, nsentences=64, sample_size=320, sample_size_v1=0, sample_size_v2=0, ppl=8.28, wps=78.3, ups=0.24, wpb=320, bsz=64, num_updates=1740, lr=4.8261e-05, gnorm=5.781, clip=100, loss_scale=64, train_wall=41, gb_free=7.4, wall=9347
2023-04-02 03:23:54 - progress_bar.py[line:272] - INFO: epoch 001:   1754 / 1878 loss=4.093, loss_v1=0, loss_v2=0, nll_loss=3.036, ntokens=320, nsentences=64, sample_size=320, sample_size_v1=0, sample_size_v2=0, ppl=8.2, wps=78, ups=0.24, wpb=320, bsz=64, num_updates=1750, lr=4.82327e-05, gnorm=5.523, clip=100, loss_scale=64, train_wall=41, gb_free=7.4, wall=9388
2023-04-02 03:24:35 - progress_bar.py[line:272] - INFO: epoch 001:   1764 / 1878 loss=4.082, loss_v1=0, loss_v2=0, nll_loss=3.019, ntokens=320, nsentences=64, sample_size=320, sample_size_v1=0, sample_size_v2=0, ppl=8.11, wps=78.2, ups=0.24, wpb=320, bsz=64, num_updates=1760, lr=4.82044e-05, gnorm=5.28, clip=100, loss_scale=64, train_wall=41, gb_free=7.4, wall=9429
2023-04-02 03:25:16 - progress_bar.py[line:272] - INFO: epoch 001:   1774 / 1878 loss=4.118, loss_v1=0, loss_v2=0, nll_loss=3.064, ntokens=320, nsentences=64, sample_size=320, sample_size_v1=0, sample_size_v2=0, ppl=8.36, wps=78.4, ups=0.25, wpb=320, bsz=64, num_updates=1770, lr=4.81761e-05, gnorm=5.175, clip=100, loss_scale=64, train_wall=41, gb_free=7.4, wall=9469
2023-04-02 03:25:57 - progress_bar.py[line:272] - INFO: epoch 001:   1784 / 1878 loss=4.099, loss_v1=0, loss_v2=0, nll_loss=3.04, ntokens=320, nsentences=64, sample_size=320, sample_size_v1=0, sample_size_v2=0, ppl=8.22, wps=77.9, ups=0.24, wpb=320, bsz=64, num_updates=1780, lr=4.81477e-05, gnorm=5.638, clip=100, loss_scale=64, train_wall=41, gb_free=7.4, wall=9511
2023-04-02 03:26:38 - progress_bar.py[line:272] - INFO: epoch 001:   1794 / 1878 loss=4.096, loss_v1=0, loss_v2=0, nll_loss=3.039, ntokens=320, nsentences=64, sample_size=320, sample_size_v1=0, sample_size_v2=0, ppl=8.22, wps=78.4, ups=0.24, wpb=320, bsz=64, num_updates=1790, lr=4.81194e-05, gnorm=5.717, clip=100, loss_scale=64, train_wall=41, gb_free=7.4, wall=9551
2023-04-02 03:27:18 - progress_bar.py[line:272] - INFO: epoch 001:   1804 / 1878 loss=4.189, loss_v1=0, loss_v2=0, nll_loss=3.143, ntokens=320, nsentences=64, sample_size=320, sample_size_v1=0, sample_size_v2=0, ppl=8.83, wps=78.1, ups=0.24, wpb=320, bsz=64, num_updates=1800, lr=4.80911e-05, gnorm=6.246, clip=100, loss_scale=64, train_wall=41, gb_free=7.4, wall=9592
2023-04-02 03:27:59 - progress_bar.py[line:272] - INFO: epoch 001:   1814 / 1878 loss=4.12, loss_v1=0, loss_v2=0, nll_loss=3.066, ntokens=320, nsentences=64, sample_size=320, sample_size_v1=0, sample_size_v2=0, ppl=8.37, wps=78.4, ups=0.24, wpb=320, bsz=64, num_updates=1810, lr=4.80628e-05, gnorm=5.55, clip=100, loss_scale=64, train_wall=41, gb_free=7.4, wall=9633
2023-04-02 03:28:40 - progress_bar.py[line:272] - INFO: epoch 001:   1824 / 1878 loss=4.076, loss_v1=0, loss_v2=0, nll_loss=3.016, ntokens=320, nsentences=64, sample_size=320, sample_size_v1=0, sample_size_v2=0, ppl=8.09, wps=78.1, ups=0.24, wpb=320, bsz=64, num_updates=1820, lr=4.80344e-05, gnorm=5.443, clip=100, loss_scale=64, train_wall=41, gb_free=7.4, wall=9674
2023-04-02 03:29:21 - progress_bar.py[line:272] - INFO: epoch 001:   1834 / 1878 loss=4.111, loss_v1=0, loss_v2=0, nll_loss=3.057, ntokens=320, nsentences=64, sample_size=320, sample_size_v1=0, sample_size_v2=0, ppl=8.32, wps=77.9, ups=0.24, wpb=320, bsz=64, num_updates=1830, lr=4.80061e-05, gnorm=5.733, clip=100, loss_scale=64, train_wall=41, gb_free=7.4, wall=9715
2023-04-02 03:30:02 - progress_bar.py[line:272] - INFO: epoch 001:   1844 / 1878 loss=4.117, loss_v1=0, loss_v2=0, nll_loss=3.062, ntokens=320, nsentences=64, sample_size=320, sample_size_v1=0, sample_size_v2=0, ppl=8.35, wps=77.9, ups=0.24, wpb=320, bsz=64, num_updates=1840, lr=4.79778e-05, gnorm=5.632, clip=100, loss_scale=64, train_wall=41, gb_free=7.4, wall=9756
2023-04-02 03:30:43 - progress_bar.py[line:272] - INFO: epoch 001:   1854 / 1878 loss=4.103, loss_v1=0, loss_v2=0, nll_loss=3.047, ntokens=320, nsentences=64, sample_size=320, sample_size_v1=0, sample_size_v2=0, ppl=8.26, wps=78.4, ups=0.25, wpb=320, bsz=64, num_updates=1850, lr=4.79495e-05, gnorm=5.744, clip=100, loss_scale=64, train_wall=41, gb_free=7.5, wall=9797
2023-04-02 03:31:24 - progress_bar.py[line:272] - INFO: epoch 001:   1864 / 1878 loss=4.092, loss_v1=0, loss_v2=0, nll_loss=3.029, ntokens=320, nsentences=64, sample_size=320, sample_size_v1=0, sample_size_v2=0, ppl=8.16, wps=77.9, ups=0.24, wpb=320, bsz=64, num_updates=1860, lr=4.79212e-05, gnorm=5.702, clip=100, loss_scale=64, train_wall=41, gb_free=7.4, wall=9838
2023-04-02 03:32:05 - progress_bar.py[line:272] - INFO: epoch 001:   1874 / 1878 loss=4.114, loss_v1=0, loss_v2=0, nll_loss=3.065, ntokens=320, nsentences=64, sample_size=320, sample_size_v1=0, sample_size_v2=0, ppl=8.37, wps=78, ups=0.24, wpb=320, bsz=64, num_updates=1870, lr=4.78928e-05, gnorm=6.432, clip=100, loss_scale=64, train_wall=41, gb_free=7.5, wall=9879
2023-04-02 03:32:21 - train.py[line:445] - INFO: begin validation on "valid" subset
slice_id 0 seek offset 0
slice_id 1 seek offset 5379
slice_id 0 seek offset 0
slice_id 1 seek offset 5379
2023-04-02 03:43:41 - progress_bar.py[line:282] - INFO: epoch 001 | valid on 'valid' subset | loss 4.231 | loss_v1 0 | loss_v2 0 | nll_loss 3.165 | ntokens 39.993 | nsentences 7.999 | sample_size 39.993 | sample_size_v1 0 | sample_size_v2 0 | ppl 8.97 | score 0.7653 | wps 79.1 | wpb 40 | bsz 8 | num_updates 1874 | best_score 0.7653
2023-04-02 03:43:41 - checkpoint_utils.py[line:64] - INFO: Preparing to save checkpoint for epoch 1 @ 1874 updates
local datafile ../../dataset/refcocoplus_data/refcocoplus_train.tsv slice_id 1 begin to initialize row_count and line_idx-to-offset mapping
2023-04-02 03:43:41 - trainer.py[line:431] - INFO: Saving checkpoint to ./refcocoplus_scratch_checkpoints/10_5e-5_512/checkpoint_best.pt
2023-04-02 03:44:00 - trainer.py[line:441] - INFO: Finished saving checkpoint to ./refcocoplus_scratch_checkpoints/10_5e-5_512/checkpoint_best.pt
local datafile ../../dataset/refcocoplus_data/refcocoplus_train.tsv slice_id 1 finished initializing row_count and line_idx-to-offset mapping
file ../../dataset/refcocoplus_data/refcocoplus_train.tsv slice_id 1 row count 60095 total row count 120191
slice_id 1 seek offset 60096
2023-04-02 03:44:20 - checkpoint_utils.py[line:133] - INFO: Saved checkpoint ./refcocoplus_scratch_checkpoints/10_5e-5_512/checkpoint_best.pt (epoch 1 @ 1874 updates, score 0.7653) (writing took 38.759247553534806 seconds)
2023-04-02 03:44:20 - train.py[line:332] - INFO: end of epoch 1 (average epoch stats below)
2023-04-02 03:44:20 - progress_bar.py[line:282] - INFO: epoch 001 | loss 4.694 | loss_v1 0 | loss_v2 0 | nll_loss 3.645 | ntokens 319.997 | nsentences 63.999 | sample_size 319.997 | sample_size_v1 0 | sample_size_v2 0 | ppl 12.51 | wps 56.8 | ups 0.18 | wpb 320 | bsz 64 | num_updates 1874 | lr 4.78815e-05 | gnorm 7.287 | clip 100 | loss_scale 64 | train_wall 7641 | gb_free 7.4 | wall 10614
2023-04-02 03:44:20 - trainer.py[line:639] - INFO: loading train data for epoch 2
local datafile ../../dataset/refcocoplus_data/refcocoplus_train.tsv slice_id 0 begin to initialize row_count and line_idx-to-offset mapping
local datafile ../../dataset/refcocoplus_data/refcocoplus_train.tsv slice_id 0 finished initializing row_count and line_idx-to-offset mapping
file ../../dataset/refcocoplus_data/refcocoplus_train.tsv slice_id 0 row count 60096 total row count 120191
slice_id 0 seek offset 0
2023-04-02 03:44:35 - trainer.py[line:703] - INFO: begin training epoch 2
2023-04-02 03:44:35 - train.py[line:305] - INFO: Start iterating over samples
2023-04-02 03:44:59 - progress_bar.py[line:272] - INFO: epoch 002:      6 / 1878 loss=4.081, loss_v1=0, loss_v2=0, nll_loss=3.015, ntokens=320, nsentences=64, sample_size=320, sample_size_v1=0, sample_size_v2=0, ppl=8.08, wps=4.1, ups=0.01, wpb=320, bsz=64, num_updates=1880, lr=4.78645e-05, gnorm=6.609, clip=100, loss_scale=64, train_wall=39, gb_free=7.4, wall=10653
2023-04-02 03:45:40 - progress_bar.py[line:272] - INFO: epoch 002:     16 / 1878 loss=4.092, loss_v1=0, loss_v2=0, nll_loss=3.038, ntokens=320, nsentences=64, sample_size=320, sample_size_v1=0, sample_size_v2=0, ppl=8.22, wps=78.1, ups=0.24, wpb=320, bsz=64, num_updates=1890, lr=4.78362e-05, gnorm=6.579, clip=100, loss_scale=64, train_wall=41, gb_free=7.4, wall=10694
2023-04-02 03:46:21 - progress_bar.py[line:272] - INFO: epoch 002:     26 / 1878 loss=4.099, loss_v1=0, loss_v2=0, nll_loss=3.043, ntokens=320, nsentences=64, sample_size=320, sample_size_v1=0, sample_size_v2=0, ppl=8.24, wps=78.4, ups=0.25, wpb=320, bsz=64, num_updates=1900, lr=4.78079e-05, gnorm=5.852, clip=100, loss_scale=64, train_wall=41, gb_free=7.4, wall=10735
2023-04-02 03:47:02 - progress_bar.py[line:272] - INFO: epoch 002:     36 / 1878 loss=4.103, loss_v1=0, loss_v2=0, nll_loss=3.043, ntokens=320, nsentences=64, sample_size=320, sample_size_v1=0, sample_size_v2=0, ppl=8.24, wps=78.4, ups=0.24, wpb=320, bsz=64, num_updates=1910, lr=4.77795e-05, gnorm=5.918, clip=100, loss_scale=64, train_wall=41, gb_free=7.4, wall=10776
2023-04-02 03:47:43 - progress_bar.py[line:272] - INFO: epoch 002:     46 / 1878 loss=4.116, loss_v1=0, loss_v2=0, nll_loss=3.062, ntokens=320, nsentences=64, sample_size=320, sample_size_v1=0, sample_size_v2=0, ppl=8.35, wps=78.2, ups=0.24, wpb=320, bsz=64, num_updates=1920, lr=4.77512e-05, gnorm=5.87, clip=100, loss_scale=64, train_wall=41, gb_free=7.5, wall=10817
2023-04-02 03:48:24 - progress_bar.py[line:272] - INFO: epoch 002:     56 / 1878 loss=4.151, loss_v1=0, loss_v2=0, nll_loss=3.104, ntokens=320, nsentences=64, sample_size=320, sample_size_v1=0, sample_size_v2=0, ppl=8.6, wps=78.6, ups=0.25, wpb=320, bsz=64, num_updates=1930, lr=4.77229e-05, gnorm=5.976, clip=100, loss_scale=64, train_wall=41, gb_free=7.4, wall=10858
2023-04-02 03:49:04 - progress_bar.py[line:272] - INFO: epoch 002:     66 / 1878 loss=4.07, loss_v1=0, loss_v2=0, nll_loss=3.002, ntokens=320, nsentences=64, sample_size=320, sample_size_v1=0, sample_size_v2=0, ppl=8.01, wps=78.5, ups=0.25, wpb=320, bsz=64, num_updates=1940, lr=4.76946e-05, gnorm=6.12, clip=100, loss_scale=64, train_wall=40, gb_free=7.4, wall=10898
2023-04-02 03:49:45 - progress_bar.py[line:272] - INFO: epoch 002:     76 / 1878 loss=4.153, loss_v1=0, loss_v2=0, nll_loss=3.109, ntokens=320, nsentences=64, sample_size=320, sample_size_v1=0, sample_size_v2=0, ppl=8.63, wps=78.7, ups=0.25, wpb=320, bsz=64, num_updates=1950, lr=4.76663e-05, gnorm=5.618, clip=100, loss_scale=64, train_wall=40, gb_free=7.4, wall=10939
2023-04-02 03:50:26 - progress_bar.py[line:272] - INFO: epoch 002:     86 / 1878 loss=4.079, loss_v1=0, loss_v2=0, nll_loss=3.015, ntokens=320, nsentences=64, sample_size=320, sample_size_v1=0, sample_size_v2=0, ppl=8.08, wps=78.8, ups=0.25, wpb=320, bsz=64, num_updates=1960, lr=4.76379e-05, gnorm=5.586, clip=100, loss_scale=64, train_wall=40, gb_free=7.4, wall=10980
2023-04-02 03:51:06 - progress_bar.py[line:272] - INFO: epoch 002:     96 / 1878 loss=4.114, loss_v1=0, loss_v2=0, nll_loss=3.058, ntokens=320, nsentences=64, sample_size=320, sample_size_v1=0, sample_size_v2=0, ppl=8.33, wps=78.7, ups=0.25, wpb=320, bsz=64, num_updates=1970, lr=4.76096e-05, gnorm=6.006, clip=100, loss_scale=64, train_wall=40, gb_free=7.4, wall=11020
2023-04-02 03:51:47 - progress_bar.py[line:272] - INFO: epoch 002:    106 / 1878 loss=4.115, loss_v1=0, loss_v2=0, nll_loss=3.065, ntokens=320, nsentences=64, sample_size=320, sample_size_v1=0, sample_size_v2=0, ppl=8.37, wps=78.2, ups=0.24, wpb=320, bsz=64, num_updates=1980, lr=4.75813e-05, gnorm=6.29, clip=100, loss_scale=64, train_wall=41, gb_free=7.4, wall=11061
2023-04-02 03:52:28 - progress_bar.py[line:272] - INFO: epoch 002:    116 / 1878 loss=4.068, loss_v1=0, loss_v2=0, nll_loss=3.003, ntokens=320, nsentences=64, sample_size=320, sample_size_v1=0, sample_size_v2=0, ppl=8.02, wps=78.1, ups=0.24, wpb=320, bsz=64, num_updates=1990, lr=4.7553e-05, gnorm=6.059, clip=100, loss_scale=64, train_wall=41, gb_free=7.4, wall=11102
slice_id 1 seek offset 5379
2023-04-02 03:53:09 - progress_bar.py[line:272] - INFO: epoch 002:    126 / 1878 loss=4.091, loss_v1=0, loss_v2=0, nll_loss=3.038, ntokens=320, nsentences=64, sample_size=320, sample_size_v1=0, sample_size_v2=0, ppl=8.21, wps=78.2, ups=0.24, wpb=320, bsz=64, num_updates=2000, lr=4.75246e-05, gnorm=5.878, clip=100, loss_scale=64, train_wall=41, gb_free=7.4, wall=11143
2023-04-02 03:53:09 - train.py[line:445] - INFO: begin validation on "valid" subset
slice_id 0 seek offset 0
slice_id 0 seek offset 0
slice_id 1 seek offset 5379
2023-04-02 04:04:27 - progress_bar.py[line:282] - INFO: epoch 002 | valid on 'valid' subset | loss 4.222 | loss_v1 0 | loss_v2 0 | nll_loss 3.173 | ntokens 39.993 | nsentences 7.999 | sample_size 39.993 | sample_size_v1 0 | sample_size_v2 0 | ppl 9.02 | score 0.7678 | wps 79.4 | wpb 40 | bsz 8 | num_updates 2000 | best_score 0.7678
2023-04-02 04:04:27 - checkpoint_utils.py[line:64] - INFO: Preparing to save checkpoint for epoch 2 @ 2000 updates
2023-04-02 04:04:27 - trainer.py[line:431] - INFO: Saving checkpoint to ./refcocoplus_scratch_checkpoints/10_5e-5_512/checkpoint_2_2000.pt
2023-04-02 04:04:47 - trainer.py[line:441] - INFO: Finished saving checkpoint to ./refcocoplus_scratch_checkpoints/10_5e-5_512/checkpoint_2_2000.pt
2023-04-02 04:05:18 - checkpoint_utils.py[line:133] - INFO: Saved checkpoint ./refcocoplus_scratch_checkpoints/10_5e-5_512/checkpoint_2_2000.pt (epoch 2 @ 2000 updates, score 0.7678) (writing took 50.66249396838248 seconds)
2023-04-02 04:05:58 - progress_bar.py[line:272] - INFO: epoch 002:    136 / 1878 loss=4.103, loss_v1=0, loss_v2=0, nll_loss=3.046, ntokens=320, nsentences=64, sample_size=320, sample_size_v1=0, sample_size_v2=0, ppl=8.26, wps=4.2, ups=0.01, wpb=320, bsz=64, num_updates=2010, lr=4.74963e-05, gnorm=5.537, clip=100, loss_scale=64, train_wall=40, gb_free=7.4, wall=11912
2023-04-02 04:06:39 - progress_bar.py[line:272] - INFO: epoch 002:    146 / 1878 loss=4.071, loss_v1=0, loss_v2=0, nll_loss=3.01, ntokens=320, nsentences=64, sample_size=320, sample_size_v1=0, sample_size_v2=0, ppl=8.05, wps=78.4, ups=0.24, wpb=320, bsz=64, num_updates=2020, lr=4.7468e-05, gnorm=5.423, clip=100, loss_scale=64, train_wall=41, gb_free=7.4, wall=11953
2023-04-02 04:07:20 - progress_bar.py[line:272] - INFO: epoch 002:    156 / 1878 loss=4.034, loss_v1=0, loss_v2=0, nll_loss=2.97, ntokens=320, nsentences=64, sample_size=320, sample_size_v1=0, sample_size_v2=0, ppl=7.83, wps=78.5, ups=0.25, wpb=320, bsz=64, num_updates=2030, lr=4.74397e-05, gnorm=6.064, clip=100, loss_scale=64, train_wall=41, gb_free=7.4, wall=11993
2023-04-02 04:08:00 - progress_bar.py[line:272] - INFO: epoch 002:    166 / 1878 loss=4.051, loss_v1=0, loss_v2=0, nll_loss=2.99, ntokens=320, nsentences=64, sample_size=320, sample_size_v1=0, sample_size_v2=0, ppl=7.94, wps=78.4, ups=0.25, wpb=320, bsz=64, num_updates=2040, lr=4.74114e-05, gnorm=6.122, clip=100, loss_scale=64, train_wall=40, gb_free=7.4, wall=12034
2023-04-02 04:08:41 - progress_bar.py[line:272] - INFO: epoch 002:    176 / 1878 loss=4.096, loss_v1=0, loss_v2=0, nll_loss=3.04, ntokens=320, nsentences=64, sample_size=320, sample_size_v1=0, sample_size_v2=0, ppl=8.22, wps=78.5, ups=0.25, wpb=320, bsz=64, num_updates=2050, lr=4.7383e-05, gnorm=5.404, clip=100, loss_scale=128, train_wall=41, gb_free=7.4, wall=12075
2023-04-02 04:09:22 - progress_bar.py[line:272] - INFO: epoch 002:    186 / 1878 loss=4.139, loss_v1=0, loss_v2=0, nll_loss=3.089, ntokens=320, nsentences=64, sample_size=320, sample_size_v1=0, sample_size_v2=0, ppl=8.51, wps=78.7, ups=0.25, wpb=320, bsz=64, num_updates=2060, lr=4.73547e-05, gnorm=6.32, clip=100, loss_scale=128, train_wall=40, gb_free=7.4, wall=12116
2023-04-02 04:10:03 - progress_bar.py[line:272] - INFO: epoch 002:    196 / 1878 loss=4.047, loss_v1=0, loss_v2=0, nll_loss=2.988, ntokens=320, nsentences=64, sample_size=320, sample_size_v1=0, sample_size_v2=0, ppl=7.94, wps=78.3, ups=0.24, wpb=320, bsz=64, num_updates=2070, lr=4.73264e-05, gnorm=6.377, clip=100, loss_scale=128, train_wall=41, gb_free=7.4, wall=12157
2023-04-02 04:10:44 - progress_bar.py[line:272] - INFO: epoch 002:    206 / 1878 loss=4.143, loss_v1=0, loss_v2=0, nll_loss=3.092, ntokens=320, nsentences=64, sample_size=320, sample_size_v1=0, sample_size_v2=0, ppl=8.53, wps=78.3, ups=0.24, wpb=320, bsz=64, num_updates=2080, lr=4.72981e-05, gnorm=6.093, clip=100, loss_scale=128, train_wall=41, gb_free=7.4, wall=12197
2023-04-02 04:11:24 - progress_bar.py[line:272] - INFO: epoch 002:    216 / 1878 loss=4.051, loss_v1=0, loss_v2=0, nll_loss=2.992, ntokens=320, nsentences=64, sample_size=320, sample_size_v1=0, sample_size_v2=0, ppl=7.95, wps=78.2, ups=0.24, wpb=320, bsz=64, num_updates=2090, lr=4.72697e-05, gnorm=5.478, clip=100, loss_scale=128, train_wall=41, gb_free=7.4, wall=12238
2023-04-02 04:12:05 - progress_bar.py[line:272] - INFO: epoch 002:    226 / 1878 loss=4.049, loss_v1=0, loss_v2=0, nll_loss=2.984, ntokens=320, nsentences=64, sample_size=320, sample_size_v1=0, sample_size_v2=0, ppl=7.91, wps=78, ups=0.24, wpb=320, bsz=64, num_updates=2100, lr=4.72414e-05, gnorm=5.797, clip=100, loss_scale=128, train_wall=41, gb_free=7.4, wall=12279
2023-04-02 04:12:46 - progress_bar.py[line:272] - INFO: epoch 002:    236 / 1878 loss=4.066, loss_v1=0, loss_v2=0, nll_loss=3.014, ntokens=320, nsentences=64, sample_size=320, sample_size_v1=0, sample_size_v2=0, ppl=8.08, wps=78.3, ups=0.24, wpb=320, bsz=64, num_updates=2110, lr=4.72131e-05, gnorm=5.982, clip=100, loss_scale=128, train_wall=41, gb_free=7.4, wall=12320
2023-04-02 04:13:27 - progress_bar.py[line:272] - INFO: epoch 002:    246 / 1878 loss=4.052, loss_v1=0, loss_v2=0, nll_loss=2.983, ntokens=320, nsentences=64, sample_size=320, sample_size_v1=0, sample_size_v2=0, ppl=7.91, wps=78.4, ups=0.25, wpb=320, bsz=64, num_updates=2120, lr=4.71848e-05, gnorm=5.468, clip=100, loss_scale=128, train_wall=41, gb_free=7.4, wall=12361
2023-04-02 04:14:08 - progress_bar.py[line:272] - INFO: epoch 002:    256 / 1878 loss=4.038, loss_v1=0, loss_v2=0, nll_loss=2.981, ntokens=320, nsentences=64, sample_size=320, sample_size_v1=0, sample_size_v2=0, ppl=7.89, wps=78.3, ups=0.24, wpb=320, bsz=64, num_updates=2130, lr=4.71565e-05, gnorm=6.097, clip=100, loss_scale=128, train_wall=41, gb_free=7.4, wall=12402
2023-04-02 04:14:49 - progress_bar.py[line:272] - INFO: epoch 002:    266 / 1878 loss=3.981, loss_v1=0, loss_v2=0, nll_loss=2.9, ntokens=320, nsentences=64, sample_size=320, sample_size_v1=0, sample_size_v2=0, ppl=7.46, wps=78.1, ups=0.24, wpb=320, bsz=64, num_updates=2140, lr=4.71281e-05, gnorm=5.835, clip=100, loss_scale=128, train_wall=41, gb_free=7.4, wall=12443
2023-04-02 04:14:53 - trainer.py[line:921] - INFO: NOTE: gradient overflow detected, ignoring gradient, setting loss scale to: 64.0
2023-04-02 04:15:35 - progress_bar.py[line:272] - INFO: epoch 002:    277 / 1878 loss=4.001, loss_v1=0, loss_v2=0, nll_loss=2.942, ntokens=320, nsentences=64, sample_size=320, sample_size_v1=0, sample_size_v2=0, ppl=7.69, wps=70.4, ups=0.22, wpb=320, bsz=64, num_updates=2150, lr=4.70998e-05, gnorm=5.813, clip=100, loss_scale=64, train_wall=45, gb_free=7.4, wall=12488
2023-04-02 04:16:16 - progress_bar.py[line:272] - INFO: epoch 002:    287 / 1878 loss=4.08, loss_v1=0, loss_v2=0, nll_loss=3.022, ntokens=320, nsentences=64, sample_size=320, sample_size_v1=0, sample_size_v2=0, ppl=8.12, wps=78, ups=0.24, wpb=320, bsz=64, num_updates=2160, lr=4.70715e-05, gnorm=7.04, clip=100, loss_scale=64, train_wall=41, gb_free=7.4, wall=12529
2023-04-02 04:16:57 - progress_bar.py[line:272] - INFO: epoch 002:    297 / 1878 loss=4.088, loss_v1=0, loss_v2=0, nll_loss=3.031, ntokens=320, nsentences=64, sample_size=320, sample_size_v1=0, sample_size_v2=0, ppl=8.17, wps=77.8, ups=0.24, wpb=320, bsz=64, num_updates=2170, lr=4.70432e-05, gnorm=6.231, clip=100, loss_scale=64, train_wall=41, gb_free=7.4, wall=12571
2023-04-02 04:17:37 - progress_bar.py[line:272] - INFO: epoch 002:    307 / 1878 loss=4.032, loss_v1=0, loss_v2=0, nll_loss=2.972, ntokens=320, nsentences=64, sample_size=320, sample_size_v1=0, sample_size_v2=0, ppl=7.85, wps=78.4, ups=0.25, wpb=320, bsz=64, num_updates=2180, lr=4.70148e-05, gnorm=7.147, clip=100, loss_scale=64, train_wall=41, gb_free=7.4, wall=12611
2023-04-02 04:18:18 - progress_bar.py[line:272] - INFO: epoch 002:    317 / 1878 loss=3.972, loss_v1=0, loss_v2=0, nll_loss=2.895, ntokens=320, nsentences=64, sample_size=320, sample_size_v1=0, sample_size_v2=0, ppl=7.44, wps=78.6, ups=0.25, wpb=320, bsz=64, num_updates=2190, lr=4.69865e-05, gnorm=5.632, clip=100, loss_scale=64, train_wall=40, gb_free=7.4, wall=12652
2023-04-02 04:18:59 - progress_bar.py[line:272] - INFO: epoch 002:    327 / 1878 loss=4.022, loss_v1=0, loss_v2=0, nll_loss=2.965, ntokens=320, nsentences=64, sample_size=320, sample_size_v1=0, sample_size_v2=0, ppl=7.81, wps=78.2, ups=0.24, wpb=320, bsz=64, num_updates=2200, lr=4.69582e-05, gnorm=6.625, clip=100, loss_scale=64, train_wall=41, gb_free=7.4, wall=12693
2023-04-02 04:19:40 - progress_bar.py[line:272] - INFO: epoch 002:    337 / 1878 loss=4.044, loss_v1=0, loss_v2=0, nll_loss=2.984, ntokens=320, nsentences=64, sample_size=320, sample_size_v1=0, sample_size_v2=0, ppl=7.91, wps=77.8, ups=0.24, wpb=320, bsz=64, num_updates=2210, lr=4.69299e-05, gnorm=6.033, clip=100, loss_scale=64, train_wall=41, gb_free=7.4, wall=12734
2023-04-02 04:20:21 - progress_bar.py[line:272] - INFO: epoch 002:    347 / 1878 loss=3.961, loss_v1=0, loss_v2=0, nll_loss=2.888, ntokens=320, nsentences=64, sample_size=320, sample_size_v1=0, sample_size_v2=0, ppl=7.4, wps=78, ups=0.24, wpb=320, bsz=64, num_updates=2220, lr=4.69016e-05, gnorm=6.036, clip=100, loss_scale=64, train_wall=41, gb_free=7.4, wall=12775
2023-04-02 04:21:02 - progress_bar.py[line:272] - INFO: epoch 002:    357 / 1878 loss=3.992, loss_v1=0, loss_v2=0, nll_loss=2.927, ntokens=320, nsentences=64, sample_size=320, sample_size_v1=0, sample_size_v2=0, ppl=7.6, wps=78.4, ups=0.25, wpb=320, bsz=64, num_updates=2230, lr=4.68732e-05, gnorm=6.121, clip=100, loss_scale=64, train_wall=41, gb_free=7.4, wall=12816
2023-04-02 04:21:43 - progress_bar.py[line:272] - INFO: epoch 002:    367 / 1878 loss=4.084, loss_v1=0, loss_v2=0, nll_loss=3.025, ntokens=320, nsentences=64, sample_size=320, sample_size_v1=0, sample_size_v2=0, ppl=8.14, wps=78.6, ups=0.25, wpb=320, bsz=64, num_updates=2240, lr=4.68449e-05, gnorm=5.9, clip=100, loss_scale=64, train_wall=40, gb_free=7.4, wall=12857
2023-04-02 04:22:24 - progress_bar.py[line:272] - INFO: epoch 002:    377 / 1878 loss=3.994, loss_v1=0, loss_v2=0, nll_loss=2.927, ntokens=320, nsentences=64, sample_size=320, sample_size_v1=0, sample_size_v2=0, ppl=7.61, wps=78.5, ups=0.25, wpb=320, bsz=64, num_updates=2250, lr=4.68166e-05, gnorm=6.031, clip=100, loss_scale=64, train_wall=40, gb_free=7.4, wall=12897
2023-04-02 04:23:04 - progress_bar.py[line:272] - INFO: epoch 002:    387 / 1878 loss=4.016, loss_v1=0, loss_v2=0, nll_loss=2.952, ntokens=320, nsentences=64, sample_size=320, sample_size_v1=0, sample_size_v2=0, ppl=7.74, wps=78.5, ups=0.25, wpb=320, bsz=64, num_updates=2260, lr=4.67883e-05, gnorm=6.18, clip=100, loss_scale=64, train_wall=40, gb_free=7.4, wall=12938
2023-04-02 04:23:45 - progress_bar.py[line:272] - INFO: epoch 002:    397 / 1878 loss=4.034, loss_v1=0, loss_v2=0, nll_loss=2.969, ntokens=320, nsentences=64, sample_size=320, sample_size_v1=0, sample_size_v2=0, ppl=7.83, wps=78.6, ups=0.25, wpb=320, bsz=64, num_updates=2270, lr=4.67599e-05, gnorm=6.064, clip=100, loss_scale=64, train_wall=40, gb_free=7.4, wall=12979
2023-04-02 04:24:26 - progress_bar.py[line:272] - INFO: epoch 002:    407 / 1878 loss=4.004, loss_v1=0, loss_v2=0, nll_loss=2.937, ntokens=320, nsentences=64, sample_size=320, sample_size_v1=0, sample_size_v2=0, ppl=7.66, wps=78.4, ups=0.24, wpb=320, bsz=64, num_updates=2280, lr=4.67316e-05, gnorm=5.452, clip=100, loss_scale=64, train_wall=41, gb_free=7.4, wall=13020
2023-04-02 04:25:07 - progress_bar.py[line:272] - INFO: epoch 002:    417 / 1878 loss=3.974, loss_v1=0, loss_v2=0, nll_loss=2.907, ntokens=320, nsentences=64, sample_size=320, sample_size_v1=0, sample_size_v2=0, ppl=7.5, wps=77.8, ups=0.24, wpb=320, bsz=64, num_updates=2290, lr=4.67033e-05, gnorm=6.147, clip=100, loss_scale=64, train_wall=41, gb_free=7.4, wall=13061
2023-04-02 04:25:48 - progress_bar.py[line:272] - INFO: epoch 002:    427 / 1878 loss=4.029, loss_v1=0, loss_v2=0, nll_loss=2.969, ntokens=320, nsentences=64, sample_size=320, sample_size_v1=0, sample_size_v2=0, ppl=7.83, wps=77.1, ups=0.24, wpb=320, bsz=64, num_updates=2300, lr=4.6675e-05, gnorm=6.103, clip=100, loss_scale=64, train_wall=41, gb_free=7.4, wall=13102
2023-04-02 04:26:29 - progress_bar.py[line:272] - INFO: epoch 002:    437 / 1878 loss=4.02, loss_v1=0, loss_v2=0, nll_loss=2.953, ntokens=320, nsentences=64, sample_size=320, sample_size_v1=0, sample_size_v2=0, ppl=7.74, wps=78, ups=0.24, wpb=320, bsz=64, num_updates=2310, lr=4.66467e-05, gnorm=5.596, clip=100, loss_scale=64, train_wall=41, gb_free=7.4, wall=13143
2023-04-02 04:27:10 - progress_bar.py[line:272] - INFO: epoch 002:    447 / 1878 loss=3.985, loss_v1=0, loss_v2=0, nll_loss=2.923, ntokens=320, nsentences=64, sample_size=320, sample_size_v1=0, sample_size_v2=0, ppl=7.59, wps=78.6, ups=0.25, wpb=320, bsz=64, num_updates=2320, lr=4.66183e-05, gnorm=5.972, clip=100, loss_scale=64, train_wall=40, gb_free=7.4, wall=13184
2023-04-02 04:27:39 - trainer.py[line:921] - INFO: NOTE: gradient overflow detected, ignoring gradient, setting loss scale to: 32.0
2023-04-02 04:27:55 - progress_bar.py[line:272] - INFO: epoch 002:    458 / 1878 loss=3.982, loss_v1=0, loss_v2=0, nll_loss=2.906, ntokens=320, nsentences=64, sample_size=320, sample_size_v1=0, sample_size_v2=0, ppl=7.5, wps=71.4, ups=0.22, wpb=320, bsz=64, num_updates=2330, lr=4.659e-05, gnorm=6.019, clip=100, loss_scale=32, train_wall=45, gb_free=7.4, wall=13229
2023-04-02 04:28:36 - progress_bar.py[line:272] - INFO: epoch 002:    468 / 1878 loss=3.982, loss_v1=0, loss_v2=0, nll_loss=2.912, ntokens=320, nsentences=64, sample_size=320, sample_size_v1=0, sample_size_v2=0, ppl=7.53, wps=78.6, ups=0.25, wpb=320, bsz=64, num_updates=2340, lr=4.65617e-05, gnorm=6.329, clip=100, loss_scale=32, train_wall=41, gb_free=7.4, wall=13270
2023-04-02 04:29:17 - progress_bar.py[line:272] - INFO: epoch 002:    478 / 1878 loss=3.99, loss_v1=0, loss_v2=0, nll_loss=2.922, ntokens=320, nsentences=64, sample_size=320, sample_size_v1=0, sample_size_v2=0, ppl=7.58, wps=78.4, ups=0.24, wpb=320, bsz=64, num_updates=2350, lr=4.65334e-05, gnorm=6.582, clip=100, loss_scale=32, train_wall=41, gb_free=7.4, wall=13310
2023-04-02 04:29:57 - progress_bar.py[line:272] - INFO: epoch 002:    488 / 1878 loss=3.952, loss_v1=0, loss_v2=0, nll_loss=2.886, ntokens=320, nsentences=64, sample_size=320, sample_size_v1=0, sample_size_v2=0, ppl=7.39, wps=78.2, ups=0.24, wpb=320, bsz=64, num_updates=2360, lr=4.6505e-05, gnorm=6.128, clip=100, loss_scale=32, train_wall=41, gb_free=7.4, wall=13351
2023-04-02 04:30:38 - progress_bar.py[line:272] - INFO: epoch 002:    498 / 1878 loss=3.93, loss_v1=0, loss_v2=0, nll_loss=2.849, ntokens=320, nsentences=64, sample_size=320, sample_size_v1=0, sample_size_v2=0, ppl=7.2, wps=78.4, ups=0.25, wpb=320, bsz=64, num_updates=2370, lr=4.64767e-05, gnorm=6.362, clip=100, loss_scale=32, train_wall=41, gb_free=7.4, wall=13392
2023-04-02 04:30:51 - trainer.py[line:921] - INFO: NOTE: gradient overflow detected, ignoring gradient, setting loss scale to: 16.0
2023-04-02 04:31:23 - progress_bar.py[line:272] - INFO: epoch 002:    509 / 1878 loss=3.974, loss_v1=0, loss_v2=0, nll_loss=2.905, ntokens=320, nsentences=64, sample_size=320, sample_size_v1=0, sample_size_v2=0, ppl=7.49, wps=71.5, ups=0.22, wpb=320, bsz=64, num_updates=2380, lr=4.64484e-05, gnorm=6.006, clip=100, loss_scale=16, train_wall=44, gb_free=7.4, wall=13437
2023-04-02 04:32:04 - progress_bar.py[line:272] - INFO: epoch 002:    519 / 1878 loss=4.006, loss_v1=0, loss_v2=0, nll_loss=2.938, ntokens=320, nsentences=64, sample_size=320, sample_size_v1=0, sample_size_v2=0, ppl=7.66, wps=78.7, ups=0.25, wpb=320, bsz=64, num_updates=2390, lr=4.64201e-05, gnorm=6.782, clip=100, loss_scale=16, train_wall=40, gb_free=7.4, wall=13478
2023-04-02 04:32:45 - progress_bar.py[line:272] - INFO: epoch 002:    529 / 1878 loss=4.009, loss_v1=0, loss_v2=0, nll_loss=2.948, ntokens=320, nsentences=64, sample_size=320, sample_size_v1=0, sample_size_v2=0, ppl=7.72, wps=78, ups=0.24, wpb=320, bsz=64, num_updates=2400, lr=4.63918e-05, gnorm=6.584, clip=100, loss_scale=16, train_wall=41, gb_free=7.4, wall=13519
2023-04-02 04:33:26 - progress_bar.py[line:272] - INFO: epoch 002:    539 / 1878 loss=3.942, loss_v1=0, loss_v2=0, nll_loss=2.859, ntokens=320, nsentences=64, sample_size=320, sample_size_v1=0, sample_size_v2=0, ppl=7.26, wps=77.9, ups=0.24, wpb=320, bsz=64, num_updates=2410, lr=4.63634e-05, gnorm=6.275, clip=100, loss_scale=16, train_wall=41, gb_free=7.4, wall=13560
2023-04-02 04:34:07 - progress_bar.py[line:272] - INFO: epoch 002:    549 / 1878 loss=3.944, loss_v1=0, loss_v2=0, nll_loss=2.873, ntokens=320, nsentences=64, sample_size=320, sample_size_v1=0, sample_size_v2=0, ppl=7.33, wps=78.3, ups=0.24, wpb=320, bsz=64, num_updates=2420, lr=4.63351e-05, gnorm=6.586, clip=100, loss_scale=16, train_wall=41, gb_free=7.4, wall=13600
2023-04-02 04:34:48 - progress_bar.py[line:272] - INFO: epoch 002:    559 / 1878 loss=3.963, loss_v1=0, loss_v2=0, nll_loss=2.894, ntokens=320, nsentences=64, sample_size=320, sample_size_v1=0, sample_size_v2=0, ppl=7.43, wps=77.8, ups=0.24, wpb=320, bsz=64, num_updates=2430, lr=4.63068e-05, gnorm=6.175, clip=100, loss_scale=16, train_wall=41, gb_free=7.4, wall=13642
2023-04-02 04:35:28 - progress_bar.py[line:272] - INFO: epoch 002:    569 / 1878 loss=3.973, loss_v1=0, loss_v2=0, nll_loss=2.902, ntokens=320, nsentences=64, sample_size=320, sample_size_v1=0, sample_size_v2=0, ppl=7.47, wps=78.5, ups=0.25, wpb=320, bsz=64, num_updates=2440, lr=4.62785e-05, gnorm=6.208, clip=100, loss_scale=16, train_wall=40, gb_free=7.4, wall=13682
2023-04-02 04:36:09 - progress_bar.py[line:272] - INFO: epoch 002:    579 / 1878 loss=3.978, loss_v1=0, loss_v2=0, nll_loss=2.913, ntokens=320, nsentences=64, sample_size=320, sample_size_v1=0, sample_size_v2=0, ppl=7.53, wps=78.4, ups=0.25, wpb=320, bsz=64, num_updates=2450, lr=4.62501e-05, gnorm=6.478, clip=100, loss_scale=16, train_wall=41, gb_free=7.4, wall=13723
2023-04-02 04:36:50 - progress_bar.py[line:272] - INFO: epoch 002:    589 / 1878 loss=4.015, loss_v1=0, loss_v2=0, nll_loss=2.946, ntokens=320, nsentences=64, sample_size=320, sample_size_v1=0, sample_size_v2=0, ppl=7.71, wps=78.5, ups=0.25, wpb=320, bsz=64, num_updates=2460, lr=4.62218e-05, gnorm=7.011, clip=100, loss_scale=16, train_wall=41, gb_free=7.4, wall=13764
2023-04-02 04:37:31 - progress_bar.py[line:272] - INFO: epoch 002:    599 / 1878 loss=3.993, loss_v1=0, loss_v2=0, nll_loss=2.931, ntokens=320, nsentences=64, sample_size=320, sample_size_v1=0, sample_size_v2=0, ppl=7.63, wps=78.3, ups=0.24, wpb=320, bsz=64, num_updates=2470, lr=4.61935e-05, gnorm=6.415, clip=100, loss_scale=16, train_wall=41, gb_free=7.4, wall=13805
2023-04-02 04:38:12 - progress_bar.py[line:272] - INFO: epoch 002:    609 / 1878 loss=3.949, loss_v1=0, loss_v2=0, nll_loss=2.875, ntokens=320, nsentences=64, sample_size=320, sample_size_v1=0, sample_size_v2=0, ppl=7.34, wps=78.7, ups=0.25, wpb=320, bsz=64, num_updates=2480, lr=4.61652e-05, gnorm=5.784, clip=100, loss_scale=16, train_wall=40, gb_free=7.4, wall=13845
2023-04-02 04:38:52 - progress_bar.py[line:272] - INFO: epoch 002:    619 / 1878 loss=3.949, loss_v1=0, loss_v2=0, nll_loss=2.877, ntokens=320, nsentences=64, sample_size=320, sample_size_v1=0, sample_size_v2=0, ppl=7.35, wps=78.6, ups=0.25, wpb=320, bsz=64, num_updates=2490, lr=4.61369e-05, gnorm=6.21, clip=100, loss_scale=16, train_wall=40, gb_free=7.4, wall=13886
2023-04-02 04:39:33 - progress_bar.py[line:272] - INFO: epoch 002:    629 / 1878 loss=4.002, loss_v1=0, loss_v2=0, nll_loss=2.935, ntokens=320, nsentences=64, sample_size=320, sample_size_v1=0, sample_size_v2=0, ppl=7.65, wps=78.4, ups=0.25, wpb=320, bsz=64, num_updates=2500, lr=4.61085e-05, gnorm=6.293, clip=100, loss_scale=16, train_wall=41, gb_free=7.4, wall=13927
2023-04-02 04:39:33 - train.py[line:445] - INFO: begin validation on "valid" subset
slice_id 0 seek offset 0
slice_id 1 seek offset 5379
slice_id 0 seek offset 0
slice_id 1 seek offset 5379
2023-04-02 04:50:52 - progress_bar.py[line:282] - INFO: epoch 002 | valid on 'valid' subset | loss 4.212 | loss_v1 0 | loss_v2 0 | nll_loss 3.16 | ntokens 39.993 | nsentences 7.999 | sample_size 39.993 | sample_size_v1 0 | sample_size_v2 0 | ppl 8.94 | score 0.7883 | wps 79.3 | wpb 40 | bsz 8 | num_updates 2500 | best_score 0.7883
2023-04-02 04:50:52 - checkpoint_utils.py[line:64] - INFO: Preparing to save checkpoint for epoch 2 @ 2500 updates
2023-04-02 04:50:52 - trainer.py[line:431] - INFO: Saving checkpoint to ./refcocoplus_scratch_checkpoints/10_5e-5_512/checkpoint_2_2500.pt
2023-04-02 04:51:12 - trainer.py[line:441] - INFO: Finished saving checkpoint to ./refcocoplus_scratch_checkpoints/10_5e-5_512/checkpoint_2_2500.pt
2023-04-02 04:51:43 - checkpoint_utils.py[line:133] - INFO: Saved checkpoint ./refcocoplus_scratch_checkpoints/10_5e-5_512/checkpoint_2_2500.pt (epoch 2 @ 2500 updates, score 0.7883) (writing took 51.63997053634375 seconds)
2023-04-02 04:52:24 - progress_bar.py[line:272] - INFO: epoch 002:    639 / 1878 loss=3.952, loss_v1=0, loss_v2=0, nll_loss=2.883, ntokens=320, nsentences=64, sample_size=320, sample_size_v1=0, sample_size_v2=0, ppl=7.38, wps=4.2, ups=0.01, wpb=320, bsz=64, num_updates=2510, lr=4.60802e-05, gnorm=6.554, clip=100, loss_scale=16, train_wall=40, gb_free=7.4, wall=14698
2023-04-02 04:53:05 - progress_bar.py[line:272] - INFO: epoch 002:    649 / 1878 loss=3.948, loss_v1=0, loss_v2=0, nll_loss=2.875, ntokens=320, nsentences=64, sample_size=320, sample_size_v1=0, sample_size_v2=0, ppl=7.34, wps=78.3, ups=0.24, wpb=320, bsz=64, num_updates=2520, lr=4.60519e-05, gnorm=6.469, clip=100, loss_scale=16, train_wall=41, gb_free=7.4, wall=14738
2023-04-02 04:53:46 - progress_bar.py[line:272] - INFO: epoch 002:    659 / 1878 loss=3.967, loss_v1=0, loss_v2=0, nll_loss=2.898, ntokens=320, nsentences=64, sample_size=320, sample_size_v1=0, sample_size_v2=0, ppl=7.45, wps=78.2, ups=0.24, wpb=320, bsz=64, num_updates=2530, lr=4.60236e-05, gnorm=6.697, clip=100, loss_scale=16, train_wall=41, gb_free=7.4, wall=14779
2023-04-02 04:54:26 - progress_bar.py[line:272] - INFO: epoch 002:    669 / 1878 loss=3.961, loss_v1=0, loss_v2=0, nll_loss=2.892, ntokens=320, nsentences=64, sample_size=320, sample_size_v1=0, sample_size_v2=0, ppl=7.42, wps=78.2, ups=0.24, wpb=320, bsz=64, num_updates=2540, lr=4.59952e-05, gnorm=6.605, clip=100, loss_scale=16, train_wall=41, gb_free=7.4, wall=14820
2023-04-02 04:55:07 - progress_bar.py[line:272] - INFO: epoch 002:    679 / 1878 loss=3.959, loss_v1=0, loss_v2=0, nll_loss=2.89, ntokens=320, nsentences=64, sample_size=320, sample_size_v1=0, sample_size_v2=0, ppl=7.41, wps=78.1, ups=0.24, wpb=320, bsz=64, num_updates=2550, lr=4.59669e-05, gnorm=6.302, clip=100, loss_scale=16, train_wall=41, gb_free=7.4, wall=14861
2023-04-02 04:55:48 - progress_bar.py[line:272] - INFO: epoch 002:    689 / 1878 loss=3.963, loss_v1=0, loss_v2=0, nll_loss=2.893, ntokens=320, nsentences=64, sample_size=320, sample_size_v1=0, sample_size_v2=0, ppl=7.43, wps=78.6, ups=0.25, wpb=320, bsz=64, num_updates=2560, lr=4.59386e-05, gnorm=6.35, clip=100, loss_scale=16, train_wall=41, gb_free=7.4, wall=14902
2023-04-02 04:56:29 - progress_bar.py[line:272] - INFO: epoch 002:    699 / 1878 loss=3.944, loss_v1=0, loss_v2=0, nll_loss=2.872, ntokens=320, nsentences=64, sample_size=320, sample_size_v1=0, sample_size_v2=0, ppl=7.32, wps=78.1, ups=0.24, wpb=320, bsz=64, num_updates=2570, lr=4.59103e-05, gnorm=6.545, clip=100, loss_scale=16, train_wall=41, gb_free=7.4, wall=14943
2023-04-02 04:57:10 - progress_bar.py[line:272] - INFO: epoch 002:    709 / 1878 loss=3.943, loss_v1=0, loss_v2=0, nll_loss=2.874, ntokens=320, nsentences=64, sample_size=320, sample_size_v1=0, sample_size_v2=0, ppl=7.33, wps=78.2, ups=0.24, wpb=320, bsz=64, num_updates=2580, lr=4.5882e-05, gnorm=6.276, clip=100, loss_scale=16, train_wall=41, gb_free=7.4, wall=14984
2023-04-02 04:57:51 - progress_bar.py[line:272] - INFO: epoch 002:    719 / 1878 loss=3.847, loss_v1=0, loss_v2=0, nll_loss=2.754, ntokens=320, nsentences=64, sample_size=320, sample_size_v1=0, sample_size_v2=0, ppl=6.75, wps=77.7, ups=0.24, wpb=320, bsz=64, num_updates=2590, lr=4.58536e-05, gnorm=7.494, clip=100, loss_scale=16, train_wall=41, gb_free=7.4, wall=15025
2023-04-02 04:58:32 - progress_bar.py[line:272] - INFO: epoch 002:    729 / 1878 loss=3.945, loss_v1=0, loss_v2=0, nll_loss=2.877, ntokens=320, nsentences=64, sample_size=320, sample_size_v1=0, sample_size_v2=0, ppl=7.35, wps=77.8, ups=0.24, wpb=320, bsz=64, num_updates=2600, lr=4.58253e-05, gnorm=6.198, clip=100, loss_scale=16, train_wall=41, gb_free=7.4, wall=15066
2023-04-02 04:59:13 - progress_bar.py[line:272] - INFO: epoch 002:    739 / 1878 loss=3.885, loss_v1=0, loss_v2=0, nll_loss=2.803, ntokens=320, nsentences=64, sample_size=320, sample_size_v1=0, sample_size_v2=0, ppl=6.98, wps=78.5, ups=0.25, wpb=320, bsz=64, num_updates=2610, lr=4.5797e-05, gnorm=6.225, clip=100, loss_scale=16, train_wall=40, gb_free=7.4, wall=15107
2023-04-02 04:59:54 - progress_bar.py[line:272] - INFO: epoch 002:    749 / 1878 loss=3.849, loss_v1=0, loss_v2=0, nll_loss=2.762, ntokens=320, nsentences=64, sample_size=320, sample_size_v1=0, sample_size_v2=0, ppl=6.78, wps=78.6, ups=0.25, wpb=320, bsz=64, num_updates=2620, lr=4.57687e-05, gnorm=6.155, clip=100, loss_scale=16, train_wall=40, gb_free=7.4, wall=15148
2023-04-02 05:00:35 - progress_bar.py[line:272] - INFO: epoch 002:    759 / 1878 loss=3.83, loss_v1=0, loss_v2=0, nll_loss=2.741, ntokens=320, nsentences=64, sample_size=320, sample_size_v1=0, sample_size_v2=0, ppl=6.69, wps=78.4, ups=0.25, wpb=320, bsz=64, num_updates=2630, lr=4.57403e-05, gnorm=5.743, clip=100, loss_scale=16, train_wall=41, gb_free=7.4, wall=15188
2023-04-02 05:01:16 - progress_bar.py[line:272] - INFO: epoch 002:    769 / 1878 loss=3.89, loss_v1=0, loss_v2=0, nll_loss=2.806, ntokens=320, nsentences=64, sample_size=320, sample_size_v1=0, sample_size_v2=0, ppl=6.99, wps=78.2, ups=0.24, wpb=320, bsz=64, num_updates=2640, lr=4.5712e-05, gnorm=6.384, clip=100, loss_scale=16, train_wall=41, gb_free=7.4, wall=15229
2023-04-02 05:01:56 - progress_bar.py[line:272] - INFO: epoch 002:    779 / 1878 loss=3.893, loss_v1=0, loss_v2=0, nll_loss=2.814, ntokens=320, nsentences=64, sample_size=320, sample_size_v1=0, sample_size_v2=0, ppl=7.03, wps=78.4, ups=0.25, wpb=320, bsz=64, num_updates=2650, lr=4.56837e-05, gnorm=5.959, clip=100, loss_scale=16, train_wall=41, gb_free=7.4, wall=15270
2023-04-02 05:02:37 - progress_bar.py[line:272] - INFO: epoch 002:    789 / 1878 loss=3.882, loss_v1=0, loss_v2=0, nll_loss=2.802, ntokens=320, nsentences=64, sample_size=320, sample_size_v1=0, sample_size_v2=0, ppl=6.98, wps=78.5, ups=0.25, wpb=320, bsz=64, num_updates=2660, lr=4.56554e-05, gnorm=6.179, clip=100, loss_scale=16, train_wall=41, gb_free=7.4, wall=15311
2023-04-02 05:03:18 - progress_bar.py[line:272] - INFO: epoch 002:    799 / 1878 loss=3.844, loss_v1=0, loss_v2=0, nll_loss=2.758, ntokens=320, nsentences=64, sample_size=320, sample_size_v1=0, sample_size_v2=0, ppl=6.76, wps=78.6, ups=0.25, wpb=320, bsz=64, num_updates=2670, lr=4.56271e-05, gnorm=5.895, clip=100, loss_scale=16, train_wall=40, gb_free=7.4, wall=15352
2023-04-02 05:03:59 - progress_bar.py[line:272] - INFO: epoch 002:    809 / 1878 loss=3.902, loss_v1=0, loss_v2=0, nll_loss=2.827, ntokens=320, nsentences=64, sample_size=320, sample_size_v1=0, sample_size_v2=0, ppl=7.1, wps=78.6, ups=0.25, wpb=320, bsz=64, num_updates=2680, lr=4.55987e-05, gnorm=6.183, clip=100, loss_scale=16, train_wall=40, gb_free=7.4, wall=15392
2023-04-02 05:04:40 - progress_bar.py[line:272] - INFO: epoch 002:    819 / 1878 loss=3.875, loss_v1=0, loss_v2=0, nll_loss=2.79, ntokens=320, nsentences=64, sample_size=320, sample_size_v1=0, sample_size_v2=0, ppl=6.92, wps=78, ups=0.24, wpb=320, bsz=64, num_updates=2690, lr=4.55704e-05, gnorm=5.607, clip=100, loss_scale=16, train_wall=41, gb_free=7.4, wall=15433
2023-04-02 05:05:21 - progress_bar.py[line:272] - INFO: epoch 002:    829 / 1878 loss=3.909, loss_v1=0, loss_v2=0, nll_loss=2.829, ntokens=320, nsentences=64, sample_size=320, sample_size_v1=0, sample_size_v2=0, ppl=7.1, wps=78.1, ups=0.24, wpb=320, bsz=64, num_updates=2700, lr=4.55421e-05, gnorm=7.078, clip=100, loss_scale=16, train_wall=41, gb_free=7.4, wall=15474
2023-04-02 05:06:01 - progress_bar.py[line:272] - INFO: epoch 002:    839 / 1878 loss=3.919, loss_v1=0, loss_v2=0, nll_loss=2.848, ntokens=320, nsentences=64, sample_size=320, sample_size_v1=0, sample_size_v2=0, ppl=7.2, wps=78.3, ups=0.24, wpb=320, bsz=64, num_updates=2710, lr=4.55138e-05, gnorm=5.917, clip=100, loss_scale=16, train_wall=41, gb_free=7.4, wall=15515
2023-04-02 05:06:42 - progress_bar.py[line:272] - INFO: epoch 002:    849 / 1878 loss=3.924, loss_v1=0, loss_v2=0, nll_loss=2.847, ntokens=320, nsentences=64, sample_size=320, sample_size_v1=0, sample_size_v2=0, ppl=7.19, wps=78.6, ups=0.25, wpb=320, bsz=64, num_updates=2720, lr=4.54854e-05, gnorm=6.015, clip=100, loss_scale=16, train_wall=40, gb_free=7.4, wall=15556
2023-04-02 05:07:23 - progress_bar.py[line:272] - INFO: epoch 002:    859 / 1878 loss=3.905, loss_v1=0, loss_v2=0, nll_loss=2.832, ntokens=320, nsentences=64, sample_size=320, sample_size_v1=0, sample_size_v2=0, ppl=7.12, wps=78.2, ups=0.24, wpb=320, bsz=64, num_updates=2730, lr=4.54571e-05, gnorm=6.076, clip=100, loss_scale=16, train_wall=41, gb_free=7.4, wall=15597
2023-04-02 05:08:04 - progress_bar.py[line:272] - INFO: epoch 002:    869 / 1878 loss=3.893, loss_v1=0, loss_v2=0, nll_loss=2.817, ntokens=320, nsentences=64, sample_size=320, sample_size_v1=0, sample_size_v2=0, ppl=7.05, wps=78.5, ups=0.25, wpb=320, bsz=64, num_updates=2740, lr=4.54288e-05, gnorm=5.874, clip=100, loss_scale=16, train_wall=41, gb_free=7.4, wall=15638
2023-04-02 05:08:45 - progress_bar.py[line:272] - INFO: epoch 002:    879 / 1878 loss=3.895, loss_v1=0, loss_v2=0, nll_loss=2.815, ntokens=320, nsentences=64, sample_size=320, sample_size_v1=0, sample_size_v2=0, ppl=7.04, wps=77.8, ups=0.24, wpb=320, bsz=64, num_updates=2750, lr=4.54005e-05, gnorm=5.932, clip=100, loss_scale=16, train_wall=41, gb_free=7.4, wall=15679
2023-04-02 05:09:26 - progress_bar.py[line:272] - INFO: epoch 002:    889 / 1878 loss=3.877, loss_v1=0, loss_v2=0, nll_loss=2.794, ntokens=320, nsentences=64, sample_size=320, sample_size_v1=0, sample_size_v2=0, ppl=6.93, wps=77.6, ups=0.24, wpb=320, bsz=64, num_updates=2760, lr=4.53722e-05, gnorm=5.762, clip=100, loss_scale=16, train_wall=41, gb_free=7.4, wall=15720
2023-04-02 05:10:07 - progress_bar.py[line:272] - INFO: epoch 002:    899 / 1878 loss=3.815, loss_v1=0, loss_v2=0, nll_loss=2.725, ntokens=320, nsentences=64, sample_size=320, sample_size_v1=0, sample_size_v2=0, ppl=6.61, wps=78.2, ups=0.24, wpb=320, bsz=64, num_updates=2770, lr=4.53438e-05, gnorm=5.303, clip=100, loss_scale=16, train_wall=41, gb_free=7.4, wall=15761
2023-04-02 05:10:48 - progress_bar.py[line:272] - INFO: epoch 002:    909 / 1878 loss=3.833, loss_v1=0, loss_v2=0, nll_loss=2.747, ntokens=320, nsentences=64, sample_size=320, sample_size_v1=0, sample_size_v2=0, ppl=6.71, wps=78.3, ups=0.24, wpb=320, bsz=64, num_updates=2780, lr=4.53155e-05, gnorm=6.087, clip=100, loss_scale=16, train_wall=41, gb_free=7.4, wall=15802
2023-04-02 05:11:29 - progress_bar.py[line:272] - INFO: epoch 002:    919 / 1878 loss=3.869, loss_v1=0, loss_v2=0, nll_loss=2.79, ntokens=320, nsentences=64, sample_size=320, sample_size_v1=0, sample_size_v2=0, ppl=6.91, wps=77.7, ups=0.24, wpb=320, bsz=64, num_updates=2790, lr=4.52872e-05, gnorm=6.184, clip=100, loss_scale=16, train_wall=41, gb_free=7.4, wall=15843
2023-04-02 05:12:10 - progress_bar.py[line:272] - INFO: epoch 002:    929 / 1878 loss=3.856, loss_v1=0, loss_v2=0, nll_loss=2.77, ntokens=320, nsentences=64, sample_size=320, sample_size_v1=0, sample_size_v2=0, ppl=6.82, wps=78.1, ups=0.24, wpb=320, bsz=64, num_updates=2800, lr=4.52589e-05, gnorm=6.038, clip=100, loss_scale=16, train_wall=41, gb_free=7.4, wall=15884
2023-04-02 05:12:51 - progress_bar.py[line:272] - INFO: epoch 002:    939 / 1878 loss=3.852, loss_v1=0, loss_v2=0, nll_loss=2.774, ntokens=320, nsentences=64, sample_size=320, sample_size_v1=0, sample_size_v2=0, ppl=6.84, wps=78.4, ups=0.25, wpb=320, bsz=64, num_updates=2810, lr=4.52305e-05, gnorm=5.618, clip=100, loss_scale=16, train_wall=41, gb_free=7.4, wall=15925
2023-04-02 05:13:32 - progress_bar.py[line:272] - INFO: epoch 002:    949 / 1878 loss=3.865, loss_v1=0, loss_v2=0, nll_loss=2.786, ntokens=320, nsentences=64, sample_size=320, sample_size_v1=0, sample_size_v2=0, ppl=6.9, wps=78.3, ups=0.24, wpb=320, bsz=64, num_updates=2820, lr=4.52022e-05, gnorm=5.875, clip=100, loss_scale=16, train_wall=41, gb_free=7.4, wall=15966
2023-04-02 05:14:13 - progress_bar.py[line:272] - INFO: epoch 002:    959 / 1878 loss=3.835, loss_v1=0, loss_v2=0, nll_loss=2.744, ntokens=320, nsentences=64, sample_size=320, sample_size_v1=0, sample_size_v2=0, ppl=6.7, wps=78.1, ups=0.24, wpb=320, bsz=64, num_updates=2830, lr=4.51739e-05, gnorm=5.789, clip=100, loss_scale=16, train_wall=41, gb_free=7.5, wall=16007
2023-04-02 05:14:53 - progress_bar.py[line:272] - INFO: epoch 002:    969 / 1878 loss=3.834, loss_v1=0, loss_v2=0, nll_loss=2.752, ntokens=320, nsentences=64, sample_size=320, sample_size_v1=0, sample_size_v2=0, ppl=6.74, wps=79, ups=0.25, wpb=320, bsz=64, num_updates=2840, lr=4.51456e-05, gnorm=5.975, clip=100, loss_scale=16, train_wall=40, gb_free=7.4, wall=16047
2023-04-02 05:15:34 - progress_bar.py[line:272] - INFO: epoch 002:    979 / 1878 loss=3.82, loss_v1=0, loss_v2=0, nll_loss=2.733, ntokens=320, nsentences=64, sample_size=320, sample_size_v1=0, sample_size_v2=0, ppl=6.65, wps=78.5, ups=0.25, wpb=320, bsz=64, num_updates=2850, lr=4.51173e-05, gnorm=5.977, clip=100, loss_scale=16, train_wall=41, gb_free=7.4, wall=16088
2023-04-02 05:16:15 - progress_bar.py[line:272] - INFO: epoch 002:    989 / 1878 loss=3.861, loss_v1=0, loss_v2=0, nll_loss=2.777, ntokens=320, nsentences=64, sample_size=320, sample_size_v1=0, sample_size_v2=0, ppl=6.85, wps=78.4, ups=0.25, wpb=320, bsz=64, num_updates=2860, lr=4.50889e-05, gnorm=5.771, clip=100, loss_scale=16, train_wall=41, gb_free=7.4, wall=16129
2023-04-02 05:16:55 - progress_bar.py[line:272] - INFO: epoch 002:    999 / 1878 loss=3.906, loss_v1=0, loss_v2=0, nll_loss=2.835, ntokens=320, nsentences=64, sample_size=320, sample_size_v1=0, sample_size_v2=0, ppl=7.14, wps=78.6, ups=0.25, wpb=320, bsz=64, num_updates=2870, lr=4.50606e-05, gnorm=5.846, clip=100, loss_scale=16, train_wall=40, gb_free=7.4, wall=16169
2023-04-02 05:17:36 - progress_bar.py[line:272] - INFO: epoch 002:   1009 / 1878 loss=3.818, loss_v1=0, loss_v2=0, nll_loss=2.724, ntokens=320, nsentences=64, sample_size=320, sample_size_v1=0, sample_size_v2=0, ppl=6.61, wps=78.2, ups=0.24, wpb=320, bsz=64, num_updates=2880, lr=4.50323e-05, gnorm=5.591, clip=100, loss_scale=16, train_wall=41, gb_free=7.4, wall=16210
2023-04-02 05:18:17 - progress_bar.py[line:272] - INFO: epoch 002:   1019 / 1878 loss=3.819, loss_v1=0, loss_v2=0, nll_loss=2.731, ntokens=320, nsentences=64, sample_size=320, sample_size_v1=0, sample_size_v2=0, ppl=6.64, wps=78.1, ups=0.24, wpb=320, bsz=64, num_updates=2890, lr=4.5004e-05, gnorm=6.218, clip=100, loss_scale=32, train_wall=41, gb_free=7.4, wall=16251
2023-04-02 05:18:58 - progress_bar.py[line:272] - INFO: epoch 002:   1029 / 1878 loss=3.844, loss_v1=0, loss_v2=0, nll_loss=2.76, ntokens=320, nsentences=64, sample_size=320, sample_size_v1=0, sample_size_v2=0, ppl=6.77, wps=78.4, ups=0.24, wpb=320, bsz=64, num_updates=2900, lr=4.49756e-05, gnorm=5.896, clip=100, loss_scale=32, train_wall=41, gb_free=7.4, wall=16292
2023-04-02 05:19:39 - progress_bar.py[line:272] - INFO: epoch 002:   1039 / 1878 loss=3.852, loss_v1=0, loss_v2=0, nll_loss=2.766, ntokens=320, nsentences=64, sample_size=320, sample_size_v1=0, sample_size_v2=0, ppl=6.8, wps=78.3, ups=0.24, wpb=320, bsz=64, num_updates=2910, lr=4.49473e-05, gnorm=5.719, clip=100, loss_scale=32, train_wall=41, gb_free=7.4, wall=16333
2023-04-02 05:20:20 - progress_bar.py[line:272] - INFO: epoch 002:   1049 / 1878 loss=3.851, loss_v1=0, loss_v2=0, nll_loss=2.77, ntokens=320, nsentences=64, sample_size=320, sample_size_v1=0, sample_size_v2=0, ppl=6.82, wps=78.8, ups=0.25, wpb=320, bsz=64, num_updates=2920, lr=4.4919e-05, gnorm=6.155, clip=100, loss_scale=32, train_wall=40, gb_free=7.4, wall=16374
2023-04-02 05:21:00 - progress_bar.py[line:272] - INFO: epoch 002:   1059 / 1878 loss=3.839, loss_v1=0, loss_v2=0, nll_loss=2.751, ntokens=320, nsentences=64, sample_size=320, sample_size_v1=0, sample_size_v2=0, ppl=6.73, wps=78.6, ups=0.25, wpb=320, bsz=64, num_updates=2930, lr=4.48907e-05, gnorm=5.781, clip=100, loss_scale=32, train_wall=41, gb_free=7.4, wall=16414
2023-04-02 05:21:41 - progress_bar.py[line:272] - INFO: epoch 002:   1069 / 1878 loss=3.819, loss_v1=0, loss_v2=0, nll_loss=2.734, ntokens=320, nsentences=64, sample_size=320, sample_size_v1=0, sample_size_v2=0, ppl=6.65, wps=78.4, ups=0.24, wpb=320, bsz=64, num_updates=2940, lr=4.48624e-05, gnorm=5.946, clip=100, loss_scale=32, train_wall=41, gb_free=7.4, wall=16455
2023-04-02 05:22:22 - progress_bar.py[line:272] - INFO: epoch 002:   1079 / 1878 loss=3.813, loss_v1=0, loss_v2=0, nll_loss=2.725, ntokens=320, nsentences=64, sample_size=320, sample_size_v1=0, sample_size_v2=0, ppl=6.61, wps=78.3, ups=0.24, wpb=320, bsz=64, num_updates=2950, lr=4.4834e-05, gnorm=5.415, clip=100, loss_scale=32, train_wall=41, gb_free=7.4, wall=16496
2023-04-02 05:23:03 - progress_bar.py[line:272] - INFO: epoch 002:   1089 / 1878 loss=3.794, loss_v1=0, loss_v2=0, nll_loss=2.703, ntokens=320, nsentences=64, sample_size=320, sample_size_v1=0, sample_size_v2=0, ppl=6.51, wps=78.1, ups=0.24, wpb=320, bsz=64, num_updates=2960, lr=4.48057e-05, gnorm=6.12, clip=100, loss_scale=32, train_wall=41, gb_free=7.4, wall=16537
2023-04-02 05:23:44 - progress_bar.py[line:272] - INFO: epoch 002:   1099 / 1878 loss=3.858, loss_v1=0, loss_v2=0, nll_loss=2.777, ntokens=320, nsentences=64, sample_size=320, sample_size_v1=0, sample_size_v2=0, ppl=6.85, wps=78.5, ups=0.25, wpb=320, bsz=64, num_updates=2970, lr=4.47774e-05, gnorm=5.885, clip=100, loss_scale=32, train_wall=41, gb_free=7.4, wall=16578
2023-04-02 05:24:25 - progress_bar.py[line:272] - INFO: epoch 002:   1109 / 1878 loss=3.849, loss_v1=0, loss_v2=0, nll_loss=2.769, ntokens=320, nsentences=64, sample_size=320, sample_size_v1=0, sample_size_v2=0, ppl=6.81, wps=78.3, ups=0.24, wpb=320, bsz=64, num_updates=2980, lr=4.47491e-05, gnorm=5.923, clip=100, loss_scale=32, train_wall=41, gb_free=7.4, wall=16619
2023-04-02 05:25:05 - progress_bar.py[line:272] - INFO: epoch 002:   1119 / 1878 loss=3.783, loss_v1=0, loss_v2=0, nll_loss=2.69, ntokens=320, nsentences=64, sample_size=320, sample_size_v1=0, sample_size_v2=0, ppl=6.45, wps=78.6, ups=0.25, wpb=320, bsz=64, num_updates=2990, lr=4.47207e-05, gnorm=6.503, clip=100, loss_scale=32, train_wall=40, gb_free=7.4, wall=16659
2023-04-02 05:25:47 - progress_bar.py[line:272] - INFO: epoch 002:   1129 / 1878 loss=3.762, loss_v1=0, loss_v2=0, nll_loss=2.665, ntokens=320, nsentences=64, sample_size=320, sample_size_v1=0, sample_size_v2=0, ppl=6.34, wps=77.8, ups=0.24, wpb=320, bsz=64, num_updates=3000, lr=4.46924e-05, gnorm=6.098, clip=100, loss_scale=32, train_wall=41, gb_free=7.4, wall=16700
2023-04-02 05:25:47 - train.py[line:445] - INFO: begin validation on "valid" subset
slice_id 0 seek offset 0
slice_id 1 seek offset 5379
slice_id 0 seek offset 0
slice_id 1 seek offset 5379
2023-04-02 05:37:05 - progress_bar.py[line:282] - INFO: epoch 002 | valid on 'valid' subset | loss 4.27 | loss_v1 0 | loss_v2 0 | nll_loss 3.223 | ntokens 39.993 | nsentences 7.999 | sample_size 39.993 | sample_size_v1 0 | sample_size_v2 0 | ppl 9.34 | score 0.7921 | wps 79.3 | wpb 40 | bsz 8 | num_updates 3000 | best_score 0.7921
2023-04-02 05:37:05 - checkpoint_utils.py[line:64] - INFO: Preparing to save checkpoint for epoch 2 @ 3000 updates
2023-04-02 05:37:05 - trainer.py[line:431] - INFO: Saving checkpoint to ./refcocoplus_scratch_checkpoints/10_5e-5_512/checkpoint_2_3000.pt
2023-04-02 05:37:24 - trainer.py[line:441] - INFO: Finished saving checkpoint to ./refcocoplus_scratch_checkpoints/10_5e-5_512/checkpoint_2_3000.pt
2023-04-02 05:37:54 - checkpoint_utils.py[line:133] - INFO: Saved checkpoint ./refcocoplus_scratch_checkpoints/10_5e-5_512/checkpoint_2_3000.pt (epoch 2 @ 3000 updates, score 0.7921) (writing took 49.368726931512356 seconds)
2023-04-02 05:38:35 - progress_bar.py[line:272] - INFO: epoch 002:   1139 / 1878 loss=3.823, loss_v1=0, loss_v2=0, nll_loss=2.74, ntokens=320, nsentences=64, sample_size=320, sample_size_v1=0, sample_size_v2=0, ppl=6.68, wps=4.2, ups=0.01, wpb=320, bsz=64, num_updates=3010, lr=4.46641e-05, gnorm=5.712, clip=100, loss_scale=32, train_wall=40, gb_free=7.4, wall=17469
2023-04-02 05:39:16 - progress_bar.py[line:272] - INFO: epoch 002:   1149 / 1878 loss=3.838, loss_v1=0, loss_v2=0, nll_loss=2.758, ntokens=320, nsentences=64, sample_size=320, sample_size_v1=0, sample_size_v2=0, ppl=6.76, wps=78.3, ups=0.24, wpb=320, bsz=64, num_updates=3020, lr=4.46358e-05, gnorm=6.292, clip=100, loss_scale=32, train_wall=41, gb_free=7.4, wall=17509
2023-04-02 05:39:56 - progress_bar.py[line:272] - INFO: epoch 002:   1159 / 1878 loss=3.831, loss_v1=0, loss_v2=0, nll_loss=2.744, ntokens=320, nsentences=64, sample_size=320, sample_size_v1=0, sample_size_v2=0, ppl=6.7, wps=78.2, ups=0.24, wpb=320, bsz=64, num_updates=3030, lr=4.46075e-05, gnorm=6.073, clip=100, loss_scale=32, train_wall=41, gb_free=7.4, wall=17550
2023-04-02 05:40:37 - progress_bar.py[line:272] - INFO: epoch 002:   1169 / 1878 loss=3.811, loss_v1=0, loss_v2=0, nll_loss=2.719, ntokens=320, nsentences=64, sample_size=320, sample_size_v1=0, sample_size_v2=0, ppl=6.58, wps=78.7, ups=0.25, wpb=320, bsz=64, num_updates=3040, lr=4.45791e-05, gnorm=6.315, clip=100, loss_scale=32, train_wall=40, gb_free=7.4, wall=17591
2023-04-02 05:41:18 - progress_bar.py[line:272] - INFO: epoch 002:   1179 / 1878 loss=3.835, loss_v1=0, loss_v2=0, nll_loss=2.753, ntokens=320, nsentences=64, sample_size=320, sample_size_v1=0, sample_size_v2=0, ppl=6.74, wps=78.5, ups=0.25, wpb=320, bsz=64, num_updates=3050, lr=4.45508e-05, gnorm=6.796, clip=100, loss_scale=32, train_wall=41, gb_free=7.4, wall=17632
2023-04-02 05:41:59 - progress_bar.py[line:272] - INFO: epoch 002:   1189 / 1878 loss=3.806, loss_v1=0, loss_v2=0, nll_loss=2.715, ntokens=320, nsentences=64, sample_size=320, sample_size_v1=0, sample_size_v2=0, ppl=6.57, wps=78.5, ups=0.25, wpb=320, bsz=64, num_updates=3060, lr=4.45225e-05, gnorm=5.945, clip=100, loss_scale=32, train_wall=41, gb_free=7.4, wall=17673
2023-04-02 05:42:40 - progress_bar.py[line:272] - INFO: epoch 002:   1199 / 1878 loss=3.796, loss_v1=0, loss_v2=0, nll_loss=2.704, ntokens=320, nsentences=64, sample_size=320, sample_size_v1=0, sample_size_v2=0, ppl=6.52, wps=78.2, ups=0.24, wpb=320, bsz=64, num_updates=3070, lr=4.44942e-05, gnorm=6.467, clip=100, loss_scale=32, train_wall=41, gb_free=7.4, wall=17713
2023-04-02 05:43:21 - progress_bar.py[line:272] - INFO: epoch 002:   1209 / 1878 loss=3.798, loss_v1=0, loss_v2=0, nll_loss=2.711, ntokens=320, nsentences=64, sample_size=320, sample_size_v1=0, sample_size_v2=0, ppl=6.55, wps=78, ups=0.24, wpb=320, bsz=64, num_updates=3080, lr=4.44658e-05, gnorm=5.964, clip=100, loss_scale=32, train_wall=41, gb_free=7.4, wall=17754
2023-04-02 05:44:02 - progress_bar.py[line:272] - INFO: epoch 002:   1219 / 1878 loss=3.791, loss_v1=0, loss_v2=0, nll_loss=2.697, ntokens=320, nsentences=64, sample_size=320, sample_size_v1=0, sample_size_v2=0, ppl=6.49, wps=78.1, ups=0.24, wpb=320, bsz=64, num_updates=3090, lr=4.44375e-05, gnorm=6.308, clip=100, loss_scale=32, train_wall=41, gb_free=7.4, wall=17795
2023-04-02 05:44:43 - progress_bar.py[line:272] - INFO: epoch 002:   1229 / 1878 loss=3.783, loss_v1=0, loss_v2=0, nll_loss=2.696, ntokens=320, nsentences=64, sample_size=320, sample_size_v1=0, sample_size_v2=0, ppl=6.48, wps=78.2, ups=0.24, wpb=320, bsz=64, num_updates=3100, lr=4.44092e-05, gnorm=7.378, clip=100, loss_scale=32, train_wall=41, gb_free=7.4, wall=17836
2023-04-02 05:45:23 - progress_bar.py[line:272] - INFO: epoch 002:   1239 / 1878 loss=3.765, loss_v1=0, loss_v2=0, nll_loss=2.666, ntokens=320, nsentences=64, sample_size=320, sample_size_v1=0, sample_size_v2=0, ppl=6.35, wps=78.2, ups=0.24, wpb=320, bsz=64, num_updates=3110, lr=4.43809e-05, gnorm=5.612, clip=100, loss_scale=32, train_wall=41, gb_free=7.4, wall=17877
2023-04-02 05:46:04 - progress_bar.py[line:272] - INFO: epoch 002:   1249 / 1878 loss=3.775, loss_v1=0, loss_v2=0, nll_loss=2.68, ntokens=320, nsentences=64, sample_size=320, sample_size_v1=0, sample_size_v2=0, ppl=6.41, wps=78, ups=0.24, wpb=320, bsz=64, num_updates=3120, lr=4.43526e-05, gnorm=5.778, clip=100, loss_scale=32, train_wall=41, gb_free=7.4, wall=17918
2023-04-02 05:46:45 - progress_bar.py[line:272] - INFO: epoch 002:   1259 / 1878 loss=3.779, loss_v1=0, loss_v2=0, nll_loss=2.686, ntokens=320, nsentences=64, sample_size=320, sample_size_v1=0, sample_size_v2=0, ppl=6.44, wps=78.5, ups=0.25, wpb=320, bsz=64, num_updates=3130, lr=4.43242e-05, gnorm=6.333, clip=100, loss_scale=32, train_wall=41, gb_free=7.4, wall=17959
2023-04-02 05:47:26 - progress_bar.py[line:272] - INFO: epoch 002:   1269 / 1878 loss=3.783, loss_v1=0, loss_v2=0, nll_loss=2.69, ntokens=320, nsentences=64, sample_size=320, sample_size_v1=0, sample_size_v2=0, ppl=6.45, wps=78.3, ups=0.24, wpb=320, bsz=64, num_updates=3140, lr=4.42959e-05, gnorm=6.914, clip=100, loss_scale=32, train_wall=41, gb_free=7.4, wall=18000
2023-04-02 05:48:07 - progress_bar.py[line:272] - INFO: epoch 002:   1279 / 1878 loss=3.75, loss_v1=0, loss_v2=0, nll_loss=2.653, ntokens=320, nsentences=64, sample_size=320, sample_size_v1=0, sample_size_v2=0, ppl=6.29, wps=78.4, ups=0.24, wpb=320, bsz=64, num_updates=3150, lr=4.42676e-05, gnorm=5.525, clip=100, loss_scale=32, train_wall=41, gb_free=7.4, wall=18041
2023-04-02 05:48:48 - progress_bar.py[line:272] - INFO: epoch 002:   1289 / 1878 loss=3.786, loss_v1=0, loss_v2=0, nll_loss=2.695, ntokens=320, nsentences=64, sample_size=320, sample_size_v1=0, sample_size_v2=0, ppl=6.48, wps=78.5, ups=0.25, wpb=320, bsz=64, num_updates=3160, lr=4.42393e-05, gnorm=6.753, clip=100, loss_scale=32, train_wall=41, gb_free=7.4, wall=18082
2023-04-02 05:49:28 - progress_bar.py[line:272] - INFO: epoch 002:   1299 / 1878 loss=3.79, loss_v1=0, loss_v2=0, nll_loss=2.702, ntokens=320, nsentences=64, sample_size=320, sample_size_v1=0, sample_size_v2=0, ppl=6.51, wps=78.8, ups=0.25, wpb=320, bsz=64, num_updates=3170, lr=4.42109e-05, gnorm=6.249, clip=100, loss_scale=32, train_wall=40, gb_free=7.4, wall=18122
2023-04-02 05:50:09 - progress_bar.py[line:272] - INFO: epoch 002:   1309 / 1878 loss=3.823, loss_v1=0, loss_v2=0, nll_loss=2.733, ntokens=320, nsentences=64, sample_size=320, sample_size_v1=0, sample_size_v2=0, ppl=6.65, wps=78.5, ups=0.25, wpb=320, bsz=64, num_updates=3180, lr=4.41826e-05, gnorm=5.986, clip=100, loss_scale=32, train_wall=41, gb_free=7.5, wall=18163
2023-04-02 05:50:50 - progress_bar.py[line:272] - INFO: epoch 002:   1319 / 1878 loss=3.799, loss_v1=0, loss_v2=0, nll_loss=2.713, ntokens=320, nsentences=64, sample_size=320, sample_size_v1=0, sample_size_v2=0, ppl=6.56, wps=78.4, ups=0.25, wpb=320, bsz=64, num_updates=3190, lr=4.41543e-05, gnorm=6.125, clip=100, loss_scale=32, train_wall=41, gb_free=7.4, wall=18204
2023-04-02 05:51:31 - progress_bar.py[line:272] - INFO: epoch 002:   1329 / 1878 loss=3.783, loss_v1=0, loss_v2=0, nll_loss=2.69, ntokens=320, nsentences=64, sample_size=320, sample_size_v1=0, sample_size_v2=0, ppl=6.45, wps=78.3, ups=0.24, wpb=320, bsz=64, num_updates=3200, lr=4.4126e-05, gnorm=5.698, clip=100, loss_scale=32, train_wall=41, gb_free=7.4, wall=18245
2023-04-02 05:52:12 - progress_bar.py[line:272] - INFO: epoch 002:   1339 / 1878 loss=3.783, loss_v1=0, loss_v2=0, nll_loss=2.686, ntokens=320, nsentences=64, sample_size=320, sample_size_v1=0, sample_size_v2=0, ppl=6.43, wps=77.9, ups=0.24, wpb=320, bsz=64, num_updates=3210, lr=4.40977e-05, gnorm=7.159, clip=100, loss_scale=32, train_wall=41, gb_free=7.4, wall=18286
2023-04-02 05:52:53 - progress_bar.py[line:272] - INFO: epoch 002:   1349 / 1878 loss=3.772, loss_v1=0, loss_v2=0, nll_loss=2.689, ntokens=320, nsentences=64, sample_size=320, sample_size_v1=0, sample_size_v2=0, ppl=6.45, wps=78.4, ups=0.24, wpb=320, bsz=64, num_updates=3220, lr=4.40693e-05, gnorm=6.037, clip=100, loss_scale=32, train_wall=40, gb_free=7.4, wall=18327
2023-04-02 05:53:34 - progress_bar.py[line:272] - INFO: epoch 002:   1359 / 1878 loss=3.776, loss_v1=0, loss_v2=0, nll_loss=2.679, ntokens=320, nsentences=64, sample_size=320, sample_size_v1=0, sample_size_v2=0, ppl=6.4, wps=77.8, ups=0.24, wpb=320, bsz=64, num_updates=3230, lr=4.4041e-05, gnorm=6.468, clip=100, loss_scale=32, train_wall=41, gb_free=7.4, wall=18368
2023-04-02 05:54:15 - progress_bar.py[line:272] - INFO: epoch 002:   1369 / 1878 loss=3.815, loss_v1=0, loss_v2=0, nll_loss=2.731, ntokens=320, nsentences=64, sample_size=320, sample_size_v1=0, sample_size_v2=0, ppl=6.64, wps=78, ups=0.24, wpb=320, bsz=64, num_updates=3240, lr=4.40127e-05, gnorm=6.407, clip=100, loss_scale=32, train_wall=41, gb_free=7.4, wall=18409
2023-04-02 05:54:56 - progress_bar.py[line:272] - INFO: epoch 002:   1379 / 1878 loss=3.841, loss_v1=0, loss_v2=0, nll_loss=2.758, ntokens=320, nsentences=64, sample_size=320, sample_size_v1=0, sample_size_v2=0, ppl=6.76, wps=78.3, ups=0.24, wpb=320, bsz=64, num_updates=3250, lr=4.39844e-05, gnorm=5.883, clip=100, loss_scale=32, train_wall=41, gb_free=7.4, wall=18450
2023-04-02 05:55:37 - progress_bar.py[line:272] - INFO: epoch 002:   1389 / 1878 loss=3.771, loss_v1=0, loss_v2=0, nll_loss=2.678, ntokens=320, nsentences=64, sample_size=320, sample_size_v1=0, sample_size_v2=0, ppl=6.4, wps=78.1, ups=0.24, wpb=320, bsz=64, num_updates=3260, lr=4.3956e-05, gnorm=6.271, clip=100, loss_scale=32, train_wall=41, gb_free=7.4, wall=18491
2023-04-02 05:56:18 - progress_bar.py[line:272] - INFO: epoch 002:   1399 / 1878 loss=3.757, loss_v1=0, loss_v2=0, nll_loss=2.661, ntokens=320, nsentences=64, sample_size=320, sample_size_v1=0, sample_size_v2=0, ppl=6.33, wps=78, ups=0.24, wpb=320, bsz=64, num_updates=3270, lr=4.39277e-05, gnorm=6.779, clip=100, loss_scale=32, train_wall=41, gb_free=7.4, wall=18532
2023-04-02 05:56:59 - progress_bar.py[line:272] - INFO: epoch 002:   1409 / 1878 loss=3.759, loss_v1=0, loss_v2=0, nll_loss=2.666, ntokens=320, nsentences=64, sample_size=320, sample_size_v1=0, sample_size_v2=0, ppl=6.35, wps=78.5, ups=0.25, wpb=320, bsz=64, num_updates=3280, lr=4.38994e-05, gnorm=6.265, clip=100, loss_scale=32, train_wall=41, gb_free=7.4, wall=18572
2023-04-02 05:57:39 - progress_bar.py[line:272] - INFO: epoch 002:   1419 / 1878 loss=3.769, loss_v1=0, loss_v2=0, nll_loss=2.676, ntokens=320, nsentences=64, sample_size=320, sample_size_v1=0, sample_size_v2=0, ppl=6.39, wps=78.4, ups=0.24, wpb=320, bsz=64, num_updates=3290, lr=4.38711e-05, gnorm=6.241, clip=100, loss_scale=32, train_wall=41, gb_free=7.4, wall=18613
2023-04-02 05:58:20 - progress_bar.py[line:272] - INFO: epoch 002:   1429 / 1878 loss=3.782, loss_v1=0, loss_v2=0, nll_loss=2.687, ntokens=320, nsentences=64, sample_size=320, sample_size_v1=0, sample_size_v2=0, ppl=6.44, wps=78.2, ups=0.24, wpb=320, bsz=64, num_updates=3300, lr=4.38428e-05, gnorm=6.556, clip=100, loss_scale=32, train_wall=41, gb_free=7.4, wall=18654
2023-04-02 05:59:01 - progress_bar.py[line:272] - INFO: epoch 002:   1439 / 1878 loss=3.769, loss_v1=0, loss_v2=0, nll_loss=2.677, ntokens=320, nsentences=64, sample_size=320, sample_size_v1=0, sample_size_v2=0, ppl=6.39, wps=78.4, ups=0.25, wpb=320, bsz=64, num_updates=3310, lr=4.38144e-05, gnorm=6.463, clip=100, loss_scale=32, train_wall=41, gb_free=7.4, wall=18695
2023-04-02 05:59:42 - progress_bar.py[line:272] - INFO: epoch 002:   1449 / 1878 loss=3.759, loss_v1=0, loss_v2=0, nll_loss=2.66, ntokens=320, nsentences=64, sample_size=320, sample_size_v1=0, sample_size_v2=0, ppl=6.32, wps=78.1, ups=0.24, wpb=320, bsz=64, num_updates=3320, lr=4.37861e-05, gnorm=5.935, clip=100, loss_scale=32, train_wall=41, gb_free=7.4, wall=18736
2023-04-02 06:00:23 - progress_bar.py[line:272] - INFO: epoch 002:   1459 / 1878 loss=3.822, loss_v1=0, loss_v2=0, nll_loss=2.741, ntokens=320, nsentences=64, sample_size=320, sample_size_v1=0, sample_size_v2=0, ppl=6.69, wps=77.3, ups=0.24, wpb=320, bsz=64, num_updates=3330, lr=4.37578e-05, gnorm=6.941, clip=100, loss_scale=32, train_wall=41, gb_free=7.4, wall=18777
2023-04-02 06:01:04 - progress_bar.py[line:272] - INFO: epoch 002:   1469 / 1878 loss=3.781, loss_v1=0, loss_v2=0, nll_loss=2.692, ntokens=320, nsentences=64, sample_size=320, sample_size_v1=0, sample_size_v2=0, ppl=6.46, wps=78.2, ups=0.24, wpb=320, bsz=64, num_updates=3340, lr=4.37295e-05, gnorm=5.945, clip=100, loss_scale=32, train_wall=41, gb_free=7.4, wall=18818
2023-04-02 06:01:45 - progress_bar.py[line:272] - INFO: epoch 002:   1479 / 1878 loss=3.758, loss_v1=0, loss_v2=0, nll_loss=2.665, ntokens=320, nsentences=64, sample_size=320, sample_size_v1=0, sample_size_v2=0, ppl=6.34, wps=78.8, ups=0.25, wpb=320, bsz=64, num_updates=3350, lr=4.37011e-05, gnorm=6.839, clip=100, loss_scale=32, train_wall=40, gb_free=7.4, wall=18859
2023-04-02 06:02:26 - progress_bar.py[line:272] - INFO: epoch 002:   1489 / 1878 loss=3.766, loss_v1=0, loss_v2=0, nll_loss=2.673, ntokens=320, nsentences=64, sample_size=320, sample_size_v1=0, sample_size_v2=0, ppl=6.38, wps=78.5, ups=0.25, wpb=320, bsz=64, num_updates=3360, lr=4.36728e-05, gnorm=7.098, clip=100, loss_scale=32, train_wall=41, gb_free=7.4, wall=18900
2023-04-02 06:03:07 - progress_bar.py[line:272] - INFO: epoch 002:   1499 / 1878 loss=3.74, loss_v1=0, loss_v2=0, nll_loss=2.645, ntokens=320, nsentences=64, sample_size=320, sample_size_v1=0, sample_size_v2=0, ppl=6.25, wps=78, ups=0.24, wpb=320, bsz=64, num_updates=3370, lr=4.36445e-05, gnorm=6.434, clip=100, loss_scale=32, train_wall=41, gb_free=7.4, wall=18941
2023-04-02 06:03:48 - progress_bar.py[line:272] - INFO: epoch 002:   1509 / 1878 loss=3.73, loss_v1=0, loss_v2=0, nll_loss=2.634, ntokens=320, nsentences=64, sample_size=320, sample_size_v1=0, sample_size_v2=0, ppl=6.21, wps=78.6, ups=0.25, wpb=320, bsz=64, num_updates=3380, lr=4.36162e-05, gnorm=6.368, clip=100, loss_scale=32, train_wall=41, gb_free=7.4, wall=18981
2023-04-02 06:04:28 - progress_bar.py[line:272] - INFO: epoch 002:   1519 / 1878 loss=3.755, loss_v1=0, loss_v2=0, nll_loss=2.658, ntokens=320, nsentences=64, sample_size=320, sample_size_v1=0, sample_size_v2=0, ppl=6.31, wps=78.4, ups=0.24, wpb=320, bsz=64, num_updates=3390, lr=4.35879e-05, gnorm=6.351, clip=100, loss_scale=32, train_wall=41, gb_free=7.4, wall=19022
2023-04-02 06:05:09 - progress_bar.py[line:272] - INFO: epoch 002:   1529 / 1878 loss=3.718, loss_v1=0, loss_v2=0, nll_loss=2.622, ntokens=320, nsentences=64, sample_size=320, sample_size_v1=0, sample_size_v2=0, ppl=6.15, wps=78.4, ups=0.24, wpb=320, bsz=64, num_updates=3400, lr=4.35595e-05, gnorm=6.093, clip=100, loss_scale=64, train_wall=41, gb_free=7.4, wall=19063
2023-04-02 06:05:50 - progress_bar.py[line:272] - INFO: epoch 002:   1539 / 1878 loss=3.729, loss_v1=0, loss_v2=0, nll_loss=2.624, ntokens=320, nsentences=64, sample_size=320, sample_size_v1=0, sample_size_v2=0, ppl=6.17, wps=78.1, ups=0.24, wpb=320, bsz=64, num_updates=3410, lr=4.35312e-05, gnorm=6.139, clip=100, loss_scale=64, train_wall=41, gb_free=7.4, wall=19104
2023-04-02 06:06:31 - progress_bar.py[line:272] - INFO: epoch 002:   1549 / 1878 loss=3.732, loss_v1=0, loss_v2=0, nll_loss=2.637, ntokens=320, nsentences=64, sample_size=320, sample_size_v1=0, sample_size_v2=0, ppl=6.22, wps=78.3, ups=0.24, wpb=320, bsz=64, num_updates=3420, lr=4.35029e-05, gnorm=6.136, clip=100, loss_scale=64, train_wall=41, gb_free=7.4, wall=19145
2023-04-02 06:07:12 - progress_bar.py[line:272] - INFO: epoch 002:   1559 / 1878 loss=3.784, loss_v1=0, loss_v2=0, nll_loss=2.691, ntokens=320, nsentences=64, sample_size=320, sample_size_v1=0, sample_size_v2=0, ppl=6.46, wps=78.3, ups=0.24, wpb=320, bsz=64, num_updates=3430, lr=4.34746e-05, gnorm=6.565, clip=100, loss_scale=64, train_wall=41, gb_free=7.4, wall=19186
2023-04-02 06:07:53 - progress_bar.py[line:272] - INFO: epoch 002:   1569 / 1878 loss=3.74, loss_v1=0, loss_v2=0, nll_loss=2.647, ntokens=320, nsentences=64, sample_size=320, sample_size_v1=0, sample_size_v2=0, ppl=6.26, wps=78.7, ups=0.25, wpb=320, bsz=64, num_updates=3440, lr=4.34462e-05, gnorm=6.272, clip=100, loss_scale=64, train_wall=41, gb_free=7.4, wall=19227
2023-04-02 06:08:34 - progress_bar.py[line:272] - INFO: epoch 002:   1579 / 1878 loss=3.7, loss_v1=0, loss_v2=0, nll_loss=2.597, ntokens=320, nsentences=64, sample_size=320, sample_size_v1=0, sample_size_v2=0, ppl=6.05, wps=78.1, ups=0.24, wpb=320, bsz=64, num_updates=3450, lr=4.34179e-05, gnorm=6.279, clip=100, loss_scale=64, train_wall=41, gb_free=7.4, wall=19267
2023-04-02 06:09:14 - progress_bar.py[line:272] - INFO: epoch 002:   1589 / 1878 loss=3.757, loss_v1=0, loss_v2=0, nll_loss=2.664, ntokens=320, nsentences=64, sample_size=320, sample_size_v1=0, sample_size_v2=0, ppl=6.34, wps=78.5, ups=0.25, wpb=320, bsz=64, num_updates=3460, lr=4.33896e-05, gnorm=6.415, clip=100, loss_scale=64, train_wall=41, gb_free=7.4, wall=19308
2023-04-02 06:09:55 - progress_bar.py[line:272] - INFO: epoch 002:   1599 / 1878 loss=3.719, loss_v1=0, loss_v2=0, nll_loss=2.62, ntokens=320, nsentences=64, sample_size=320, sample_size_v1=0, sample_size_v2=0, ppl=6.15, wps=78.5, ups=0.25, wpb=320, bsz=64, num_updates=3470, lr=4.33613e-05, gnorm=5.809, clip=100, loss_scale=64, train_wall=41, gb_free=7.4, wall=19349
2023-04-02 06:10:36 - progress_bar.py[line:272] - INFO: epoch 002:   1609 / 1878 loss=3.769, loss_v1=0, loss_v2=0, nll_loss=2.674, ntokens=320, nsentences=64, sample_size=320, sample_size_v1=0, sample_size_v2=0, ppl=6.38, wps=78.2, ups=0.24, wpb=320, bsz=64, num_updates=3480, lr=4.3333e-05, gnorm=6.117, clip=100, loss_scale=64, train_wall=41, gb_free=7.4, wall=19390
2023-04-02 06:11:18 - progress_bar.py[line:272] - INFO: epoch 002:   1619 / 1878 loss=3.762, loss_v1=0, loss_v2=0, nll_loss=2.673, ntokens=319.5, nsentences=63.9, sample_size=319.5, sample_size_v1=0, sample_size_v2=0, ppl=6.38, wps=76.9, ups=0.24, wpb=319.5, bsz=63.9, num_updates=3490, lr=4.33046e-05, gnorm=6.381, clip=100, loss_scale=64, train_wall=41, gb_free=7.4, wall=19431
slice_id 1 seek offset 5379
2023-04-02 06:11:59 - progress_bar.py[line:272] - INFO: epoch 002:   1629 / 1878 loss=3.733, loss_v1=0, loss_v2=0, nll_loss=2.636, ntokens=320, nsentences=64, sample_size=320, sample_size_v1=0, sample_size_v2=0, ppl=6.22, wps=78, ups=0.24, wpb=320, bsz=64, num_updates=3500, lr=4.32763e-05, gnorm=5.922, clip=100, loss_scale=64, train_wall=41, gb_free=7.4, wall=19472
2023-04-02 06:11:59 - train.py[line:445] - INFO: begin validation on "valid" subset
slice_id 0 seek offset 0
slice_id 0 seek offset 0
slice_id 1 seek offset 5379
2023-04-02 06:23:18 - progress_bar.py[line:282] - INFO: epoch 002 | valid on 'valid' subset | loss 4.264 | loss_v1 0 | loss_v2 0 | nll_loss 3.205 | ntokens 39.993 | nsentences 7.999 | sample_size 39.993 | sample_size_v1 0 | sample_size_v2 0 | ppl 9.22 | score 0.7875 | wps 79.2 | wpb 40 | bsz 8 | num_updates 3500 | best_score 0.7921
2023-04-02 06:23:18 - checkpoint_utils.py[line:64] - INFO: Preparing to save checkpoint for epoch 2 @ 3500 updates
2023-04-02 06:23:18 - trainer.py[line:431] - INFO: Saving checkpoint to ./refcocoplus_scratch_checkpoints/10_5e-5_512/checkpoint_2_3500.pt
2023-04-02 06:23:36 - trainer.py[line:441] - INFO: Finished saving checkpoint to ./refcocoplus_scratch_checkpoints/10_5e-5_512/checkpoint_2_3500.pt
2023-04-02 06:23:44 - checkpoint_utils.py[line:133] - INFO: Saved checkpoint ./refcocoplus_scratch_checkpoints/10_5e-5_512/checkpoint_2_3500.pt (epoch 2 @ 3500 updates, score 0.7875) (writing took 26.083683962002397 seconds)
2023-04-02 06:24:25 - progress_bar.py[line:272] - INFO: epoch 002:   1639 / 1878 loss=3.776, loss_v1=0, loss_v2=0, nll_loss=2.682, ntokens=320, nsentences=64, sample_size=320, sample_size_v1=0, sample_size_v2=0, ppl=6.42, wps=4.3, ups=0.01, wpb=320, bsz=64, num_updates=3510, lr=4.3248e-05, gnorm=5.891, clip=100, loss_scale=64, train_wall=40, gb_free=7.4, wall=20218
2023-04-02 06:25:05 - progress_bar.py[line:272] - INFO: epoch 002:   1649 / 1878 loss=3.715, loss_v1=0, loss_v2=0, nll_loss=2.621, ntokens=320, nsentences=64, sample_size=320, sample_size_v1=0, sample_size_v2=0, ppl=6.15, wps=78.3, ups=0.24, wpb=320, bsz=64, num_updates=3520, lr=4.32197e-05, gnorm=6.009, clip=100, loss_scale=64, train_wall=41, gb_free=7.4, wall=20259
2023-04-02 06:25:46 - progress_bar.py[line:272] - INFO: epoch 002:   1659 / 1878 loss=3.708, loss_v1=0, loss_v2=0, nll_loss=2.599, ntokens=320, nsentences=64, sample_size=320, sample_size_v1=0, sample_size_v2=0, ppl=6.06, wps=78, ups=0.24, wpb=320, bsz=64, num_updates=3530, lr=4.31913e-05, gnorm=6.367, clip=100, loss_scale=64, train_wall=41, gb_free=7.4, wall=20300
2023-04-02 06:26:27 - progress_bar.py[line:272] - INFO: epoch 002:   1669 / 1878 loss=3.743, loss_v1=0, loss_v2=0, nll_loss=2.654, ntokens=320, nsentences=64, sample_size=320, sample_size_v1=0, sample_size_v2=0, ppl=6.29, wps=78.3, ups=0.24, wpb=320, bsz=64, num_updates=3540, lr=4.3163e-05, gnorm=6.631, clip=100, loss_scale=64, train_wall=41, gb_free=7.4, wall=20341
2023-04-02 06:27:08 - progress_bar.py[line:272] - INFO: epoch 002:   1679 / 1878 loss=3.724, loss_v1=0, loss_v2=0, nll_loss=2.623, ntokens=320, nsentences=64, sample_size=320, sample_size_v1=0, sample_size_v2=0, ppl=6.16, wps=78.4, ups=0.25, wpb=320, bsz=64, num_updates=3550, lr=4.31347e-05, gnorm=5.516, clip=100, loss_scale=64, train_wall=41, gb_free=7.4, wall=20382
2023-04-02 06:27:49 - progress_bar.py[line:272] - INFO: epoch 002:   1689 / 1878 loss=3.742, loss_v1=0, loss_v2=0, nll_loss=2.651, ntokens=320, nsentences=64, sample_size=320, sample_size_v1=0, sample_size_v2=0, ppl=6.28, wps=78.2, ups=0.24, wpb=320, bsz=64, num_updates=3560, lr=4.31064e-05, gnorm=6.166, clip=100, loss_scale=64, train_wall=41, gb_free=7.4, wall=20423
2023-04-02 06:28:30 - progress_bar.py[line:272] - INFO: epoch 002:   1699 / 1878 loss=3.726, loss_v1=0, loss_v2=0, nll_loss=2.628, ntokens=320, nsentences=64, sample_size=320, sample_size_v1=0, sample_size_v2=0, ppl=6.18, wps=78.6, ups=0.25, wpb=320, bsz=64, num_updates=3570, lr=4.30781e-05, gnorm=6.069, clip=100, loss_scale=64, train_wall=40, gb_free=7.4, wall=20464
2023-04-02 06:29:11 - progress_bar.py[line:272] - INFO: epoch 002:   1709 / 1878 loss=3.73, loss_v1=0, loss_v2=0, nll_loss=2.629, ntokens=320, nsentences=64, sample_size=320, sample_size_v1=0, sample_size_v2=0, ppl=6.18, wps=78.2, ups=0.24, wpb=320, bsz=64, num_updates=3580, lr=4.30497e-05, gnorm=6.247, clip=100, loss_scale=64, train_wall=41, gb_free=7.4, wall=20504
2023-04-02 06:29:52 - progress_bar.py[line:272] - INFO: epoch 002:   1719 / 1878 loss=3.703, loss_v1=0, loss_v2=0, nll_loss=2.601, ntokens=320, nsentences=64, sample_size=320, sample_size_v1=0, sample_size_v2=0, ppl=6.07, wps=78.2, ups=0.24, wpb=320, bsz=64, num_updates=3590, lr=4.30214e-05, gnorm=6.716, clip=100, loss_scale=64, train_wall=41, gb_free=7.4, wall=20545
2023-04-02 06:30:32 - progress_bar.py[line:272] - INFO: epoch 002:   1729 / 1878 loss=3.68, loss_v1=0, loss_v2=0, nll_loss=2.582, ntokens=320, nsentences=64, sample_size=320, sample_size_v1=0, sample_size_v2=0, ppl=5.99, wps=78.4, ups=0.24, wpb=320, bsz=64, num_updates=3600, lr=4.29931e-05, gnorm=6.219, clip=100, loss_scale=64, train_wall=41, gb_free=7.4, wall=20586
2023-04-02 06:31:13 - progress_bar.py[line:272] - INFO: epoch 002:   1739 / 1878 loss=3.706, loss_v1=0, loss_v2=0, nll_loss=2.603, ntokens=320, nsentences=64, sample_size=320, sample_size_v1=0, sample_size_v2=0, ppl=6.08, wps=78.4, ups=0.25, wpb=320, bsz=64, num_updates=3610, lr=4.29648e-05, gnorm=6.475, clip=100, loss_scale=64, train_wall=41, gb_free=7.4, wall=20627
2023-04-02 06:31:54 - progress_bar.py[line:272] - INFO: epoch 002:   1749 / 1878 loss=3.696, loss_v1=0, loss_v2=0, nll_loss=2.599, ntokens=320, nsentences=64, sample_size=320, sample_size_v1=0, sample_size_v2=0, ppl=6.06, wps=78.4, ups=0.25, wpb=320, bsz=64, num_updates=3620, lr=4.29364e-05, gnorm=6.369, clip=100, loss_scale=64, train_wall=41, gb_free=7.5, wall=20668
2023-04-02 06:32:35 - progress_bar.py[line:272] - INFO: epoch 002:   1759 / 1878 loss=3.639, loss_v1=0, loss_v2=0, nll_loss=2.528, ntokens=320, nsentences=64, sample_size=320, sample_size_v1=0, sample_size_v2=0, ppl=5.77, wps=78.3, ups=0.24, wpb=320, bsz=64, num_updates=3630, lr=4.29081e-05, gnorm=6.255, clip=100, loss_scale=64, train_wall=41, gb_free=7.4, wall=20709
2023-04-02 06:33:16 - progress_bar.py[line:272] - INFO: epoch 002:   1769 / 1878 loss=3.718, loss_v1=0, loss_v2=0, nll_loss=2.621, ntokens=320, nsentences=64, sample_size=320, sample_size_v1=0, sample_size_v2=0, ppl=6.15, wps=78.4, ups=0.25, wpb=320, bsz=64, num_updates=3640, lr=4.28798e-05, gnorm=6.835, clip=100, loss_scale=64, train_wall=41, gb_free=7.4, wall=20750
2023-04-02 06:33:56 - progress_bar.py[line:272] - INFO: epoch 002:   1779 / 1878 loss=3.706, loss_v1=0, loss_v2=0, nll_loss=2.608, ntokens=320, nsentences=64, sample_size=320, sample_size_v1=0, sample_size_v2=0, ppl=6.1, wps=78.5, ups=0.25, wpb=320, bsz=64, num_updates=3650, lr=4.28515e-05, gnorm=6.704, clip=100, loss_scale=64, train_wall=41, gb_free=7.4, wall=20790
2023-04-02 06:34:37 - progress_bar.py[line:272] - INFO: epoch 002:   1789 / 1878 loss=3.718, loss_v1=0, loss_v2=0, nll_loss=2.617, ntokens=320, nsentences=64, sample_size=320, sample_size_v1=0, sample_size_v2=0, ppl=6.13, wps=78.2, ups=0.24, wpb=320, bsz=64, num_updates=3660, lr=4.28232e-05, gnorm=6.325, clip=100, loss_scale=64, train_wall=41, gb_free=7.4, wall=20831
2023-04-02 06:35:18 - progress_bar.py[line:272] - INFO: epoch 002:   1799 / 1878 loss=3.768, loss_v1=0, loss_v2=0, nll_loss=2.677, ntokens=320, nsentences=64, sample_size=320, sample_size_v1=0, sample_size_v2=0, ppl=6.4, wps=78.3, ups=0.24, wpb=320, bsz=64, num_updates=3670, lr=4.27948e-05, gnorm=6.393, clip=100, loss_scale=64, train_wall=40, gb_free=7.4, wall=20872
2023-04-02 06:35:59 - progress_bar.py[line:272] - INFO: epoch 002:   1809 / 1878 loss=3.75, loss_v1=0, loss_v2=0, nll_loss=2.656, ntokens=320, nsentences=64, sample_size=320, sample_size_v1=0, sample_size_v2=0, ppl=6.3, wps=78.1, ups=0.24, wpb=320, bsz=64, num_updates=3680, lr=4.27665e-05, gnorm=5.758, clip=100, loss_scale=64, train_wall=41, gb_free=7.4, wall=20913
2023-04-02 06:36:40 - progress_bar.py[line:272] - INFO: epoch 002:   1819 / 1878 loss=3.709, loss_v1=0, loss_v2=0, nll_loss=2.608, ntokens=320, nsentences=64, sample_size=320, sample_size_v1=0, sample_size_v2=0, ppl=6.09, wps=78.8, ups=0.25, wpb=320, bsz=64, num_updates=3690, lr=4.27382e-05, gnorm=6.767, clip=100, loss_scale=64, train_wall=40, gb_free=7.4, wall=20954
2023-04-02 06:37:21 - progress_bar.py[line:272] - INFO: epoch 002:   1829 / 1878 loss=3.721, loss_v1=0, loss_v2=0, nll_loss=2.627, ntokens=320, nsentences=64, sample_size=320, sample_size_v1=0, sample_size_v2=0, ppl=6.18, wps=78.1, ups=0.24, wpb=320, bsz=64, num_updates=3700, lr=4.27099e-05, gnorm=6.639, clip=100, loss_scale=64, train_wall=41, gb_free=7.4, wall=20995
2023-04-02 06:38:02 - progress_bar.py[line:272] - INFO: epoch 002:   1839 / 1878 loss=3.728, loss_v1=0, loss_v2=0, nll_loss=2.635, ntokens=320, nsentences=64, sample_size=320, sample_size_v1=0, sample_size_v2=0, ppl=6.21, wps=78.2, ups=0.24, wpb=320, bsz=64, num_updates=3710, lr=4.26815e-05, gnorm=7.098, clip=100, loss_scale=64, train_wall=41, gb_free=7.4, wall=21036
2023-04-02 06:38:43 - progress_bar.py[line:272] - INFO: epoch 002:   1849 / 1878 loss=3.739, loss_v1=0, loss_v2=0, nll_loss=2.641, ntokens=320, nsentences=64, sample_size=320, sample_size_v1=0, sample_size_v2=0, ppl=6.24, wps=78.4, ups=0.24, wpb=320, bsz=64, num_updates=3720, lr=4.26532e-05, gnorm=5.877, clip=100, loss_scale=64, train_wall=41, gb_free=7.4, wall=21076
2023-04-02 06:39:24 - progress_bar.py[line:272] - INFO: epoch 002:   1859 / 1878 loss=3.735, loss_v1=0, loss_v2=0, nll_loss=2.64, ntokens=320, nsentences=64, sample_size=320, sample_size_v1=0, sample_size_v2=0, ppl=6.23, wps=78.2, ups=0.24, wpb=320, bsz=64, num_updates=3730, lr=4.26249e-05, gnorm=6.534, clip=100, loss_scale=64, train_wall=41, gb_free=7.4, wall=21117
2023-04-02 06:40:04 - progress_bar.py[line:272] - INFO: epoch 002:   1869 / 1878 loss=3.744, loss_v1=0, loss_v2=0, nll_loss=2.648, ntokens=320, nsentences=64, sample_size=320, sample_size_v1=0, sample_size_v2=0, ppl=6.27, wps=78.4, ups=0.25, wpb=320, bsz=64, num_updates=3740, lr=4.25966e-05, gnorm=6.965, clip=100, loss_scale=64, train_wall=41, gb_free=7.4, wall=21158
slice_id 1 seek offset 5379
2023-04-02 06:40:40 - train.py[line:445] - INFO: begin validation on "valid" subset
slice_id 0 seek offset 0
slice_id 0 seek offset 0
slice_id 1 seek offset 5379
2023-04-02 06:52:00 - progress_bar.py[line:282] - INFO: epoch 002 | valid on 'valid' subset | loss 4.246 | loss_v1 0 | loss_v2 0 | nll_loss 3.198 | ntokens 39.993 | nsentences 7.999 | sample_size 39.993 | sample_size_v1 0 | sample_size_v2 0 | ppl 9.17 | score 0.7926 | wps 79.1 | wpb 40 | bsz 8 | num_updates 3749 | best_score 0.7926
2023-04-02 06:52:00 - checkpoint_utils.py[line:64] - INFO: Preparing to save checkpoint for epoch 2 @ 3749 updates
2023-04-02 06:52:00 - trainer.py[line:431] - INFO: Saving checkpoint to ./refcocoplus_scratch_checkpoints/10_5e-5_512/checkpoint_best.pt
local datafile ../../dataset/refcocoplus_data/refcocoplus_train.tsv slice_id 1 begin to initialize row_count and line_idx-to-offset mapping
local datafile ../../dataset/refcocoplus_data/refcocoplus_train.tsv slice_id 1 finished initializing row_count and line_idx-to-offset mapping
file ../../dataset/refcocoplus_data/refcocoplus_train.tsv slice_id 1 row count 60095 total row count 120191
slice_id 1 seek offset 60096
2023-04-02 06:52:18 - trainer.py[line:441] - INFO: Finished saving checkpoint to ./refcocoplus_scratch_checkpoints/10_5e-5_512/checkpoint_best.pt
2023-04-02 06:52:39 - checkpoint_utils.py[line:133] - INFO: Saved checkpoint ./refcocoplus_scratch_checkpoints/10_5e-5_512/checkpoint_best.pt (epoch 2 @ 3749 updates, score 0.7926) (writing took 38.51008371543139 seconds)
2023-04-02 06:52:39 - train.py[line:332] - INFO: end of epoch 2 (average epoch stats below)
2023-04-02 06:52:39 - progress_bar.py[line:282] - INFO: epoch 002 | loss 3.881 | loss_v1 0 | loss_v2 0 | nll_loss 2.8 | ntokens 319.997 | nsentences 63.999 | sample_size 319.997 | sample_size_v1 0 | sample_size_v2 0 | ppl 6.97 | wps 53.1 | ups 0.17 | wpb 320 | bsz 64 | num_updates 3749 | lr 4.25711e-05 | gnorm 6.184 | clip 100 | loss_scale 64 | train_wall 7628 | gb_free 7.4 | wall 21913
2023-04-02 06:52:39 - trainer.py[line:639] - INFO: loading train data for epoch 3
local datafile ../../dataset/refcocoplus_data/refcocoplus_train.tsv slice_id 0 begin to initialize row_count and line_idx-to-offset mapping
local datafile ../../dataset/refcocoplus_data/refcocoplus_train.tsv slice_id 0 finished initializing row_count and line_idx-to-offset mapping
file ../../dataset/refcocoplus_data/refcocoplus_train.tsv slice_id 0 row count 60096 total row count 120191
slice_id 0 seek offset 0
2023-04-02 06:52:54 - trainer.py[line:703] - INFO: begin training epoch 3
2023-04-02 06:52:54 - train.py[line:305] - INFO: Start iterating over samples
2023-04-02 06:52:58 - progress_bar.py[line:272] - INFO: epoch 003:      1 / 1878 loss=3.728, loss_v1=0, loss_v2=0, nll_loss=2.632, ntokens=320, nsentences=64, sample_size=320, sample_size_v1=0, sample_size_v2=0, ppl=6.2, wps=4.1, ups=0.01, wpb=320, bsz=64, num_updates=3750, lr=4.25683e-05, gnorm=6.495, clip=100, loss_scale=64, train_wall=39, gb_free=7.4, wall=21932
2023-04-02 06:53:39 - progress_bar.py[line:272] - INFO: epoch 003:     11 / 1878 loss=3.685, loss_v1=0, loss_v2=0, nll_loss=2.585, ntokens=320, nsentences=64, sample_size=320, sample_size_v1=0, sample_size_v2=0, ppl=6, wps=78.5, ups=0.25, wpb=320, bsz=64, num_updates=3760, lr=4.25399e-05, gnorm=6.545, clip=100, loss_scale=64, train_wall=41, gb_free=7.4, wall=21973
2023-04-02 06:54:20 - progress_bar.py[line:272] - INFO: epoch 003:     21 / 1878 loss=3.72, loss_v1=0, loss_v2=0, nll_loss=2.619, ntokens=320, nsentences=64, sample_size=320, sample_size_v1=0, sample_size_v2=0, ppl=6.14, wps=78.4, ups=0.25, wpb=320, bsz=64, num_updates=3770, lr=4.25116e-05, gnorm=7.017, clip=100, loss_scale=64, train_wall=41, gb_free=7.5, wall=22014
2023-04-02 06:55:01 - progress_bar.py[line:272] - INFO: epoch 003:     31 / 1878 loss=3.714, loss_v1=0, loss_v2=0, nll_loss=2.619, ntokens=320, nsentences=64, sample_size=320, sample_size_v1=0, sample_size_v2=0, ppl=6.14, wps=78.7, ups=0.25, wpb=320, bsz=64, num_updates=3780, lr=4.24833e-05, gnorm=6.597, clip=100, loss_scale=64, train_wall=40, gb_free=7.4, wall=22055
2023-04-02 06:55:42 - progress_bar.py[line:272] - INFO: epoch 003:     41 / 1878 loss=3.704, loss_v1=0, loss_v2=0, nll_loss=2.6, ntokens=320, nsentences=64, sample_size=320, sample_size_v1=0, sample_size_v2=0, ppl=6.06, wps=78.3, ups=0.24, wpb=320, bsz=64, num_updates=3790, lr=4.2455e-05, gnorm=6.878, clip=100, loss_scale=64, train_wall=41, gb_free=7.4, wall=22095
2023-04-02 06:56:22 - progress_bar.py[line:272] - INFO: epoch 003:     51 / 1878 loss=3.763, loss_v1=0, loss_v2=0, nll_loss=2.674, ntokens=320, nsentences=64, sample_size=320, sample_size_v1=0, sample_size_v2=0, ppl=6.38, wps=78.7, ups=0.25, wpb=320, bsz=64, num_updates=3800, lr=4.24266e-05, gnorm=7.145, clip=100, loss_scale=64, train_wall=40, gb_free=7.5, wall=22136
2023-04-02 06:57:03 - progress_bar.py[line:272] - INFO: epoch 003:     61 / 1878 loss=3.716, loss_v1=0, loss_v2=0, nll_loss=2.618, ntokens=320, nsentences=64, sample_size=320, sample_size_v1=0, sample_size_v2=0, ppl=6.14, wps=78.2, ups=0.24, wpb=320, bsz=64, num_updates=3810, lr=4.23983e-05, gnorm=6.414, clip=100, loss_scale=64, train_wall=41, gb_free=7.4, wall=22177
2023-04-02 06:57:44 - progress_bar.py[line:272] - INFO: epoch 003:     71 / 1878 loss=3.748, loss_v1=0, loss_v2=0, nll_loss=2.645, ntokens=320, nsentences=64, sample_size=320, sample_size_v1=0, sample_size_v2=0, ppl=6.26, wps=78, ups=0.24, wpb=320, bsz=64, num_updates=3820, lr=4.237e-05, gnorm=6.548, clip=100, loss_scale=64, train_wall=41, gb_free=7.4, wall=22218
2023-04-02 06:58:25 - progress_bar.py[line:272] - INFO: epoch 003:     81 / 1878 loss=3.723, loss_v1=0, loss_v2=0, nll_loss=2.629, ntokens=320, nsentences=64, sample_size=320, sample_size_v1=0, sample_size_v2=0, ppl=6.19, wps=77.9, ups=0.24, wpb=320, bsz=64, num_updates=3830, lr=4.23417e-05, gnorm=6.543, clip=100, loss_scale=64, train_wall=41, gb_free=7.4, wall=22259
2023-04-02 06:59:06 - progress_bar.py[line:272] - INFO: epoch 003:     91 / 1878 loss=3.704, loss_v1=0, loss_v2=0, nll_loss=2.605, ntokens=320, nsentences=64, sample_size=320, sample_size_v1=0, sample_size_v2=0, ppl=6.09, wps=78.2, ups=0.24, wpb=320, bsz=64, num_updates=3840, lr=4.23134e-05, gnorm=7.248, clip=100, loss_scale=64, train_wall=41, gb_free=7.4, wall=22300
2023-04-02 06:59:47 - progress_bar.py[line:272] - INFO: epoch 003:    101 / 1878 loss=3.743, loss_v1=0, loss_v2=0, nll_loss=2.648, ntokens=320, nsentences=64, sample_size=320, sample_size_v1=0, sample_size_v2=0, ppl=6.27, wps=78.2, ups=0.24, wpb=320, bsz=64, num_updates=3850, lr=4.2285e-05, gnorm=7.099, clip=100, loss_scale=64, train_wall=41, gb_free=7.4, wall=22341
2023-04-02 07:00:28 - progress_bar.py[line:272] - INFO: epoch 003:    111 / 1878 loss=3.681, loss_v1=0, loss_v2=0, nll_loss=2.579, ntokens=320, nsentences=64, sample_size=320, sample_size_v1=0, sample_size_v2=0, ppl=5.97, wps=78.2, ups=0.24, wpb=320, bsz=64, num_updates=3860, lr=4.22567e-05, gnorm=7.841, clip=100, loss_scale=64, train_wall=41, gb_free=7.4, wall=22382
2023-04-02 07:01:09 - progress_bar.py[line:272] - INFO: epoch 003:    121 / 1878 loss=3.731, loss_v1=0, loss_v2=0, nll_loss=2.636, ntokens=320, nsentences=64, sample_size=320, sample_size_v1=0, sample_size_v2=0, ppl=6.22, wps=78.6, ups=0.25, wpb=320, bsz=64, num_updates=3870, lr=4.22284e-05, gnorm=6.646, clip=100, loss_scale=64, train_wall=40, gb_free=7.4, wall=22423
2023-04-02 07:01:50 - progress_bar.py[line:272] - INFO: epoch 003:    131 / 1878 loss=3.697, loss_v1=0, loss_v2=0, nll_loss=2.6, ntokens=320, nsentences=64, sample_size=320, sample_size_v1=0, sample_size_v2=0, ppl=6.06, wps=78.4, ups=0.24, wpb=320, bsz=64, num_updates=3880, lr=4.22001e-05, gnorm=6.756, clip=100, loss_scale=64, train_wall=41, gb_free=7.4, wall=22463
2023-04-02 07:02:30 - progress_bar.py[line:272] - INFO: epoch 003:    141 / 1878 loss=3.679, loss_v1=0, loss_v2=0, nll_loss=2.571, ntokens=320, nsentences=64, sample_size=320, sample_size_v1=0, sample_size_v2=0, ppl=5.94, wps=78.2, ups=0.24, wpb=320, bsz=64, num_updates=3890, lr=4.21717e-05, gnorm=6.675, clip=100, loss_scale=64, train_wall=41, gb_free=7.4, wall=22504
2023-04-02 07:03:11 - progress_bar.py[line:272] - INFO: epoch 003:    151 / 1878 loss=3.705, loss_v1=0, loss_v2=0, nll_loss=2.606, ntokens=320, nsentences=64, sample_size=320, sample_size_v1=0, sample_size_v2=0, ppl=6.09, wps=78.3, ups=0.24, wpb=320, bsz=64, num_updates=3900, lr=4.21434e-05, gnorm=6.675, clip=100, loss_scale=64, train_wall=41, gb_free=7.4, wall=22545
2023-04-02 07:03:52 - progress_bar.py[line:272] - INFO: epoch 003:    161 / 1878 loss=3.708, loss_v1=0, loss_v2=0, nll_loss=2.613, ntokens=320, nsentences=64, sample_size=320, sample_size_v1=0, sample_size_v2=0, ppl=6.12, wps=78.5, ups=0.25, wpb=320, bsz=64, num_updates=3910, lr=4.21151e-05, gnorm=7.284, clip=100, loss_scale=128, train_wall=40, gb_free=7.4, wall=22586
2023-04-02 07:04:33 - progress_bar.py[line:272] - INFO: epoch 003:    171 / 1878 loss=3.696, loss_v1=0, loss_v2=0, nll_loss=2.594, ntokens=320, nsentences=64, sample_size=320, sample_size_v1=0, sample_size_v2=0, ppl=6.04, wps=78.5, ups=0.25, wpb=320, bsz=64, num_updates=3920, lr=4.20868e-05, gnorm=7.362, clip=100, loss_scale=128, train_wall=40, gb_free=7.4, wall=22627
2023-04-02 07:05:14 - progress_bar.py[line:272] - INFO: epoch 003:    181 / 1878 loss=3.735, loss_v1=0, loss_v2=0, nll_loss=2.641, ntokens=320, nsentences=64, sample_size=320, sample_size_v1=0, sample_size_v2=0, ppl=6.24, wps=78.3, ups=0.24, wpb=320, bsz=64, num_updates=3930, lr=4.20585e-05, gnorm=6.309, clip=100, loss_scale=128, train_wall=41, gb_free=7.4, wall=22668
2023-04-02 07:05:55 - progress_bar.py[line:272] - INFO: epoch 003:    191 / 1878 loss=3.711, loss_v1=0, loss_v2=0, nll_loss=2.611, ntokens=320, nsentences=64, sample_size=320, sample_size_v1=0, sample_size_v2=0, ppl=6.11, wps=78.4, ups=0.25, wpb=320, bsz=64, num_updates=3940, lr=4.20301e-05, gnorm=7.24, clip=100, loss_scale=128, train_wall=41, gb_free=7.4, wall=22708
2023-04-02 07:06:35 - progress_bar.py[line:272] - INFO: epoch 003:    201 / 1878 loss=3.696, loss_v1=0, loss_v2=0, nll_loss=2.597, ntokens=320, nsentences=64, sample_size=320, sample_size_v1=0, sample_size_v2=0, ppl=6.05, wps=78.4, ups=0.25, wpb=320, bsz=64, num_updates=3950, lr=4.20018e-05, gnorm=7.108, clip=100, loss_scale=128, train_wall=41, gb_free=7.4, wall=22749
2023-04-02 07:07:16 - progress_bar.py[line:272] - INFO: epoch 003:    211 / 1878 loss=3.77, loss_v1=0, loss_v2=0, nll_loss=2.681, ntokens=320, nsentences=64, sample_size=320, sample_size_v1=0, sample_size_v2=0, ppl=6.41, wps=78, ups=0.24, wpb=320, bsz=64, num_updates=3960, lr=4.19735e-05, gnorm=6.832, clip=100, loss_scale=128, train_wall=41, gb_free=7.4, wall=22790
2023-04-02 07:07:57 - progress_bar.py[line:272] - INFO: epoch 003:    221 / 1878 loss=3.696, loss_v1=0, loss_v2=0, nll_loss=2.593, ntokens=320, nsentences=64, sample_size=320, sample_size_v1=0, sample_size_v2=0, ppl=6.03, wps=78.3, ups=0.24, wpb=320, bsz=64, num_updates=3970, lr=4.19452e-05, gnorm=6.823, clip=100, loss_scale=128, train_wall=41, gb_free=7.4, wall=22831
2023-04-02 07:08:38 - progress_bar.py[line:272] - INFO: epoch 003:    231 / 1878 loss=3.694, loss_v1=0, loss_v2=0, nll_loss=2.594, ntokens=320, nsentences=64, sample_size=320, sample_size_v1=0, sample_size_v2=0, ppl=6.04, wps=78.3, ups=0.24, wpb=320, bsz=64, num_updates=3980, lr=4.19168e-05, gnorm=6.133, clip=100, loss_scale=128, train_wall=41, gb_free=7.4, wall=22872
2023-04-02 07:09:19 - progress_bar.py[line:272] - INFO: epoch 003:    241 / 1878 loss=3.71, loss_v1=0, loss_v2=0, nll_loss=2.613, ntokens=320, nsentences=64, sample_size=320, sample_size_v1=0, sample_size_v2=0, ppl=6.12, wps=78.2, ups=0.24, wpb=320, bsz=64, num_updates=3990, lr=4.18885e-05, gnorm=7.202, clip=100, loss_scale=128, train_wall=41, gb_free=7.4, wall=22913
slice_id 1 seek offset 5379
2023-04-02 07:10:00 - progress_bar.py[line:272] - INFO: epoch 003:    251 / 1878 loss=3.732, loss_v1=0, loss_v2=0, nll_loss=2.634, ntokens=320, nsentences=64, sample_size=320, sample_size_v1=0, sample_size_v2=0, ppl=6.21, wps=77.8, ups=0.24, wpb=320, bsz=64, num_updates=4000, lr=4.18602e-05, gnorm=7.789, clip=100, loss_scale=128, train_wall=41, gb_free=7.4, wall=22954
2023-04-02 07:10:00 - train.py[line:445] - INFO: begin validation on "valid" subset
slice_id 0 seek offset 0
slice_id 0 seek offset 0
slice_id 1 seek offset 5379
2023-04-02 07:21:19 - progress_bar.py[line:282] - INFO: epoch 003 | valid on 'valid' subset | loss 4.263 | loss_v1 0 | loss_v2 0 | nll_loss 3.215 | ntokens 39.993 | nsentences 7.999 | sample_size 39.993 | sample_size_v1 0 | sample_size_v2 0 | ppl 9.29 | score 0.792 | wps 79.3 | wpb 40 | bsz 8 | num_updates 4000 | best_score 0.7926
2023-04-02 07:21:19 - checkpoint_utils.py[line:64] - INFO: Preparing to save checkpoint for epoch 3 @ 4000 updates
2023-04-02 07:21:19 - trainer.py[line:431] - INFO: Saving checkpoint to ./refcocoplus_scratch_checkpoints/10_5e-5_512/checkpoint_3_4000.pt
2023-04-02 07:21:40 - trainer.py[line:441] - INFO: Finished saving checkpoint to ./refcocoplus_scratch_checkpoints/10_5e-5_512/checkpoint_3_4000.pt
2023-04-02 07:21:49 - checkpoint_utils.py[line:133] - INFO: Saved checkpoint ./refcocoplus_scratch_checkpoints/10_5e-5_512/checkpoint_3_4000.pt (epoch 3 @ 4000 updates, score 0.792) (writing took 29.881855100393295 seconds)
2023-04-02 07:22:29 - progress_bar.py[line:272] - INFO: epoch 003:    261 / 1878 loss=3.634, loss_v1=0, loss_v2=0, nll_loss=2.527, ntokens=320, nsentences=64, sample_size=320, sample_size_v1=0, sample_size_v2=0, ppl=5.76, wps=4.3, ups=0.01, wpb=320, bsz=64, num_updates=4010, lr=4.18319e-05, gnorm=6.428, clip=100, loss_scale=128, train_wall=40, gb_free=7.4, wall=23703
2023-04-02 07:22:54 - trainer.py[line:921] - INFO: NOTE: gradient overflow detected, ignoring gradient, setting loss scale to: 64.0
2023-04-02 07:23:14 - progress_bar.py[line:272] - INFO: epoch 003:    272 / 1878 loss=3.649, loss_v1=0, loss_v2=0, nll_loss=2.536, ntokens=320, nsentences=64, sample_size=320, sample_size_v1=0, sample_size_v2=0, ppl=5.8, wps=71.1, ups=0.22, wpb=320, bsz=64, num_updates=4020, lr=4.18036e-05, gnorm=6.959, clip=100, loss_scale=64, train_wall=45, gb_free=7.4, wall=23748
2023-04-02 07:23:56 - progress_bar.py[line:272] - INFO: epoch 003:    282 / 1878 loss=3.688, loss_v1=0, loss_v2=0, nll_loss=2.596, ntokens=320, nsentences=64, sample_size=320, sample_size_v1=0, sample_size_v2=0, ppl=6.05, wps=77.8, ups=0.24, wpb=320, bsz=64, num_updates=4030, lr=4.17752e-05, gnorm=7.8, clip=100, loss_scale=64, train_wall=41, gb_free=7.4, wall=23789
2023-04-02 07:24:36 - progress_bar.py[line:272] - INFO: epoch 003:    292 / 1878 loss=3.726, loss_v1=0, loss_v2=0, nll_loss=2.627, ntokens=320, nsentences=64, sample_size=320, sample_size_v1=0, sample_size_v2=0, ppl=6.18, wps=78.3, ups=0.24, wpb=320, bsz=64, num_updates=4040, lr=4.17469e-05, gnorm=7.172, clip=100, loss_scale=64, train_wall=41, gb_free=7.4, wall=23830
2023-04-02 07:25:17 - progress_bar.py[line:272] - INFO: epoch 003:    302 / 1878 loss=3.7, loss_v1=0, loss_v2=0, nll_loss=2.599, ntokens=320, nsentences=64, sample_size=320, sample_size_v1=0, sample_size_v2=0, ppl=6.06, wps=78.4, ups=0.24, wpb=320, bsz=64, num_updates=4050, lr=4.17186e-05, gnorm=6.813, clip=100, loss_scale=64, train_wall=41, gb_free=7.4, wall=23871
2023-04-02 07:25:58 - progress_bar.py[line:272] - INFO: epoch 003:    312 / 1878 loss=3.639, loss_v1=0, loss_v2=0, nll_loss=2.531, ntokens=320, nsentences=64, sample_size=320, sample_size_v1=0, sample_size_v2=0, ppl=5.78, wps=77.8, ups=0.24, wpb=320, bsz=64, num_updates=4060, lr=4.16903e-05, gnorm=6.707, clip=100, loss_scale=64, train_wall=41, gb_free=7.4, wall=23912
2023-04-02 07:26:39 - progress_bar.py[line:272] - INFO: epoch 003:    322 / 1878 loss=3.649, loss_v1=0, loss_v2=0, nll_loss=2.542, ntokens=320, nsentences=64, sample_size=320, sample_size_v1=0, sample_size_v2=0, ppl=5.82, wps=78.7, ups=0.25, wpb=320, bsz=64, num_updates=4070, lr=4.16619e-05, gnorm=6.975, clip=100, loss_scale=64, train_wall=41, gb_free=7.4, wall=23953
2023-04-02 07:27:20 - progress_bar.py[line:272] - INFO: epoch 003:    332 / 1878 loss=3.66, loss_v1=0, loss_v2=0, nll_loss=2.56, ntokens=320, nsentences=64, sample_size=320, sample_size_v1=0, sample_size_v2=0, ppl=5.9, wps=78.3, ups=0.24, wpb=320, bsz=64, num_updates=4080, lr=4.16336e-05, gnorm=7.234, clip=100, loss_scale=64, train_wall=41, gb_free=7.5, wall=23994
2023-04-02 07:28:01 - progress_bar.py[line:272] - INFO: epoch 003:    342 / 1878 loss=3.636, loss_v1=0, loss_v2=0, nll_loss=2.525, ntokens=320, nsentences=64, sample_size=320, sample_size_v1=0, sample_size_v2=0, ppl=5.76, wps=78.3, ups=0.24, wpb=320, bsz=64, num_updates=4090, lr=4.16053e-05, gnorm=6.959, clip=100, loss_scale=64, train_wall=41, gb_free=7.4, wall=24035
2023-04-02 07:28:42 - progress_bar.py[line:272] - INFO: epoch 003:    352 / 1878 loss=3.664, loss_v1=0, loss_v2=0, nll_loss=2.561, ntokens=320, nsentences=64, sample_size=320, sample_size_v1=0, sample_size_v2=0, ppl=5.9, wps=78.3, ups=0.24, wpb=320, bsz=64, num_updates=4100, lr=4.1577e-05, gnorm=7.077, clip=100, loss_scale=64, train_wall=41, gb_free=7.4, wall=24076
2023-04-02 07:29:22 - progress_bar.py[line:272] - INFO: epoch 003:    362 / 1878 loss=3.683, loss_v1=0, loss_v2=0, nll_loss=2.581, ntokens=320, nsentences=64, sample_size=320, sample_size_v1=0, sample_size_v2=0, ppl=5.98, wps=78.6, ups=0.25, wpb=320, bsz=64, num_updates=4110, lr=4.15487e-05, gnorm=7.625, clip=100, loss_scale=64, train_wall=40, gb_free=7.4, wall=24116
2023-04-02 07:30:03 - progress_bar.py[line:272] - INFO: epoch 003:    372 / 1878 loss=3.703, loss_v1=0, loss_v2=0, nll_loss=2.602, ntokens=320, nsentences=64, sample_size=320, sample_size_v1=0, sample_size_v2=0, ppl=6.07, wps=78.4, ups=0.25, wpb=320, bsz=64, num_updates=4120, lr=4.15203e-05, gnorm=7.6, clip=100, loss_scale=64, train_wall=41, gb_free=7.4, wall=24157
2023-04-02 07:30:44 - progress_bar.py[line:272] - INFO: epoch 003:    382 / 1878 loss=3.692, loss_v1=0, loss_v2=0, nll_loss=2.593, ntokens=320, nsentences=64, sample_size=320, sample_size_v1=0, sample_size_v2=0, ppl=6.04, wps=78.3, ups=0.24, wpb=320, bsz=64, num_updates=4130, lr=4.1492e-05, gnorm=7.259, clip=100, loss_scale=64, train_wall=41, gb_free=7.4, wall=24198
2023-04-02 07:31:25 - progress_bar.py[line:272] - INFO: epoch 003:    392 / 1878 loss=3.625, loss_v1=0, loss_v2=0, nll_loss=2.513, ntokens=320, nsentences=64, sample_size=320, sample_size_v1=0, sample_size_v2=0, ppl=5.71, wps=78.1, ups=0.24, wpb=320, bsz=64, num_updates=4140, lr=4.14637e-05, gnorm=6.906, clip=100, loss_scale=64, train_wall=41, gb_free=7.4, wall=24239
2023-04-02 07:32:06 - progress_bar.py[line:272] - INFO: epoch 003:    402 / 1878 loss=3.674, loss_v1=0, loss_v2=0, nll_loss=2.569, ntokens=320, nsentences=64, sample_size=320, sample_size_v1=0, sample_size_v2=0, ppl=5.94, wps=77.7, ups=0.24, wpb=320, bsz=64, num_updates=4150, lr=4.14354e-05, gnorm=7.542, clip=100, loss_scale=64, train_wall=41, gb_free=7.4, wall=24280
2023-04-02 07:32:47 - progress_bar.py[line:272] - INFO: epoch 003:    412 / 1878 loss=3.64, loss_v1=0, loss_v2=0, nll_loss=2.532, ntokens=320, nsentences=64, sample_size=320, sample_size_v1=0, sample_size_v2=0, ppl=5.79, wps=78.4, ups=0.25, wpb=320, bsz=64, num_updates=4160, lr=4.1407e-05, gnorm=6.997, clip=100, loss_scale=64, train_wall=41, gb_free=7.5, wall=24321
2023-04-02 07:33:28 - progress_bar.py[line:272] - INFO: epoch 003:    422 / 1878 loss=3.681, loss_v1=0, loss_v2=0, nll_loss=2.581, ntokens=320, nsentences=64, sample_size=320, sample_size_v1=0, sample_size_v2=0, ppl=5.98, wps=78.5, ups=0.25, wpb=320, bsz=64, num_updates=4170, lr=4.13787e-05, gnorm=6.757, clip=100, loss_scale=64, train_wall=41, gb_free=7.4, wall=24362
2023-04-02 07:34:09 - progress_bar.py[line:272] - INFO: epoch 003:    432 / 1878 loss=3.646, loss_v1=0, loss_v2=0, nll_loss=2.542, ntokens=320, nsentences=64, sample_size=320, sample_size_v1=0, sample_size_v2=0, ppl=5.82, wps=78.4, ups=0.25, wpb=320, bsz=64, num_updates=4180, lr=4.13504e-05, gnorm=6.688, clip=100, loss_scale=64, train_wall=41, gb_free=7.4, wall=24403
2023-04-02 07:34:49 - progress_bar.py[line:272] - INFO: epoch 003:    442 / 1878 loss=3.693, loss_v1=0, loss_v2=0, nll_loss=2.593, ntokens=320, nsentences=64, sample_size=320, sample_size_v1=0, sample_size_v2=0, ppl=6.04, wps=78.6, ups=0.25, wpb=320, bsz=64, num_updates=4190, lr=4.13221e-05, gnorm=7.066, clip=100, loss_scale=64, train_wall=41, gb_free=7.4, wall=24443
2023-04-02 07:35:30 - progress_bar.py[line:272] - INFO: epoch 003:    452 / 1878 loss=3.642, loss_v1=0, loss_v2=0, nll_loss=2.539, ntokens=320, nsentences=64, sample_size=320, sample_size_v1=0, sample_size_v2=0, ppl=5.81, wps=78.7, ups=0.25, wpb=320, bsz=64, num_updates=4200, lr=4.12938e-05, gnorm=6.654, clip=100, loss_scale=64, train_wall=40, gb_free=7.4, wall=24484
2023-04-02 07:35:38 - trainer.py[line:921] - INFO: NOTE: gradient overflow detected, ignoring gradient, setting loss scale to: 32.0
2023-04-02 07:36:15 - progress_bar.py[line:272] - INFO: epoch 003:    463 / 1878 loss=3.635, loss_v1=0, loss_v2=0, nll_loss=2.52, ntokens=319.5, nsentences=63.9, sample_size=319.5, sample_size_v1=0, sample_size_v2=0, ppl=5.73, wps=70.6, ups=0.22, wpb=319.5, bsz=63.9, num_updates=4210, lr=4.12654e-05, gnorm=7.864, clip=100, loss_scale=32, train_wall=45, gb_free=7.4, wall=24529
2023-04-02 07:36:56 - progress_bar.py[line:272] - INFO: epoch 003:    473 / 1878 loss=3.666, loss_v1=0, loss_v2=0, nll_loss=2.565, ntokens=320, nsentences=64, sample_size=320, sample_size_v1=0, sample_size_v2=0, ppl=5.92, wps=78.2, ups=0.24, wpb=320, bsz=64, num_updates=4220, lr=4.12371e-05, gnorm=7.383, clip=100, loss_scale=32, train_wall=41, gb_free=7.4, wall=24570
2023-04-02 07:37:37 - progress_bar.py[line:272] - INFO: epoch 003:    483 / 1878 loss=3.632, loss_v1=0, loss_v2=0, nll_loss=2.525, ntokens=320, nsentences=64, sample_size=320, sample_size_v1=0, sample_size_v2=0, ppl=5.76, wps=77.9, ups=0.24, wpb=320, bsz=64, num_updates=4230, lr=4.12088e-05, gnorm=7.179, clip=100, loss_scale=32, train_wall=41, gb_free=7.4, wall=24611
2023-04-02 07:38:18 - progress_bar.py[line:272] - INFO: epoch 003:    493 / 1878 loss=3.596, loss_v1=0, loss_v2=0, nll_loss=2.485, ntokens=320, nsentences=64, sample_size=320, sample_size_v1=0, sample_size_v2=0, ppl=5.6, wps=78.1, ups=0.24, wpb=320, bsz=64, num_updates=4240, lr=4.11805e-05, gnorm=6.52, clip=100, loss_scale=32, train_wall=41, gb_free=7.4, wall=24652
2023-04-02 07:38:59 - progress_bar.py[line:272] - INFO: epoch 003:    503 / 1878 loss=3.674, loss_v1=0, loss_v2=0, nll_loss=2.573, ntokens=320, nsentences=64, sample_size=320, sample_size_v1=0, sample_size_v2=0, ppl=5.95, wps=78.3, ups=0.24, wpb=320, bsz=64, num_updates=4250, lr=4.11521e-05, gnorm=7.362, clip=100, loss_scale=32, train_wall=41, gb_free=7.4, wall=24693
2023-04-02 07:39:40 - progress_bar.py[line:272] - INFO: epoch 003:    513 / 1878 loss=3.657, loss_v1=0, loss_v2=0, nll_loss=2.554, ntokens=320, nsentences=64, sample_size=320, sample_size_v1=0, sample_size_v2=0, ppl=5.87, wps=78.4, ups=0.25, wpb=320, bsz=64, num_updates=4260, lr=4.11238e-05, gnorm=7.67, clip=100, loss_scale=32, train_wall=41, gb_free=7.4, wall=24734
2023-04-02 07:40:21 - progress_bar.py[line:272] - INFO: epoch 003:    523 / 1878 loss=3.683, loss_v1=0, loss_v2=0, nll_loss=2.58, ntokens=320, nsentences=64, sample_size=320, sample_size_v1=0, sample_size_v2=0, ppl=5.98, wps=78.6, ups=0.25, wpb=320, bsz=64, num_updates=4270, lr=4.10955e-05, gnorm=6.865, clip=100, loss_scale=32, train_wall=41, gb_free=7.4, wall=24775
2023-04-02 07:41:01 - progress_bar.py[line:272] - INFO: epoch 003:    533 / 1878 loss=3.68, loss_v1=0, loss_v2=0, nll_loss=2.581, ntokens=320, nsentences=64, sample_size=320, sample_size_v1=0, sample_size_v2=0, ppl=5.98, wps=78.4, ups=0.24, wpb=320, bsz=64, num_updates=4280, lr=4.10672e-05, gnorm=7.343, clip=100, loss_scale=32, train_wall=41, gb_free=7.4, wall=24815
2023-04-02 07:41:42 - progress_bar.py[line:272] - INFO: epoch 003:    543 / 1878 loss=3.599, loss_v1=0, loss_v2=0, nll_loss=2.484, ntokens=320, nsentences=64, sample_size=320, sample_size_v1=0, sample_size_v2=0, ppl=5.59, wps=78.4, ups=0.25, wpb=320, bsz=64, num_updates=4290, lr=4.10389e-05, gnorm=6.984, clip=100, loss_scale=32, train_wall=41, gb_free=7.4, wall=24856
2023-04-02 07:42:23 - progress_bar.py[line:272] - INFO: epoch 003:    553 / 1878 loss=3.648, loss_v1=0, loss_v2=0, nll_loss=2.547, ntokens=320, nsentences=64, sample_size=320, sample_size_v1=0, sample_size_v2=0, ppl=5.84, wps=78.4, ups=0.24, wpb=320, bsz=64, num_updates=4300, lr=4.10105e-05, gnorm=6.931, clip=100, loss_scale=32, train_wall=41, gb_free=7.4, wall=24897
2023-04-02 07:43:04 - progress_bar.py[line:272] - INFO: epoch 003:    563 / 1878 loss=3.609, loss_v1=0, loss_v2=0, nll_loss=2.499, ntokens=320, nsentences=64, sample_size=320, sample_size_v1=0, sample_size_v2=0, ppl=5.65, wps=78.2, ups=0.24, wpb=320, bsz=64, num_updates=4310, lr=4.09822e-05, gnorm=6.901, clip=100, loss_scale=32, train_wall=41, gb_free=7.4, wall=24938
2023-04-02 07:43:45 - progress_bar.py[line:272] - INFO: epoch 003:    573 / 1878 loss=3.673, loss_v1=0, loss_v2=0, nll_loss=2.569, ntokens=320, nsentences=64, sample_size=320, sample_size_v1=0, sample_size_v2=0, ppl=5.93, wps=78.4, ups=0.24, wpb=320, bsz=64, num_updates=4320, lr=4.09539e-05, gnorm=8.074, clip=100, loss_scale=32, train_wall=41, gb_free=7.4, wall=24979
2023-04-02 07:44:26 - progress_bar.py[line:272] - INFO: epoch 003:    583 / 1878 loss=3.702, loss_v1=0, loss_v2=0, nll_loss=2.605, ntokens=320, nsentences=64, sample_size=320, sample_size_v1=0, sample_size_v2=0, ppl=6.08, wps=78.6, ups=0.25, wpb=320, bsz=64, num_updates=4330, lr=4.09256e-05, gnorm=7.834, clip=100, loss_scale=32, train_wall=40, gb_free=7.4, wall=25019
2023-04-02 07:45:06 - progress_bar.py[line:272] - INFO: epoch 003:    593 / 1878 loss=3.652, loss_v1=0, loss_v2=0, nll_loss=2.548, ntokens=320, nsentences=64, sample_size=320, sample_size_v1=0, sample_size_v2=0, ppl=5.85, wps=78.4, ups=0.25, wpb=320, bsz=64, num_updates=4340, lr=4.08972e-05, gnorm=7.858, clip=100, loss_scale=32, train_wall=40, gb_free=7.4, wall=25060
2023-04-02 07:45:47 - progress_bar.py[line:272] - INFO: epoch 003:    603 / 1878 loss=3.695, loss_v1=0, loss_v2=0, nll_loss=2.593, ntokens=320, nsentences=64, sample_size=320, sample_size_v1=0, sample_size_v2=0, ppl=6.03, wps=78.2, ups=0.24, wpb=320, bsz=64, num_updates=4350, lr=4.08689e-05, gnorm=7.563, clip=100, loss_scale=32, train_wall=41, gb_free=7.4, wall=25101
2023-04-02 07:46:28 - progress_bar.py[line:272] - INFO: epoch 003:    613 / 1878 loss=3.636, loss_v1=0, loss_v2=0, nll_loss=2.53, ntokens=320, nsentences=64, sample_size=320, sample_size_v1=0, sample_size_v2=0, ppl=5.78, wps=78.5, ups=0.25, wpb=320, bsz=64, num_updates=4360, lr=4.08406e-05, gnorm=7.305, clip=100, loss_scale=32, train_wall=40, gb_free=7.4, wall=25142
2023-04-02 07:47:10 - progress_bar.py[line:272] - INFO: epoch 003:    623 / 1878 loss=3.663, loss_v1=0, loss_v2=0, nll_loss=2.555, ntokens=320, nsentences=64, sample_size=320, sample_size_v1=0, sample_size_v2=0, ppl=5.88, wps=77.2, ups=0.24, wpb=320, bsz=64, num_updates=4370, lr=4.08123e-05, gnorm=7.875, clip=100, loss_scale=32, train_wall=41, gb_free=7.4, wall=25183
2023-04-02 07:47:50 - progress_bar.py[line:272] - INFO: epoch 003:    633 / 1878 loss=3.655, loss_v1=0, loss_v2=0, nll_loss=2.555, ntokens=320, nsentences=64, sample_size=320, sample_size_v1=0, sample_size_v2=0, ppl=5.88, wps=78.2, ups=0.24, wpb=320, bsz=64, num_updates=4380, lr=4.0784e-05, gnorm=7.07, clip=100, loss_scale=32, train_wall=41, gb_free=7.4, wall=25224
2023-04-02 07:48:31 - progress_bar.py[line:272] - INFO: epoch 003:    643 / 1878 loss=3.64, loss_v1=0, loss_v2=0, nll_loss=2.532, ntokens=320, nsentences=64, sample_size=320, sample_size_v1=0, sample_size_v2=0, ppl=5.79, wps=78, ups=0.24, wpb=320, bsz=64, num_updates=4390, lr=4.07556e-05, gnorm=7.283, clip=100, loss_scale=32, train_wall=41, gb_free=7.4, wall=25265
2023-04-02 07:49:12 - progress_bar.py[line:272] - INFO: epoch 003:    653 / 1878 loss=3.632, loss_v1=0, loss_v2=0, nll_loss=2.524, ntokens=320, nsentences=64, sample_size=320, sample_size_v1=0, sample_size_v2=0, ppl=5.75, wps=78.3, ups=0.24, wpb=320, bsz=64, num_updates=4400, lr=4.07273e-05, gnorm=7.109, clip=100, loss_scale=32, train_wall=41, gb_free=7.4, wall=25306
2023-04-02 07:49:53 - progress_bar.py[line:272] - INFO: epoch 003:    663 / 1878 loss=3.649, loss_v1=0, loss_v2=0, nll_loss=2.546, ntokens=320, nsentences=64, sample_size=320, sample_size_v1=0, sample_size_v2=0, ppl=5.84, wps=78.3, ups=0.24, wpb=320, bsz=64, num_updates=4410, lr=4.0699e-05, gnorm=6.998, clip=100, loss_scale=32, train_wall=41, gb_free=7.4, wall=25347
2023-04-02 07:50:34 - progress_bar.py[line:272] - INFO: epoch 003:    673 / 1878 loss=3.661, loss_v1=0, loss_v2=0, nll_loss=2.559, ntokens=320, nsentences=64, sample_size=320, sample_size_v1=0, sample_size_v2=0, ppl=5.89, wps=78.3, ups=0.24, wpb=320, bsz=64, num_updates=4420, lr=4.06707e-05, gnorm=7.347, clip=100, loss_scale=32, train_wall=41, gb_free=7.4, wall=25388
2023-04-02 07:51:15 - progress_bar.py[line:272] - INFO: epoch 003:    683 / 1878 loss=3.646, loss_v1=0, loss_v2=0, nll_loss=2.538, ntokens=320, nsentences=64, sample_size=320, sample_size_v1=0, sample_size_v2=0, ppl=5.81, wps=78.4, ups=0.24, wpb=320, bsz=64, num_updates=4430, lr=4.06423e-05, gnorm=6.898, clip=100, loss_scale=32, train_wall=41, gb_free=7.4, wall=25429
2023-04-02 07:51:56 - progress_bar.py[line:272] - INFO: epoch 003:    693 / 1878 loss=3.625, loss_v1=0, loss_v2=0, nll_loss=2.517, ntokens=320, nsentences=64, sample_size=320, sample_size_v1=0, sample_size_v2=0, ppl=5.72, wps=78.4, ups=0.24, wpb=320, bsz=64, num_updates=4440, lr=4.0614e-05, gnorm=7.187, clip=100, loss_scale=32, train_wall=41, gb_free=7.4, wall=25470
2023-04-02 07:52:36 - progress_bar.py[line:272] - INFO: epoch 003:    703 / 1878 loss=3.619, loss_v1=0, loss_v2=0, nll_loss=2.512, ntokens=320, nsentences=64, sample_size=320, sample_size_v1=0, sample_size_v2=0, ppl=5.71, wps=78.7, ups=0.25, wpb=320, bsz=64, num_updates=4450, lr=4.05857e-05, gnorm=7.251, clip=100, loss_scale=32, train_wall=40, gb_free=7.4, wall=25510
2023-04-02 07:53:17 - progress_bar.py[line:272] - INFO: epoch 003:    713 / 1878 loss=3.6, loss_v1=0, loss_v2=0, nll_loss=2.49, ntokens=320, nsentences=64, sample_size=320, sample_size_v1=0, sample_size_v2=0, ppl=5.62, wps=77.9, ups=0.24, wpb=320, bsz=64, num_updates=4460, lr=4.05574e-05, gnorm=7.002, clip=100, loss_scale=32, train_wall=41, gb_free=7.4, wall=25551
2023-04-02 07:53:58 - progress_bar.py[line:272] - INFO: epoch 003:    723 / 1878 loss=3.574, loss_v1=0, loss_v2=0, nll_loss=2.458, ntokens=320, nsentences=64, sample_size=320, sample_size_v1=0, sample_size_v2=0, ppl=5.49, wps=78.2, ups=0.24, wpb=320, bsz=64, num_updates=4470, lr=4.05291e-05, gnorm=7.179, clip=100, loss_scale=32, train_wall=41, gb_free=7.4, wall=25592
2023-04-02 07:54:39 - progress_bar.py[line:272] - INFO: epoch 003:    733 / 1878 loss=3.622, loss_v1=0, loss_v2=0, nll_loss=2.517, ntokens=320, nsentences=64, sample_size=320, sample_size_v1=0, sample_size_v2=0, ppl=5.73, wps=78.3, ups=0.24, wpb=320, bsz=64, num_updates=4480, lr=4.05007e-05, gnorm=6.616, clip=100, loss_scale=32, train_wall=41, gb_free=7.4, wall=25633
2023-04-02 07:55:20 - progress_bar.py[line:272] - INFO: epoch 003:    743 / 1878 loss=3.572, loss_v1=0, loss_v2=0, nll_loss=2.454, ntokens=320, nsentences=64, sample_size=320, sample_size_v1=0, sample_size_v2=0, ppl=5.48, wps=78.6, ups=0.25, wpb=320, bsz=64, num_updates=4490, lr=4.04724e-05, gnorm=7.031, clip=100, loss_scale=32, train_wall=41, gb_free=7.4, wall=25674
slice_id 1 seek offset 5379
2023-04-02 07:56:01 - progress_bar.py[line:272] - INFO: epoch 003:    753 / 1878 loss=3.541, loss_v1=0, loss_v2=0, nll_loss=2.42, ntokens=320, nsentences=64, sample_size=320, sample_size_v1=0, sample_size_v2=0, ppl=5.35, wps=78.4, ups=0.24, wpb=320, bsz=64, num_updates=4500, lr=4.04441e-05, gnorm=7.139, clip=100, loss_scale=32, train_wall=41, gb_free=7.4, wall=25715
2023-04-02 07:56:01 - train.py[line:445] - INFO: begin validation on "valid" subset
slice_id 0 seek offset 0
slice_id 0 seek offset 0
slice_id 1 seek offset 5379
2023-04-02 08:07:19 - progress_bar.py[line:282] - INFO: epoch 003 | valid on 'valid' subset | loss 4.339 | loss_v1 0 | loss_v2 0 | nll_loss 3.303 | ntokens 39.993 | nsentences 7.999 | sample_size 39.993 | sample_size_v1 0 | sample_size_v2 0 | ppl 9.87 | score 0.8 | wps 79.3 | wpb 40 | bsz 8 | num_updates 4500 | best_score 0.8
2023-04-02 08:07:19 - checkpoint_utils.py[line:64] - INFO: Preparing to save checkpoint for epoch 3 @ 4500 updates
2023-04-02 08:07:19 - trainer.py[line:431] - INFO: Saving checkpoint to ./refcocoplus_scratch_checkpoints/10_5e-5_512/checkpoint_3_4500.pt
2023-04-02 08:07:39 - trainer.py[line:441] - INFO: Finished saving checkpoint to ./refcocoplus_scratch_checkpoints/10_5e-5_512/checkpoint_3_4500.pt
2023-04-02 08:08:07 - checkpoint_utils.py[line:133] - INFO: Saved checkpoint ./refcocoplus_scratch_checkpoints/10_5e-5_512/checkpoint_3_4500.pt (epoch 3 @ 4500 updates, score 0.8) (writing took 47.86875696014613 seconds)
2023-04-02 08:08:47 - progress_bar.py[line:272] - INFO: epoch 003:    763 / 1878 loss=3.552, loss_v1=0, loss_v2=0, nll_loss=2.431, ntokens=320, nsentences=64, sample_size=320, sample_size_v1=0, sample_size_v2=0, ppl=5.39, wps=4.2, ups=0.01, wpb=320, bsz=64, num_updates=4510, lr=4.04158e-05, gnorm=6.673, clip=100, loss_scale=32, train_wall=40, gb_free=7.4, wall=26481
2023-04-02 08:09:28 - progress_bar.py[line:272] - INFO: epoch 003:    773 / 1878 loss=3.591, loss_v1=0, loss_v2=0, nll_loss=2.474, ntokens=320, nsentences=64, sample_size=320, sample_size_v1=0, sample_size_v2=0, ppl=5.55, wps=77.9, ups=0.24, wpb=320, bsz=64, num_updates=4520, lr=4.03874e-05, gnorm=7.041, clip=100, loss_scale=32, train_wall=41, gb_free=7.4, wall=26522
2023-04-02 08:10:09 - progress_bar.py[line:272] - INFO: epoch 003:    783 / 1878 loss=3.553, loss_v1=0, loss_v2=0, nll_loss=2.436, ntokens=320, nsentences=64, sample_size=320, sample_size_v1=0, sample_size_v2=0, ppl=5.41, wps=78.4, ups=0.24, wpb=320, bsz=64, num_updates=4530, lr=4.03591e-05, gnorm=7.134, clip=100, loss_scale=32, train_wall=41, gb_free=7.4, wall=26563
2023-04-02 08:10:50 - progress_bar.py[line:272] - INFO: epoch 003:    793 / 1878 loss=3.597, loss_v1=0, loss_v2=0, nll_loss=2.486, ntokens=320, nsentences=64, sample_size=320, sample_size_v1=0, sample_size_v2=0, ppl=5.6, wps=78.6, ups=0.25, wpb=320, bsz=64, num_updates=4540, lr=4.03308e-05, gnorm=7.555, clip=100, loss_scale=32, train_wall=40, gb_free=7.4, wall=26604
2023-04-02 08:11:31 - progress_bar.py[line:272] - INFO: epoch 003:    803 / 1878 loss=3.607, loss_v1=0, loss_v2=0, nll_loss=2.496, ntokens=320, nsentences=64, sample_size=320, sample_size_v1=0, sample_size_v2=0, ppl=5.64, wps=78.3, ups=0.24, wpb=320, bsz=64, num_updates=4550, lr=4.03025e-05, gnorm=7.308, clip=100, loss_scale=32, train_wall=41, gb_free=7.4, wall=26644
2023-04-02 08:12:11 - progress_bar.py[line:272] - INFO: epoch 003:    813 / 1878 loss=3.552, loss_v1=0, loss_v2=0, nll_loss=2.435, ntokens=320, nsentences=64, sample_size=320, sample_size_v1=0, sample_size_v2=0, ppl=5.41, wps=78.5, ups=0.25, wpb=320, bsz=64, num_updates=4560, lr=4.02742e-05, gnorm=6.445, clip=100, loss_scale=32, train_wall=41, gb_free=7.4, wall=26685
2023-04-02 08:12:52 - progress_bar.py[line:272] - INFO: epoch 003:    823 / 1878 loss=3.579, loss_v1=0, loss_v2=0, nll_loss=2.461, ntokens=320, nsentences=64, sample_size=320, sample_size_v1=0, sample_size_v2=0, ppl=5.5, wps=78.4, ups=0.25, wpb=320, bsz=64, num_updates=4570, lr=4.02458e-05, gnorm=6.561, clip=100, loss_scale=32, train_wall=41, gb_free=7.4, wall=26726
2023-04-02 08:13:33 - progress_bar.py[line:272] - INFO: epoch 003:    833 / 1878 loss=3.601, loss_v1=0, loss_v2=0, nll_loss=2.49, ntokens=320, nsentences=64, sample_size=320, sample_size_v1=0, sample_size_v2=0, ppl=5.62, wps=78.2, ups=0.24, wpb=320, bsz=64, num_updates=4580, lr=4.02175e-05, gnorm=7.065, clip=100, loss_scale=32, train_wall=41, gb_free=7.4, wall=26767
2023-04-02 08:14:14 - progress_bar.py[line:272] - INFO: epoch 003:    843 / 1878 loss=3.59, loss_v1=0, loss_v2=0, nll_loss=2.478, ntokens=320, nsentences=64, sample_size=320, sample_size_v1=0, sample_size_v2=0, ppl=5.57, wps=77.9, ups=0.24, wpb=320, bsz=64, num_updates=4590, lr=4.01892e-05, gnorm=6.514, clip=100, loss_scale=32, train_wall=41, gb_free=7.4, wall=26808
2023-04-02 08:14:55 - progress_bar.py[line:272] - INFO: epoch 003:    853 / 1878 loss=3.595, loss_v1=0, loss_v2=0, nll_loss=2.48, ntokens=320, nsentences=64, sample_size=320, sample_size_v1=0, sample_size_v2=0, ppl=5.58, wps=78.3, ups=0.24, wpb=320, bsz=64, num_updates=4600, lr=4.01609e-05, gnorm=6.98, clip=100, loss_scale=32, train_wall=41, gb_free=7.4, wall=26849
2023-04-02 08:15:36 - progress_bar.py[line:272] - INFO: epoch 003:    863 / 1878 loss=3.633, loss_v1=0, loss_v2=0, nll_loss=2.526, ntokens=320, nsentences=64, sample_size=320, sample_size_v1=0, sample_size_v2=0, ppl=5.76, wps=77.6, ups=0.24, wpb=320, bsz=64, num_updates=4610, lr=4.01325e-05, gnorm=7.039, clip=100, loss_scale=32, train_wall=41, gb_free=7.4, wall=26890
2023-04-02 08:16:17 - progress_bar.py[line:272] - INFO: epoch 003:    873 / 1878 loss=3.6, loss_v1=0, loss_v2=0, nll_loss=2.489, ntokens=320, nsentences=64, sample_size=320, sample_size_v1=0, sample_size_v2=0, ppl=5.61, wps=78.5, ups=0.25, wpb=320, bsz=64, num_updates=4620, lr=4.01042e-05, gnorm=6.711, clip=100, loss_scale=32, train_wall=40, gb_free=7.4, wall=26931
2023-04-02 08:16:58 - progress_bar.py[line:272] - INFO: epoch 003:    883 / 1878 loss=3.597, loss_v1=0, loss_v2=0, nll_loss=2.484, ntokens=320, nsentences=64, sample_size=320, sample_size_v1=0, sample_size_v2=0, ppl=5.59, wps=78.4, ups=0.25, wpb=320, bsz=64, num_updates=4630, lr=4.00759e-05, gnorm=6.735, clip=100, loss_scale=32, train_wall=41, gb_free=7.4, wall=26972
2023-04-02 08:17:39 - progress_bar.py[line:272] - INFO: epoch 003:    893 / 1878 loss=3.536, loss_v1=0, loss_v2=0, nll_loss=2.416, ntokens=320, nsentences=64, sample_size=320, sample_size_v1=0, sample_size_v2=0, ppl=5.34, wps=78.6, ups=0.25, wpb=320, bsz=64, num_updates=4640, lr=4.00476e-05, gnorm=6.713, clip=100, loss_scale=32, train_wall=41, gb_free=7.4, wall=27012
2023-04-02 08:18:19 - progress_bar.py[line:272] - INFO: epoch 003:    903 / 1878 loss=3.536, loss_v1=0, loss_v2=0, nll_loss=2.412, ntokens=320, nsentences=64, sample_size=320, sample_size_v1=0, sample_size_v2=0, ppl=5.32, wps=78.5, ups=0.25, wpb=320, bsz=64, num_updates=4650, lr=4.00193e-05, gnorm=7.335, clip=100, loss_scale=32, train_wall=41, gb_free=7.4, wall=27053
2023-04-02 08:19:00 - progress_bar.py[line:272] - INFO: epoch 003:    913 / 1878 loss=3.618, loss_v1=0, loss_v2=0, nll_loss=2.504, ntokens=320, nsentences=64, sample_size=320, sample_size_v1=0, sample_size_v2=0, ppl=5.67, wps=78.4, ups=0.24, wpb=320, bsz=64, num_updates=4660, lr=3.99909e-05, gnorm=7.185, clip=100, loss_scale=32, train_wall=41, gb_free=7.4, wall=27094
2023-04-02 08:19:41 - progress_bar.py[line:272] - INFO: epoch 003:    923 / 1878 loss=3.574, loss_v1=0, loss_v2=0, nll_loss=2.462, ntokens=320, nsentences=64, sample_size=320, sample_size_v1=0, sample_size_v2=0, ppl=5.51, wps=78.3, ups=0.24, wpb=320, bsz=64, num_updates=4670, lr=3.99626e-05, gnorm=6.974, clip=100, loss_scale=32, train_wall=41, gb_free=7.4, wall=27135
2023-04-02 08:20:22 - progress_bar.py[line:272] - INFO: epoch 003:    933 / 1878 loss=3.557, loss_v1=0, loss_v2=0, nll_loss=2.437, ntokens=320, nsentences=64, sample_size=320, sample_size_v1=0, sample_size_v2=0, ppl=5.42, wps=78.3, ups=0.24, wpb=320, bsz=64, num_updates=4680, lr=3.99343e-05, gnorm=6.593, clip=100, loss_scale=32, train_wall=41, gb_free=7.4, wall=27176
2023-04-02 08:21:03 - progress_bar.py[line:272] - INFO: epoch 003:    943 / 1878 loss=3.596, loss_v1=0, loss_v2=0, nll_loss=2.487, ntokens=320, nsentences=64, sample_size=320, sample_size_v1=0, sample_size_v2=0, ppl=5.61, wps=78.1, ups=0.24, wpb=320, bsz=64, num_updates=4690, lr=3.9906e-05, gnorm=7.276, clip=100, loss_scale=32, train_wall=41, gb_free=7.4, wall=27217
2023-04-02 08:21:44 - progress_bar.py[line:272] - INFO: epoch 003:    953 / 1878 loss=3.556, loss_v1=0, loss_v2=0, nll_loss=2.437, ntokens=320, nsentences=64, sample_size=320, sample_size_v1=0, sample_size_v2=0, ppl=5.41, wps=78, ups=0.24, wpb=320, bsz=64, num_updates=4700, lr=3.98776e-05, gnorm=6.456, clip=100, loss_scale=32, train_wall=41, gb_free=7.4, wall=27258
2023-04-02 08:22:25 - progress_bar.py[line:272] - INFO: epoch 003:    963 / 1878 loss=3.518, loss_v1=0, loss_v2=0, nll_loss=2.393, ntokens=320, nsentences=64, sample_size=320, sample_size_v1=0, sample_size_v2=0, ppl=5.25, wps=78.2, ups=0.24, wpb=320, bsz=64, num_updates=4710, lr=3.98493e-05, gnorm=6.438, clip=100, loss_scale=32, train_wall=41, gb_free=7.4, wall=27299
2023-04-02 08:23:06 - progress_bar.py[line:272] - INFO: epoch 003:    973 / 1878 loss=3.567, loss_v1=0, loss_v2=0, nll_loss=2.453, ntokens=320, nsentences=64, sample_size=320, sample_size_v1=0, sample_size_v2=0, ppl=5.48, wps=78, ups=0.24, wpb=320, bsz=64, num_updates=4720, lr=3.9821e-05, gnorm=7.624, clip=100, loss_scale=64, train_wall=41, gb_free=7.4, wall=27340
2023-04-02 08:23:47 - progress_bar.py[line:272] - INFO: epoch 003:    983 / 1878 loss=3.531, loss_v1=0, loss_v2=0, nll_loss=2.412, ntokens=320, nsentences=64, sample_size=320, sample_size_v1=0, sample_size_v2=0, ppl=5.32, wps=77.8, ups=0.24, wpb=320, bsz=64, num_updates=4730, lr=3.97927e-05, gnorm=6.316, clip=100, loss_scale=64, train_wall=41, gb_free=7.4, wall=27381
2023-04-02 08:24:28 - progress_bar.py[line:272] - INFO: epoch 003:    993 / 1878 loss=3.59, loss_v1=0, loss_v2=0, nll_loss=2.472, ntokens=320, nsentences=64, sample_size=320, sample_size_v1=0, sample_size_v2=0, ppl=5.55, wps=77.9, ups=0.24, wpb=320, bsz=64, num_updates=4740, lr=3.97644e-05, gnorm=6.661, clip=100, loss_scale=64, train_wall=41, gb_free=7.4, wall=27422
2023-04-02 08:25:09 - progress_bar.py[line:272] - INFO: epoch 003:   1003 / 1878 loss=3.554, loss_v1=0, loss_v2=0, nll_loss=2.44, ntokens=320, nsentences=64, sample_size=320, sample_size_v1=0, sample_size_v2=0, ppl=5.43, wps=78.3, ups=0.24, wpb=320, bsz=64, num_updates=4750, lr=3.9736e-05, gnorm=6.334, clip=100, loss_scale=64, train_wall=41, gb_free=7.4, wall=27463
2023-04-02 08:25:50 - progress_bar.py[line:272] - INFO: epoch 003:   1013 / 1878 loss=3.542, loss_v1=0, loss_v2=0, nll_loss=2.421, ntokens=320, nsentences=64, sample_size=320, sample_size_v1=0, sample_size_v2=0, ppl=5.35, wps=78.2, ups=0.24, wpb=320, bsz=64, num_updates=4760, lr=3.97077e-05, gnorm=7.757, clip=100, loss_scale=64, train_wall=41, gb_free=7.4, wall=27504
2023-04-02 08:26:31 - progress_bar.py[line:272] - INFO: epoch 003:   1023 / 1878 loss=3.552, loss_v1=0, loss_v2=0, nll_loss=2.433, ntokens=320, nsentences=64, sample_size=320, sample_size_v1=0, sample_size_v2=0, ppl=5.4, wps=78.4, ups=0.25, wpb=320, bsz=64, num_updates=4770, lr=3.96794e-05, gnorm=6.722, clip=100, loss_scale=64, train_wall=41, gb_free=7.4, wall=27545
2023-04-02 08:27:11 - progress_bar.py[line:272] - INFO: epoch 003:   1033 / 1878 loss=3.564, loss_v1=0, loss_v2=0, nll_loss=2.449, ntokens=320, nsentences=64, sample_size=320, sample_size_v1=0, sample_size_v2=0, ppl=5.46, wps=78.5, ups=0.25, wpb=320, bsz=64, num_updates=4780, lr=3.96511e-05, gnorm=7.335, clip=100, loss_scale=64, train_wall=41, gb_free=7.5, wall=27585
2023-04-02 08:27:52 - progress_bar.py[line:272] - INFO: epoch 003:   1043 / 1878 loss=3.548, loss_v1=0, loss_v2=0, nll_loss=2.428, ntokens=320, nsentences=64, sample_size=320, sample_size_v1=0, sample_size_v2=0, ppl=5.38, wps=78.5, ups=0.25, wpb=320, bsz=64, num_updates=4790, lr=3.96227e-05, gnorm=7.634, clip=100, loss_scale=64, train_wall=41, gb_free=7.4, wall=27626
2023-04-02 08:28:33 - progress_bar.py[line:272] - INFO: epoch 003:   1053 / 1878 loss=3.537, loss_v1=0, loss_v2=0, nll_loss=2.414, ntokens=320, nsentences=64, sample_size=320, sample_size_v1=0, sample_size_v2=0, ppl=5.33, wps=78.3, ups=0.24, wpb=320, bsz=64, num_updates=4800, lr=3.95944e-05, gnorm=7.934, clip=100, loss_scale=64, train_wall=41, gb_free=7.4, wall=27667
2023-04-02 08:29:14 - progress_bar.py[line:272] - INFO: epoch 003:   1063 / 1878 loss=3.512, loss_v1=0, loss_v2=0, nll_loss=2.393, ntokens=320, nsentences=64, sample_size=320, sample_size_v1=0, sample_size_v2=0, ppl=5.25, wps=78.5, ups=0.25, wpb=320, bsz=64, num_updates=4810, lr=3.95661e-05, gnorm=6.852, clip=100, loss_scale=64, train_wall=41, gb_free=7.4, wall=27708
2023-04-02 08:29:55 - progress_bar.py[line:272] - INFO: epoch 003:   1073 / 1878 loss=3.511, loss_v1=0, loss_v2=0, nll_loss=2.385, ntokens=320, nsentences=64, sample_size=320, sample_size_v1=0, sample_size_v2=0, ppl=5.22, wps=78.1, ups=0.24, wpb=320, bsz=64, num_updates=4820, lr=3.95378e-05, gnorm=7.088, clip=100, loss_scale=64, train_wall=41, gb_free=7.4, wall=27749
2023-04-02 08:30:36 - progress_bar.py[line:272] - INFO: epoch 003:   1083 / 1878 loss=3.527, loss_v1=0, loss_v2=0, nll_loss=2.403, ntokens=320, nsentences=64, sample_size=320, sample_size_v1=0, sample_size_v2=0, ppl=5.29, wps=77.9, ups=0.24, wpb=320, bsz=64, num_updates=4830, lr=3.95095e-05, gnorm=7.341, clip=100, loss_scale=64, train_wall=41, gb_free=7.4, wall=27790
2023-04-02 08:31:17 - progress_bar.py[line:272] - INFO: epoch 003:   1093 / 1878 loss=3.506, loss_v1=0, loss_v2=0, nll_loss=2.379, ntokens=320, nsentences=64, sample_size=320, sample_size_v1=0, sample_size_v2=0, ppl=5.2, wps=78, ups=0.24, wpb=320, bsz=64, num_updates=4840, lr=3.94811e-05, gnorm=6.903, clip=100, loss_scale=64, train_wall=41, gb_free=7.4, wall=27831
2023-04-02 08:31:58 - progress_bar.py[line:272] - INFO: epoch 003:   1103 / 1878 loss=3.573, loss_v1=0, loss_v2=0, nll_loss=2.456, ntokens=320, nsentences=64, sample_size=320, sample_size_v1=0, sample_size_v2=0, ppl=5.49, wps=77.8, ups=0.24, wpb=320, bsz=64, num_updates=4850, lr=3.94528e-05, gnorm=6.747, clip=100, loss_scale=64, train_wall=41, gb_free=7.4, wall=27872
2023-04-02 08:32:39 - progress_bar.py[line:272] - INFO: epoch 003:   1113 / 1878 loss=3.554, loss_v1=0, loss_v2=0, nll_loss=2.437, ntokens=320, nsentences=64, sample_size=320, sample_size_v1=0, sample_size_v2=0, ppl=5.42, wps=78.6, ups=0.25, wpb=320, bsz=64, num_updates=4860, lr=3.94245e-05, gnorm=6.741, clip=100, loss_scale=64, train_wall=40, gb_free=7.4, wall=27913
2023-04-02 08:33:20 - progress_bar.py[line:272] - INFO: epoch 003:   1123 / 1878 loss=3.478, loss_v1=0, loss_v2=0, nll_loss=2.349, ntokens=320, nsentences=64, sample_size=320, sample_size_v1=0, sample_size_v2=0, ppl=5.09, wps=78.5, ups=0.25, wpb=320, bsz=64, num_updates=4870, lr=3.93962e-05, gnorm=7.118, clip=100, loss_scale=64, train_wall=40, gb_free=7.4, wall=27954
2023-04-02 08:34:01 - progress_bar.py[line:272] - INFO: epoch 003:   1133 / 1878 loss=3.512, loss_v1=0, loss_v2=0, nll_loss=2.388, ntokens=320, nsentences=64, sample_size=320, sample_size_v1=0, sample_size_v2=0, ppl=5.24, wps=78.3, ups=0.24, wpb=320, bsz=64, num_updates=4880, lr=3.93678e-05, gnorm=7.496, clip=100, loss_scale=64, train_wall=41, gb_free=7.4, wall=27994
2023-04-02 08:34:41 - progress_bar.py[line:272] - INFO: epoch 003:   1143 / 1878 loss=3.553, loss_v1=0, loss_v2=0, nll_loss=2.436, ntokens=320, nsentences=64, sample_size=320, sample_size_v1=0, sample_size_v2=0, ppl=5.41, wps=78.5, ups=0.25, wpb=320, bsz=64, num_updates=4890, lr=3.93395e-05, gnorm=8.381, clip=100, loss_scale=64, train_wall=41, gb_free=7.4, wall=28035
2023-04-02 08:35:22 - progress_bar.py[line:272] - INFO: epoch 003:   1153 / 1878 loss=3.569, loss_v1=0, loss_v2=0, nll_loss=2.454, ntokens=320, nsentences=64, sample_size=320, sample_size_v1=0, sample_size_v2=0, ppl=5.48, wps=78.5, ups=0.25, wpb=320, bsz=64, num_updates=4900, lr=3.93112e-05, gnorm=6.607, clip=100, loss_scale=64, train_wall=41, gb_free=7.4, wall=28076
2023-04-02 08:36:03 - progress_bar.py[line:272] - INFO: epoch 003:   1163 / 1878 loss=3.515, loss_v1=0, loss_v2=0, nll_loss=2.39, ntokens=320, nsentences=64, sample_size=320, sample_size_v1=0, sample_size_v2=0, ppl=5.24, wps=78, ups=0.24, wpb=320, bsz=64, num_updates=4910, lr=3.92829e-05, gnorm=7.426, clip=100, loss_scale=64, train_wall=41, gb_free=7.4, wall=28117
2023-04-02 08:36:44 - progress_bar.py[line:272] - INFO: epoch 003:   1173 / 1878 loss=3.546, loss_v1=0, loss_v2=0, nll_loss=2.426, ntokens=320, nsentences=64, sample_size=320, sample_size_v1=0, sample_size_v2=0, ppl=5.38, wps=78.3, ups=0.24, wpb=320, bsz=64, num_updates=4920, lr=3.92546e-05, gnorm=7.407, clip=100, loss_scale=64, train_wall=40, gb_free=7.4, wall=28158
2023-04-02 08:37:25 - progress_bar.py[line:272] - INFO: epoch 003:   1183 / 1878 loss=3.554, loss_v1=0, loss_v2=0, nll_loss=2.438, ntokens=320, nsentences=64, sample_size=320, sample_size_v1=0, sample_size_v2=0, ppl=5.42, wps=78.4, ups=0.24, wpb=320, bsz=64, num_updates=4930, lr=3.92262e-05, gnorm=7.652, clip=100, loss_scale=64, train_wall=41, gb_free=7.4, wall=28199
2023-04-02 08:38:06 - progress_bar.py[line:272] - INFO: epoch 003:   1193 / 1878 loss=3.547, loss_v1=0, loss_v2=0, nll_loss=2.429, ntokens=320, nsentences=64, sample_size=320, sample_size_v1=0, sample_size_v2=0, ppl=5.39, wps=78.4, ups=0.24, wpb=320, bsz=64, num_updates=4940, lr=3.91979e-05, gnorm=7.634, clip=100, loss_scale=64, train_wall=41, gb_free=7.4, wall=28240
2023-04-02 08:38:46 - progress_bar.py[line:272] - INFO: epoch 003:   1203 / 1878 loss=3.535, loss_v1=0, loss_v2=0, nll_loss=2.412, ntokens=320, nsentences=64, sample_size=320, sample_size_v1=0, sample_size_v2=0, ppl=5.32, wps=78.6, ups=0.25, wpb=320, bsz=64, num_updates=4950, lr=3.91696e-05, gnorm=7.589, clip=100, loss_scale=64, train_wall=41, gb_free=7.4, wall=28280
2023-04-02 08:39:27 - progress_bar.py[line:272] - INFO: epoch 003:   1213 / 1878 loss=3.528, loss_v1=0, loss_v2=0, nll_loss=2.404, ntokens=320, nsentences=64, sample_size=320, sample_size_v1=0, sample_size_v2=0, ppl=5.29, wps=78.2, ups=0.24, wpb=320, bsz=64, num_updates=4960, lr=3.91413e-05, gnorm=7.572, clip=100, loss_scale=64, train_wall=41, gb_free=7.4, wall=28321
2023-04-02 08:40:08 - progress_bar.py[line:272] - INFO: epoch 003:   1223 / 1878 loss=3.464, loss_v1=0, loss_v2=0, nll_loss=2.339, ntokens=320, nsentences=64, sample_size=320, sample_size_v1=0, sample_size_v2=0, ppl=5.06, wps=78.2, ups=0.24, wpb=320, bsz=64, num_updates=4970, lr=3.91129e-05, gnorm=7.324, clip=100, loss_scale=64, train_wall=41, gb_free=7.4, wall=28362
2023-04-02 08:40:49 - progress_bar.py[line:272] - INFO: epoch 003:   1233 / 1878 loss=3.584, loss_v1=0, loss_v2=0, nll_loss=2.47, ntokens=320, nsentences=64, sample_size=320, sample_size_v1=0, sample_size_v2=0, ppl=5.54, wps=78.4, ups=0.24, wpb=320, bsz=64, num_updates=4980, lr=3.90846e-05, gnorm=7.494, clip=100, loss_scale=64, train_wall=41, gb_free=7.4, wall=28403
2023-04-02 08:41:30 - progress_bar.py[line:272] - INFO: epoch 003:   1243 / 1878 loss=3.488, loss_v1=0, loss_v2=0, nll_loss=2.361, ntokens=320, nsentences=64, sample_size=320, sample_size_v1=0, sample_size_v2=0, ppl=5.14, wps=78.5, ups=0.25, wpb=320, bsz=64, num_updates=4990, lr=3.90563e-05, gnorm=7.193, clip=100, loss_scale=64, train_wall=41, gb_free=7.4, wall=28444
2023-04-02 08:42:11 - progress_bar.py[line:272] - INFO: epoch 003:   1253 / 1878 loss=3.525, loss_v1=0, loss_v2=0, nll_loss=2.401, ntokens=320, nsentences=64, sample_size=320, sample_size_v1=0, sample_size_v2=0, ppl=5.28, wps=78.6, ups=0.25, wpb=320, bsz=64, num_updates=5000, lr=3.9028e-05, gnorm=7.246, clip=100, loss_scale=64, train_wall=41, gb_free=7.4, wall=28484
2023-04-02 08:42:11 - train.py[line:445] - INFO: begin validation on "valid" subset
slice_id 0 seek offset 0
slice_id 1 seek offset 5379
slice_id 0 seek offset 0
slice_id 1 seek offset 5379
2023-04-02 08:53:29 - progress_bar.py[line:282] - INFO: epoch 003 | valid on 'valid' subset | loss 4.377 | loss_v1 0 | loss_v2 0 | nll_loss 3.339 | ntokens 39.993 | nsentences 7.999 | sample_size 39.993 | sample_size_v1 0 | sample_size_v2 0 | ppl 10.12 | score 0.8015 | wps 79.4 | wpb 40 | bsz 8 | num_updates 5000 | best_score 0.8015
2023-04-02 08:53:29 - checkpoint_utils.py[line:64] - INFO: Preparing to save checkpoint for epoch 3 @ 5000 updates
2023-04-02 08:53:29 - trainer.py[line:431] - INFO: Saving checkpoint to ./refcocoplus_scratch_checkpoints/10_5e-5_512/checkpoint_3_5000.pt
2023-04-02 08:53:49 - trainer.py[line:441] - INFO: Finished saving checkpoint to ./refcocoplus_scratch_checkpoints/10_5e-5_512/checkpoint_3_5000.pt
2023-04-02 08:54:17 - checkpoint_utils.py[line:133] - INFO: Saved checkpoint ./refcocoplus_scratch_checkpoints/10_5e-5_512/checkpoint_3_5000.pt (epoch 3 @ 5000 updates, score 0.8015) (writing took 48.706522149033844 seconds)
2023-04-02 08:54:58 - progress_bar.py[line:272] - INFO: epoch 003:   1263 / 1878 loss=3.523, loss_v1=0, loss_v2=0, nll_loss=2.405, ntokens=320, nsentences=64, sample_size=320, sample_size_v1=0, sample_size_v2=0, ppl=5.3, wps=4.2, ups=0.01, wpb=320, bsz=64, num_updates=5010, lr=3.89997e-05, gnorm=7.398, clip=100, loss_scale=64, train_wall=40, gb_free=7.4, wall=29251
2023-04-02 08:55:38 - progress_bar.py[line:272] - INFO: epoch 003:   1273 / 1878 loss=3.497, loss_v1=0, loss_v2=0, nll_loss=2.371, ntokens=320, nsentences=64, sample_size=320, sample_size_v1=0, sample_size_v2=0, ppl=5.17, wps=78.3, ups=0.24, wpb=320, bsz=64, num_updates=5020, lr=3.89713e-05, gnorm=6.948, clip=100, loss_scale=64, train_wall=41, gb_free=7.4, wall=29292
2023-04-02 08:56:19 - progress_bar.py[line:272] - INFO: epoch 003:   1283 / 1878 loss=3.475, loss_v1=0, loss_v2=0, nll_loss=2.346, ntokens=320, nsentences=64, sample_size=320, sample_size_v1=0, sample_size_v2=0, ppl=5.08, wps=78.8, ups=0.25, wpb=320, bsz=64, num_updates=5030, lr=3.8943e-05, gnorm=7.535, clip=100, loss_scale=64, train_wall=40, gb_free=7.4, wall=29333
2023-04-02 08:57:00 - progress_bar.py[line:272] - INFO: epoch 003:   1293 / 1878 loss=3.502, loss_v1=0, loss_v2=0, nll_loss=2.379, ntokens=320, nsentences=64, sample_size=320, sample_size_v1=0, sample_size_v2=0, ppl=5.2, wps=78.4, ups=0.24, wpb=320, bsz=64, num_updates=5040, lr=3.89147e-05, gnorm=7.586, clip=100, loss_scale=64, train_wall=41, gb_free=7.4, wall=29374
2023-04-02 08:57:41 - progress_bar.py[line:272] - INFO: epoch 003:   1303 / 1878 loss=3.546, loss_v1=0, loss_v2=0, nll_loss=2.427, ntokens=320, nsentences=64, sample_size=320, sample_size_v1=0, sample_size_v2=0, ppl=5.38, wps=78.6, ups=0.25, wpb=320, bsz=64, num_updates=5050, lr=3.88864e-05, gnorm=6.533, clip=100, loss_scale=64, train_wall=41, gb_free=7.4, wall=29415
2023-04-02 08:58:22 - progress_bar.py[line:272] - INFO: epoch 003:   1313 / 1878 loss=3.579, loss_v1=0, loss_v2=0, nll_loss=2.465, ntokens=320, nsentences=64, sample_size=320, sample_size_v1=0, sample_size_v2=0, ppl=5.52, wps=78, ups=0.24, wpb=320, bsz=64, num_updates=5060, lr=3.8858e-05, gnorm=7.62, clip=100, loss_scale=64, train_wall=41, gb_free=7.4, wall=29456
2023-04-02 08:59:03 - progress_bar.py[line:272] - INFO: epoch 003:   1323 / 1878 loss=3.498, loss_v1=0, loss_v2=0, nll_loss=2.373, ntokens=320, nsentences=64, sample_size=320, sample_size_v1=0, sample_size_v2=0, ppl=5.18, wps=78.1, ups=0.24, wpb=320, bsz=64, num_updates=5070, lr=3.88297e-05, gnorm=6.79, clip=100, loss_scale=64, train_wall=41, gb_free=7.4, wall=29497
2023-04-02 08:59:43 - progress_bar.py[line:272] - INFO: epoch 003:   1333 / 1878 loss=3.502, loss_v1=0, loss_v2=0, nll_loss=2.373, ntokens=320, nsentences=64, sample_size=320, sample_size_v1=0, sample_size_v2=0, ppl=5.18, wps=78.7, ups=0.25, wpb=320, bsz=64, num_updates=5080, lr=3.88014e-05, gnorm=7.137, clip=100, loss_scale=64, train_wall=40, gb_free=7.4, wall=29537
2023-04-02 09:00:24 - progress_bar.py[line:272] - INFO: epoch 003:   1343 / 1878 loss=3.496, loss_v1=0, loss_v2=0, nll_loss=2.373, ntokens=320, nsentences=64, sample_size=320, sample_size_v1=0, sample_size_v2=0, ppl=5.18, wps=78.4, ups=0.24, wpb=320, bsz=64, num_updates=5090, lr=3.87731e-05, gnorm=7.284, clip=100, loss_scale=64, train_wall=41, gb_free=7.4, wall=29578
2023-04-02 09:01:05 - progress_bar.py[line:272] - INFO: epoch 003:   1353 / 1878 loss=3.532, loss_v1=0, loss_v2=0, nll_loss=2.413, ntokens=320, nsentences=64, sample_size=320, sample_size_v1=0, sample_size_v2=0, ppl=5.32, wps=78.4, ups=0.24, wpb=320, bsz=64, num_updates=5100, lr=3.87448e-05, gnorm=7.329, clip=100, loss_scale=64, train_wall=41, gb_free=7.4, wall=29619
2023-04-02 09:01:46 - progress_bar.py[line:272] - INFO: epoch 003:   1363 / 1878 loss=3.52, loss_v1=0, loss_v2=0, nll_loss=2.394, ntokens=320, nsentences=64, sample_size=320, sample_size_v1=0, sample_size_v2=0, ppl=5.26, wps=78.6, ups=0.25, wpb=320, bsz=64, num_updates=5110, lr=3.87164e-05, gnorm=7.6, clip=100, loss_scale=64, train_wall=40, gb_free=7.4, wall=29660
2023-04-02 09:02:27 - progress_bar.py[line:272] - INFO: epoch 003:   1373 / 1878 loss=3.564, loss_v1=0, loss_v2=0, nll_loss=2.453, ntokens=320, nsentences=64, sample_size=320, sample_size_v1=0, sample_size_v2=0, ppl=5.48, wps=77.8, ups=0.24, wpb=320, bsz=64, num_updates=5120, lr=3.86881e-05, gnorm=7.775, clip=100, loss_scale=64, train_wall=41, gb_free=7.4, wall=29701
2023-04-02 09:03:08 - progress_bar.py[line:272] - INFO: epoch 003:   1383 / 1878 loss=3.526, loss_v1=0, loss_v2=0, nll_loss=2.405, ntokens=320, nsentences=64, sample_size=320, sample_size_v1=0, sample_size_v2=0, ppl=5.3, wps=78.4, ups=0.25, wpb=320, bsz=64, num_updates=5130, lr=3.86598e-05, gnorm=7.1, clip=100, loss_scale=64, train_wall=41, gb_free=7.4, wall=29742
2023-04-02 09:03:49 - progress_bar.py[line:272] - INFO: epoch 003:   1393 / 1878 loss=3.458, loss_v1=0, loss_v2=0, nll_loss=2.328, ntokens=320, nsentences=64, sample_size=320, sample_size_v1=0, sample_size_v2=0, ppl=5.02, wps=78, ups=0.24, wpb=320, bsz=64, num_updates=5140, lr=3.86315e-05, gnorm=7.227, clip=100, loss_scale=64, train_wall=41, gb_free=7.4, wall=29783
2023-04-02 09:04:30 - progress_bar.py[line:272] - INFO: epoch 003:   1403 / 1878 loss=3.493, loss_v1=0, loss_v2=0, nll_loss=2.367, ntokens=320, nsentences=64, sample_size=320, sample_size_v1=0, sample_size_v2=0, ppl=5.16, wps=78, ups=0.24, wpb=320, bsz=64, num_updates=5150, lr=3.86031e-05, gnorm=7.436, clip=100, loss_scale=64, train_wall=41, gb_free=7.4, wall=29824
2023-04-02 09:05:10 - progress_bar.py[line:272] - INFO: epoch 003:   1413 / 1878 loss=3.491, loss_v1=0, loss_v2=0, nll_loss=2.364, ntokens=320, nsentences=64, sample_size=320, sample_size_v1=0, sample_size_v2=0, ppl=5.15, wps=78.4, ups=0.25, wpb=320, bsz=64, num_updates=5160, lr=3.85748e-05, gnorm=7.415, clip=100, loss_scale=64, train_wall=41, gb_free=7.4, wall=29864
2023-04-02 09:05:51 - progress_bar.py[line:272] - INFO: epoch 003:   1423 / 1878 loss=3.544, loss_v1=0, loss_v2=0, nll_loss=2.424, ntokens=320, nsentences=64, sample_size=320, sample_size_v1=0, sample_size_v2=0, ppl=5.37, wps=78.2, ups=0.24, wpb=320, bsz=64, num_updates=5170, lr=3.85465e-05, gnorm=7.653, clip=100, loss_scale=64, train_wall=41, gb_free=7.4, wall=29905
2023-04-02 09:06:32 - progress_bar.py[line:272] - INFO: epoch 003:   1433 / 1878 loss=3.506, loss_v1=0, loss_v2=0, nll_loss=2.384, ntokens=320, nsentences=64, sample_size=320, sample_size_v1=0, sample_size_v2=0, ppl=5.22, wps=77.9, ups=0.24, wpb=320, bsz=64, num_updates=5180, lr=3.85182e-05, gnorm=6.476, clip=100, loss_scale=64, train_wall=41, gb_free=7.4, wall=29946
2023-04-02 09:07:13 - progress_bar.py[line:272] - INFO: epoch 003:   1443 / 1878 loss=3.485, loss_v1=0, loss_v2=0, nll_loss=2.356, ntokens=320, nsentences=64, sample_size=320, sample_size_v1=0, sample_size_v2=0, ppl=5.12, wps=78.2, ups=0.24, wpb=320, bsz=64, num_updates=5190, lr=3.84899e-05, gnorm=7.232, clip=100, loss_scale=64, train_wall=41, gb_free=7.4, wall=29987
2023-04-02 09:07:54 - progress_bar.py[line:272] - INFO: epoch 003:   1453 / 1878 loss=3.529, loss_v1=0, loss_v2=0, nll_loss=2.406, ntokens=320, nsentences=64, sample_size=320, sample_size_v1=0, sample_size_v2=0, ppl=5.3, wps=78.3, ups=0.24, wpb=320, bsz=64, num_updates=5200, lr=3.84615e-05, gnorm=7.379, clip=100, loss_scale=64, train_wall=41, gb_free=7.4, wall=30028
2023-04-02 09:08:35 - progress_bar.py[line:272] - INFO: epoch 003:   1463 / 1878 loss=3.522, loss_v1=0, loss_v2=0, nll_loss=2.403, ntokens=320, nsentences=64, sample_size=320, sample_size_v1=0, sample_size_v2=0, ppl=5.29, wps=77.6, ups=0.24, wpb=320, bsz=64, num_updates=5210, lr=3.84332e-05, gnorm=7.592, clip=100, loss_scale=64, train_wall=41, gb_free=7.4, wall=30069
2023-04-02 09:09:16 - progress_bar.py[line:272] - INFO: epoch 003:   1473 / 1878 loss=3.488, loss_v1=0, loss_v2=0, nll_loss=2.361, ntokens=320, nsentences=64, sample_size=320, sample_size_v1=0, sample_size_v2=0, ppl=5.14, wps=78.1, ups=0.24, wpb=320, bsz=64, num_updates=5220, lr=3.84049e-05, gnorm=7.171, clip=100, loss_scale=64, train_wall=41, gb_free=7.4, wall=30110
2023-04-02 09:09:57 - progress_bar.py[line:272] - INFO: epoch 003:   1483 / 1878 loss=3.494, loss_v1=0, loss_v2=0, nll_loss=2.367, ntokens=320, nsentences=64, sample_size=320, sample_size_v1=0, sample_size_v2=0, ppl=5.16, wps=78.5, ups=0.25, wpb=320, bsz=64, num_updates=5230, lr=3.83766e-05, gnorm=7.158, clip=100, loss_scale=128, train_wall=40, gb_free=7.4, wall=30151
2023-04-02 09:10:38 - progress_bar.py[line:272] - INFO: epoch 003:   1493 / 1878 loss=3.512, loss_v1=0, loss_v2=0, nll_loss=2.391, ntokens=320, nsentences=64, sample_size=320, sample_size_v1=0, sample_size_v2=0, ppl=5.25, wps=78.7, ups=0.25, wpb=320, bsz=64, num_updates=5240, lr=3.83482e-05, gnorm=8.108, clip=100, loss_scale=128, train_wall=40, gb_free=7.4, wall=30192
2023-04-02 09:11:18 - progress_bar.py[line:272] - INFO: epoch 003:   1503 / 1878 loss=3.476, loss_v1=0, loss_v2=0, nll_loss=2.348, ntokens=320, nsentences=64, sample_size=320, sample_size_v1=0, sample_size_v2=0, ppl=5.09, wps=78.7, ups=0.25, wpb=320, bsz=64, num_updates=5250, lr=3.83199e-05, gnorm=8.304, clip=100, loss_scale=128, train_wall=40, gb_free=7.4, wall=30232
2023-04-02 09:11:59 - progress_bar.py[line:272] - INFO: epoch 003:   1513 / 1878 loss=3.468, loss_v1=0, loss_v2=0, nll_loss=2.337, ntokens=320, nsentences=64, sample_size=320, sample_size_v1=0, sample_size_v2=0, ppl=5.05, wps=78.1, ups=0.24, wpb=320, bsz=64, num_updates=5260, lr=3.82916e-05, gnorm=7.883, clip=100, loss_scale=128, train_wall=41, gb_free=7.4, wall=30273
2023-04-02 09:12:40 - progress_bar.py[line:272] - INFO: epoch 003:   1523 / 1878 loss=3.481, loss_v1=0, loss_v2=0, nll_loss=2.353, ntokens=320, nsentences=64, sample_size=320, sample_size_v1=0, sample_size_v2=0, ppl=5.11, wps=78.2, ups=0.24, wpb=320, bsz=64, num_updates=5270, lr=3.82633e-05, gnorm=7.213, clip=100, loss_scale=128, train_wall=41, gb_free=7.4, wall=30314
2023-04-02 09:13:21 - progress_bar.py[line:272] - INFO: epoch 003:   1533 / 1878 loss=3.472, loss_v1=0, loss_v2=0, nll_loss=2.344, ntokens=320, nsentences=64, sample_size=320, sample_size_v1=0, sample_size_v2=0, ppl=5.08, wps=78.3, ups=0.24, wpb=320, bsz=64, num_updates=5280, lr=3.8235e-05, gnorm=7.555, clip=100, loss_scale=128, train_wall=41, gb_free=7.4, wall=30355
2023-04-02 09:14:02 - progress_bar.py[line:272] - INFO: epoch 003:   1543 / 1878 loss=3.483, loss_v1=0, loss_v2=0, nll_loss=2.351, ntokens=320, nsentences=64, sample_size=320, sample_size_v1=0, sample_size_v2=0, ppl=5.1, wps=78, ups=0.24, wpb=320, bsz=64, num_updates=5290, lr=3.82066e-05, gnorm=7.44, clip=100, loss_scale=128, train_wall=41, gb_free=7.4, wall=30396
2023-04-02 09:14:43 - progress_bar.py[line:272] - INFO: epoch 003:   1553 / 1878 loss=3.475, loss_v1=0, loss_v2=0, nll_loss=2.346, ntokens=320, nsentences=64, sample_size=320, sample_size_v1=0, sample_size_v2=0, ppl=5.08, wps=78.7, ups=0.25, wpb=320, bsz=64, num_updates=5300, lr=3.81783e-05, gnorm=7.056, clip=100, loss_scale=128, train_wall=40, gb_free=7.4, wall=30437
2023-04-02 09:15:24 - progress_bar.py[line:272] - INFO: epoch 003:   1563 / 1878 loss=3.475, loss_v1=0, loss_v2=0, nll_loss=2.35, ntokens=320, nsentences=64, sample_size=320, sample_size_v1=0, sample_size_v2=0, ppl=5.1, wps=78.5, ups=0.25, wpb=320, bsz=64, num_updates=5310, lr=3.815e-05, gnorm=6.591, clip=100, loss_scale=128, train_wall=40, gb_free=7.4, wall=30478
2023-04-02 09:16:05 - progress_bar.py[line:272] - INFO: epoch 003:   1573 / 1878 loss=3.438, loss_v1=0, loss_v2=0, nll_loss=2.304, ntokens=320, nsentences=64, sample_size=320, sample_size_v1=0, sample_size_v2=0, ppl=4.94, wps=78.1, ups=0.24, wpb=320, bsz=64, num_updates=5320, lr=3.81217e-05, gnorm=6.866, clip=100, loss_scale=128, train_wall=41, gb_free=7.4, wall=30519
2023-04-02 09:16:46 - progress_bar.py[line:272] - INFO: epoch 003:   1583 / 1878 loss=3.492, loss_v1=0, loss_v2=0, nll_loss=2.359, ntokens=320, nsentences=64, sample_size=320, sample_size_v1=0, sample_size_v2=0, ppl=5.13, wps=77.9, ups=0.24, wpb=320, bsz=64, num_updates=5330, lr=3.80933e-05, gnorm=8.164, clip=100, loss_scale=128, train_wall=41, gb_free=7.4, wall=30560
2023-04-02 09:17:27 - progress_bar.py[line:272] - INFO: epoch 003:   1593 / 1878 loss=3.517, loss_v1=0, loss_v2=0, nll_loss=2.399, ntokens=320, nsentences=64, sample_size=320, sample_size_v1=0, sample_size_v2=0, ppl=5.27, wps=78.2, ups=0.24, wpb=320, bsz=64, num_updates=5340, lr=3.8065e-05, gnorm=7.738, clip=100, loss_scale=128, train_wall=41, gb_free=7.4, wall=30601
2023-04-02 09:18:08 - progress_bar.py[line:272] - INFO: epoch 003:   1603 / 1878 loss=3.463, loss_v1=0, loss_v2=0, nll_loss=2.331, ntokens=320, nsentences=64, sample_size=320, sample_size_v1=0, sample_size_v2=0, ppl=5.03, wps=78.1, ups=0.24, wpb=320, bsz=64, num_updates=5350, lr=3.80367e-05, gnorm=6.567, clip=100, loss_scale=128, train_wall=41, gb_free=7.4, wall=30642
2023-04-02 09:18:48 - progress_bar.py[line:272] - INFO: epoch 003:   1613 / 1878 loss=3.482, loss_v1=0, loss_v2=0, nll_loss=2.351, ntokens=320, nsentences=64, sample_size=320, sample_size_v1=0, sample_size_v2=0, ppl=5.1, wps=78.4, ups=0.24, wpb=320, bsz=64, num_updates=5360, lr=3.80084e-05, gnorm=7.742, clip=100, loss_scale=128, train_wall=40, gb_free=7.4, wall=30682
2023-04-02 09:19:29 - trainer.py[line:921] - INFO: NOTE: gradient overflow detected, ignoring gradient, setting loss scale to: 64.0
2023-04-02 09:19:33 - progress_bar.py[line:272] - INFO: epoch 003:   1624 / 1878 loss=3.498, loss_v1=0, loss_v2=0, nll_loss=2.375, ntokens=320, nsentences=64, sample_size=320, sample_size_v1=0, sample_size_v2=0, ppl=5.19, wps=71.1, ups=0.22, wpb=320, bsz=64, num_updates=5370, lr=3.79801e-05, gnorm=7.565, clip=100, loss_scale=64, train_wall=45, gb_free=7.4, wall=30727
2023-04-02 09:20:14 - progress_bar.py[line:272] - INFO: epoch 003:   1634 / 1878 loss=3.517, loss_v1=0, loss_v2=0, nll_loss=2.393, ntokens=320, nsentences=64, sample_size=320, sample_size_v1=0, sample_size_v2=0, ppl=5.25, wps=78.5, ups=0.25, wpb=320, bsz=64, num_updates=5380, lr=3.79517e-05, gnorm=7.154, clip=100, loss_scale=64, train_wall=41, gb_free=7.4, wall=30768
2023-04-02 09:20:55 - progress_bar.py[line:272] - INFO: epoch 003:   1644 / 1878 loss=3.473, loss_v1=0, loss_v2=0, nll_loss=2.349, ntokens=320, nsentences=64, sample_size=320, sample_size_v1=0, sample_size_v2=0, ppl=5.09, wps=78.4, ups=0.25, wpb=320, bsz=64, num_updates=5390, lr=3.79234e-05, gnorm=7.181, clip=100, loss_scale=64, train_wall=41, gb_free=7.4, wall=30809
2023-04-02 09:21:36 - progress_bar.py[line:272] - INFO: epoch 003:   1654 / 1878 loss=3.426, loss_v1=0, loss_v2=0, nll_loss=2.29, ntokens=320, nsentences=64, sample_size=320, sample_size_v1=0, sample_size_v2=0, ppl=4.89, wps=77.6, ups=0.24, wpb=320, bsz=64, num_updates=5400, lr=3.78951e-05, gnorm=7.137, clip=100, loss_scale=64, train_wall=41, gb_free=7.4, wall=30850
2023-04-02 09:22:17 - progress_bar.py[line:272] - INFO: epoch 003:   1664 / 1878 loss=3.487, loss_v1=0, loss_v2=0, nll_loss=2.357, ntokens=320, nsentences=64, sample_size=320, sample_size_v1=0, sample_size_v2=0, ppl=5.12, wps=77.9, ups=0.24, wpb=320, bsz=64, num_updates=5410, lr=3.78668e-05, gnorm=7.934, clip=100, loss_scale=64, train_wall=41, gb_free=7.4, wall=30891
2023-04-02 09:22:58 - progress_bar.py[line:272] - INFO: epoch 003:   1674 / 1878 loss=3.465, loss_v1=0, loss_v2=0, nll_loss=2.338, ntokens=320, nsentences=64, sample_size=320, sample_size_v1=0, sample_size_v2=0, ppl=5.05, wps=77.8, ups=0.24, wpb=320, bsz=64, num_updates=5420, lr=3.78385e-05, gnorm=6.507, clip=100, loss_scale=64, train_wall=41, gb_free=7.4, wall=30932
2023-04-02 09:23:39 - progress_bar.py[line:272] - INFO: epoch 003:   1684 / 1878 loss=3.451, loss_v1=0, loss_v2=0, nll_loss=2.314, ntokens=320, nsentences=64, sample_size=320, sample_size_v1=0, sample_size_v2=0, ppl=4.97, wps=78.1, ups=0.24, wpb=320, bsz=64, num_updates=5430, lr=3.78101e-05, gnorm=6.877, clip=100, loss_scale=64, train_wall=41, gb_free=7.4, wall=30973
2023-04-02 09:24:21 - progress_bar.py[line:272] - INFO: epoch 003:   1694 / 1878 loss=3.429, loss_v1=0, loss_v2=0, nll_loss=2.292, ntokens=320, nsentences=64, sample_size=320, sample_size_v1=0, sample_size_v2=0, ppl=4.9, wps=77.8, ups=0.24, wpb=320, bsz=64, num_updates=5440, lr=3.77818e-05, gnorm=7.107, clip=100, loss_scale=64, train_wall=41, gb_free=7.4, wall=31014
2023-04-02 09:25:01 - progress_bar.py[line:272] - INFO: epoch 003:   1704 / 1878 loss=3.508, loss_v1=0, loss_v2=0, nll_loss=2.385, ntokens=320, nsentences=64, sample_size=320, sample_size_v1=0, sample_size_v2=0, ppl=5.22, wps=78.1, ups=0.24, wpb=320, bsz=64, num_updates=5450, lr=3.77535e-05, gnorm=7.101, clip=100, loss_scale=64, train_wall=41, gb_free=7.4, wall=31055
2023-04-02 09:25:42 - progress_bar.py[line:272] - INFO: epoch 003:   1714 / 1878 loss=3.426, loss_v1=0, loss_v2=0, nll_loss=2.289, ntokens=320, nsentences=64, sample_size=320, sample_size_v1=0, sample_size_v2=0, ppl=4.89, wps=78.1, ups=0.24, wpb=320, bsz=64, num_updates=5460, lr=3.77252e-05, gnorm=7.24, clip=100, loss_scale=64, train_wall=41, gb_free=7.4, wall=31096
2023-04-02 09:26:23 - progress_bar.py[line:272] - INFO: epoch 003:   1724 / 1878 loss=3.439, loss_v1=0, loss_v2=0, nll_loss=2.306, ntokens=320, nsentences=64, sample_size=320, sample_size_v1=0, sample_size_v2=0, ppl=4.95, wps=78.1, ups=0.24, wpb=320, bsz=64, num_updates=5470, lr=3.76968e-05, gnorm=7.507, clip=100, loss_scale=64, train_wall=41, gb_free=7.4, wall=31137
2023-04-02 09:27:04 - progress_bar.py[line:272] - INFO: epoch 003:   1734 / 1878 loss=3.388, loss_v1=0, loss_v2=0, nll_loss=2.245, ntokens=320, nsentences=64, sample_size=320, sample_size_v1=0, sample_size_v2=0, ppl=4.74, wps=78.4, ups=0.24, wpb=320, bsz=64, num_updates=5480, lr=3.76685e-05, gnorm=7.176, clip=100, loss_scale=64, train_wall=41, gb_free=7.5, wall=31178
2023-04-02 09:27:45 - progress_bar.py[line:272] - INFO: epoch 003:   1744 / 1878 loss=3.451, loss_v1=0, loss_v2=0, nll_loss=2.318, ntokens=320, nsentences=64, sample_size=320, sample_size_v1=0, sample_size_v2=0, ppl=4.99, wps=78, ups=0.24, wpb=320, bsz=64, num_updates=5490, lr=3.76402e-05, gnorm=8.113, clip=100, loss_scale=64, train_wall=41, gb_free=7.4, wall=31219
slice_id 1 seek offset 5379
2023-04-02 09:28:26 - progress_bar.py[line:272] - INFO: epoch 003:   1754 / 1878 loss=3.424, loss_v1=0, loss_v2=0, nll_loss=2.296, ntokens=320, nsentences=64, sample_size=320, sample_size_v1=0, sample_size_v2=0, ppl=4.91, wps=77.8, ups=0.24, wpb=320, bsz=64, num_updates=5500, lr=3.76119e-05, gnorm=7.178, clip=100, loss_scale=64, train_wall=41, gb_free=7.4, wall=31260
2023-04-02 09:28:26 - train.py[line:445] - INFO: begin validation on "valid" subset
slice_id 0 seek offset 0
slice_id 1 seek offset 5379
slice_id 0 seek offset 0
2023-04-02 09:39:45 - progress_bar.py[line:282] - INFO: epoch 003 | valid on 'valid' subset | loss 4.418 | loss_v1 0 | loss_v2 0 | nll_loss 3.383 | ntokens 39.993 | nsentences 7.999 | sample_size 39.993 | sample_size_v1 0 | sample_size_v2 0 | ppl 10.44 | score 0.8103 | wps 79.3 | wpb 40 | bsz 8 | num_updates 5500 | best_score 0.8103
2023-04-02 09:39:45 - checkpoint_utils.py[line:64] - INFO: Preparing to save checkpoint for epoch 3 @ 5500 updates
2023-04-02 09:39:45 - trainer.py[line:431] - INFO: Saving checkpoint to ./refcocoplus_scratch_checkpoints/10_5e-5_512/checkpoint_3_5500.pt
2023-04-02 09:40:04 - trainer.py[line:441] - INFO: Finished saving checkpoint to ./refcocoplus_scratch_checkpoints/10_5e-5_512/checkpoint_3_5500.pt
2023-04-02 09:40:34 - checkpoint_utils.py[line:133] - INFO: Saved checkpoint ./refcocoplus_scratch_checkpoints/10_5e-5_512/checkpoint_3_5500.pt (epoch 3 @ 5500 updates, score 0.8103) (writing took 49.66914567351341 seconds)
2023-04-02 09:41:15 - progress_bar.py[line:272] - INFO: epoch 003:   1764 / 1878 loss=3.429, loss_v1=0, loss_v2=0, nll_loss=2.292, ntokens=320, nsentences=64, sample_size=320, sample_size_v1=0, sample_size_v2=0, ppl=4.9, wps=4.2, ups=0.01, wpb=320, bsz=64, num_updates=5510, lr=3.75836e-05, gnorm=7.15, clip=100, loss_scale=64, train_wall=40, gb_free=7.4, wall=32029
2023-04-02 09:41:56 - progress_bar.py[line:272] - INFO: epoch 003:   1774 / 1878 loss=3.46, loss_v1=0, loss_v2=0, nll_loss=2.328, ntokens=320, nsentences=64, sample_size=320, sample_size_v1=0, sample_size_v2=0, ppl=5.02, wps=78.1, ups=0.24, wpb=320, bsz=64, num_updates=5520, lr=3.75552e-05, gnorm=7.459, clip=100, loss_scale=64, train_wall=41, gb_free=7.4, wall=32070
2023-04-02 09:42:37 - progress_bar.py[line:272] - INFO: epoch 003:   1784 / 1878 loss=3.479, loss_v1=0, loss_v2=0, nll_loss=2.35, ntokens=320, nsentences=64, sample_size=320, sample_size_v1=0, sample_size_v2=0, ppl=5.1, wps=78, ups=0.24, wpb=320, bsz=64, num_updates=5530, lr=3.75269e-05, gnorm=8.147, clip=100, loss_scale=64, train_wall=41, gb_free=7.4, wall=32111
2023-04-02 09:43:18 - progress_bar.py[line:272] - INFO: epoch 003:   1794 / 1878 loss=3.451, loss_v1=0, loss_v2=0, nll_loss=2.322, ntokens=320, nsentences=64, sample_size=320, sample_size_v1=0, sample_size_v2=0, ppl=5, wps=78, ups=0.24, wpb=320, bsz=64, num_updates=5540, lr=3.74986e-05, gnorm=6.958, clip=100, loss_scale=64, train_wall=41, gb_free=7.4, wall=32152
2023-04-02 09:43:59 - progress_bar.py[line:272] - INFO: epoch 003:   1804 / 1878 loss=3.504, loss_v1=0, loss_v2=0, nll_loss=2.378, ntokens=320, nsentences=64, sample_size=320, sample_size_v1=0, sample_size_v2=0, ppl=5.2, wps=78, ups=0.24, wpb=320, bsz=64, num_updates=5550, lr=3.74703e-05, gnorm=7.902, clip=100, loss_scale=64, train_wall=41, gb_free=7.4, wall=32193
2023-04-02 09:44:40 - progress_bar.py[line:272] - INFO: epoch 003:   1814 / 1878 loss=3.454, loss_v1=0, loss_v2=0, nll_loss=2.323, ntokens=320, nsentences=64, sample_size=320, sample_size_v1=0, sample_size_v2=0, ppl=5, wps=78.2, ups=0.24, wpb=320, bsz=64, num_updates=5560, lr=3.74419e-05, gnorm=6.913, clip=100, loss_scale=64, train_wall=41, gb_free=7.4, wall=32234
2023-04-02 09:45:21 - progress_bar.py[line:272] - INFO: epoch 003:   1824 / 1878 loss=3.417, loss_v1=0, loss_v2=0, nll_loss=2.279, ntokens=320, nsentences=64, sample_size=320, sample_size_v1=0, sample_size_v2=0, ppl=4.85, wps=77.9, ups=0.24, wpb=320, bsz=64, num_updates=5570, lr=3.74136e-05, gnorm=7.34, clip=100, loss_scale=64, train_wall=41, gb_free=7.4, wall=32275
2023-04-02 09:46:02 - progress_bar.py[line:272] - INFO: epoch 003:   1834 / 1878 loss=3.474, loss_v1=0, loss_v2=0, nll_loss=2.347, ntokens=320, nsentences=64, sample_size=320, sample_size_v1=0, sample_size_v2=0, ppl=5.09, wps=78.1, ups=0.24, wpb=320, bsz=64, num_updates=5580, lr=3.73853e-05, gnorm=7.635, clip=100, loss_scale=64, train_wall=41, gb_free=7.4, wall=32316
2023-04-02 09:46:43 - progress_bar.py[line:272] - INFO: epoch 003:   1844 / 1878 loss=3.466, loss_v1=0, loss_v2=0, nll_loss=2.336, ntokens=320, nsentences=64, sample_size=320, sample_size_v1=0, sample_size_v2=0, ppl=5.05, wps=78, ups=0.24, wpb=320, bsz=64, num_updates=5590, lr=3.7357e-05, gnorm=7.36, clip=100, loss_scale=64, train_wall=41, gb_free=7.4, wall=32357
2023-04-02 09:47:24 - progress_bar.py[line:272] - INFO: epoch 003:   1854 / 1878 loss=3.456, loss_v1=0, loss_v2=0, nll_loss=2.324, ntokens=320, nsentences=64, sample_size=320, sample_size_v1=0, sample_size_v2=0, ppl=5.01, wps=78, ups=0.24, wpb=320, bsz=64, num_updates=5600, lr=3.73287e-05, gnorm=7.487, clip=100, loss_scale=64, train_wall=41, gb_free=7.5, wall=32398
2023-04-02 09:48:05 - progress_bar.py[line:272] - INFO: epoch 003:   1864 / 1878 loss=3.479, loss_v1=0, loss_v2=0, nll_loss=2.353, ntokens=320, nsentences=64, sample_size=320, sample_size_v1=0, sample_size_v2=0, ppl=5.11, wps=77.8, ups=0.24, wpb=320, bsz=64, num_updates=5610, lr=3.73003e-05, gnorm=7.732, clip=100, loss_scale=64, train_wall=41, gb_free=7.4, wall=32439
2023-04-02 09:48:46 - progress_bar.py[line:272] - INFO: epoch 003:   1874 / 1878 loss=3.473, loss_v1=0, loss_v2=0, nll_loss=2.344, ntokens=320, nsentences=64, sample_size=320, sample_size_v1=0, sample_size_v2=0, ppl=5.08, wps=78.2, ups=0.24, wpb=320, bsz=64, num_updates=5620, lr=3.7272e-05, gnorm=7.45, clip=100, loss_scale=64, train_wall=41, gb_free=7.5, wall=32480
slice_id 1 seek offset 5379
2023-04-02 09:49:01 - train.py[line:445] - INFO: begin validation on "valid" subset
slice_id 0 seek offset 0
slice_id 1 seek offset 5379
slice_id 0 seek offset 0
local datafile ../../dataset/refcocoplus_data/refcocoplus_train.tsv slice_id 1 begin to initialize row_count and line_idx-to-offset mapping
2023-04-02 10:00:22 - progress_bar.py[line:282] - INFO: epoch 003 | valid on 'valid' subset | loss 4.403 | loss_v1 0 | loss_v2 0 | nll_loss 3.37 | ntokens 39.993 | nsentences 7.999 | sample_size 39.993 | sample_size_v1 0 | sample_size_v2 0 | ppl 10.34 | score 0.8063 | wps 79.1 | wpb 40 | bsz 8 | num_updates 5624 | best_score 0.8103
2023-04-02 10:00:22 - checkpoint_utils.py[line:64] - INFO: Preparing to save checkpoint for epoch 3 @ 5624 updates
2023-04-02 10:00:22 - trainer.py[line:431] - INFO: Saving checkpoint to ./refcocoplus_scratch_checkpoints/10_5e-5_512/checkpoint_last.pt
2023-04-02 10:00:38 - trainer.py[line:441] - INFO: Finished saving checkpoint to ./refcocoplus_scratch_checkpoints/10_5e-5_512/checkpoint_last.pt
2023-04-02 10:00:38 - checkpoint_utils.py[line:133] - INFO: Saved checkpoint ./refcocoplus_scratch_checkpoints/10_5e-5_512/checkpoint_last.pt (epoch 3 @ 5624 updates, score 0.8063) (writing took 16.388957872986794 seconds)
2023-04-02 10:00:38 - train.py[line:332] - INFO: end of epoch 3 (average epoch stats below)
2023-04-02 10:00:38 - progress_bar.py[line:282] - INFO: epoch 003 | loss 3.577 | loss_v1 0 | loss_v2 0 | nll_loss 2.462 | ntokens 319.997 | nsentences 63.999 | sample_size 319.997 | sample_size_v1 0 | sample_size_v2 0 | ppl 5.51 | wps 53.2 | ups 0.17 | wpb 320 | bsz 64 | num_updates 5624 | lr 3.72607e-05 | gnorm 7.181 | clip 100 | loss_scale 64 | train_wall 7631 | gb_free 7.4 | wall 33192
2023-04-02 10:00:38 - trainer.py[line:639] - INFO: loading train data for epoch 4
local datafile ../../dataset/refcocoplus_data/refcocoplus_train.tsv slice_id 0 begin to initialize row_count and line_idx-to-offset mapping
local datafile ../../dataset/refcocoplus_data/refcocoplus_train.tsv slice_id 1 finished initializing row_count and line_idx-to-offset mapping
file ../../dataset/refcocoplus_data/refcocoplus_train.tsv slice_id 1 row count 60095 total row count 120191
slice_id 1 seek offset 60096
local datafile ../../dataset/refcocoplus_data/refcocoplus_train.tsv slice_id 0 finished initializing row_count and line_idx-to-offset mapping
file ../../dataset/refcocoplus_data/refcocoplus_train.tsv slice_id 0 row count 60096 total row count 120191
slice_id 0 seek offset 0
2023-04-02 10:00:54 - trainer.py[line:703] - INFO: begin training epoch 4
2023-04-02 10:00:54 - train.py[line:305] - INFO: Start iterating over samples
2023-04-02 10:01:19 - progress_bar.py[line:272] - INFO: epoch 004:      6 / 1878 loss=3.479, loss_v1=0, loss_v2=0, nll_loss=2.35, ntokens=320, nsentences=64, sample_size=320, sample_size_v1=0, sample_size_v2=0, ppl=5.1, wps=4.2, ups=0.01, wpb=320, bsz=64, num_updates=5630, lr=3.72437e-05, gnorm=8.304, clip=100, loss_scale=64, train_wall=39, gb_free=7.4, wall=33233
2023-04-02 10:02:00 - progress_bar.py[line:272] - INFO: epoch 004:     16 / 1878 loss=3.478, loss_v1=0, loss_v2=0, nll_loss=2.356, ntokens=320, nsentences=64, sample_size=320, sample_size_v1=0, sample_size_v2=0, ppl=5.12, wps=78.2, ups=0.24, wpb=320, bsz=64, num_updates=5640, lr=3.72154e-05, gnorm=7.667, clip=100, loss_scale=64, train_wall=41, gb_free=7.4, wall=33274
2023-04-02 10:02:41 - progress_bar.py[line:272] - INFO: epoch 004:     26 / 1878 loss=3.487, loss_v1=0, loss_v2=0, nll_loss=2.358, ntokens=320, nsentences=64, sample_size=320, sample_size_v1=0, sample_size_v2=0, ppl=5.13, wps=78.3, ups=0.24, wpb=320, bsz=64, num_updates=5650, lr=3.7187e-05, gnorm=7.635, clip=100, loss_scale=64, train_wall=41, gb_free=7.4, wall=33315
2023-04-02 10:03:22 - progress_bar.py[line:272] - INFO: epoch 004:     36 / 1878 loss=3.443, loss_v1=0, loss_v2=0, nll_loss=2.314, ntokens=320, nsentences=64, sample_size=320, sample_size_v1=0, sample_size_v2=0, ppl=4.97, wps=78.5, ups=0.25, wpb=320, bsz=64, num_updates=5660, lr=3.71587e-05, gnorm=7.321, clip=100, loss_scale=64, train_wall=41, gb_free=7.4, wall=33356
2023-04-02 10:04:02 - progress_bar.py[line:272] - INFO: epoch 004:     46 / 1878 loss=3.487, loss_v1=0, loss_v2=0, nll_loss=2.361, ntokens=320, nsentences=64, sample_size=320, sample_size_v1=0, sample_size_v2=0, ppl=5.14, wps=78.5, ups=0.25, wpb=320, bsz=64, num_updates=5670, lr=3.71304e-05, gnorm=8.107, clip=100, loss_scale=64, train_wall=41, gb_free=7.5, wall=33396
2023-04-02 10:04:43 - progress_bar.py[line:272] - INFO: epoch 004:     56 / 1878 loss=3.525, loss_v1=0, loss_v2=0, nll_loss=2.405, ntokens=320, nsentences=64, sample_size=320, sample_size_v1=0, sample_size_v2=0, ppl=5.3, wps=78.7, ups=0.25, wpb=320, bsz=64, num_updates=5680, lr=3.71021e-05, gnorm=8.697, clip=100, loss_scale=64, train_wall=40, gb_free=7.4, wall=33437
2023-04-02 10:05:24 - progress_bar.py[line:272] - INFO: epoch 004:     66 / 1878 loss=3.451, loss_v1=0, loss_v2=0, nll_loss=2.319, ntokens=320, nsentences=64, sample_size=320, sample_size_v1=0, sample_size_v2=0, ppl=4.99, wps=78.5, ups=0.25, wpb=320, bsz=64, num_updates=5690, lr=3.70738e-05, gnorm=7.792, clip=100, loss_scale=64, train_wall=41, gb_free=7.4, wall=33478
2023-04-02 10:06:05 - progress_bar.py[line:272] - INFO: epoch 004:     76 / 1878 loss=3.469, loss_v1=0, loss_v2=0, nll_loss=2.34, ntokens=320, nsentences=64, sample_size=320, sample_size_v1=0, sample_size_v2=0, ppl=5.06, wps=77.7, ups=0.24, wpb=320, bsz=64, num_updates=5700, lr=3.70454e-05, gnorm=8.058, clip=100, loss_scale=64, train_wall=41, gb_free=7.4, wall=33519
2023-04-02 10:06:46 - progress_bar.py[line:272] - INFO: epoch 004:     86 / 1878 loss=3.44, loss_v1=0, loss_v2=0, nll_loss=2.305, ntokens=320, nsentences=64, sample_size=320, sample_size_v1=0, sample_size_v2=0, ppl=4.94, wps=78.2, ups=0.24, wpb=320, bsz=64, num_updates=5710, lr=3.70171e-05, gnorm=8.524, clip=100, loss_scale=64, train_wall=41, gb_free=7.4, wall=33560
2023-04-02 10:07:27 - progress_bar.py[line:272] - INFO: epoch 004:     96 / 1878 loss=3.459, loss_v1=0, loss_v2=0, nll_loss=2.328, ntokens=320, nsentences=64, sample_size=320, sample_size_v1=0, sample_size_v2=0, ppl=5.02, wps=78, ups=0.24, wpb=320, bsz=64, num_updates=5720, lr=3.69888e-05, gnorm=7.998, clip=100, loss_scale=64, train_wall=41, gb_free=7.4, wall=33601
2023-04-02 10:08:08 - progress_bar.py[line:272] - INFO: epoch 004:    106 / 1878 loss=3.464, loss_v1=0, loss_v2=0, nll_loss=2.338, ntokens=320, nsentences=64, sample_size=320, sample_size_v1=0, sample_size_v2=0, ppl=5.06, wps=78.2, ups=0.24, wpb=320, bsz=64, num_updates=5730, lr=3.69605e-05, gnorm=7.884, clip=100, loss_scale=64, train_wall=41, gb_free=7.4, wall=33642
2023-04-02 10:08:49 - progress_bar.py[line:272] - INFO: epoch 004:    116 / 1878 loss=3.453, loss_v1=0, loss_v2=0, nll_loss=2.321, ntokens=320, nsentences=64, sample_size=320, sample_size_v1=0, sample_size_v2=0, ppl=5, wps=77.6, ups=0.24, wpb=320, bsz=64, num_updates=5740, lr=3.69321e-05, gnorm=8.185, clip=100, loss_scale=64, train_wall=41, gb_free=7.4, wall=33683
2023-04-02 10:09:31 - progress_bar.py[line:272] - INFO: epoch 004:    126 / 1878 loss=3.464, loss_v1=0, loss_v2=0, nll_loss=2.335, ntokens=320, nsentences=64, sample_size=320, sample_size_v1=0, sample_size_v2=0, ppl=5.05, wps=77.3, ups=0.24, wpb=320, bsz=64, num_updates=5750, lr=3.69038e-05, gnorm=7.893, clip=100, loss_scale=64, train_wall=41, gb_free=7.4, wall=33725
2023-04-02 10:10:12 - progress_bar.py[line:272] - INFO: epoch 004:    136 / 1878 loss=3.455, loss_v1=0, loss_v2=0, nll_loss=2.327, ntokens=320, nsentences=64, sample_size=320, sample_size_v1=0, sample_size_v2=0, ppl=5.02, wps=78.3, ups=0.24, wpb=320, bsz=64, num_updates=5760, lr=3.68755e-05, gnorm=7.598, clip=100, loss_scale=64, train_wall=41, gb_free=7.4, wall=33765
2023-04-02 10:10:52 - progress_bar.py[line:272] - INFO: epoch 004:    146 / 1878 loss=3.435, loss_v1=0, loss_v2=0, nll_loss=2.296, ntokens=320, nsentences=64, sample_size=320, sample_size_v1=0, sample_size_v2=0, ppl=4.91, wps=78.4, ups=0.24, wpb=320, bsz=64, num_updates=5770, lr=3.68472e-05, gnorm=8.939, clip=100, loss_scale=64, train_wall=41, gb_free=7.4, wall=33806
2023-04-02 10:11:33 - progress_bar.py[line:272] - INFO: epoch 004:    156 / 1878 loss=3.455, loss_v1=0, loss_v2=0, nll_loss=2.323, ntokens=320, nsentences=64, sample_size=320, sample_size_v1=0, sample_size_v2=0, ppl=5.01, wps=78.3, ups=0.24, wpb=320, bsz=64, num_updates=5780, lr=3.68189e-05, gnorm=8.216, clip=100, loss_scale=64, train_wall=41, gb_free=7.4, wall=33847
2023-04-02 10:12:14 - progress_bar.py[line:272] - INFO: epoch 004:    166 / 1878 loss=3.444, loss_v1=0, loss_v2=0, nll_loss=2.318, ntokens=320, nsentences=64, sample_size=320, sample_size_v1=0, sample_size_v2=0, ppl=4.99, wps=78.2, ups=0.24, wpb=320, bsz=64, num_updates=5790, lr=3.67905e-05, gnorm=8.318, clip=100, loss_scale=64, train_wall=41, gb_free=7.4, wall=33888
2023-04-02 10:12:55 - progress_bar.py[line:272] - INFO: epoch 004:    176 / 1878 loss=3.49, loss_v1=0, loss_v2=0, nll_loss=2.362, ntokens=320, nsentences=64, sample_size=320, sample_size_v1=0, sample_size_v2=0, ppl=5.14, wps=78.3, ups=0.24, wpb=320, bsz=64, num_updates=5800, lr=3.67622e-05, gnorm=7.907, clip=100, loss_scale=64, train_wall=41, gb_free=7.4, wall=33929
2023-04-02 10:13:36 - progress_bar.py[line:272] - INFO: epoch 004:    186 / 1878 loss=3.494, loss_v1=0, loss_v2=0, nll_loss=2.369, ntokens=320, nsentences=64, sample_size=320, sample_size_v1=0, sample_size_v2=0, ppl=5.16, wps=78.3, ups=0.24, wpb=320, bsz=64, num_updates=5810, lr=3.67339e-05, gnorm=8.432, clip=100, loss_scale=64, train_wall=41, gb_free=7.4, wall=33970
2023-04-02 10:14:17 - progress_bar.py[line:272] - INFO: epoch 004:    196 / 1878 loss=3.463, loss_v1=0, loss_v2=0, nll_loss=2.335, ntokens=320, nsentences=64, sample_size=320, sample_size_v1=0, sample_size_v2=0, ppl=5.05, wps=78.1, ups=0.24, wpb=320, bsz=64, num_updates=5820, lr=3.67056e-05, gnorm=8.523, clip=100, loss_scale=64, train_wall=41, gb_free=7.4, wall=34011
2023-04-02 10:14:58 - progress_bar.py[line:272] - INFO: epoch 004:    206 / 1878 loss=3.505, loss_v1=0, loss_v2=0, nll_loss=2.382, ntokens=320, nsentences=64, sample_size=320, sample_size_v1=0, sample_size_v2=0, ppl=5.21, wps=78.2, ups=0.24, wpb=320, bsz=64, num_updates=5830, lr=3.66772e-05, gnorm=8.601, clip=100, loss_scale=64, train_wall=41, gb_free=7.4, wall=34052
2023-04-02 10:15:39 - progress_bar.py[line:272] - INFO: epoch 004:    216 / 1878 loss=3.469, loss_v1=0, loss_v2=0, nll_loss=2.343, ntokens=320, nsentences=64, sample_size=320, sample_size_v1=0, sample_size_v2=0, ppl=5.07, wps=78.4, ups=0.24, wpb=320, bsz=64, num_updates=5840, lr=3.66489e-05, gnorm=8.106, clip=100, loss_scale=64, train_wall=41, gb_free=7.4, wall=34092
2023-04-02 10:16:20 - progress_bar.py[line:272] - INFO: epoch 004:    226 / 1878 loss=3.467, loss_v1=0, loss_v2=0, nll_loss=2.336, ntokens=320, nsentences=64, sample_size=320, sample_size_v1=0, sample_size_v2=0, ppl=5.05, wps=77.8, ups=0.24, wpb=320, bsz=64, num_updates=5850, lr=3.66206e-05, gnorm=7.752, clip=100, loss_scale=64, train_wall=41, gb_free=7.4, wall=34134
2023-04-02 10:17:01 - progress_bar.py[line:272] - INFO: epoch 004:    236 / 1878 loss=3.462, loss_v1=0, loss_v2=0, nll_loss=2.334, ntokens=320, nsentences=64, sample_size=320, sample_size_v1=0, sample_size_v2=0, ppl=5.04, wps=77.9, ups=0.24, wpb=320, bsz=64, num_updates=5860, lr=3.65923e-05, gnorm=7.865, clip=100, loss_scale=64, train_wall=41, gb_free=7.4, wall=34175
2023-04-02 10:17:41 - progress_bar.py[line:272] - INFO: epoch 004:    246 / 1878 loss=3.478, loss_v1=0, loss_v2=0, nll_loss=2.354, ntokens=320, nsentences=64, sample_size=320, sample_size_v1=0, sample_size_v2=0, ppl=5.11, wps=78.7, ups=0.25, wpb=320, bsz=64, num_updates=5870, lr=3.6564e-05, gnorm=8.038, clip=100, loss_scale=64, train_wall=40, gb_free=7.4, wall=34215
2023-04-02 10:18:22 - progress_bar.py[line:272] - INFO: epoch 004:    256 / 1878 loss=3.466, loss_v1=0, loss_v2=0, nll_loss=2.339, ntokens=320, nsentences=64, sample_size=320, sample_size_v1=0, sample_size_v2=0, ppl=5.06, wps=78.2, ups=0.24, wpb=320, bsz=64, num_updates=5880, lr=3.65356e-05, gnorm=7.319, clip=100, loss_scale=64, train_wall=41, gb_free=7.4, wall=34256
2023-04-02 10:19:03 - progress_bar.py[line:272] - INFO: epoch 004:    266 / 1878 loss=3.383, loss_v1=0, loss_v2=0, nll_loss=2.238, ntokens=320, nsentences=64, sample_size=320, sample_size_v1=0, sample_size_v2=0, ppl=4.72, wps=78.7, ups=0.25, wpb=320, bsz=64, num_updates=5890, lr=3.65073e-05, gnorm=7.9, clip=100, loss_scale=128, train_wall=40, gb_free=7.4, wall=34297
2023-04-02 10:19:07 - trainer.py[line:921] - INFO: NOTE: gradient overflow detected, ignoring gradient, setting loss scale to: 64.0
2023-04-02 10:19:48 - progress_bar.py[line:272] - INFO: epoch 004:    277 / 1878 loss=3.407, loss_v1=0, loss_v2=0, nll_loss=2.264, ntokens=320, nsentences=64, sample_size=320, sample_size_v1=0, sample_size_v2=0, ppl=4.8, wps=71.1, ups=0.22, wpb=320, bsz=64, num_updates=5900, lr=3.6479e-05, gnorm=8.257, clip=100, loss_scale=64, train_wall=45, gb_free=7.4, wall=34342
2023-04-02 10:20:29 - progress_bar.py[line:272] - INFO: epoch 004:    287 / 1878 loss=3.479, loss_v1=0, loss_v2=0, nll_loss=2.358, ntokens=320, nsentences=64, sample_size=320, sample_size_v1=0, sample_size_v2=0, ppl=5.13, wps=78.4, ups=0.25, wpb=320, bsz=64, num_updates=5910, lr=3.64507e-05, gnorm=9.505, clip=100, loss_scale=64, train_wall=41, gb_free=7.4, wall=34383
2023-04-02 10:21:10 - progress_bar.py[line:272] - INFO: epoch 004:    297 / 1878 loss=3.459, loss_v1=0, loss_v2=0, nll_loss=2.334, ntokens=320, nsentences=64, sample_size=320, sample_size_v1=0, sample_size_v2=0, ppl=5.04, wps=78.4, ups=0.25, wpb=320, bsz=64, num_updates=5920, lr=3.64223e-05, gnorm=7.986, clip=100, loss_scale=64, train_wall=41, gb_free=7.4, wall=34424
2023-04-02 10:21:50 - progress_bar.py[line:272] - INFO: epoch 004:    307 / 1878 loss=3.451, loss_v1=0, loss_v2=0, nll_loss=2.318, ntokens=320, nsentences=64, sample_size=320, sample_size_v1=0, sample_size_v2=0, ppl=4.99, wps=78.5, ups=0.25, wpb=320, bsz=64, num_updates=5930, lr=3.6394e-05, gnorm=8.838, clip=100, loss_scale=64, train_wall=41, gb_free=7.4, wall=34464
2023-04-02 10:22:32 - progress_bar.py[line:272] - INFO: epoch 004:    317 / 1878 loss=3.392, loss_v1=0, loss_v2=0, nll_loss=2.254, ntokens=320, nsentences=64, sample_size=320, sample_size_v1=0, sample_size_v2=0, ppl=4.77, wps=78, ups=0.24, wpb=320, bsz=64, num_updates=5940, lr=3.63657e-05, gnorm=8.089, clip=100, loss_scale=64, train_wall=41, gb_free=7.4, wall=34505
2023-04-02 10:23:12 - progress_bar.py[line:272] - INFO: epoch 004:    327 / 1878 loss=3.402, loss_v1=0, loss_v2=0, nll_loss=2.263, ntokens=320, nsentences=64, sample_size=320, sample_size_v1=0, sample_size_v2=0, ppl=4.8, wps=78.2, ups=0.24, wpb=320, bsz=64, num_updates=5950, lr=3.63374e-05, gnorm=8.029, clip=100, loss_scale=64, train_wall=41, gb_free=7.4, wall=34546
2023-04-02 10:23:53 - progress_bar.py[line:272] - INFO: epoch 004:    337 / 1878 loss=3.464, loss_v1=0, loss_v2=0, nll_loss=2.335, ntokens=320, nsentences=64, sample_size=320, sample_size_v1=0, sample_size_v2=0, ppl=5.05, wps=78.4, ups=0.24, wpb=320, bsz=64, num_updates=5960, lr=3.63091e-05, gnorm=8.541, clip=100, loss_scale=64, train_wall=41, gb_free=7.4, wall=34587
2023-04-02 10:24:34 - progress_bar.py[line:272] - INFO: epoch 004:    347 / 1878 loss=3.392, loss_v1=0, loss_v2=0, nll_loss=2.255, ntokens=320, nsentences=64, sample_size=320, sample_size_v1=0, sample_size_v2=0, ppl=4.77, wps=78.4, ups=0.25, wpb=320, bsz=64, num_updates=5970, lr=3.62807e-05, gnorm=7.893, clip=100, loss_scale=64, train_wall=41, gb_free=7.4, wall=34628
2023-04-02 10:25:15 - progress_bar.py[line:272] - INFO: epoch 004:    357 / 1878 loss=3.397, loss_v1=0, loss_v2=0, nll_loss=2.257, ntokens=320, nsentences=64, sample_size=320, sample_size_v1=0, sample_size_v2=0, ppl=4.78, wps=78.3, ups=0.24, wpb=320, bsz=64, num_updates=5980, lr=3.62524e-05, gnorm=8.586, clip=100, loss_scale=64, train_wall=41, gb_free=7.4, wall=34669
2023-04-02 10:25:56 - progress_bar.py[line:272] - INFO: epoch 004:    367 / 1878 loss=3.502, loss_v1=0, loss_v2=0, nll_loss=2.378, ntokens=320, nsentences=64, sample_size=320, sample_size_v1=0, sample_size_v2=0, ppl=5.2, wps=78.6, ups=0.25, wpb=320, bsz=64, num_updates=5990, lr=3.62241e-05, gnorm=8.813, clip=100, loss_scale=64, train_wall=41, gb_free=7.4, wall=34710
slice_id 1 seek offset 5379
2023-04-02 10:26:36 - progress_bar.py[line:272] - INFO: epoch 004:    377 / 1878 loss=3.457, loss_v1=0, loss_v2=0, nll_loss=2.326, ntokens=320, nsentences=64, sample_size=320, sample_size_v1=0, sample_size_v2=0, ppl=5.02, wps=78.4, ups=0.24, wpb=320, bsz=64, num_updates=6000, lr=3.61958e-05, gnorm=8.598, clip=100, loss_scale=64, train_wall=41, gb_free=7.4, wall=34750
2023-04-02 10:26:36 - train.py[line:445] - INFO: begin validation on "valid" subset
slice_id 0 seek offset 0
slice_id 1 seek offset 5379
slice_id 0 seek offset 0
2023-04-02 10:37:56 - progress_bar.py[line:282] - INFO: epoch 004 | valid on 'valid' subset | loss 4.452 | loss_v1 0 | loss_v2 0 | nll_loss 3.424 | ntokens 39.993 | nsentences 7.999 | sample_size 39.993 | sample_size_v1 0 | sample_size_v2 0 | ppl 10.73 | score 0.8143 | wps 79.3 | wpb 40 | bsz 8 | num_updates 6000 | best_score 0.8143
2023-04-02 10:37:56 - checkpoint_utils.py[line:64] - INFO: Preparing to save checkpoint for epoch 4 @ 6000 updates
2023-04-02 10:37:56 - trainer.py[line:431] - INFO: Saving checkpoint to ./refcocoplus_scratch_checkpoints/10_5e-5_512/checkpoint_4_6000.pt
2023-04-02 10:38:14 - trainer.py[line:441] - INFO: Finished saving checkpoint to ./refcocoplus_scratch_checkpoints/10_5e-5_512/checkpoint_4_6000.pt
2023-04-02 10:38:41 - checkpoint_utils.py[line:133] - INFO: Saved checkpoint ./refcocoplus_scratch_checkpoints/10_5e-5_512/checkpoint_4_6000.pt (epoch 4 @ 6000 updates, score 0.8143) (writing took 45.4434563126415 seconds)
2023-04-02 10:39:21 - progress_bar.py[line:272] - INFO: epoch 004:    387 / 1878 loss=3.417, loss_v1=0, loss_v2=0, nll_loss=2.282, ntokens=320, nsentences=64, sample_size=320, sample_size_v1=0, sample_size_v2=0, ppl=4.86, wps=4.2, ups=0.01, wpb=320, bsz=64, num_updates=6010, lr=3.61674e-05, gnorm=8.213, clip=100, loss_scale=64, train_wall=40, gb_free=7.4, wall=35515
2023-04-02 10:40:02 - progress_bar.py[line:272] - INFO: epoch 004:    397 / 1878 loss=3.446, loss_v1=0, loss_v2=0, nll_loss=2.312, ntokens=320, nsentences=64, sample_size=320, sample_size_v1=0, sample_size_v2=0, ppl=4.97, wps=78.1, ups=0.24, wpb=320, bsz=64, num_updates=6020, lr=3.61391e-05, gnorm=8.082, clip=100, loss_scale=64, train_wall=41, gb_free=7.4, wall=35556
2023-04-02 10:40:43 - progress_bar.py[line:272] - INFO: epoch 004:    407 / 1878 loss=3.401, loss_v1=0, loss_v2=0, nll_loss=2.259, ntokens=320, nsentences=64, sample_size=320, sample_size_v1=0, sample_size_v2=0, ppl=4.79, wps=78.1, ups=0.24, wpb=320, bsz=64, num_updates=6030, lr=3.61108e-05, gnorm=8.285, clip=100, loss_scale=64, train_wall=41, gb_free=7.4, wall=35597
2023-04-02 10:41:24 - progress_bar.py[line:272] - INFO: epoch 004:    417 / 1878 loss=3.397, loss_v1=0, loss_v2=0, nll_loss=2.257, ntokens=320, nsentences=64, sample_size=320, sample_size_v1=0, sample_size_v2=0, ppl=4.78, wps=78.4, ups=0.24, wpb=320, bsz=64, num_updates=6040, lr=3.60825e-05, gnorm=8.835, clip=100, loss_scale=64, train_wall=40, gb_free=7.4, wall=35638
2023-04-02 10:42:05 - progress_bar.py[line:272] - INFO: epoch 004:    427 / 1878 loss=3.454, loss_v1=0, loss_v2=0, nll_loss=2.325, ntokens=320, nsentences=64, sample_size=320, sample_size_v1=0, sample_size_v2=0, ppl=5.01, wps=78.3, ups=0.24, wpb=320, bsz=64, num_updates=6050, lr=3.60542e-05, gnorm=8.234, clip=100, loss_scale=64, train_wall=41, gb_free=7.4, wall=35679
2023-04-02 10:42:46 - progress_bar.py[line:272] - INFO: epoch 004:    437 / 1878 loss=3.429, loss_v1=0, loss_v2=0, nll_loss=2.296, ntokens=320, nsentences=64, sample_size=320, sample_size_v1=0, sample_size_v2=0, ppl=4.91, wps=78.2, ups=0.24, wpb=320, bsz=64, num_updates=6060, lr=3.60258e-05, gnorm=7.914, clip=100, loss_scale=64, train_wall=41, gb_free=7.4, wall=35720
2023-04-02 10:43:27 - progress_bar.py[line:272] - INFO: epoch 004:    447 / 1878 loss=3.421, loss_v1=0, loss_v2=0, nll_loss=2.29, ntokens=320, nsentences=64, sample_size=320, sample_size_v1=0, sample_size_v2=0, ppl=4.89, wps=78.1, ups=0.24, wpb=320, bsz=64, num_updates=6070, lr=3.59975e-05, gnorm=8.311, clip=100, loss_scale=64, train_wall=41, gb_free=7.4, wall=35761
2023-04-02 10:44:08 - progress_bar.py[line:272] - INFO: epoch 004:    457 / 1878 loss=3.427, loss_v1=0, loss_v2=0, nll_loss=2.291, ntokens=320, nsentences=64, sample_size=320, sample_size_v1=0, sample_size_v2=0, ppl=4.89, wps=78.6, ups=0.25, wpb=320, bsz=64, num_updates=6080, lr=3.59692e-05, gnorm=9.434, clip=100, loss_scale=64, train_wall=40, gb_free=7.4, wall=35801
2023-04-02 10:44:48 - progress_bar.py[line:272] - INFO: epoch 004:    467 / 1878 loss=3.39, loss_v1=0, loss_v2=0, nll_loss=2.249, ntokens=320, nsentences=64, sample_size=320, sample_size_v1=0, sample_size_v2=0, ppl=4.75, wps=78.3, ups=0.24, wpb=320, bsz=64, num_updates=6090, lr=3.59409e-05, gnorm=8.831, clip=100, loss_scale=64, train_wall=41, gb_free=7.4, wall=35842
2023-04-02 10:45:29 - progress_bar.py[line:272] - INFO: epoch 004:    477 / 1878 loss=3.42, loss_v1=0, loss_v2=0, nll_loss=2.289, ntokens=320, nsentences=64, sample_size=320, sample_size_v1=0, sample_size_v2=0, ppl=4.89, wps=78.4, ups=0.24, wpb=320, bsz=64, num_updates=6100, lr=3.59125e-05, gnorm=8.422, clip=100, loss_scale=64, train_wall=41, gb_free=7.4, wall=35883
2023-04-02 10:46:10 - progress_bar.py[line:272] - INFO: epoch 004:    487 / 1878 loss=3.381, loss_v1=0, loss_v2=0, nll_loss=2.243, ntokens=320, nsentences=64, sample_size=320, sample_size_v1=0, sample_size_v2=0, ppl=4.73, wps=77.9, ups=0.24, wpb=320, bsz=64, num_updates=6110, lr=3.58842e-05, gnorm=8.181, clip=100, loss_scale=64, train_wall=41, gb_free=7.4, wall=35924
2023-04-02 10:46:51 - progress_bar.py[line:272] - INFO: epoch 004:    497 / 1878 loss=3.365, loss_v1=0, loss_v2=0, nll_loss=2.225, ntokens=320, nsentences=64, sample_size=320, sample_size_v1=0, sample_size_v2=0, ppl=4.68, wps=78.3, ups=0.24, wpb=320, bsz=64, num_updates=6120, lr=3.58559e-05, gnorm=8.42, clip=100, loss_scale=64, train_wall=41, gb_free=7.4, wall=35965
2023-04-02 10:47:07 - trainer.py[line:921] - INFO: NOTE: gradient overflow detected, ignoring gradient, setting loss scale to: 32.0
2023-04-02 10:47:36 - progress_bar.py[line:272] - INFO: epoch 004:    508 / 1878 loss=3.439, loss_v1=0, loss_v2=0, nll_loss=2.31, ntokens=320, nsentences=64, sample_size=320, sample_size_v1=0, sample_size_v2=0, ppl=4.96, wps=71.4, ups=0.22, wpb=320, bsz=64, num_updates=6130, lr=3.58276e-05, gnorm=7.969, clip=100, loss_scale=32, train_wall=45, gb_free=7.5, wall=36010
2023-04-02 10:48:17 - progress_bar.py[line:272] - INFO: epoch 004:    518 / 1878 loss=3.443, loss_v1=0, loss_v2=0, nll_loss=2.314, ntokens=320, nsentences=64, sample_size=320, sample_size_v1=0, sample_size_v2=0, ppl=4.97, wps=78.3, ups=0.24, wpb=320, bsz=64, num_updates=6140, lr=3.57993e-05, gnorm=8.113, clip=100, loss_scale=32, train_wall=41, gb_free=7.4, wall=36051
2023-04-02 10:48:58 - progress_bar.py[line:272] - INFO: epoch 004:    528 / 1878 loss=3.457, loss_v1=0, loss_v2=0, nll_loss=2.324, ntokens=320, nsentences=64, sample_size=320, sample_size_v1=0, sample_size_v2=0, ppl=5.01, wps=78.3, ups=0.24, wpb=320, bsz=64, num_updates=6150, lr=3.57709e-05, gnorm=8.866, clip=100, loss_scale=32, train_wall=41, gb_free=7.4, wall=36092
2023-04-02 10:49:38 - progress_bar.py[line:272] - INFO: epoch 004:    538 / 1878 loss=3.416, loss_v1=0, loss_v2=0, nll_loss=2.281, ntokens=320, nsentences=64, sample_size=320, sample_size_v1=0, sample_size_v2=0, ppl=4.86, wps=78.5, ups=0.25, wpb=320, bsz=64, num_updates=6160, lr=3.57426e-05, gnorm=7.49, clip=100, loss_scale=32, train_wall=41, gb_free=7.4, wall=36132
2023-04-02 10:50:19 - progress_bar.py[line:272] - INFO: epoch 004:    548 / 1878 loss=3.37, loss_v1=0, loss_v2=0, nll_loss=2.227, ntokens=320, nsentences=64, sample_size=320, sample_size_v1=0, sample_size_v2=0, ppl=4.68, wps=78.7, ups=0.25, wpb=320, bsz=64, num_updates=6170, lr=3.57143e-05, gnorm=7.85, clip=100, loss_scale=32, train_wall=40, gb_free=7.4, wall=36173
2023-04-02 10:51:00 - progress_bar.py[line:272] - INFO: epoch 004:    558 / 1878 loss=3.414, loss_v1=0, loss_v2=0, nll_loss=2.281, ntokens=320, nsentences=64, sample_size=320, sample_size_v1=0, sample_size_v2=0, ppl=4.86, wps=78.6, ups=0.25, wpb=320, bsz=64, num_updates=6180, lr=3.5686e-05, gnorm=9.224, clip=100, loss_scale=32, train_wall=40, gb_free=7.4, wall=36214
2023-04-02 10:51:41 - progress_bar.py[line:272] - INFO: epoch 004:    568 / 1878 loss=3.402, loss_v1=0, loss_v2=0, nll_loss=2.267, ntokens=320, nsentences=64, sample_size=320, sample_size_v1=0, sample_size_v2=0, ppl=4.81, wps=78.3, ups=0.24, wpb=320, bsz=64, num_updates=6190, lr=3.56576e-05, gnorm=8.501, clip=100, loss_scale=32, train_wall=41, gb_free=7.4, wall=36255
2023-04-02 10:52:21 - progress_bar.py[line:272] - INFO: epoch 004:    578 / 1878 loss=3.457, loss_v1=0, loss_v2=0, nll_loss=2.326, ntokens=320, nsentences=64, sample_size=320, sample_size_v1=0, sample_size_v2=0, ppl=5.01, wps=78.6, ups=0.25, wpb=320, bsz=64, num_updates=6200, lr=3.56293e-05, gnorm=8.089, clip=100, loss_scale=32, train_wall=40, gb_free=7.4, wall=36295
2023-04-02 10:53:03 - progress_bar.py[line:272] - INFO: epoch 004:    588 / 1878 loss=3.498, loss_v1=0, loss_v2=0, nll_loss=2.376, ntokens=320, nsentences=64, sample_size=320, sample_size_v1=0, sample_size_v2=0, ppl=5.19, wps=78, ups=0.24, wpb=320, bsz=64, num_updates=6210, lr=3.5601e-05, gnorm=8.468, clip=100, loss_scale=32, train_wall=41, gb_free=7.4, wall=36336
2023-04-02 10:53:44 - progress_bar.py[line:272] - INFO: epoch 004:    598 / 1878 loss=3.44, loss_v1=0, loss_v2=0, nll_loss=2.307, ntokens=320, nsentences=64, sample_size=320, sample_size_v1=0, sample_size_v2=0, ppl=4.95, wps=78, ups=0.24, wpb=320, bsz=64, num_updates=6220, lr=3.55727e-05, gnorm=8.512, clip=100, loss_scale=32, train_wall=41, gb_free=7.4, wall=36377
2023-04-02 10:54:24 - progress_bar.py[line:272] - INFO: epoch 004:    608 / 1878 loss=3.428, loss_v1=0, loss_v2=0, nll_loss=2.295, ntokens=320, nsentences=64, sample_size=320, sample_size_v1=0, sample_size_v2=0, ppl=4.91, wps=78.2, ups=0.24, wpb=320, bsz=64, num_updates=6230, lr=3.55444e-05, gnorm=9.417, clip=100, loss_scale=32, train_wall=41, gb_free=7.4, wall=36418
2023-04-02 10:55:05 - progress_bar.py[line:272] - INFO: epoch 004:    618 / 1878 loss=3.435, loss_v1=0, loss_v2=0, nll_loss=2.304, ntokens=320, nsentences=64, sample_size=320, sample_size_v1=0, sample_size_v2=0, ppl=4.94, wps=78.7, ups=0.25, wpb=320, bsz=64, num_updates=6240, lr=3.5516e-05, gnorm=8.942, clip=100, loss_scale=32, train_wall=40, gb_free=7.4, wall=36459
2023-04-02 10:55:46 - progress_bar.py[line:272] - INFO: epoch 004:    628 / 1878 loss=3.441, loss_v1=0, loss_v2=0, nll_loss=2.308, ntokens=320, nsentences=64, sample_size=320, sample_size_v1=0, sample_size_v2=0, ppl=4.95, wps=78.4, ups=0.24, wpb=320, bsz=64, num_updates=6250, lr=3.54877e-05, gnorm=8.027, clip=100, loss_scale=32, train_wall=41, gb_free=7.4, wall=36500
2023-04-02 10:56:27 - progress_bar.py[line:272] - INFO: epoch 004:    638 / 1878 loss=3.41, loss_v1=0, loss_v2=0, nll_loss=2.273, ntokens=320, nsentences=64, sample_size=320, sample_size_v1=0, sample_size_v2=0, ppl=4.83, wps=78.7, ups=0.25, wpb=320, bsz=64, num_updates=6260, lr=3.54594e-05, gnorm=8.015, clip=100, loss_scale=32, train_wall=40, gb_free=7.4, wall=36540
2023-04-02 10:57:07 - progress_bar.py[line:272] - INFO: epoch 004:    648 / 1878 loss=3.408, loss_v1=0, loss_v2=0, nll_loss=2.272, ntokens=320, nsentences=64, sample_size=320, sample_size_v1=0, sample_size_v2=0, ppl=4.83, wps=78.7, ups=0.25, wpb=320, bsz=64, num_updates=6270, lr=3.54311e-05, gnorm=8.709, clip=100, loss_scale=32, train_wall=40, gb_free=7.4, wall=36581
2023-04-02 10:57:48 - progress_bar.py[line:272] - INFO: epoch 004:    658 / 1878 loss=3.453, loss_v1=0, loss_v2=0, nll_loss=2.322, ntokens=320, nsentences=64, sample_size=320, sample_size_v1=0, sample_size_v2=0, ppl=5, wps=78.6, ups=0.25, wpb=320, bsz=64, num_updates=6280, lr=3.54027e-05, gnorm=8.754, clip=100, loss_scale=32, train_wall=40, gb_free=7.4, wall=36622
2023-04-02 10:58:29 - progress_bar.py[line:272] - INFO: epoch 004:    668 / 1878 loss=3.376, loss_v1=0, loss_v2=0, nll_loss=2.235, ntokens=320, nsentences=64, sample_size=320, sample_size_v1=0, sample_size_v2=0, ppl=4.71, wps=78.1, ups=0.24, wpb=320, bsz=64, num_updates=6290, lr=3.53744e-05, gnorm=9.087, clip=100, loss_scale=32, train_wall=41, gb_free=7.4, wall=36663
2023-04-02 10:59:10 - progress_bar.py[line:272] - INFO: epoch 004:    678 / 1878 loss=3.416, loss_v1=0, loss_v2=0, nll_loss=2.284, ntokens=320, nsentences=64, sample_size=320, sample_size_v1=0, sample_size_v2=0, ppl=4.87, wps=78.6, ups=0.25, wpb=320, bsz=64, num_updates=6300, lr=3.53461e-05, gnorm=7.822, clip=100, loss_scale=32, train_wall=40, gb_free=7.4, wall=36704
2023-04-02 10:59:51 - progress_bar.py[line:272] - INFO: epoch 004:    688 / 1878 loss=3.445, loss_v1=0, loss_v2=0, nll_loss=2.316, ntokens=320, nsentences=64, sample_size=320, sample_size_v1=0, sample_size_v2=0, ppl=4.98, wps=78.3, ups=0.24, wpb=320, bsz=64, num_updates=6310, lr=3.53178e-05, gnorm=8.284, clip=100, loss_scale=32, train_wall=41, gb_free=7.4, wall=36744
2023-04-02 11:00:31 - progress_bar.py[line:272] - INFO: epoch 004:    698 / 1878 loss=3.425, loss_v1=0, loss_v2=0, nll_loss=2.29, ntokens=320, nsentences=64, sample_size=320, sample_size_v1=0, sample_size_v2=0, ppl=4.89, wps=78.3, ups=0.24, wpb=320, bsz=64, num_updates=6320, lr=3.52895e-05, gnorm=8.903, clip=100, loss_scale=32, train_wall=41, gb_free=7.4, wall=36785
2023-04-02 11:01:12 - progress_bar.py[line:272] - INFO: epoch 004:    708 / 1878 loss=3.385, loss_v1=0, loss_v2=0, nll_loss=2.245, ntokens=320, nsentences=64, sample_size=320, sample_size_v1=0, sample_size_v2=0, ppl=4.74, wps=77.8, ups=0.24, wpb=320, bsz=64, num_updates=6330, lr=3.52611e-05, gnorm=10.541, clip=100, loss_scale=32, train_wall=41, gb_free=7.4, wall=36826
2023-04-02 11:01:53 - progress_bar.py[line:272] - INFO: epoch 004:    718 / 1878 loss=3.299, loss_v1=0, loss_v2=0, nll_loss=2.148, ntokens=320, nsentences=64, sample_size=320, sample_size_v1=0, sample_size_v2=0, ppl=4.43, wps=78.2, ups=0.24, wpb=320, bsz=64, num_updates=6340, lr=3.52328e-05, gnorm=8.773, clip=100, loss_scale=32, train_wall=41, gb_free=7.4, wall=36867
2023-04-02 11:02:34 - progress_bar.py[line:272] - INFO: epoch 004:    728 / 1878 loss=3.382, loss_v1=0, loss_v2=0, nll_loss=2.243, ntokens=320, nsentences=64, sample_size=320, sample_size_v1=0, sample_size_v2=0, ppl=4.73, wps=78.2, ups=0.24, wpb=320, bsz=64, num_updates=6350, lr=3.52045e-05, gnorm=8.63, clip=100, loss_scale=32, train_wall=41, gb_free=7.4, wall=36908
2023-04-02 11:03:15 - progress_bar.py[line:272] - INFO: epoch 004:    738 / 1878 loss=3.388, loss_v1=0, loss_v2=0, nll_loss=2.252, ntokens=320, nsentences=64, sample_size=320, sample_size_v1=0, sample_size_v2=0, ppl=4.77, wps=78.1, ups=0.24, wpb=320, bsz=64, num_updates=6360, lr=3.51762e-05, gnorm=8.469, clip=100, loss_scale=32, train_wall=41, gb_free=7.4, wall=36949
2023-04-02 11:03:56 - progress_bar.py[line:272] - INFO: epoch 004:    748 / 1878 loss=3.346, loss_v1=0, loss_v2=0, nll_loss=2.196, ntokens=320, nsentences=64, sample_size=320, sample_size_v1=0, sample_size_v2=0, ppl=4.58, wps=78.7, ups=0.25, wpb=320, bsz=64, num_updates=6370, lr=3.51478e-05, gnorm=7.782, clip=100, loss_scale=32, train_wall=40, gb_free=7.4, wall=36990
2023-04-02 11:04:37 - progress_bar.py[line:272] - INFO: epoch 004:    758 / 1878 loss=3.318, loss_v1=0, loss_v2=0, nll_loss=2.172, ntokens=320, nsentences=64, sample_size=320, sample_size_v1=0, sample_size_v2=0, ppl=4.51, wps=78.2, ups=0.24, wpb=320, bsz=64, num_updates=6380, lr=3.51195e-05, gnorm=8.039, clip=100, loss_scale=32, train_wall=41, gb_free=7.4, wall=37031
2023-04-02 11:05:18 - progress_bar.py[line:272] - INFO: epoch 004:    768 / 1878 loss=3.338, loss_v1=0, loss_v2=0, nll_loss=2.189, ntokens=320, nsentences=64, sample_size=320, sample_size_v1=0, sample_size_v2=0, ppl=4.56, wps=78.8, ups=0.25, wpb=320, bsz=64, num_updates=6390, lr=3.50912e-05, gnorm=8.289, clip=100, loss_scale=32, train_wall=40, gb_free=7.4, wall=37071
2023-04-02 11:05:58 - progress_bar.py[line:272] - INFO: epoch 004:    778 / 1878 loss=3.339, loss_v1=0, loss_v2=0, nll_loss=2.189, ntokens=320, nsentences=64, sample_size=320, sample_size_v1=0, sample_size_v2=0, ppl=4.56, wps=78.3, ups=0.24, wpb=320, bsz=64, num_updates=6400, lr=3.50629e-05, gnorm=7.988, clip=100, loss_scale=32, train_wall=41, gb_free=7.4, wall=37112
2023-04-02 11:06:39 - progress_bar.py[line:272] - INFO: epoch 004:    788 / 1878 loss=3.358, loss_v1=0, loss_v2=0, nll_loss=2.215, ntokens=320, nsentences=64, sample_size=320, sample_size_v1=0, sample_size_v2=0, ppl=4.64, wps=78.4, ups=0.25, wpb=320, bsz=64, num_updates=6410, lr=3.50346e-05, gnorm=8.443, clip=100, loss_scale=32, train_wall=41, gb_free=7.4, wall=37153
2023-04-02 11:07:20 - progress_bar.py[line:272] - INFO: epoch 004:    798 / 1878 loss=3.321, loss_v1=0, loss_v2=0, nll_loss=2.17, ntokens=320, nsentences=64, sample_size=320, sample_size_v1=0, sample_size_v2=0, ppl=4.5, wps=78.4, ups=0.25, wpb=320, bsz=64, num_updates=6420, lr=3.50062e-05, gnorm=8.214, clip=100, loss_scale=32, train_wall=41, gb_free=7.4, wall=37194
2023-04-02 11:08:01 - progress_bar.py[line:272] - INFO: epoch 004:    808 / 1878 loss=3.401, loss_v1=0, loss_v2=0, nll_loss=2.262, ntokens=320, nsentences=64, sample_size=320, sample_size_v1=0, sample_size_v2=0, ppl=4.8, wps=78.3, ups=0.24, wpb=320, bsz=64, num_updates=6430, lr=3.49779e-05, gnorm=9.924, clip=100, loss_scale=32, train_wall=41, gb_free=7.4, wall=37235
2023-04-02 11:08:42 - progress_bar.py[line:272] - INFO: epoch 004:    818 / 1878 loss=3.36, loss_v1=0, loss_v2=0, nll_loss=2.216, ntokens=320, nsentences=64, sample_size=320, sample_size_v1=0, sample_size_v2=0, ppl=4.65, wps=78.4, ups=0.25, wpb=320, bsz=64, num_updates=6440, lr=3.49496e-05, gnorm=7.071, clip=100, loss_scale=32, train_wall=41, gb_free=7.4, wall=37276
2023-04-02 11:09:22 - progress_bar.py[line:272] - INFO: epoch 004:    828 / 1878 loss=3.404, loss_v1=0, loss_v2=0, nll_loss=2.26, ntokens=320, nsentences=64, sample_size=320, sample_size_v1=0, sample_size_v2=0, ppl=4.79, wps=78.4, ups=0.25, wpb=320, bsz=64, num_updates=6450, lr=3.49213e-05, gnorm=10.01, clip=100, loss_scale=32, train_wall=41, gb_free=7.4, wall=37316
2023-04-02 11:10:03 - progress_bar.py[line:272] - INFO: epoch 004:    838 / 1878 loss=3.346, loss_v1=0, loss_v2=0, nll_loss=2.205, ntokens=320, nsentences=64, sample_size=320, sample_size_v1=0, sample_size_v2=0, ppl=4.61, wps=78.5, ups=0.25, wpb=320, bsz=64, num_updates=6460, lr=3.48929e-05, gnorm=8.101, clip=100, loss_scale=32, train_wall=41, gb_free=7.4, wall=37357
2023-04-02 11:10:44 - progress_bar.py[line:272] - INFO: epoch 004:    848 / 1878 loss=3.38, loss_v1=0, loss_v2=0, nll_loss=2.237, ntokens=320, nsentences=64, sample_size=320, sample_size_v1=0, sample_size_v2=0, ppl=4.72, wps=78.4, ups=0.25, wpb=320, bsz=64, num_updates=6470, lr=3.48646e-05, gnorm=7.836, clip=100, loss_scale=32, train_wall=41, gb_free=7.4, wall=37398
2023-04-02 11:11:25 - progress_bar.py[line:272] - INFO: epoch 004:    858 / 1878 loss=3.392, loss_v1=0, loss_v2=0, nll_loss=2.25, ntokens=320, nsentences=64, sample_size=320, sample_size_v1=0, sample_size_v2=0, ppl=4.76, wps=78, ups=0.24, wpb=320, bsz=64, num_updates=6480, lr=3.48363e-05, gnorm=8.375, clip=100, loss_scale=32, train_wall=41, gb_free=7.5, wall=37439
2023-04-02 11:12:06 - progress_bar.py[line:272] - INFO: epoch 004:    868 / 1878 loss=3.369, loss_v1=0, loss_v2=0, nll_loss=2.227, ntokens=320, nsentences=64, sample_size=320, sample_size_v1=0, sample_size_v2=0, ppl=4.68, wps=78.3, ups=0.24, wpb=320, bsz=64, num_updates=6490, lr=3.4808e-05, gnorm=7.812, clip=100, loss_scale=32, train_wall=41, gb_free=7.4, wall=37480
slice_id 1 seek offset 5379
2023-04-02 11:12:47 - progress_bar.py[line:272] - INFO: epoch 004:    878 / 1878 loss=3.362, loss_v1=0, loss_v2=0, nll_loss=2.217, ntokens=320, nsentences=64, sample_size=320, sample_size_v1=0, sample_size_v2=0, ppl=4.65, wps=78.4, ups=0.24, wpb=320, bsz=64, num_updates=6500, lr=3.47797e-05, gnorm=8.512, clip=100, loss_scale=32, train_wall=41, gb_free=7.4, wall=37521
2023-04-02 11:12:47 - train.py[line:445] - INFO: begin validation on "valid" subset
slice_id 0 seek offset 0
slice_id 0 seek offset 0
slice_id 1 seek offset 5379
2023-04-02 11:24:05 - progress_bar.py[line:282] - INFO: epoch 004 | valid on 'valid' subset | loss 4.524 | loss_v1 0 | loss_v2 0 | nll_loss 3.499 | ntokens 39.993 | nsentences 7.999 | sample_size 39.993 | sample_size_v1 0 | sample_size_v2 0 | ppl 11.31 | score 0.8092 | wps 79.4 | wpb 40 | bsz 8 | num_updates 6500 | best_score 0.8143
2023-04-02 11:24:05 - checkpoint_utils.py[line:64] - INFO: Preparing to save checkpoint for epoch 4 @ 6500 updates
2023-04-02 11:24:05 - trainer.py[line:431] - INFO: Saving checkpoint to ./refcocoplus_scratch_checkpoints/10_5e-5_512/checkpoint_4_6500.pt
2023-04-02 11:24:26 - trainer.py[line:441] - INFO: Finished saving checkpoint to ./refcocoplus_scratch_checkpoints/10_5e-5_512/checkpoint_4_6500.pt
2023-04-02 11:24:35 - checkpoint_utils.py[line:133] - INFO: Saved checkpoint ./refcocoplus_scratch_checkpoints/10_5e-5_512/checkpoint_4_6500.pt (epoch 4 @ 6500 updates, score 0.8092) (writing took 30.26325153093785 seconds)
2023-04-02 11:25:16 - progress_bar.py[line:272] - INFO: epoch 004:    888 / 1878 loss=3.359, loss_v1=0, loss_v2=0, nll_loss=2.213, ntokens=320, nsentences=64, sample_size=320, sample_size_v1=0, sample_size_v2=0, ppl=4.64, wps=4.3, ups=0.01, wpb=320, bsz=64, num_updates=6510, lr=3.47513e-05, gnorm=7.606, clip=100, loss_scale=32, train_wall=40, gb_free=7.4, wall=38269
2023-04-02 11:25:57 - progress_bar.py[line:272] - INFO: epoch 004:    898 / 1878 loss=3.316, loss_v1=0, loss_v2=0, nll_loss=2.166, ntokens=320, nsentences=64, sample_size=320, sample_size_v1=0, sample_size_v2=0, ppl=4.49, wps=78.1, ups=0.24, wpb=320, bsz=64, num_updates=6520, lr=3.4723e-05, gnorm=7.872, clip=100, loss_scale=32, train_wall=41, gb_free=7.4, wall=38310
2023-04-02 11:26:38 - progress_bar.py[line:272] - INFO: epoch 004:    908 / 1878 loss=3.314, loss_v1=0, loss_v2=0, nll_loss=2.158, ntokens=320, nsentences=64, sample_size=320, sample_size_v1=0, sample_size_v2=0, ppl=4.46, wps=77.8, ups=0.24, wpb=320, bsz=64, num_updates=6530, lr=3.46947e-05, gnorm=7.673, clip=100, loss_scale=32, train_wall=41, gb_free=7.4, wall=38352
2023-04-02 11:27:19 - progress_bar.py[line:272] - INFO: epoch 004:    918 / 1878 loss=3.342, loss_v1=0, loss_v2=0, nll_loss=2.198, ntokens=320, nsentences=64, sample_size=320, sample_size_v1=0, sample_size_v2=0, ppl=4.59, wps=78, ups=0.24, wpb=320, bsz=64, num_updates=6540, lr=3.46664e-05, gnorm=8.376, clip=100, loss_scale=32, train_wall=41, gb_free=7.4, wall=38393
2023-04-02 11:28:00 - progress_bar.py[line:272] - INFO: epoch 004:    928 / 1878 loss=3.388, loss_v1=0, loss_v2=0, nll_loss=2.245, ntokens=320, nsentences=64, sample_size=320, sample_size_v1=0, sample_size_v2=0, ppl=4.74, wps=77.6, ups=0.24, wpb=320, bsz=64, num_updates=6550, lr=3.4638e-05, gnorm=7.987, clip=100, loss_scale=32, train_wall=41, gb_free=7.4, wall=38434
2023-04-02 11:28:41 - progress_bar.py[line:272] - INFO: epoch 004:    938 / 1878 loss=3.362, loss_v1=0, loss_v2=0, nll_loss=2.218, ntokens=320, nsentences=64, sample_size=320, sample_size_v1=0, sample_size_v2=0, ppl=4.65, wps=78.2, ups=0.24, wpb=320, bsz=64, num_updates=6560, lr=3.46097e-05, gnorm=7.715, clip=100, loss_scale=32, train_wall=41, gb_free=7.4, wall=38475
2023-04-02 11:29:22 - progress_bar.py[line:272] - INFO: epoch 004:    948 / 1878 loss=3.348, loss_v1=0, loss_v2=0, nll_loss=2.203, ntokens=320, nsentences=64, sample_size=320, sample_size_v1=0, sample_size_v2=0, ppl=4.61, wps=78.1, ups=0.24, wpb=320, bsz=64, num_updates=6570, lr=3.45814e-05, gnorm=7.939, clip=100, loss_scale=32, train_wall=41, gb_free=7.4, wall=38516
2023-04-02 11:30:03 - progress_bar.py[line:272] - INFO: epoch 004:    958 / 1878 loss=3.322, loss_v1=0, loss_v2=0, nll_loss=2.169, ntokens=320, nsentences=64, sample_size=320, sample_size_v1=0, sample_size_v2=0, ppl=4.5, wps=77.5, ups=0.24, wpb=320, bsz=64, num_updates=6580, lr=3.45531e-05, gnorm=7.483, clip=100, loss_scale=32, train_wall=41, gb_free=7.4, wall=38557
2023-04-02 11:30:44 - progress_bar.py[line:272] - INFO: epoch 004:    968 / 1878 loss=3.32, loss_v1=0, loss_v2=0, nll_loss=2.169, ntokens=320, nsentences=64, sample_size=320, sample_size_v1=0, sample_size_v2=0, ppl=4.5, wps=78.4, ups=0.24, wpb=320, bsz=64, num_updates=6590, lr=3.45248e-05, gnorm=8.35, clip=100, loss_scale=32, train_wall=41, gb_free=7.4, wall=38598
2023-04-02 11:31:25 - progress_bar.py[line:272] - INFO: epoch 004:    978 / 1878 loss=3.314, loss_v1=0, loss_v2=0, nll_loss=2.165, ntokens=320, nsentences=64, sample_size=320, sample_size_v1=0, sample_size_v2=0, ppl=4.48, wps=78.2, ups=0.24, wpb=320, bsz=64, num_updates=6600, lr=3.44964e-05, gnorm=7.798, clip=100, loss_scale=32, train_wall=41, gb_free=7.4, wall=38639
2023-04-02 11:32:06 - progress_bar.py[line:272] - INFO: epoch 004:    988 / 1878 loss=3.317, loss_v1=0, loss_v2=0, nll_loss=2.166, ntokens=320, nsentences=64, sample_size=320, sample_size_v1=0, sample_size_v2=0, ppl=4.49, wps=78.1, ups=0.24, wpb=320, bsz=64, num_updates=6610, lr=3.44681e-05, gnorm=7.838, clip=100, loss_scale=32, train_wall=41, gb_free=7.4, wall=38680
2023-04-02 11:32:46 - progress_bar.py[line:272] - INFO: epoch 004:    998 / 1878 loss=3.372, loss_v1=0, loss_v2=0, nll_loss=2.228, ntokens=320, nsentences=64, sample_size=320, sample_size_v1=0, sample_size_v2=0, ppl=4.68, wps=78.7, ups=0.25, wpb=320, bsz=64, num_updates=6620, lr=3.44398e-05, gnorm=8.24, clip=100, loss_scale=32, train_wall=40, gb_free=7.4, wall=38720
2023-04-02 11:33:27 - progress_bar.py[line:272] - INFO: epoch 004:   1008 / 1878 loss=3.338, loss_v1=0, loss_v2=0, nll_loss=2.192, ntokens=320, nsentences=64, sample_size=320, sample_size_v1=0, sample_size_v2=0, ppl=4.57, wps=78.1, ups=0.24, wpb=320, bsz=64, num_updates=6630, lr=3.44115e-05, gnorm=8.1, clip=100, loss_scale=32, train_wall=41, gb_free=7.4, wall=38761
2023-04-02 11:34:09 - progress_bar.py[line:272] - INFO: epoch 004:   1018 / 1878 loss=3.327, loss_v1=0, loss_v2=0, nll_loss=2.181, ntokens=320, nsentences=64, sample_size=320, sample_size_v1=0, sample_size_v2=0, ppl=4.53, wps=77.9, ups=0.24, wpb=320, bsz=64, num_updates=6640, lr=3.43831e-05, gnorm=8.309, clip=100, loss_scale=64, train_wall=41, gb_free=7.4, wall=38802
2023-04-02 11:34:49 - progress_bar.py[line:272] - INFO: epoch 004:   1028 / 1878 loss=3.332, loss_v1=0, loss_v2=0, nll_loss=2.184, ntokens=320, nsentences=64, sample_size=320, sample_size_v1=0, sample_size_v2=0, ppl=4.55, wps=78.2, ups=0.24, wpb=320, bsz=64, num_updates=6650, lr=3.43548e-05, gnorm=8.794, clip=100, loss_scale=64, train_wall=41, gb_free=7.4, wall=38843
2023-04-02 11:35:31 - progress_bar.py[line:272] - INFO: epoch 004:   1038 / 1878 loss=3.336, loss_v1=0, loss_v2=0, nll_loss=2.193, ntokens=320, nsentences=64, sample_size=320, sample_size_v1=0, sample_size_v2=0, ppl=4.57, wps=77.9, ups=0.24, wpb=320, bsz=64, num_updates=6660, lr=3.43265e-05, gnorm=8.246, clip=100, loss_scale=64, train_wall=41, gb_free=7.4, wall=38884
2023-04-02 11:36:12 - progress_bar.py[line:272] - INFO: epoch 004:   1048 / 1878 loss=3.337, loss_v1=0, loss_v2=0, nll_loss=2.186, ntokens=320, nsentences=64, sample_size=320, sample_size_v1=0, sample_size_v2=0, ppl=4.55, wps=78.1, ups=0.24, wpb=320, bsz=64, num_updates=6670, lr=3.42982e-05, gnorm=8.425, clip=100, loss_scale=64, train_wall=41, gb_free=7.4, wall=38925
2023-04-02 11:36:53 - progress_bar.py[line:272] - INFO: epoch 004:   1058 / 1878 loss=3.335, loss_v1=0, loss_v2=0, nll_loss=2.19, ntokens=320, nsentences=64, sample_size=320, sample_size_v1=0, sample_size_v2=0, ppl=4.56, wps=77.9, ups=0.24, wpb=320, bsz=64, num_updates=6680, lr=3.42699e-05, gnorm=7.586, clip=100, loss_scale=64, train_wall=41, gb_free=7.4, wall=38966
2023-04-02 11:37:33 - progress_bar.py[line:272] - INFO: epoch 004:   1068 / 1878 loss=3.307, loss_v1=0, loss_v2=0, nll_loss=2.155, ntokens=320, nsentences=64, sample_size=320, sample_size_v1=0, sample_size_v2=0, ppl=4.45, wps=78.2, ups=0.24, wpb=320, bsz=64, num_updates=6690, lr=3.42415e-05, gnorm=7.402, clip=100, loss_scale=64, train_wall=41, gb_free=7.4, wall=39007
2023-04-02 11:38:14 - progress_bar.py[line:272] - INFO: epoch 004:   1078 / 1878 loss=3.312, loss_v1=0, loss_v2=0, nll_loss=2.159, ntokens=320, nsentences=64, sample_size=320, sample_size_v1=0, sample_size_v2=0, ppl=4.47, wps=78.2, ups=0.24, wpb=320, bsz=64, num_updates=6700, lr=3.42132e-05, gnorm=8.123, clip=100, loss_scale=64, train_wall=41, gb_free=7.4, wall=39048
2023-04-02 11:38:56 - progress_bar.py[line:272] - INFO: epoch 004:   1088 / 1878 loss=3.332, loss_v1=0, loss_v2=0, nll_loss=2.185, ntokens=320, nsentences=64, sample_size=320, sample_size_v1=0, sample_size_v2=0, ppl=4.55, wps=77.9, ups=0.24, wpb=320, bsz=64, num_updates=6710, lr=3.41849e-05, gnorm=8.332, clip=100, loss_scale=64, train_wall=41, gb_free=7.4, wall=39089
2023-04-02 11:39:36 - progress_bar.py[line:272] - INFO: epoch 004:   1098 / 1878 loss=3.375, loss_v1=0, loss_v2=0, nll_loss=2.235, ntokens=320, nsentences=64, sample_size=320, sample_size_v1=0, sample_size_v2=0, ppl=4.71, wps=78.3, ups=0.24, wpb=320, bsz=64, num_updates=6720, lr=3.41566e-05, gnorm=7.903, clip=100, loss_scale=64, train_wall=41, gb_free=7.4, wall=39130
2023-04-02 11:40:17 - progress_bar.py[line:272] - INFO: epoch 004:   1108 / 1878 loss=3.356, loss_v1=0, loss_v2=0, nll_loss=2.213, ntokens=320, nsentences=64, sample_size=320, sample_size_v1=0, sample_size_v2=0, ppl=4.64, wps=78.2, ups=0.24, wpb=320, bsz=64, num_updates=6730, lr=3.41282e-05, gnorm=8.247, clip=100, loss_scale=64, train_wall=41, gb_free=7.4, wall=39171
2023-04-02 11:40:58 - progress_bar.py[line:272] - INFO: epoch 004:   1118 / 1878 loss=3.292, loss_v1=0, loss_v2=0, nll_loss=2.142, ntokens=320, nsentences=64, sample_size=320, sample_size_v1=0, sample_size_v2=0, ppl=4.41, wps=77.9, ups=0.24, wpb=320, bsz=64, num_updates=6740, lr=3.40999e-05, gnorm=7.891, clip=100, loss_scale=64, train_wall=41, gb_free=7.4, wall=39212
2023-04-02 11:41:40 - progress_bar.py[line:272] - INFO: epoch 004:   1128 / 1878 loss=3.308, loss_v1=0, loss_v2=0, nll_loss=2.155, ntokens=320, nsentences=64, sample_size=320, sample_size_v1=0, sample_size_v2=0, ppl=4.45, wps=77.6, ups=0.24, wpb=320, bsz=64, num_updates=6750, lr=3.40716e-05, gnorm=8.771, clip=100, loss_scale=64, train_wall=41, gb_free=7.4, wall=39254
2023-04-02 11:42:20 - progress_bar.py[line:272] - INFO: epoch 004:   1138 / 1878 loss=3.353, loss_v1=0, loss_v2=0, nll_loss=2.208, ntokens=320, nsentences=64, sample_size=320, sample_size_v1=0, sample_size_v2=0, ppl=4.62, wps=78.4, ups=0.24, wpb=320, bsz=64, num_updates=6760, lr=3.40433e-05, gnorm=7.969, clip=100, loss_scale=64, train_wall=41, gb_free=7.4, wall=39294
2023-04-02 11:43:01 - progress_bar.py[line:272] - INFO: epoch 004:   1148 / 1878 loss=3.397, loss_v1=0, loss_v2=0, nll_loss=2.262, ntokens=320, nsentences=64, sample_size=320, sample_size_v1=0, sample_size_v2=0, ppl=4.8, wps=78.5, ups=0.25, wpb=320, bsz=64, num_updates=6770, lr=3.4015e-05, gnorm=10.293, clip=100, loss_scale=64, train_wall=40, gb_free=7.4, wall=39335
2023-04-02 11:43:42 - progress_bar.py[line:272] - INFO: epoch 004:   1158 / 1878 loss=3.319, loss_v1=0, loss_v2=0, nll_loss=2.169, ntokens=320, nsentences=64, sample_size=320, sample_size_v1=0, sample_size_v2=0, ppl=4.5, wps=78.3, ups=0.24, wpb=320, bsz=64, num_updates=6780, lr=3.39866e-05, gnorm=6.736, clip=100, loss_scale=64, train_wall=41, gb_free=7.4, wall=39376
2023-04-02 11:44:23 - progress_bar.py[line:272] - INFO: epoch 004:   1168 / 1878 loss=3.335, loss_v1=0, loss_v2=0, nll_loss=2.188, ntokens=320, nsentences=64, sample_size=320, sample_size_v1=0, sample_size_v2=0, ppl=4.56, wps=78.3, ups=0.24, wpb=320, bsz=64, num_updates=6790, lr=3.39583e-05, gnorm=8.53, clip=100, loss_scale=64, train_wall=41, gb_free=7.4, wall=39417
2023-04-02 11:45:04 - progress_bar.py[line:272] - INFO: epoch 004:   1178 / 1878 loss=3.332, loss_v1=0, loss_v2=0, nll_loss=2.183, ntokens=320, nsentences=64, sample_size=320, sample_size_v1=0, sample_size_v2=0, ppl=4.54, wps=78.4, ups=0.25, wpb=320, bsz=64, num_updates=6800, lr=3.393e-05, gnorm=7.685, clip=100, loss_scale=64, train_wall=41, gb_free=7.4, wall=39458
2023-04-02 11:45:45 - progress_bar.py[line:272] - INFO: epoch 004:   1188 / 1878 loss=3.295, loss_v1=0, loss_v2=0, nll_loss=2.144, ntokens=320, nsentences=64, sample_size=320, sample_size_v1=0, sample_size_v2=0, ppl=4.42, wps=78.4, ups=0.24, wpb=320, bsz=64, num_updates=6810, lr=3.39017e-05, gnorm=8.401, clip=100, loss_scale=64, train_wall=41, gb_free=7.4, wall=39499
2023-04-02 11:46:26 - progress_bar.py[line:272] - INFO: epoch 004:   1198 / 1878 loss=3.356, loss_v1=0, loss_v2=0, nll_loss=2.207, ntokens=320, nsentences=64, sample_size=320, sample_size_v1=0, sample_size_v2=0, ppl=4.62, wps=78, ups=0.24, wpb=320, bsz=64, num_updates=6820, lr=3.38733e-05, gnorm=9.221, clip=100, loss_scale=64, train_wall=41, gb_free=7.4, wall=39540
2023-04-02 11:47:07 - progress_bar.py[line:272] - INFO: epoch 004:   1208 / 1878 loss=3.285, loss_v1=0, loss_v2=0, nll_loss=2.133, ntokens=320, nsentences=64, sample_size=320, sample_size_v1=0, sample_size_v2=0, ppl=4.39, wps=77.9, ups=0.24, wpb=320, bsz=64, num_updates=6830, lr=3.3845e-05, gnorm=8.398, clip=100, loss_scale=64, train_wall=41, gb_free=7.4, wall=39581
2023-04-02 11:47:48 - progress_bar.py[line:272] - INFO: epoch 004:   1218 / 1878 loss=3.31, loss_v1=0, loss_v2=0, nll_loss=2.155, ntokens=320, nsentences=64, sample_size=320, sample_size_v1=0, sample_size_v2=0, ppl=4.46, wps=78, ups=0.24, wpb=320, bsz=64, num_updates=6840, lr=3.38167e-05, gnorm=8.414, clip=100, loss_scale=64, train_wall=41, gb_free=7.4, wall=39622
2023-04-02 11:48:29 - progress_bar.py[line:272] - INFO: epoch 004:   1228 / 1878 loss=3.316, loss_v1=0, loss_v2=0, nll_loss=2.17, ntokens=320, nsentences=64, sample_size=320, sample_size_v1=0, sample_size_v2=0, ppl=4.5, wps=77.7, ups=0.24, wpb=320, bsz=64, num_updates=6850, lr=3.37884e-05, gnorm=8.771, clip=100, loss_scale=64, train_wall=41, gb_free=7.4, wall=39663
2023-04-02 11:49:10 - progress_bar.py[line:272] - INFO: epoch 004:   1238 / 1878 loss=3.338, loss_v1=0, loss_v2=0, nll_loss=2.191, ntokens=320, nsentences=64, sample_size=320, sample_size_v1=0, sample_size_v2=0, ppl=4.57, wps=77.9, ups=0.24, wpb=320, bsz=64, num_updates=6860, lr=3.37601e-05, gnorm=8.085, clip=100, loss_scale=64, train_wall=41, gb_free=7.4, wall=39704
2023-04-02 11:49:51 - progress_bar.py[line:272] - INFO: epoch 004:   1248 / 1878 loss=3.289, loss_v1=0, loss_v2=0, nll_loss=2.133, ntokens=320, nsentences=64, sample_size=320, sample_size_v1=0, sample_size_v2=0, ppl=4.39, wps=78.3, ups=0.24, wpb=320, bsz=64, num_updates=6870, lr=3.37317e-05, gnorm=7.469, clip=100, loss_scale=64, train_wall=41, gb_free=7.4, wall=39745
2023-04-02 11:50:32 - progress_bar.py[line:272] - INFO: epoch 004:   1258 / 1878 loss=3.298, loss_v1=0, loss_v2=0, nll_loss=2.149, ntokens=320, nsentences=64, sample_size=320, sample_size_v1=0, sample_size_v2=0, ppl=4.44, wps=78, ups=0.24, wpb=320, bsz=64, num_updates=6880, lr=3.37034e-05, gnorm=7.99, clip=100, loss_scale=64, train_wall=41, gb_free=7.4, wall=39786
2023-04-02 11:51:13 - progress_bar.py[line:272] - INFO: epoch 004:   1268 / 1878 loss=3.335, loss_v1=0, loss_v2=0, nll_loss=2.183, ntokens=320, nsentences=64, sample_size=320, sample_size_v1=0, sample_size_v2=0, ppl=4.54, wps=78.2, ups=0.24, wpb=320, bsz=64, num_updates=6890, lr=3.36751e-05, gnorm=8.632, clip=100, loss_scale=64, train_wall=41, gb_free=7.4, wall=39827
2023-04-02 11:51:54 - progress_bar.py[line:272] - INFO: epoch 004:   1278 / 1878 loss=3.263, loss_v1=0, loss_v2=0, nll_loss=2.107, ntokens=320, nsentences=64, sample_size=320, sample_size_v1=0, sample_size_v2=0, ppl=4.31, wps=78.6, ups=0.25, wpb=320, bsz=64, num_updates=6900, lr=3.36468e-05, gnorm=8.391, clip=100, loss_scale=64, train_wall=40, gb_free=7.4, wall=39867
2023-04-02 11:52:35 - progress_bar.py[line:272] - INFO: epoch 004:   1288 / 1878 loss=3.317, loss_v1=0, loss_v2=0, nll_loss=2.167, ntokens=320, nsentences=64, sample_size=320, sample_size_v1=0, sample_size_v2=0, ppl=4.49, wps=78, ups=0.24, wpb=320, bsz=64, num_updates=6910, lr=3.36184e-05, gnorm=8.954, clip=100, loss_scale=64, train_wall=41, gb_free=7.4, wall=39908
2023-04-02 11:53:15 - progress_bar.py[line:272] - INFO: epoch 004:   1298 / 1878 loss=3.298, loss_v1=0, loss_v2=0, nll_loss=2.147, ntokens=320, nsentences=64, sample_size=320, sample_size_v1=0, sample_size_v2=0, ppl=4.43, wps=78.5, ups=0.25, wpb=320, bsz=64, num_updates=6920, lr=3.35901e-05, gnorm=8.783, clip=100, loss_scale=64, train_wall=41, gb_free=7.4, wall=39949
2023-04-02 11:53:56 - progress_bar.py[line:272] - INFO: epoch 004:   1308 / 1878 loss=3.357, loss_v1=0, loss_v2=0, nll_loss=2.217, ntokens=320, nsentences=64, sample_size=320, sample_size_v1=0, sample_size_v2=0, ppl=4.65, wps=78.2, ups=0.24, wpb=320, bsz=64, num_updates=6930, lr=3.35618e-05, gnorm=8.327, clip=100, loss_scale=64, train_wall=41, gb_free=7.4, wall=39990
2023-04-02 11:54:37 - progress_bar.py[line:272] - INFO: epoch 004:   1318 / 1878 loss=3.324, loss_v1=0, loss_v2=0, nll_loss=2.175, ntokens=320, nsentences=64, sample_size=320, sample_size_v1=0, sample_size_v2=0, ppl=4.52, wps=78.5, ups=0.25, wpb=320, bsz=64, num_updates=6940, lr=3.35335e-05, gnorm=8.144, clip=100, loss_scale=64, train_wall=41, gb_free=7.4, wall=40031
2023-04-02 11:55:18 - progress_bar.py[line:272] - INFO: epoch 004:   1328 / 1878 loss=3.289, loss_v1=0, loss_v2=0, nll_loss=2.136, ntokens=320, nsentences=64, sample_size=320, sample_size_v1=0, sample_size_v2=0, ppl=4.4, wps=78.6, ups=0.25, wpb=320, bsz=64, num_updates=6950, lr=3.35052e-05, gnorm=7.82, clip=100, loss_scale=64, train_wall=40, gb_free=7.4, wall=40072
2023-04-02 11:55:59 - progress_bar.py[line:272] - INFO: epoch 004:   1338 / 1878 loss=3.285, loss_v1=0, loss_v2=0, nll_loss=2.132, ntokens=319.5, nsentences=63.9, sample_size=319.5, sample_size_v1=0, sample_size_v2=0, ppl=4.38, wps=77.9, ups=0.24, wpb=319.5, bsz=63.9, num_updates=6960, lr=3.34768e-05, gnorm=7.966, clip=100, loss_scale=64, train_wall=41, gb_free=7.4, wall=40113
2023-04-02 11:56:40 - progress_bar.py[line:272] - INFO: epoch 004:   1348 / 1878 loss=3.305, loss_v1=0, loss_v2=0, nll_loss=2.155, ntokens=320, nsentences=64, sample_size=320, sample_size_v1=0, sample_size_v2=0, ppl=4.45, wps=77.8, ups=0.24, wpb=320, bsz=64, num_updates=6970, lr=3.34485e-05, gnorm=8.129, clip=100, loss_scale=64, train_wall=41, gb_free=7.4, wall=40154
2023-04-02 11:57:21 - progress_bar.py[line:272] - INFO: epoch 004:   1358 / 1878 loss=3.283, loss_v1=0, loss_v2=0, nll_loss=2.131, ntokens=320, nsentences=64, sample_size=320, sample_size_v1=0, sample_size_v2=0, ppl=4.38, wps=78, ups=0.24, wpb=320, bsz=64, num_updates=6980, lr=3.34202e-05, gnorm=8.617, clip=100, loss_scale=64, train_wall=41, gb_free=7.4, wall=40195
2023-04-02 11:58:02 - progress_bar.py[line:272] - INFO: epoch 004:   1368 / 1878 loss=3.321, loss_v1=0, loss_v2=0, nll_loss=2.169, ntokens=320, nsentences=64, sample_size=320, sample_size_v1=0, sample_size_v2=0, ppl=4.5, wps=77.7, ups=0.24, wpb=320, bsz=64, num_updates=6990, lr=3.33919e-05, gnorm=9.14, clip=100, loss_scale=64, train_wall=41, gb_free=7.4, wall=40236
slice_id 1 seek offset 5379
2023-04-02 11:58:43 - progress_bar.py[line:272] - INFO: epoch 004:   1378 / 1878 loss=3.361, loss_v1=0, loss_v2=0, nll_loss=2.219, ntokens=320, nsentences=64, sample_size=320, sample_size_v1=0, sample_size_v2=0, ppl=4.66, wps=78.1, ups=0.24, wpb=320, bsz=64, num_updates=7000, lr=3.33635e-05, gnorm=7.679, clip=100, loss_scale=64, train_wall=41, gb_free=7.4, wall=40277
2023-04-02 11:58:43 - train.py[line:445] - INFO: begin validation on "valid" subset
slice_id 0 seek offset 0
slice_id 0 seek offset 0
slice_id 1 seek offset 5379
2023-04-02 12:10:01 - progress_bar.py[line:282] - INFO: epoch 004 | valid on 'valid' subset | loss 4.526 | loss_v1 0 | loss_v2 0 | nll_loss 3.501 | ntokens 39.993 | nsentences 7.999 | sample_size 39.993 | sample_size_v1 0 | sample_size_v2 0 | ppl 11.32 | score 0.8089 | wps 79.3 | wpb 40 | bsz 8 | num_updates 7000 | best_score 0.8143
2023-04-02 12:10:02 - checkpoint_utils.py[line:64] - INFO: Preparing to save checkpoint for epoch 4 @ 7000 updates
2023-04-02 12:10:02 - trainer.py[line:431] - INFO: Saving checkpoint to ./refcocoplus_scratch_checkpoints/10_5e-5_512/checkpoint_4_7000.pt
2023-04-02 12:10:20 - trainer.py[line:441] - INFO: Finished saving checkpoint to ./refcocoplus_scratch_checkpoints/10_5e-5_512/checkpoint_4_7000.pt
2023-04-02 12:10:30 - checkpoint_utils.py[line:133] - INFO: Saved checkpoint ./refcocoplus_scratch_checkpoints/10_5e-5_512/checkpoint_4_7000.pt (epoch 4 @ 7000 updates, score 0.8089) (writing took 28.627302261069417 seconds)
2023-04-02 12:11:11 - progress_bar.py[line:272] - INFO: epoch 004:   1388 / 1878 loss=3.302, loss_v1=0, loss_v2=0, nll_loss=2.148, ntokens=320, nsentences=64, sample_size=320, sample_size_v1=0, sample_size_v2=0, ppl=4.43, wps=4.3, ups=0.01, wpb=320, bsz=64, num_updates=7010, lr=3.33352e-05, gnorm=8.155, clip=100, loss_scale=64, train_wall=40, gb_free=7.5, wall=41024
2023-04-02 12:11:52 - progress_bar.py[line:272] - INFO: epoch 004:   1398 / 1878 loss=3.302, loss_v1=0, loss_v2=0, nll_loss=2.146, ntokens=320, nsentences=64, sample_size=320, sample_size_v1=0, sample_size_v2=0, ppl=4.43, wps=77.7, ups=0.24, wpb=320, bsz=64, num_updates=7020, lr=3.33069e-05, gnorm=9.079, clip=100, loss_scale=64, train_wall=41, gb_free=7.4, wall=41066
2023-04-02 12:12:33 - progress_bar.py[line:272] - INFO: epoch 004:   1408 / 1878 loss=3.275, loss_v1=0, loss_v2=0, nll_loss=2.122, ntokens=320, nsentences=64, sample_size=320, sample_size_v1=0, sample_size_v2=0, ppl=4.35, wps=78.4, ups=0.24, wpb=320, bsz=64, num_updates=7030, lr=3.32786e-05, gnorm=8.804, clip=100, loss_scale=64, train_wall=41, gb_free=7.4, wall=41106
2023-04-02 12:13:13 - progress_bar.py[line:272] - INFO: epoch 004:   1418 / 1878 loss=3.283, loss_v1=0, loss_v2=0, nll_loss=2.13, ntokens=320, nsentences=64, sample_size=320, sample_size_v1=0, sample_size_v2=0, ppl=4.38, wps=78.5, ups=0.25, wpb=320, bsz=64, num_updates=7040, lr=3.32503e-05, gnorm=8.444, clip=100, loss_scale=64, train_wall=41, gb_free=7.4, wall=41147
2023-04-02 12:13:54 - progress_bar.py[line:272] - INFO: epoch 004:   1428 / 1878 loss=3.3, loss_v1=0, loss_v2=0, nll_loss=2.145, ntokens=320, nsentences=64, sample_size=320, sample_size_v1=0, sample_size_v2=0, ppl=4.42, wps=78.4, ups=0.24, wpb=320, bsz=64, num_updates=7050, lr=3.32219e-05, gnorm=7.953, clip=100, loss_scale=64, train_wall=41, gb_free=7.4, wall=41188
2023-04-02 12:14:35 - progress_bar.py[line:272] - INFO: epoch 004:   1438 / 1878 loss=3.289, loss_v1=0, loss_v2=0, nll_loss=2.137, ntokens=320, nsentences=64, sample_size=320, sample_size_v1=0, sample_size_v2=0, ppl=4.4, wps=78.6, ups=0.25, wpb=320, bsz=64, num_updates=7060, lr=3.31936e-05, gnorm=7.661, clip=100, loss_scale=64, train_wall=40, gb_free=7.4, wall=41229
2023-04-02 12:15:16 - progress_bar.py[line:272] - INFO: epoch 004:   1448 / 1878 loss=3.298, loss_v1=0, loss_v2=0, nll_loss=2.141, ntokens=320, nsentences=64, sample_size=320, sample_size_v1=0, sample_size_v2=0, ppl=4.41, wps=78.7, ups=0.25, wpb=320, bsz=64, num_updates=7070, lr=3.31653e-05, gnorm=8.193, clip=100, loss_scale=64, train_wall=40, gb_free=7.4, wall=41269
2023-04-02 12:15:56 - progress_bar.py[line:272] - INFO: epoch 004:   1458 / 1878 loss=3.344, loss_v1=0, loss_v2=0, nll_loss=2.199, ntokens=320, nsentences=64, sample_size=320, sample_size_v1=0, sample_size_v2=0, ppl=4.59, wps=78.7, ups=0.25, wpb=320, bsz=64, num_updates=7080, lr=3.3137e-05, gnorm=8.861, clip=100, loss_scale=64, train_wall=40, gb_free=7.4, wall=41310
2023-04-02 12:16:37 - progress_bar.py[line:272] - INFO: epoch 004:   1468 / 1878 loss=3.269, loss_v1=0, loss_v2=0, nll_loss=2.114, ntokens=320, nsentences=64, sample_size=320, sample_size_v1=0, sample_size_v2=0, ppl=4.33, wps=78.2, ups=0.24, wpb=320, bsz=64, num_updates=7090, lr=3.31086e-05, gnorm=8.345, clip=100, loss_scale=64, train_wall=41, gb_free=7.4, wall=41351
2023-04-02 12:17:18 - progress_bar.py[line:272] - INFO: epoch 004:   1478 / 1878 loss=3.305, loss_v1=0, loss_v2=0, nll_loss=2.151, ntokens=320, nsentences=64, sample_size=320, sample_size_v1=0, sample_size_v2=0, ppl=4.44, wps=78.1, ups=0.24, wpb=320, bsz=64, num_updates=7100, lr=3.30803e-05, gnorm=8.492, clip=100, loss_scale=64, train_wall=41, gb_free=7.4, wall=41392
2023-04-02 12:17:59 - progress_bar.py[line:272] - INFO: epoch 004:   1488 / 1878 loss=3.308, loss_v1=0, loss_v2=0, nll_loss=2.159, ntokens=320, nsentences=64, sample_size=320, sample_size_v1=0, sample_size_v2=0, ppl=4.47, wps=78.5, ups=0.25, wpb=320, bsz=64, num_updates=7110, lr=3.3052e-05, gnorm=8.589, clip=100, loss_scale=64, train_wall=40, gb_free=7.4, wall=41433
2023-04-02 12:18:40 - progress_bar.py[line:272] - INFO: epoch 004:   1498 / 1878 loss=3.254, loss_v1=0, loss_v2=0, nll_loss=2.095, ntokens=320, nsentences=64, sample_size=320, sample_size_v1=0, sample_size_v2=0, ppl=4.27, wps=78.6, ups=0.25, wpb=320, bsz=64, num_updates=7120, lr=3.30237e-05, gnorm=8.261, clip=100, loss_scale=64, train_wall=41, gb_free=7.4, wall=41473
2023-04-02 12:19:20 - progress_bar.py[line:272] - INFO: epoch 004:   1508 / 1878 loss=3.259, loss_v1=0, loss_v2=0, nll_loss=2.103, ntokens=320, nsentences=64, sample_size=320, sample_size_v1=0, sample_size_v2=0, ppl=4.3, wps=78.4, ups=0.25, wpb=320, bsz=64, num_updates=7130, lr=3.29954e-05, gnorm=7.745, clip=100, loss_scale=64, train_wall=40, gb_free=7.4, wall=41514
2023-04-02 12:20:01 - progress_bar.py[line:272] - INFO: epoch 004:   1518 / 1878 loss=3.298, loss_v1=0, loss_v2=0, nll_loss=2.144, ntokens=320, nsentences=64, sample_size=320, sample_size_v1=0, sample_size_v2=0, ppl=4.42, wps=78.1, ups=0.24, wpb=320, bsz=64, num_updates=7140, lr=3.2967e-05, gnorm=7.763, clip=100, loss_scale=64, train_wall=41, gb_free=7.4, wall=41555
2023-04-02 12:20:42 - progress_bar.py[line:272] - INFO: epoch 004:   1528 / 1878 loss=3.23, loss_v1=0, loss_v2=0, nll_loss=2.072, ntokens=320, nsentences=64, sample_size=320, sample_size_v1=0, sample_size_v2=0, ppl=4.2, wps=78.4, ups=0.25, wpb=320, bsz=64, num_updates=7150, lr=3.29387e-05, gnorm=7.975, clip=100, loss_scale=128, train_wall=41, gb_free=7.4, wall=41596
2023-04-02 12:21:23 - progress_bar.py[line:272] - INFO: epoch 004:   1538 / 1878 loss=3.261, loss_v1=0, loss_v2=0, nll_loss=2.101, ntokens=320, nsentences=64, sample_size=320, sample_size_v1=0, sample_size_v2=0, ppl=4.29, wps=78.3, ups=0.24, wpb=320, bsz=64, num_updates=7160, lr=3.29104e-05, gnorm=8.878, clip=100, loss_scale=128, train_wall=41, gb_free=7.4, wall=41637
2023-04-02 12:22:04 - progress_bar.py[line:272] - INFO: epoch 004:   1548 / 1878 loss=3.24, loss_v1=0, loss_v2=0, nll_loss=2.075, ntokens=320, nsentences=64, sample_size=320, sample_size_v1=0, sample_size_v2=0, ppl=4.21, wps=78.3, ups=0.24, wpb=320, bsz=64, num_updates=7170, lr=3.28821e-05, gnorm=9.123, clip=100, loss_scale=128, train_wall=41, gb_free=7.4, wall=41678
2023-04-02 12:22:45 - progress_bar.py[line:272] - INFO: epoch 004:   1558 / 1878 loss=3.28, loss_v1=0, loss_v2=0, nll_loss=2.124, ntokens=320, nsentences=64, sample_size=320, sample_size_v1=0, sample_size_v2=0, ppl=4.36, wps=78.2, ups=0.24, wpb=320, bsz=64, num_updates=7180, lr=3.28537e-05, gnorm=8.09, clip=100, loss_scale=128, train_wall=41, gb_free=7.4, wall=41719
2023-04-02 12:23:25 - progress_bar.py[line:272] - INFO: epoch 004:   1568 / 1878 loss=3.255, loss_v1=0, loss_v2=0, nll_loss=2.095, ntokens=320, nsentences=64, sample_size=320, sample_size_v1=0, sample_size_v2=0, ppl=4.27, wps=78.5, ups=0.25, wpb=320, bsz=64, num_updates=7190, lr=3.28254e-05, gnorm=8.274, clip=100, loss_scale=128, train_wall=40, gb_free=7.4, wall=41759
2023-04-02 12:24:06 - progress_bar.py[line:272] - INFO: epoch 004:   1578 / 1878 loss=3.252, loss_v1=0, loss_v2=0, nll_loss=2.094, ntokens=320, nsentences=64, sample_size=320, sample_size_v1=0, sample_size_v2=0, ppl=4.27, wps=78.1, ups=0.24, wpb=320, bsz=64, num_updates=7200, lr=3.27971e-05, gnorm=8.503, clip=100, loss_scale=128, train_wall=41, gb_free=7.4, wall=41800
2023-04-02 12:24:47 - progress_bar.py[line:272] - INFO: epoch 004:   1588 / 1878 loss=3.309, loss_v1=0, loss_v2=0, nll_loss=2.157, ntokens=320, nsentences=64, sample_size=320, sample_size_v1=0, sample_size_v2=0, ppl=4.46, wps=78.3, ups=0.24, wpb=320, bsz=64, num_updates=7210, lr=3.27688e-05, gnorm=8.216, clip=100, loss_scale=128, train_wall=41, gb_free=7.4, wall=41841
2023-04-02 12:25:28 - progress_bar.py[line:272] - INFO: epoch 004:   1598 / 1878 loss=3.265, loss_v1=0, loss_v2=0, nll_loss=2.109, ntokens=320, nsentences=64, sample_size=320, sample_size_v1=0, sample_size_v2=0, ppl=4.31, wps=78.3, ups=0.24, wpb=320, bsz=64, num_updates=7220, lr=3.27405e-05, gnorm=8.57, clip=100, loss_scale=128, train_wall=41, gb_free=7.4, wall=41882
2023-04-02 12:26:09 - progress_bar.py[line:272] - INFO: epoch 004:   1608 / 1878 loss=3.278, loss_v1=0, loss_v2=0, nll_loss=2.124, ntokens=320, nsentences=64, sample_size=320, sample_size_v1=0, sample_size_v2=0, ppl=4.36, wps=78.4, ups=0.24, wpb=320, bsz=64, num_updates=7230, lr=3.27121e-05, gnorm=8.388, clip=100, loss_scale=128, train_wall=41, gb_free=7.4, wall=41923
2023-04-02 12:26:50 - progress_bar.py[line:272] - INFO: epoch 004:   1618 / 1878 loss=3.298, loss_v1=0, loss_v2=0, nll_loss=2.143, ntokens=320, nsentences=64, sample_size=320, sample_size_v1=0, sample_size_v2=0, ppl=4.42, wps=78.5, ups=0.25, wpb=320, bsz=64, num_updates=7240, lr=3.26838e-05, gnorm=9.011, clip=100, loss_scale=128, train_wall=41, gb_free=7.4, wall=41964
2023-04-02 12:27:31 - progress_bar.py[line:272] - INFO: epoch 004:   1628 / 1878 loss=3.285, loss_v1=0, loss_v2=0, nll_loss=2.133, ntokens=320, nsentences=64, sample_size=320, sample_size_v1=0, sample_size_v2=0, ppl=4.39, wps=78.4, ups=0.24, wpb=320, bsz=64, num_updates=7250, lr=3.26555e-05, gnorm=7.853, clip=100, loss_scale=128, train_wall=41, gb_free=7.4, wall=42005
2023-04-02 12:28:12 - progress_bar.py[line:272] - INFO: epoch 004:   1638 / 1878 loss=3.307, loss_v1=0, loss_v2=0, nll_loss=2.151, ntokens=320, nsentences=64, sample_size=320, sample_size_v1=0, sample_size_v2=0, ppl=4.44, wps=78.3, ups=0.24, wpb=320, bsz=64, num_updates=7260, lr=3.26272e-05, gnorm=8.334, clip=100, loss_scale=128, train_wall=41, gb_free=7.5, wall=42045
2023-04-02 12:28:52 - progress_bar.py[line:272] - INFO: epoch 004:   1648 / 1878 loss=3.229, loss_v1=0, loss_v2=0, nll_loss=2.069, ntokens=320, nsentences=64, sample_size=320, sample_size_v1=0, sample_size_v2=0, ppl=4.2, wps=78.4, ups=0.24, wpb=320, bsz=64, num_updates=7270, lr=3.25988e-05, gnorm=7.784, clip=100, loss_scale=128, train_wall=41, gb_free=7.4, wall=42086
2023-04-02 12:29:33 - progress_bar.py[line:272] - INFO: epoch 004:   1658 / 1878 loss=3.205, loss_v1=0, loss_v2=0, nll_loss=2.037, ntokens=320, nsentences=64, sample_size=320, sample_size_v1=0, sample_size_v2=0, ppl=4.11, wps=78.7, ups=0.25, wpb=320, bsz=64, num_updates=7280, lr=3.25705e-05, gnorm=8.11, clip=100, loss_scale=128, train_wall=40, gb_free=7.4, wall=42127
2023-04-02 12:30:14 - progress_bar.py[line:272] - INFO: epoch 004:   1668 / 1878 loss=3.288, loss_v1=0, loss_v2=0, nll_loss=2.132, ntokens=320, nsentences=64, sample_size=320, sample_size_v1=0, sample_size_v2=0, ppl=4.38, wps=78.6, ups=0.25, wpb=320, bsz=64, num_updates=7290, lr=3.25422e-05, gnorm=8.638, clip=100, loss_scale=128, train_wall=41, gb_free=7.4, wall=42168
2023-04-02 12:30:55 - progress_bar.py[line:272] - INFO: epoch 004:   1678 / 1878 loss=3.228, loss_v1=0, loss_v2=0, nll_loss=2.066, ntokens=320, nsentences=64, sample_size=320, sample_size_v1=0, sample_size_v2=0, ppl=4.19, wps=78.4, ups=0.25, wpb=320, bsz=64, num_updates=7300, lr=3.25139e-05, gnorm=8.112, clip=100, loss_scale=128, train_wall=41, gb_free=7.4, wall=42208
2023-04-02 12:31:35 - progress_bar.py[line:272] - INFO: epoch 004:   1688 / 1878 loss=3.268, loss_v1=0, loss_v2=0, nll_loss=2.111, ntokens=320, nsentences=64, sample_size=320, sample_size_v1=0, sample_size_v2=0, ppl=4.32, wps=78.3, ups=0.24, wpb=320, bsz=64, num_updates=7310, lr=3.24856e-05, gnorm=8.78, clip=100, loss_scale=128, train_wall=41, gb_free=7.4, wall=42249
2023-04-02 12:32:16 - progress_bar.py[line:272] - INFO: epoch 004:   1698 / 1878 loss=3.289, loss_v1=0, loss_v2=0, nll_loss=2.131, ntokens=320, nsentences=64, sample_size=320, sample_size_v1=0, sample_size_v2=0, ppl=4.38, wps=78.4, ups=0.24, wpb=320, bsz=64, num_updates=7320, lr=3.24572e-05, gnorm=9.047, clip=100, loss_scale=128, train_wall=41, gb_free=7.4, wall=42290
2023-04-02 12:32:57 - progress_bar.py[line:272] - INFO: epoch 004:   1708 / 1878 loss=3.252, loss_v1=0, loss_v2=0, nll_loss=2.092, ntokens=320, nsentences=64, sample_size=320, sample_size_v1=0, sample_size_v2=0, ppl=4.26, wps=78, ups=0.24, wpb=320, bsz=64, num_updates=7330, lr=3.24289e-05, gnorm=8.218, clip=100, loss_scale=128, train_wall=41, gb_free=7.4, wall=42331
2023-04-02 12:33:38 - progress_bar.py[line:272] - INFO: epoch 004:   1718 / 1878 loss=3.239, loss_v1=0, loss_v2=0, nll_loss=2.076, ntokens=320, nsentences=64, sample_size=320, sample_size_v1=0, sample_size_v2=0, ppl=4.22, wps=78.5, ups=0.25, wpb=320, bsz=64, num_updates=7340, lr=3.24006e-05, gnorm=9.735, clip=100, loss_scale=128, train_wall=41, gb_free=7.5, wall=42372
2023-04-02 12:34:19 - progress_bar.py[line:272] - INFO: epoch 004:   1728 / 1878 loss=3.219, loss_v1=0, loss_v2=0, nll_loss=2.055, ntokens=320, nsentences=64, sample_size=320, sample_size_v1=0, sample_size_v2=0, ppl=4.16, wps=78.7, ups=0.25, wpb=320, bsz=64, num_updates=7350, lr=3.23723e-05, gnorm=8.626, clip=100, loss_scale=128, train_wall=40, gb_free=7.5, wall=42413
2023-04-02 12:34:59 - progress_bar.py[line:272] - INFO: epoch 004:   1738 / 1878 loss=3.227, loss_v1=0, loss_v2=0, nll_loss=2.063, ntokens=320, nsentences=64, sample_size=320, sample_size_v1=0, sample_size_v2=0, ppl=4.18, wps=78.7, ups=0.25, wpb=320, bsz=64, num_updates=7360, lr=3.23439e-05, gnorm=8.744, clip=100, loss_scale=128, train_wall=40, gb_free=7.4, wall=42453
2023-04-02 12:35:40 - progress_bar.py[line:272] - INFO: epoch 004:   1748 / 1878 loss=3.254, loss_v1=0, loss_v2=0, nll_loss=2.093, ntokens=320, nsentences=64, sample_size=320, sample_size_v1=0, sample_size_v2=0, ppl=4.27, wps=78.6, ups=0.25, wpb=320, bsz=64, num_updates=7370, lr=3.23156e-05, gnorm=8.384, clip=100, loss_scale=128, train_wall=41, gb_free=7.4, wall=42494
2023-04-02 12:36:21 - progress_bar.py[line:272] - INFO: epoch 004:   1758 / 1878 loss=3.2, loss_v1=0, loss_v2=0, nll_loss=2.035, ntokens=320, nsentences=64, sample_size=320, sample_size_v1=0, sample_size_v2=0, ppl=4.1, wps=78.5, ups=0.25, wpb=320, bsz=64, num_updates=7380, lr=3.22873e-05, gnorm=8.036, clip=100, loss_scale=128, train_wall=41, gb_free=7.4, wall=42535
2023-04-02 12:36:37 - trainer.py[line:921] - INFO: NOTE: gradient overflow detected, ignoring gradient, setting loss scale to: 64.0
2023-04-02 12:37:06 - progress_bar.py[line:272] - INFO: epoch 004:   1769 / 1878 loss=3.242, loss_v1=0, loss_v2=0, nll_loss=2.082, ntokens=320, nsentences=64, sample_size=320, sample_size_v1=0, sample_size_v2=0, ppl=4.23, wps=71.4, ups=0.22, wpb=320, bsz=64, num_updates=7390, lr=3.2259e-05, gnorm=8.79, clip=100, loss_scale=64, train_wall=44, gb_free=7.4, wall=42580
2023-04-02 12:37:47 - progress_bar.py[line:272] - INFO: epoch 004:   1779 / 1878 loss=3.243, loss_v1=0, loss_v2=0, nll_loss=2.082, ntokens=320, nsentences=64, sample_size=320, sample_size_v1=0, sample_size_v2=0, ppl=4.23, wps=77.9, ups=0.24, wpb=320, bsz=64, num_updates=7400, lr=3.22307e-05, gnorm=8.698, clip=100, loss_scale=64, train_wall=41, gb_free=7.4, wall=42621
2023-04-02 12:38:28 - progress_bar.py[line:272] - INFO: epoch 004:   1789 / 1878 loss=3.268, loss_v1=0, loss_v2=0, nll_loss=2.11, ntokens=320, nsentences=64, sample_size=320, sample_size_v1=0, sample_size_v2=0, ppl=4.32, wps=77.8, ups=0.24, wpb=320, bsz=64, num_updates=7410, lr=3.22023e-05, gnorm=8.561, clip=100, loss_scale=64, train_wall=41, gb_free=7.4, wall=42662
2023-04-02 12:39:09 - progress_bar.py[line:272] - INFO: epoch 004:   1799 / 1878 loss=3.309, loss_v1=0, loss_v2=0, nll_loss=2.155, ntokens=320, nsentences=64, sample_size=320, sample_size_v1=0, sample_size_v2=0, ppl=4.46, wps=78.4, ups=0.24, wpb=320, bsz=64, num_updates=7420, lr=3.2174e-05, gnorm=8.797, clip=100, loss_scale=64, train_wall=41, gb_free=7.4, wall=42703
2023-04-02 12:39:50 - progress_bar.py[line:272] - INFO: epoch 004:   1809 / 1878 loss=3.266, loss_v1=0, loss_v2=0, nll_loss=2.105, ntokens=320, nsentences=64, sample_size=320, sample_size_v1=0, sample_size_v2=0, ppl=4.3, wps=78.1, ups=0.24, wpb=320, bsz=64, num_updates=7430, lr=3.21457e-05, gnorm=8.193, clip=100, loss_scale=64, train_wall=41, gb_free=7.4, wall=42744
2023-04-02 12:40:31 - progress_bar.py[line:272] - INFO: epoch 004:   1819 / 1878 loss=3.22, loss_v1=0, loss_v2=0, nll_loss=2.059, ntokens=320, nsentences=64, sample_size=320, sample_size_v1=0, sample_size_v2=0, ppl=4.17, wps=78.4, ups=0.24, wpb=320, bsz=64, num_updates=7440, lr=3.21174e-05, gnorm=7.888, clip=100, loss_scale=64, train_wall=41, gb_free=7.4, wall=42784
2023-04-02 12:41:11 - progress_bar.py[line:272] - INFO: epoch 004:   1829 / 1878 loss=3.24, loss_v1=0, loss_v2=0, nll_loss=2.076, ntokens=320, nsentences=64, sample_size=320, sample_size_v1=0, sample_size_v2=0, ppl=4.22, wps=78.7, ups=0.25, wpb=320, bsz=64, num_updates=7450, lr=3.2089e-05, gnorm=8.619, clip=100, loss_scale=64, train_wall=40, gb_free=7.4, wall=42825
2023-04-02 12:41:52 - progress_bar.py[line:272] - INFO: epoch 004:   1839 / 1878 loss=3.256, loss_v1=0, loss_v2=0, nll_loss=2.096, ntokens=320, nsentences=64, sample_size=320, sample_size_v1=0, sample_size_v2=0, ppl=4.28, wps=78.4, ups=0.24, wpb=320, bsz=64, num_updates=7460, lr=3.20607e-05, gnorm=8.68, clip=100, loss_scale=64, train_wall=41, gb_free=7.4, wall=42866
2023-04-02 12:42:33 - progress_bar.py[line:272] - INFO: epoch 004:   1849 / 1878 loss=3.276, loss_v1=0, loss_v2=0, nll_loss=2.116, ntokens=320, nsentences=64, sample_size=320, sample_size_v1=0, sample_size_v2=0, ppl=4.33, wps=78.6, ups=0.25, wpb=320, bsz=64, num_updates=7470, lr=3.20324e-05, gnorm=8.485, clip=100, loss_scale=64, train_wall=40, gb_free=7.4, wall=42907
2023-04-02 12:43:14 - progress_bar.py[line:272] - INFO: epoch 004:   1859 / 1878 loss=3.275, loss_v1=0, loss_v2=0, nll_loss=2.117, ntokens=320, nsentences=64, sample_size=320, sample_size_v1=0, sample_size_v2=0, ppl=4.34, wps=78.5, ups=0.25, wpb=320, bsz=64, num_updates=7480, lr=3.20041e-05, gnorm=8.606, clip=100, loss_scale=64, train_wall=41, gb_free=7.4, wall=42947
2023-04-02 12:43:54 - progress_bar.py[line:272] - INFO: epoch 004:   1869 / 1878 loss=3.27, loss_v1=0, loss_v2=0, nll_loss=2.115, ntokens=320, nsentences=64, sample_size=320, sample_size_v1=0, sample_size_v2=0, ppl=4.33, wps=78.6, ups=0.25, wpb=320, bsz=64, num_updates=7490, lr=3.19758e-05, gnorm=9.117, clip=100, loss_scale=64, train_wall=40, gb_free=7.4, wall=42988
2023-04-02 12:44:30 - train.py[line:445] - INFO: begin validation on "valid" subset
slice_id 0 seek offset 0
slice_id 1 seek offset 5379
slice_id 0 seek offset 0
slice_id 1 seek offset 5379
2023-04-02 12:55:49 - progress_bar.py[line:282] - INFO: epoch 004 | valid on 'valid' subset | loss 4.629 | loss_v1 0 | loss_v2 0 | nll_loss 3.615 | ntokens 39.993 | nsentences 7.999 | sample_size 39.993 | sample_size_v1 0 | sample_size_v2 0 | ppl 12.25 | score 0.8135 | wps 79.2 | wpb 40 | bsz 8 | num_updates 7499 | best_score 0.8143
local datafile ../../dataset/refcocoplus_data/refcocoplus_train.tsv slice_id 1 begin to initialize row_count and line_idx-to-offset mapping
2023-04-02 12:55:49 - checkpoint_utils.py[line:64] - INFO: Preparing to save checkpoint for epoch 4 @ 7499 updates
2023-04-02 12:55:49 - trainer.py[line:431] - INFO: Saving checkpoint to ./refcocoplus_scratch_checkpoints/10_5e-5_512/checkpoint_last.pt
2023-04-02 12:56:07 - trainer.py[line:441] - INFO: Finished saving checkpoint to ./refcocoplus_scratch_checkpoints/10_5e-5_512/checkpoint_last.pt
2023-04-02 12:56:08 - checkpoint_utils.py[line:133] - INFO: Saved checkpoint ./refcocoplus_scratch_checkpoints/10_5e-5_512/checkpoint_last.pt (epoch 4 @ 7499 updates, score 0.8135) (writing took 18.727326311171055 seconds)
2023-04-02 12:56:08 - train.py[line:332] - INFO: end of epoch 4 (average epoch stats below)
2023-04-02 12:56:08 - progress_bar.py[line:282] - INFO: epoch 004 | loss 3.356 | loss_v1 0 | loss_v2 0 | nll_loss 2.212 | ntokens 319.997 | nsentences 63.999 | sample_size 319.997 | sample_size_v1 0 | sample_size_v2 0 | ppl 4.63 | wps 57 | ups 0.18 | wpb 320 | bsz 64 | num_updates 7499 | lr 3.19503e-05 | gnorm 8.333 | clip 100 | loss_scale 64 | train_wall 7629 | gb_free 7.4 | wall 43722
2023-04-02 12:56:08 - trainer.py[line:639] - INFO: loading train data for epoch 5
local datafile ../../dataset/refcocoplus_data/refcocoplus_train.tsv slice_id 0 begin to initialize row_count and line_idx-to-offset mapping
local datafile ../../dataset/refcocoplus_data/refcocoplus_train.tsv slice_id 1 finished initializing row_count and line_idx-to-offset mapping
file ../../dataset/refcocoplus_data/refcocoplus_train.tsv slice_id 1 row count 60095 total row count 120191
slice_id 1 seek offset 60096
local datafile ../../dataset/refcocoplus_data/refcocoplus_train.tsv slice_id 0 finished initializing row_count and line_idx-to-offset mapping
file ../../dataset/refcocoplus_data/refcocoplus_train.tsv slice_id 0 row count 60096 total row count 120191
slice_id 0 seek offset 0
2023-04-02 12:56:22 - trainer.py[line:703] - INFO: begin training epoch 5
2023-04-02 12:56:22 - train.py[line:305] - INFO: Start iterating over samples
2023-04-02 12:56:26 - progress_bar.py[line:272] - INFO: epoch 005:      1 / 1878 loss=3.234, loss_v1=0, loss_v2=0, nll_loss=2.071, ntokens=320, nsentences=64, sample_size=320, sample_size_v1=0, sample_size_v2=0, ppl=4.2, wps=4.3, ups=0.01, wpb=320, bsz=64, num_updates=7500, lr=3.19474e-05, gnorm=9.244, clip=100, loss_scale=64, train_wall=39, gb_free=7.4, wall=43740
2023-04-02 12:56:26 - train.py[line:445] - INFO: begin validation on "valid" subset
slice_id 0 seek offset 0
slice_id 1 seek offset 5379
slice_id 0 seek offset 0
slice_id 1 seek offset 5379
2023-04-02 13:07:43 - progress_bar.py[line:282] - INFO: epoch 005 | valid on 'valid' subset | loss 4.632 | loss_v1 0 | loss_v2 0 | nll_loss 3.618 | ntokens 39.993 | nsentences 7.999 | sample_size 39.993 | sample_size_v1 0 | sample_size_v2 0 | ppl 12.28 | score 0.8126 | wps 79.5 | wpb 40 | bsz 8 | num_updates 7500 | best_score 0.8143
2023-04-02 13:07:43 - checkpoint_utils.py[line:64] - INFO: Preparing to save checkpoint for epoch 5 @ 7500 updates
2023-04-02 13:07:43 - trainer.py[line:431] - INFO: Saving checkpoint to ./refcocoplus_scratch_checkpoints/10_5e-5_512/checkpoint_5_7500.pt
2023-04-02 13:08:04 - trainer.py[line:441] - INFO: Finished saving checkpoint to ./refcocoplus_scratch_checkpoints/10_5e-5_512/checkpoint_5_7500.pt
2023-04-02 13:08:14 - checkpoint_utils.py[line:133] - INFO: Saved checkpoint ./refcocoplus_scratch_checkpoints/10_5e-5_512/checkpoint_5_7500.pt (epoch 5 @ 7500 updates, score 0.8126) (writing took 31.268245468847454 seconds)
2023-04-02 13:08:54 - progress_bar.py[line:272] - INFO: epoch 005:     11 / 1878 loss=3.273, loss_v1=0, loss_v2=0, nll_loss=2.116, ntokens=320, nsentences=64, sample_size=320, sample_size_v1=0, sample_size_v2=0, ppl=4.34, wps=4.3, ups=0.01, wpb=320, bsz=64, num_updates=7510, lr=3.19191e-05, gnorm=10.366, clip=100, loss_scale=64, train_wall=40, gb_free=7.4, wall=44488
2023-04-02 13:09:35 - progress_bar.py[line:272] - INFO: epoch 005:     21 / 1878 loss=3.278, loss_v1=0, loss_v2=0, nll_loss=2.122, ntokens=320, nsentences=64, sample_size=320, sample_size_v1=0, sample_size_v2=0, ppl=4.35, wps=78.3, ups=0.24, wpb=320, bsz=64, num_updates=7520, lr=3.18908e-05, gnorm=8.738, clip=100, loss_scale=64, train_wall=41, gb_free=7.5, wall=44529
2023-04-02 13:10:16 - progress_bar.py[line:272] - INFO: epoch 005:     31 / 1878 loss=3.255, loss_v1=0, loss_v2=0, nll_loss=2.094, ntokens=320, nsentences=64, sample_size=320, sample_size_v1=0, sample_size_v2=0, ppl=4.27, wps=78.4, ups=0.25, wpb=320, bsz=64, num_updates=7530, lr=3.18625e-05, gnorm=9.4, clip=100, loss_scale=64, train_wall=41, gb_free=7.4, wall=44570
2023-04-02 13:10:57 - progress_bar.py[line:272] - INFO: epoch 005:     41 / 1878 loss=3.263, loss_v1=0, loss_v2=0, nll_loss=2.1, ntokens=320, nsentences=64, sample_size=320, sample_size_v1=0, sample_size_v2=0, ppl=4.29, wps=78.5, ups=0.25, wpb=320, bsz=64, num_updates=7540, lr=3.18341e-05, gnorm=9.327, clip=100, loss_scale=64, train_wall=40, gb_free=7.4, wall=44610
2023-04-02 13:11:38 - progress_bar.py[line:272] - INFO: epoch 005:     51 / 1878 loss=3.299, loss_v1=0, loss_v2=0, nll_loss=2.144, ntokens=320, nsentences=64, sample_size=320, sample_size_v1=0, sample_size_v2=0, ppl=4.42, wps=78.1, ups=0.24, wpb=320, bsz=64, num_updates=7550, lr=3.18058e-05, gnorm=9.342, clip=100, loss_scale=64, train_wall=41, gb_free=7.5, wall=44651
2023-04-02 13:12:18 - progress_bar.py[line:272] - INFO: epoch 005:     61 / 1878 loss=3.281, loss_v1=0, loss_v2=0, nll_loss=2.13, ntokens=320, nsentences=64, sample_size=320, sample_size_v1=0, sample_size_v2=0, ppl=4.38, wps=78.3, ups=0.24, wpb=320, bsz=64, num_updates=7560, lr=3.17775e-05, gnorm=8.504, clip=100, loss_scale=64, train_wall=41, gb_free=7.4, wall=44692
2023-04-02 13:12:59 - progress_bar.py[line:272] - INFO: epoch 005:     71 / 1878 loss=3.278, loss_v1=0, loss_v2=0, nll_loss=2.121, ntokens=319.5, nsentences=63.9, sample_size=319.5, sample_size_v1=0, sample_size_v2=0, ppl=4.35, wps=78.1, ups=0.24, wpb=319.5, bsz=63.9, num_updates=7570, lr=3.17492e-05, gnorm=9.175, clip=100, loss_scale=64, train_wall=41, gb_free=7.4, wall=44733
2023-04-02 13:13:40 - progress_bar.py[line:272] - INFO: epoch 005:     81 / 1878 loss=3.286, loss_v1=0, loss_v2=0, nll_loss=2.129, ntokens=320, nsentences=64, sample_size=320, sample_size_v1=0, sample_size_v2=0, ppl=4.37, wps=78.5, ups=0.25, wpb=320, bsz=64, num_updates=7580, lr=3.17209e-05, gnorm=10.355, clip=100, loss_scale=64, train_wall=41, gb_free=7.4, wall=44774
2023-04-02 13:14:21 - progress_bar.py[line:272] - INFO: epoch 005:     91 / 1878 loss=3.3, loss_v1=0, loss_v2=0, nll_loss=2.15, ntokens=320, nsentences=64, sample_size=320, sample_size_v1=0, sample_size_v2=0, ppl=4.44, wps=78.8, ups=0.25, wpb=320, bsz=64, num_updates=7590, lr=3.16925e-05, gnorm=9.877, clip=100, loss_scale=64, train_wall=40, gb_free=7.4, wall=44815
2023-04-02 13:15:01 - progress_bar.py[line:272] - INFO: epoch 005:    101 / 1878 loss=3.315, loss_v1=0, loss_v2=0, nll_loss=2.164, ntokens=320, nsentences=64, sample_size=320, sample_size_v1=0, sample_size_v2=0, ppl=4.48, wps=78.6, ups=0.25, wpb=320, bsz=64, num_updates=7600, lr=3.16642e-05, gnorm=10.177, clip=100, loss_scale=64, train_wall=40, gb_free=7.4, wall=44855
2023-04-02 13:15:43 - progress_bar.py[line:272] - INFO: epoch 005:    111 / 1878 loss=3.245, loss_v1=0, loss_v2=0, nll_loss=2.085, ntokens=320, nsentences=64, sample_size=320, sample_size_v1=0, sample_size_v2=0, ppl=4.24, wps=77.7, ups=0.24, wpb=320, bsz=64, num_updates=7610, lr=3.16359e-05, gnorm=8.683, clip=100, loss_scale=64, train_wall=41, gb_free=7.4, wall=44896
2023-04-02 13:16:23 - progress_bar.py[line:272] - INFO: epoch 005:    121 / 1878 loss=3.284, loss_v1=0, loss_v2=0, nll_loss=2.132, ntokens=320, nsentences=64, sample_size=320, sample_size_v1=0, sample_size_v2=0, ppl=4.38, wps=78.3, ups=0.24, wpb=320, bsz=64, num_updates=7620, lr=3.16076e-05, gnorm=9.239, clip=100, loss_scale=64, train_wall=41, gb_free=7.4, wall=44937
2023-04-02 13:17:04 - progress_bar.py[line:272] - INFO: epoch 005:    131 / 1878 loss=3.307, loss_v1=0, loss_v2=0, nll_loss=2.159, ntokens=320, nsentences=64, sample_size=320, sample_size_v1=0, sample_size_v2=0, ppl=4.46, wps=78, ups=0.24, wpb=320, bsz=64, num_updates=7630, lr=3.15792e-05, gnorm=8.225, clip=100, loss_scale=64, train_wall=41, gb_free=7.4, wall=44978
2023-04-02 13:17:46 - progress_bar.py[line:272] - INFO: epoch 005:    141 / 1878 loss=3.254, loss_v1=0, loss_v2=0, nll_loss=2.096, ntokens=320, nsentences=64, sample_size=320, sample_size_v1=0, sample_size_v2=0, ppl=4.28, wps=77.7, ups=0.24, wpb=320, bsz=64, num_updates=7640, lr=3.15509e-05, gnorm=8.534, clip=100, loss_scale=64, train_wall=41, gb_free=7.4, wall=45019
2023-04-02 13:18:27 - progress_bar.py[line:272] - INFO: epoch 005:    151 / 1878 loss=3.268, loss_v1=0, loss_v2=0, nll_loss=2.11, ntokens=320, nsentences=64, sample_size=320, sample_size_v1=0, sample_size_v2=0, ppl=4.32, wps=78, ups=0.24, wpb=320, bsz=64, num_updates=7650, lr=3.15226e-05, gnorm=9.809, clip=100, loss_scale=64, train_wall=41, gb_free=7.4, wall=45061
2023-04-02 13:19:08 - progress_bar.py[line:272] - INFO: epoch 005:    161 / 1878 loss=3.321, loss_v1=0, loss_v2=0, nll_loss=2.173, ntokens=320, nsentences=64, sample_size=320, sample_size_v1=0, sample_size_v2=0, ppl=4.51, wps=78, ups=0.24, wpb=320, bsz=64, num_updates=7660, lr=3.14943e-05, gnorm=9.31, clip=100, loss_scale=64, train_wall=41, gb_free=7.4, wall=45102
2023-04-02 13:19:48 - progress_bar.py[line:272] - INFO: epoch 005:    171 / 1878 loss=3.304, loss_v1=0, loss_v2=0, nll_loss=2.156, ntokens=320, nsentences=64, sample_size=320, sample_size_v1=0, sample_size_v2=0, ppl=4.46, wps=78.4, ups=0.25, wpb=320, bsz=64, num_updates=7670, lr=3.1466e-05, gnorm=9.092, clip=100, loss_scale=64, train_wall=41, gb_free=7.4, wall=45142
2023-04-02 13:20:29 - progress_bar.py[line:272] - INFO: epoch 005:    181 / 1878 loss=3.307, loss_v1=0, loss_v2=0, nll_loss=2.152, ntokens=320, nsentences=64, sample_size=320, sample_size_v1=0, sample_size_v2=0, ppl=4.44, wps=78.1, ups=0.24, wpb=320, bsz=64, num_updates=7680, lr=3.14376e-05, gnorm=8.851, clip=100, loss_scale=64, train_wall=41, gb_free=7.4, wall=45183
2023-04-02 13:21:10 - progress_bar.py[line:272] - INFO: epoch 005:    191 / 1878 loss=3.288, loss_v1=0, loss_v2=0, nll_loss=2.134, ntokens=320, nsentences=64, sample_size=320, sample_size_v1=0, sample_size_v2=0, ppl=4.39, wps=78.7, ups=0.25, wpb=320, bsz=64, num_updates=7690, lr=3.14093e-05, gnorm=9.213, clip=100, loss_scale=64, train_wall=40, gb_free=7.4, wall=45224
2023-04-02 13:21:51 - progress_bar.py[line:272] - INFO: epoch 005:    201 / 1878 loss=3.284, loss_v1=0, loss_v2=0, nll_loss=2.127, ntokens=320, nsentences=64, sample_size=320, sample_size_v1=0, sample_size_v2=0, ppl=4.37, wps=78.3, ups=0.24, wpb=320, bsz=64, num_updates=7700, lr=3.1381e-05, gnorm=9.548, clip=100, loss_scale=64, train_wall=41, gb_free=7.4, wall=45265
2023-04-02 13:22:32 - progress_bar.py[line:272] - INFO: epoch 005:    211 / 1878 loss=3.32, loss_v1=0, loss_v2=0, nll_loss=2.172, ntokens=320, nsentences=64, sample_size=320, sample_size_v1=0, sample_size_v2=0, ppl=4.51, wps=78.6, ups=0.25, wpb=320, bsz=64, num_updates=7710, lr=3.13527e-05, gnorm=9.152, clip=100, loss_scale=64, train_wall=41, gb_free=7.4, wall=45306
2023-04-02 13:23:12 - progress_bar.py[line:272] - INFO: epoch 005:    221 / 1878 loss=3.306, loss_v1=0, loss_v2=0, nll_loss=2.157, ntokens=320, nsentences=64, sample_size=320, sample_size_v1=0, sample_size_v2=0, ppl=4.46, wps=78.8, ups=0.25, wpb=320, bsz=64, num_updates=7720, lr=3.13243e-05, gnorm=8.858, clip=100, loss_scale=64, train_wall=40, gb_free=7.4, wall=45346
2023-04-02 13:23:53 - progress_bar.py[line:272] - INFO: epoch 005:    231 / 1878 loss=3.305, loss_v1=0, loss_v2=0, nll_loss=2.152, ntokens=320, nsentences=64, sample_size=320, sample_size_v1=0, sample_size_v2=0, ppl=4.45, wps=78.2, ups=0.24, wpb=320, bsz=64, num_updates=7730, lr=3.1296e-05, gnorm=8.88, clip=100, loss_scale=64, train_wall=41, gb_free=7.4, wall=45387
2023-04-02 13:24:34 - progress_bar.py[line:272] - INFO: epoch 005:    241 / 1878 loss=3.31, loss_v1=0, loss_v2=0, nll_loss=2.16, ntokens=320, nsentences=64, sample_size=320, sample_size_v1=0, sample_size_v2=0, ppl=4.47, wps=78, ups=0.24, wpb=320, bsz=64, num_updates=7740, lr=3.12677e-05, gnorm=9.716, clip=100, loss_scale=64, train_wall=41, gb_free=7.4, wall=45428
2023-04-02 13:25:15 - progress_bar.py[line:272] - INFO: epoch 005:    251 / 1878 loss=3.317, loss_v1=0, loss_v2=0, nll_loss=2.172, ntokens=320, nsentences=64, sample_size=320, sample_size_v1=0, sample_size_v2=0, ppl=4.51, wps=78.1, ups=0.24, wpb=320, bsz=64, num_updates=7750, lr=3.12394e-05, gnorm=8.488, clip=100, loss_scale=64, train_wall=41, gb_free=7.4, wall=45469
2023-04-02 13:25:56 - progress_bar.py[line:272] - INFO: epoch 005:    261 / 1878 loss=3.224, loss_v1=0, loss_v2=0, nll_loss=2.06, ntokens=320, nsentences=64, sample_size=320, sample_size_v1=0, sample_size_v2=0, ppl=4.17, wps=78, ups=0.24, wpb=320, bsz=64, num_updates=7760, lr=3.12111e-05, gnorm=9.173, clip=100, loss_scale=64, train_wall=41, gb_free=7.4, wall=45510
2023-04-02 13:26:37 - progress_bar.py[line:272] - INFO: epoch 005:    271 / 1878 loss=3.278, loss_v1=0, loss_v2=0, nll_loss=2.119, ntokens=320, nsentences=64, sample_size=320, sample_size_v1=0, sample_size_v2=0, ppl=4.34, wps=78.5, ups=0.25, wpb=320, bsz=64, num_updates=7770, lr=3.11827e-05, gnorm=9.329, clip=100, loss_scale=64, train_wall=41, gb_free=7.4, wall=45551
2023-04-02 13:27:18 - progress_bar.py[line:272] - INFO: epoch 005:    281 / 1878 loss=3.295, loss_v1=0, loss_v2=0, nll_loss=2.143, ntokens=320, nsentences=64, sample_size=320, sample_size_v1=0, sample_size_v2=0, ppl=4.42, wps=78.5, ups=0.25, wpb=320, bsz=64, num_updates=7780, lr=3.11544e-05, gnorm=9.334, clip=100, loss_scale=64, train_wall=41, gb_free=7.4, wall=45592
2023-04-02 13:27:59 - progress_bar.py[line:272] - INFO: epoch 005:    291 / 1878 loss=3.289, loss_v1=0, loss_v2=0, nll_loss=2.138, ntokens=320, nsentences=64, sample_size=320, sample_size_v1=0, sample_size_v2=0, ppl=4.4, wps=78.5, ups=0.25, wpb=320, bsz=64, num_updates=7790, lr=3.11261e-05, gnorm=9.362, clip=100, loss_scale=64, train_wall=41, gb_free=7.4, wall=45632
2023-04-02 13:28:39 - trainer.py[line:921] - INFO: NOTE: gradient overflow detected, ignoring gradient, setting loss scale to: 32.0
2023-04-02 13:28:43 - progress_bar.py[line:272] - INFO: epoch 005:    302 / 1878 loss=3.277, loss_v1=0, loss_v2=0, nll_loss=2.124, ntokens=320, nsentences=64, sample_size=320, sample_size_v1=0, sample_size_v2=0, ppl=4.36, wps=71.5, ups=0.22, wpb=320, bsz=64, num_updates=7800, lr=3.10978e-05, gnorm=9.414, clip=100, loss_scale=32, train_wall=44, gb_free=7.4, wall=45677
2023-04-02 13:29:24 - progress_bar.py[line:272] - INFO: epoch 005:    312 / 1878 loss=3.235, loss_v1=0, loss_v2=0, nll_loss=2.075, ntokens=320, nsentences=64, sample_size=320, sample_size_v1=0, sample_size_v2=0, ppl=4.21, wps=78.8, ups=0.25, wpb=320, bsz=64, num_updates=7810, lr=3.10694e-05, gnorm=9.234, clip=100, loss_scale=32, train_wall=40, gb_free=7.4, wall=45718
2023-04-02 13:30:05 - progress_bar.py[line:272] - INFO: epoch 005:    322 / 1878 loss=3.246, loss_v1=0, loss_v2=0, nll_loss=2.079, ntokens=320, nsentences=64, sample_size=320, sample_size_v1=0, sample_size_v2=0, ppl=4.22, wps=78.6, ups=0.25, wpb=320, bsz=64, num_updates=7820, lr=3.10411e-05, gnorm=8.393, clip=100, loss_scale=32, train_wall=40, gb_free=7.4, wall=45759
2023-04-02 13:30:45 - progress_bar.py[line:272] - INFO: epoch 005:    332 / 1878 loss=3.292, loss_v1=0, loss_v2=0, nll_loss=2.138, ntokens=320, nsentences=64, sample_size=320, sample_size_v1=0, sample_size_v2=0, ppl=4.4, wps=78.7, ups=0.25, wpb=320, bsz=64, num_updates=7830, lr=3.10128e-05, gnorm=10.094, clip=100, loss_scale=32, train_wall=40, gb_free=7.5, wall=45799
2023-04-02 13:31:26 - progress_bar.py[line:272] - INFO: epoch 005:    342 / 1878 loss=3.266, loss_v1=0, loss_v2=0, nll_loss=2.112, ntokens=320, nsentences=64, sample_size=320, sample_size_v1=0, sample_size_v2=0, ppl=4.32, wps=78.5, ups=0.25, wpb=320, bsz=64, num_updates=7840, lr=3.09845e-05, gnorm=8.34, clip=100, loss_scale=32, train_wall=40, gb_free=7.4, wall=45840
2023-04-02 13:32:07 - progress_bar.py[line:272] - INFO: epoch 005:    352 / 1878 loss=3.28, loss_v1=0, loss_v2=0, nll_loss=2.125, ntokens=320, nsentences=64, sample_size=320, sample_size_v1=0, sample_size_v2=0, ppl=4.36, wps=78.3, ups=0.24, wpb=320, bsz=64, num_updates=7850, lr=3.09562e-05, gnorm=8.828, clip=100, loss_scale=32, train_wall=41, gb_free=7.4, wall=45881
2023-04-02 13:32:48 - progress_bar.py[line:272] - INFO: epoch 005:    362 / 1878 loss=3.274, loss_v1=0, loss_v2=0, nll_loss=2.118, ntokens=320, nsentences=64, sample_size=320, sample_size_v1=0, sample_size_v2=0, ppl=4.34, wps=78.6, ups=0.25, wpb=320, bsz=64, num_updates=7860, lr=3.09278e-05, gnorm=8.972, clip=100, loss_scale=32, train_wall=41, gb_free=7.4, wall=45922
2023-04-02 13:33:28 - progress_bar.py[line:272] - INFO: epoch 005:    372 / 1878 loss=3.301, loss_v1=0, loss_v2=0, nll_loss=2.144, ntokens=320, nsentences=64, sample_size=320, sample_size_v1=0, sample_size_v2=0, ppl=4.42, wps=78.4, ups=0.25, wpb=320, bsz=64, num_updates=7870, lr=3.08995e-05, gnorm=10.056, clip=100, loss_scale=32, train_wall=41, gb_free=7.4, wall=45962
2023-04-02 13:34:09 - progress_bar.py[line:272] - INFO: epoch 005:    382 / 1878 loss=3.291, loss_v1=0, loss_v2=0, nll_loss=2.137, ntokens=320, nsentences=64, sample_size=320, sample_size_v1=0, sample_size_v2=0, ppl=4.4, wps=78.3, ups=0.24, wpb=320, bsz=64, num_updates=7880, lr=3.08712e-05, gnorm=9.358, clip=100, loss_scale=32, train_wall=41, gb_free=7.4, wall=46003
2023-04-02 13:34:50 - progress_bar.py[line:272] - INFO: epoch 005:    392 / 1878 loss=3.229, loss_v1=0, loss_v2=0, nll_loss=2.065, ntokens=320, nsentences=64, sample_size=320, sample_size_v1=0, sample_size_v2=0, ppl=4.18, wps=78.6, ups=0.25, wpb=320, bsz=64, num_updates=7890, lr=3.08429e-05, gnorm=8.771, clip=100, loss_scale=32, train_wall=40, gb_free=7.4, wall=46044
2023-04-02 13:35:31 - progress_bar.py[line:272] - INFO: epoch 005:    402 / 1878 loss=3.254, loss_v1=0, loss_v2=0, nll_loss=2.093, ntokens=320, nsentences=64, sample_size=320, sample_size_v1=0, sample_size_v2=0, ppl=4.27, wps=78.4, ups=0.25, wpb=320, bsz=64, num_updates=7900, lr=3.08145e-05, gnorm=8.207, clip=100, loss_scale=32, train_wall=41, gb_free=7.4, wall=46085
2023-04-02 13:36:12 - progress_bar.py[line:272] - INFO: epoch 005:    412 / 1878 loss=3.226, loss_v1=0, loss_v2=0, nll_loss=2.06, ntokens=320, nsentences=64, sample_size=320, sample_size_v1=0, sample_size_v2=0, ppl=4.17, wps=78.4, ups=0.25, wpb=320, bsz=64, num_updates=7910, lr=3.07862e-05, gnorm=9.518, clip=100, loss_scale=32, train_wall=41, gb_free=7.5, wall=46126
2023-04-02 13:36:52 - progress_bar.py[line:272] - INFO: epoch 005:    422 / 1878 loss=3.285, loss_v1=0, loss_v2=0, nll_loss=2.135, ntokens=320, nsentences=64, sample_size=320, sample_size_v1=0, sample_size_v2=0, ppl=4.39, wps=78.4, ups=0.24, wpb=320, bsz=64, num_updates=7920, lr=3.07579e-05, gnorm=9.639, clip=100, loss_scale=32, train_wall=41, gb_free=7.4, wall=46166
2023-04-02 13:37:33 - progress_bar.py[line:272] - INFO: epoch 005:    432 / 1878 loss=3.255, loss_v1=0, loss_v2=0, nll_loss=2.097, ntokens=320, nsentences=64, sample_size=320, sample_size_v1=0, sample_size_v2=0, ppl=4.28, wps=78.4, ups=0.24, wpb=320, bsz=64, num_updates=7930, lr=3.07296e-05, gnorm=8.577, clip=100, loss_scale=32, train_wall=41, gb_free=7.4, wall=46207
2023-04-02 13:38:14 - progress_bar.py[line:272] - INFO: epoch 005:    442 / 1878 loss=3.278, loss_v1=0, loss_v2=0, nll_loss=2.121, ntokens=320, nsentences=64, sample_size=320, sample_size_v1=0, sample_size_v2=0, ppl=4.35, wps=78.1, ups=0.24, wpb=320, bsz=64, num_updates=7940, lr=3.07013e-05, gnorm=8.999, clip=100, loss_scale=32, train_wall=41, gb_free=7.4, wall=46248
2023-04-02 13:38:55 - progress_bar.py[line:272] - INFO: epoch 005:    452 / 1878 loss=3.227, loss_v1=0, loss_v2=0, nll_loss=2.067, ntokens=320, nsentences=64, sample_size=320, sample_size_v1=0, sample_size_v2=0, ppl=4.19, wps=78.3, ups=0.24, wpb=320, bsz=64, num_updates=7950, lr=3.06729e-05, gnorm=8.737, clip=100, loss_scale=32, train_wall=41, gb_free=7.4, wall=46289
2023-04-02 13:39:36 - progress_bar.py[line:272] - INFO: epoch 005:    462 / 1878 loss=3.249, loss_v1=0, loss_v2=0, nll_loss=2.086, ntokens=320, nsentences=64, sample_size=320, sample_size_v1=0, sample_size_v2=0, ppl=4.25, wps=78.1, ups=0.24, wpb=320, bsz=64, num_updates=7960, lr=3.06446e-05, gnorm=9.63, clip=100, loss_scale=32, train_wall=41, gb_free=7.4, wall=46330
2023-04-02 13:40:17 - progress_bar.py[line:272] - INFO: epoch 005:    472 / 1878 loss=3.252, loss_v1=0, loss_v2=0, nll_loss=2.094, ntokens=320, nsentences=64, sample_size=320, sample_size_v1=0, sample_size_v2=0, ppl=4.27, wps=77.9, ups=0.24, wpb=320, bsz=64, num_updates=7970, lr=3.06163e-05, gnorm=8.924, clip=100, loss_scale=32, train_wall=41, gb_free=7.4, wall=46371
2023-04-02 13:40:58 - progress_bar.py[line:272] - INFO: epoch 005:    482 / 1878 loss=3.216, loss_v1=0, loss_v2=0, nll_loss=2.052, ntokens=320, nsentences=64, sample_size=320, sample_size_v1=0, sample_size_v2=0, ppl=4.15, wps=78.1, ups=0.24, wpb=320, bsz=64, num_updates=7980, lr=3.0588e-05, gnorm=9.596, clip=100, loss_scale=32, train_wall=41, gb_free=7.4, wall=46412
2023-04-02 13:41:39 - progress_bar.py[line:272] - INFO: epoch 005:    492 / 1878 loss=3.18, loss_v1=0, loss_v2=0, nll_loss=2.015, ntokens=320, nsentences=64, sample_size=320, sample_size_v1=0, sample_size_v2=0, ppl=4.04, wps=78.1, ups=0.24, wpb=320, bsz=64, num_updates=7990, lr=3.05596e-05, gnorm=8.852, clip=100, loss_scale=32, train_wall=41, gb_free=7.4, wall=46453
slice_id 1 seek offset 5379
2023-04-02 13:42:20 - progress_bar.py[line:272] - INFO: epoch 005:    502 / 1878 loss=3.268, loss_v1=0, loss_v2=0, nll_loss=2.109, ntokens=320, nsentences=64, sample_size=320, sample_size_v1=0, sample_size_v2=0, ppl=4.31, wps=77.9, ups=0.24, wpb=320, bsz=64, num_updates=8000, lr=3.05313e-05, gnorm=11.14, clip=100, loss_scale=32, train_wall=41, gb_free=7.4, wall=46494
2023-04-02 13:42:20 - train.py[line:445] - INFO: begin validation on "valid" subset
slice_id 0 seek offset 0
slice_id 1 seek offset 5379
slice_id 0 seek offset 0
2023-04-02 13:53:37 - progress_bar.py[line:282] - INFO: epoch 005 | valid on 'valid' subset | loss 4.653 | loss_v1 0 | loss_v2 0 | nll_loss 3.642 | ntokens 39.993 | nsentences 7.999 | sample_size 39.993 | sample_size_v1 0 | sample_size_v2 0 | ppl 12.48 | score 0.8146 | wps 79.6 | wpb 40 | bsz 8 | num_updates 8000 | best_score 0.8146
2023-04-02 13:53:37 - checkpoint_utils.py[line:64] - INFO: Preparing to save checkpoint for epoch 5 @ 8000 updates
2023-04-02 13:53:37 - trainer.py[line:431] - INFO: Saving checkpoint to ./refcocoplus_scratch_checkpoints/10_5e-5_512/checkpoint_5_8000.pt
2023-04-02 13:53:56 - trainer.py[line:441] - INFO: Finished saving checkpoint to ./refcocoplus_scratch_checkpoints/10_5e-5_512/checkpoint_5_8000.pt
2023-04-02 13:54:26 - checkpoint_utils.py[line:133] - INFO: Saved checkpoint ./refcocoplus_scratch_checkpoints/10_5e-5_512/checkpoint_5_8000.pt (epoch 5 @ 8000 updates, score 0.8146) (writing took 48.92941861227155 seconds)
2023-04-02 13:55:06 - progress_bar.py[line:272] - INFO: epoch 005:    512 / 1878 loss=3.242, loss_v1=0, loss_v2=0, nll_loss=2.081, ntokens=320, nsentences=64, sample_size=320, sample_size_v1=0, sample_size_v2=0, ppl=4.23, wps=4.2, ups=0.01, wpb=320, bsz=64, num_updates=8010, lr=3.0503e-05, gnorm=8.425, clip=100, loss_scale=32, train_wall=40, gb_free=7.4, wall=47260
2023-04-02 13:55:47 - progress_bar.py[line:272] - INFO: epoch 005:    522 / 1878 loss=3.243, loss_v1=0, loss_v2=0, nll_loss=2.085, ntokens=320, nsentences=64, sample_size=320, sample_size_v1=0, sample_size_v2=0, ppl=4.24, wps=78.6, ups=0.25, wpb=320, bsz=64, num_updates=8020, lr=3.04747e-05, gnorm=8.663, clip=100, loss_scale=32, train_wall=40, gb_free=7.4, wall=47301
2023-04-02 13:56:28 - progress_bar.py[line:272] - INFO: epoch 005:    532 / 1878 loss=3.257, loss_v1=0, loss_v2=0, nll_loss=2.098, ntokens=320, nsentences=64, sample_size=320, sample_size_v1=0, sample_size_v2=0, ppl=4.28, wps=78.4, ups=0.25, wpb=320, bsz=64, num_updates=8030, lr=3.04464e-05, gnorm=9.232, clip=100, loss_scale=32, train_wall=41, gb_free=7.4, wall=47341
2023-04-02 13:57:08 - progress_bar.py[line:272] - INFO: epoch 005:    542 / 1878 loss=3.209, loss_v1=0, loss_v2=0, nll_loss=2.043, ntokens=320, nsentences=64, sample_size=320, sample_size_v1=0, sample_size_v2=0, ppl=4.12, wps=78.4, ups=0.25, wpb=320, bsz=64, num_updates=8040, lr=3.0418e-05, gnorm=9.567, clip=100, loss_scale=32, train_wall=41, gb_free=7.4, wall=47382
2023-04-02 13:57:49 - progress_bar.py[line:272] - INFO: epoch 005:    552 / 1878 loss=3.243, loss_v1=0, loss_v2=0, nll_loss=2.079, ntokens=320, nsentences=64, sample_size=320, sample_size_v1=0, sample_size_v2=0, ppl=4.22, wps=78.6, ups=0.25, wpb=320, bsz=64, num_updates=8050, lr=3.03897e-05, gnorm=9.505, clip=100, loss_scale=32, train_wall=40, gb_free=7.4, wall=47423
2023-04-02 13:58:30 - progress_bar.py[line:272] - INFO: epoch 005:    562 / 1878 loss=3.223, loss_v1=0, loss_v2=0, nll_loss=2.066, ntokens=320, nsentences=64, sample_size=320, sample_size_v1=0, sample_size_v2=0, ppl=4.19, wps=78.4, ups=0.24, wpb=320, bsz=64, num_updates=8060, lr=3.03614e-05, gnorm=9.189, clip=100, loss_scale=32, train_wall=41, gb_free=7.4, wall=47464
2023-04-02 13:59:11 - progress_bar.py[line:272] - INFO: epoch 005:    572 / 1878 loss=3.272, loss_v1=0, loss_v2=0, nll_loss=2.11, ntokens=320, nsentences=64, sample_size=320, sample_size_v1=0, sample_size_v2=0, ppl=4.32, wps=78.6, ups=0.25, wpb=320, bsz=64, num_updates=8070, lr=3.03331e-05, gnorm=9.157, clip=100, loss_scale=32, train_wall=40, gb_free=7.4, wall=47504
2023-04-02 13:59:51 - progress_bar.py[line:272] - INFO: epoch 005:    582 / 1878 loss=3.233, loss_v1=0, loss_v2=0, nll_loss=2.071, ntokens=320, nsentences=64, sample_size=320, sample_size_v1=0, sample_size_v2=0, ppl=4.2, wps=78.2, ups=0.24, wpb=320, bsz=64, num_updates=8080, lr=3.03047e-05, gnorm=10.045, clip=100, loss_scale=32, train_wall=41, gb_free=7.4, wall=47545
2023-04-02 14:00:33 - progress_bar.py[line:272] - INFO: epoch 005:    592 / 1878 loss=3.273, loss_v1=0, loss_v2=0, nll_loss=2.117, ntokens=320, nsentences=64, sample_size=320, sample_size_v1=0, sample_size_v2=0, ppl=4.34, wps=77.9, ups=0.24, wpb=320, bsz=64, num_updates=8090, lr=3.02764e-05, gnorm=10.527, clip=100, loss_scale=32, train_wall=41, gb_free=7.4, wall=47586
2023-04-02 14:01:14 - progress_bar.py[line:272] - INFO: epoch 005:    602 / 1878 loss=3.294, loss_v1=0, loss_v2=0, nll_loss=2.144, ntokens=320, nsentences=64, sample_size=320, sample_size_v1=0, sample_size_v2=0, ppl=4.42, wps=77.9, ups=0.24, wpb=320, bsz=64, num_updates=8100, lr=3.02481e-05, gnorm=9.306, clip=100, loss_scale=32, train_wall=41, gb_free=7.4, wall=47628
2023-04-02 14:01:54 - progress_bar.py[line:272] - INFO: epoch 005:    612 / 1878 loss=3.206, loss_v1=0, loss_v2=0, nll_loss=2.041, ntokens=320, nsentences=64, sample_size=320, sample_size_v1=0, sample_size_v2=0, ppl=4.12, wps=79.2, ups=0.25, wpb=320, bsz=64, num_updates=8110, lr=3.02198e-05, gnorm=8.49, clip=100, loss_scale=32, train_wall=40, gb_free=7.4, wall=47668
2023-04-02 14:02:35 - progress_bar.py[line:272] - INFO: epoch 005:    622 / 1878 loss=3.244, loss_v1=0, loss_v2=0, nll_loss=2.084, ntokens=320, nsentences=64, sample_size=320, sample_size_v1=0, sample_size_v2=0, ppl=4.24, wps=78.3, ups=0.24, wpb=320, bsz=64, num_updates=8120, lr=3.01915e-05, gnorm=10.229, clip=100, loss_scale=32, train_wall=41, gb_free=7.4, wall=47709
2023-04-02 14:03:16 - progress_bar.py[line:272] - INFO: epoch 005:    632 / 1878 loss=3.257, loss_v1=0, loss_v2=0, nll_loss=2.099, ntokens=320, nsentences=64, sample_size=320, sample_size_v1=0, sample_size_v2=0, ppl=4.28, wps=78.4, ups=0.24, wpb=320, bsz=64, num_updates=8130, lr=3.01631e-05, gnorm=8.78, clip=100, loss_scale=32, train_wall=41, gb_free=7.4, wall=47750
2023-04-02 14:03:57 - progress_bar.py[line:272] - INFO: epoch 005:    642 / 1878 loss=3.222, loss_v1=0, loss_v2=0, nll_loss=2.057, ntokens=320, nsentences=64, sample_size=320, sample_size_v1=0, sample_size_v2=0, ppl=4.16, wps=78.2, ups=0.24, wpb=320, bsz=64, num_updates=8140, lr=3.01348e-05, gnorm=9.022, clip=100, loss_scale=32, train_wall=41, gb_free=7.4, wall=47791
2023-04-02 14:04:38 - progress_bar.py[line:272] - INFO: epoch 005:    652 / 1878 loss=3.212, loss_v1=0, loss_v2=0, nll_loss=2.046, ntokens=320, nsentences=64, sample_size=320, sample_size_v1=0, sample_size_v2=0, ppl=4.13, wps=78.2, ups=0.24, wpb=320, bsz=64, num_updates=8150, lr=3.01065e-05, gnorm=9.016, clip=100, loss_scale=32, train_wall=41, gb_free=7.4, wall=47831
2023-04-02 14:05:19 - progress_bar.py[line:272] - INFO: epoch 005:    662 / 1878 loss=3.233, loss_v1=0, loss_v2=0, nll_loss=2.071, ntokens=320, nsentences=64, sample_size=320, sample_size_v1=0, sample_size_v2=0, ppl=4.2, wps=78.1, ups=0.24, wpb=320, bsz=64, num_updates=8160, lr=3.00782e-05, gnorm=10.817, clip=100, loss_scale=32, train_wall=41, gb_free=7.4, wall=47872
2023-04-02 14:06:00 - progress_bar.py[line:272] - INFO: epoch 005:    672 / 1878 loss=3.23, loss_v1=0, loss_v2=0, nll_loss=2.069, ntokens=320, nsentences=64, sample_size=320, sample_size_v1=0, sample_size_v2=0, ppl=4.2, wps=78, ups=0.24, wpb=320, bsz=64, num_updates=8170, lr=3.00498e-05, gnorm=10.428, clip=100, loss_scale=32, train_wall=41, gb_free=7.4, wall=47913
2023-04-02 14:06:40 - progress_bar.py[line:272] - INFO: epoch 005:    682 / 1878 loss=3.251, loss_v1=0, loss_v2=0, nll_loss=2.093, ntokens=320, nsentences=64, sample_size=320, sample_size_v1=0, sample_size_v2=0, ppl=4.27, wps=78.4, ups=0.25, wpb=320, bsz=64, num_updates=8180, lr=3.00215e-05, gnorm=9.034, clip=100, loss_scale=32, train_wall=41, gb_free=7.4, wall=47954
2023-04-02 14:07:21 - progress_bar.py[line:272] - INFO: epoch 005:    692 / 1878 loss=3.225, loss_v1=0, loss_v2=0, nll_loss=2.061, ntokens=320, nsentences=64, sample_size=320, sample_size_v1=0, sample_size_v2=0, ppl=4.17, wps=77.9, ups=0.24, wpb=320, bsz=64, num_updates=8190, lr=2.99932e-05, gnorm=9.681, clip=100, loss_scale=32, train_wall=41, gb_free=7.4, wall=47995
2023-04-02 14:08:02 - progress_bar.py[line:272] - INFO: epoch 005:    702 / 1878 loss=3.237, loss_v1=0, loss_v2=0, nll_loss=2.078, ntokens=320, nsentences=64, sample_size=320, sample_size_v1=0, sample_size_v2=0, ppl=4.22, wps=78.2, ups=0.24, wpb=320, bsz=64, num_updates=8200, lr=2.99649e-05, gnorm=9.911, clip=100, loss_scale=32, train_wall=41, gb_free=7.4, wall=48036
2023-04-02 14:08:43 - progress_bar.py[line:272] - INFO: epoch 005:    712 / 1878 loss=3.196, loss_v1=0, loss_v2=0, nll_loss=2.032, ntokens=320, nsentences=64, sample_size=320, sample_size_v1=0, sample_size_v2=0, ppl=4.09, wps=78.2, ups=0.24, wpb=320, bsz=64, num_updates=8210, lr=2.99366e-05, gnorm=9.111, clip=100, loss_scale=32, train_wall=41, gb_free=7.4, wall=48077
2023-04-02 14:09:24 - progress_bar.py[line:272] - INFO: epoch 005:    722 / 1878 loss=3.185, loss_v1=0, loss_v2=0, nll_loss=2.019, ntokens=320, nsentences=64, sample_size=320, sample_size_v1=0, sample_size_v2=0, ppl=4.05, wps=78.6, ups=0.25, wpb=320, bsz=64, num_updates=8220, lr=2.99082e-05, gnorm=9.295, clip=100, loss_scale=32, train_wall=41, gb_free=7.4, wall=48118
2023-04-02 14:10:05 - progress_bar.py[line:272] - INFO: epoch 005:    732 / 1878 loss=3.213, loss_v1=0, loss_v2=0, nll_loss=2.047, ntokens=320, nsentences=64, sample_size=320, sample_size_v1=0, sample_size_v2=0, ppl=4.13, wps=78.4, ups=0.24, wpb=320, bsz=64, num_updates=8230, lr=2.98799e-05, gnorm=8.944, clip=100, loss_scale=32, train_wall=41, gb_free=7.4, wall=48159
2023-04-02 14:10:45 - progress_bar.py[line:272] - INFO: epoch 005:    742 / 1878 loss=3.215, loss_v1=0, loss_v2=0, nll_loss=2.055, ntokens=320, nsentences=64, sample_size=320, sample_size_v1=0, sample_size_v2=0, ppl=4.16, wps=79.1, ups=0.25, wpb=320, bsz=64, num_updates=8240, lr=2.98516e-05, gnorm=9.365, clip=100, loss_scale=32, train_wall=40, gb_free=7.4, wall=48199
2023-04-02 14:11:26 - progress_bar.py[line:272] - INFO: epoch 005:    752 / 1878 loss=3.159, loss_v1=0, loss_v2=0, nll_loss=1.988, ntokens=320, nsentences=64, sample_size=320, sample_size_v1=0, sample_size_v2=0, ppl=3.97, wps=78.5, ups=0.25, wpb=320, bsz=64, num_updates=8250, lr=2.98233e-05, gnorm=9.553, clip=100, loss_scale=32, train_wall=41, gb_free=7.4, wall=48240
2023-04-02 14:12:07 - progress_bar.py[line:272] - INFO: epoch 005:    762 / 1878 loss=3.128, loss_v1=0, loss_v2=0, nll_loss=1.953, ntokens=320, nsentences=64, sample_size=320, sample_size_v1=0, sample_size_v2=0, ppl=3.87, wps=78.2, ups=0.24, wpb=320, bsz=64, num_updates=8260, lr=2.97949e-05, gnorm=9.402, clip=100, loss_scale=32, train_wall=41, gb_free=7.5, wall=48281
2023-04-02 14:12:48 - progress_bar.py[line:272] - INFO: epoch 005:    772 / 1878 loss=3.172, loss_v1=0, loss_v2=0, nll_loss=1.998, ntokens=320, nsentences=64, sample_size=320, sample_size_v1=0, sample_size_v2=0, ppl=3.99, wps=78.1, ups=0.24, wpb=320, bsz=64, num_updates=8270, lr=2.97666e-05, gnorm=8.83, clip=100, loss_scale=32, train_wall=41, gb_free=7.4, wall=48322
2023-04-02 14:13:29 - progress_bar.py[line:272] - INFO: epoch 005:    782 / 1878 loss=3.155, loss_v1=0, loss_v2=0, nll_loss=1.977, ntokens=320, nsentences=64, sample_size=320, sample_size_v1=0, sample_size_v2=0, ppl=3.94, wps=78.1, ups=0.24, wpb=320, bsz=64, num_updates=8280, lr=2.97383e-05, gnorm=8.84, clip=100, loss_scale=32, train_wall=41, gb_free=7.4, wall=48363
2023-04-02 14:14:10 - progress_bar.py[line:272] - INFO: epoch 005:    792 / 1878 loss=3.193, loss_v1=0, loss_v2=0, nll_loss=2.025, ntokens=320, nsentences=64, sample_size=320, sample_size_v1=0, sample_size_v2=0, ppl=4.07, wps=78.2, ups=0.24, wpb=320, bsz=64, num_updates=8290, lr=2.971e-05, gnorm=9.346, clip=100, loss_scale=32, train_wall=41, gb_free=7.4, wall=48404
2023-04-02 14:14:51 - progress_bar.py[line:272] - INFO: epoch 005:    802 / 1878 loss=3.186, loss_v1=0, loss_v2=0, nll_loss=2.014, ntokens=320, nsentences=64, sample_size=320, sample_size_v1=0, sample_size_v2=0, ppl=4.04, wps=78.2, ups=0.24, wpb=320, bsz=64, num_updates=8300, lr=2.96817e-05, gnorm=9.136, clip=100, loss_scale=32, train_wall=41, gb_free=7.4, wall=48445
2023-04-02 14:15:32 - progress_bar.py[line:272] - INFO: epoch 005:    812 / 1878 loss=3.159, loss_v1=0, loss_v2=0, nll_loss=1.987, ntokens=320, nsentences=64, sample_size=320, sample_size_v1=0, sample_size_v2=0, ppl=3.96, wps=78.6, ups=0.25, wpb=320, bsz=64, num_updates=8310, lr=2.96533e-05, gnorm=8.795, clip=100, loss_scale=32, train_wall=40, gb_free=7.4, wall=48485
2023-04-02 14:16:12 - progress_bar.py[line:272] - INFO: epoch 005:    822 / 1878 loss=3.139, loss_v1=0, loss_v2=0, nll_loss=1.962, ntokens=320, nsentences=64, sample_size=320, sample_size_v1=0, sample_size_v2=0, ppl=3.9, wps=78.3, ups=0.24, wpb=320, bsz=64, num_updates=8320, lr=2.9625e-05, gnorm=8.711, clip=100, loss_scale=64, train_wall=41, gb_free=7.4, wall=48526
2023-04-02 14:16:53 - progress_bar.py[line:272] - INFO: epoch 005:    832 / 1878 loss=3.187, loss_v1=0, loss_v2=0, nll_loss=2.018, ntokens=320, nsentences=64, sample_size=320, sample_size_v1=0, sample_size_v2=0, ppl=4.05, wps=78.5, ups=0.25, wpb=320, bsz=64, num_updates=8330, lr=2.95967e-05, gnorm=9.428, clip=100, loss_scale=64, train_wall=40, gb_free=7.4, wall=48567
2023-04-02 14:17:34 - progress_bar.py[line:272] - INFO: epoch 005:    842 / 1878 loss=3.165, loss_v1=0, loss_v2=0, nll_loss=1.991, ntokens=320, nsentences=64, sample_size=320, sample_size_v1=0, sample_size_v2=0, ppl=3.98, wps=78.9, ups=0.25, wpb=320, bsz=64, num_updates=8340, lr=2.95684e-05, gnorm=8.657, clip=100, loss_scale=64, train_wall=40, gb_free=7.4, wall=48608
2023-04-02 14:18:14 - progress_bar.py[line:272] - INFO: epoch 005:    852 / 1878 loss=3.182, loss_v1=0, loss_v2=0, nll_loss=2.012, ntokens=320, nsentences=64, sample_size=320, sample_size_v1=0, sample_size_v2=0, ppl=4.03, wps=78.7, ups=0.25, wpb=320, bsz=64, num_updates=8350, lr=2.954e-05, gnorm=8.306, clip=100, loss_scale=64, train_wall=40, gb_free=7.4, wall=48648
2023-04-02 14:18:55 - progress_bar.py[line:272] - INFO: epoch 005:    862 / 1878 loss=3.199, loss_v1=0, loss_v2=0, nll_loss=2.033, ntokens=320, nsentences=64, sample_size=320, sample_size_v1=0, sample_size_v2=0, ppl=4.09, wps=78.7, ups=0.25, wpb=320, bsz=64, num_updates=8360, lr=2.95117e-05, gnorm=8.717, clip=100, loss_scale=64, train_wall=40, gb_free=7.4, wall=48689
2023-04-02 14:19:36 - progress_bar.py[line:272] - INFO: epoch 005:    872 / 1878 loss=3.19, loss_v1=0, loss_v2=0, nll_loss=2.015, ntokens=320, nsentences=64, sample_size=320, sample_size_v1=0, sample_size_v2=0, ppl=4.04, wps=79, ups=0.25, wpb=320, bsz=64, num_updates=8370, lr=2.94834e-05, gnorm=9.086, clip=100, loss_scale=64, train_wall=40, gb_free=7.4, wall=48729
2023-04-02 14:20:16 - progress_bar.py[line:272] - INFO: epoch 005:    882 / 1878 loss=3.191, loss_v1=0, loss_v2=0, nll_loss=2.019, ntokens=320, nsentences=64, sample_size=320, sample_size_v1=0, sample_size_v2=0, ppl=4.05, wps=78.3, ups=0.24, wpb=320, bsz=64, num_updates=8380, lr=2.94551e-05, gnorm=9.215, clip=100, loss_scale=64, train_wall=41, gb_free=7.4, wall=48770
2023-04-02 14:20:57 - progress_bar.py[line:272] - INFO: epoch 005:    892 / 1878 loss=3.16, loss_v1=0, loss_v2=0, nll_loss=1.983, ntokens=320, nsentences=64, sample_size=320, sample_size_v1=0, sample_size_v2=0, ppl=3.95, wps=78.8, ups=0.25, wpb=320, bsz=64, num_updates=8390, lr=2.94268e-05, gnorm=8.97, clip=100, loss_scale=64, train_wall=40, gb_free=7.4, wall=48811
2023-04-02 14:21:38 - progress_bar.py[line:272] - INFO: epoch 005:    902 / 1878 loss=3.145, loss_v1=0, loss_v2=0, nll_loss=1.972, ntokens=320, nsentences=64, sample_size=320, sample_size_v1=0, sample_size_v2=0, ppl=3.92, wps=78.5, ups=0.25, wpb=320, bsz=64, num_updates=8400, lr=2.93984e-05, gnorm=8.731, clip=100, loss_scale=64, train_wall=40, gb_free=7.4, wall=48852
2023-04-02 14:22:18 - progress_bar.py[line:272] - INFO: epoch 005:    912 / 1878 loss=3.182, loss_v1=0, loss_v2=0, nll_loss=2.01, ntokens=320, nsentences=64, sample_size=320, sample_size_v1=0, sample_size_v2=0, ppl=4.03, wps=78.7, ups=0.25, wpb=320, bsz=64, num_updates=8410, lr=2.93701e-05, gnorm=9.128, clip=100, loss_scale=64, train_wall=40, gb_free=7.4, wall=48892
2023-04-02 14:22:59 - progress_bar.py[line:272] - INFO: epoch 005:    922 / 1878 loss=3.18, loss_v1=0, loss_v2=0, nll_loss=2.009, ntokens=320, nsentences=64, sample_size=320, sample_size_v1=0, sample_size_v2=0, ppl=4.02, wps=78.6, ups=0.25, wpb=320, bsz=64, num_updates=8420, lr=2.93418e-05, gnorm=9.163, clip=100, loss_scale=64, train_wall=41, gb_free=7.4, wall=48933
2023-04-02 14:23:40 - progress_bar.py[line:272] - INFO: epoch 005:    932 / 1878 loss=3.177, loss_v1=0, loss_v2=0, nll_loss=2.009, ntokens=320, nsentences=64, sample_size=320, sample_size_v1=0, sample_size_v2=0, ppl=4.03, wps=78.4, ups=0.24, wpb=320, bsz=64, num_updates=8430, lr=2.93135e-05, gnorm=9.212, clip=100, loss_scale=64, train_wall=41, gb_free=7.4, wall=48974
2023-04-02 14:24:21 - progress_bar.py[line:272] - INFO: epoch 005:    942 / 1878 loss=3.192, loss_v1=0, loss_v2=0, nll_loss=2.02, ntokens=320, nsentences=64, sample_size=320, sample_size_v1=0, sample_size_v2=0, ppl=4.06, wps=78.3, ups=0.24, wpb=320, bsz=64, num_updates=8440, lr=2.92851e-05, gnorm=8.358, clip=100, loss_scale=64, train_wall=41, gb_free=7.4, wall=49015
2023-04-02 14:25:02 - progress_bar.py[line:272] - INFO: epoch 005:    952 / 1878 loss=3.166, loss_v1=0, loss_v2=0, nll_loss=1.993, ntokens=320, nsentences=64, sample_size=320, sample_size_v1=0, sample_size_v2=0, ppl=3.98, wps=78.3, ups=0.24, wpb=320, bsz=64, num_updates=8450, lr=2.92568e-05, gnorm=8.826, clip=100, loss_scale=64, train_wall=41, gb_free=7.4, wall=49056
2023-04-02 14:25:42 - progress_bar.py[line:272] - INFO: epoch 005:    962 / 1878 loss=3.145, loss_v1=0, loss_v2=0, nll_loss=1.966, ntokens=320, nsentences=64, sample_size=320, sample_size_v1=0, sample_size_v2=0, ppl=3.91, wps=78.4, ups=0.25, wpb=320, bsz=64, num_updates=8460, lr=2.92285e-05, gnorm=9.509, clip=100, loss_scale=64, train_wall=41, gb_free=7.4, wall=49096
2023-04-02 14:26:23 - progress_bar.py[line:272] - INFO: epoch 005:    972 / 1878 loss=3.16, loss_v1=0, loss_v2=0, nll_loss=1.988, ntokens=320, nsentences=64, sample_size=320, sample_size_v1=0, sample_size_v2=0, ppl=3.97, wps=78.4, ups=0.25, wpb=320, bsz=64, num_updates=8470, lr=2.92002e-05, gnorm=8.767, clip=100, loss_scale=64, train_wall=41, gb_free=7.4, wall=49137
2023-04-02 14:27:04 - progress_bar.py[line:272] - INFO: epoch 005:    982 / 1878 loss=3.137, loss_v1=0, loss_v2=0, nll_loss=1.96, ntokens=320, nsentences=64, sample_size=320, sample_size_v1=0, sample_size_v2=0, ppl=3.89, wps=78.7, ups=0.25, wpb=320, bsz=64, num_updates=8480, lr=2.91719e-05, gnorm=9.239, clip=100, loss_scale=64, train_wall=40, gb_free=7.4, wall=49178
2023-04-02 14:27:45 - progress_bar.py[line:272] - INFO: epoch 005:    992 / 1878 loss=3.171, loss_v1=0, loss_v2=0, nll_loss=1.997, ntokens=320, nsentences=64, sample_size=320, sample_size_v1=0, sample_size_v2=0, ppl=3.99, wps=78, ups=0.24, wpb=320, bsz=64, num_updates=8490, lr=2.91435e-05, gnorm=8.855, clip=100, loss_scale=64, train_wall=41, gb_free=7.4, wall=49219
slice_id 1 seek offset 5379
2023-04-02 14:28:26 - progress_bar.py[line:272] - INFO: epoch 005:   1002 / 1878 loss=3.169, loss_v1=0, loss_v2=0, nll_loss=1.991, ntokens=320, nsentences=64, sample_size=320, sample_size_v1=0, sample_size_v2=0, ppl=3.97, wps=78, ups=0.24, wpb=320, bsz=64, num_updates=8500, lr=2.91152e-05, gnorm=8.284, clip=100, loss_scale=64, train_wall=41, gb_free=7.4, wall=49260
2023-04-02 14:28:26 - train.py[line:445] - INFO: begin validation on "valid" subset
slice_id 0 seek offset 0
slice_id 0 seek offset 0
slice_id 1 seek offset 5379
2023-04-02 14:39:43 - progress_bar.py[line:282] - INFO: epoch 005 | valid on 'valid' subset | loss 4.769 | loss_v1 0 | loss_v2 0 | nll_loss 3.772 | ntokens 39.993 | nsentences 7.999 | sample_size 39.993 | sample_size_v1 0 | sample_size_v2 0 | ppl 13.66 | score 0.8133 | wps 79.5 | wpb 40 | bsz 8 | num_updates 8500 | best_score 0.8146
2023-04-02 14:39:43 - checkpoint_utils.py[line:64] - INFO: Preparing to save checkpoint for epoch 5 @ 8500 updates
2023-04-02 14:39:43 - trainer.py[line:431] - INFO: Saving checkpoint to ./refcocoplus_scratch_checkpoints/10_5e-5_512/checkpoint_5_8500.pt
2023-04-02 14:40:07 - trainer.py[line:441] - INFO: Finished saving checkpoint to ./refcocoplus_scratch_checkpoints/10_5e-5_512/checkpoint_5_8500.pt
2023-04-02 14:40:16 - checkpoint_utils.py[line:133] - INFO: Saved checkpoint ./refcocoplus_scratch_checkpoints/10_5e-5_512/checkpoint_5_8500.pt (epoch 5 @ 8500 updates, score 0.8133) (writing took 33.43775123544037 seconds)
2023-04-02 14:40:56 - progress_bar.py[line:272] - INFO: epoch 005:   1012 / 1878 loss=3.163, loss_v1=0, loss_v2=0, nll_loss=1.998, ntokens=320, nsentences=64, sample_size=320, sample_size_v1=0, sample_size_v2=0, ppl=3.99, wps=4.3, ups=0.01, wpb=320, bsz=64, num_updates=8510, lr=2.90869e-05, gnorm=9.169, clip=100, loss_scale=64, train_wall=40, gb_free=7.4, wall=50010
2023-04-02 14:41:37 - progress_bar.py[line:272] - INFO: epoch 005:   1022 / 1878 loss=3.173, loss_v1=0, loss_v2=0, nll_loss=2.004, ntokens=320, nsentences=64, sample_size=320, sample_size_v1=0, sample_size_v2=0, ppl=4.01, wps=78.5, ups=0.25, wpb=320, bsz=64, num_updates=8520, lr=2.90586e-05, gnorm=8.831, clip=100, loss_scale=64, train_wall=40, gb_free=7.5, wall=50051
2023-04-02 14:42:18 - progress_bar.py[line:272] - INFO: epoch 005:   1032 / 1878 loss=3.163, loss_v1=0, loss_v2=0, nll_loss=1.986, ntokens=320, nsentences=64, sample_size=320, sample_size_v1=0, sample_size_v2=0, ppl=3.96, wps=78.7, ups=0.25, wpb=320, bsz=64, num_updates=8530, lr=2.90302e-05, gnorm=8.477, clip=100, loss_scale=64, train_wall=40, gb_free=7.4, wall=50092
2023-04-02 14:42:59 - progress_bar.py[line:272] - INFO: epoch 005:   1042 / 1878 loss=3.164, loss_v1=0, loss_v2=0, nll_loss=1.995, ntokens=320, nsentences=64, sample_size=320, sample_size_v1=0, sample_size_v2=0, ppl=3.99, wps=78.1, ups=0.24, wpb=320, bsz=64, num_updates=8540, lr=2.90019e-05, gnorm=8.69, clip=100, loss_scale=64, train_wall=41, gb_free=7.4, wall=50133
2023-04-02 14:43:39 - progress_bar.py[line:272] - INFO: epoch 005:   1052 / 1878 loss=3.183, loss_v1=0, loss_v2=0, nll_loss=2.012, ntokens=320, nsentences=64, sample_size=320, sample_size_v1=0, sample_size_v2=0, ppl=4.03, wps=78.6, ups=0.25, wpb=320, bsz=64, num_updates=8550, lr=2.89736e-05, gnorm=10.117, clip=100, loss_scale=64, train_wall=40, gb_free=7.4, wall=50173
2023-04-02 14:44:20 - progress_bar.py[line:272] - INFO: epoch 005:   1062 / 1878 loss=3.153, loss_v1=0, loss_v2=0, nll_loss=1.98, ntokens=320, nsentences=64, sample_size=320, sample_size_v1=0, sample_size_v2=0, ppl=3.94, wps=78.3, ups=0.24, wpb=320, bsz=64, num_updates=8560, lr=2.89453e-05, gnorm=8.916, clip=100, loss_scale=64, train_wall=41, gb_free=7.4, wall=50214
2023-04-02 14:45:01 - progress_bar.py[line:272] - INFO: epoch 005:   1072 / 1878 loss=3.146, loss_v1=0, loss_v2=0, nll_loss=1.97, ntokens=320, nsentences=64, sample_size=320, sample_size_v1=0, sample_size_v2=0, ppl=3.92, wps=78.1, ups=0.24, wpb=320, bsz=64, num_updates=8570, lr=2.8917e-05, gnorm=9.018, clip=100, loss_scale=64, train_wall=41, gb_free=7.4, wall=50255
2023-04-02 14:45:42 - progress_bar.py[line:272] - INFO: epoch 005:   1082 / 1878 loss=3.185, loss_v1=0, loss_v2=0, nll_loss=2.015, ntokens=320, nsentences=64, sample_size=320, sample_size_v1=0, sample_size_v2=0, ppl=4.04, wps=78, ups=0.24, wpb=320, bsz=64, num_updates=8580, lr=2.88886e-05, gnorm=9.133, clip=100, loss_scale=64, train_wall=41, gb_free=7.4, wall=50296
2023-04-02 14:46:23 - progress_bar.py[line:272] - INFO: epoch 005:   1092 / 1878 loss=3.159, loss_v1=0, loss_v2=0, nll_loss=1.986, ntokens=320, nsentences=64, sample_size=320, sample_size_v1=0, sample_size_v2=0, ppl=3.96, wps=78, ups=0.24, wpb=320, bsz=64, num_updates=8590, lr=2.88603e-05, gnorm=9.445, clip=100, loss_scale=64, train_wall=41, gb_free=7.4, wall=50337
2023-04-02 14:47:04 - progress_bar.py[line:272] - INFO: epoch 005:   1102 / 1878 loss=3.19, loss_v1=0, loss_v2=0, nll_loss=2.019, ntokens=320, nsentences=64, sample_size=320, sample_size_v1=0, sample_size_v2=0, ppl=4.05, wps=78.4, ups=0.25, wpb=320, bsz=64, num_updates=8600, lr=2.8832e-05, gnorm=8.402, clip=100, loss_scale=64, train_wall=41, gb_free=7.4, wall=50378
2023-04-02 14:47:45 - progress_bar.py[line:272] - INFO: epoch 005:   1112 / 1878 loss=3.141, loss_v1=0, loss_v2=0, nll_loss=1.971, ntokens=320, nsentences=64, sample_size=320, sample_size_v1=0, sample_size_v2=0, ppl=3.92, wps=78.9, ups=0.25, wpb=320, bsz=64, num_updates=8610, lr=2.88037e-05, gnorm=8.422, clip=100, loss_scale=64, train_wall=40, gb_free=7.4, wall=50419
2023-04-02 14:48:25 - progress_bar.py[line:272] - INFO: epoch 005:   1122 / 1878 loss=3.125, loss_v1=0, loss_v2=0, nll_loss=1.945, ntokens=320, nsentences=64, sample_size=320, sample_size_v1=0, sample_size_v2=0, ppl=3.85, wps=78.5, ups=0.25, wpb=320, bsz=64, num_updates=8620, lr=2.87753e-05, gnorm=8.482, clip=100, loss_scale=64, train_wall=41, gb_free=7.4, wall=50459
2023-04-02 14:49:06 - progress_bar.py[line:272] - INFO: epoch 005:   1132 / 1878 loss=3.157, loss_v1=0, loss_v2=0, nll_loss=1.977, ntokens=320, nsentences=64, sample_size=320, sample_size_v1=0, sample_size_v2=0, ppl=3.94, wps=78.6, ups=0.25, wpb=320, bsz=64, num_updates=8630, lr=2.8747e-05, gnorm=9.106, clip=100, loss_scale=64, train_wall=40, gb_free=7.4, wall=50500
2023-04-02 14:49:47 - progress_bar.py[line:272] - INFO: epoch 005:   1142 / 1878 loss=3.193, loss_v1=0, loss_v2=0, nll_loss=2.029, ntokens=320, nsentences=64, sample_size=320, sample_size_v1=0, sample_size_v2=0, ppl=4.08, wps=78.7, ups=0.25, wpb=320, bsz=64, num_updates=8640, lr=2.87187e-05, gnorm=8.928, clip=100, loss_scale=64, train_wall=40, gb_free=7.4, wall=50541
2023-04-02 14:50:28 - progress_bar.py[line:272] - INFO: epoch 005:   1152 / 1878 loss=3.217, loss_v1=0, loss_v2=0, nll_loss=2.053, ntokens=320, nsentences=64, sample_size=320, sample_size_v1=0, sample_size_v2=0, ppl=4.15, wps=78.1, ups=0.24, wpb=320, bsz=64, num_updates=8650, lr=2.86904e-05, gnorm=9.219, clip=100, loss_scale=64, train_wall=41, gb_free=7.4, wall=50582
2023-04-02 14:51:09 - progress_bar.py[line:272] - INFO: epoch 005:   1162 / 1878 loss=3.138, loss_v1=0, loss_v2=0, nll_loss=1.957, ntokens=320, nsentences=64, sample_size=320, sample_size_v1=0, sample_size_v2=0, ppl=3.88, wps=78.3, ups=0.24, wpb=320, bsz=64, num_updates=8660, lr=2.86621e-05, gnorm=9.134, clip=100, loss_scale=64, train_wall=41, gb_free=7.4, wall=50623
2023-04-02 14:51:50 - progress_bar.py[line:272] - INFO: epoch 005:   1172 / 1878 loss=3.192, loss_v1=0, loss_v2=0, nll_loss=2.024, ntokens=320, nsentences=64, sample_size=320, sample_size_v1=0, sample_size_v2=0, ppl=4.07, wps=78.4, ups=0.24, wpb=320, bsz=64, num_updates=8670, lr=2.86337e-05, gnorm=9.61, clip=100, loss_scale=64, train_wall=41, gb_free=7.4, wall=50663
2023-04-02 14:52:30 - progress_bar.py[line:272] - INFO: epoch 005:   1182 / 1878 loss=3.178, loss_v1=0, loss_v2=0, nll_loss=2.006, ntokens=320, nsentences=64, sample_size=320, sample_size_v1=0, sample_size_v2=0, ppl=4.02, wps=78.3, ups=0.24, wpb=320, bsz=64, num_updates=8680, lr=2.86054e-05, gnorm=10.427, clip=100, loss_scale=64, train_wall=41, gb_free=7.5, wall=50704
2023-04-02 14:53:11 - progress_bar.py[line:272] - INFO: epoch 005:   1192 / 1878 loss=3.155, loss_v1=0, loss_v2=0, nll_loss=1.981, ntokens=320, nsentences=64, sample_size=320, sample_size_v1=0, sample_size_v2=0, ppl=3.95, wps=78.3, ups=0.24, wpb=320, bsz=64, num_updates=8690, lr=2.85771e-05, gnorm=9.384, clip=100, loss_scale=64, train_wall=41, gb_free=7.4, wall=50745
2023-04-02 14:53:52 - progress_bar.py[line:272] - INFO: epoch 005:   1202 / 1878 loss=3.118, loss_v1=0, loss_v2=0, nll_loss=1.94, ntokens=320, nsentences=64, sample_size=320, sample_size_v1=0, sample_size_v2=0, ppl=3.84, wps=78.2, ups=0.24, wpb=320, bsz=64, num_updates=8700, lr=2.85488e-05, gnorm=8.968, clip=100, loss_scale=64, train_wall=41, gb_free=7.4, wall=50786
2023-04-02 14:54:33 - progress_bar.py[line:272] - INFO: epoch 005:   1212 / 1878 loss=3.135, loss_v1=0, loss_v2=0, nll_loss=1.958, ntokens=320, nsentences=64, sample_size=320, sample_size_v1=0, sample_size_v2=0, ppl=3.89, wps=78.5, ups=0.25, wpb=320, bsz=64, num_updates=8710, lr=2.85204e-05, gnorm=10.246, clip=100, loss_scale=64, train_wall=40, gb_free=7.4, wall=50827
2023-04-02 14:55:14 - progress_bar.py[line:272] - INFO: epoch 005:   1222 / 1878 loss=3.098, loss_v1=0, loss_v2=0, nll_loss=1.915, ntokens=320, nsentences=64, sample_size=320, sample_size_v1=0, sample_size_v2=0, ppl=3.77, wps=78.2, ups=0.24, wpb=320, bsz=64, num_updates=8720, lr=2.84921e-05, gnorm=9.262, clip=100, loss_scale=64, train_wall=41, gb_free=7.4, wall=50868
2023-04-02 14:55:55 - progress_bar.py[line:272] - INFO: epoch 005:   1232 / 1878 loss=3.177, loss_v1=0, loss_v2=0, nll_loss=2.007, ntokens=320, nsentences=64, sample_size=320, sample_size_v1=0, sample_size_v2=0, ppl=4.02, wps=78.5, ups=0.25, wpb=320, bsz=64, num_updates=8730, lr=2.84638e-05, gnorm=10.388, clip=100, loss_scale=64, train_wall=41, gb_free=7.4, wall=50909
2023-04-02 14:56:35 - progress_bar.py[line:272] - INFO: epoch 005:   1242 / 1878 loss=3.102, loss_v1=0, loss_v2=0, nll_loss=1.917, ntokens=320, nsentences=64, sample_size=320, sample_size_v1=0, sample_size_v2=0, ppl=3.78, wps=78.7, ups=0.25, wpb=320, bsz=64, num_updates=8740, lr=2.84355e-05, gnorm=8.533, clip=100, loss_scale=64, train_wall=41, gb_free=7.4, wall=50949
2023-04-02 14:57:16 - progress_bar.py[line:272] - INFO: epoch 005:   1252 / 1878 loss=3.116, loss_v1=0, loss_v2=0, nll_loss=1.933, ntokens=320, nsentences=64, sample_size=320, sample_size_v1=0, sample_size_v2=0, ppl=3.82, wps=78.5, ups=0.25, wpb=320, bsz=64, num_updates=8750, lr=2.84072e-05, gnorm=8.546, clip=100, loss_scale=64, train_wall=40, gb_free=7.4, wall=50990
2023-04-02 14:57:57 - progress_bar.py[line:272] - INFO: epoch 005:   1262 / 1878 loss=3.137, loss_v1=0, loss_v2=0, nll_loss=1.959, ntokens=320, nsentences=64, sample_size=320, sample_size_v1=0, sample_size_v2=0, ppl=3.89, wps=78.6, ups=0.25, wpb=320, bsz=64, num_updates=8760, lr=2.83788e-05, gnorm=9.435, clip=100, loss_scale=64, train_wall=41, gb_free=7.4, wall=51031
2023-04-02 14:58:38 - progress_bar.py[line:272] - INFO: epoch 005:   1272 / 1878 loss=3.128, loss_v1=0, loss_v2=0, nll_loss=1.945, ntokens=320, nsentences=64, sample_size=320, sample_size_v1=0, sample_size_v2=0, ppl=3.85, wps=78.2, ups=0.24, wpb=320, bsz=64, num_updates=8770, lr=2.83505e-05, gnorm=9.825, clip=100, loss_scale=64, train_wall=41, gb_free=7.4, wall=51072
2023-04-02 14:59:19 - progress_bar.py[line:272] - INFO: epoch 005:   1282 / 1878 loss=3.11, loss_v1=0, loss_v2=0, nll_loss=1.927, ntokens=320, nsentences=64, sample_size=320, sample_size_v1=0, sample_size_v2=0, ppl=3.8, wps=77.4, ups=0.24, wpb=320, bsz=64, num_updates=8780, lr=2.83222e-05, gnorm=9.242, clip=100, loss_scale=64, train_wall=41, gb_free=7.4, wall=51113
2023-04-02 15:00:00 - progress_bar.py[line:272] - INFO: epoch 005:   1292 / 1878 loss=3.119, loss_v1=0, loss_v2=0, nll_loss=1.941, ntokens=320, nsentences=64, sample_size=320, sample_size_v1=0, sample_size_v2=0, ppl=3.84, wps=78.5, ups=0.25, wpb=320, bsz=64, num_updates=8790, lr=2.82939e-05, gnorm=9.325, clip=100, loss_scale=64, train_wall=40, gb_free=7.4, wall=51154
2023-04-02 15:00:41 - progress_bar.py[line:272] - INFO: epoch 005:   1302 / 1878 loss=3.118, loss_v1=0, loss_v2=0, nll_loss=1.938, ntokens=320, nsentences=64, sample_size=320, sample_size_v1=0, sample_size_v2=0, ppl=3.83, wps=78.6, ups=0.25, wpb=320, bsz=64, num_updates=8800, lr=2.82655e-05, gnorm=8.71, clip=100, loss_scale=64, train_wall=40, gb_free=7.4, wall=51194
2023-04-02 15:01:22 - progress_bar.py[line:272] - INFO: epoch 005:   1312 / 1878 loss=3.19, loss_v1=0, loss_v2=0, nll_loss=2.022, ntokens=320, nsentences=64, sample_size=320, sample_size_v1=0, sample_size_v2=0, ppl=4.06, wps=78.1, ups=0.24, wpb=320, bsz=64, num_updates=8810, lr=2.82372e-05, gnorm=9.199, clip=100, loss_scale=64, train_wall=41, gb_free=7.4, wall=51235
2023-04-02 15:02:02 - progress_bar.py[line:272] - INFO: epoch 005:   1322 / 1878 loss=3.118, loss_v1=0, loss_v2=0, nll_loss=1.934, ntokens=320, nsentences=64, sample_size=320, sample_size_v1=0, sample_size_v2=0, ppl=3.82, wps=78.1, ups=0.24, wpb=320, bsz=64, num_updates=8820, lr=2.82089e-05, gnorm=9.299, clip=100, loss_scale=64, train_wall=41, gb_free=7.4, wall=51276
2023-04-02 15:02:43 - progress_bar.py[line:272] - INFO: epoch 005:   1332 / 1878 loss=3.112, loss_v1=0, loss_v2=0, nll_loss=1.931, ntokens=320, nsentences=64, sample_size=320, sample_size_v1=0, sample_size_v2=0, ppl=3.81, wps=78.1, ups=0.24, wpb=320, bsz=64, num_updates=8830, lr=2.81806e-05, gnorm=9.432, clip=100, loss_scale=128, train_wall=41, gb_free=7.4, wall=51317
2023-04-02 15:03:24 - progress_bar.py[line:272] - INFO: epoch 005:   1342 / 1878 loss=3.104, loss_v1=0, loss_v2=0, nll_loss=1.924, ntokens=320, nsentences=64, sample_size=320, sample_size_v1=0, sample_size_v2=0, ppl=3.79, wps=78, ups=0.24, wpb=320, bsz=64, num_updates=8840, lr=2.81523e-05, gnorm=8.841, clip=100, loss_scale=128, train_wall=41, gb_free=7.4, wall=51358
2023-04-02 15:04:05 - progress_bar.py[line:272] - INFO: epoch 005:   1352 / 1878 loss=3.11, loss_v1=0, loss_v2=0, nll_loss=1.929, ntokens=320, nsentences=64, sample_size=320, sample_size_v1=0, sample_size_v2=0, ppl=3.81, wps=78.1, ups=0.24, wpb=320, bsz=64, num_updates=8850, lr=2.81239e-05, gnorm=8.81, clip=100, loss_scale=128, train_wall=41, gb_free=7.4, wall=51399
2023-04-02 15:04:46 - progress_bar.py[line:272] - INFO: epoch 005:   1362 / 1878 loss=3.109, loss_v1=0, loss_v2=0, nll_loss=1.928, ntokens=320, nsentences=64, sample_size=320, sample_size_v1=0, sample_size_v2=0, ppl=3.81, wps=78, ups=0.24, wpb=320, bsz=64, num_updates=8860, lr=2.80956e-05, gnorm=8.763, clip=100, loss_scale=128, train_wall=41, gb_free=7.4, wall=51440
2023-04-02 15:05:27 - progress_bar.py[line:272] - INFO: epoch 005:   1372 / 1878 loss=3.158, loss_v1=0, loss_v2=0, nll_loss=1.983, ntokens=320, nsentences=64, sample_size=320, sample_size_v1=0, sample_size_v2=0, ppl=3.95, wps=78.3, ups=0.24, wpb=320, bsz=64, num_updates=8870, lr=2.80673e-05, gnorm=9.24, clip=100, loss_scale=128, train_wall=41, gb_free=7.4, wall=51481
2023-04-02 15:06:08 - progress_bar.py[line:272] - INFO: epoch 005:   1382 / 1878 loss=3.197, loss_v1=0, loss_v2=0, nll_loss=2.024, ntokens=320, nsentences=64, sample_size=320, sample_size_v1=0, sample_size_v2=0, ppl=4.07, wps=78.5, ups=0.25, wpb=320, bsz=64, num_updates=8880, lr=2.8039e-05, gnorm=10.01, clip=100, loss_scale=128, train_wall=40, gb_free=7.4, wall=51522
2023-04-02 15:06:49 - progress_bar.py[line:272] - INFO: epoch 005:   1392 / 1878 loss=3.09, loss_v1=0, loss_v2=0, nll_loss=1.909, ntokens=320, nsentences=64, sample_size=320, sample_size_v1=0, sample_size_v2=0, ppl=3.76, wps=78.5, ups=0.25, wpb=320, bsz=64, num_updates=8890, lr=2.80106e-05, gnorm=8.963, clip=100, loss_scale=128, train_wall=40, gb_free=7.4, wall=51563
2023-04-02 15:07:30 - progress_bar.py[line:272] - INFO: epoch 005:   1402 / 1878 loss=3.126, loss_v1=0, loss_v2=0, nll_loss=1.947, ntokens=320, nsentences=64, sample_size=320, sample_size_v1=0, sample_size_v2=0, ppl=3.86, wps=77.7, ups=0.24, wpb=320, bsz=64, num_updates=8900, lr=2.79823e-05, gnorm=9.876, clip=100, loss_scale=128, train_wall=41, gb_free=7.4, wall=51604
2023-04-02 15:08:11 - progress_bar.py[line:272] - INFO: epoch 005:   1412 / 1878 loss=3.135, loss_v1=0, loss_v2=0, nll_loss=1.955, ntokens=320, nsentences=64, sample_size=320, sample_size_v1=0, sample_size_v2=0, ppl=3.88, wps=77.9, ups=0.24, wpb=320, bsz=64, num_updates=8910, lr=2.7954e-05, gnorm=10.325, clip=100, loss_scale=128, train_wall=41, gb_free=7.4, wall=51645
2023-04-02 15:08:52 - progress_bar.py[line:272] - INFO: epoch 005:   1422 / 1878 loss=3.147, loss_v1=0, loss_v2=0, nll_loss=1.973, ntokens=320, nsentences=64, sample_size=320, sample_size_v1=0, sample_size_v2=0, ppl=3.92, wps=78.2, ups=0.24, wpb=320, bsz=64, num_updates=8920, lr=2.79257e-05, gnorm=9.651, clip=100, loss_scale=128, train_wall=41, gb_free=7.4, wall=51686
2023-04-02 15:09:33 - progress_bar.py[line:272] - INFO: epoch 005:   1432 / 1878 loss=3.112, loss_v1=0, loss_v2=0, nll_loss=1.928, ntokens=320, nsentences=64, sample_size=320, sample_size_v1=0, sample_size_v2=0, ppl=3.81, wps=78.1, ups=0.24, wpb=320, bsz=64, num_updates=8930, lr=2.78974e-05, gnorm=8.769, clip=100, loss_scale=128, train_wall=41, gb_free=7.4, wall=51727
2023-04-02 15:10:14 - progress_bar.py[line:272] - INFO: epoch 005:   1442 / 1878 loss=3.09, loss_v1=0, loss_v2=0, nll_loss=1.904, ntokens=320, nsentences=64, sample_size=320, sample_size_v1=0, sample_size_v2=0, ppl=3.74, wps=78.4, ups=0.25, wpb=320, bsz=64, num_updates=8940, lr=2.7869e-05, gnorm=8.731, clip=100, loss_scale=128, train_wall=41, gb_free=7.4, wall=51768
2023-04-02 15:10:55 - progress_bar.py[line:272] - INFO: epoch 005:   1452 / 1878 loss=3.118, loss_v1=0, loss_v2=0, nll_loss=1.931, ntokens=320, nsentences=64, sample_size=320, sample_size_v1=0, sample_size_v2=0, ppl=3.81, wps=78, ups=0.24, wpb=320, bsz=64, num_updates=8950, lr=2.78407e-05, gnorm=9.443, clip=100, loss_scale=128, train_wall=41, gb_free=7.4, wall=51809
2023-04-02 15:11:36 - progress_bar.py[line:272] - INFO: epoch 005:   1462 / 1878 loss=3.174, loss_v1=0, loss_v2=0, nll_loss=2.004, ntokens=320, nsentences=64, sample_size=320, sample_size_v1=0, sample_size_v2=0, ppl=4.01, wps=78.6, ups=0.25, wpb=320, bsz=64, num_updates=8960, lr=2.78124e-05, gnorm=9.36, clip=100, loss_scale=128, train_wall=41, gb_free=7.4, wall=51849
2023-04-02 15:12:16 - progress_bar.py[line:272] - INFO: epoch 005:   1472 / 1878 loss=3.102, loss_v1=0, loss_v2=0, nll_loss=1.921, ntokens=320, nsentences=64, sample_size=320, sample_size_v1=0, sample_size_v2=0, ppl=3.79, wps=78.6, ups=0.25, wpb=320, bsz=64, num_updates=8970, lr=2.77841e-05, gnorm=8.474, clip=100, loss_scale=128, train_wall=41, gb_free=7.4, wall=51890
2023-04-02 15:12:57 - progress_bar.py[line:272] - INFO: epoch 005:   1482 / 1878 loss=3.115, loss_v1=0, loss_v2=0, nll_loss=1.933, ntokens=320, nsentences=64, sample_size=320, sample_size_v1=0, sample_size_v2=0, ppl=3.82, wps=78.3, ups=0.24, wpb=320, bsz=64, num_updates=8980, lr=2.77557e-05, gnorm=8.524, clip=100, loss_scale=128, train_wall=41, gb_free=7.4, wall=51931
2023-04-02 15:13:38 - progress_bar.py[line:272] - INFO: epoch 005:   1492 / 1878 loss=3.103, loss_v1=0, loss_v2=0, nll_loss=1.923, ntokens=320, nsentences=64, sample_size=320, sample_size_v1=0, sample_size_v2=0, ppl=3.79, wps=78.5, ups=0.25, wpb=320, bsz=64, num_updates=8990, lr=2.77274e-05, gnorm=9.357, clip=100, loss_scale=128, train_wall=40, gb_free=7.4, wall=51972
2023-04-02 15:14:19 - progress_bar.py[line:272] - INFO: epoch 005:   1502 / 1878 loss=3.098, loss_v1=0, loss_v2=0, nll_loss=1.913, ntokens=320, nsentences=64, sample_size=320, sample_size_v1=0, sample_size_v2=0, ppl=3.77, wps=78.4, ups=0.24, wpb=320, bsz=64, num_updates=9000, lr=2.76991e-05, gnorm=9.334, clip=100, loss_scale=128, train_wall=41, gb_free=7.4, wall=52013
2023-04-02 15:14:19 - train.py[line:445] - INFO: begin validation on "valid" subset
slice_id 0 seek offset 0
slice_id 1 seek offset 5379
slice_id 1 seek offset 5379
slice_id 0 seek offset 0
2023-04-02 15:25:35 - progress_bar.py[line:282] - INFO: epoch 005 | valid on 'valid' subset | loss 4.833 | loss_v1 0 | loss_v2 0 | nll_loss 3.835 | ntokens 39.993 | nsentences 7.999 | sample_size 39.993 | sample_size_v1 0 | sample_size_v2 0 | ppl 14.27 | score 0.8111 | wps 79.6 | wpb 40 | bsz 8 | num_updates 9000 | best_score 0.8146
2023-04-02 15:25:35 - checkpoint_utils.py[line:64] - INFO: Preparing to save checkpoint for epoch 5 @ 9000 updates
2023-04-02 15:25:35 - trainer.py[line:431] - INFO: Saving checkpoint to ./refcocoplus_scratch_checkpoints/10_5e-5_512/checkpoint_5_9000.pt
2023-04-02 15:25:54 - trainer.py[line:441] - INFO: Finished saving checkpoint to ./refcocoplus_scratch_checkpoints/10_5e-5_512/checkpoint_5_9000.pt
2023-04-02 15:26:03 - checkpoint_utils.py[line:133] - INFO: Saved checkpoint ./refcocoplus_scratch_checkpoints/10_5e-5_512/checkpoint_5_9000.pt (epoch 5 @ 9000 updates, score 0.8111) (writing took 28.387751057744026 seconds)
2023-04-02 15:26:44 - progress_bar.py[line:272] - INFO: epoch 005:   1512 / 1878 loss=3.051, loss_v1=0, loss_v2=0, nll_loss=1.86, ntokens=320, nsentences=64, sample_size=320, sample_size_v1=0, sample_size_v2=0, ppl=3.63, wps=4.3, ups=0.01, wpb=320, bsz=64, num_updates=9010, lr=2.76708e-05, gnorm=8.804, clip=100, loss_scale=128, train_wall=40, gb_free=7.4, wall=52757
2023-04-02 15:27:25 - progress_bar.py[line:272] - INFO: epoch 005:   1522 / 1878 loss=3.1, loss_v1=0, loss_v2=0, nll_loss=1.916, ntokens=320, nsentences=64, sample_size=320, sample_size_v1=0, sample_size_v2=0, ppl=3.78, wps=78, ups=0.24, wpb=320, bsz=64, num_updates=9020, lr=2.76425e-05, gnorm=9.2, clip=100, loss_scale=128, train_wall=41, gb_free=7.4, wall=52798
2023-04-02 15:28:05 - progress_bar.py[line:272] - INFO: epoch 005:   1532 / 1878 loss=3.063, loss_v1=0, loss_v2=0, nll_loss=1.875, ntokens=320, nsentences=64, sample_size=320, sample_size_v1=0, sample_size_v2=0, ppl=3.67, wps=78.2, ups=0.24, wpb=320, bsz=64, num_updates=9030, lr=2.76141e-05, gnorm=8.837, clip=100, loss_scale=128, train_wall=41, gb_free=7.4, wall=52839
2023-04-02 15:28:46 - progress_bar.py[line:272] - INFO: epoch 005:   1542 / 1878 loss=3.082, loss_v1=0, loss_v2=0, nll_loss=1.891, ntokens=320, nsentences=64, sample_size=320, sample_size_v1=0, sample_size_v2=0, ppl=3.71, wps=78.1, ups=0.24, wpb=320, bsz=64, num_updates=9040, lr=2.75858e-05, gnorm=9.164, clip=100, loss_scale=128, train_wall=41, gb_free=7.4, wall=52880
2023-04-02 15:29:27 - progress_bar.py[line:272] - INFO: epoch 005:   1552 / 1878 loss=3.057, loss_v1=0, loss_v2=0, nll_loss=1.869, ntokens=320, nsentences=64, sample_size=320, sample_size_v1=0, sample_size_v2=0, ppl=3.65, wps=78, ups=0.24, wpb=320, bsz=64, num_updates=9050, lr=2.75575e-05, gnorm=9.812, clip=100, loss_scale=128, train_wall=41, gb_free=7.4, wall=52921
2023-04-02 15:30:08 - progress_bar.py[line:272] - INFO: epoch 005:   1562 / 1878 loss=3.082, loss_v1=0, loss_v2=0, nll_loss=1.889, ntokens=320, nsentences=64, sample_size=320, sample_size_v1=0, sample_size_v2=0, ppl=3.7, wps=78.3, ups=0.24, wpb=320, bsz=64, num_updates=9060, lr=2.75292e-05, gnorm=9.413, clip=100, loss_scale=128, train_wall=41, gb_free=7.4, wall=52962
2023-04-02 15:30:49 - progress_bar.py[line:272] - INFO: epoch 005:   1572 / 1878 loss=3.07, loss_v1=0, loss_v2=0, nll_loss=1.884, ntokens=320, nsentences=64, sample_size=320, sample_size_v1=0, sample_size_v2=0, ppl=3.69, wps=78.5, ups=0.25, wpb=320, bsz=64, num_updates=9070, lr=2.75008e-05, gnorm=9.196, clip=100, loss_scale=128, train_wall=41, gb_free=7.4, wall=53003
2023-04-02 15:31:30 - progress_bar.py[line:272] - INFO: epoch 005:   1582 / 1878 loss=3.103, loss_v1=0, loss_v2=0, nll_loss=1.92, ntokens=320, nsentences=64, sample_size=320, sample_size_v1=0, sample_size_v2=0, ppl=3.79, wps=79.2, ups=0.25, wpb=320, bsz=64, num_updates=9080, lr=2.74725e-05, gnorm=9.38, clip=100, loss_scale=128, train_wall=40, gb_free=7.4, wall=53043
2023-04-02 15:32:10 - progress_bar.py[line:272] - INFO: epoch 005:   1592 / 1878 loss=3.118, loss_v1=0, loss_v2=0, nll_loss=1.929, ntokens=320, nsentences=64, sample_size=320, sample_size_v1=0, sample_size_v2=0, ppl=3.81, wps=78.5, ups=0.25, wpb=320, bsz=64, num_updates=9090, lr=2.74442e-05, gnorm=10.044, clip=100, loss_scale=128, train_wall=41, gb_free=7.4, wall=53084
2023-04-02 15:32:51 - progress_bar.py[line:272] - INFO: epoch 005:   1602 / 1878 loss=3.08, loss_v1=0, loss_v2=0, nll_loss=1.895, ntokens=320, nsentences=64, sample_size=320, sample_size_v1=0, sample_size_v2=0, ppl=3.72, wps=78.6, ups=0.25, wpb=320, bsz=64, num_updates=9100, lr=2.74159e-05, gnorm=8.621, clip=100, loss_scale=128, train_wall=41, gb_free=7.4, wall=53125
2023-04-02 15:33:32 - progress_bar.py[line:272] - INFO: epoch 005:   1612 / 1878 loss=3.123, loss_v1=0, loss_v2=0, nll_loss=1.944, ntokens=320, nsentences=64, sample_size=320, sample_size_v1=0, sample_size_v2=0, ppl=3.85, wps=78.6, ups=0.25, wpb=320, bsz=64, num_updates=9110, lr=2.73876e-05, gnorm=9.45, clip=100, loss_scale=128, train_wall=40, gb_free=7.4, wall=53166
2023-04-02 15:34:12 - progress_bar.py[line:272] - INFO: epoch 005:   1622 / 1878 loss=3.143, loss_v1=0, loss_v2=0, nll_loss=1.962, ntokens=320, nsentences=64, sample_size=320, sample_size_v1=0, sample_size_v2=0, ppl=3.89, wps=78.6, ups=0.25, wpb=320, bsz=64, num_updates=9120, lr=2.73592e-05, gnorm=9.786, clip=100, loss_scale=128, train_wall=40, gb_free=7.4, wall=53206
2023-04-02 15:34:16 - trainer.py[line:921] - INFO: NOTE: gradient overflow detected, ignoring gradient, setting loss scale to: 64.0
2023-04-02 15:34:57 - progress_bar.py[line:272] - INFO: epoch 005:   1633 / 1878 loss=3.136, loss_v1=0, loss_v2=0, nll_loss=1.956, ntokens=320, nsentences=64, sample_size=320, sample_size_v1=0, sample_size_v2=0, ppl=3.88, wps=71.7, ups=0.22, wpb=320, bsz=64, num_updates=9130, lr=2.73309e-05, gnorm=9.265, clip=100, loss_scale=64, train_wall=44, gb_free=7.4, wall=53251
2023-04-02 15:35:38 - progress_bar.py[line:272] - INFO: epoch 005:   1643 / 1878 loss=3.11, loss_v1=0, loss_v2=0, nll_loss=1.927, ntokens=320, nsentences=64, sample_size=320, sample_size_v1=0, sample_size_v2=0, ppl=3.8, wps=78.2, ups=0.24, wpb=320, bsz=64, num_updates=9140, lr=2.73026e-05, gnorm=9.059, clip=100, loss_scale=64, train_wall=41, gb_free=7.4, wall=53292
2023-04-02 15:36:19 - progress_bar.py[line:272] - INFO: epoch 005:   1653 / 1878 loss=3.062, loss_v1=0, loss_v2=0, nll_loss=1.873, ntokens=320, nsentences=64, sample_size=320, sample_size_v1=0, sample_size_v2=0, ppl=3.66, wps=78.4, ups=0.24, wpb=320, bsz=64, num_updates=9150, lr=2.72743e-05, gnorm=8.529, clip=100, loss_scale=64, train_wall=41, gb_free=7.4, wall=53333
2023-04-02 15:37:00 - progress_bar.py[line:272] - INFO: epoch 005:   1663 / 1878 loss=3.1, loss_v1=0, loss_v2=0, nll_loss=1.911, ntokens=320, nsentences=64, sample_size=320, sample_size_v1=0, sample_size_v2=0, ppl=3.76, wps=78.3, ups=0.24, wpb=320, bsz=64, num_updates=9160, lr=2.72459e-05, gnorm=9.335, clip=100, loss_scale=64, train_wall=41, gb_free=7.4, wall=53374
2023-04-02 15:37:40 - progress_bar.py[line:272] - INFO: epoch 005:   1673 / 1878 loss=3.08, loss_v1=0, loss_v2=0, nll_loss=1.896, ntokens=320, nsentences=64, sample_size=320, sample_size_v1=0, sample_size_v2=0, ppl=3.72, wps=78.5, ups=0.25, wpb=320, bsz=64, num_updates=9170, lr=2.72176e-05, gnorm=9.055, clip=100, loss_scale=64, train_wall=40, gb_free=7.4, wall=53414
2023-04-02 15:38:21 - progress_bar.py[line:272] - INFO: epoch 005:   1683 / 1878 loss=3.061, loss_v1=0, loss_v2=0, nll_loss=1.869, ntokens=320, nsentences=64, sample_size=320, sample_size_v1=0, sample_size_v2=0, ppl=3.65, wps=78.4, ups=0.25, wpb=320, bsz=64, num_updates=9180, lr=2.71893e-05, gnorm=8.793, clip=100, loss_scale=64, train_wall=41, gb_free=7.4, wall=53455
2023-04-02 15:39:02 - progress_bar.py[line:272] - INFO: epoch 005:   1693 / 1878 loss=3.095, loss_v1=0, loss_v2=0, nll_loss=1.907, ntokens=320, nsentences=64, sample_size=320, sample_size_v1=0, sample_size_v2=0, ppl=3.75, wps=78.1, ups=0.24, wpb=320, bsz=64, num_updates=9190, lr=2.7161e-05, gnorm=10.187, clip=100, loss_scale=64, train_wall=41, gb_free=7.4, wall=53496
2023-04-02 15:39:43 - progress_bar.py[line:272] - INFO: epoch 005:   1703 / 1878 loss=3.117, loss_v1=0, loss_v2=0, nll_loss=1.934, ntokens=320, nsentences=64, sample_size=320, sample_size_v1=0, sample_size_v2=0, ppl=3.82, wps=78.1, ups=0.24, wpb=320, bsz=64, num_updates=9200, lr=2.71327e-05, gnorm=9.854, clip=100, loss_scale=64, train_wall=41, gb_free=7.4, wall=53537
2023-04-02 15:40:24 - progress_bar.py[line:272] - INFO: epoch 005:   1713 / 1878 loss=3.062, loss_v1=0, loss_v2=0, nll_loss=1.871, ntokens=320, nsentences=64, sample_size=320, sample_size_v1=0, sample_size_v2=0, ppl=3.66, wps=78.7, ups=0.25, wpb=320, bsz=64, num_updates=9210, lr=2.71043e-05, gnorm=9.419, clip=100, loss_scale=64, train_wall=40, gb_free=7.4, wall=53578
2023-04-02 15:41:05 - progress_bar.py[line:272] - INFO: epoch 005:   1723 / 1878 loss=3.07, loss_v1=0, loss_v2=0, nll_loss=1.884, ntokens=320, nsentences=64, sample_size=320, sample_size_v1=0, sample_size_v2=0, ppl=3.69, wps=78.4, ups=0.25, wpb=320, bsz=64, num_updates=9220, lr=2.7076e-05, gnorm=9.213, clip=100, loss_scale=64, train_wall=40, gb_free=7.4, wall=53619
2023-04-02 15:41:45 - progress_bar.py[line:272] - INFO: epoch 005:   1733 / 1878 loss=3.028, loss_v1=0, loss_v2=0, nll_loss=1.833, ntokens=320, nsentences=64, sample_size=320, sample_size_v1=0, sample_size_v2=0, ppl=3.56, wps=78.9, ups=0.25, wpb=320, bsz=64, num_updates=9230, lr=2.70477e-05, gnorm=9.236, clip=100, loss_scale=64, train_wall=40, gb_free=7.4, wall=53659
2023-04-02 15:42:26 - progress_bar.py[line:272] - INFO: epoch 005:   1743 / 1878 loss=3.071, loss_v1=0, loss_v2=0, nll_loss=1.879, ntokens=320, nsentences=64, sample_size=320, sample_size_v1=0, sample_size_v2=0, ppl=3.68, wps=79, ups=0.25, wpb=320, bsz=64, num_updates=9240, lr=2.70194e-05, gnorm=9.217, clip=100, loss_scale=64, train_wall=40, gb_free=7.4, wall=53700
2023-04-02 15:43:07 - progress_bar.py[line:272] - INFO: epoch 005:   1753 / 1878 loss=3.055, loss_v1=0, loss_v2=0, nll_loss=1.866, ntokens=320, nsentences=64, sample_size=320, sample_size_v1=0, sample_size_v2=0, ppl=3.65, wps=78.2, ups=0.24, wpb=320, bsz=64, num_updates=9250, lr=2.69911e-05, gnorm=8.953, clip=100, loss_scale=64, train_wall=41, gb_free=7.4, wall=53741
2023-04-02 15:43:47 - progress_bar.py[line:272] - INFO: epoch 005:   1763 / 1878 loss=3.034, loss_v1=0, loss_v2=0, nll_loss=1.844, ntokens=320, nsentences=64, sample_size=320, sample_size_v1=0, sample_size_v2=0, ppl=3.59, wps=78.5, ups=0.25, wpb=320, bsz=64, num_updates=9260, lr=2.69627e-05, gnorm=9.064, clip=100, loss_scale=64, train_wall=41, gb_free=7.4, wall=53781
2023-04-02 15:44:28 - progress_bar.py[line:272] - INFO: epoch 005:   1773 / 1878 loss=3.069, loss_v1=0, loss_v2=0, nll_loss=1.877, ntokens=320, nsentences=64, sample_size=320, sample_size_v1=0, sample_size_v2=0, ppl=3.67, wps=78.6, ups=0.25, wpb=320, bsz=64, num_updates=9270, lr=2.69344e-05, gnorm=9.794, clip=100, loss_scale=64, train_wall=40, gb_free=7.4, wall=53822
2023-04-02 15:45:09 - progress_bar.py[line:272] - INFO: epoch 005:   1783 / 1878 loss=3.079, loss_v1=0, loss_v2=0, nll_loss=1.891, ntokens=320, nsentences=64, sample_size=320, sample_size_v1=0, sample_size_v2=0, ppl=3.71, wps=78.3, ups=0.24, wpb=320, bsz=64, num_updates=9280, lr=2.69061e-05, gnorm=9.523, clip=100, loss_scale=64, train_wall=41, gb_free=7.4, wall=53863
2023-04-02 15:45:50 - progress_bar.py[line:272] - INFO: epoch 005:   1793 / 1878 loss=3.086, loss_v1=0, loss_v2=0, nll_loss=1.904, ntokens=320, nsentences=64, sample_size=320, sample_size_v1=0, sample_size_v2=0, ppl=3.74, wps=78.2, ups=0.24, wpb=320, bsz=64, num_updates=9290, lr=2.68778e-05, gnorm=10.115, clip=100, loss_scale=64, train_wall=41, gb_free=7.4, wall=53904
2023-04-02 15:46:31 - progress_bar.py[line:272] - INFO: epoch 005:   1803 / 1878 loss=3.16, loss_v1=0, loss_v2=0, nll_loss=1.98, ntokens=320, nsentences=64, sample_size=320, sample_size_v1=0, sample_size_v2=0, ppl=3.95, wps=78.2, ups=0.24, wpb=320, bsz=64, num_updates=9300, lr=2.68494e-05, gnorm=11.882, clip=100, loss_scale=64, train_wall=41, gb_free=7.4, wall=53945
2023-04-02 15:47:12 - progress_bar.py[line:272] - INFO: epoch 005:   1813 / 1878 loss=3.049, loss_v1=0, loss_v2=0, nll_loss=1.855, ntokens=320, nsentences=64, sample_size=320, sample_size_v1=0, sample_size_v2=0, ppl=3.62, wps=78.3, ups=0.24, wpb=320, bsz=64, num_updates=9310, lr=2.68211e-05, gnorm=8.547, clip=100, loss_scale=64, train_wall=41, gb_free=7.4, wall=53986
2023-04-02 15:47:53 - progress_bar.py[line:272] - INFO: epoch 005:   1823 / 1878 loss=3.045, loss_v1=0, loss_v2=0, nll_loss=1.857, ntokens=320, nsentences=64, sample_size=320, sample_size_v1=0, sample_size_v2=0, ppl=3.62, wps=78.3, ups=0.24, wpb=320, bsz=64, num_updates=9320, lr=2.67928e-05, gnorm=9.377, clip=100, loss_scale=64, train_wall=41, gb_free=7.4, wall=54027
2023-04-02 15:48:33 - progress_bar.py[line:272] - INFO: epoch 005:   1833 / 1878 loss=3.104, loss_v1=0, loss_v2=0, nll_loss=1.923, ntokens=320, nsentences=64, sample_size=320, sample_size_v1=0, sample_size_v2=0, ppl=3.79, wps=78.5, ups=0.25, wpb=320, bsz=64, num_updates=9330, lr=2.67645e-05, gnorm=8.991, clip=100, loss_scale=64, train_wall=41, gb_free=7.4, wall=54067
2023-04-02 15:49:14 - progress_bar.py[line:272] - INFO: epoch 005:   1843 / 1878 loss=3.084, loss_v1=0, loss_v2=0, nll_loss=1.896, ntokens=320, nsentences=64, sample_size=320, sample_size_v1=0, sample_size_v2=0, ppl=3.72, wps=78.6, ups=0.25, wpb=320, bsz=64, num_updates=9340, lr=2.67362e-05, gnorm=9.45, clip=100, loss_scale=64, train_wall=41, gb_free=7.4, wall=54108
2023-04-02 15:49:55 - progress_bar.py[line:272] - INFO: epoch 005:   1853 / 1878 loss=3.08, loss_v1=0, loss_v2=0, nll_loss=1.889, ntokens=320, nsentences=64, sample_size=320, sample_size_v1=0, sample_size_v2=0, ppl=3.7, wps=77.8, ups=0.24, wpb=320, bsz=64, num_updates=9350, lr=2.67078e-05, gnorm=8.499, clip=100, loss_scale=64, train_wall=41, gb_free=7.4, wall=54149
2023-04-02 15:50:36 - progress_bar.py[line:272] - INFO: epoch 005:   1863 / 1878 loss=3.118, loss_v1=0, loss_v2=0, nll_loss=1.938, ntokens=320, nsentences=64, sample_size=320, sample_size_v1=0, sample_size_v2=0, ppl=3.83, wps=78.6, ups=0.25, wpb=320, bsz=64, num_updates=9360, lr=2.66795e-05, gnorm=9.572, clip=100, loss_scale=64, train_wall=40, gb_free=7.4, wall=54190
2023-04-02 15:51:17 - progress_bar.py[line:272] - INFO: epoch 005:   1873 / 1878 loss=3.101, loss_v1=0, loss_v2=0, nll_loss=1.915, ntokens=320, nsentences=64, sample_size=320, sample_size_v1=0, sample_size_v2=0, ppl=3.77, wps=79, ups=0.25, wpb=320, bsz=64, num_updates=9370, lr=2.66512e-05, gnorm=9.976, clip=100, loss_scale=64, train_wall=40, gb_free=7.4, wall=54230
2023-04-02 15:51:36 - train.py[line:445] - INFO: begin validation on "valid" subset
slice_id 0 seek offset 0
slice_id 1 seek offset 5379
slice_id 0 seek offset 0
slice_id 1 seek offset 5379
2023-04-02 16:02:54 - progress_bar.py[line:282] - INFO: epoch 005 | valid on 'valid' subset | loss 4.84 | loss_v1 0 | loss_v2 0 | nll_loss 3.842 | ntokens 39.993 | nsentences 7.999 | sample_size 39.993 | sample_size_v1 0 | sample_size_v2 0 | ppl 14.34 | score 0.8161 | wps 79.4 | wpb 40 | bsz 8 | num_updates 9375 | best_score 0.8161
local datafile ../../dataset/refcocoplus_data/refcocoplus_train.tsv slice_id 1 begin to initialize row_count and line_idx-to-offset mapping
2023-04-02 16:02:54 - checkpoint_utils.py[line:64] - INFO: Preparing to save checkpoint for epoch 5 @ 9375 updates
2023-04-02 16:02:54 - trainer.py[line:431] - INFO: Saving checkpoint to ./refcocoplus_scratch_checkpoints/10_5e-5_512/checkpoint_best.pt
2023-04-02 16:03:12 - trainer.py[line:441] - INFO: Finished saving checkpoint to ./refcocoplus_scratch_checkpoints/10_5e-5_512/checkpoint_best.pt
local datafile ../../dataset/refcocoplus_data/refcocoplus_train.tsv slice_id 1 finished initializing row_count and line_idx-to-offset mapping
file ../../dataset/refcocoplus_data/refcocoplus_train.tsv slice_id 1 row count 60095 total row count 120191
slice_id 1 seek offset 60096
2023-04-02 16:03:32 - checkpoint_utils.py[line:133] - INFO: Saved checkpoint ./refcocoplus_scratch_checkpoints/10_5e-5_512/checkpoint_best.pt (epoch 5 @ 9375 updates, score 0.8161) (writing took 38.08281417097896 seconds)
2023-04-02 16:03:32 - train.py[line:332] - INFO: end of epoch 5 (average epoch stats below)
2023-04-02 16:03:32 - progress_bar.py[line:282] - INFO: epoch 005 | loss 3.181 | loss_v1 0 | loss_v2 0 | nll_loss 2.01 | ntokens 319.997 | nsentences 63.999 | sample_size 319.997 | sample_size_v1 0 | sample_size_v2 0 | ppl 4.03 | wps 53.4 | ups 0.17 | wpb 320 | bsz 64 | num_updates 9375 | lr 2.6637e-05 | gnorm 9.235 | clip 100 | loss_scale 64 | train_wall 7619 | gb_free 7.4 | wall 54966
2023-04-02 16:03:32 - trainer.py[line:639] - INFO: loading train data for epoch 6
local datafile ../../dataset/refcocoplus_data/refcocoplus_train.tsv slice_id 0 begin to initialize row_count and line_idx-to-offset mapping
local datafile ../../dataset/refcocoplus_data/refcocoplus_train.tsv slice_id 0 finished initializing row_count and line_idx-to-offset mapping
file ../../dataset/refcocoplus_data/refcocoplus_train.tsv slice_id 0 row count 60096 total row count 120191
slice_id 0 seek offset 0
2023-04-02 16:03:48 - trainer.py[line:703] - INFO: begin training epoch 6
2023-04-02 16:03:48 - train.py[line:305] - INFO: Start iterating over samples
2023-04-02 16:04:09 - progress_bar.py[line:272] - INFO: epoch 006:      5 / 1878 loss=3.089, loss_v1=0, loss_v2=0, nll_loss=1.905, ntokens=320, nsentences=64, sample_size=320, sample_size_v1=0, sample_size_v2=0, ppl=3.75, wps=4.1, ups=0.01, wpb=320, bsz=64, num_updates=9380, lr=2.66229e-05, gnorm=10.596, clip=100, loss_scale=64, train_wall=39, gb_free=7.4, wall=55002
2023-04-02 16:04:49 - progress_bar.py[line:272] - INFO: epoch 006:     15 / 1878 loss=3.084, loss_v1=0, loss_v2=0, nll_loss=1.904, ntokens=320, nsentences=64, sample_size=320, sample_size_v1=0, sample_size_v2=0, ppl=3.74, wps=78.7, ups=0.25, wpb=320, bsz=64, num_updates=9390, lr=2.65945e-05, gnorm=9.514, clip=100, loss_scale=64, train_wall=40, gb_free=7.5, wall=55043
2023-04-02 16:05:30 - progress_bar.py[line:272] - INFO: epoch 006:     25 / 1878 loss=3.125, loss_v1=0, loss_v2=0, nll_loss=1.944, ntokens=320, nsentences=64, sample_size=320, sample_size_v1=0, sample_size_v2=0, ppl=3.85, wps=78.4, ups=0.24, wpb=320, bsz=64, num_updates=9400, lr=2.65662e-05, gnorm=9.616, clip=100, loss_scale=64, train_wall=41, gb_free=7.4, wall=55084
2023-04-02 16:06:11 - progress_bar.py[line:272] - INFO: epoch 006:     35 / 1878 loss=3.026, loss_v1=0, loss_v2=0, nll_loss=1.831, ntokens=320, nsentences=64, sample_size=320, sample_size_v1=0, sample_size_v2=0, ppl=3.56, wps=78.6, ups=0.25, wpb=320, bsz=64, num_updates=9410, lr=2.65379e-05, gnorm=9.989, clip=100, loss_scale=64, train_wall=40, gb_free=7.4, wall=55125
2023-04-02 16:06:52 - progress_bar.py[line:272] - INFO: epoch 006:     45 / 1878 loss=3.109, loss_v1=0, loss_v2=0, nll_loss=1.921, ntokens=320, nsentences=64, sample_size=320, sample_size_v1=0, sample_size_v2=0, ppl=3.79, wps=78.3, ups=0.24, wpb=320, bsz=64, num_updates=9420, lr=2.65096e-05, gnorm=10.363, clip=100, loss_scale=64, train_wall=41, gb_free=7.4, wall=55166
2023-04-02 16:07:32 - progress_bar.py[line:272] - INFO: epoch 006:     55 / 1878 loss=3.151, loss_v1=0, loss_v2=0, nll_loss=1.974, ntokens=320, nsentences=64, sample_size=320, sample_size_v1=0, sample_size_v2=0, ppl=3.93, wps=78.5, ups=0.25, wpb=320, bsz=64, num_updates=9430, lr=2.64813e-05, gnorm=10.316, clip=100, loss_scale=64, train_wall=41, gb_free=7.4, wall=55206
2023-04-02 16:08:13 - progress_bar.py[line:272] - INFO: epoch 006:     65 / 1878 loss=3.057, loss_v1=0, loss_v2=0, nll_loss=1.868, ntokens=320, nsentences=64, sample_size=320, sample_size_v1=0, sample_size_v2=0, ppl=3.65, wps=78.4, ups=0.25, wpb=320, bsz=64, num_updates=9440, lr=2.64529e-05, gnorm=10.203, clip=100, loss_scale=64, train_wall=40, gb_free=7.4, wall=55247
2023-04-02 16:08:54 - progress_bar.py[line:272] - INFO: epoch 006:     75 / 1878 loss=3.135, loss_v1=0, loss_v2=0, nll_loss=1.955, ntokens=320, nsentences=64, sample_size=320, sample_size_v1=0, sample_size_v2=0, ppl=3.88, wps=78, ups=0.24, wpb=320, bsz=64, num_updates=9450, lr=2.64246e-05, gnorm=9.98, clip=100, loss_scale=64, train_wall=41, gb_free=7.4, wall=55288
2023-04-02 16:09:35 - progress_bar.py[line:272] - INFO: epoch 006:     85 / 1878 loss=3.06, loss_v1=0, loss_v2=0, nll_loss=1.87, ntokens=320, nsentences=64, sample_size=320, sample_size_v1=0, sample_size_v2=0, ppl=3.65, wps=79.1, ups=0.25, wpb=320, bsz=64, num_updates=9460, lr=2.63963e-05, gnorm=9.761, clip=100, loss_scale=64, train_wall=40, gb_free=7.4, wall=55329
2023-04-02 16:10:16 - progress_bar.py[line:272] - INFO: epoch 006:     95 / 1878 loss=3.121, loss_v1=0, loss_v2=0, nll_loss=1.941, ntokens=320, nsentences=64, sample_size=320, sample_size_v1=0, sample_size_v2=0, ppl=3.84, wps=78.4, ups=0.25, wpb=320, bsz=64, num_updates=9470, lr=2.6368e-05, gnorm=9.914, clip=100, loss_scale=64, train_wall=41, gb_free=7.4, wall=55369
2023-04-02 16:10:56 - progress_bar.py[line:272] - INFO: epoch 006:    105 / 1878 loss=3.088, loss_v1=0, loss_v2=0, nll_loss=1.905, ntokens=320, nsentences=64, sample_size=320, sample_size_v1=0, sample_size_v2=0, ppl=3.75, wps=78.7, ups=0.25, wpb=320, bsz=64, num_updates=9480, lr=2.63396e-05, gnorm=10.101, clip=100, loss_scale=64, train_wall=40, gb_free=7.4, wall=55410
2023-04-02 16:11:37 - progress_bar.py[line:272] - INFO: epoch 006:    115 / 1878 loss=3.115, loss_v1=0, loss_v2=0, nll_loss=1.932, ntokens=320, nsentences=64, sample_size=320, sample_size_v1=0, sample_size_v2=0, ppl=3.81, wps=77.8, ups=0.24, wpb=320, bsz=64, num_updates=9490, lr=2.63113e-05, gnorm=10.232, clip=100, loss_scale=64, train_wall=41, gb_free=7.4, wall=55451
2023-04-02 16:12:18 - progress_bar.py[line:272] - INFO: epoch 006:    125 / 1878 loss=3.118, loss_v1=0, loss_v2=0, nll_loss=1.936, ntokens=320, nsentences=64, sample_size=320, sample_size_v1=0, sample_size_v2=0, ppl=3.83, wps=78.4, ups=0.24, wpb=320, bsz=64, num_updates=9500, lr=2.6283e-05, gnorm=10.204, clip=100, loss_scale=64, train_wall=41, gb_free=7.4, wall=55492
2023-04-02 16:12:18 - train.py[line:445] - INFO: begin validation on "valid" subset
slice_id 0 seek offset 0
slice_id 1 seek offset 5379
slice_id 1 seek offset 5379
slice_id 0 seek offset 0
2023-04-02 16:23:35 - progress_bar.py[line:282] - INFO: epoch 006 | valid on 'valid' subset | loss 4.862 | loss_v1 0 | loss_v2 0 | nll_loss 3.866 | ntokens 39.993 | nsentences 7.999 | sample_size 39.993 | sample_size_v1 0 | sample_size_v2 0 | ppl 14.58 | score 0.8098 | wps 79.6 | wpb 40 | bsz 8 | num_updates 9500 | best_score 0.8161
2023-04-02 16:23:35 - checkpoint_utils.py[line:64] - INFO: Preparing to save checkpoint for epoch 6 @ 9500 updates
2023-04-02 16:23:35 - trainer.py[line:431] - INFO: Saving checkpoint to ./refcocoplus_scratch_checkpoints/10_5e-5_512/checkpoint_6_9500.pt
2023-04-02 16:23:55 - trainer.py[line:441] - INFO: Finished saving checkpoint to ./refcocoplus_scratch_checkpoints/10_5e-5_512/checkpoint_6_9500.pt
2023-04-02 16:24:04 - checkpoint_utils.py[line:133] - INFO: Saved checkpoint ./refcocoplus_scratch_checkpoints/10_5e-5_512/checkpoint_6_9500.pt (epoch 6 @ 9500 updates, score 0.8098) (writing took 29.222380598075688 seconds)
2023-04-02 16:24:44 - progress_bar.py[line:272] - INFO: epoch 006:    135 / 1878 loss=3.117, loss_v1=0, loss_v2=0, nll_loss=1.936, ntokens=320, nsentences=64, sample_size=320, sample_size_v1=0, sample_size_v2=0, ppl=3.83, wps=4.3, ups=0.01, wpb=320, bsz=64, num_updates=9510, lr=2.62547e-05, gnorm=9.79, clip=100, loss_scale=64, train_wall=40, gb_free=7.4, wall=56238
2023-04-02 16:25:25 - progress_bar.py[line:272] - INFO: epoch 006:    145 / 1878 loss=3.059, loss_v1=0, loss_v2=0, nll_loss=1.871, ntokens=320, nsentences=64, sample_size=320, sample_size_v1=0, sample_size_v2=0, ppl=3.66, wps=78.4, ups=0.24, wpb=320, bsz=64, num_updates=9520, lr=2.62264e-05, gnorm=9.754, clip=100, loss_scale=64, train_wall=41, gb_free=7.4, wall=56279
2023-04-02 16:26:06 - progress_bar.py[line:272] - INFO: epoch 006:    155 / 1878 loss=3.08, loss_v1=0, loss_v2=0, nll_loss=1.89, ntokens=320, nsentences=64, sample_size=320, sample_size_v1=0, sample_size_v2=0, ppl=3.71, wps=78, ups=0.24, wpb=320, bsz=64, num_updates=9530, lr=2.6198e-05, gnorm=9.773, clip=100, loss_scale=64, train_wall=41, gb_free=7.4, wall=56320
2023-04-02 16:26:47 - progress_bar.py[line:272] - INFO: epoch 006:    165 / 1878 loss=3.078, loss_v1=0, loss_v2=0, nll_loss=1.894, ntokens=320, nsentences=64, sample_size=320, sample_size_v1=0, sample_size_v2=0, ppl=3.72, wps=78, ups=0.24, wpb=320, bsz=64, num_updates=9540, lr=2.61697e-05, gnorm=9.629, clip=100, loss_scale=64, train_wall=41, gb_free=7.4, wall=56361
2023-04-02 16:27:28 - progress_bar.py[line:272] - INFO: epoch 006:    175 / 1878 loss=3.12, loss_v1=0, loss_v2=0, nll_loss=1.942, ntokens=320, nsentences=64, sample_size=320, sample_size_v1=0, sample_size_v2=0, ppl=3.84, wps=78.3, ups=0.24, wpb=320, bsz=64, num_updates=9550, lr=2.61414e-05, gnorm=10.684, clip=100, loss_scale=64, train_wall=41, gb_free=7.5, wall=56402
2023-04-02 16:28:09 - progress_bar.py[line:272] - INFO: epoch 006:    185 / 1878 loss=3.131, loss_v1=0, loss_v2=0, nll_loss=1.948, ntokens=320, nsentences=64, sample_size=320, sample_size_v1=0, sample_size_v2=0, ppl=3.86, wps=77.7, ups=0.24, wpb=320, bsz=64, num_updates=9560, lr=2.61131e-05, gnorm=10.264, clip=100, loss_scale=64, train_wall=41, gb_free=7.4, wall=56443
2023-04-02 16:28:51 - progress_bar.py[line:272] - INFO: epoch 006:    195 / 1878 loss=3.062, loss_v1=0, loss_v2=0, nll_loss=1.87, ntokens=320, nsentences=64, sample_size=320, sample_size_v1=0, sample_size_v2=0, ppl=3.66, wps=77.8, ups=0.24, wpb=320, bsz=64, num_updates=9570, lr=2.60847e-05, gnorm=9.697, clip=100, loss_scale=64, train_wall=41, gb_free=7.4, wall=56484
2023-04-02 16:29:31 - progress_bar.py[line:272] - INFO: epoch 006:    205 / 1878 loss=3.129, loss_v1=0, loss_v2=0, nll_loss=1.948, ntokens=320, nsentences=64, sample_size=320, sample_size_v1=0, sample_size_v2=0, ppl=3.86, wps=78.2, ups=0.24, wpb=320, bsz=64, num_updates=9580, lr=2.60564e-05, gnorm=11.162, clip=100, loss_scale=64, train_wall=41, gb_free=7.4, wall=56525
2023-04-02 16:30:12 - progress_bar.py[line:272] - INFO: epoch 006:    215 / 1878 loss=3.131, loss_v1=0, loss_v2=0, nll_loss=1.953, ntokens=320, nsentences=64, sample_size=320, sample_size_v1=0, sample_size_v2=0, ppl=3.87, wps=78.3, ups=0.24, wpb=320, bsz=64, num_updates=9590, lr=2.60281e-05, gnorm=9.413, clip=100, loss_scale=64, train_wall=41, gb_free=7.4, wall=56566
2023-04-02 16:30:53 - progress_bar.py[line:272] - INFO: epoch 006:    225 / 1878 loss=3.121, loss_v1=0, loss_v2=0, nll_loss=1.944, ntokens=320, nsentences=64, sample_size=320, sample_size_v1=0, sample_size_v2=0, ppl=3.85, wps=78.8, ups=0.25, wpb=320, bsz=64, num_updates=9600, lr=2.59998e-05, gnorm=9.663, clip=100, loss_scale=64, train_wall=40, gb_free=7.4, wall=56607
2023-04-02 16:31:34 - progress_bar.py[line:272] - INFO: epoch 006:    235 / 1878 loss=3.127, loss_v1=0, loss_v2=0, nll_loss=1.948, ntokens=320, nsentences=64, sample_size=320, sample_size_v1=0, sample_size_v2=0, ppl=3.86, wps=78.4, ups=0.24, wpb=320, bsz=64, num_updates=9610, lr=2.59715e-05, gnorm=9.202, clip=100, loss_scale=64, train_wall=41, gb_free=7.4, wall=56648
2023-04-02 16:32:15 - progress_bar.py[line:272] - INFO: epoch 006:    245 / 1878 loss=3.12, loss_v1=0, loss_v2=0, nll_loss=1.939, ntokens=320, nsentences=64, sample_size=320, sample_size_v1=0, sample_size_v2=0, ppl=3.83, wps=78.3, ups=0.24, wpb=320, bsz=64, num_updates=9620, lr=2.59431e-05, gnorm=10.408, clip=100, loss_scale=64, train_wall=41, gb_free=7.4, wall=56689
2023-04-02 16:32:55 - progress_bar.py[line:272] - INFO: epoch 006:    255 / 1878 loss=3.091, loss_v1=0, loss_v2=0, nll_loss=1.906, ntokens=320, nsentences=64, sample_size=320, sample_size_v1=0, sample_size_v2=0, ppl=3.75, wps=78.5, ups=0.25, wpb=320, bsz=64, num_updates=9630, lr=2.59148e-05, gnorm=9.858, clip=100, loss_scale=64, train_wall=41, gb_free=7.4, wall=56729
2023-04-02 16:33:36 - progress_bar.py[line:272] - INFO: epoch 006:    265 / 1878 loss=3.025, loss_v1=0, loss_v2=0, nll_loss=1.829, ntokens=320, nsentences=64, sample_size=320, sample_size_v1=0, sample_size_v2=0, ppl=3.55, wps=78.6, ups=0.25, wpb=320, bsz=64, num_updates=9640, lr=2.58865e-05, gnorm=9.341, clip=100, loss_scale=128, train_wall=40, gb_free=7.5, wall=56770
2023-04-02 16:33:44 - trainer.py[line:921] - INFO: NOTE: gradient overflow detected, ignoring gradient, setting loss scale to: 64.0
2023-04-02 16:34:21 - progress_bar.py[line:272] - INFO: epoch 006:    276 / 1878 loss=3.058, loss_v1=0, loss_v2=0, nll_loss=1.865, ntokens=320, nsentences=64, sample_size=320, sample_size_v1=0, sample_size_v2=0, ppl=3.64, wps=71.2, ups=0.22, wpb=320, bsz=64, num_updates=9650, lr=2.58582e-05, gnorm=10.118, clip=100, loss_scale=64, train_wall=45, gb_free=7.4, wall=56815
2023-04-02 16:35:02 - progress_bar.py[line:272] - INFO: epoch 006:    286 / 1878 loss=3.125, loss_v1=0, loss_v2=0, nll_loss=1.944, ntokens=320, nsentences=64, sample_size=320, sample_size_v1=0, sample_size_v2=0, ppl=3.85, wps=78.6, ups=0.25, wpb=320, bsz=64, num_updates=9660, lr=2.58298e-05, gnorm=11.164, clip=100, loss_scale=64, train_wall=41, gb_free=7.4, wall=56856
2023-04-02 16:35:43 - progress_bar.py[line:272] - INFO: epoch 006:    296 / 1878 loss=3.115, loss_v1=0, loss_v2=0, nll_loss=1.933, ntokens=320, nsentences=64, sample_size=320, sample_size_v1=0, sample_size_v2=0, ppl=3.82, wps=77.8, ups=0.24, wpb=320, bsz=64, num_updates=9670, lr=2.58015e-05, gnorm=9.87, clip=100, loss_scale=64, train_wall=41, gb_free=7.4, wall=56897
2023-04-02 16:36:03 - trainer.py[line:921] - INFO: NOTE: gradient overflow detected, ignoring gradient, setting loss scale to: 32.0
2023-04-02 16:36:28 - progress_bar.py[line:272] - INFO: epoch 006:    307 / 1878 loss=3.086, loss_v1=0, loss_v2=0, nll_loss=1.902, ntokens=320, nsentences=64, sample_size=320, sample_size_v1=0, sample_size_v2=0, ppl=3.74, wps=71.2, ups=0.22, wpb=320, bsz=64, num_updates=9680, lr=2.57732e-05, gnorm=10.769, clip=100, loss_scale=32, train_wall=45, gb_free=7.4, wall=56942
2023-04-02 16:37:09 - progress_bar.py[line:272] - INFO: epoch 006:    317 / 1878 loss=3.036, loss_v1=0, loss_v2=0, nll_loss=1.845, ntokens=320, nsentences=64, sample_size=320, sample_size_v1=0, sample_size_v2=0, ppl=3.59, wps=78.5, ups=0.25, wpb=320, bsz=64, num_updates=9690, lr=2.57449e-05, gnorm=10.172, clip=100, loss_scale=32, train_wall=40, gb_free=7.4, wall=56983
2023-04-02 16:37:49 - progress_bar.py[line:272] - INFO: epoch 006:    327 / 1878 loss=3.035, loss_v1=0, loss_v2=0, nll_loss=1.839, ntokens=320, nsentences=64, sample_size=320, sample_size_v1=0, sample_size_v2=0, ppl=3.58, wps=78.7, ups=0.25, wpb=320, bsz=64, num_updates=9700, lr=2.57166e-05, gnorm=9.655, clip=100, loss_scale=32, train_wall=40, gb_free=7.4, wall=57023
2023-04-02 16:38:30 - progress_bar.py[line:272] - INFO: epoch 006:    337 / 1878 loss=3.083, loss_v1=0, loss_v2=0, nll_loss=1.894, ntokens=320, nsentences=64, sample_size=320, sample_size_v1=0, sample_size_v2=0, ppl=3.72, wps=78.1, ups=0.24, wpb=320, bsz=64, num_updates=9710, lr=2.56882e-05, gnorm=10.395, clip=100, loss_scale=32, train_wall=41, gb_free=7.4, wall=57064
2023-04-02 16:39:11 - progress_bar.py[line:272] - INFO: epoch 006:    347 / 1878 loss=3.039, loss_v1=0, loss_v2=0, nll_loss=1.845, ntokens=320, nsentences=64, sample_size=320, sample_size_v1=0, sample_size_v2=0, ppl=3.59, wps=78.6, ups=0.25, wpb=320, bsz=64, num_updates=9720, lr=2.56599e-05, gnorm=10.677, clip=100, loss_scale=32, train_wall=40, gb_free=7.4, wall=57105
2023-04-02 16:39:52 - progress_bar.py[line:272] - INFO: epoch 006:    357 / 1878 loss=3.054, loss_v1=0, loss_v2=0, nll_loss=1.864, ntokens=320, nsentences=64, sample_size=320, sample_size_v1=0, sample_size_v2=0, ppl=3.64, wps=78.8, ups=0.25, wpb=320, bsz=64, num_updates=9730, lr=2.56316e-05, gnorm=10.122, clip=100, loss_scale=32, train_wall=40, gb_free=7.4, wall=57145
2023-04-02 16:40:32 - progress_bar.py[line:272] - INFO: epoch 006:    367 / 1878 loss=3.148, loss_v1=0, loss_v2=0, nll_loss=1.972, ntokens=320, nsentences=64, sample_size=320, sample_size_v1=0, sample_size_v2=0, ppl=3.92, wps=78.9, ups=0.25, wpb=320, bsz=64, num_updates=9740, lr=2.56033e-05, gnorm=10.529, clip=100, loss_scale=32, train_wall=40, gb_free=7.4, wall=57186
2023-04-02 16:41:13 - progress_bar.py[line:272] - INFO: epoch 006:    377 / 1878 loss=3.095, loss_v1=0, loss_v2=0, nll_loss=1.911, ntokens=320, nsentences=64, sample_size=320, sample_size_v1=0, sample_size_v2=0, ppl=3.76, wps=78.3, ups=0.24, wpb=320, bsz=64, num_updates=9750, lr=2.55749e-05, gnorm=12.506, clip=100, loss_scale=32, train_wall=41, gb_free=7.4, wall=57227
2023-04-02 16:41:54 - progress_bar.py[line:272] - INFO: epoch 006:    387 / 1878 loss=3.062, loss_v1=0, loss_v2=0, nll_loss=1.872, ntokens=320, nsentences=64, sample_size=320, sample_size_v1=0, sample_size_v2=0, ppl=3.66, wps=78.1, ups=0.24, wpb=320, bsz=64, num_updates=9760, lr=2.55466e-05, gnorm=10.369, clip=100, loss_scale=32, train_wall=41, gb_free=7.4, wall=57268
2023-04-02 16:42:35 - progress_bar.py[line:272] - INFO: epoch 006:    397 / 1878 loss=3.079, loss_v1=0, loss_v2=0, nll_loss=1.888, ntokens=320, nsentences=64, sample_size=320, sample_size_v1=0, sample_size_v2=0, ppl=3.7, wps=78, ups=0.24, wpb=320, bsz=64, num_updates=9770, lr=2.55183e-05, gnorm=10.395, clip=100, loss_scale=32, train_wall=41, gb_free=7.4, wall=57309
2023-04-02 16:43:16 - progress_bar.py[line:272] - INFO: epoch 006:    407 / 1878 loss=3.043, loss_v1=0, loss_v2=0, nll_loss=1.847, ntokens=320, nsentences=64, sample_size=320, sample_size_v1=0, sample_size_v2=0, ppl=3.6, wps=78.3, ups=0.24, wpb=320, bsz=64, num_updates=9780, lr=2.549e-05, gnorm=10.03, clip=100, loss_scale=32, train_wall=41, gb_free=7.4, wall=57350
2023-04-02 16:43:57 - progress_bar.py[line:272] - INFO: epoch 006:    417 / 1878 loss=3.071, loss_v1=0, loss_v2=0, nll_loss=1.883, ntokens=320, nsentences=64, sample_size=320, sample_size_v1=0, sample_size_v2=0, ppl=3.69, wps=78.5, ups=0.25, wpb=320, bsz=64, num_updates=9790, lr=2.54617e-05, gnorm=10.128, clip=100, loss_scale=32, train_wall=41, gb_free=7.4, wall=57390
2023-04-02 16:44:37 - progress_bar.py[line:272] - INFO: epoch 006:    427 / 1878 loss=3.094, loss_v1=0, loss_v2=0, nll_loss=1.908, ntokens=320, nsentences=64, sample_size=320, sample_size_v1=0, sample_size_v2=0, ppl=3.75, wps=78.5, ups=0.25, wpb=320, bsz=64, num_updates=9800, lr=2.54333e-05, gnorm=9.739, clip=100, loss_scale=32, train_wall=40, gb_free=7.4, wall=57431
2023-04-02 16:45:18 - progress_bar.py[line:272] - INFO: epoch 006:    437 / 1878 loss=3.099, loss_v1=0, loss_v2=0, nll_loss=1.915, ntokens=320, nsentences=64, sample_size=320, sample_size_v1=0, sample_size_v2=0, ppl=3.77, wps=78.4, ups=0.24, wpb=320, bsz=64, num_updates=9810, lr=2.5405e-05, gnorm=9.29, clip=100, loss_scale=32, train_wall=41, gb_free=7.4, wall=57472
2023-04-02 16:46:00 - progress_bar.py[line:272] - INFO: epoch 006:    447 / 1878 loss=3.038, loss_v1=0, loss_v2=0, nll_loss=1.847, ntokens=320, nsentences=64, sample_size=320, sample_size_v1=0, sample_size_v2=0, ppl=3.6, wps=77.4, ups=0.24, wpb=320, bsz=64, num_updates=9820, lr=2.53767e-05, gnorm=9.856, clip=100, loss_scale=32, train_wall=41, gb_free=7.4, wall=57513
2023-04-02 16:46:28 - trainer.py[line:921] - INFO: NOTE: gradient overflow detected, ignoring gradient, setting loss scale to: 16.0
2023-04-02 16:46:45 - progress_bar.py[line:272] - INFO: epoch 006:    458 / 1878 loss=3.042, loss_v1=0, loss_v2=0, nll_loss=1.853, ntokens=320, nsentences=64, sample_size=320, sample_size_v1=0, sample_size_v2=0, ppl=3.61, wps=71.1, ups=0.22, wpb=320, bsz=64, num_updates=9830, lr=2.53484e-05, gnorm=10.255, clip=100, loss_scale=16, train_wall=45, gb_free=7.4, wall=57558
2023-04-02 16:47:25 - progress_bar.py[line:272] - INFO: epoch 006:    468 / 1878 loss=3.056, loss_v1=0, loss_v2=0, nll_loss=1.862, ntokens=320, nsentences=64, sample_size=320, sample_size_v1=0, sample_size_v2=0, ppl=3.64, wps=78.4, ups=0.25, wpb=320, bsz=64, num_updates=9840, lr=2.532e-05, gnorm=10.003, clip=100, loss_scale=16, train_wall=41, gb_free=7.4, wall=57599
2023-04-02 16:48:06 - progress_bar.py[line:272] - INFO: epoch 006:    478 / 1878 loss=3.051, loss_v1=0, loss_v2=0, nll_loss=1.856, ntokens=320, nsentences=64, sample_size=320, sample_size_v1=0, sample_size_v2=0, ppl=3.62, wps=78.2, ups=0.24, wpb=320, bsz=64, num_updates=9850, lr=2.52917e-05, gnorm=10.908, clip=100, loss_scale=16, train_wall=41, gb_free=7.4, wall=57640
2023-04-02 16:48:47 - progress_bar.py[line:272] - INFO: epoch 006:    488 / 1878 loss=3.031, loss_v1=0, loss_v2=0, nll_loss=1.84, ntokens=320, nsentences=64, sample_size=320, sample_size_v1=0, sample_size_v2=0, ppl=3.58, wps=78.5, ups=0.25, wpb=320, bsz=64, num_updates=9860, lr=2.52634e-05, gnorm=10.3, clip=100, loss_scale=16, train_wall=40, gb_free=7.4, wall=57681
2023-04-02 16:49:28 - progress_bar.py[line:272] - INFO: epoch 006:    498 / 1878 loss=3.043, loss_v1=0, loss_v2=0, nll_loss=1.851, ntokens=320, nsentences=64, sample_size=320, sample_size_v1=0, sample_size_v2=0, ppl=3.61, wps=78, ups=0.24, wpb=320, bsz=64, num_updates=9870, lr=2.52351e-05, gnorm=10.746, clip=100, loss_scale=16, train_wall=41, gb_free=7.4, wall=57722
2023-04-02 16:50:09 - progress_bar.py[line:272] - INFO: epoch 006:    508 / 1878 loss=3.09, loss_v1=0, loss_v2=0, nll_loss=1.902, ntokens=320, nsentences=64, sample_size=320, sample_size_v1=0, sample_size_v2=0, ppl=3.74, wps=78.1, ups=0.24, wpb=320, bsz=64, num_updates=9880, lr=2.52068e-05, gnorm=10.675, clip=100, loss_scale=16, train_wall=41, gb_free=7.5, wall=57763
2023-04-02 16:50:50 - progress_bar.py[line:272] - INFO: epoch 006:    518 / 1878 loss=3.08, loss_v1=0, loss_v2=0, nll_loss=1.895, ntokens=320, nsentences=64, sample_size=320, sample_size_v1=0, sample_size_v2=0, ppl=3.72, wps=78.4, ups=0.25, wpb=320, bsz=64, num_updates=9890, lr=2.51784e-05, gnorm=10.366, clip=100, loss_scale=16, train_wall=41, gb_free=7.4, wall=57804
2023-04-02 16:51:31 - progress_bar.py[line:272] - INFO: epoch 006:    528 / 1878 loss=3.079, loss_v1=0, loss_v2=0, nll_loss=1.889, ntokens=320, nsentences=64, sample_size=320, sample_size_v1=0, sample_size_v2=0, ppl=3.7, wps=78.2, ups=0.24, wpb=320, bsz=64, num_updates=9900, lr=2.51501e-05, gnorm=10.397, clip=100, loss_scale=16, train_wall=41, gb_free=7.4, wall=57845
2023-04-02 16:52:12 - progress_bar.py[line:272] - INFO: epoch 006:    538 / 1878 loss=3.064, loss_v1=0, loss_v2=0, nll_loss=1.874, ntokens=320, nsentences=64, sample_size=320, sample_size_v1=0, sample_size_v2=0, ppl=3.66, wps=78.4, ups=0.24, wpb=320, bsz=64, num_updates=9910, lr=2.51218e-05, gnorm=9.649, clip=100, loss_scale=16, train_wall=41, gb_free=7.4, wall=57885
2023-04-02 16:52:52 - progress_bar.py[line:272] - INFO: epoch 006:    548 / 1878 loss=3.04, loss_v1=0, loss_v2=0, nll_loss=1.849, ntokens=320, nsentences=64, sample_size=320, sample_size_v1=0, sample_size_v2=0, ppl=3.6, wps=78.4, ups=0.25, wpb=320, bsz=64, num_updates=9920, lr=2.50935e-05, gnorm=9.536, clip=100, loss_scale=16, train_wall=41, gb_free=7.4, wall=57926
2023-04-02 16:53:33 - progress_bar.py[line:272] - INFO: epoch 006:    558 / 1878 loss=3.086, loss_v1=0, loss_v2=0, nll_loss=1.904, ntokens=320, nsentences=64, sample_size=320, sample_size_v1=0, sample_size_v2=0, ppl=3.74, wps=78.3, ups=0.24, wpb=320, bsz=64, num_updates=9930, lr=2.50651e-05, gnorm=9.508, clip=100, loss_scale=16, train_wall=41, gb_free=7.4, wall=57967
2023-04-02 16:54:14 - progress_bar.py[line:272] - INFO: epoch 006:    568 / 1878 loss=3.057, loss_v1=0, loss_v2=0, nll_loss=1.87, ntokens=320, nsentences=64, sample_size=320, sample_size_v1=0, sample_size_v2=0, ppl=3.65, wps=78.1, ups=0.24, wpb=320, bsz=64, num_updates=9940, lr=2.50368e-05, gnorm=10.193, clip=100, loss_scale=16, train_wall=41, gb_free=7.4, wall=58008
2023-04-02 16:54:55 - progress_bar.py[line:272] - INFO: epoch 006:    578 / 1878 loss=3.094, loss_v1=0, loss_v2=0, nll_loss=1.901, ntokens=320, nsentences=64, sample_size=320, sample_size_v1=0, sample_size_v2=0, ppl=3.73, wps=78.6, ups=0.25, wpb=320, bsz=64, num_updates=9950, lr=2.50085e-05, gnorm=10.561, clip=100, loss_scale=16, train_wall=40, gb_free=7.4, wall=58049
2023-04-02 16:55:36 - progress_bar.py[line:272] - INFO: epoch 006:    588 / 1878 loss=3.152, loss_v1=0, loss_v2=0, nll_loss=1.975, ntokens=320, nsentences=64, sample_size=320, sample_size_v1=0, sample_size_v2=0, ppl=3.93, wps=78.1, ups=0.24, wpb=320, bsz=64, num_updates=9960, lr=2.49802e-05, gnorm=11.027, clip=100, loss_scale=16, train_wall=41, gb_free=7.4, wall=58090
2023-04-02 16:56:17 - progress_bar.py[line:272] - INFO: epoch 006:    598 / 1878 loss=3.109, loss_v1=0, loss_v2=0, nll_loss=1.929, ntokens=320, nsentences=64, sample_size=320, sample_size_v1=0, sample_size_v2=0, ppl=3.81, wps=78.3, ups=0.24, wpb=320, bsz=64, num_updates=9970, lr=2.49519e-05, gnorm=11.167, clip=100, loss_scale=16, train_wall=40, gb_free=7.4, wall=58131
2023-04-02 16:56:58 - progress_bar.py[line:272] - INFO: epoch 006:    608 / 1878 loss=3.06, loss_v1=0, loss_v2=0, nll_loss=1.871, ntokens=320, nsentences=64, sample_size=320, sample_size_v1=0, sample_size_v2=0, ppl=3.66, wps=78.2, ups=0.24, wpb=320, bsz=64, num_updates=9980, lr=2.49235e-05, gnorm=10.003, clip=100, loss_scale=16, train_wall=41, gb_free=7.4, wall=58172
2023-04-02 16:57:38 - progress_bar.py[line:272] - INFO: epoch 006:    618 / 1878 loss=3.066, loss_v1=0, loss_v2=0, nll_loss=1.876, ntokens=320, nsentences=64, sample_size=320, sample_size_v1=0, sample_size_v2=0, ppl=3.67, wps=78.4, ups=0.25, wpb=320, bsz=64, num_updates=9990, lr=2.48952e-05, gnorm=10.693, clip=100, loss_scale=16, train_wall=41, gb_free=7.4, wall=58212
2023-04-02 16:58:19 - progress_bar.py[line:272] - INFO: epoch 006:    628 / 1878 loss=3.069, loss_v1=0, loss_v2=0, nll_loss=1.883, ntokens=320, nsentences=64, sample_size=320, sample_size_v1=0, sample_size_v2=0, ppl=3.69, wps=78.4, ups=0.25, wpb=320, bsz=64, num_updates=10000, lr=2.48669e-05, gnorm=10.894, clip=100, loss_scale=16, train_wall=41, gb_free=7.4, wall=58253
2023-04-02 16:58:19 - train.py[line:445] - INFO: begin validation on "valid" subset
slice_id 0 seek offset 0
slice_id 1 seek offset 5379
slice_id 1 seek offset 5379
slice_id 0 seek offset 0
2023-04-02 17:09:36 - progress_bar.py[line:282] - INFO: epoch 006 | valid on 'valid' subset | loss 4.902 | loss_v1 0 | loss_v2 0 | nll_loss 3.91 | ntokens 39.993 | nsentences 7.999 | sample_size 39.993 | sample_size_v1 0 | sample_size_v2 0 | ppl 15.03 | score 0.8139 | wps 79.5 | wpb 40 | bsz 8 | num_updates 10000 | best_score 0.8161
2023-04-02 17:09:36 - checkpoint_utils.py[line:64] - INFO: Preparing to save checkpoint for epoch 6 @ 10000 updates
2023-04-02 17:09:36 - trainer.py[line:431] - INFO: Saving checkpoint to ./refcocoplus_scratch_checkpoints/10_5e-5_512/checkpoint_6_10000.pt
2023-04-02 17:09:55 - trainer.py[line:441] - INFO: Finished saving checkpoint to ./refcocoplus_scratch_checkpoints/10_5e-5_512/checkpoint_6_10000.pt
2023-04-02 17:10:03 - checkpoint_utils.py[line:133] - INFO: Saved checkpoint ./refcocoplus_scratch_checkpoints/10_5e-5_512/checkpoint_6_10000.pt (epoch 6 @ 10000 updates, score 0.8139) (writing took 27.221055711619556 seconds)
2023-04-02 17:10:44 - progress_bar.py[line:272] - INFO: epoch 006:    638 / 1878 loss=3.086, loss_v1=0, loss_v2=0, nll_loss=1.898, ntokens=320, nsentences=64, sample_size=320, sample_size_v1=0, sample_size_v2=0, ppl=3.73, wps=4.3, ups=0.01, wpb=320, bsz=64, num_updates=10010, lr=2.48386e-05, gnorm=9.738, clip=100, loss_scale=16, train_wall=40, gb_free=7.4, wall=58998
2023-04-02 17:11:25 - progress_bar.py[line:272] - INFO: epoch 006:    648 / 1878 loss=3.06, loss_v1=0, loss_v2=0, nll_loss=1.871, ntokens=320, nsentences=64, sample_size=320, sample_size_v1=0, sample_size_v2=0, ppl=3.66, wps=78.1, ups=0.24, wpb=320, bsz=64, num_updates=10020, lr=2.48102e-05, gnorm=10.793, clip=100, loss_scale=16, train_wall=41, gb_free=7.4, wall=59039
2023-04-02 17:12:05 - progress_bar.py[line:272] - INFO: epoch 006:    658 / 1878 loss=3.115, loss_v1=0, loss_v2=0, nll_loss=1.933, ntokens=320, nsentences=64, sample_size=320, sample_size_v1=0, sample_size_v2=0, ppl=3.82, wps=78.5, ups=0.25, wpb=320, bsz=64, num_updates=10030, lr=2.47819e-05, gnorm=10.455, clip=100, loss_scale=16, train_wall=40, gb_free=7.4, wall=59079
2023-04-02 17:12:46 - progress_bar.py[line:272] - INFO: epoch 006:    668 / 1878 loss=3.063, loss_v1=0, loss_v2=0, nll_loss=1.876, ntokens=320, nsentences=64, sample_size=320, sample_size_v1=0, sample_size_v2=0, ppl=3.67, wps=78.3, ups=0.24, wpb=320, bsz=64, num_updates=10040, lr=2.47536e-05, gnorm=10.22, clip=100, loss_scale=16, train_wall=41, gb_free=7.4, wall=59120
2023-04-02 17:13:27 - progress_bar.py[line:272] - INFO: epoch 006:    678 / 1878 loss=3.074, loss_v1=0, loss_v2=0, nll_loss=1.887, ntokens=320, nsentences=64, sample_size=320, sample_size_v1=0, sample_size_v2=0, ppl=3.7, wps=78.3, ups=0.24, wpb=320, bsz=64, num_updates=10050, lr=2.47253e-05, gnorm=10.224, clip=100, loss_scale=16, train_wall=41, gb_free=7.4, wall=59161
2023-04-02 17:14:08 - progress_bar.py[line:272] - INFO: epoch 006:    688 / 1878 loss=3.1, loss_v1=0, loss_v2=0, nll_loss=1.915, ntokens=320, nsentences=64, sample_size=320, sample_size_v1=0, sample_size_v2=0, ppl=3.77, wps=78, ups=0.24, wpb=320, bsz=64, num_updates=10060, lr=2.4697e-05, gnorm=10.652, clip=100, loss_scale=16, train_wall=41, gb_free=7.4, wall=59202
2023-04-02 17:14:49 - progress_bar.py[line:272] - INFO: epoch 006:    698 / 1878 loss=3.078, loss_v1=0, loss_v2=0, nll_loss=1.892, ntokens=320, nsentences=64, sample_size=320, sample_size_v1=0, sample_size_v2=0, ppl=3.71, wps=78.7, ups=0.25, wpb=320, bsz=64, num_updates=10070, lr=2.46686e-05, gnorm=9.744, clip=100, loss_scale=16, train_wall=40, gb_free=7.4, wall=59243
2023-04-02 17:15:30 - progress_bar.py[line:272] - INFO: epoch 006:    708 / 1878 loss=3.068, loss_v1=0, loss_v2=0, nll_loss=1.881, ntokens=320, nsentences=64, sample_size=320, sample_size_v1=0, sample_size_v2=0, ppl=3.68, wps=78.5, ups=0.25, wpb=320, bsz=64, num_updates=10080, lr=2.46403e-05, gnorm=10.702, clip=100, loss_scale=16, train_wall=41, gb_free=7.4, wall=59283
2023-04-02 17:16:10 - progress_bar.py[line:272] - INFO: epoch 006:    718 / 1878 loss=2.982, loss_v1=0, loss_v2=0, nll_loss=1.784, ntokens=320, nsentences=64, sample_size=320, sample_size_v1=0, sample_size_v2=0, ppl=3.44, wps=78.5, ups=0.25, wpb=320, bsz=64, num_updates=10090, lr=2.4612e-05, gnorm=10.419, clip=100, loss_scale=16, train_wall=41, gb_free=7.4, wall=59324
2023-04-02 17:16:51 - progress_bar.py[line:272] - INFO: epoch 006:    728 / 1878 loss=3.048, loss_v1=0, loss_v2=0, nll_loss=1.856, ntokens=320, nsentences=64, sample_size=320, sample_size_v1=0, sample_size_v2=0, ppl=3.62, wps=78.6, ups=0.25, wpb=320, bsz=64, num_updates=10100, lr=2.45837e-05, gnorm=9.927, clip=100, loss_scale=16, train_wall=41, gb_free=7.4, wall=59365
2023-04-02 17:17:32 - progress_bar.py[line:272] - INFO: epoch 006:    738 / 1878 loss=3.038, loss_v1=0, loss_v2=0, nll_loss=1.85, ntokens=320, nsentences=64, sample_size=320, sample_size_v1=0, sample_size_v2=0, ppl=3.6, wps=78.8, ups=0.25, wpb=320, bsz=64, num_updates=10110, lr=2.45553e-05, gnorm=10.008, clip=100, loss_scale=16, train_wall=40, gb_free=7.4, wall=59406
2023-04-02 17:18:13 - progress_bar.py[line:272] - INFO: epoch 006:    748 / 1878 loss=3.021, loss_v1=0, loss_v2=0, nll_loss=1.825, ntokens=320, nsentences=64, sample_size=320, sample_size_v1=0, sample_size_v2=0, ppl=3.54, wps=78.5, ups=0.25, wpb=320, bsz=64, num_updates=10120, lr=2.4527e-05, gnorm=9.052, clip=100, loss_scale=16, train_wall=41, gb_free=7.4, wall=59446
2023-04-02 17:18:53 - progress_bar.py[line:272] - INFO: epoch 006:    758 / 1878 loss=2.98, loss_v1=0, loss_v2=0, nll_loss=1.782, ntokens=320, nsentences=64, sample_size=320, sample_size_v1=0, sample_size_v2=0, ppl=3.44, wps=78.2, ups=0.24, wpb=320, bsz=64, num_updates=10130, lr=2.44987e-05, gnorm=9.607, clip=100, loss_scale=16, train_wall=41, gb_free=7.4, wall=59487
2023-04-02 17:19:34 - progress_bar.py[line:272] - INFO: epoch 006:    768 / 1878 loss=2.978, loss_v1=0, loss_v2=0, nll_loss=1.775, ntokens=320, nsentences=64, sample_size=320, sample_size_v1=0, sample_size_v2=0, ppl=3.42, wps=78.4, ups=0.24, wpb=320, bsz=64, num_updates=10140, lr=2.44704e-05, gnorm=9.578, clip=100, loss_scale=16, train_wall=41, gb_free=7.4, wall=59528
2023-04-02 17:20:15 - progress_bar.py[line:272] - INFO: epoch 006:    778 / 1878 loss=3.027, loss_v1=0, loss_v2=0, nll_loss=1.831, ntokens=320, nsentences=64, sample_size=320, sample_size_v1=0, sample_size_v2=0, ppl=3.56, wps=78.4, ups=0.24, wpb=320, bsz=64, num_updates=10150, lr=2.44421e-05, gnorm=9.874, clip=100, loss_scale=16, train_wall=41, gb_free=7.4, wall=59569
2023-04-02 17:20:56 - progress_bar.py[line:272] - INFO: epoch 006:    788 / 1878 loss=3.014, loss_v1=0, loss_v2=0, nll_loss=1.814, ntokens=320, nsentences=64, sample_size=320, sample_size_v1=0, sample_size_v2=0, ppl=3.52, wps=77.9, ups=0.24, wpb=320, bsz=64, num_updates=10160, lr=2.44137e-05, gnorm=9.602, clip=100, loss_scale=16, train_wall=41, gb_free=7.4, wall=59610
2023-04-02 17:21:37 - progress_bar.py[line:272] - INFO: epoch 006:    798 / 1878 loss=2.979, loss_v1=0, loss_v2=0, nll_loss=1.774, ntokens=320, nsentences=64, sample_size=320, sample_size_v1=0, sample_size_v2=0, ppl=3.42, wps=78.4, ups=0.24, wpb=320, bsz=64, num_updates=10170, lr=2.43854e-05, gnorm=9.039, clip=100, loss_scale=16, train_wall=41, gb_free=7.4, wall=59651
2023-04-02 17:22:18 - progress_bar.py[line:272] - INFO: epoch 006:    808 / 1878 loss=2.998, loss_v1=0, loss_v2=0, nll_loss=1.795, ntokens=320, nsentences=64, sample_size=320, sample_size_v1=0, sample_size_v2=0, ppl=3.47, wps=78.4, ups=0.24, wpb=320, bsz=64, num_updates=10180, lr=2.43571e-05, gnorm=10.724, clip=100, loss_scale=16, train_wall=41, gb_free=7.4, wall=59692
2023-04-02 17:22:59 - progress_bar.py[line:272] - INFO: epoch 006:    818 / 1878 loss=2.986, loss_v1=0, loss_v2=0, nll_loss=1.783, ntokens=320, nsentences=64, sample_size=320, sample_size_v1=0, sample_size_v2=0, ppl=3.44, wps=78.6, ups=0.25, wpb=320, bsz=64, num_updates=10190, lr=2.43288e-05, gnorm=9.127, clip=100, loss_scale=16, train_wall=41, gb_free=7.4, wall=59732
2023-04-02 17:23:39 - progress_bar.py[line:272] - INFO: epoch 006:    828 / 1878 loss=3.027, loss_v1=0, loss_v2=0, nll_loss=1.831, ntokens=320, nsentences=64, sample_size=320, sample_size_v1=0, sample_size_v2=0, ppl=3.56, wps=78.5, ups=0.25, wpb=320, bsz=64, num_updates=10200, lr=2.43004e-05, gnorm=10.149, clip=100, loss_scale=16, train_wall=40, gb_free=7.4, wall=59773
2023-04-02 17:24:20 - progress_bar.py[line:272] - INFO: epoch 006:    838 / 1878 loss=2.991, loss_v1=0, loss_v2=0, nll_loss=1.787, ntokens=320, nsentences=64, sample_size=320, sample_size_v1=0, sample_size_v2=0, ppl=3.45, wps=78.6, ups=0.25, wpb=320, bsz=64, num_updates=10210, lr=2.42721e-05, gnorm=9.732, clip=100, loss_scale=16, train_wall=41, gb_free=7.4, wall=59814
2023-04-02 17:25:01 - progress_bar.py[line:272] - INFO: epoch 006:    848 / 1878 loss=3.022, loss_v1=0, loss_v2=0, nll_loss=1.822, ntokens=320, nsentences=64, sample_size=320, sample_size_v1=0, sample_size_v2=0, ppl=3.54, wps=78.6, ups=0.25, wpb=320, bsz=64, num_updates=10220, lr=2.42438e-05, gnorm=10.003, clip=100, loss_scale=16, train_wall=40, gb_free=7.4, wall=59855
2023-04-02 17:25:42 - progress_bar.py[line:272] - INFO: epoch 006:    858 / 1878 loss=3.027, loss_v1=0, loss_v2=0, nll_loss=1.828, ntokens=320, nsentences=64, sample_size=320, sample_size_v1=0, sample_size_v2=0, ppl=3.55, wps=78.2, ups=0.24, wpb=320, bsz=64, num_updates=10230, lr=2.42155e-05, gnorm=10.196, clip=100, loss_scale=16, train_wall=41, gb_free=7.5, wall=59896
2023-04-02 17:26:23 - progress_bar.py[line:272] - INFO: epoch 006:    868 / 1878 loss=3.046, loss_v1=0, loss_v2=0, nll_loss=1.855, ntokens=320, nsentences=64, sample_size=320, sample_size_v1=0, sample_size_v2=0, ppl=3.62, wps=78.4, ups=0.24, wpb=320, bsz=64, num_updates=10240, lr=2.41872e-05, gnorm=11.512, clip=100, loss_scale=16, train_wall=41, gb_free=7.4, wall=59936
2023-04-02 17:27:03 - progress_bar.py[line:272] - INFO: epoch 006:    878 / 1878 loss=3.051, loss_v1=0, loss_v2=0, nll_loss=1.86, ntokens=320, nsentences=64, sample_size=320, sample_size_v1=0, sample_size_v2=0, ppl=3.63, wps=78.3, ups=0.24, wpb=320, bsz=64, num_updates=10250, lr=2.41588e-05, gnorm=9.29, clip=100, loss_scale=16, train_wall=41, gb_free=7.4, wall=59977
2023-04-02 17:27:44 - progress_bar.py[line:272] - INFO: epoch 006:    888 / 1878 loss=3.024, loss_v1=0, loss_v2=0, nll_loss=1.826, ntokens=320, nsentences=64, sample_size=320, sample_size_v1=0, sample_size_v2=0, ppl=3.55, wps=78.2, ups=0.24, wpb=320, bsz=64, num_updates=10260, lr=2.41305e-05, gnorm=9.85, clip=100, loss_scale=16, train_wall=41, gb_free=7.4, wall=60018
2023-04-02 17:28:25 - progress_bar.py[line:272] - INFO: epoch 006:    898 / 1878 loss=2.978, loss_v1=0, loss_v2=0, nll_loss=1.773, ntokens=320, nsentences=64, sample_size=320, sample_size_v1=0, sample_size_v2=0, ppl=3.42, wps=78.3, ups=0.24, wpb=320, bsz=64, num_updates=10270, lr=2.41022e-05, gnorm=9.26, clip=100, loss_scale=16, train_wall=41, gb_free=7.4, wall=60059
2023-04-02 17:29:06 - progress_bar.py[line:272] - INFO: epoch 006:    908 / 1878 loss=2.977, loss_v1=0, loss_v2=0, nll_loss=1.774, ntokens=320, nsentences=64, sample_size=320, sample_size_v1=0, sample_size_v2=0, ppl=3.42, wps=78.6, ups=0.25, wpb=320, bsz=64, num_updates=10280, lr=2.40739e-05, gnorm=9.564, clip=100, loss_scale=16, train_wall=41, gb_free=7.4, wall=60100
2023-04-02 17:29:47 - progress_bar.py[line:272] - INFO: epoch 006:    918 / 1878 loss=3.002, loss_v1=0, loss_v2=0, nll_loss=1.805, ntokens=320, nsentences=64, sample_size=320, sample_size_v1=0, sample_size_v2=0, ppl=3.49, wps=78.2, ups=0.24, wpb=320, bsz=64, num_updates=10290, lr=2.40455e-05, gnorm=9.53, clip=100, loss_scale=16, train_wall=41, gb_free=7.4, wall=60141
2023-04-02 17:30:28 - progress_bar.py[line:272] - INFO: epoch 006:    928 / 1878 loss=3.025, loss_v1=0, loss_v2=0, nll_loss=1.826, ntokens=320, nsentences=64, sample_size=320, sample_size_v1=0, sample_size_v2=0, ppl=3.54, wps=77.7, ups=0.24, wpb=320, bsz=64, num_updates=10300, lr=2.40172e-05, gnorm=10.304, clip=100, loss_scale=16, train_wall=41, gb_free=7.4, wall=60182
2023-04-02 17:31:09 - progress_bar.py[line:272] - INFO: epoch 006:    938 / 1878 loss=2.999, loss_v1=0, loss_v2=0, nll_loss=1.796, ntokens=320, nsentences=64, sample_size=320, sample_size_v1=0, sample_size_v2=0, ppl=3.47, wps=78.5, ups=0.25, wpb=320, bsz=64, num_updates=10310, lr=2.39889e-05, gnorm=8.97, clip=100, loss_scale=16, train_wall=41, gb_free=7.4, wall=60223
2023-04-02 17:31:50 - progress_bar.py[line:272] - INFO: epoch 006:    948 / 1878 loss=2.989, loss_v1=0, loss_v2=0, nll_loss=1.789, ntokens=320, nsentences=64, sample_size=320, sample_size_v1=0, sample_size_v2=0, ppl=3.45, wps=78.5, ups=0.25, wpb=320, bsz=64, num_updates=10320, lr=2.39606e-05, gnorm=9.35, clip=100, loss_scale=16, train_wall=41, gb_free=7.4, wall=60263
2023-04-02 17:32:31 - progress_bar.py[line:272] - INFO: epoch 006:    958 / 1878 loss=2.982, loss_v1=0, loss_v2=0, nll_loss=1.779, ntokens=320, nsentences=64, sample_size=320, sample_size_v1=0, sample_size_v2=0, ppl=3.43, wps=78.1, ups=0.24, wpb=320, bsz=64, num_updates=10330, lr=2.39323e-05, gnorm=9.599, clip=100, loss_scale=16, train_wall=41, gb_free=7.4, wall=60304
2023-04-02 17:33:12 - progress_bar.py[line:272] - INFO: epoch 006:    968 / 1878 loss=2.987, loss_v1=0, loss_v2=0, nll_loss=1.783, ntokens=320, nsentences=64, sample_size=320, sample_size_v1=0, sample_size_v2=0, ppl=3.44, wps=77.8, ups=0.24, wpb=320, bsz=64, num_updates=10340, lr=2.39039e-05, gnorm=9.514, clip=100, loss_scale=32, train_wall=41, gb_free=7.4, wall=60346
2023-04-02 17:33:53 - progress_bar.py[line:272] - INFO: epoch 006:    978 / 1878 loss=2.958, loss_v1=0, loss_v2=0, nll_loss=1.752, ntokens=320, nsentences=64, sample_size=320, sample_size_v1=0, sample_size_v2=0, ppl=3.37, wps=78, ups=0.24, wpb=320, bsz=64, num_updates=10350, lr=2.38756e-05, gnorm=9.916, clip=100, loss_scale=32, train_wall=41, gb_free=7.4, wall=60387
2023-04-02 17:34:34 - progress_bar.py[line:272] - INFO: epoch 006:    988 / 1878 loss=2.98, loss_v1=0, loss_v2=0, nll_loss=1.778, ntokens=320, nsentences=64, sample_size=320, sample_size_v1=0, sample_size_v2=0, ppl=3.43, wps=78, ups=0.24, wpb=320, bsz=64, num_updates=10360, lr=2.38473e-05, gnorm=10.567, clip=100, loss_scale=32, train_wall=41, gb_free=7.4, wall=60428
2023-04-02 17:35:14 - progress_bar.py[line:272] - INFO: epoch 006:    998 / 1878 loss=3.025, loss_v1=0, loss_v2=0, nll_loss=1.821, ntokens=320, nsentences=64, sample_size=320, sample_size_v1=0, sample_size_v2=0, ppl=3.53, wps=78.6, ups=0.25, wpb=320, bsz=64, num_updates=10370, lr=2.3819e-05, gnorm=9.76, clip=100, loss_scale=32, train_wall=40, gb_free=7.4, wall=60468
2023-04-02 17:35:55 - progress_bar.py[line:272] - INFO: epoch 006:   1008 / 1878 loss=2.983, loss_v1=0, loss_v2=0, nll_loss=1.78, ntokens=320, nsentences=64, sample_size=320, sample_size_v1=0, sample_size_v2=0, ppl=3.43, wps=78.4, ups=0.24, wpb=320, bsz=64, num_updates=10380, lr=2.37906e-05, gnorm=9.673, clip=100, loss_scale=32, train_wall=41, gb_free=7.4, wall=60509
2023-04-02 17:36:36 - progress_bar.py[line:272] - INFO: epoch 006:   1018 / 1878 loss=2.991, loss_v1=0, loss_v2=0, nll_loss=1.794, ntokens=320, nsentences=64, sample_size=320, sample_size_v1=0, sample_size_v2=0, ppl=3.47, wps=78.7, ups=0.25, wpb=320, bsz=64, num_updates=10390, lr=2.37623e-05, gnorm=9.731, clip=100, loss_scale=32, train_wall=40, gb_free=7.4, wall=60550
2023-04-02 17:37:17 - progress_bar.py[line:272] - INFO: epoch 006:   1028 / 1878 loss=2.992, loss_v1=0, loss_v2=0, nll_loss=1.79, ntokens=320, nsentences=64, sample_size=320, sample_size_v1=0, sample_size_v2=0, ppl=3.46, wps=78.6, ups=0.25, wpb=320, bsz=64, num_updates=10400, lr=2.3734e-05, gnorm=9.454, clip=100, loss_scale=32, train_wall=40, gb_free=7.4, wall=60590
2023-04-02 17:37:57 - progress_bar.py[line:272] - INFO: epoch 006:   1038 / 1878 loss=3.014, loss_v1=0, loss_v2=0, nll_loss=1.819, ntokens=320, nsentences=64, sample_size=320, sample_size_v1=0, sample_size_v2=0, ppl=3.53, wps=78.6, ups=0.25, wpb=320, bsz=64, num_updates=10410, lr=2.37057e-05, gnorm=9.337, clip=100, loss_scale=32, train_wall=40, gb_free=7.4, wall=60631
2023-04-02 17:38:38 - progress_bar.py[line:272] - INFO: epoch 006:   1048 / 1878 loss=3.041, loss_v1=0, loss_v2=0, nll_loss=1.846, ntokens=320, nsentences=64, sample_size=320, sample_size_v1=0, sample_size_v2=0, ppl=3.6, wps=78.7, ups=0.25, wpb=320, bsz=64, num_updates=10420, lr=2.36774e-05, gnorm=10.169, clip=100, loss_scale=32, train_wall=40, gb_free=7.4, wall=60672
2023-04-02 17:39:19 - progress_bar.py[line:272] - INFO: epoch 006:   1058 / 1878 loss=3.013, loss_v1=0, loss_v2=0, nll_loss=1.816, ntokens=320, nsentences=64, sample_size=320, sample_size_v1=0, sample_size_v2=0, ppl=3.52, wps=78.1, ups=0.24, wpb=320, bsz=64, num_updates=10430, lr=2.3649e-05, gnorm=9.71, clip=100, loss_scale=32, train_wall=41, gb_free=7.4, wall=60713
2023-04-02 17:40:00 - progress_bar.py[line:272] - INFO: epoch 006:   1068 / 1878 loss=2.962, loss_v1=0, loss_v2=0, nll_loss=1.757, ntokens=320, nsentences=64, sample_size=320, sample_size_v1=0, sample_size_v2=0, ppl=3.38, wps=78.1, ups=0.24, wpb=320, bsz=64, num_updates=10440, lr=2.36207e-05, gnorm=9.568, clip=100, loss_scale=32, train_wall=41, gb_free=7.4, wall=60754
2023-04-02 17:40:41 - progress_bar.py[line:272] - INFO: epoch 006:   1078 / 1878 loss=3.019, loss_v1=0, loss_v2=0, nll_loss=1.819, ntokens=320, nsentences=64, sample_size=320, sample_size_v1=0, sample_size_v2=0, ppl=3.53, wps=78.3, ups=0.24, wpb=320, bsz=64, num_updates=10450, lr=2.35924e-05, gnorm=10.336, clip=100, loss_scale=32, train_wall=41, gb_free=7.4, wall=60795
2023-04-02 17:41:22 - progress_bar.py[line:272] - INFO: epoch 006:   1088 / 1878 loss=3.016, loss_v1=0, loss_v2=0, nll_loss=1.82, ntokens=320, nsentences=64, sample_size=320, sample_size_v1=0, sample_size_v2=0, ppl=3.53, wps=78.1, ups=0.24, wpb=320, bsz=64, num_updates=10460, lr=2.35641e-05, gnorm=8.89, clip=100, loss_scale=32, train_wall=41, gb_free=7.4, wall=60836
2023-04-02 17:42:03 - progress_bar.py[line:272] - INFO: epoch 006:   1098 / 1878 loss=3.007, loss_v1=0, loss_v2=0, nll_loss=1.811, ntokens=320, nsentences=64, sample_size=320, sample_size_v1=0, sample_size_v2=0, ppl=3.51, wps=77.6, ups=0.24, wpb=320, bsz=64, num_updates=10470, lr=2.35357e-05, gnorm=8.485, clip=100, loss_scale=32, train_wall=41, gb_free=7.4, wall=60877
2023-04-02 17:42:44 - progress_bar.py[line:272] - INFO: epoch 006:   1108 / 1878 loss=3.008, loss_v1=0, loss_v2=0, nll_loss=1.809, ntokens=320, nsentences=64, sample_size=320, sample_size_v1=0, sample_size_v2=0, ppl=3.51, wps=78.5, ups=0.25, wpb=320, bsz=64, num_updates=10480, lr=2.35074e-05, gnorm=9.325, clip=100, loss_scale=32, train_wall=40, gb_free=7.4, wall=60918
2023-04-02 17:43:24 - progress_bar.py[line:272] - INFO: epoch 006:   1118 / 1878 loss=2.928, loss_v1=0, loss_v2=0, nll_loss=1.719, ntokens=320, nsentences=64, sample_size=320, sample_size_v1=0, sample_size_v2=0, ppl=3.29, wps=78.5, ups=0.25, wpb=320, bsz=64, num_updates=10490, lr=2.34791e-05, gnorm=9.226, clip=100, loss_scale=32, train_wall=40, gb_free=7.4, wall=60958
slice_id 1 seek offset 5379
2023-04-02 17:44:05 - progress_bar.py[line:272] - INFO: epoch 006:   1128 / 1878 loss=2.967, loss_v1=0, loss_v2=0, nll_loss=1.762, ntokens=320, nsentences=64, sample_size=320, sample_size_v1=0, sample_size_v2=0, ppl=3.39, wps=78.6, ups=0.25, wpb=320, bsz=64, num_updates=10500, lr=2.34508e-05, gnorm=9.394, clip=100, loss_scale=32, train_wall=41, gb_free=7.4, wall=60999
2023-04-02 17:44:05 - train.py[line:445] - INFO: begin validation on "valid" subset
slice_id 0 seek offset 0
slice_id 1 seek offset 5379
slice_id 0 seek offset 0
2023-04-02 17:55:22 - progress_bar.py[line:282] - INFO: epoch 006 | valid on 'valid' subset | loss 5.043 | loss_v1 0 | loss_v2 0 | nll_loss 4.058 | ntokens 39.993 | nsentences 7.999 | sample_size 39.993 | sample_size_v1 0 | sample_size_v2 0 | ppl 16.65 | score 0.8142 | wps 79.5 | wpb 40 | bsz 8 | num_updates 10500 | best_score 0.8161
2023-04-02 17:55:22 - checkpoint_utils.py[line:64] - INFO: Preparing to save checkpoint for epoch 6 @ 10500 updates
2023-04-02 17:55:22 - trainer.py[line:431] - INFO: Saving checkpoint to ./refcocoplus_scratch_checkpoints/10_5e-5_512/checkpoint_6_10500.pt
2023-04-02 17:55:40 - trainer.py[line:441] - INFO: Finished saving checkpoint to ./refcocoplus_scratch_checkpoints/10_5e-5_512/checkpoint_6_10500.pt
2023-04-02 17:55:49 - checkpoint_utils.py[line:133] - INFO: Saved checkpoint ./refcocoplus_scratch_checkpoints/10_5e-5_512/checkpoint_6_10500.pt (epoch 6 @ 10500 updates, score 0.8142) (writing took 27.368493133224547 seconds)
2023-04-02 17:56:30 - progress_bar.py[line:272] - INFO: epoch 006:   1138 / 1878 loss=2.991, loss_v1=0, loss_v2=0, nll_loss=1.786, ntokens=320, nsentences=64, sample_size=320, sample_size_v1=0, sample_size_v2=0, ppl=3.45, wps=4.3, ups=0.01, wpb=320, bsz=64, num_updates=10510, lr=2.34225e-05, gnorm=9.747, clip=100, loss_scale=32, train_wall=40, gb_free=7.4, wall=61743
2023-04-02 17:57:10 - progress_bar.py[line:272] - INFO: epoch 006:   1148 / 1878 loss=3.053, loss_v1=0, loss_v2=0, nll_loss=1.863, ntokens=320, nsentences=64, sample_size=320, sample_size_v1=0, sample_size_v2=0, ppl=3.64, wps=78.3, ups=0.24, wpb=320, bsz=64, num_updates=10520, lr=2.33941e-05, gnorm=9.888, clip=100, loss_scale=32, train_wall=41, gb_free=7.4, wall=61784
2023-04-02 17:57:52 - progress_bar.py[line:272] - INFO: epoch 006:   1158 / 1878 loss=3.015, loss_v1=0, loss_v2=0, nll_loss=1.815, ntokens=320, nsentences=64, sample_size=320, sample_size_v1=0, sample_size_v2=0, ppl=3.52, wps=77.8, ups=0.24, wpb=320, bsz=64, num_updates=10530, lr=2.33658e-05, gnorm=9.681, clip=100, loss_scale=32, train_wall=41, gb_free=7.4, wall=61825
2023-04-02 17:58:32 - progress_bar.py[line:272] - INFO: epoch 006:   1168 / 1878 loss=3.028, loss_v1=0, loss_v2=0, nll_loss=1.831, ntokens=320, nsentences=64, sample_size=320, sample_size_v1=0, sample_size_v2=0, ppl=3.56, wps=78.4, ups=0.24, wpb=320, bsz=64, num_updates=10540, lr=2.33375e-05, gnorm=9.671, clip=100, loss_scale=32, train_wall=41, gb_free=7.4, wall=61866
2023-04-02 17:59:13 - progress_bar.py[line:272] - INFO: epoch 006:   1178 / 1878 loss=3.006, loss_v1=0, loss_v2=0, nll_loss=1.81, ntokens=320, nsentences=64, sample_size=320, sample_size_v1=0, sample_size_v2=0, ppl=3.51, wps=78.6, ups=0.25, wpb=320, bsz=64, num_updates=10550, lr=2.33092e-05, gnorm=9.735, clip=100, loss_scale=32, train_wall=40, gb_free=7.4, wall=61907
2023-04-02 17:59:54 - progress_bar.py[line:272] - INFO: epoch 006:   1188 / 1878 loss=2.989, loss_v1=0, loss_v2=0, nll_loss=1.786, ntokens=320, nsentences=64, sample_size=320, sample_size_v1=0, sample_size_v2=0, ppl=3.45, wps=78.8, ups=0.25, wpb=320, bsz=64, num_updates=10560, lr=2.32808e-05, gnorm=10.053, clip=100, loss_scale=32, train_wall=40, gb_free=7.4, wall=61948
2023-04-02 18:00:35 - progress_bar.py[line:272] - INFO: epoch 006:   1198 / 1878 loss=3.026, loss_v1=0, loss_v2=0, nll_loss=1.824, ntokens=320, nsentences=64, sample_size=320, sample_size_v1=0, sample_size_v2=0, ppl=3.54, wps=78.4, ups=0.24, wpb=320, bsz=64, num_updates=10570, lr=2.32525e-05, gnorm=11.212, clip=100, loss_scale=32, train_wall=41, gb_free=7.4, wall=61988
2023-04-02 18:01:16 - progress_bar.py[line:272] - INFO: epoch 006:   1208 / 1878 loss=2.952, loss_v1=0, loss_v2=0, nll_loss=1.746, ntokens=320, nsentences=64, sample_size=320, sample_size_v1=0, sample_size_v2=0, ppl=3.35, wps=77.9, ups=0.24, wpb=320, bsz=64, num_updates=10580, lr=2.32242e-05, gnorm=9.674, clip=100, loss_scale=32, train_wall=41, gb_free=7.4, wall=62030
2023-04-02 18:01:57 - progress_bar.py[line:272] - INFO: epoch 006:   1218 / 1878 loss=2.985, loss_v1=0, loss_v2=0, nll_loss=1.779, ntokens=320, nsentences=64, sample_size=320, sample_size_v1=0, sample_size_v2=0, ppl=3.43, wps=78.3, ups=0.24, wpb=320, bsz=64, num_updates=10590, lr=2.31959e-05, gnorm=10.693, clip=100, loss_scale=32, train_wall=41, gb_free=7.4, wall=62070
2023-04-02 18:02:38 - progress_bar.py[line:272] - INFO: epoch 006:   1228 / 1878 loss=2.986, loss_v1=0, loss_v2=0, nll_loss=1.784, ntokens=320, nsentences=64, sample_size=320, sample_size_v1=0, sample_size_v2=0, ppl=3.44, wps=77.4, ups=0.24, wpb=320, bsz=64, num_updates=10600, lr=2.31676e-05, gnorm=10.818, clip=100, loss_scale=32, train_wall=41, gb_free=7.4, wall=62112
2023-04-02 18:03:19 - progress_bar.py[line:272] - INFO: epoch 006:   1238 / 1878 loss=2.98, loss_v1=0, loss_v2=0, nll_loss=1.777, ntokens=320, nsentences=64, sample_size=320, sample_size_v1=0, sample_size_v2=0, ppl=3.43, wps=78.3, ups=0.24, wpb=320, bsz=64, num_updates=10610, lr=2.31392e-05, gnorm=9.451, clip=100, loss_scale=32, train_wall=41, gb_free=7.4, wall=62153
2023-04-02 18:03:59 - progress_bar.py[line:272] - INFO: epoch 006:   1248 / 1878 loss=2.945, loss_v1=0, loss_v2=0, nll_loss=1.736, ntokens=320, nsentences=64, sample_size=320, sample_size_v1=0, sample_size_v2=0, ppl=3.33, wps=78.8, ups=0.25, wpb=320, bsz=64, num_updates=10620, lr=2.31109e-05, gnorm=9.447, clip=100, loss_scale=32, train_wall=40, gb_free=7.4, wall=62193
2023-04-02 18:04:40 - progress_bar.py[line:272] - INFO: epoch 006:   1258 / 1878 loss=2.984, loss_v1=0, loss_v2=0, nll_loss=1.78, ntokens=320, nsentences=64, sample_size=320, sample_size_v1=0, sample_size_v2=0, ppl=3.44, wps=78.4, ups=0.25, wpb=320, bsz=64, num_updates=10630, lr=2.30826e-05, gnorm=9.796, clip=100, loss_scale=32, train_wall=41, gb_free=7.4, wall=62234
2023-04-02 18:05:21 - progress_bar.py[line:272] - INFO: epoch 006:   1268 / 1878 loss=2.971, loss_v1=0, loss_v2=0, nll_loss=1.764, ntokens=320, nsentences=64, sample_size=320, sample_size_v1=0, sample_size_v2=0, ppl=3.4, wps=78.6, ups=0.25, wpb=320, bsz=64, num_updates=10640, lr=2.30543e-05, gnorm=10.704, clip=100, loss_scale=32, train_wall=40, gb_free=7.4, wall=62275
2023-04-02 18:06:01 - progress_bar.py[line:272] - INFO: epoch 006:   1278 / 1878 loss=2.924, loss_v1=0, loss_v2=0, nll_loss=1.711, ntokens=320, nsentences=64, sample_size=320, sample_size_v1=0, sample_size_v2=0, ppl=3.27, wps=78.7, ups=0.25, wpb=320, bsz=64, num_updates=10650, lr=2.30259e-05, gnorm=9.399, clip=100, loss_scale=32, train_wall=40, gb_free=7.4, wall=62315
2023-04-02 18:06:42 - progress_bar.py[line:272] - INFO: epoch 006:   1288 / 1878 loss=2.96, loss_v1=0, loss_v2=0, nll_loss=1.754, ntokens=320, nsentences=64, sample_size=320, sample_size_v1=0, sample_size_v2=0, ppl=3.37, wps=78.7, ups=0.25, wpb=320, bsz=64, num_updates=10660, lr=2.29976e-05, gnorm=10.25, clip=100, loss_scale=32, train_wall=40, gb_free=7.4, wall=62356
2023-04-02 18:07:23 - progress_bar.py[line:272] - INFO: epoch 006:   1298 / 1878 loss=2.949, loss_v1=0, loss_v2=0, nll_loss=1.741, ntokens=319.5, nsentences=63.9, sample_size=319.5, sample_size_v1=0, sample_size_v2=0, ppl=3.34, wps=78.2, ups=0.24, wpb=319.5, bsz=63.9, num_updates=10670, lr=2.29693e-05, gnorm=9.879, clip=100, loss_scale=32, train_wall=41, gb_free=7.4, wall=62397
2023-04-02 18:08:04 - progress_bar.py[line:272] - INFO: epoch 006:   1308 / 1878 loss=3.012, loss_v1=0, loss_v2=0, nll_loss=1.809, ntokens=320, nsentences=64, sample_size=320, sample_size_v1=0, sample_size_v2=0, ppl=3.5, wps=78.4, ups=0.24, wpb=320, bsz=64, num_updates=10680, lr=2.2941e-05, gnorm=9.394, clip=100, loss_scale=32, train_wall=41, gb_free=7.4, wall=62438
2023-04-02 18:08:45 - progress_bar.py[line:272] - INFO: epoch 006:   1318 / 1878 loss=2.973, loss_v1=0, loss_v2=0, nll_loss=1.77, ntokens=320, nsentences=64, sample_size=320, sample_size_v1=0, sample_size_v2=0, ppl=3.41, wps=78.1, ups=0.24, wpb=320, bsz=64, num_updates=10690, lr=2.29127e-05, gnorm=9.883, clip=100, loss_scale=32, train_wall=41, gb_free=7.4, wall=62479
2023-04-02 18:09:26 - progress_bar.py[line:272] - INFO: epoch 006:   1328 / 1878 loss=2.934, loss_v1=0, loss_v2=0, nll_loss=1.721, ntokens=320, nsentences=64, sample_size=320, sample_size_v1=0, sample_size_v2=0, ppl=3.3, wps=78.2, ups=0.24, wpb=320, bsz=64, num_updates=10700, lr=2.28843e-05, gnorm=10.026, clip=100, loss_scale=32, train_wall=41, gb_free=7.4, wall=62520
2023-04-02 18:10:07 - progress_bar.py[line:272] - INFO: epoch 006:   1338 / 1878 loss=2.92, loss_v1=0, loss_v2=0, nll_loss=1.705, ntokens=320, nsentences=64, sample_size=320, sample_size_v1=0, sample_size_v2=0, ppl=3.26, wps=78.3, ups=0.24, wpb=320, bsz=64, num_updates=10710, lr=2.2856e-05, gnorm=9.722, clip=100, loss_scale=32, train_wall=41, gb_free=7.4, wall=62560
2023-04-02 18:10:48 - progress_bar.py[line:272] - INFO: epoch 006:   1348 / 1878 loss=2.987, loss_v1=0, loss_v2=0, nll_loss=1.782, ntokens=320, nsentences=64, sample_size=320, sample_size_v1=0, sample_size_v2=0, ppl=3.44, wps=78.1, ups=0.24, wpb=320, bsz=64, num_updates=10720, lr=2.28277e-05, gnorm=9.625, clip=100, loss_scale=32, train_wall=41, gb_free=7.4, wall=62601
2023-04-02 18:11:28 - progress_bar.py[line:272] - INFO: epoch 006:   1358 / 1878 loss=2.947, loss_v1=0, loss_v2=0, nll_loss=1.74, ntokens=320, nsentences=64, sample_size=320, sample_size_v1=0, sample_size_v2=0, ppl=3.34, wps=78.3, ups=0.24, wpb=320, bsz=64, num_updates=10730, lr=2.27994e-05, gnorm=9.716, clip=100, loss_scale=32, train_wall=41, gb_free=7.4, wall=62642
2023-04-02 18:12:09 - progress_bar.py[line:272] - INFO: epoch 006:   1368 / 1878 loss=2.981, loss_v1=0, loss_v2=0, nll_loss=1.773, ntokens=320, nsentences=64, sample_size=320, sample_size_v1=0, sample_size_v2=0, ppl=3.42, wps=78.6, ups=0.25, wpb=320, bsz=64, num_updates=10740, lr=2.2771e-05, gnorm=10.288, clip=100, loss_scale=32, train_wall=41, gb_free=7.4, wall=62683
2023-04-02 18:12:50 - progress_bar.py[line:272] - INFO: epoch 006:   1378 / 1878 loss=3.016, loss_v1=0, loss_v2=0, nll_loss=1.813, ntokens=320, nsentences=64, sample_size=320, sample_size_v1=0, sample_size_v2=0, ppl=3.51, wps=78.5, ups=0.25, wpb=320, bsz=64, num_updates=10750, lr=2.27427e-05, gnorm=10.237, clip=100, loss_scale=32, train_wall=41, gb_free=7.4, wall=62724
2023-04-02 18:13:31 - progress_bar.py[line:272] - INFO: epoch 006:   1388 / 1878 loss=2.953, loss_v1=0, loss_v2=0, nll_loss=1.744, ntokens=320, nsentences=64, sample_size=320, sample_size_v1=0, sample_size_v2=0, ppl=3.35, wps=78.5, ups=0.25, wpb=320, bsz=64, num_updates=10760, lr=2.27144e-05, gnorm=10.234, clip=100, loss_scale=32, train_wall=41, gb_free=7.5, wall=62765
2023-04-02 18:14:12 - progress_bar.py[line:272] - INFO: epoch 006:   1398 / 1878 loss=2.955, loss_v1=0, loss_v2=0, nll_loss=1.749, ntokens=320, nsentences=64, sample_size=320, sample_size_v1=0, sample_size_v2=0, ppl=3.36, wps=78.4, ups=0.24, wpb=320, bsz=64, num_updates=10770, lr=2.26861e-05, gnorm=10.006, clip=100, loss_scale=32, train_wall=41, gb_free=7.4, wall=62805
2023-04-02 18:14:52 - progress_bar.py[line:272] - INFO: epoch 006:   1408 / 1878 loss=2.945, loss_v1=0, loss_v2=0, nll_loss=1.737, ntokens=320, nsentences=64, sample_size=320, sample_size_v1=0, sample_size_v2=0, ppl=3.33, wps=78.2, ups=0.24, wpb=320, bsz=64, num_updates=10780, lr=2.26578e-05, gnorm=10.481, clip=100, loss_scale=32, train_wall=41, gb_free=7.4, wall=62846
2023-04-02 18:15:33 - progress_bar.py[line:272] - INFO: epoch 006:   1418 / 1878 loss=2.956, loss_v1=0, loss_v2=0, nll_loss=1.747, ntokens=320, nsentences=64, sample_size=320, sample_size_v1=0, sample_size_v2=0, ppl=3.36, wps=78.6, ups=0.25, wpb=320, bsz=64, num_updates=10790, lr=2.26294e-05, gnorm=9.711, clip=100, loss_scale=32, train_wall=40, gb_free=7.4, wall=62887
2023-04-02 18:16:14 - progress_bar.py[line:272] - INFO: epoch 006:   1428 / 1878 loss=2.973, loss_v1=0, loss_v2=0, nll_loss=1.767, ntokens=320, nsentences=64, sample_size=320, sample_size_v1=0, sample_size_v2=0, ppl=3.4, wps=78.5, ups=0.25, wpb=320, bsz=64, num_updates=10800, lr=2.26011e-05, gnorm=10.273, clip=100, loss_scale=32, train_wall=41, gb_free=7.4, wall=62928
2023-04-02 18:16:55 - progress_bar.py[line:272] - INFO: epoch 006:   1438 / 1878 loss=2.944, loss_v1=0, loss_v2=0, nll_loss=1.732, ntokens=320, nsentences=64, sample_size=320, sample_size_v1=0, sample_size_v2=0, ppl=3.32, wps=78.6, ups=0.25, wpb=320, bsz=64, num_updates=10810, lr=2.25728e-05, gnorm=9.376, clip=100, loss_scale=32, train_wall=40, gb_free=7.4, wall=62969
2023-04-02 18:17:36 - progress_bar.py[line:272] - INFO: epoch 006:   1448 / 1878 loss=2.937, loss_v1=0, loss_v2=0, nll_loss=1.724, ntokens=320, nsentences=64, sample_size=320, sample_size_v1=0, sample_size_v2=0, ppl=3.3, wps=78.3, ups=0.24, wpb=320, bsz=64, num_updates=10820, lr=2.25445e-05, gnorm=9.691, clip=100, loss_scale=32, train_wall=41, gb_free=7.4, wall=63009
2023-04-02 18:18:16 - progress_bar.py[line:272] - INFO: epoch 006:   1458 / 1878 loss=3.022, loss_v1=0, loss_v2=0, nll_loss=1.825, ntokens=320, nsentences=64, sample_size=320, sample_size_v1=0, sample_size_v2=0, ppl=3.54, wps=78.2, ups=0.24, wpb=320, bsz=64, num_updates=10830, lr=2.25161e-05, gnorm=11.671, clip=100, loss_scale=32, train_wall=41, gb_free=7.4, wall=63050
2023-04-02 18:18:57 - progress_bar.py[line:272] - INFO: epoch 006:   1468 / 1878 loss=2.949, loss_v1=0, loss_v2=0, nll_loss=1.738, ntokens=320, nsentences=64, sample_size=320, sample_size_v1=0, sample_size_v2=0, ppl=3.34, wps=78.4, ups=0.24, wpb=320, bsz=64, num_updates=10840, lr=2.24878e-05, gnorm=9.71, clip=100, loss_scale=32, train_wall=41, gb_free=7.4, wall=63091
2023-04-02 18:19:38 - progress_bar.py[line:272] - INFO: epoch 006:   1478 / 1878 loss=2.954, loss_v1=0, loss_v2=0, nll_loss=1.747, ntokens=320, nsentences=64, sample_size=320, sample_size_v1=0, sample_size_v2=0, ppl=3.36, wps=78.8, ups=0.25, wpb=320, bsz=64, num_updates=10850, lr=2.24595e-05, gnorm=9.332, clip=100, loss_scale=64, train_wall=40, gb_free=7.4, wall=63132
2023-04-02 18:20:19 - progress_bar.py[line:272] - INFO: epoch 006:   1488 / 1878 loss=2.987, loss_v1=0, loss_v2=0, nll_loss=1.785, ntokens=320, nsentences=64, sample_size=320, sample_size_v1=0, sample_size_v2=0, ppl=3.45, wps=78.7, ups=0.25, wpb=320, bsz=64, num_updates=10860, lr=2.24312e-05, gnorm=10.059, clip=100, loss_scale=64, train_wall=41, gb_free=7.4, wall=63172
2023-04-02 18:20:59 - progress_bar.py[line:272] - INFO: epoch 006:   1498 / 1878 loss=2.943, loss_v1=0, loss_v2=0, nll_loss=1.733, ntokens=320, nsentences=64, sample_size=320, sample_size_v1=0, sample_size_v2=0, ppl=3.32, wps=78.8, ups=0.25, wpb=320, bsz=64, num_updates=10870, lr=2.24029e-05, gnorm=10.504, clip=100, loss_scale=64, train_wall=40, gb_free=7.4, wall=63213
2023-04-02 18:21:40 - progress_bar.py[line:272] - INFO: epoch 006:   1508 / 1878 loss=2.894, loss_v1=0, loss_v2=0, nll_loss=1.68, ntokens=320, nsentences=64, sample_size=320, sample_size_v1=0, sample_size_v2=0, ppl=3.2, wps=78.4, ups=0.25, wpb=320, bsz=64, num_updates=10880, lr=2.23745e-05, gnorm=9.47, clip=100, loss_scale=64, train_wall=41, gb_free=7.4, wall=63254
2023-04-02 18:22:21 - progress_bar.py[line:272] - INFO: epoch 006:   1518 / 1878 loss=2.951, loss_v1=0, loss_v2=0, nll_loss=1.742, ntokens=320, nsentences=64, sample_size=320, sample_size_v1=0, sample_size_v2=0, ppl=3.34, wps=78.6, ups=0.25, wpb=320, bsz=64, num_updates=10890, lr=2.23462e-05, gnorm=9.489, clip=100, loss_scale=64, train_wall=41, gb_free=7.4, wall=63295
2023-04-02 18:23:01 - progress_bar.py[line:272] - INFO: epoch 006:   1528 / 1878 loss=2.908, loss_v1=0, loss_v2=0, nll_loss=1.696, ntokens=320, nsentences=64, sample_size=320, sample_size_v1=0, sample_size_v2=0, ppl=3.24, wps=78.8, ups=0.25, wpb=320, bsz=64, num_updates=10900, lr=2.23179e-05, gnorm=9.71, clip=100, loss_scale=64, train_wall=40, gb_free=7.4, wall=63335
2023-04-02 18:23:42 - progress_bar.py[line:272] - INFO: epoch 006:   1538 / 1878 loss=2.908, loss_v1=0, loss_v2=0, nll_loss=1.692, ntokens=320, nsentences=64, sample_size=320, sample_size_v1=0, sample_size_v2=0, ppl=3.23, wps=78.5, ups=0.25, wpb=320, bsz=64, num_updates=10910, lr=2.22896e-05, gnorm=10.66, clip=100, loss_scale=64, train_wall=41, gb_free=7.4, wall=63376
2023-04-02 18:24:23 - progress_bar.py[line:272] - INFO: epoch 006:   1548 / 1878 loss=2.921, loss_v1=0, loss_v2=0, nll_loss=1.707, ntokens=320, nsentences=64, sample_size=320, sample_size_v1=0, sample_size_v2=0, ppl=3.26, wps=78.7, ups=0.25, wpb=320, bsz=64, num_updates=10920, lr=2.22612e-05, gnorm=9.906, clip=100, loss_scale=64, train_wall=40, gb_free=7.4, wall=63417
2023-04-02 18:25:04 - progress_bar.py[line:272] - INFO: epoch 006:   1558 / 1878 loss=2.93, loss_v1=0, loss_v2=0, nll_loss=1.716, ntokens=320, nsentences=64, sample_size=320, sample_size_v1=0, sample_size_v2=0, ppl=3.29, wps=78.1, ups=0.24, wpb=320, bsz=64, num_updates=10930, lr=2.22329e-05, gnorm=9.815, clip=100, loss_scale=64, train_wall=41, gb_free=7.4, wall=63458
2023-04-02 18:25:45 - progress_bar.py[line:272] - INFO: epoch 006:   1568 / 1878 loss=2.909, loss_v1=0, loss_v2=0, nll_loss=1.691, ntokens=320, nsentences=64, sample_size=320, sample_size_v1=0, sample_size_v2=0, ppl=3.23, wps=78.3, ups=0.24, wpb=320, bsz=64, num_updates=10940, lr=2.22046e-05, gnorm=9.909, clip=100, loss_scale=64, train_wall=41, gb_free=7.4, wall=63498
2023-04-02 18:26:25 - progress_bar.py[line:272] - INFO: epoch 006:   1578 / 1878 loss=2.922, loss_v1=0, loss_v2=0, nll_loss=1.708, ntokens=320, nsentences=64, sample_size=320, sample_size_v1=0, sample_size_v2=0, ppl=3.27, wps=78.6, ups=0.25, wpb=320, bsz=64, num_updates=10950, lr=2.21763e-05, gnorm=10.596, clip=100, loss_scale=64, train_wall=41, gb_free=7.4, wall=63539
2023-04-02 18:27:06 - progress_bar.py[line:272] - INFO: epoch 006:   1588 / 1878 loss=2.97, loss_v1=0, loss_v2=0, nll_loss=1.762, ntokens=320, nsentences=64, sample_size=320, sample_size_v1=0, sample_size_v2=0, ppl=3.39, wps=78.4, ups=0.24, wpb=320, bsz=64, num_updates=10960, lr=2.2148e-05, gnorm=9.803, clip=100, loss_scale=64, train_wall=41, gb_free=7.4, wall=63580
2023-04-02 18:27:47 - progress_bar.py[line:272] - INFO: epoch 006:   1598 / 1878 loss=2.929, loss_v1=0, loss_v2=0, nll_loss=1.716, ntokens=320, nsentences=64, sample_size=320, sample_size_v1=0, sample_size_v2=0, ppl=3.29, wps=78.1, ups=0.24, wpb=320, bsz=64, num_updates=10970, lr=2.21196e-05, gnorm=8.967, clip=100, loss_scale=64, train_wall=41, gb_free=7.4, wall=63621
2023-04-02 18:28:28 - progress_bar.py[line:272] - INFO: epoch 006:   1608 / 1878 loss=2.946, loss_v1=0, loss_v2=0, nll_loss=1.738, ntokens=320, nsentences=64, sample_size=320, sample_size_v1=0, sample_size_v2=0, ppl=3.34, wps=78.5, ups=0.25, wpb=320, bsz=64, num_updates=10980, lr=2.20913e-05, gnorm=9.408, clip=100, loss_scale=64, train_wall=41, gb_free=7.4, wall=63662
2023-04-02 18:29:09 - progress_bar.py[line:272] - INFO: epoch 006:   1618 / 1878 loss=2.967, loss_v1=0, loss_v2=0, nll_loss=1.756, ntokens=320, nsentences=64, sample_size=320, sample_size_v1=0, sample_size_v2=0, ppl=3.38, wps=78.5, ups=0.25, wpb=320, bsz=64, num_updates=10990, lr=2.2063e-05, gnorm=10.465, clip=100, loss_scale=64, train_wall=40, gb_free=7.4, wall=63703
2023-04-02 18:29:49 - progress_bar.py[line:272] - INFO: epoch 006:   1628 / 1878 loss=2.966, loss_v1=0, loss_v2=0, nll_loss=1.758, ntokens=320, nsentences=64, sample_size=320, sample_size_v1=0, sample_size_v2=0, ppl=3.38, wps=78.6, ups=0.25, wpb=320, bsz=64, num_updates=11000, lr=2.20347e-05, gnorm=10.269, clip=100, loss_scale=64, train_wall=41, gb_free=7.4, wall=63743
2023-04-02 18:29:49 - train.py[line:445] - INFO: begin validation on "valid" subset
slice_id 0 seek offset 0
slice_id 1 seek offset 5379
slice_id 0 seek offset 0
slice_id 1 seek offset 5379
2023-04-02 18:41:06 - progress_bar.py[line:282] - INFO: epoch 006 | valid on 'valid' subset | loss 5.081 | loss_v1 0 | loss_v2 0 | nll_loss 4.107 | ntokens 39.993 | nsentences 7.999 | sample_size 39.993 | sample_size_v1 0 | sample_size_v2 0 | ppl 17.23 | score 0.8131 | wps 79.5 | wpb 40 | bsz 8 | num_updates 11000 | best_score 0.8161
2023-04-02 18:41:06 - checkpoint_utils.py[line:64] - INFO: Preparing to save checkpoint for epoch 6 @ 11000 updates
2023-04-02 18:41:06 - trainer.py[line:431] - INFO: Saving checkpoint to ./refcocoplus_scratch_checkpoints/10_5e-5_512/checkpoint_6_11000.pt
2023-04-02 18:41:25 - trainer.py[line:441] - INFO: Finished saving checkpoint to ./refcocoplus_scratch_checkpoints/10_5e-5_512/checkpoint_6_11000.pt
2023-04-02 18:41:33 - checkpoint_utils.py[line:133] - INFO: Saved checkpoint ./refcocoplus_scratch_checkpoints/10_5e-5_512/checkpoint_6_11000.pt (epoch 6 @ 11000 updates, score 0.8131) (writing took 27.428830195218325 seconds)
2023-04-02 18:42:14 - progress_bar.py[line:272] - INFO: epoch 006:   1638 / 1878 loss=2.972, loss_v1=0, loss_v2=0, nll_loss=1.767, ntokens=320, nsentences=64, sample_size=320, sample_size_v1=0, sample_size_v2=0, ppl=3.4, wps=4.3, ups=0.01, wpb=320, bsz=64, num_updates=11010, lr=2.20063e-05, gnorm=9.507, clip=100, loss_scale=64, train_wall=40, gb_free=7.5, wall=64487
2023-04-02 18:42:54 - progress_bar.py[line:272] - INFO: epoch 006:   1648 / 1878 loss=2.911, loss_v1=0, loss_v2=0, nll_loss=1.698, ntokens=320, nsentences=64, sample_size=320, sample_size_v1=0, sample_size_v2=0, ppl=3.24, wps=78.4, ups=0.24, wpb=320, bsz=64, num_updates=11020, lr=2.1978e-05, gnorm=8.953, clip=100, loss_scale=64, train_wall=40, gb_free=7.4, wall=64528
2023-04-02 18:43:35 - progress_bar.py[line:272] - INFO: epoch 006:   1658 / 1878 loss=2.892, loss_v1=0, loss_v2=0, nll_loss=1.674, ntokens=320, nsentences=64, sample_size=320, sample_size_v1=0, sample_size_v2=0, ppl=3.19, wps=78.2, ups=0.24, wpb=320, bsz=64, num_updates=11030, lr=2.19497e-05, gnorm=9.974, clip=100, loss_scale=64, train_wall=41, gb_free=7.4, wall=64569
2023-04-02 18:44:16 - progress_bar.py[line:272] - INFO: epoch 006:   1668 / 1878 loss=2.937, loss_v1=0, loss_v2=0, nll_loss=1.723, ntokens=320, nsentences=64, sample_size=320, sample_size_v1=0, sample_size_v2=0, ppl=3.3, wps=78, ups=0.24, wpb=320, bsz=64, num_updates=11040, lr=2.19214e-05, gnorm=9.574, clip=100, loss_scale=64, train_wall=41, gb_free=7.4, wall=64610
2023-04-02 18:44:57 - progress_bar.py[line:272] - INFO: epoch 006:   1678 / 1878 loss=2.892, loss_v1=0, loss_v2=0, nll_loss=1.671, ntokens=320, nsentences=64, sample_size=320, sample_size_v1=0, sample_size_v2=0, ppl=3.18, wps=77.9, ups=0.24, wpb=320, bsz=64, num_updates=11050, lr=2.18931e-05, gnorm=9.972, clip=100, loss_scale=64, train_wall=41, gb_free=7.4, wall=64651
2023-04-02 18:45:38 - progress_bar.py[line:272] - INFO: epoch 006:   1688 / 1878 loss=2.926, loss_v1=0, loss_v2=0, nll_loss=1.714, ntokens=320, nsentences=64, sample_size=320, sample_size_v1=0, sample_size_v2=0, ppl=3.28, wps=77.8, ups=0.24, wpb=320, bsz=64, num_updates=11060, lr=2.18647e-05, gnorm=9.72, clip=100, loss_scale=64, train_wall=41, gb_free=7.4, wall=64692
2023-04-02 18:46:19 - progress_bar.py[line:272] - INFO: epoch 006:   1698 / 1878 loss=2.949, loss_v1=0, loss_v2=0, nll_loss=1.734, ntokens=320, nsentences=64, sample_size=320, sample_size_v1=0, sample_size_v2=0, ppl=3.33, wps=78.1, ups=0.24, wpb=320, bsz=64, num_updates=11070, lr=2.18364e-05, gnorm=10.214, clip=100, loss_scale=64, train_wall=41, gb_free=7.4, wall=64733
2023-04-02 18:47:00 - progress_bar.py[line:272] - INFO: epoch 006:   1708 / 1878 loss=2.899, loss_v1=0, loss_v2=0, nll_loss=1.682, ntokens=320, nsentences=64, sample_size=320, sample_size_v1=0, sample_size_v2=0, ppl=3.21, wps=78.9, ups=0.25, wpb=320, bsz=64, num_updates=11080, lr=2.18081e-05, gnorm=9.512, clip=100, loss_scale=64, train_wall=40, gb_free=7.4, wall=64774
2023-04-02 18:47:41 - progress_bar.py[line:272] - INFO: epoch 006:   1718 / 1878 loss=2.908, loss_v1=0, loss_v2=0, nll_loss=1.694, ntokens=320, nsentences=64, sample_size=320, sample_size_v1=0, sample_size_v2=0, ppl=3.24, wps=78.4, ups=0.25, wpb=320, bsz=64, num_updates=11090, lr=2.17798e-05, gnorm=11.238, clip=100, loss_scale=64, train_wall=41, gb_free=7.5, wall=64815
2023-04-02 18:48:22 - progress_bar.py[line:272] - INFO: epoch 006:   1728 / 1878 loss=2.888, loss_v1=0, loss_v2=0, nll_loss=1.671, ntokens=320, nsentences=64, sample_size=320, sample_size_v1=0, sample_size_v2=0, ppl=3.19, wps=78.2, ups=0.24, wpb=320, bsz=64, num_updates=11100, lr=2.17514e-05, gnorm=8.914, clip=100, loss_scale=64, train_wall=41, gb_free=7.5, wall=64856
2023-04-02 18:49:02 - progress_bar.py[line:272] - INFO: epoch 006:   1738 / 1878 loss=2.916, loss_v1=0, loss_v2=0, nll_loss=1.701, ntokens=320, nsentences=64, sample_size=320, sample_size_v1=0, sample_size_v2=0, ppl=3.25, wps=78.8, ups=0.25, wpb=320, bsz=64, num_updates=11110, lr=2.17231e-05, gnorm=10.963, clip=100, loss_scale=64, train_wall=40, gb_free=7.4, wall=64896
2023-04-02 18:49:43 - progress_bar.py[line:272] - INFO: epoch 006:   1748 / 1878 loss=2.922, loss_v1=0, loss_v2=0, nll_loss=1.703, ntokens=320, nsentences=64, sample_size=320, sample_size_v1=0, sample_size_v2=0, ppl=3.26, wps=78.6, ups=0.25, wpb=320, bsz=64, num_updates=11120, lr=2.16948e-05, gnorm=9.784, clip=100, loss_scale=64, train_wall=40, gb_free=7.4, wall=64937
2023-04-02 18:50:24 - progress_bar.py[line:272] - INFO: epoch 006:   1758 / 1878 loss=2.882, loss_v1=0, loss_v2=0, nll_loss=1.67, ntokens=320, nsentences=64, sample_size=320, sample_size_v1=0, sample_size_v2=0, ppl=3.18, wps=78.3, ups=0.24, wpb=320, bsz=64, num_updates=11130, lr=2.16665e-05, gnorm=9.37, clip=100, loss_scale=64, train_wall=41, gb_free=7.4, wall=64978
2023-04-02 18:50:40 - trainer.py[line:921] - INFO: NOTE: gradient overflow detected, ignoring gradient, setting loss scale to: 32.0
2023-04-02 18:51:09 - progress_bar.py[line:272] - INFO: epoch 006:   1769 / 1878 loss=2.895, loss_v1=0, loss_v2=0, nll_loss=1.68, ntokens=320, nsentences=64, sample_size=320, sample_size_v1=0, sample_size_v2=0, ppl=3.2, wps=71.4, ups=0.22, wpb=320, bsz=64, num_updates=11140, lr=2.16382e-05, gnorm=9.946, clip=100, loss_scale=32, train_wall=45, gb_free=7.4, wall=65023
2023-04-02 18:51:50 - progress_bar.py[line:272] - INFO: epoch 006:   1779 / 1878 loss=2.903, loss_v1=0, loss_v2=0, nll_loss=1.684, ntokens=320, nsentences=64, sample_size=320, sample_size_v1=0, sample_size_v2=0, ppl=3.21, wps=78.4, ups=0.24, wpb=320, bsz=64, num_updates=11150, lr=2.16098e-05, gnorm=10.543, clip=100, loss_scale=32, train_wall=41, gb_free=7.4, wall=65063
2023-04-02 18:52:31 - progress_bar.py[line:272] - INFO: epoch 006:   1789 / 1878 loss=2.894, loss_v1=0, loss_v2=0, nll_loss=1.674, ntokens=320, nsentences=64, sample_size=320, sample_size_v1=0, sample_size_v2=0, ppl=3.19, wps=78, ups=0.24, wpb=320, bsz=64, num_updates=11160, lr=2.15815e-05, gnorm=9.763, clip=100, loss_scale=32, train_wall=41, gb_free=7.4, wall=65105
2023-04-02 18:53:12 - progress_bar.py[line:272] - INFO: epoch 006:   1799 / 1878 loss=2.965, loss_v1=0, loss_v2=0, nll_loss=1.754, ntokens=320, nsentences=64, sample_size=320, sample_size_v1=0, sample_size_v2=0, ppl=3.37, wps=78.3, ups=0.24, wpb=320, bsz=64, num_updates=11170, lr=2.15532e-05, gnorm=10.82, clip=100, loss_scale=32, train_wall=40, gb_free=7.4, wall=65145
2023-04-02 18:53:52 - progress_bar.py[line:272] - INFO: epoch 006:   1809 / 1878 loss=2.905, loss_v1=0, loss_v2=0, nll_loss=1.686, ntokens=320, nsentences=64, sample_size=320, sample_size_v1=0, sample_size_v2=0, ppl=3.22, wps=78.4, ups=0.24, wpb=320, bsz=64, num_updates=11180, lr=2.15249e-05, gnorm=9.462, clip=100, loss_scale=32, train_wall=41, gb_free=7.4, wall=65186
2023-04-02 18:54:33 - progress_bar.py[line:272] - INFO: epoch 006:   1819 / 1878 loss=2.903, loss_v1=0, loss_v2=0, nll_loss=1.688, ntokens=320, nsentences=64, sample_size=320, sample_size_v1=0, sample_size_v2=0, ppl=3.22, wps=78.6, ups=0.25, wpb=320, bsz=64, num_updates=11190, lr=2.14965e-05, gnorm=10.062, clip=100, loss_scale=32, train_wall=40, gb_free=7.4, wall=65227
2023-04-02 18:55:14 - progress_bar.py[line:272] - INFO: epoch 006:   1829 / 1878 loss=2.905, loss_v1=0, loss_v2=0, nll_loss=1.689, ntokens=320, nsentences=64, sample_size=320, sample_size_v1=0, sample_size_v2=0, ppl=3.22, wps=78.2, ups=0.24, wpb=320, bsz=64, num_updates=11200, lr=2.14682e-05, gnorm=9.734, clip=100, loss_scale=32, train_wall=41, gb_free=7.4, wall=65268
2023-04-02 18:55:55 - progress_bar.py[line:272] - INFO: epoch 006:   1839 / 1878 loss=2.931, loss_v1=0, loss_v2=0, nll_loss=1.719, ntokens=320, nsentences=64, sample_size=320, sample_size_v1=0, sample_size_v2=0, ppl=3.29, wps=78.1, ups=0.24, wpb=320, bsz=64, num_updates=11210, lr=2.14399e-05, gnorm=9.675, clip=100, loss_scale=32, train_wall=41, gb_free=7.4, wall=65309
2023-04-02 18:56:36 - progress_bar.py[line:272] - INFO: epoch 006:   1849 / 1878 loss=2.911, loss_v1=0, loss_v2=0, nll_loss=1.692, ntokens=320, nsentences=64, sample_size=320, sample_size_v1=0, sample_size_v2=0, ppl=3.23, wps=77.9, ups=0.24, wpb=320, bsz=64, num_updates=11220, lr=2.14116e-05, gnorm=9.944, clip=100, loss_scale=32, train_wall=41, gb_free=7.4, wall=65350
2023-04-02 18:57:17 - progress_bar.py[line:272] - INFO: epoch 006:   1859 / 1878 loss=2.949, loss_v1=0, loss_v2=0, nll_loss=1.735, ntokens=320, nsentences=64, sample_size=320, sample_size_v1=0, sample_size_v2=0, ppl=3.33, wps=78.9, ups=0.25, wpb=320, bsz=64, num_updates=11230, lr=2.13833e-05, gnorm=10.569, clip=100, loss_scale=32, train_wall=40, gb_free=7.4, wall=65390
2023-04-02 18:57:57 - progress_bar.py[line:272] - INFO: epoch 006:   1869 / 1878 loss=2.944, loss_v1=0, loss_v2=0, nll_loss=1.733, ntokens=320, nsentences=64, sample_size=320, sample_size_v1=0, sample_size_v2=0, ppl=3.32, wps=78.5, ups=0.25, wpb=320, bsz=64, num_updates=11240, lr=2.13549e-05, gnorm=10.521, clip=100, loss_scale=32, train_wall=41, gb_free=7.4, wall=65431
slice_id 1 seek offset 5379
2023-04-02 18:58:33 - train.py[line:445] - INFO: begin validation on "valid" subset
slice_id 0 seek offset 0
slice_id 0 seek offset 0
slice_id 1 seek offset 5379
2023-04-02 19:09:52 - progress_bar.py[line:282] - INFO: epoch 006 | valid on 'valid' subset | loss 5.119 | loss_v1 0 | loss_v2 0 | nll_loss 4.143 | ntokens 39.993 | nsentences 7.999 | sample_size 39.993 | sample_size_v1 0 | sample_size_v2 0 | ppl 17.67 | score 0.8151 | wps 79.3 | wpb 40 | bsz 8 | num_updates 11249 | best_score 0.8161
2023-04-02 19:09:52 - checkpoint_utils.py[line:64] - INFO: Preparing to save checkpoint for epoch 6 @ 11249 updates
local datafile ../../dataset/refcocoplus_data/refcocoplus_train.tsv slice_id 1 begin to initialize row_count and line_idx-to-offset mapping
2023-04-02 19:09:52 - trainer.py[line:431] - INFO: Saving checkpoint to ./refcocoplus_scratch_checkpoints/10_5e-5_512/checkpoint_last.pt
2023-04-02 19:10:10 - trainer.py[line:441] - INFO: Finished saving checkpoint to ./refcocoplus_scratch_checkpoints/10_5e-5_512/checkpoint_last.pt
2023-04-02 19:10:11 - checkpoint_utils.py[line:133] - INFO: Saved checkpoint ./refcocoplus_scratch_checkpoints/10_5e-5_512/checkpoint_last.pt (epoch 6 @ 11249 updates, score 0.8151) (writing took 18.48656475543976 seconds)
2023-04-02 19:10:11 - train.py[line:332] - INFO: end of epoch 6 (average epoch stats below)
2023-04-02 19:10:11 - progress_bar.py[line:282] - INFO: epoch 006 | loss 3.011 | loss_v1 0 | loss_v2 0 | nll_loss 1.812 | ntokens 319.997 | nsentences 63.999 | sample_size 319.997 | sample_size_v1 0 | sample_size_v2 0 | ppl 3.51 | wps 53.5 | ups 0.17 | wpb 320 | bsz 64 | num_updates 11249 | lr 2.13294e-05 | gnorm 10.002 | clip 100 | loss_scale 32 | train_wall 7620 | gb_free 7.4 | wall 66165
2023-04-02 19:10:11 - trainer.py[line:639] - INFO: loading train data for epoch 7
local datafile ../../dataset/refcocoplus_data/refcocoplus_train.tsv slice_id 0 begin to initialize row_count and line_idx-to-offset mapping
local datafile ../../dataset/refcocoplus_data/refcocoplus_train.tsv slice_id 1 finished initializing row_count and line_idx-to-offset mapping
file ../../dataset/refcocoplus_data/refcocoplus_train.tsv slice_id 1 row count 60095 total row count 120191
slice_id 1 seek offset 60096
local datafile ../../dataset/refcocoplus_data/refcocoplus_train.tsv slice_id 0 finished initializing row_count and line_idx-to-offset mapping
file ../../dataset/refcocoplus_data/refcocoplus_train.tsv slice_id 0 row count 60096 total row count 120191
slice_id 0 seek offset 0
2023-04-02 19:10:24 - trainer.py[line:703] - INFO: begin training epoch 7
2023-04-02 19:10:24 - train.py[line:305] - INFO: Start iterating over samples
2023-04-02 19:10:29 - progress_bar.py[line:272] - INFO: epoch 007:      1 / 1878 loss=2.952, loss_v1=0, loss_v2=0, nll_loss=1.737, ntokens=320, nsentences=64, sample_size=320, sample_size_v1=0, sample_size_v2=0, ppl=3.33, wps=4.3, ups=0.01, wpb=320, bsz=64, num_updates=11250, lr=2.13266e-05, gnorm=11.474, clip=100, loss_scale=32, train_wall=39, gb_free=7.4, wall=66183
2023-04-02 19:11:10 - progress_bar.py[line:272] - INFO: epoch 007:     11 / 1878 loss=2.94, loss_v1=0, loss_v2=0, nll_loss=1.731, ntokens=320, nsentences=64, sample_size=320, sample_size_v1=0, sample_size_v2=0, ppl=3.32, wps=78.7, ups=0.25, wpb=320, bsz=64, num_updates=11260, lr=2.12983e-05, gnorm=13.578, clip=100, loss_scale=32, train_wall=40, gb_free=7.4, wall=66223
2023-04-02 19:11:50 - progress_bar.py[line:272] - INFO: epoch 007:     21 / 1878 loss=2.935, loss_v1=0, loss_v2=0, nll_loss=1.723, ntokens=320, nsentences=64, sample_size=320, sample_size_v1=0, sample_size_v2=0, ppl=3.3, wps=78.4, ups=0.25, wpb=320, bsz=64, num_updates=11270, lr=2.127e-05, gnorm=10.175, clip=100, loss_scale=32, train_wall=41, gb_free=7.5, wall=66264
2023-04-02 19:12:31 - progress_bar.py[line:272] - INFO: epoch 007:     31 / 1878 loss=2.909, loss_v1=0, loss_v2=0, nll_loss=1.693, ntokens=320, nsentences=64, sample_size=320, sample_size_v1=0, sample_size_v2=0, ppl=3.23, wps=78.7, ups=0.25, wpb=320, bsz=64, num_updates=11280, lr=2.12416e-05, gnorm=9.949, clip=100, loss_scale=32, train_wall=40, gb_free=7.4, wall=66305
2023-04-02 19:13:12 - progress_bar.py[line:272] - INFO: epoch 007:     41 / 1878 loss=2.939, loss_v1=0, loss_v2=0, nll_loss=1.728, ntokens=320, nsentences=64, sample_size=320, sample_size_v1=0, sample_size_v2=0, ppl=3.31, wps=78.7, ups=0.25, wpb=320, bsz=64, num_updates=11290, lr=2.12133e-05, gnorm=11.668, clip=100, loss_scale=32, train_wall=40, gb_free=7.4, wall=66346
2023-04-02 19:13:52 - progress_bar.py[line:272] - INFO: epoch 007:     51 / 1878 loss=2.975, loss_v1=0, loss_v2=0, nll_loss=1.763, ntokens=320, nsentences=64, sample_size=320, sample_size_v1=0, sample_size_v2=0, ppl=3.39, wps=78.4, ups=0.25, wpb=320, bsz=64, num_updates=11300, lr=2.1185e-05, gnorm=12.947, clip=100, loss_scale=32, train_wall=41, gb_free=7.5, wall=66386
2023-04-02 19:14:33 - progress_bar.py[line:272] - INFO: epoch 007:     61 / 1878 loss=2.96, loss_v1=0, loss_v2=0, nll_loss=1.754, ntokens=320, nsentences=64, sample_size=320, sample_size_v1=0, sample_size_v2=0, ppl=3.37, wps=78.2, ups=0.24, wpb=320, bsz=64, num_updates=11310, lr=2.11567e-05, gnorm=10.04, clip=100, loss_scale=32, train_wall=41, gb_free=7.4, wall=66427
2023-04-02 19:15:14 - progress_bar.py[line:272] - INFO: epoch 007:     71 / 1878 loss=2.957, loss_v1=0, loss_v2=0, nll_loss=1.749, ntokens=320, nsentences=64, sample_size=320, sample_size_v1=0, sample_size_v2=0, ppl=3.36, wps=78.4, ups=0.24, wpb=320, bsz=64, num_updates=11320, lr=2.11284e-05, gnorm=10.086, clip=100, loss_scale=32, train_wall=41, gb_free=7.4, wall=66468
2023-04-02 19:15:55 - progress_bar.py[line:272] - INFO: epoch 007:     81 / 1878 loss=2.938, loss_v1=0, loss_v2=0, nll_loss=1.726, ntokens=320, nsentences=64, sample_size=320, sample_size_v1=0, sample_size_v2=0, ppl=3.31, wps=78.8, ups=0.25, wpb=320, bsz=64, num_updates=11330, lr=2.11e-05, gnorm=11.026, clip=100, loss_scale=32, train_wall=40, gb_free=7.4, wall=66509
2023-04-02 19:16:36 - progress_bar.py[line:272] - INFO: epoch 007:     91 / 1878 loss=2.934, loss_v1=0, loss_v2=0, nll_loss=1.721, ntokens=320, nsentences=64, sample_size=320, sample_size_v1=0, sample_size_v2=0, ppl=3.3, wps=78.7, ups=0.25, wpb=320, bsz=64, num_updates=11340, lr=2.10717e-05, gnorm=11.395, clip=100, loss_scale=32, train_wall=40, gb_free=7.4, wall=66549
2023-04-02 19:17:16 - progress_bar.py[line:272] - INFO: epoch 007:    101 / 1878 loss=3.001, loss_v1=0, loss_v2=0, nll_loss=1.799, ntokens=320, nsentences=64, sample_size=320, sample_size_v1=0, sample_size_v2=0, ppl=3.48, wps=78.3, ups=0.24, wpb=320, bsz=64, num_updates=11350, lr=2.10434e-05, gnorm=11.511, clip=100, loss_scale=32, train_wall=41, gb_free=7.4, wall=66590
2023-04-02 19:17:57 - progress_bar.py[line:272] - INFO: epoch 007:    111 / 1878 loss=2.908, loss_v1=0, loss_v2=0, nll_loss=1.694, ntokens=320, nsentences=64, sample_size=320, sample_size_v1=0, sample_size_v2=0, ppl=3.24, wps=78.7, ups=0.25, wpb=320, bsz=64, num_updates=11360, lr=2.10151e-05, gnorm=10.484, clip=100, loss_scale=32, train_wall=40, gb_free=7.4, wall=66631
2023-04-02 19:18:38 - progress_bar.py[line:272] - INFO: epoch 007:    121 / 1878 loss=2.965, loss_v1=0, loss_v2=0, nll_loss=1.755, ntokens=320, nsentences=64, sample_size=320, sample_size_v1=0, sample_size_v2=0, ppl=3.38, wps=78.5, ups=0.25, wpb=320, bsz=64, num_updates=11370, lr=2.09867e-05, gnorm=10.738, clip=100, loss_scale=32, train_wall=41, gb_free=7.4, wall=66672
2023-04-02 19:19:19 - progress_bar.py[line:272] - INFO: epoch 007:    131 / 1878 loss=2.955, loss_v1=0, loss_v2=0, nll_loss=1.746, ntokens=320, nsentences=64, sample_size=320, sample_size_v1=0, sample_size_v2=0, ppl=3.35, wps=78.7, ups=0.25, wpb=320, bsz=64, num_updates=11380, lr=2.09584e-05, gnorm=10.066, clip=100, loss_scale=32, train_wall=40, gb_free=7.4, wall=66712
2023-04-02 19:19:59 - progress_bar.py[line:272] - INFO: epoch 007:    141 / 1878 loss=2.936, loss_v1=0, loss_v2=0, nll_loss=1.728, ntokens=320, nsentences=64, sample_size=320, sample_size_v1=0, sample_size_v2=0, ppl=3.31, wps=78.7, ups=0.25, wpb=320, bsz=64, num_updates=11390, lr=2.09301e-05, gnorm=10.47, clip=100, loss_scale=32, train_wall=40, gb_free=7.4, wall=66753
2023-04-02 19:20:40 - progress_bar.py[line:272] - INFO: epoch 007:    151 / 1878 loss=2.906, loss_v1=0, loss_v2=0, nll_loss=1.695, ntokens=320, nsentences=64, sample_size=320, sample_size_v1=0, sample_size_v2=0, ppl=3.24, wps=78.6, ups=0.25, wpb=320, bsz=64, num_updates=11400, lr=2.09018e-05, gnorm=11.982, clip=100, loss_scale=32, train_wall=40, gb_free=7.4, wall=66794
2023-04-02 19:21:21 - progress_bar.py[line:272] - INFO: epoch 007:    161 / 1878 loss=2.966, loss_v1=0, loss_v2=0, nll_loss=1.755, ntokens=320, nsentences=64, sample_size=320, sample_size_v1=0, sample_size_v2=0, ppl=3.38, wps=78.6, ups=0.25, wpb=320, bsz=64, num_updates=11410, lr=2.08735e-05, gnorm=10.058, clip=100, loss_scale=32, train_wall=41, gb_free=7.4, wall=66834
2023-04-02 19:22:01 - progress_bar.py[line:272] - INFO: epoch 007:    171 / 1878 loss=2.951, loss_v1=0, loss_v2=0, nll_loss=1.741, ntokens=320, nsentences=64, sample_size=320, sample_size_v1=0, sample_size_v2=0, ppl=3.34, wps=78.4, ups=0.25, wpb=320, bsz=64, num_updates=11420, lr=2.08451e-05, gnorm=11.15, clip=100, loss_scale=32, train_wall=41, gb_free=7.4, wall=66875
2023-04-02 19:22:42 - progress_bar.py[line:272] - INFO: epoch 007:    181 / 1878 loss=2.921, loss_v1=0, loss_v2=0, nll_loss=1.711, ntokens=320, nsentences=64, sample_size=320, sample_size_v1=0, sample_size_v2=0, ppl=3.27, wps=78.8, ups=0.25, wpb=320, bsz=64, num_updates=11430, lr=2.08168e-05, gnorm=9.547, clip=100, loss_scale=32, train_wall=40, gb_free=7.4, wall=66916
2023-04-02 19:23:23 - progress_bar.py[line:272] - INFO: epoch 007:    191 / 1878 loss=2.947, loss_v1=0, loss_v2=0, nll_loss=1.734, ntokens=320, nsentences=64, sample_size=320, sample_size_v1=0, sample_size_v2=0, ppl=3.33, wps=78.5, ups=0.25, wpb=320, bsz=64, num_updates=11440, lr=2.07885e-05, gnorm=11.751, clip=100, loss_scale=32, train_wall=40, gb_free=7.4, wall=66957
2023-04-02 19:24:04 - progress_bar.py[line:272] - INFO: epoch 007:    201 / 1878 loss=2.923, loss_v1=0, loss_v2=0, nll_loss=1.705, ntokens=320, nsentences=64, sample_size=320, sample_size_v1=0, sample_size_v2=0, ppl=3.26, wps=78.1, ups=0.24, wpb=320, bsz=64, num_updates=11450, lr=2.07602e-05, gnorm=10.755, clip=100, loss_scale=32, train_wall=41, gb_free=7.4, wall=66998
2023-04-02 19:24:45 - progress_bar.py[line:272] - INFO: epoch 007:    211 / 1878 loss=2.974, loss_v1=0, loss_v2=0, nll_loss=1.763, ntokens=320, nsentences=64, sample_size=320, sample_size_v1=0, sample_size_v2=0, ppl=3.4, wps=77.9, ups=0.24, wpb=320, bsz=64, num_updates=11460, lr=2.07318e-05, gnorm=11.284, clip=100, loss_scale=32, train_wall=41, gb_free=7.4, wall=67039
2023-04-02 19:25:25 - progress_bar.py[line:272] - INFO: epoch 007:    221 / 1878 loss=2.927, loss_v1=0, loss_v2=0, nll_loss=1.718, ntokens=320, nsentences=64, sample_size=320, sample_size_v1=0, sample_size_v2=0, ppl=3.29, wps=78.6, ups=0.25, wpb=320, bsz=64, num_updates=11470, lr=2.07035e-05, gnorm=10.071, clip=100, loss_scale=32, train_wall=40, gb_free=7.4, wall=67079
2023-04-02 19:26:06 - progress_bar.py[line:272] - INFO: epoch 007:    231 / 1878 loss=2.933, loss_v1=0, loss_v2=0, nll_loss=1.725, ntokens=320, nsentences=64, sample_size=320, sample_size_v1=0, sample_size_v2=0, ppl=3.31, wps=78.7, ups=0.25, wpb=320, bsz=64, num_updates=11480, lr=2.06752e-05, gnorm=9.867, clip=100, loss_scale=32, train_wall=40, gb_free=7.4, wall=67120
2023-04-02 19:26:47 - progress_bar.py[line:272] - INFO: epoch 007:    241 / 1878 loss=2.943, loss_v1=0, loss_v2=0, nll_loss=1.73, ntokens=320, nsentences=64, sample_size=320, sample_size_v1=0, sample_size_v2=0, ppl=3.32, wps=78.6, ups=0.25, wpb=320, bsz=64, num_updates=11490, lr=2.06469e-05, gnorm=10.764, clip=100, loss_scale=32, train_wall=40, gb_free=7.4, wall=67161
2023-04-02 19:27:28 - progress_bar.py[line:272] - INFO: epoch 007:    251 / 1878 loss=2.967, loss_v1=0, loss_v2=0, nll_loss=1.758, ntokens=320, nsentences=64, sample_size=320, sample_size_v1=0, sample_size_v2=0, ppl=3.38, wps=78.7, ups=0.25, wpb=320, bsz=64, num_updates=11500, lr=2.06186e-05, gnorm=10.209, clip=100, loss_scale=32, train_wall=40, gb_free=7.4, wall=67201
2023-04-02 19:27:28 - train.py[line:445] - INFO: begin validation on "valid" subset
slice_id 0 seek offset 0
slice_id 1 seek offset 5379
slice_id 0 seek offset 0
slice_id 1 seek offset 5379
2023-04-02 19:38:44 - progress_bar.py[line:282] - INFO: epoch 007 | valid on 'valid' subset | loss 5.124 | loss_v1 0 | loss_v2 0 | nll_loss 4.153 | ntokens 39.993 | nsentences 7.999 | sample_size 39.993 | sample_size_v1 0 | sample_size_v2 0 | ppl 17.79 | score 0.8147 | wps 79.5 | wpb 40 | bsz 8 | num_updates 11500 | best_score 0.8161
2023-04-02 19:38:44 - checkpoint_utils.py[line:64] - INFO: Preparing to save checkpoint for epoch 7 @ 11500 updates
2023-04-02 19:38:44 - trainer.py[line:431] - INFO: Saving checkpoint to ./refcocoplus_scratch_checkpoints/10_5e-5_512/checkpoint_7_11500.pt
2023-04-02 19:39:02 - trainer.py[line:441] - INFO: Finished saving checkpoint to ./refcocoplus_scratch_checkpoints/10_5e-5_512/checkpoint_7_11500.pt
2023-04-02 19:39:13 - checkpoint_utils.py[line:133] - INFO: Saved checkpoint ./refcocoplus_scratch_checkpoints/10_5e-5_512/checkpoint_7_11500.pt (epoch 7 @ 11500 updates, score 0.8147) (writing took 28.396079329773784 seconds)
2023-04-02 19:39:53 - progress_bar.py[line:272] - INFO: epoch 007:    261 / 1878 loss=2.911, loss_v1=0, loss_v2=0, nll_loss=1.698, ntokens=320, nsentences=64, sample_size=320, sample_size_v1=0, sample_size_v2=0, ppl=3.24, wps=4.3, ups=0.01, wpb=320, bsz=64, num_updates=11510, lr=2.05902e-05, gnorm=10.159, clip=100, loss_scale=32, train_wall=40, gb_free=7.4, wall=67947
2023-04-02 19:40:17 - trainer.py[line:921] - INFO: NOTE: gradient overflow detected, ignoring gradient, setting loss scale to: 16.0
2023-04-02 19:40:38 - progress_bar.py[line:272] - INFO: epoch 007:    272 / 1878 loss=2.887, loss_v1=0, loss_v2=0, nll_loss=1.666, ntokens=320, nsentences=64, sample_size=320, sample_size_v1=0, sample_size_v2=0, ppl=3.17, wps=71.4, ups=0.22, wpb=320, bsz=64, num_updates=11520, lr=2.05619e-05, gnorm=10.281, clip=100, loss_scale=16, train_wall=45, gb_free=7.4, wall=67992
2023-04-02 19:41:19 - progress_bar.py[line:272] - INFO: epoch 007:    282 / 1878 loss=2.944, loss_v1=0, loss_v2=0, nll_loss=1.731, ntokens=320, nsentences=64, sample_size=320, sample_size_v1=0, sample_size_v2=0, ppl=3.32, wps=78.3, ups=0.24, wpb=320, bsz=64, num_updates=11530, lr=2.05336e-05, gnorm=11.352, clip=100, loss_scale=16, train_wall=41, gb_free=7.4, wall=68032
2023-04-02 19:41:59 - progress_bar.py[line:272] - INFO: epoch 007:    292 / 1878 loss=2.946, loss_v1=0, loss_v2=0, nll_loss=1.733, ntokens=320, nsentences=64, sample_size=320, sample_size_v1=0, sample_size_v2=0, ppl=3.32, wps=78.3, ups=0.24, wpb=320, bsz=64, num_updates=11540, lr=2.05053e-05, gnorm=11.4, clip=100, loss_scale=16, train_wall=41, gb_free=7.4, wall=68073
2023-04-02 19:42:40 - progress_bar.py[line:272] - INFO: epoch 007:    302 / 1878 loss=2.96, loss_v1=0, loss_v2=0, nll_loss=1.752, ntokens=320, nsentences=64, sample_size=320, sample_size_v1=0, sample_size_v2=0, ppl=3.37, wps=78, ups=0.24, wpb=320, bsz=64, num_updates=11550, lr=2.04769e-05, gnorm=11.377, clip=100, loss_scale=16, train_wall=41, gb_free=7.4, wall=68114
2023-04-02 19:43:21 - progress_bar.py[line:272] - INFO: epoch 007:    312 / 1878 loss=2.901, loss_v1=0, loss_v2=0, nll_loss=1.688, ntokens=320, nsentences=64, sample_size=320, sample_size_v1=0, sample_size_v2=0, ppl=3.22, wps=78.2, ups=0.24, wpb=320, bsz=64, num_updates=11560, lr=2.04486e-05, gnorm=11.439, clip=100, loss_scale=16, train_wall=41, gb_free=7.4, wall=68155
2023-04-02 19:44:02 - progress_bar.py[line:272] - INFO: epoch 007:    322 / 1878 loss=2.873, loss_v1=0, loss_v2=0, nll_loss=1.657, ntokens=320, nsentences=64, sample_size=320, sample_size_v1=0, sample_size_v2=0, ppl=3.15, wps=78.2, ups=0.24, wpb=320, bsz=64, num_updates=11570, lr=2.04203e-05, gnorm=10.716, clip=100, loss_scale=16, train_wall=41, gb_free=7.4, wall=68196
2023-04-02 19:44:43 - progress_bar.py[line:272] - INFO: epoch 007:    332 / 1878 loss=2.92, loss_v1=0, loss_v2=0, nll_loss=1.701, ntokens=320, nsentences=64, sample_size=320, sample_size_v1=0, sample_size_v2=0, ppl=3.25, wps=78.3, ups=0.24, wpb=320, bsz=64, num_updates=11580, lr=2.0392e-05, gnorm=11.18, clip=100, loss_scale=16, train_wall=41, gb_free=7.5, wall=68237
2023-04-02 19:45:24 - progress_bar.py[line:272] - INFO: epoch 007:    342 / 1878 loss=2.881, loss_v1=0, loss_v2=0, nll_loss=1.659, ntokens=320, nsentences=64, sample_size=320, sample_size_v1=0, sample_size_v2=0, ppl=3.16, wps=78.1, ups=0.24, wpb=320, bsz=64, num_updates=11590, lr=2.03637e-05, gnorm=10.505, clip=100, loss_scale=16, train_wall=41, gb_free=7.4, wall=68278
2023-04-02 19:46:05 - progress_bar.py[line:272] - INFO: epoch 007:    352 / 1878 loss=2.899, loss_v1=0, loss_v2=0, nll_loss=1.681, ntokens=320, nsentences=64, sample_size=320, sample_size_v1=0, sample_size_v2=0, ppl=3.21, wps=78.1, ups=0.24, wpb=320, bsz=64, num_updates=11600, lr=2.03353e-05, gnorm=10.037, clip=100, loss_scale=16, train_wall=41, gb_free=7.4, wall=68319
2023-04-02 19:46:46 - progress_bar.py[line:272] - INFO: epoch 007:    362 / 1878 loss=2.924, loss_v1=0, loss_v2=0, nll_loss=1.71, ntokens=320, nsentences=64, sample_size=320, sample_size_v1=0, sample_size_v2=0, ppl=3.27, wps=78.8, ups=0.25, wpb=320, bsz=64, num_updates=11610, lr=2.0307e-05, gnorm=11.212, clip=100, loss_scale=16, train_wall=40, gb_free=7.4, wall=68360
2023-04-02 19:47:27 - progress_bar.py[line:272] - INFO: epoch 007:    372 / 1878 loss=2.938, loss_v1=0, loss_v2=0, nll_loss=1.727, ntokens=320, nsentences=64, sample_size=320, sample_size_v1=0, sample_size_v2=0, ppl=3.31, wps=78.3, ups=0.24, wpb=320, bsz=64, num_updates=11620, lr=2.02787e-05, gnorm=11.543, clip=100, loss_scale=16, train_wall=41, gb_free=7.4, wall=68400
2023-04-02 19:48:07 - progress_bar.py[line:272] - INFO: epoch 007:    382 / 1878 loss=2.9, loss_v1=0, loss_v2=0, nll_loss=1.683, ntokens=320, nsentences=64, sample_size=320, sample_size_v1=0, sample_size_v2=0, ppl=3.21, wps=78.3, ups=0.24, wpb=320, bsz=64, num_updates=11630, lr=2.02504e-05, gnorm=10.439, clip=100, loss_scale=16, train_wall=41, gb_free=7.4, wall=68441
2023-04-02 19:48:48 - progress_bar.py[line:272] - INFO: epoch 007:    392 / 1878 loss=2.877, loss_v1=0, loss_v2=0, nll_loss=1.655, ntokens=320, nsentences=64, sample_size=320, sample_size_v1=0, sample_size_v2=0, ppl=3.15, wps=78.3, ups=0.24, wpb=320, bsz=64, num_updates=11640, lr=2.0222e-05, gnorm=11.452, clip=100, loss_scale=16, train_wall=41, gb_free=7.4, wall=68482
2023-04-02 19:49:29 - progress_bar.py[line:272] - INFO: epoch 007:    402 / 1878 loss=2.922, loss_v1=0, loss_v2=0, nll_loss=1.703, ntokens=320, nsentences=64, sample_size=320, sample_size_v1=0, sample_size_v2=0, ppl=3.26, wps=77.8, ups=0.24, wpb=320, bsz=64, num_updates=11650, lr=2.01937e-05, gnorm=11.233, clip=100, loss_scale=16, train_wall=41, gb_free=7.4, wall=68523
2023-04-02 19:50:10 - progress_bar.py[line:272] - INFO: epoch 007:    412 / 1878 loss=2.901, loss_v1=0, loss_v2=0, nll_loss=1.681, ntokens=320, nsentences=64, sample_size=320, sample_size_v1=0, sample_size_v2=0, ppl=3.21, wps=78.7, ups=0.25, wpb=320, bsz=64, num_updates=11660, lr=2.01654e-05, gnorm=11.38, clip=100, loss_scale=16, train_wall=40, gb_free=7.5, wall=68564
2023-04-02 19:50:51 - progress_bar.py[line:272] - INFO: epoch 007:    422 / 1878 loss=2.968, loss_v1=0, loss_v2=0, nll_loss=1.758, ntokens=320, nsentences=64, sample_size=320, sample_size_v1=0, sample_size_v2=0, ppl=3.38, wps=78.1, ups=0.24, wpb=320, bsz=64, num_updates=11670, lr=2.01371e-05, gnorm=12.199, clip=100, loss_scale=16, train_wall=41, gb_free=7.4, wall=68605
2023-04-02 19:51:32 - progress_bar.py[line:272] - INFO: epoch 007:    432 / 1878 loss=2.912, loss_v1=0, loss_v2=0, nll_loss=1.698, ntokens=320, nsentences=64, sample_size=320, sample_size_v1=0, sample_size_v2=0, ppl=3.24, wps=78.5, ups=0.25, wpb=320, bsz=64, num_updates=11680, lr=2.01088e-05, gnorm=10.83, clip=100, loss_scale=16, train_wall=41, gb_free=7.4, wall=68646
2023-04-02 19:52:13 - progress_bar.py[line:272] - INFO: epoch 007:    442 / 1878 loss=2.913, loss_v1=0, loss_v2=0, nll_loss=1.7, ntokens=320, nsentences=64, sample_size=320, sample_size_v1=0, sample_size_v2=0, ppl=3.25, wps=78, ups=0.24, wpb=320, bsz=64, num_updates=11690, lr=2.00804e-05, gnorm=11.117, clip=100, loss_scale=16, train_wall=41, gb_free=7.4, wall=68687
2023-04-02 19:52:54 - progress_bar.py[line:272] - INFO: epoch 007:    452 / 1878 loss=2.871, loss_v1=0, loss_v2=0, nll_loss=1.651, ntokens=320, nsentences=64, sample_size=320, sample_size_v1=0, sample_size_v2=0, ppl=3.14, wps=78.5, ups=0.25, wpb=320, bsz=64, num_updates=11700, lr=2.00521e-05, gnorm=9.7, clip=100, loss_scale=16, train_wall=40, gb_free=7.4, wall=68728
2023-04-02 19:53:34 - progress_bar.py[line:272] - INFO: epoch 007:    462 / 1878 loss=2.909, loss_v1=0, loss_v2=0, nll_loss=1.691, ntokens=320, nsentences=64, sample_size=320, sample_size_v1=0, sample_size_v2=0, ppl=3.23, wps=78.6, ups=0.25, wpb=320, bsz=64, num_updates=11710, lr=2.00238e-05, gnorm=11.483, clip=100, loss_scale=16, train_wall=40, gb_free=7.4, wall=68768
2023-04-02 19:54:15 - progress_bar.py[line:272] - INFO: epoch 007:    472 / 1878 loss=2.928, loss_v1=0, loss_v2=0, nll_loss=1.714, ntokens=320, nsentences=64, sample_size=320, sample_size_v1=0, sample_size_v2=0, ppl=3.28, wps=78.4, ups=0.24, wpb=320, bsz=64, num_updates=11720, lr=1.99955e-05, gnorm=11.224, clip=100, loss_scale=16, train_wall=40, gb_free=7.4, wall=68809
2023-04-02 19:54:56 - progress_bar.py[line:272] - INFO: epoch 007:    482 / 1878 loss=2.88, loss_v1=0, loss_v2=0, nll_loss=1.659, ntokens=320, nsentences=64, sample_size=320, sample_size_v1=0, sample_size_v2=0, ppl=3.16, wps=78.5, ups=0.25, wpb=320, bsz=64, num_updates=11730, lr=1.99671e-05, gnorm=11.446, clip=100, loss_scale=16, train_wall=41, gb_free=7.4, wall=68850
2023-04-02 19:55:37 - progress_bar.py[line:272] - INFO: epoch 007:    492 / 1878 loss=2.861, loss_v1=0, loss_v2=0, nll_loss=1.642, ntokens=320, nsentences=64, sample_size=320, sample_size_v1=0, sample_size_v2=0, ppl=3.12, wps=78.3, ups=0.24, wpb=320, bsz=64, num_updates=11740, lr=1.99388e-05, gnorm=10.305, clip=100, loss_scale=16, train_wall=41, gb_free=7.4, wall=68891
2023-04-02 19:56:18 - progress_bar.py[line:272] - INFO: epoch 007:    502 / 1878 loss=2.95, loss_v1=0, loss_v2=0, nll_loss=1.74, ntokens=320, nsentences=64, sample_size=320, sample_size_v1=0, sample_size_v2=0, ppl=3.34, wps=78.7, ups=0.25, wpb=320, bsz=64, num_updates=11750, lr=1.99105e-05, gnorm=14.145, clip=100, loss_scale=16, train_wall=40, gb_free=7.4, wall=68931
2023-04-02 19:56:58 - progress_bar.py[line:272] - INFO: epoch 007:    512 / 1878 loss=2.914, loss_v1=0, loss_v2=0, nll_loss=1.698, ntokens=320, nsentences=64, sample_size=320, sample_size_v1=0, sample_size_v2=0, ppl=3.24, wps=78.7, ups=0.25, wpb=320, bsz=64, num_updates=11760, lr=1.98822e-05, gnorm=11.943, clip=100, loss_scale=16, train_wall=40, gb_free=7.4, wall=68972
2023-04-02 19:57:39 - progress_bar.py[line:272] - INFO: epoch 007:    522 / 1878 loss=2.897, loss_v1=0, loss_v2=0, nll_loss=1.679, ntokens=320, nsentences=64, sample_size=320, sample_size_v1=0, sample_size_v2=0, ppl=3.2, wps=78.6, ups=0.25, wpb=320, bsz=64, num_updates=11770, lr=1.98539e-05, gnorm=9.6, clip=100, loss_scale=16, train_wall=40, gb_free=7.4, wall=69013
2023-04-02 19:58:20 - progress_bar.py[line:272] - INFO: epoch 007:    532 / 1878 loss=2.919, loss_v1=0, loss_v2=0, nll_loss=1.703, ntokens=320, nsentences=64, sample_size=320, sample_size_v1=0, sample_size_v2=0, ppl=3.26, wps=78.3, ups=0.24, wpb=320, bsz=64, num_updates=11780, lr=1.98255e-05, gnorm=11.252, clip=100, loss_scale=16, train_wall=41, gb_free=7.4, wall=69054
2023-04-02 19:59:01 - progress_bar.py[line:272] - INFO: epoch 007:    542 / 1878 loss=2.867, loss_v1=0, loss_v2=0, nll_loss=1.642, ntokens=320, nsentences=64, sample_size=320, sample_size_v1=0, sample_size_v2=0, ppl=3.12, wps=78.2, ups=0.24, wpb=320, bsz=64, num_updates=11790, lr=1.97972e-05, gnorm=10.871, clip=100, loss_scale=16, train_wall=41, gb_free=7.4, wall=69095
2023-04-02 19:59:41 - progress_bar.py[line:272] - INFO: epoch 007:    552 / 1878 loss=2.917, loss_v1=0, loss_v2=0, nll_loss=1.702, ntokens=320, nsentences=64, sample_size=320, sample_size_v1=0, sample_size_v2=0, ppl=3.25, wps=78.7, ups=0.25, wpb=320, bsz=64, num_updates=11800, lr=1.97689e-05, gnorm=11.245, clip=100, loss_scale=16, train_wall=40, gb_free=7.4, wall=69135
2023-04-02 20:00:22 - progress_bar.py[line:272] - INFO: epoch 007:    562 / 1878 loss=2.902, loss_v1=0, loss_v2=0, nll_loss=1.688, ntokens=320, nsentences=64, sample_size=320, sample_size_v1=0, sample_size_v2=0, ppl=3.22, wps=78.6, ups=0.25, wpb=320, bsz=64, num_updates=11810, lr=1.97406e-05, gnorm=11.088, clip=100, loss_scale=16, train_wall=40, gb_free=7.4, wall=69176
2023-04-02 20:01:03 - progress_bar.py[line:272] - INFO: epoch 007:    572 / 1878 loss=2.928, loss_v1=0, loss_v2=0, nll_loss=1.715, ntokens=320, nsentences=64, sample_size=320, sample_size_v1=0, sample_size_v2=0, ppl=3.28, wps=78.7, ups=0.25, wpb=320, bsz=64, num_updates=11820, lr=1.97122e-05, gnorm=11.687, clip=100, loss_scale=16, train_wall=40, gb_free=7.4, wall=69217
2023-04-02 20:01:43 - progress_bar.py[line:272] - INFO: epoch 007:    582 / 1878 loss=2.922, loss_v1=0, loss_v2=0, nll_loss=1.707, ntokens=320, nsentences=64, sample_size=320, sample_size_v1=0, sample_size_v2=0, ppl=3.26, wps=78.5, ups=0.25, wpb=320, bsz=64, num_updates=11830, lr=1.96839e-05, gnorm=10.986, clip=100, loss_scale=16, train_wall=41, gb_free=7.4, wall=69257
2023-04-02 20:02:24 - progress_bar.py[line:272] - INFO: epoch 007:    592 / 1878 loss=2.948, loss_v1=0, loss_v2=0, nll_loss=1.739, ntokens=320, nsentences=64, sample_size=320, sample_size_v1=0, sample_size_v2=0, ppl=3.34, wps=78.5, ups=0.25, wpb=320, bsz=64, num_updates=11840, lr=1.96556e-05, gnorm=10.977, clip=100, loss_scale=16, train_wall=41, gb_free=7.4, wall=69298
2023-04-02 20:03:05 - progress_bar.py[line:272] - INFO: epoch 007:    602 / 1878 loss=2.951, loss_v1=0, loss_v2=0, nll_loss=1.743, ntokens=320, nsentences=64, sample_size=320, sample_size_v1=0, sample_size_v2=0, ppl=3.35, wps=78.6, ups=0.25, wpb=320, bsz=64, num_updates=11850, lr=1.96273e-05, gnorm=11.524, clip=100, loss_scale=16, train_wall=41, gb_free=7.4, wall=69339
2023-04-02 20:03:46 - progress_bar.py[line:272] - INFO: epoch 007:    612 / 1878 loss=2.866, loss_v1=0, loss_v2=0, nll_loss=1.644, ntokens=320, nsentences=64, sample_size=320, sample_size_v1=0, sample_size_v2=0, ppl=3.13, wps=78.3, ups=0.24, wpb=320, bsz=64, num_updates=11860, lr=1.9599e-05, gnorm=9.881, clip=100, loss_scale=16, train_wall=41, gb_free=7.4, wall=69380
2023-04-02 20:04:27 - progress_bar.py[line:272] - INFO: epoch 007:    622 / 1878 loss=2.919, loss_v1=0, loss_v2=0, nll_loss=1.701, ntokens=320, nsentences=64, sample_size=320, sample_size_v1=0, sample_size_v2=0, ppl=3.25, wps=77.7, ups=0.24, wpb=320, bsz=64, num_updates=11870, lr=1.95706e-05, gnorm=10.233, clip=100, loss_scale=16, train_wall=41, gb_free=7.4, wall=69421
2023-04-02 20:05:08 - progress_bar.py[line:272] - INFO: epoch 007:    632 / 1878 loss=2.926, loss_v1=0, loss_v2=0, nll_loss=1.712, ntokens=320, nsentences=64, sample_size=320, sample_size_v1=0, sample_size_v2=0, ppl=3.28, wps=78.5, ups=0.25, wpb=320, bsz=64, num_updates=11880, lr=1.95423e-05, gnorm=10.336, clip=100, loss_scale=16, train_wall=41, gb_free=7.4, wall=69462
2023-04-02 20:05:49 - progress_bar.py[line:272] - INFO: epoch 007:    642 / 1878 loss=2.927, loss_v1=0, loss_v2=0, nll_loss=1.717, ntokens=320, nsentences=64, sample_size=320, sample_size_v1=0, sample_size_v2=0, ppl=3.29, wps=78.6, ups=0.25, wpb=320, bsz=64, num_updates=11890, lr=1.9514e-05, gnorm=11.682, clip=100, loss_scale=16, train_wall=41, gb_free=7.4, wall=69502
2023-04-02 20:06:29 - progress_bar.py[line:272] - INFO: epoch 007:    652 / 1878 loss=2.923, loss_v1=0, loss_v2=0, nll_loss=1.712, ntokens=320, nsentences=64, sample_size=320, sample_size_v1=0, sample_size_v2=0, ppl=3.28, wps=78.9, ups=0.25, wpb=320, bsz=64, num_updates=11900, lr=1.94857e-05, gnorm=12.589, clip=100, loss_scale=16, train_wall=40, gb_free=7.4, wall=69543
2023-04-02 20:07:10 - progress_bar.py[line:272] - INFO: epoch 007:    662 / 1878 loss=2.929, loss_v1=0, loss_v2=0, nll_loss=1.713, ntokens=320, nsentences=64, sample_size=320, sample_size_v1=0, sample_size_v2=0, ppl=3.28, wps=77.9, ups=0.24, wpb=320, bsz=64, num_updates=11910, lr=1.94573e-05, gnorm=11.075, clip=100, loss_scale=16, train_wall=41, gb_free=7.4, wall=69584
2023-04-02 20:07:51 - progress_bar.py[line:272] - INFO: epoch 007:    672 / 1878 loss=2.906, loss_v1=0, loss_v2=0, nll_loss=1.692, ntokens=320, nsentences=64, sample_size=320, sample_size_v1=0, sample_size_v2=0, ppl=3.23, wps=78.3, ups=0.24, wpb=320, bsz=64, num_updates=11920, lr=1.9429e-05, gnorm=11.59, clip=100, loss_scale=16, train_wall=41, gb_free=7.4, wall=69625
2023-04-02 20:08:32 - progress_bar.py[line:272] - INFO: epoch 007:    682 / 1878 loss=2.941, loss_v1=0, loss_v2=0, nll_loss=1.724, ntokens=320, nsentences=64, sample_size=320, sample_size_v1=0, sample_size_v2=0, ppl=3.3, wps=78.2, ups=0.24, wpb=320, bsz=64, num_updates=11930, lr=1.94007e-05, gnorm=10.584, clip=100, loss_scale=16, train_wall=41, gb_free=7.4, wall=69666
2023-04-02 20:09:13 - progress_bar.py[line:272] - INFO: epoch 007:    692 / 1878 loss=2.922, loss_v1=0, loss_v2=0, nll_loss=1.71, ntokens=320, nsentences=64, sample_size=320, sample_size_v1=0, sample_size_v2=0, ppl=3.27, wps=78.6, ups=0.25, wpb=320, bsz=64, num_updates=11940, lr=1.93724e-05, gnorm=10.355, clip=100, loss_scale=16, train_wall=40, gb_free=7.4, wall=69707
2023-04-02 20:09:54 - progress_bar.py[line:272] - INFO: epoch 007:    702 / 1878 loss=2.921, loss_v1=0, loss_v2=0, nll_loss=1.712, ntokens=320, nsentences=64, sample_size=320, sample_size_v1=0, sample_size_v2=0, ppl=3.28, wps=78.2, ups=0.24, wpb=320, bsz=64, num_updates=11950, lr=1.93441e-05, gnorm=10.618, clip=100, loss_scale=16, train_wall=41, gb_free=7.4, wall=69747
2023-04-02 20:10:34 - progress_bar.py[line:272] - INFO: epoch 007:    712 / 1878 loss=2.864, loss_v1=0, loss_v2=0, nll_loss=1.644, ntokens=320, nsentences=64, sample_size=320, sample_size_v1=0, sample_size_v2=0, ppl=3.13, wps=78.5, ups=0.25, wpb=320, bsz=64, num_updates=11960, lr=1.93157e-05, gnorm=10.738, clip=100, loss_scale=16, train_wall=41, gb_free=7.4, wall=69788
2023-04-02 20:11:15 - progress_bar.py[line:272] - INFO: epoch 007:    722 / 1878 loss=2.845, loss_v1=0, loss_v2=0, nll_loss=1.62, ntokens=320, nsentences=64, sample_size=320, sample_size_v1=0, sample_size_v2=0, ppl=3.07, wps=78.2, ups=0.24, wpb=320, bsz=64, num_updates=11970, lr=1.92874e-05, gnorm=11.532, clip=100, loss_scale=16, train_wall=41, gb_free=7.4, wall=69829
2023-04-02 20:11:56 - progress_bar.py[line:272] - INFO: epoch 007:    732 / 1878 loss=2.89, loss_v1=0, loss_v2=0, nll_loss=1.673, ntokens=320, nsentences=64, sample_size=320, sample_size_v1=0, sample_size_v2=0, ppl=3.19, wps=78.5, ups=0.25, wpb=320, bsz=64, num_updates=11980, lr=1.92591e-05, gnorm=10.014, clip=100, loss_scale=16, train_wall=40, gb_free=7.4, wall=69870
2023-04-02 20:12:37 - progress_bar.py[line:272] - INFO: epoch 007:    742 / 1878 loss=2.927, loss_v1=0, loss_v2=0, nll_loss=1.712, ntokens=320, nsentences=64, sample_size=320, sample_size_v1=0, sample_size_v2=0, ppl=3.28, wps=78.8, ups=0.25, wpb=320, bsz=64, num_updates=11990, lr=1.92308e-05, gnorm=10.431, clip=100, loss_scale=16, train_wall=40, gb_free=7.4, wall=69911
slice_id 1 seek offset 5379
2023-04-02 20:13:17 - progress_bar.py[line:272] - INFO: epoch 007:    752 / 1878 loss=2.842, loss_v1=0, loss_v2=0, nll_loss=1.616, ntokens=320, nsentences=64, sample_size=320, sample_size_v1=0, sample_size_v2=0, ppl=3.07, wps=78.8, ups=0.25, wpb=320, bsz=64, num_updates=12000, lr=1.92024e-05, gnorm=10.259, clip=100, loss_scale=16, train_wall=40, gb_free=7.4, wall=69951
2023-04-02 20:13:17 - train.py[line:445] - INFO: begin validation on "valid" subset
slice_id 0 seek offset 0
slice_id 0 seek offset 0
slice_id 1 seek offset 5379
2023-04-02 20:24:34 - progress_bar.py[line:282] - INFO: epoch 007 | valid on 'valid' subset | loss 5.16 | loss_v1 0 | loss_v2 0 | nll_loss 4.189 | ntokens 39.993 | nsentences 7.999 | sample_size 39.993 | sample_size_v1 0 | sample_size_v2 0 | ppl 18.23 | score 0.8184 | wps 79.6 | wpb 40 | bsz 8 | num_updates 12000 | best_score 0.8184
2023-04-02 20:24:34 - checkpoint_utils.py[line:64] - INFO: Preparing to save checkpoint for epoch 7 @ 12000 updates
2023-04-02 20:24:34 - trainer.py[line:431] - INFO: Saving checkpoint to ./refcocoplus_scratch_checkpoints/10_5e-5_512/checkpoint_7_12000.pt
2023-04-02 20:24:52 - trainer.py[line:441] - INFO: Finished saving checkpoint to ./refcocoplus_scratch_checkpoints/10_5e-5_512/checkpoint_7_12000.pt
2023-04-02 20:25:22 - checkpoint_utils.py[line:133] - INFO: Saved checkpoint ./refcocoplus_scratch_checkpoints/10_5e-5_512/checkpoint_7_12000.pt (epoch 7 @ 12000 updates, score 0.8184) (writing took 48.44290439039469 seconds)
2023-04-02 20:26:02 - progress_bar.py[line:272] - INFO: epoch 007:    762 / 1878 loss=2.823, loss_v1=0, loss_v2=0, nll_loss=1.597, ntokens=320, nsentences=64, sample_size=320, sample_size_v1=0, sample_size_v2=0, ppl=3.02, wps=4.2, ups=0.01, wpb=320, bsz=64, num_updates=12010, lr=1.91741e-05, gnorm=9.216, clip=100, loss_scale=16, train_wall=40, gb_free=7.5, wall=70716
2023-04-02 20:26:43 - progress_bar.py[line:272] - INFO: epoch 007:    772 / 1878 loss=2.854, loss_v1=0, loss_v2=0, nll_loss=1.629, ntokens=320, nsentences=64, sample_size=320, sample_size_v1=0, sample_size_v2=0, ppl=3.09, wps=78.2, ups=0.24, wpb=320, bsz=64, num_updates=12020, lr=1.91458e-05, gnorm=10.233, clip=100, loss_scale=16, train_wall=41, gb_free=7.4, wall=70757
2023-04-02 20:27:24 - progress_bar.py[line:272] - INFO: epoch 007:    782 / 1878 loss=2.853, loss_v1=0, loss_v2=0, nll_loss=1.628, ntokens=320, nsentences=64, sample_size=320, sample_size_v1=0, sample_size_v2=0, ppl=3.09, wps=78.1, ups=0.24, wpb=320, bsz=64, num_updates=12030, lr=1.91175e-05, gnorm=10.933, clip=100, loss_scale=32, train_wall=41, gb_free=7.4, wall=70798
2023-04-02 20:28:05 - progress_bar.py[line:272] - INFO: epoch 007:    792 / 1878 loss=2.862, loss_v1=0, loss_v2=0, nll_loss=1.641, ntokens=320, nsentences=64, sample_size=320, sample_size_v1=0, sample_size_v2=0, ppl=3.12, wps=78.5, ups=0.25, wpb=320, bsz=64, num_updates=12040, lr=1.90892e-05, gnorm=10.698, clip=100, loss_scale=32, train_wall=40, gb_free=7.4, wall=70839
2023-04-02 20:28:46 - progress_bar.py[line:272] - INFO: epoch 007:    802 / 1878 loss=2.859, loss_v1=0, loss_v2=0, nll_loss=1.632, ntokens=320, nsentences=64, sample_size=320, sample_size_v1=0, sample_size_v2=0, ppl=3.1, wps=78.4, ups=0.24, wpb=320, bsz=64, num_updates=12050, lr=1.90608e-05, gnorm=10.617, clip=100, loss_scale=32, train_wall=41, gb_free=7.4, wall=70880
2023-04-02 20:29:27 - progress_bar.py[line:272] - INFO: epoch 007:    812 / 1878 loss=2.838, loss_v1=0, loss_v2=0, nll_loss=1.61, ntokens=320, nsentences=64, sample_size=320, sample_size_v1=0, sample_size_v2=0, ppl=3.05, wps=78.3, ups=0.24, wpb=320, bsz=64, num_updates=12060, lr=1.90325e-05, gnorm=10.273, clip=100, loss_scale=32, train_wall=41, gb_free=7.4, wall=70921
2023-04-02 20:30:08 - progress_bar.py[line:272] - INFO: epoch 007:    822 / 1878 loss=2.818, loss_v1=0, loss_v2=0, nll_loss=1.587, ntokens=320, nsentences=64, sample_size=320, sample_size_v1=0, sample_size_v2=0, ppl=3, wps=78.4, ups=0.25, wpb=320, bsz=64, num_updates=12070, lr=1.90042e-05, gnorm=11.428, clip=100, loss_scale=32, train_wall=41, gb_free=7.4, wall=70961
2023-04-02 20:30:49 - progress_bar.py[line:272] - INFO: epoch 007:    832 / 1878 loss=2.862, loss_v1=0, loss_v2=0, nll_loss=1.637, ntokens=320, nsentences=64, sample_size=320, sample_size_v1=0, sample_size_v2=0, ppl=3.11, wps=77.3, ups=0.24, wpb=320, bsz=64, num_updates=12080, lr=1.89759e-05, gnorm=10.643, clip=100, loss_scale=32, train_wall=41, gb_free=7.4, wall=71003
2023-04-02 20:31:30 - progress_bar.py[line:272] - INFO: epoch 007:    842 / 1878 loss=2.848, loss_v1=0, loss_v2=0, nll_loss=1.622, ntokens=320, nsentences=64, sample_size=320, sample_size_v1=0, sample_size_v2=0, ppl=3.08, wps=78.2, ups=0.24, wpb=320, bsz=64, num_updates=12090, lr=1.89475e-05, gnorm=10.604, clip=100, loss_scale=32, train_wall=41, gb_free=7.4, wall=71044
2023-04-02 20:32:11 - progress_bar.py[line:272] - INFO: epoch 007:    852 / 1878 loss=2.864, loss_v1=0, loss_v2=0, nll_loss=1.637, ntokens=320, nsentences=64, sample_size=320, sample_size_v1=0, sample_size_v2=0, ppl=3.11, wps=77.8, ups=0.24, wpb=320, bsz=64, num_updates=12100, lr=1.89192e-05, gnorm=10.465, clip=100, loss_scale=32, train_wall=41, gb_free=7.4, wall=71085
2023-04-02 20:32:52 - progress_bar.py[line:272] - INFO: epoch 007:    862 / 1878 loss=2.888, loss_v1=0, loss_v2=0, nll_loss=1.667, ntokens=320, nsentences=64, sample_size=320, sample_size_v1=0, sample_size_v2=0, ppl=3.18, wps=78.3, ups=0.24, wpb=320, bsz=64, num_updates=12110, lr=1.88909e-05, gnorm=10.536, clip=100, loss_scale=32, train_wall=41, gb_free=7.4, wall=71126
2023-04-02 20:33:33 - progress_bar.py[line:272] - INFO: epoch 007:    872 / 1878 loss=2.859, loss_v1=0, loss_v2=0, nll_loss=1.635, ntokens=320, nsentences=64, sample_size=320, sample_size_v1=0, sample_size_v2=0, ppl=3.11, wps=78.7, ups=0.25, wpb=320, bsz=64, num_updates=12120, lr=1.88626e-05, gnorm=9.841, clip=100, loss_scale=32, train_wall=40, gb_free=7.4, wall=71166
2023-04-02 20:34:13 - progress_bar.py[line:272] - INFO: epoch 007:    882 / 1878 loss=2.847, loss_v1=0, loss_v2=0, nll_loss=1.62, ntokens=320, nsentences=64, sample_size=320, sample_size_v1=0, sample_size_v2=0, ppl=3.07, wps=78.6, ups=0.25, wpb=320, bsz=64, num_updates=12130, lr=1.88343e-05, gnorm=10.386, clip=100, loss_scale=32, train_wall=41, gb_free=7.4, wall=71207
2023-04-02 20:34:54 - progress_bar.py[line:272] - INFO: epoch 007:    892 / 1878 loss=2.826, loss_v1=0, loss_v2=0, nll_loss=1.597, ntokens=320, nsentences=64, sample_size=320, sample_size_v1=0, sample_size_v2=0, ppl=3.02, wps=78.6, ups=0.25, wpb=320, bsz=64, num_updates=12140, lr=1.88059e-05, gnorm=9.918, clip=100, loss_scale=32, train_wall=40, gb_free=7.4, wall=71248
2023-04-02 20:35:35 - progress_bar.py[line:272] - INFO: epoch 007:    902 / 1878 loss=2.817, loss_v1=0, loss_v2=0, nll_loss=1.584, ntokens=320, nsentences=64, sample_size=320, sample_size_v1=0, sample_size_v2=0, ppl=3, wps=78.8, ups=0.25, wpb=320, bsz=64, num_updates=12150, lr=1.87776e-05, gnorm=10.003, clip=100, loss_scale=32, train_wall=40, gb_free=7.4, wall=71288
2023-04-02 20:36:15 - progress_bar.py[line:272] - INFO: epoch 007:    912 / 1878 loss=2.831, loss_v1=0, loss_v2=0, nll_loss=1.599, ntokens=320, nsentences=64, sample_size=320, sample_size_v1=0, sample_size_v2=0, ppl=3.03, wps=78.5, ups=0.25, wpb=320, bsz=64, num_updates=12160, lr=1.87493e-05, gnorm=10.65, clip=100, loss_scale=32, train_wall=41, gb_free=7.4, wall=71329
2023-04-02 20:36:56 - progress_bar.py[line:272] - INFO: epoch 007:    922 / 1878 loss=2.851, loss_v1=0, loss_v2=0, nll_loss=1.625, ntokens=320, nsentences=64, sample_size=320, sample_size_v1=0, sample_size_v2=0, ppl=3.08, wps=78.2, ups=0.24, wpb=320, bsz=64, num_updates=12170, lr=1.8721e-05, gnorm=10.373, clip=100, loss_scale=32, train_wall=41, gb_free=7.4, wall=71370
2023-04-02 20:37:37 - progress_bar.py[line:272] - INFO: epoch 007:    932 / 1878 loss=2.857, loss_v1=0, loss_v2=0, nll_loss=1.63, ntokens=320, nsentences=64, sample_size=320, sample_size_v1=0, sample_size_v2=0, ppl=3.09, wps=77.9, ups=0.24, wpb=320, bsz=64, num_updates=12180, lr=1.86926e-05, gnorm=10.359, clip=100, loss_scale=32, train_wall=41, gb_free=7.4, wall=71411
2023-04-02 20:38:18 - progress_bar.py[line:272] - INFO: epoch 007:    942 / 1878 loss=2.856, loss_v1=0, loss_v2=0, nll_loss=1.635, ntokens=320, nsentences=64, sample_size=320, sample_size_v1=0, sample_size_v2=0, ppl=3.11, wps=78.2, ups=0.24, wpb=320, bsz=64, num_updates=12190, lr=1.86643e-05, gnorm=9.296, clip=100, loss_scale=32, train_wall=41, gb_free=7.4, wall=71452
2023-04-02 20:38:59 - progress_bar.py[line:272] - INFO: epoch 007:    952 / 1878 loss=2.811, loss_v1=0, loss_v2=0, nll_loss=1.577, ntokens=320, nsentences=64, sample_size=320, sample_size_v1=0, sample_size_v2=0, ppl=2.98, wps=78.2, ups=0.24, wpb=320, bsz=64, num_updates=12200, lr=1.8636e-05, gnorm=9.433, clip=100, loss_scale=32, train_wall=41, gb_free=7.4, wall=71493
2023-04-02 20:39:40 - progress_bar.py[line:272] - INFO: epoch 007:    962 / 1878 loss=2.795, loss_v1=0, loss_v2=0, nll_loss=1.562, ntokens=320, nsentences=64, sample_size=320, sample_size_v1=0, sample_size_v2=0, ppl=2.95, wps=78.2, ups=0.24, wpb=320, bsz=64, num_updates=12210, lr=1.86077e-05, gnorm=9.973, clip=100, loss_scale=32, train_wall=41, gb_free=7.4, wall=71534
2023-04-02 20:40:21 - progress_bar.py[line:272] - INFO: epoch 007:    972 / 1878 loss=2.849, loss_v1=0, loss_v2=0, nll_loss=1.623, ntokens=320, nsentences=64, sample_size=320, sample_size_v1=0, sample_size_v2=0, ppl=3.08, wps=78.2, ups=0.24, wpb=320, bsz=64, num_updates=12220, lr=1.85794e-05, gnorm=10.542, clip=100, loss_scale=32, train_wall=41, gb_free=7.4, wall=71575
2023-04-02 20:41:02 - progress_bar.py[line:272] - INFO: epoch 007:    982 / 1878 loss=2.818, loss_v1=0, loss_v2=0, nll_loss=1.587, ntokens=320, nsentences=64, sample_size=320, sample_size_v1=0, sample_size_v2=0, ppl=3, wps=78.3, ups=0.24, wpb=320, bsz=64, num_updates=12230, lr=1.8551e-05, gnorm=11.046, clip=100, loss_scale=32, train_wall=41, gb_free=7.4, wall=71616
2023-04-02 20:41:43 - progress_bar.py[line:272] - INFO: epoch 007:    992 / 1878 loss=2.849, loss_v1=0, loss_v2=0, nll_loss=1.621, ntokens=320, nsentences=64, sample_size=320, sample_size_v1=0, sample_size_v2=0, ppl=3.08, wps=78, ups=0.24, wpb=320, bsz=64, num_updates=12240, lr=1.85227e-05, gnorm=9.899, clip=100, loss_scale=32, train_wall=41, gb_free=7.4, wall=71657
2023-04-02 20:42:24 - progress_bar.py[line:272] - INFO: epoch 007:   1002 / 1878 loss=2.815, loss_v1=0, loss_v2=0, nll_loss=1.58, ntokens=320, nsentences=64, sample_size=320, sample_size_v1=0, sample_size_v2=0, ppl=2.99, wps=78, ups=0.24, wpb=320, bsz=64, num_updates=12250, lr=1.84944e-05, gnorm=9.666, clip=100, loss_scale=32, train_wall=41, gb_free=7.4, wall=71698
2023-04-02 20:43:05 - progress_bar.py[line:272] - INFO: epoch 007:   1012 / 1878 loss=2.808, loss_v1=0, loss_v2=0, nll_loss=1.58, ntokens=320, nsentences=64, sample_size=320, sample_size_v1=0, sample_size_v2=0, ppl=2.99, wps=78.2, ups=0.24, wpb=320, bsz=64, num_updates=12260, lr=1.84661e-05, gnorm=10.472, clip=100, loss_scale=32, train_wall=41, gb_free=7.4, wall=71739
2023-04-02 20:43:46 - progress_bar.py[line:272] - INFO: epoch 007:   1022 / 1878 loss=2.814, loss_v1=0, loss_v2=0, nll_loss=1.583, ntokens=320, nsentences=64, sample_size=320, sample_size_v1=0, sample_size_v2=0, ppl=3, wps=78.5, ups=0.25, wpb=320, bsz=64, num_updates=12270, lr=1.84377e-05, gnorm=10.641, clip=100, loss_scale=32, train_wall=41, gb_free=7.5, wall=71780
2023-04-02 20:44:26 - progress_bar.py[line:272] - INFO: epoch 007:   1032 / 1878 loss=2.83, loss_v1=0, loss_v2=0, nll_loss=1.597, ntokens=320, nsentences=64, sample_size=320, sample_size_v1=0, sample_size_v2=0, ppl=3.03, wps=78.5, ups=0.25, wpb=320, bsz=64, num_updates=12280, lr=1.84094e-05, gnorm=11.224, clip=100, loss_scale=32, train_wall=40, gb_free=7.4, wall=71820
2023-04-02 20:45:07 - progress_bar.py[line:272] - INFO: epoch 007:   1042 / 1878 loss=2.836, loss_v1=0, loss_v2=0, nll_loss=1.607, ntokens=320, nsentences=64, sample_size=320, sample_size_v1=0, sample_size_v2=0, ppl=3.05, wps=78.3, ups=0.24, wpb=320, bsz=64, num_updates=12290, lr=1.83811e-05, gnorm=10.512, clip=100, loss_scale=32, train_wall=41, gb_free=7.4, wall=71861
2023-04-02 20:45:48 - progress_bar.py[line:272] - INFO: epoch 007:   1052 / 1878 loss=2.895, loss_v1=0, loss_v2=0, nll_loss=1.674, ntokens=320, nsentences=64, sample_size=320, sample_size_v1=0, sample_size_v2=0, ppl=3.19, wps=78.7, ups=0.25, wpb=320, bsz=64, num_updates=12300, lr=1.83528e-05, gnorm=11, clip=100, loss_scale=32, train_wall=40, gb_free=7.4, wall=71902
2023-04-02 20:46:29 - progress_bar.py[line:272] - INFO: epoch 007:   1062 / 1878 loss=2.836, loss_v1=0, loss_v2=0, nll_loss=1.607, ntokens=320, nsentences=64, sample_size=320, sample_size_v1=0, sample_size_v2=0, ppl=3.05, wps=78, ups=0.24, wpb=320, bsz=64, num_updates=12310, lr=1.83245e-05, gnorm=9.778, clip=100, loss_scale=32, train_wall=41, gb_free=7.4, wall=71943
2023-04-02 20:47:10 - progress_bar.py[line:272] - INFO: epoch 007:   1072 / 1878 loss=2.82, loss_v1=0, loss_v2=0, nll_loss=1.589, ntokens=320, nsentences=64, sample_size=320, sample_size_v1=0, sample_size_v2=0, ppl=3.01, wps=78.5, ups=0.25, wpb=320, bsz=64, num_updates=12320, lr=1.82961e-05, gnorm=9.96, clip=100, loss_scale=32, train_wall=41, gb_free=7.4, wall=71984
2023-04-02 20:47:50 - progress_bar.py[line:272] - INFO: epoch 007:   1082 / 1878 loss=2.86, loss_v1=0, loss_v2=0, nll_loss=1.64, ntokens=320, nsentences=64, sample_size=320, sample_size_v1=0, sample_size_v2=0, ppl=3.12, wps=78.7, ups=0.25, wpb=320, bsz=64, num_updates=12330, lr=1.82678e-05, gnorm=10.622, clip=100, loss_scale=32, train_wall=40, gb_free=7.4, wall=72024
2023-04-02 20:48:31 - progress_bar.py[line:272] - INFO: epoch 007:   1092 / 1878 loss=2.817, loss_v1=0, loss_v2=0, nll_loss=1.585, ntokens=320, nsentences=64, sample_size=320, sample_size_v1=0, sample_size_v2=0, ppl=3, wps=78.5, ups=0.25, wpb=320, bsz=64, num_updates=12340, lr=1.82395e-05, gnorm=9.939, clip=100, loss_scale=32, train_wall=41, gb_free=7.4, wall=72065
2023-04-02 20:49:12 - progress_bar.py[line:272] - INFO: epoch 007:   1102 / 1878 loss=2.839, loss_v1=0, loss_v2=0, nll_loss=1.607, ntokens=320, nsentences=64, sample_size=320, sample_size_v1=0, sample_size_v2=0, ppl=3.05, wps=78.5, ups=0.25, wpb=320, bsz=64, num_updates=12350, lr=1.82112e-05, gnorm=9.612, clip=100, loss_scale=32, train_wall=41, gb_free=7.4, wall=72106
2023-04-02 20:49:53 - progress_bar.py[line:272] - INFO: epoch 007:   1112 / 1878 loss=2.813, loss_v1=0, loss_v2=0, nll_loss=1.581, ntokens=320, nsentences=64, sample_size=320, sample_size_v1=0, sample_size_v2=0, ppl=2.99, wps=78.5, ups=0.25, wpb=320, bsz=64, num_updates=12360, lr=1.81828e-05, gnorm=10.295, clip=100, loss_scale=32, train_wall=41, gb_free=7.4, wall=72147
2023-04-02 20:50:33 - progress_bar.py[line:272] - INFO: epoch 007:   1122 / 1878 loss=2.789, loss_v1=0, loss_v2=0, nll_loss=1.559, ntokens=320, nsentences=64, sample_size=320, sample_size_v1=0, sample_size_v2=0, ppl=2.95, wps=78.8, ups=0.25, wpb=320, bsz=64, num_updates=12370, lr=1.81545e-05, gnorm=9.994, clip=100, loss_scale=32, train_wall=40, gb_free=7.4, wall=72187
2023-04-02 20:51:14 - progress_bar.py[line:272] - INFO: epoch 007:   1132 / 1878 loss=2.819, loss_v1=0, loss_v2=0, nll_loss=1.585, ntokens=320, nsentences=64, sample_size=320, sample_size_v1=0, sample_size_v2=0, ppl=3, wps=78.5, ups=0.25, wpb=320, bsz=64, num_updates=12380, lr=1.81262e-05, gnorm=10.573, clip=100, loss_scale=32, train_wall=41, gb_free=7.4, wall=72228
2023-04-02 20:51:55 - progress_bar.py[line:272] - INFO: epoch 007:   1142 / 1878 loss=2.848, loss_v1=0, loss_v2=0, nll_loss=1.616, ntokens=320, nsentences=64, sample_size=320, sample_size_v1=0, sample_size_v2=0, ppl=3.06, wps=78.7, ups=0.25, wpb=320, bsz=64, num_updates=12390, lr=1.80979e-05, gnorm=10.41, clip=100, loss_scale=32, train_wall=40, gb_free=7.4, wall=72269
2023-04-02 20:52:36 - progress_bar.py[line:272] - INFO: epoch 007:   1152 / 1878 loss=2.91, loss_v1=0, loss_v2=0, nll_loss=1.688, ntokens=320, nsentences=64, sample_size=320, sample_size_v1=0, sample_size_v2=0, ppl=3.22, wps=78.3, ups=0.24, wpb=320, bsz=64, num_updates=12400, lr=1.80696e-05, gnorm=11.841, clip=100, loss_scale=32, train_wall=41, gb_free=7.4, wall=72310
2023-04-02 20:53:16 - progress_bar.py[line:272] - INFO: epoch 007:   1162 / 1878 loss=2.812, loss_v1=0, loss_v2=0, nll_loss=1.577, ntokens=320, nsentences=64, sample_size=320, sample_size_v1=0, sample_size_v2=0, ppl=2.98, wps=78.8, ups=0.25, wpb=320, bsz=64, num_updates=12410, lr=1.80412e-05, gnorm=10.332, clip=100, loss_scale=32, train_wall=40, gb_free=7.4, wall=72350
2023-04-02 20:53:57 - progress_bar.py[line:272] - INFO: epoch 007:   1172 / 1878 loss=2.876, loss_v1=0, loss_v2=0, nll_loss=1.654, ntokens=320, nsentences=64, sample_size=320, sample_size_v1=0, sample_size_v2=0, ppl=3.15, wps=78.8, ups=0.25, wpb=320, bsz=64, num_updates=12420, lr=1.80129e-05, gnorm=10.594, clip=100, loss_scale=32, train_wall=40, gb_free=7.4, wall=72391
2023-04-02 20:54:38 - progress_bar.py[line:272] - INFO: epoch 007:   1182 / 1878 loss=2.845, loss_v1=0, loss_v2=0, nll_loss=1.615, ntokens=320, nsentences=64, sample_size=320, sample_size_v1=0, sample_size_v2=0, ppl=3.06, wps=78.7, ups=0.25, wpb=320, bsz=64, num_updates=12430, lr=1.79846e-05, gnorm=11.215, clip=100, loss_scale=32, train_wall=40, gb_free=7.5, wall=72431
2023-04-02 20:55:18 - progress_bar.py[line:272] - INFO: epoch 007:   1192 / 1878 loss=2.849, loss_v1=0, loss_v2=0, nll_loss=1.621, ntokens=320, nsentences=64, sample_size=320, sample_size_v1=0, sample_size_v2=0, ppl=3.08, wps=78.7, ups=0.25, wpb=320, bsz=64, num_updates=12440, lr=1.79563e-05, gnorm=10.267, clip=100, loss_scale=32, train_wall=40, gb_free=7.4, wall=72472
2023-04-02 20:55:59 - progress_bar.py[line:272] - INFO: epoch 007:   1202 / 1878 loss=2.838, loss_v1=0, loss_v2=0, nll_loss=1.611, ntokens=320, nsentences=64, sample_size=320, sample_size_v1=0, sample_size_v2=0, ppl=3.05, wps=78.4, ups=0.24, wpb=320, bsz=64, num_updates=12450, lr=1.79279e-05, gnorm=13.106, clip=100, loss_scale=32, train_wall=41, gb_free=7.4, wall=72513
2023-04-02 20:56:40 - progress_bar.py[line:272] - INFO: epoch 007:   1212 / 1878 loss=2.814, loss_v1=0, loss_v2=0, nll_loss=1.578, ntokens=320, nsentences=64, sample_size=320, sample_size_v1=0, sample_size_v2=0, ppl=2.99, wps=78.2, ups=0.24, wpb=320, bsz=64, num_updates=12460, lr=1.78996e-05, gnorm=11.157, clip=100, loss_scale=32, train_wall=41, gb_free=7.4, wall=72554
2023-04-02 20:57:21 - progress_bar.py[line:272] - INFO: epoch 007:   1222 / 1878 loss=2.796, loss_v1=0, loss_v2=0, nll_loss=1.564, ntokens=320, nsentences=64, sample_size=320, sample_size_v1=0, sample_size_v2=0, ppl=2.96, wps=78.2, ups=0.24, wpb=320, bsz=64, num_updates=12470, lr=1.78713e-05, gnorm=11.272, clip=100, loss_scale=32, train_wall=41, gb_free=7.4, wall=72595
2023-04-02 20:58:02 - progress_bar.py[line:272] - INFO: epoch 007:   1232 / 1878 loss=2.892, loss_v1=0, loss_v2=0, nll_loss=1.667, ntokens=320, nsentences=64, sample_size=320, sample_size_v1=0, sample_size_v2=0, ppl=3.18, wps=78.3, ups=0.24, wpb=320, bsz=64, num_updates=12480, lr=1.7843e-05, gnorm=10.721, clip=100, loss_scale=32, train_wall=41, gb_free=7.4, wall=72636
2023-04-02 20:58:43 - progress_bar.py[line:272] - INFO: epoch 007:   1242 / 1878 loss=2.789, loss_v1=0, loss_v2=0, nll_loss=1.55, ntokens=320, nsentences=64, sample_size=320, sample_size_v1=0, sample_size_v2=0, ppl=2.93, wps=78.4, ups=0.24, wpb=320, bsz=64, num_updates=12490, lr=1.78147e-05, gnorm=9.733, clip=100, loss_scale=32, train_wall=41, gb_free=7.4, wall=72676
2023-04-02 20:59:23 - progress_bar.py[line:272] - INFO: epoch 007:   1252 / 1878 loss=2.793, loss_v1=0, loss_v2=0, nll_loss=1.557, ntokens=320, nsentences=64, sample_size=320, sample_size_v1=0, sample_size_v2=0, ppl=2.94, wps=78.7, ups=0.25, wpb=320, bsz=64, num_updates=12500, lr=1.77863e-05, gnorm=9.67, clip=100, loss_scale=32, train_wall=40, gb_free=7.4, wall=72717
2023-04-02 20:59:23 - train.py[line:445] - INFO: begin validation on "valid" subset
slice_id 0 seek offset 0
slice_id 1 seek offset 5379
slice_id 0 seek offset 0
slice_id 1 seek offset 5379
2023-04-02 21:10:40 - progress_bar.py[line:282] - INFO: epoch 007 | valid on 'valid' subset | loss 5.328 | loss_v1 0 | loss_v2 0 | nll_loss 4.371 | ntokens 39.993 | nsentences 7.999 | sample_size 39.993 | sample_size_v1 0 | sample_size_v2 0 | ppl 20.69 | score 0.8162 | wps 79.6 | wpb 40 | bsz 8 | num_updates 12500 | best_score 0.8184
2023-04-02 21:10:40 - checkpoint_utils.py[line:64] - INFO: Preparing to save checkpoint for epoch 7 @ 12500 updates
2023-04-02 21:10:40 - trainer.py[line:431] - INFO: Saving checkpoint to ./refcocoplus_scratch_checkpoints/10_5e-5_512/checkpoint_7_12500.pt
2023-04-02 21:10:58 - trainer.py[line:441] - INFO: Finished saving checkpoint to ./refcocoplus_scratch_checkpoints/10_5e-5_512/checkpoint_7_12500.pt
2023-04-02 21:11:06 - checkpoint_utils.py[line:133] - INFO: Saved checkpoint ./refcocoplus_scratch_checkpoints/10_5e-5_512/checkpoint_7_12500.pt (epoch 7 @ 12500 updates, score 0.8162) (writing took 26.539632515981793 seconds)
2023-04-02 21:11:46 - progress_bar.py[line:272] - INFO: epoch 007:   1262 / 1878 loss=2.827, loss_v1=0, loss_v2=0, nll_loss=1.598, ntokens=320, nsentences=64, sample_size=320, sample_size_v1=0, sample_size_v2=0, ppl=3.03, wps=4.3, ups=0.01, wpb=320, bsz=64, num_updates=12510, lr=1.7758e-05, gnorm=10.423, clip=100, loss_scale=32, train_wall=40, gb_free=7.4, wall=73460
2023-04-02 21:12:27 - progress_bar.py[line:272] - INFO: epoch 007:   1272 / 1878 loss=2.829, loss_v1=0, loss_v2=0, nll_loss=1.598, ntokens=320, nsentences=64, sample_size=320, sample_size_v1=0, sample_size_v2=0, ppl=3.03, wps=78.3, ups=0.24, wpb=320, bsz=64, num_updates=12520, lr=1.77297e-05, gnorm=10.296, clip=100, loss_scale=32, train_wall=41, gb_free=7.4, wall=73501
2023-04-02 21:13:08 - progress_bar.py[line:272] - INFO: epoch 007:   1282 / 1878 loss=2.769, loss_v1=0, loss_v2=0, nll_loss=1.528, ntokens=320, nsentences=64, sample_size=320, sample_size_v1=0, sample_size_v2=0, ppl=2.88, wps=78.7, ups=0.25, wpb=320, bsz=64, num_updates=12530, lr=1.77014e-05, gnorm=9.698, clip=100, loss_scale=32, train_wall=40, gb_free=7.4, wall=73542
2023-04-02 21:13:49 - progress_bar.py[line:272] - INFO: epoch 007:   1292 / 1878 loss=2.803, loss_v1=0, loss_v2=0, nll_loss=1.568, ntokens=320, nsentences=64, sample_size=320, sample_size_v1=0, sample_size_v2=0, ppl=2.96, wps=78.7, ups=0.25, wpb=320, bsz=64, num_updates=12540, lr=1.7673e-05, gnorm=10.332, clip=100, loss_scale=64, train_wall=40, gb_free=7.4, wall=73582
2023-04-02 21:14:29 - progress_bar.py[line:272] - INFO: epoch 007:   1302 / 1878 loss=2.806, loss_v1=0, loss_v2=0, nll_loss=1.568, ntokens=320, nsentences=64, sample_size=320, sample_size_v1=0, sample_size_v2=0, ppl=2.97, wps=78.7, ups=0.25, wpb=320, bsz=64, num_updates=12550, lr=1.76447e-05, gnorm=10.792, clip=100, loss_scale=64, train_wall=40, gb_free=7.4, wall=73623
2023-04-02 21:15:10 - progress_bar.py[line:272] - INFO: epoch 007:   1312 / 1878 loss=2.904, loss_v1=0, loss_v2=0, nll_loss=1.681, ntokens=320, nsentences=64, sample_size=320, sample_size_v1=0, sample_size_v2=0, ppl=3.21, wps=78.4, ups=0.25, wpb=320, bsz=64, num_updates=12560, lr=1.76164e-05, gnorm=11.01, clip=100, loss_scale=64, train_wall=41, gb_free=7.4, wall=73664
2023-04-02 21:15:51 - progress_bar.py[line:272] - INFO: epoch 007:   1322 / 1878 loss=2.839, loss_v1=0, loss_v2=0, nll_loss=1.609, ntokens=320, nsentences=64, sample_size=320, sample_size_v1=0, sample_size_v2=0, ppl=3.05, wps=78.5, ups=0.25, wpb=320, bsz=64, num_updates=12570, lr=1.75881e-05, gnorm=9.895, clip=100, loss_scale=64, train_wall=41, gb_free=7.4, wall=73705
2023-04-02 21:16:32 - progress_bar.py[line:272] - INFO: epoch 007:   1332 / 1878 loss=2.817, loss_v1=0, loss_v2=0, nll_loss=1.585, ntokens=320, nsentences=64, sample_size=320, sample_size_v1=0, sample_size_v2=0, ppl=3, wps=78.5, ups=0.25, wpb=320, bsz=64, num_updates=12580, lr=1.75598e-05, gnorm=9.785, clip=100, loss_scale=64, train_wall=41, gb_free=7.4, wall=73745
2023-04-02 21:17:12 - progress_bar.py[line:272] - INFO: epoch 007:   1342 / 1878 loss=2.829, loss_v1=0, loss_v2=0, nll_loss=1.598, ntokens=320, nsentences=64, sample_size=320, sample_size_v1=0, sample_size_v2=0, ppl=3.03, wps=78.8, ups=0.25, wpb=320, bsz=64, num_updates=12590, lr=1.75314e-05, gnorm=10.609, clip=100, loss_scale=64, train_wall=40, gb_free=7.4, wall=73786
2023-04-02 21:17:53 - progress_bar.py[line:272] - INFO: epoch 007:   1352 / 1878 loss=2.862, loss_v1=0, loss_v2=0, nll_loss=1.636, ntokens=320, nsentences=64, sample_size=320, sample_size_v1=0, sample_size_v2=0, ppl=3.11, wps=78.6, ups=0.25, wpb=320, bsz=64, num_updates=12600, lr=1.75031e-05, gnorm=11.964, clip=100, loss_scale=64, train_wall=40, gb_free=7.4, wall=73827
2023-04-02 21:18:34 - progress_bar.py[line:272] - INFO: epoch 007:   1362 / 1878 loss=2.853, loss_v1=0, loss_v2=0, nll_loss=1.628, ntokens=320, nsentences=64, sample_size=320, sample_size_v1=0, sample_size_v2=0, ppl=3.09, wps=78.6, ups=0.25, wpb=320, bsz=64, num_updates=12610, lr=1.74748e-05, gnorm=10.168, clip=100, loss_scale=64, train_wall=40, gb_free=7.4, wall=73868
2023-04-02 21:19:14 - progress_bar.py[line:272] - INFO: epoch 007:   1372 / 1878 loss=2.864, loss_v1=0, loss_v2=0, nll_loss=1.638, ntokens=320, nsentences=64, sample_size=320, sample_size_v1=0, sample_size_v2=0, ppl=3.11, wps=78.8, ups=0.25, wpb=320, bsz=64, num_updates=12620, lr=1.74465e-05, gnorm=10.056, clip=100, loss_scale=64, train_wall=40, gb_free=7.4, wall=73908
2023-04-02 21:19:55 - progress_bar.py[line:272] - INFO: epoch 007:   1382 / 1878 loss=2.91, loss_v1=0, loss_v2=0, nll_loss=1.69, ntokens=320, nsentences=64, sample_size=320, sample_size_v1=0, sample_size_v2=0, ppl=3.23, wps=78.8, ups=0.25, wpb=320, bsz=64, num_updates=12630, lr=1.74181e-05, gnorm=10.701, clip=100, loss_scale=64, train_wall=40, gb_free=7.4, wall=73949
2023-04-02 21:20:36 - progress_bar.py[line:272] - INFO: epoch 007:   1392 / 1878 loss=2.843, loss_v1=0, loss_v2=0, nll_loss=1.614, ntokens=320, nsentences=64, sample_size=320, sample_size_v1=0, sample_size_v2=0, ppl=3.06, wps=78.3, ups=0.24, wpb=320, bsz=64, num_updates=12640, lr=1.73898e-05, gnorm=10.497, clip=100, loss_scale=64, train_wall=41, gb_free=7.4, wall=73990
2023-04-02 21:21:16 - progress_bar.py[line:272] - INFO: epoch 007:   1402 / 1878 loss=2.81, loss_v1=0, loss_v2=0, nll_loss=1.577, ntokens=320, nsentences=64, sample_size=320, sample_size_v1=0, sample_size_v2=0, ppl=2.98, wps=78.5, ups=0.25, wpb=320, bsz=64, num_updates=12650, lr=1.73615e-05, gnorm=10.012, clip=100, loss_scale=64, train_wall=41, gb_free=7.4, wall=74030
2023-04-02 21:21:25 - trainer.py[line:921] - INFO: NOTE: gradient overflow detected, ignoring gradient, setting loss scale to: 32.0
2023-04-02 21:22:01 - progress_bar.py[line:272] - INFO: epoch 007:   1413 / 1878 loss=2.831, loss_v1=0, loss_v2=0, nll_loss=1.601, ntokens=320, nsentences=64, sample_size=320, sample_size_v1=0, sample_size_v2=0, ppl=3.03, wps=71.4, ups=0.22, wpb=320, bsz=64, num_updates=12660, lr=1.73332e-05, gnorm=10.567, clip=100, loss_scale=32, train_wall=45, gb_free=7.4, wall=74075
2023-04-02 21:22:42 - progress_bar.py[line:272] - INFO: epoch 007:   1423 / 1878 loss=2.898, loss_v1=0, loss_v2=0, nll_loss=1.677, ntokens=320, nsentences=64, sample_size=320, sample_size_v1=0, sample_size_v2=0, ppl=3.2, wps=78.3, ups=0.24, wpb=320, bsz=64, num_updates=12670, lr=1.73049e-05, gnorm=11.544, clip=100, loss_scale=32, train_wall=41, gb_free=7.4, wall=74116
2023-04-02 21:23:23 - progress_bar.py[line:272] - INFO: epoch 007:   1433 / 1878 loss=2.826, loss_v1=0, loss_v2=0, nll_loss=1.598, ntokens=320, nsentences=64, sample_size=320, sample_size_v1=0, sample_size_v2=0, ppl=3.03, wps=78.4, ups=0.24, wpb=320, bsz=64, num_updates=12680, lr=1.72765e-05, gnorm=9.497, clip=100, loss_scale=32, train_wall=41, gb_free=7.4, wall=74157
2023-04-02 21:24:04 - progress_bar.py[line:272] - INFO: epoch 007:   1443 / 1878 loss=2.833, loss_v1=0, loss_v2=0, nll_loss=1.601, ntokens=320, nsentences=64, sample_size=320, sample_size_v1=0, sample_size_v2=0, ppl=3.03, wps=78.5, ups=0.25, wpb=320, bsz=64, num_updates=12690, lr=1.72482e-05, gnorm=10.435, clip=100, loss_scale=32, train_wall=41, gb_free=7.4, wall=74198
2023-04-02 21:24:45 - progress_bar.py[line:272] - INFO: epoch 007:   1453 / 1878 loss=2.868, loss_v1=0, loss_v2=0, nll_loss=1.64, ntokens=320, nsentences=64, sample_size=320, sample_size_v1=0, sample_size_v2=0, ppl=3.12, wps=78.4, ups=0.24, wpb=320, bsz=64, num_updates=12700, lr=1.72199e-05, gnorm=11.528, clip=100, loss_scale=32, train_wall=41, gb_free=7.4, wall=74239
2023-04-02 21:25:25 - progress_bar.py[line:272] - INFO: epoch 007:   1463 / 1878 loss=2.902, loss_v1=0, loss_v2=0, nll_loss=1.68, ntokens=320, nsentences=64, sample_size=320, sample_size_v1=0, sample_size_v2=0, ppl=3.2, wps=78.9, ups=0.25, wpb=320, bsz=64, num_updates=12710, lr=1.71916e-05, gnorm=12.82, clip=100, loss_scale=32, train_wall=40, gb_free=7.4, wall=74279
2023-04-02 21:26:06 - progress_bar.py[line:272] - INFO: epoch 007:   1473 / 1878 loss=2.825, loss_v1=0, loss_v2=0, nll_loss=1.597, ntokens=320, nsentences=64, sample_size=320, sample_size_v1=0, sample_size_v2=0, ppl=3.03, wps=78.4, ups=0.24, wpb=320, bsz=64, num_updates=12720, lr=1.71632e-05, gnorm=10.758, clip=100, loss_scale=32, train_wall=41, gb_free=7.4, wall=74320
2023-04-02 21:26:47 - progress_bar.py[line:272] - INFO: epoch 007:   1483 / 1878 loss=2.836, loss_v1=0, loss_v2=0, nll_loss=1.612, ntokens=320, nsentences=64, sample_size=320, sample_size_v1=0, sample_size_v2=0, ppl=3.06, wps=78.6, ups=0.25, wpb=320, bsz=64, num_updates=12730, lr=1.71349e-05, gnorm=9.859, clip=100, loss_scale=32, train_wall=40, gb_free=7.4, wall=74361
2023-04-02 21:27:28 - progress_bar.py[line:272] - INFO: epoch 007:   1493 / 1878 loss=2.84, loss_v1=0, loss_v2=0, nll_loss=1.613, ntokens=320, nsentences=64, sample_size=320, sample_size_v1=0, sample_size_v2=0, ppl=3.06, wps=78, ups=0.24, wpb=320, bsz=64, num_updates=12740, lr=1.71066e-05, gnorm=10.748, clip=100, loss_scale=32, train_wall=41, gb_free=7.4, wall=74402
2023-04-02 21:28:08 - progress_bar.py[line:272] - INFO: epoch 007:   1503 / 1878 loss=2.805, loss_v1=0, loss_v2=0, nll_loss=1.57, ntokens=320, nsentences=64, sample_size=320, sample_size_v1=0, sample_size_v2=0, ppl=2.97, wps=78.6, ups=0.25, wpb=320, bsz=64, num_updates=12750, lr=1.70783e-05, gnorm=10.178, clip=100, loss_scale=32, train_wall=40, gb_free=7.4, wall=74442
2023-04-02 21:28:49 - progress_bar.py[line:272] - INFO: epoch 007:   1513 / 1878 loss=2.826, loss_v1=0, loss_v2=0, nll_loss=1.595, ntokens=320, nsentences=64, sample_size=320, sample_size_v1=0, sample_size_v2=0, ppl=3.02, wps=78.4, ups=0.24, wpb=320, bsz=64, num_updates=12760, lr=1.705e-05, gnorm=10.509, clip=100, loss_scale=32, train_wall=41, gb_free=7.4, wall=74483
2023-04-02 21:29:30 - progress_bar.py[line:272] - INFO: epoch 007:   1523 / 1878 loss=2.795, loss_v1=0, loss_v2=0, nll_loss=1.564, ntokens=320, nsentences=64, sample_size=320, sample_size_v1=0, sample_size_v2=0, ppl=2.96, wps=77.8, ups=0.24, wpb=320, bsz=64, num_updates=12770, lr=1.70216e-05, gnorm=9.816, clip=100, loss_scale=32, train_wall=41, gb_free=7.4, wall=74524
2023-04-02 21:30:11 - progress_bar.py[line:272] - INFO: epoch 007:   1533 / 1878 loss=2.781, loss_v1=0, loss_v2=0, nll_loss=1.547, ntokens=320, nsentences=64, sample_size=320, sample_size_v1=0, sample_size_v2=0, ppl=2.92, wps=78.3, ups=0.24, wpb=320, bsz=64, num_updates=12780, lr=1.69933e-05, gnorm=10.899, clip=100, loss_scale=32, train_wall=41, gb_free=7.4, wall=74565
2023-04-02 21:30:52 - progress_bar.py[line:272] - INFO: epoch 007:   1543 / 1878 loss=2.82, loss_v1=0, loss_v2=0, nll_loss=1.585, ntokens=320, nsentences=64, sample_size=320, sample_size_v1=0, sample_size_v2=0, ppl=3, wps=78.6, ups=0.25, wpb=320, bsz=64, num_updates=12790, lr=1.6965e-05, gnorm=11.209, clip=100, loss_scale=32, train_wall=40, gb_free=7.4, wall=74606
2023-04-02 21:31:33 - progress_bar.py[line:272] - INFO: epoch 007:   1553 / 1878 loss=2.811, loss_v1=0, loss_v2=0, nll_loss=1.577, ntokens=320, nsentences=64, sample_size=320, sample_size_v1=0, sample_size_v2=0, ppl=2.98, wps=78.7, ups=0.25, wpb=320, bsz=64, num_updates=12800, lr=1.69367e-05, gnorm=10.734, clip=100, loss_scale=32, train_wall=40, gb_free=7.4, wall=74647
2023-04-02 21:32:13 - progress_bar.py[line:272] - INFO: epoch 007:   1563 / 1878 loss=2.814, loss_v1=0, loss_v2=0, nll_loss=1.578, ntokens=320, nsentences=64, sample_size=320, sample_size_v1=0, sample_size_v2=0, ppl=2.99, wps=78.4, ups=0.25, wpb=320, bsz=64, num_updates=12810, lr=1.69083e-05, gnorm=10.099, clip=100, loss_scale=32, train_wall=41, gb_free=7.4, wall=74687
2023-04-02 21:32:54 - progress_bar.py[line:272] - INFO: epoch 007:   1573 / 1878 loss=2.797, loss_v1=0, loss_v2=0, nll_loss=1.562, ntokens=320, nsentences=64, sample_size=320, sample_size_v1=0, sample_size_v2=0, ppl=2.95, wps=78.5, ups=0.25, wpb=320, bsz=64, num_updates=12820, lr=1.688e-05, gnorm=10.899, clip=100, loss_scale=32, train_wall=40, gb_free=7.4, wall=74728
2023-04-02 21:33:35 - progress_bar.py[line:272] - INFO: epoch 007:   1583 / 1878 loss=2.821, loss_v1=0, loss_v2=0, nll_loss=1.588, ntokens=320, nsentences=64, sample_size=320, sample_size_v1=0, sample_size_v2=0, ppl=3.01, wps=78.6, ups=0.25, wpb=320, bsz=64, num_updates=12830, lr=1.68517e-05, gnorm=9.086, clip=100, loss_scale=32, train_wall=41, gb_free=7.4, wall=74769
2023-04-02 21:34:16 - progress_bar.py[line:272] - INFO: epoch 007:   1593 / 1878 loss=2.853, loss_v1=0, loss_v2=0, nll_loss=1.623, ntokens=320, nsentences=64, sample_size=320, sample_size_v1=0, sample_size_v2=0, ppl=3.08, wps=78.4, ups=0.24, wpb=320, bsz=64, num_updates=12840, lr=1.68234e-05, gnorm=10.003, clip=100, loss_scale=32, train_wall=40, gb_free=7.4, wall=74810
2023-04-02 21:34:57 - progress_bar.py[line:272] - INFO: epoch 007:   1603 / 1878 loss=2.81, loss_v1=0, loss_v2=0, nll_loss=1.576, ntokens=320, nsentences=64, sample_size=320, sample_size_v1=0, sample_size_v2=0, ppl=2.98, wps=78.4, ups=0.25, wpb=320, bsz=64, num_updates=12850, lr=1.67951e-05, gnorm=10.433, clip=100, loss_scale=32, train_wall=40, gb_free=7.4, wall=74850
2023-04-02 21:35:37 - progress_bar.py[line:272] - INFO: epoch 007:   1613 / 1878 loss=2.847, loss_v1=0, loss_v2=0, nll_loss=1.621, ntokens=320, nsentences=64, sample_size=320, sample_size_v1=0, sample_size_v2=0, ppl=3.08, wps=78.4, ups=0.25, wpb=320, bsz=64, num_updates=12860, lr=1.67667e-05, gnorm=11.829, clip=100, loss_scale=32, train_wall=41, gb_free=7.4, wall=74891
2023-04-02 21:36:18 - progress_bar.py[line:272] - INFO: epoch 007:   1623 / 1878 loss=2.87, loss_v1=0, loss_v2=0, nll_loss=1.643, ntokens=320, nsentences=64, sample_size=320, sample_size_v1=0, sample_size_v2=0, ppl=3.12, wps=78.1, ups=0.24, wpb=320, bsz=64, num_updates=12870, lr=1.67384e-05, gnorm=11.569, clip=100, loss_scale=32, train_wall=41, gb_free=7.4, wall=74932
2023-04-02 21:36:59 - progress_bar.py[line:272] - INFO: epoch 007:   1633 / 1878 loss=2.873, loss_v1=0, loss_v2=0, nll_loss=1.647, ntokens=320, nsentences=64, sample_size=320, sample_size_v1=0, sample_size_v2=0, ppl=3.13, wps=78.3, ups=0.24, wpb=320, bsz=64, num_updates=12880, lr=1.67101e-05, gnorm=10.29, clip=100, loss_scale=32, train_wall=41, gb_free=7.4, wall=74973
2023-04-02 21:37:40 - progress_bar.py[line:272] - INFO: epoch 007:   1643 / 1878 loss=2.85, loss_v1=0, loss_v2=0, nll_loss=1.621, ntokens=320, nsentences=64, sample_size=320, sample_size_v1=0, sample_size_v2=0, ppl=3.08, wps=78.6, ups=0.25, wpb=320, bsz=64, num_updates=12890, lr=1.66818e-05, gnorm=10.342, clip=100, loss_scale=32, train_wall=40, gb_free=7.4, wall=75014
2023-04-02 21:38:21 - progress_bar.py[line:272] - INFO: epoch 007:   1653 / 1878 loss=2.79, loss_v1=0, loss_v2=0, nll_loss=1.554, ntokens=320, nsentences=64, sample_size=320, sample_size_v1=0, sample_size_v2=0, ppl=2.94, wps=78.2, ups=0.24, wpb=320, bsz=64, num_updates=12900, lr=1.66534e-05, gnorm=9.441, clip=100, loss_scale=32, train_wall=41, gb_free=7.4, wall=75055
2023-04-02 21:39:01 - progress_bar.py[line:272] - INFO: epoch 007:   1663 / 1878 loss=2.821, loss_v1=0, loss_v2=0, nll_loss=1.587, ntokens=320, nsentences=64, sample_size=320, sample_size_v1=0, sample_size_v2=0, ppl=3, wps=78.8, ups=0.25, wpb=320, bsz=64, num_updates=12910, lr=1.66251e-05, gnorm=11.073, clip=100, loss_scale=32, train_wall=40, gb_free=7.4, wall=75095
2023-04-02 21:39:42 - progress_bar.py[line:272] - INFO: epoch 007:   1673 / 1878 loss=2.814, loss_v1=0, loss_v2=0, nll_loss=1.577, ntokens=320, nsentences=64, sample_size=320, sample_size_v1=0, sample_size_v2=0, ppl=2.98, wps=78.7, ups=0.25, wpb=320, bsz=64, num_updates=12920, lr=1.65968e-05, gnorm=10.077, clip=100, loss_scale=32, train_wall=40, gb_free=7.4, wall=75136
2023-04-02 21:40:23 - progress_bar.py[line:272] - INFO: epoch 007:   1683 / 1878 loss=2.788, loss_v1=0, loss_v2=0, nll_loss=1.552, ntokens=320, nsentences=64, sample_size=320, sample_size_v1=0, sample_size_v2=0, ppl=2.93, wps=78.1, ups=0.24, wpb=320, bsz=64, num_updates=12930, lr=1.65685e-05, gnorm=9.63, clip=100, loss_scale=32, train_wall=41, gb_free=7.4, wall=75177
2023-04-02 21:41:04 - progress_bar.py[line:272] - INFO: epoch 007:   1693 / 1878 loss=2.853, loss_v1=0, loss_v2=0, nll_loss=1.624, ntokens=320, nsentences=64, sample_size=320, sample_size_v1=0, sample_size_v2=0, ppl=3.08, wps=77.9, ups=0.24, wpb=320, bsz=64, num_updates=12940, lr=1.65402e-05, gnorm=11.87, clip=100, loss_scale=32, train_wall=41, gb_free=7.4, wall=75218
2023-04-02 21:41:45 - progress_bar.py[line:272] - INFO: epoch 007:   1703 / 1878 loss=2.831, loss_v1=0, loss_v2=0, nll_loss=1.599, ntokens=320, nsentences=64, sample_size=320, sample_size_v1=0, sample_size_v2=0, ppl=3.03, wps=78.3, ups=0.24, wpb=320, bsz=64, num_updates=12950, lr=1.65118e-05, gnorm=10.583, clip=100, loss_scale=32, train_wall=41, gb_free=7.4, wall=75259
2023-04-02 21:42:26 - progress_bar.py[line:272] - INFO: epoch 007:   1713 / 1878 loss=2.807, loss_v1=0, loss_v2=0, nll_loss=1.573, ntokens=320, nsentences=64, sample_size=320, sample_size_v1=0, sample_size_v2=0, ppl=2.97, wps=78.5, ups=0.25, wpb=320, bsz=64, num_updates=12960, lr=1.64835e-05, gnorm=10.502, clip=100, loss_scale=32, train_wall=40, gb_free=7.4, wall=75300
2023-04-02 21:43:07 - progress_bar.py[line:272] - INFO: epoch 007:   1723 / 1878 loss=2.84, loss_v1=0, loss_v2=0, nll_loss=1.613, ntokens=320, nsentences=64, sample_size=320, sample_size_v1=0, sample_size_v2=0, ppl=3.06, wps=78.5, ups=0.25, wpb=320, bsz=64, num_updates=12970, lr=1.64552e-05, gnorm=10.673, clip=100, loss_scale=32, train_wall=40, gb_free=7.4, wall=75340
2023-04-02 21:43:48 - progress_bar.py[line:272] - INFO: epoch 007:   1733 / 1878 loss=2.77, loss_v1=0, loss_v2=0, nll_loss=1.533, ntokens=320, nsentences=64, sample_size=320, sample_size_v1=0, sample_size_v2=0, ppl=2.89, wps=77.9, ups=0.24, wpb=320, bsz=64, num_updates=12980, lr=1.64269e-05, gnorm=10.636, clip=100, loss_scale=32, train_wall=41, gb_free=7.4, wall=75382
2023-04-02 21:44:29 - progress_bar.py[line:272] - INFO: epoch 007:   1743 / 1878 loss=2.835, loss_v1=0, loss_v2=0, nll_loss=1.603, ntokens=320, nsentences=64, sample_size=320, sample_size_v1=0, sample_size_v2=0, ppl=3.04, wps=78.1, ups=0.24, wpb=320, bsz=64, num_updates=12990, lr=1.63985e-05, gnorm=11.922, clip=100, loss_scale=32, train_wall=41, gb_free=7.4, wall=75423
2023-04-02 21:45:10 - progress_bar.py[line:272] - INFO: epoch 007:   1753 / 1878 loss=2.798, loss_v1=0, loss_v2=0, nll_loss=1.566, ntokens=320, nsentences=64, sample_size=320, sample_size_v1=0, sample_size_v2=0, ppl=2.96, wps=78.1, ups=0.24, wpb=320, bsz=64, num_updates=13000, lr=1.63702e-05, gnorm=10.194, clip=100, loss_scale=32, train_wall=41, gb_free=7.4, wall=75463
2023-04-02 21:45:10 - train.py[line:445] - INFO: begin validation on "valid" subset
slice_id 0 seek offset 0
slice_id 1 seek offset 5379
slice_id 0 seek offset 0
slice_id 1 seek offset 5379
2023-04-02 21:56:26 - progress_bar.py[line:282] - INFO: epoch 007 | valid on 'valid' subset | loss 5.353 | loss_v1 0 | loss_v2 0 | nll_loss 4.399 | ntokens 39.993 | nsentences 7.999 | sample_size 39.993 | sample_size_v1 0 | sample_size_v2 0 | ppl 21.1 | score 0.8178 | wps 79.6 | wpb 40 | bsz 8 | num_updates 13000 | best_score 0.8184
2023-04-02 21:56:26 - checkpoint_utils.py[line:64] - INFO: Preparing to save checkpoint for epoch 7 @ 13000 updates
2023-04-02 21:56:26 - trainer.py[line:431] - INFO: Saving checkpoint to ./refcocoplus_scratch_checkpoints/10_5e-5_512/checkpoint_7_13000.pt
2023-04-02 21:56:43 - trainer.py[line:441] - INFO: Finished saving checkpoint to ./refcocoplus_scratch_checkpoints/10_5e-5_512/checkpoint_7_13000.pt
2023-04-02 21:56:54 - checkpoint_utils.py[line:133] - INFO: Saved checkpoint ./refcocoplus_scratch_checkpoints/10_5e-5_512/checkpoint_7_13000.pt (epoch 7 @ 13000 updates, score 0.8178) (writing took 27.816546483896673 seconds)
2023-04-02 21:57:34 - progress_bar.py[line:272] - INFO: epoch 007:   1763 / 1878 loss=2.815, loss_v1=0, loss_v2=0, nll_loss=1.589, ntokens=319.5, nsentences=63.9, sample_size=319.5, sample_size_v1=0, sample_size_v2=0, ppl=3.01, wps=4.3, ups=0.01, wpb=319.5, bsz=63.9, num_updates=13010, lr=1.63419e-05, gnorm=10.807, clip=100, loss_scale=32, train_wall=40, gb_free=7.4, wall=76208
2023-04-02 21:58:15 - progress_bar.py[line:272] - INFO: epoch 007:   1773 / 1878 loss=2.795, loss_v1=0, loss_v2=0, nll_loss=1.558, ntokens=320, nsentences=64, sample_size=320, sample_size_v1=0, sample_size_v2=0, ppl=2.94, wps=78.3, ups=0.24, wpb=320, bsz=64, num_updates=13020, lr=1.63136e-05, gnorm=9.605, clip=100, loss_scale=32, train_wall=41, gb_free=7.4, wall=76249
2023-04-02 21:58:56 - progress_bar.py[line:272] - INFO: epoch 007:   1783 / 1878 loss=2.793, loss_v1=0, loss_v2=0, nll_loss=1.554, ntokens=320, nsentences=64, sample_size=320, sample_size_v1=0, sample_size_v2=0, ppl=2.94, wps=78.4, ups=0.25, wpb=320, bsz=64, num_updates=13030, lr=1.62853e-05, gnorm=10.581, clip=100, loss_scale=32, train_wall=41, gb_free=7.4, wall=76290
2023-04-02 21:59:37 - progress_bar.py[line:272] - INFO: epoch 007:   1793 / 1878 loss=2.766, loss_v1=0, loss_v2=0, nll_loss=1.529, ntokens=320, nsentences=64, sample_size=320, sample_size_v1=0, sample_size_v2=0, ppl=2.89, wps=78.4, ups=0.24, wpb=320, bsz=64, num_updates=13040, lr=1.62569e-05, gnorm=10.376, clip=100, loss_scale=32, train_wall=41, gb_free=7.4, wall=76331
2023-04-02 22:00:18 - progress_bar.py[line:272] - INFO: epoch 007:   1803 / 1878 loss=2.82, loss_v1=0, loss_v2=0, nll_loss=1.584, ntokens=320, nsentences=64, sample_size=320, sample_size_v1=0, sample_size_v2=0, ppl=3, wps=78.2, ups=0.24, wpb=320, bsz=64, num_updates=13050, lr=1.62286e-05, gnorm=12.803, clip=100, loss_scale=32, train_wall=41, gb_free=7.4, wall=76371
2023-04-02 22:00:58 - progress_bar.py[line:272] - INFO: epoch 007:   1813 / 1878 loss=2.758, loss_v1=0, loss_v2=0, nll_loss=1.513, ntokens=320, nsentences=64, sample_size=320, sample_size_v1=0, sample_size_v2=0, ppl=2.85, wps=78.5, ups=0.25, wpb=320, bsz=64, num_updates=13060, lr=1.62003e-05, gnorm=10.817, clip=100, loss_scale=32, train_wall=41, gb_free=7.4, wall=76412
2023-04-02 22:01:39 - progress_bar.py[line:272] - INFO: epoch 007:   1823 / 1878 loss=2.755, loss_v1=0, loss_v2=0, nll_loss=1.512, ntokens=320, nsentences=64, sample_size=320, sample_size_v1=0, sample_size_v2=0, ppl=2.85, wps=78.6, ups=0.25, wpb=320, bsz=64, num_updates=13070, lr=1.6172e-05, gnorm=10.885, clip=100, loss_scale=32, train_wall=40, gb_free=7.4, wall=76453
2023-04-02 22:02:20 - progress_bar.py[line:272] - INFO: epoch 007:   1833 / 1878 loss=2.783, loss_v1=0, loss_v2=0, nll_loss=1.548, ntokens=320, nsentences=64, sample_size=320, sample_size_v1=0, sample_size_v2=0, ppl=2.92, wps=78.6, ups=0.25, wpb=320, bsz=64, num_updates=13080, lr=1.61437e-05, gnorm=10.935, clip=100, loss_scale=32, train_wall=40, gb_free=7.4, wall=76494
2023-04-02 22:03:01 - progress_bar.py[line:272] - INFO: epoch 007:   1843 / 1878 loss=2.778, loss_v1=0, loss_v2=0, nll_loss=1.54, ntokens=320, nsentences=64, sample_size=320, sample_size_v1=0, sample_size_v2=0, ppl=2.91, wps=78.5, ups=0.25, wpb=320, bsz=64, num_updates=13090, lr=1.61153e-05, gnorm=10.493, clip=100, loss_scale=32, train_wall=40, gb_free=7.4, wall=76534
2023-04-02 22:03:41 - progress_bar.py[line:272] - INFO: epoch 007:   1853 / 1878 loss=2.79, loss_v1=0, loss_v2=0, nll_loss=1.549, ntokens=320, nsentences=64, sample_size=320, sample_size_v1=0, sample_size_v2=0, ppl=2.93, wps=78.9, ups=0.25, wpb=320, bsz=64, num_updates=13100, lr=1.6087e-05, gnorm=10.3, clip=100, loss_scale=32, train_wall=40, gb_free=7.4, wall=76575
2023-04-02 22:04:22 - progress_bar.py[line:272] - INFO: epoch 007:   1863 / 1878 loss=2.804, loss_v1=0, loss_v2=0, nll_loss=1.568, ntokens=320, nsentences=64, sample_size=320, sample_size_v1=0, sample_size_v2=0, ppl=2.97, wps=78.3, ups=0.24, wpb=320, bsz=64, num_updates=13110, lr=1.60587e-05, gnorm=10.48, clip=100, loss_scale=32, train_wall=41, gb_free=7.4, wall=76616
2023-04-02 22:05:03 - progress_bar.py[line:272] - INFO: epoch 007:   1873 / 1878 loss=2.782, loss_v1=0, loss_v2=0, nll_loss=1.544, ntokens=320, nsentences=64, sample_size=320, sample_size_v1=0, sample_size_v2=0, ppl=2.92, wps=78.7, ups=0.25, wpb=320, bsz=64, num_updates=13120, lr=1.60304e-05, gnorm=11.205, clip=100, loss_scale=32, train_wall=40, gb_free=7.4, wall=76656
2023-04-02 22:05:22 - train.py[line:445] - INFO: begin validation on "valid" subset
slice_id 0 seek offset 0
slice_id 1 seek offset 5379
slice_id 0 seek offset 0
slice_id 1 seek offset 5379
2023-04-02 22:16:41 - progress_bar.py[line:282] - INFO: epoch 007 | valid on 'valid' subset | loss 5.351 | loss_v1 0 | loss_v2 0 | nll_loss 4.393 | ntokens 39.993 | nsentences 7.999 | sample_size 39.993 | sample_size_v1 0 | sample_size_v2 0 | ppl 21.02 | score 0.8149 | wps 79.3 | wpb 40 | bsz 8 | num_updates 13125 | best_score 0.8184
2023-04-02 22:16:41 - checkpoint_utils.py[line:64] - INFO: Preparing to save checkpoint for epoch 7 @ 13125 updates
2023-04-02 22:16:41 - trainer.py[line:431] - INFO: Saving checkpoint to ./refcocoplus_scratch_checkpoints/10_5e-5_512/checkpoint_last.pt
local datafile ../../dataset/refcocoplus_data/refcocoplus_train.tsv slice_id 1 begin to initialize row_count and line_idx-to-offset mapping
local datafile ../../dataset/refcocoplus_data/refcocoplus_train.tsv slice_id 1 finished initializing row_count and line_idx-to-offset mapping
file ../../dataset/refcocoplus_data/refcocoplus_train.tsv slice_id 1 row count 60095 total row count 120191
slice_id 1 seek offset 60096
2023-04-02 22:16:59 - trainer.py[line:441] - INFO: Finished saving checkpoint to ./refcocoplus_scratch_checkpoints/10_5e-5_512/checkpoint_last.pt
2023-04-02 22:16:59 - checkpoint_utils.py[line:133] - INFO: Saved checkpoint ./refcocoplus_scratch_checkpoints/10_5e-5_512/checkpoint_last.pt (epoch 7 @ 13125 updates, score 0.8149) (writing took 18.320106295868754 seconds)
2023-04-02 22:16:59 - train.py[line:332] - INFO: end of epoch 7 (average epoch stats below)
2023-04-02 22:16:59 - progress_bar.py[line:282] - INFO: epoch 007 | loss 2.866 | loss_v1 0 | loss_v2 0 | nll_loss 1.642 | ntokens 319.997 | nsentences 63.999 | sample_size 319.997 | sample_size_v1 0 | sample_size_v2 0 | ppl 3.12 | wps 53.6 | ups 0.17 | wpb 320 | bsz 64 | num_updates 13125 | lr 1.60162e-05 | gnorm 10.715 | clip 100 | loss_scale 32 | train_wall 7613 | gb_free 7.4 | wall 77373
2023-04-02 22:16:59 - trainer.py[line:639] - INFO: loading train data for epoch 8
local datafile ../../dataset/refcocoplus_data/refcocoplus_train.tsv slice_id 0 begin to initialize row_count and line_idx-to-offset mapping
local datafile ../../dataset/refcocoplus_data/refcocoplus_train.tsv slice_id 0 finished initializing row_count and line_idx-to-offset mapping
file ../../dataset/refcocoplus_data/refcocoplus_train.tsv slice_id 0 row count 60096 total row count 120191
slice_id 0 seek offset 0
2023-04-02 22:17:13 - trainer.py[line:703] - INFO: begin training epoch 8
2023-04-02 22:17:13 - train.py[line:305] - INFO: Start iterating over samples
2023-04-02 22:17:34 - progress_bar.py[line:272] - INFO: epoch 008:      5 / 1878 loss=2.814, loss_v1=0, loss_v2=0, nll_loss=1.582, ntokens=320, nsentences=64, sample_size=320, sample_size_v1=0, sample_size_v2=0, ppl=2.99, wps=4.3, ups=0.01, wpb=320, bsz=64, num_updates=13130, lr=1.6002e-05, gnorm=13.985, clip=100, loss_scale=32, train_wall=39, gb_free=7.4, wall=77408
2023-04-02 22:18:15 - progress_bar.py[line:272] - INFO: epoch 008:     15 / 1878 loss=2.799, loss_v1=0, loss_v2=0, nll_loss=1.567, ntokens=320, nsentences=64, sample_size=320, sample_size_v1=0, sample_size_v2=0, ppl=2.96, wps=77.8, ups=0.24, wpb=320, bsz=64, num_updates=13140, lr=1.59737e-05, gnorm=11.23, clip=100, loss_scale=32, train_wall=41, gb_free=7.5, wall=77449
2023-04-02 22:18:56 - progress_bar.py[line:272] - INFO: epoch 008:     25 / 1878 loss=2.809, loss_v1=0, loss_v2=0, nll_loss=1.576, ntokens=320, nsentences=64, sample_size=320, sample_size_v1=0, sample_size_v2=0, ppl=2.98, wps=78.2, ups=0.24, wpb=320, bsz=64, num_updates=13150, lr=1.59454e-05, gnorm=10.525, clip=100, loss_scale=32, train_wall=41, gb_free=7.4, wall=77490
2023-04-02 22:19:37 - progress_bar.py[line:272] - INFO: epoch 008:     35 / 1878 loss=2.711, loss_v1=0, loss_v2=0, nll_loss=1.464, ntokens=320, nsentences=64, sample_size=320, sample_size_v1=0, sample_size_v2=0, ppl=2.76, wps=78.6, ups=0.25, wpb=320, bsz=64, num_updates=13160, lr=1.59171e-05, gnorm=10.67, clip=100, loss_scale=32, train_wall=40, gb_free=7.4, wall=77530
2023-04-02 22:20:17 - progress_bar.py[line:272] - INFO: epoch 008:     45 / 1878 loss=2.813, loss_v1=0, loss_v2=0, nll_loss=1.581, ntokens=320, nsentences=64, sample_size=320, sample_size_v1=0, sample_size_v2=0, ppl=2.99, wps=78.3, ups=0.24, wpb=320, bsz=64, num_updates=13170, lr=1.58888e-05, gnorm=11.516, clip=100, loss_scale=64, train_wall=41, gb_free=7.4, wall=77571
2023-04-02 22:20:58 - progress_bar.py[line:272] - INFO: epoch 008:     55 / 1878 loss=2.84, loss_v1=0, loss_v2=0, nll_loss=1.604, ntokens=320, nsentences=64, sample_size=320, sample_size_v1=0, sample_size_v2=0, ppl=3.04, wps=78.6, ups=0.25, wpb=320, bsz=64, num_updates=13180, lr=1.58604e-05, gnorm=11.386, clip=100, loss_scale=64, train_wall=40, gb_free=7.4, wall=77612
2023-04-02 22:21:39 - progress_bar.py[line:272] - INFO: epoch 008:     65 / 1878 loss=2.778, loss_v1=0, loss_v2=0, nll_loss=1.536, ntokens=320, nsentences=64, sample_size=320, sample_size_v1=0, sample_size_v2=0, ppl=2.9, wps=78.3, ups=0.24, wpb=320, bsz=64, num_updates=13190, lr=1.58321e-05, gnorm=10.983, clip=100, loss_scale=64, train_wall=41, gb_free=7.4, wall=77653
2023-04-02 22:22:20 - progress_bar.py[line:272] - INFO: epoch 008:     75 / 1878 loss=2.818, loss_v1=0, loss_v2=0, nll_loss=1.585, ntokens=320, nsentences=64, sample_size=320, sample_size_v1=0, sample_size_v2=0, ppl=3, wps=78.4, ups=0.25, wpb=320, bsz=64, num_updates=13200, lr=1.58038e-05, gnorm=10.89, clip=100, loss_scale=64, train_wall=41, gb_free=7.4, wall=77694
2023-04-02 22:23:01 - progress_bar.py[line:272] - INFO: epoch 008:     85 / 1878 loss=2.776, loss_v1=0, loss_v2=0, nll_loss=1.538, ntokens=320, nsentences=64, sample_size=320, sample_size_v1=0, sample_size_v2=0, ppl=2.9, wps=78.5, ups=0.25, wpb=320, bsz=64, num_updates=13210, lr=1.57755e-05, gnorm=11.758, clip=100, loss_scale=64, train_wall=41, gb_free=7.4, wall=77734
2023-04-02 22:23:42 - progress_bar.py[line:272] - INFO: epoch 008:     95 / 1878 loss=2.829, loss_v1=0, loss_v2=0, nll_loss=1.601, ntokens=320, nsentences=64, sample_size=320, sample_size_v1=0, sample_size_v2=0, ppl=3.03, wps=77.9, ups=0.24, wpb=320, bsz=64, num_updates=13220, lr=1.57471e-05, gnorm=11.873, clip=100, loss_scale=64, train_wall=41, gb_free=7.4, wall=77776
2023-04-02 22:24:23 - progress_bar.py[line:272] - INFO: epoch 008:    105 / 1878 loss=2.766, loss_v1=0, loss_v2=0, nll_loss=1.528, ntokens=320, nsentences=64, sample_size=320, sample_size_v1=0, sample_size_v2=0, ppl=2.88, wps=77.8, ups=0.24, wpb=320, bsz=64, num_updates=13230, lr=1.57188e-05, gnorm=11.57, clip=100, loss_scale=64, train_wall=41, gb_free=7.4, wall=77817
2023-04-02 22:25:04 - progress_bar.py[line:272] - INFO: epoch 008:    115 / 1878 loss=2.799, loss_v1=0, loss_v2=0, nll_loss=1.564, ntokens=320, nsentences=64, sample_size=320, sample_size_v1=0, sample_size_v2=0, ppl=2.96, wps=78.1, ups=0.24, wpb=320, bsz=64, num_updates=13240, lr=1.56905e-05, gnorm=11.145, clip=100, loss_scale=64, train_wall=41, gb_free=7.4, wall=77858
2023-04-02 22:25:45 - progress_bar.py[line:272] - INFO: epoch 008:    125 / 1878 loss=2.794, loss_v1=0, loss_v2=0, nll_loss=1.56, ntokens=320, nsentences=64, sample_size=320, sample_size_v1=0, sample_size_v2=0, ppl=2.95, wps=78.3, ups=0.24, wpb=320, bsz=64, num_updates=13250, lr=1.56622e-05, gnorm=11.691, clip=100, loss_scale=64, train_wall=41, gb_free=7.4, wall=77898
2023-04-02 22:26:26 - progress_bar.py[line:272] - INFO: epoch 008:    135 / 1878 loss=2.784, loss_v1=0, loss_v2=0, nll_loss=1.547, ntokens=320, nsentences=64, sample_size=320, sample_size_v1=0, sample_size_v2=0, ppl=2.92, wps=78.1, ups=0.24, wpb=320, bsz=64, num_updates=13260, lr=1.56339e-05, gnorm=11.176, clip=100, loss_scale=64, train_wall=41, gb_free=7.4, wall=77939
2023-04-02 22:27:06 - progress_bar.py[line:272] - INFO: epoch 008:    145 / 1878 loss=2.798, loss_v1=0, loss_v2=0, nll_loss=1.563, ntokens=320, nsentences=64, sample_size=320, sample_size_v1=0, sample_size_v2=0, ppl=2.95, wps=78.8, ups=0.25, wpb=320, bsz=64, num_updates=13270, lr=1.56055e-05, gnorm=11.085, clip=100, loss_scale=64, train_wall=40, gb_free=7.4, wall=77980
2023-04-02 22:27:47 - progress_bar.py[line:272] - INFO: epoch 008:    155 / 1878 loss=2.79, loss_v1=0, loss_v2=0, nll_loss=1.553, ntokens=320, nsentences=64, sample_size=320, sample_size_v1=0, sample_size_v2=0, ppl=2.93, wps=78.5, ups=0.25, wpb=320, bsz=64, num_updates=13280, lr=1.55772e-05, gnorm=12.751, clip=100, loss_scale=64, train_wall=41, gb_free=7.4, wall=78021
2023-04-02 22:28:28 - progress_bar.py[line:272] - INFO: epoch 008:    165 / 1878 loss=2.811, loss_v1=0, loss_v2=0, nll_loss=1.579, ntokens=320, nsentences=64, sample_size=320, sample_size_v1=0, sample_size_v2=0, ppl=2.99, wps=78.8, ups=0.25, wpb=320, bsz=64, num_updates=13290, lr=1.55489e-05, gnorm=11.51, clip=100, loss_scale=64, train_wall=40, gb_free=7.4, wall=78061
2023-04-02 22:29:08 - progress_bar.py[line:272] - INFO: epoch 008:    175 / 1878 loss=2.833, loss_v1=0, loss_v2=0, nll_loss=1.599, ntokens=320, nsentences=64, sample_size=320, sample_size_v1=0, sample_size_v2=0, ppl=3.03, wps=78.7, ups=0.25, wpb=320, bsz=64, num_updates=13300, lr=1.55206e-05, gnorm=11.195, clip=100, loss_scale=64, train_wall=40, gb_free=7.5, wall=78102
2023-04-02 22:29:49 - progress_bar.py[line:272] - INFO: epoch 008:    185 / 1878 loss=2.852, loss_v1=0, loss_v2=0, nll_loss=1.624, ntokens=320, nsentences=64, sample_size=320, sample_size_v1=0, sample_size_v2=0, ppl=3.08, wps=78.5, ups=0.25, wpb=320, bsz=64, num_updates=13310, lr=1.54922e-05, gnorm=11.269, clip=100, loss_scale=64, train_wall=41, gb_free=7.4, wall=78143
2023-04-02 22:30:30 - progress_bar.py[line:272] - INFO: epoch 008:    195 / 1878 loss=2.761, loss_v1=0, loss_v2=0, nll_loss=1.522, ntokens=320, nsentences=64, sample_size=320, sample_size_v1=0, sample_size_v2=0, ppl=2.87, wps=78.2, ups=0.24, wpb=320, bsz=64, num_updates=13320, lr=1.54639e-05, gnorm=11.653, clip=100, loss_scale=64, train_wall=41, gb_free=7.4, wall=78184
2023-04-02 22:31:11 - progress_bar.py[line:272] - INFO: epoch 008:    205 / 1878 loss=2.808, loss_v1=0, loss_v2=0, nll_loss=1.574, ntokens=320, nsentences=64, sample_size=320, sample_size_v1=0, sample_size_v2=0, ppl=2.98, wps=78.8, ups=0.25, wpb=320, bsz=64, num_updates=13330, lr=1.54356e-05, gnorm=11.488, clip=100, loss_scale=64, train_wall=40, gb_free=7.4, wall=78224
2023-04-02 22:31:51 - progress_bar.py[line:272] - INFO: epoch 008:    215 / 1878 loss=2.79, loss_v1=0, loss_v2=0, nll_loss=1.553, ntokens=320, nsentences=64, sample_size=320, sample_size_v1=0, sample_size_v2=0, ppl=2.94, wps=78.3, ups=0.24, wpb=320, bsz=64, num_updates=13340, lr=1.54073e-05, gnorm=10.42, clip=100, loss_scale=64, train_wall=41, gb_free=7.4, wall=78265
2023-04-02 22:32:32 - progress_bar.py[line:272] - INFO: epoch 008:    225 / 1878 loss=2.768, loss_v1=0, loss_v2=0, nll_loss=1.53, ntokens=320, nsentences=64, sample_size=320, sample_size_v1=0, sample_size_v2=0, ppl=2.89, wps=78.1, ups=0.24, wpb=320, bsz=64, num_updates=13350, lr=1.5379e-05, gnorm=9.964, clip=100, loss_scale=64, train_wall=41, gb_free=7.4, wall=78306
2023-04-02 22:33:13 - progress_bar.py[line:272] - INFO: epoch 008:    235 / 1878 loss=2.797, loss_v1=0, loss_v2=0, nll_loss=1.564, ntokens=320, nsentences=64, sample_size=320, sample_size_v1=0, sample_size_v2=0, ppl=2.96, wps=78.2, ups=0.24, wpb=320, bsz=64, num_updates=13360, lr=1.53506e-05, gnorm=11.693, clip=100, loss_scale=64, train_wall=41, gb_free=7.4, wall=78347
2023-04-02 22:33:54 - progress_bar.py[line:272] - INFO: epoch 008:    245 / 1878 loss=2.816, loss_v1=0, loss_v2=0, nll_loss=1.581, ntokens=320, nsentences=64, sample_size=320, sample_size_v1=0, sample_size_v2=0, ppl=2.99, wps=78.7, ups=0.25, wpb=320, bsz=64, num_updates=13370, lr=1.53223e-05, gnorm=11.604, clip=100, loss_scale=64, train_wall=40, gb_free=7.4, wall=78388
2023-04-02 22:34:35 - progress_bar.py[line:272] - INFO: epoch 008:    255 / 1878 loss=2.778, loss_v1=0, loss_v2=0, nll_loss=1.54, ntokens=320, nsentences=64, sample_size=320, sample_size_v1=0, sample_size_v2=0, ppl=2.91, wps=78.8, ups=0.25, wpb=320, bsz=64, num_updates=13380, lr=1.5294e-05, gnorm=10.461, clip=100, loss_scale=64, train_wall=40, gb_free=7.4, wall=78428
2023-04-02 22:35:15 - progress_bar.py[line:272] - INFO: epoch 008:    265 / 1878 loss=2.702, loss_v1=0, loss_v2=0, nll_loss=1.453, ntokens=320, nsentences=64, sample_size=320, sample_size_v1=0, sample_size_v2=0, ppl=2.74, wps=78.5, ups=0.25, wpb=320, bsz=64, num_updates=13390, lr=1.52657e-05, gnorm=10.334, clip=100, loss_scale=64, train_wall=41, gb_free=7.5, wall=78469
2023-04-02 22:35:23 - trainer.py[line:921] - INFO: NOTE: gradient overflow detected, ignoring gradient, setting loss scale to: 32.0
2023-04-02 22:36:00 - progress_bar.py[line:272] - INFO: epoch 008:    276 / 1878 loss=2.759, loss_v1=0, loss_v2=0, nll_loss=1.518, ntokens=320, nsentences=64, sample_size=320, sample_size_v1=0, sample_size_v2=0, ppl=2.86, wps=71.6, ups=0.22, wpb=320, bsz=64, num_updates=13400, lr=1.52373e-05, gnorm=12.189, clip=100, loss_scale=32, train_wall=44, gb_free=7.4, wall=78514
2023-04-02 22:36:41 - progress_bar.py[line:272] - INFO: epoch 008:    286 / 1878 loss=2.822, loss_v1=0, loss_v2=0, nll_loss=1.587, ntokens=320, nsentences=64, sample_size=320, sample_size_v1=0, sample_size_v2=0, ppl=3.01, wps=78.3, ups=0.24, wpb=320, bsz=64, num_updates=13410, lr=1.5209e-05, gnorm=12.541, clip=100, loss_scale=32, train_wall=41, gb_free=7.4, wall=78555
2023-04-02 22:37:22 - progress_bar.py[line:272] - INFO: epoch 008:    296 / 1878 loss=2.812, loss_v1=0, loss_v2=0, nll_loss=1.579, ntokens=320, nsentences=64, sample_size=320, sample_size_v1=0, sample_size_v2=0, ppl=2.99, wps=78.6, ups=0.25, wpb=320, bsz=64, num_updates=13420, lr=1.51807e-05, gnorm=11.518, clip=100, loss_scale=32, train_wall=40, gb_free=7.4, wall=78595
2023-04-02 22:38:03 - progress_bar.py[line:272] - INFO: epoch 008:    306 / 1878 loss=2.79, loss_v1=0, loss_v2=0, nll_loss=1.552, ntokens=320, nsentences=64, sample_size=320, sample_size_v1=0, sample_size_v2=0, ppl=2.93, wps=78, ups=0.24, wpb=320, bsz=64, num_updates=13430, lr=1.51524e-05, gnorm=11.239, clip=100, loss_scale=32, train_wall=41, gb_free=7.4, wall=78636
2023-04-02 22:38:44 - progress_bar.py[line:272] - INFO: epoch 008:    316 / 1878 loss=2.738, loss_v1=0, loss_v2=0, nll_loss=1.494, ntokens=320, nsentences=64, sample_size=320, sample_size_v1=0, sample_size_v2=0, ppl=2.82, wps=78.1, ups=0.24, wpb=320, bsz=64, num_updates=13440, lr=1.51241e-05, gnorm=10.98, clip=100, loss_scale=32, train_wall=41, gb_free=7.4, wall=78677
2023-04-02 22:39:24 - progress_bar.py[line:272] - INFO: epoch 008:    326 / 1878 loss=2.743, loss_v1=0, loss_v2=0, nll_loss=1.5, ntokens=320, nsentences=64, sample_size=320, sample_size_v1=0, sample_size_v2=0, ppl=2.83, wps=78.3, ups=0.24, wpb=320, bsz=64, num_updates=13450, lr=1.50957e-05, gnorm=10.46, clip=100, loss_scale=32, train_wall=41, gb_free=7.4, wall=78718
2023-04-02 22:40:05 - progress_bar.py[line:272] - INFO: epoch 008:    336 / 1878 loss=2.787, loss_v1=0, loss_v2=0, nll_loss=1.55, ntokens=320, nsentences=64, sample_size=320, sample_size_v1=0, sample_size_v2=0, ppl=2.93, wps=78.6, ups=0.25, wpb=320, bsz=64, num_updates=13460, lr=1.50674e-05, gnorm=11.245, clip=100, loss_scale=32, train_wall=40, gb_free=7.4, wall=78759
2023-04-02 22:40:46 - progress_bar.py[line:272] - INFO: epoch 008:    346 / 1878 loss=2.742, loss_v1=0, loss_v2=0, nll_loss=1.493, ntokens=320, nsentences=64, sample_size=320, sample_size_v1=0, sample_size_v2=0, ppl=2.81, wps=78.7, ups=0.25, wpb=320, bsz=64, num_updates=13470, lr=1.50391e-05, gnorm=10.966, clip=100, loss_scale=32, train_wall=40, gb_free=7.4, wall=78800
2023-04-02 22:41:27 - progress_bar.py[line:272] - INFO: epoch 008:    356 / 1878 loss=2.754, loss_v1=0, loss_v2=0, nll_loss=1.51, ntokens=320, nsentences=64, sample_size=320, sample_size_v1=0, sample_size_v2=0, ppl=2.85, wps=78.1, ups=0.24, wpb=320, bsz=64, num_updates=13480, lr=1.50108e-05, gnorm=10.676, clip=100, loss_scale=32, train_wall=41, gb_free=7.4, wall=78841
2023-04-02 22:42:07 - progress_bar.py[line:272] - INFO: epoch 008:    366 / 1878 loss=2.796, loss_v1=0, loss_v2=0, nll_loss=1.562, ntokens=320, nsentences=64, sample_size=320, sample_size_v1=0, sample_size_v2=0, ppl=2.95, wps=78.7, ups=0.25, wpb=320, bsz=64, num_updates=13490, lr=1.49824e-05, gnorm=11.315, clip=100, loss_scale=32, train_wall=40, gb_free=7.4, wall=78881
2023-04-02 22:42:48 - progress_bar.py[line:272] - INFO: epoch 008:    376 / 1878 loss=2.802, loss_v1=0, loss_v2=0, nll_loss=1.569, ntokens=320, nsentences=64, sample_size=320, sample_size_v1=0, sample_size_v2=0, ppl=2.97, wps=78.4, ups=0.25, wpb=320, bsz=64, num_updates=13500, lr=1.49541e-05, gnorm=11.582, clip=100, loss_scale=32, train_wall=41, gb_free=7.4, wall=78922
2023-04-02 22:42:48 - train.py[line:445] - INFO: begin validation on "valid" subset
slice_id 0 seek offset 0
slice_id 1 seek offset 5379
slice_id 0 seek offset 0
slice_id 1 seek offset 5379
2023-04-02 22:54:06 - progress_bar.py[line:282] - INFO: epoch 008 | valid on 'valid' subset | loss 5.431 | loss_v1 0 | loss_v2 0 | nll_loss 4.48 | ntokens 39.993 | nsentences 7.999 | sample_size 39.993 | sample_size_v1 0 | sample_size_v2 0 | ppl 22.32 | score 0.8172 | wps 79.4 | wpb 40 | bsz 8 | num_updates 13500 | best_score 0.8184
2023-04-02 22:54:06 - checkpoint_utils.py[line:64] - INFO: Preparing to save checkpoint for epoch 8 @ 13500 updates
2023-04-02 22:54:06 - trainer.py[line:431] - INFO: Saving checkpoint to ./refcocoplus_scratch_checkpoints/10_5e-5_512/checkpoint_8_13500.pt
2023-04-02 22:54:24 - trainer.py[line:441] - INFO: Finished saving checkpoint to ./refcocoplus_scratch_checkpoints/10_5e-5_512/checkpoint_8_13500.pt
2023-04-02 22:54:35 - checkpoint_utils.py[line:133] - INFO: Saved checkpoint ./refcocoplus_scratch_checkpoints/10_5e-5_512/checkpoint_8_13500.pt (epoch 8 @ 13500 updates, score 0.8172) (writing took 29.27306784875691 seconds)
2023-04-02 22:55:15 - progress_bar.py[line:272] - INFO: epoch 008:    386 / 1878 loss=2.753, loss_v1=0, loss_v2=0, nll_loss=1.512, ntokens=320, nsentences=64, sample_size=320, sample_size_v1=0, sample_size_v2=0, ppl=2.85, wps=4.3, ups=0.01, wpb=320, bsz=64, num_updates=13510, lr=1.49258e-05, gnorm=10.837, clip=100, loss_scale=32, train_wall=40, gb_free=7.4, wall=79669
2023-04-02 22:55:56 - progress_bar.py[line:272] - INFO: epoch 008:    396 / 1878 loss=2.759, loss_v1=0, loss_v2=0, nll_loss=1.517, ntokens=320, nsentences=64, sample_size=320, sample_size_v1=0, sample_size_v2=0, ppl=2.86, wps=77.8, ups=0.24, wpb=320, bsz=64, num_updates=13520, lr=1.48975e-05, gnorm=10.522, clip=100, loss_scale=32, train_wall=41, gb_free=7.4, wall=79710
2023-04-02 22:56:37 - progress_bar.py[line:272] - INFO: epoch 008:    406 / 1878 loss=2.748, loss_v1=0, loss_v2=0, nll_loss=1.502, ntokens=320, nsentences=64, sample_size=320, sample_size_v1=0, sample_size_v2=0, ppl=2.83, wps=78.7, ups=0.25, wpb=320, bsz=64, num_updates=13530, lr=1.48692e-05, gnorm=11.847, clip=100, loss_scale=32, train_wall=40, gb_free=7.4, wall=79751
2023-04-02 22:57:17 - progress_bar.py[line:272] - INFO: epoch 008:    416 / 1878 loss=2.78, loss_v1=0, loss_v2=0, nll_loss=1.537, ntokens=320, nsentences=64, sample_size=320, sample_size_v1=0, sample_size_v2=0, ppl=2.9, wps=78.9, ups=0.25, wpb=320, bsz=64, num_updates=13540, lr=1.48408e-05, gnorm=12.017, clip=100, loss_scale=32, train_wall=40, gb_free=7.4, wall=79791
2023-04-02 22:57:58 - progress_bar.py[line:272] - INFO: epoch 008:    426 / 1878 loss=2.804, loss_v1=0, loss_v2=0, nll_loss=1.568, ntokens=320, nsentences=64, sample_size=320, sample_size_v1=0, sample_size_v2=0, ppl=2.96, wps=78, ups=0.24, wpb=320, bsz=64, num_updates=13550, lr=1.48125e-05, gnorm=12.237, clip=100, loss_scale=32, train_wall=41, gb_free=7.4, wall=79832
2023-04-02 22:58:39 - progress_bar.py[line:272] - INFO: epoch 008:    436 / 1878 loss=2.787, loss_v1=0, loss_v2=0, nll_loss=1.551, ntokens=320, nsentences=64, sample_size=320, sample_size_v1=0, sample_size_v2=0, ppl=2.93, wps=79, ups=0.25, wpb=320, bsz=64, num_updates=13560, lr=1.47842e-05, gnorm=13.667, clip=100, loss_scale=32, train_wall=40, gb_free=7.4, wall=79873
2023-04-02 22:59:20 - progress_bar.py[line:272] - INFO: epoch 008:    446 / 1878 loss=2.785, loss_v1=0, loss_v2=0, nll_loss=1.548, ntokens=320, nsentences=64, sample_size=320, sample_size_v1=0, sample_size_v2=0, ppl=2.92, wps=78.4, ups=0.24, wpb=320, bsz=64, num_updates=13570, lr=1.47559e-05, gnorm=11.385, clip=100, loss_scale=32, train_wall=41, gb_free=7.4, wall=79914
2023-04-02 23:00:00 - progress_bar.py[line:272] - INFO: epoch 008:    456 / 1878 loss=2.78, loss_v1=0, loss_v2=0, nll_loss=1.541, ntokens=320, nsentences=64, sample_size=320, sample_size_v1=0, sample_size_v2=0, ppl=2.91, wps=78.7, ups=0.25, wpb=320, bsz=64, num_updates=13580, lr=1.47275e-05, gnorm=10.791, clip=100, loss_scale=32, train_wall=40, gb_free=7.4, wall=79954
2023-04-02 23:00:41 - progress_bar.py[line:272] - INFO: epoch 008:    466 / 1878 loss=2.731, loss_v1=0, loss_v2=0, nll_loss=1.484, ntokens=320, nsentences=64, sample_size=320, sample_size_v1=0, sample_size_v2=0, ppl=2.8, wps=78.3, ups=0.24, wpb=320, bsz=64, num_updates=13590, lr=1.46992e-05, gnorm=10.91, clip=100, loss_scale=32, train_wall=41, gb_free=7.4, wall=79995
2023-04-02 23:01:22 - progress_bar.py[line:272] - INFO: epoch 008:    476 / 1878 loss=2.773, loss_v1=0, loss_v2=0, nll_loss=1.535, ntokens=320, nsentences=64, sample_size=320, sample_size_v1=0, sample_size_v2=0, ppl=2.9, wps=78.3, ups=0.24, wpb=320, bsz=64, num_updates=13600, lr=1.46709e-05, gnorm=11.542, clip=100, loss_scale=32, train_wall=41, gb_free=7.4, wall=80036
2023-04-02 23:02:03 - progress_bar.py[line:272] - INFO: epoch 008:    486 / 1878 loss=2.76, loss_v1=0, loss_v2=0, nll_loss=1.519, ntokens=320, nsentences=64, sample_size=320, sample_size_v1=0, sample_size_v2=0, ppl=2.87, wps=78.7, ups=0.25, wpb=320, bsz=64, num_updates=13610, lr=1.46426e-05, gnorm=12.129, clip=100, loss_scale=32, train_wall=40, gb_free=7.4, wall=80077
2023-04-02 23:02:44 - progress_bar.py[line:272] - INFO: epoch 008:    496 / 1878 loss=2.75, loss_v1=0, loss_v2=0, nll_loss=1.508, ntokens=320, nsentences=64, sample_size=320, sample_size_v1=0, sample_size_v2=0, ppl=2.85, wps=78.2, ups=0.24, wpb=320, bsz=64, num_updates=13620, lr=1.46143e-05, gnorm=12.233, clip=100, loss_scale=32, train_wall=41, gb_free=7.4, wall=80118
2023-04-02 23:03:25 - progress_bar.py[line:272] - INFO: epoch 008:    506 / 1878 loss=2.809, loss_v1=0, loss_v2=0, nll_loss=1.574, ntokens=320, nsentences=64, sample_size=320, sample_size_v1=0, sample_size_v2=0, ppl=2.98, wps=78.5, ups=0.25, wpb=320, bsz=64, num_updates=13630, lr=1.45859e-05, gnorm=13.065, clip=100, loss_scale=32, train_wall=41, gb_free=7.4, wall=80158
2023-04-02 23:04:05 - progress_bar.py[line:272] - INFO: epoch 008:    516 / 1878 loss=2.752, loss_v1=0, loss_v2=0, nll_loss=1.509, ntokens=320, nsentences=64, sample_size=320, sample_size_v1=0, sample_size_v2=0, ppl=2.85, wps=78.5, ups=0.25, wpb=320, bsz=64, num_updates=13640, lr=1.45576e-05, gnorm=11.18, clip=100, loss_scale=32, train_wall=41, gb_free=7.4, wall=80199
2023-04-02 23:04:46 - progress_bar.py[line:272] - INFO: epoch 008:    526 / 1878 loss=2.785, loss_v1=0, loss_v2=0, nll_loss=1.546, ntokens=320, nsentences=64, sample_size=320, sample_size_v1=0, sample_size_v2=0, ppl=2.92, wps=78.2, ups=0.24, wpb=320, bsz=64, num_updates=13650, lr=1.45293e-05, gnorm=11.881, clip=100, loss_scale=32, train_wall=41, gb_free=7.4, wall=80240
2023-04-02 23:05:27 - progress_bar.py[line:272] - INFO: epoch 008:    536 / 1878 loss=2.792, loss_v1=0, loss_v2=0, nll_loss=1.556, ntokens=319.5, nsentences=63.9, sample_size=319.5, sample_size_v1=0, sample_size_v2=0, ppl=2.94, wps=78, ups=0.24, wpb=319.5, bsz=63.9, num_updates=13660, lr=1.4501e-05, gnorm=12.412, clip=100, loss_scale=32, train_wall=41, gb_free=7.4, wall=80281
2023-04-02 23:06:08 - progress_bar.py[line:272] - INFO: epoch 008:    546 / 1878 loss=2.756, loss_v1=0, loss_v2=0, nll_loss=1.518, ntokens=320, nsentences=64, sample_size=320, sample_size_v1=0, sample_size_v2=0, ppl=2.86, wps=78.4, ups=0.24, wpb=320, bsz=64, num_updates=13670, lr=1.44726e-05, gnorm=12.373, clip=100, loss_scale=32, train_wall=41, gb_free=7.4, wall=80322
2023-04-02 23:06:49 - progress_bar.py[line:272] - INFO: epoch 008:    556 / 1878 loss=2.826, loss_v1=0, loss_v2=0, nll_loss=1.59, ntokens=320, nsentences=64, sample_size=320, sample_size_v1=0, sample_size_v2=0, ppl=3.01, wps=78.6, ups=0.25, wpb=320, bsz=64, num_updates=13680, lr=1.44443e-05, gnorm=12.197, clip=100, loss_scale=32, train_wall=40, gb_free=7.4, wall=80363
2023-04-02 23:07:29 - progress_bar.py[line:272] - INFO: epoch 008:    566 / 1878 loss=2.764, loss_v1=0, loss_v2=0, nll_loss=1.524, ntokens=320, nsentences=64, sample_size=320, sample_size_v1=0, sample_size_v2=0, ppl=2.88, wps=78.5, ups=0.25, wpb=320, bsz=64, num_updates=13690, lr=1.4416e-05, gnorm=10.976, clip=100, loss_scale=32, train_wall=40, gb_free=7.4, wall=80403
2023-04-02 23:08:10 - progress_bar.py[line:272] - INFO: epoch 008:    576 / 1878 loss=2.805, loss_v1=0, loss_v2=0, nll_loss=1.564, ntokens=320, nsentences=64, sample_size=320, sample_size_v1=0, sample_size_v2=0, ppl=2.96, wps=78.1, ups=0.24, wpb=320, bsz=64, num_updates=13700, lr=1.43877e-05, gnorm=11.857, clip=100, loss_scale=32, train_wall=41, gb_free=7.4, wall=80444
2023-04-02 23:08:51 - progress_bar.py[line:272] - INFO: epoch 008:    586 / 1878 loss=2.833, loss_v1=0, loss_v2=0, nll_loss=1.604, ntokens=320, nsentences=64, sample_size=320, sample_size_v1=0, sample_size_v2=0, ppl=3.04, wps=78, ups=0.24, wpb=320, bsz=64, num_updates=13710, lr=1.43594e-05, gnorm=12.478, clip=100, loss_scale=32, train_wall=41, gb_free=7.4, wall=80485
2023-04-02 23:09:32 - progress_bar.py[line:272] - INFO: epoch 008:    596 / 1878 loss=2.788, loss_v1=0, loss_v2=0, nll_loss=1.549, ntokens=320, nsentences=64, sample_size=320, sample_size_v1=0, sample_size_v2=0, ppl=2.93, wps=78.4, ups=0.25, wpb=320, bsz=64, num_updates=13720, lr=1.4331e-05, gnorm=11.02, clip=100, loss_scale=32, train_wall=41, gb_free=7.4, wall=80526
2023-04-02 23:10:13 - progress_bar.py[line:272] - INFO: epoch 008:    606 / 1878 loss=2.797, loss_v1=0, loss_v2=0, nll_loss=1.563, ntokens=320, nsentences=64, sample_size=320, sample_size_v1=0, sample_size_v2=0, ppl=2.95, wps=78.1, ups=0.24, wpb=320, bsz=64, num_updates=13730, lr=1.43027e-05, gnorm=11.517, clip=100, loss_scale=32, train_wall=41, gb_free=7.4, wall=80567
2023-04-02 23:10:54 - progress_bar.py[line:272] - INFO: epoch 008:    616 / 1878 loss=2.755, loss_v1=0, loss_v2=0, nll_loss=1.516, ntokens=320, nsentences=64, sample_size=320, sample_size_v1=0, sample_size_v2=0, ppl=2.86, wps=77.8, ups=0.24, wpb=320, bsz=64, num_updates=13740, lr=1.42744e-05, gnorm=10.471, clip=100, loss_scale=32, train_wall=41, gb_free=7.4, wall=80608
2023-04-02 23:11:35 - progress_bar.py[line:272] - INFO: epoch 008:    626 / 1878 loss=2.785, loss_v1=0, loss_v2=0, nll_loss=1.546, ntokens=320, nsentences=64, sample_size=320, sample_size_v1=0, sample_size_v2=0, ppl=2.92, wps=78.2, ups=0.24, wpb=320, bsz=64, num_updates=13750, lr=1.42461e-05, gnorm=12.002, clip=100, loss_scale=32, train_wall=41, gb_free=7.4, wall=80649
2023-04-02 23:12:16 - progress_bar.py[line:272] - INFO: epoch 008:    636 / 1878 loss=2.803, loss_v1=0, loss_v2=0, nll_loss=1.567, ntokens=320, nsentences=64, sample_size=320, sample_size_v1=0, sample_size_v2=0, ppl=2.96, wps=77.9, ups=0.24, wpb=320, bsz=64, num_updates=13760, lr=1.42177e-05, gnorm=11.421, clip=100, loss_scale=32, train_wall=41, gb_free=7.4, wall=80690
2023-04-02 23:12:57 - progress_bar.py[line:272] - INFO: epoch 008:    646 / 1878 loss=2.792, loss_v1=0, loss_v2=0, nll_loss=1.555, ntokens=320, nsentences=64, sample_size=320, sample_size_v1=0, sample_size_v2=0, ppl=2.94, wps=78.2, ups=0.24, wpb=320, bsz=64, num_updates=13770, lr=1.41894e-05, gnorm=11.471, clip=100, loss_scale=32, train_wall=41, gb_free=7.4, wall=80731
2023-04-02 23:13:38 - progress_bar.py[line:272] - INFO: epoch 008:    656 / 1878 loss=2.791, loss_v1=0, loss_v2=0, nll_loss=1.554, ntokens=320, nsentences=64, sample_size=320, sample_size_v1=0, sample_size_v2=0, ppl=2.94, wps=78.5, ups=0.25, wpb=320, bsz=64, num_updates=13780, lr=1.41611e-05, gnorm=11.565, clip=100, loss_scale=32, train_wall=40, gb_free=7.4, wall=80772
2023-04-02 23:14:19 - progress_bar.py[line:272] - INFO: epoch 008:    666 / 1878 loss=2.762, loss_v1=0, loss_v2=0, nll_loss=1.521, ntokens=320, nsentences=64, sample_size=320, sample_size_v1=0, sample_size_v2=0, ppl=2.87, wps=78.3, ups=0.24, wpb=320, bsz=64, num_updates=13790, lr=1.41328e-05, gnorm=12.455, clip=100, loss_scale=32, train_wall=41, gb_free=7.4, wall=80813
2023-04-02 23:15:00 - progress_bar.py[line:272] - INFO: epoch 008:    676 / 1878 loss=2.798, loss_v1=0, loss_v2=0, nll_loss=1.56, ntokens=320, nsentences=64, sample_size=320, sample_size_v1=0, sample_size_v2=0, ppl=2.95, wps=78.2, ups=0.24, wpb=320, bsz=64, num_updates=13800, lr=1.41045e-05, gnorm=11.531, clip=100, loss_scale=32, train_wall=41, gb_free=7.4, wall=80854
2023-04-02 23:15:41 - progress_bar.py[line:272] - INFO: epoch 008:    686 / 1878 loss=2.833, loss_v1=0, loss_v2=0, nll_loss=1.599, ntokens=320, nsentences=64, sample_size=320, sample_size_v1=0, sample_size_v2=0, ppl=3.03, wps=78.1, ups=0.24, wpb=320, bsz=64, num_updates=13810, lr=1.40761e-05, gnorm=11.506, clip=100, loss_scale=32, train_wall=41, gb_free=7.5, wall=80895
2023-04-02 23:16:21 - progress_bar.py[line:272] - INFO: epoch 008:    696 / 1878 loss=2.791, loss_v1=0, loss_v2=0, nll_loss=1.556, ntokens=320, nsentences=64, sample_size=320, sample_size_v1=0, sample_size_v2=0, ppl=2.94, wps=78.8, ups=0.25, wpb=320, bsz=64, num_updates=13820, lr=1.40478e-05, gnorm=11.27, clip=100, loss_scale=32, train_wall=40, gb_free=7.4, wall=80935
2023-04-02 23:17:03 - progress_bar.py[line:272] - INFO: epoch 008:    706 / 1878 loss=2.794, loss_v1=0, loss_v2=0, nll_loss=1.563, ntokens=320, nsentences=64, sample_size=320, sample_size_v1=0, sample_size_v2=0, ppl=2.95, wps=77.9, ups=0.24, wpb=320, bsz=64, num_updates=13830, lr=1.40195e-05, gnorm=11.616, clip=100, loss_scale=32, train_wall=41, gb_free=7.4, wall=80976
2023-04-02 23:17:44 - progress_bar.py[line:272] - INFO: epoch 008:    716 / 1878 loss=2.681, loss_v1=0, loss_v2=0, nll_loss=1.431, ntokens=320, nsentences=64, sample_size=320, sample_size_v1=0, sample_size_v2=0, ppl=2.7, wps=78.1, ups=0.24, wpb=320, bsz=64, num_updates=13840, lr=1.39912e-05, gnorm=12.053, clip=100, loss_scale=32, train_wall=41, gb_free=7.5, wall=81017
2023-04-02 23:18:24 - progress_bar.py[line:272] - INFO: epoch 008:    726 / 1878 loss=2.746, loss_v1=0, loss_v2=0, nll_loss=1.503, ntokens=320, nsentences=64, sample_size=320, sample_size_v1=0, sample_size_v2=0, ppl=2.83, wps=78.1, ups=0.24, wpb=320, bsz=64, num_updates=13850, lr=1.39628e-05, gnorm=11.169, clip=100, loss_scale=32, train_wall=41, gb_free=7.4, wall=81058
2023-04-02 23:19:05 - progress_bar.py[line:272] - INFO: epoch 008:    736 / 1878 loss=2.773, loss_v1=0, loss_v2=0, nll_loss=1.537, ntokens=320, nsentences=64, sample_size=320, sample_size_v1=0, sample_size_v2=0, ppl=2.9, wps=78.5, ups=0.25, wpb=320, bsz=64, num_updates=13860, lr=1.39345e-05, gnorm=11.609, clip=100, loss_scale=32, train_wall=41, gb_free=7.4, wall=81099
2023-04-02 23:19:46 - progress_bar.py[line:272] - INFO: epoch 008:    746 / 1878 loss=2.727, loss_v1=0, loss_v2=0, nll_loss=1.481, ntokens=320, nsentences=64, sample_size=320, sample_size_v1=0, sample_size_v2=0, ppl=2.79, wps=78.6, ups=0.25, wpb=320, bsz=64, num_updates=13870, lr=1.39062e-05, gnorm=10.716, clip=100, loss_scale=32, train_wall=40, gb_free=7.4, wall=81140
2023-04-02 23:20:27 - progress_bar.py[line:272] - INFO: epoch 008:    756 / 1878 loss=2.709, loss_v1=0, loss_v2=0, nll_loss=1.464, ntokens=320, nsentences=64, sample_size=320, sample_size_v1=0, sample_size_v2=0, ppl=2.76, wps=78.9, ups=0.25, wpb=320, bsz=64, num_updates=13880, lr=1.38779e-05, gnorm=10.055, clip=100, loss_scale=32, train_wall=40, gb_free=7.4, wall=81180
2023-04-02 23:21:07 - progress_bar.py[line:272] - INFO: epoch 008:    766 / 1878 loss=2.72, loss_v1=0, loss_v2=0, nll_loss=1.472, ntokens=320, nsentences=64, sample_size=320, sample_size_v1=0, sample_size_v2=0, ppl=2.77, wps=78.2, ups=0.24, wpb=320, bsz=64, num_updates=13890, lr=1.38496e-05, gnorm=10.374, clip=100, loss_scale=32, train_wall=41, gb_free=7.4, wall=81221
2023-04-02 23:21:49 - progress_bar.py[line:272] - INFO: epoch 008:    776 / 1878 loss=2.751, loss_v1=0, loss_v2=0, nll_loss=1.507, ntokens=320, nsentences=64, sample_size=320, sample_size_v1=0, sample_size_v2=0, ppl=2.84, wps=77.4, ups=0.24, wpb=320, bsz=64, num_updates=13900, lr=1.38212e-05, gnorm=10.794, clip=100, loss_scale=32, train_wall=41, gb_free=7.4, wall=81263
2023-04-02 23:22:30 - progress_bar.py[line:272] - INFO: epoch 008:    786 / 1878 loss=2.723, loss_v1=0, loss_v2=0, nll_loss=1.477, ntokens=320, nsentences=64, sample_size=320, sample_size_v1=0, sample_size_v2=0, ppl=2.78, wps=77.5, ups=0.24, wpb=320, bsz=64, num_updates=13910, lr=1.37929e-05, gnorm=10.547, clip=100, loss_scale=64, train_wall=41, gb_free=7.4, wall=81304
2023-04-02 23:23:11 - progress_bar.py[line:272] - INFO: epoch 008:    796 / 1878 loss=2.731, loss_v1=0, loss_v2=0, nll_loss=1.486, ntokens=320, nsentences=64, sample_size=320, sample_size_v1=0, sample_size_v2=0, ppl=2.8, wps=78.2, ups=0.24, wpb=320, bsz=64, num_updates=13920, lr=1.37646e-05, gnorm=10.943, clip=100, loss_scale=64, train_wall=41, gb_free=7.4, wall=81345
2023-04-02 23:23:52 - progress_bar.py[line:272] - INFO: epoch 008:    806 / 1878 loss=2.74, loss_v1=0, loss_v2=0, nll_loss=1.495, ntokens=320, nsentences=64, sample_size=320, sample_size_v1=0, sample_size_v2=0, ppl=2.82, wps=78.5, ups=0.25, wpb=320, bsz=64, num_updates=13930, lr=1.37363e-05, gnorm=10.693, clip=100, loss_scale=64, train_wall=40, gb_free=7.4, wall=81386
2023-04-02 23:24:33 - progress_bar.py[line:272] - INFO: epoch 008:    816 / 1878 loss=2.72, loss_v1=0, loss_v2=0, nll_loss=1.471, ntokens=320, nsentences=64, sample_size=320, sample_size_v1=0, sample_size_v2=0, ppl=2.77, wps=78.5, ups=0.25, wpb=320, bsz=64, num_updates=13940, lr=1.37079e-05, gnorm=10.291, clip=100, loss_scale=64, train_wall=41, gb_free=7.4, wall=81426
2023-04-02 23:25:13 - progress_bar.py[line:272] - INFO: epoch 008:    826 / 1878 loss=2.76, loss_v1=0, loss_v2=0, nll_loss=1.518, ntokens=320, nsentences=64, sample_size=320, sample_size_v1=0, sample_size_v2=0, ppl=2.86, wps=78.3, ups=0.24, wpb=320, bsz=64, num_updates=13950, lr=1.36796e-05, gnorm=10.732, clip=100, loss_scale=64, train_wall=41, gb_free=7.4, wall=81467
2023-04-02 23:25:55 - progress_bar.py[line:272] - INFO: epoch 008:    836 / 1878 loss=2.711, loss_v1=0, loss_v2=0, nll_loss=1.46, ntokens=320, nsentences=64, sample_size=320, sample_size_v1=0, sample_size_v2=0, ppl=2.75, wps=77.9, ups=0.24, wpb=320, bsz=64, num_updates=13960, lr=1.36513e-05, gnorm=9.68, clip=100, loss_scale=64, train_wall=41, gb_free=7.4, wall=81508
2023-04-02 23:26:35 - progress_bar.py[line:272] - INFO: epoch 008:    846 / 1878 loss=2.748, loss_v1=0, loss_v2=0, nll_loss=1.505, ntokens=320, nsentences=64, sample_size=320, sample_size_v1=0, sample_size_v2=0, ppl=2.84, wps=78.3, ups=0.24, wpb=320, bsz=64, num_updates=13970, lr=1.3623e-05, gnorm=10.954, clip=100, loss_scale=64, train_wall=41, gb_free=7.4, wall=81549
2023-04-02 23:27:16 - progress_bar.py[line:272] - INFO: epoch 008:    856 / 1878 loss=2.721, loss_v1=0, loss_v2=0, nll_loss=1.472, ntokens=320, nsentences=64, sample_size=320, sample_size_v1=0, sample_size_v2=0, ppl=2.77, wps=78.3, ups=0.24, wpb=320, bsz=64, num_updates=13980, lr=1.35947e-05, gnorm=10.452, clip=100, loss_scale=64, train_wall=41, gb_free=7.4, wall=81590
2023-04-02 23:27:57 - progress_bar.py[line:272] - INFO: epoch 008:    866 / 1878 loss=2.777, loss_v1=0, loss_v2=0, nll_loss=1.538, ntokens=320, nsentences=64, sample_size=320, sample_size_v1=0, sample_size_v2=0, ppl=2.9, wps=78.3, ups=0.24, wpb=320, bsz=64, num_updates=13990, lr=1.35663e-05, gnorm=10.172, clip=100, loss_scale=64, train_wall=41, gb_free=7.4, wall=81631
2023-04-02 23:28:26 - trainer.py[line:921] - INFO: NOTE: gradient overflow detected, ignoring gradient, setting loss scale to: 32.0
2023-04-02 23:28:42 - progress_bar.py[line:272] - INFO: epoch 008:    877 / 1878 loss=2.741, loss_v1=0, loss_v2=0, nll_loss=1.495, ntokens=320, nsentences=64, sample_size=320, sample_size_v1=0, sample_size_v2=0, ppl=2.82, wps=71.4, ups=0.22, wpb=320, bsz=64, num_updates=14000, lr=1.3538e-05, gnorm=10.342, clip=100, loss_scale=32, train_wall=44, gb_free=7.4, wall=81676
2023-04-02 23:28:42 - train.py[line:445] - INFO: begin validation on "valid" subset
slice_id 0 seek offset 0
slice_id 1 seek offset 5379
slice_id 0 seek offset 0
slice_id 1 seek offset 5379
2023-04-02 23:39:58 - progress_bar.py[line:282] - INFO: epoch 008 | valid on 'valid' subset | loss 5.454 | loss_v1 0 | loss_v2 0 | nll_loss 4.505 | ntokens 39.993 | nsentences 7.999 | sample_size 39.993 | sample_size_v1 0 | sample_size_v2 0 | ppl 22.71 | score 0.8127 | wps 79.7 | wpb 40 | bsz 8 | num_updates 14000 | best_score 0.8184
2023-04-02 23:39:58 - checkpoint_utils.py[line:64] - INFO: Preparing to save checkpoint for epoch 8 @ 14000 updates
2023-04-02 23:39:58 - trainer.py[line:431] - INFO: Saving checkpoint to ./refcocoplus_scratch_checkpoints/10_5e-5_512/checkpoint_8_14000.pt
2023-04-02 23:40:15 - trainer.py[line:441] - INFO: Finished saving checkpoint to ./refcocoplus_scratch_checkpoints/10_5e-5_512/checkpoint_8_14000.pt
2023-04-02 23:40:25 - checkpoint_utils.py[line:133] - INFO: Saved checkpoint ./refcocoplus_scratch_checkpoints/10_5e-5_512/checkpoint_8_14000.pt (epoch 8 @ 14000 updates, score 0.8127) (writing took 27.291854057461023 seconds)
2023-04-02 23:41:05 - progress_bar.py[line:272] - INFO: epoch 008:    887 / 1878 loss=2.749, loss_v1=0, loss_v2=0, nll_loss=1.508, ntokens=320, nsentences=64, sample_size=320, sample_size_v1=0, sample_size_v2=0, ppl=2.84, wps=4.3, ups=0.01, wpb=320, bsz=64, num_updates=14010, lr=1.35097e-05, gnorm=10.281, clip=100, loss_scale=32, train_wall=40, gb_free=7.4, wall=82419
2023-04-02 23:41:46 - progress_bar.py[line:272] - INFO: epoch 008:    897 / 1878 loss=2.715, loss_v1=0, loss_v2=0, nll_loss=1.466, ntokens=320, nsentences=64, sample_size=320, sample_size_v1=0, sample_size_v2=0, ppl=2.76, wps=78.5, ups=0.25, wpb=320, bsz=64, num_updates=14020, lr=1.34814e-05, gnorm=10.96, clip=100, loss_scale=32, train_wall=41, gb_free=7.4, wall=82460
2023-04-02 23:42:27 - progress_bar.py[line:272] - INFO: epoch 008:    907 / 1878 loss=2.723, loss_v1=0, loss_v2=0, nll_loss=1.476, ntokens=320, nsentences=64, sample_size=320, sample_size_v1=0, sample_size_v2=0, ppl=2.78, wps=78.4, ups=0.24, wpb=320, bsz=64, num_updates=14030, lr=1.3453e-05, gnorm=10.068, clip=100, loss_scale=32, train_wall=41, gb_free=7.4, wall=82501
2023-04-02 23:43:07 - progress_bar.py[line:272] - INFO: epoch 008:    917 / 1878 loss=2.73, loss_v1=0, loss_v2=0, nll_loss=1.486, ntokens=320, nsentences=64, sample_size=320, sample_size_v1=0, sample_size_v2=0, ppl=2.8, wps=78.6, ups=0.25, wpb=320, bsz=64, num_updates=14040, lr=1.34247e-05, gnorm=10.348, clip=100, loss_scale=32, train_wall=40, gb_free=7.4, wall=82541
2023-04-02 23:43:48 - progress_bar.py[line:272] - INFO: epoch 008:    927 / 1878 loss=2.767, loss_v1=0, loss_v2=0, nll_loss=1.522, ntokens=320, nsentences=64, sample_size=320, sample_size_v1=0, sample_size_v2=0, ppl=2.87, wps=78.3, ups=0.24, wpb=320, bsz=64, num_updates=14050, lr=1.33964e-05, gnorm=11.837, clip=100, loss_scale=32, train_wall=41, gb_free=7.4, wall=82582
2023-04-02 23:44:29 - progress_bar.py[line:272] - INFO: epoch 008:    937 / 1878 loss=2.709, loss_v1=0, loss_v2=0, nll_loss=1.461, ntokens=320, nsentences=64, sample_size=320, sample_size_v1=0, sample_size_v2=0, ppl=2.75, wps=78.4, ups=0.25, wpb=320, bsz=64, num_updates=14060, lr=1.33681e-05, gnorm=9.831, clip=100, loss_scale=32, train_wall=41, gb_free=7.4, wall=82623
2023-04-02 23:45:10 - progress_bar.py[line:272] - INFO: epoch 008:    947 / 1878 loss=2.728, loss_v1=0, loss_v2=0, nll_loss=1.482, ntokens=320, nsentences=64, sample_size=320, sample_size_v1=0, sample_size_v2=0, ppl=2.79, wps=78.7, ups=0.25, wpb=320, bsz=64, num_updates=14070, lr=1.33398e-05, gnorm=10.074, clip=100, loss_scale=32, train_wall=40, gb_free=7.4, wall=82664
2023-04-02 23:45:51 - progress_bar.py[line:272] - INFO: epoch 008:    957 / 1878 loss=2.709, loss_v1=0, loss_v2=0, nll_loss=1.457, ntokens=320, nsentences=64, sample_size=320, sample_size_v1=0, sample_size_v2=0, ppl=2.74, wps=78.2, ups=0.24, wpb=320, bsz=64, num_updates=14080, lr=1.33114e-05, gnorm=10.606, clip=100, loss_scale=32, train_wall=41, gb_free=7.4, wall=82705
2023-04-02 23:46:31 - progress_bar.py[line:272] - INFO: epoch 008:    967 / 1878 loss=2.672, loss_v1=0, loss_v2=0, nll_loss=1.421, ntokens=320, nsentences=64, sample_size=320, sample_size_v1=0, sample_size_v2=0, ppl=2.68, wps=78.5, ups=0.25, wpb=320, bsz=64, num_updates=14090, lr=1.32831e-05, gnorm=9.747, clip=100, loss_scale=32, train_wall=41, gb_free=7.4, wall=82745
2023-04-02 23:47:12 - progress_bar.py[line:272] - INFO: epoch 008:    977 / 1878 loss=2.73, loss_v1=0, loss_v2=0, nll_loss=1.484, ntokens=320, nsentences=64, sample_size=320, sample_size_v1=0, sample_size_v2=0, ppl=2.8, wps=78.1, ups=0.24, wpb=320, bsz=64, num_updates=14100, lr=1.32548e-05, gnorm=10.105, clip=100, loss_scale=32, train_wall=41, gb_free=7.4, wall=82786
2023-04-02 23:47:53 - progress_bar.py[line:272] - INFO: epoch 008:    987 / 1878 loss=2.709, loss_v1=0, loss_v2=0, nll_loss=1.461, ntokens=320, nsentences=64, sample_size=320, sample_size_v1=0, sample_size_v2=0, ppl=2.75, wps=78.2, ups=0.24, wpb=320, bsz=64, num_updates=14110, lr=1.32265e-05, gnorm=10.946, clip=100, loss_scale=32, train_wall=41, gb_free=7.4, wall=82827
2023-04-02 23:48:34 - progress_bar.py[line:272] - INFO: epoch 008:    997 / 1878 loss=2.752, loss_v1=0, loss_v2=0, nll_loss=1.5, ntokens=320, nsentences=64, sample_size=320, sample_size_v1=0, sample_size_v2=0, ppl=2.83, wps=78.9, ups=0.25, wpb=320, bsz=64, num_updates=14120, lr=1.31981e-05, gnorm=11.356, clip=100, loss_scale=32, train_wall=40, gb_free=7.4, wall=82868
2023-04-02 23:49:15 - progress_bar.py[line:272] - INFO: epoch 008:   1007 / 1878 loss=2.72, loss_v1=0, loss_v2=0, nll_loss=1.467, ntokens=320, nsentences=64, sample_size=320, sample_size_v1=0, sample_size_v2=0, ppl=2.76, wps=78.4, ups=0.24, wpb=320, bsz=64, num_updates=14130, lr=1.31698e-05, gnorm=10.568, clip=100, loss_scale=32, train_wall=41, gb_free=7.4, wall=82909
2023-04-02 23:49:55 - progress_bar.py[line:272] - INFO: epoch 008:   1017 / 1878 loss=2.703, loss_v1=0, loss_v2=0, nll_loss=1.455, ntokens=320, nsentences=64, sample_size=320, sample_size_v1=0, sample_size_v2=0, ppl=2.74, wps=78.6, ups=0.25, wpb=320, bsz=64, num_updates=14140, lr=1.31415e-05, gnorm=11.174, clip=100, loss_scale=32, train_wall=40, gb_free=7.4, wall=82949
2023-04-02 23:50:36 - progress_bar.py[line:272] - INFO: epoch 008:   1027 / 1878 loss=2.72, loss_v1=0, loss_v2=0, nll_loss=1.473, ntokens=320, nsentences=64, sample_size=320, sample_size_v1=0, sample_size_v2=0, ppl=2.78, wps=78.6, ups=0.25, wpb=320, bsz=64, num_updates=14150, lr=1.31132e-05, gnorm=10.108, clip=100, loss_scale=32, train_wall=41, gb_free=7.4, wall=82990
2023-04-02 23:51:17 - progress_bar.py[line:272] - INFO: epoch 008:   1037 / 1878 loss=2.742, loss_v1=0, loss_v2=0, nll_loss=1.497, ntokens=320, nsentences=64, sample_size=320, sample_size_v1=0, sample_size_v2=0, ppl=2.82, wps=78.5, ups=0.25, wpb=320, bsz=64, num_updates=14160, lr=1.30849e-05, gnorm=10.437, clip=100, loss_scale=32, train_wall=40, gb_free=7.4, wall=83031
2023-04-02 23:51:57 - progress_bar.py[line:272] - INFO: epoch 008:   1047 / 1878 loss=2.729, loss_v1=0, loss_v2=0, nll_loss=1.48, ntokens=320, nsentences=64, sample_size=320, sample_size_v1=0, sample_size_v2=0, ppl=2.79, wps=79.2, ups=0.25, wpb=320, bsz=64, num_updates=14170, lr=1.30565e-05, gnorm=11.137, clip=100, loss_scale=32, train_wall=40, gb_free=7.4, wall=83071
2023-04-02 23:52:38 - progress_bar.py[line:272] - INFO: epoch 008:   1057 / 1878 loss=2.719, loss_v1=0, loss_v2=0, nll_loss=1.47, ntokens=320, nsentences=64, sample_size=320, sample_size_v1=0, sample_size_v2=0, ppl=2.77, wps=78.4, ups=0.25, wpb=320, bsz=64, num_updates=14180, lr=1.30282e-05, gnorm=10.135, clip=100, loss_scale=32, train_wall=41, gb_free=7.4, wall=83112
2023-04-02 23:53:19 - progress_bar.py[line:272] - INFO: epoch 008:   1067 / 1878 loss=2.698, loss_v1=0, loss_v2=0, nll_loss=1.449, ntokens=320, nsentences=64, sample_size=320, sample_size_v1=0, sample_size_v2=0, ppl=2.73, wps=78.5, ups=0.25, wpb=320, bsz=64, num_updates=14190, lr=1.29999e-05, gnorm=10.464, clip=100, loss_scale=32, train_wall=41, gb_free=7.4, wall=83153
2023-04-02 23:54:00 - progress_bar.py[line:272] - INFO: epoch 008:   1077 / 1878 loss=2.725, loss_v1=0, loss_v2=0, nll_loss=1.478, ntokens=320, nsentences=64, sample_size=320, sample_size_v1=0, sample_size_v2=0, ppl=2.79, wps=78.6, ups=0.25, wpb=320, bsz=64, num_updates=14200, lr=1.29716e-05, gnorm=10.651, clip=100, loss_scale=32, train_wall=40, gb_free=7.4, wall=83193
2023-04-02 23:54:40 - progress_bar.py[line:272] - INFO: epoch 008:   1087 / 1878 loss=2.714, loss_v1=0, loss_v2=0, nll_loss=1.467, ntokens=320, nsentences=64, sample_size=320, sample_size_v1=0, sample_size_v2=0, ppl=2.76, wps=78.3, ups=0.24, wpb=320, bsz=64, num_updates=14210, lr=1.29432e-05, gnorm=10.194, clip=100, loss_scale=32, train_wall=41, gb_free=7.4, wall=83234
2023-04-02 23:55:21 - progress_bar.py[line:272] - INFO: epoch 008:   1097 / 1878 loss=2.708, loss_v1=0, loss_v2=0, nll_loss=1.462, ntokens=320, nsentences=64, sample_size=320, sample_size_v1=0, sample_size_v2=0, ppl=2.75, wps=78.3, ups=0.24, wpb=320, bsz=64, num_updates=14220, lr=1.29149e-05, gnorm=9.768, clip=100, loss_scale=32, train_wall=41, gb_free=7.4, wall=83275
2023-04-02 23:56:02 - progress_bar.py[line:272] - INFO: epoch 008:   1107 / 1878 loss=2.721, loss_v1=0, loss_v2=0, nll_loss=1.473, ntokens=320, nsentences=64, sample_size=320, sample_size_v1=0, sample_size_v2=0, ppl=2.78, wps=78.3, ups=0.24, wpb=320, bsz=64, num_updates=14230, lr=1.28866e-05, gnorm=10.452, clip=100, loss_scale=32, train_wall=41, gb_free=7.4, wall=83316
2023-04-02 23:56:43 - progress_bar.py[line:272] - INFO: epoch 008:   1117 / 1878 loss=2.674, loss_v1=0, loss_v2=0, nll_loss=1.416, ntokens=320, nsentences=64, sample_size=320, sample_size_v1=0, sample_size_v2=0, ppl=2.67, wps=78.1, ups=0.24, wpb=320, bsz=64, num_updates=14240, lr=1.28583e-05, gnorm=10.39, clip=100, loss_scale=32, train_wall=41, gb_free=7.4, wall=83357
2023-04-02 23:57:24 - progress_bar.py[line:272] - INFO: epoch 008:   1127 / 1878 loss=2.686, loss_v1=0, loss_v2=0, nll_loss=1.436, ntokens=320, nsentences=64, sample_size=320, sample_size_v1=0, sample_size_v2=0, ppl=2.71, wps=77.9, ups=0.24, wpb=320, bsz=64, num_updates=14250, lr=1.283e-05, gnorm=9.94, clip=100, loss_scale=32, train_wall=41, gb_free=7.4, wall=83398
2023-04-02 23:58:05 - progress_bar.py[line:272] - INFO: epoch 008:   1137 / 1878 loss=2.709, loss_v1=0, loss_v2=0, nll_loss=1.46, ntokens=320, nsentences=64, sample_size=320, sample_size_v1=0, sample_size_v2=0, ppl=2.75, wps=77.7, ups=0.24, wpb=320, bsz=64, num_updates=14260, lr=1.28016e-05, gnorm=10.118, clip=100, loss_scale=32, train_wall=41, gb_free=7.4, wall=83439
2023-04-02 23:58:46 - progress_bar.py[line:272] - INFO: epoch 008:   1147 / 1878 loss=2.748, loss_v1=0, loss_v2=0, nll_loss=1.501, ntokens=320, nsentences=64, sample_size=320, sample_size_v1=0, sample_size_v2=0, ppl=2.83, wps=78, ups=0.24, wpb=320, bsz=64, num_updates=14270, lr=1.27733e-05, gnorm=10.386, clip=100, loss_scale=32, train_wall=41, gb_free=7.4, wall=83480
2023-04-02 23:59:27 - progress_bar.py[line:272] - INFO: epoch 008:   1157 / 1878 loss=2.741, loss_v1=0, loss_v2=0, nll_loss=1.491, ntokens=320, nsentences=64, sample_size=320, sample_size_v1=0, sample_size_v2=0, ppl=2.81, wps=78.2, ups=0.24, wpb=320, bsz=64, num_updates=14280, lr=1.2745e-05, gnorm=9.522, clip=100, loss_scale=32, train_wall=41, gb_free=7.4, wall=83521
2023-04-03 00:00:08 - progress_bar.py[line:272] - INFO: epoch 008:   1167 / 1878 loss=2.732, loss_v1=0, loss_v2=0, nll_loss=1.483, ntokens=320, nsentences=64, sample_size=320, sample_size_v1=0, sample_size_v2=0, ppl=2.8, wps=78.6, ups=0.25, wpb=320, bsz=64, num_updates=14290, lr=1.27167e-05, gnorm=10.415, clip=100, loss_scale=32, train_wall=40, gb_free=7.4, wall=83562
2023-04-03 00:00:49 - progress_bar.py[line:272] - INFO: epoch 008:   1177 / 1878 loss=2.707, loss_v1=0, loss_v2=0, nll_loss=1.46, ntokens=320, nsentences=64, sample_size=320, sample_size_v1=0, sample_size_v2=0, ppl=2.75, wps=78.4, ups=0.25, wpb=320, bsz=64, num_updates=14300, lr=1.26883e-05, gnorm=10.02, clip=100, loss_scale=32, train_wall=41, gb_free=7.4, wall=83603
2023-04-03 00:01:30 - progress_bar.py[line:272] - INFO: epoch 008:   1187 / 1878 loss=2.714, loss_v1=0, loss_v2=0, nll_loss=1.465, ntokens=320, nsentences=64, sample_size=320, sample_size_v1=0, sample_size_v2=0, ppl=2.76, wps=78.3, ups=0.24, wpb=320, bsz=64, num_updates=14310, lr=1.266e-05, gnorm=11.216, clip=100, loss_scale=32, train_wall=41, gb_free=7.4, wall=83644
2023-04-03 00:02:10 - progress_bar.py[line:272] - INFO: epoch 008:   1197 / 1878 loss=2.757, loss_v1=0, loss_v2=0, nll_loss=1.513, ntokens=320, nsentences=64, sample_size=320, sample_size_v1=0, sample_size_v2=0, ppl=2.85, wps=78.5, ups=0.25, wpb=320, bsz=64, num_updates=14320, lr=1.26317e-05, gnorm=12.476, clip=100, loss_scale=32, train_wall=41, gb_free=7.4, wall=83684
2023-04-03 00:02:51 - progress_bar.py[line:272] - INFO: epoch 008:   1207 / 1878 loss=2.709, loss_v1=0, loss_v2=0, nll_loss=1.459, ntokens=320, nsentences=64, sample_size=320, sample_size_v1=0, sample_size_v2=0, ppl=2.75, wps=78.2, ups=0.24, wpb=320, bsz=64, num_updates=14330, lr=1.26034e-05, gnorm=11.687, clip=100, loss_scale=32, train_wall=41, gb_free=7.4, wall=83725
2023-04-03 00:03:32 - progress_bar.py[line:272] - INFO: epoch 008:   1217 / 1878 loss=2.699, loss_v1=0, loss_v2=0, nll_loss=1.447, ntokens=320, nsentences=64, sample_size=320, sample_size_v1=0, sample_size_v2=0, ppl=2.73, wps=78.5, ups=0.25, wpb=320, bsz=64, num_updates=14340, lr=1.25751e-05, gnorm=10.766, clip=100, loss_scale=32, train_wall=40, gb_free=7.5, wall=83766
2023-04-03 00:04:13 - progress_bar.py[line:272] - INFO: epoch 008:   1227 / 1878 loss=2.695, loss_v1=0, loss_v2=0, nll_loss=1.443, ntokens=320, nsentences=64, sample_size=320, sample_size_v1=0, sample_size_v2=0, ppl=2.72, wps=77.6, ups=0.24, wpb=320, bsz=64, num_updates=14350, lr=1.25467e-05, gnorm=11.023, clip=100, loss_scale=32, train_wall=41, gb_free=7.4, wall=83807
2023-04-03 00:04:54 - progress_bar.py[line:272] - INFO: epoch 008:   1237 / 1878 loss=2.758, loss_v1=0, loss_v2=0, nll_loss=1.511, ntokens=320, nsentences=64, sample_size=320, sample_size_v1=0, sample_size_v2=0, ppl=2.85, wps=78.7, ups=0.25, wpb=320, bsz=64, num_updates=14360, lr=1.25184e-05, gnorm=11.075, clip=100, loss_scale=32, train_wall=40, gb_free=7.4, wall=83848
2023-04-03 00:05:35 - progress_bar.py[line:272] - INFO: epoch 008:   1247 / 1878 loss=2.67, loss_v1=0, loss_v2=0, nll_loss=1.414, ntokens=320, nsentences=64, sample_size=320, sample_size_v1=0, sample_size_v2=0, ppl=2.67, wps=78.2, ups=0.24, wpb=320, bsz=64, num_updates=14370, lr=1.24901e-05, gnorm=10.214, clip=100, loss_scale=32, train_wall=41, gb_free=7.4, wall=83889
2023-04-03 00:06:16 - progress_bar.py[line:272] - INFO: epoch 008:   1257 / 1878 loss=2.69, loss_v1=0, loss_v2=0, nll_loss=1.437, ntokens=320, nsentences=64, sample_size=320, sample_size_v1=0, sample_size_v2=0, ppl=2.71, wps=78.5, ups=0.25, wpb=320, bsz=64, num_updates=14380, lr=1.24618e-05, gnorm=9.965, clip=100, loss_scale=32, train_wall=40, gb_free=7.4, wall=83930
2023-04-03 00:06:57 - progress_bar.py[line:272] - INFO: epoch 008:   1267 / 1878 loss=2.712, loss_v1=0, loss_v2=0, nll_loss=1.462, ntokens=320, nsentences=64, sample_size=320, sample_size_v1=0, sample_size_v2=0, ppl=2.76, wps=78.2, ups=0.24, wpb=320, bsz=64, num_updates=14390, lr=1.24334e-05, gnorm=11.158, clip=100, loss_scale=32, train_wall=41, gb_free=7.4, wall=83970
2023-04-03 00:07:37 - progress_bar.py[line:272] - INFO: epoch 008:   1277 / 1878 loss=2.667, loss_v1=0, loss_v2=0, nll_loss=1.414, ntokens=320, nsentences=64, sample_size=320, sample_size_v1=0, sample_size_v2=0, ppl=2.66, wps=78.6, ups=0.25, wpb=320, bsz=64, num_updates=14400, lr=1.24051e-05, gnorm=10.875, clip=100, loss_scale=32, train_wall=40, gb_free=7.4, wall=84011
2023-04-03 00:08:18 - progress_bar.py[line:272] - INFO: epoch 008:   1287 / 1878 loss=2.699, loss_v1=0, loss_v2=0, nll_loss=1.444, ntokens=320, nsentences=64, sample_size=320, sample_size_v1=0, sample_size_v2=0, ppl=2.72, wps=78.6, ups=0.25, wpb=320, bsz=64, num_updates=14410, lr=1.23768e-05, gnorm=11.359, clip=100, loss_scale=32, train_wall=41, gb_free=7.4, wall=84052
2023-04-03 00:08:59 - progress_bar.py[line:272] - INFO: epoch 008:   1297 / 1878 loss=2.689, loss_v1=0, loss_v2=0, nll_loss=1.436, ntokens=320, nsentences=64, sample_size=320, sample_size_v1=0, sample_size_v2=0, ppl=2.71, wps=78.5, ups=0.25, wpb=320, bsz=64, num_updates=14420, lr=1.23485e-05, gnorm=11.278, clip=100, loss_scale=32, train_wall=41, gb_free=7.4, wall=84093
2023-04-03 00:09:40 - progress_bar.py[line:272] - INFO: epoch 008:   1307 / 1878 loss=2.721, loss_v1=0, loss_v2=0, nll_loss=1.467, ntokens=320, nsentences=64, sample_size=320, sample_size_v1=0, sample_size_v2=0, ppl=2.76, wps=78.6, ups=0.25, wpb=320, bsz=64, num_updates=14430, lr=1.23202e-05, gnorm=10.338, clip=100, loss_scale=32, train_wall=40, gb_free=7.4, wall=84133
2023-04-03 00:10:20 - progress_bar.py[line:272] - INFO: epoch 008:   1317 / 1878 loss=2.713, loss_v1=0, loss_v2=0, nll_loss=1.462, ntokens=320, nsentences=64, sample_size=320, sample_size_v1=0, sample_size_v2=0, ppl=2.76, wps=78.2, ups=0.24, wpb=320, bsz=64, num_updates=14440, lr=1.22918e-05, gnorm=10.306, clip=100, loss_scale=32, train_wall=41, gb_free=7.4, wall=84174
2023-04-03 00:11:01 - progress_bar.py[line:272] - INFO: epoch 008:   1327 / 1878 loss=2.672, loss_v1=0, loss_v2=0, nll_loss=1.417, ntokens=320, nsentences=64, sample_size=320, sample_size_v1=0, sample_size_v2=0, ppl=2.67, wps=78.4, ups=0.24, wpb=320, bsz=64, num_updates=14450, lr=1.22635e-05, gnorm=10.545, clip=100, loss_scale=32, train_wall=41, gb_free=7.4, wall=84215
2023-04-03 00:11:42 - progress_bar.py[line:272] - INFO: epoch 008:   1337 / 1878 loss=2.668, loss_v1=0, loss_v2=0, nll_loss=1.411, ntokens=320, nsentences=64, sample_size=320, sample_size_v1=0, sample_size_v2=0, ppl=2.66, wps=78.3, ups=0.24, wpb=320, bsz=64, num_updates=14460, lr=1.22352e-05, gnorm=9.367, clip=100, loss_scale=32, train_wall=41, gb_free=7.4, wall=84256
2023-04-03 00:12:23 - progress_bar.py[line:272] - INFO: epoch 008:   1347 / 1878 loss=2.665, loss_v1=0, loss_v2=0, nll_loss=1.408, ntokens=320, nsentences=64, sample_size=320, sample_size_v1=0, sample_size_v2=0, ppl=2.65, wps=78.5, ups=0.25, wpb=320, bsz=64, num_updates=14470, lr=1.22069e-05, gnorm=10.452, clip=100, loss_scale=32, train_wall=41, gb_free=7.4, wall=84297
2023-04-03 00:13:04 - progress_bar.py[line:272] - INFO: epoch 008:   1357 / 1878 loss=2.686, loss_v1=0, loss_v2=0, nll_loss=1.428, ntokens=320, nsentences=64, sample_size=320, sample_size_v1=0, sample_size_v2=0, ppl=2.69, wps=78.4, ups=0.25, wpb=320, bsz=64, num_updates=14480, lr=1.21785e-05, gnorm=10.057, clip=100, loss_scale=32, train_wall=41, gb_free=7.4, wall=84338
2023-04-03 00:13:44 - progress_bar.py[line:272] - INFO: epoch 008:   1367 / 1878 loss=2.703, loss_v1=0, loss_v2=0, nll_loss=1.449, ntokens=320, nsentences=64, sample_size=320, sample_size_v1=0, sample_size_v2=0, ppl=2.73, wps=78.7, ups=0.25, wpb=320, bsz=64, num_updates=14490, lr=1.21502e-05, gnorm=11.514, clip=100, loss_scale=32, train_wall=40, gb_free=7.4, wall=84378
slice_id 1 seek offset 5379
2023-04-03 00:14:25 - progress_bar.py[line:272] - INFO: epoch 008:   1377 / 1878 loss=2.72, loss_v1=0, loss_v2=0, nll_loss=1.473, ntokens=320, nsentences=64, sample_size=320, sample_size_v1=0, sample_size_v2=0, ppl=2.78, wps=78.3, ups=0.24, wpb=320, bsz=64, num_updates=14500, lr=1.21219e-05, gnorm=10.656, clip=100, loss_scale=32, train_wall=41, gb_free=7.4, wall=84419
2023-04-03 00:14:25 - train.py[line:445] - INFO: begin validation on "valid" subset
slice_id 0 seek offset 0
slice_id 0 seek offset 0
slice_id 1 seek offset 5379
