/home/grads/mogunleye/.conda/envs/ofa1/lib/python3.9/site-packages/torch/distributed/launch.py:180: FutureWarning: The module torch.distributed.launch is deprecated
and will be removed in future. Use torchrun.
Note that --use_env is set by default in torchrun.
If your script expects `--local_rank` argument to be set, please
change it to read from `os.environ['LOCAL_RANK']` instead. See 
https://pytorch.org/docs/stable/distributed.html#launch-utility for 
further instructions

  warnings.warn(
WARNING:torch.distributed.run:
*****************************************
Setting OMP_NUM_THREADS environment variable for each process to be 1 in default, to avoid your system being overloaded, please further tune the variable for optimal performance in your application as needed. 
*****************************************
2023-05-16 15:29:18 - instantiator.py[line:21] - INFO: Created a temporary directory at /tmp/tmp38xpi8l_
2023-05-16 15:29:18 - instantiator.py[line:76] - INFO: Writing /tmp/tmp38xpi8l_/_remote_module_non_scriptable.py
2023-05-16 15:29:18 - instantiator.py[line:21] - INFO: Created a temporary directory at /tmp/tmp_20smvu1
2023-05-16 15:29:18 - instantiator.py[line:76] - INFO: Writing /tmp/tmp_20smvu1/_remote_module_non_scriptable.py
2023-05-16 15:29:18 - instantiator.py[line:21] - INFO: Created a temporary directory at /tmp/tmpsxoyjenp
2023-05-16 15:29:18 - instantiator.py[line:76] - INFO: Writing /tmp/tmpsxoyjenp/_remote_module_non_scriptable.py
2023-05-16 15:29:18 - instantiator.py[line:21] - INFO: Created a temporary directory at /tmp/tmp_yec2r27
2023-05-16 15:29:18 - instantiator.py[line:76] - INFO: Writing /tmp/tmp_yec2r27/_remote_module_non_scriptable.py
device =  2
2023-05-16 15:29:25 - utils.py[line:255] - INFO: distributed init (rank 2): env://
2023-05-16 15:29:25 - utils.py[line:261] - INFO: Start init
2023-05-16 15:29:25 - distributed_c10d.py[line:319] - INFO: Added key: store_based_barrier_key:1 to store for rank: 2
device =  0
2023-05-16 15:29:25 - utils.py[line:255] - INFO: distributed init (rank 0): env://
2023-05-16 15:29:25 - utils.py[line:261] - INFO: Start init
2023-05-16 15:29:25 - distributed_c10d.py[line:319] - INFO: Added key: store_based_barrier_key:1 to store for rank: 0
device =  1
2023-05-16 15:29:25 - utils.py[line:255] - INFO: distributed init (rank 1): env://
2023-05-16 15:29:25 - utils.py[line:261] - INFO: Start init
2023-05-16 15:29:25 - distributed_c10d.py[line:319] - INFO: Added key: store_based_barrier_key:1 to store for rank: 1
device =  3
2023-05-16 15:29:25 - utils.py[line:255] - INFO: distributed init (rank 3): env://
2023-05-16 15:29:25 - utils.py[line:261] - INFO: Start init
2023-05-16 15:29:25 - distributed_c10d.py[line:319] - INFO: Added key: store_based_barrier_key:1 to store for rank: 3
2023-05-16 15:29:25 - distributed_c10d.py[line:353] - INFO: Rank 1: Completed store-based barrier for key:store_based_barrier_key:1 with 4 nodes.
2023-05-16 15:29:25 - distributed_c10d.py[line:353] - INFO: Rank 3: Completed store-based barrier for key:store_based_barrier_key:1 with 4 nodes.
2023-05-16 15:29:25 - utils.py[line:271] - INFO: initialized host plan as rank 1
single-machine distributed training is initialized.
2023-05-16 15:29:25 - utils.py[line:271] - INFO: initialized host plan as rank 3
single-machine distributed training is initialized.
2023-05-16 15:29:25 - distributed_c10d.py[line:353] - INFO: Rank 2: Completed store-based barrier for key:store_based_barrier_key:1 with 4 nodes.
2023-05-16 15:29:25 - utils.py[line:271] - INFO: initialized host plan as rank 2
single-machine distributed training is initialized.
2023-05-16 15:29:25 - distributed_c10d.py[line:353] - INFO: Rank 0: Completed store-based barrier for key:store_based_barrier_key:1 with 4 nodes.
2023-05-16 15:29:25 - utils.py[line:271] - INFO: initialized host plan as rank 0
single-machine distributed training is initialized.
2023-05-16 15:29:30 - train.py[line:77] - INFO: {'_name': None, 'common': {'_name': None, 'no_progress_bar': False, 'log_interval': 10, 'log_format': 'simple', 'log_file': None, 'tensorboard_logdir': None, 'wandb_project': None, 'azureml_logging': False, 'seed': 1, 'cpu': False, 'tpu': False, 'bf16': False, 'memory_efficient_bf16': False, 'fp16': True, 'memory_efficient_fp16': False, 'fp16_no_flatten_grads': False, 'fp16_init_scale': 128, 'fp16_scale_window': 512, 'fp16_scale_tolerance': 0.0, 'on_cpu_convert_precision': False, 'min_loss_scale': 0.0001, 'threshold_loss_scale': None, 'amp': False, 'amp_batch_retries': 2, 'amp_init_scale': 128, 'amp_scale_window': None, 'user_dir': '../../ofa_module', 'empty_cache_freq': 0, 'all_gather_list_size': 16384, 'model_parallel_size': 1, 'quantization_config_path': None, 'profile': False, 'reset_logging': False, 'suppress_crashes': False, 'use_plasma_view': False, 'plasma_path': '/tmp/plasma'}, 'common_eval': {'_name': None, 'path': None, 'post_process': None, 'quiet': False, 'model_overrides': '{}', 'results_path': None}, 'distributed_training': {'_name': None, 'distributed_world_size': 4, 'distributed_num_procs': 4, 'distributed_rank': 0, 'distributed_backend': 'nccl', 'distributed_init_method': 'env://', 'distributed_port': -1, 'device_id': 0, 'distributed_no_spawn': True, 'ddp_backend': 'pytorch_ddp', 'ddp_comm_hook': 'none', 'bucket_cap_mb': 25, 'fix_batches_to_gpus': False, 'find_unused_parameters': True, 'gradient_as_bucket_view': False, 'fast_stat_sync': False, 'heartbeat_timeout': -1, 'broadcast_buffers': False, 'slowmo_momentum': None, 'slowmo_algorithm': 'LocalSGD', 'localsgd_frequency': 3, 'nprocs_per_node': 4, 'pipeline_model_parallel': False, 'pipeline_balance': None, 'pipeline_devices': None, 'pipeline_chunks': 0, 'pipeline_encoder_balance': None, 'pipeline_encoder_devices': None, 'pipeline_decoder_balance': None, 'pipeline_decoder_devices': None, 'pipeline_checkpoint': 'never', 'zero_sharding': 'none', 'fp16': True, 'memory_efficient_fp16': False, 'tpu': False, 'no_reshard_after_forward': False, 'fp32_reduce_scatter': False, 'cpu_offload': False, 'use_sharded_state': False}, 'dataset': {'_name': None, 'num_workers': 0, 'skip_invalid_size_inputs_valid_test': False, 'max_tokens': None, 'batch_size': 4, 'required_batch_size_multiple': 8, 'required_seq_len_multiple': 1, 'dataset_impl': None, 'data_buffer_size': 10, 'train_subset': 'train', 'valid_subset': 'valid', 'combine_valid_subsets': None, 'ignore_unused_valid_subsets': False, 'validate_interval': 1, 'validate_interval_updates': 500, 'validate_after_updates': 0, 'fixed_validation_seed': 7, 'disable_validation': False, 'max_tokens_valid': None, 'batch_size_valid': 4, 'max_valid_steps': None, 'curriculum': 0, 'gen_subset': 'test', 'num_shards': 1, 'shard_id': 0}, 'optimization': {'_name': None, 'max_epoch': 5, 'max_update': 0, 'stop_time_hours': 0.0, 'clip_norm': 1.0, 'sentence_avg': False, 'update_freq': [8], 'lr': [5e-05], 'stop_min_lr': -1.0, 'use_bmuf': False}, 'checkpoint': {'_name': None, 'save_dir': './EC_50k_checkpoints/5_5e-5', 'restore_file': '../../run_scripts/pretraining/checkpoints_EC/checkpoint_17_492000.pt', 'finetune_from_model': None, 'reset_dataloader': True, 'reset_lr_scheduler': False, 'reset_meters': True, 'reset_optimizer': True, 'optimizer_overrides': '{}', 'save_interval': 1, 'save_interval_updates': 500, 'keep_interval_updates': -1, 'keep_interval_updates_pattern': -1, 'keep_last_epochs': -1, 'keep_best_checkpoints': 1, 'no_save': False, 'no_epoch_checkpoints': False, 'no_last_checkpoints': False, 'no_save_optimizer_state': False, 'best_checkpoint_metric': 'snli_score', 'maximize_best_checkpoint_metric': True, 'patience': -1, 'checkpoint_suffix': '', 'checkpoint_shard_count': 1, 'load_checkpoint_on_all_dp_ranks': False, 'write_checkpoints_asynchronously': False, 'model_parallel_size': 1, 'use_ema_weights_to_init_param': False, 'use_latest_weights_to_init_ema': False}, 'bmuf': {'_name': None, 'block_lr': 1.0, 'block_momentum': 0.875, 'global_sync_iter': 50, 'warmup_iterations': 500, 'use_nbm': False, 'average_sync': False, 'distributed_world_size': 4}, 'generation': {'_name': None, 'beam': 5, 'nbest': 1, 'max_len_a': 0.0, 'max_len_b': 200, 'min_len': 1, 'match_source_len': False, 'unnormalized': False, 'no_early_stop': False, 'no_beamable_mm': False, 'lenpen': 1.0, 'unkpen': 0.0, 'replace_unk': None, 'sacrebleu': False, 'score_reference': False, 'prefix_size': 0, 'no_repeat_ngram_size': 0, 'sampling': False, 'sampling_topk': -1, 'sampling_topp': -1.0, 'constraints': None, 'temperature': 1.0, 'diverse_beam_groups': -1, 'diverse_beam_strength': 0.5, 'diversity_rate': -1.0, 'print_alignment': None, 'print_step': False, 'lm_path': None, 'lm_weight': 0.0, 'iter_decode_eos_penalty': 0.0, 'iter_decode_max_iter': 10, 'iter_decode_force_max_iter': False, 'iter_decode_with_beam': 1, 'iter_decode_with_external_reranker': False, 'retain_iter_history': False, 'retain_dropout': False, 'retain_dropout_modules': None, 'decoding_format': None, 'no_seed_provided': False}, 'eval_lm': {'_name': None, 'output_word_probs': False, 'output_word_stats': False, 'context_window': 0, 'softmax_batch': 9223372036854775807}, 'interactive': {'_name': None, 'buffer_size': 0, 'input': '-'}, 'model': Namespace(no_progress_bar=False, log_interval=10, log_format='simple', log_file=None, tensorboard_logdir=None, wandb_project=None, azureml_logging=False, seed=1, cpu=False, tpu=False, bf16=False, memory_efficient_bf16=False, fp16=True, memory_efficient_fp16=False, fp16_no_flatten_grads=False, fp16_init_scale=128, fp16_scale_window=512, fp16_scale_tolerance=0.0, on_cpu_convert_precision=False, min_loss_scale=0.0001, threshold_loss_scale=None, amp=False, amp_batch_retries=2, amp_init_scale=128, amp_scale_window=None, user_dir='../../ofa_module', empty_cache_freq=0, all_gather_list_size=16384, model_parallel_size=1, quantization_config_path=None, profile=False, reset_logging=False, suppress_crashes=False, use_plasma_view=False, plasma_path='/tmp/plasma', criterion='adjust_label_smoothed_cross_entropy', tokenizer=None, bpe=None, optimizer='adam', lr_scheduler='polynomial_decay', simul_type=None, scoring='bleu', task='snli_ve', num_workers=0, skip_invalid_size_inputs_valid_test=False, max_tokens=None, batch_size=4, required_batch_size_multiple=8, required_seq_len_multiple=1, dataset_impl=None, data_buffer_size=10, train_subset='train', valid_subset='valid', combine_valid_subsets=None, ignore_unused_valid_subsets=False, validate_interval=1, validate_interval_updates=500, validate_after_updates=0, fixed_validation_seed=7, disable_validation=False, max_tokens_valid=None, batch_size_valid=4, max_valid_steps=None, curriculum=0, gen_subset='test', num_shards=1, shard_id=0, distributed_world_size=4, distributed_num_procs=4, distributed_rank=0, distributed_backend='nccl', distributed_init_method=None, distributed_port=-1, device_id=0, distributed_no_spawn=False, ddp_backend='pytorch_ddp', ddp_comm_hook='none', bucket_cap_mb=25, fix_batches_to_gpus=False, find_unused_parameters=True, gradient_as_bucket_view=False, fast_stat_sync=False, heartbeat_timeout=-1, broadcast_buffers=False, slowmo_momentum=None, slowmo_algorithm='LocalSGD', localsgd_frequency=3, nprocs_per_node=4, pipeline_model_parallel=False, pipeline_balance=None, pipeline_devices=None, pipeline_chunks=0, pipeline_encoder_balance=None, pipeline_encoder_devices=None, pipeline_decoder_balance=None, pipeline_decoder_devices=None, pipeline_checkpoint='never', zero_sharding='none', no_reshard_after_forward=False, fp32_reduce_scatter=False, cpu_offload=False, use_sharded_state=False, arch='ofa_base', max_epoch=5, max_update=0, stop_time_hours=0, clip_norm=1.0, sentence_avg=False, update_freq=[8], lr=[5e-05], stop_min_lr=-1.0, use_bmuf=False, save_dir='./EC_50k_checkpoints/5_5e-5', restore_file='../../run_scripts/pretraining/checkpoints_EC/checkpoint_17_492000.pt', finetune_from_model=None, reset_dataloader=True, reset_lr_scheduler=False, reset_meters=True, reset_optimizer=True, optimizer_overrides='{}', save_interval=1, save_interval_updates=500, keep_interval_updates=-1, keep_interval_updates_pattern=-1, keep_last_epochs=-1, keep_best_checkpoints=1, no_save=False, no_epoch_checkpoints=False, no_last_checkpoints=False, no_save_optimizer_state=False, best_checkpoint_metric='snli_score', maximize_best_checkpoint_metric=True, patience=-1, checkpoint_suffix='', checkpoint_shard_count=1, load_checkpoint_on_all_dp_ranks=False, write_checkpoints_asynchronously=False, use_ema_weights_to_init_param=False, use_latest_weights_to_init_ema=False, store_ema=False, ema_decay=0.9999, ema_start_update=0, ema_seed_model=None, ema_update_freq=1, ema_fp32=False, bitfit=False, no_token_positional_embeddings=False, no_cross_attention=False, cross_self_attention=False, encoder_layerdrop=0, decoder_layerdrop=0, encoder_layers_to_keep=None, decoder_layers_to_keep=None, quant_noise_pq=0, quant_noise_pq_block_size=8, quant_noise_scalar=0, min_params_to_wrap=100000000, data='../../dataset/snli_ve_data/snlvi50k.tsv,../../dataset/snli_ve_data/snli_ve_dev.tsv', selected_cols='0,2,3,4,5', bpe_dir='../../utils/BPE', max_source_positions=1024, max_target_positions=1024, max_src_length=80, max_tgt_length=20, code_dict_size=8192, patch_image_size=480, orig_patch_image_size=256, num_bins=1000, imagenet_default_mean_and_std=False, constraint_range=None, ans2label_dict='{"no": 0, "yes":1, "maybe": 2}', add_caption=True, valid_batch_size=20, prompt_type='prev_output', label_smoothing=0.0, report_accuracy=False, ignore_prefix_size=0, ignore_eos=False, drop_worst_ratio=0.0, drop_worst_after=0, use_rdrop=False, reg_alpha=1.0, sample_patch_num=196, adam_betas='(0.9,0.999)', adam_eps=1e-08, weight_decay=0.01, use_old_adam=False, fp16_adam_stats=False, warmup_updates=0, warmup_ratio=0.06, force_anneal=None, end_learning_rate=0.0, power=1.0, total_num_update=1000000, pad=1, eos=2, unk=3, encoder_normalize_before=True, decoder_normalize_before=True, share_decoder_input_output_embed=True, share_all_embeddings=True, layernorm_embedding=True, patch_layernorm_embedding=True, code_layernorm_embedding=True, resnet_drop_path_rate=0.0, encoder_drop_path_rate=0.1, decoder_drop_path_rate=0.1, dropout=0.1, attention_dropout=0.0, add_type_embedding=True, scale_attn=True, scale_fc=True, scale_heads=True, disable_entangle=True, no_seed_provided=False, encoder_embed_dim=768, encoder_ffn_embed_dim=3072, encoder_layers=6, encoder_attention_heads=12, decoder_layers=6, decoder_attention_heads=12, resnet_type='resnet101', encoder_embed_path=None, encoder_learned_pos=True, decoder_embed_path=None, decoder_embed_dim=768, decoder_ffn_embed_dim=3072, decoder_learned_pos=True, relu_dropout=0.0, adaptive_softmax_cutoff=None, adaptive_softmax_dropout=0, decoder_output_dim=768, decoder_input_dim=768, no_scale_embedding=True, activation_fn='gelu', pooler_activation_fn='tanh', pooler_dropout=0.0, pooler_classifier='mlp', token_bucket_size=256, image_bucket_size=42, freeze_encoder_embedding=False, freeze_decoder_embedding=False, attn_scale_factor=2, code_image_size=128, entangle_position_embedding=False, sync_bn=False, scale_resids=False, _name='ofa_base'), 'task': {'_name': 'snli_ve', 'data': '../../dataset/snli_ve_data/snlvi50k.tsv,../../dataset/snli_ve_data/snli_ve_dev.tsv', 'selected_cols': '0,2,3,4,5', 'bpe': None, 'bpe_dir': '../../utils/BPE', 'max_source_positions': 1024, 'max_target_positions': 1024, 'max_src_length': 80, 'max_tgt_length': 20, 'code_dict_size': 8192, 'patch_image_size': 480, 'orig_patch_image_size': 256, 'num_bins': 1000, 'imagenet_default_mean_and_std': False, 'constraint_range': None, 'ans2label_dict': '{"no": 0, "yes":1, "maybe": 2}', 'add_caption': True, 'valid_batch_size': 20, 'prompt_type': 'prev_output'}, 'criterion': {'_name': 'adjust_label_smoothed_cross_entropy', 'label_smoothing': 0.0, 'report_accuracy': False, 'ignore_prefix_size': 0, 'ignore_eos': False, 'sentence_avg': False, 'drop_worst_ratio': 0.0, 'drop_worst_after': 0, 'use_rdrop': False, 'reg_alpha': 1.0, 'sample_patch_num': 196, 'constraint_range': None}, 'optimizer': {'_name': 'adam', 'adam_betas': '(0.9,0.999)', 'adam_eps': 1e-08, 'weight_decay': 0.01, 'use_old_adam': False, 'fp16_adam_stats': False, 'tpu': False, 'lr': [5e-05]}, 'lr_scheduler': {'_name': 'polynomial_decay', 'warmup_updates': 0, 'warmup_ratio': 0.06, 'force_anneal': None, 'end_learning_rate': 0.0, 'power': 1.0, 'total_num_update': 1000000.0, 'lr': [5e-05]}, 'scoring': {'_name': 'bleu', 'pad': 1, 'eos': 2, 'unk': 3}, 'bpe': None, 'tokenizer': None, 'ema': {'_name': None, 'store_ema': False, 'ema_decay': 0.9999, 'ema_start_update': 0, 'ema_seed_model': None, 'ema_update_freq': 1, 'ema_fp32': False}, 'simul_type': None}
2023-05-16 15:29:30 - ofa_task.py[line:109] - INFO: source dictionary: 59457 types
2023-05-16 15:29:30 - ofa_task.py[line:110] - INFO: target dictionary: 59457 types
/home/grads/mogunleye/.conda/envs/ofa1/lib/python3.9/site-packages/torch/functional.py:504: UserWarning: torch.meshgrid: in an upcoming release, it will be required to pass the indexing argument. (Triggered internally at /opt/conda/conda-bld/pytorch_1666643016022/work/aten/src/ATen/native/TensorShape.cpp:3190.)
  return _VF.meshgrid(tensors, **kwargs)  # type: ignore[attr-defined]
/home/grads/mogunleye/.conda/envs/ofa1/lib/python3.9/site-packages/torch/functional.py:504: UserWarning: torch.meshgrid: in an upcoming release, it will be required to pass the indexing argument. (Triggered internally at /opt/conda/conda-bld/pytorch_1666643016022/work/aten/src/ATen/native/TensorShape.cpp:3190.)
  return _VF.meshgrid(tensors, **kwargs)  # type: ignore[attr-defined]
/home/grads/mogunleye/.conda/envs/ofa1/lib/python3.9/site-packages/torch/functional.py:504: UserWarning: torch.meshgrid: in an upcoming release, it will be required to pass the indexing argument. (Triggered internally at /opt/conda/conda-bld/pytorch_1666643016022/work/aten/src/ATen/native/TensorShape.cpp:3190.)
  return _VF.meshgrid(tensors, **kwargs)  # type: ignore[attr-defined]
/home/grads/mogunleye/.conda/envs/ofa1/lib/python3.9/site-packages/torch/functional.py:504: UserWarning: torch.meshgrid: in an upcoming release, it will be required to pass the indexing argument. (Triggered internally at /opt/conda/conda-bld/pytorch_1666643016022/work/aten/src/ATen/native/TensorShape.cpp:3190.)
  return _VF.meshgrid(tensors, **kwargs)  # type: ignore[attr-defined]
local datafile ../../dataset/snli_ve_data/snli_ve_dev.tsv slice_id 2 begin to initialize row_count and line_idx-to-offset mapping
local datafile ../../dataset/snli_ve_data/snli_ve_dev.tsv slice_id 1 begin to initialize row_count and line_idx-to-offset mapping
2023-05-16 15:29:37 - train.py[line:110] - INFO: OFAModel(
  (encoder): TransformerEncoder(
    (encoder_dropout): Dropout(p=0.2, inplace=False)
    (dropout_module): FairseqDropout()
    (embed_tokens): Embedding(59457, 768, padding_idx=1)
    (layernorm_embedding): LayerNorm((768,), eps=1e-05, elementwise_affine=True)
    (type_embedding): Embedding(2, 768)
    (embed_images): ResNet(
      (conv1): Conv2d(3, 64, kernel_size=(7, 7), stride=(2, 2), padding=(3, 3), bias=False)
      (bn1): BatchNorm2d(64, eps=1e-05, momentum=0.1, affine=True, track_running_stats=True)
      (relu): ReLU(inplace=True)
      (maxpool): MaxPool2d(kernel_size=3, stride=2, padding=1, dilation=1, ceil_mode=False)
      (layer1): Sequential(
        (0): Bottleneck(
          (conv1): Conv2d(64, 64, kernel_size=(1, 1), stride=(1, 1), bias=False)
          (bn1): BatchNorm2d(64, eps=1e-05, momentum=0.1, affine=True, track_running_stats=True)
          (conv2): Conv2d(64, 64, kernel_size=(3, 3), stride=(1, 1), padding=(1, 1), bias=False)
          (bn2): BatchNorm2d(64, eps=1e-05, momentum=0.1, affine=True, track_running_stats=True)
          (conv3): Conv2d(64, 256, kernel_size=(1, 1), stride=(1, 1), bias=False)
          (bn3): BatchNorm2d(256, eps=1e-05, momentum=0.1, affine=True, track_running_stats=True)
          (relu): ReLU(inplace=True)
          (downsample): Sequential(
            (0): Conv2d(64, 256, kernel_size=(1, 1), stride=(1, 1), bias=False)
            (1): BatchNorm2d(256, eps=1e-05, momentum=0.1, affine=True, track_running_stats=True)
          )
          (drop_path): Identity()
        )
        (1): Bottleneck(
          (conv1): Conv2d(256, 64, kernel_size=(1, 1), stride=(1, 1), bias=False)
          (bn1): BatchNorm2d(64, eps=1e-05, momentum=0.1, affine=True, track_running_stats=True)
          (conv2): Conv2d(64, 64, kernel_size=(3, 3), stride=(1, 1), padding=(1, 1), bias=False)
          (bn2): BatchNorm2d(64, eps=1e-05, momentum=0.1, affine=True, track_running_stats=True)
          (conv3): Conv2d(64, 256, kernel_size=(1, 1), stride=(1, 1), bias=False)
          (bn3): BatchNorm2d(256, eps=1e-05, momentum=0.1, affine=True, track_running_stats=True)
          (relu): ReLU(inplace=True)
          (drop_path): Identity()
        )
        (2): Bottleneck(
          (conv1): Conv2d(256, 64, kernel_size=(1, 1), stride=(1, 1), bias=False)
          (bn1): BatchNorm2d(64, eps=1e-05, momentum=0.1, affine=True, track_running_stats=True)
          (conv2): Conv2d(64, 64, kernel_size=(3, 3), stride=(1, 1), padding=(1, 1), bias=False)
          (bn2): BatchNorm2d(64, eps=1e-05, momentum=0.1, affine=True, track_running_stats=True)
          (conv3): Conv2d(64, 256, kernel_size=(1, 1), stride=(1, 1), bias=False)
          (bn3): BatchNorm2d(256, eps=1e-05, momentum=0.1, affine=True, track_running_stats=True)
          (relu): ReLU(inplace=True)
          (drop_path): Identity()
        )
      )
      (layer2): Sequential(
        (0): Bottleneck(
          (conv1): Conv2d(256, 128, kernel_size=(1, 1), stride=(1, 1), bias=False)
          (bn1): BatchNorm2d(128, eps=1e-05, momentum=0.1, affine=True, track_running_stats=True)
          (conv2): Conv2d(128, 128, kernel_size=(3, 3), stride=(2, 2), padding=(1, 1), bias=False)
          (bn2): BatchNorm2d(128, eps=1e-05, momentum=0.1, affine=True, track_running_stats=True)
          (conv3): Conv2d(128, 512, kernel_size=(1, 1), stride=(1, 1), bias=False)
          (bn3): BatchNorm2d(512, eps=1e-05, momentum=0.1, affine=True, track_running_stats=True)
          (relu): ReLU(inplace=True)
          (downsample): Sequential(
            (0): Conv2d(256, 512, kernel_size=(1, 1), stride=(2, 2), bias=False)
            (1): BatchNorm2d(512, eps=1e-05, momentum=0.1, affine=True, track_running_stats=True)
          )
          (drop_path): Identity()
        )
        (1): Bottleneck(
          (conv1): Conv2d(512, 128, kernel_size=(1, 1), stride=(1, 1), bias=False)
          (bn1): BatchNorm2d(128, eps=1e-05, momentum=0.1, affine=True, track_running_stats=True)
          (conv2): Conv2d(128, 128, kernel_size=(3, 3), stride=(1, 1), padding=(1, 1), bias=False)
          (bn2): BatchNorm2d(128, eps=1e-05, momentum=0.1, affine=True, track_running_stats=True)
          (conv3): Conv2d(128, 512, kernel_size=(1, 1), stride=(1, 1), bias=False)
          (bn3): BatchNorm2d(512, eps=1e-05, momentum=0.1, affine=True, track_running_stats=True)
          (relu): ReLU(inplace=True)
          (drop_path): Identity()
        )
        (2): Bottleneck(
          (conv1): Conv2d(512, 128, kernel_size=(1, 1), stride=(1, 1), bias=False)
          (bn1): BatchNorm2d(128, eps=1e-05, momentum=0.1, affine=True, track_running_stats=True)
          (conv2): Conv2d(128, 128, kernel_size=(3, 3), stride=(1, 1), padding=(1, 1), bias=False)
          (bn2): BatchNorm2d(128, eps=1e-05, momentum=0.1, affine=True, track_running_stats=True)
          (conv3): Conv2d(128, 512, kernel_size=(1, 1), stride=(1, 1), bias=False)
          (bn3): BatchNorm2d(512, eps=1e-05, momentum=0.1, affine=True, track_running_stats=True)
          (relu): ReLU(inplace=True)
          (drop_path): Identity()
        )
        (3): Bottleneck(
          (conv1): Conv2d(512, 128, kernel_size=(1, 1), stride=(1, 1), bias=False)
          (bn1): BatchNorm2d(128, eps=1e-05, momentum=0.1, affine=True, track_running_stats=True)
          (conv2): Conv2d(128, 128, kernel_size=(3, 3), stride=(1, 1), padding=(1, 1), bias=False)
          (bn2): BatchNorm2d(128, eps=1e-05, momentum=0.1, affine=True, track_running_stats=True)
          (conv3): Conv2d(128, 512, kernel_size=(1, 1), stride=(1, 1), bias=False)
          (bn3): BatchNorm2d(512, eps=1e-05, momentum=0.1, affine=True, track_running_stats=True)
          (relu): ReLU(inplace=True)
          (drop_path): Identity()
        )
      )
      (layer3): Sequential(
        (0): Bottleneck(
          (conv1): Conv2d(512, 256, kernel_size=(1, 1), stride=(1, 1), bias=False)
          (bn1): BatchNorm2d(256, eps=1e-05, momentum=0.1, affine=True, track_running_stats=True)
          (conv2): Conv2d(256, 256, kernel_size=(3, 3), stride=(2, 2), padding=(1, 1), bias=False)
          (bn2): BatchNorm2d(256, eps=1e-05, momentum=0.1, affine=True, track_running_stats=True)
          (conv3): Conv2d(256, 1024, kernel_size=(1, 1), stride=(1, 1), bias=False)
          (bn3): BatchNorm2d(1024, eps=1e-05, momentum=0.1, affine=True, track_running_stats=True)
          (relu): ReLU(inplace=True)
          (downsample): Sequential(
            (0): Conv2d(512, 1024, kernel_size=(1, 1), stride=(2, 2), bias=False)
            (1): BatchNorm2d(1024, eps=1e-05, momentum=0.1, affine=True, track_running_stats=True)
          )
          (drop_path): Identity()
        )
        (1): Bottleneck(
          (conv1): Conv2d(1024, 256, kernel_size=(1, 1), stride=(1, 1), bias=False)
          (bn1): BatchNorm2d(256, eps=1e-05, momentum=0.1, affine=True, track_running_stats=True)
          (conv2): Conv2d(256, 256, kernel_size=(3, 3), stride=(1, 1), padding=(1, 1), bias=False)
          (bn2): BatchNorm2d(256, eps=1e-05, momentum=0.1, affine=True, track_running_stats=True)
          (conv3): Conv2d(256, 1024, kernel_size=(1, 1), stride=(1, 1), bias=False)
          (bn3): BatchNorm2d(1024, eps=1e-05, momentum=0.1, affine=True, track_running_stats=True)
          (relu): ReLU(inplace=True)
          (drop_path): Identity()
        )
        (2): Bottleneck(
          (conv1): Conv2d(1024, 256, kernel_size=(1, 1), stride=(1, 1), bias=False)
          (bn1): BatchNorm2d(256, eps=1e-05, momentum=0.1, affine=True, track_running_stats=True)
          (conv2): Conv2d(256, 256, kernel_size=(3, 3), stride=(1, 1), padding=(1, 1), bias=False)
          (bn2): BatchNorm2d(256, eps=1e-05, momentum=0.1, affine=True, track_running_stats=True)
          (conv3): Conv2d(256, 1024, kernel_size=(1, 1), stride=(1, 1), bias=False)
          (bn3): BatchNorm2d(1024, eps=1e-05, momentum=0.1, affine=True, track_running_stats=True)
          (relu): ReLU(inplace=True)
          (drop_path): Identity()
        )
        (3): Bottleneck(
          (conv1): Conv2d(1024, 256, kernel_size=(1, 1), stride=(1, 1), bias=False)
          (bn1): BatchNorm2d(256, eps=1e-05, momentum=0.1, affine=True, track_running_stats=True)
          (conv2): Conv2d(256, 256, kernel_size=(3, 3), stride=(1, 1), padding=(1, 1), bias=False)
          (bn2): BatchNorm2d(256, eps=1e-05, momentum=0.1, affine=True, track_running_stats=True)
          (conv3): Conv2d(256, 1024, kernel_size=(1, 1), stride=(1, 1), bias=False)
          (bn3): BatchNorm2d(1024, eps=1e-05, momentum=0.1, affine=True, track_running_stats=True)
          (relu): ReLU(inplace=True)
          (drop_path): Identity()
        )
        (4): Bottleneck(
          (conv1): Conv2d(1024, 256, kernel_size=(1, 1), stride=(1, 1), bias=False)
          (bn1): BatchNorm2d(256, eps=1e-05, momentum=0.1, affine=True, track_running_stats=True)
          (conv2): Conv2d(256, 256, kernel_size=(3, 3), stride=(1, 1), padding=(1, 1), bias=False)
          (bn2): BatchNorm2d(256, eps=1e-05, momentum=0.1, affine=True, track_running_stats=True)
          (conv3): Conv2d(256, 1024, kernel_size=(1, 1), stride=(1, 1), bias=False)
          (bn3): BatchNorm2d(1024, eps=1e-05, momentum=0.1, affine=True, track_running_stats=True)
          (relu): ReLU(inplace=True)
          (drop_path): Identity()
        )
        (5): Bottleneck(
          (conv1): Conv2d(1024, 256, kernel_size=(1, 1), stride=(1, 1), bias=False)
          (bn1): BatchNorm2d(256, eps=1e-05, momentum=0.1, affine=True, track_running_stats=True)
          (conv2): Conv2d(256, 256, kernel_size=(3, 3), stride=(1, 1), padding=(1, 1), bias=False)
          (bn2): BatchNorm2d(256, eps=1e-05, momentum=0.1, affine=True, track_running_stats=True)
          (conv3): Conv2d(256, 1024, kernel_size=(1, 1), stride=(1, 1), bias=False)
          (bn3): BatchNorm2d(1024, eps=1e-05, momentum=0.1, affine=True, track_running_stats=True)
          (relu): ReLU(inplace=True)
          (drop_path): Identity()
        )
        (6): Bottleneck(
          (conv1): Conv2d(1024, 256, kernel_size=(1, 1), stride=(1, 1), bias=False)
          (bn1): BatchNorm2d(256, eps=1e-05, momentum=0.1, affine=True, track_running_stats=True)
          (conv2): Conv2d(256, 256, kernel_size=(3, 3), stride=(1, 1), padding=(1, 1), bias=False)
          (bn2): BatchNorm2d(256, eps=1e-05, momentum=0.1, affine=True, track_running_stats=True)
          (conv3): Conv2d(256, 1024, kernel_size=(1, 1), stride=(1, 1), bias=False)
          (bn3): BatchNorm2d(1024, eps=1e-05, momentum=0.1, affine=True, track_running_stats=True)
          (relu): ReLU(inplace=True)
          (drop_path): Identity()
        )
        (7): Bottleneck(
          (conv1): Conv2d(1024, 256, kernel_size=(1, 1), stride=(1, 1), bias=False)
          (bn1): BatchNorm2d(256, eps=1e-05, momentum=0.1, affine=True, track_running_stats=True)
          (conv2): Conv2d(256, 256, kernel_size=(3, 3), stride=(1, 1), padding=(1, 1), bias=False)
          (bn2): BatchNorm2d(256, eps=1e-05, momentum=0.1, affine=True, track_running_stats=True)
          (conv3): Conv2d(256, 1024, kernel_size=(1, 1), stride=(1, 1), bias=False)
          (bn3): BatchNorm2d(1024, eps=1e-05, momentum=0.1, affine=True, track_running_stats=True)
          (relu): ReLU(inplace=True)
          (drop_path): Identity()
        )
        (8): Bottleneck(
          (conv1): Conv2d(1024, 256, kernel_size=(1, 1), stride=(1, 1), bias=False)
          (bn1): BatchNorm2d(256, eps=1e-05, momentum=0.1, affine=True, track_running_stats=True)
          (conv2): Conv2d(256, 256, kernel_size=(3, 3), stride=(1, 1), padding=(1, 1), bias=False)
          (bn2): BatchNorm2d(256, eps=1e-05, momentum=0.1, affine=True, track_running_stats=True)
          (conv3): Conv2d(256, 1024, kernel_size=(1, 1), stride=(1, 1), bias=False)
          (bn3): BatchNorm2d(1024, eps=1e-05, momentum=0.1, affine=True, track_running_stats=True)
          (relu): ReLU(inplace=True)
          (drop_path): Identity()
        )
        (9): Bottleneck(
          (conv1): Conv2d(1024, 256, kernel_size=(1, 1), stride=(1, 1), bias=False)
          (bn1): BatchNorm2d(256, eps=1e-05, momentum=0.1, affine=True, track_running_stats=True)
          (conv2): Conv2d(256, 256, kernel_size=(3, 3), stride=(1, 1), padding=(1, 1), bias=False)
          (bn2): BatchNorm2d(256, eps=1e-05, momentum=0.1, affine=True, track_running_stats=True)
          (conv3): Conv2d(256, 1024, kernel_size=(1, 1), stride=(1, 1), bias=False)
          (bn3): BatchNorm2d(1024, eps=1e-05, momentum=0.1, affine=True, track_running_stats=True)
          (relu): ReLU(inplace=True)
          (drop_path): Identity()
        )
        (10): Bottleneck(
          (conv1): Conv2d(1024, 256, kernel_size=(1, 1), stride=(1, 1), bias=False)
          (bn1): BatchNorm2d(256, eps=1e-05, momentum=0.1, affine=True, track_running_stats=True)
          (conv2): Conv2d(256, 256, kernel_size=(3, 3), stride=(1, 1), padding=(1, 1), bias=False)
          (bn2): BatchNorm2d(256, eps=1e-05, momentum=0.1, affine=True, track_running_stats=True)
          (conv3): Conv2d(256, 1024, kernel_size=(1, 1), stride=(1, 1), bias=False)
          (bn3): BatchNorm2d(1024, eps=1e-05, momentum=0.1, affine=True, track_running_stats=True)
          (relu): ReLU(inplace=True)
          (drop_path): Identity()
        )
        (11): Bottleneck(
          (conv1): Conv2d(1024, 256, kernel_size=(1, 1), stride=(1, 1), bias=False)
          (bn1): BatchNorm2d(256, eps=1e-05, momentum=0.1, affine=True, track_running_stats=True)
          (conv2): Conv2d(256, 256, kernel_size=(3, 3), stride=(1, 1), padding=(1, 1), bias=False)
          (bn2): BatchNorm2d(256, eps=1e-05, momentum=0.1, affine=True, track_running_stats=True)
          (conv3): Conv2d(256, 1024, kernel_size=(1, 1), stride=(1, 1), bias=False)
          (bn3): BatchNorm2d(1024, eps=1e-05, momentum=0.1, affine=True, track_running_stats=True)
          (relu): ReLU(inplace=True)
          (drop_path): Identity()
        )
        (12): Bottleneck(
          (conv1): Conv2d(1024, 256, kernel_size=(1, 1), stride=(1, 1), bias=False)
          (bn1): BatchNorm2d(256, eps=1e-05, momentum=0.1, affine=True, track_running_stats=True)
          (conv2): Conv2d(256, 256, kernel_size=(3, 3), stride=(1, 1), padding=(1, 1), bias=False)
          (bn2): BatchNorm2d(256, eps=1e-05, momentum=0.1, affine=True, track_running_stats=True)
          (conv3): Conv2d(256, 1024, kernel_size=(1, 1), stride=(1, 1), bias=False)
          (bn3): BatchNorm2d(1024, eps=1e-05, momentum=0.1, affine=True, track_running_stats=True)
          (relu): ReLU(inplace=True)
          (drop_path): Identity()
        )
        (13): Bottleneck(
          (conv1): Conv2d(1024, 256, kernel_size=(1, 1), stride=(1, 1), bias=False)
          (bn1): BatchNorm2d(256, eps=1e-05, momentum=0.1, affine=True, track_running_stats=True)
          (conv2): Conv2d(256, 256, kernel_size=(3, 3), stride=(1, 1), padding=(1, 1), bias=False)
          (bn2): BatchNorm2d(256, eps=1e-05, momentum=0.1, affine=True, track_running_stats=True)
          (conv3): Conv2d(256, 1024, kernel_size=(1, 1), stride=(1, 1), bias=False)
          (bn3): BatchNorm2d(1024, eps=1e-05, momentum=0.1, affine=True, track_running_stats=True)
          (relu): ReLU(inplace=True)
          (drop_path): Identity()
        )
        (14): Bottleneck(
          (conv1): Conv2d(1024, 256, kernel_size=(1, 1), stride=(1, 1), bias=False)
          (bn1): BatchNorm2d(256, eps=1e-05, momentum=0.1, affine=True, track_running_stats=True)
          (conv2): Conv2d(256, 256, kernel_size=(3, 3), stride=(1, 1), padding=(1, 1), bias=False)
          (bn2): BatchNorm2d(256, eps=1e-05, momentum=0.1, affine=True, track_running_stats=True)
          (conv3): Conv2d(256, 1024, kernel_size=(1, 1), stride=(1, 1), bias=False)
          (bn3): BatchNorm2d(1024, eps=1e-05, momentum=0.1, affine=True, track_running_stats=True)
          (relu): ReLU(inplace=True)
          (drop_path): Identity()
        )
        (15): Bottleneck(
          (conv1): Conv2d(1024, 256, kernel_size=(1, 1), stride=(1, 1), bias=False)
          (bn1): BatchNorm2d(256, eps=1e-05, momentum=0.1, affine=True, track_running_stats=True)
          (conv2): Conv2d(256, 256, kernel_size=(3, 3), stride=(1, 1), padding=(1, 1), bias=False)
          (bn2): BatchNorm2d(256, eps=1e-05, momentum=0.1, affine=True, track_running_stats=True)
          (conv3): Conv2d(256, 1024, kernel_size=(1, 1), stride=(1, 1), bias=False)
          (bn3): BatchNorm2d(1024, eps=1e-05, momentum=0.1, affine=True, track_running_stats=True)
          (relu): ReLU(inplace=True)
          (drop_path): Identity()
        )
        (16): Bottleneck(
          (conv1): Conv2d(1024, 256, kernel_size=(1, 1), stride=(1, 1), bias=False)
          (bn1): BatchNorm2d(256, eps=1e-05, momentum=0.1, affine=True, track_running_stats=True)
          (conv2): Conv2d(256, 256, kernel_size=(3, 3), stride=(1, 1), padding=(1, 1), bias=False)
          (bn2): BatchNorm2d(256, eps=1e-05, momentum=0.1, affine=True, track_running_stats=True)
          (conv3): Conv2d(256, 1024, kernel_size=(1, 1), stride=(1, 1), bias=False)
          (bn3): BatchNorm2d(1024, eps=1e-05, momentum=0.1, affine=True, track_running_stats=True)
          (relu): ReLU(inplace=True)
          (drop_path): Identity()
        )
        (17): Bottleneck(
          (conv1): Conv2d(1024, 256, kernel_size=(1, 1), stride=(1, 1), bias=False)
          (bn1): BatchNorm2d(256, eps=1e-05, momentum=0.1, affine=True, track_running_stats=True)
          (conv2): Conv2d(256, 256, kernel_size=(3, 3), stride=(1, 1), padding=(1, 1), bias=False)
          (bn2): BatchNorm2d(256, eps=1e-05, momentum=0.1, affine=True, track_running_stats=True)
          (conv3): Conv2d(256, 1024, kernel_size=(1, 1), stride=(1, 1), bias=False)
          (bn3): BatchNorm2d(1024, eps=1e-05, momentum=0.1, affine=True, track_running_stats=True)
          (relu): ReLU(inplace=True)
          (drop_path): Identity()
        )
        (18): Bottleneck(
          (conv1): Conv2d(1024, 256, kernel_size=(1, 1), stride=(1, 1), bias=False)
          (bn1): BatchNorm2d(256, eps=1e-05, momentum=0.1, affine=True, track_running_stats=True)
          (conv2): Conv2d(256, 256, kernel_size=(3, 3), stride=(1, 1), padding=(1, 1), bias=False)
          (bn2): BatchNorm2d(256, eps=1e-05, momentum=0.1, affine=True, track_running_stats=True)
          (conv3): Conv2d(256, 1024, kernel_size=(1, 1), stride=(1, 1), bias=False)
          (bn3): BatchNorm2d(1024, eps=1e-05, momentum=0.1, affine=True, track_running_stats=True)
          (relu): ReLU(inplace=True)
          (drop_path): Identity()
        )
        (19): Bottleneck(
          (conv1): Conv2d(1024, 256, kernel_size=(1, 1), stride=(1, 1), bias=False)
          (bn1): BatchNorm2d(256, eps=1e-05, momentum=0.1, affine=True, track_running_stats=True)
          (conv2): Conv2d(256, 256, kernel_size=(3, 3), stride=(1, 1), padding=(1, 1), bias=False)
          (bn2): BatchNorm2d(256, eps=1e-05, momentum=0.1, affine=True, track_running_stats=True)
          (conv3): Conv2d(256, 1024, kernel_size=(1, 1), stride=(1, 1), bias=False)
          (bn3): BatchNorm2d(1024, eps=1e-05, momentum=0.1, affine=True, track_running_stats=True)
          (relu): ReLU(inplace=True)
          (drop_path): Identity()
        )
        (20): Bottleneck(
          (conv1): Conv2d(1024, 256, kernel_size=(1, 1), stride=(1, 1), bias=False)
          (bn1): BatchNorm2d(256, eps=1e-05, momentum=0.1, affine=True, track_running_stats=True)
          (conv2): Conv2d(256, 256, kernel_size=(3, 3), stride=(1, 1), padding=(1, 1), bias=False)
          (bn2): BatchNorm2d(256, eps=1e-05, momentum=0.1, affine=True, track_running_stats=True)
          (conv3): Conv2d(256, 1024, kernel_size=(1, 1), stride=(1, 1), bias=False)
          (bn3): BatchNorm2d(1024, eps=1e-05, momentum=0.1, affine=True, track_running_stats=True)
          (relu): ReLU(inplace=True)
          (drop_path): Identity()
        )
        (21): Bottleneck(
          (conv1): Conv2d(1024, 256, kernel_size=(1, 1), stride=(1, 1), bias=False)
          (bn1): BatchNorm2d(256, eps=1e-05, momentum=0.1, affine=True, track_running_stats=True)
          (conv2): Conv2d(256, 256, kernel_size=(3, 3), stride=(1, 1), padding=(1, 1), bias=False)
          (bn2): BatchNorm2d(256, eps=1e-05, momentum=0.1, affine=True, track_running_stats=True)
          (conv3): Conv2d(256, 1024, kernel_size=(1, 1), stride=(1, 1), bias=False)
          (bn3): BatchNorm2d(1024, eps=1e-05, momentum=0.1, affine=True, track_running_stats=True)
          (relu): ReLU(inplace=True)
          (drop_path): Identity()
        )
        (22): Bottleneck(
          (conv1): Conv2d(1024, 256, kernel_size=(1, 1), stride=(1, 1), bias=False)
          (bn1): BatchNorm2d(256, eps=1e-05, momentum=0.1, affine=True, track_running_stats=True)
          (conv2): Conv2d(256, 256, kernel_size=(3, 3), stride=(1, 1), padding=(1, 1), bias=False)
          (bn2): BatchNorm2d(256, eps=1e-05, momentum=0.1, affine=True, track_running_stats=True)
          (conv3): Conv2d(256, 1024, kernel_size=(1, 1), stride=(1, 1), bias=False)
          (bn3): BatchNorm2d(1024, eps=1e-05, momentum=0.1, affine=True, track_running_stats=True)
          (relu): ReLU(inplace=True)
          (drop_path): Identity()
        )
      )
    )
    (image_proj): Linear(in_features=1024, out_features=768, bias=True)
    (patch_layernorm_embedding): LayerNorm((768,), eps=1e-05, elementwise_affine=True)
    (embed_positions): Embedding(1026, 768)
    (embed_image_positions): Embedding(1765, 768)
    (pos_ln): LayerNorm((768,), eps=1e-05, elementwise_affine=True)
    (image_pos_ln): LayerNorm((768,), eps=1e-05, elementwise_affine=True)
    (pos_q_linear): Linear(in_features=768, out_features=768, bias=True)
    (pos_k_linear): Linear(in_features=768, out_features=768, bias=True)
    (layers): ModuleList(
      (0): TransformerEncoderLayer(
        (self_attn): MultiheadAttention(
          (dropout_module): FairseqDropout()
          (k_proj): Linear(in_features=768, out_features=768, bias=True)
          (v_proj): Linear(in_features=768, out_features=768, bias=True)
          (q_proj): Linear(in_features=768, out_features=768, bias=True)
          (out_proj): Linear(in_features=768, out_features=768, bias=True)
        )
        (self_attn_layer_norm): LayerNorm((768,), eps=1e-05, elementwise_affine=True)
        (dropout_module): FairseqDropout()
        (activation_dropout_module): FairseqDropout()
        (fc1): Linear(in_features=768, out_features=3072, bias=True)
        (fc2): Linear(in_features=3072, out_features=768, bias=True)
        (attn_ln): LayerNorm((768,), eps=1e-05, elementwise_affine=True)
        (ffn_layernorm): LayerNorm((3072,), eps=1e-05, elementwise_affine=True)
        (final_layer_norm): LayerNorm((768,), eps=1e-05, elementwise_affine=True)
        (drop_path): Identity()
      )
      (1): TransformerEncoderLayer(
        (self_attn): MultiheadAttention(
          (dropout_module): FairseqDropout()
          (k_proj): Linear(in_features=768, out_features=768, bias=True)
          (v_proj): Linear(in_features=768, out_features=768, bias=True)
          (q_proj): Linear(in_features=768, out_features=768, bias=True)
          (out_proj): Linear(in_features=768, out_features=768, bias=True)
        )
        (self_attn_layer_norm): LayerNorm((768,), eps=1e-05, elementwise_affine=True)
        (dropout_module): FairseqDropout()
        (activation_dropout_module): FairseqDropout()
        (fc1): Linear(in_features=768, out_features=3072, bias=True)
        (fc2): Linear(in_features=3072, out_features=768, bias=True)
        (attn_ln): LayerNorm((768,), eps=1e-05, elementwise_affine=True)
        (ffn_layernorm): LayerNorm((3072,), eps=1e-05, elementwise_affine=True)
        (final_layer_norm): LayerNorm((768,), eps=1e-05, elementwise_affine=True)
        (drop_path): DropPath(p=0.019999999552965164)
      )
      (2): TransformerEncoderLayer(
        (self_attn): MultiheadAttention(
          (dropout_module): FairseqDropout()
          (k_proj): Linear(in_features=768, out_features=768, bias=True)
          (v_proj): Linear(in_features=768, out_features=768, bias=True)
          (q_proj): Linear(in_features=768, out_features=768, bias=True)
          (out_proj): Linear(in_features=768, out_features=768, bias=True)
        )
        (self_attn_layer_norm): LayerNorm((768,), eps=1e-05, elementwise_affine=True)
        (dropout_module): FairseqDropout()
        (activation_dropout_module): FairseqDropout()
        (fc1): Linear(in_features=768, out_features=3072, bias=True)
        (fc2): Linear(in_features=3072, out_features=768, bias=True)
        (attn_ln): LayerNorm((768,), eps=1e-05, elementwise_affine=True)
        (ffn_layernorm): LayerNorm((3072,), eps=1e-05, elementwise_affine=True)
        (final_layer_norm): LayerNorm((768,), eps=1e-05, elementwise_affine=True)
        (drop_path): DropPath(p=0.03999999910593033)
      )
      (3): TransformerEncoderLayer(
        (self_attn): MultiheadAttention(
          (dropout_module): FairseqDropout()
          (k_proj): Linear(in_features=768, out_features=768, bias=True)
          (v_proj): Linear(in_features=768, out_features=768, bias=True)
          (q_proj): Linear(in_features=768, out_features=768, bias=True)
          (out_proj): Linear(in_features=768, out_features=768, bias=True)
        )
        (self_attn_layer_norm): LayerNorm((768,), eps=1e-05, elementwise_affine=True)
        (dropout_module): FairseqDropout()
        (activation_dropout_module): FairseqDropout()
        (fc1): Linear(in_features=768, out_features=3072, bias=True)
        (fc2): Linear(in_features=3072, out_features=768, bias=True)
        (attn_ln): LayerNorm((768,), eps=1e-05, elementwise_affine=True)
        (ffn_layernorm): LayerNorm((3072,), eps=1e-05, elementwise_affine=True)
        (final_layer_norm): LayerNorm((768,), eps=1e-05, elementwise_affine=True)
        (drop_path): DropPath(p=0.06000000238418579)
      )
      (4): TransformerEncoderLayer(
        (self_attn): MultiheadAttention(
          (dropout_module): FairseqDropout()
          (k_proj): Linear(in_features=768, out_features=768, bias=True)
          (v_proj): Linear(in_features=768, out_features=768, bias=True)
          (q_proj): Linear(in_features=768, out_features=768, bias=True)
          (out_proj): Linear(in_features=768, out_features=768, bias=True)
        )
        (self_attn_layer_norm): LayerNorm((768,), eps=1e-05, elementwise_affine=True)
        (dropout_module): FairseqDropout()
        (activation_dropout_module): FairseqDropout()
        (fc1): Linear(in_features=768, out_features=3072, bias=True)
        (fc2): Linear(in_features=3072, out_features=768, bias=True)
        (attn_ln): LayerNorm((768,), eps=1e-05, elementwise_affine=True)
        (ffn_layernorm): LayerNorm((3072,), eps=1e-05, elementwise_affine=True)
        (final_layer_norm): LayerNorm((768,), eps=1e-05, elementwise_affine=True)
        (drop_path): DropPath(p=0.07999999821186066)
      )
      (5): TransformerEncoderLayer(
        (self_attn): MultiheadAttention(
          (dropout_module): FairseqDropout()
          (k_proj): Linear(in_features=768, out_features=768, bias=True)
          (v_proj): Linear(in_features=768, out_features=768, bias=True)
          (q_proj): Linear(in_features=768, out_features=768, bias=True)
          (out_proj): Linear(in_features=768, out_features=768, bias=True)
        )
        (self_attn_layer_norm): LayerNorm((768,), eps=1e-05, elementwise_affine=True)
        (dropout_module): FairseqDropout()
        (activation_dropout_module): FairseqDropout()
        (fc1): Linear(in_features=768, out_features=3072, bias=True)
        (fc2): Linear(in_features=3072, out_features=768, bias=True)
        (attn_ln): LayerNorm((768,), eps=1e-05, elementwise_affine=True)
        (ffn_layernorm): LayerNorm((3072,), eps=1e-05, elementwise_affine=True)
        (final_layer_norm): LayerNorm((768,), eps=1e-05, elementwise_affine=True)
        (drop_path): DropPath(p=0.10000000149011612)
      )
    )
    (layer_norm): LayerNorm((768,), eps=1e-05, elementwise_affine=True)
    (token_rel_pos_table_list): ModuleList(
      (0): Embedding(511, 12)
      (1): Embedding(511, 12)
      (2): Embedding(511, 12)
      (3): Embedding(511, 12)
      (4): Embedding(511, 12)
      (5): Embedding(511, 12)
    )
    (image_rel_pos_table_list): ModuleList(
      (0): Embedding(6892, 12)
      (1): Embedding(6892, 12)
      (2): Embedding(6892, 12)
      (3): Embedding(6892, 12)
      (4): Embedding(6892, 12)
      (5): Embedding(6892, 12)
    )
  )
  (decoder): TransformerDecoder(
    (dropout_module): FairseqDropout()
    (embed_tokens): Embedding(59457, 768, padding_idx=1)
    (layernorm_embedding): LayerNorm((768,), eps=1e-05, elementwise_affine=True)
    (embed_positions): Embedding(1026, 768)
    (embed_image_positions): Embedding(1765, 768)
    (pos_ln): LayerNorm((768,), eps=1e-05, elementwise_affine=True)
    (image_pos_ln): LayerNorm((768,), eps=1e-05, elementwise_affine=True)
    (self_pos_q_linear): Linear(in_features=768, out_features=768, bias=True)
    (self_pos_k_linear): Linear(in_features=768, out_features=768, bias=True)
    (cross_pos_q_linear): Linear(in_features=768, out_features=768, bias=True)
    (cross_pos_k_linear): Linear(in_features=768, out_features=768, bias=True)
    (code_layernorm_embedding): LayerNorm((768,), eps=1e-05, elementwise_affine=True)
    (layers): ModuleList(
      (0): TransformerDecoderLayer(
        (dropout_module): FairseqDropout()
        (self_attn): MultiheadAttention(
          (dropout_module): FairseqDropout()
          (k_proj): Linear(in_features=768, out_features=768, bias=True)
          (v_proj): Linear(in_features=768, out_features=768, bias=True)
          (q_proj): Linear(in_features=768, out_features=768, bias=True)
          (out_proj): Linear(in_features=768, out_features=768, bias=True)
        )
        (self_attn_ln): LayerNorm((768,), eps=1e-05, elementwise_affine=True)
        (cross_attn_ln): LayerNorm((768,), eps=1e-05, elementwise_affine=True)
        (activation_dropout_module): FairseqDropout()
        (self_attn_layer_norm): LayerNorm((768,), eps=1e-05, elementwise_affine=True)
        (encoder_attn): MultiheadAttention(
          (dropout_module): FairseqDropout()
          (k_proj): Linear(in_features=768, out_features=768, bias=True)
          (v_proj): Linear(in_features=768, out_features=768, bias=True)
          (q_proj): Linear(in_features=768, out_features=768, bias=True)
          (out_proj): Linear(in_features=768, out_features=768, bias=True)
        )
        (encoder_attn_layer_norm): LayerNorm((768,), eps=1e-05, elementwise_affine=True)
        (ffn_layernorm): LayerNorm((3072,), eps=1e-05, elementwise_affine=True)
        (fc1): Linear(in_features=768, out_features=3072, bias=True)
        (fc2): Linear(in_features=3072, out_features=768, bias=True)
        (final_layer_norm): LayerNorm((768,), eps=1e-05, elementwise_affine=True)
        (drop_path): Identity()
      )
      (1): TransformerDecoderLayer(
        (dropout_module): FairseqDropout()
        (self_attn): MultiheadAttention(
          (dropout_module): FairseqDropout()
          (k_proj): Linear(in_features=768, out_features=768, bias=True)
          (v_proj): Linear(in_features=768, out_features=768, bias=True)
          (q_proj): Linear(in_features=768, out_features=768, bias=True)
          (out_proj): Linear(in_features=768, out_features=768, bias=True)
        )
        (self_attn_ln): LayerNorm((768,), eps=1e-05, elementwise_affine=True)
        (cross_attn_ln): LayerNorm((768,), eps=1e-05, elementwise_affine=True)
        (activation_dropout_module): FairseqDropout()
        (self_attn_layer_norm): LayerNorm((768,), eps=1e-05, elementwise_affine=True)
        (encoder_attn): MultiheadAttention(
          (dropout_module): FairseqDropout()
          (k_proj): Linear(in_features=768, out_features=768, bias=True)
          (v_proj): Linear(in_features=768, out_features=768, bias=True)
          (q_proj): Linear(in_features=768, out_features=768, bias=True)
          (out_proj): Linear(in_features=768, out_features=768, bias=True)
        )
        (encoder_attn_layer_norm): LayerNorm((768,), eps=1e-05, elementwise_affine=True)
        (ffn_layernorm): LayerNorm((3072,), eps=1e-05, elementwise_affine=True)
        (fc1): Linear(in_features=768, out_features=3072, bias=True)
        (fc2): Linear(in_features=3072, out_features=768, bias=True)
        (final_layer_norm): LayerNorm((768,), eps=1e-05, elementwise_affine=True)
        (drop_path): DropPath(p=0.019999999552965164)
      )
      (2): TransformerDecoderLayer(
        (dropout_module): FairseqDropout()
        (self_attn): MultiheadAttention(
          (dropout_module): FairseqDropout()
          (k_proj): Linear(in_features=768, out_features=768, bias=True)
          (v_proj): Linear(in_features=768, out_features=768, bias=True)
          (q_proj): Linear(in_features=768, out_features=768, bias=True)
          (out_proj): Linear(in_features=768, out_features=768, bias=True)
        )
        (self_attn_ln): LayerNorm((768,), eps=1e-05, elementwise_affine=True)
        (cross_attn_ln): LayerNorm((768,), eps=1e-05, elementwise_affine=True)
        (activation_dropout_module): FairseqDropout()
        (self_attn_layer_norm): LayerNorm((768,), eps=1e-05, elementwise_affine=True)
        (encoder_attn): MultiheadAttention(
          (dropout_module): FairseqDropout()
          (k_proj): Linear(in_features=768, out_features=768, bias=True)
          (v_proj): Linear(in_features=768, out_features=768, bias=True)
          (q_proj): Linear(in_features=768, out_features=768, bias=True)
          (out_proj): Linear(in_features=768, out_features=768, bias=True)
        )
        (encoder_attn_layer_norm): LayerNorm((768,), eps=1e-05, elementwise_affine=True)
        (ffn_layernorm): LayerNorm((3072,), eps=1e-05, elementwise_affine=True)
        (fc1): Linear(in_features=768, out_features=3072, bias=True)
        (fc2): Linear(in_features=3072, out_features=768, bias=True)
        (final_layer_norm): LayerNorm((768,), eps=1e-05, elementwise_affine=True)
        (drop_path): DropPath(p=0.03999999910593033)
      )
      (3): TransformerDecoderLayer(
        (dropout_module): FairseqDropout()
        (self_attn): MultiheadAttention(
          (dropout_module): FairseqDropout()
          (k_proj): Linear(in_features=768, out_features=768, bias=True)
          (v_proj): Linear(in_features=768, out_features=768, bias=True)
          (q_proj): Linear(in_features=768, out_features=768, bias=True)
          (out_proj): Linear(in_features=768, out_features=768, bias=True)
        )
        (self_attn_ln): LayerNorm((768,), eps=1e-05, elementwise_affine=True)
        (cross_attn_ln): LayerNorm((768,), eps=1e-05, elementwise_affine=True)
        (activation_dropout_module): FairseqDropout()
        (self_attn_layer_norm): LayerNorm((768,), eps=1e-05, elementwise_affine=True)
        (encoder_attn): MultiheadAttention(
          (dropout_module): FairseqDropout()
          (k_proj): Linear(in_features=768, out_features=768, bias=True)
          (v_proj): Linear(in_features=768, out_features=768, bias=True)
          (q_proj): Linear(in_features=768, out_features=768, bias=True)
          (out_proj): Linear(in_features=768, out_features=768, bias=True)
        )
        (encoder_attn_layer_norm): LayerNorm((768,), eps=1e-05, elementwise_affine=True)
        (ffn_layernorm): LayerNorm((3072,), eps=1e-05, elementwise_affine=True)
        (fc1): Linear(in_features=768, out_features=3072, bias=True)
        (fc2): Linear(in_features=3072, out_features=768, bias=True)
        (final_layer_norm): LayerNorm((768,), eps=1e-05, elementwise_affine=True)
        (drop_path): DropPath(p=0.06000000238418579)
      )
      (4): TransformerDecoderLayer(
        (dropout_module): FairseqDropout()
        (self_attn): MultiheadAttention(
          (dropout_module): FairseqDropout()
          (k_proj): Linear(in_features=768, out_features=768, bias=True)
          (v_proj): Linear(in_features=768, out_features=768, bias=True)
          (q_proj): Linear(in_features=768, out_features=768, bias=True)
          (out_proj): Linear(in_features=768, out_features=768, bias=True)
        )
        (self_attn_ln): LayerNorm((768,), eps=1e-05, elementwise_affine=True)
        (cross_attn_ln): LayerNorm((768,), eps=1e-05, elementwise_affine=True)
        (activation_dropout_module): FairseqDropout()
        (self_attn_layer_norm): LayerNorm((768,), eps=1e-05, elementwise_affine=True)
        (encoder_attn): MultiheadAttention(
          (dropout_module): FairseqDropout()
          (k_proj): Linear(in_features=768, out_features=768, bias=True)
          (v_proj): Linear(in_features=768, out_features=768, bias=True)
          (q_proj): Linear(in_features=768, out_features=768, bias=True)
          (out_proj): Linear(in_features=768, out_features=768, bias=True)
        )
        (encoder_attn_layer_norm): LayerNorm((768,), eps=1e-05, elementwise_affine=True)
        (ffn_layernorm): LayerNorm((3072,), eps=1e-05, elementwise_affine=True)
        (fc1): Linear(in_features=768, out_features=3072, bias=True)
        (fc2): Linear(in_features=3072, out_features=768, bias=True)
        (final_layer_norm): LayerNorm((768,), eps=1e-05, elementwise_affine=True)
        (drop_path): DropPath(p=0.07999999821186066)
      )
      (5): TransformerDecoderLayer(
        (dropout_module): FairseqDropout()
        (self_attn): MultiheadAttention(
          (dropout_module): FairseqDropout()
          (k_proj): Linear(in_features=768, out_features=768, bias=True)
          (v_proj): Linear(in_features=768, out_features=768, bias=True)
          (q_proj): Linear(in_features=768, out_features=768, bias=True)
          (out_proj): Linear(in_features=768, out_features=768, bias=True)
        )
        (self_attn_ln): LayerNorm((768,), eps=1e-05, elementwise_affine=True)
        (cross_attn_ln): LayerNorm((768,), eps=1e-05, elementwise_affine=True)
        (activation_dropout_module): FairseqDropout()
        (self_attn_layer_norm): LayerNorm((768,), eps=1e-05, elementwise_affine=True)
        (encoder_attn): MultiheadAttention(
          (dropout_module): FairseqDropout()
          (k_proj): Linear(in_features=768, out_features=768, bias=True)
          (v_proj): Linear(in_features=768, out_features=768, bias=True)
          (q_proj): Linear(in_features=768, out_features=768, bias=True)
          (out_proj): Linear(in_features=768, out_features=768, bias=True)
        )
        (encoder_attn_layer_norm): LayerNorm((768,), eps=1e-05, elementwise_affine=True)
        (ffn_layernorm): LayerNorm((3072,), eps=1e-05, elementwise_affine=True)
        (fc1): Linear(in_features=768, out_features=3072, bias=True)
        (fc2): Linear(in_features=3072, out_features=768, bias=True)
        (final_layer_norm): LayerNorm((768,), eps=1e-05, elementwise_affine=True)
        (drop_path): DropPath(p=0.10000000149011612)
      )
    )
    (layer_norm): LayerNorm((768,), eps=1e-05, elementwise_affine=True)
    (output_projection): Linear(in_features=768, out_features=59457, bias=False)
    (token_rel_pos_table_list): ModuleList(
      (0): Embedding(511, 12)
      (1): Embedding(511, 12)
      (2): Embedding(511, 12)
      (3): Embedding(511, 12)
      (4): Embedding(511, 12)
      (5): Embedding(511, 12)
    )
    (image_rel_pos_table_list): ModuleList(
      (0): Embedding(6892, 12)
      (1): Embedding(6892, 12)
      (2): Embedding(6892, 12)
      (3): Embedding(6892, 12)
      (4): Embedding(6892, 12)
      (5): Embedding(6892, 12)
    )
  )
  (classification_heads): ModuleDict()
)
2023-05-16 15:29:37 - train.py[line:111] - INFO: task: SnliVeTask
2023-05-16 15:29:37 - train.py[line:112] - INFO: model: OFAModel
2023-05-16 15:29:37 - train.py[line:113] - INFO: criterion: AdjustLabelSmoothedCrossEntropyCriterion
2023-05-16 15:29:37 - train.py[line:114] - INFO: num. shared model params: 182,238,536 (num. trained: 182,238,536)
2023-05-16 15:29:37 - train.py[line:121] - INFO: num. expert model params: 0 (num. trained: 0)
local datafile ../../dataset/snli_ve_data/snli_ve_dev.tsv slice_id 0 begin to initialize row_count and line_idx-to-offset mapping
local datafile ../../dataset/snli_ve_data/snli_ve_dev.tsv slice_id 3 begin to initialize row_count and line_idx-to-offset mapping
local datafile ../../dataset/snli_ve_data/snli_ve_dev.tsv slice_id 2 finished initializing row_count and line_idx-to-offset mapping
file ../../dataset/snli_ve_data/snli_ve_dev.tsv slice_id 2 row count 4464 total row count 17858
/home/grads/mogunleye/.conda/envs/ofa1/lib/python3.9/site-packages/torchvision/transforms/transforms.py:329: UserWarning: Argument 'interpolation' of type int is deprecated since 0.13 and will be removed in 0.15. Please use InterpolationMode enum.
  warnings.warn(
local datafile ../../dataset/snli_ve_data/snli_ve_dev.tsv slice_id 1 finished initializing row_count and line_idx-to-offset mapping
file ../../dataset/snli_ve_data/snli_ve_dev.tsv slice_id 1 row count 4465 total row count 17858
/home/grads/mogunleye/.conda/envs/ofa1/lib/python3.9/site-packages/torchvision/transforms/transforms.py:329: UserWarning: Argument 'interpolation' of type int is deprecated since 0.13 and will be removed in 0.15. Please use InterpolationMode enum.
  warnings.warn(
local datafile ../../dataset/snli_ve_data/snli_ve_dev.tsv slice_id 0 finished initializing row_count and line_idx-to-offset mapping
file ../../dataset/snli_ve_data/snli_ve_dev.tsv slice_id 0 row count 4465 total row count 17858
/home/grads/mogunleye/.conda/envs/ofa1/lib/python3.9/site-packages/torchvision/transforms/transforms.py:329: UserWarning: Argument 'interpolation' of type int is deprecated since 0.13 and will be removed in 0.15. Please use InterpolationMode enum.
  warnings.warn(
local datafile ../../dataset/snli_ve_data/snli_ve_dev.tsv slice_id 3 finished initializing row_count and line_idx-to-offset mapping
file ../../dataset/snli_ve_data/snli_ve_dev.tsv slice_id 3 row count 4464 total row count 17858
/home/grads/mogunleye/.conda/envs/ofa1/lib/python3.9/site-packages/torchvision/transforms/transforms.py:329: UserWarning: Argument 'interpolation' of type int is deprecated since 0.13 and will be removed in 0.15. Please use InterpolationMode enum.
  warnings.warn(
2023-05-16 15:29:38 - distributed_c10d.py[line:319] - INFO: Added key: store_based_barrier_key:2 to store for rank: 0
2023-05-16 15:29:38 - distributed_c10d.py[line:353] - INFO: Rank 0: Completed store-based barrier for key:store_based_barrier_key:2 with 4 nodes.
2023-05-16 15:29:38 - trainer.py[line:123] - INFO: detected shared parameter: encoder.embed_tokens.weight <- decoder.embed_tokens.weight
2023-05-16 15:29:38 - trainer.py[line:123] - INFO: detected shared parameter: encoder.embed_tokens.weight <- decoder.output_projection.weight
2023-05-16 15:29:38 - trainer.py[line:123] - INFO: detected shared parameter: encoder.embed_images.conv1.bias <- encoder.embed_images.layer1.0.conv1.bias
2023-05-16 15:29:38 - trainer.py[line:123] - INFO: detected shared parameter: encoder.embed_images.conv1.bias <- encoder.embed_images.layer1.0.conv2.bias
2023-05-16 15:29:38 - trainer.py[line:123] - INFO: detected shared parameter: encoder.embed_images.conv1.bias <- encoder.embed_images.layer1.0.conv3.bias
2023-05-16 15:29:38 - trainer.py[line:123] - INFO: detected shared parameter: encoder.embed_images.conv1.bias <- encoder.embed_images.layer1.0.downsample.0.bias
2023-05-16 15:29:38 - trainer.py[line:123] - INFO: detected shared parameter: encoder.embed_images.conv1.bias <- encoder.embed_images.layer1.1.conv1.bias
2023-05-16 15:29:38 - trainer.py[line:123] - INFO: detected shared parameter: encoder.embed_images.conv1.bias <- encoder.embed_images.layer1.1.conv2.bias
2023-05-16 15:29:38 - trainer.py[line:123] - INFO: detected shared parameter: encoder.embed_images.conv1.bias <- encoder.embed_images.layer1.1.conv3.bias
2023-05-16 15:29:38 - trainer.py[line:123] - INFO: detected shared parameter: encoder.embed_images.conv1.bias <- encoder.embed_images.layer1.2.conv1.bias
2023-05-16 15:29:38 - trainer.py[line:123] - INFO: detected shared parameter: encoder.embed_images.conv1.bias <- encoder.embed_images.layer1.2.conv2.bias
2023-05-16 15:29:38 - trainer.py[line:123] - INFO: detected shared parameter: encoder.embed_images.conv1.bias <- encoder.embed_images.layer1.2.conv3.bias
2023-05-16 15:29:38 - trainer.py[line:123] - INFO: detected shared parameter: encoder.embed_images.conv1.bias <- encoder.embed_images.layer2.0.conv1.bias
2023-05-16 15:29:38 - trainer.py[line:123] - INFO: detected shared parameter: encoder.embed_images.conv1.bias <- encoder.embed_images.layer2.0.conv2.bias
2023-05-16 15:29:38 - trainer.py[line:123] - INFO: detected shared parameter: encoder.embed_images.conv1.bias <- encoder.embed_images.layer2.0.conv3.bias
2023-05-16 15:29:38 - trainer.py[line:123] - INFO: detected shared parameter: encoder.embed_images.conv1.bias <- encoder.embed_images.layer2.0.downsample.0.bias
2023-05-16 15:29:38 - trainer.py[line:123] - INFO: detected shared parameter: encoder.embed_images.conv1.bias <- encoder.embed_images.layer2.1.conv1.bias
2023-05-16 15:29:38 - trainer.py[line:123] - INFO: detected shared parameter: encoder.embed_images.conv1.bias <- encoder.embed_images.layer2.1.conv2.bias
2023-05-16 15:29:38 - trainer.py[line:123] - INFO: detected shared parameter: encoder.embed_images.conv1.bias <- encoder.embed_images.layer2.1.conv3.bias
2023-05-16 15:29:38 - trainer.py[line:123] - INFO: detected shared parameter: encoder.embed_images.conv1.bias <- encoder.embed_images.layer2.2.conv1.bias
2023-05-16 15:29:38 - trainer.py[line:123] - INFO: detected shared parameter: encoder.embed_images.conv1.bias <- encoder.embed_images.layer2.2.conv2.bias
2023-05-16 15:29:38 - trainer.py[line:123] - INFO: detected shared parameter: encoder.embed_images.conv1.bias <- encoder.embed_images.layer2.2.conv3.bias
2023-05-16 15:29:38 - trainer.py[line:123] - INFO: detected shared parameter: encoder.embed_images.conv1.bias <- encoder.embed_images.layer2.3.conv1.bias
2023-05-16 15:29:38 - trainer.py[line:123] - INFO: detected shared parameter: encoder.embed_images.conv1.bias <- encoder.embed_images.layer2.3.conv2.bias
2023-05-16 15:29:38 - trainer.py[line:123] - INFO: detected shared parameter: encoder.embed_images.conv1.bias <- encoder.embed_images.layer2.3.conv3.bias
2023-05-16 15:29:38 - trainer.py[line:123] - INFO: detected shared parameter: encoder.embed_images.conv1.bias <- encoder.embed_images.layer3.0.conv1.bias
2023-05-16 15:29:38 - trainer.py[line:123] - INFO: detected shared parameter: encoder.embed_images.conv1.bias <- encoder.embed_images.layer3.0.conv2.bias
2023-05-16 15:29:38 - trainer.py[line:123] - INFO: detected shared parameter: encoder.embed_images.conv1.bias <- encoder.embed_images.layer3.0.conv3.bias
2023-05-16 15:29:38 - trainer.py[line:123] - INFO: detected shared parameter: encoder.embed_images.conv1.bias <- encoder.embed_images.layer3.0.downsample.0.bias
2023-05-16 15:29:38 - trainer.py[line:123] - INFO: detected shared parameter: encoder.embed_images.conv1.bias <- encoder.embed_images.layer3.1.conv1.bias
2023-05-16 15:29:38 - trainer.py[line:123] - INFO: detected shared parameter: encoder.embed_images.conv1.bias <- encoder.embed_images.layer3.1.conv2.bias
2023-05-16 15:29:38 - trainer.py[line:123] - INFO: detected shared parameter: encoder.embed_images.conv1.bias <- encoder.embed_images.layer3.1.conv3.bias
2023-05-16 15:29:38 - trainer.py[line:123] - INFO: detected shared parameter: encoder.embed_images.conv1.bias <- encoder.embed_images.layer3.2.conv1.bias
2023-05-16 15:29:38 - trainer.py[line:123] - INFO: detected shared parameter: encoder.embed_images.conv1.bias <- encoder.embed_images.layer3.2.conv2.bias
2023-05-16 15:29:38 - trainer.py[line:123] - INFO: detected shared parameter: encoder.embed_images.conv1.bias <- encoder.embed_images.layer3.2.conv3.bias
2023-05-16 15:29:38 - trainer.py[line:123] - INFO: detected shared parameter: encoder.embed_images.conv1.bias <- encoder.embed_images.layer3.3.conv1.bias
2023-05-16 15:29:38 - trainer.py[line:123] - INFO: detected shared parameter: encoder.embed_images.conv1.bias <- encoder.embed_images.layer3.3.conv2.bias
2023-05-16 15:29:38 - trainer.py[line:123] - INFO: detected shared parameter: encoder.embed_images.conv1.bias <- encoder.embed_images.layer3.3.conv3.bias
2023-05-16 15:29:38 - trainer.py[line:123] - INFO: detected shared parameter: encoder.embed_images.conv1.bias <- encoder.embed_images.layer3.4.conv1.bias
2023-05-16 15:29:38 - trainer.py[line:123] - INFO: detected shared parameter: encoder.embed_images.conv1.bias <- encoder.embed_images.layer3.4.conv2.bias
2023-05-16 15:29:38 - trainer.py[line:123] - INFO: detected shared parameter: encoder.embed_images.conv1.bias <- encoder.embed_images.layer3.4.conv3.bias
2023-05-16 15:29:38 - trainer.py[line:123] - INFO: detected shared parameter: encoder.embed_images.conv1.bias <- encoder.embed_images.layer3.5.conv1.bias
2023-05-16 15:29:38 - trainer.py[line:123] - INFO: detected shared parameter: encoder.embed_images.conv1.bias <- encoder.embed_images.layer3.5.conv2.bias
2023-05-16 15:29:38 - trainer.py[line:123] - INFO: detected shared parameter: encoder.embed_images.conv1.bias <- encoder.embed_images.layer3.5.conv3.bias
2023-05-16 15:29:38 - trainer.py[line:123] - INFO: detected shared parameter: encoder.embed_images.conv1.bias <- encoder.embed_images.layer3.6.conv1.bias
2023-05-16 15:29:38 - trainer.py[line:123] - INFO: detected shared parameter: encoder.embed_images.conv1.bias <- encoder.embed_images.layer3.6.conv2.bias
2023-05-16 15:29:38 - trainer.py[line:123] - INFO: detected shared parameter: encoder.embed_images.conv1.bias <- encoder.embed_images.layer3.6.conv3.bias
2023-05-16 15:29:38 - trainer.py[line:123] - INFO: detected shared parameter: encoder.embed_images.conv1.bias <- encoder.embed_images.layer3.7.conv1.bias
2023-05-16 15:29:38 - trainer.py[line:123] - INFO: detected shared parameter: encoder.embed_images.conv1.bias <- encoder.embed_images.layer3.7.conv2.bias
2023-05-16 15:29:38 - trainer.py[line:123] - INFO: detected shared parameter: encoder.embed_images.conv1.bias <- encoder.embed_images.layer3.7.conv3.bias
2023-05-16 15:29:38 - trainer.py[line:123] - INFO: detected shared parameter: encoder.embed_images.conv1.bias <- encoder.embed_images.layer3.8.conv1.bias
2023-05-16 15:29:38 - trainer.py[line:123] - INFO: detected shared parameter: encoder.embed_images.conv1.bias <- encoder.embed_images.layer3.8.conv2.bias
2023-05-16 15:29:38 - trainer.py[line:123] - INFO: detected shared parameter: encoder.embed_images.conv1.bias <- encoder.embed_images.layer3.8.conv3.bias
2023-05-16 15:29:38 - trainer.py[line:123] - INFO: detected shared parameter: encoder.embed_images.conv1.bias <- encoder.embed_images.layer3.9.conv1.bias
2023-05-16 15:29:38 - trainer.py[line:123] - INFO: detected shared parameter: encoder.embed_images.conv1.bias <- encoder.embed_images.layer3.9.conv2.bias
2023-05-16 15:29:38 - trainer.py[line:123] - INFO: detected shared parameter: encoder.embed_images.conv1.bias <- encoder.embed_images.layer3.9.conv3.bias
2023-05-16 15:29:38 - trainer.py[line:123] - INFO: detected shared parameter: encoder.embed_images.conv1.bias <- encoder.embed_images.layer3.10.conv1.bias
2023-05-16 15:29:38 - trainer.py[line:123] - INFO: detected shared parameter: encoder.embed_images.conv1.bias <- encoder.embed_images.layer3.10.conv2.bias
2023-05-16 15:29:38 - trainer.py[line:123] - INFO: detected shared parameter: encoder.embed_images.conv1.bias <- encoder.embed_images.layer3.10.conv3.bias
2023-05-16 15:29:38 - trainer.py[line:123] - INFO: detected shared parameter: encoder.embed_images.conv1.bias <- encoder.embed_images.layer3.11.conv1.bias
2023-05-16 15:29:38 - trainer.py[line:123] - INFO: detected shared parameter: encoder.embed_images.conv1.bias <- encoder.embed_images.layer3.11.conv2.bias
2023-05-16 15:29:38 - trainer.py[line:123] - INFO: detected shared parameter: encoder.embed_images.conv1.bias <- encoder.embed_images.layer3.11.conv3.bias
2023-05-16 15:29:38 - trainer.py[line:123] - INFO: detected shared parameter: encoder.embed_images.conv1.bias <- encoder.embed_images.layer3.12.conv1.bias
2023-05-16 15:29:38 - trainer.py[line:123] - INFO: detected shared parameter: encoder.embed_images.conv1.bias <- encoder.embed_images.layer3.12.conv2.bias
2023-05-16 15:29:38 - trainer.py[line:123] - INFO: detected shared parameter: encoder.embed_images.conv1.bias <- encoder.embed_images.layer3.12.conv3.bias
2023-05-16 15:29:38 - trainer.py[line:123] - INFO: detected shared parameter: encoder.embed_images.conv1.bias <- encoder.embed_images.layer3.13.conv1.bias
2023-05-16 15:29:38 - trainer.py[line:123] - INFO: detected shared parameter: encoder.embed_images.conv1.bias <- encoder.embed_images.layer3.13.conv2.bias
2023-05-16 15:29:38 - trainer.py[line:123] - INFO: detected shared parameter: encoder.embed_images.conv1.bias <- encoder.embed_images.layer3.13.conv3.bias
2023-05-16 15:29:38 - trainer.py[line:123] - INFO: detected shared parameter: encoder.embed_images.conv1.bias <- encoder.embed_images.layer3.14.conv1.bias
2023-05-16 15:29:38 - trainer.py[line:123] - INFO: detected shared parameter: encoder.embed_images.conv1.bias <- encoder.embed_images.layer3.14.conv2.bias
2023-05-16 15:29:38 - trainer.py[line:123] - INFO: detected shared parameter: encoder.embed_images.conv1.bias <- encoder.embed_images.layer3.14.conv3.bias
2023-05-16 15:29:38 - trainer.py[line:123] - INFO: detected shared parameter: encoder.embed_images.conv1.bias <- encoder.embed_images.layer3.15.conv1.bias
2023-05-16 15:29:38 - trainer.py[line:123] - INFO: detected shared parameter: encoder.embed_images.conv1.bias <- encoder.embed_images.layer3.15.conv2.bias
2023-05-16 15:29:38 - trainer.py[line:123] - INFO: detected shared parameter: encoder.embed_images.conv1.bias <- encoder.embed_images.layer3.15.conv3.bias
2023-05-16 15:29:38 - trainer.py[line:123] - INFO: detected shared parameter: encoder.embed_images.conv1.bias <- encoder.embed_images.layer3.16.conv1.bias
2023-05-16 15:29:38 - trainer.py[line:123] - INFO: detected shared parameter: encoder.embed_images.conv1.bias <- encoder.embed_images.layer3.16.conv2.bias
2023-05-16 15:29:38 - trainer.py[line:123] - INFO: detected shared parameter: encoder.embed_images.conv1.bias <- encoder.embed_images.layer3.16.conv3.bias
2023-05-16 15:29:38 - trainer.py[line:123] - INFO: detected shared parameter: encoder.embed_images.conv1.bias <- encoder.embed_images.layer3.17.conv1.bias
2023-05-16 15:29:38 - trainer.py[line:123] - INFO: detected shared parameter: encoder.embed_images.conv1.bias <- encoder.embed_images.layer3.17.conv2.bias
2023-05-16 15:29:38 - trainer.py[line:123] - INFO: detected shared parameter: encoder.embed_images.conv1.bias <- encoder.embed_images.layer3.17.conv3.bias
2023-05-16 15:29:38 - trainer.py[line:123] - INFO: detected shared parameter: encoder.embed_images.conv1.bias <- encoder.embed_images.layer3.18.conv1.bias
2023-05-16 15:29:38 - trainer.py[line:123] - INFO: detected shared parameter: encoder.embed_images.conv1.bias <- encoder.embed_images.layer3.18.conv2.bias
2023-05-16 15:29:38 - trainer.py[line:123] - INFO: detected shared parameter: encoder.embed_images.conv1.bias <- encoder.embed_images.layer3.18.conv3.bias
2023-05-16 15:29:38 - trainer.py[line:123] - INFO: detected shared parameter: encoder.embed_images.conv1.bias <- encoder.embed_images.layer3.19.conv1.bias
2023-05-16 15:29:38 - trainer.py[line:123] - INFO: detected shared parameter: encoder.embed_images.conv1.bias <- encoder.embed_images.layer3.19.conv2.bias
2023-05-16 15:29:38 - trainer.py[line:123] - INFO: detected shared parameter: encoder.embed_images.conv1.bias <- encoder.embed_images.layer3.19.conv3.bias
2023-05-16 15:29:38 - trainer.py[line:123] - INFO: detected shared parameter: encoder.embed_images.conv1.bias <- encoder.embed_images.layer3.20.conv1.bias
2023-05-16 15:29:38 - trainer.py[line:123] - INFO: detected shared parameter: encoder.embed_images.conv1.bias <- encoder.embed_images.layer3.20.conv2.bias
2023-05-16 15:29:38 - trainer.py[line:123] - INFO: detected shared parameter: encoder.embed_images.conv1.bias <- encoder.embed_images.layer3.20.conv3.bias
2023-05-16 15:29:38 - trainer.py[line:123] - INFO: detected shared parameter: encoder.embed_images.conv1.bias <- encoder.embed_images.layer3.21.conv1.bias
2023-05-16 15:29:38 - trainer.py[line:123] - INFO: detected shared parameter: encoder.embed_images.conv1.bias <- encoder.embed_images.layer3.21.conv2.bias
2023-05-16 15:29:38 - trainer.py[line:123] - INFO: detected shared parameter: encoder.embed_images.conv1.bias <- encoder.embed_images.layer3.21.conv3.bias
2023-05-16 15:29:38 - trainer.py[line:123] - INFO: detected shared parameter: encoder.embed_images.conv1.bias <- encoder.embed_images.layer3.22.conv1.bias
2023-05-16 15:29:38 - trainer.py[line:123] - INFO: detected shared parameter: encoder.embed_images.conv1.bias <- encoder.embed_images.layer3.22.conv2.bias
2023-05-16 15:29:38 - trainer.py[line:123] - INFO: detected shared parameter: encoder.embed_images.conv1.bias <- encoder.embed_images.layer3.22.conv3.bias
2023-05-16 15:29:38 - trainer.py[line:123] - INFO: detected shared parameter: encoder.embed_images.conv1.bias <- decoder.output_projection.bias
2023-05-16 15:29:39 - utils.py[line:759] - INFO: ***********************CUDA enviroments for all 4 workers***********************
2023-05-16 15:29:39 - utils.py[line:761] - INFO: rank   0: capabilities =  8.6  ; total memory = 44.428 GB ; name = NVIDIA A40                              
2023-05-16 15:29:39 - utils.py[line:761] - INFO: rank   1: capabilities =  8.6  ; total memory = 44.428 GB ; name = NVIDIA A40                              
2023-05-16 15:29:39 - utils.py[line:761] - INFO: rank   2: capabilities =  8.6  ; total memory = 44.428 GB ; name = NVIDIA A40                              
2023-05-16 15:29:39 - utils.py[line:761] - INFO: rank   3: capabilities =  8.6  ; total memory = 44.428 GB ; name = NVIDIA A40                              
2023-05-16 15:29:39 - utils.py[line:767] - INFO: ***********************CUDA enviroments for all 4 workers***********************
2023-05-16 15:29:39 - train.py[line:152] - INFO: training on 4 devices (GPUs/TPUs)
2023-05-16 15:29:39 - train.py[line:157] - INFO: max tokens per device = None and max sentences per device = 4
2023-05-16 15:29:39 - trainer.py[line:458] - INFO: Preparing to load checkpoint ../../run_scripts/pretraining/checkpoints_EC/checkpoint_17_492000.pt
2023-05-16 15:29:47 - trainer.py[line:617] - INFO: Loaded checkpoint ../../run_scripts/pretraining/checkpoints_EC/checkpoint_17_492000.pt (epoch 17 @ 0 updates)
2023-05-16 15:29:47 - trainer.py[line:639] - INFO: loading train data for epoch 1
local datafile ../../dataset/snli_ve_data/snlvi50k.tsv slice_id 0 begin to initialize row_count and line_idx-to-offset mapping
local datafile ../../dataset/snli_ve_data/snlvi50k.tsv slice_id 2 begin to initialize row_count and line_idx-to-offset mapping
local datafile ../../dataset/snli_ve_data/snlvi50k.tsv slice_id 1 begin to initialize row_count and line_idx-to-offset mapping
local datafile ../../dataset/snli_ve_data/snlvi50k.tsv slice_id 3 begin to initialize row_count and line_idx-to-offset mapping
local datafile ../../dataset/snli_ve_data/snlvi50k.tsv slice_id 0 finished initializing row_count and line_idx-to-offset mapping
file ../../dataset/snli_ve_data/snlvi50k.tsv slice_id 0 row count 12500 total row count 50000
local datafile ../../dataset/snli_ve_data/snlvi50k.tsv slice_id 2 finished initializing row_count and line_idx-to-offset mapping
file ../../dataset/snli_ve_data/snlvi50k.tsv slice_id 2 row count 12500 total row count 50000
/home/grads/mogunleye/Research/EC_pretraining/OFA/data/mm_data/snli_ve_dataset.py:60: VisibleDeprecationWarning: Creating an ndarray from ragged nested sequences (which is a list-or-tuple of lists-or-tuples-or ndarrays with different lengths or shapes) is deprecated. If you meant to do this, you must specify 'dtype=object' when creating the ndarray.
  decoder_prompts = np.array([s['decoder_prompt'].tolist() for s in samples])
slice_id 0 seek offset 0
Total steps 1955, warmup steps 117, warmup_factor 0.008547008547008548
local datafile ../../dataset/snli_ve_data/snlvi50k.tsv slice_id 1 finished initializing row_count and line_idx-to-offset mapping
file ../../dataset/snli_ve_data/snlvi50k.tsv slice_id 1 row count 12500 total row count 50000
2023-05-16 15:29:48 - trainer.py[line:703] - INFO: begin training epoch 1
2023-05-16 15:29:48 - train.py[line:305] - INFO: Start iterating over samples
local datafile ../../dataset/snli_ve_data/snlvi50k.tsv slice_id 3 finished initializing row_count and line_idx-to-offset mapping
file ../../dataset/snli_ve_data/snlvi50k.tsv slice_id 3 row count 12500 total row count 50000
/home/grads/mogunleye/Research/EC_pretraining/OFA/data/mm_data/snli_ve_dataset.py:60: VisibleDeprecationWarning: Creating an ndarray from ragged nested sequences (which is a list-or-tuple of lists-or-tuples-or ndarrays with different lengths or shapes) is deprecated. If you meant to do this, you must specify 'dtype=object' when creating the ndarray.
  decoder_prompts = np.array([s['decoder_prompt'].tolist() for s in samples])
slice_id 2 seek offset 25000
Total steps 1955, warmup steps 117, warmup_factor 0.008547008547008548
/home/grads/mogunleye/Research/EC_pretraining/OFA/data/mm_data/snli_ve_dataset.py:60: VisibleDeprecationWarning: Creating an ndarray from ragged nested sequences (which is a list-or-tuple of lists-or-tuples-or ndarrays with different lengths or shapes) is deprecated. If you meant to do this, you must specify 'dtype=object' when creating the ndarray.
  decoder_prompts = np.array([s['decoder_prompt'].tolist() for s in samples])
slice_id 1 seek offset 12500
Total steps 1955, warmup steps 117, warmup_factor 0.008547008547008548
/home/grads/mogunleye/Research/EC_pretraining/OFA/data/mm_data/snli_ve_dataset.py:60: VisibleDeprecationWarning: Creating an ndarray from ragged nested sequences (which is a list-or-tuple of lists-or-tuples-or ndarrays with different lengths or shapes) is deprecated. If you meant to do this, you must specify 'dtype=object' when creating the ndarray.
  decoder_prompts = np.array([s['decoder_prompt'].tolist() for s in samples])
slice_id 3 seek offset 37500
Total steps 1955, warmup steps 117, warmup_factor 0.008547008547008548
2023-05-16 15:29:57 - trainer.py[line:921] - INFO: NOTE: gradient overflow detected, ignoring gradient, setting loss scale to: 64.0
2023-05-16 15:30:45 - progress_bar.py[line:272] - INFO: epoch 001:     11 / 391 loss=1.896, loss_v1=0, loss_v2=0, nll_loss=1.896, ntokens=256, nsentences=128, sample_size=256, sample_size_v1=0, sample_size_v2=0, ppl=3.72, wps=53.2, ups=0.21, wpb=256, bsz=128, num_updates=10, lr=4.2735e-06, gnorm=28.612, clip=100, loss_scale=64, train_wall=56, gb_free=36.6, wall=66
2023-05-16 15:31:34 - progress_bar.py[line:272] - INFO: epoch 001:     21 / 391 loss=1.068, loss_v1=0, loss_v2=0, nll_loss=1.068, ntokens=256, nsentences=128, sample_size=256, sample_size_v1=0, sample_size_v2=0, ppl=2.1, wps=52.1, ups=0.2, wpb=256, bsz=128, num_updates=20, lr=8.54701e-06, gnorm=13.201, clip=100, loss_scale=64, train_wall=49, gb_free=36.6, wall=115
2023-05-16 15:32:23 - progress_bar.py[line:272] - INFO: epoch 001:     31 / 391 loss=0.751, loss_v1=0, loss_v2=0, nll_loss=0.751, ntokens=256, nsentences=128, sample_size=256, sample_size_v1=0, sample_size_v2=0, ppl=1.68, wps=52.4, ups=0.2, wpb=256, bsz=128, num_updates=30, lr=1.28205e-05, gnorm=6.327, clip=100, loss_scale=64, train_wall=49, gb_free=36.5, wall=164
2023-05-16 15:33:09 - progress_bar.py[line:272] - INFO: epoch 001:     41 / 391 loss=0.649, loss_v1=0, loss_v2=0, nll_loss=0.649, ntokens=256, nsentences=128, sample_size=256, sample_size_v1=0, sample_size_v2=0, ppl=1.57, wps=55.2, ups=0.22, wpb=256, bsz=128, num_updates=40, lr=1.7094e-05, gnorm=2.759, clip=100, loss_scale=64, train_wall=46, gb_free=36.7, wall=210
2023-05-16 15:33:59 - progress_bar.py[line:272] - INFO: epoch 001:     51 / 391 loss=0.595, loss_v1=0, loss_v2=0, nll_loss=0.595, ntokens=256, nsentences=128, sample_size=256, sample_size_v1=0, sample_size_v2=0, ppl=1.51, wps=51.2, ups=0.2, wpb=256, bsz=128, num_updates=50, lr=2.13675e-05, gnorm=2.341, clip=100, loss_scale=64, train_wall=50, gb_free=36.6, wall=260
2023-05-16 15:34:49 - progress_bar.py[line:272] - INFO: epoch 001:     61 / 391 loss=0.566, loss_v1=0, loss_v2=0, nll_loss=0.566, ntokens=256, nsentences=128, sample_size=256, sample_size_v1=0, sample_size_v2=0, ppl=1.48, wps=51.9, ups=0.2, wpb=256, bsz=128, num_updates=60, lr=2.5641e-05, gnorm=1.421, clip=90, loss_scale=64, train_wall=49, gb_free=36.7, wall=310
2023-05-16 15:35:36 - progress_bar.py[line:272] - INFO: epoch 001:     71 / 391 loss=0.568, loss_v1=0, loss_v2=0, nll_loss=0.568, ntokens=256, nsentences=128, sample_size=256, sample_size_v1=0, sample_size_v2=0, ppl=1.48, wps=53.6, ups=0.21, wpb=256, bsz=128, num_updates=70, lr=2.99145e-05, gnorm=1.686, clip=90, loss_scale=64, train_wall=48, gb_free=36.6, wall=357
2023-05-16 15:36:24 - progress_bar.py[line:272] - INFO: epoch 001:     81 / 391 loss=0.562, loss_v1=0, loss_v2=0, nll_loss=0.562, ntokens=256, nsentences=128, sample_size=256, sample_size_v1=0, sample_size_v2=0, ppl=1.48, wps=53.4, ups=0.21, wpb=256, bsz=128, num_updates=80, lr=3.4188e-05, gnorm=1.25, clip=80, loss_scale=64, train_wall=48, gb_free=36.5, wall=405
2023-05-16 15:37:14 - progress_bar.py[line:272] - INFO: epoch 001:     91 / 391 loss=0.563, loss_v1=0, loss_v2=0, nll_loss=0.563, ntokens=256, nsentences=128, sample_size=256, sample_size_v1=0, sample_size_v2=0, ppl=1.48, wps=51.4, ups=0.2, wpb=256, bsz=128, num_updates=90, lr=3.84615e-05, gnorm=1.161, clip=90, loss_scale=64, train_wall=50, gb_free=36.7, wall=455
2023-05-16 15:38:05 - progress_bar.py[line:272] - INFO: epoch 001:    101 / 391 loss=0.546, loss_v1=0, loss_v2=0, nll_loss=0.546, ntokens=256, nsentences=128, sample_size=256, sample_size_v1=0, sample_size_v2=0, ppl=1.46, wps=50.6, ups=0.2, wpb=256, bsz=128, num_updates=100, lr=4.2735e-05, gnorm=1.178, clip=60, loss_scale=64, train_wall=50, gb_free=36.6, wall=506
2023-05-16 15:38:52 - progress_bar.py[line:272] - INFO: epoch 001:    111 / 391 loss=0.56, loss_v1=0, loss_v2=0, nll_loss=0.56, ntokens=256, nsentences=128, sample_size=256, sample_size_v1=0, sample_size_v2=0, ppl=1.47, wps=54.5, ups=0.21, wpb=256, bsz=128, num_updates=110, lr=4.70085e-05, gnorm=1.385, clip=60, loss_scale=64, train_wall=47, gb_free=36.5, wall=553
2023-05-16 15:39:41 - progress_bar.py[line:272] - INFO: epoch 001:    121 / 391 loss=0.548, loss_v1=0, loss_v2=0, nll_loss=0.548, ntokens=256, nsentences=128, sample_size=256, sample_size_v1=0, sample_size_v2=0, ppl=1.46, wps=51.3, ups=0.2, wpb=256, bsz=128, num_updates=120, lr=4.99184e-05, gnorm=1.15, clip=70, loss_scale=64, train_wall=50, gb_free=36.7, wall=603
2023-05-16 15:40:30 - progress_bar.py[line:272] - INFO: epoch 001:    131 / 391 loss=0.54, loss_v1=0, loss_v2=0, nll_loss=0.54, ntokens=256, nsentences=128, sample_size=256, sample_size_v1=0, sample_size_v2=0, ppl=1.45, wps=52.4, ups=0.2, wpb=256, bsz=128, num_updates=130, lr=4.96464e-05, gnorm=1.214, clip=60, loss_scale=64, train_wall=49, gb_free=36.4, wall=651
2023-05-16 15:41:18 - progress_bar.py[line:272] - INFO: epoch 001:    141 / 391 loss=0.532, loss_v1=0, loss_v2=0, nll_loss=0.532, ntokens=256, nsentences=128, sample_size=256, sample_size_v1=0, sample_size_v2=0, ppl=1.45, wps=53.8, ups=0.21, wpb=256, bsz=128, num_updates=140, lr=4.93743e-05, gnorm=1.015, clip=50, loss_scale=64, train_wall=47, gb_free=36.5, wall=699
2023-05-16 15:42:07 - progress_bar.py[line:272] - INFO: epoch 001:    151 / 391 loss=0.528, loss_v1=0, loss_v2=0, nll_loss=0.528, ntokens=256, nsentences=128, sample_size=256, sample_size_v1=0, sample_size_v2=0, ppl=1.44, wps=51.9, ups=0.2, wpb=256, bsz=128, num_updates=150, lr=4.91023e-05, gnorm=1.368, clip=50, loss_scale=64, train_wall=49, gb_free=36.6, wall=748
2023-05-16 15:42:57 - progress_bar.py[line:272] - INFO: epoch 001:    161 / 391 loss=0.531, loss_v1=0, loss_v2=0, nll_loss=0.531, ntokens=256, nsentences=128, sample_size=256, sample_size_v1=0, sample_size_v2=0, ppl=1.44, wps=51.8, ups=0.2, wpb=256, bsz=128, num_updates=160, lr=4.88303e-05, gnorm=1.536, clip=90, loss_scale=64, train_wall=49, gb_free=36.2, wall=798
2023-05-16 15:43:45 - progress_bar.py[line:272] - INFO: epoch 001:    171 / 391 loss=0.52, loss_v1=0, loss_v2=0, nll_loss=0.52, ntokens=256, nsentences=128, sample_size=256, sample_size_v1=0, sample_size_v2=0, ppl=1.43, wps=52.9, ups=0.21, wpb=256, bsz=128, num_updates=170, lr=4.85582e-05, gnorm=1.154, clip=40, loss_scale=64, train_wall=48, gb_free=36.6, wall=846
2023-05-16 15:44:32 - progress_bar.py[line:272] - INFO: epoch 001:    181 / 391 loss=0.513, loss_v1=0, loss_v2=0, nll_loss=0.513, ntokens=256, nsentences=128, sample_size=256, sample_size_v1=0, sample_size_v2=0, ppl=1.43, wps=54.1, ups=0.21, wpb=256, bsz=128, num_updates=180, lr=4.82862e-05, gnorm=1.363, clip=80, loss_scale=64, train_wall=47, gb_free=36.6, wall=893
2023-05-16 15:45:22 - progress_bar.py[line:272] - INFO: epoch 001:    191 / 391 loss=0.517, loss_v1=0, loss_v2=0, nll_loss=0.517, ntokens=256, nsentences=128, sample_size=256, sample_size_v1=0, sample_size_v2=0, ppl=1.43, wps=51.1, ups=0.2, wpb=256, bsz=128, num_updates=190, lr=4.80141e-05, gnorm=1.536, clip=90, loss_scale=64, train_wall=50, gb_free=36.6, wall=944
2023-05-16 15:46:11 - progress_bar.py[line:272] - INFO: epoch 001:    201 / 391 loss=0.504, loss_v1=0, loss_v2=0, nll_loss=0.504, ntokens=256, nsentences=128, sample_size=256, sample_size_v1=0, sample_size_v2=0, ppl=1.42, wps=52.8, ups=0.21, wpb=256, bsz=128, num_updates=200, lr=4.77421e-05, gnorm=1.051, clip=50, loss_scale=64, train_wall=48, gb_free=36.7, wall=992
2023-05-16 15:46:57 - progress_bar.py[line:272] - INFO: epoch 001:    211 / 391 loss=0.491, loss_v1=0, loss_v2=0, nll_loss=0.491, ntokens=256, nsentences=128, sample_size=256, sample_size_v1=0, sample_size_v2=0, ppl=1.41, wps=55.6, ups=0.22, wpb=256, bsz=128, num_updates=210, lr=4.74701e-05, gnorm=1.181, clip=60, loss_scale=64, train_wall=46, gb_free=36.6, wall=1038
2023-05-16 15:47:47 - progress_bar.py[line:272] - INFO: epoch 001:    221 / 391 loss=0.522, loss_v1=0, loss_v2=0, nll_loss=0.522, ntokens=256, nsentences=128, sample_size=256, sample_size_v1=0, sample_size_v2=0, ppl=1.44, wps=50.7, ups=0.2, wpb=256, bsz=128, num_updates=220, lr=4.7198e-05, gnorm=1.424, clip=90, loss_scale=64, train_wall=50, gb_free=36.5, wall=1089
2023-05-16 15:48:33 - progress_bar.py[line:272] - INFO: epoch 001:    231 / 391 loss=0.497, loss_v1=0, loss_v2=0, nll_loss=0.497, ntokens=256, nsentences=128, sample_size=256, sample_size_v1=0, sample_size_v2=0, ppl=1.41, wps=55.7, ups=0.22, wpb=256, bsz=128, num_updates=230, lr=4.6926e-05, gnorm=1.068, clip=40, loss_scale=64, train_wall=46, gb_free=36.6, wall=1134
2023-05-16 15:49:18 - progress_bar.py[line:272] - INFO: epoch 001:    241 / 391 loss=0.502, loss_v1=0, loss_v2=0, nll_loss=0.502, ntokens=256, nsentences=128, sample_size=256, sample_size_v1=0, sample_size_v2=0, ppl=1.42, wps=57.9, ups=0.23, wpb=256, bsz=128, num_updates=240, lr=4.6654e-05, gnorm=1.327, clip=80, loss_scale=64, train_wall=44, gb_free=36.6, wall=1179
2023-05-16 15:49:58 - progress_bar.py[line:272] - INFO: epoch 001:    251 / 391 loss=0.49, loss_v1=0, loss_v2=0, nll_loss=0.49, ntokens=256, nsentences=128, sample_size=256, sample_size_v1=0, sample_size_v2=0, ppl=1.4, wps=63.3, ups=0.25, wpb=256, bsz=128, num_updates=250, lr=4.63819e-05, gnorm=1.072, clip=60, loss_scale=64, train_wall=40, gb_free=36.4, wall=1219
2023-05-16 15:50:43 - progress_bar.py[line:272] - INFO: epoch 001:    261 / 391 loss=0.486, loss_v1=0, loss_v2=0, nll_loss=0.486, ntokens=256, nsentences=128, sample_size=256, sample_size_v1=0, sample_size_v2=0, ppl=1.4, wps=57.1, ups=0.22, wpb=256, bsz=128, num_updates=260, lr=4.61099e-05, gnorm=1.474, clip=80, loss_scale=64, train_wall=45, gb_free=36.7, wall=1264
2023-05-16 15:51:26 - progress_bar.py[line:272] - INFO: epoch 001:    271 / 391 loss=0.482, loss_v1=0, loss_v2=0, nll_loss=0.482, ntokens=256, nsentences=128, sample_size=256, sample_size_v1=0, sample_size_v2=0, ppl=1.4, wps=59.2, ups=0.23, wpb=256, bsz=128, num_updates=270, lr=4.58379e-05, gnorm=1.005, clip=30, loss_scale=64, train_wall=43, gb_free=36.4, wall=1307
2023-05-16 15:52:09 - progress_bar.py[line:272] - INFO: epoch 001:    281 / 391 loss=0.477, loss_v1=0, loss_v2=0, nll_loss=0.477, ntokens=256, nsentences=128, sample_size=256, sample_size_v1=0, sample_size_v2=0, ppl=1.39, wps=59.3, ups=0.23, wpb=256, bsz=128, num_updates=280, lr=4.55658e-05, gnorm=1.096, clip=50, loss_scale=64, train_wall=43, gb_free=36.6, wall=1350
2023-05-16 15:52:51 - progress_bar.py[line:272] - INFO: epoch 001:    291 / 391 loss=0.479, loss_v1=0, loss_v2=0, nll_loss=0.479, ntokens=256, nsentences=128, sample_size=256, sample_size_v1=0, sample_size_v2=0, ppl=1.39, wps=61.5, ups=0.24, wpb=256, bsz=128, num_updates=290, lr=4.52938e-05, gnorm=0.983, clip=40, loss_scale=64, train_wall=41, gb_free=36.6, wall=1392
2023-05-16 15:53:36 - progress_bar.py[line:272] - INFO: epoch 001:    301 / 391 loss=0.477, loss_v1=0, loss_v2=0, nll_loss=0.477, ntokens=256, nsentences=128, sample_size=256, sample_size_v1=0, sample_size_v2=0, ppl=1.39, wps=56.5, ups=0.22, wpb=256, bsz=128, num_updates=300, lr=4.50218e-05, gnorm=1.215, clip=50, loss_scale=64, train_wall=45, gb_free=36.5, wall=1437
2023-05-16 15:54:20 - progress_bar.py[line:272] - INFO: epoch 001:    311 / 391 loss=0.454, loss_v1=0, loss_v2=0, nll_loss=0.454, ntokens=256, nsentences=128, sample_size=256, sample_size_v1=0, sample_size_v2=0, ppl=1.37, wps=57.8, ups=0.23, wpb=256, bsz=128, num_updates=310, lr=4.47497e-05, gnorm=1.059, clip=50, loss_scale=64, train_wall=44, gb_free=36.5, wall=1482
2023-05-16 15:55:03 - progress_bar.py[line:272] - INFO: epoch 001:    321 / 391 loss=0.473, loss_v1=0, loss_v2=0, nll_loss=0.473, ntokens=256, nsentences=128, sample_size=256, sample_size_v1=0, sample_size_v2=0, ppl=1.39, wps=60.9, ups=0.24, wpb=256, bsz=128, num_updates=320, lr=4.44777e-05, gnorm=1.163, clip=60, loss_scale=64, train_wall=42, gb_free=36.6, wall=1524
2023-05-16 15:55:45 - progress_bar.py[line:272] - INFO: epoch 001:    331 / 391 loss=0.461, loss_v1=0, loss_v2=0, nll_loss=0.461, ntokens=256, nsentences=128, sample_size=256, sample_size_v1=0, sample_size_v2=0, ppl=1.38, wps=59.8, ups=0.23, wpb=256, bsz=128, num_updates=330, lr=4.42057e-05, gnorm=1.028, clip=30, loss_scale=64, train_wall=43, gb_free=36.5, wall=1566
2023-05-16 15:56:30 - progress_bar.py[line:272] - INFO: epoch 001:    341 / 391 loss=0.446, loss_v1=0, loss_v2=0, nll_loss=0.446, ntokens=256, nsentences=128, sample_size=256, sample_size_v1=0, sample_size_v2=0, ppl=1.36, wps=57.3, ups=0.22, wpb=256, bsz=128, num_updates=340, lr=4.39336e-05, gnorm=1.099, clip=60, loss_scale=64, train_wall=44, gb_free=36.6, wall=1611
2023-05-16 15:57:15 - progress_bar.py[line:272] - INFO: epoch 001:    351 / 391 loss=0.455, loss_v1=0, loss_v2=0, nll_loss=0.455, ntokens=256, nsentences=128, sample_size=256, sample_size_v1=0, sample_size_v2=0, ppl=1.37, wps=57, ups=0.22, wpb=256, bsz=128, num_updates=350, lr=4.36616e-05, gnorm=1.132, clip=60, loss_scale=64, train_wall=45, gb_free=36.6, wall=1656
2023-05-16 15:58:01 - progress_bar.py[line:272] - INFO: epoch 001:    361 / 391 loss=0.447, loss_v1=0, loss_v2=0, nll_loss=0.447, ntokens=256, nsentences=128, sample_size=256, sample_size_v1=0, sample_size_v2=0, ppl=1.36, wps=55.5, ups=0.22, wpb=256, bsz=128, num_updates=360, lr=4.33896e-05, gnorm=1.017, clip=40, loss_scale=64, train_wall=46, gb_free=36.6, wall=1702
2023-05-16 15:58:51 - progress_bar.py[line:272] - INFO: epoch 001:    371 / 391 loss=0.456, loss_v1=0, loss_v2=0, nll_loss=0.456, ntokens=256, nsentences=128, sample_size=256, sample_size_v1=0, sample_size_v2=0, ppl=1.37, wps=51.5, ups=0.2, wpb=256, bsz=128, num_updates=370, lr=4.31175e-05, gnorm=1.035, clip=60, loss_scale=64, train_wall=50, gb_free=36.5, wall=1752
2023-05-16 15:59:40 - progress_bar.py[line:272] - INFO: epoch 001:    381 / 391 loss=0.473, loss_v1=0, loss_v2=0, nll_loss=0.473, ntokens=256, nsentences=128, sample_size=256, sample_size_v1=0, sample_size_v2=0, ppl=1.39, wps=51.6, ups=0.2, wpb=256, bsz=128, num_updates=380, lr=4.28455e-05, gnorm=1.639, clip=100, loss_scale=64, train_wall=49, gb_free=36.5, wall=1802
slice_id 1 seek offset 4465
2023-05-16 16:00:27 - progress_bar.py[line:272] - INFO: epoch 001:    391 / 391 loss=0.47, loss_v1=0, loss_v2=0, nll_loss=0.47, ntokens=246.4, nsentences=123.2, sample_size=246.4, sample_size_v1=0, sample_size_v2=0, ppl=1.39, wps=53.2, ups=0.22, wpb=246.4, bsz=123.2, num_updates=390, lr=4.25734e-05, gnorm=1.452, clip=80, loss_scale=64, train_wall=46, gb_free=36.6, wall=1848
2023-05-16 16:00:27 - train.py[line:445] - INFO: begin validation on "valid" subset
slice_id 0 seek offset 0
slice_id 2 seek offset 8930
slice_id 1 seek offset 4465
slice_id 2 seek offset 8930
slice_id 3 seek offset 13394
slice_id 0 seek offset 0
slice_id 3 seek offset 13394
local datafile ../../dataset/snli_ve_data/snlvi50k.tsv slice_id 1 begin to initialize row_count and line_idx-to-offset mapping
local datafile ../../dataset/snli_ve_data/snlvi50k.tsv slice_id 3 begin to initialize row_count and line_idx-to-offset mapping
local datafile ../../dataset/snli_ve_data/snlvi50k.tsv slice_id 2 begin to initialize row_count and line_idx-to-offset mapping
2023-05-16 16:09:04 - progress_bar.py[line:282] - INFO: epoch 001 | valid on 'valid' subset | loss 0.439 | loss_v1 0 | loss_v2 0 | nll_loss 0.439 | ntokens 31.975 | nsentences 15.987 | sample_size 31.975 | sample_size_v1 0 | sample_size_v2 0 | ppl 1.36 | snli_score 0.6028 | wps 69.1 | wpb 32 | bsz 16 | num_updates 390
2023-05-16 16:09:04 - checkpoint_utils.py[line:64] - INFO: Preparing to save checkpoint for epoch 1 @ 390 updates
2023-05-16 16:09:04 - trainer.py[line:431] - INFO: Saving checkpoint to ./EC_50k_checkpoints/5_5e-5/checkpoint1.pt
local datafile ../../dataset/snli_ve_data/snlvi50k.tsv slice_id 3 finished initializing row_count and line_idx-to-offset mapping
file ../../dataset/snli_ve_data/snlvi50k.tsv slice_id 3 row count 12500 total row count 50000
local datafile ../../dataset/snli_ve_data/snlvi50k.tsv slice_id 1 finished initializing row_count and line_idx-to-offset mapping
file ../../dataset/snli_ve_data/snlvi50k.tsv slice_id 1 row count 12500 total row count 50000
slice_id 3 seek offset 37500
slice_id 1 seek offset 12500
local datafile ../../dataset/snli_ve_data/snlvi50k.tsv slice_id 2 finished initializing row_count and line_idx-to-offset mapping
file ../../dataset/snli_ve_data/snlvi50k.tsv slice_id 2 row count 12500 total row count 50000
slice_id 2 seek offset 25000
2023-05-16 16:09:07 - trainer.py[line:441] - INFO: Finished saving checkpoint to ./EC_50k_checkpoints/5_5e-5/checkpoint1.pt
2023-05-16 16:09:12 - checkpoint_utils.py[line:133] - INFO: Saved checkpoint ./EC_50k_checkpoints/5_5e-5/checkpoint1.pt (epoch 1 @ 390 updates, score 0.6028) (writing took 7.90857318486087 seconds)
2023-05-16 16:09:12 - train.py[line:332] - INFO: end of epoch 1 (average epoch stats below)
2023-05-16 16:09:12 - progress_bar.py[line:282] - INFO: epoch 001 | loss 0.567 | loss_v1 0 | loss_v2 0 | nll_loss 0.567 | ntokens 255.754 | nsentences 127.877 | sample_size 255.754 | sample_size_v1 0 | sample_size_v2 0 | ppl 1.48 | wps 42.3 | ups 0.17 | wpb 255.8 | bsz 127.9 | num_updates 390 | lr 4.25734e-05 | gnorm 2.44 | clip 68.5 | loss_scale 64 | train_wall 1829 | gb_free 36.6 | wall 2373
2023-05-16 16:09:12 - trainer.py[line:639] - INFO: loading train data for epoch 2
local datafile ../../dataset/snli_ve_data/snlvi50k.tsv slice_id 0 begin to initialize row_count and line_idx-to-offset mapping
local datafile ../../dataset/snli_ve_data/snlvi50k.tsv slice_id 0 finished initializing row_count and line_idx-to-offset mapping
file ../../dataset/snli_ve_data/snlvi50k.tsv slice_id 0 row count 12500 total row count 50000
slice_id 0 seek offset 0
2023-05-16 16:09:13 - trainer.py[line:703] - INFO: begin training epoch 2
2023-05-16 16:09:13 - train.py[line:305] - INFO: Start iterating over samples
2023-05-16 16:09:57 - progress_bar.py[line:272] - INFO: epoch 002:     10 / 391 loss=0.444, loss_v1=0, loss_v2=0, nll_loss=0.444, ntokens=256, nsentences=128, sample_size=256, sample_size_v1=0, sample_size_v2=0, ppl=1.36, wps=4.5, ups=0.02, wpb=256, bsz=128, num_updates=400, lr=4.23014e-05, gnorm=0.967, clip=40, loss_scale=64, train_wall=43, gb_free=36.5, wall=2418
2023-05-16 16:10:40 - progress_bar.py[line:272] - INFO: epoch 002:     20 / 391 loss=0.459, loss_v1=0, loss_v2=0, nll_loss=0.459, ntokens=256, nsentences=128, sample_size=256, sample_size_v1=0, sample_size_v2=0, ppl=1.37, wps=59.1, ups=0.23, wpb=256, bsz=128, num_updates=410, lr=4.20294e-05, gnorm=0.958, clip=40, loss_scale=64, train_wall=43, gb_free=36.6, wall=2461
2023-05-16 16:11:25 - progress_bar.py[line:272] - INFO: epoch 002:     30 / 391 loss=0.447, loss_v1=0, loss_v2=0, nll_loss=0.447, ntokens=256, nsentences=128, sample_size=256, sample_size_v1=0, sample_size_v2=0, ppl=1.36, wps=57.5, ups=0.22, wpb=256, bsz=128, num_updates=420, lr=4.17573e-05, gnorm=0.936, clip=20, loss_scale=64, train_wall=44, gb_free=36.6, wall=2506
2023-05-16 16:12:05 - progress_bar.py[line:272] - INFO: epoch 002:     40 / 391 loss=0.439, loss_v1=0, loss_v2=0, nll_loss=0.439, ntokens=256, nsentences=128, sample_size=256, sample_size_v1=0, sample_size_v2=0, ppl=1.36, wps=63, ups=0.25, wpb=256, bsz=128, num_updates=430, lr=4.14853e-05, gnorm=1.23, clip=60, loss_scale=64, train_wall=41, gb_free=36.6, wall=2546
2023-05-16 16:12:51 - progress_bar.py[line:272] - INFO: epoch 002:     50 / 391 loss=0.441, loss_v1=0, loss_v2=0, nll_loss=0.441, ntokens=256, nsentences=128, sample_size=256, sample_size_v1=0, sample_size_v2=0, ppl=1.36, wps=56.3, ups=0.22, wpb=256, bsz=128, num_updates=440, lr=4.12133e-05, gnorm=1.104, clip=50, loss_scale=64, train_wall=45, gb_free=36.5, wall=2592
2023-05-16 16:13:49 - progress_bar.py[line:272] - INFO: epoch 002:     60 / 391 loss=0.444, loss_v1=0, loss_v2=0, nll_loss=0.444, ntokens=256, nsentences=128, sample_size=256, sample_size_v1=0, sample_size_v2=0, ppl=1.36, wps=43.7, ups=0.17, wpb=256, bsz=128, num_updates=450, lr=4.09412e-05, gnorm=1.1, clip=40, loss_scale=64, train_wall=58, gb_free=36.7, wall=2650
2023-05-16 16:14:50 - progress_bar.py[line:272] - INFO: epoch 002:     70 / 391 loss=0.45, loss_v1=0, loss_v2=0, nll_loss=0.45, ntokens=256, nsentences=128, sample_size=256, sample_size_v1=0, sample_size_v2=0, ppl=1.37, wps=42.1, ups=0.16, wpb=256, bsz=128, num_updates=460, lr=4.06692e-05, gnorm=1.294, clip=80, loss_scale=64, train_wall=61, gb_free=36.6, wall=2711
2023-05-16 16:15:54 - progress_bar.py[line:272] - INFO: epoch 002:     80 / 391 loss=0.445, loss_v1=0, loss_v2=0, nll_loss=0.445, ntokens=256, nsentences=128, sample_size=256, sample_size_v1=0, sample_size_v2=0, ppl=1.36, wps=39.8, ups=0.16, wpb=256, bsz=128, num_updates=470, lr=4.03972e-05, gnorm=0.943, clip=20, loss_scale=64, train_wall=64, gb_free=36.6, wall=2776
2023-05-16 16:17:00 - progress_bar.py[line:272] - INFO: epoch 002:     90 / 391 loss=0.456, loss_v1=0, loss_v2=0, nll_loss=0.456, ntokens=256, nsentences=128, sample_size=256, sample_size_v1=0, sample_size_v2=0, ppl=1.37, wps=38.8, ups=0.15, wpb=256, bsz=128, num_updates=480, lr=4.01251e-05, gnorm=1.052, clip=60, loss_scale=64, train_wall=66, gb_free=36.6, wall=2841
2023-05-16 16:18:07 - progress_bar.py[line:272] - INFO: epoch 002:    100 / 391 loss=0.433, loss_v1=0, loss_v2=0, nll_loss=0.433, ntokens=256, nsentences=128, sample_size=256, sample_size_v1=0, sample_size_v2=0, ppl=1.35, wps=38.3, ups=0.15, wpb=256, bsz=128, num_updates=490, lr=3.98531e-05, gnorm=1.094, clip=60, loss_scale=64, train_wall=67, gb_free=36.5, wall=2908
slice_id 1 seek offset 4465
2023-05-16 16:19:13 - progress_bar.py[line:272] - INFO: epoch 002:    110 / 391 loss=0.423, loss_v1=0, loss_v2=0, nll_loss=0.423, ntokens=256, nsentences=128, sample_size=256, sample_size_v1=0, sample_size_v2=0, ppl=1.34, wps=38.8, ups=0.15, wpb=256, bsz=128, num_updates=500, lr=3.95811e-05, gnorm=1.099, clip=40, loss_scale=64, train_wall=66, gb_free=36.6, wall=2974
slice_id 3 seek offset 13394
2023-05-16 16:19:13 - train.py[line:445] - INFO: begin validation on "valid" subset
slice_id 0 seek offset 0
slice_id 2 seek offset 8930
slice_id 3 seek offset 13394
slice_id 1 seek offset 4465
slice_id 0 seek offset 0
slice_id 2 seek offset 8930
2023-05-16 16:31:18 - progress_bar.py[line:282] - INFO: epoch 002 | valid on 'valid' subset | loss 0.427 | loss_v1 0 | loss_v2 0 | nll_loss 0.427 | ntokens 31.975 | nsentences 15.987 | sample_size 31.975 | sample_size_v1 0 | sample_size_v2 0 | ppl 1.34 | snli_score 0.6207 | wps 49.3 | wpb 32 | bsz 16 | num_updates 500 | best_snli_score 0.6207
2023-05-16 16:31:18 - checkpoint_utils.py[line:64] - INFO: Preparing to save checkpoint for epoch 2 @ 500 updates
2023-05-16 16:31:18 - trainer.py[line:431] - INFO: Saving checkpoint to ./EC_50k_checkpoints/5_5e-5/checkpoint_2_500.pt
2023-05-16 16:31:24 - trainer.py[line:441] - INFO: Finished saving checkpoint to ./EC_50k_checkpoints/5_5e-5/checkpoint_2_500.pt
2023-05-16 16:31:31 - checkpoint_utils.py[line:133] - INFO: Saved checkpoint ./EC_50k_checkpoints/5_5e-5/checkpoint_2_500.pt (epoch 2 @ 500 updates, score 0.6207) (writing took 12.639024805044755 seconds)
2023-05-16 16:32:38 - progress_bar.py[line:272] - INFO: epoch 002:    120 / 391 loss=0.45, loss_v1=0, loss_v2=0, nll_loss=0.45, ntokens=256, nsentences=128, sample_size=256, sample_size_v1=0, sample_size_v2=0, ppl=1.37, wps=3.2, ups=0.01, wpb=256, bsz=128, num_updates=510, lr=3.9309e-05, gnorm=1.338, clip=80, loss_scale=64, train_wall=67, gb_free=36.5, wall=3779
2023-05-16 16:33:45 - progress_bar.py[line:272] - INFO: epoch 002:    130 / 391 loss=0.448, loss_v1=0, loss_v2=0, nll_loss=0.448, ntokens=256, nsentences=128, sample_size=256, sample_size_v1=0, sample_size_v2=0, ppl=1.36, wps=37.9, ups=0.15, wpb=256, bsz=128, num_updates=520, lr=3.9037e-05, gnorm=1.467, clip=80, loss_scale=128, train_wall=67, gb_free=36.5, wall=3846
2023-05-16 16:34:54 - progress_bar.py[line:272] - INFO: epoch 002:    140 / 391 loss=0.44, loss_v1=0, loss_v2=0, nll_loss=0.44, ntokens=256, nsentences=128, sample_size=256, sample_size_v1=0, sample_size_v2=0, ppl=1.36, wps=37.2, ups=0.15, wpb=256, bsz=128, num_updates=530, lr=3.8765e-05, gnorm=1.038, clip=60, loss_scale=128, train_wall=69, gb_free=36.5, wall=3915
2023-05-16 16:36:04 - progress_bar.py[line:272] - INFO: epoch 002:    150 / 391 loss=0.41, loss_v1=0, loss_v2=0, nll_loss=0.41, ntokens=256, nsentences=128, sample_size=256, sample_size_v1=0, sample_size_v2=0, ppl=1.33, wps=36.4, ups=0.14, wpb=256, bsz=128, num_updates=540, lr=3.84929e-05, gnorm=1.114, clip=50, loss_scale=128, train_wall=70, gb_free=36.5, wall=3985
2023-05-16 16:37:16 - progress_bar.py[line:272] - INFO: epoch 002:    160 / 391 loss=0.43, loss_v1=0, loss_v2=0, nll_loss=0.43, ntokens=256, nsentences=128, sample_size=256, sample_size_v1=0, sample_size_v2=0, ppl=1.35, wps=35.7, ups=0.14, wpb=256, bsz=128, num_updates=550, lr=3.82209e-05, gnorm=1.183, clip=70, loss_scale=128, train_wall=71, gb_free=36.7, wall=4057
2023-05-16 16:38:28 - progress_bar.py[line:272] - INFO: epoch 002:    170 / 391 loss=0.417, loss_v1=0, loss_v2=0, nll_loss=0.417, ntokens=256, nsentences=128, sample_size=256, sample_size_v1=0, sample_size_v2=0, ppl=1.33, wps=35.5, ups=0.14, wpb=256, bsz=128, num_updates=560, lr=3.79489e-05, gnorm=1.154, clip=60, loss_scale=128, train_wall=72, gb_free=36.5, wall=4129
2023-05-16 16:39:40 - progress_bar.py[line:272] - INFO: epoch 002:    180 / 391 loss=0.414, loss_v1=0, loss_v2=0, nll_loss=0.414, ntokens=256, nsentences=128, sample_size=256, sample_size_v1=0, sample_size_v2=0, ppl=1.33, wps=35.7, ups=0.14, wpb=256, bsz=128, num_updates=570, lr=3.76768e-05, gnorm=1.154, clip=60, loss_scale=128, train_wall=71, gb_free=36.6, wall=4201
2023-05-16 16:40:54 - progress_bar.py[line:272] - INFO: epoch 002:    190 / 391 loss=0.422, loss_v1=0, loss_v2=0, nll_loss=0.422, ntokens=256, nsentences=128, sample_size=256, sample_size_v1=0, sample_size_v2=0, ppl=1.34, wps=34.5, ups=0.13, wpb=256, bsz=128, num_updates=580, lr=3.74048e-05, gnorm=1.219, clip=70, loss_scale=128, train_wall=74, gb_free=36.3, wall=4275
2023-05-16 16:42:07 - progress_bar.py[line:272] - INFO: epoch 002:    200 / 391 loss=0.422, loss_v1=0, loss_v2=0, nll_loss=0.422, ntokens=256, nsentences=128, sample_size=256, sample_size_v1=0, sample_size_v2=0, ppl=1.34, wps=35.2, ups=0.14, wpb=256, bsz=128, num_updates=590, lr=3.71328e-05, gnorm=1.545, clip=80, loss_scale=128, train_wall=72, gb_free=36.5, wall=4348
2023-05-16 16:43:19 - progress_bar.py[line:272] - INFO: epoch 002:    210 / 391 loss=0.404, loss_v1=0, loss_v2=0, nll_loss=0.404, ntokens=256, nsentences=128, sample_size=256, sample_size_v1=0, sample_size_v2=0, ppl=1.32, wps=35.3, ups=0.14, wpb=256, bsz=128, num_updates=600, lr=3.68607e-05, gnorm=1.404, clip=80, loss_scale=128, train_wall=72, gb_free=36.4, wall=4421
2023-05-16 16:44:30 - progress_bar.py[line:272] - INFO: epoch 002:    220 / 391 loss=0.424, loss_v1=0, loss_v2=0, nll_loss=0.424, ntokens=256, nsentences=128, sample_size=256, sample_size_v1=0, sample_size_v2=0, ppl=1.34, wps=36.2, ups=0.14, wpb=256, bsz=128, num_updates=610, lr=3.65887e-05, gnorm=1.184, clip=50, loss_scale=128, train_wall=70, gb_free=36.5, wall=4491
2023-05-16 16:45:37 - progress_bar.py[line:272] - INFO: epoch 002:    230 / 391 loss=0.408, loss_v1=0, loss_v2=0, nll_loss=0.408, ntokens=256, nsentences=128, sample_size=256, sample_size_v1=0, sample_size_v2=0, ppl=1.33, wps=38.2, ups=0.15, wpb=256, bsz=128, num_updates=620, lr=3.63166e-05, gnorm=1.107, clip=60, loss_scale=128, train_wall=67, gb_free=36.5, wall=4558
2023-05-16 16:46:44 - progress_bar.py[line:272] - INFO: epoch 002:    240 / 391 loss=0.402, loss_v1=0, loss_v2=0, nll_loss=0.402, ntokens=256, nsentences=128, sample_size=256, sample_size_v1=0, sample_size_v2=0, ppl=1.32, wps=38.3, ups=0.15, wpb=256, bsz=128, num_updates=630, lr=3.60446e-05, gnorm=1.134, clip=70, loss_scale=128, train_wall=67, gb_free=36.6, wall=4625
2023-05-16 16:47:46 - progress_bar.py[line:272] - INFO: epoch 002:    250 / 391 loss=0.399, loss_v1=0, loss_v2=0, nll_loss=0.399, ntokens=256, nsentences=128, sample_size=256, sample_size_v1=0, sample_size_v2=0, ppl=1.32, wps=41.1, ups=0.16, wpb=256, bsz=128, num_updates=640, lr=3.57726e-05, gnorm=1.26, clip=80, loss_scale=128, train_wall=62, gb_free=36.5, wall=4687
2023-05-16 16:48:54 - progress_bar.py[line:272] - INFO: epoch 002:    260 / 391 loss=0.377, loss_v1=0, loss_v2=0, nll_loss=0.377, ntokens=256, nsentences=128, sample_size=256, sample_size_v1=0, sample_size_v2=0, ppl=1.3, wps=37.7, ups=0.15, wpb=256, bsz=128, num_updates=650, lr=3.55005e-05, gnorm=1.203, clip=70, loss_scale=128, train_wall=68, gb_free=36.5, wall=4755
2023-05-16 16:49:59 - progress_bar.py[line:272] - INFO: epoch 002:    270 / 391 loss=0.4, loss_v1=0, loss_v2=0, nll_loss=0.4, ntokens=256, nsentences=128, sample_size=256, sample_size_v1=0, sample_size_v2=0, ppl=1.32, wps=39.7, ups=0.16, wpb=256, bsz=128, num_updates=660, lr=3.52285e-05, gnorm=1.04, clip=60, loss_scale=128, train_wall=64, gb_free=36.6, wall=4820
2023-05-16 16:51:05 - progress_bar.py[line:272] - INFO: epoch 002:    280 / 391 loss=0.388, loss_v1=0, loss_v2=0, nll_loss=0.388, ntokens=256, nsentences=128, sample_size=256, sample_size_v1=0, sample_size_v2=0, ppl=1.31, wps=38.5, ups=0.15, wpb=256, bsz=128, num_updates=670, lr=3.49565e-05, gnorm=1.304, clip=80, loss_scale=128, train_wall=66, gb_free=36.7, wall=4886
2023-05-16 16:52:13 - progress_bar.py[line:272] - INFO: epoch 002:    290 / 391 loss=0.394, loss_v1=0, loss_v2=0, nll_loss=0.394, ntokens=256, nsentences=128, sample_size=256, sample_size_v1=0, sample_size_v2=0, ppl=1.31, wps=38, ups=0.15, wpb=256, bsz=128, num_updates=680, lr=3.46844e-05, gnorm=1.156, clip=70, loss_scale=128, train_wall=67, gb_free=36.6, wall=4954
2023-05-16 16:53:17 - progress_bar.py[line:272] - INFO: epoch 002:    300 / 391 loss=0.379, loss_v1=0, loss_v2=0, nll_loss=0.379, ntokens=256, nsentences=128, sample_size=256, sample_size_v1=0, sample_size_v2=0, ppl=1.3, wps=39.8, ups=0.16, wpb=256, bsz=128, num_updates=690, lr=3.44124e-05, gnorm=0.979, clip=40, loss_scale=128, train_wall=64, gb_free=36.6, wall=5018
2023-05-16 16:54:19 - progress_bar.py[line:272] - INFO: epoch 002:    310 / 391 loss=0.374, loss_v1=0, loss_v2=0, nll_loss=0.374, ntokens=256, nsentences=128, sample_size=256, sample_size_v1=0, sample_size_v2=0, ppl=1.3, wps=41.5, ups=0.16, wpb=256, bsz=128, num_updates=700, lr=3.41404e-05, gnorm=1.2, clip=70, loss_scale=128, train_wall=61, gb_free=36.5, wall=5080
2023-05-16 16:55:20 - progress_bar.py[line:272] - INFO: epoch 002:    320 / 391 loss=0.389, loss_v1=0, loss_v2=0, nll_loss=0.389, ntokens=256, nsentences=128, sample_size=256, sample_size_v1=0, sample_size_v2=0, ppl=1.31, wps=42, ups=0.16, wpb=256, bsz=128, num_updates=710, lr=3.38683e-05, gnorm=1.255, clip=80, loss_scale=128, train_wall=61, gb_free=36.6, wall=5141
2023-05-16 16:56:25 - progress_bar.py[line:272] - INFO: epoch 002:    330 / 391 loss=0.382, loss_v1=0, loss_v2=0, nll_loss=0.382, ntokens=256, nsentences=128, sample_size=256, sample_size_v1=0, sample_size_v2=0, ppl=1.3, wps=39.5, ups=0.15, wpb=256, bsz=128, num_updates=720, lr=3.35963e-05, gnorm=1.379, clip=90, loss_scale=128, train_wall=65, gb_free=36.6, wall=5206
2023-05-16 16:57:29 - progress_bar.py[line:272] - INFO: epoch 002:    340 / 391 loss=0.372, loss_v1=0, loss_v2=0, nll_loss=0.372, ntokens=256, nsentences=128, sample_size=256, sample_size_v1=0, sample_size_v2=0, ppl=1.29, wps=40, ups=0.16, wpb=256, bsz=128, num_updates=730, lr=3.33243e-05, gnorm=1.225, clip=70, loss_scale=128, train_wall=64, gb_free=36.5, wall=5270
2023-05-16 16:58:34 - progress_bar.py[line:272] - INFO: epoch 002:    350 / 391 loss=0.378, loss_v1=0, loss_v2=0, nll_loss=0.378, ntokens=256, nsentences=128, sample_size=256, sample_size_v1=0, sample_size_v2=0, ppl=1.3, wps=39.2, ups=0.15, wpb=256, bsz=128, num_updates=740, lr=3.30522e-05, gnorm=1.163, clip=80, loss_scale=128, train_wall=65, gb_free=36.5, wall=5335
2023-05-16 16:59:40 - progress_bar.py[line:272] - INFO: epoch 002:    360 / 391 loss=0.354, loss_v1=0, loss_v2=0, nll_loss=0.354, ntokens=256, nsentences=128, sample_size=256, sample_size_v1=0, sample_size_v2=0, ppl=1.28, wps=38.5, ups=0.15, wpb=256, bsz=128, num_updates=750, lr=3.27802e-05, gnorm=0.992, clip=40, loss_scale=128, train_wall=66, gb_free=36.6, wall=5402
2023-05-16 17:00:52 - progress_bar.py[line:272] - INFO: epoch 002:    370 / 391 loss=0.382, loss_v1=0, loss_v2=0, nll_loss=0.382, ntokens=256, nsentences=128, sample_size=256, sample_size_v1=0, sample_size_v2=0, ppl=1.3, wps=35.6, ups=0.14, wpb=256, bsz=128, num_updates=760, lr=3.25082e-05, gnorm=1.124, clip=70, loss_scale=128, train_wall=72, gb_free=36.6, wall=5474
2023-05-16 17:02:06 - progress_bar.py[line:272] - INFO: epoch 002:    380 / 391 loss=0.391, loss_v1=0, loss_v2=0, nll_loss=0.391, ntokens=256, nsentences=128, sample_size=256, sample_size_v1=0, sample_size_v2=0, ppl=1.31, wps=34.9, ups=0.14, wpb=256, bsz=128, num_updates=770, lr=3.22361e-05, gnorm=1.454, clip=100, loss_scale=128, train_wall=73, gb_free=36.5, wall=5547
2023-05-16 17:03:18 - progress_bar.py[line:272] - INFO: epoch 002:    390 / 391 loss=0.387, loss_v1=0, loss_v2=0, nll_loss=0.387, ntokens=256, nsentences=128, sample_size=256, sample_size_v1=0, sample_size_v2=0, ppl=1.31, wps=35.6, ups=0.14, wpb=256, bsz=128, num_updates=780, lr=3.19641e-05, gnorm=1.13, clip=50, loss_scale=128, train_wall=72, gb_free=36.6, wall=5619
slice_id 2 seek offset 8930
2023-05-16 17:03:23 - train.py[line:445] - INFO: begin validation on "valid" subset
slice_id 0 seek offset 0
slice_id 1 seek offset 4465
slice_id 3 seek offset 13394
slice_id 2 seek offset 8930
slice_id 0 seek offset 0
slice_id 1 seek offset 4465
slice_id 3 seek offset 13394
2023-05-16 17:15:31 - progress_bar.py[line:282] - INFO: epoch 002 | valid on 'valid' subset | loss 0.383 | loss_v1 0 | loss_v2 0 | nll_loss 0.383 | ntokens 31.975 | nsentences 15.987 | sample_size 31.975 | sample_size_v1 0 | sample_size_v2 0 | ppl 1.3 | snli_score 0.6698 | wps 49.1 | wpb 32 | bsz 16 | num_updates 781 | best_snli_score 0.6698
2023-05-16 17:15:31 - checkpoint_utils.py[line:64] - INFO: Preparing to save checkpoint for epoch 2 @ 781 updates
2023-05-16 17:15:31 - trainer.py[line:431] - INFO: Saving checkpoint to ./EC_50k_checkpoints/5_5e-5/checkpoint2.pt
local datafile ../../dataset/snli_ve_data/snlvi50k.tsv slice_id 2 begin to initialize row_count and line_idx-to-offset mapping
local datafile ../../dataset/snli_ve_data/snlvi50k.tsv slice_id 3 begin to initialize row_count and line_idx-to-offset mapping
local datafile ../../dataset/snli_ve_data/snlvi50k.tsv slice_id 1 begin to initialize row_count and line_idx-to-offset mapping
local datafile ../../dataset/snli_ve_data/snlvi50k.tsv slice_id 3 finished initializing row_count and line_idx-to-offset mapping
file ../../dataset/snli_ve_data/snlvi50k.tsv slice_id 3 row count 12500 total row count 50000
slice_id 3 seek offset 37500
local datafile ../../dataset/snli_ve_data/snlvi50k.tsv slice_id 1 finished initializing row_count and line_idx-to-offset mapping
file ../../dataset/snli_ve_data/snlvi50k.tsv slice_id 1 row count 12500 total row count 50000
slice_id 1 seek offset 12500
local datafile ../../dataset/snli_ve_data/snlvi50k.tsv slice_id 2 finished initializing row_count and line_idx-to-offset mapping
file ../../dataset/snli_ve_data/snlvi50k.tsv slice_id 2 row count 12500 total row count 50000
slice_id 2 seek offset 25000
2023-05-16 17:15:37 - trainer.py[line:441] - INFO: Finished saving checkpoint to ./EC_50k_checkpoints/5_5e-5/checkpoint2.pt
2023-05-16 17:15:44 - checkpoint_utils.py[line:133] - INFO: Saved checkpoint ./EC_50k_checkpoints/5_5e-5/checkpoint2.pt (epoch 2 @ 781 updates, score 0.6698) (writing took 13.315404684050009 seconds)
2023-05-16 17:15:44 - train.py[line:332] - INFO: end of epoch 2 (average epoch stats below)
2023-05-16 17:15:45 - progress_bar.py[line:282] - INFO: epoch 002 | loss 0.413 | loss_v1 0 | loss_v2 0 | nll_loss 0.413 | ntokens 255.754 | nsentences 127.877 | sample_size 255.754 | sample_size_v1 0 | sample_size_v2 0 | ppl 1.33 | wps 25 | ups 0.1 | wpb 255.8 | bsz 127.9 | num_updates 781 | lr 3.19369e-05 | gnorm 1.171 | clip 62.1 | loss_scale 128 | train_wall 2502 | gb_free 36.6 | wall 6366
2023-05-16 17:15:45 - trainer.py[line:639] - INFO: loading train data for epoch 3
local datafile ../../dataset/snli_ve_data/snlvi50k.tsv slice_id 0 begin to initialize row_count and line_idx-to-offset mapping
local datafile ../../dataset/snli_ve_data/snlvi50k.tsv slice_id 0 finished initializing row_count and line_idx-to-offset mapping
file ../../dataset/snli_ve_data/snlvi50k.tsv slice_id 0 row count 12500 total row count 50000
slice_id 0 seek offset 0
2023-05-16 17:15:46 - trainer.py[line:703] - INFO: begin training epoch 3
2023-05-16 17:15:46 - train.py[line:305] - INFO: Start iterating over samples
2023-05-16 17:16:46 - progress_bar.py[line:272] - INFO: epoch 003:      9 / 391 loss=0.364, loss_v1=0, loss_v2=0, nll_loss=0.364, ntokens=246.4, nsentences=123.2, sample_size=246.4, sample_size_v1=0, sample_size_v2=0, ppl=1.29, wps=3, ups=0.01, wpb=246.4, bsz=123.2, num_updates=790, lr=3.16921e-05, gnorm=1.201, clip=80, loss_scale=128, train_wall=65, gb_free=36.6, wall=6427
2023-05-16 17:17:53 - progress_bar.py[line:272] - INFO: epoch 003:     19 / 391 loss=0.377, loss_v1=0, loss_v2=0, nll_loss=0.377, ntokens=256, nsentences=128, sample_size=256, sample_size_v1=0, sample_size_v2=0, ppl=1.3, wps=38.2, ups=0.15, wpb=256, bsz=128, num_updates=800, lr=3.142e-05, gnorm=1.081, clip=70, loss_scale=128, train_wall=67, gb_free=36.5, wall=6494
2023-05-16 17:19:00 - progress_bar.py[line:272] - INFO: epoch 003:     29 / 391 loss=0.375, loss_v1=0, loss_v2=0, nll_loss=0.375, ntokens=256, nsentences=128, sample_size=256, sample_size_v1=0, sample_size_v2=0, ppl=1.3, wps=38, ups=0.15, wpb=256, bsz=128, num_updates=810, lr=3.1148e-05, gnorm=1.074, clip=60, loss_scale=128, train_wall=67, gb_free=36.6, wall=6562
2023-05-16 17:20:08 - progress_bar.py[line:272] - INFO: epoch 003:     39 / 391 loss=0.357, loss_v1=0, loss_v2=0, nll_loss=0.357, ntokens=256, nsentences=128, sample_size=256, sample_size_v1=0, sample_size_v2=0, ppl=1.28, wps=38.2, ups=0.15, wpb=256, bsz=128, num_updates=820, lr=3.0876e-05, gnorm=1.288, clip=90, loss_scale=128, train_wall=67, gb_free=36.7, wall=6629
2023-05-16 17:21:16 - progress_bar.py[line:272] - INFO: epoch 003:     49 / 391 loss=0.359, loss_v1=0, loss_v2=0, nll_loss=0.359, ntokens=256, nsentences=128, sample_size=256, sample_size_v1=0, sample_size_v2=0, ppl=1.28, wps=37.6, ups=0.15, wpb=256, bsz=128, num_updates=830, lr=3.06039e-05, gnorm=1.32, clip=90, loss_scale=128, train_wall=68, gb_free=36.5, wall=6697
2023-05-16 17:22:24 - progress_bar.py[line:272] - INFO: epoch 003:     59 / 391 loss=0.37, loss_v1=0, loss_v2=0, nll_loss=0.37, ntokens=256, nsentences=128, sample_size=256, sample_size_v1=0, sample_size_v2=0, ppl=1.29, wps=37.5, ups=0.15, wpb=256, bsz=128, num_updates=840, lr=3.03319e-05, gnorm=1.178, clip=80, loss_scale=128, train_wall=68, gb_free=36.6, wall=6765
2023-05-16 17:23:29 - progress_bar.py[line:272] - INFO: epoch 003:     69 / 391 loss=0.381, loss_v1=0, loss_v2=0, nll_loss=0.381, ntokens=256, nsentences=128, sample_size=256, sample_size_v1=0, sample_size_v2=0, ppl=1.3, wps=39.2, ups=0.15, wpb=256, bsz=128, num_updates=850, lr=3.00598e-05, gnorm=1.379, clip=90, loss_scale=128, train_wall=65, gb_free=36.3, wall=6830
2023-05-16 17:24:29 - progress_bar.py[line:272] - INFO: epoch 003:     79 / 391 loss=0.371, loss_v1=0, loss_v2=0, nll_loss=0.371, ntokens=256, nsentences=128, sample_size=256, sample_size_v1=0, sample_size_v2=0, ppl=1.29, wps=42.9, ups=0.17, wpb=256, bsz=128, num_updates=860, lr=2.97878e-05, gnorm=1.103, clip=70, loss_scale=128, train_wall=60, gb_free=36.6, wall=6890
2023-05-16 17:25:30 - progress_bar.py[line:272] - INFO: epoch 003:     89 / 391 loss=0.38, loss_v1=0, loss_v2=0, nll_loss=0.38, ntokens=256, nsentences=128, sample_size=256, sample_size_v1=0, sample_size_v2=0, ppl=1.3, wps=42.1, ups=0.16, wpb=256, bsz=128, num_updates=870, lr=2.95158e-05, gnorm=1.2, clip=60, loss_scale=128, train_wall=61, gb_free=36.4, wall=6951
2023-05-16 17:26:31 - progress_bar.py[line:272] - INFO: epoch 003:     99 / 391 loss=0.364, loss_v1=0, loss_v2=0, nll_loss=0.364, ntokens=256, nsentences=128, sample_size=256, sample_size_v1=0, sample_size_v2=0, ppl=1.29, wps=42.2, ups=0.16, wpb=256, bsz=128, num_updates=880, lr=2.92437e-05, gnorm=1.225, clip=60, loss_scale=128, train_wall=61, gb_free=36.6, wall=7012
2023-05-16 17:27:31 - progress_bar.py[line:272] - INFO: epoch 003:    109 / 391 loss=0.339, loss_v1=0, loss_v2=0, nll_loss=0.339, ntokens=256, nsentences=128, sample_size=256, sample_size_v1=0, sample_size_v2=0, ppl=1.26, wps=42.4, ups=0.17, wpb=256, bsz=128, num_updates=890, lr=2.89717e-05, gnorm=1.142, clip=60, loss_scale=128, train_wall=60, gb_free=36.6, wall=7072
2023-05-16 17:28:33 - progress_bar.py[line:272] - INFO: epoch 003:    119 / 391 loss=0.353, loss_v1=0, loss_v2=0, nll_loss=0.353, ntokens=256, nsentences=128, sample_size=256, sample_size_v1=0, sample_size_v2=0, ppl=1.28, wps=40.9, ups=0.16, wpb=256, bsz=128, num_updates=900, lr=2.86997e-05, gnorm=1.28, clip=90, loss_scale=128, train_wall=62, gb_free=36.5, wall=7135
2023-05-16 17:29:38 - progress_bar.py[line:272] - INFO: epoch 003:    129 / 391 loss=0.384, loss_v1=0, loss_v2=0, nll_loss=0.384, ntokens=256, nsentences=128, sample_size=256, sample_size_v1=0, sample_size_v2=0, ppl=1.3, wps=39.9, ups=0.16, wpb=256, bsz=128, num_updates=910, lr=2.84276e-05, gnorm=1.837, clip=90, loss_scale=128, train_wall=64, gb_free=36.7, wall=7199
2023-05-16 17:30:41 - progress_bar.py[line:272] - INFO: epoch 003:    139 / 391 loss=0.359, loss_v1=0, loss_v2=0, nll_loss=0.359, ntokens=256, nsentences=128, sample_size=256, sample_size_v1=0, sample_size_v2=0, ppl=1.28, wps=40.3, ups=0.16, wpb=256, bsz=128, num_updates=920, lr=2.81556e-05, gnorm=1.211, clip=90, loss_scale=128, train_wall=63, gb_free=36.6, wall=7262
2023-05-16 17:31:46 - progress_bar.py[line:272] - INFO: epoch 003:    149 / 391 loss=0.342, loss_v1=0, loss_v2=0, nll_loss=0.342, ntokens=256, nsentences=128, sample_size=256, sample_size_v1=0, sample_size_v2=0, ppl=1.27, wps=39.7, ups=0.16, wpb=256, bsz=128, num_updates=930, lr=2.78836e-05, gnorm=1.267, clip=80, loss_scale=128, train_wall=64, gb_free=36.5, wall=7327
2023-05-16 17:32:48 - progress_bar.py[line:272] - INFO: epoch 003:    159 / 391 loss=0.343, loss_v1=0, loss_v2=0, nll_loss=0.343, ntokens=256, nsentences=128, sample_size=256, sample_size_v1=0, sample_size_v2=0, ppl=1.27, wps=41.2, ups=0.16, wpb=256, bsz=128, num_updates=940, lr=2.76115e-05, gnorm=1.196, clip=70, loss_scale=128, train_wall=62, gb_free=36.6, wall=7389
2023-05-16 17:33:51 - progress_bar.py[line:272] - INFO: epoch 003:    169 / 391 loss=0.352, loss_v1=0, loss_v2=0, nll_loss=0.352, ntokens=256, nsentences=128, sample_size=256, sample_size_v1=0, sample_size_v2=0, ppl=1.28, wps=40.5, ups=0.16, wpb=256, bsz=128, num_updates=950, lr=2.73395e-05, gnorm=1.434, clip=90, loss_scale=128, train_wall=63, gb_free=36.6, wall=7452
2023-05-16 17:34:57 - progress_bar.py[line:272] - INFO: epoch 003:    179 / 391 loss=0.349, loss_v1=0, loss_v2=0, nll_loss=0.349, ntokens=256, nsentences=128, sample_size=256, sample_size_v1=0, sample_size_v2=0, ppl=1.27, wps=38.8, ups=0.15, wpb=256, bsz=128, num_updates=960, lr=2.70675e-05, gnorm=1.501, clip=90, loss_scale=128, train_wall=66, gb_free=36.6, wall=7518
2023-05-16 17:36:05 - progress_bar.py[line:272] - INFO: epoch 003:    189 / 391 loss=0.356, loss_v1=0, loss_v2=0, nll_loss=0.356, ntokens=256, nsentences=128, sample_size=256, sample_size_v1=0, sample_size_v2=0, ppl=1.28, wps=37.8, ups=0.15, wpb=256, bsz=128, num_updates=970, lr=2.67954e-05, gnorm=1.32, clip=90, loss_scale=128, train_wall=68, gb_free=36.5, wall=7586
2023-05-16 17:37:17 - progress_bar.py[line:272] - INFO: epoch 003:    199 / 391 loss=0.348, loss_v1=0, loss_v2=0, nll_loss=0.348, ntokens=256, nsentences=128, sample_size=256, sample_size_v1=0, sample_size_v2=0, ppl=1.27, wps=35.6, ups=0.14, wpb=256, bsz=128, num_updates=980, lr=2.65234e-05, gnorm=1.304, clip=100, loss_scale=128, train_wall=72, gb_free=36.5, wall=7658
2023-05-16 17:38:28 - progress_bar.py[line:272] - INFO: epoch 003:    209 / 391 loss=0.336, loss_v1=0, loss_v2=0, nll_loss=0.336, ntokens=256, nsentences=128, sample_size=256, sample_size_v1=0, sample_size_v2=0, ppl=1.26, wps=35.8, ups=0.14, wpb=256, bsz=128, num_updates=990, lr=2.62514e-05, gnorm=1.44, clip=90, loss_scale=128, train_wall=71, gb_free=36.6, wall=7729
2023-05-16 17:39:40 - progress_bar.py[line:272] - INFO: epoch 003:    219 / 391 loss=0.339, loss_v1=0, loss_v2=0, nll_loss=0.339, ntokens=256, nsentences=128, sample_size=256, sample_size_v1=0, sample_size_v2=0, ppl=1.26, wps=35.9, ups=0.14, wpb=256, bsz=128, num_updates=1000, lr=2.59793e-05, gnorm=1.144, clip=80, loss_scale=128, train_wall=71, gb_free=36.5, wall=7801
2023-05-16 17:39:40 - train.py[line:445] - INFO: begin validation on "valid" subset
slice_id 0 seek offset 0
slice_id 0 seek offset 0
slice_id 2 seek offset 8930
slice_id 1 seek offset 4465
slice_id 3 seek offset 13394
slice_id 2 seek offset 8930
slice_id 1 seek offset 4465
slice_id 3 seek offset 13394
2023-05-16 17:52:03 - progress_bar.py[line:282] - INFO: epoch 003 | valid on 'valid' subset | loss 0.379 | loss_v1 0 | loss_v2 0 | nll_loss 0.379 | ntokens 31.975 | nsentences 15.987 | sample_size 31.975 | sample_size_v1 0 | sample_size_v2 0 | ppl 1.3 | snli_score 0.6823 | wps 48.1 | wpb 32 | bsz 16 | num_updates 1000 | best_snli_score 0.6823
2023-05-16 17:52:03 - checkpoint_utils.py[line:64] - INFO: Preparing to save checkpoint for epoch 3 @ 1000 updates
2023-05-16 17:52:03 - trainer.py[line:431] - INFO: Saving checkpoint to ./EC_50k_checkpoints/5_5e-5/checkpoint_3_1000.pt
2023-05-16 17:52:07 - trainer.py[line:441] - INFO: Finished saving checkpoint to ./EC_50k_checkpoints/5_5e-5/checkpoint_3_1000.pt
2023-05-16 17:52:19 - checkpoint_utils.py[line:133] - INFO: Saved checkpoint ./EC_50k_checkpoints/5_5e-5/checkpoint_3_1000.pt (epoch 3 @ 1000 updates, score 0.6823) (writing took 16.256677204044536 seconds)
2023-05-16 17:53:08 - progress_bar.py[line:272] - INFO: epoch 003:    229 / 391 loss=0.344, loss_v1=0, loss_v2=0, nll_loss=0.344, ntokens=256, nsentences=128, sample_size=256, sample_size_v1=0, sample_size_v2=0, ppl=1.27, wps=3.2, ups=0.01, wpb=256, bsz=128, num_updates=1010, lr=2.57073e-05, gnorm=1.265, clip=90, loss_scale=128, train_wall=49, gb_free=36.6, wall=8609
2023-05-16 17:53:53 - progress_bar.py[line:272] - INFO: epoch 003:    239 / 391 loss=0.321, loss_v1=0, loss_v2=0, nll_loss=0.321, ntokens=256, nsentences=128, sample_size=256, sample_size_v1=0, sample_size_v2=0, ppl=1.25, wps=57.1, ups=0.22, wpb=256, bsz=128, num_updates=1020, lr=2.54353e-05, gnorm=1.256, clip=90, loss_scale=128, train_wall=45, gb_free=36.5, wall=8654
2023-05-16 17:54:36 - progress_bar.py[line:272] - INFO: epoch 003:    249 / 391 loss=0.327, loss_v1=0, loss_v2=0, nll_loss=0.327, ntokens=256, nsentences=128, sample_size=256, sample_size_v1=0, sample_size_v2=0, ppl=1.25, wps=60, ups=0.23, wpb=256, bsz=128, num_updates=1030, lr=2.51632e-05, gnorm=1.433, clip=90, loss_scale=256, train_wall=43, gb_free=36.5, wall=8697
2023-05-16 17:55:22 - progress_bar.py[line:272] - INFO: epoch 003:    259 / 391 loss=0.317, loss_v1=0, loss_v2=0, nll_loss=0.317, ntokens=256, nsentences=128, sample_size=256, sample_size_v1=0, sample_size_v2=0, ppl=1.25, wps=55.3, ups=0.22, wpb=256, bsz=128, num_updates=1040, lr=2.48912e-05, gnorm=1.423, clip=100, loss_scale=256, train_wall=46, gb_free=36.6, wall=8743
2023-05-16 17:56:07 - progress_bar.py[line:272] - INFO: epoch 003:    269 / 391 loss=0.337, loss_v1=0, loss_v2=0, nll_loss=0.337, ntokens=256, nsentences=128, sample_size=256, sample_size_v1=0, sample_size_v2=0, ppl=1.26, wps=56.5, ups=0.22, wpb=256, bsz=128, num_updates=1050, lr=2.46192e-05, gnorm=1.421, clip=100, loss_scale=256, train_wall=45, gb_free=36.6, wall=8788
2023-05-16 17:56:53 - progress_bar.py[line:272] - INFO: epoch 003:    279 / 391 loss=0.325, loss_v1=0, loss_v2=0, nll_loss=0.325, ntokens=256, nsentences=128, sample_size=256, sample_size_v1=0, sample_size_v2=0, ppl=1.25, wps=56.1, ups=0.22, wpb=256, bsz=128, num_updates=1060, lr=2.43471e-05, gnorm=1.493, clip=90, loss_scale=256, train_wall=45, gb_free=36.6, wall=8834
2023-05-16 17:57:40 - progress_bar.py[line:272] - INFO: epoch 003:    289 / 391 loss=0.312, loss_v1=0, loss_v2=0, nll_loss=0.312, ntokens=256, nsentences=128, sample_size=256, sample_size_v1=0, sample_size_v2=0, ppl=1.24, wps=54.6, ups=0.21, wpb=256, bsz=128, num_updates=1070, lr=2.40751e-05, gnorm=1.347, clip=100, loss_scale=256, train_wall=47, gb_free=36.7, wall=8881
2023-05-16 17:58:27 - progress_bar.py[line:272] - INFO: epoch 003:    299 / 391 loss=0.317, loss_v1=0, loss_v2=0, nll_loss=0.317, ntokens=256, nsentences=128, sample_size=256, sample_size_v1=0, sample_size_v2=0, ppl=1.25, wps=54.4, ups=0.21, wpb=256, bsz=128, num_updates=1080, lr=2.3803e-05, gnorm=1.436, clip=100, loss_scale=256, train_wall=47, gb_free=36.7, wall=8928
2023-05-16 17:59:13 - progress_bar.py[line:272] - INFO: epoch 003:    309 / 391 loss=0.319, loss_v1=0, loss_v2=0, nll_loss=0.319, ntokens=256, nsentences=128, sample_size=256, sample_size_v1=0, sample_size_v2=0, ppl=1.25, wps=55.1, ups=0.22, wpb=256, bsz=128, num_updates=1090, lr=2.3531e-05, gnorm=1.305, clip=90, loss_scale=256, train_wall=46, gb_free=36.6, wall=8975
2023-05-16 17:59:59 - progress_bar.py[line:272] - INFO: epoch 003:    319 / 391 loss=0.312, loss_v1=0, loss_v2=0, nll_loss=0.312, ntokens=256, nsentences=128, sample_size=256, sample_size_v1=0, sample_size_v2=0, ppl=1.24, wps=55.8, ups=0.22, wpb=256, bsz=128, num_updates=1100, lr=2.3259e-05, gnorm=1.423, clip=100, loss_scale=256, train_wall=46, gb_free=36.6, wall=9020
2023-05-16 18:00:45 - progress_bar.py[line:272] - INFO: epoch 003:    329 / 391 loss=0.325, loss_v1=0, loss_v2=0, nll_loss=0.325, ntokens=256, nsentences=128, sample_size=256, sample_size_v1=0, sample_size_v2=0, ppl=1.25, wps=56.4, ups=0.22, wpb=256, bsz=128, num_updates=1110, lr=2.29869e-05, gnorm=1.673, clip=100, loss_scale=256, train_wall=45, gb_free=36.6, wall=9066
2023-05-16 18:01:30 - progress_bar.py[line:272] - INFO: epoch 003:    339 / 391 loss=0.313, loss_v1=0, loss_v2=0, nll_loss=0.313, ntokens=256, nsentences=128, sample_size=256, sample_size_v1=0, sample_size_v2=0, ppl=1.24, wps=56.1, ups=0.22, wpb=256, bsz=128, num_updates=1120, lr=2.27149e-05, gnorm=1.434, clip=100, loss_scale=256, train_wall=45, gb_free=36.6, wall=9111
2023-05-16 18:02:16 - progress_bar.py[line:272] - INFO: epoch 003:    349 / 391 loss=0.318, loss_v1=0, loss_v2=0, nll_loss=0.318, ntokens=256, nsentences=128, sample_size=256, sample_size_v1=0, sample_size_v2=0, ppl=1.25, wps=55.9, ups=0.22, wpb=256, bsz=128, num_updates=1130, lr=2.24429e-05, gnorm=1.481, clip=100, loss_scale=256, train_wall=46, gb_free=36.6, wall=9157
2023-05-16 18:03:08 - progress_bar.py[line:272] - INFO: epoch 003:    359 / 391 loss=0.287, loss_v1=0, loss_v2=0, nll_loss=0.287, ntokens=256, nsentences=128, sample_size=256, sample_size_v1=0, sample_size_v2=0, ppl=1.22, wps=49.5, ups=0.19, wpb=256, bsz=128, num_updates=1140, lr=2.21708e-05, gnorm=1.138, clip=90, loss_scale=256, train_wall=51, gb_free=36.6, wall=9209
2023-05-16 18:03:58 - progress_bar.py[line:272] - INFO: epoch 003:    369 / 391 loss=0.32, loss_v1=0, loss_v2=0, nll_loss=0.32, ntokens=256, nsentences=128, sample_size=256, sample_size_v1=0, sample_size_v2=0, ppl=1.25, wps=50.7, ups=0.2, wpb=256, bsz=128, num_updates=1150, lr=2.18988e-05, gnorm=1.276, clip=100, loss_scale=256, train_wall=50, gb_free=36.6, wall=9259
2023-05-16 18:04:49 - progress_bar.py[line:272] - INFO: epoch 003:    379 / 391 loss=0.33, loss_v1=0, loss_v2=0, nll_loss=0.33, ntokens=256, nsentences=128, sample_size=256, sample_size_v1=0, sample_size_v2=0, ppl=1.26, wps=50.9, ups=0.2, wpb=256, bsz=128, num_updates=1160, lr=2.16268e-05, gnorm=1.54, clip=100, loss_scale=256, train_wall=50, gb_free=36.6, wall=9310
2023-05-16 18:05:38 - progress_bar.py[line:272] - INFO: epoch 003:    389 / 391 loss=0.318, loss_v1=0, loss_v2=0, nll_loss=0.318, ntokens=256, nsentences=128, sample_size=256, sample_size_v1=0, sample_size_v2=0, ppl=1.25, wps=51.7, ups=0.2, wpb=256, bsz=128, num_updates=1170, lr=2.13547e-05, gnorm=1.352, clip=100, loss_scale=256, train_wall=49, gb_free=36.6, wall=9359
2023-05-16 18:05:46 - train.py[line:445] - INFO: begin validation on "valid" subset
slice_id 0 seek offset 0
slice_id 3 seek offset 13394
slice_id 2 seek offset 8930
slice_id 1 seek offset 4465
slice_id 2 seek offset 8930
slice_id 0 seek offset 0
slice_id 3 seek offset 13394
slice_id 1 seek offset 4465
2023-05-16 18:14:24 - progress_bar.py[line:282] - INFO: epoch 003 | valid on 'valid' subset | loss 0.37 | loss_v1 0 | loss_v2 0 | nll_loss 0.37 | ntokens 31.975 | nsentences 15.987 | sample_size 31.975 | sample_size_v1 0 | sample_size_v2 0 | ppl 1.29 | snli_score 0.6963 | wps 69.1 | wpb 32 | bsz 16 | num_updates 1172 | best_snli_score 0.6963
2023-05-16 18:14:24 - checkpoint_utils.py[line:64] - INFO: Preparing to save checkpoint for epoch 3 @ 1172 updates
2023-05-16 18:14:24 - trainer.py[line:431] - INFO: Saving checkpoint to ./EC_50k_checkpoints/5_5e-5/checkpoint3.pt
local datafile ../../dataset/snli_ve_data/snlvi50k.tsv slice_id 1 begin to initialize row_count and line_idx-to-offset mapping
local datafile ../../dataset/snli_ve_data/snlvi50k.tsv slice_id 3 begin to initialize row_count and line_idx-to-offset mapping
local datafile ../../dataset/snli_ve_data/snlvi50k.tsv slice_id 2 begin to initialize row_count and line_idx-to-offset mapping
local datafile ../../dataset/snli_ve_data/snlvi50k.tsv slice_id 1 finished initializing row_count and line_idx-to-offset mapping
file ../../dataset/snli_ve_data/snlvi50k.tsv slice_id 1 row count 12500 total row count 50000
slice_id 1 seek offset 12500
local datafile ../../dataset/snli_ve_data/snlvi50k.tsv slice_id 3 finished initializing row_count and line_idx-to-offset mapping
file ../../dataset/snli_ve_data/snlvi50k.tsv slice_id 3 row count 12500 total row count 50000
local datafile ../../dataset/snli_ve_data/snlvi50k.tsv slice_id 2 finished initializing row_count and line_idx-to-offset mapping
file ../../dataset/snli_ve_data/snlvi50k.tsv slice_id 2 row count 12500 total row count 50000
slice_id 3 seek offset 37500
slice_id 2 seek offset 25000
2023-05-16 18:14:30 - trainer.py[line:441] - INFO: Finished saving checkpoint to ./EC_50k_checkpoints/5_5e-5/checkpoint3.pt
2023-05-16 18:14:43 - checkpoint_utils.py[line:133] - INFO: Saved checkpoint ./EC_50k_checkpoints/5_5e-5/checkpoint3.pt (epoch 3 @ 1172 updates, score 0.6963) (writing took 19.44961180817336 seconds)
2023-05-16 18:14:44 - train.py[line:332] - INFO: end of epoch 3 (average epoch stats below)
2023-05-16 18:14:44 - progress_bar.py[line:282] - INFO: epoch 003 | loss 0.342 | loss_v1 0 | loss_v2 0 | nll_loss 0.342 | ntokens 255.754 | nsentences 127.877 | sample_size 255.754 | sample_size_v1 0 | sample_size_v2 0 | ppl 1.27 | wps 28.3 | ups 0.11 | wpb 255.8 | bsz 127.9 | num_updates 1172 | lr 2.13003e-05 | gnorm 1.331 | clip 87.7 | loss_scale 256 | train_wall 2232 | gb_free 36.6 | wall 9905
2023-05-16 18:14:44 - trainer.py[line:639] - INFO: loading train data for epoch 4
local datafile ../../dataset/snli_ve_data/snlvi50k.tsv slice_id 0 begin to initialize row_count and line_idx-to-offset mapping
local datafile ../../dataset/snli_ve_data/snlvi50k.tsv slice_id 0 finished initializing row_count and line_idx-to-offset mapping
file ../../dataset/snli_ve_data/snlvi50k.tsv slice_id 0 row count 12500 total row count 50000
slice_id 0 seek offset 0
2023-05-16 18:14:47 - trainer.py[line:703] - INFO: begin training epoch 4
2023-05-16 18:14:47 - train.py[line:305] - INFO: Start iterating over samples
2023-05-16 18:15:26 - progress_bar.py[line:272] - INFO: epoch 004:      8 / 391 loss=0.299, loss_v1=0, loss_v2=0, nll_loss=0.299, ntokens=246.4, nsentences=123.2, sample_size=246.4, sample_size_v1=0, sample_size_v2=0, ppl=1.23, wps=4.2, ups=0.02, wpb=246.4, bsz=123.2, num_updates=1180, lr=2.10827e-05, gnorm=1.372, clip=90, loss_scale=256, train_wall=47, gb_free=36.5, wall=9947
2023-05-16 18:16:15 - progress_bar.py[line:272] - INFO: epoch 004:     18 / 391 loss=0.318, loss_v1=0, loss_v2=0, nll_loss=0.318, ntokens=256, nsentences=128, sample_size=256, sample_size_v1=0, sample_size_v2=0, ppl=1.25, wps=52.8, ups=0.21, wpb=256, bsz=128, num_updates=1190, lr=2.08107e-05, gnorm=1.322, clip=100, loss_scale=256, train_wall=48, gb_free=36.6, wall=9996
2023-05-16 18:17:03 - progress_bar.py[line:272] - INFO: epoch 004:     28 / 391 loss=0.315, loss_v1=0, loss_v2=0, nll_loss=0.315, ntokens=256, nsentences=128, sample_size=256, sample_size_v1=0, sample_size_v2=0, ppl=1.24, wps=52.8, ups=0.21, wpb=256, bsz=128, num_updates=1200, lr=2.05386e-05, gnorm=1.485, clip=100, loss_scale=256, train_wall=48, gb_free=36.5, wall=10044
2023-05-16 18:17:53 - progress_bar.py[line:272] - INFO: epoch 004:     38 / 391 loss=0.312, loss_v1=0, loss_v2=0, nll_loss=0.312, ntokens=256, nsentences=128, sample_size=256, sample_size_v1=0, sample_size_v2=0, ppl=1.24, wps=51.1, ups=0.2, wpb=256, bsz=128, num_updates=1210, lr=2.02666e-05, gnorm=1.572, clip=100, loss_scale=256, train_wall=50, gb_free=36.6, wall=10094
2023-05-16 18:18:42 - progress_bar.py[line:272] - INFO: epoch 004:     48 / 391 loss=0.304, loss_v1=0, loss_v2=0, nll_loss=0.304, ntokens=256, nsentences=128, sample_size=256, sample_size_v1=0, sample_size_v2=0, ppl=1.23, wps=52.3, ups=0.2, wpb=256, bsz=128, num_updates=1220, lr=1.99946e-05, gnorm=1.644, clip=100, loss_scale=256, train_wall=49, gb_free=36.5, wall=10143
2023-05-16 18:19:28 - progress_bar.py[line:272] - INFO: epoch 004:     58 / 391 loss=0.305, loss_v1=0, loss_v2=0, nll_loss=0.305, ntokens=256, nsentences=128, sample_size=256, sample_size_v1=0, sample_size_v2=0, ppl=1.24, wps=55.3, ups=0.22, wpb=256, bsz=128, num_updates=1230, lr=1.97225e-05, gnorm=1.452, clip=100, loss_scale=256, train_wall=46, gb_free=36.6, wall=10190
2023-05-16 18:20:17 - progress_bar.py[line:272] - INFO: epoch 004:     68 / 391 loss=0.317, loss_v1=0, loss_v2=0, nll_loss=0.317, ntokens=256, nsentences=128, sample_size=256, sample_size_v1=0, sample_size_v2=0, ppl=1.25, wps=52.6, ups=0.21, wpb=256, bsz=128, num_updates=1240, lr=1.94505e-05, gnorm=1.269, clip=100, loss_scale=256, train_wall=49, gb_free=36.7, wall=10238
2023-05-16 18:21:06 - progress_bar.py[line:272] - INFO: epoch 004:     78 / 391 loss=0.314, loss_v1=0, loss_v2=0, nll_loss=0.314, ntokens=256, nsentences=128, sample_size=256, sample_size_v1=0, sample_size_v2=0, ppl=1.24, wps=51.9, ups=0.2, wpb=256, bsz=128, num_updates=1250, lr=1.91785e-05, gnorm=1.284, clip=100, loss_scale=256, train_wall=49, gb_free=36.6, wall=10288
2023-05-16 18:21:55 - progress_bar.py[line:272] - INFO: epoch 004:     88 / 391 loss=0.32, loss_v1=0, loss_v2=0, nll_loss=0.32, ntokens=256, nsentences=128, sample_size=256, sample_size_v1=0, sample_size_v2=0, ppl=1.25, wps=52.6, ups=0.21, wpb=256, bsz=128, num_updates=1260, lr=1.89064e-05, gnorm=1.4, clip=100, loss_scale=256, train_wall=48, gb_free=36.6, wall=10336
2023-05-16 18:22:41 - progress_bar.py[line:272] - INFO: epoch 004:     98 / 391 loss=0.309, loss_v1=0, loss_v2=0, nll_loss=0.309, ntokens=256, nsentences=128, sample_size=256, sample_size_v1=0, sample_size_v2=0, ppl=1.24, wps=55.7, ups=0.22, wpb=256, bsz=128, num_updates=1270, lr=1.86344e-05, gnorm=1.207, clip=80, loss_scale=256, train_wall=46, gb_free=36.6, wall=10382
2023-05-16 18:23:27 - progress_bar.py[line:272] - INFO: epoch 004:    108 / 391 loss=0.291, loss_v1=0, loss_v2=0, nll_loss=0.291, ntokens=256, nsentences=128, sample_size=256, sample_size_v1=0, sample_size_v2=0, ppl=1.22, wps=56, ups=0.22, wpb=256, bsz=128, num_updates=1280, lr=1.83624e-05, gnorm=1.283, clip=80, loss_scale=256, train_wall=46, gb_free=36.6, wall=10428
2023-05-16 18:24:13 - progress_bar.py[line:272] - INFO: epoch 004:    118 / 391 loss=0.303, loss_v1=0, loss_v2=0, nll_loss=0.303, ntokens=256, nsentences=128, sample_size=256, sample_size_v1=0, sample_size_v2=0, ppl=1.23, wps=55.6, ups=0.22, wpb=256, bsz=128, num_updates=1290, lr=1.80903e-05, gnorm=1.373, clip=100, loss_scale=256, train_wall=46, gb_free=36.6, wall=10474
2023-05-16 18:24:59 - progress_bar.py[line:272] - INFO: epoch 004:    128 / 391 loss=0.321, loss_v1=0, loss_v2=0, nll_loss=0.321, ntokens=256, nsentences=128, sample_size=256, sample_size_v1=0, sample_size_v2=0, ppl=1.25, wps=55.5, ups=0.22, wpb=256, bsz=128, num_updates=1300, lr=1.78183e-05, gnorm=1.867, clip=100, loss_scale=256, train_wall=46, gb_free=36.6, wall=10520
2023-05-16 18:25:45 - progress_bar.py[line:272] - INFO: epoch 004:    138 / 391 loss=0.309, loss_v1=0, loss_v2=0, nll_loss=0.309, ntokens=256, nsentences=128, sample_size=256, sample_size_v1=0, sample_size_v2=0, ppl=1.24, wps=55.1, ups=0.22, wpb=256, bsz=128, num_updates=1310, lr=1.75462e-05, gnorm=1.711, clip=100, loss_scale=256, train_wall=46, gb_free=36.6, wall=10567
2023-05-16 18:26:31 - progress_bar.py[line:272] - INFO: epoch 004:    148 / 391 loss=0.282, loss_v1=0, loss_v2=0, nll_loss=0.282, ntokens=256, nsentences=128, sample_size=256, sample_size_v1=0, sample_size_v2=0, ppl=1.22, wps=56, ups=0.22, wpb=256, bsz=128, num_updates=1320, lr=1.72742e-05, gnorm=1.468, clip=90, loss_scale=256, train_wall=46, gb_free=36.5, wall=10612
2023-05-16 18:27:18 - progress_bar.py[line:272] - INFO: epoch 004:    158 / 391 loss=0.297, loss_v1=0, loss_v2=0, nll_loss=0.297, ntokens=256, nsentences=128, sample_size=256, sample_size_v1=0, sample_size_v2=0, ppl=1.23, wps=55.1, ups=0.22, wpb=256, bsz=128, num_updates=1330, lr=1.70022e-05, gnorm=1.503, clip=100, loss_scale=256, train_wall=46, gb_free=36.7, wall=10659
2023-05-16 18:28:01 - progress_bar.py[line:272] - INFO: epoch 004:    168 / 391 loss=0.29, loss_v1=0, loss_v2=0, nll_loss=0.29, ntokens=256, nsentences=128, sample_size=256, sample_size_v1=0, sample_size_v2=0, ppl=1.22, wps=59.5, ups=0.23, wpb=256, bsz=128, num_updates=1340, lr=1.67301e-05, gnorm=1.484, clip=90, loss_scale=256, train_wall=43, gb_free=36.6, wall=10702
2023-05-16 18:28:40 - progress_bar.py[line:272] - INFO: epoch 004:    178 / 391 loss=0.289, loss_v1=0, loss_v2=0, nll_loss=0.289, ntokens=256, nsentences=128, sample_size=256, sample_size_v1=0, sample_size_v2=0, ppl=1.22, wps=65.7, ups=0.26, wpb=256, bsz=128, num_updates=1350, lr=1.64581e-05, gnorm=1.429, clip=100, loss_scale=256, train_wall=39, gb_free=36.7, wall=10741
2023-05-16 18:29:18 - progress_bar.py[line:272] - INFO: epoch 004:    188 / 391 loss=0.313, loss_v1=0, loss_v2=0, nll_loss=0.313, ntokens=256, nsentences=128, sample_size=256, sample_size_v1=0, sample_size_v2=0, ppl=1.24, wps=66.1, ups=0.26, wpb=256, bsz=128, num_updates=1360, lr=1.61861e-05, gnorm=1.551, clip=100, loss_scale=256, train_wall=39, gb_free=36.6, wall=10779
2023-05-16 18:29:57 - progress_bar.py[line:272] - INFO: epoch 004:    198 / 391 loss=0.298, loss_v1=0, loss_v2=0, nll_loss=0.298, ntokens=256, nsentences=128, sample_size=256, sample_size_v1=0, sample_size_v2=0, ppl=1.23, wps=66, ups=0.26, wpb=256, bsz=128, num_updates=1370, lr=1.5914e-05, gnorm=1.401, clip=100, loss_scale=256, train_wall=39, gb_free=36.6, wall=10818
2023-05-16 18:30:37 - progress_bar.py[line:272] - INFO: epoch 004:    208 / 391 loss=0.293, loss_v1=0, loss_v2=0, nll_loss=0.293, ntokens=256, nsentences=128, sample_size=256, sample_size_v1=0, sample_size_v2=0, ppl=1.23, wps=65, ups=0.25, wpb=256, bsz=128, num_updates=1380, lr=1.5642e-05, gnorm=1.532, clip=100, loss_scale=256, train_wall=39, gb_free=36.5, wall=10858
2023-05-16 18:31:16 - progress_bar.py[line:272] - INFO: epoch 004:    218 / 391 loss=0.289, loss_v1=0, loss_v2=0, nll_loss=0.289, ntokens=256, nsentences=128, sample_size=256, sample_size_v1=0, sample_size_v2=0, ppl=1.22, wps=64.7, ups=0.25, wpb=256, bsz=128, num_updates=1390, lr=1.537e-05, gnorm=1.499, clip=100, loss_scale=256, train_wall=39, gb_free=36.6, wall=10897
2023-05-16 18:31:55 - progress_bar.py[line:272] - INFO: epoch 004:    228 / 391 loss=0.3, loss_v1=0, loss_v2=0, nll_loss=0.3, ntokens=256, nsentences=128, sample_size=256, sample_size_v1=0, sample_size_v2=0, ppl=1.23, wps=65.2, ups=0.25, wpb=256, bsz=128, num_updates=1400, lr=1.50979e-05, gnorm=1.61, clip=100, loss_scale=256, train_wall=39, gb_free=36.5, wall=10936
2023-05-16 18:32:35 - progress_bar.py[line:272] - INFO: epoch 004:    238 / 391 loss=0.278, loss_v1=0, loss_v2=0, nll_loss=0.278, ntokens=256, nsentences=128, sample_size=256, sample_size_v1=0, sample_size_v2=0, ppl=1.21, wps=65.1, ups=0.25, wpb=256, bsz=128, num_updates=1410, lr=1.48259e-05, gnorm=1.438, clip=100, loss_scale=256, train_wall=39, gb_free=36.4, wall=10976
2023-05-16 18:33:14 - progress_bar.py[line:272] - INFO: epoch 004:    248 / 391 loss=0.279, loss_v1=0, loss_v2=0, nll_loss=0.279, ntokens=256, nsentences=128, sample_size=256, sample_size_v1=0, sample_size_v2=0, ppl=1.21, wps=64.8, ups=0.25, wpb=256, bsz=128, num_updates=1420, lr=1.45539e-05, gnorm=1.366, clip=100, loss_scale=256, train_wall=39, gb_free=36.5, wall=11015
2023-05-16 18:33:53 - progress_bar.py[line:272] - INFO: epoch 004:    258 / 391 loss=0.275, loss_v1=0, loss_v2=0, nll_loss=0.275, ntokens=256, nsentences=128, sample_size=256, sample_size_v1=0, sample_size_v2=0, ppl=1.21, wps=65.5, ups=0.26, wpb=256, bsz=128, num_updates=1430, lr=1.42818e-05, gnorm=1.516, clip=100, loss_scale=256, train_wall=39, gb_free=36.6, wall=11054
2023-05-16 18:34:32 - progress_bar.py[line:272] - INFO: epoch 004:    268 / 391 loss=0.287, loss_v1=0, loss_v2=0, nll_loss=0.287, ntokens=256, nsentences=128, sample_size=256, sample_size_v1=0, sample_size_v2=0, ppl=1.22, wps=65.7, ups=0.26, wpb=256, bsz=128, num_updates=1440, lr=1.40098e-05, gnorm=1.401, clip=100, loss_scale=256, train_wall=39, gb_free=36.6, wall=11093
2023-05-16 18:35:11 - progress_bar.py[line:272] - INFO: epoch 004:    278 / 391 loss=0.281, loss_v1=0, loss_v2=0, nll_loss=0.281, ntokens=256, nsentences=128, sample_size=256, sample_size_v1=0, sample_size_v2=0, ppl=1.22, wps=65.4, ups=0.26, wpb=256, bsz=128, num_updates=1450, lr=1.37378e-05, gnorm=1.412, clip=100, loss_scale=256, train_wall=39, gb_free=36.5, wall=11132
2023-05-16 18:35:54 - progress_bar.py[line:272] - INFO: epoch 004:    288 / 391 loss=0.267, loss_v1=0, loss_v2=0, nll_loss=0.267, ntokens=256, nsentences=128, sample_size=256, sample_size_v1=0, sample_size_v2=0, ppl=1.2, wps=59.9, ups=0.23, wpb=256, bsz=128, num_updates=1460, lr=1.34657e-05, gnorm=1.369, clip=100, loss_scale=256, train_wall=43, gb_free=36.7, wall=11175
2023-05-16 18:36:40 - progress_bar.py[line:272] - INFO: epoch 004:    298 / 391 loss=0.273, loss_v1=0, loss_v2=0, nll_loss=0.273, ntokens=256, nsentences=128, sample_size=256, sample_size_v1=0, sample_size_v2=0, ppl=1.21, wps=55.6, ups=0.22, wpb=256, bsz=128, num_updates=1470, lr=1.31937e-05, gnorm=1.361, clip=100, loss_scale=256, train_wall=46, gb_free=36.5, wall=11221
2023-05-16 18:37:26 - progress_bar.py[line:272] - INFO: epoch 004:    308 / 391 loss=0.268, loss_v1=0, loss_v2=0, nll_loss=0.268, ntokens=256, nsentences=128, sample_size=256, sample_size_v1=0, sample_size_v2=0, ppl=1.2, wps=55.5, ups=0.22, wpb=256, bsz=128, num_updates=1480, lr=1.29217e-05, gnorm=1.374, clip=100, loss_scale=256, train_wall=46, gb_free=36.6, wall=11267
2023-05-16 18:38:13 - progress_bar.py[line:272] - INFO: epoch 004:    318 / 391 loss=0.271, loss_v1=0, loss_v2=0, nll_loss=0.271, ntokens=256, nsentences=128, sample_size=256, sample_size_v1=0, sample_size_v2=0, ppl=1.21, wps=55.1, ups=0.22, wpb=256, bsz=128, num_updates=1490, lr=1.26496e-05, gnorm=1.466, clip=100, loss_scale=256, train_wall=46, gb_free=36.6, wall=11314
2023-05-16 18:38:59 - progress_bar.py[line:272] - INFO: epoch 004:    328 / 391 loss=0.274, loss_v1=0, loss_v2=0, nll_loss=0.274, ntokens=256, nsentences=128, sample_size=256, sample_size_v1=0, sample_size_v2=0, ppl=1.21, wps=55.5, ups=0.22, wpb=256, bsz=128, num_updates=1500, lr=1.23776e-05, gnorm=1.546, clip=100, loss_scale=256, train_wall=46, gb_free=36.4, wall=11360
2023-05-16 18:38:59 - train.py[line:445] - INFO: begin validation on "valid" subset
slice_id 0 seek offset 0
slice_id 2 seek offset 8930
slice_id 3 seek offset 13394
slice_id 0 seek offset 0
slice_id 1 seek offset 4465
slice_id 2 seek offset 8930
slice_id 3 seek offset 13394
slice_id 1 seek offset 4465
2023-05-16 18:45:43 - progress_bar.py[line:282] - INFO: epoch 004 | valid on 'valid' subset | loss 0.386 | loss_v1 0 | loss_v2 0 | nll_loss 0.386 | ntokens 31.975 | nsentences 15.987 | sample_size 31.975 | sample_size_v1 0 | sample_size_v2 0 | ppl 1.31 | snli_score 0.7011 | wps 88.5 | wpb 32 | bsz 16 | num_updates 1500 | best_snli_score 0.7011
2023-05-16 18:45:43 - checkpoint_utils.py[line:64] - INFO: Preparing to save checkpoint for epoch 4 @ 1500 updates
2023-05-16 18:45:43 - trainer.py[line:431] - INFO: Saving checkpoint to ./EC_50k_checkpoints/5_5e-5/checkpoint_4_1500.pt
2023-05-16 18:45:46 - trainer.py[line:441] - INFO: Finished saving checkpoint to ./EC_50k_checkpoints/5_5e-5/checkpoint_4_1500.pt
2023-05-16 18:45:52 - checkpoint_utils.py[line:133] - INFO: Saved checkpoint ./EC_50k_checkpoints/5_5e-5/checkpoint_4_1500.pt (epoch 4 @ 1500 updates, score 0.7011) (writing took 9.262894483981654 seconds)
2023-05-16 18:46:31 - progress_bar.py[line:272] - INFO: epoch 004:    338 / 391 loss=0.27, loss_v1=0, loss_v2=0, nll_loss=0.27, ntokens=256, nsentences=128, sample_size=256, sample_size_v1=0, sample_size_v2=0, ppl=1.21, wps=5.7, ups=0.02, wpb=256, bsz=128, num_updates=1510, lr=1.21055e-05, gnorm=1.642, clip=100, loss_scale=256, train_wall=39, gb_free=36.6, wall=11812
2023-05-16 18:47:10 - progress_bar.py[line:272] - INFO: epoch 004:    348 / 391 loss=0.273, loss_v1=0, loss_v2=0, nll_loss=0.273, ntokens=256, nsentences=128, sample_size=256, sample_size_v1=0, sample_size_v2=0, ppl=1.21, wps=66.2, ups=0.26, wpb=256, bsz=128, num_updates=1520, lr=1.18335e-05, gnorm=1.483, clip=100, loss_scale=256, train_wall=39, gb_free=36.5, wall=11851
2023-05-16 18:47:57 - progress_bar.py[line:272] - INFO: epoch 004:    358 / 391 loss=0.245, loss_v1=0, loss_v2=0, nll_loss=0.245, ntokens=256, nsentences=128, sample_size=256, sample_size_v1=0, sample_size_v2=0, ppl=1.19, wps=53.9, ups=0.21, wpb=256, bsz=128, num_updates=1530, lr=1.15615e-05, gnorm=1.354, clip=100, loss_scale=256, train_wall=47, gb_free=36.5, wall=11898
2023-05-16 18:48:44 - progress_bar.py[line:272] - INFO: epoch 004:    368 / 391 loss=0.257, loss_v1=0, loss_v2=0, nll_loss=0.257, ntokens=256, nsentences=128, sample_size=256, sample_size_v1=0, sample_size_v2=0, ppl=1.2, wps=54.2, ups=0.21, wpb=256, bsz=128, num_updates=1540, lr=1.12894e-05, gnorm=1.531, clip=100, loss_scale=512, train_wall=47, gb_free=36.6, wall=11945
2023-05-16 18:49:31 - progress_bar.py[line:272] - INFO: epoch 004:    378 / 391 loss=0.296, loss_v1=0, loss_v2=0, nll_loss=0.296, ntokens=256, nsentences=128, sample_size=256, sample_size_v1=0, sample_size_v2=0, ppl=1.23, wps=54.3, ups=0.21, wpb=256, bsz=128, num_updates=1550, lr=1.10174e-05, gnorm=1.827, clip=100, loss_scale=512, train_wall=47, gb_free=36.5, wall=11992
2023-05-16 18:50:19 - progress_bar.py[line:272] - INFO: epoch 004:    388 / 391 loss=0.262, loss_v1=0, loss_v2=0, nll_loss=0.262, ntokens=256, nsentences=128, sample_size=256, sample_size_v1=0, sample_size_v2=0, ppl=1.2, wps=54.2, ups=0.21, wpb=256, bsz=128, num_updates=1560, lr=1.07454e-05, gnorm=1.666, clip=100, loss_scale=512, train_wall=47, gb_free=36.5, wall=12040
slice_id 2 seek offset 8930
slice_id 3 seek offset 13394
slice_id 1 seek offset 4465
2023-05-16 18:50:31 - train.py[line:445] - INFO: begin validation on "valid" subset
slice_id 0 seek offset 0
slice_id 2 seek offset 8930
slice_id 3 seek offset 13394
slice_id 1 seek offset 4465
slice_id 0 seek offset 0
local datafile ../../dataset/snli_ve_data/snlvi50k.tsv slice_id 3 begin to initialize row_count and line_idx-to-offset mapping
local datafile ../../dataset/snli_ve_data/snlvi50k.tsv slice_id 2 begin to initialize row_count and line_idx-to-offset mapping
local datafile ../../dataset/snli_ve_data/snlvi50k.tsv slice_id 1 begin to initialize row_count and line_idx-to-offset mapping
2023-05-16 18:59:05 - progress_bar.py[line:282] - INFO: epoch 004 | valid on 'valid' subset | loss 0.397 | loss_v1 0 | loss_v2 0 | nll_loss 0.397 | ntokens 31.975 | nsentences 15.987 | sample_size 31.975 | sample_size_v1 0 | sample_size_v2 0 | ppl 1.32 | snli_score 0.6967 | wps 69.5 | wpb 32 | bsz 16 | num_updates 1563 | best_snli_score 0.7011
2023-05-16 18:59:05 - checkpoint_utils.py[line:64] - INFO: Preparing to save checkpoint for epoch 4 @ 1563 updates
2023-05-16 18:59:05 - trainer.py[line:431] - INFO: Saving checkpoint to ./EC_50k_checkpoints/5_5e-5/checkpoint4.pt
local datafile ../../dataset/snli_ve_data/snlvi50k.tsv slice_id 3 finished initializing row_count and line_idx-to-offset mapping
file ../../dataset/snli_ve_data/snlvi50k.tsv slice_id 3 row count 12500 total row count 50000
slice_id 3 seek offset 37500
local datafile ../../dataset/snli_ve_data/snlvi50k.tsv slice_id 1 finished initializing row_count and line_idx-to-offset mappinglocal datafile ../../dataset/snli_ve_data/snlvi50k.tsv slice_id 2 finished initializing row_count and line_idx-to-offset mapping

file ../../dataset/snli_ve_data/snlvi50k.tsv slice_id 2 row count 12500 total row count 50000file ../../dataset/snli_ve_data/snlvi50k.tsv slice_id 1 row count 12500 total row count 50000

slice_id 2 seek offset 25000
slice_id 1 seek offset 12500
2023-05-16 18:59:11 - trainer.py[line:441] - INFO: Finished saving checkpoint to ./EC_50k_checkpoints/5_5e-5/checkpoint4.pt
2023-05-16 18:59:15 - checkpoint_utils.py[line:133] - INFO: Saved checkpoint ./EC_50k_checkpoints/5_5e-5/checkpoint4.pt (epoch 4 @ 1563 updates, score 0.6967) (writing took 10.613569237058982 seconds)
2023-05-16 18:59:16 - train.py[line:332] - INFO: end of epoch 4 (average epoch stats below)
2023-05-16 18:59:16 - progress_bar.py[line:282] - INFO: epoch 004 | loss 0.291 | loss_v1 0 | loss_v2 0 | nll_loss 0.291 | ntokens 255.754 | nsentences 127.877 | sample_size 255.754 | sample_size_v1 0 | sample_size_v2 0 | ppl 1.22 | wps 37.4 | ups 0.15 | wpb 255.8 | bsz 127.9 | num_updates 1563 | lr 1.06638e-05 | gnorm 1.477 | clip 98.2 | loss_scale 512 | train_wall 1727 | gb_free 36.6 | wall 12577
2023-05-16 18:59:16 - trainer.py[line:639] - INFO: loading train data for epoch 5
local datafile ../../dataset/snli_ve_data/snlvi50k.tsv slice_id 0 begin to initialize row_count and line_idx-to-offset mapping
local datafile ../../dataset/snli_ve_data/snlvi50k.tsv slice_id 0 finished initializing row_count and line_idx-to-offset mapping
file ../../dataset/snli_ve_data/snlvi50k.tsv slice_id 0 row count 12500 total row count 50000
slice_id 0 seek offset 0
2023-05-16 18:59:18 - trainer.py[line:703] - INFO: begin training epoch 5
2023-05-16 18:59:18 - train.py[line:305] - INFO: Start iterating over samples
2023-05-16 18:59:53 - progress_bar.py[line:272] - INFO: epoch 005:      7 / 391 loss=0.27, loss_v1=0, loss_v2=0, nll_loss=0.27, ntokens=246.4, nsentences=123.2, sample_size=246.4, sample_size_v1=0, sample_size_v2=0, ppl=1.21, wps=4.3, ups=0.02, wpb=246.4, bsz=123.2, num_updates=1570, lr=1.04733e-05, gnorm=1.708, clip=100, loss_scale=512, train_wall=46, gb_free=36.6, wall=12614
2023-05-16 19:00:41 - progress_bar.py[line:272] - INFO: epoch 005:     17 / 391 loss=0.271, loss_v1=0, loss_v2=0, nll_loss=0.271, ntokens=256, nsentences=128, sample_size=256, sample_size_v1=0, sample_size_v2=0, ppl=1.21, wps=53.8, ups=0.21, wpb=256, bsz=128, num_updates=1580, lr=1.02013e-05, gnorm=1.774, clip=100, loss_scale=512, train_wall=47, gb_free=36.5, wall=12662
2023-05-16 19:01:29 - progress_bar.py[line:272] - INFO: epoch 005:     27 / 391 loss=0.271, loss_v1=0, loss_v2=0, nll_loss=0.271, ntokens=256, nsentences=128, sample_size=256, sample_size_v1=0, sample_size_v2=0, ppl=1.21, wps=53.3, ups=0.21, wpb=256, bsz=128, num_updates=1590, lr=9.92927e-06, gnorm=1.645, clip=100, loss_scale=512, train_wall=48, gb_free=36.6, wall=12710
2023-05-16 19:02:18 - progress_bar.py[line:272] - INFO: epoch 005:     37 / 391 loss=0.276, loss_v1=0, loss_v2=0, nll_loss=0.276, ntokens=256, nsentences=128, sample_size=256, sample_size_v1=0, sample_size_v2=0, ppl=1.21, wps=51.8, ups=0.2, wpb=256, bsz=128, num_updates=1600, lr=9.65724e-06, gnorm=1.553, clip=100, loss_scale=512, train_wall=49, gb_free=36.6, wall=12759
2023-05-16 19:02:58 - trainer.py[line:921] - INFO: NOTE: gradient overflow detected, ignoring gradient, setting loss scale to: 256.0
2023-05-16 19:03:13 - progress_bar.py[line:272] - INFO: epoch 005:     48 / 391 loss=0.261, loss_v1=0, loss_v2=0, nll_loss=0.261, ntokens=256, nsentences=128, sample_size=256, sample_size_v1=0, sample_size_v2=0, ppl=1.2, wps=46.8, ups=0.18, wpb=256, bsz=128, num_updates=1610, lr=9.3852e-06, gnorm=1.515, clip=100, loss_scale=256, train_wall=54, gb_free=36.5, wall=12814
2023-05-16 19:04:01 - progress_bar.py[line:272] - INFO: epoch 005:     58 / 391 loss=0.275, loss_v1=0, loss_v2=0, nll_loss=0.275, ntokens=256, nsentences=128, sample_size=256, sample_size_v1=0, sample_size_v2=0, ppl=1.21, wps=52.6, ups=0.21, wpb=256, bsz=128, num_updates=1620, lr=9.11317e-06, gnorm=1.563, clip=100, loss_scale=256, train_wall=48, gb_free=36.6, wall=12863
2023-05-16 19:04:49 - progress_bar.py[line:272] - INFO: epoch 005:     68 / 391 loss=0.28, loss_v1=0, loss_v2=0, nll_loss=0.28, ntokens=256, nsentences=128, sample_size=256, sample_size_v1=0, sample_size_v2=0, ppl=1.21, wps=53.4, ups=0.21, wpb=256, bsz=128, num_updates=1630, lr=8.84113e-06, gnorm=1.559, clip=100, loss_scale=256, train_wall=48, gb_free=36.6, wall=12911
2023-05-16 19:05:37 - progress_bar.py[line:272] - INFO: epoch 005:     78 / 391 loss=0.281, loss_v1=0, loss_v2=0, nll_loss=0.281, ntokens=256, nsentences=128, sample_size=256, sample_size_v1=0, sample_size_v2=0, ppl=1.21, wps=53.6, ups=0.21, wpb=256, bsz=128, num_updates=1640, lr=8.5691e-06, gnorm=1.486, clip=100, loss_scale=256, train_wall=48, gb_free=36.6, wall=12958
2023-05-16 19:06:26 - progress_bar.py[line:272] - INFO: epoch 005:     88 / 391 loss=0.281, loss_v1=0, loss_v2=0, nll_loss=0.281, ntokens=256, nsentences=128, sample_size=256, sample_size_v1=0, sample_size_v2=0, ppl=1.22, wps=52.9, ups=0.21, wpb=256, bsz=128, num_updates=1650, lr=8.29706e-06, gnorm=1.521, clip=100, loss_scale=256, train_wall=48, gb_free=36.6, wall=13007
2023-05-16 19:07:15 - progress_bar.py[line:272] - INFO: epoch 005:     98 / 391 loss=0.265, loss_v1=0, loss_v2=0, nll_loss=0.265, ntokens=256, nsentences=128, sample_size=256, sample_size_v1=0, sample_size_v2=0, ppl=1.2, wps=52, ups=0.2, wpb=256, bsz=128, num_updates=1660, lr=8.02503e-06, gnorm=1.467, clip=100, loss_scale=256, train_wall=49, gb_free=36.6, wall=13056
2023-05-16 19:08:04 - progress_bar.py[line:272] - INFO: epoch 005:    108 / 391 loss=0.241, loss_v1=0, loss_v2=0, nll_loss=0.241, ntokens=256, nsentences=128, sample_size=256, sample_size_v1=0, sample_size_v2=0, ppl=1.18, wps=52.4, ups=0.2, wpb=256, bsz=128, num_updates=1670, lr=7.75299e-06, gnorm=1.423, clip=100, loss_scale=256, train_wall=49, gb_free=36.6, wall=13105
2023-05-16 19:08:52 - progress_bar.py[line:272] - INFO: epoch 005:    118 / 391 loss=0.272, loss_v1=0, loss_v2=0, nll_loss=0.272, ntokens=256, nsentences=128, sample_size=256, sample_size_v1=0, sample_size_v2=0, ppl=1.21, wps=52.8, ups=0.21, wpb=256, bsz=128, num_updates=1680, lr=7.48096e-06, gnorm=1.67, clip=100, loss_scale=256, train_wall=48, gb_free=36.6, wall=13153
2023-05-16 19:09:41 - progress_bar.py[line:272] - INFO: epoch 005:    128 / 391 loss=0.284, loss_v1=0, loss_v2=0, nll_loss=0.284, ntokens=256, nsentences=128, sample_size=256, sample_size_v1=0, sample_size_v2=0, ppl=1.22, wps=52.9, ups=0.21, wpb=256, bsz=128, num_updates=1690, lr=7.20892e-06, gnorm=1.76, clip=100, loss_scale=256, train_wall=48, gb_free=36.6, wall=13202
2023-05-16 19:10:30 - progress_bar.py[line:272] - INFO: epoch 005:    138 / 391 loss=0.267, loss_v1=0, loss_v2=0, nll_loss=0.267, ntokens=256, nsentences=128, sample_size=256, sample_size_v1=0, sample_size_v2=0, ppl=1.2, wps=52.1, ups=0.2, wpb=256, bsz=128, num_updates=1700, lr=6.93689e-06, gnorm=1.595, clip=100, loss_scale=256, train_wall=49, gb_free=36.6, wall=13251
2023-05-16 19:11:18 - progress_bar.py[line:272] - INFO: epoch 005:    148 / 391 loss=0.252, loss_v1=0, loss_v2=0, nll_loss=0.252, ntokens=256, nsentences=128, sample_size=256, sample_size_v1=0, sample_size_v2=0, ppl=1.19, wps=53.1, ups=0.21, wpb=256, bsz=128, num_updates=1710, lr=6.66485e-06, gnorm=1.519, clip=100, loss_scale=256, train_wall=48, gb_free=36.5, wall=13299
2023-05-16 19:12:05 - progress_bar.py[line:272] - INFO: epoch 005:    158 / 391 loss=0.254, loss_v1=0, loss_v2=0, nll_loss=0.254, ntokens=256, nsentences=128, sample_size=256, sample_size_v1=0, sample_size_v2=0, ppl=1.19, wps=54.1, ups=0.21, wpb=256, bsz=128, num_updates=1720, lr=6.39282e-06, gnorm=1.538, clip=100, loss_scale=256, train_wall=47, gb_free=36.7, wall=13347
2023-05-16 19:12:54 - progress_bar.py[line:272] - INFO: epoch 005:    168 / 391 loss=0.248, loss_v1=0, loss_v2=0, nll_loss=0.248, ntokens=256, nsentences=128, sample_size=256, sample_size_v1=0, sample_size_v2=0, ppl=1.19, wps=53.2, ups=0.21, wpb=256, bsz=128, num_updates=1730, lr=6.12078e-06, gnorm=1.534, clip=100, loss_scale=256, train_wall=48, gb_free=36.6, wall=13395
2023-05-16 19:13:41 - progress_bar.py[line:272] - INFO: epoch 005:    178 / 391 loss=0.256, loss_v1=0, loss_v2=0, nll_loss=0.256, ntokens=256, nsentences=128, sample_size=256, sample_size_v1=0, sample_size_v2=0, ppl=1.19, wps=53.5, ups=0.21, wpb=256, bsz=128, num_updates=1740, lr=5.84875e-06, gnorm=1.604, clip=100, loss_scale=256, train_wall=48, gb_free=36.7, wall=13443
2023-05-16 19:14:30 - progress_bar.py[line:272] - INFO: epoch 005:    188 / 391 loss=0.264, loss_v1=0, loss_v2=0, nll_loss=0.264, ntokens=256, nsentences=128, sample_size=256, sample_size_v1=0, sample_size_v2=0, ppl=1.2, wps=52.6, ups=0.21, wpb=256, bsz=128, num_updates=1750, lr=5.57671e-06, gnorm=1.589, clip=100, loss_scale=256, train_wall=48, gb_free=36.6, wall=13491
2023-05-16 19:15:19 - progress_bar.py[line:272] - INFO: epoch 005:    198 / 391 loss=0.246, loss_v1=0, loss_v2=0, nll_loss=0.246, ntokens=256, nsentences=128, sample_size=256, sample_size_v1=0, sample_size_v2=0, ppl=1.19, wps=52.6, ups=0.21, wpb=256, bsz=128, num_updates=1760, lr=5.30468e-06, gnorm=1.492, clip=100, loss_scale=256, train_wall=48, gb_free=36.6, wall=13540
2023-05-16 19:16:08 - progress_bar.py[line:272] - INFO: epoch 005:    208 / 391 loss=0.253, loss_v1=0, loss_v2=0, nll_loss=0.253, ntokens=256, nsentences=128, sample_size=256, sample_size_v1=0, sample_size_v2=0, ppl=1.19, wps=52.2, ups=0.2, wpb=256, bsz=128, num_updates=1770, lr=5.03264e-06, gnorm=1.557, clip=100, loss_scale=256, train_wall=49, gb_free=36.5, wall=13589
2023-05-16 19:16:56 - progress_bar.py[line:272] - INFO: epoch 005:    218 / 391 loss=0.253, loss_v1=0, loss_v2=0, nll_loss=0.253, ntokens=256, nsentences=128, sample_size=256, sample_size_v1=0, sample_size_v2=0, ppl=1.19, wps=53.5, ups=0.21, wpb=256, bsz=128, num_updates=1780, lr=4.76061e-06, gnorm=1.722, clip=100, loss_scale=256, train_wall=48, gb_free=36.6, wall=13637
2023-05-16 19:17:44 - progress_bar.py[line:272] - INFO: epoch 005:    228 / 391 loss=0.265, loss_v1=0, loss_v2=0, nll_loss=0.265, ntokens=256, nsentences=128, sample_size=256, sample_size_v1=0, sample_size_v2=0, ppl=1.2, wps=52.6, ups=0.21, wpb=256, bsz=128, num_updates=1790, lr=4.48857e-06, gnorm=1.867, clip=100, loss_scale=256, train_wall=48, gb_free=36.5, wall=13685
2023-05-16 19:18:30 - progress_bar.py[line:272] - INFO: epoch 005:    238 / 391 loss=0.241, loss_v1=0, loss_v2=0, nll_loss=0.241, ntokens=256, nsentences=128, sample_size=256, sample_size_v1=0, sample_size_v2=0, ppl=1.18, wps=56, ups=0.22, wpb=256, bsz=128, num_updates=1800, lr=4.21654e-06, gnorm=1.589, clip=100, loss_scale=256, train_wall=45, gb_free=36.4, wall=13731
2023-05-16 19:19:12 - progress_bar.py[line:272] - INFO: epoch 005:    248 / 391 loss=0.256, loss_v1=0, loss_v2=0, nll_loss=0.256, ntokens=256, nsentences=128, sample_size=256, sample_size_v1=0, sample_size_v2=0, ppl=1.19, wps=61.3, ups=0.24, wpb=256, bsz=128, num_updates=1810, lr=3.9445e-06, gnorm=1.675, clip=100, loss_scale=256, train_wall=42, gb_free=36.5, wall=13773
2023-05-16 19:19:54 - progress_bar.py[line:272] - INFO: epoch 005:    258 / 391 loss=0.243, loss_v1=0, loss_v2=0, nll_loss=0.243, ntokens=256, nsentences=128, sample_size=256, sample_size_v1=0, sample_size_v2=0, ppl=1.18, wps=59.8, ups=0.23, wpb=256, bsz=128, num_updates=1820, lr=3.67247e-06, gnorm=1.635, clip=100, loss_scale=256, train_wall=43, gb_free=36.6, wall=13816
2023-05-16 19:20:39 - progress_bar.py[line:272] - INFO: epoch 005:    268 / 391 loss=0.248, loss_v1=0, loss_v2=0, nll_loss=0.248, ntokens=256, nsentences=128, sample_size=256, sample_size_v1=0, sample_size_v2=0, ppl=1.19, wps=58.1, ups=0.23, wpb=256, bsz=128, num_updates=1830, lr=3.40044e-06, gnorm=1.624, clip=100, loss_scale=256, train_wall=44, gb_free=36.6, wall=13860
2023-05-16 19:21:22 - progress_bar.py[line:272] - INFO: epoch 005:    278 / 391 loss=0.24, loss_v1=0, loss_v2=0, nll_loss=0.24, ntokens=256, nsentences=128, sample_size=256, sample_size_v1=0, sample_size_v2=0, ppl=1.18, wps=58.7, ups=0.23, wpb=256, bsz=128, num_updates=1840, lr=3.1284e-06, gnorm=1.523, clip=100, loss_scale=256, train_wall=43, gb_free=36.5, wall=13903
2023-05-16 19:22:05 - progress_bar.py[line:272] - INFO: epoch 005:    288 / 391 loss=0.234, loss_v1=0, loss_v2=0, nll_loss=0.234, ntokens=256, nsentences=128, sample_size=256, sample_size_v1=0, sample_size_v2=0, ppl=1.18, wps=59.2, ups=0.23, wpb=256, bsz=128, num_updates=1850, lr=2.85637e-06, gnorm=1.537, clip=100, loss_scale=256, train_wall=43, gb_free=36.7, wall=13946
2023-05-16 19:22:48 - progress_bar.py[line:272] - INFO: epoch 005:    298 / 391 loss=0.234, loss_v1=0, loss_v2=0, nll_loss=0.234, ntokens=256, nsentences=128, sample_size=256, sample_size_v1=0, sample_size_v2=0, ppl=1.18, wps=59.7, ups=0.23, wpb=256, bsz=128, num_updates=1860, lr=2.58433e-06, gnorm=1.463, clip=100, loss_scale=256, train_wall=43, gb_free=36.5, wall=13989
2023-05-16 19:23:32 - progress_bar.py[line:272] - INFO: epoch 005:    308 / 391 loss=0.242, loss_v1=0, loss_v2=0, nll_loss=0.242, ntokens=256, nsentences=128, sample_size=256, sample_size_v1=0, sample_size_v2=0, ppl=1.18, wps=59, ups=0.23, wpb=256, bsz=128, num_updates=1870, lr=2.3123e-06, gnorm=1.592, clip=100, loss_scale=256, train_wall=43, gb_free=36.6, wall=14033
2023-05-16 19:24:13 - progress_bar.py[line:272] - INFO: epoch 005:    318 / 391 loss=0.227, loss_v1=0, loss_v2=0, nll_loss=0.227, ntokens=256, nsentences=128, sample_size=256, sample_size_v1=0, sample_size_v2=0, ppl=1.17, wps=61.7, ups=0.24, wpb=256, bsz=128, num_updates=1880, lr=2.04026e-06, gnorm=1.603, clip=100, loss_scale=256, train_wall=41, gb_free=36.6, wall=14074
2023-05-16 19:24:56 - progress_bar.py[line:272] - INFO: epoch 005:    328 / 391 loss=0.242, loss_v1=0, loss_v2=0, nll_loss=0.242, ntokens=256, nsentences=128, sample_size=256, sample_size_v1=0, sample_size_v2=0, ppl=1.18, wps=59.9, ups=0.23, wpb=256, bsz=128, num_updates=1890, lr=1.76823e-06, gnorm=1.573, clip=100, loss_scale=256, train_wall=42, gb_free=36.4, wall=14117
2023-05-16 19:25:39 - progress_bar.py[line:272] - INFO: epoch 005:    338 / 391 loss=0.237, loss_v1=0, loss_v2=0, nll_loss=0.237, ntokens=256, nsentences=128, sample_size=256, sample_size_v1=0, sample_size_v2=0, ppl=1.18, wps=59.9, ups=0.23, wpb=256, bsz=128, num_updates=1900, lr=1.49619e-06, gnorm=1.528, clip=100, loss_scale=256, train_wall=42, gb_free=36.6, wall=14160
2023-05-16 19:26:21 - progress_bar.py[line:272] - INFO: epoch 005:    348 / 391 loss=0.236, loss_v1=0, loss_v2=0, nll_loss=0.236, ntokens=256, nsentences=128, sample_size=256, sample_size_v1=0, sample_size_v2=0, ppl=1.18, wps=59.8, ups=0.23, wpb=256, bsz=128, num_updates=1910, lr=1.22416e-06, gnorm=1.541, clip=100, loss_scale=256, train_wall=43, gb_free=36.5, wall=14203
2023-05-16 19:27:04 - progress_bar.py[line:272] - INFO: epoch 005:    358 / 391 loss=0.216, loss_v1=0, loss_v2=0, nll_loss=0.216, ntokens=256, nsentences=128, sample_size=256, sample_size_v1=0, sample_size_v2=0, ppl=1.16, wps=60.7, ups=0.24, wpb=256, bsz=128, num_updates=1920, lr=9.52122e-07, gnorm=1.449, clip=100, loss_scale=256, train_wall=42, gb_free=36.5, wall=14245
2023-05-16 19:27:43 - progress_bar.py[line:272] - INFO: epoch 005:    368 / 391 loss=0.222, loss_v1=0, loss_v2=0, nll_loss=0.222, ntokens=256, nsentences=128, sample_size=256, sample_size_v1=0, sample_size_v2=0, ppl=1.17, wps=64.5, ups=0.25, wpb=256, bsz=128, num_updates=1930, lr=6.80087e-07, gnorm=1.571, clip=100, loss_scale=256, train_wall=39, gb_free=36.6, wall=14284
2023-05-16 19:28:11 - progress_bar.py[line:272] - INFO: epoch 005:    378 / 391 loss=0.256, loss_v1=0, loss_v2=0, nll_loss=0.256, ntokens=256, nsentences=128, sample_size=256, sample_size_v1=0, sample_size_v2=0, ppl=1.19, wps=91.4, ups=0.36, wpb=256, bsz=128, num_updates=1940, lr=4.08052e-07, gnorm=1.679, clip=100, loss_scale=256, train_wall=28, gb_free=36.5, wall=14312
2023-05-16 19:28:40 - progress_bar.py[line:272] - INFO: epoch 005:    388 / 391 loss=0.233, loss_v1=0, loss_v2=0, nll_loss=0.233, ntokens=256, nsentences=128, sample_size=256, sample_size_v1=0, sample_size_v2=0, ppl=1.18, wps=90.3, ups=0.35, wpb=256, bsz=128, num_updates=1950, lr=1.36017e-07, gnorm=1.706, clip=100, loss_scale=256, train_wall=28, gb_free=36.5, wall=14341
2023-05-16 19:28:46 - train.py[line:445] - INFO: begin validation on "valid" subset
slice_id 2 seek offset 8930
slice_id 0 seek offset 0
slice_id 1 seek offset 4465
slice_id 3 seek offset 13394
slice_id 0 seek offset 0
slice_id 2 seek offset 8930slice_id 1 seek offset 4465

slice_id 3 seek offset 13394
2023-05-16 19:33:59 - progress_bar.py[line:282] - INFO: epoch 005 | valid on 'valid' subset | loss 0.396 | loss_v1 0 | loss_v2 0 | nll_loss 0.396 | ntokens 31.975 | nsentences 15.987 | sample_size 31.975 | sample_size_v1 0 | sample_size_v2 0 | ppl 1.32 | snli_score 0.7083 | wps 114.1 | wpb 32 | bsz 16 | num_updates 1953 | best_snli_score 0.7083
2023-05-16 19:33:59 - checkpoint_utils.py[line:64] - INFO: Preparing to save checkpoint for epoch 5 @ 1953 updates
local datafile ../../dataset/snli_ve_data/snlvi50k.tsv slice_id 2 begin to initialize row_count and line_idx-to-offset mapping
local datafile ../../dataset/snli_ve_data/snlvi50k.tsv slice_id 1 begin to initialize row_count and line_idx-to-offset mapping
local datafile ../../dataset/snli_ve_data/snlvi50k.tsv slice_id 3 begin to initialize row_count and line_idx-to-offset mapping
2023-05-16 19:33:59 - trainer.py[line:431] - INFO: Saving checkpoint to ./EC_50k_checkpoints/5_5e-5/checkpoint5.pt
local datafile ../../dataset/snli_ve_data/snlvi50k.tsv slice_id 2 finished initializing row_count and line_idx-to-offset mapping
file ../../dataset/snli_ve_data/snlvi50k.tsv slice_id 2 row count 12500 total row count 50000
slice_id 2 seek offset 25000
local datafile ../../dataset/snli_ve_data/snlvi50k.tsv slice_id 1 finished initializing row_count and line_idx-to-offset mapping
file ../../dataset/snli_ve_data/snlvi50k.tsv slice_id 1 row count 12500 total row count 50000
local datafile ../../dataset/snli_ve_data/snlvi50k.tsv slice_id 3 finished initializing row_count and line_idx-to-offset mapping
file ../../dataset/snli_ve_data/snlvi50k.tsv slice_id 3 row count 12500 total row count 50000
slice_id 1 seek offset 12500
slice_id 3 seek offset 37500
2023-05-16 19:34:04 - trainer.py[line:441] - INFO: Finished saving checkpoint to ./EC_50k_checkpoints/5_5e-5/checkpoint5.pt
2023-05-16 19:34:16 - checkpoint_utils.py[line:133] - INFO: Saved checkpoint ./EC_50k_checkpoints/5_5e-5/checkpoint5.pt (epoch 5 @ 1953 updates, score 0.7083) (writing took 17.413046750007197 seconds)
2023-05-16 19:34:17 - train.py[line:332] - INFO: end of epoch 5 (average epoch stats below)
2023-05-16 19:34:17 - progress_bar.py[line:282] - INFO: epoch 005 | loss 0.253 | loss_v1 0 | loss_v2 0 | nll_loss 0.253 | ntokens 255.754 | nsentences 127.877 | sample_size 255.754 | sample_size_v1 0 | sample_size_v2 0 | ppl 1.19 | wps 47.5 | ups 0.19 | wpb 255.8 | bsz 127.9 | num_updates 1953 | lr 5.4407e-08 | gnorm 1.585 | clip 100 | loss_scale 256 | train_wall 1759 | gb_free 36.6 | wall 14678
2023-05-16 19:34:17 - trainer.py[line:639] - INFO: loading train data for epoch 6
local datafile ../../dataset/snli_ve_data/snlvi50k.tsv slice_id 0 begin to initialize row_count and line_idx-to-offset mapping
local datafile ../../dataset/snli_ve_data/snlvi50k.tsv slice_id 0 finished initializing row_count and line_idx-to-offset mapping
file ../../dataset/snli_ve_data/snlvi50k.tsv slice_id 0 row count 12500 total row count 50000
slice_id 0 seek offset 0
2023-05-16 19:34:20 - train.py[line:214] - INFO: done training in 14671.0 seconds
