/home/mogunleye/miniconda3/envs/ofa1/lib/python3.9/site-packages/torch/distributed/launch.py:178: FutureWarning: The module torch.distributed.launch is deprecated
and will be removed in future. Use torchrun.
Note that --use_env is set by default in torchrun.
If your script expects `--local_rank` argument to be set, please
change it to read from `os.environ['LOCAL_RANK']` instead. See 
https://pytorch.org/docs/stable/distributed.html#launch-utility for 
further instructions

  warnings.warn(
WARNING:torch.distributed.run:
*****************************************
Setting OMP_NUM_THREADS environment variable for each process to be 1 in default, to avoid your system being overloaded, please further tune the variable for optimal performance in your application as needed. 
*****************************************
device =  0
2023-03-27 21:43:31 - utils.py[line:255] - INFO: distributed init (rank 0): env://
2023-03-27 21:43:31 - utils.py[line:261] - INFO: Start init
device =  1
2023-03-27 21:43:31 - utils.py[line:255] - INFO: distributed init (rank 1): env://
2023-03-27 21:43:31 - utils.py[line:261] - INFO: Start init
2023-03-27 21:43:31 - distributed_c10d.py[line:228] - INFO: Added key: store_based_barrier_key:1 to store for rank: 1
2023-03-27 21:43:31 - distributed_c10d.py[line:228] - INFO: Added key: store_based_barrier_key:1 to store for rank: 0
2023-03-27 21:43:31 - distributed_c10d.py[line:262] - INFO: Rank 0: Completed store-based barrier for key:store_based_barrier_key:1 with 2 nodes.
2023-03-27 21:43:31 - utils.py[line:271] - INFO: initialized host inf074 as rank 0
single-machine distributed training is initialized.
2023-03-27 21:43:31 - distributed_c10d.py[line:262] - INFO: Rank 1: Completed store-based barrier for key:store_based_barrier_key:1 with 2 nodes.
2023-03-27 21:43:31 - utils.py[line:271] - INFO: initialized host inf074 as rank 1
single-machine distributed training is initialized.
2023-03-27 21:43:40 - train.py[line:77] - INFO: {'_name': None, 'common': {'_name': None, 'no_progress_bar': False, 'log_interval': 10, 'log_format': 'simple', 'log_file': None, 'tensorboard_logdir': None, 'wandb_project': None, 'azureml_logging': False, 'seed': 1, 'cpu': False, 'tpu': False, 'bf16': False, 'memory_efficient_bf16': False, 'fp16': True, 'memory_efficient_fp16': False, 'fp16_no_flatten_grads': False, 'fp16_init_scale': 128, 'fp16_scale_window': 512, 'fp16_scale_tolerance': 0.0, 'on_cpu_convert_precision': False, 'min_loss_scale': 0.0001, 'threshold_loss_scale': None, 'amp': False, 'amp_batch_retries': 2, 'amp_init_scale': 128, 'amp_scale_window': None, 'user_dir': '../../ofa_module', 'empty_cache_freq': 0, 'all_gather_list_size': 16384, 'model_parallel_size': 1, 'quantization_config_path': None, 'profile': False, 'reset_logging': False, 'suppress_crashes': False, 'use_plasma_view': False, 'plasma_path': '/tmp/plasma'}, 'common_eval': {'_name': None, 'path': None, 'post_process': None, 'quiet': False, 'model_overrides': '{}', 'results_path': None}, 'distributed_training': {'_name': None, 'distributed_world_size': 2, 'distributed_num_procs': 2, 'distributed_rank': 0, 'distributed_backend': 'nccl', 'distributed_init_method': 'env://', 'distributed_port': -1, 'device_id': 0, 'distributed_no_spawn': True, 'ddp_backend': 'pytorch_ddp', 'ddp_comm_hook': 'none', 'bucket_cap_mb': 25, 'fix_batches_to_gpus': False, 'find_unused_parameters': True, 'gradient_as_bucket_view': False, 'fast_stat_sync': False, 'heartbeat_timeout': -1, 'broadcast_buffers': False, 'slowmo_momentum': None, 'slowmo_algorithm': 'LocalSGD', 'localsgd_frequency': 3, 'nprocs_per_node': 2, 'pipeline_model_parallel': False, 'pipeline_balance': None, 'pipeline_devices': None, 'pipeline_chunks': 0, 'pipeline_encoder_balance': None, 'pipeline_encoder_devices': None, 'pipeline_decoder_balance': None, 'pipeline_decoder_devices': None, 'pipeline_checkpoint': 'never', 'zero_sharding': 'none', 'fp16': True, 'memory_efficient_fp16': False, 'tpu': False, 'no_reshard_after_forward': False, 'fp32_reduce_scatter': False, 'cpu_offload': False, 'use_sharded_state': False}, 'dataset': {'_name': None, 'num_workers': 0, 'skip_invalid_size_inputs_valid_test': False, 'max_tokens': None, 'batch_size': 4, 'required_batch_size_multiple': 8, 'required_seq_len_multiple': 1, 'dataset_impl': None, 'data_buffer_size': 10, 'train_subset': 'train', 'valid_subset': 'valid', 'combine_valid_subsets': None, 'ignore_unused_valid_subsets': False, 'validate_interval': 1, 'validate_interval_updates': 500, 'validate_after_updates': 0, 'fixed_validation_seed': 7, 'disable_validation': False, 'max_tokens_valid': None, 'batch_size_valid': 4, 'max_valid_steps': None, 'curriculum': 0, 'gen_subset': 'test', 'num_shards': 1, 'shard_id': 0}, 'optimization': {'_name': None, 'max_epoch': 10, 'max_update': 0, 'stop_time_hours': 0.0, 'clip_norm': 1.0, 'sentence_avg': False, 'update_freq': [8], 'lr': [5e-05], 'stop_min_lr': -1.0, 'use_bmuf': False}, 'checkpoint': {'_name': None, 'save_dir': './refcocoplus_scratch_checkpoints/10_5e-5_512', 'restore_file': '../../run_scripts/pretraining/checkpoints_from_scratch/checkpoint_last.pt', 'finetune_from_model': None, 'reset_dataloader': True, 'reset_lr_scheduler': False, 'reset_meters': True, 'reset_optimizer': True, 'optimizer_overrides': '{}', 'save_interval': 1, 'save_interval_updates': 500, 'keep_interval_updates': -1, 'keep_interval_updates_pattern': -1, 'keep_last_epochs': -1, 'keep_best_checkpoints': 1, 'no_save': False, 'no_epoch_checkpoints': True, 'no_last_checkpoints': False, 'no_save_optimizer_state': False, 'best_checkpoint_metric': 'score', 'maximize_best_checkpoint_metric': True, 'patience': -1, 'checkpoint_suffix': '', 'checkpoint_shard_count': 1, 'load_checkpoint_on_all_dp_ranks': False, 'write_checkpoints_asynchronously': False, 'model_parallel_size': 1, 'use_ema_weights_to_init_param': False, 'use_latest_weights_to_init_ema': False}, 'bmuf': {'_name': None, 'block_lr': 1.0, 'block_momentum': 0.875, 'global_sync_iter': 50, 'warmup_iterations': 500, 'use_nbm': False, 'average_sync': False, 'distributed_world_size': 2}, 'generation': {'_name': None, 'beam': 5, 'nbest': 1, 'max_len_a': 0.0, 'max_len_b': 200, 'min_len': 1, 'match_source_len': False, 'unnormalized': False, 'no_early_stop': False, 'no_beamable_mm': False, 'lenpen': 1.0, 'unkpen': 0.0, 'replace_unk': None, 'sacrebleu': False, 'score_reference': False, 'prefix_size': 0, 'no_repeat_ngram_size': 0, 'sampling': False, 'sampling_topk': -1, 'sampling_topp': -1.0, 'constraints': None, 'temperature': 1.0, 'diverse_beam_groups': -1, 'diverse_beam_strength': 0.5, 'diversity_rate': -1.0, 'print_alignment': None, 'print_step': False, 'lm_path': None, 'lm_weight': 0.0, 'iter_decode_eos_penalty': 0.0, 'iter_decode_max_iter': 10, 'iter_decode_force_max_iter': False, 'iter_decode_with_beam': 1, 'iter_decode_with_external_reranker': False, 'retain_iter_history': False, 'retain_dropout': False, 'retain_dropout_modules': None, 'decoding_format': None, 'no_seed_provided': False}, 'eval_lm': {'_name': None, 'output_word_probs': False, 'output_word_stats': False, 'context_window': 0, 'softmax_batch': 9223372036854775807}, 'interactive': {'_name': None, 'buffer_size': 0, 'input': '-'}, 'model': Namespace(no_progress_bar=False, log_interval=10, log_format='simple', log_file=None, tensorboard_logdir=None, wandb_project=None, azureml_logging=False, seed=1, cpu=False, tpu=False, bf16=False, memory_efficient_bf16=False, fp16=True, memory_efficient_fp16=False, fp16_no_flatten_grads=False, fp16_init_scale=128, fp16_scale_window=512, fp16_scale_tolerance=0.0, on_cpu_convert_precision=False, min_loss_scale=0.0001, threshold_loss_scale=None, amp=False, amp_batch_retries=2, amp_init_scale=128, amp_scale_window=None, user_dir='../../ofa_module', empty_cache_freq=0, all_gather_list_size=16384, model_parallel_size=1, quantization_config_path=None, profile=False, reset_logging=False, suppress_crashes=False, use_plasma_view=False, plasma_path='/tmp/plasma', criterion='adjust_label_smoothed_cross_entropy', tokenizer=None, bpe=None, optimizer='adam', lr_scheduler='polynomial_decay', simul_type=None, scoring='bleu', task='refcoco', num_workers=0, skip_invalid_size_inputs_valid_test=False, max_tokens=None, batch_size=4, required_batch_size_multiple=8, required_seq_len_multiple=1, dataset_impl=None, data_buffer_size=10, train_subset='train', valid_subset='valid', combine_valid_subsets=None, ignore_unused_valid_subsets=False, validate_interval=1, validate_interval_updates=500, validate_after_updates=0, fixed_validation_seed=7, disable_validation=False, max_tokens_valid=None, batch_size_valid=4, max_valid_steps=None, curriculum=0, gen_subset='test', num_shards=1, shard_id=0, distributed_world_size=2, distributed_num_procs=2, distributed_rank=0, distributed_backend='nccl', distributed_init_method=None, distributed_port=-1, device_id=0, distributed_no_spawn=False, ddp_backend='pytorch_ddp', ddp_comm_hook='none', bucket_cap_mb=25, fix_batches_to_gpus=False, find_unused_parameters=True, gradient_as_bucket_view=False, fast_stat_sync=False, heartbeat_timeout=-1, broadcast_buffers=False, slowmo_momentum=None, slowmo_algorithm='LocalSGD', localsgd_frequency=3, nprocs_per_node=2, pipeline_model_parallel=False, pipeline_balance=None, pipeline_devices=None, pipeline_chunks=0, pipeline_encoder_balance=None, pipeline_encoder_devices=None, pipeline_decoder_balance=None, pipeline_decoder_devices=None, pipeline_checkpoint='never', zero_sharding='none', no_reshard_after_forward=False, fp32_reduce_scatter=False, cpu_offload=False, use_sharded_state=False, arch='ofa_base', max_epoch=10, max_update=0, stop_time_hours=0, clip_norm=1.0, sentence_avg=False, update_freq=[8], lr=[5e-05], stop_min_lr=-1.0, use_bmuf=False, save_dir='./refcocoplus_scratch_checkpoints/10_5e-5_512', restore_file='../../run_scripts/pretraining/checkpoints_from_scratch/checkpoint_last.pt', finetune_from_model=None, reset_dataloader=True, reset_lr_scheduler=False, reset_meters=True, reset_optimizer=True, optimizer_overrides='{}', save_interval=1, save_interval_updates=500, keep_interval_updates=-1, keep_interval_updates_pattern=-1, keep_last_epochs=-1, keep_best_checkpoints=1, no_save=False, no_epoch_checkpoints=True, no_last_checkpoints=False, no_save_optimizer_state=False, best_checkpoint_metric='score', maximize_best_checkpoint_metric=True, patience=-1, checkpoint_suffix='', checkpoint_shard_count=1, load_checkpoint_on_all_dp_ranks=False, write_checkpoints_asynchronously=False, use_ema_weights_to_init_param=False, use_latest_weights_to_init_ema=False, store_ema=False, ema_decay=0.9999, ema_start_update=0, ema_seed_model=None, ema_update_freq=1, ema_fp32=False, bitfit=False, no_token_positional_embeddings=False, no_cross_attention=False, cross_self_attention=False, encoder_layerdrop=0, decoder_layerdrop=0, encoder_layers_to_keep=None, decoder_layers_to_keep=None, quant_noise_pq=0, quant_noise_pq_block_size=8, quant_noise_scalar=0, min_params_to_wrap=100000000, data='../../dataset/refcocoplus_data/refcocoplus_train.tsv,../../dataset/refcocoplus_data/refcocoplus_val.tsv', selected_cols='0,4,2,3', bpe_dir='../../utils/BPE', max_source_positions=1024, max_target_positions=1024, max_src_length=80, max_tgt_length=20, code_dict_size=8192, patch_image_size=512, orig_patch_image_size=256, num_bins=1000, imagenet_default_mean_and_std=False, constraint_range=None, eval_acc=True, eval_args='{"beam":5,"min_len":4,"max_len_a":0,"max_len_b":4}', eval_print_samples=False, max_image_size=512, scst=False, scst_args='{}', label_smoothing=0.1, report_accuracy=False, ignore_prefix_size=0, ignore_eos=False, drop_worst_ratio=0.0, drop_worst_after=0, use_rdrop=False, reg_alpha=1.0, sample_patch_num=196, adam_betas='(0.9,0.999)', adam_eps=1e-08, weight_decay=0.01, use_old_adam=False, fp16_adam_stats=False, warmup_updates=0, warmup_ratio=0.06, force_anneal=None, end_learning_rate=0.0, power=1.0, total_num_update=1000000, pad=1, eos=2, unk=3, encoder_normalize_before=True, decoder_normalize_before=True, share_decoder_input_output_embed=True, share_all_embeddings=True, layernorm_embedding=True, patch_layernorm_embedding=True, code_layernorm_embedding=True, resnet_drop_path_rate=0.0, encoder_drop_path_rate=0.1, decoder_drop_path_rate=0.1, dropout=0.1, attention_dropout=0.0, add_type_embedding=True, scale_attn=True, scale_fc=True, scale_heads=True, disable_entangle=True, no_seed_provided=False, encoder_embed_dim=768, encoder_ffn_embed_dim=3072, encoder_layers=6, encoder_attention_heads=12, decoder_layers=6, decoder_attention_heads=12, resnet_type='resnet101', encoder_embed_path=None, encoder_learned_pos=True, decoder_embed_path=None, decoder_embed_dim=768, decoder_ffn_embed_dim=3072, decoder_learned_pos=True, relu_dropout=0.0, adaptive_softmax_cutoff=None, adaptive_softmax_dropout=0, decoder_output_dim=768, decoder_input_dim=768, no_scale_embedding=True, activation_fn='gelu', pooler_activation_fn='tanh', pooler_dropout=0.0, pooler_classifier='mlp', token_bucket_size=256, image_bucket_size=42, freeze_encoder_embedding=False, freeze_decoder_embedding=False, attn_scale_factor=2, code_image_size=128, entangle_position_embedding=False, sync_bn=False, scale_resids=False, _name='ofa_base'), 'task': {'_name': 'refcoco', 'data': '../../dataset/refcocoplus_data/refcocoplus_train.tsv,../../dataset/refcocoplus_data/refcocoplus_val.tsv', 'selected_cols': '0,4,2,3', 'bpe': None, 'bpe_dir': '../../utils/BPE', 'max_source_positions': 1024, 'max_target_positions': 1024, 'max_src_length': 80, 'max_tgt_length': 20, 'code_dict_size': 8192, 'patch_image_size': 512, 'orig_patch_image_size': 256, 'num_bins': 1000, 'imagenet_default_mean_and_std': False, 'constraint_range': None, 'eval_acc': True, 'eval_args': '{"beam":5,"min_len":4,"max_len_a":0,"max_len_b":4}', 'eval_print_samples': False, 'max_image_size': 512, 'scst': False, 'scst_args': '{}'}, 'criterion': {'_name': 'adjust_label_smoothed_cross_entropy', 'label_smoothing': 0.1, 'report_accuracy': False, 'ignore_prefix_size': 0, 'ignore_eos': False, 'sentence_avg': False, 'drop_worst_ratio': 0.0, 'drop_worst_after': 0, 'use_rdrop': False, 'reg_alpha': 1.0, 'sample_patch_num': 196, 'constraint_range': None}, 'optimizer': {'_name': 'adam', 'adam_betas': '(0.9,0.999)', 'adam_eps': 1e-08, 'weight_decay': 0.01, 'use_old_adam': False, 'fp16_adam_stats': False, 'tpu': False, 'lr': [5e-05]}, 'lr_scheduler': {'_name': 'polynomial_decay', 'warmup_updates': 0, 'warmup_ratio': 0.06, 'force_anneal': None, 'end_learning_rate': 0.0, 'power': 1.0, 'total_num_update': 1000000.0, 'lr': [5e-05]}, 'scoring': {'_name': 'bleu', 'pad': 1, 'eos': 2, 'unk': 3}, 'bpe': None, 'tokenizer': None, 'ema': {'_name': None, 'store_ema': False, 'ema_decay': 0.9999, 'ema_start_update': 0, 'ema_seed_model': None, 'ema_update_freq': 1, 'ema_fp32': False}, 'simul_type': None}
2023-03-27 21:43:40 - ofa_task.py[line:109] - INFO: source dictionary: 59457 types
2023-03-27 21:43:40 - ofa_task.py[line:110] - INFO: target dictionary: 59457 types
/home/mogunleye/miniconda3/envs/ofa1/lib/python3.9/site-packages/torch/functional.py:568: UserWarning: torch.meshgrid: in an upcoming release, it will be required to pass the indexing argument. (Triggered internally at  /opt/conda/conda-bld/pytorch_1646756402876/work/aten/src/ATen/native/TensorShape.cpp:2228.)
  return _VF.meshgrid(tensors, **kwargs)  # type: ignore[attr-defined]
/home/mogunleye/miniconda3/envs/ofa1/lib/python3.9/site-packages/torch/functional.py:568: UserWarning: torch.meshgrid: in an upcoming release, it will be required to pass the indexing argument. (Triggered internally at  /opt/conda/conda-bld/pytorch_1646756402876/work/aten/src/ATen/native/TensorShape.cpp:2228.)
  return _VF.meshgrid(tensors, **kwargs)  # type: ignore[attr-defined]
2023-03-27 21:43:48 - train.py[line:110] - INFO: OFAModel(
  (encoder): TransformerEncoder(
    (encoder_dropout): Dropout(p=0.2, inplace=False)
    (dropout_module): FairseqDropout()
    (embed_tokens): Embedding(59457, 768, padding_idx=1)
    (layernorm_embedding): LayerNorm((768,), eps=1e-05, elementwise_affine=True)
    (type_embedding): Embedding(2, 768)
    (embed_images): ResNet(
      (conv1): Conv2d(3, 64, kernel_size=(7, 7), stride=(2, 2), padding=(3, 3), bias=False)
      (bn1): BatchNorm2d(64, eps=1e-05, momentum=0.1, affine=True, track_running_stats=True)
      (relu): ReLU(inplace=True)
      (maxpool): MaxPool2d(kernel_size=3, stride=2, padding=1, dilation=1, ceil_mode=False)
      (layer1): Sequential(
        (0): Bottleneck(
          (conv1): Conv2d(64, 64, kernel_size=(1, 1), stride=(1, 1), bias=False)
          (bn1): BatchNorm2d(64, eps=1e-05, momentum=0.1, affine=True, track_running_stats=True)
          (conv2): Conv2d(64, 64, kernel_size=(3, 3), stride=(1, 1), padding=(1, 1), bias=False)
          (bn2): BatchNorm2d(64, eps=1e-05, momentum=0.1, affine=True, track_running_stats=True)
          (conv3): Conv2d(64, 256, kernel_size=(1, 1), stride=(1, 1), bias=False)
          (bn3): BatchNorm2d(256, eps=1e-05, momentum=0.1, affine=True, track_running_stats=True)
          (relu): ReLU(inplace=True)
          (downsample): Sequential(
            (0): Conv2d(64, 256, kernel_size=(1, 1), stride=(1, 1), bias=False)
            (1): BatchNorm2d(256, eps=1e-05, momentum=0.1, affine=True, track_running_stats=True)
          )
          (drop_path): Identity()
        )
        (1): Bottleneck(
          (conv1): Conv2d(256, 64, kernel_size=(1, 1), stride=(1, 1), bias=False)
          (bn1): BatchNorm2d(64, eps=1e-05, momentum=0.1, affine=True, track_running_stats=True)
          (conv2): Conv2d(64, 64, kernel_size=(3, 3), stride=(1, 1), padding=(1, 1), bias=False)
          (bn2): BatchNorm2d(64, eps=1e-05, momentum=0.1, affine=True, track_running_stats=True)
          (conv3): Conv2d(64, 256, kernel_size=(1, 1), stride=(1, 1), bias=False)
          (bn3): BatchNorm2d(256, eps=1e-05, momentum=0.1, affine=True, track_running_stats=True)
          (relu): ReLU(inplace=True)
          (drop_path): Identity()
        )
        (2): Bottleneck(
          (conv1): Conv2d(256, 64, kernel_size=(1, 1), stride=(1, 1), bias=False)
          (bn1): BatchNorm2d(64, eps=1e-05, momentum=0.1, affine=True, track_running_stats=True)
          (conv2): Conv2d(64, 64, kernel_size=(3, 3), stride=(1, 1), padding=(1, 1), bias=False)
          (bn2): BatchNorm2d(64, eps=1e-05, momentum=0.1, affine=True, track_running_stats=True)
          (conv3): Conv2d(64, 256, kernel_size=(1, 1), stride=(1, 1), bias=False)
          (bn3): BatchNorm2d(256, eps=1e-05, momentum=0.1, affine=True, track_running_stats=True)
          (relu): ReLU(inplace=True)
          (drop_path): Identity()
        )
      )
      (layer2): Sequential(
        (0): Bottleneck(
          (conv1): Conv2d(256, 128, kernel_size=(1, 1), stride=(1, 1), bias=False)
          (bn1): BatchNorm2d(128, eps=1e-05, momentum=0.1, affine=True, track_running_stats=True)
          (conv2): Conv2d(128, 128, kernel_size=(3, 3), stride=(2, 2), padding=(1, 1), bias=False)
          (bn2): BatchNorm2d(128, eps=1e-05, momentum=0.1, affine=True, track_running_stats=True)
          (conv3): Conv2d(128, 512, kernel_size=(1, 1), stride=(1, 1), bias=False)
          (bn3): BatchNorm2d(512, eps=1e-05, momentum=0.1, affine=True, track_running_stats=True)
          (relu): ReLU(inplace=True)
          (downsample): Sequential(
            (0): Conv2d(256, 512, kernel_size=(1, 1), stride=(2, 2), bias=False)
            (1): BatchNorm2d(512, eps=1e-05, momentum=0.1, affine=True, track_running_stats=True)
          )
          (drop_path): Identity()
        )
        (1): Bottleneck(
          (conv1): Conv2d(512, 128, kernel_size=(1, 1), stride=(1, 1), bias=False)
          (bn1): BatchNorm2d(128, eps=1e-05, momentum=0.1, affine=True, track_running_stats=True)
          (conv2): Conv2d(128, 128, kernel_size=(3, 3), stride=(1, 1), padding=(1, 1), bias=False)
          (bn2): BatchNorm2d(128, eps=1e-05, momentum=0.1, affine=True, track_running_stats=True)
          (conv3): Conv2d(128, 512, kernel_size=(1, 1), stride=(1, 1), bias=False)
          (bn3): BatchNorm2d(512, eps=1e-05, momentum=0.1, affine=True, track_running_stats=True)
          (relu): ReLU(inplace=True)
          (drop_path): Identity()
        )
        (2): Bottleneck(
          (conv1): Conv2d(512, 128, kernel_size=(1, 1), stride=(1, 1), bias=False)
          (bn1): BatchNorm2d(128, eps=1e-05, momentum=0.1, affine=True, track_running_stats=True)
          (conv2): Conv2d(128, 128, kernel_size=(3, 3), stride=(1, 1), padding=(1, 1), bias=False)
          (bn2): BatchNorm2d(128, eps=1e-05, momentum=0.1, affine=True, track_running_stats=True)
          (conv3): Conv2d(128, 512, kernel_size=(1, 1), stride=(1, 1), bias=False)
          (bn3): BatchNorm2d(512, eps=1e-05, momentum=0.1, affine=True, track_running_stats=True)
          (relu): ReLU(inplace=True)
          (drop_path): Identity()
        )
        (3): Bottleneck(
          (conv1): Conv2d(512, 128, kernel_size=(1, 1), stride=(1, 1), bias=False)
          (bn1): BatchNorm2d(128, eps=1e-05, momentum=0.1, affine=True, track_running_stats=True)
          (conv2): Conv2d(128, 128, kernel_size=(3, 3), stride=(1, 1), padding=(1, 1), bias=False)
          (bn2): BatchNorm2d(128, eps=1e-05, momentum=0.1, affine=True, track_running_stats=True)
          (conv3): Conv2d(128, 512, kernel_size=(1, 1), stride=(1, 1), bias=False)
          (bn3): BatchNorm2d(512, eps=1e-05, momentum=0.1, affine=True, track_running_stats=True)
          (relu): ReLU(inplace=True)
          (drop_path): Identity()
        )
      )
      (layer3): Sequential(
        (0): Bottleneck(
          (conv1): Conv2d(512, 256, kernel_size=(1, 1), stride=(1, 1), bias=False)
          (bn1): BatchNorm2d(256, eps=1e-05, momentum=0.1, affine=True, track_running_stats=True)
          (conv2): Conv2d(256, 256, kernel_size=(3, 3), stride=(2, 2), padding=(1, 1), bias=False)
          (bn2): BatchNorm2d(256, eps=1e-05, momentum=0.1, affine=True, track_running_stats=True)
          (conv3): Conv2d(256, 1024, kernel_size=(1, 1), stride=(1, 1), bias=False)
          (bn3): BatchNorm2d(1024, eps=1e-05, momentum=0.1, affine=True, track_running_stats=True)
          (relu): ReLU(inplace=True)
          (downsample): Sequential(
            (0): Conv2d(512, 1024, kernel_size=(1, 1), stride=(2, 2), bias=False)
            (1): BatchNorm2d(1024, eps=1e-05, momentum=0.1, affine=True, track_running_stats=True)
          )
          (drop_path): Identity()
        )
        (1): Bottleneck(
          (conv1): Conv2d(1024, 256, kernel_size=(1, 1), stride=(1, 1), bias=False)
          (bn1): BatchNorm2d(256, eps=1e-05, momentum=0.1, affine=True, track_running_stats=True)
          (conv2): Conv2d(256, 256, kernel_size=(3, 3), stride=(1, 1), padding=(1, 1), bias=False)
          (bn2): BatchNorm2d(256, eps=1e-05, momentum=0.1, affine=True, track_running_stats=True)
          (conv3): Conv2d(256, 1024, kernel_size=(1, 1), stride=(1, 1), bias=False)
          (bn3): BatchNorm2d(1024, eps=1e-05, momentum=0.1, affine=True, track_running_stats=True)
          (relu): ReLU(inplace=True)
          (drop_path): Identity()
        )
        (2): Bottleneck(
          (conv1): Conv2d(1024, 256, kernel_size=(1, 1), stride=(1, 1), bias=False)
          (bn1): BatchNorm2d(256, eps=1e-05, momentum=0.1, affine=True, track_running_stats=True)
          (conv2): Conv2d(256, 256, kernel_size=(3, 3), stride=(1, 1), padding=(1, 1), bias=False)
          (bn2): BatchNorm2d(256, eps=1e-05, momentum=0.1, affine=True, track_running_stats=True)
          (conv3): Conv2d(256, 1024, kernel_size=(1, 1), stride=(1, 1), bias=False)
          (bn3): BatchNorm2d(1024, eps=1e-05, momentum=0.1, affine=True, track_running_stats=True)
          (relu): ReLU(inplace=True)
          (drop_path): Identity()
        )
        (3): Bottleneck(
          (conv1): Conv2d(1024, 256, kernel_size=(1, 1), stride=(1, 1), bias=False)
          (bn1): BatchNorm2d(256, eps=1e-05, momentum=0.1, affine=True, track_running_stats=True)
          (conv2): Conv2d(256, 256, kernel_size=(3, 3), stride=(1, 1), padding=(1, 1), bias=False)
          (bn2): BatchNorm2d(256, eps=1e-05, momentum=0.1, affine=True, track_running_stats=True)
          (conv3): Conv2d(256, 1024, kernel_size=(1, 1), stride=(1, 1), bias=False)
          (bn3): BatchNorm2d(1024, eps=1e-05, momentum=0.1, affine=True, track_running_stats=True)
          (relu): ReLU(inplace=True)
          (drop_path): Identity()
        )
        (4): Bottleneck(
          (conv1): Conv2d(1024, 256, kernel_size=(1, 1), stride=(1, 1), bias=False)
          (bn1): BatchNorm2d(256, eps=1e-05, momentum=0.1, affine=True, track_running_stats=True)
          (conv2): Conv2d(256, 256, kernel_size=(3, 3), stride=(1, 1), padding=(1, 1), bias=False)
          (bn2): BatchNorm2d(256, eps=1e-05, momentum=0.1, affine=True, track_running_stats=True)
          (conv3): Conv2d(256, 1024, kernel_size=(1, 1), stride=(1, 1), bias=False)
          (bn3): BatchNorm2d(1024, eps=1e-05, momentum=0.1, affine=True, track_running_stats=True)
          (relu): ReLU(inplace=True)
          (drop_path): Identity()
        )
        (5): Bottleneck(
          (conv1): Conv2d(1024, 256, kernel_size=(1, 1), stride=(1, 1), bias=False)
          (bn1): BatchNorm2d(256, eps=1e-05, momentum=0.1, affine=True, track_running_stats=True)
          (conv2): Conv2d(256, 256, kernel_size=(3, 3), stride=(1, 1), padding=(1, 1), bias=False)
          (bn2): BatchNorm2d(256, eps=1e-05, momentum=0.1, affine=True, track_running_stats=True)
          (conv3): Conv2d(256, 1024, kernel_size=(1, 1), stride=(1, 1), bias=False)
          (bn3): BatchNorm2d(1024, eps=1e-05, momentum=0.1, affine=True, track_running_stats=True)
          (relu): ReLU(inplace=True)
          (drop_path): Identity()
        )
        (6): Bottleneck(
          (conv1): Conv2d(1024, 256, kernel_size=(1, 1), stride=(1, 1), bias=False)
          (bn1): BatchNorm2d(256, eps=1e-05, momentum=0.1, affine=True, track_running_stats=True)
          (conv2): Conv2d(256, 256, kernel_size=(3, 3), stride=(1, 1), padding=(1, 1), bias=False)
          (bn2): BatchNorm2d(256, eps=1e-05, momentum=0.1, affine=True, track_running_stats=True)
          (conv3): Conv2d(256, 1024, kernel_size=(1, 1), stride=(1, 1), bias=False)
          (bn3): BatchNorm2d(1024, eps=1e-05, momentum=0.1, affine=True, track_running_stats=True)
          (relu): ReLU(inplace=True)
          (drop_path): Identity()
        )
        (7): Bottleneck(
          (conv1): Conv2d(1024, 256, kernel_size=(1, 1), stride=(1, 1), bias=False)
          (bn1): BatchNorm2d(256, eps=1e-05, momentum=0.1, affine=True, track_running_stats=True)
          (conv2): Conv2d(256, 256, kernel_size=(3, 3), stride=(1, 1), padding=(1, 1), bias=False)
          (bn2): BatchNorm2d(256, eps=1e-05, momentum=0.1, affine=True, track_running_stats=True)
          (conv3): Conv2d(256, 1024, kernel_size=(1, 1), stride=(1, 1), bias=False)
          (bn3): BatchNorm2d(1024, eps=1e-05, momentum=0.1, affine=True, track_running_stats=True)
          (relu): ReLU(inplace=True)
          (drop_path): Identity()
        )
        (8): Bottleneck(
          (conv1): Conv2d(1024, 256, kernel_size=(1, 1), stride=(1, 1), bias=False)
          (bn1): BatchNorm2d(256, eps=1e-05, momentum=0.1, affine=True, track_running_stats=True)
          (conv2): Conv2d(256, 256, kernel_size=(3, 3), stride=(1, 1), padding=(1, 1), bias=False)
          (bn2): BatchNorm2d(256, eps=1e-05, momentum=0.1, affine=True, track_running_stats=True)
          (conv3): Conv2d(256, 1024, kernel_size=(1, 1), stride=(1, 1), bias=False)
          (bn3): BatchNorm2d(1024, eps=1e-05, momentum=0.1, affine=True, track_running_stats=True)
          (relu): ReLU(inplace=True)
          (drop_path): Identity()
        )
        (9): Bottleneck(
          (conv1): Conv2d(1024, 256, kernel_size=(1, 1), stride=(1, 1), bias=False)
          (bn1): BatchNorm2d(256, eps=1e-05, momentum=0.1, affine=True, track_running_stats=True)
          (conv2): Conv2d(256, 256, kernel_size=(3, 3), stride=(1, 1), padding=(1, 1), bias=False)
          (bn2): BatchNorm2d(256, eps=1e-05, momentum=0.1, affine=True, track_running_stats=True)
          (conv3): Conv2d(256, 1024, kernel_size=(1, 1), stride=(1, 1), bias=False)
          (bn3): BatchNorm2d(1024, eps=1e-05, momentum=0.1, affine=True, track_running_stats=True)
          (relu): ReLU(inplace=True)
          (drop_path): Identity()
        )
        (10): Bottleneck(
          (conv1): Conv2d(1024, 256, kernel_size=(1, 1), stride=(1, 1), bias=False)
          (bn1): BatchNorm2d(256, eps=1e-05, momentum=0.1, affine=True, track_running_stats=True)
          (conv2): Conv2d(256, 256, kernel_size=(3, 3), stride=(1, 1), padding=(1, 1), bias=False)
          (bn2): BatchNorm2d(256, eps=1e-05, momentum=0.1, affine=True, track_running_stats=True)
          (conv3): Conv2d(256, 1024, kernel_size=(1, 1), stride=(1, 1), bias=False)
          (bn3): BatchNorm2d(1024, eps=1e-05, momentum=0.1, affine=True, track_running_stats=True)
          (relu): ReLU(inplace=True)
          (drop_path): Identity()
        )
        (11): Bottleneck(
          (conv1): Conv2d(1024, 256, kernel_size=(1, 1), stride=(1, 1), bias=False)
          (bn1): BatchNorm2d(256, eps=1e-05, momentum=0.1, affine=True, track_running_stats=True)
          (conv2): Conv2d(256, 256, kernel_size=(3, 3), stride=(1, 1), padding=(1, 1), bias=False)
          (bn2): BatchNorm2d(256, eps=1e-05, momentum=0.1, affine=True, track_running_stats=True)
          (conv3): Conv2d(256, 1024, kernel_size=(1, 1), stride=(1, 1), bias=False)
          (bn3): BatchNorm2d(1024, eps=1e-05, momentum=0.1, affine=True, track_running_stats=True)
          (relu): ReLU(inplace=True)
          (drop_path): Identity()
        )
        (12): Bottleneck(
          (conv1): Conv2d(1024, 256, kernel_size=(1, 1), stride=(1, 1), bias=False)
          (bn1): BatchNorm2d(256, eps=1e-05, momentum=0.1, affine=True, track_running_stats=True)
          (conv2): Conv2d(256, 256, kernel_size=(3, 3), stride=(1, 1), padding=(1, 1), bias=False)
          (bn2): BatchNorm2d(256, eps=1e-05, momentum=0.1, affine=True, track_running_stats=True)
          (conv3): Conv2d(256, 1024, kernel_size=(1, 1), stride=(1, 1), bias=False)
          (bn3): BatchNorm2d(1024, eps=1e-05, momentum=0.1, affine=True, track_running_stats=True)
          (relu): ReLU(inplace=True)
          (drop_path): Identity()
        )
        (13): Bottleneck(
          (conv1): Conv2d(1024, 256, kernel_size=(1, 1), stride=(1, 1), bias=False)
          (bn1): BatchNorm2d(256, eps=1e-05, momentum=0.1, affine=True, track_running_stats=True)
          (conv2): Conv2d(256, 256, kernel_size=(3, 3), stride=(1, 1), padding=(1, 1), bias=False)
          (bn2): BatchNorm2d(256, eps=1e-05, momentum=0.1, affine=True, track_running_stats=True)
          (conv3): Conv2d(256, 1024, kernel_size=(1, 1), stride=(1, 1), bias=False)
          (bn3): BatchNorm2d(1024, eps=1e-05, momentum=0.1, affine=True, track_running_stats=True)
          (relu): ReLU(inplace=True)
          (drop_path): Identity()
        )
        (14): Bottleneck(
          (conv1): Conv2d(1024, 256, kernel_size=(1, 1), stride=(1, 1), bias=False)
          (bn1): BatchNorm2d(256, eps=1e-05, momentum=0.1, affine=True, track_running_stats=True)
          (conv2): Conv2d(256, 256, kernel_size=(3, 3), stride=(1, 1), padding=(1, 1), bias=False)
          (bn2): BatchNorm2d(256, eps=1e-05, momentum=0.1, affine=True, track_running_stats=True)
          (conv3): Conv2d(256, 1024, kernel_size=(1, 1), stride=(1, 1), bias=False)
          (bn3): BatchNorm2d(1024, eps=1e-05, momentum=0.1, affine=True, track_running_stats=True)
          (relu): ReLU(inplace=True)
          (drop_path): Identity()
        )
        (15): Bottleneck(
          (conv1): Conv2d(1024, 256, kernel_size=(1, 1), stride=(1, 1), bias=False)
          (bn1): BatchNorm2d(256, eps=1e-05, momentum=0.1, affine=True, track_running_stats=True)
          (conv2): Conv2d(256, 256, kernel_size=(3, 3), stride=(1, 1), padding=(1, 1), bias=False)
          (bn2): BatchNorm2d(256, eps=1e-05, momentum=0.1, affine=True, track_running_stats=True)
          (conv3): Conv2d(256, 1024, kernel_size=(1, 1), stride=(1, 1), bias=False)
          (bn3): BatchNorm2d(1024, eps=1e-05, momentum=0.1, affine=True, track_running_stats=True)
          (relu): ReLU(inplace=True)
          (drop_path): Identity()
        )
        (16): Bottleneck(
          (conv1): Conv2d(1024, 256, kernel_size=(1, 1), stride=(1, 1), bias=False)
          (bn1): BatchNorm2d(256, eps=1e-05, momentum=0.1, affine=True, track_running_stats=True)
          (conv2): Conv2d(256, 256, kernel_size=(3, 3), stride=(1, 1), padding=(1, 1), bias=False)
          (bn2): BatchNorm2d(256, eps=1e-05, momentum=0.1, affine=True, track_running_stats=True)
          (conv3): Conv2d(256, 1024, kernel_size=(1, 1), stride=(1, 1), bias=False)
          (bn3): BatchNorm2d(1024, eps=1e-05, momentum=0.1, affine=True, track_running_stats=True)
          (relu): ReLU(inplace=True)
          (drop_path): Identity()
        )
        (17): Bottleneck(
          (conv1): Conv2d(1024, 256, kernel_size=(1, 1), stride=(1, 1), bias=False)
          (bn1): BatchNorm2d(256, eps=1e-05, momentum=0.1, affine=True, track_running_stats=True)
          (conv2): Conv2d(256, 256, kernel_size=(3, 3), stride=(1, 1), padding=(1, 1), bias=False)
          (bn2): BatchNorm2d(256, eps=1e-05, momentum=0.1, affine=True, track_running_stats=True)
          (conv3): Conv2d(256, 1024, kernel_size=(1, 1), stride=(1, 1), bias=False)
          (bn3): BatchNorm2d(1024, eps=1e-05, momentum=0.1, affine=True, track_running_stats=True)
          (relu): ReLU(inplace=True)
          (drop_path): Identity()
        )
        (18): Bottleneck(
          (conv1): Conv2d(1024, 256, kernel_size=(1, 1), stride=(1, 1), bias=False)
          (bn1): BatchNorm2d(256, eps=1e-05, momentum=0.1, affine=True, track_running_stats=True)
          (conv2): Conv2d(256, 256, kernel_size=(3, 3), stride=(1, 1), padding=(1, 1), bias=False)
          (bn2): BatchNorm2d(256, eps=1e-05, momentum=0.1, affine=True, track_running_stats=True)
          (conv3): Conv2d(256, 1024, kernel_size=(1, 1), stride=(1, 1), bias=False)
          (bn3): BatchNorm2d(1024, eps=1e-05, momentum=0.1, affine=True, track_running_stats=True)
          (relu): ReLU(inplace=True)
          (drop_path): Identity()
        )
        (19): Bottleneck(
          (conv1): Conv2d(1024, 256, kernel_size=(1, 1), stride=(1, 1), bias=False)
          (bn1): BatchNorm2d(256, eps=1e-05, momentum=0.1, affine=True, track_running_stats=True)
          (conv2): Conv2d(256, 256, kernel_size=(3, 3), stride=(1, 1), padding=(1, 1), bias=False)
          (bn2): BatchNorm2d(256, eps=1e-05, momentum=0.1, affine=True, track_running_stats=True)
          (conv3): Conv2d(256, 1024, kernel_size=(1, 1), stride=(1, 1), bias=False)
          (bn3): BatchNorm2d(1024, eps=1e-05, momentum=0.1, affine=True, track_running_stats=True)
          (relu): ReLU(inplace=True)
          (drop_path): Identity()
        )
        (20): Bottleneck(
          (conv1): Conv2d(1024, 256, kernel_size=(1, 1), stride=(1, 1), bias=False)
          (bn1): BatchNorm2d(256, eps=1e-05, momentum=0.1, affine=True, track_running_stats=True)
          (conv2): Conv2d(256, 256, kernel_size=(3, 3), stride=(1, 1), padding=(1, 1), bias=False)
          (bn2): BatchNorm2d(256, eps=1e-05, momentum=0.1, affine=True, track_running_stats=True)
          (conv3): Conv2d(256, 1024, kernel_size=(1, 1), stride=(1, 1), bias=False)
          (bn3): BatchNorm2d(1024, eps=1e-05, momentum=0.1, affine=True, track_running_stats=True)
          (relu): ReLU(inplace=True)
          (drop_path): Identity()
        )
        (21): Bottleneck(
          (conv1): Conv2d(1024, 256, kernel_size=(1, 1), stride=(1, 1), bias=False)
          (bn1): BatchNorm2d(256, eps=1e-05, momentum=0.1, affine=True, track_running_stats=True)
          (conv2): Conv2d(256, 256, kernel_size=(3, 3), stride=(1, 1), padding=(1, 1), bias=False)
          (bn2): BatchNorm2d(256, eps=1e-05, momentum=0.1, affine=True, track_running_stats=True)
          (conv3): Conv2d(256, 1024, kernel_size=(1, 1), stride=(1, 1), bias=False)
          (bn3): BatchNorm2d(1024, eps=1e-05, momentum=0.1, affine=True, track_running_stats=True)
          (relu): ReLU(inplace=True)
          (drop_path): Identity()
        )
        (22): Bottleneck(
          (conv1): Conv2d(1024, 256, kernel_size=(1, 1), stride=(1, 1), bias=False)
          (bn1): BatchNorm2d(256, eps=1e-05, momentum=0.1, affine=True, track_running_stats=True)
          (conv2): Conv2d(256, 256, kernel_size=(3, 3), stride=(1, 1), padding=(1, 1), bias=False)
          (bn2): BatchNorm2d(256, eps=1e-05, momentum=0.1, affine=True, track_running_stats=True)
          (conv3): Conv2d(256, 1024, kernel_size=(1, 1), stride=(1, 1), bias=False)
          (bn3): BatchNorm2d(1024, eps=1e-05, momentum=0.1, affine=True, track_running_stats=True)
          (relu): ReLU(inplace=True)
          (drop_path): Identity()
        )
      )
    )
    (image_proj): Linear(in_features=1024, out_features=768, bias=True)
    (patch_layernorm_embedding): LayerNorm((768,), eps=1e-05, elementwise_affine=True)
    (embed_positions): Embedding(1026, 768)
    (embed_image_positions): Embedding(1765, 768)
    (pos_ln): LayerNorm((768,), eps=1e-05, elementwise_affine=True)
    (image_pos_ln): LayerNorm((768,), eps=1e-05, elementwise_affine=True)
    (pos_q_linear): Linear(in_features=768, out_features=768, bias=True)
    (pos_k_linear): Linear(in_features=768, out_features=768, bias=True)
    (layers): ModuleList(
      (0): TransformerEncoderLayer(
        (self_attn): MultiheadAttention(
          (dropout_module): FairseqDropout()
          (k_proj): Linear(in_features=768, out_features=768, bias=True)
          (v_proj): Linear(in_features=768, out_features=768, bias=True)
          (q_proj): Linear(in_features=768, out_features=768, bias=True)
          (out_proj): Linear(in_features=768, out_features=768, bias=True)
        )
        (self_attn_layer_norm): LayerNorm((768,), eps=1e-05, elementwise_affine=True)
        (dropout_module): FairseqDropout()
        (activation_dropout_module): FairseqDropout()
        (fc1): Linear(in_features=768, out_features=3072, bias=True)
        (fc2): Linear(in_features=3072, out_features=768, bias=True)
        (attn_ln): LayerNorm((768,), eps=1e-05, elementwise_affine=True)
        (ffn_layernorm): LayerNorm((3072,), eps=1e-05, elementwise_affine=True)
        (final_layer_norm): LayerNorm((768,), eps=1e-05, elementwise_affine=True)
        (drop_path): Identity()
      )
      (1): TransformerEncoderLayer(
        (self_attn): MultiheadAttention(
          (dropout_module): FairseqDropout()
          (k_proj): Linear(in_features=768, out_features=768, bias=True)
          (v_proj): Linear(in_features=768, out_features=768, bias=True)
          (q_proj): Linear(in_features=768, out_features=768, bias=True)
          (out_proj): Linear(in_features=768, out_features=768, bias=True)
        )
        (self_attn_layer_norm): LayerNorm((768,), eps=1e-05, elementwise_affine=True)
        (dropout_module): FairseqDropout()
        (activation_dropout_module): FairseqDropout()
        (fc1): Linear(in_features=768, out_features=3072, bias=True)
        (fc2): Linear(in_features=3072, out_features=768, bias=True)
        (attn_ln): LayerNorm((768,), eps=1e-05, elementwise_affine=True)
        (ffn_layernorm): LayerNorm((3072,), eps=1e-05, elementwise_affine=True)
        (final_layer_norm): LayerNorm((768,), eps=1e-05, elementwise_affine=True)
        (drop_path): DropPath(p=0.019999999552965164)
      )
      (2): TransformerEncoderLayer(
        (self_attn): MultiheadAttention(
          (dropout_module): FairseqDropout()
          (k_proj): Linear(in_features=768, out_features=768, bias=True)
          (v_proj): Linear(in_features=768, out_features=768, bias=True)
          (q_proj): Linear(in_features=768, out_features=768, bias=True)
          (out_proj): Linear(in_features=768, out_features=768, bias=True)
        )
        (self_attn_layer_norm): LayerNorm((768,), eps=1e-05, elementwise_affine=True)
        (dropout_module): FairseqDropout()
        (activation_dropout_module): FairseqDropout()
        (fc1): Linear(in_features=768, out_features=3072, bias=True)
        (fc2): Linear(in_features=3072, out_features=768, bias=True)
        (attn_ln): LayerNorm((768,), eps=1e-05, elementwise_affine=True)
        (ffn_layernorm): LayerNorm((3072,), eps=1e-05, elementwise_affine=True)
        (final_layer_norm): LayerNorm((768,), eps=1e-05, elementwise_affine=True)
        (drop_path): DropPath(p=0.03999999910593033)
      )
      (3): TransformerEncoderLayer(
        (self_attn): MultiheadAttention(
          (dropout_module): FairseqDropout()
          (k_proj): Linear(in_features=768, out_features=768, bias=True)
          (v_proj): Linear(in_features=768, out_features=768, bias=True)
          (q_proj): Linear(in_features=768, out_features=768, bias=True)
          (out_proj): Linear(in_features=768, out_features=768, bias=True)
        )
        (self_attn_layer_norm): LayerNorm((768,), eps=1e-05, elementwise_affine=True)
        (dropout_module): FairseqDropout()
        (activation_dropout_module): FairseqDropout()
        (fc1): Linear(in_features=768, out_features=3072, bias=True)
        (fc2): Linear(in_features=3072, out_features=768, bias=True)
        (attn_ln): LayerNorm((768,), eps=1e-05, elementwise_affine=True)
        (ffn_layernorm): LayerNorm((3072,), eps=1e-05, elementwise_affine=True)
        (final_layer_norm): LayerNorm((768,), eps=1e-05, elementwise_affine=True)
        (drop_path): DropPath(p=0.06000000238418579)
      )
      (4): TransformerEncoderLayer(
        (self_attn): MultiheadAttention(
          (dropout_module): FairseqDropout()
          (k_proj): Linear(in_features=768, out_features=768, bias=True)
          (v_proj): Linear(in_features=768, out_features=768, bias=True)
          (q_proj): Linear(in_features=768, out_features=768, bias=True)
          (out_proj): Linear(in_features=768, out_features=768, bias=True)
        )
        (self_attn_layer_norm): LayerNorm((768,), eps=1e-05, elementwise_affine=True)
        (dropout_module): FairseqDropout()
        (activation_dropout_module): FairseqDropout()
        (fc1): Linear(in_features=768, out_features=3072, bias=True)
        (fc2): Linear(in_features=3072, out_features=768, bias=True)
        (attn_ln): LayerNorm((768,), eps=1e-05, elementwise_affine=True)
        (ffn_layernorm): LayerNorm((3072,), eps=1e-05, elementwise_affine=True)
        (final_layer_norm): LayerNorm((768,), eps=1e-05, elementwise_affine=True)
        (drop_path): DropPath(p=0.07999999821186066)
      )
      (5): TransformerEncoderLayer(
        (self_attn): MultiheadAttention(
          (dropout_module): FairseqDropout()
          (k_proj): Linear(in_features=768, out_features=768, bias=True)
          (v_proj): Linear(in_features=768, out_features=768, bias=True)
          (q_proj): Linear(in_features=768, out_features=768, bias=True)
          (out_proj): Linear(in_features=768, out_features=768, bias=True)
        )
        (self_attn_layer_norm): LayerNorm((768,), eps=1e-05, elementwise_affine=True)
        (dropout_module): FairseqDropout()
        (activation_dropout_module): FairseqDropout()
        (fc1): Linear(in_features=768, out_features=3072, bias=True)
        (fc2): Linear(in_features=3072, out_features=768, bias=True)
        (attn_ln): LayerNorm((768,), eps=1e-05, elementwise_affine=True)
        (ffn_layernorm): LayerNorm((3072,), eps=1e-05, elementwise_affine=True)
        (final_layer_norm): LayerNorm((768,), eps=1e-05, elementwise_affine=True)
        (drop_path): DropPath(p=0.10000000149011612)
      )
    )
    (layer_norm): LayerNorm((768,), eps=1e-05, elementwise_affine=True)
    (token_rel_pos_table_list): ModuleList(
      (0): Embedding(511, 12)
      (1): Embedding(511, 12)
      (2): Embedding(511, 12)
      (3): Embedding(511, 12)
      (4): Embedding(511, 12)
      (5): Embedding(511, 12)
    )
    (image_rel_pos_table_list): ModuleList(
      (0): Embedding(6892, 12)
      (1): Embedding(6892, 12)
      (2): Embedding(6892, 12)
      (3): Embedding(6892, 12)
      (4): Embedding(6892, 12)
      (5): Embedding(6892, 12)
    )
  )
  (decoder): TransformerDecoder(
    (dropout_module): FairseqDropout()
    (embed_tokens): Embedding(59457, 768, padding_idx=1)
    (layernorm_embedding): LayerNorm((768,), eps=1e-05, elementwise_affine=True)
    (embed_positions): Embedding(1026, 768)
    (embed_image_positions): Embedding(1765, 768)
    (pos_ln): LayerNorm((768,), eps=1e-05, elementwise_affine=True)
    (image_pos_ln): LayerNorm((768,), eps=1e-05, elementwise_affine=True)
    (self_pos_q_linear): Linear(in_features=768, out_features=768, bias=True)
    (self_pos_k_linear): Linear(in_features=768, out_features=768, bias=True)
    (cross_pos_q_linear): Linear(in_features=768, out_features=768, bias=True)
    (cross_pos_k_linear): Linear(in_features=768, out_features=768, bias=True)
    (code_layernorm_embedding): LayerNorm((768,), eps=1e-05, elementwise_affine=True)
    (layers): ModuleList(
      (0): TransformerDecoderLayer(
        (dropout_module): FairseqDropout()
        (self_attn): MultiheadAttention(
          (dropout_module): FairseqDropout()
          (k_proj): Linear(in_features=768, out_features=768, bias=True)
          (v_proj): Linear(in_features=768, out_features=768, bias=True)
          (q_proj): Linear(in_features=768, out_features=768, bias=True)
          (out_proj): Linear(in_features=768, out_features=768, bias=True)
        )
        (self_attn_ln): LayerNorm((768,), eps=1e-05, elementwise_affine=True)
        (cross_attn_ln): LayerNorm((768,), eps=1e-05, elementwise_affine=True)
        (activation_dropout_module): FairseqDropout()
        (self_attn_layer_norm): LayerNorm((768,), eps=1e-05, elementwise_affine=True)
        (encoder_attn): MultiheadAttention(
          (dropout_module): FairseqDropout()
          (k_proj): Linear(in_features=768, out_features=768, bias=True)
          (v_proj): Linear(in_features=768, out_features=768, bias=True)
          (q_proj): Linear(in_features=768, out_features=768, bias=True)
          (out_proj): Linear(in_features=768, out_features=768, bias=True)
        )
        (encoder_attn_layer_norm): LayerNorm((768,), eps=1e-05, elementwise_affine=True)
        (ffn_layernorm): LayerNorm((3072,), eps=1e-05, elementwise_affine=True)
        (fc1): Linear(in_features=768, out_features=3072, bias=True)
        (fc2): Linear(in_features=3072, out_features=768, bias=True)
        (final_layer_norm): LayerNorm((768,), eps=1e-05, elementwise_affine=True)
        (drop_path): Identity()
      )
      (1): TransformerDecoderLayer(
        (dropout_module): FairseqDropout()
        (self_attn): MultiheadAttention(
          (dropout_module): FairseqDropout()
          (k_proj): Linear(in_features=768, out_features=768, bias=True)
          (v_proj): Linear(in_features=768, out_features=768, bias=True)
          (q_proj): Linear(in_features=768, out_features=768, bias=True)
          (out_proj): Linear(in_features=768, out_features=768, bias=True)
        )
        (self_attn_ln): LayerNorm((768,), eps=1e-05, elementwise_affine=True)
        (cross_attn_ln): LayerNorm((768,), eps=1e-05, elementwise_affine=True)
        (activation_dropout_module): FairseqDropout()
        (self_attn_layer_norm): LayerNorm((768,), eps=1e-05, elementwise_affine=True)
        (encoder_attn): MultiheadAttention(
          (dropout_module): FairseqDropout()
          (k_proj): Linear(in_features=768, out_features=768, bias=True)
          (v_proj): Linear(in_features=768, out_features=768, bias=True)
          (q_proj): Linear(in_features=768, out_features=768, bias=True)
          (out_proj): Linear(in_features=768, out_features=768, bias=True)
        )
        (encoder_attn_layer_norm): LayerNorm((768,), eps=1e-05, elementwise_affine=True)
        (ffn_layernorm): LayerNorm((3072,), eps=1e-05, elementwise_affine=True)
        (fc1): Linear(in_features=768, out_features=3072, bias=True)
        (fc2): Linear(in_features=3072, out_features=768, bias=True)
        (final_layer_norm): LayerNorm((768,), eps=1e-05, elementwise_affine=True)
        (drop_path): DropPath(p=0.019999999552965164)
      )
      (2): TransformerDecoderLayer(
        (dropout_module): FairseqDropout()
        (self_attn): MultiheadAttention(
          (dropout_module): FairseqDropout()
          (k_proj): Linear(in_features=768, out_features=768, bias=True)
          (v_proj): Linear(in_features=768, out_features=768, bias=True)
          (q_proj): Linear(in_features=768, out_features=768, bias=True)
          (out_proj): Linear(in_features=768, out_features=768, bias=True)
        )
        (self_attn_ln): LayerNorm((768,), eps=1e-05, elementwise_affine=True)
        (cross_attn_ln): LayerNorm((768,), eps=1e-05, elementwise_affine=True)
        (activation_dropout_module): FairseqDropout()
        (self_attn_layer_norm): LayerNorm((768,), eps=1e-05, elementwise_affine=True)
        (encoder_attn): MultiheadAttention(
          (dropout_module): FairseqDropout()
          (k_proj): Linear(in_features=768, out_features=768, bias=True)
          (v_proj): Linear(in_features=768, out_features=768, bias=True)
          (q_proj): Linear(in_features=768, out_features=768, bias=True)
          (out_proj): Linear(in_features=768, out_features=768, bias=True)
        )
        (encoder_attn_layer_norm): LayerNorm((768,), eps=1e-05, elementwise_affine=True)
        (ffn_layernorm): LayerNorm((3072,), eps=1e-05, elementwise_affine=True)
        (fc1): Linear(in_features=768, out_features=3072, bias=True)
        (fc2): Linear(in_features=3072, out_features=768, bias=True)
        (final_layer_norm): LayerNorm((768,), eps=1e-05, elementwise_affine=True)
        (drop_path): DropPath(p=0.03999999910593033)
      )
      (3): TransformerDecoderLayer(
        (dropout_module): FairseqDropout()
        (self_attn): MultiheadAttention(
          (dropout_module): FairseqDropout()
          (k_proj): Linear(in_features=768, out_features=768, bias=True)
          (v_proj): Linear(in_features=768, out_features=768, bias=True)
          (q_proj): Linear(in_features=768, out_features=768, bias=True)
          (out_proj): Linear(in_features=768, out_features=768, bias=True)
        )
        (self_attn_ln): LayerNorm((768,), eps=1e-05, elementwise_affine=True)
        (cross_attn_ln): LayerNorm((768,), eps=1e-05, elementwise_affine=True)
        (activation_dropout_module): FairseqDropout()
        (self_attn_layer_norm): LayerNorm((768,), eps=1e-05, elementwise_affine=True)
        (encoder_attn): MultiheadAttention(
          (dropout_module): FairseqDropout()
          (k_proj): Linear(in_features=768, out_features=768, bias=True)
          (v_proj): Linear(in_features=768, out_features=768, bias=True)
          (q_proj): Linear(in_features=768, out_features=768, bias=True)
          (out_proj): Linear(in_features=768, out_features=768, bias=True)
        )
        (encoder_attn_layer_norm): LayerNorm((768,), eps=1e-05, elementwise_affine=True)
        (ffn_layernorm): LayerNorm((3072,), eps=1e-05, elementwise_affine=True)
        (fc1): Linear(in_features=768, out_features=3072, bias=True)
        (fc2): Linear(in_features=3072, out_features=768, bias=True)
        (final_layer_norm): LayerNorm((768,), eps=1e-05, elementwise_affine=True)
        (drop_path): DropPath(p=0.06000000238418579)
      )
      (4): TransformerDecoderLayer(
        (dropout_module): FairseqDropout()
        (self_attn): MultiheadAttention(
          (dropout_module): FairseqDropout()
          (k_proj): Linear(in_features=768, out_features=768, bias=True)
          (v_proj): Linear(in_features=768, out_features=768, bias=True)
          (q_proj): Linear(in_features=768, out_features=768, bias=True)
          (out_proj): Linear(in_features=768, out_features=768, bias=True)
        )
        (self_attn_ln): LayerNorm((768,), eps=1e-05, elementwise_affine=True)
        (cross_attn_ln): LayerNorm((768,), eps=1e-05, elementwise_affine=True)
        (activation_dropout_module): FairseqDropout()
        (self_attn_layer_norm): LayerNorm((768,), eps=1e-05, elementwise_affine=True)
        (encoder_attn): MultiheadAttention(
          (dropout_module): FairseqDropout()
          (k_proj): Linear(in_features=768, out_features=768, bias=True)
          (v_proj): Linear(in_features=768, out_features=768, bias=True)
          (q_proj): Linear(in_features=768, out_features=768, bias=True)
          (out_proj): Linear(in_features=768, out_features=768, bias=True)
        )
        (encoder_attn_layer_norm): LayerNorm((768,), eps=1e-05, elementwise_affine=True)
        (ffn_layernorm): LayerNorm((3072,), eps=1e-05, elementwise_affine=True)
        (fc1): Linear(in_features=768, out_features=3072, bias=True)
        (fc2): Linear(in_features=3072, out_features=768, bias=True)
        (final_layer_norm): LayerNorm((768,), eps=1e-05, elementwise_affine=True)
        (drop_path): DropPath(p=0.07999999821186066)
      )
      (5): TransformerDecoderLayer(
        (dropout_module): FairseqDropout()
        (self_attn): MultiheadAttention(
          (dropout_module): FairseqDropout()
          (k_proj): Linear(in_features=768, out_features=768, bias=True)
          (v_proj): Linear(in_features=768, out_features=768, bias=True)
          (q_proj): Linear(in_features=768, out_features=768, bias=True)
          (out_proj): Linear(in_features=768, out_features=768, bias=True)
        )
        (self_attn_ln): LayerNorm((768,), eps=1e-05, elementwise_affine=True)
        (cross_attn_ln): LayerNorm((768,), eps=1e-05, elementwise_affine=True)
        (activation_dropout_module): FairseqDropout()
        (self_attn_layer_norm): LayerNorm((768,), eps=1e-05, elementwise_affine=True)
        (encoder_attn): MultiheadAttention(
          (dropout_module): FairseqDropout()
          (k_proj): Linear(in_features=768, out_features=768, bias=True)
          (v_proj): Linear(in_features=768, out_features=768, bias=True)
          (q_proj): Linear(in_features=768, out_features=768, bias=True)
          (out_proj): Linear(in_features=768, out_features=768, bias=True)
        )
        (encoder_attn_layer_norm): LayerNorm((768,), eps=1e-05, elementwise_affine=True)
        (ffn_layernorm): LayerNorm((3072,), eps=1e-05, elementwise_affine=True)
        (fc1): Linear(in_features=768, out_features=3072, bias=True)
        (fc2): Linear(in_features=3072, out_features=768, bias=True)
        (final_layer_norm): LayerNorm((768,), eps=1e-05, elementwise_affine=True)
        (drop_path): DropPath(p=0.10000000149011612)
      )
    )
    (layer_norm): LayerNorm((768,), eps=1e-05, elementwise_affine=True)
    (output_projection): Linear(in_features=768, out_features=59457, bias=False)
    (token_rel_pos_table_list): ModuleList(
      (0): Embedding(511, 12)
      (1): Embedding(511, 12)
      (2): Embedding(511, 12)
      (3): Embedding(511, 12)
      (4): Embedding(511, 12)
      (5): Embedding(511, 12)
    )
    (image_rel_pos_table_list): ModuleList(
      (0): Embedding(6892, 12)
      (1): Embedding(6892, 12)
      (2): Embedding(6892, 12)
      (3): Embedding(6892, 12)
      (4): Embedding(6892, 12)
      (5): Embedding(6892, 12)
    )
  )
  (classification_heads): ModuleDict()
)
2023-03-27 21:43:48 - train.py[line:111] - INFO: task: RefcocoTask
2023-03-27 21:43:48 - train.py[line:112] - INFO: model: OFAModel
2023-03-27 21:43:48 - train.py[line:113] - INFO: criterion: AdjustLabelSmoothedCrossEntropyCriterion
2023-03-27 21:43:48 - train.py[line:114] - INFO: num. shared model params: 182,238,536 (num. trained: 182,238,536)
2023-03-27 21:43:48 - train.py[line:121] - INFO: num. expert model params: 0 (num. trained: 0)
local datafile ../../dataset/refcocoplus_data/refcocoplus_val.tsv slice_id 1 begin to initialize row_count and line_idx-to-offset mapping
local datafile ../../dataset/refcocoplus_data/refcocoplus_val.tsv slice_id 0 begin to initialize row_count and line_idx-to-offset mapping
local datafile ../../dataset/refcocoplus_data/refcocoplus_val.tsv slice_id 1 finished initializing row_count and line_idx-to-offset mapping
local datafile ../../dataset/refcocoplus_data/refcocoplus_val.tsv slice_id 0 finished initializing row_count and line_idx-to-offset mapping
file ../../dataset/refcocoplus_data/refcocoplus_val.tsv slice_id 1 row count 5379 total row count 10758
file ../../dataset/refcocoplus_data/refcocoplus_val.tsv slice_id 0 row count 5379 total row count 10758
2023-03-27 21:43:49 - distributed_c10d.py[line:228] - INFO: Added key: store_based_barrier_key:2 to store for rank: 0
2023-03-27 21:43:49 - distributed_c10d.py[line:262] - INFO: Rank 0: Completed store-based barrier for key:store_based_barrier_key:2 with 2 nodes.
2023-03-27 21:43:49 - trainer.py[line:123] - INFO: detected shared parameter: encoder.embed_tokens.weight <- decoder.embed_tokens.weight
2023-03-27 21:43:49 - trainer.py[line:123] - INFO: detected shared parameter: encoder.embed_tokens.weight <- decoder.output_projection.weight
2023-03-27 21:43:49 - trainer.py[line:123] - INFO: detected shared parameter: encoder.embed_images.conv1.bias <- encoder.embed_images.layer1.0.conv1.bias
2023-03-27 21:43:49 - trainer.py[line:123] - INFO: detected shared parameter: encoder.embed_images.conv1.bias <- encoder.embed_images.layer1.0.conv2.bias
2023-03-27 21:43:49 - trainer.py[line:123] - INFO: detected shared parameter: encoder.embed_images.conv1.bias <- encoder.embed_images.layer1.0.conv3.bias
2023-03-27 21:43:49 - trainer.py[line:123] - INFO: detected shared parameter: encoder.embed_images.conv1.bias <- encoder.embed_images.layer1.0.downsample.0.bias
2023-03-27 21:43:49 - trainer.py[line:123] - INFO: detected shared parameter: encoder.embed_images.conv1.bias <- encoder.embed_images.layer1.1.conv1.bias
2023-03-27 21:43:49 - trainer.py[line:123] - INFO: detected shared parameter: encoder.embed_images.conv1.bias <- encoder.embed_images.layer1.1.conv2.bias
2023-03-27 21:43:49 - trainer.py[line:123] - INFO: detected shared parameter: encoder.embed_images.conv1.bias <- encoder.embed_images.layer1.1.conv3.bias
2023-03-27 21:43:49 - trainer.py[line:123] - INFO: detected shared parameter: encoder.embed_images.conv1.bias <- encoder.embed_images.layer1.2.conv1.bias
2023-03-27 21:43:49 - trainer.py[line:123] - INFO: detected shared parameter: encoder.embed_images.conv1.bias <- encoder.embed_images.layer1.2.conv2.bias
2023-03-27 21:43:49 - trainer.py[line:123] - INFO: detected shared parameter: encoder.embed_images.conv1.bias <- encoder.embed_images.layer1.2.conv3.bias
2023-03-27 21:43:49 - trainer.py[line:123] - INFO: detected shared parameter: encoder.embed_images.conv1.bias <- encoder.embed_images.layer2.0.conv1.bias
2023-03-27 21:43:49 - trainer.py[line:123] - INFO: detected shared parameter: encoder.embed_images.conv1.bias <- encoder.embed_images.layer2.0.conv2.bias
2023-03-27 21:43:49 - trainer.py[line:123] - INFO: detected shared parameter: encoder.embed_images.conv1.bias <- encoder.embed_images.layer2.0.conv3.bias
2023-03-27 21:43:49 - trainer.py[line:123] - INFO: detected shared parameter: encoder.embed_images.conv1.bias <- encoder.embed_images.layer2.0.downsample.0.bias
2023-03-27 21:43:49 - trainer.py[line:123] - INFO: detected shared parameter: encoder.embed_images.conv1.bias <- encoder.embed_images.layer2.1.conv1.bias
2023-03-27 21:43:49 - trainer.py[line:123] - INFO: detected shared parameter: encoder.embed_images.conv1.bias <- encoder.embed_images.layer2.1.conv2.bias
2023-03-27 21:43:49 - trainer.py[line:123] - INFO: detected shared parameter: encoder.embed_images.conv1.bias <- encoder.embed_images.layer2.1.conv3.bias
2023-03-27 21:43:49 - trainer.py[line:123] - INFO: detected shared parameter: encoder.embed_images.conv1.bias <- encoder.embed_images.layer2.2.conv1.bias
2023-03-27 21:43:49 - trainer.py[line:123] - INFO: detected shared parameter: encoder.embed_images.conv1.bias <- encoder.embed_images.layer2.2.conv2.bias
2023-03-27 21:43:49 - trainer.py[line:123] - INFO: detected shared parameter: encoder.embed_images.conv1.bias <- encoder.embed_images.layer2.2.conv3.bias
2023-03-27 21:43:49 - trainer.py[line:123] - INFO: detected shared parameter: encoder.embed_images.conv1.bias <- encoder.embed_images.layer2.3.conv1.bias
2023-03-27 21:43:49 - trainer.py[line:123] - INFO: detected shared parameter: encoder.embed_images.conv1.bias <- encoder.embed_images.layer2.3.conv2.bias
2023-03-27 21:43:49 - trainer.py[line:123] - INFO: detected shared parameter: encoder.embed_images.conv1.bias <- encoder.embed_images.layer2.3.conv3.bias
2023-03-27 21:43:49 - trainer.py[line:123] - INFO: detected shared parameter: encoder.embed_images.conv1.bias <- encoder.embed_images.layer3.0.conv1.bias
2023-03-27 21:43:49 - trainer.py[line:123] - INFO: detected shared parameter: encoder.embed_images.conv1.bias <- encoder.embed_images.layer3.0.conv2.bias
2023-03-27 21:43:49 - trainer.py[line:123] - INFO: detected shared parameter: encoder.embed_images.conv1.bias <- encoder.embed_images.layer3.0.conv3.bias
2023-03-27 21:43:49 - trainer.py[line:123] - INFO: detected shared parameter: encoder.embed_images.conv1.bias <- encoder.embed_images.layer3.0.downsample.0.bias
2023-03-27 21:43:49 - trainer.py[line:123] - INFO: detected shared parameter: encoder.embed_images.conv1.bias <- encoder.embed_images.layer3.1.conv1.bias
2023-03-27 21:43:49 - trainer.py[line:123] - INFO: detected shared parameter: encoder.embed_images.conv1.bias <- encoder.embed_images.layer3.1.conv2.bias
2023-03-27 21:43:49 - trainer.py[line:123] - INFO: detected shared parameter: encoder.embed_images.conv1.bias <- encoder.embed_images.layer3.1.conv3.bias
2023-03-27 21:43:49 - trainer.py[line:123] - INFO: detected shared parameter: encoder.embed_images.conv1.bias <- encoder.embed_images.layer3.2.conv1.bias
2023-03-27 21:43:49 - trainer.py[line:123] - INFO: detected shared parameter: encoder.embed_images.conv1.bias <- encoder.embed_images.layer3.2.conv2.bias
2023-03-27 21:43:49 - trainer.py[line:123] - INFO: detected shared parameter: encoder.embed_images.conv1.bias <- encoder.embed_images.layer3.2.conv3.bias
2023-03-27 21:43:49 - trainer.py[line:123] - INFO: detected shared parameter: encoder.embed_images.conv1.bias <- encoder.embed_images.layer3.3.conv1.bias
2023-03-27 21:43:49 - trainer.py[line:123] - INFO: detected shared parameter: encoder.embed_images.conv1.bias <- encoder.embed_images.layer3.3.conv2.bias
2023-03-27 21:43:49 - trainer.py[line:123] - INFO: detected shared parameter: encoder.embed_images.conv1.bias <- encoder.embed_images.layer3.3.conv3.bias
2023-03-27 21:43:49 - trainer.py[line:123] - INFO: detected shared parameter: encoder.embed_images.conv1.bias <- encoder.embed_images.layer3.4.conv1.bias
2023-03-27 21:43:49 - trainer.py[line:123] - INFO: detected shared parameter: encoder.embed_images.conv1.bias <- encoder.embed_images.layer3.4.conv2.bias
2023-03-27 21:43:49 - trainer.py[line:123] - INFO: detected shared parameter: encoder.embed_images.conv1.bias <- encoder.embed_images.layer3.4.conv3.bias
2023-03-27 21:43:49 - trainer.py[line:123] - INFO: detected shared parameter: encoder.embed_images.conv1.bias <- encoder.embed_images.layer3.5.conv1.bias
2023-03-27 21:43:49 - trainer.py[line:123] - INFO: detected shared parameter: encoder.embed_images.conv1.bias <- encoder.embed_images.layer3.5.conv2.bias
2023-03-27 21:43:49 - trainer.py[line:123] - INFO: detected shared parameter: encoder.embed_images.conv1.bias <- encoder.embed_images.layer3.5.conv3.bias
2023-03-27 21:43:49 - trainer.py[line:123] - INFO: detected shared parameter: encoder.embed_images.conv1.bias <- encoder.embed_images.layer3.6.conv1.bias
2023-03-27 21:43:49 - trainer.py[line:123] - INFO: detected shared parameter: encoder.embed_images.conv1.bias <- encoder.embed_images.layer3.6.conv2.bias
2023-03-27 21:43:49 - trainer.py[line:123] - INFO: detected shared parameter: encoder.embed_images.conv1.bias <- encoder.embed_images.layer3.6.conv3.bias
2023-03-27 21:43:49 - trainer.py[line:123] - INFO: detected shared parameter: encoder.embed_images.conv1.bias <- encoder.embed_images.layer3.7.conv1.bias
2023-03-27 21:43:49 - trainer.py[line:123] - INFO: detected shared parameter: encoder.embed_images.conv1.bias <- encoder.embed_images.layer3.7.conv2.bias
2023-03-27 21:43:49 - trainer.py[line:123] - INFO: detected shared parameter: encoder.embed_images.conv1.bias <- encoder.embed_images.layer3.7.conv3.bias
2023-03-27 21:43:49 - trainer.py[line:123] - INFO: detected shared parameter: encoder.embed_images.conv1.bias <- encoder.embed_images.layer3.8.conv1.bias
2023-03-27 21:43:49 - trainer.py[line:123] - INFO: detected shared parameter: encoder.embed_images.conv1.bias <- encoder.embed_images.layer3.8.conv2.bias
2023-03-27 21:43:49 - trainer.py[line:123] - INFO: detected shared parameter: encoder.embed_images.conv1.bias <- encoder.embed_images.layer3.8.conv3.bias
2023-03-27 21:43:49 - trainer.py[line:123] - INFO: detected shared parameter: encoder.embed_images.conv1.bias <- encoder.embed_images.layer3.9.conv1.bias
2023-03-27 21:43:49 - trainer.py[line:123] - INFO: detected shared parameter: encoder.embed_images.conv1.bias <- encoder.embed_images.layer3.9.conv2.bias
2023-03-27 21:43:49 - trainer.py[line:123] - INFO: detected shared parameter: encoder.embed_images.conv1.bias <- encoder.embed_images.layer3.9.conv3.bias
2023-03-27 21:43:49 - trainer.py[line:123] - INFO: detected shared parameter: encoder.embed_images.conv1.bias <- encoder.embed_images.layer3.10.conv1.bias
2023-03-27 21:43:49 - trainer.py[line:123] - INFO: detected shared parameter: encoder.embed_images.conv1.bias <- encoder.embed_images.layer3.10.conv2.bias
2023-03-27 21:43:49 - trainer.py[line:123] - INFO: detected shared parameter: encoder.embed_images.conv1.bias <- encoder.embed_images.layer3.10.conv3.bias
2023-03-27 21:43:49 - trainer.py[line:123] - INFO: detected shared parameter: encoder.embed_images.conv1.bias <- encoder.embed_images.layer3.11.conv1.bias
2023-03-27 21:43:49 - trainer.py[line:123] - INFO: detected shared parameter: encoder.embed_images.conv1.bias <- encoder.embed_images.layer3.11.conv2.bias
2023-03-27 21:43:49 - trainer.py[line:123] - INFO: detected shared parameter: encoder.embed_images.conv1.bias <- encoder.embed_images.layer3.11.conv3.bias
2023-03-27 21:43:49 - trainer.py[line:123] - INFO: detected shared parameter: encoder.embed_images.conv1.bias <- encoder.embed_images.layer3.12.conv1.bias
2023-03-27 21:43:49 - trainer.py[line:123] - INFO: detected shared parameter: encoder.embed_images.conv1.bias <- encoder.embed_images.layer3.12.conv2.bias
2023-03-27 21:43:49 - trainer.py[line:123] - INFO: detected shared parameter: encoder.embed_images.conv1.bias <- encoder.embed_images.layer3.12.conv3.bias
2023-03-27 21:43:49 - trainer.py[line:123] - INFO: detected shared parameter: encoder.embed_images.conv1.bias <- encoder.embed_images.layer3.13.conv1.bias
2023-03-27 21:43:49 - trainer.py[line:123] - INFO: detected shared parameter: encoder.embed_images.conv1.bias <- encoder.embed_images.layer3.13.conv2.bias
2023-03-27 21:43:49 - trainer.py[line:123] - INFO: detected shared parameter: encoder.embed_images.conv1.bias <- encoder.embed_images.layer3.13.conv3.bias
2023-03-27 21:43:49 - trainer.py[line:123] - INFO: detected shared parameter: encoder.embed_images.conv1.bias <- encoder.embed_images.layer3.14.conv1.bias
2023-03-27 21:43:49 - trainer.py[line:123] - INFO: detected shared parameter: encoder.embed_images.conv1.bias <- encoder.embed_images.layer3.14.conv2.bias
2023-03-27 21:43:49 - trainer.py[line:123] - INFO: detected shared parameter: encoder.embed_images.conv1.bias <- encoder.embed_images.layer3.14.conv3.bias
2023-03-27 21:43:49 - trainer.py[line:123] - INFO: detected shared parameter: encoder.embed_images.conv1.bias <- encoder.embed_images.layer3.15.conv1.bias
2023-03-27 21:43:49 - trainer.py[line:123] - INFO: detected shared parameter: encoder.embed_images.conv1.bias <- encoder.embed_images.layer3.15.conv2.bias
2023-03-27 21:43:49 - trainer.py[line:123] - INFO: detected shared parameter: encoder.embed_images.conv1.bias <- encoder.embed_images.layer3.15.conv3.bias
2023-03-27 21:43:49 - trainer.py[line:123] - INFO: detected shared parameter: encoder.embed_images.conv1.bias <- encoder.embed_images.layer3.16.conv1.bias
2023-03-27 21:43:49 - trainer.py[line:123] - INFO: detected shared parameter: encoder.embed_images.conv1.bias <- encoder.embed_images.layer3.16.conv2.bias
2023-03-27 21:43:49 - trainer.py[line:123] - INFO: detected shared parameter: encoder.embed_images.conv1.bias <- encoder.embed_images.layer3.16.conv3.bias
2023-03-27 21:43:49 - trainer.py[line:123] - INFO: detected shared parameter: encoder.embed_images.conv1.bias <- encoder.embed_images.layer3.17.conv1.bias
2023-03-27 21:43:49 - trainer.py[line:123] - INFO: detected shared parameter: encoder.embed_images.conv1.bias <- encoder.embed_images.layer3.17.conv2.bias
2023-03-27 21:43:49 - trainer.py[line:123] - INFO: detected shared parameter: encoder.embed_images.conv1.bias <- encoder.embed_images.layer3.17.conv3.bias
2023-03-27 21:43:49 - trainer.py[line:123] - INFO: detected shared parameter: encoder.embed_images.conv1.bias <- encoder.embed_images.layer3.18.conv1.bias
2023-03-27 21:43:49 - trainer.py[line:123] - INFO: detected shared parameter: encoder.embed_images.conv1.bias <- encoder.embed_images.layer3.18.conv2.bias
2023-03-27 21:43:49 - trainer.py[line:123] - INFO: detected shared parameter: encoder.embed_images.conv1.bias <- encoder.embed_images.layer3.18.conv3.bias
2023-03-27 21:43:49 - trainer.py[line:123] - INFO: detected shared parameter: encoder.embed_images.conv1.bias <- encoder.embed_images.layer3.19.conv1.bias
2023-03-27 21:43:49 - trainer.py[line:123] - INFO: detected shared parameter: encoder.embed_images.conv1.bias <- encoder.embed_images.layer3.19.conv2.bias
2023-03-27 21:43:49 - trainer.py[line:123] - INFO: detected shared parameter: encoder.embed_images.conv1.bias <- encoder.embed_images.layer3.19.conv3.bias
2023-03-27 21:43:49 - trainer.py[line:123] - INFO: detected shared parameter: encoder.embed_images.conv1.bias <- encoder.embed_images.layer3.20.conv1.bias
2023-03-27 21:43:49 - trainer.py[line:123] - INFO: detected shared parameter: encoder.embed_images.conv1.bias <- encoder.embed_images.layer3.20.conv2.bias
2023-03-27 21:43:49 - trainer.py[line:123] - INFO: detected shared parameter: encoder.embed_images.conv1.bias <- encoder.embed_images.layer3.20.conv3.bias
2023-03-27 21:43:49 - trainer.py[line:123] - INFO: detected shared parameter: encoder.embed_images.conv1.bias <- encoder.embed_images.layer3.21.conv1.bias
2023-03-27 21:43:49 - trainer.py[line:123] - INFO: detected shared parameter: encoder.embed_images.conv1.bias <- encoder.embed_images.layer3.21.conv2.bias
2023-03-27 21:43:49 - trainer.py[line:123] - INFO: detected shared parameter: encoder.embed_images.conv1.bias <- encoder.embed_images.layer3.21.conv3.bias
2023-03-27 21:43:49 - trainer.py[line:123] - INFO: detected shared parameter: encoder.embed_images.conv1.bias <- encoder.embed_images.layer3.22.conv1.bias
2023-03-27 21:43:49 - trainer.py[line:123] - INFO: detected shared parameter: encoder.embed_images.conv1.bias <- encoder.embed_images.layer3.22.conv2.bias
2023-03-27 21:43:49 - trainer.py[line:123] - INFO: detected shared parameter: encoder.embed_images.conv1.bias <- encoder.embed_images.layer3.22.conv3.bias
2023-03-27 21:43:49 - trainer.py[line:123] - INFO: detected shared parameter: encoder.embed_images.conv1.bias <- decoder.output_projection.bias
2023-03-27 21:43:49 - utils.py[line:759] - INFO: ***********************CUDA enviroments for all 2 workers***********************
2023-03-27 21:43:49 - utils.py[line:761] - INFO: rank   0: capabilities =  7.0  ; total memory = 15.782 GB ; name = Tesla V100-PCIE-16GB                    
2023-03-27 21:43:49 - utils.py[line:761] - INFO: rank   1: capabilities =  7.0  ; total memory = 15.782 GB ; name = Tesla V100-PCIE-16GB                    
2023-03-27 21:43:49 - utils.py[line:767] - INFO: ***********************CUDA enviroments for all 2 workers***********************
2023-03-27 21:43:49 - train.py[line:152] - INFO: training on 2 devices (GPUs/TPUs)
2023-03-27 21:43:49 - train.py[line:157] - INFO: max tokens per device = None and max sentences per device = 4
2023-03-27 21:43:49 - trainer.py[line:458] - INFO: Preparing to load checkpoint ../../run_scripts/pretraining/checkpoints_from_scratch/checkpoint_last.pt
2023-03-27 21:43:59 - trainer.py[line:617] - INFO: Loaded checkpoint ../../run_scripts/pretraining/checkpoints_from_scratch/checkpoint_last.pt (epoch 6 @ 0 updates)
2023-03-27 21:43:59 - trainer.py[line:639] - INFO: loading train data for epoch 1
local datafile ../../dataset/refcocoplus_data/refcocoplus_train.tsv slice_id 0 begin to initialize row_count and line_idx-to-offset mapping
local datafile ../../dataset/refcocoplus_data/refcocoplus_train.tsv slice_id 1 begin to initialize row_count and line_idx-to-offset mapping
local datafile ../../dataset/refcocoplus_data/refcocoplus_train.tsv slice_id 0 finished initializing row_count and line_idx-to-offset mapping
local datafile ../../dataset/refcocoplus_data/refcocoplus_train.tsv slice_id 1 finished initializing row_count and line_idx-to-offset mapping
file ../../dataset/refcocoplus_data/refcocoplus_train.tsv slice_id 0 row count 60096 total row count 120191
file ../../dataset/refcocoplus_data/refcocoplus_train.tsv slice_id 1 row count 60095 total row count 120191
/home/mogunleye/miniconda3/envs/ofa1/lib/python3.9/site-packages/torchvision/transforms/functional.py:423: UserWarning: Argument interpolation should be of type InterpolationMode instead of int. Please, use InterpolationMode enum.
  warnings.warn(
/home/mogunleye/miniconda3/envs/ofa1/lib/python3.9/site-packages/torchvision/transforms/functional.py:423: UserWarning: Argument interpolation should be of type InterpolationMode instead of int. Please, use InterpolationMode enum.
  warnings.warn(
slice_id 0 seek offset 0
Total steps 18780, warmup steps 1126, warmup_factor 0.0008880994671403197
slice_id 1 seek offset 60096
Total steps 18780, warmup steps 1126, warmup_factor 0.0008880994671403197
2023-03-27 21:44:16 - trainer.py[line:703] - INFO: begin training epoch 1
2023-03-27 21:44:16 - train.py[line:305] - INFO: Start iterating over samples
2023-03-27 21:44:24 - trainer.py[line:921] - INFO: NOTE: gradient overflow detected, ignoring gradient, setting loss scale to: 64.0
2023-03-27 21:45:06 - progress_bar.py[line:272] - INFO: epoch 001:     11 / 1878 loss=10.899, loss_v1=0, loss_v2=0, nll_loss=9.355, ntokens=320, nsentences=64, sample_size=320, sample_size_v1=0, sample_size_v2=0, ppl=654.62, wps=78, ups=0.24, wpb=320, bsz=64, num_updates=10, lr=4.4405e-07, gnorm=7.713, clip=100, loss_scale=64, train_wall=48, gb_free=7.4, wall=76
2023-03-27 21:45:47 - progress_bar.py[line:272] - INFO: epoch 001:     21 / 1878 loss=10.68, loss_v1=0, loss_v2=0, nll_loss=9.12, ntokens=320, nsentences=64, sample_size=320, sample_size_v1=0, sample_size_v2=0, ppl=556.22, wps=78.2, ups=0.24, wpb=320, bsz=64, num_updates=20, lr=8.88099e-07, gnorm=7.443, clip=100, loss_scale=64, train_wall=41, gb_free=7.5, wall=117
2023-03-27 21:46:28 - progress_bar.py[line:272] - INFO: epoch 001:     31 / 1878 loss=10.627, loss_v1=0, loss_v2=0, nll_loss=9.066, ntokens=320, nsentences=64, sample_size=320, sample_size_v1=0, sample_size_v2=0, ppl=535.8, wps=77.8, ups=0.24, wpb=320, bsz=64, num_updates=30, lr=1.33215e-06, gnorm=7.506, clip=100, loss_scale=64, train_wall=41, gb_free=7.4, wall=158
2023-03-27 21:47:09 - progress_bar.py[line:272] - INFO: epoch 001:     41 / 1878 loss=10.424, loss_v1=0, loss_v2=0, nll_loss=8.861, ntokens=320, nsentences=64, sample_size=320, sample_size_v1=0, sample_size_v2=0, ppl=464.87, wps=77.9, ups=0.24, wpb=320, bsz=64, num_updates=40, lr=1.7762e-06, gnorm=7.43, clip=100, loss_scale=64, train_wall=41, gb_free=7.4, wall=199
2023-03-27 21:47:50 - progress_bar.py[line:272] - INFO: epoch 001:     51 / 1878 loss=10.714, loss_v1=0, loss_v2=0, nll_loss=9.219, ntokens=320, nsentences=64, sample_size=320, sample_size_v1=0, sample_size_v2=0, ppl=596.07, wps=77.6, ups=0.24, wpb=320, bsz=64, num_updates=50, lr=2.22025e-06, gnorm=7.654, clip=100, loss_scale=64, train_wall=41, gb_free=7.4, wall=241
2023-03-27 21:48:31 - progress_bar.py[line:272] - INFO: epoch 001:     61 / 1878 loss=10.521, loss_v1=0, loss_v2=0, nll_loss=9.048, ntokens=320, nsentences=64, sample_size=320, sample_size_v1=0, sample_size_v2=0, ppl=529.22, wps=77.8, ups=0.24, wpb=320, bsz=64, num_updates=60, lr=2.6643e-06, gnorm=7.745, clip=100, loss_scale=64, train_wall=41, gb_free=7.4, wall=282
2023-03-27 21:49:12 - progress_bar.py[line:272] - INFO: epoch 001:     71 / 1878 loss=10.282, loss_v1=0, loss_v2=0, nll_loss=8.81, ntokens=320, nsentences=64, sample_size=320, sample_size_v1=0, sample_size_v2=0, ppl=448.94, wps=77.9, ups=0.24, wpb=320, bsz=64, num_updates=70, lr=3.10835e-06, gnorm=7.311, clip=100, loss_scale=64, train_wall=41, gb_free=7.4, wall=323
2023-03-27 21:49:54 - progress_bar.py[line:272] - INFO: epoch 001:     81 / 1878 loss=10.094, loss_v1=0, loss_v2=0, nll_loss=8.66, ntokens=320, nsentences=64, sample_size=320, sample_size_v1=0, sample_size_v2=0, ppl=404.36, wps=77.4, ups=0.24, wpb=320, bsz=64, num_updates=80, lr=3.5524e-06, gnorm=7.176, clip=100, loss_scale=64, train_wall=41, gb_free=7.4, wall=364
2023-03-27 21:50:35 - progress_bar.py[line:272] - INFO: epoch 001:     91 / 1878 loss=9.88, loss_v1=0, loss_v2=0, nll_loss=8.477, ntokens=320, nsentences=64, sample_size=320, sample_size_v1=0, sample_size_v2=0, ppl=356.34, wps=77.1, ups=0.24, wpb=320, bsz=64, num_updates=90, lr=3.99645e-06, gnorm=7.042, clip=100, loss_scale=64, train_wall=41, gb_free=7.4, wall=406
2023-03-27 21:51:16 - progress_bar.py[line:272] - INFO: epoch 001:    101 / 1878 loss=9.758, loss_v1=0, loss_v2=0, nll_loss=8.417, ntokens=320, nsentences=64, sample_size=320, sample_size_v1=0, sample_size_v2=0, ppl=341.69, wps=77.8, ups=0.24, wpb=320, bsz=64, num_updates=100, lr=4.4405e-06, gnorm=7, clip=100, loss_scale=64, train_wall=41, gb_free=7.4, wall=447
2023-03-27 21:51:57 - progress_bar.py[line:272] - INFO: epoch 001:    111 / 1878 loss=9.576, loss_v1=0, loss_v2=0, nll_loss=8.31, ntokens=320, nsentences=64, sample_size=320, sample_size_v1=0, sample_size_v2=0, ppl=317.31, wps=77.8, ups=0.24, wpb=320, bsz=64, num_updates=110, lr=4.88455e-06, gnorm=7.184, clip=100, loss_scale=64, train_wall=41, gb_free=7.4, wall=488
2023-03-27 21:52:38 - progress_bar.py[line:272] - INFO: epoch 001:    121 / 1878 loss=9.259, loss_v1=0, loss_v2=0, nll_loss=8.026, ntokens=320, nsentences=64, sample_size=320, sample_size_v1=0, sample_size_v2=0, ppl=260.75, wps=78.2, ups=0.24, wpb=320, bsz=64, num_updates=120, lr=5.3286e-06, gnorm=6.964, clip=100, loss_scale=64, train_wall=41, gb_free=7.4, wall=529
2023-03-27 21:53:19 - progress_bar.py[line:272] - INFO: epoch 001:    131 / 1878 loss=9.026, loss_v1=0, loss_v2=0, nll_loss=7.856, ntokens=320, nsentences=64, sample_size=320, sample_size_v1=0, sample_size_v2=0, ppl=231.64, wps=78.1, ups=0.24, wpb=320, bsz=64, num_updates=130, lr=5.77265e-06, gnorm=6.798, clip=100, loss_scale=64, train_wall=41, gb_free=7.4, wall=570
2023-03-27 21:54:00 - progress_bar.py[line:272] - INFO: epoch 001:    141 / 1878 loss=8.833, loss_v1=0, loss_v2=0, nll_loss=7.75, ntokens=320, nsentences=64, sample_size=320, sample_size_v1=0, sample_size_v2=0, ppl=215.32, wps=78.4, ups=0.25, wpb=320, bsz=64, num_updates=140, lr=6.2167e-06, gnorm=6.74, clip=100, loss_scale=64, train_wall=41, gb_free=7.4, wall=611
2023-03-27 21:54:41 - progress_bar.py[line:272] - INFO: epoch 001:    151 / 1878 loss=8.484, loss_v1=0, loss_v2=0, nll_loss=7.446, ntokens=320, nsentences=64, sample_size=320, sample_size_v1=0, sample_size_v2=0, ppl=174.35, wps=78.1, ups=0.24, wpb=320, bsz=64, num_updates=150, lr=6.66075e-06, gnorm=6.403, clip=100, loss_scale=64, train_wall=41, gb_free=7.4, wall=652
2023-03-27 21:55:22 - progress_bar.py[line:272] - INFO: epoch 001:    161 / 1878 loss=8.313, loss_v1=0, loss_v2=0, nll_loss=7.351, ntokens=320, nsentences=64, sample_size=320, sample_size_v1=0, sample_size_v2=0, ppl=163.3, wps=78, ups=0.24, wpb=320, bsz=64, num_updates=160, lr=7.1048e-06, gnorm=6.132, clip=100, loss_scale=64, train_wall=41, gb_free=7.4, wall=693
2023-03-27 21:56:03 - progress_bar.py[line:272] - INFO: epoch 001:    171 / 1878 loss=7.977, loss_v1=0, loss_v2=0, nll_loss=7.039, ntokens=320, nsentences=64, sample_size=320, sample_size_v1=0, sample_size_v2=0, ppl=131.48, wps=78.2, ups=0.24, wpb=320, bsz=64, num_updates=170, lr=7.54885e-06, gnorm=5.414, clip=100, loss_scale=64, train_wall=41, gb_free=7.4, wall=733
2023-03-27 21:56:44 - progress_bar.py[line:272] - INFO: epoch 001:    181 / 1878 loss=7.831, loss_v1=0, loss_v2=0, nll_loss=6.957, ntokens=320, nsentences=64, sample_size=320, sample_size_v1=0, sample_size_v2=0, ppl=124.23, wps=78.1, ups=0.24, wpb=320, bsz=64, num_updates=180, lr=7.9929e-06, gnorm=4.962, clip=100, loss_scale=64, train_wall=41, gb_free=7.4, wall=774
2023-03-27 21:57:25 - progress_bar.py[line:272] - INFO: epoch 001:    191 / 1878 loss=7.635, loss_v1=0, loss_v2=0, nll_loss=6.798, ntokens=320, nsentences=64, sample_size=320, sample_size_v1=0, sample_size_v2=0, ppl=111.29, wps=78.2, ups=0.24, wpb=320, bsz=64, num_updates=190, lr=8.43694e-06, gnorm=4.259, clip=100, loss_scale=64, train_wall=41, gb_free=7.4, wall=815
2023-03-27 21:58:06 - progress_bar.py[line:272] - INFO: epoch 001:    201 / 1878 loss=7.361, loss_v1=0, loss_v2=0, nll_loss=6.541, ntokens=320, nsentences=64, sample_size=320, sample_size_v1=0, sample_size_v2=0, ppl=93.13, wps=77.8, ups=0.24, wpb=320, bsz=64, num_updates=200, lr=8.88099e-06, gnorm=3.433, clip=100, loss_scale=64, train_wall=41, gb_free=7.4, wall=857
2023-03-27 21:58:47 - progress_bar.py[line:272] - INFO: epoch 001:    211 / 1878 loss=7.265, loss_v1=0, loss_v2=0, nll_loss=6.486, ntokens=320, nsentences=64, sample_size=320, sample_size_v1=0, sample_size_v2=0, ppl=89.64, wps=78.1, ups=0.24, wpb=320, bsz=64, num_updates=210, lr=9.32504e-06, gnorm=3.011, clip=100, loss_scale=64, train_wall=41, gb_free=7.4, wall=897
2023-03-27 21:59:28 - progress_bar.py[line:272] - INFO: epoch 001:    221 / 1878 loss=7.169, loss_v1=0, loss_v2=0, nll_loss=6.414, ntokens=320, nsentences=64, sample_size=320, sample_size_v1=0, sample_size_v2=0, ppl=85.25, wps=77.8, ups=0.24, wpb=320, bsz=64, num_updates=220, lr=9.76909e-06, gnorm=2.905, clip=100, loss_scale=64, train_wall=41, gb_free=7.4, wall=939
2023-03-27 22:00:09 - progress_bar.py[line:272] - INFO: epoch 001:    231 / 1878 loss=7.166, loss_v1=0, loss_v2=0, nll_loss=6.457, ntokens=320, nsentences=64, sample_size=320, sample_size_v1=0, sample_size_v2=0, ppl=87.86, wps=78, ups=0.24, wpb=320, bsz=64, num_updates=230, lr=1.02131e-05, gnorm=2.818, clip=100, loss_scale=64, train_wall=41, gb_free=7.4, wall=980
2023-03-27 22:00:50 - progress_bar.py[line:272] - INFO: epoch 001:    241 / 1878 loss=7.044, loss_v1=0, loss_v2=0, nll_loss=6.338, ntokens=320, nsentences=64, sample_size=320, sample_size_v1=0, sample_size_v2=0, ppl=80.89, wps=77.9, ups=0.24, wpb=320, bsz=64, num_updates=240, lr=1.06572e-05, gnorm=2.694, clip=100, loss_scale=64, train_wall=41, gb_free=7.4, wall=1021
2023-03-27 22:01:31 - progress_bar.py[line:272] - INFO: epoch 001:    251 / 1878 loss=7.067, loss_v1=0, loss_v2=0, nll_loss=6.377, ntokens=320, nsentences=64, sample_size=320, sample_size_v1=0, sample_size_v2=0, ppl=83.09, wps=77.9, ups=0.24, wpb=320, bsz=64, num_updates=250, lr=1.11012e-05, gnorm=2.642, clip=100, loss_scale=64, train_wall=41, gb_free=7.4, wall=1062
2023-03-27 22:02:12 - progress_bar.py[line:272] - INFO: epoch 001:    261 / 1878 loss=6.99, loss_v1=0, loss_v2=0, nll_loss=6.304, ntokens=320, nsentences=64, sample_size=320, sample_size_v1=0, sample_size_v2=0, ppl=79.01, wps=78, ups=0.24, wpb=320, bsz=64, num_updates=260, lr=1.15453e-05, gnorm=2.616, clip=100, loss_scale=64, train_wall=41, gb_free=7.4, wall=1103
2023-03-27 22:02:53 - progress_bar.py[line:272] - INFO: epoch 001:    271 / 1878 loss=6.947, loss_v1=0, loss_v2=0, nll_loss=6.262, ntokens=320, nsentences=64, sample_size=320, sample_size_v1=0, sample_size_v2=0, ppl=76.73, wps=78.2, ups=0.24, wpb=320, bsz=64, num_updates=270, lr=1.19893e-05, gnorm=2.575, clip=100, loss_scale=64, train_wall=41, gb_free=7.4, wall=1144
2023-03-27 22:03:34 - progress_bar.py[line:272] - INFO: epoch 001:    281 / 1878 loss=6.884, loss_v1=0, loss_v2=0, nll_loss=6.193, ntokens=320, nsentences=64, sample_size=320, sample_size_v1=0, sample_size_v2=0, ppl=73.17, wps=78.1, ups=0.24, wpb=320, bsz=64, num_updates=280, lr=1.24334e-05, gnorm=2.586, clip=100, loss_scale=64, train_wall=41, gb_free=7.4, wall=1185
2023-03-27 22:04:15 - progress_bar.py[line:272] - INFO: epoch 001:    291 / 1878 loss=6.842, loss_v1=0, loss_v2=0, nll_loss=6.148, ntokens=320, nsentences=64, sample_size=320, sample_size_v1=0, sample_size_v2=0, ppl=70.91, wps=77.8, ups=0.24, wpb=320, bsz=64, num_updates=290, lr=1.28774e-05, gnorm=2.6, clip=100, loss_scale=64, train_wall=41, gb_free=7.4, wall=1226
2023-03-27 22:04:56 - progress_bar.py[line:272] - INFO: epoch 001:    301 / 1878 loss=6.813, loss_v1=0, loss_v2=0, nll_loss=6.12, ntokens=320, nsentences=64, sample_size=320, sample_size_v1=0, sample_size_v2=0, ppl=69.56, wps=77.9, ups=0.24, wpb=320, bsz=64, num_updates=300, lr=1.33215e-05, gnorm=2.496, clip=100, loss_scale=64, train_wall=41, gb_free=7.4, wall=1267
2023-03-27 22:05:37 - progress_bar.py[line:272] - INFO: epoch 001:    311 / 1878 loss=6.869, loss_v1=0, loss_v2=0, nll_loss=6.187, ntokens=320, nsentences=64, sample_size=320, sample_size_v1=0, sample_size_v2=0, ppl=72.85, wps=78, ups=0.24, wpb=320, bsz=64, num_updates=310, lr=1.37655e-05, gnorm=2.538, clip=100, loss_scale=64, train_wall=41, gb_free=7.4, wall=1308
2023-03-27 22:06:18 - progress_bar.py[line:272] - INFO: epoch 001:    321 / 1878 loss=6.812, loss_v1=0, loss_v2=0, nll_loss=6.127, ntokens=320, nsentences=64, sample_size=320, sample_size_v1=0, sample_size_v2=0, ppl=69.91, wps=78.4, ups=0.25, wpb=320, bsz=64, num_updates=320, lr=1.42096e-05, gnorm=2.573, clip=100, loss_scale=64, train_wall=41, gb_free=7.4, wall=1349
2023-03-27 22:06:59 - progress_bar.py[line:272] - INFO: epoch 001:    331 / 1878 loss=6.728, loss_v1=0, loss_v2=0, nll_loss=6.032, ntokens=320, nsentences=64, sample_size=320, sample_size_v1=0, sample_size_v2=0, ppl=65.45, wps=78.2, ups=0.24, wpb=320, bsz=64, num_updates=330, lr=1.46536e-05, gnorm=2.528, clip=100, loss_scale=64, train_wall=41, gb_free=7.4, wall=1390
2023-03-27 22:07:40 - progress_bar.py[line:272] - INFO: epoch 001:    341 / 1878 loss=6.658, loss_v1=0, loss_v2=0, nll_loss=5.952, ntokens=320, nsentences=64, sample_size=320, sample_size_v1=0, sample_size_v2=0, ppl=61.92, wps=78.1, ups=0.24, wpb=320, bsz=64, num_updates=340, lr=1.50977e-05, gnorm=2.537, clip=100, loss_scale=64, train_wall=41, gb_free=7.4, wall=1431
2023-03-27 22:08:21 - progress_bar.py[line:272] - INFO: epoch 001:    351 / 1878 loss=6.604, loss_v1=0, loss_v2=0, nll_loss=5.893, ntokens=320, nsentences=64, sample_size=320, sample_size_v1=0, sample_size_v2=0, ppl=59.44, wps=78, ups=0.24, wpb=320, bsz=64, num_updates=350, lr=1.55417e-05, gnorm=2.549, clip=100, loss_scale=64, train_wall=41, gb_free=7.4, wall=1472
2023-03-27 22:09:02 - progress_bar.py[line:272] - INFO: epoch 001:    361 / 1878 loss=6.546, loss_v1=0, loss_v2=0, nll_loss=5.834, ntokens=320, nsentences=64, sample_size=320, sample_size_v1=0, sample_size_v2=0, ppl=57.06, wps=78.2, ups=0.24, wpb=320, bsz=64, num_updates=360, lr=1.59858e-05, gnorm=2.6, clip=100, loss_scale=64, train_wall=41, gb_free=7.4, wall=1513
2023-03-27 22:09:43 - progress_bar.py[line:272] - INFO: epoch 001:    371 / 1878 loss=6.541, loss_v1=0, loss_v2=0, nll_loss=5.824, ntokens=320, nsentences=64, sample_size=320, sample_size_v1=0, sample_size_v2=0, ppl=56.67, wps=77.9, ups=0.24, wpb=320, bsz=64, num_updates=370, lr=1.64298e-05, gnorm=2.915, clip=100, loss_scale=64, train_wall=41, gb_free=7.4, wall=1554
2023-03-27 22:10:24 - progress_bar.py[line:272] - INFO: epoch 001:    381 / 1878 loss=6.399, loss_v1=0, loss_v2=0, nll_loss=5.673, ntokens=320, nsentences=64, sample_size=320, sample_size_v1=0, sample_size_v2=0, ppl=51.04, wps=78.4, ups=0.24, wpb=320, bsz=64, num_updates=380, lr=1.68739e-05, gnorm=2.417, clip=100, loss_scale=64, train_wall=41, gb_free=7.4, wall=1595
2023-03-27 22:11:05 - progress_bar.py[line:272] - INFO: epoch 001:    391 / 1878 loss=6.351, loss_v1=0, loss_v2=0, nll_loss=5.621, ntokens=320, nsentences=64, sample_size=320, sample_size_v1=0, sample_size_v2=0, ppl=49.21, wps=78.4, ups=0.25, wpb=320, bsz=64, num_updates=390, lr=1.73179e-05, gnorm=2.477, clip=100, loss_scale=64, train_wall=41, gb_free=7.4, wall=1635
2023-03-27 22:11:46 - progress_bar.py[line:272] - INFO: epoch 001:    401 / 1878 loss=6.257, loss_v1=0, loss_v2=0, nll_loss=5.515, ntokens=320, nsentences=64, sample_size=320, sample_size_v1=0, sample_size_v2=0, ppl=45.72, wps=78.2, ups=0.24, wpb=320, bsz=64, num_updates=400, lr=1.7762e-05, gnorm=2.362, clip=100, loss_scale=64, train_wall=41, gb_free=7.4, wall=1676
2023-03-27 22:12:27 - progress_bar.py[line:272] - INFO: epoch 001:    411 / 1878 loss=6.155, loss_v1=0, loss_v2=0, nll_loss=5.387, ntokens=320, nsentences=64, sample_size=320, sample_size_v1=0, sample_size_v2=0, ppl=41.86, wps=78.3, ups=0.24, wpb=320, bsz=64, num_updates=410, lr=1.8206e-05, gnorm=2.299, clip=100, loss_scale=64, train_wall=41, gb_free=7.4, wall=1717
2023-03-27 22:13:08 - progress_bar.py[line:272] - INFO: epoch 001:    421 / 1878 loss=6.076, loss_v1=0, loss_v2=0, nll_loss=5.308, ntokens=320, nsentences=64, sample_size=320, sample_size_v1=0, sample_size_v2=0, ppl=39.61, wps=77.9, ups=0.24, wpb=320, bsz=64, num_updates=420, lr=1.86501e-05, gnorm=2.327, clip=100, loss_scale=64, train_wall=41, gb_free=7.4, wall=1758
2023-03-27 22:13:49 - progress_bar.py[line:272] - INFO: epoch 001:    431 / 1878 loss=6.007, loss_v1=0, loss_v2=0, nll_loss=5.218, ntokens=320, nsentences=64, sample_size=320, sample_size_v1=0, sample_size_v2=0, ppl=37.21, wps=78, ups=0.24, wpb=320, bsz=64, num_updates=430, lr=1.90941e-05, gnorm=2.257, clip=100, loss_scale=64, train_wall=41, gb_free=7.4, wall=1799
2023-03-27 22:14:30 - progress_bar.py[line:272] - INFO: epoch 001:    441 / 1878 loss=5.96, loss_v1=0, loss_v2=0, nll_loss=5.17, ntokens=320, nsentences=64, sample_size=320, sample_size_v1=0, sample_size_v2=0, ppl=35.99, wps=77.9, ups=0.24, wpb=320, bsz=64, num_updates=440, lr=1.95382e-05, gnorm=2.181, clip=100, loss_scale=64, train_wall=41, gb_free=7.4, wall=1840
2023-03-27 22:15:10 - progress_bar.py[line:272] - INFO: epoch 001:    451 / 1878 loss=5.908, loss_v1=0, loss_v2=0, nll_loss=5.102, ntokens=320, nsentences=64, sample_size=320, sample_size_v1=0, sample_size_v2=0, ppl=34.34, wps=78.5, ups=0.25, wpb=320, bsz=64, num_updates=450, lr=1.99822e-05, gnorm=2.177, clip=100, loss_scale=64, train_wall=41, gb_free=7.4, wall=1881
2023-03-27 22:15:51 - progress_bar.py[line:272] - INFO: epoch 001:    461 / 1878 loss=5.952, loss_v1=0, loss_v2=0, nll_loss=5.151, ntokens=320, nsentences=64, sample_size=320, sample_size_v1=0, sample_size_v2=0, ppl=35.53, wps=78.2, ups=0.24, wpb=320, bsz=64, num_updates=460, lr=2.04263e-05, gnorm=2.267, clip=100, loss_scale=64, train_wall=41, gb_free=7.4, wall=1922
2023-03-27 22:16:32 - progress_bar.py[line:272] - INFO: epoch 001:    471 / 1878 loss=5.901, loss_v1=0, loss_v2=0, nll_loss=5.091, ntokens=320, nsentences=64, sample_size=320, sample_size_v1=0, sample_size_v2=0, ppl=34.08, wps=77.9, ups=0.24, wpb=320, bsz=64, num_updates=470, lr=2.08703e-05, gnorm=2.198, clip=100, loss_scale=64, train_wall=41, gb_free=7.4, wall=1963
2023-03-27 22:17:13 - progress_bar.py[line:272] - INFO: epoch 001:    481 / 1878 loss=5.886, loss_v1=0, loss_v2=0, nll_loss=5.065, ntokens=320, nsentences=64, sample_size=320, sample_size_v1=0, sample_size_v2=0, ppl=33.48, wps=78.1, ups=0.24, wpb=320, bsz=64, num_updates=480, lr=2.13144e-05, gnorm=2.148, clip=100, loss_scale=64, train_wall=41, gb_free=7.4, wall=2004
2023-03-27 22:17:54 - progress_bar.py[line:272] - INFO: epoch 001:    491 / 1878 loss=5.832, loss_v1=0, loss_v2=0, nll_loss=5.013, ntokens=320, nsentences=64, sample_size=320, sample_size_v1=0, sample_size_v2=0, ppl=32.3, wps=77.9, ups=0.24, wpb=320, bsz=64, num_updates=490, lr=2.17584e-05, gnorm=2.182, clip=100, loss_scale=64, train_wall=41, gb_free=7.4, wall=2045
slice_id 1 seek offset 5379
2023-03-27 22:18:36 - progress_bar.py[line:272] - INFO: epoch 001:    501 / 1878 loss=5.881, loss_v1=0, loss_v2=0, nll_loss=5.063, ntokens=320, nsentences=64, sample_size=320, sample_size_v1=0, sample_size_v2=0, ppl=33.43, wps=77.8, ups=0.24, wpb=320, bsz=64, num_updates=500, lr=2.22025e-05, gnorm=2.238, clip=100, loss_scale=64, train_wall=41, gb_free=7.4, wall=2086
2023-03-27 22:18:36 - train.py[line:445] - INFO: begin validation on "valid" subset
slice_id 0 seek offset 0
slice_id 0 seek offset 0
slice_id 1 seek offset 5379
/home/mogunleye/OFA/fairseq/fairseq/search.py:140: UserWarning: __floordiv__ is deprecated, and its behavior will change in a future version of pytorch. It currently rounds toward 0 (like the 'trunc' function NOT 'floor'). This results in incorrect rounding for negative values. To keep the current behavior, use torch.div(a, b, rounding_mode='trunc'), or for actual floor division, use torch.div(a, b, rounding_mode='floor').
  beams_buf = indices_buf // vocab_size
/home/mogunleye/OFA/fairseq/fairseq/search.py:140: UserWarning: __floordiv__ is deprecated, and its behavior will change in a future version of pytorch. It currently rounds toward 0 (like the 'trunc' function NOT 'floor'). This results in incorrect rounding for negative values. To keep the current behavior, use torch.div(a, b, rounding_mode='trunc'), or for actual floor division, use torch.div(a, b, rounding_mode='floor').
  beams_buf = indices_buf // vocab_size
/home/mogunleye/OFA/models/sequence_generator.py:705: UserWarning: __floordiv__ is deprecated, and its behavior will change in a future version of pytorch. It currently rounds toward 0 (like the 'trunc' function NOT 'floor'). This results in incorrect rounding for negative values. To keep the current behavior, use torch.div(a, b, rounding_mode='trunc'), or for actual floor division, use torch.div(a, b, rounding_mode='floor').
  unfin_idx = bbsz_idx // beam_size
/home/mogunleye/OFA/models/sequence_generator.py:705: UserWarning: __floordiv__ is deprecated, and its behavior will change in a future version of pytorch. It currently rounds toward 0 (like the 'trunc' function NOT 'floor'). This results in incorrect rounding for negative values. To keep the current behavior, use torch.div(a, b, rounding_mode='trunc'), or for actual floor division, use torch.div(a, b, rounding_mode='floor').
  unfin_idx = bbsz_idx // beam_size
2023-03-27 22:29:58 - progress_bar.py[line:282] - INFO: epoch 001 | valid on 'valid' subset | loss 5.8 | loss_v1 0 | loss_v2 0 | nll_loss 4.979 | ntokens 39.993 | nsentences 7.999 | sample_size 39.993 | sample_size_v1 0 | sample_size_v2 0 | ppl 31.54 | score 0.075 | wps 78.9 | wpb 40 | bsz 8 | num_updates 500
2023-03-27 22:29:58 - checkpoint_utils.py[line:64] - INFO: Preparing to save checkpoint for epoch 1 @ 500 updates
2023-03-27 22:29:58 - trainer.py[line:431] - INFO: Saving checkpoint to ./refcocoplus_scratch_checkpoints/10_5e-5_512/checkpoint_1_500.pt
2023-03-27 22:30:17 - trainer.py[line:441] - INFO: Finished saving checkpoint to ./refcocoplus_scratch_checkpoints/10_5e-5_512/checkpoint_1_500.pt
2023-03-27 22:30:50 - checkpoint_utils.py[line:133] - INFO: Saved checkpoint ./refcocoplus_scratch_checkpoints/10_5e-5_512/checkpoint_1_500.pt (epoch 1 @ 500 updates, score 0.075) (writing took 51.98815128952265 seconds)
2023-03-27 22:31:30 - progress_bar.py[line:272] - INFO: epoch 001:    511 / 1878 loss=5.84, loss_v1=0, loss_v2=0, nll_loss=5.014, ntokens=320, nsentences=64, sample_size=320, sample_size_v1=0, sample_size_v2=0, ppl=32.3, wps=4.1, ups=0.01, wpb=320, bsz=64, num_updates=510, lr=2.26465e-05, gnorm=2.139, clip=100, loss_scale=64, train_wall=40, gb_free=7.4, wall=2861
2023-03-27 22:32:11 - progress_bar.py[line:272] - INFO: epoch 001:    521 / 1878 loss=5.863, loss_v1=0, loss_v2=0, nll_loss=5.042, ntokens=320, nsentences=64, sample_size=320, sample_size_v1=0, sample_size_v2=0, ppl=32.95, wps=78.1, ups=0.24, wpb=320, bsz=64, num_updates=520, lr=2.30906e-05, gnorm=2.097, clip=100, loss_scale=128, train_wall=41, gb_free=7.4, wall=2901
2023-03-27 22:32:52 - progress_bar.py[line:272] - INFO: epoch 001:    531 / 1878 loss=5.867, loss_v1=0, loss_v2=0, nll_loss=5.045, ntokens=320, nsentences=64, sample_size=320, sample_size_v1=0, sample_size_v2=0, ppl=33.01, wps=78.2, ups=0.24, wpb=320, bsz=64, num_updates=530, lr=2.35346e-05, gnorm=2.132, clip=100, loss_scale=128, train_wall=41, gb_free=7.4, wall=2942
2023-03-27 22:33:33 - progress_bar.py[line:272] - INFO: epoch 001:    541 / 1878 loss=5.825, loss_v1=0, loss_v2=0, nll_loss=4.999, ntokens=319.5, nsentences=63.9, sample_size=319.5, sample_size_v1=0, sample_size_v2=0, ppl=31.98, wps=78.3, ups=0.25, wpb=319.5, bsz=63.9, num_updates=540, lr=2.39787e-05, gnorm=2.119, clip=100, loss_scale=128, train_wall=41, gb_free=7.4, wall=2983
2023-03-27 22:34:13 - progress_bar.py[line:272] - INFO: epoch 001:    551 / 1878 loss=5.778, loss_v1=0, loss_v2=0, nll_loss=4.948, ntokens=320, nsentences=64, sample_size=320, sample_size_v1=0, sample_size_v2=0, ppl=30.86, wps=78.5, ups=0.25, wpb=320, bsz=64, num_updates=550, lr=2.44227e-05, gnorm=2.209, clip=100, loss_scale=128, train_wall=40, gb_free=7.4, wall=3024
2023-03-27 22:34:54 - progress_bar.py[line:272] - INFO: epoch 001:    561 / 1878 loss=5.79, loss_v1=0, loss_v2=0, nll_loss=4.952, ntokens=320, nsentences=64, sample_size=320, sample_size_v1=0, sample_size_v2=0, ppl=30.94, wps=78.5, ups=0.25, wpb=320, bsz=64, num_updates=560, lr=2.48668e-05, gnorm=2.126, clip=100, loss_scale=128, train_wall=41, gb_free=7.4, wall=3065
2023-03-27 22:35:35 - progress_bar.py[line:272] - INFO: epoch 001:    571 / 1878 loss=5.782, loss_v1=0, loss_v2=0, nll_loss=4.944, ntokens=320, nsentences=64, sample_size=320, sample_size_v1=0, sample_size_v2=0, ppl=30.78, wps=78.3, ups=0.24, wpb=320, bsz=64, num_updates=570, lr=2.53108e-05, gnorm=2.057, clip=100, loss_scale=128, train_wall=40, gb_free=7.4, wall=3106
2023-03-27 22:36:16 - progress_bar.py[line:272] - INFO: epoch 001:    581 / 1878 loss=5.78, loss_v1=0, loss_v2=0, nll_loss=4.948, ntokens=320, nsentences=64, sample_size=320, sample_size_v1=0, sample_size_v2=0, ppl=30.87, wps=78.5, ups=0.25, wpb=320, bsz=64, num_updates=580, lr=2.57549e-05, gnorm=2.114, clip=100, loss_scale=128, train_wall=41, gb_free=7.4, wall=3146
2023-03-27 22:36:57 - progress_bar.py[line:272] - INFO: epoch 001:    591 / 1878 loss=5.785, loss_v1=0, loss_v2=0, nll_loss=4.952, ntokens=320, nsentences=64, sample_size=320, sample_size_v1=0, sample_size_v2=0, ppl=30.95, wps=78.2, ups=0.24, wpb=320, bsz=64, num_updates=590, lr=2.61989e-05, gnorm=2.111, clip=100, loss_scale=128, train_wall=41, gb_free=7.4, wall=3187
2023-03-27 22:37:38 - progress_bar.py[line:272] - INFO: epoch 001:    601 / 1878 loss=5.792, loss_v1=0, loss_v2=0, nll_loss=4.949, ntokens=320, nsentences=64, sample_size=320, sample_size_v1=0, sample_size_v2=0, ppl=30.89, wps=78.4, ups=0.24, wpb=320, bsz=64, num_updates=600, lr=2.6643e-05, gnorm=2.213, clip=100, loss_scale=128, train_wall=41, gb_free=7.4, wall=3228
2023-03-27 22:38:19 - progress_bar.py[line:272] - INFO: epoch 001:    611 / 1878 loss=5.812, loss_v1=0, loss_v2=0, nll_loss=4.98, ntokens=320, nsentences=64, sample_size=320, sample_size_v1=0, sample_size_v2=0, ppl=31.56, wps=78.2, ups=0.24, wpb=320, bsz=64, num_updates=610, lr=2.7087e-05, gnorm=2.166, clip=100, loss_scale=128, train_wall=41, gb_free=7.4, wall=3269
2023-03-27 22:38:59 - progress_bar.py[line:272] - INFO: epoch 001:    621 / 1878 loss=5.793, loss_v1=0, loss_v2=0, nll_loss=4.961, ntokens=320, nsentences=64, sample_size=320, sample_size_v1=0, sample_size_v2=0, ppl=31.15, wps=78.2, ups=0.24, wpb=320, bsz=64, num_updates=620, lr=2.75311e-05, gnorm=2.167, clip=100, loss_scale=128, train_wall=41, gb_free=7.4, wall=3310
2023-03-27 22:39:40 - progress_bar.py[line:272] - INFO: epoch 001:    631 / 1878 loss=5.788, loss_v1=0, loss_v2=0, nll_loss=4.957, ntokens=320, nsentences=64, sample_size=320, sample_size_v1=0, sample_size_v2=0, ppl=31.07, wps=78.6, ups=0.25, wpb=320, bsz=64, num_updates=630, lr=2.79751e-05, gnorm=2.052, clip=100, loss_scale=128, train_wall=40, gb_free=7.4, wall=3351
2023-03-27 22:40:21 - progress_bar.py[line:272] - INFO: epoch 001:    641 / 1878 loss=5.769, loss_v1=0, loss_v2=0, nll_loss=4.925, ntokens=320, nsentences=64, sample_size=320, sample_size_v1=0, sample_size_v2=0, ppl=30.38, wps=78.5, ups=0.25, wpb=320, bsz=64, num_updates=640, lr=2.84192e-05, gnorm=2.184, clip=100, loss_scale=128, train_wall=40, gb_free=7.4, wall=3391
2023-03-27 22:41:02 - progress_bar.py[line:272] - INFO: epoch 001:    651 / 1878 loss=5.771, loss_v1=0, loss_v2=0, nll_loss=4.934, ntokens=320, nsentences=64, sample_size=320, sample_size_v1=0, sample_size_v2=0, ppl=30.57, wps=78.3, ups=0.24, wpb=320, bsz=64, num_updates=650, lr=2.88632e-05, gnorm=2.125, clip=100, loss_scale=128, train_wall=41, gb_free=7.4, wall=3432
2023-03-27 22:41:43 - progress_bar.py[line:272] - INFO: epoch 001:    661 / 1878 loss=5.754, loss_v1=0, loss_v2=0, nll_loss=4.912, ntokens=320, nsentences=64, sample_size=320, sample_size_v1=0, sample_size_v2=0, ppl=30.11, wps=78.2, ups=0.24, wpb=320, bsz=64, num_updates=660, lr=2.93073e-05, gnorm=2.134, clip=100, loss_scale=128, train_wall=41, gb_free=7.4, wall=3473
2023-03-27 22:42:24 - progress_bar.py[line:272] - INFO: epoch 001:    671 / 1878 loss=5.748, loss_v1=0, loss_v2=0, nll_loss=4.907, ntokens=320, nsentences=64, sample_size=320, sample_size_v1=0, sample_size_v2=0, ppl=30, wps=78, ups=0.24, wpb=320, bsz=64, num_updates=670, lr=2.97513e-05, gnorm=2.175, clip=100, loss_scale=128, train_wall=41, gb_free=7.4, wall=3514
2023-03-27 22:43:04 - progress_bar.py[line:272] - INFO: epoch 001:    681 / 1878 loss=5.735, loss_v1=0, loss_v2=0, nll_loss=4.893, ntokens=320, nsentences=64, sample_size=320, sample_size_v1=0, sample_size_v2=0, ppl=29.7, wps=78.7, ups=0.25, wpb=320, bsz=64, num_updates=680, lr=3.01954e-05, gnorm=2.125, clip=100, loss_scale=128, train_wall=40, gb_free=7.4, wall=3555
2023-03-27 22:43:45 - progress_bar.py[line:272] - INFO: epoch 001:    691 / 1878 loss=5.773, loss_v1=0, loss_v2=0, nll_loss=4.929, ntokens=320, nsentences=64, sample_size=320, sample_size_v1=0, sample_size_v2=0, ppl=30.45, wps=78.2, ups=0.24, wpb=320, bsz=64, num_updates=690, lr=3.06394e-05, gnorm=2.069, clip=100, loss_scale=128, train_wall=41, gb_free=7.4, wall=3596
2023-03-27 22:44:26 - progress_bar.py[line:272] - INFO: epoch 001:    701 / 1878 loss=5.758, loss_v1=0, loss_v2=0, nll_loss=4.924, ntokens=320, nsentences=64, sample_size=320, sample_size_v1=0, sample_size_v2=0, ppl=30.36, wps=78.4, ups=0.24, wpb=320, bsz=64, num_updates=700, lr=3.10835e-05, gnorm=2.12, clip=100, loss_scale=128, train_wall=41, gb_free=7.4, wall=3637
2023-03-27 22:45:07 - progress_bar.py[line:272] - INFO: epoch 001:    711 / 1878 loss=5.726, loss_v1=0, loss_v2=0, nll_loss=4.879, ntokens=320, nsentences=64, sample_size=320, sample_size_v1=0, sample_size_v2=0, ppl=29.42, wps=78, ups=0.24, wpb=320, bsz=64, num_updates=710, lr=3.15275e-05, gnorm=2.18, clip=100, loss_scale=128, train_wall=41, gb_free=7.4, wall=3678
2023-03-27 22:45:48 - progress_bar.py[line:272] - INFO: epoch 001:    721 / 1878 loss=5.733, loss_v1=0, loss_v2=0, nll_loss=4.88, ntokens=320, nsentences=64, sample_size=320, sample_size_v1=0, sample_size_v2=0, ppl=29.44, wps=78.3, ups=0.24, wpb=320, bsz=64, num_updates=720, lr=3.19716e-05, gnorm=2.12, clip=100, loss_scale=128, train_wall=41, gb_free=7.4, wall=3719
2023-03-27 22:46:29 - progress_bar.py[line:272] - INFO: epoch 001:    731 / 1878 loss=5.745, loss_v1=0, loss_v2=0, nll_loss=4.901, ntokens=320, nsentences=64, sample_size=320, sample_size_v1=0, sample_size_v2=0, ppl=29.88, wps=77.5, ups=0.24, wpb=320, bsz=64, num_updates=730, lr=3.24156e-05, gnorm=2.018, clip=100, loss_scale=128, train_wall=41, gb_free=7.4, wall=3760
2023-03-27 22:47:10 - progress_bar.py[line:272] - INFO: epoch 001:    741 / 1878 loss=5.736, loss_v1=0, loss_v2=0, nll_loss=4.893, ntokens=320, nsentences=64, sample_size=320, sample_size_v1=0, sample_size_v2=0, ppl=29.71, wps=78.3, ups=0.24, wpb=320, bsz=64, num_updates=740, lr=3.28597e-05, gnorm=2.095, clip=100, loss_scale=128, train_wall=41, gb_free=7.4, wall=3801
2023-03-27 22:47:51 - progress_bar.py[line:272] - INFO: epoch 001:    751 / 1878 loss=5.74, loss_v1=0, loss_v2=0, nll_loss=4.89, ntokens=320, nsentences=64, sample_size=320, sample_size_v1=0, sample_size_v2=0, ppl=29.65, wps=78.1, ups=0.24, wpb=320, bsz=64, num_updates=750, lr=3.33037e-05, gnorm=1.956, clip=100, loss_scale=128, train_wall=41, gb_free=7.4, wall=3842
2023-03-27 22:48:32 - progress_bar.py[line:272] - INFO: epoch 001:    761 / 1878 loss=5.71, loss_v1=0, loss_v2=0, nll_loss=4.872, ntokens=320, nsentences=64, sample_size=320, sample_size_v1=0, sample_size_v2=0, ppl=29.29, wps=78.9, ups=0.25, wpb=320, bsz=64, num_updates=760, lr=3.37478e-05, gnorm=2.068, clip=100, loss_scale=128, train_wall=40, gb_free=7.4, wall=3882
2023-03-27 22:49:13 - progress_bar.py[line:272] - INFO: epoch 001:    771 / 1878 loss=5.737, loss_v1=0, loss_v2=0, nll_loss=4.891, ntokens=320, nsentences=64, sample_size=320, sample_size_v1=0, sample_size_v2=0, ppl=29.68, wps=78.4, ups=0.25, wpb=320, bsz=64, num_updates=770, lr=3.41918e-05, gnorm=1.995, clip=100, loss_scale=128, train_wall=41, gb_free=7.4, wall=3923
2023-03-27 22:49:53 - progress_bar.py[line:272] - INFO: epoch 001:    781 / 1878 loss=5.726, loss_v1=0, loss_v2=0, nll_loss=4.882, ntokens=320, nsentences=64, sample_size=320, sample_size_v1=0, sample_size_v2=0, ppl=29.49, wps=78.4, ups=0.24, wpb=320, bsz=64, num_updates=780, lr=3.46359e-05, gnorm=1.989, clip=100, loss_scale=128, train_wall=41, gb_free=7.4, wall=3964
2023-03-27 22:50:34 - progress_bar.py[line:272] - INFO: epoch 001:    791 / 1878 loss=5.716, loss_v1=0, loss_v2=0, nll_loss=4.866, ntokens=320, nsentences=64, sample_size=320, sample_size_v1=0, sample_size_v2=0, ppl=29.16, wps=78.4, ups=0.25, wpb=320, bsz=64, num_updates=790, lr=3.50799e-05, gnorm=2.033, clip=100, loss_scale=128, train_wall=41, gb_free=7.4, wall=4005
2023-03-27 22:51:15 - progress_bar.py[line:272] - INFO: epoch 001:    801 / 1878 loss=5.705, loss_v1=0, loss_v2=0, nll_loss=4.86, ntokens=320, nsentences=64, sample_size=320, sample_size_v1=0, sample_size_v2=0, ppl=29.04, wps=78.4, ups=0.24, wpb=320, bsz=64, num_updates=800, lr=3.5524e-05, gnorm=1.956, clip=100, loss_scale=128, train_wall=41, gb_free=7.4, wall=4046
2023-03-27 22:51:56 - progress_bar.py[line:272] - INFO: epoch 001:    811 / 1878 loss=5.672, loss_v1=0, loss_v2=0, nll_loss=4.823, ntokens=320, nsentences=64, sample_size=320, sample_size_v1=0, sample_size_v2=0, ppl=28.3, wps=78.5, ups=0.25, wpb=320, bsz=64, num_updates=810, lr=3.5968e-05, gnorm=1.923, clip=100, loss_scale=128, train_wall=40, gb_free=7.4, wall=4086
2023-03-27 22:52:37 - progress_bar.py[line:272] - INFO: epoch 001:    821 / 1878 loss=5.754, loss_v1=0, loss_v2=0, nll_loss=4.912, ntokens=320, nsentences=64, sample_size=320, sample_size_v1=0, sample_size_v2=0, ppl=30.1, wps=78.3, ups=0.24, wpb=320, bsz=64, num_updates=820, lr=3.64121e-05, gnorm=1.971, clip=100, loss_scale=128, train_wall=41, gb_free=7.4, wall=4127
2023-03-27 22:53:18 - progress_bar.py[line:272] - INFO: epoch 001:    831 / 1878 loss=5.714, loss_v1=0, loss_v2=0, nll_loss=4.869, ntokens=320, nsentences=64, sample_size=320, sample_size_v1=0, sample_size_v2=0, ppl=29.22, wps=78.3, ups=0.24, wpb=320, bsz=64, num_updates=830, lr=3.68561e-05, gnorm=1.973, clip=100, loss_scale=128, train_wall=41, gb_free=7.4, wall=4168
2023-03-27 22:53:58 - progress_bar.py[line:272] - INFO: epoch 001:    841 / 1878 loss=5.733, loss_v1=0, loss_v2=0, nll_loss=4.887, ntokens=320, nsentences=64, sample_size=320, sample_size_v1=0, sample_size_v2=0, ppl=29.59, wps=78.1, ups=0.24, wpb=320, bsz=64, num_updates=840, lr=3.73002e-05, gnorm=1.955, clip=100, loss_scale=128, train_wall=41, gb_free=7.4, wall=4209
2023-03-27 22:54:39 - progress_bar.py[line:272] - INFO: epoch 001:    851 / 1878 loss=5.734, loss_v1=0, loss_v2=0, nll_loss=4.883, ntokens=320, nsentences=64, sample_size=320, sample_size_v1=0, sample_size_v2=0, ppl=29.51, wps=78.1, ups=0.24, wpb=320, bsz=64, num_updates=850, lr=3.77442e-05, gnorm=1.947, clip=100, loss_scale=128, train_wall=41, gb_free=7.4, wall=4250
2023-03-27 22:55:20 - progress_bar.py[line:272] - INFO: epoch 001:    861 / 1878 loss=5.715, loss_v1=0, loss_v2=0, nll_loss=4.873, ntokens=320, nsentences=64, sample_size=320, sample_size_v1=0, sample_size_v2=0, ppl=29.31, wps=78.3, ups=0.24, wpb=320, bsz=64, num_updates=860, lr=3.81883e-05, gnorm=1.977, clip=100, loss_scale=128, train_wall=41, gb_free=7.4, wall=4291
2023-03-27 22:56:01 - progress_bar.py[line:272] - INFO: epoch 001:    871 / 1878 loss=5.743, loss_v1=0, loss_v2=0, nll_loss=4.904, ntokens=320, nsentences=64, sample_size=320, sample_size_v1=0, sample_size_v2=0, ppl=29.93, wps=78.1, ups=0.24, wpb=320, bsz=64, num_updates=870, lr=3.86323e-05, gnorm=2.009, clip=100, loss_scale=128, train_wall=41, gb_free=7.4, wall=4332
2023-03-27 22:56:42 - progress_bar.py[line:272] - INFO: epoch 001:    881 / 1878 loss=5.732, loss_v1=0, loss_v2=0, nll_loss=4.891, ntokens=320, nsentences=64, sample_size=320, sample_size_v1=0, sample_size_v2=0, ppl=29.68, wps=77.9, ups=0.24, wpb=320, bsz=64, num_updates=880, lr=3.90764e-05, gnorm=1.966, clip=100, loss_scale=128, train_wall=41, gb_free=7.4, wall=4373
2023-03-27 22:57:23 - progress_bar.py[line:272] - INFO: epoch 001:    891 / 1878 loss=5.698, loss_v1=0, loss_v2=0, nll_loss=4.853, ntokens=320, nsentences=64, sample_size=320, sample_size_v1=0, sample_size_v2=0, ppl=28.9, wps=77.9, ups=0.24, wpb=320, bsz=64, num_updates=890, lr=3.95204e-05, gnorm=1.952, clip=100, loss_scale=128, train_wall=41, gb_free=7.4, wall=4414
2023-03-27 22:58:05 - progress_bar.py[line:272] - INFO: epoch 001:    901 / 1878 loss=5.718, loss_v1=0, loss_v2=0, nll_loss=4.864, ntokens=320, nsentences=64, sample_size=320, sample_size_v1=0, sample_size_v2=0, ppl=29.12, wps=78, ups=0.24, wpb=320, bsz=64, num_updates=900, lr=3.99645e-05, gnorm=1.919, clip=100, loss_scale=128, train_wall=41, gb_free=7.4, wall=4455
2023-03-27 22:58:46 - progress_bar.py[line:272] - INFO: epoch 001:    911 / 1878 loss=5.735, loss_v1=0, loss_v2=0, nll_loss=4.89, ntokens=320, nsentences=64, sample_size=320, sample_size_v1=0, sample_size_v2=0, ppl=29.65, wps=78, ups=0.24, wpb=320, bsz=64, num_updates=910, lr=4.04085e-05, gnorm=1.998, clip=100, loss_scale=128, train_wall=41, gb_free=7.4, wall=4496
2023-03-27 22:59:26 - progress_bar.py[line:272] - INFO: epoch 001:    921 / 1878 loss=5.693, loss_v1=0, loss_v2=0, nll_loss=4.844, ntokens=320, nsentences=64, sample_size=320, sample_size_v1=0, sample_size_v2=0, ppl=28.72, wps=78.2, ups=0.24, wpb=320, bsz=64, num_updates=920, lr=4.08526e-05, gnorm=1.975, clip=100, loss_scale=128, train_wall=41, gb_free=7.4, wall=4537
2023-03-27 23:00:08 - progress_bar.py[line:272] - INFO: epoch 001:    931 / 1878 loss=5.714, loss_v1=0, loss_v2=0, nll_loss=4.869, ntokens=320, nsentences=64, sample_size=320, sample_size_v1=0, sample_size_v2=0, ppl=29.23, wps=77.7, ups=0.24, wpb=320, bsz=64, num_updates=930, lr=4.12966e-05, gnorm=2.023, clip=100, loss_scale=128, train_wall=41, gb_free=7.4, wall=4578
2023-03-27 23:00:49 - progress_bar.py[line:272] - INFO: epoch 001:    941 / 1878 loss=5.665, loss_v1=0, loss_v2=0, nll_loss=4.813, ntokens=320, nsentences=64, sample_size=320, sample_size_v1=0, sample_size_v2=0, ppl=28.11, wps=78.2, ups=0.24, wpb=320, bsz=64, num_updates=940, lr=4.17407e-05, gnorm=1.963, clip=100, loss_scale=128, train_wall=41, gb_free=7.4, wall=4619
2023-03-27 23:01:29 - progress_bar.py[line:272] - INFO: epoch 001:    951 / 1878 loss=5.729, loss_v1=0, loss_v2=0, nll_loss=4.877, ntokens=320, nsentences=64, sample_size=320, sample_size_v1=0, sample_size_v2=0, ppl=29.39, wps=78.2, ups=0.24, wpb=320, bsz=64, num_updates=950, lr=4.21847e-05, gnorm=1.998, clip=100, loss_scale=128, train_wall=41, gb_free=7.4, wall=4660
2023-03-27 23:02:10 - progress_bar.py[line:272] - INFO: epoch 001:    961 / 1878 loss=5.676, loss_v1=0, loss_v2=0, nll_loss=4.831, ntokens=320, nsentences=64, sample_size=320, sample_size_v1=0, sample_size_v2=0, ppl=28.45, wps=78.2, ups=0.24, wpb=320, bsz=64, num_updates=960, lr=4.26288e-05, gnorm=1.952, clip=100, loss_scale=128, train_wall=41, gb_free=7.4, wall=4701
2023-03-27 23:02:51 - progress_bar.py[line:272] - INFO: epoch 001:    971 / 1878 loss=5.726, loss_v1=0, loss_v2=0, nll_loss=4.882, ntokens=320, nsentences=64, sample_size=320, sample_size_v1=0, sample_size_v2=0, ppl=29.48, wps=78.5, ups=0.25, wpb=320, bsz=64, num_updates=970, lr=4.30728e-05, gnorm=1.992, clip=100, loss_scale=128, train_wall=41, gb_free=7.4, wall=4742
2023-03-27 23:03:32 - progress_bar.py[line:272] - INFO: epoch 001:    981 / 1878 loss=5.69, loss_v1=0, loss_v2=0, nll_loss=4.842, ntokens=320, nsentences=64, sample_size=320, sample_size_v1=0, sample_size_v2=0, ppl=28.67, wps=78.1, ups=0.24, wpb=320, bsz=64, num_updates=980, lr=4.35169e-05, gnorm=1.9, clip=100, loss_scale=128, train_wall=41, gb_free=7.4, wall=4783
2023-03-27 23:04:13 - progress_bar.py[line:272] - INFO: epoch 001:    991 / 1878 loss=5.673, loss_v1=0, loss_v2=0, nll_loss=4.823, ntokens=320, nsentences=64, sample_size=320, sample_size_v1=0, sample_size_v2=0, ppl=28.31, wps=78.2, ups=0.24, wpb=320, bsz=64, num_updates=990, lr=4.39609e-05, gnorm=1.885, clip=100, loss_scale=128, train_wall=41, gb_free=7.4, wall=4824
slice_id 1 seek offset 5379
2023-03-27 23:04:54 - progress_bar.py[line:272] - INFO: epoch 001:   1001 / 1878 loss=5.706, loss_v1=0, loss_v2=0, nll_loss=4.859, ntokens=320, nsentences=64, sample_size=320, sample_size_v1=0, sample_size_v2=0, ppl=29.02, wps=78.3, ups=0.24, wpb=320, bsz=64, num_updates=1000, lr=4.4405e-05, gnorm=2.026, clip=100, loss_scale=128, train_wall=41, gb_free=7.4, wall=4864
2023-03-27 23:04:54 - train.py[line:445] - INFO: begin validation on "valid" subset
slice_id 0 seek offset 0
slice_id 0 seek offset 0
slice_id 1 seek offset 5379
2023-03-27 23:16:15 - progress_bar.py[line:282] - INFO: epoch 001 | valid on 'valid' subset | loss 5.683 | loss_v1 0 | loss_v2 0 | nll_loss 4.839 | ntokens 39.993 | nsentences 7.999 | sample_size 39.993 | sample_size_v1 0 | sample_size_v2 0 | ppl 28.62 | score 0.0732 | wps 79 | wpb 40 | bsz 8 | num_updates 1000 | best_score 0.075
2023-03-27 23:16:15 - checkpoint_utils.py[line:64] - INFO: Preparing to save checkpoint for epoch 1 @ 1000 updates
2023-03-27 23:16:15 - trainer.py[line:431] - INFO: Saving checkpoint to ./refcocoplus_scratch_checkpoints/10_5e-5_512/checkpoint_1_1000.pt
2023-03-27 23:16:33 - trainer.py[line:441] - INFO: Finished saving checkpoint to ./refcocoplus_scratch_checkpoints/10_5e-5_512/checkpoint_1_1000.pt
2023-03-27 23:16:43 - checkpoint_utils.py[line:133] - INFO: Saved checkpoint ./refcocoplus_scratch_checkpoints/10_5e-5_512/checkpoint_1_1000.pt (epoch 1 @ 1000 updates, score 0.0732) (writing took 27.656340841203928 seconds)
2023-03-27 23:17:23 - progress_bar.py[line:272] - INFO: epoch 001:   1011 / 1878 loss=5.702, loss_v1=0, loss_v2=0, nll_loss=4.858, ntokens=320, nsentences=64, sample_size=320, sample_size_v1=0, sample_size_v2=0, ppl=28.99, wps=4.3, ups=0.01, wpb=320, bsz=64, num_updates=1010, lr=4.4849e-05, gnorm=1.938, clip=100, loss_scale=128, train_wall=40, gb_free=7.4, wall=5614
2023-03-27 23:18:04 - progress_bar.py[line:272] - INFO: epoch 001:   1021 / 1878 loss=5.677, loss_v1=0, loss_v2=0, nll_loss=4.826, ntokens=320, nsentences=64, sample_size=320, sample_size_v1=0, sample_size_v2=0, ppl=28.36, wps=78.2, ups=0.24, wpb=320, bsz=64, num_updates=1020, lr=4.52931e-05, gnorm=1.895, clip=100, loss_scale=128, train_wall=41, gb_free=7.4, wall=5655
2023-03-27 23:18:45 - progress_bar.py[line:272] - INFO: epoch 001:   1031 / 1878 loss=5.696, loss_v1=0, loss_v2=0, nll_loss=4.845, ntokens=320, nsentences=64, sample_size=320, sample_size_v1=0, sample_size_v2=0, ppl=28.74, wps=78.5, ups=0.25, wpb=320, bsz=64, num_updates=1030, lr=4.57371e-05, gnorm=2.004, clip=100, loss_scale=256, train_wall=41, gb_free=7.4, wall=5695
2023-03-27 23:19:26 - progress_bar.py[line:272] - INFO: epoch 001:   1041 / 1878 loss=5.677, loss_v1=0, loss_v2=0, nll_loss=4.832, ntokens=320, nsentences=64, sample_size=320, sample_size_v1=0, sample_size_v2=0, ppl=28.48, wps=78.3, ups=0.24, wpb=320, bsz=64, num_updates=1040, lr=4.61812e-05, gnorm=2.059, clip=100, loss_scale=256, train_wall=41, gb_free=7.4, wall=5736
2023-03-27 23:20:07 - progress_bar.py[line:272] - INFO: epoch 001:   1051 / 1878 loss=5.724, loss_v1=0, loss_v2=0, nll_loss=4.873, ntokens=320, nsentences=64, sample_size=320, sample_size_v1=0, sample_size_v2=0, ppl=29.31, wps=78.2, ups=0.24, wpb=320, bsz=64, num_updates=1050, lr=4.66252e-05, gnorm=1.992, clip=100, loss_scale=256, train_wall=41, gb_free=7.4, wall=5777
2023-03-27 23:20:48 - progress_bar.py[line:272] - INFO: epoch 001:   1061 / 1878 loss=5.712, loss_v1=0, loss_v2=0, nll_loss=4.869, ntokens=320, nsentences=64, sample_size=320, sample_size_v1=0, sample_size_v2=0, ppl=29.22, wps=78.1, ups=0.24, wpb=320, bsz=64, num_updates=1060, lr=4.70693e-05, gnorm=1.962, clip=100, loss_scale=256, train_wall=41, gb_free=7.4, wall=5818
2023-03-27 23:21:29 - progress_bar.py[line:272] - INFO: epoch 001:   1071 / 1878 loss=5.673, loss_v1=0, loss_v2=0, nll_loss=4.826, ntokens=320, nsentences=64, sample_size=320, sample_size_v1=0, sample_size_v2=0, ppl=28.36, wps=77.8, ups=0.24, wpb=320, bsz=64, num_updates=1070, lr=4.75133e-05, gnorm=1.934, clip=100, loss_scale=256, train_wall=41, gb_free=7.4, wall=5859
2023-03-27 23:22:10 - progress_bar.py[line:272] - INFO: epoch 001:   1081 / 1878 loss=5.66, loss_v1=0, loss_v2=0, nll_loss=4.81, ntokens=320, nsentences=64, sample_size=320, sample_size_v1=0, sample_size_v2=0, ppl=28.05, wps=78.2, ups=0.24, wpb=320, bsz=64, num_updates=1080, lr=4.79574e-05, gnorm=1.983, clip=100, loss_scale=256, train_wall=41, gb_free=7.4, wall=5900
2023-03-27 23:22:50 - progress_bar.py[line:272] - INFO: epoch 001:   1091 / 1878 loss=5.674, loss_v1=0, loss_v2=0, nll_loss=4.821, ntokens=320, nsentences=64, sample_size=320, sample_size_v1=0, sample_size_v2=0, ppl=28.27, wps=78.5, ups=0.25, wpb=320, bsz=64, num_updates=1090, lr=4.84014e-05, gnorm=1.928, clip=100, loss_scale=256, train_wall=41, gb_free=7.4, wall=5941
2023-03-27 23:23:31 - progress_bar.py[line:272] - INFO: epoch 001:   1101 / 1878 loss=5.688, loss_v1=0, loss_v2=0, nll_loss=4.841, ntokens=320, nsentences=64, sample_size=320, sample_size_v1=0, sample_size_v2=0, ppl=28.66, wps=78.6, ups=0.25, wpb=320, bsz=64, num_updates=1100, lr=4.88455e-05, gnorm=1.974, clip=100, loss_scale=256, train_wall=40, gb_free=7.4, wall=5982
2023-03-27 23:24:12 - progress_bar.py[line:272] - INFO: epoch 001:   1111 / 1878 loss=5.687, loss_v1=0, loss_v2=0, nll_loss=4.841, ntokens=320, nsentences=64, sample_size=320, sample_size_v1=0, sample_size_v2=0, ppl=28.65, wps=78.6, ups=0.25, wpb=320, bsz=64, num_updates=1110, lr=4.92895e-05, gnorm=2.006, clip=100, loss_scale=256, train_wall=40, gb_free=7.4, wall=6022
2023-03-27 23:24:53 - progress_bar.py[line:272] - INFO: epoch 001:   1121 / 1878 loss=5.655, loss_v1=0, loss_v2=0, nll_loss=4.805, ntokens=320, nsentences=64, sample_size=320, sample_size_v1=0, sample_size_v2=0, ppl=27.95, wps=78.4, ups=0.25, wpb=320, bsz=64, num_updates=1120, lr=4.97336e-05, gnorm=2.06, clip=100, loss_scale=256, train_wall=41, gb_free=7.4, wall=6063
2023-03-27 23:25:33 - progress_bar.py[line:272] - INFO: epoch 001:   1131 / 1878 loss=5.676, loss_v1=0, loss_v2=0, nll_loss=4.823, ntokens=320, nsentences=64, sample_size=320, sample_size_v1=0, sample_size_v2=0, ppl=28.31, wps=78.5, ups=0.25, wpb=320, bsz=64, num_updates=1130, lr=4.99887e-05, gnorm=2.12, clip=100, loss_scale=256, train_wall=41, gb_free=7.4, wall=6104
2023-03-27 23:26:14 - progress_bar.py[line:272] - INFO: epoch 001:   1141 / 1878 loss=5.664, loss_v1=0, loss_v2=0, nll_loss=4.813, ntokens=320, nsentences=64, sample_size=320, sample_size_v1=0, sample_size_v2=0, ppl=28.12, wps=78.8, ups=0.25, wpb=320, bsz=64, num_updates=1140, lr=4.99603e-05, gnorm=2.098, clip=100, loss_scale=256, train_wall=40, gb_free=7.4, wall=6145
2023-03-27 23:26:55 - progress_bar.py[line:272] - INFO: epoch 001:   1151 / 1878 loss=5.714, loss_v1=0, loss_v2=0, nll_loss=4.87, ntokens=320, nsentences=64, sample_size=320, sample_size_v1=0, sample_size_v2=0, ppl=29.25, wps=78.4, ups=0.25, wpb=320, bsz=64, num_updates=1150, lr=4.9932e-05, gnorm=2.039, clip=100, loss_scale=256, train_wall=40, gb_free=7.4, wall=6185
2023-03-27 23:27:36 - progress_bar.py[line:272] - INFO: epoch 001:   1161 / 1878 loss=5.67, loss_v1=0, loss_v2=0, nll_loss=4.821, ntokens=320, nsentences=64, sample_size=320, sample_size_v1=0, sample_size_v2=0, ppl=28.27, wps=78.3, ups=0.24, wpb=320, bsz=64, num_updates=1160, lr=4.99037e-05, gnorm=2.119, clip=100, loss_scale=256, train_wall=41, gb_free=7.4, wall=6226
2023-03-27 23:28:17 - progress_bar.py[line:272] - INFO: epoch 001:   1171 / 1878 loss=5.693, loss_v1=0, loss_v2=0, nll_loss=4.848, ntokens=320, nsentences=64, sample_size=320, sample_size_v1=0, sample_size_v2=0, ppl=28.8, wps=77.6, ups=0.24, wpb=320, bsz=64, num_updates=1170, lr=4.98754e-05, gnorm=1.941, clip=100, loss_scale=256, train_wall=41, gb_free=7.4, wall=6268
2023-03-27 23:28:58 - progress_bar.py[line:272] - INFO: epoch 001:   1181 / 1878 loss=5.714, loss_v1=0, loss_v2=0, nll_loss=4.868, ntokens=320, nsentences=64, sample_size=320, sample_size_v1=0, sample_size_v2=0, ppl=29.19, wps=77.2, ups=0.24, wpb=320, bsz=64, num_updates=1180, lr=4.98471e-05, gnorm=1.945, clip=100, loss_scale=256, train_wall=41, gb_free=7.4, wall=6309
2023-03-27 23:29:39 - progress_bar.py[line:272] - INFO: epoch 001:   1191 / 1878 loss=5.683, loss_v1=0, loss_v2=0, nll_loss=4.838, ntokens=320, nsentences=64, sample_size=320, sample_size_v1=0, sample_size_v2=0, ppl=28.6, wps=78.2, ups=0.24, wpb=320, bsz=64, num_updates=1190, lr=4.98187e-05, gnorm=1.957, clip=100, loss_scale=256, train_wall=41, gb_free=7.4, wall=6350
2023-03-27 23:30:20 - progress_bar.py[line:272] - INFO: epoch 001:   1201 / 1878 loss=5.654, loss_v1=0, loss_v2=0, nll_loss=4.804, ntokens=320, nsentences=64, sample_size=320, sample_size_v1=0, sample_size_v2=0, ppl=27.94, wps=78.2, ups=0.24, wpb=320, bsz=64, num_updates=1200, lr=4.97904e-05, gnorm=2.034, clip=100, loss_scale=256, train_wall=41, gb_free=7.4, wall=6391
2023-03-27 23:31:01 - progress_bar.py[line:272] - INFO: epoch 001:   1211 / 1878 loss=5.69, loss_v1=0, loss_v2=0, nll_loss=4.838, ntokens=320, nsentences=64, sample_size=320, sample_size_v1=0, sample_size_v2=0, ppl=28.6, wps=77.9, ups=0.24, wpb=320, bsz=64, num_updates=1210, lr=4.97621e-05, gnorm=2.109, clip=100, loss_scale=256, train_wall=41, gb_free=7.4, wall=6432
2023-03-27 23:31:42 - progress_bar.py[line:272] - INFO: epoch 001:   1221 / 1878 loss=5.676, loss_v1=0, loss_v2=0, nll_loss=4.824, ntokens=320, nsentences=64, sample_size=320, sample_size_v1=0, sample_size_v2=0, ppl=28.33, wps=77.8, ups=0.24, wpb=320, bsz=64, num_updates=1220, lr=4.97338e-05, gnorm=2.02, clip=100, loss_scale=256, train_wall=41, gb_free=7.4, wall=6473
2023-03-27 23:32:23 - progress_bar.py[line:272] - INFO: epoch 001:   1231 / 1878 loss=5.688, loss_v1=0, loss_v2=0, nll_loss=4.844, ntokens=320, nsentences=64, sample_size=320, sample_size_v1=0, sample_size_v2=0, ppl=28.72, wps=78.4, ups=0.25, wpb=320, bsz=64, num_updates=1230, lr=4.97054e-05, gnorm=2.076, clip=100, loss_scale=256, train_wall=41, gb_free=7.4, wall=6514
2023-03-27 23:33:04 - progress_bar.py[line:272] - INFO: epoch 001:   1241 / 1878 loss=5.674, loss_v1=0, loss_v2=0, nll_loss=4.834, ntokens=320, nsentences=64, sample_size=320, sample_size_v1=0, sample_size_v2=0, ppl=28.52, wps=78.4, ups=0.25, wpb=320, bsz=64, num_updates=1240, lr=4.96771e-05, gnorm=2.011, clip=100, loss_scale=256, train_wall=41, gb_free=7.4, wall=6555
2023-03-27 23:33:45 - progress_bar.py[line:272] - INFO: epoch 001:   1251 / 1878 loss=5.678, loss_v1=0, loss_v2=0, nll_loss=4.827, ntokens=320, nsentences=64, sample_size=320, sample_size_v1=0, sample_size_v2=0, ppl=28.38, wps=78.5, ups=0.25, wpb=320, bsz=64, num_updates=1250, lr=4.96488e-05, gnorm=1.994, clip=100, loss_scale=256, train_wall=41, gb_free=7.4, wall=6595
2023-03-27 23:34:26 - progress_bar.py[line:272] - INFO: epoch 001:   1261 / 1878 loss=5.63, loss_v1=0, loss_v2=0, nll_loss=4.773, ntokens=320, nsentences=64, sample_size=320, sample_size_v1=0, sample_size_v2=0, ppl=27.34, wps=78.1, ups=0.24, wpb=320, bsz=64, num_updates=1260, lr=4.96205e-05, gnorm=1.994, clip=100, loss_scale=256, train_wall=41, gb_free=7.4, wall=6636
2023-03-27 23:35:07 - progress_bar.py[line:272] - INFO: epoch 001:   1271 / 1878 loss=5.63, loss_v1=0, loss_v2=0, nll_loss=4.775, ntokens=320, nsentences=64, sample_size=320, sample_size_v1=0, sample_size_v2=0, ppl=27.37, wps=78.1, ups=0.24, wpb=320, bsz=64, num_updates=1270, lr=4.95922e-05, gnorm=1.941, clip=100, loss_scale=256, train_wall=41, gb_free=7.4, wall=6677
2023-03-27 23:35:48 - progress_bar.py[line:272] - INFO: epoch 001:   1281 / 1878 loss=5.632, loss_v1=0, loss_v2=0, nll_loss=4.779, ntokens=320, nsentences=64, sample_size=320, sample_size_v1=0, sample_size_v2=0, ppl=27.46, wps=78.1, ups=0.24, wpb=320, bsz=64, num_updates=1280, lr=4.95638e-05, gnorm=1.966, clip=100, loss_scale=256, train_wall=41, gb_free=7.4, wall=6718
2023-03-27 23:36:29 - progress_bar.py[line:272] - INFO: epoch 001:   1291 / 1878 loss=5.659, loss_v1=0, loss_v2=0, nll_loss=4.809, ntokens=320, nsentences=64, sample_size=320, sample_size_v1=0, sample_size_v2=0, ppl=28.03, wps=77.8, ups=0.24, wpb=320, bsz=64, num_updates=1290, lr=4.95355e-05, gnorm=2.004, clip=100, loss_scale=256, train_wall=41, gb_free=7.4, wall=6759
2023-03-27 23:37:10 - progress_bar.py[line:272] - INFO: epoch 001:   1301 / 1878 loss=5.637, loss_v1=0, loss_v2=0, nll_loss=4.787, ntokens=320, nsentences=64, sample_size=320, sample_size_v1=0, sample_size_v2=0, ppl=27.61, wps=78.1, ups=0.24, wpb=320, bsz=64, num_updates=1300, lr=4.95072e-05, gnorm=2.063, clip=100, loss_scale=256, train_wall=41, gb_free=7.4, wall=6800
2023-03-27 23:37:51 - progress_bar.py[line:272] - INFO: epoch 001:   1311 / 1878 loss=5.685, loss_v1=0, loss_v2=0, nll_loss=4.834, ntokens=320, nsentences=64, sample_size=320, sample_size_v1=0, sample_size_v2=0, ppl=28.52, wps=78, ups=0.24, wpb=320, bsz=64, num_updates=1310, lr=4.94789e-05, gnorm=2.025, clip=100, loss_scale=256, train_wall=41, gb_free=7.4, wall=6841
2023-03-27 23:38:32 - progress_bar.py[line:272] - INFO: epoch 001:   1321 / 1878 loss=5.68, loss_v1=0, loss_v2=0, nll_loss=4.836, ntokens=320, nsentences=64, sample_size=320, sample_size_v1=0, sample_size_v2=0, ppl=28.56, wps=78.4, ups=0.24, wpb=320, bsz=64, num_updates=1320, lr=4.94505e-05, gnorm=2.038, clip=100, loss_scale=256, train_wall=41, gb_free=7.4, wall=6882
2023-03-27 23:39:12 - progress_bar.py[line:272] - INFO: epoch 001:   1331 / 1878 loss=5.677, loss_v1=0, loss_v2=0, nll_loss=4.825, ntokens=320, nsentences=64, sample_size=320, sample_size_v1=0, sample_size_v2=0, ppl=28.34, wps=78.7, ups=0.25, wpb=320, bsz=64, num_updates=1330, lr=4.94222e-05, gnorm=1.953, clip=100, loss_scale=256, train_wall=40, gb_free=7.4, wall=6923
2023-03-27 23:39:53 - progress_bar.py[line:272] - INFO: epoch 001:   1341 / 1878 loss=5.616, loss_v1=0, loss_v2=0, nll_loss=4.766, ntokens=320, nsentences=64, sample_size=320, sample_size_v1=0, sample_size_v2=0, ppl=27.21, wps=78.5, ups=0.25, wpb=320, bsz=64, num_updates=1340, lr=4.93939e-05, gnorm=1.976, clip=100, loss_scale=256, train_wall=41, gb_free=7.4, wall=6964
2023-03-27 23:40:34 - progress_bar.py[line:272] - INFO: epoch 001:   1351 / 1878 loss=5.632, loss_v1=0, loss_v2=0, nll_loss=4.779, ntokens=320, nsentences=64, sample_size=320, sample_size_v1=0, sample_size_v2=0, ppl=27.45, wps=78.2, ups=0.24, wpb=320, bsz=64, num_updates=1350, lr=4.93656e-05, gnorm=1.958, clip=100, loss_scale=256, train_wall=41, gb_free=7.4, wall=7005
2023-03-27 23:41:15 - progress_bar.py[line:272] - INFO: epoch 001:   1361 / 1878 loss=5.687, loss_v1=0, loss_v2=0, nll_loss=4.832, ntokens=320, nsentences=64, sample_size=320, sample_size_v1=0, sample_size_v2=0, ppl=28.48, wps=78.4, ups=0.24, wpb=320, bsz=64, num_updates=1360, lr=4.93373e-05, gnorm=2.022, clip=100, loss_scale=256, train_wall=41, gb_free=7.4, wall=7045
2023-03-27 23:41:56 - progress_bar.py[line:272] - INFO: epoch 001:   1371 / 1878 loss=5.667, loss_v1=0, loss_v2=0, nll_loss=4.823, ntokens=320, nsentences=64, sample_size=320, sample_size_v1=0, sample_size_v2=0, ppl=28.31, wps=78.2, ups=0.24, wpb=320, bsz=64, num_updates=1370, lr=4.93089e-05, gnorm=1.967, clip=100, loss_scale=256, train_wall=41, gb_free=7.4, wall=7086
2023-03-27 23:42:37 - progress_bar.py[line:272] - INFO: epoch 001:   1381 / 1878 loss=5.692, loss_v1=0, loss_v2=0, nll_loss=4.852, ntokens=320, nsentences=64, sample_size=320, sample_size_v1=0, sample_size_v2=0, ppl=28.88, wps=78.4, ups=0.25, wpb=320, bsz=64, num_updates=1380, lr=4.92806e-05, gnorm=2.026, clip=100, loss_scale=256, train_wall=41, gb_free=7.4, wall=7127
2023-03-27 23:43:18 - progress_bar.py[line:272] - INFO: epoch 001:   1391 / 1878 loss=5.652, loss_v1=0, loss_v2=0, nll_loss=4.798, ntokens=320, nsentences=64, sample_size=320, sample_size_v1=0, sample_size_v2=0, ppl=27.82, wps=78.2, ups=0.24, wpb=320, bsz=64, num_updates=1390, lr=4.92523e-05, gnorm=1.974, clip=100, loss_scale=256, train_wall=41, gb_free=7.4, wall=7168
2023-03-27 23:43:58 - progress_bar.py[line:272] - INFO: epoch 001:   1401 / 1878 loss=5.638, loss_v1=0, loss_v2=0, nll_loss=4.787, ntokens=320, nsentences=64, sample_size=320, sample_size_v1=0, sample_size_v2=0, ppl=27.61, wps=78.4, ups=0.24, wpb=320, bsz=64, num_updates=1400, lr=4.9224e-05, gnorm=1.961, clip=100, loss_scale=256, train_wall=41, gb_free=7.4, wall=7209
2023-03-27 23:44:39 - progress_bar.py[line:272] - INFO: epoch 001:   1411 / 1878 loss=5.684, loss_v1=0, loss_v2=0, nll_loss=4.838, ntokens=320, nsentences=64, sample_size=320, sample_size_v1=0, sample_size_v2=0, ppl=28.6, wps=78.3, ups=0.24, wpb=320, bsz=64, num_updates=1410, lr=4.91956e-05, gnorm=2.014, clip=100, loss_scale=256, train_wall=41, gb_free=7.4, wall=7250
2023-03-27 23:45:20 - progress_bar.py[line:272] - INFO: epoch 001:   1421 / 1878 loss=5.641, loss_v1=0, loss_v2=0, nll_loss=4.793, ntokens=320, nsentences=64, sample_size=320, sample_size_v1=0, sample_size_v2=0, ppl=27.72, wps=78.3, ups=0.24, wpb=320, bsz=64, num_updates=1420, lr=4.91673e-05, gnorm=2.038, clip=100, loss_scale=256, train_wall=41, gb_free=7.4, wall=7291
2023-03-27 23:46:01 - progress_bar.py[line:272] - INFO: epoch 001:   1431 / 1878 loss=5.668, loss_v1=0, loss_v2=0, nll_loss=4.809, ntokens=320, nsentences=64, sample_size=320, sample_size_v1=0, sample_size_v2=0, ppl=28.02, wps=77.6, ups=0.24, wpb=320, bsz=64, num_updates=1430, lr=4.9139e-05, gnorm=2.038, clip=100, loss_scale=256, train_wall=41, gb_free=7.4, wall=7332
2023-03-27 23:46:42 - progress_bar.py[line:272] - INFO: epoch 001:   1441 / 1878 loss=5.669, loss_v1=0, loss_v2=0, nll_loss=4.829, ntokens=320, nsentences=64, sample_size=320, sample_size_v1=0, sample_size_v2=0, ppl=28.43, wps=77.9, ups=0.24, wpb=320, bsz=64, num_updates=1440, lr=4.91107e-05, gnorm=1.999, clip=100, loss_scale=256, train_wall=41, gb_free=7.4, wall=7373
2023-03-27 23:47:23 - progress_bar.py[line:272] - INFO: epoch 001:   1451 / 1878 loss=5.619, loss_v1=0, loss_v2=0, nll_loss=4.762, ntokens=320, nsentences=64, sample_size=320, sample_size_v1=0, sample_size_v2=0, ppl=27.14, wps=78.1, ups=0.24, wpb=320, bsz=64, num_updates=1450, lr=4.90824e-05, gnorm=2.04, clip=100, loss_scale=256, train_wall=41, gb_free=7.4, wall=7414
2023-03-27 23:48:04 - progress_bar.py[line:272] - INFO: epoch 001:   1461 / 1878 loss=5.617, loss_v1=0, loss_v2=0, nll_loss=4.759, ntokens=320, nsentences=64, sample_size=320, sample_size_v1=0, sample_size_v2=0, ppl=27.08, wps=78.8, ups=0.25, wpb=320, bsz=64, num_updates=1460, lr=4.9054e-05, gnorm=1.957, clip=100, loss_scale=256, train_wall=40, gb_free=7.4, wall=7455
2023-03-27 23:48:45 - progress_bar.py[line:272] - INFO: epoch 001:   1471 / 1878 loss=5.652, loss_v1=0, loss_v2=0, nll_loss=4.791, ntokens=320, nsentences=64, sample_size=320, sample_size_v1=0, sample_size_v2=0, ppl=27.68, wps=78.2, ups=0.24, wpb=320, bsz=64, num_updates=1470, lr=4.90257e-05, gnorm=1.958, clip=100, loss_scale=256, train_wall=41, gb_free=7.4, wall=7495
2023-03-27 23:49:26 - progress_bar.py[line:272] - INFO: epoch 001:   1481 / 1878 loss=5.645, loss_v1=0, loss_v2=0, nll_loss=4.801, ntokens=320, nsentences=64, sample_size=320, sample_size_v1=0, sample_size_v2=0, ppl=27.88, wps=78.7, ups=0.25, wpb=320, bsz=64, num_updates=1480, lr=4.89974e-05, gnorm=2.019, clip=100, loss_scale=256, train_wall=40, gb_free=7.4, wall=7536
2023-03-27 23:50:06 - progress_bar.py[line:272] - INFO: epoch 001:   1491 / 1878 loss=5.638, loss_v1=0, loss_v2=0, nll_loss=4.786, ntokens=320, nsentences=64, sample_size=320, sample_size_v1=0, sample_size_v2=0, ppl=27.59, wps=78.6, ups=0.25, wpb=320, bsz=64, num_updates=1490, lr=4.89691e-05, gnorm=1.963, clip=100, loss_scale=256, train_wall=40, gb_free=7.4, wall=7577
2023-03-27 23:50:47 - progress_bar.py[line:272] - INFO: epoch 001:   1501 / 1878 loss=5.649, loss_v1=0, loss_v2=0, nll_loss=4.798, ntokens=320, nsentences=64, sample_size=320, sample_size_v1=0, sample_size_v2=0, ppl=27.81, wps=78.6, ups=0.25, wpb=320, bsz=64, num_updates=1500, lr=4.89407e-05, gnorm=1.92, clip=100, loss_scale=256, train_wall=40, gb_free=7.4, wall=7618
2023-03-27 23:50:47 - train.py[line:445] - INFO: begin validation on "valid" subset
slice_id 0 seek offset 0
slice_id 1 seek offset 5379
slice_id 0 seek offset 0
slice_id 1 seek offset 5379
2023-03-28 00:02:08 - progress_bar.py[line:282] - INFO: epoch 001 | valid on 'valid' subset | loss 5.642 | loss_v1 0 | loss_v2 0 | nll_loss 4.792 | ntokens 39.993 | nsentences 7.999 | sample_size 39.993 | sample_size_v1 0 | sample_size_v2 0 | ppl 27.7 | score 0.0754 | wps 79 | wpb 40 | bsz 8 | num_updates 1500 | best_score 0.0754
2023-03-28 00:02:08 - checkpoint_utils.py[line:64] - INFO: Preparing to save checkpoint for epoch 1 @ 1500 updates
2023-03-28 00:02:08 - trainer.py[line:431] - INFO: Saving checkpoint to ./refcocoplus_scratch_checkpoints/10_5e-5_512/checkpoint_1_1500.pt
2023-03-28 00:02:26 - trainer.py[line:441] - INFO: Finished saving checkpoint to ./refcocoplus_scratch_checkpoints/10_5e-5_512/checkpoint_1_1500.pt
2023-03-28 00:02:58 - checkpoint_utils.py[line:133] - INFO: Saved checkpoint ./refcocoplus_scratch_checkpoints/10_5e-5_512/checkpoint_1_1500.pt (epoch 1 @ 1500 updates, score 0.0754) (writing took 50.114376035518944 seconds)
2023-03-28 00:03:39 - progress_bar.py[line:272] - INFO: epoch 001:   1511 / 1878 loss=5.637, loss_v1=0, loss_v2=0, nll_loss=4.79, ntokens=320, nsentences=64, sample_size=320, sample_size_v1=0, sample_size_v2=0, ppl=27.66, wps=4.1, ups=0.01, wpb=320, bsz=64, num_updates=1510, lr=4.89124e-05, gnorm=1.95, clip=100, loss_scale=256, train_wall=40, gb_free=7.4, wall=8389
2023-03-28 00:04:20 - progress_bar.py[line:272] - INFO: epoch 001:   1521 / 1878 loss=5.653, loss_v1=0, loss_v2=0, nll_loss=4.801, ntokens=320, nsentences=64, sample_size=320, sample_size_v1=0, sample_size_v2=0, ppl=27.87, wps=78, ups=0.24, wpb=320, bsz=64, num_updates=1520, lr=4.88841e-05, gnorm=1.929, clip=100, loss_scale=256, train_wall=41, gb_free=7.4, wall=8430
2023-03-28 00:05:01 - progress_bar.py[line:272] - INFO: epoch 001:   1531 / 1878 loss=5.64, loss_v1=0, loss_v2=0, nll_loss=4.787, ntokens=320, nsentences=64, sample_size=320, sample_size_v1=0, sample_size_v2=0, ppl=27.62, wps=78.3, ups=0.24, wpb=320, bsz=64, num_updates=1530, lr=4.88558e-05, gnorm=1.954, clip=100, loss_scale=256, train_wall=41, gb_free=7.4, wall=8471
2023-03-28 00:05:41 - progress_bar.py[line:272] - INFO: epoch 001:   1541 / 1878 loss=5.674, loss_v1=0, loss_v2=0, nll_loss=4.83, ntokens=320, nsentences=64, sample_size=320, sample_size_v1=0, sample_size_v2=0, ppl=28.44, wps=78.3, ups=0.24, wpb=320, bsz=64, num_updates=1540, lr=4.88275e-05, gnorm=1.953, clip=100, loss_scale=512, train_wall=41, gb_free=7.4, wall=8512
2023-03-28 00:06:23 - progress_bar.py[line:272] - INFO: epoch 001:   1551 / 1878 loss=5.648, loss_v1=0, loss_v2=0, nll_loss=4.79, ntokens=320, nsentences=64, sample_size=320, sample_size_v1=0, sample_size_v2=0, ppl=27.67, wps=77.9, ups=0.24, wpb=320, bsz=64, num_updates=1550, lr=4.87991e-05, gnorm=1.93, clip=100, loss_scale=512, train_wall=41, gb_free=7.4, wall=8553
2023-03-28 00:07:04 - progress_bar.py[line:272] - INFO: epoch 001:   1561 / 1878 loss=5.682, loss_v1=0, loss_v2=0, nll_loss=4.837, ntokens=320, nsentences=64, sample_size=320, sample_size_v1=0, sample_size_v2=0, ppl=28.58, wps=78, ups=0.24, wpb=320, bsz=64, num_updates=1560, lr=4.87708e-05, gnorm=1.926, clip=100, loss_scale=512, train_wall=41, gb_free=7.4, wall=8594
2023-03-28 00:07:44 - progress_bar.py[line:272] - INFO: epoch 001:   1571 / 1878 loss=5.624, loss_v1=0, loss_v2=0, nll_loss=4.773, ntokens=320, nsentences=64, sample_size=320, sample_size_v1=0, sample_size_v2=0, ppl=27.34, wps=78.7, ups=0.25, wpb=320, bsz=64, num_updates=1570, lr=4.87425e-05, gnorm=1.989, clip=100, loss_scale=512, train_wall=41, gb_free=7.4, wall=8635
2023-03-28 00:08:25 - progress_bar.py[line:272] - INFO: epoch 001:   1581 / 1878 loss=5.652, loss_v1=0, loss_v2=0, nll_loss=4.794, ntokens=320, nsentences=64, sample_size=320, sample_size_v1=0, sample_size_v2=0, ppl=27.75, wps=78.2, ups=0.24, wpb=320, bsz=64, num_updates=1580, lr=4.87142e-05, gnorm=2.023, clip=100, loss_scale=512, train_wall=41, gb_free=7.4, wall=8676
2023-03-28 00:09:06 - progress_bar.py[line:272] - INFO: epoch 001:   1591 / 1878 loss=5.635, loss_v1=0, loss_v2=0, nll_loss=4.784, ntokens=320, nsentences=64, sample_size=320, sample_size_v1=0, sample_size_v2=0, ppl=27.55, wps=78.4, ups=0.24, wpb=320, bsz=64, num_updates=1590, lr=4.86859e-05, gnorm=1.947, clip=100, loss_scale=512, train_wall=41, gb_free=7.4, wall=8717
2023-03-28 00:09:47 - progress_bar.py[line:272] - INFO: epoch 001:   1601 / 1878 loss=5.599, loss_v1=0, loss_v2=0, nll_loss=4.744, ntokens=320, nsentences=64, sample_size=320, sample_size_v1=0, sample_size_v2=0, ppl=26.8, wps=78.5, ups=0.25, wpb=320, bsz=64, num_updates=1600, lr=4.86575e-05, gnorm=1.943, clip=100, loss_scale=512, train_wall=40, gb_free=7.4, wall=8757
2023-03-28 00:10:28 - progress_bar.py[line:272] - INFO: epoch 001:   1611 / 1878 loss=5.631, loss_v1=0, loss_v2=0, nll_loss=4.768, ntokens=320, nsentences=64, sample_size=320, sample_size_v1=0, sample_size_v2=0, ppl=27.25, wps=78.3, ups=0.24, wpb=320, bsz=64, num_updates=1610, lr=4.86292e-05, gnorm=1.99, clip=100, loss_scale=512, train_wall=41, gb_free=7.4, wall=8798
2023-03-28 00:11:09 - progress_bar.py[line:272] - INFO: epoch 001:   1621 / 1878 loss=5.608, loss_v1=0, loss_v2=0, nll_loss=4.753, ntokens=320, nsentences=64, sample_size=320, sample_size_v1=0, sample_size_v2=0, ppl=26.97, wps=78.1, ups=0.24, wpb=320, bsz=64, num_updates=1620, lr=4.86009e-05, gnorm=1.973, clip=100, loss_scale=512, train_wall=41, gb_free=7.4, wall=8839
2023-03-28 00:11:49 - progress_bar.py[line:272] - INFO: epoch 001:   1631 / 1878 loss=5.634, loss_v1=0, loss_v2=0, nll_loss=4.782, ntokens=320, nsentences=64, sample_size=320, sample_size_v1=0, sample_size_v2=0, ppl=27.51, wps=78.3, ups=0.24, wpb=320, bsz=64, num_updates=1630, lr=4.85726e-05, gnorm=2.006, clip=100, loss_scale=512, train_wall=41, gb_free=7.4, wall=8880
2023-03-28 00:11:58 - trainer.py[line:921] - INFO: NOTE: gradient overflow detected, ignoring gradient, setting loss scale to: 256.0
2023-03-28 00:12:35 - progress_bar.py[line:272] - INFO: epoch 001:   1642 / 1878 loss=5.66, loss_v1=0, loss_v2=0, nll_loss=4.812, ntokens=320, nsentences=64, sample_size=320, sample_size_v1=0, sample_size_v2=0, ppl=28.09, wps=70.7, ups=0.22, wpb=320, bsz=64, num_updates=1640, lr=4.85442e-05, gnorm=1.971, clip=100, loss_scale=256, train_wall=45, gb_free=7.4, wall=8925
2023-03-28 00:13:16 - progress_bar.py[line:272] - INFO: epoch 001:   1652 / 1878 loss=5.602, loss_v1=0, loss_v2=0, nll_loss=4.753, ntokens=320, nsentences=64, sample_size=320, sample_size_v1=0, sample_size_v2=0, ppl=26.96, wps=77.9, ups=0.24, wpb=320, bsz=64, num_updates=1650, lr=4.85159e-05, gnorm=1.971, clip=100, loss_scale=256, train_wall=41, gb_free=7.4, wall=8966
2023-03-28 00:13:57 - progress_bar.py[line:272] - INFO: epoch 001:   1662 / 1878 loss=5.609, loss_v1=0, loss_v2=0, nll_loss=4.75, ntokens=320, nsentences=64, sample_size=320, sample_size_v1=0, sample_size_v2=0, ppl=26.91, wps=78.1, ups=0.24, wpb=320, bsz=64, num_updates=1660, lr=4.84876e-05, gnorm=1.958, clip=100, loss_scale=256, train_wall=41, gb_free=7.4, wall=9007
2023-03-28 00:14:38 - progress_bar.py[line:272] - INFO: epoch 001:   1672 / 1878 loss=5.666, loss_v1=0, loss_v2=0, nll_loss=4.816, ntokens=320, nsentences=64, sample_size=320, sample_size_v1=0, sample_size_v2=0, ppl=28.18, wps=77.9, ups=0.24, wpb=320, bsz=64, num_updates=1670, lr=4.84593e-05, gnorm=2.01, clip=100, loss_scale=256, train_wall=41, gb_free=7.4, wall=9048
2023-03-28 00:15:19 - progress_bar.py[line:272] - INFO: epoch 001:   1682 / 1878 loss=5.625, loss_v1=0, loss_v2=0, nll_loss=4.769, ntokens=320, nsentences=64, sample_size=320, sample_size_v1=0, sample_size_v2=0, ppl=27.27, wps=78, ups=0.24, wpb=320, bsz=64, num_updates=1680, lr=4.8431e-05, gnorm=2.027, clip=100, loss_scale=256, train_wall=41, gb_free=7.4, wall=9089
2023-03-28 00:16:00 - progress_bar.py[line:272] - INFO: epoch 001:   1692 / 1878 loss=5.657, loss_v1=0, loss_v2=0, nll_loss=4.811, ntokens=320, nsentences=64, sample_size=320, sample_size_v1=0, sample_size_v2=0, ppl=28.07, wps=77.9, ups=0.24, wpb=320, bsz=64, num_updates=1690, lr=4.84026e-05, gnorm=1.947, clip=100, loss_scale=256, train_wall=41, gb_free=7.4, wall=9131
2023-03-28 00:16:41 - progress_bar.py[line:272] - INFO: epoch 001:   1702 / 1878 loss=5.656, loss_v1=0, loss_v2=0, nll_loss=4.805, ntokens=320, nsentences=64, sample_size=320, sample_size_v1=0, sample_size_v2=0, ppl=27.95, wps=77.4, ups=0.24, wpb=320, bsz=64, num_updates=1700, lr=4.83743e-05, gnorm=1.973, clip=100, loss_scale=256, train_wall=41, gb_free=7.4, wall=9172
2023-03-28 00:17:22 - progress_bar.py[line:272] - INFO: epoch 001:   1712 / 1878 loss=5.599, loss_v1=0, loss_v2=0, nll_loss=4.741, ntokens=320, nsentences=64, sample_size=320, sample_size_v1=0, sample_size_v2=0, ppl=26.74, wps=77.8, ups=0.24, wpb=320, bsz=64, num_updates=1710, lr=4.8346e-05, gnorm=1.978, clip=100, loss_scale=256, train_wall=41, gb_free=7.4, wall=9213
2023-03-28 00:18:03 - progress_bar.py[line:272] - INFO: epoch 001:   1722 / 1878 loss=5.629, loss_v1=0, loss_v2=0, nll_loss=4.773, ntokens=320, nsentences=64, sample_size=320, sample_size_v1=0, sample_size_v2=0, ppl=27.34, wps=78.4, ups=0.25, wpb=320, bsz=64, num_updates=1720, lr=4.83177e-05, gnorm=2.041, clip=100, loss_scale=256, train_wall=41, gb_free=7.4, wall=9254
2023-03-28 00:18:44 - progress_bar.py[line:272] - INFO: epoch 001:   1732 / 1878 loss=5.644, loss_v1=0, loss_v2=0, nll_loss=4.794, ntokens=320, nsentences=64, sample_size=320, sample_size_v1=0, sample_size_v2=0, ppl=27.73, wps=78.3, ups=0.24, wpb=320, bsz=64, num_updates=1730, lr=4.82893e-05, gnorm=2.009, clip=100, loss_scale=256, train_wall=41, gb_free=7.4, wall=9295
2023-03-28 00:19:25 - progress_bar.py[line:272] - INFO: epoch 001:   1742 / 1878 loss=5.633, loss_v1=0, loss_v2=0, nll_loss=4.781, ntokens=320, nsentences=64, sample_size=320, sample_size_v1=0, sample_size_v2=0, ppl=27.5, wps=78.8, ups=0.25, wpb=320, bsz=64, num_updates=1740, lr=4.8261e-05, gnorm=2.069, clip=100, loss_scale=256, train_wall=40, gb_free=7.4, wall=9335
2023-03-28 00:20:06 - progress_bar.py[line:272] - INFO: epoch 001:   1752 / 1878 loss=5.636, loss_v1=0, loss_v2=0, nll_loss=4.786, ntokens=320, nsentences=64, sample_size=320, sample_size_v1=0, sample_size_v2=0, ppl=27.59, wps=77.8, ups=0.24, wpb=320, bsz=64, num_updates=1750, lr=4.82327e-05, gnorm=2.052, clip=100, loss_scale=256, train_wall=41, gb_free=7.4, wall=9376
2023-03-28 00:20:47 - progress_bar.py[line:272] - INFO: epoch 001:   1762 / 1878 loss=5.567, loss_v1=0, loss_v2=0, nll_loss=4.708, ntokens=320, nsentences=64, sample_size=320, sample_size_v1=0, sample_size_v2=0, ppl=26.13, wps=78.6, ups=0.25, wpb=320, bsz=64, num_updates=1760, lr=4.82044e-05, gnorm=2.041, clip=100, loss_scale=256, train_wall=40, gb_free=7.4, wall=9417
2023-03-28 00:21:27 - progress_bar.py[line:272] - INFO: epoch 001:   1772 / 1878 loss=5.646, loss_v1=0, loss_v2=0, nll_loss=4.797, ntokens=320, nsentences=64, sample_size=320, sample_size_v1=0, sample_size_v2=0, ppl=27.8, wps=78.8, ups=0.25, wpb=320, bsz=64, num_updates=1770, lr=4.81761e-05, gnorm=2.033, clip=100, loss_scale=256, train_wall=40, gb_free=7.4, wall=9458
2023-03-28 00:22:08 - progress_bar.py[line:272] - INFO: epoch 001:   1782 / 1878 loss=5.623, loss_v1=0, loss_v2=0, nll_loss=4.769, ntokens=320, nsentences=64, sample_size=320, sample_size_v1=0, sample_size_v2=0, ppl=27.27, wps=78.1, ups=0.24, wpb=320, bsz=64, num_updates=1780, lr=4.81477e-05, gnorm=2.047, clip=100, loss_scale=256, train_wall=41, gb_free=7.4, wall=9499
2023-03-28 00:22:49 - progress_bar.py[line:272] - INFO: epoch 001:   1792 / 1878 loss=5.612, loss_v1=0, loss_v2=0, nll_loss=4.754, ntokens=320, nsentences=64, sample_size=320, sample_size_v1=0, sample_size_v2=0, ppl=26.99, wps=78.2, ups=0.24, wpb=320, bsz=64, num_updates=1790, lr=4.81194e-05, gnorm=2.01, clip=100, loss_scale=256, train_wall=41, gb_free=7.4, wall=9540
2023-03-28 00:23:30 - progress_bar.py[line:272] - INFO: epoch 001:   1802 / 1878 loss=5.656, loss_v1=0, loss_v2=0, nll_loss=4.805, ntokens=320, nsentences=64, sample_size=320, sample_size_v1=0, sample_size_v2=0, ppl=27.95, wps=77.8, ups=0.24, wpb=320, bsz=64, num_updates=1800, lr=4.80911e-05, gnorm=2.082, clip=100, loss_scale=256, train_wall=41, gb_free=7.4, wall=9581
2023-03-28 00:24:11 - progress_bar.py[line:272] - INFO: epoch 001:   1812 / 1878 loss=5.661, loss_v1=0, loss_v2=0, nll_loss=4.81, ntokens=320, nsentences=64, sample_size=320, sample_size_v1=0, sample_size_v2=0, ppl=28.05, wps=78.3, ups=0.24, wpb=320, bsz=64, num_updates=1810, lr=4.80628e-05, gnorm=1.996, clip=100, loss_scale=256, train_wall=41, gb_free=7.4, wall=9622
2023-03-28 00:24:52 - progress_bar.py[line:272] - INFO: epoch 001:   1822 / 1878 loss=5.591, loss_v1=0, loss_v2=0, nll_loss=4.73, ntokens=320, nsentences=64, sample_size=320, sample_size_v1=0, sample_size_v2=0, ppl=26.53, wps=78.3, ups=0.24, wpb=320, bsz=64, num_updates=1820, lr=4.80344e-05, gnorm=2.045, clip=100, loss_scale=256, train_wall=41, gb_free=7.4, wall=9663
2023-03-28 00:25:33 - progress_bar.py[line:272] - INFO: epoch 001:   1832 / 1878 loss=5.626, loss_v1=0, loss_v2=0, nll_loss=4.773, ntokens=320, nsentences=64, sample_size=320, sample_size_v1=0, sample_size_v2=0, ppl=27.34, wps=78.5, ups=0.25, wpb=320, bsz=64, num_updates=1830, lr=4.80061e-05, gnorm=1.943, clip=100, loss_scale=256, train_wall=40, gb_free=7.4, wall=9703
2023-03-28 00:26:14 - progress_bar.py[line:272] - INFO: epoch 001:   1842 / 1878 loss=5.64, loss_v1=0, loss_v2=0, nll_loss=4.787, ntokens=320, nsentences=64, sample_size=320, sample_size_v1=0, sample_size_v2=0, ppl=27.62, wps=78.3, ups=0.24, wpb=320, bsz=64, num_updates=1840, lr=4.79778e-05, gnorm=1.973, clip=100, loss_scale=256, train_wall=41, gb_free=7.4, wall=9744
2023-03-28 00:26:54 - progress_bar.py[line:272] - INFO: epoch 001:   1852 / 1878 loss=5.619, loss_v1=0, loss_v2=0, nll_loss=4.768, ntokens=320, nsentences=64, sample_size=320, sample_size_v1=0, sample_size_v2=0, ppl=27.24, wps=78.5, ups=0.25, wpb=320, bsz=64, num_updates=1850, lr=4.79495e-05, gnorm=2.128, clip=100, loss_scale=256, train_wall=41, gb_free=7.4, wall=9785
2023-03-28 00:27:35 - progress_bar.py[line:272] - INFO: epoch 001:   1862 / 1878 loss=5.666, loss_v1=0, loss_v2=0, nll_loss=4.817, ntokens=320, nsentences=64, sample_size=320, sample_size_v1=0, sample_size_v2=0, ppl=28.2, wps=78.6, ups=0.25, wpb=320, bsz=64, num_updates=1860, lr=4.79212e-05, gnorm=2.093, clip=100, loss_scale=256, train_wall=40, gb_free=7.4, wall=9826
2023-03-28 00:28:16 - progress_bar.py[line:272] - INFO: epoch 001:   1872 / 1878 loss=5.568, loss_v1=0, loss_v2=0, nll_loss=4.711, ntokens=320, nsentences=64, sample_size=320, sample_size_v1=0, sample_size_v2=0, ppl=26.18, wps=78.7, ups=0.25, wpb=320, bsz=64, num_updates=1870, lr=4.78928e-05, gnorm=2.002, clip=100, loss_scale=256, train_wall=40, gb_free=7.4, wall=9866
2023-03-28 00:28:39 - train.py[line:445] - INFO: begin validation on "valid" subset
slice_id 0 seek offset 0
slice_id 1 seek offset 5379
slice_id 0 seek offset 0
slice_id 1 seek offset 5379
2023-03-28 00:40:02 - progress_bar.py[line:282] - INFO: epoch 001 | valid on 'valid' subset | loss 5.629 | loss_v1 0 | loss_v2 0 | nll_loss 4.763 | ntokens 39.993 | nsentences 7.999 | sample_size 39.993 | sample_size_v1 0 | sample_size_v2 0 | ppl 27.16 | score 0.0742 | wps 78.8 | wpb 40 | bsz 8 | num_updates 1876 | best_score 0.0754
2023-03-28 00:40:02 - checkpoint_utils.py[line:64] - INFO: Preparing to save checkpoint for epoch 1 @ 1876 updates
2023-03-28 00:40:02 - trainer.py[line:431] - INFO: Saving checkpoint to ./refcocoplus_scratch_checkpoints/10_5e-5_512/checkpoint_last.pt
local datafile ../../dataset/refcocoplus_data/refcocoplus_train.tsv slice_id 1 begin to initialize row_count and line_idx-to-offset mapping
2023-03-28 00:40:20 - trainer.py[line:441] - INFO: Finished saving checkpoint to ./refcocoplus_scratch_checkpoints/10_5e-5_512/checkpoint_last.pt
2023-03-28 00:40:20 - checkpoint_utils.py[line:133] - INFO: Saved checkpoint ./refcocoplus_scratch_checkpoints/10_5e-5_512/checkpoint_last.pt (epoch 1 @ 1876 updates, score 0.0742) (writing took 18.42421498335898 seconds)
2023-03-28 00:40:20 - train.py[line:332] - INFO: end of epoch 1 (average epoch stats below)
2023-03-28 00:40:20 - progress_bar.py[line:282] - INFO: epoch 001 | loss 6.216 | loss_v1 0 | loss_v2 0 | nll_loss 5.343 | ntokens 319.997 | nsentences 63.999 | sample_size 319.997 | sample_size_v1 0 | sample_size_v2 0 | ppl 40.58 | wps 56.9 | ups 0.18 | wpb 320 | bsz 64 | num_updates 1876 | lr 4.78758e-05 | gnorm 2.583 | clip 100 | loss_scale 256 | train_wall 7644 | gb_free 7.4 | wall 10591
2023-03-28 00:40:20 - trainer.py[line:639] - INFO: loading train data for epoch 2
local datafile ../../dataset/refcocoplus_data/refcocoplus_train.tsv slice_id 0 begin to initialize row_count and line_idx-to-offset mapping
local datafile ../../dataset/refcocoplus_data/refcocoplus_train.tsv slice_id 1 finished initializing row_count and line_idx-to-offset mapping
file ../../dataset/refcocoplus_data/refcocoplus_train.tsv slice_id 1 row count 60095 total row count 120191
slice_id 1 seek offset 60096
local datafile ../../dataset/refcocoplus_data/refcocoplus_train.tsv slice_id 0 finished initializing row_count and line_idx-to-offset mapping
file ../../dataset/refcocoplus_data/refcocoplus_train.tsv slice_id 0 row count 60096 total row count 120191
slice_id 0 seek offset 0
2023-03-28 00:40:36 - trainer.py[line:703] - INFO: begin training epoch 2
2023-03-28 00:40:36 - train.py[line:305] - INFO: Start iterating over samples
2023-03-28 00:40:53 - progress_bar.py[line:272] - INFO: epoch 002:      4 / 1878 loss=5.644, loss_v1=0, loss_v2=0, nll_loss=4.79, ntokens=320, nsentences=64, sample_size=320, sample_size_v1=0, sample_size_v2=0, ppl=27.66, wps=4.2, ups=0.01, wpb=320, bsz=64, num_updates=1880, lr=4.78645e-05, gnorm=2.094, clip=100, loss_scale=256, train_wall=39, gb_free=7.4, wall=10623
2023-03-28 00:41:34 - progress_bar.py[line:272] - INFO: epoch 002:     14 / 1878 loss=5.603, loss_v1=0, loss_v2=0, nll_loss=4.752, ntokens=320, nsentences=64, sample_size=320, sample_size_v1=0, sample_size_v2=0, ppl=26.95, wps=77.8, ups=0.24, wpb=320, bsz=64, num_updates=1890, lr=4.78362e-05, gnorm=2.108, clip=100, loss_scale=256, train_wall=41, gb_free=7.4, wall=10664
2023-03-28 00:42:15 - progress_bar.py[line:272] - INFO: epoch 002:     24 / 1878 loss=5.634, loss_v1=0, loss_v2=0, nll_loss=4.779, ntokens=320, nsentences=64, sample_size=320, sample_size_v1=0, sample_size_v2=0, ppl=27.46, wps=77.4, ups=0.24, wpb=320, bsz=64, num_updates=1900, lr=4.78079e-05, gnorm=2.19, clip=100, loss_scale=256, train_wall=41, gb_free=7.4, wall=10706
2023-03-28 00:42:56 - progress_bar.py[line:272] - INFO: epoch 002:     34 / 1878 loss=5.582, loss_v1=0, loss_v2=0, nll_loss=4.728, ntokens=320, nsentences=64, sample_size=320, sample_size_v1=0, sample_size_v2=0, ppl=26.51, wps=77.9, ups=0.24, wpb=320, bsz=64, num_updates=1910, lr=4.77795e-05, gnorm=2.214, clip=100, loss_scale=256, train_wall=41, gb_free=7.4, wall=10747
2023-03-28 00:43:37 - progress_bar.py[line:272] - INFO: epoch 002:     44 / 1878 loss=5.638, loss_v1=0, loss_v2=0, nll_loss=4.784, ntokens=320, nsentences=64, sample_size=320, sample_size_v1=0, sample_size_v2=0, ppl=27.54, wps=78.1, ups=0.24, wpb=320, bsz=64, num_updates=1920, lr=4.77512e-05, gnorm=2.151, clip=100, loss_scale=256, train_wall=41, gb_free=7.4, wall=10788
2023-03-28 00:44:18 - progress_bar.py[line:272] - INFO: epoch 002:     54 / 1878 loss=5.648, loss_v1=0, loss_v2=0, nll_loss=4.797, ntokens=320, nsentences=64, sample_size=320, sample_size_v1=0, sample_size_v2=0, ppl=27.8, wps=78.1, ups=0.24, wpb=320, bsz=64, num_updates=1930, lr=4.77229e-05, gnorm=2.213, clip=100, loss_scale=256, train_wall=41, gb_free=7.4, wall=10828
2023-03-28 00:44:59 - progress_bar.py[line:272] - INFO: epoch 002:     64 / 1878 loss=5.62, loss_v1=0, loss_v2=0, nll_loss=4.767, ntokens=320, nsentences=64, sample_size=320, sample_size_v1=0, sample_size_v2=0, ppl=27.23, wps=78.3, ups=0.24, wpb=320, bsz=64, num_updates=1940, lr=4.76946e-05, gnorm=2.14, clip=100, loss_scale=256, train_wall=41, gb_free=7.4, wall=10869
2023-03-28 00:45:40 - progress_bar.py[line:272] - INFO: epoch 002:     74 / 1878 loss=5.604, loss_v1=0, loss_v2=0, nll_loss=4.755, ntokens=320, nsentences=64, sample_size=320, sample_size_v1=0, sample_size_v2=0, ppl=26.99, wps=78, ups=0.24, wpb=320, bsz=64, num_updates=1950, lr=4.76663e-05, gnorm=2.069, clip=100, loss_scale=256, train_wall=41, gb_free=7.4, wall=10910
2023-03-28 00:46:21 - progress_bar.py[line:272] - INFO: epoch 002:     84 / 1878 loss=5.622, loss_v1=0, loss_v2=0, nll_loss=4.77, ntokens=320, nsentences=64, sample_size=320, sample_size_v1=0, sample_size_v2=0, ppl=27.29, wps=77.5, ups=0.24, wpb=320, bsz=64, num_updates=1960, lr=4.76379e-05, gnorm=2.147, clip=100, loss_scale=256, train_wall=41, gb_free=7.4, wall=10952
2023-03-28 00:47:02 - progress_bar.py[line:272] - INFO: epoch 002:     94 / 1878 loss=5.66, loss_v1=0, loss_v2=0, nll_loss=4.813, ntokens=320, nsentences=64, sample_size=320, sample_size_v1=0, sample_size_v2=0, ppl=28.11, wps=78.4, ups=0.24, wpb=320, bsz=64, num_updates=1970, lr=4.76096e-05, gnorm=2.213, clip=100, loss_scale=256, train_wall=41, gb_free=7.4, wall=10992
2023-03-28 00:47:43 - progress_bar.py[line:272] - INFO: epoch 002:    104 / 1878 loss=5.598, loss_v1=0, loss_v2=0, nll_loss=4.736, ntokens=320, nsentences=64, sample_size=320, sample_size_v1=0, sample_size_v2=0, ppl=26.64, wps=77.9, ups=0.24, wpb=320, bsz=64, num_updates=1980, lr=4.75813e-05, gnorm=2.14, clip=100, loss_scale=256, train_wall=41, gb_free=7.4, wall=11034
2023-03-28 00:48:24 - progress_bar.py[line:272] - INFO: epoch 002:    114 / 1878 loss=5.593, loss_v1=0, loss_v2=0, nll_loss=4.733, ntokens=320, nsentences=64, sample_size=320, sample_size_v1=0, sample_size_v2=0, ppl=26.59, wps=78.1, ups=0.24, wpb=320, bsz=64, num_updates=1990, lr=4.7553e-05, gnorm=2.181, clip=100, loss_scale=256, train_wall=41, gb_free=7.4, wall=11075
slice_id 1 seek offset 5379
2023-03-28 00:49:05 - progress_bar.py[line:272] - INFO: epoch 002:    124 / 1878 loss=5.609, loss_v1=0, loss_v2=0, nll_loss=4.756, ntokens=320, nsentences=64, sample_size=320, sample_size_v1=0, sample_size_v2=0, ppl=27.03, wps=78.4, ups=0.25, wpb=320, bsz=64, num_updates=2000, lr=4.75246e-05, gnorm=2.212, clip=100, loss_scale=256, train_wall=41, gb_free=7.4, wall=11115
2023-03-28 00:49:05 - train.py[line:445] - INFO: begin validation on "valid" subset
slice_id 0 seek offset 0
slice_id 1 seek offset 5379
slice_id 0 seek offset 0
2023-03-28 01:00:27 - progress_bar.py[line:282] - INFO: epoch 002 | valid on 'valid' subset | loss 5.618 | loss_v1 0 | loss_v2 0 | nll_loss 4.754 | ntokens 39.993 | nsentences 7.999 | sample_size 39.993 | sample_size_v1 0 | sample_size_v2 0 | ppl 26.99 | score 0.0773 | wps 78.9 | wpb 40 | bsz 8 | num_updates 2000 | best_score 0.0773
2023-03-28 01:00:27 - checkpoint_utils.py[line:64] - INFO: Preparing to save checkpoint for epoch 2 @ 2000 updates
2023-03-28 01:00:27 - trainer.py[line:431] - INFO: Saving checkpoint to ./refcocoplus_scratch_checkpoints/10_5e-5_512/checkpoint_2_2000.pt
2023-03-28 01:00:47 - trainer.py[line:441] - INFO: Finished saving checkpoint to ./refcocoplus_scratch_checkpoints/10_5e-5_512/checkpoint_2_2000.pt
2023-03-28 01:01:23 - checkpoint_utils.py[line:133] - INFO: Saved checkpoint ./refcocoplus_scratch_checkpoints/10_5e-5_512/checkpoint_2_2000.pt (epoch 2 @ 2000 updates, score 0.0773) (writing took 56.089506848715246 seconds)
2023-03-28 01:02:04 - progress_bar.py[line:272] - INFO: epoch 002:    134 / 1878 loss=5.653, loss_v1=0, loss_v2=0, nll_loss=4.802, ntokens=320, nsentences=64, sample_size=320, sample_size_v1=0, sample_size_v2=0, ppl=27.9, wps=4.1, ups=0.01, wpb=320, bsz=64, num_updates=2010, lr=4.74963e-05, gnorm=2.139, clip=100, loss_scale=256, train_wall=40, gb_free=7.4, wall=11894
2023-03-28 01:02:45 - progress_bar.py[line:272] - INFO: epoch 002:    144 / 1878 loss=5.603, loss_v1=0, loss_v2=0, nll_loss=4.753, ntokens=320, nsentences=64, sample_size=320, sample_size_v1=0, sample_size_v2=0, ppl=26.97, wps=78.3, ups=0.24, wpb=320, bsz=64, num_updates=2020, lr=4.7468e-05, gnorm=2.146, clip=100, loss_scale=256, train_wall=41, gb_free=7.4, wall=11935
2023-03-28 01:03:25 - progress_bar.py[line:272] - INFO: epoch 002:    154 / 1878 loss=5.623, loss_v1=0, loss_v2=0, nll_loss=4.769, ntokens=320, nsentences=64, sample_size=320, sample_size_v1=0, sample_size_v2=0, ppl=27.26, wps=78.5, ups=0.25, wpb=320, bsz=64, num_updates=2030, lr=4.74397e-05, gnorm=2.208, clip=100, loss_scale=256, train_wall=41, gb_free=7.4, wall=11976
2023-03-28 01:04:06 - progress_bar.py[line:272] - INFO: epoch 002:    164 / 1878 loss=5.614, loss_v1=0, loss_v2=0, nll_loss=4.759, ntokens=320, nsentences=64, sample_size=320, sample_size_v1=0, sample_size_v2=0, ppl=27.07, wps=78.2, ups=0.24, wpb=320, bsz=64, num_updates=2040, lr=4.74114e-05, gnorm=2.227, clip=100, loss_scale=256, train_wall=41, gb_free=7.4, wall=12017
2023-03-28 01:04:47 - progress_bar.py[line:272] - INFO: epoch 002:    174 / 1878 loss=5.627, loss_v1=0, loss_v2=0, nll_loss=4.773, ntokens=320, nsentences=64, sample_size=320, sample_size_v1=0, sample_size_v2=0, ppl=27.34, wps=77.8, ups=0.24, wpb=320, bsz=64, num_updates=2050, lr=4.7383e-05, gnorm=2.686, clip=100, loss_scale=256, train_wall=41, gb_free=7.4, wall=12058
2023-03-28 01:05:28 - progress_bar.py[line:272] - INFO: epoch 002:    184 / 1878 loss=5.629, loss_v1=0, loss_v2=0, nll_loss=4.784, ntokens=320, nsentences=64, sample_size=320, sample_size_v1=0, sample_size_v2=0, ppl=27.54, wps=78.3, ups=0.24, wpb=320, bsz=64, num_updates=2060, lr=4.73547e-05, gnorm=2.107, clip=100, loss_scale=256, train_wall=41, gb_free=7.4, wall=12099
2023-03-28 01:06:09 - progress_bar.py[line:272] - INFO: epoch 002:    194 / 1878 loss=5.617, loss_v1=0, loss_v2=0, nll_loss=4.763, ntokens=320, nsentences=64, sample_size=320, sample_size_v1=0, sample_size_v2=0, ppl=27.15, wps=78.3, ups=0.24, wpb=320, bsz=64, num_updates=2070, lr=4.73264e-05, gnorm=2.176, clip=100, loss_scale=256, train_wall=41, gb_free=7.4, wall=12140
2023-03-28 01:06:50 - progress_bar.py[line:272] - INFO: epoch 002:    204 / 1878 loss=5.611, loss_v1=0, loss_v2=0, nll_loss=4.757, ntokens=320, nsentences=64, sample_size=320, sample_size_v1=0, sample_size_v2=0, ppl=27.04, wps=77.9, ups=0.24, wpb=320, bsz=64, num_updates=2080, lr=4.72981e-05, gnorm=2.229, clip=100, loss_scale=256, train_wall=41, gb_free=7.4, wall=12181
2023-03-28 01:07:31 - progress_bar.py[line:272] - INFO: epoch 002:    214 / 1878 loss=5.615, loss_v1=0, loss_v2=0, nll_loss=4.757, ntokens=320, nsentences=64, sample_size=320, sample_size_v1=0, sample_size_v2=0, ppl=27.04, wps=78.4, ups=0.24, wpb=320, bsz=64, num_updates=2090, lr=4.72697e-05, gnorm=2.08, clip=100, loss_scale=256, train_wall=41, gb_free=7.4, wall=12222
2023-03-28 01:08:12 - progress_bar.py[line:272] - INFO: epoch 002:    224 / 1878 loss=5.601, loss_v1=0, loss_v2=0, nll_loss=4.744, ntokens=320, nsentences=64, sample_size=320, sample_size_v1=0, sample_size_v2=0, ppl=26.79, wps=78.3, ups=0.24, wpb=320, bsz=64, num_updates=2100, lr=4.72414e-05, gnorm=2.082, clip=100, loss_scale=256, train_wall=41, gb_free=7.4, wall=12263
2023-03-28 01:08:53 - progress_bar.py[line:272] - INFO: epoch 002:    234 / 1878 loss=5.586, loss_v1=0, loss_v2=0, nll_loss=4.731, ntokens=320, nsentences=64, sample_size=320, sample_size_v1=0, sample_size_v2=0, ppl=26.56, wps=78.9, ups=0.25, wpb=320, bsz=64, num_updates=2110, lr=4.72131e-05, gnorm=2.154, clip=100, loss_scale=256, train_wall=40, gb_free=7.4, wall=12303
2023-03-28 01:09:34 - progress_bar.py[line:272] - INFO: epoch 002:    244 / 1878 loss=5.631, loss_v1=0, loss_v2=0, nll_loss=4.776, ntokens=320, nsentences=64, sample_size=320, sample_size_v1=0, sample_size_v2=0, ppl=27.41, wps=78.1, ups=0.24, wpb=320, bsz=64, num_updates=2120, lr=4.71848e-05, gnorm=2.093, clip=100, loss_scale=256, train_wall=41, gb_free=7.4, wall=12344
2023-03-28 01:10:14 - progress_bar.py[line:272] - INFO: epoch 002:    254 / 1878 loss=5.608, loss_v1=0, loss_v2=0, nll_loss=4.76, ntokens=320, nsentences=64, sample_size=320, sample_size_v1=0, sample_size_v2=0, ppl=27.1, wps=78.3, ups=0.24, wpb=320, bsz=64, num_updates=2130, lr=4.71565e-05, gnorm=2.098, clip=100, loss_scale=256, train_wall=41, gb_free=7.4, wall=12385
2023-03-28 01:10:56 - progress_bar.py[line:272] - INFO: epoch 002:    264 / 1878 loss=5.601, loss_v1=0, loss_v2=0, nll_loss=4.742, ntokens=320, nsentences=64, sample_size=320, sample_size_v1=0, sample_size_v2=0, ppl=26.77, wps=77.8, ups=0.24, wpb=320, bsz=64, num_updates=2140, lr=4.71281e-05, gnorm=2.05, clip=100, loss_scale=256, train_wall=41, gb_free=7.4, wall=12426
2023-03-28 01:11:36 - progress_bar.py[line:272] - INFO: epoch 002:    274 / 1878 loss=5.599, loss_v1=0, loss_v2=0, nll_loss=4.737, ntokens=320, nsentences=64, sample_size=320, sample_size_v1=0, sample_size_v2=0, ppl=26.67, wps=78.5, ups=0.25, wpb=320, bsz=64, num_updates=2150, lr=4.70998e-05, gnorm=2.146, clip=100, loss_scale=512, train_wall=40, gb_free=7.4, wall=12467
2023-03-28 01:12:17 - progress_bar.py[line:272] - INFO: epoch 002:    284 / 1878 loss=5.612, loss_v1=0, loss_v2=0, nll_loss=4.765, ntokens=320, nsentences=64, sample_size=320, sample_size_v1=0, sample_size_v2=0, ppl=27.19, wps=78.2, ups=0.24, wpb=320, bsz=64, num_updates=2160, lr=4.70715e-05, gnorm=2.13, clip=100, loss_scale=512, train_wall=41, gb_free=7.4, wall=12508
2023-03-28 01:12:58 - progress_bar.py[line:272] - INFO: epoch 002:    294 / 1878 loss=5.653, loss_v1=0, loss_v2=0, nll_loss=4.802, ntokens=320, nsentences=64, sample_size=320, sample_size_v1=0, sample_size_v2=0, ppl=27.89, wps=78.3, ups=0.24, wpb=320, bsz=64, num_updates=2170, lr=4.70432e-05, gnorm=2.249, clip=100, loss_scale=512, train_wall=41, gb_free=7.4, wall=12549
2023-03-28 01:13:39 - progress_bar.py[line:272] - INFO: epoch 002:    304 / 1878 loss=5.559, loss_v1=0, loss_v2=0, nll_loss=4.695, ntokens=320, nsentences=64, sample_size=320, sample_size_v1=0, sample_size_v2=0, ppl=25.9, wps=78.3, ups=0.24, wpb=320, bsz=64, num_updates=2180, lr=4.70148e-05, gnorm=2.16, clip=100, loss_scale=512, train_wall=41, gb_free=7.4, wall=12590
2023-03-28 01:14:20 - progress_bar.py[line:272] - INFO: epoch 002:    314 / 1878 loss=5.621, loss_v1=0, loss_v2=0, nll_loss=4.776, ntokens=320, nsentences=64, sample_size=320, sample_size_v1=0, sample_size_v2=0, ppl=27.4, wps=77.9, ups=0.24, wpb=320, bsz=64, num_updates=2190, lr=4.69865e-05, gnorm=2.081, clip=100, loss_scale=512, train_wall=41, gb_free=7.4, wall=12631
2023-03-28 01:15:01 - progress_bar.py[line:272] - INFO: epoch 002:    324 / 1878 loss=5.61, loss_v1=0, loss_v2=0, nll_loss=4.746, ntokens=320, nsentences=64, sample_size=320, sample_size_v1=0, sample_size_v2=0, ppl=26.84, wps=77.9, ups=0.24, wpb=320, bsz=64, num_updates=2200, lr=4.69582e-05, gnorm=2.138, clip=100, loss_scale=512, train_wall=41, gb_free=7.4, wall=12672
2023-03-28 01:15:13 - trainer.py[line:921] - INFO: NOTE: gradient overflow detected, ignoring gradient, setting loss scale to: 256.0
2023-03-28 01:15:46 - progress_bar.py[line:272] - INFO: epoch 002:    335 / 1878 loss=5.622, loss_v1=0, loss_v2=0, nll_loss=4.77, ntokens=320, nsentences=64, sample_size=320, sample_size_v1=0, sample_size_v2=0, ppl=27.29, wps=70.6, ups=0.22, wpb=320, bsz=64, num_updates=2210, lr=4.69299e-05, gnorm=2.099, clip=100, loss_scale=256, train_wall=45, gb_free=7.4, wall=12717
2023-03-28 01:16:28 - progress_bar.py[line:272] - INFO: epoch 002:    345 / 1878 loss=5.612, loss_v1=0, loss_v2=0, nll_loss=4.76, ntokens=320, nsentences=64, sample_size=320, sample_size_v1=0, sample_size_v2=0, ppl=27.09, wps=77.4, ups=0.24, wpb=320, bsz=64, num_updates=2220, lr=4.69016e-05, gnorm=2.087, clip=100, loss_scale=256, train_wall=41, gb_free=7.4, wall=12758
2023-03-28 01:17:09 - progress_bar.py[line:272] - INFO: epoch 002:    355 / 1878 loss=5.602, loss_v1=0, loss_v2=0, nll_loss=4.746, ntokens=320, nsentences=64, sample_size=320, sample_size_v1=0, sample_size_v2=0, ppl=26.84, wps=77.8, ups=0.24, wpb=320, bsz=64, num_updates=2230, lr=4.68732e-05, gnorm=2.132, clip=100, loss_scale=256, train_wall=41, gb_free=7.4, wall=12799
2023-03-28 01:17:50 - progress_bar.py[line:272] - INFO: epoch 002:    365 / 1878 loss=5.598, loss_v1=0, loss_v2=0, nll_loss=4.739, ntokens=320, nsentences=64, sample_size=320, sample_size_v1=0, sample_size_v2=0, ppl=26.71, wps=78.1, ups=0.24, wpb=320, bsz=64, num_updates=2240, lr=4.68449e-05, gnorm=2.142, clip=100, loss_scale=256, train_wall=41, gb_free=7.4, wall=12840
2023-03-28 01:18:31 - progress_bar.py[line:272] - INFO: epoch 002:    375 / 1878 loss=5.587, loss_v1=0, loss_v2=0, nll_loss=4.738, ntokens=320, nsentences=64, sample_size=320, sample_size_v1=0, sample_size_v2=0, ppl=26.68, wps=77.1, ups=0.24, wpb=320, bsz=64, num_updates=2250, lr=4.68166e-05, gnorm=2.164, clip=100, loss_scale=256, train_wall=41, gb_free=7.4, wall=12882
2023-03-28 01:19:12 - progress_bar.py[line:272] - INFO: epoch 002:    385 / 1878 loss=5.595, loss_v1=0, loss_v2=0, nll_loss=4.735, ntokens=320, nsentences=64, sample_size=320, sample_size_v1=0, sample_size_v2=0, ppl=26.62, wps=78.3, ups=0.24, wpb=320, bsz=64, num_updates=2260, lr=4.67883e-05, gnorm=2.139, clip=100, loss_scale=256, train_wall=41, gb_free=7.4, wall=12923
2023-03-28 01:19:53 - progress_bar.py[line:272] - INFO: epoch 002:    395 / 1878 loss=5.647, loss_v1=0, loss_v2=0, nll_loss=4.798, ntokens=320, nsentences=64, sample_size=320, sample_size_v1=0, sample_size_v2=0, ppl=27.82, wps=77.8, ups=0.24, wpb=320, bsz=64, num_updates=2270, lr=4.67599e-05, gnorm=2.18, clip=100, loss_scale=256, train_wall=41, gb_free=7.4, wall=12964
2023-03-28 01:20:34 - progress_bar.py[line:272] - INFO: epoch 002:    405 / 1878 loss=5.637, loss_v1=0, loss_v2=0, nll_loss=4.784, ntokens=320, nsentences=64, sample_size=320, sample_size_v1=0, sample_size_v2=0, ppl=27.55, wps=78.4, ups=0.25, wpb=320, bsz=64, num_updates=2280, lr=4.67316e-05, gnorm=2.15, clip=100, loss_scale=256, train_wall=40, gb_free=7.4, wall=13005
2023-03-28 01:21:15 - progress_bar.py[line:272] - INFO: epoch 002:    415 / 1878 loss=5.605, loss_v1=0, loss_v2=0, nll_loss=4.749, ntokens=320, nsentences=64, sample_size=320, sample_size_v1=0, sample_size_v2=0, ppl=26.89, wps=78, ups=0.24, wpb=320, bsz=64, num_updates=2290, lr=4.67033e-05, gnorm=2.1, clip=100, loss_scale=256, train_wall=41, gb_free=7.4, wall=13046
2023-03-28 01:21:56 - progress_bar.py[line:272] - INFO: epoch 002:    425 / 1878 loss=5.563, loss_v1=0, loss_v2=0, nll_loss=4.706, ntokens=320, nsentences=64, sample_size=320, sample_size_v1=0, sample_size_v2=0, ppl=26.1, wps=78.5, ups=0.25, wpb=320, bsz=64, num_updates=2300, lr=4.6675e-05, gnorm=2.161, clip=100, loss_scale=256, train_wall=40, gb_free=7.4, wall=13086
2023-03-28 01:22:37 - progress_bar.py[line:272] - INFO: epoch 002:    435 / 1878 loss=5.599, loss_v1=0, loss_v2=0, nll_loss=4.738, ntokens=320, nsentences=64, sample_size=320, sample_size_v1=0, sample_size_v2=0, ppl=26.68, wps=78.8, ups=0.25, wpb=320, bsz=64, num_updates=2310, lr=4.66467e-05, gnorm=2.136, clip=100, loss_scale=256, train_wall=40, gb_free=7.4, wall=13127
2023-03-28 01:23:17 - progress_bar.py[line:272] - INFO: epoch 002:    445 / 1878 loss=5.59, loss_v1=0, loss_v2=0, nll_loss=4.737, ntokens=320, nsentences=64, sample_size=320, sample_size_v1=0, sample_size_v2=0, ppl=26.67, wps=78.4, ups=0.24, wpb=320, bsz=64, num_updates=2320, lr=4.66183e-05, gnorm=2.201, clip=100, loss_scale=256, train_wall=41, gb_free=7.4, wall=13168
2023-03-28 01:23:58 - progress_bar.py[line:272] - INFO: epoch 002:    455 / 1878 loss=5.572, loss_v1=0, loss_v2=0, nll_loss=4.711, ntokens=320, nsentences=64, sample_size=320, sample_size_v1=0, sample_size_v2=0, ppl=26.18, wps=78.2, ups=0.24, wpb=320, bsz=64, num_updates=2330, lr=4.659e-05, gnorm=2.134, clip=100, loss_scale=256, train_wall=41, gb_free=7.4, wall=13209
2023-03-28 01:24:39 - progress_bar.py[line:272] - INFO: epoch 002:    465 / 1878 loss=5.623, loss_v1=0, loss_v2=0, nll_loss=4.767, ntokens=320, nsentences=64, sample_size=320, sample_size_v1=0, sample_size_v2=0, ppl=27.23, wps=78.5, ups=0.25, wpb=320, bsz=64, num_updates=2340, lr=4.65617e-05, gnorm=2.162, clip=100, loss_scale=256, train_wall=40, gb_free=7.4, wall=13250
2023-03-28 01:25:20 - progress_bar.py[line:272] - INFO: epoch 002:    475 / 1878 loss=5.61, loss_v1=0, loss_v2=0, nll_loss=4.757, ntokens=320, nsentences=64, sample_size=320, sample_size_v1=0, sample_size_v2=0, ppl=27.05, wps=78.3, ups=0.24, wpb=320, bsz=64, num_updates=2350, lr=4.65334e-05, gnorm=2.129, clip=100, loss_scale=256, train_wall=41, gb_free=7.4, wall=13291
2023-03-28 01:26:01 - progress_bar.py[line:272] - INFO: epoch 002:    485 / 1878 loss=5.593, loss_v1=0, loss_v2=0, nll_loss=4.739, ntokens=320, nsentences=64, sample_size=320, sample_size_v1=0, sample_size_v2=0, ppl=26.7, wps=77.9, ups=0.24, wpb=320, bsz=64, num_updates=2360, lr=4.6505e-05, gnorm=2.134, clip=100, loss_scale=256, train_wall=41, gb_free=7.4, wall=13332
2023-03-28 01:26:42 - progress_bar.py[line:272] - INFO: epoch 002:    495 / 1878 loss=5.561, loss_v1=0, loss_v2=0, nll_loss=4.705, ntokens=320, nsentences=64, sample_size=320, sample_size_v1=0, sample_size_v2=0, ppl=26.07, wps=77.9, ups=0.24, wpb=320, bsz=64, num_updates=2370, lr=4.64767e-05, gnorm=2.22, clip=100, loss_scale=256, train_wall=41, gb_free=7.4, wall=13373
2023-03-28 01:27:23 - progress_bar.py[line:272] - INFO: epoch 002:    505 / 1878 loss=5.599, loss_v1=0, loss_v2=0, nll_loss=4.744, ntokens=320, nsentences=64, sample_size=320, sample_size_v1=0, sample_size_v2=0, ppl=26.8, wps=77.9, ups=0.24, wpb=320, bsz=64, num_updates=2380, lr=4.64484e-05, gnorm=2.188, clip=100, loss_scale=256, train_wall=41, gb_free=7.4, wall=13414
2023-03-28 01:28:04 - progress_bar.py[line:272] - INFO: epoch 002:    515 / 1878 loss=5.595, loss_v1=0, loss_v2=0, nll_loss=4.734, ntokens=320, nsentences=64, sample_size=320, sample_size_v1=0, sample_size_v2=0, ppl=26.61, wps=78.5, ups=0.25, wpb=320, bsz=64, num_updates=2390, lr=4.64201e-05, gnorm=2.083, clip=100, loss_scale=256, train_wall=41, gb_free=7.4, wall=13455
2023-03-28 01:28:45 - progress_bar.py[line:272] - INFO: epoch 002:    525 / 1878 loss=5.614, loss_v1=0, loss_v2=0, nll_loss=4.762, ntokens=320, nsentences=64, sample_size=320, sample_size_v1=0, sample_size_v2=0, ppl=27.13, wps=78.1, ups=0.24, wpb=320, bsz=64, num_updates=2400, lr=4.63918e-05, gnorm=2.172, clip=100, loss_scale=256, train_wall=41, gb_free=7.4, wall=13496
2023-03-28 01:29:26 - progress_bar.py[line:272] - INFO: epoch 002:    535 / 1878 loss=5.603, loss_v1=0, loss_v2=0, nll_loss=4.752, ntokens=320, nsentences=64, sample_size=320, sample_size_v1=0, sample_size_v2=0, ppl=26.94, wps=78.3, ups=0.24, wpb=320, bsz=64, num_updates=2410, lr=4.63634e-05, gnorm=2.181, clip=100, loss_scale=256, train_wall=41, gb_free=7.4, wall=13536
2023-03-28 01:30:07 - progress_bar.py[line:272] - INFO: epoch 002:    545 / 1878 loss=5.602, loss_v1=0, loss_v2=0, nll_loss=4.745, ntokens=320, nsentences=64, sample_size=320, sample_size_v1=0, sample_size_v2=0, ppl=26.81, wps=78.5, ups=0.25, wpb=320, bsz=64, num_updates=2420, lr=4.63351e-05, gnorm=2.296, clip=100, loss_scale=256, train_wall=40, gb_free=7.4, wall=13577
2023-03-28 01:30:47 - progress_bar.py[line:272] - INFO: epoch 002:    555 / 1878 loss=5.571, loss_v1=0, loss_v2=0, nll_loss=4.712, ntokens=320, nsentences=64, sample_size=320, sample_size_v1=0, sample_size_v2=0, ppl=26.21, wps=78.3, ups=0.24, wpb=320, bsz=64, num_updates=2430, lr=4.63068e-05, gnorm=2.234, clip=100, loss_scale=256, train_wall=41, gb_free=7.4, wall=13618
2023-03-28 01:31:29 - progress_bar.py[line:272] - INFO: epoch 002:    565 / 1878 loss=5.55, loss_v1=0, loss_v2=0, nll_loss=4.686, ntokens=320, nsentences=64, sample_size=320, sample_size_v1=0, sample_size_v2=0, ppl=25.73, wps=77.9, ups=0.24, wpb=320, bsz=64, num_updates=2440, lr=4.62785e-05, gnorm=2.119, clip=100, loss_scale=256, train_wall=41, gb_free=7.4, wall=13659
2023-03-28 01:32:09 - progress_bar.py[line:272] - INFO: epoch 002:    575 / 1878 loss=5.555, loss_v1=0, loss_v2=0, nll_loss=4.697, ntokens=320, nsentences=64, sample_size=320, sample_size_v1=0, sample_size_v2=0, ppl=25.94, wps=78.2, ups=0.24, wpb=320, bsz=64, num_updates=2450, lr=4.62501e-05, gnorm=2.084, clip=100, loss_scale=256, train_wall=41, gb_free=7.4, wall=13700
2023-03-28 01:32:50 - progress_bar.py[line:272] - INFO: epoch 002:    585 / 1878 loss=5.628, loss_v1=0, loss_v2=0, nll_loss=4.776, ntokens=320, nsentences=64, sample_size=320, sample_size_v1=0, sample_size_v2=0, ppl=27.4, wps=78.5, ups=0.25, wpb=320, bsz=64, num_updates=2460, lr=4.62218e-05, gnorm=2.128, clip=100, loss_scale=256, train_wall=41, gb_free=7.4, wall=13741
2023-03-28 01:33:31 - progress_bar.py[line:272] - INFO: epoch 002:    595 / 1878 loss=5.546, loss_v1=0, loss_v2=0, nll_loss=4.68, ntokens=320, nsentences=64, sample_size=320, sample_size_v1=0, sample_size_v2=0, ppl=25.64, wps=78.5, ups=0.25, wpb=320, bsz=64, num_updates=2470, lr=4.61935e-05, gnorm=2.176, clip=100, loss_scale=256, train_wall=41, gb_free=7.4, wall=13781
2023-03-28 01:34:12 - progress_bar.py[line:272] - INFO: epoch 002:    605 / 1878 loss=5.648, loss_v1=0, loss_v2=0, nll_loss=4.795, ntokens=320, nsentences=64, sample_size=320, sample_size_v1=0, sample_size_v2=0, ppl=27.76, wps=78.7, ups=0.25, wpb=320, bsz=64, num_updates=2480, lr=4.61652e-05, gnorm=2.25, clip=100, loss_scale=256, train_wall=40, gb_free=7.4, wall=13822
2023-03-28 01:34:52 - progress_bar.py[line:272] - INFO: epoch 002:    615 / 1878 loss=5.606, loss_v1=0, loss_v2=0, nll_loss=4.754, ntokens=320, nsentences=64, sample_size=320, sample_size_v1=0, sample_size_v2=0, ppl=26.99, wps=78.4, ups=0.24, wpb=320, bsz=64, num_updates=2490, lr=4.61369e-05, gnorm=2.118, clip=100, loss_scale=256, train_wall=41, gb_free=7.4, wall=13863
2023-03-28 01:35:33 - progress_bar.py[line:272] - INFO: epoch 002:    625 / 1878 loss=5.593, loss_v1=0, loss_v2=0, nll_loss=4.744, ntokens=320, nsentences=64, sample_size=320, sample_size_v1=0, sample_size_v2=0, ppl=26.8, wps=78.3, ups=0.24, wpb=320, bsz=64, num_updates=2500, lr=4.61085e-05, gnorm=2.15, clip=100, loss_scale=256, train_wall=41, gb_free=7.4, wall=13904
2023-03-28 01:35:33 - train.py[line:445] - INFO: begin validation on "valid" subset
slice_id 0 seek offset 0
slice_id 1 seek offset 5379
slice_id 0 seek offset 0
slice_id 1 seek offset 5379
2023-03-28 01:46:55 - progress_bar.py[line:282] - INFO: epoch 002 | valid on 'valid' subset | loss 5.603 | loss_v1 0 | loss_v2 0 | nll_loss 4.746 | ntokens 39.993 | nsentences 7.999 | sample_size 39.993 | sample_size_v1 0 | sample_size_v2 0 | ppl 26.83 | score 0.0836 | wps 79 | wpb 40 | bsz 8 | num_updates 2500 | best_score 0.0836
2023-03-28 01:46:55 - checkpoint_utils.py[line:64] - INFO: Preparing to save checkpoint for epoch 2 @ 2500 updates
2023-03-28 01:46:55 - trainer.py[line:431] - INFO: Saving checkpoint to ./refcocoplus_scratch_checkpoints/10_5e-5_512/checkpoint_2_2500.pt
2023-03-28 01:47:16 - trainer.py[line:441] - INFO: Finished saving checkpoint to ./refcocoplus_scratch_checkpoints/10_5e-5_512/checkpoint_2_2500.pt
2023-03-28 01:47:51 - checkpoint_utils.py[line:133] - INFO: Saved checkpoint ./refcocoplus_scratch_checkpoints/10_5e-5_512/checkpoint_2_2500.pt (epoch 2 @ 2500 updates, score 0.0836) (writing took 56.61932837497443 seconds)
2023-03-28 01:48:32 - progress_bar.py[line:272] - INFO: epoch 002:    635 / 1878 loss=5.593, loss_v1=0, loss_v2=0, nll_loss=4.737, ntokens=320, nsentences=64, sample_size=320, sample_size_v1=0, sample_size_v2=0, ppl=26.68, wps=4.1, ups=0.01, wpb=320, bsz=64, num_updates=2510, lr=4.60802e-05, gnorm=2.107, clip=100, loss_scale=256, train_wall=40, gb_free=7.4, wall=14683
2023-03-28 01:49:13 - progress_bar.py[line:272] - INFO: epoch 002:    645 / 1878 loss=5.605, loss_v1=0, loss_v2=0, nll_loss=4.744, ntokens=320, nsentences=64, sample_size=320, sample_size_v1=0, sample_size_v2=0, ppl=26.79, wps=78, ups=0.24, wpb=320, bsz=64, num_updates=2520, lr=4.60519e-05, gnorm=2.255, clip=100, loss_scale=256, train_wall=41, gb_free=7.4, wall=14724
2023-03-28 01:49:54 - progress_bar.py[line:272] - INFO: epoch 002:    655 / 1878 loss=5.581, loss_v1=0, loss_v2=0, nll_loss=4.73, ntokens=320, nsentences=64, sample_size=320, sample_size_v1=0, sample_size_v2=0, ppl=26.54, wps=78.8, ups=0.25, wpb=320, bsz=64, num_updates=2530, lr=4.60236e-05, gnorm=2.107, clip=100, loss_scale=256, train_wall=40, gb_free=7.4, wall=14764
2023-03-28 01:50:35 - progress_bar.py[line:272] - INFO: epoch 002:    665 / 1878 loss=5.572, loss_v1=0, loss_v2=0, nll_loss=4.711, ntokens=320, nsentences=64, sample_size=320, sample_size_v1=0, sample_size_v2=0, ppl=26.18, wps=77.9, ups=0.24, wpb=320, bsz=64, num_updates=2540, lr=4.59952e-05, gnorm=2.087, clip=100, loss_scale=256, train_wall=41, gb_free=7.4, wall=14805
2023-03-28 01:51:16 - progress_bar.py[line:272] - INFO: epoch 002:    675 / 1878 loss=5.588, loss_v1=0, loss_v2=0, nll_loss=4.733, ntokens=320, nsentences=64, sample_size=320, sample_size_v1=0, sample_size_v2=0, ppl=26.58, wps=77.9, ups=0.24, wpb=320, bsz=64, num_updates=2550, lr=4.59669e-05, gnorm=2.086, clip=100, loss_scale=256, train_wall=41, gb_free=7.4, wall=14846
2023-03-28 01:51:57 - progress_bar.py[line:272] - INFO: epoch 002:    685 / 1878 loss=5.608, loss_v1=0, loss_v2=0, nll_loss=4.753, ntokens=320, nsentences=64, sample_size=320, sample_size_v1=0, sample_size_v2=0, ppl=26.96, wps=78, ups=0.24, wpb=320, bsz=64, num_updates=2560, lr=4.59386e-05, gnorm=2.176, clip=100, loss_scale=256, train_wall=41, gb_free=7.4, wall=14888
2023-03-28 01:52:38 - progress_bar.py[line:272] - INFO: epoch 002:    695 / 1878 loss=5.57, loss_v1=0, loss_v2=0, nll_loss=4.713, ntokens=320, nsentences=64, sample_size=320, sample_size_v1=0, sample_size_v2=0, ppl=26.23, wps=78, ups=0.24, wpb=320, bsz=64, num_updates=2570, lr=4.59103e-05, gnorm=2.089, clip=100, loss_scale=256, train_wall=41, gb_free=7.4, wall=14929
2023-03-28 01:53:19 - progress_bar.py[line:272] - INFO: epoch 002:    705 / 1878 loss=5.568, loss_v1=0, loss_v2=0, nll_loss=4.707, ntokens=320, nsentences=64, sample_size=320, sample_size_v1=0, sample_size_v2=0, ppl=26.12, wps=78.3, ups=0.24, wpb=320, bsz=64, num_updates=2580, lr=4.5882e-05, gnorm=2.138, clip=100, loss_scale=256, train_wall=41, gb_free=7.4, wall=14969
2023-03-28 01:54:00 - progress_bar.py[line:272] - INFO: epoch 002:    715 / 1878 loss=5.563, loss_v1=0, loss_v2=0, nll_loss=4.693, ntokens=320, nsentences=64, sample_size=320, sample_size_v1=0, sample_size_v2=0, ppl=25.87, wps=78, ups=0.24, wpb=320, bsz=64, num_updates=2590, lr=4.58536e-05, gnorm=2.174, clip=100, loss_scale=256, train_wall=41, gb_free=7.4, wall=15010
2023-03-28 01:54:41 - progress_bar.py[line:272] - INFO: epoch 002:    725 / 1878 loss=5.574, loss_v1=0, loss_v2=0, nll_loss=4.719, ntokens=320, nsentences=64, sample_size=320, sample_size_v1=0, sample_size_v2=0, ppl=26.33, wps=78.4, ups=0.24, wpb=320, bsz=64, num_updates=2600, lr=4.58253e-05, gnorm=2.088, clip=100, loss_scale=256, train_wall=41, gb_free=7.4, wall=15051
2023-03-28 01:55:22 - progress_bar.py[line:272] - INFO: epoch 002:    735 / 1878 loss=5.594, loss_v1=0, loss_v2=0, nll_loss=4.741, ntokens=320, nsentences=64, sample_size=320, sample_size_v1=0, sample_size_v2=0, ppl=26.74, wps=78.2, ups=0.24, wpb=320, bsz=64, num_updates=2610, lr=4.5797e-05, gnorm=2.07, clip=100, loss_scale=256, train_wall=41, gb_free=7.4, wall=15092
2023-03-28 01:56:03 - progress_bar.py[line:272] - INFO: epoch 002:    745 / 1878 loss=5.572, loss_v1=0, loss_v2=0, nll_loss=4.712, ntokens=320, nsentences=64, sample_size=320, sample_size_v1=0, sample_size_v2=0, ppl=26.21, wps=78.1, ups=0.24, wpb=320, bsz=64, num_updates=2620, lr=4.57687e-05, gnorm=2.05, clip=100, loss_scale=256, train_wall=41, gb_free=7.4, wall=15133
2023-03-28 01:56:43 - progress_bar.py[line:272] - INFO: epoch 002:    755 / 1878 loss=5.552, loss_v1=0, loss_v2=0, nll_loss=4.692, ntokens=320, nsentences=64, sample_size=320, sample_size_v1=0, sample_size_v2=0, ppl=25.84, wps=78.3, ups=0.24, wpb=320, bsz=64, num_updates=2630, lr=4.57403e-05, gnorm=2.036, clip=100, loss_scale=256, train_wall=41, gb_free=7.4, wall=15174
2023-03-28 01:57:24 - progress_bar.py[line:272] - INFO: epoch 002:    765 / 1878 loss=5.578, loss_v1=0, loss_v2=0, nll_loss=4.722, ntokens=320, nsentences=64, sample_size=320, sample_size_v1=0, sample_size_v2=0, ppl=26.4, wps=78.6, ups=0.25, wpb=320, bsz=64, num_updates=2640, lr=4.5712e-05, gnorm=1.967, clip=100, loss_scale=256, train_wall=41, gb_free=7.4, wall=15215
2023-03-28 01:58:05 - progress_bar.py[line:272] - INFO: epoch 002:    775 / 1878 loss=5.576, loss_v1=0, loss_v2=0, nll_loss=4.718, ntokens=320, nsentences=64, sample_size=320, sample_size_v1=0, sample_size_v2=0, ppl=26.33, wps=78.2, ups=0.24, wpb=320, bsz=64, num_updates=2650, lr=4.56837e-05, gnorm=2.014, clip=100, loss_scale=256, train_wall=41, gb_free=7.4, wall=15256
2023-03-28 01:58:46 - progress_bar.py[line:272] - INFO: epoch 002:    785 / 1878 loss=5.527, loss_v1=0, loss_v2=0, nll_loss=4.661, ntokens=320, nsentences=64, sample_size=320, sample_size_v1=0, sample_size_v2=0, ppl=25.29, wps=78.4, ups=0.24, wpb=320, bsz=64, num_updates=2660, lr=4.56554e-05, gnorm=1.965, clip=100, loss_scale=256, train_wall=41, gb_free=7.4, wall=15296
2023-03-28 01:59:27 - progress_bar.py[line:272] - INFO: epoch 002:    795 / 1878 loss=5.529, loss_v1=0, loss_v2=0, nll_loss=4.668, ntokens=320, nsentences=64, sample_size=320, sample_size_v1=0, sample_size_v2=0, ppl=25.43, wps=78.8, ups=0.25, wpb=320, bsz=64, num_updates=2670, lr=4.56271e-05, gnorm=2.057, clip=100, loss_scale=256, train_wall=40, gb_free=7.4, wall=15337
2023-03-28 02:00:07 - progress_bar.py[line:272] - INFO: epoch 002:    805 / 1878 loss=5.557, loss_v1=0, loss_v2=0, nll_loss=4.699, ntokens=320, nsentences=64, sample_size=320, sample_size_v1=0, sample_size_v2=0, ppl=25.97, wps=78.5, ups=0.25, wpb=320, bsz=64, num_updates=2680, lr=4.55987e-05, gnorm=1.989, clip=100, loss_scale=256, train_wall=41, gb_free=7.4, wall=15378
2023-03-28 02:00:48 - progress_bar.py[line:272] - INFO: epoch 002:    815 / 1878 loss=5.55, loss_v1=0, loss_v2=0, nll_loss=4.686, ntokens=320, nsentences=64, sample_size=320, sample_size_v1=0, sample_size_v2=0, ppl=25.74, wps=78.4, ups=0.24, wpb=320, bsz=64, num_updates=2690, lr=4.55704e-05, gnorm=1.967, clip=100, loss_scale=256, train_wall=41, gb_free=7.4, wall=15419
2023-03-28 02:01:29 - progress_bar.py[line:272] - INFO: epoch 002:    825 / 1878 loss=5.604, loss_v1=0, loss_v2=0, nll_loss=4.75, ntokens=320, nsentences=64, sample_size=320, sample_size_v1=0, sample_size_v2=0, ppl=26.9, wps=78.1, ups=0.24, wpb=320, bsz=64, num_updates=2700, lr=4.55421e-05, gnorm=2.011, clip=100, loss_scale=256, train_wall=41, gb_free=7.4, wall=15460
2023-03-28 02:02:10 - progress_bar.py[line:272] - INFO: epoch 002:    835 / 1878 loss=5.557, loss_v1=0, loss_v2=0, nll_loss=4.698, ntokens=320, nsentences=64, sample_size=320, sample_size_v1=0, sample_size_v2=0, ppl=25.96, wps=78.5, ups=0.25, wpb=320, bsz=64, num_updates=2710, lr=4.55138e-05, gnorm=1.965, clip=100, loss_scale=256, train_wall=41, gb_free=7.4, wall=15500
2023-03-28 02:02:51 - progress_bar.py[line:272] - INFO: epoch 002:    845 / 1878 loss=5.589, loss_v1=0, loss_v2=0, nll_loss=4.729, ntokens=320, nsentences=64, sample_size=320, sample_size_v1=0, sample_size_v2=0, ppl=26.53, wps=78.4, ups=0.24, wpb=320, bsz=64, num_updates=2720, lr=4.54854e-05, gnorm=2.028, clip=100, loss_scale=512, train_wall=41, gb_free=7.4, wall=15541
2023-03-28 02:03:32 - progress_bar.py[line:272] - INFO: epoch 002:    855 / 1878 loss=5.602, loss_v1=0, loss_v2=0, nll_loss=4.742, ntokens=320, nsentences=64, sample_size=320, sample_size_v1=0, sample_size_v2=0, ppl=26.77, wps=78.3, ups=0.24, wpb=320, bsz=64, num_updates=2730, lr=4.54571e-05, gnorm=2.004, clip=100, loss_scale=512, train_wall=41, gb_free=7.4, wall=15582
2023-03-28 02:03:40 - trainer.py[line:921] - INFO: NOTE: gradient overflow detected, ignoring gradient, setting loss scale to: 256.0
2023-03-28 02:04:16 - progress_bar.py[line:272] - INFO: epoch 002:    866 / 1878 loss=5.531, loss_v1=0, loss_v2=0, nll_loss=4.671, ntokens=320, nsentences=64, sample_size=320, sample_size_v1=0, sample_size_v2=0, ppl=25.48, wps=71.7, ups=0.22, wpb=320, bsz=64, num_updates=2740, lr=4.54288e-05, gnorm=2.06, clip=100, loss_scale=256, train_wall=44, gb_free=7.4, wall=15627
2023-03-28 02:04:57 - progress_bar.py[line:272] - INFO: epoch 002:    876 / 1878 loss=5.59, loss_v1=0, loss_v2=0, nll_loss=4.738, ntokens=320, nsentences=64, sample_size=320, sample_size_v1=0, sample_size_v2=0, ppl=26.69, wps=78, ups=0.24, wpb=320, bsz=64, num_updates=2750, lr=4.54005e-05, gnorm=2.008, clip=100, loss_scale=256, train_wall=41, gb_free=7.4, wall=15668
2023-03-28 02:05:38 - progress_bar.py[line:272] - INFO: epoch 002:    886 / 1878 loss=5.58, loss_v1=0, loss_v2=0, nll_loss=4.724, ntokens=320, nsentences=64, sample_size=320, sample_size_v1=0, sample_size_v2=0, ppl=26.44, wps=78, ups=0.24, wpb=320, bsz=64, num_updates=2760, lr=4.53722e-05, gnorm=2.029, clip=100, loss_scale=256, train_wall=41, gb_free=7.4, wall=15709
2023-03-28 02:06:19 - progress_bar.py[line:272] - INFO: epoch 002:    896 / 1878 loss=5.585, loss_v1=0, loss_v2=0, nll_loss=4.72, ntokens=320, nsentences=64, sample_size=320, sample_size_v1=0, sample_size_v2=0, ppl=26.35, wps=78.1, ups=0.24, wpb=320, bsz=64, num_updates=2770, lr=4.53438e-05, gnorm=1.948, clip=100, loss_scale=256, train_wall=41, gb_free=7.4, wall=15750
2023-03-28 02:07:00 - progress_bar.py[line:272] - INFO: epoch 002:    906 / 1878 loss=5.564, loss_v1=0, loss_v2=0, nll_loss=4.709, ntokens=320, nsentences=64, sample_size=320, sample_size_v1=0, sample_size_v2=0, ppl=26.16, wps=78.5, ups=0.25, wpb=320, bsz=64, num_updates=2780, lr=4.53155e-05, gnorm=1.997, clip=100, loss_scale=256, train_wall=41, gb_free=7.4, wall=15791
2023-03-28 02:07:41 - progress_bar.py[line:272] - INFO: epoch 002:    916 / 1878 loss=5.561, loss_v1=0, loss_v2=0, nll_loss=4.695, ntokens=320, nsentences=64, sample_size=320, sample_size_v1=0, sample_size_v2=0, ppl=25.9, wps=78.1, ups=0.24, wpb=320, bsz=64, num_updates=2790, lr=4.52872e-05, gnorm=2.086, clip=100, loss_scale=256, train_wall=41, gb_free=7.4, wall=15832
2023-03-28 02:08:22 - progress_bar.py[line:272] - INFO: epoch 002:    926 / 1878 loss=5.592, loss_v1=0, loss_v2=0, nll_loss=4.739, ntokens=320, nsentences=64, sample_size=320, sample_size_v1=0, sample_size_v2=0, ppl=26.7, wps=78.2, ups=0.24, wpb=320, bsz=64, num_updates=2800, lr=4.52589e-05, gnorm=2.089, clip=100, loss_scale=256, train_wall=41, gb_free=7.4, wall=15872
2023-03-28 02:09:03 - progress_bar.py[line:272] - INFO: epoch 002:    936 / 1878 loss=5.517, loss_v1=0, loss_v2=0, nll_loss=4.653, ntokens=320, nsentences=64, sample_size=320, sample_size_v1=0, sample_size_v2=0, ppl=25.16, wps=78.5, ups=0.25, wpb=320, bsz=64, num_updates=2810, lr=4.52305e-05, gnorm=2.057, clip=100, loss_scale=256, train_wall=41, gb_free=7.4, wall=15913
2023-03-28 02:09:44 - progress_bar.py[line:272] - INFO: epoch 002:    946 / 1878 loss=5.518, loss_v1=0, loss_v2=0, nll_loss=4.65, ntokens=320, nsentences=64, sample_size=320, sample_size_v1=0, sample_size_v2=0, ppl=25.11, wps=78.4, ups=0.24, wpb=320, bsz=64, num_updates=2820, lr=4.52022e-05, gnorm=2.009, clip=100, loss_scale=256, train_wall=41, gb_free=7.4, wall=15954
2023-03-28 02:10:25 - progress_bar.py[line:272] - INFO: epoch 002:    956 / 1878 loss=5.562, loss_v1=0, loss_v2=0, nll_loss=4.698, ntokens=320, nsentences=64, sample_size=320, sample_size_v1=0, sample_size_v2=0, ppl=25.95, wps=78, ups=0.24, wpb=320, bsz=64, num_updates=2830, lr=4.51739e-05, gnorm=2.007, clip=100, loss_scale=256, train_wall=41, gb_free=7.4, wall=15995
2023-03-28 02:11:05 - progress_bar.py[line:272] - INFO: epoch 002:    966 / 1878 loss=5.564, loss_v1=0, loss_v2=0, nll_loss=4.711, ntokens=320, nsentences=64, sample_size=320, sample_size_v1=0, sample_size_v2=0, ppl=26.18, wps=78.3, ups=0.24, wpb=320, bsz=64, num_updates=2840, lr=4.51456e-05, gnorm=2.107, clip=100, loss_scale=256, train_wall=41, gb_free=7.4, wall=16036
2023-03-28 02:11:46 - progress_bar.py[line:272] - INFO: epoch 002:    976 / 1878 loss=5.576, loss_v1=0, loss_v2=0, nll_loss=4.718, ntokens=320, nsentences=64, sample_size=320, sample_size_v1=0, sample_size_v2=0, ppl=26.32, wps=77.9, ups=0.24, wpb=320, bsz=64, num_updates=2850, lr=4.51173e-05, gnorm=1.983, clip=100, loss_scale=256, train_wall=41, gb_free=7.4, wall=16077
2023-03-28 02:12:28 - progress_bar.py[line:272] - INFO: epoch 002:    986 / 1878 loss=5.509, loss_v1=0, loss_v2=0, nll_loss=4.644, ntokens=320, nsentences=64, sample_size=320, sample_size_v1=0, sample_size_v2=0, ppl=25.01, wps=77.9, ups=0.24, wpb=320, bsz=64, num_updates=2860, lr=4.50889e-05, gnorm=1.933, clip=100, loss_scale=256, train_wall=41, gb_free=7.4, wall=16118
2023-03-28 02:13:08 - progress_bar.py[line:272] - INFO: epoch 002:    996 / 1878 loss=5.587, loss_v1=0, loss_v2=0, nll_loss=4.727, ntokens=320, nsentences=64, sample_size=320, sample_size_v1=0, sample_size_v2=0, ppl=26.48, wps=78.6, ups=0.25, wpb=320, bsz=64, num_updates=2870, lr=4.50606e-05, gnorm=2.019, clip=100, loss_scale=256, train_wall=41, gb_free=7.4, wall=16159
2023-03-28 02:13:49 - progress_bar.py[line:272] - INFO: epoch 002:   1006 / 1878 loss=5.561, loss_v1=0, loss_v2=0, nll_loss=4.708, ntokens=320, nsentences=64, sample_size=320, sample_size_v1=0, sample_size_v2=0, ppl=26.14, wps=78.4, ups=0.25, wpb=320, bsz=64, num_updates=2880, lr=4.50323e-05, gnorm=2.034, clip=100, loss_scale=256, train_wall=41, gb_free=7.4, wall=16200
2023-03-28 02:14:30 - progress_bar.py[line:272] - INFO: epoch 002:   1016 / 1878 loss=5.553, loss_v1=0, loss_v2=0, nll_loss=4.686, ntokens=320, nsentences=64, sample_size=320, sample_size_v1=0, sample_size_v2=0, ppl=25.75, wps=78.3, ups=0.24, wpb=320, bsz=64, num_updates=2890, lr=4.5004e-05, gnorm=2.011, clip=100, loss_scale=256, train_wall=41, gb_free=7.4, wall=16241
2023-03-28 02:15:11 - progress_bar.py[line:272] - INFO: epoch 002:   1026 / 1878 loss=5.553, loss_v1=0, loss_v2=0, nll_loss=4.695, ntokens=320, nsentences=64, sample_size=320, sample_size_v1=0, sample_size_v2=0, ppl=25.89, wps=78.4, ups=0.24, wpb=320, bsz=64, num_updates=2900, lr=4.49756e-05, gnorm=2.019, clip=100, loss_scale=256, train_wall=41, gb_free=7.4, wall=16281
2023-03-28 02:15:52 - progress_bar.py[line:272] - INFO: epoch 002:   1036 / 1878 loss=5.548, loss_v1=0, loss_v2=0, nll_loss=4.684, ntokens=320, nsentences=64, sample_size=320, sample_size_v1=0, sample_size_v2=0, ppl=25.71, wps=78.5, ups=0.25, wpb=320, bsz=64, num_updates=2910, lr=4.49473e-05, gnorm=2.018, clip=100, loss_scale=256, train_wall=40, gb_free=7.4, wall=16322
2023-03-28 02:16:32 - progress_bar.py[line:272] - INFO: epoch 002:   1046 / 1878 loss=5.537, loss_v1=0, loss_v2=0, nll_loss=4.678, ntokens=320, nsentences=64, sample_size=320, sample_size_v1=0, sample_size_v2=0, ppl=25.6, wps=78.2, ups=0.24, wpb=320, bsz=64, num_updates=2920, lr=4.4919e-05, gnorm=2.029, clip=100, loss_scale=256, train_wall=41, gb_free=7.4, wall=16363
2023-03-28 02:17:13 - progress_bar.py[line:272] - INFO: epoch 002:   1056 / 1878 loss=5.568, loss_v1=0, loss_v2=0, nll_loss=4.71, ntokens=320, nsentences=64, sample_size=320, sample_size_v1=0, sample_size_v2=0, ppl=26.17, wps=78.2, ups=0.24, wpb=320, bsz=64, num_updates=2930, lr=4.48907e-05, gnorm=2.034, clip=100, loss_scale=256, train_wall=41, gb_free=7.4, wall=16404
2023-03-28 02:17:54 - progress_bar.py[line:272] - INFO: epoch 002:   1066 / 1878 loss=5.569, loss_v1=0, loss_v2=0, nll_loss=4.708, ntokens=320, nsentences=64, sample_size=320, sample_size_v1=0, sample_size_v2=0, ppl=26.13, wps=78.1, ups=0.24, wpb=320, bsz=64, num_updates=2940, lr=4.48624e-05, gnorm=2.129, clip=100, loss_scale=256, train_wall=41, gb_free=7.4, wall=16445
2023-03-28 02:18:35 - progress_bar.py[line:272] - INFO: epoch 002:   1076 / 1878 loss=5.508, loss_v1=0, loss_v2=0, nll_loss=4.651, ntokens=320, nsentences=64, sample_size=320, sample_size_v1=0, sample_size_v2=0, ppl=25.12, wps=78.1, ups=0.24, wpb=320, bsz=64, num_updates=2950, lr=4.4834e-05, gnorm=2.046, clip=100, loss_scale=256, train_wall=41, gb_free=7.4, wall=16486
2023-03-28 02:19:16 - progress_bar.py[line:272] - INFO: epoch 002:   1086 / 1878 loss=5.546, loss_v1=0, loss_v2=0, nll_loss=4.685, ntokens=320, nsentences=64, sample_size=320, sample_size_v1=0, sample_size_v2=0, ppl=25.72, wps=78, ups=0.24, wpb=320, bsz=64, num_updates=2960, lr=4.48057e-05, gnorm=1.985, clip=100, loss_scale=256, train_wall=41, gb_free=7.4, wall=16527
2023-03-28 02:19:57 - progress_bar.py[line:272] - INFO: epoch 002:   1096 / 1878 loss=5.526, loss_v1=0, loss_v2=0, nll_loss=4.662, ntokens=320, nsentences=64, sample_size=320, sample_size_v1=0, sample_size_v2=0, ppl=25.32, wps=78.3, ups=0.24, wpb=320, bsz=64, num_updates=2970, lr=4.47774e-05, gnorm=2.002, clip=100, loss_scale=256, train_wall=41, gb_free=7.4, wall=16568
2023-03-28 02:20:38 - progress_bar.py[line:272] - INFO: epoch 002:   1106 / 1878 loss=5.549, loss_v1=0, loss_v2=0, nll_loss=4.688, ntokens=320, nsentences=64, sample_size=320, sample_size_v1=0, sample_size_v2=0, ppl=25.78, wps=77.9, ups=0.24, wpb=320, bsz=64, num_updates=2980, lr=4.47491e-05, gnorm=2.032, clip=100, loss_scale=256, train_wall=41, gb_free=7.4, wall=16609
2023-03-28 02:21:19 - progress_bar.py[line:272] - INFO: epoch 002:   1116 / 1878 loss=5.53, loss_v1=0, loss_v2=0, nll_loss=4.672, ntokens=320, nsentences=64, sample_size=320, sample_size_v1=0, sample_size_v2=0, ppl=25.49, wps=78.2, ups=0.24, wpb=320, bsz=64, num_updates=2990, lr=4.47207e-05, gnorm=2.059, clip=100, loss_scale=256, train_wall=41, gb_free=7.4, wall=16650
slice_id 1 seek offset 5379
2023-03-28 02:22:00 - progress_bar.py[line:272] - INFO: epoch 002:   1126 / 1878 loss=5.497, loss_v1=0, loss_v2=0, nll_loss=4.628, ntokens=320, nsentences=64, sample_size=320, sample_size_v1=0, sample_size_v2=0, ppl=24.73, wps=78.7, ups=0.25, wpb=320, bsz=64, num_updates=3000, lr=4.46924e-05, gnorm=2.044, clip=100, loss_scale=256, train_wall=40, gb_free=7.4, wall=16690
2023-03-28 02:22:00 - train.py[line:445] - INFO: begin validation on "valid" subset
slice_id 0 seek offset 0
slice_id 0 seek offset 0
slice_id 1 seek offset 5379
2023-03-28 02:33:22 - progress_bar.py[line:282] - INFO: epoch 002 | valid on 'valid' subset | loss 5.6 | loss_v1 0 | loss_v2 0 | nll_loss 4.734 | ntokens 39.993 | nsentences 7.999 | sample_size 39.993 | sample_size_v1 0 | sample_size_v2 0 | ppl 26.61 | score 0.0825 | wps 79 | wpb 40 | bsz 8 | num_updates 3000 | best_score 0.0836
2023-03-28 02:33:22 - checkpoint_utils.py[line:64] - INFO: Preparing to save checkpoint for epoch 2 @ 3000 updates
2023-03-28 02:33:22 - trainer.py[line:431] - INFO: Saving checkpoint to ./refcocoplus_scratch_checkpoints/10_5e-5_512/checkpoint_2_3000.pt
2023-03-28 02:33:40 - trainer.py[line:441] - INFO: Finished saving checkpoint to ./refcocoplus_scratch_checkpoints/10_5e-5_512/checkpoint_2_3000.pt
2023-03-28 02:33:48 - checkpoint_utils.py[line:133] - INFO: Saved checkpoint ./refcocoplus_scratch_checkpoints/10_5e-5_512/checkpoint_2_3000.pt (epoch 2 @ 3000 updates, score 0.0825) (writing took 26.714397660456598 seconds)
2023-03-28 02:34:29 - progress_bar.py[line:272] - INFO: epoch 002:   1136 / 1878 loss=5.545, loss_v1=0, loss_v2=0, nll_loss=4.681, ntokens=320, nsentences=64, sample_size=320, sample_size_v1=0, sample_size_v2=0, ppl=25.65, wps=4.3, ups=0.01, wpb=320, bsz=64, num_updates=3010, lr=4.46641e-05, gnorm=2.219, clip=100, loss_scale=256, train_wall=40, gb_free=7.4, wall=17439
2023-03-28 02:35:10 - progress_bar.py[line:272] - INFO: epoch 002:   1146 / 1878 loss=5.547, loss_v1=0, loss_v2=0, nll_loss=4.685, ntokens=320, nsentences=64, sample_size=320, sample_size_v1=0, sample_size_v2=0, ppl=25.73, wps=78, ups=0.24, wpb=320, bsz=64, num_updates=3020, lr=4.46358e-05, gnorm=2.06, clip=100, loss_scale=256, train_wall=41, gb_free=7.4, wall=17480
2023-03-28 02:35:51 - progress_bar.py[line:272] - INFO: epoch 002:   1156 / 1878 loss=5.6, loss_v1=0, loss_v2=0, nll_loss=4.747, ntokens=320, nsentences=64, sample_size=320, sample_size_v1=0, sample_size_v2=0, ppl=26.85, wps=78, ups=0.24, wpb=320, bsz=64, num_updates=3030, lr=4.46075e-05, gnorm=2.029, clip=100, loss_scale=256, train_wall=41, gb_free=7.4, wall=17521
2023-03-28 02:36:32 - progress_bar.py[line:272] - INFO: epoch 002:   1166 / 1878 loss=5.519, loss_v1=0, loss_v2=0, nll_loss=4.655, ntokens=320, nsentences=64, sample_size=320, sample_size_v1=0, sample_size_v2=0, ppl=25.19, wps=78.2, ups=0.24, wpb=320, bsz=64, num_updates=3040, lr=4.45791e-05, gnorm=1.998, clip=100, loss_scale=256, train_wall=41, gb_free=7.4, wall=17562
2023-03-28 02:37:13 - progress_bar.py[line:272] - INFO: epoch 002:   1176 / 1878 loss=5.575, loss_v1=0, loss_v2=0, nll_loss=4.72, ntokens=320, nsentences=64, sample_size=320, sample_size_v1=0, sample_size_v2=0, ppl=26.35, wps=78, ups=0.24, wpb=320, bsz=64, num_updates=3050, lr=4.45508e-05, gnorm=2.02, clip=100, loss_scale=256, train_wall=41, gb_free=7.4, wall=17603
2023-03-28 02:37:54 - progress_bar.py[line:272] - INFO: epoch 002:   1186 / 1878 loss=5.55, loss_v1=0, loss_v2=0, nll_loss=4.687, ntokens=320, nsentences=64, sample_size=320, sample_size_v1=0, sample_size_v2=0, ppl=25.76, wps=77.3, ups=0.24, wpb=320, bsz=64, num_updates=3060, lr=4.45225e-05, gnorm=2.016, clip=100, loss_scale=256, train_wall=41, gb_free=7.4, wall=17645
2023-03-28 02:38:35 - progress_bar.py[line:272] - INFO: epoch 002:   1196 / 1878 loss=5.569, loss_v1=0, loss_v2=0, nll_loss=4.71, ntokens=320, nsentences=64, sample_size=320, sample_size_v1=0, sample_size_v2=0, ppl=26.17, wps=78.2, ups=0.24, wpb=320, bsz=64, num_updates=3070, lr=4.44942e-05, gnorm=2.025, clip=100, loss_scale=256, train_wall=41, gb_free=7.4, wall=17685
2023-03-28 02:39:16 - progress_bar.py[line:272] - INFO: epoch 002:   1206 / 1878 loss=5.536, loss_v1=0, loss_v2=0, nll_loss=4.68, ntokens=320, nsentences=64, sample_size=320, sample_size_v1=0, sample_size_v2=0, ppl=25.63, wps=77.5, ups=0.24, wpb=320, bsz=64, num_updates=3080, lr=4.44658e-05, gnorm=2.225, clip=100, loss_scale=256, train_wall=41, gb_free=7.4, wall=17727
2023-03-28 02:39:57 - progress_bar.py[line:272] - INFO: epoch 002:   1216 / 1878 loss=5.518, loss_v1=0, loss_v2=0, nll_loss=4.645, ntokens=320, nsentences=64, sample_size=320, sample_size_v1=0, sample_size_v2=0, ppl=25.02, wps=77.7, ups=0.24, wpb=320, bsz=64, num_updates=3090, lr=4.44375e-05, gnorm=2.057, clip=100, loss_scale=256, train_wall=41, gb_free=7.4, wall=17768
2023-03-28 02:40:38 - progress_bar.py[line:272] - INFO: epoch 002:   1226 / 1878 loss=5.564, loss_v1=0, loss_v2=0, nll_loss=4.7, ntokens=320, nsentences=64, sample_size=320, sample_size_v1=0, sample_size_v2=0, ppl=25.99, wps=78, ups=0.24, wpb=320, bsz=64, num_updates=3100, lr=4.44092e-05, gnorm=2.066, clip=100, loss_scale=256, train_wall=41, gb_free=7.4, wall=17809
2023-03-28 02:41:19 - progress_bar.py[line:272] - INFO: epoch 002:   1236 / 1878 loss=5.56, loss_v1=0, loss_v2=0, nll_loss=4.71, ntokens=320, nsentences=64, sample_size=320, sample_size_v1=0, sample_size_v2=0, ppl=26.17, wps=78.3, ups=0.24, wpb=320, bsz=64, num_updates=3110, lr=4.43809e-05, gnorm=2.11, clip=100, loss_scale=256, train_wall=41, gb_free=7.4, wall=17850
2023-03-28 02:42:00 - progress_bar.py[line:272] - INFO: epoch 002:   1246 / 1878 loss=5.556, loss_v1=0, loss_v2=0, nll_loss=4.695, ntokens=320, nsentences=64, sample_size=320, sample_size_v1=0, sample_size_v2=0, ppl=25.91, wps=78.3, ups=0.24, wpb=320, bsz=64, num_updates=3120, lr=4.43526e-05, gnorm=2.066, clip=100, loss_scale=256, train_wall=41, gb_free=7.4, wall=17891
2023-03-28 02:42:41 - progress_bar.py[line:272] - INFO: epoch 002:   1256 / 1878 loss=5.462, loss_v1=0, loss_v2=0, nll_loss=4.592, ntokens=320, nsentences=64, sample_size=320, sample_size_v1=0, sample_size_v2=0, ppl=24.12, wps=78.3, ups=0.24, wpb=320, bsz=64, num_updates=3130, lr=4.43242e-05, gnorm=2.081, clip=100, loss_scale=256, train_wall=41, gb_free=7.4, wall=17932
2023-03-28 02:43:22 - progress_bar.py[line:272] - INFO: epoch 002:   1266 / 1878 loss=5.541, loss_v1=0, loss_v2=0, nll_loss=4.672, ntokens=320, nsentences=64, sample_size=320, sample_size_v1=0, sample_size_v2=0, ppl=25.5, wps=78.3, ups=0.24, wpb=320, bsz=64, num_updates=3140, lr=4.42959e-05, gnorm=2.025, clip=100, loss_scale=256, train_wall=41, gb_free=7.4, wall=17972
2023-03-28 02:44:03 - progress_bar.py[line:272] - INFO: epoch 002:   1276 / 1878 loss=5.511, loss_v1=0, loss_v2=0, nll_loss=4.652, ntokens=320, nsentences=64, sample_size=320, sample_size_v1=0, sample_size_v2=0, ppl=25.14, wps=78.5, ups=0.25, wpb=320, bsz=64, num_updates=3150, lr=4.42676e-05, gnorm=2.041, clip=100, loss_scale=256, train_wall=41, gb_free=7.4, wall=18013
2023-03-28 02:44:44 - progress_bar.py[line:272] - INFO: epoch 002:   1286 / 1878 loss=5.529, loss_v1=0, loss_v2=0, nll_loss=4.662, ntokens=320, nsentences=64, sample_size=320, sample_size_v1=0, sample_size_v2=0, ppl=25.31, wps=78.3, ups=0.24, wpb=320, bsz=64, num_updates=3160, lr=4.42393e-05, gnorm=2.043, clip=100, loss_scale=256, train_wall=41, gb_free=7.4, wall=18054
2023-03-28 02:45:24 - progress_bar.py[line:272] - INFO: epoch 002:   1296 / 1878 loss=5.517, loss_v1=0, loss_v2=0, nll_loss=4.649, ntokens=320, nsentences=64, sample_size=320, sample_size_v1=0, sample_size_v2=0, ppl=25.09, wps=78.4, ups=0.24, wpb=320, bsz=64, num_updates=3170, lr=4.42109e-05, gnorm=2.043, clip=100, loss_scale=256, train_wall=41, gb_free=7.4, wall=18095
2023-03-28 02:46:05 - progress_bar.py[line:272] - INFO: epoch 002:   1306 / 1878 loss=5.528, loss_v1=0, loss_v2=0, nll_loss=4.668, ntokens=320, nsentences=64, sample_size=320, sample_size_v1=0, sample_size_v2=0, ppl=25.42, wps=78.1, ups=0.24, wpb=320, bsz=64, num_updates=3180, lr=4.41826e-05, gnorm=2.06, clip=100, loss_scale=256, train_wall=41, gb_free=7.4, wall=18136
2023-03-28 02:46:46 - progress_bar.py[line:272] - INFO: epoch 002:   1316 / 1878 loss=5.596, loss_v1=0, loss_v2=0, nll_loss=4.739, ntokens=320, nsentences=64, sample_size=320, sample_size_v1=0, sample_size_v2=0, ppl=26.7, wps=78.5, ups=0.25, wpb=320, bsz=64, num_updates=3190, lr=4.41543e-05, gnorm=2.118, clip=100, loss_scale=256, train_wall=41, gb_free=7.4, wall=18177
2023-03-28 02:47:27 - progress_bar.py[line:272] - INFO: epoch 002:   1326 / 1878 loss=5.538, loss_v1=0, loss_v2=0, nll_loss=4.674, ntokens=320, nsentences=64, sample_size=320, sample_size_v1=0, sample_size_v2=0, ppl=25.53, wps=78.6, ups=0.25, wpb=320, bsz=64, num_updates=3200, lr=4.4126e-05, gnorm=2.049, clip=100, loss_scale=256, train_wall=40, gb_free=7.4, wall=18217
2023-03-28 02:48:08 - progress_bar.py[line:272] - INFO: epoch 002:   1336 / 1878 loss=5.53, loss_v1=0, loss_v2=0, nll_loss=4.669, ntokens=320, nsentences=64, sample_size=320, sample_size_v1=0, sample_size_v2=0, ppl=25.44, wps=78.2, ups=0.24, wpb=320, bsz=64, num_updates=3210, lr=4.40977e-05, gnorm=2.099, clip=100, loss_scale=256, train_wall=41, gb_free=7.4, wall=18258
2023-03-28 02:48:49 - progress_bar.py[line:272] - INFO: epoch 002:   1346 / 1878 loss=5.498, loss_v1=0, loss_v2=0, nll_loss=4.633, ntokens=320, nsentences=64, sample_size=320, sample_size_v1=0, sample_size_v2=0, ppl=24.81, wps=78.4, ups=0.25, wpb=320, bsz=64, num_updates=3220, lr=4.40693e-05, gnorm=2.121, clip=100, loss_scale=256, train_wall=41, gb_free=7.4, wall=18299
2023-03-28 02:49:30 - progress_bar.py[line:272] - INFO: epoch 002:   1356 / 1878 loss=5.547, loss_v1=0, loss_v2=0, nll_loss=4.682, ntokens=320, nsentences=64, sample_size=320, sample_size_v1=0, sample_size_v2=0, ppl=25.67, wps=78, ups=0.24, wpb=320, bsz=64, num_updates=3230, lr=4.4041e-05, gnorm=2.014, clip=100, loss_scale=256, train_wall=41, gb_free=7.4, wall=18340
2023-03-28 02:50:11 - progress_bar.py[line:272] - INFO: epoch 002:   1366 / 1878 loss=5.536, loss_v1=0, loss_v2=0, nll_loss=4.674, ntokens=320, nsentences=64, sample_size=320, sample_size_v1=0, sample_size_v2=0, ppl=25.53, wps=78.1, ups=0.24, wpb=320, bsz=64, num_updates=3240, lr=4.40127e-05, gnorm=2.048, clip=100, loss_scale=256, train_wall=41, gb_free=7.4, wall=18381
2023-03-28 02:50:51 - progress_bar.py[line:272] - INFO: epoch 002:   1376 / 1878 loss=5.557, loss_v1=0, loss_v2=0, nll_loss=4.703, ntokens=320, nsentences=64, sample_size=320, sample_size_v1=0, sample_size_v2=0, ppl=26.04, wps=78.3, ups=0.24, wpb=320, bsz=64, num_updates=3250, lr=4.39844e-05, gnorm=2.112, clip=100, loss_scale=512, train_wall=41, gb_free=7.4, wall=18422
2023-03-28 02:51:32 - progress_bar.py[line:272] - INFO: epoch 002:   1386 / 1878 loss=5.53, loss_v1=0, loss_v2=0, nll_loss=4.67, ntokens=320, nsentences=64, sample_size=320, sample_size_v1=0, sample_size_v2=0, ppl=25.46, wps=78.6, ups=0.25, wpb=320, bsz=64, num_updates=3260, lr=4.3956e-05, gnorm=2.075, clip=100, loss_scale=512, train_wall=40, gb_free=7.4, wall=18463
2023-03-28 02:52:13 - progress_bar.py[line:272] - INFO: epoch 002:   1396 / 1878 loss=5.558, loss_v1=0, loss_v2=0, nll_loss=4.693, ntokens=320, nsentences=64, sample_size=320, sample_size_v1=0, sample_size_v2=0, ppl=25.86, wps=78.2, ups=0.24, wpb=320, bsz=64, num_updates=3270, lr=4.39277e-05, gnorm=2.057, clip=100, loss_scale=512, train_wall=41, gb_free=7.4, wall=18504
2023-03-28 02:52:54 - progress_bar.py[line:272] - INFO: epoch 002:   1406 / 1878 loss=5.514, loss_v1=0, loss_v2=0, nll_loss=4.654, ntokens=320, nsentences=64, sample_size=320, sample_size_v1=0, sample_size_v2=0, ppl=25.18, wps=78.5, ups=0.25, wpb=320, bsz=64, num_updates=3280, lr=4.38994e-05, gnorm=2.126, clip=100, loss_scale=512, train_wall=41, gb_free=7.4, wall=18544
2023-03-28 02:53:35 - progress_bar.py[line:272] - INFO: epoch 002:   1416 / 1878 loss=5.553, loss_v1=0, loss_v2=0, nll_loss=4.694, ntokens=320, nsentences=64, sample_size=320, sample_size_v1=0, sample_size_v2=0, ppl=25.88, wps=78.2, ups=0.24, wpb=320, bsz=64, num_updates=3290, lr=4.38711e-05, gnorm=2.095, clip=100, loss_scale=512, train_wall=41, gb_free=7.4, wall=18585
2023-03-28 02:54:16 - progress_bar.py[line:272] - INFO: epoch 002:   1426 / 1878 loss=5.546, loss_v1=0, loss_v2=0, nll_loss=4.681, ntokens=320, nsentences=64, sample_size=320, sample_size_v1=0, sample_size_v2=0, ppl=25.66, wps=78.4, ups=0.24, wpb=320, bsz=64, num_updates=3300, lr=4.38428e-05, gnorm=2.054, clip=100, loss_scale=512, train_wall=40, gb_free=7.4, wall=18626
2023-03-28 02:54:56 - progress_bar.py[line:272] - INFO: epoch 002:   1436 / 1878 loss=5.547, loss_v1=0, loss_v2=0, nll_loss=4.689, ntokens=320, nsentences=64, sample_size=320, sample_size_v1=0, sample_size_v2=0, ppl=25.8, wps=78.3, ups=0.24, wpb=320, bsz=64, num_updates=3310, lr=4.38144e-05, gnorm=2.06, clip=100, loss_scale=512, train_wall=41, gb_free=7.4, wall=18667
2023-03-28 02:55:37 - progress_bar.py[line:272] - INFO: epoch 002:   1446 / 1878 loss=5.513, loss_v1=0, loss_v2=0, nll_loss=4.65, ntokens=320, nsentences=64, sample_size=320, sample_size_v1=0, sample_size_v2=0, ppl=25.1, wps=78.4, ups=0.25, wpb=320, bsz=64, num_updates=3320, lr=4.37861e-05, gnorm=2.132, clip=100, loss_scale=512, train_wall=41, gb_free=7.4, wall=18708
2023-03-28 02:56:14 - trainer.py[line:921] - INFO: NOTE: gradient overflow detected, ignoring gradient, setting loss scale to: 256.0
2023-03-28 02:56:22 - progress_bar.py[line:272] - INFO: epoch 002:   1457 / 1878 loss=5.489, loss_v1=0, loss_v2=0, nll_loss=4.621, ntokens=320, nsentences=64, sample_size=320, sample_size_v1=0, sample_size_v2=0, ppl=24.6, wps=71.1, ups=0.22, wpb=320, bsz=64, num_updates=3330, lr=4.37578e-05, gnorm=2.036, clip=100, loss_scale=256, train_wall=45, gb_free=7.4, wall=18753
2023-03-28 02:57:03 - progress_bar.py[line:272] - INFO: epoch 002:   1467 / 1878 loss=5.537, loss_v1=0, loss_v2=0, nll_loss=4.672, ntokens=320, nsentences=64, sample_size=320, sample_size_v1=0, sample_size_v2=0, ppl=25.48, wps=78.3, ups=0.24, wpb=320, bsz=64, num_updates=3340, lr=4.37295e-05, gnorm=2.114, clip=100, loss_scale=256, train_wall=41, gb_free=7.4, wall=18794
2023-03-28 02:57:44 - progress_bar.py[line:272] - INFO: epoch 002:   1477 / 1878 loss=5.522, loss_v1=0, loss_v2=0, nll_loss=4.652, ntokens=320, nsentences=64, sample_size=320, sample_size_v1=0, sample_size_v2=0, ppl=25.14, wps=77.8, ups=0.24, wpb=320, bsz=64, num_updates=3350, lr=4.37011e-05, gnorm=2.077, clip=100, loss_scale=256, train_wall=41, gb_free=7.4, wall=18835
2023-03-28 02:58:25 - progress_bar.py[line:272] - INFO: epoch 002:   1487 / 1878 loss=5.523, loss_v1=0, loss_v2=0, nll_loss=4.667, ntokens=320, nsentences=64, sample_size=320, sample_size_v1=0, sample_size_v2=0, ppl=25.4, wps=78.7, ups=0.25, wpb=320, bsz=64, num_updates=3360, lr=4.36728e-05, gnorm=2.071, clip=100, loss_scale=256, train_wall=40, gb_free=7.4, wall=18875
2023-03-28 02:59:06 - progress_bar.py[line:272] - INFO: epoch 002:   1497 / 1878 loss=5.532, loss_v1=0, loss_v2=0, nll_loss=4.668, ntokens=320, nsentences=64, sample_size=320, sample_size_v1=0, sample_size_v2=0, ppl=25.41, wps=78.7, ups=0.25, wpb=320, bsz=64, num_updates=3370, lr=4.36445e-05, gnorm=2.016, clip=100, loss_scale=256, train_wall=40, gb_free=7.4, wall=18916
2023-03-28 02:59:46 - progress_bar.py[line:272] - INFO: epoch 002:   1507 / 1878 loss=5.506, loss_v1=0, loss_v2=0, nll_loss=4.644, ntokens=320, nsentences=64, sample_size=320, sample_size_v1=0, sample_size_v2=0, ppl=25, wps=78.5, ups=0.25, wpb=320, bsz=64, num_updates=3380, lr=4.36162e-05, gnorm=1.999, clip=100, loss_scale=256, train_wall=41, gb_free=7.4, wall=18957
2023-03-28 03:00:27 - progress_bar.py[line:272] - INFO: epoch 002:   1517 / 1878 loss=5.547, loss_v1=0, loss_v2=0, nll_loss=4.69, ntokens=320, nsentences=64, sample_size=320, sample_size_v1=0, sample_size_v2=0, ppl=25.82, wps=77.8, ups=0.24, wpb=320, bsz=64, num_updates=3390, lr=4.35879e-05, gnorm=2.068, clip=100, loss_scale=256, train_wall=41, gb_free=7.4, wall=18998
2023-03-28 03:01:08 - progress_bar.py[line:272] - INFO: epoch 002:   1527 / 1878 loss=5.501, loss_v1=0, loss_v2=0, nll_loss=4.628, ntokens=320, nsentences=64, sample_size=320, sample_size_v1=0, sample_size_v2=0, ppl=24.72, wps=78.3, ups=0.24, wpb=320, bsz=64, num_updates=3400, lr=4.35595e-05, gnorm=2.022, clip=100, loss_scale=256, train_wall=41, gb_free=7.4, wall=19039
2023-03-28 03:01:49 - progress_bar.py[line:272] - INFO: epoch 002:   1537 / 1878 loss=5.533, loss_v1=0, loss_v2=0, nll_loss=4.678, ntokens=320, nsentences=64, sample_size=320, sample_size_v1=0, sample_size_v2=0, ppl=25.59, wps=78.1, ups=0.24, wpb=320, bsz=64, num_updates=3410, lr=4.35312e-05, gnorm=2.103, clip=100, loss_scale=256, train_wall=41, gb_free=7.4, wall=19080
2023-03-28 03:02:30 - progress_bar.py[line:272] - INFO: epoch 002:   1547 / 1878 loss=5.542, loss_v1=0, loss_v2=0, nll_loss=4.675, ntokens=320, nsentences=64, sample_size=320, sample_size_v1=0, sample_size_v2=0, ppl=25.54, wps=78.5, ups=0.25, wpb=320, bsz=64, num_updates=3420, lr=4.35029e-05, gnorm=2.18, clip=100, loss_scale=256, train_wall=41, gb_free=7.4, wall=19121
2023-03-28 03:03:11 - progress_bar.py[line:272] - INFO: epoch 002:   1557 / 1878 loss=5.55, loss_v1=0, loss_v2=0, nll_loss=4.691, ntokens=320, nsentences=64, sample_size=320, sample_size_v1=0, sample_size_v2=0, ppl=25.83, wps=78.2, ups=0.24, wpb=320, bsz=64, num_updates=3430, lr=4.34746e-05, gnorm=1.987, clip=100, loss_scale=256, train_wall=41, gb_free=7.4, wall=19162
2023-03-28 03:03:52 - progress_bar.py[line:272] - INFO: epoch 002:   1567 / 1878 loss=5.524, loss_v1=0, loss_v2=0, nll_loss=4.665, ntokens=320, nsentences=64, sample_size=320, sample_size_v1=0, sample_size_v2=0, ppl=25.37, wps=77.4, ups=0.24, wpb=320, bsz=64, num_updates=3440, lr=4.34462e-05, gnorm=2.106, clip=100, loss_scale=256, train_wall=41, gb_free=7.4, wall=19203
2023-03-28 03:04:34 - progress_bar.py[line:272] - INFO: epoch 002:   1577 / 1878 loss=5.501, loss_v1=0, loss_v2=0, nll_loss=4.629, ntokens=320, nsentences=64, sample_size=320, sample_size_v1=0, sample_size_v2=0, ppl=24.75, wps=77.5, ups=0.24, wpb=320, bsz=64, num_updates=3450, lr=4.34179e-05, gnorm=2.048, clip=100, loss_scale=256, train_wall=41, gb_free=7.4, wall=19244
2023-03-28 03:05:15 - progress_bar.py[line:272] - INFO: epoch 002:   1587 / 1878 loss=5.546, loss_v1=0, loss_v2=0, nll_loss=4.681, ntokens=320, nsentences=64, sample_size=320, sample_size_v1=0, sample_size_v2=0, ppl=25.66, wps=77.8, ups=0.24, wpb=320, bsz=64, num_updates=3460, lr=4.33896e-05, gnorm=2.007, clip=100, loss_scale=256, train_wall=41, gb_free=7.4, wall=19285
2023-03-28 03:05:56 - progress_bar.py[line:272] - INFO: epoch 002:   1597 / 1878 loss=5.48, loss_v1=0, loss_v2=0, nll_loss=4.617, ntokens=320, nsentences=64, sample_size=320, sample_size_v1=0, sample_size_v2=0, ppl=24.53, wps=77.9, ups=0.24, wpb=320, bsz=64, num_updates=3470, lr=4.33613e-05, gnorm=2.052, clip=100, loss_scale=256, train_wall=41, gb_free=7.4, wall=19326
2023-03-28 03:06:37 - progress_bar.py[line:272] - INFO: epoch 002:   1607 / 1878 loss=5.522, loss_v1=0, loss_v2=0, nll_loss=4.652, ntokens=320, nsentences=64, sample_size=320, sample_size_v1=0, sample_size_v2=0, ppl=25.15, wps=78.1, ups=0.24, wpb=320, bsz=64, num_updates=3480, lr=4.3333e-05, gnorm=2.062, clip=100, loss_scale=256, train_wall=41, gb_free=7.4, wall=19367
2023-03-28 03:07:18 - progress_bar.py[line:272] - INFO: epoch 002:   1617 / 1878 loss=5.512, loss_v1=0, loss_v2=0, nll_loss=4.644, ntokens=319.5, nsentences=63.9, sample_size=319.5, sample_size_v1=0, sample_size_v2=0, ppl=25, wps=77.7, ups=0.24, wpb=319.5, bsz=63.9, num_updates=3490, lr=4.33046e-05, gnorm=2.038, clip=100, loss_scale=256, train_wall=41, gb_free=7.4, wall=19408
slice_id 1 seek offset 5379
2023-03-28 03:07:59 - progress_bar.py[line:272] - INFO: epoch 002:   1627 / 1878 loss=5.515, loss_v1=0, loss_v2=0, nll_loss=4.652, ntokens=320, nsentences=64, sample_size=320, sample_size_v1=0, sample_size_v2=0, ppl=25.15, wps=78.8, ups=0.25, wpb=320, bsz=64, num_updates=3500, lr=4.32763e-05, gnorm=2.1, clip=100, loss_scale=256, train_wall=40, gb_free=7.4, wall=19449
2023-03-28 03:07:59 - train.py[line:445] - INFO: begin validation on "valid" subset
slice_id 0 seek offset 0
slice_id 0 seek offset 0
slice_id 1 seek offset 5379
2023-03-28 03:19:20 - progress_bar.py[line:282] - INFO: epoch 002 | valid on 'valid' subset | loss 5.597 | loss_v1 0 | loss_v2 0 | nll_loss 4.737 | ntokens 39.993 | nsentences 7.999 | sample_size 39.993 | sample_size_v1 0 | sample_size_v2 0 | ppl 26.68 | score 0.0864 | wps 78.9 | wpb 40 | bsz 8 | num_updates 3500 | best_score 0.0864
2023-03-28 03:19:20 - checkpoint_utils.py[line:64] - INFO: Preparing to save checkpoint for epoch 2 @ 3500 updates
2023-03-28 03:19:20 - trainer.py[line:431] - INFO: Saving checkpoint to ./refcocoplus_scratch_checkpoints/10_5e-5_512/checkpoint_2_3500.pt
2023-03-28 03:19:38 - trainer.py[line:441] - INFO: Finished saving checkpoint to ./refcocoplus_scratch_checkpoints/10_5e-5_512/checkpoint_2_3500.pt
2023-03-28 03:20:12 - checkpoint_utils.py[line:133] - INFO: Saved checkpoint ./refcocoplus_scratch_checkpoints/10_5e-5_512/checkpoint_2_3500.pt (epoch 2 @ 3500 updates, score 0.0864) (writing took 51.90807097032666 seconds)
2023-03-28 03:20:53 - progress_bar.py[line:272] - INFO: epoch 002:   1637 / 1878 loss=5.549, loss_v1=0, loss_v2=0, nll_loss=4.69, ntokens=320, nsentences=64, sample_size=320, sample_size_v1=0, sample_size_v2=0, ppl=25.82, wps=4.1, ups=0.01, wpb=320, bsz=64, num_updates=3510, lr=4.3248e-05, gnorm=2.157, clip=100, loss_scale=256, train_wall=40, gb_free=7.4, wall=20224
2023-03-28 03:21:34 - progress_bar.py[line:272] - INFO: epoch 002:   1647 / 1878 loss=5.539, loss_v1=0, loss_v2=0, nll_loss=4.68, ntokens=320, nsentences=64, sample_size=320, sample_size_v1=0, sample_size_v2=0, ppl=25.63, wps=78, ups=0.24, wpb=320, bsz=64, num_updates=3520, lr=4.32197e-05, gnorm=2.068, clip=100, loss_scale=256, train_wall=41, gb_free=7.4, wall=20265
2023-03-28 03:22:15 - progress_bar.py[line:272] - INFO: epoch 002:   1657 / 1878 loss=5.48, loss_v1=0, loss_v2=0, nll_loss=4.606, ntokens=320, nsentences=64, sample_size=320, sample_size_v1=0, sample_size_v2=0, ppl=24.36, wps=78.6, ups=0.25, wpb=320, bsz=64, num_updates=3530, lr=4.31913e-05, gnorm=2.013, clip=100, loss_scale=256, train_wall=40, gb_free=7.4, wall=20305
2023-03-28 03:22:56 - progress_bar.py[line:272] - INFO: epoch 002:   1667 / 1878 loss=5.547, loss_v1=0, loss_v2=0, nll_loss=4.685, ntokens=320, nsentences=64, sample_size=320, sample_size_v1=0, sample_size_v2=0, ppl=25.72, wps=78, ups=0.24, wpb=320, bsz=64, num_updates=3540, lr=4.3163e-05, gnorm=2.113, clip=100, loss_scale=256, train_wall=41, gb_free=7.4, wall=20346
2023-03-28 03:23:37 - progress_bar.py[line:272] - INFO: epoch 002:   1677 / 1878 loss=5.526, loss_v1=0, loss_v2=0, nll_loss=4.663, ntokens=320, nsentences=64, sample_size=320, sample_size_v1=0, sample_size_v2=0, ppl=25.33, wps=78, ups=0.24, wpb=320, bsz=64, num_updates=3550, lr=4.31347e-05, gnorm=2.122, clip=100, loss_scale=256, train_wall=41, gb_free=7.4, wall=20387
2023-03-28 03:24:18 - progress_bar.py[line:272] - INFO: epoch 002:   1687 / 1878 loss=5.504, loss_v1=0, loss_v2=0, nll_loss=4.639, ntokens=320, nsentences=64, sample_size=320, sample_size_v1=0, sample_size_v2=0, ppl=24.92, wps=78.3, ups=0.24, wpb=320, bsz=64, num_updates=3560, lr=4.31064e-05, gnorm=2.008, clip=100, loss_scale=256, train_wall=41, gb_free=7.4, wall=20428
2023-03-28 03:24:58 - progress_bar.py[line:272] - INFO: epoch 002:   1697 / 1878 loss=5.567, loss_v1=0, loss_v2=0, nll_loss=4.711, ntokens=320, nsentences=64, sample_size=320, sample_size_v1=0, sample_size_v2=0, ppl=26.2, wps=78.3, ups=0.24, wpb=320, bsz=64, num_updates=3570, lr=4.30781e-05, gnorm=2.094, clip=100, loss_scale=256, train_wall=41, gb_free=7.4, wall=20469
2023-03-28 03:25:40 - progress_bar.py[line:272] - INFO: epoch 002:   1707 / 1878 loss=5.534, loss_v1=0, loss_v2=0, nll_loss=4.669, ntokens=320, nsentences=64, sample_size=320, sample_size_v1=0, sample_size_v2=0, ppl=25.44, wps=77.9, ups=0.24, wpb=320, bsz=64, num_updates=3580, lr=4.30497e-05, gnorm=2.052, clip=100, loss_scale=256, train_wall=41, gb_free=7.4, wall=20510
2023-03-28 03:26:20 - progress_bar.py[line:272] - INFO: epoch 002:   1717 / 1878 loss=5.509, loss_v1=0, loss_v2=0, nll_loss=4.645, ntokens=320, nsentences=64, sample_size=320, sample_size_v1=0, sample_size_v2=0, ppl=25.02, wps=78.2, ups=0.24, wpb=320, bsz=64, num_updates=3590, lr=4.30214e-05, gnorm=2.026, clip=100, loss_scale=256, train_wall=41, gb_free=7.4, wall=20551
2023-03-28 03:27:02 - progress_bar.py[line:272] - INFO: epoch 002:   1727 / 1878 loss=5.487, loss_v1=0, loss_v2=0, nll_loss=4.617, ntokens=320, nsentences=64, sample_size=320, sample_size_v1=0, sample_size_v2=0, ppl=24.53, wps=78, ups=0.24, wpb=320, bsz=64, num_updates=3600, lr=4.29931e-05, gnorm=2.087, clip=100, loss_scale=256, train_wall=41, gb_free=7.4, wall=20592
2023-03-28 03:27:42 - progress_bar.py[line:272] - INFO: epoch 002:   1737 / 1878 loss=5.557, loss_v1=0, loss_v2=0, nll_loss=4.696, ntokens=320, nsentences=64, sample_size=320, sample_size_v1=0, sample_size_v2=0, ppl=25.92, wps=78.7, ups=0.25, wpb=320, bsz=64, num_updates=3610, lr=4.29648e-05, gnorm=2.083, clip=100, loss_scale=256, train_wall=40, gb_free=7.4, wall=20633
2023-03-28 03:28:23 - progress_bar.py[line:272] - INFO: epoch 002:   1747 / 1878 loss=5.54, loss_v1=0, loss_v2=0, nll_loss=4.68, ntokens=320, nsentences=64, sample_size=320, sample_size_v1=0, sample_size_v2=0, ppl=25.63, wps=78.1, ups=0.24, wpb=320, bsz=64, num_updates=3620, lr=4.29364e-05, gnorm=2.048, clip=100, loss_scale=256, train_wall=41, gb_free=7.4, wall=20674
2023-03-28 03:29:04 - progress_bar.py[line:272] - INFO: epoch 002:   1757 / 1878 loss=5.484, loss_v1=0, loss_v2=0, nll_loss=4.615, ntokens=320, nsentences=64, sample_size=320, sample_size_v1=0, sample_size_v2=0, ppl=24.5, wps=78, ups=0.24, wpb=320, bsz=64, num_updates=3630, lr=4.29081e-05, gnorm=2.026, clip=100, loss_scale=256, train_wall=41, gb_free=7.4, wall=20715
2023-03-28 03:29:45 - progress_bar.py[line:272] - INFO: epoch 002:   1767 / 1878 loss=5.514, loss_v1=0, loss_v2=0, nll_loss=4.652, ntokens=320, nsentences=64, sample_size=320, sample_size_v1=0, sample_size_v2=0, ppl=25.14, wps=78.4, ups=0.25, wpb=320, bsz=64, num_updates=3640, lr=4.28798e-05, gnorm=2.068, clip=100, loss_scale=256, train_wall=41, gb_free=7.4, wall=20756
2023-03-28 03:30:26 - progress_bar.py[line:272] - INFO: epoch 002:   1777 / 1878 loss=5.513, loss_v1=0, loss_v2=0, nll_loss=4.648, ntokens=320, nsentences=64, sample_size=320, sample_size_v1=0, sample_size_v2=0, ppl=25.08, wps=78.4, ups=0.24, wpb=320, bsz=64, num_updates=3650, lr=4.28515e-05, gnorm=2.35, clip=100, loss_scale=256, train_wall=41, gb_free=7.4, wall=20796
2023-03-28 03:31:07 - progress_bar.py[line:272] - INFO: epoch 002:   1787 / 1878 loss=5.496, loss_v1=0, loss_v2=0, nll_loss=4.625, ntokens=320, nsentences=64, sample_size=320, sample_size_v1=0, sample_size_v2=0, ppl=24.68, wps=78.2, ups=0.24, wpb=320, bsz=64, num_updates=3660, lr=4.28232e-05, gnorm=2.154, clip=100, loss_scale=256, train_wall=41, gb_free=7.4, wall=20837
2023-03-28 03:31:48 - progress_bar.py[line:272] - INFO: epoch 002:   1797 / 1878 loss=5.537, loss_v1=0, loss_v2=0, nll_loss=4.673, ntokens=320, nsentences=64, sample_size=320, sample_size_v1=0, sample_size_v2=0, ppl=25.51, wps=78.2, ups=0.24, wpb=320, bsz=64, num_updates=3670, lr=4.27948e-05, gnorm=2.099, clip=100, loss_scale=256, train_wall=41, gb_free=7.4, wall=20878
2023-03-28 03:32:28 - progress_bar.py[line:272] - INFO: epoch 002:   1807 / 1878 loss=5.56, loss_v1=0, loss_v2=0, nll_loss=4.702, ntokens=320, nsentences=64, sample_size=320, sample_size_v1=0, sample_size_v2=0, ppl=26.03, wps=78.6, ups=0.25, wpb=320, bsz=64, num_updates=3680, lr=4.27665e-05, gnorm=2.109, clip=100, loss_scale=256, train_wall=40, gb_free=7.4, wall=20919
2023-03-28 03:33:10 - progress_bar.py[line:272] - INFO: epoch 002:   1817 / 1878 loss=5.518, loss_v1=0, loss_v2=0, nll_loss=4.651, ntokens=320, nsentences=64, sample_size=320, sample_size_v1=0, sample_size_v2=0, ppl=25.13, wps=77.8, ups=0.24, wpb=320, bsz=64, num_updates=3690, lr=4.27382e-05, gnorm=2.073, clip=100, loss_scale=256, train_wall=41, gb_free=7.4, wall=20960
2023-03-28 03:33:50 - progress_bar.py[line:272] - INFO: epoch 002:   1827 / 1878 loss=5.521, loss_v1=0, loss_v2=0, nll_loss=4.654, ntokens=320, nsentences=64, sample_size=320, sample_size_v1=0, sample_size_v2=0, ppl=25.17, wps=78.6, ups=0.25, wpb=320, bsz=64, num_updates=3700, lr=4.27099e-05, gnorm=2.063, clip=100, loss_scale=256, train_wall=40, gb_free=7.4, wall=21001
2023-03-28 03:34:31 - progress_bar.py[line:272] - INFO: epoch 002:   1837 / 1878 loss=5.489, loss_v1=0, loss_v2=0, nll_loss=4.623, ntokens=320, nsentences=64, sample_size=320, sample_size_v1=0, sample_size_v2=0, ppl=24.64, wps=78.7, ups=0.25, wpb=320, bsz=64, num_updates=3710, lr=4.26815e-05, gnorm=1.986, clip=100, loss_scale=256, train_wall=40, gb_free=7.4, wall=21041
2023-03-28 03:35:12 - progress_bar.py[line:272] - INFO: epoch 002:   1847 / 1878 loss=5.54, loss_v1=0, loss_v2=0, nll_loss=4.677, ntokens=320, nsentences=64, sample_size=320, sample_size_v1=0, sample_size_v2=0, ppl=25.58, wps=78.3, ups=0.24, wpb=320, bsz=64, num_updates=3720, lr=4.26532e-05, gnorm=2.033, clip=100, loss_scale=256, train_wall=41, gb_free=7.4, wall=21082
2023-03-28 03:35:53 - progress_bar.py[line:272] - INFO: epoch 002:   1857 / 1878 loss=5.527, loss_v1=0, loss_v2=0, nll_loss=4.664, ntokens=320, nsentences=64, sample_size=320, sample_size_v1=0, sample_size_v2=0, ppl=25.35, wps=78.5, ups=0.25, wpb=320, bsz=64, num_updates=3730, lr=4.26249e-05, gnorm=2.172, clip=100, loss_scale=256, train_wall=41, gb_free=7.4, wall=21123
2023-03-28 03:36:33 - progress_bar.py[line:272] - INFO: epoch 002:   1867 / 1878 loss=5.507, loss_v1=0, loss_v2=0, nll_loss=4.64, ntokens=320, nsentences=64, sample_size=320, sample_size_v1=0, sample_size_v2=0, ppl=24.93, wps=78.1, ups=0.24, wpb=320, bsz=64, num_updates=3740, lr=4.25966e-05, gnorm=2.117, clip=100, loss_scale=256, train_wall=41, gb_free=7.4, wall=21164
2023-03-28 03:37:14 - progress_bar.py[line:272] - INFO: epoch 002:   1877 / 1878 loss=5.491, loss_v1=0, loss_v2=0, nll_loss=4.625, ntokens=320, nsentences=64, sample_size=320, sample_size_v1=0, sample_size_v2=0, ppl=24.68, wps=78.9, ups=0.25, wpb=320, bsz=64, num_updates=3750, lr=4.25683e-05, gnorm=2.075, clip=100, loss_scale=256, train_wall=40, gb_free=7.4, wall=21205
slice_id 1 seek offset 5379
2023-03-28 03:37:17 - train.py[line:445] - INFO: begin validation on "valid" subset
slice_id 0 seek offset 0
slice_id 0 seek offset 0
slice_id 1 seek offset 5379
2023-03-28 03:48:40 - progress_bar.py[line:282] - INFO: epoch 002 | valid on 'valid' subset | loss 5.6 | loss_v1 0 | loss_v2 0 | nll_loss 4.735 | ntokens 39.993 | nsentences 7.999 | sample_size 39.993 | sample_size_v1 0 | sample_size_v2 0 | ppl 26.63 | score 0.0838 | wps 78.8 | wpb 40 | bsz 8 | num_updates 3751 | best_score 0.0864
2023-03-28 03:48:40 - checkpoint_utils.py[line:64] - INFO: Preparing to save checkpoint for epoch 2 @ 3751 updates
2023-03-28 03:48:40 - trainer.py[line:431] - INFO: Saving checkpoint to ./refcocoplus_scratch_checkpoints/10_5e-5_512/checkpoint_last.pt
local datafile ../../dataset/refcocoplus_data/refcocoplus_train.tsv slice_id 1 begin to initialize row_count and line_idx-to-offset mapping
2023-03-28 03:48:58 - trainer.py[line:441] - INFO: Finished saving checkpoint to ./refcocoplus_scratch_checkpoints/10_5e-5_512/checkpoint_last.pt
2023-03-28 03:48:59 - checkpoint_utils.py[line:133] - INFO: Saved checkpoint ./refcocoplus_scratch_checkpoints/10_5e-5_512/checkpoint_last.pt (epoch 2 @ 3751 updates, score 0.0838) (writing took 18.639883254654706 seconds)
2023-03-28 03:48:59 - train.py[line:332] - INFO: end of epoch 2 (average epoch stats below)
2023-03-28 03:48:59 - progress_bar.py[line:282] - INFO: epoch 002 | loss 5.564 | loss_v1 0 | loss_v2 0 | nll_loss 4.704 | ntokens 319.997 | nsentences 63.999 | sample_size 319.997 | sample_size_v1 0 | sample_size_v2 0 | ppl 26.07 | wps 53 | ups 0.17 | wpb 320 | bsz 64 | num_updates 3751 | lr 4.25654e-05 | gnorm 2.096 | clip 100 | loss_scale 256 | train_wall 7637 | gb_free 7.4 | wall 21909
2023-03-28 03:48:59 - trainer.py[line:639] - INFO: loading train data for epoch 3
local datafile ../../dataset/refcocoplus_data/refcocoplus_train.tsv slice_id 0 begin to initialize row_count and line_idx-to-offset mapping
local datafile ../../dataset/refcocoplus_data/refcocoplus_train.tsv slice_id 1 finished initializing row_count and line_idx-to-offset mapping
file ../../dataset/refcocoplus_data/refcocoplus_train.tsv slice_id 1 row count 60095 total row count 120191
slice_id 1 seek offset 60096
local datafile ../../dataset/refcocoplus_data/refcocoplus_train.tsv slice_id 0 finished initializing row_count and line_idx-to-offset mapping
file ../../dataset/refcocoplus_data/refcocoplus_train.tsv slice_id 0 row count 60096 total row count 120191
slice_id 0 seek offset 0
2023-03-28 03:49:16 - trainer.py[line:703] - INFO: begin training epoch 3
2023-03-28 03:49:16 - train.py[line:305] - INFO: Start iterating over samples
2023-03-28 03:49:53 - progress_bar.py[line:272] - INFO: epoch 003:      9 / 1878 loss=5.518, loss_v1=0, loss_v2=0, nll_loss=4.654, ntokens=320, nsentences=64, sample_size=320, sample_size_v1=0, sample_size_v2=0, ppl=25.18, wps=4.2, ups=0.01, wpb=320, bsz=64, num_updates=3760, lr=4.25399e-05, gnorm=2.207, clip=100, loss_scale=256, train_wall=39, gb_free=7.4, wall=21964
2023-03-28 03:50:34 - progress_bar.py[line:272] - INFO: epoch 003:     19 / 1878 loss=5.522, loss_v1=0, loss_v2=0, nll_loss=4.658, ntokens=320, nsentences=64, sample_size=320, sample_size_v1=0, sample_size_v2=0, ppl=25.24, wps=78.3, ups=0.24, wpb=320, bsz=64, num_updates=3770, lr=4.25116e-05, gnorm=2.181, clip=100, loss_scale=256, train_wall=41, gb_free=7.4, wall=22005
2023-03-28 03:51:15 - progress_bar.py[line:272] - INFO: epoch 003:     29 / 1878 loss=5.502, loss_v1=0, loss_v2=0, nll_loss=4.637, ntokens=320, nsentences=64, sample_size=320, sample_size_v1=0, sample_size_v2=0, ppl=24.88, wps=78.5, ups=0.25, wpb=320, bsz=64, num_updates=3780, lr=4.24833e-05, gnorm=2.237, clip=100, loss_scale=256, train_wall=40, gb_free=7.4, wall=22045
2023-03-28 03:51:56 - progress_bar.py[line:272] - INFO: epoch 003:     39 / 1878 loss=5.513, loss_v1=0, loss_v2=0, nll_loss=4.645, ntokens=320, nsentences=64, sample_size=320, sample_size_v1=0, sample_size_v2=0, ppl=25.02, wps=78.3, ups=0.24, wpb=320, bsz=64, num_updates=3790, lr=4.2455e-05, gnorm=2.255, clip=100, loss_scale=256, train_wall=41, gb_free=7.4, wall=22086
2023-03-28 03:52:37 - progress_bar.py[line:272] - INFO: epoch 003:     49 / 1878 loss=5.517, loss_v1=0, loss_v2=0, nll_loss=4.653, ntokens=320, nsentences=64, sample_size=320, sample_size_v1=0, sample_size_v2=0, ppl=25.15, wps=78.2, ups=0.24, wpb=320, bsz=64, num_updates=3800, lr=4.24266e-05, gnorm=2.211, clip=100, loss_scale=256, train_wall=41, gb_free=7.4, wall=22127
2023-03-28 03:53:17 - progress_bar.py[line:272] - INFO: epoch 003:     59 / 1878 loss=5.527, loss_v1=0, loss_v2=0, nll_loss=4.662, ntokens=320, nsentences=64, sample_size=320, sample_size_v1=0, sample_size_v2=0, ppl=25.31, wps=78.5, ups=0.25, wpb=320, bsz=64, num_updates=3810, lr=4.23983e-05, gnorm=2.189, clip=100, loss_scale=256, train_wall=41, gb_free=7.4, wall=22168
2023-03-28 03:53:58 - progress_bar.py[line:272] - INFO: epoch 003:     69 / 1878 loss=5.513, loss_v1=0, loss_v2=0, nll_loss=4.651, ntokens=320, nsentences=64, sample_size=320, sample_size_v1=0, sample_size_v2=0, ppl=25.13, wps=77.8, ups=0.24, wpb=320, bsz=64, num_updates=3820, lr=4.237e-05, gnorm=2.248, clip=100, loss_scale=256, train_wall=41, gb_free=7.4, wall=22209
2023-03-28 03:54:39 - progress_bar.py[line:272] - INFO: epoch 003:     79 / 1878 loss=5.524, loss_v1=0, loss_v2=0, nll_loss=4.666, ntokens=320, nsentences=64, sample_size=320, sample_size_v1=0, sample_size_v2=0, ppl=25.39, wps=78.3, ups=0.24, wpb=320, bsz=64, num_updates=3830, lr=4.23417e-05, gnorm=2.171, clip=100, loss_scale=256, train_wall=41, gb_free=7.4, wall=22250
2023-03-28 03:55:20 - progress_bar.py[line:272] - INFO: epoch 003:     89 / 1878 loss=5.53, loss_v1=0, loss_v2=0, nll_loss=4.666, ntokens=320, nsentences=64, sample_size=320, sample_size_v1=0, sample_size_v2=0, ppl=25.38, wps=78.2, ups=0.24, wpb=320, bsz=64, num_updates=3840, lr=4.23134e-05, gnorm=2.267, clip=100, loss_scale=512, train_wall=41, gb_free=7.4, wall=22291
2023-03-28 03:56:01 - progress_bar.py[line:272] - INFO: epoch 003:     99 / 1878 loss=5.532, loss_v1=0, loss_v2=0, nll_loss=4.669, ntokens=320, nsentences=64, sample_size=320, sample_size_v1=0, sample_size_v2=0, ppl=25.43, wps=78.7, ups=0.25, wpb=320, bsz=64, num_updates=3850, lr=4.2285e-05, gnorm=2.163, clip=100, loss_scale=512, train_wall=40, gb_free=7.4, wall=22331
2023-03-28 03:56:42 - progress_bar.py[line:272] - INFO: epoch 003:    109 / 1878 loss=5.484, loss_v1=0, loss_v2=0, nll_loss=4.61, ntokens=320, nsentences=64, sample_size=320, sample_size_v1=0, sample_size_v2=0, ppl=24.42, wps=78.3, ups=0.24, wpb=320, bsz=64, num_updates=3860, lr=4.22567e-05, gnorm=2.196, clip=100, loss_scale=512, train_wall=41, gb_free=7.4, wall=22372
2023-03-28 03:57:23 - progress_bar.py[line:272] - INFO: epoch 003:    119 / 1878 loss=5.503, loss_v1=0, loss_v2=0, nll_loss=4.638, ntokens=320, nsentences=64, sample_size=320, sample_size_v1=0, sample_size_v2=0, ppl=24.89, wps=78.2, ups=0.24, wpb=320, bsz=64, num_updates=3870, lr=4.22284e-05, gnorm=2.197, clip=100, loss_scale=512, train_wall=41, gb_free=7.4, wall=22413
2023-03-28 03:57:27 - trainer.py[line:921] - INFO: NOTE: gradient overflow detected, ignoring gradient, setting loss scale to: 256.0
2023-03-28 03:58:08 - progress_bar.py[line:272] - INFO: epoch 003:    130 / 1878 loss=5.528, loss_v1=0, loss_v2=0, nll_loss=4.665, ntokens=320, nsentences=64, sample_size=320, sample_size_v1=0, sample_size_v2=0, ppl=25.37, wps=71.2, ups=0.22, wpb=320, bsz=64, num_updates=3880, lr=4.22001e-05, gnorm=2.23, clip=100, loss_scale=256, train_wall=45, gb_free=7.4, wall=22458
2023-03-28 03:58:49 - progress_bar.py[line:272] - INFO: epoch 003:    140 / 1878 loss=5.532, loss_v1=0, loss_v2=0, nll_loss=4.672, ntokens=320, nsentences=64, sample_size=320, sample_size_v1=0, sample_size_v2=0, ppl=25.49, wps=78.2, ups=0.24, wpb=320, bsz=64, num_updates=3890, lr=4.21717e-05, gnorm=2.195, clip=100, loss_scale=256, train_wall=41, gb_free=7.4, wall=22499
2023-03-28 03:59:30 - progress_bar.py[line:272] - INFO: epoch 003:    150 / 1878 loss=5.523, loss_v1=0, loss_v2=0, nll_loss=4.662, ntokens=320, nsentences=64, sample_size=320, sample_size_v1=0, sample_size_v2=0, ppl=25.31, wps=77.9, ups=0.24, wpb=320, bsz=64, num_updates=3900, lr=4.21434e-05, gnorm=2.23, clip=100, loss_scale=256, train_wall=41, gb_free=7.4, wall=22540
2023-03-28 04:00:11 - progress_bar.py[line:272] - INFO: epoch 003:    160 / 1878 loss=5.521, loss_v1=0, loss_v2=0, nll_loss=4.655, ntokens=320, nsentences=64, sample_size=320, sample_size_v1=0, sample_size_v2=0, ppl=25.19, wps=77.8, ups=0.24, wpb=320, bsz=64, num_updates=3910, lr=4.21151e-05, gnorm=2.217, clip=100, loss_scale=256, train_wall=41, gb_free=7.4, wall=22581
2023-03-28 04:00:52 - progress_bar.py[line:272] - INFO: epoch 003:    170 / 1878 loss=5.514, loss_v1=0, loss_v2=0, nll_loss=4.646, ntokens=320, nsentences=64, sample_size=320, sample_size_v1=0, sample_size_v2=0, ppl=25.04, wps=78.2, ups=0.24, wpb=320, bsz=64, num_updates=3920, lr=4.20868e-05, gnorm=2.179, clip=100, loss_scale=256, train_wall=41, gb_free=7.4, wall=22622
2023-03-28 04:01:33 - progress_bar.py[line:272] - INFO: epoch 003:    180 / 1878 loss=5.532, loss_v1=0, loss_v2=0, nll_loss=4.675, ntokens=320, nsentences=64, sample_size=320, sample_size_v1=0, sample_size_v2=0, ppl=25.55, wps=78.5, ups=0.25, wpb=320, bsz=64, num_updates=3930, lr=4.20585e-05, gnorm=2.227, clip=100, loss_scale=256, train_wall=41, gb_free=7.4, wall=22663
2023-03-28 04:02:14 - progress_bar.py[line:272] - INFO: epoch 003:    190 / 1878 loss=5.534, loss_v1=0, loss_v2=0, nll_loss=4.676, ntokens=320, nsentences=64, sample_size=320, sample_size_v1=0, sample_size_v2=0, ppl=25.56, wps=78.2, ups=0.24, wpb=320, bsz=64, num_updates=3940, lr=4.20301e-05, gnorm=2.259, clip=100, loss_scale=256, train_wall=41, gb_free=7.4, wall=22704
2023-03-28 04:02:54 - progress_bar.py[line:272] - INFO: epoch 003:    200 / 1878 loss=5.484, loss_v1=0, loss_v2=0, nll_loss=4.607, ntokens=320, nsentences=64, sample_size=320, sample_size_v1=0, sample_size_v2=0, ppl=24.37, wps=78.3, ups=0.24, wpb=320, bsz=64, num_updates=3950, lr=4.20018e-05, gnorm=2.267, clip=100, loss_scale=256, train_wall=41, gb_free=7.4, wall=22745
2023-03-28 04:03:35 - progress_bar.py[line:272] - INFO: epoch 003:    210 / 1878 loss=5.547, loss_v1=0, loss_v2=0, nll_loss=4.689, ntokens=320, nsentences=64, sample_size=320, sample_size_v1=0, sample_size_v2=0, ppl=25.8, wps=78.2, ups=0.24, wpb=320, bsz=64, num_updates=3960, lr=4.19735e-05, gnorm=2.302, clip=100, loss_scale=256, train_wall=41, gb_free=7.4, wall=22786
2023-03-28 04:04:16 - progress_bar.py[line:272] - INFO: epoch 003:    220 / 1878 loss=5.518, loss_v1=0, loss_v2=0, nll_loss=4.651, ntokens=320, nsentences=64, sample_size=320, sample_size_v1=0, sample_size_v2=0, ppl=25.13, wps=78.6, ups=0.25, wpb=320, bsz=64, num_updates=3970, lr=4.19452e-05, gnorm=2.222, clip=100, loss_scale=256, train_wall=40, gb_free=7.4, wall=22827
2023-03-28 04:04:57 - progress_bar.py[line:272] - INFO: epoch 003:    230 / 1878 loss=5.472, loss_v1=0, loss_v2=0, nll_loss=4.604, ntokens=320, nsentences=64, sample_size=320, sample_size_v1=0, sample_size_v2=0, ppl=24.32, wps=78.3, ups=0.24, wpb=320, bsz=64, num_updates=3980, lr=4.19168e-05, gnorm=2.196, clip=100, loss_scale=256, train_wall=41, gb_free=7.4, wall=22867
2023-03-28 04:05:38 - progress_bar.py[line:272] - INFO: epoch 003:    240 / 1878 loss=5.54, loss_v1=0, loss_v2=0, nll_loss=4.674, ntokens=320, nsentences=64, sample_size=320, sample_size_v1=0, sample_size_v2=0, ppl=25.52, wps=77.7, ups=0.24, wpb=320, bsz=64, num_updates=3990, lr=4.18885e-05, gnorm=2.253, clip=100, loss_scale=256, train_wall=41, gb_free=7.4, wall=22909
2023-03-28 04:06:19 - progress_bar.py[line:272] - INFO: epoch 003:    250 / 1878 loss=5.533, loss_v1=0, loss_v2=0, nll_loss=4.674, ntokens=320, nsentences=64, sample_size=320, sample_size_v1=0, sample_size_v2=0, ppl=25.52, wps=78.1, ups=0.24, wpb=320, bsz=64, num_updates=4000, lr=4.18602e-05, gnorm=2.352, clip=100, loss_scale=256, train_wall=41, gb_free=7.4, wall=22950
2023-03-28 04:06:19 - train.py[line:445] - INFO: begin validation on "valid" subset
slice_id 0 seek offset 0
slice_id 1 seek offset 5379
slice_id 0 seek offset 0
slice_id 1 seek offset 5379
2023-03-28 04:17:41 - progress_bar.py[line:282] - INFO: epoch 003 | valid on 'valid' subset | loss 5.596 | loss_v1 0 | loss_v2 0 | nll_loss 4.738 | ntokens 39.993 | nsentences 7.999 | sample_size 39.993 | sample_size_v1 0 | sample_size_v2 0 | ppl 26.69 | score 0.0876 | wps 78.9 | wpb 40 | bsz 8 | num_updates 4000 | best_score 0.0876
2023-03-28 04:17:41 - checkpoint_utils.py[line:64] - INFO: Preparing to save checkpoint for epoch 3 @ 4000 updates
2023-03-28 04:17:41 - trainer.py[line:431] - INFO: Saving checkpoint to ./refcocoplus_scratch_checkpoints/10_5e-5_512/checkpoint_3_4000.pt
2023-03-28 04:18:02 - trainer.py[line:441] - INFO: Finished saving checkpoint to ./refcocoplus_scratch_checkpoints/10_5e-5_512/checkpoint_3_4000.pt
2023-03-28 04:18:34 - checkpoint_utils.py[line:133] - INFO: Saved checkpoint ./refcocoplus_scratch_checkpoints/10_5e-5_512/checkpoint_3_4000.pt (epoch 3 @ 4000 updates, score 0.0876) (writing took 52.8019955130294 seconds)
2023-03-28 04:19:14 - progress_bar.py[line:272] - INFO: epoch 003:    260 / 1878 loss=5.503, loss_v1=0, loss_v2=0, nll_loss=4.638, ntokens=320, nsentences=64, sample_size=320, sample_size_v1=0, sample_size_v2=0, ppl=24.9, wps=4.1, ups=0.01, wpb=320, bsz=64, num_updates=4010, lr=4.18319e-05, gnorm=2.225, clip=100, loss_scale=256, train_wall=40, gb_free=7.4, wall=23725
2023-03-28 04:19:55 - progress_bar.py[line:272] - INFO: epoch 003:    270 / 1878 loss=5.504, loss_v1=0, loss_v2=0, nll_loss=4.636, ntokens=320, nsentences=64, sample_size=320, sample_size_v1=0, sample_size_v2=0, ppl=24.87, wps=78.9, ups=0.25, wpb=320, bsz=64, num_updates=4020, lr=4.18036e-05, gnorm=2.207, clip=100, loss_scale=256, train_wall=40, gb_free=7.4, wall=23765
2023-03-28 04:20:36 - progress_bar.py[line:272] - INFO: epoch 003:    280 / 1878 loss=5.507, loss_v1=0, loss_v2=0, nll_loss=4.638, ntokens=320, nsentences=64, sample_size=320, sample_size_v1=0, sample_size_v2=0, ppl=24.89, wps=78.4, ups=0.24, wpb=320, bsz=64, num_updates=4030, lr=4.17752e-05, gnorm=2.195, clip=100, loss_scale=256, train_wall=41, gb_free=7.4, wall=23806
2023-03-28 04:21:16 - progress_bar.py[line:272] - INFO: epoch 003:    290 / 1878 loss=5.504, loss_v1=0, loss_v2=0, nll_loss=4.642, ntokens=320, nsentences=64, sample_size=320, sample_size_v1=0, sample_size_v2=0, ppl=24.96, wps=78.2, ups=0.24, wpb=320, bsz=64, num_updates=4040, lr=4.17469e-05, gnorm=2.266, clip=100, loss_scale=256, train_wall=41, gb_free=7.4, wall=23847
2023-03-28 04:21:57 - progress_bar.py[line:272] - INFO: epoch 003:    300 / 1878 loss=5.518, loss_v1=0, loss_v2=0, nll_loss=4.649, ntokens=320, nsentences=64, sample_size=320, sample_size_v1=0, sample_size_v2=0, ppl=25.09, wps=78.6, ups=0.25, wpb=320, bsz=64, num_updates=4050, lr=4.17186e-05, gnorm=2.215, clip=100, loss_scale=256, train_wall=40, gb_free=7.4, wall=23888
2023-03-28 04:22:38 - progress_bar.py[line:272] - INFO: epoch 003:    310 / 1878 loss=5.502, loss_v1=0, loss_v2=0, nll_loss=4.641, ntokens=320, nsentences=64, sample_size=320, sample_size_v1=0, sample_size_v2=0, ppl=24.94, wps=77.9, ups=0.24, wpb=320, bsz=64, num_updates=4060, lr=4.16903e-05, gnorm=2.202, clip=100, loss_scale=256, train_wall=41, gb_free=7.4, wall=23929
2023-03-28 04:23:19 - progress_bar.py[line:272] - INFO: epoch 003:    320 / 1878 loss=5.541, loss_v1=0, loss_v2=0, nll_loss=4.676, ntokens=320, nsentences=64, sample_size=320, sample_size_v1=0, sample_size_v2=0, ppl=25.57, wps=77.9, ups=0.24, wpb=320, bsz=64, num_updates=4070, lr=4.16619e-05, gnorm=2.214, clip=100, loss_scale=256, train_wall=41, gb_free=7.4, wall=23970
2023-03-28 04:24:01 - progress_bar.py[line:272] - INFO: epoch 003:    330 / 1878 loss=5.488, loss_v1=0, loss_v2=0, nll_loss=4.615, ntokens=320, nsentences=64, sample_size=320, sample_size_v1=0, sample_size_v2=0, ppl=24.51, wps=77.7, ups=0.24, wpb=320, bsz=64, num_updates=4080, lr=4.16336e-05, gnorm=2.243, clip=100, loss_scale=256, train_wall=41, gb_free=7.4, wall=24011
2023-03-28 04:24:42 - progress_bar.py[line:272] - INFO: epoch 003:    340 / 1878 loss=5.519, loss_v1=0, loss_v2=0, nll_loss=4.66, ntokens=320, nsentences=64, sample_size=320, sample_size_v1=0, sample_size_v2=0, ppl=25.28, wps=77.6, ups=0.24, wpb=320, bsz=64, num_updates=4090, lr=4.16053e-05, gnorm=2.193, clip=100, loss_scale=256, train_wall=41, gb_free=7.4, wall=24052
2023-03-28 04:25:23 - progress_bar.py[line:272] - INFO: epoch 003:    350 / 1878 loss=5.497, loss_v1=0, loss_v2=0, nll_loss=4.629, ntokens=320, nsentences=64, sample_size=320, sample_size_v1=0, sample_size_v2=0, ppl=24.74, wps=78.2, ups=0.24, wpb=320, bsz=64, num_updates=4100, lr=4.1577e-05, gnorm=2.197, clip=100, loss_scale=256, train_wall=41, gb_free=7.4, wall=24093
2023-03-28 04:26:03 - progress_bar.py[line:272] - INFO: epoch 003:    360 / 1878 loss=5.494, loss_v1=0, loss_v2=0, nll_loss=4.624, ntokens=320, nsentences=64, sample_size=320, sample_size_v1=0, sample_size_v2=0, ppl=24.65, wps=78.5, ups=0.25, wpb=320, bsz=64, num_updates=4110, lr=4.15487e-05, gnorm=2.27, clip=100, loss_scale=256, train_wall=41, gb_free=7.4, wall=24134
2023-03-28 04:26:44 - progress_bar.py[line:272] - INFO: epoch 003:    370 / 1878 loss=5.521, loss_v1=0, loss_v2=0, nll_loss=4.659, ntokens=320, nsentences=64, sample_size=320, sample_size_v1=0, sample_size_v2=0, ppl=25.27, wps=78.2, ups=0.24, wpb=320, bsz=64, num_updates=4120, lr=4.15203e-05, gnorm=2.231, clip=100, loss_scale=256, train_wall=41, gb_free=7.4, wall=24175
2023-03-28 04:27:25 - progress_bar.py[line:272] - INFO: epoch 003:    380 / 1878 loss=5.492, loss_v1=0, loss_v2=0, nll_loss=4.631, ntokens=320, nsentences=64, sample_size=320, sample_size_v1=0, sample_size_v2=0, ppl=24.78, wps=78.5, ups=0.25, wpb=320, bsz=64, num_updates=4130, lr=4.1492e-05, gnorm=2.311, clip=100, loss_scale=256, train_wall=41, gb_free=7.4, wall=24216
2023-03-28 04:28:06 - progress_bar.py[line:272] - INFO: epoch 003:    390 / 1878 loss=5.49, loss_v1=0, loss_v2=0, nll_loss=4.617, ntokens=320, nsentences=64, sample_size=320, sample_size_v1=0, sample_size_v2=0, ppl=24.54, wps=78.3, ups=0.24, wpb=320, bsz=64, num_updates=4140, lr=4.14637e-05, gnorm=2.35, clip=100, loss_scale=256, train_wall=41, gb_free=7.4, wall=24257
2023-03-28 04:28:47 - progress_bar.py[line:272] - INFO: epoch 003:    400 / 1878 loss=5.571, loss_v1=0, loss_v2=0, nll_loss=4.713, ntokens=320, nsentences=64, sample_size=320, sample_size_v1=0, sample_size_v2=0, ppl=26.22, wps=78.4, ups=0.24, wpb=320, bsz=64, num_updates=4150, lr=4.14354e-05, gnorm=2.246, clip=100, loss_scale=256, train_wall=40, gb_free=7.4, wall=24297
2023-03-28 04:29:28 - progress_bar.py[line:272] - INFO: epoch 003:    410 / 1878 loss=5.507, loss_v1=0, loss_v2=0, nll_loss=4.64, ntokens=320, nsentences=64, sample_size=320, sample_size_v1=0, sample_size_v2=0, ppl=24.94, wps=78.5, ups=0.25, wpb=320, bsz=64, num_updates=4160, lr=4.1407e-05, gnorm=2.261, clip=100, loss_scale=256, train_wall=41, gb_free=7.4, wall=24338
2023-03-28 04:30:08 - progress_bar.py[line:272] - INFO: epoch 003:    420 / 1878 loss=5.488, loss_v1=0, loss_v2=0, nll_loss=4.619, ntokens=320, nsentences=64, sample_size=320, sample_size_v1=0, sample_size_v2=0, ppl=24.58, wps=78.6, ups=0.25, wpb=320, bsz=64, num_updates=4170, lr=4.13787e-05, gnorm=2.248, clip=100, loss_scale=256, train_wall=40, gb_free=7.4, wall=24379
2023-03-28 04:30:49 - progress_bar.py[line:272] - INFO: epoch 003:    430 / 1878 loss=5.466, loss_v1=0, loss_v2=0, nll_loss=4.596, ntokens=320, nsentences=64, sample_size=320, sample_size_v1=0, sample_size_v2=0, ppl=24.19, wps=77.8, ups=0.24, wpb=320, bsz=64, num_updates=4180, lr=4.13504e-05, gnorm=2.19, clip=100, loss_scale=256, train_wall=41, gb_free=7.4, wall=24420
2023-03-28 04:31:30 - progress_bar.py[line:272] - INFO: epoch 003:    440 / 1878 loss=5.503, loss_v1=0, loss_v2=0, nll_loss=4.638, ntokens=320, nsentences=64, sample_size=320, sample_size_v1=0, sample_size_v2=0, ppl=24.9, wps=78.2, ups=0.24, wpb=320, bsz=64, num_updates=4190, lr=4.13221e-05, gnorm=2.238, clip=100, loss_scale=256, train_wall=41, gb_free=7.4, wall=24461
2023-03-28 04:32:11 - progress_bar.py[line:272] - INFO: epoch 003:    450 / 1878 loss=5.479, loss_v1=0, loss_v2=0, nll_loss=4.609, ntokens=320, nsentences=64, sample_size=320, sample_size_v1=0, sample_size_v2=0, ppl=24.4, wps=77.8, ups=0.24, wpb=320, bsz=64, num_updates=4200, lr=4.12938e-05, gnorm=2.237, clip=100, loss_scale=256, train_wall=41, gb_free=7.4, wall=24502
2023-03-28 04:32:53 - progress_bar.py[line:272] - INFO: epoch 003:    460 / 1878 loss=5.514, loss_v1=0, loss_v2=0, nll_loss=4.651, ntokens=319.5, nsentences=63.9, sample_size=319.5, sample_size_v1=0, sample_size_v2=0, ppl=25.12, wps=77.3, ups=0.24, wpb=319.5, bsz=63.9, num_updates=4210, lr=4.12654e-05, gnorm=2.296, clip=100, loss_scale=256, train_wall=41, gb_free=7.4, wall=24543
2023-03-28 04:33:34 - progress_bar.py[line:272] - INFO: epoch 003:    470 / 1878 loss=5.498, loss_v1=0, loss_v2=0, nll_loss=4.625, ntokens=320, nsentences=64, sample_size=320, sample_size_v1=0, sample_size_v2=0, ppl=24.68, wps=78.4, ups=0.24, wpb=320, bsz=64, num_updates=4220, lr=4.12371e-05, gnorm=2.288, clip=100, loss_scale=256, train_wall=41, gb_free=7.4, wall=24584
2023-03-28 04:34:14 - progress_bar.py[line:272] - INFO: epoch 003:    480 / 1878 loss=5.506, loss_v1=0, loss_v2=0, nll_loss=4.644, ntokens=320, nsentences=64, sample_size=320, sample_size_v1=0, sample_size_v2=0, ppl=25.01, wps=78.8, ups=0.25, wpb=320, bsz=64, num_updates=4230, lr=4.12088e-05, gnorm=2.191, clip=100, loss_scale=256, train_wall=40, gb_free=7.4, wall=24625
2023-03-28 04:34:55 - progress_bar.py[line:272] - INFO: epoch 003:    490 / 1878 loss=5.459, loss_v1=0, loss_v2=0, nll_loss=4.588, ntokens=320, nsentences=64, sample_size=320, sample_size_v1=0, sample_size_v2=0, ppl=24.04, wps=78.8, ups=0.25, wpb=320, bsz=64, num_updates=4240, lr=4.11805e-05, gnorm=2.265, clip=100, loss_scale=256, train_wall=40, gb_free=7.4, wall=24665
2023-03-28 04:35:36 - progress_bar.py[line:272] - INFO: epoch 003:    500 / 1878 loss=5.495, loss_v1=0, loss_v2=0, nll_loss=4.629, ntokens=320, nsentences=64, sample_size=320, sample_size_v1=0, sample_size_v2=0, ppl=24.74, wps=78.4, ups=0.25, wpb=320, bsz=64, num_updates=4250, lr=4.11521e-05, gnorm=2.252, clip=100, loss_scale=256, train_wall=41, gb_free=7.4, wall=24706
2023-03-28 04:36:17 - progress_bar.py[line:272] - INFO: epoch 003:    510 / 1878 loss=5.498, loss_v1=0, loss_v2=0, nll_loss=4.63, ntokens=320, nsentences=64, sample_size=320, sample_size_v1=0, sample_size_v2=0, ppl=24.76, wps=78.2, ups=0.24, wpb=320, bsz=64, num_updates=4260, lr=4.11238e-05, gnorm=2.214, clip=100, loss_scale=256, train_wall=41, gb_free=7.4, wall=24747
2023-03-28 04:36:58 - progress_bar.py[line:272] - INFO: epoch 003:    520 / 1878 loss=5.474, loss_v1=0, loss_v2=0, nll_loss=4.605, ntokens=320, nsentences=64, sample_size=320, sample_size_v1=0, sample_size_v2=0, ppl=24.34, wps=78.1, ups=0.24, wpb=320, bsz=64, num_updates=4270, lr=4.10955e-05, gnorm=2.218, clip=100, loss_scale=256, train_wall=41, gb_free=7.4, wall=24788
2023-03-28 04:37:39 - progress_bar.py[line:272] - INFO: epoch 003:    530 / 1878 loss=5.535, loss_v1=0, loss_v2=0, nll_loss=4.671, ntokens=320, nsentences=64, sample_size=320, sample_size_v1=0, sample_size_v2=0, ppl=25.47, wps=77.6, ups=0.24, wpb=320, bsz=64, num_updates=4280, lr=4.10672e-05, gnorm=2.287, clip=100, loss_scale=256, train_wall=41, gb_free=7.4, wall=24829
2023-03-28 04:38:20 - progress_bar.py[line:272] - INFO: epoch 003:    540 / 1878 loss=5.494, loss_v1=0, loss_v2=0, nll_loss=4.635, ntokens=320, nsentences=64, sample_size=320, sample_size_v1=0, sample_size_v2=0, ppl=24.84, wps=78.2, ups=0.24, wpb=320, bsz=64, num_updates=4290, lr=4.10389e-05, gnorm=2.324, clip=100, loss_scale=256, train_wall=41, gb_free=7.4, wall=24870
2023-03-28 04:39:00 - progress_bar.py[line:272] - INFO: epoch 003:    550 / 1878 loss=5.462, loss_v1=0, loss_v2=0, nll_loss=4.584, ntokens=320, nsentences=64, sample_size=320, sample_size_v1=0, sample_size_v2=0, ppl=23.98, wps=78.7, ups=0.25, wpb=320, bsz=64, num_updates=4300, lr=4.10105e-05, gnorm=2.361, clip=100, loss_scale=256, train_wall=40, gb_free=7.4, wall=24911
2023-03-28 04:39:41 - progress_bar.py[line:272] - INFO: epoch 003:    560 / 1878 loss=5.466, loss_v1=0, loss_v2=0, nll_loss=4.597, ntokens=320, nsentences=64, sample_size=320, sample_size_v1=0, sample_size_v2=0, ppl=24.2, wps=78.2, ups=0.24, wpb=320, bsz=64, num_updates=4310, lr=4.09822e-05, gnorm=2.234, clip=100, loss_scale=256, train_wall=41, gb_free=7.4, wall=24952
2023-03-28 04:40:22 - progress_bar.py[line:272] - INFO: epoch 003:    570 / 1878 loss=5.477, loss_v1=0, loss_v2=0, nll_loss=4.605, ntokens=320, nsentences=64, sample_size=320, sample_size_v1=0, sample_size_v2=0, ppl=24.33, wps=78.5, ups=0.25, wpb=320, bsz=64, num_updates=4320, lr=4.09539e-05, gnorm=2.234, clip=100, loss_scale=256, train_wall=41, gb_free=7.4, wall=24993
2023-03-28 04:41:03 - progress_bar.py[line:272] - INFO: epoch 003:    580 / 1878 loss=5.481, loss_v1=0, loss_v2=0, nll_loss=4.618, ntokens=320, nsentences=64, sample_size=320, sample_size_v1=0, sample_size_v2=0, ppl=24.56, wps=78.4, ups=0.25, wpb=320, bsz=64, num_updates=4330, lr=4.09256e-05, gnorm=2.251, clip=100, loss_scale=256, train_wall=41, gb_free=7.4, wall=25033
2023-03-28 04:41:44 - progress_bar.py[line:272] - INFO: epoch 003:    590 / 1878 loss=5.495, loss_v1=0, loss_v2=0, nll_loss=4.627, ntokens=320, nsentences=64, sample_size=320, sample_size_v1=0, sample_size_v2=0, ppl=24.71, wps=78.2, ups=0.24, wpb=320, bsz=64, num_updates=4340, lr=4.08972e-05, gnorm=2.266, clip=100, loss_scale=256, train_wall=41, gb_free=7.4, wall=25074
2023-03-28 04:42:25 - progress_bar.py[line:272] - INFO: epoch 003:    600 / 1878 loss=5.491, loss_v1=0, loss_v2=0, nll_loss=4.618, ntokens=320, nsentences=64, sample_size=320, sample_size_v1=0, sample_size_v2=0, ppl=24.56, wps=78.3, ups=0.24, wpb=320, bsz=64, num_updates=4350, lr=4.08689e-05, gnorm=2.258, clip=100, loss_scale=256, train_wall=41, gb_free=7.4, wall=25115
2023-03-28 04:43:06 - progress_bar.py[line:272] - INFO: epoch 003:    610 / 1878 loss=5.514, loss_v1=0, loss_v2=0, nll_loss=4.65, ntokens=320, nsentences=64, sample_size=320, sample_size_v1=0, sample_size_v2=0, ppl=25.11, wps=78.3, ups=0.24, wpb=320, bsz=64, num_updates=4360, lr=4.08406e-05, gnorm=2.46, clip=100, loss_scale=256, train_wall=41, gb_free=7.4, wall=25156
2023-03-28 04:43:47 - progress_bar.py[line:272] - INFO: epoch 003:    620 / 1878 loss=5.494, loss_v1=0, loss_v2=0, nll_loss=4.629, ntokens=320, nsentences=64, sample_size=320, sample_size_v1=0, sample_size_v2=0, ppl=24.75, wps=77.9, ups=0.24, wpb=320, bsz=64, num_updates=4370, lr=4.08123e-05, gnorm=2.218, clip=100, loss_scale=256, train_wall=41, gb_free=7.4, wall=25197
2023-03-28 04:44:28 - progress_bar.py[line:272] - INFO: epoch 003:    630 / 1878 loss=5.519, loss_v1=0, loss_v2=0, nll_loss=4.66, ntokens=320, nsentences=64, sample_size=320, sample_size_v1=0, sample_size_v2=0, ppl=25.29, wps=78.2, ups=0.24, wpb=320, bsz=64, num_updates=4380, lr=4.0784e-05, gnorm=2.191, clip=100, loss_scale=256, train_wall=41, gb_free=7.4, wall=25238
2023-03-28 04:45:09 - progress_bar.py[line:272] - INFO: epoch 003:    640 / 1878 loss=5.519, loss_v1=0, loss_v2=0, nll_loss=4.646, ntokens=320, nsentences=64, sample_size=320, sample_size_v1=0, sample_size_v2=0, ppl=25.05, wps=78, ups=0.24, wpb=320, bsz=64, num_updates=4390, lr=4.07556e-05, gnorm=2.281, clip=100, loss_scale=512, train_wall=41, gb_free=7.4, wall=25279
2023-03-28 04:45:49 - progress_bar.py[line:272] - INFO: epoch 003:    650 / 1878 loss=5.487, loss_v1=0, loss_v2=0, nll_loss=4.617, ntokens=320, nsentences=64, sample_size=320, sample_size_v1=0, sample_size_v2=0, ppl=24.54, wps=78.3, ups=0.24, wpb=320, bsz=64, num_updates=4400, lr=4.07273e-05, gnorm=2.262, clip=100, loss_scale=512, train_wall=41, gb_free=7.4, wall=25320
2023-03-28 04:46:10 - trainer.py[line:921] - INFO: NOTE: gradient overflow detected, ignoring gradient, setting loss scale to: 256.0
2023-03-28 04:46:34 - progress_bar.py[line:272] - INFO: epoch 003:    661 / 1878 loss=5.491, loss_v1=0, loss_v2=0, nll_loss=4.625, ntokens=320, nsentences=64, sample_size=320, sample_size_v1=0, sample_size_v2=0, ppl=24.68, wps=71, ups=0.22, wpb=320, bsz=64, num_updates=4410, lr=4.0699e-05, gnorm=2.18, clip=100, loss_scale=256, train_wall=45, gb_free=7.4, wall=25365
2023-03-28 04:47:15 - progress_bar.py[line:272] - INFO: epoch 003:    671 / 1878 loss=5.483, loss_v1=0, loss_v2=0, nll_loss=4.613, ntokens=320, nsentences=64, sample_size=320, sample_size_v1=0, sample_size_v2=0, ppl=24.47, wps=78.5, ups=0.25, wpb=320, bsz=64, num_updates=4420, lr=4.06707e-05, gnorm=2.196, clip=100, loss_scale=256, train_wall=41, gb_free=7.4, wall=25406
2023-03-28 04:47:56 - progress_bar.py[line:272] - INFO: epoch 003:    681 / 1878 loss=5.482, loss_v1=0, loss_v2=0, nll_loss=4.614, ntokens=320, nsentences=64, sample_size=320, sample_size_v1=0, sample_size_v2=0, ppl=24.49, wps=78.4, ups=0.24, wpb=320, bsz=64, num_updates=4430, lr=4.06423e-05, gnorm=2.266, clip=100, loss_scale=256, train_wall=41, gb_free=7.4, wall=25447
2023-03-28 04:48:37 - progress_bar.py[line:272] - INFO: epoch 003:    691 / 1878 loss=5.497, loss_v1=0, loss_v2=0, nll_loss=4.629, ntokens=320, nsentences=64, sample_size=320, sample_size_v1=0, sample_size_v2=0, ppl=24.75, wps=78.2, ups=0.24, wpb=320, bsz=64, num_updates=4440, lr=4.0614e-05, gnorm=2.198, clip=100, loss_scale=256, train_wall=41, gb_free=7.4, wall=25488
2023-03-28 04:49:18 - progress_bar.py[line:272] - INFO: epoch 003:    701 / 1878 loss=5.49, loss_v1=0, loss_v2=0, nll_loss=4.627, ntokens=320, nsentences=64, sample_size=320, sample_size_v1=0, sample_size_v2=0, ppl=24.71, wps=78.5, ups=0.25, wpb=320, bsz=64, num_updates=4450, lr=4.05857e-05, gnorm=2.243, clip=100, loss_scale=256, train_wall=41, gb_free=7.4, wall=25528
2023-03-28 04:49:59 - progress_bar.py[line:272] - INFO: epoch 003:    711 / 1878 loss=5.448, loss_v1=0, loss_v2=0, nll_loss=4.57, ntokens=320, nsentences=64, sample_size=320, sample_size_v1=0, sample_size_v2=0, ppl=23.75, wps=77.4, ups=0.24, wpb=320, bsz=64, num_updates=4460, lr=4.05574e-05, gnorm=2.29, clip=100, loss_scale=256, train_wall=41, gb_free=7.4, wall=25570
2023-03-28 04:50:40 - progress_bar.py[line:272] - INFO: epoch 003:    721 / 1878 loss=5.471, loss_v1=0, loss_v2=0, nll_loss=4.594, ntokens=320, nsentences=64, sample_size=320, sample_size_v1=0, sample_size_v2=0, ppl=24.15, wps=78.3, ups=0.24, wpb=320, bsz=64, num_updates=4470, lr=4.05291e-05, gnorm=2.217, clip=100, loss_scale=256, train_wall=41, gb_free=7.4, wall=25611
2023-03-28 04:51:21 - progress_bar.py[line:272] - INFO: epoch 003:    731 / 1878 loss=5.479, loss_v1=0, loss_v2=0, nll_loss=4.615, ntokens=320, nsentences=64, sample_size=320, sample_size_v1=0, sample_size_v2=0, ppl=24.51, wps=78.4, ups=0.24, wpb=320, bsz=64, num_updates=4480, lr=4.05007e-05, gnorm=2.172, clip=100, loss_scale=256, train_wall=41, gb_free=7.4, wall=25651
2023-03-28 04:52:02 - progress_bar.py[line:272] - INFO: epoch 003:    741 / 1878 loss=5.483, loss_v1=0, loss_v2=0, nll_loss=4.616, ntokens=320, nsentences=64, sample_size=320, sample_size_v1=0, sample_size_v2=0, ppl=24.52, wps=78.1, ups=0.24, wpb=320, bsz=64, num_updates=4490, lr=4.04724e-05, gnorm=2.217, clip=100, loss_scale=256, train_wall=41, gb_free=7.4, wall=25692
2023-03-28 04:52:43 - progress_bar.py[line:272] - INFO: epoch 003:    751 / 1878 loss=5.474, loss_v1=0, loss_v2=0, nll_loss=4.598, ntokens=320, nsentences=64, sample_size=320, sample_size_v1=0, sample_size_v2=0, ppl=24.23, wps=78.1, ups=0.24, wpb=320, bsz=64, num_updates=4500, lr=4.04441e-05, gnorm=2.14, clip=100, loss_scale=256, train_wall=41, gb_free=7.4, wall=25733
2023-03-28 04:52:43 - train.py[line:445] - INFO: begin validation on "valid" subset
slice_id 0 seek offset 0
slice_id 1 seek offset 5379
slice_id 1 seek offset 5379
slice_id 0 seek offset 0
2023-03-28 05:04:05 - progress_bar.py[line:282] - INFO: epoch 003 | valid on 'valid' subset | loss 5.606 | loss_v1 0 | loss_v2 0 | nll_loss 4.738 | ntokens 39.993 | nsentences 7.999 | sample_size 39.993 | sample_size_v1 0 | sample_size_v2 0 | ppl 26.68 | score 0.0918 | wps 79 | wpb 40 | bsz 8 | num_updates 4500 | best_score 0.0918
2023-03-28 05:04:05 - checkpoint_utils.py[line:64] - INFO: Preparing to save checkpoint for epoch 3 @ 4500 updates
2023-03-28 05:04:05 - trainer.py[line:431] - INFO: Saving checkpoint to ./refcocoplus_scratch_checkpoints/10_5e-5_512/checkpoint_3_4500.pt
2023-03-28 05:04:23 - trainer.py[line:441] - INFO: Finished saving checkpoint to ./refcocoplus_scratch_checkpoints/10_5e-5_512/checkpoint_3_4500.pt
2023-03-28 05:04:55 - checkpoint_utils.py[line:133] - INFO: Saved checkpoint ./refcocoplus_scratch_checkpoints/10_5e-5_512/checkpoint_3_4500.pt (epoch 3 @ 4500 updates, score 0.0918) (writing took 50.59359232429415 seconds)
2023-03-28 05:05:36 - progress_bar.py[line:272] - INFO: epoch 003:    761 / 1878 loss=5.436, loss_v1=0, loss_v2=0, nll_loss=4.57, ntokens=320, nsentences=64, sample_size=320, sample_size_v1=0, sample_size_v2=0, ppl=23.75, wps=4.1, ups=0.01, wpb=320, bsz=64, num_updates=4510, lr=4.04158e-05, gnorm=2.17, clip=100, loss_scale=256, train_wall=40, gb_free=7.4, wall=26506
2023-03-28 05:06:16 - progress_bar.py[line:272] - INFO: epoch 003:    771 / 1878 loss=5.466, loss_v1=0, loss_v2=0, nll_loss=4.593, ntokens=320, nsentences=64, sample_size=320, sample_size_v1=0, sample_size_v2=0, ppl=24.13, wps=78.2, ups=0.24, wpb=320, bsz=64, num_updates=4520, lr=4.03874e-05, gnorm=2.183, clip=100, loss_scale=256, train_wall=41, gb_free=7.4, wall=26547
2023-03-28 05:06:58 - progress_bar.py[line:272] - INFO: epoch 003:    781 / 1878 loss=5.46, loss_v1=0, loss_v2=0, nll_loss=4.587, ntokens=320, nsentences=64, sample_size=320, sample_size_v1=0, sample_size_v2=0, ppl=24.03, wps=77.6, ups=0.24, wpb=320, bsz=64, num_updates=4530, lr=4.03591e-05, gnorm=2.161, clip=100, loss_scale=256, train_wall=41, gb_free=7.4, wall=26588
2023-03-28 05:07:39 - progress_bar.py[line:272] - INFO: epoch 003:    791 / 1878 loss=5.43, loss_v1=0, loss_v2=0, nll_loss=4.553, ntokens=320, nsentences=64, sample_size=320, sample_size_v1=0, sample_size_v2=0, ppl=23.47, wps=78.2, ups=0.24, wpb=320, bsz=64, num_updates=4540, lr=4.03308e-05, gnorm=2.217, clip=100, loss_scale=256, train_wall=41, gb_free=7.4, wall=26629
2023-03-28 05:08:20 - progress_bar.py[line:272] - INFO: epoch 003:    801 / 1878 loss=5.419, loss_v1=0, loss_v2=0, nll_loss=4.545, ntokens=320, nsentences=64, sample_size=320, sample_size_v1=0, sample_size_v2=0, ppl=23.35, wps=77.9, ups=0.24, wpb=320, bsz=64, num_updates=4550, lr=4.03025e-05, gnorm=2.093, clip=100, loss_scale=256, train_wall=41, gb_free=7.4, wall=26670
2023-03-28 05:09:00 - progress_bar.py[line:272] - INFO: epoch 003:    811 / 1878 loss=5.434, loss_v1=0, loss_v2=0, nll_loss=4.56, ntokens=320, nsentences=64, sample_size=320, sample_size_v1=0, sample_size_v2=0, ppl=23.59, wps=78.5, ups=0.25, wpb=320, bsz=64, num_updates=4560, lr=4.02742e-05, gnorm=2.175, clip=100, loss_scale=256, train_wall=40, gb_free=7.4, wall=26711
2023-03-28 05:09:41 - progress_bar.py[line:272] - INFO: epoch 003:    821 / 1878 loss=5.497, loss_v1=0, loss_v2=0, nll_loss=4.628, ntokens=320, nsentences=64, sample_size=320, sample_size_v1=0, sample_size_v2=0, ppl=24.73, wps=78.2, ups=0.24, wpb=320, bsz=64, num_updates=4570, lr=4.02458e-05, gnorm=2.087, clip=100, loss_scale=256, train_wall=41, gb_free=7.4, wall=26752
2023-03-28 05:10:22 - progress_bar.py[line:272] - INFO: epoch 003:    831 / 1878 loss=5.44, loss_v1=0, loss_v2=0, nll_loss=4.566, ntokens=320, nsentences=64, sample_size=320, sample_size_v1=0, sample_size_v2=0, ppl=23.69, wps=78, ups=0.24, wpb=320, bsz=64, num_updates=4580, lr=4.02175e-05, gnorm=2.205, clip=100, loss_scale=256, train_wall=41, gb_free=7.4, wall=26793
2023-03-28 05:11:03 - progress_bar.py[line:272] - INFO: epoch 003:    841 / 1878 loss=5.471, loss_v1=0, loss_v2=0, nll_loss=4.6, ntokens=320, nsentences=64, sample_size=320, sample_size_v1=0, sample_size_v2=0, ppl=24.25, wps=78.5, ups=0.25, wpb=320, bsz=64, num_updates=4590, lr=4.01892e-05, gnorm=2.189, clip=100, loss_scale=256, train_wall=40, gb_free=7.4, wall=26834
2023-03-28 05:11:44 - progress_bar.py[line:272] - INFO: epoch 003:    851 / 1878 loss=5.478, loss_v1=0, loss_v2=0, nll_loss=4.604, ntokens=320, nsentences=64, sample_size=320, sample_size_v1=0, sample_size_v2=0, ppl=24.32, wps=78.2, ups=0.24, wpb=320, bsz=64, num_updates=4600, lr=4.01609e-05, gnorm=2.198, clip=100, loss_scale=256, train_wall=41, gb_free=7.4, wall=26875
2023-03-28 05:12:25 - progress_bar.py[line:272] - INFO: epoch 003:    861 / 1878 loss=5.468, loss_v1=0, loss_v2=0, nll_loss=4.598, ntokens=320, nsentences=64, sample_size=320, sample_size_v1=0, sample_size_v2=0, ppl=24.22, wps=78.9, ups=0.25, wpb=320, bsz=64, num_updates=4610, lr=4.01325e-05, gnorm=2.125, clip=100, loss_scale=256, train_wall=40, gb_free=7.4, wall=26915
2023-03-28 05:13:05 - progress_bar.py[line:272] - INFO: epoch 003:    871 / 1878 loss=5.483, loss_v1=0, loss_v2=0, nll_loss=4.617, ntokens=320, nsentences=64, sample_size=320, sample_size_v1=0, sample_size_v2=0, ppl=24.54, wps=78.3, ups=0.24, wpb=320, bsz=64, num_updates=4620, lr=4.01042e-05, gnorm=2.243, clip=100, loss_scale=256, train_wall=41, gb_free=7.4, wall=26956
2023-03-28 05:13:46 - progress_bar.py[line:272] - INFO: epoch 003:    881 / 1878 loss=5.467, loss_v1=0, loss_v2=0, nll_loss=4.599, ntokens=320, nsentences=64, sample_size=320, sample_size_v1=0, sample_size_v2=0, ppl=24.23, wps=78.6, ups=0.25, wpb=320, bsz=64, num_updates=4630, lr=4.00759e-05, gnorm=2.17, clip=100, loss_scale=256, train_wall=41, gb_free=7.4, wall=26997
2023-03-28 05:14:28 - progress_bar.py[line:272] - INFO: epoch 003:    891 / 1878 loss=5.429, loss_v1=0, loss_v2=0, nll_loss=4.555, ntokens=320, nsentences=64, sample_size=320, sample_size_v1=0, sample_size_v2=0, ppl=23.51, wps=77.3, ups=0.24, wpb=320, bsz=64, num_updates=4640, lr=4.00476e-05, gnorm=2.141, clip=100, loss_scale=256, train_wall=41, gb_free=7.4, wall=27038
2023-03-28 05:15:08 - progress_bar.py[line:272] - INFO: epoch 003:    901 / 1878 loss=5.449, loss_v1=0, loss_v2=0, nll_loss=4.568, ntokens=320, nsentences=64, sample_size=320, sample_size_v1=0, sample_size_v2=0, ppl=23.72, wps=78.5, ups=0.25, wpb=320, bsz=64, num_updates=4650, lr=4.00193e-05, gnorm=2.14, clip=100, loss_scale=256, train_wall=41, gb_free=7.4, wall=27079
2023-03-28 05:15:49 - progress_bar.py[line:272] - INFO: epoch 003:    911 / 1878 loss=5.478, loss_v1=0, loss_v2=0, nll_loss=4.614, ntokens=320, nsentences=64, sample_size=320, sample_size_v1=0, sample_size_v2=0, ppl=24.49, wps=78.6, ups=0.25, wpb=320, bsz=64, num_updates=4660, lr=3.99909e-05, gnorm=2.218, clip=100, loss_scale=256, train_wall=41, gb_free=7.4, wall=27120
2023-03-28 05:16:30 - progress_bar.py[line:272] - INFO: epoch 003:    921 / 1878 loss=5.422, loss_v1=0, loss_v2=0, nll_loss=4.54, ntokens=320, nsentences=64, sample_size=320, sample_size_v1=0, sample_size_v2=0, ppl=23.26, wps=78.6, ups=0.25, wpb=320, bsz=64, num_updates=4670, lr=3.99626e-05, gnorm=2.229, clip=100, loss_scale=256, train_wall=40, gb_free=7.4, wall=27160
2023-03-28 05:17:11 - progress_bar.py[line:272] - INFO: epoch 003:    931 / 1878 loss=5.467, loss_v1=0, loss_v2=0, nll_loss=4.6, ntokens=320, nsentences=64, sample_size=320, sample_size_v1=0, sample_size_v2=0, ppl=24.26, wps=78.2, ups=0.24, wpb=320, bsz=64, num_updates=4680, lr=3.99343e-05, gnorm=2.302, clip=100, loss_scale=256, train_wall=41, gb_free=7.4, wall=27201
2023-03-28 05:17:52 - progress_bar.py[line:272] - INFO: epoch 003:    941 / 1878 loss=5.396, loss_v1=0, loss_v2=0, nll_loss=4.518, ntokens=320, nsentences=64, sample_size=320, sample_size_v1=0, sample_size_v2=0, ppl=22.91, wps=78.3, ups=0.24, wpb=320, bsz=64, num_updates=4690, lr=3.9906e-05, gnorm=2.158, clip=100, loss_scale=256, train_wall=41, gb_free=7.4, wall=27242
2023-03-28 05:18:32 - progress_bar.py[line:272] - INFO: epoch 003:    951 / 1878 loss=5.481, loss_v1=0, loss_v2=0, nll_loss=4.605, ntokens=320, nsentences=64, sample_size=320, sample_size_v1=0, sample_size_v2=0, ppl=24.34, wps=78.6, ups=0.25, wpb=320, bsz=64, num_updates=4700, lr=3.98776e-05, gnorm=2.101, clip=100, loss_scale=256, train_wall=40, gb_free=7.4, wall=27283
2023-03-28 05:19:13 - progress_bar.py[line:272] - INFO: epoch 003:    961 / 1878 loss=5.408, loss_v1=0, loss_v2=0, nll_loss=4.529, ntokens=320, nsentences=64, sample_size=320, sample_size_v1=0, sample_size_v2=0, ppl=23.09, wps=78, ups=0.24, wpb=320, bsz=64, num_updates=4710, lr=3.98493e-05, gnorm=2.119, clip=100, loss_scale=256, train_wall=41, gb_free=7.4, wall=27324
2023-03-28 05:19:54 - progress_bar.py[line:272] - INFO: epoch 003:    971 / 1878 loss=5.473, loss_v1=0, loss_v2=0, nll_loss=4.606, ntokens=320, nsentences=64, sample_size=320, sample_size_v1=0, sample_size_v2=0, ppl=24.35, wps=77.9, ups=0.24, wpb=320, bsz=64, num_updates=4720, lr=3.9821e-05, gnorm=2.212, clip=100, loss_scale=256, train_wall=41, gb_free=7.4, wall=27365
2023-03-28 05:20:35 - progress_bar.py[line:272] - INFO: epoch 003:    981 / 1878 loss=5.441, loss_v1=0, loss_v2=0, nll_loss=4.568, ntokens=320, nsentences=64, sample_size=320, sample_size_v1=0, sample_size_v2=0, ppl=23.71, wps=78, ups=0.24, wpb=320, bsz=64, num_updates=4730, lr=3.97927e-05, gnorm=2.203, clip=100, loss_scale=256, train_wall=41, gb_free=7.4, wall=27406
2023-03-28 05:21:17 - progress_bar.py[line:272] - INFO: epoch 003:    991 / 1878 loss=5.417, loss_v1=0, loss_v2=0, nll_loss=4.539, ntokens=320, nsentences=64, sample_size=320, sample_size_v1=0, sample_size_v2=0, ppl=23.24, wps=77.9, ups=0.24, wpb=320, bsz=64, num_updates=4740, lr=3.97644e-05, gnorm=2.082, clip=100, loss_scale=256, train_wall=41, gb_free=7.4, wall=27447
2023-03-28 05:21:58 - progress_bar.py[line:272] - INFO: epoch 003:   1001 / 1878 loss=5.474, loss_v1=0, loss_v2=0, nll_loss=4.603, ntokens=320, nsentences=64, sample_size=320, sample_size_v1=0, sample_size_v2=0, ppl=24.3, wps=78.1, ups=0.24, wpb=320, bsz=64, num_updates=4750, lr=3.9736e-05, gnorm=2.212, clip=100, loss_scale=256, train_wall=41, gb_free=7.4, wall=27488
2023-03-28 05:22:38 - progress_bar.py[line:272] - INFO: epoch 003:   1011 / 1878 loss=5.459, loss_v1=0, loss_v2=0, nll_loss=4.589, ntokens=320, nsentences=64, sample_size=320, sample_size_v1=0, sample_size_v2=0, ppl=24.06, wps=78.2, ups=0.24, wpb=320, bsz=64, num_updates=4760, lr=3.97077e-05, gnorm=2.194, clip=100, loss_scale=256, train_wall=41, gb_free=7.4, wall=27529
2023-03-28 05:23:19 - progress_bar.py[line:272] - INFO: epoch 003:   1021 / 1878 loss=5.446, loss_v1=0, loss_v2=0, nll_loss=4.565, ntokens=320, nsentences=64, sample_size=320, sample_size_v1=0, sample_size_v2=0, ppl=23.68, wps=78.3, ups=0.24, wpb=320, bsz=64, num_updates=4770, lr=3.96794e-05, gnorm=2.173, clip=100, loss_scale=256, train_wall=41, gb_free=7.4, wall=27570
2023-03-28 05:24:00 - progress_bar.py[line:272] - INFO: epoch 003:   1031 / 1878 loss=5.479, loss_v1=0, loss_v2=0, nll_loss=4.612, ntokens=320, nsentences=64, sample_size=320, sample_size_v1=0, sample_size_v2=0, ppl=24.45, wps=78.7, ups=0.25, wpb=320, bsz=64, num_updates=4780, lr=3.96511e-05, gnorm=2.127, clip=100, loss_scale=256, train_wall=40, gb_free=7.4, wall=27611
2023-03-28 05:24:41 - progress_bar.py[line:272] - INFO: epoch 003:   1041 / 1878 loss=5.419, loss_v1=0, loss_v2=0, nll_loss=4.546, ntokens=320, nsentences=64, sample_size=320, sample_size_v1=0, sample_size_v2=0, ppl=23.36, wps=78, ups=0.24, wpb=320, bsz=64, num_updates=4790, lr=3.96227e-05, gnorm=2.184, clip=100, loss_scale=256, train_wall=41, gb_free=7.4, wall=27652
2023-03-28 05:25:22 - progress_bar.py[line:272] - INFO: epoch 003:   1051 / 1878 loss=5.476, loss_v1=0, loss_v2=0, nll_loss=4.604, ntokens=320, nsentences=64, sample_size=320, sample_size_v1=0, sample_size_v2=0, ppl=24.31, wps=78.5, ups=0.25, wpb=320, bsz=64, num_updates=4800, lr=3.95944e-05, gnorm=2.197, clip=100, loss_scale=256, train_wall=41, gb_free=7.4, wall=27692
2023-03-28 05:26:03 - progress_bar.py[line:272] - INFO: epoch 003:   1061 / 1878 loss=5.458, loss_v1=0, loss_v2=0, nll_loss=4.59, ntokens=320, nsentences=64, sample_size=320, sample_size_v1=0, sample_size_v2=0, ppl=24.08, wps=78.2, ups=0.24, wpb=320, bsz=64, num_updates=4810, lr=3.95661e-05, gnorm=2.212, clip=100, loss_scale=256, train_wall=41, gb_free=7.4, wall=27733
2023-03-28 05:26:43 - progress_bar.py[line:272] - INFO: epoch 003:   1071 / 1878 loss=5.414, loss_v1=0, loss_v2=0, nll_loss=4.534, ntokens=320, nsentences=64, sample_size=320, sample_size_v1=0, sample_size_v2=0, ppl=23.17, wps=78.5, ups=0.25, wpb=320, bsz=64, num_updates=4820, lr=3.95378e-05, gnorm=2.15, clip=100, loss_scale=256, train_wall=40, gb_free=7.4, wall=27774
2023-03-28 05:27:24 - progress_bar.py[line:272] - INFO: epoch 003:   1081 / 1878 loss=5.419, loss_v1=0, loss_v2=0, nll_loss=4.548, ntokens=320, nsentences=64, sample_size=320, sample_size_v1=0, sample_size_v2=0, ppl=23.39, wps=78.3, ups=0.24, wpb=320, bsz=64, num_updates=4830, lr=3.95095e-05, gnorm=2.205, clip=100, loss_scale=256, train_wall=41, gb_free=7.4, wall=27815
2023-03-28 05:28:05 - progress_bar.py[line:272] - INFO: epoch 003:   1091 / 1878 loss=5.413, loss_v1=0, loss_v2=0, nll_loss=4.532, ntokens=320, nsentences=64, sample_size=320, sample_size_v1=0, sample_size_v2=0, ppl=23.14, wps=78, ups=0.24, wpb=320, bsz=64, num_updates=4840, lr=3.94811e-05, gnorm=2.222, clip=100, loss_scale=256, train_wall=41, gb_free=7.4, wall=27856
2023-03-28 05:28:46 - progress_bar.py[line:272] - INFO: epoch 003:   1101 / 1878 loss=5.441, loss_v1=0, loss_v2=0, nll_loss=4.568, ntokens=320, nsentences=64, sample_size=320, sample_size_v1=0, sample_size_v2=0, ppl=23.71, wps=78, ups=0.24, wpb=320, bsz=64, num_updates=4850, lr=3.94528e-05, gnorm=2.188, clip=100, loss_scale=256, train_wall=41, gb_free=7.4, wall=27897
2023-03-28 05:29:27 - progress_bar.py[line:272] - INFO: epoch 003:   1111 / 1878 loss=5.435, loss_v1=0, loss_v2=0, nll_loss=4.56, ntokens=320, nsentences=64, sample_size=320, sample_size_v1=0, sample_size_v2=0, ppl=23.58, wps=77.8, ups=0.24, wpb=320, bsz=64, num_updates=4860, lr=3.94245e-05, gnorm=2.191, clip=100, loss_scale=256, train_wall=41, gb_free=7.4, wall=27938
2023-03-28 05:30:08 - progress_bar.py[line:272] - INFO: epoch 003:   1121 / 1878 loss=5.398, loss_v1=0, loss_v2=0, nll_loss=4.521, ntokens=320, nsentences=64, sample_size=320, sample_size_v1=0, sample_size_v2=0, ppl=22.96, wps=78.4, ups=0.25, wpb=320, bsz=64, num_updates=4870, lr=3.93962e-05, gnorm=2.181, clip=100, loss_scale=256, train_wall=41, gb_free=7.4, wall=27979
2023-03-28 05:30:49 - progress_bar.py[line:272] - INFO: epoch 003:   1131 / 1878 loss=5.427, loss_v1=0, loss_v2=0, nll_loss=4.547, ntokens=320, nsentences=64, sample_size=320, sample_size_v1=0, sample_size_v2=0, ppl=23.37, wps=78.7, ups=0.25, wpb=320, bsz=64, num_updates=4880, lr=3.93678e-05, gnorm=2.192, clip=100, loss_scale=256, train_wall=40, gb_free=7.4, wall=28020
2023-03-28 05:31:30 - progress_bar.py[line:272] - INFO: epoch 003:   1141 / 1878 loss=5.422, loss_v1=0, loss_v2=0, nll_loss=4.546, ntokens=320, nsentences=64, sample_size=320, sample_size_v1=0, sample_size_v2=0, ppl=23.36, wps=78.7, ups=0.25, wpb=320, bsz=64, num_updates=4890, lr=3.93395e-05, gnorm=2.227, clip=100, loss_scale=256, train_wall=40, gb_free=7.4, wall=28060
2023-03-28 05:32:10 - progress_bar.py[line:272] - INFO: epoch 003:   1151 / 1878 loss=5.487, loss_v1=0, loss_v2=0, nll_loss=4.62, ntokens=320, nsentences=64, sample_size=320, sample_size_v1=0, sample_size_v2=0, ppl=24.59, wps=78.4, ups=0.24, wpb=320, bsz=64, num_updates=4900, lr=3.93112e-05, gnorm=2.227, clip=100, loss_scale=256, train_wall=41, gb_free=7.4, wall=28101
2023-03-28 05:32:51 - progress_bar.py[line:272] - INFO: epoch 003:   1161 / 1878 loss=5.422, loss_v1=0, loss_v2=0, nll_loss=4.549, ntokens=320, nsentences=64, sample_size=320, sample_size_v1=0, sample_size_v2=0, ppl=23.41, wps=78.4, ups=0.24, wpb=320, bsz=64, num_updates=4910, lr=3.92829e-05, gnorm=2.171, clip=100, loss_scale=256, train_wall=41, gb_free=7.4, wall=28142
2023-03-28 05:33:32 - progress_bar.py[line:272] - INFO: epoch 003:   1171 / 1878 loss=5.44, loss_v1=0, loss_v2=0, nll_loss=4.565, ntokens=320, nsentences=64, sample_size=320, sample_size_v1=0, sample_size_v2=0, ppl=23.67, wps=78.5, ups=0.25, wpb=320, bsz=64, num_updates=4920, lr=3.92546e-05, gnorm=2.143, clip=100, loss_scale=512, train_wall=40, gb_free=7.4, wall=28183
2023-03-28 05:34:13 - progress_bar.py[line:272] - INFO: epoch 003:   1181 / 1878 loss=5.464, loss_v1=0, loss_v2=0, nll_loss=4.594, ntokens=320, nsentences=64, sample_size=320, sample_size_v1=0, sample_size_v2=0, ppl=24.15, wps=78.6, ups=0.25, wpb=320, bsz=64, num_updates=4930, lr=3.92262e-05, gnorm=2.182, clip=100, loss_scale=512, train_wall=40, gb_free=7.4, wall=28223
2023-03-28 05:34:53 - progress_bar.py[line:272] - INFO: epoch 003:   1191 / 1878 loss=5.424, loss_v1=0, loss_v2=0, nll_loss=4.55, ntokens=320, nsentences=64, sample_size=320, sample_size_v1=0, sample_size_v2=0, ppl=23.43, wps=78.6, ups=0.25, wpb=320, bsz=64, num_updates=4940, lr=3.91979e-05, gnorm=2.163, clip=100, loss_scale=512, train_wall=40, gb_free=7.4, wall=28264
2023-03-28 05:35:34 - progress_bar.py[line:272] - INFO: epoch 003:   1201 / 1878 loss=5.415, loss_v1=0, loss_v2=0, nll_loss=4.535, ntokens=320, nsentences=64, sample_size=320, sample_size_v1=0, sample_size_v2=0, ppl=23.18, wps=78.2, ups=0.24, wpb=320, bsz=64, num_updates=4950, lr=3.91696e-05, gnorm=2.208, clip=100, loss_scale=512, train_wall=41, gb_free=7.4, wall=28305
2023-03-28 05:36:15 - progress_bar.py[line:272] - INFO: epoch 003:   1211 / 1878 loss=5.458, loss_v1=0, loss_v2=0, nll_loss=4.588, ntokens=320, nsentences=64, sample_size=320, sample_size_v1=0, sample_size_v2=0, ppl=24.05, wps=78.2, ups=0.24, wpb=320, bsz=64, num_updates=4960, lr=3.91413e-05, gnorm=2.246, clip=100, loss_scale=512, train_wall=41, gb_free=7.4, wall=28346
2023-03-28 05:36:56 - progress_bar.py[line:272] - INFO: epoch 003:   1221 / 1878 loss=5.424, loss_v1=0, loss_v2=0, nll_loss=4.543, ntokens=320, nsentences=64, sample_size=320, sample_size_v1=0, sample_size_v2=0, ppl=23.31, wps=78.1, ups=0.24, wpb=320, bsz=64, num_updates=4970, lr=3.91129e-05, gnorm=2.166, clip=100, loss_scale=512, train_wall=41, gb_free=7.4, wall=28387
2023-03-28 05:37:37 - progress_bar.py[line:272] - INFO: epoch 003:   1231 / 1878 loss=5.462, loss_v1=0, loss_v2=0, nll_loss=4.588, ntokens=320, nsentences=64, sample_size=320, sample_size_v1=0, sample_size_v2=0, ppl=24.05, wps=78, ups=0.24, wpb=320, bsz=64, num_updates=4980, lr=3.90846e-05, gnorm=2.232, clip=100, loss_scale=512, train_wall=41, gb_free=7.4, wall=28428
2023-03-28 05:38:18 - progress_bar.py[line:272] - INFO: epoch 003:   1241 / 1878 loss=5.433, loss_v1=0, loss_v2=0, nll_loss=4.568, ntokens=320, nsentences=64, sample_size=320, sample_size_v1=0, sample_size_v2=0, ppl=23.71, wps=78.2, ups=0.24, wpb=320, bsz=64, num_updates=4990, lr=3.90563e-05, gnorm=2.217, clip=100, loss_scale=512, train_wall=41, gb_free=7.4, wall=28469
2023-03-28 05:38:51 - trainer.py[line:921] - INFO: NOTE: gradient overflow detected, ignoring gradient, setting loss scale to: 256.0
slice_id 1 seek offset 5379
2023-03-28 05:39:03 - progress_bar.py[line:272] - INFO: epoch 003:   1252 / 1878 loss=5.43, loss_v1=0, loss_v2=0, nll_loss=4.55, ntokens=320, nsentences=64, sample_size=320, sample_size_v1=0, sample_size_v2=0, ppl=23.42, wps=70.9, ups=0.22, wpb=320, bsz=64, num_updates=5000, lr=3.9028e-05, gnorm=2.207, clip=100, loss_scale=256, train_wall=45, gb_free=7.4, wall=28514
2023-03-28 05:39:03 - train.py[line:445] - INFO: begin validation on "valid" subset
slice_id 0 seek offset 0
slice_id 0 seek offset 0
slice_id 1 seek offset 5379
2023-03-28 05:50:25 - progress_bar.py[line:282] - INFO: epoch 003 | valid on 'valid' subset | loss 5.613 | loss_v1 0 | loss_v2 0 | nll_loss 4.751 | ntokens 39.993 | nsentences 7.999 | sample_size 39.993 | sample_size_v1 0 | sample_size_v2 0 | ppl 26.94 | score 0.0929 | wps 78.9 | wpb 40 | bsz 8 | num_updates 5000 | best_score 0.0929
2023-03-28 05:50:25 - checkpoint_utils.py[line:64] - INFO: Preparing to save checkpoint for epoch 3 @ 5000 updates
2023-03-28 05:50:25 - trainer.py[line:431] - INFO: Saving checkpoint to ./refcocoplus_scratch_checkpoints/10_5e-5_512/checkpoint_3_5000.pt
2023-03-28 05:50:46 - trainer.py[line:441] - INFO: Finished saving checkpoint to ./refcocoplus_scratch_checkpoints/10_5e-5_512/checkpoint_3_5000.pt
2023-03-28 05:51:17 - checkpoint_utils.py[line:133] - INFO: Saved checkpoint ./refcocoplus_scratch_checkpoints/10_5e-5_512/checkpoint_3_5000.pt (epoch 3 @ 5000 updates, score 0.0929) (writing took 51.82367820851505 seconds)
2023-03-28 05:51:58 - progress_bar.py[line:272] - INFO: epoch 003:   1262 / 1878 loss=5.37, loss_v1=0, loss_v2=0, nll_loss=4.488, ntokens=320, nsentences=64, sample_size=320, sample_size_v1=0, sample_size_v2=0, ppl=22.45, wps=4.1, ups=0.01, wpb=320, bsz=64, num_updates=5010, lr=3.89997e-05, gnorm=2.455, clip=100, loss_scale=256, train_wall=40, gb_free=7.4, wall=29288
2023-03-28 05:52:39 - progress_bar.py[line:272] - INFO: epoch 003:   1272 / 1878 loss=5.407, loss_v1=0, loss_v2=0, nll_loss=4.525, ntokens=320, nsentences=64, sample_size=320, sample_size_v1=0, sample_size_v2=0, ppl=23.02, wps=78, ups=0.24, wpb=320, bsz=64, num_updates=5020, lr=3.89713e-05, gnorm=2.183, clip=100, loss_scale=256, train_wall=41, gb_free=7.4, wall=29329
2023-03-28 05:53:19 - progress_bar.py[line:272] - INFO: epoch 003:   1282 / 1878 loss=5.413, loss_v1=0, loss_v2=0, nll_loss=4.538, ntokens=320, nsentences=64, sample_size=320, sample_size_v1=0, sample_size_v2=0, ppl=23.24, wps=78.8, ups=0.25, wpb=320, bsz=64, num_updates=5030, lr=3.8943e-05, gnorm=2.247, clip=100, loss_scale=256, train_wall=40, gb_free=7.4, wall=29370
2023-03-28 05:54:00 - progress_bar.py[line:272] - INFO: epoch 003:   1292 / 1878 loss=5.422, loss_v1=0, loss_v2=0, nll_loss=4.54, ntokens=320, nsentences=64, sample_size=320, sample_size_v1=0, sample_size_v2=0, ppl=23.27, wps=78, ups=0.24, wpb=320, bsz=64, num_updates=5040, lr=3.89147e-05, gnorm=2.181, clip=100, loss_scale=256, train_wall=41, gb_free=7.4, wall=29411
2023-03-28 05:54:41 - progress_bar.py[line:272] - INFO: epoch 003:   1302 / 1878 loss=5.399, loss_v1=0, loss_v2=0, nll_loss=4.524, ntokens=320, nsentences=64, sample_size=320, sample_size_v1=0, sample_size_v2=0, ppl=23, wps=78.6, ups=0.25, wpb=320, bsz=64, num_updates=5050, lr=3.88864e-05, gnorm=2.196, clip=100, loss_scale=256, train_wall=40, gb_free=7.4, wall=29452
2023-03-28 05:55:22 - progress_bar.py[line:272] - INFO: epoch 003:   1312 / 1878 loss=5.458, loss_v1=0, loss_v2=0, nll_loss=4.582, ntokens=320, nsentences=64, sample_size=320, sample_size_v1=0, sample_size_v2=0, ppl=23.95, wps=78.2, ups=0.24, wpb=320, bsz=64, num_updates=5060, lr=3.8858e-05, gnorm=2.28, clip=100, loss_scale=256, train_wall=41, gb_free=7.4, wall=29493
2023-03-28 05:56:03 - progress_bar.py[line:272] - INFO: epoch 003:   1322 / 1878 loss=5.432, loss_v1=0, loss_v2=0, nll_loss=4.559, ntokens=320, nsentences=64, sample_size=320, sample_size_v1=0, sample_size_v2=0, ppl=23.58, wps=78.5, ups=0.25, wpb=320, bsz=64, num_updates=5070, lr=3.88297e-05, gnorm=2.225, clip=100, loss_scale=256, train_wall=40, gb_free=7.4, wall=29533
2023-03-28 05:56:44 - progress_bar.py[line:272] - INFO: epoch 003:   1332 / 1878 loss=5.442, loss_v1=0, loss_v2=0, nll_loss=4.564, ntokens=320, nsentences=64, sample_size=320, sample_size_v1=0, sample_size_v2=0, ppl=23.66, wps=78.1, ups=0.24, wpb=320, bsz=64, num_updates=5080, lr=3.88014e-05, gnorm=2.239, clip=100, loss_scale=256, train_wall=41, gb_free=7.4, wall=29574
2023-03-28 05:57:25 - progress_bar.py[line:272] - INFO: epoch 003:   1342 / 1878 loss=5.369, loss_v1=0, loss_v2=0, nll_loss=4.49, ntokens=320, nsentences=64, sample_size=320, sample_size_v1=0, sample_size_v2=0, ppl=22.48, wps=77.9, ups=0.24, wpb=320, bsz=64, num_updates=5090, lr=3.87731e-05, gnorm=2.28, clip=100, loss_scale=256, train_wall=41, gb_free=7.4, wall=29615
2023-03-28 05:58:06 - progress_bar.py[line:272] - INFO: epoch 003:   1352 / 1878 loss=5.418, loss_v1=0, loss_v2=0, nll_loss=4.54, ntokens=320, nsentences=64, sample_size=320, sample_size_v1=0, sample_size_v2=0, ppl=23.27, wps=77.9, ups=0.24, wpb=320, bsz=64, num_updates=5100, lr=3.87448e-05, gnorm=2.201, clip=100, loss_scale=256, train_wall=41, gb_free=7.4, wall=29656
2023-03-28 05:58:47 - progress_bar.py[line:272] - INFO: epoch 003:   1362 / 1878 loss=5.441, loss_v1=0, loss_v2=0, nll_loss=4.558, ntokens=320, nsentences=64, sample_size=320, sample_size_v1=0, sample_size_v2=0, ppl=23.55, wps=78.2, ups=0.24, wpb=320, bsz=64, num_updates=5110, lr=3.87164e-05, gnorm=2.21, clip=100, loss_scale=256, train_wall=41, gb_free=7.4, wall=29697
2023-03-28 05:59:28 - progress_bar.py[line:272] - INFO: epoch 003:   1372 / 1878 loss=5.429, loss_v1=0, loss_v2=0, nll_loss=4.56, ntokens=320, nsentences=64, sample_size=320, sample_size_v1=0, sample_size_v2=0, ppl=23.59, wps=78.2, ups=0.24, wpb=320, bsz=64, num_updates=5120, lr=3.86881e-05, gnorm=2.253, clip=100, loss_scale=256, train_wall=41, gb_free=7.4, wall=29738
2023-03-28 06:00:09 - progress_bar.py[line:272] - INFO: epoch 003:   1382 / 1878 loss=5.447, loss_v1=0, loss_v2=0, nll_loss=4.576, ntokens=320, nsentences=64, sample_size=320, sample_size_v1=0, sample_size_v2=0, ppl=23.85, wps=78.4, ups=0.24, wpb=320, bsz=64, num_updates=5130, lr=3.86598e-05, gnorm=2.21, clip=100, loss_scale=256, train_wall=41, gb_free=7.4, wall=29779
2023-03-28 06:00:50 - progress_bar.py[line:272] - INFO: epoch 003:   1392 / 1878 loss=5.422, loss_v1=0, loss_v2=0, nll_loss=4.543, ntokens=320, nsentences=64, sample_size=320, sample_size_v1=0, sample_size_v2=0, ppl=23.31, wps=78.1, ups=0.24, wpb=320, bsz=64, num_updates=5140, lr=3.86315e-05, gnorm=2.214, clip=100, loss_scale=256, train_wall=41, gb_free=7.4, wall=29820
2023-03-28 06:01:31 - progress_bar.py[line:272] - INFO: epoch 003:   1402 / 1878 loss=5.411, loss_v1=0, loss_v2=0, nll_loss=4.532, ntokens=320, nsentences=64, sample_size=320, sample_size_v1=0, sample_size_v2=0, ppl=23.14, wps=77.6, ups=0.24, wpb=320, bsz=64, num_updates=5150, lr=3.86031e-05, gnorm=2.195, clip=100, loss_scale=256, train_wall=41, gb_free=7.4, wall=29861
2023-03-28 06:02:12 - progress_bar.py[line:272] - INFO: epoch 003:   1412 / 1878 loss=5.447, loss_v1=0, loss_v2=0, nll_loss=4.576, ntokens=320, nsentences=64, sample_size=320, sample_size_v1=0, sample_size_v2=0, ppl=23.85, wps=78, ups=0.24, wpb=320, bsz=64, num_updates=5160, lr=3.85748e-05, gnorm=2.285, clip=100, loss_scale=256, train_wall=41, gb_free=7.4, wall=29902
2023-03-28 06:02:53 - progress_bar.py[line:272] - INFO: epoch 003:   1422 / 1878 loss=5.419, loss_v1=0, loss_v2=0, nll_loss=4.542, ntokens=320, nsentences=64, sample_size=320, sample_size_v1=0, sample_size_v2=0, ppl=23.3, wps=78.4, ups=0.24, wpb=320, bsz=64, num_updates=5170, lr=3.85465e-05, gnorm=2.227, clip=100, loss_scale=256, train_wall=41, gb_free=7.4, wall=29943
2023-03-28 06:03:34 - progress_bar.py[line:272] - INFO: epoch 003:   1432 / 1878 loss=5.44, loss_v1=0, loss_v2=0, nll_loss=4.559, ntokens=320, nsentences=64, sample_size=320, sample_size_v1=0, sample_size_v2=0, ppl=23.58, wps=77.9, ups=0.24, wpb=320, bsz=64, num_updates=5180, lr=3.85182e-05, gnorm=2.231, clip=100, loss_scale=256, train_wall=41, gb_free=7.4, wall=29984
2023-03-28 06:04:15 - progress_bar.py[line:272] - INFO: epoch 003:   1442 / 1878 loss=5.414, loss_v1=0, loss_v2=0, nll_loss=4.542, ntokens=320, nsentences=64, sample_size=320, sample_size_v1=0, sample_size_v2=0, ppl=23.3, wps=78.1, ups=0.24, wpb=320, bsz=64, num_updates=5190, lr=3.84899e-05, gnorm=2.183, clip=100, loss_scale=256, train_wall=41, gb_free=7.4, wall=30025
2023-03-28 06:04:56 - progress_bar.py[line:272] - INFO: epoch 003:   1452 / 1878 loss=5.363, loss_v1=0, loss_v2=0, nll_loss=4.478, ntokens=320, nsentences=64, sample_size=320, sample_size_v1=0, sample_size_v2=0, ppl=22.29, wps=78, ups=0.24, wpb=320, bsz=64, num_updates=5200, lr=3.84615e-05, gnorm=2.218, clip=100, loss_scale=256, train_wall=41, gb_free=7.4, wall=30066
2023-03-28 06:05:37 - progress_bar.py[line:272] - INFO: epoch 003:   1462 / 1878 loss=5.436, loss_v1=0, loss_v2=0, nll_loss=4.563, ntokens=320, nsentences=64, sample_size=320, sample_size_v1=0, sample_size_v2=0, ppl=23.64, wps=78.1, ups=0.24, wpb=320, bsz=64, num_updates=5210, lr=3.84332e-05, gnorm=2.298, clip=100, loss_scale=256, train_wall=41, gb_free=7.4, wall=30107
2023-03-28 06:06:18 - progress_bar.py[line:272] - INFO: epoch 003:   1472 / 1878 loss=5.414, loss_v1=0, loss_v2=0, nll_loss=4.528, ntokens=320, nsentences=64, sample_size=320, sample_size_v1=0, sample_size_v2=0, ppl=23.08, wps=78, ups=0.24, wpb=320, bsz=64, num_updates=5220, lr=3.84049e-05, gnorm=2.243, clip=100, loss_scale=256, train_wall=41, gb_free=7.4, wall=30148
2023-03-28 06:06:59 - progress_bar.py[line:272] - INFO: epoch 003:   1482 / 1878 loss=5.415, loss_v1=0, loss_v2=0, nll_loss=4.54, ntokens=320, nsentences=64, sample_size=320, sample_size_v1=0, sample_size_v2=0, ppl=23.27, wps=78, ups=0.24, wpb=320, bsz=64, num_updates=5230, lr=3.83766e-05, gnorm=2.251, clip=100, loss_scale=256, train_wall=41, gb_free=7.4, wall=30189
2023-03-28 06:07:40 - progress_bar.py[line:272] - INFO: epoch 003:   1492 / 1878 loss=5.417, loss_v1=0, loss_v2=0, nll_loss=4.541, ntokens=320, nsentences=64, sample_size=320, sample_size_v1=0, sample_size_v2=0, ppl=23.28, wps=78, ups=0.24, wpb=320, bsz=64, num_updates=5240, lr=3.83482e-05, gnorm=2.217, clip=100, loss_scale=256, train_wall=41, gb_free=7.4, wall=30230
2023-03-28 06:08:21 - progress_bar.py[line:272] - INFO: epoch 003:   1502 / 1878 loss=5.421, loss_v1=0, loss_v2=0, nll_loss=4.542, ntokens=320, nsentences=64, sample_size=320, sample_size_v1=0, sample_size_v2=0, ppl=23.3, wps=78.3, ups=0.24, wpb=320, bsz=64, num_updates=5250, lr=3.83199e-05, gnorm=2.261, clip=100, loss_scale=256, train_wall=41, gb_free=7.4, wall=30271
2023-03-28 06:09:01 - progress_bar.py[line:272] - INFO: epoch 003:   1512 / 1878 loss=5.407, loss_v1=0, loss_v2=0, nll_loss=4.533, ntokens=320, nsentences=64, sample_size=320, sample_size_v1=0, sample_size_v2=0, ppl=23.15, wps=78.5, ups=0.25, wpb=320, bsz=64, num_updates=5260, lr=3.82916e-05, gnorm=2.174, clip=100, loss_scale=256, train_wall=40, gb_free=7.4, wall=30312
2023-03-28 06:09:42 - progress_bar.py[line:272] - INFO: epoch 003:   1522 / 1878 loss=5.387, loss_v1=0, loss_v2=0, nll_loss=4.507, ntokens=320, nsentences=64, sample_size=320, sample_size_v1=0, sample_size_v2=0, ppl=22.74, wps=78.1, ups=0.24, wpb=320, bsz=64, num_updates=5270, lr=3.82633e-05, gnorm=2.179, clip=100, loss_scale=256, train_wall=41, gb_free=7.4, wall=30353
2023-03-28 06:10:24 - progress_bar.py[line:272] - INFO: epoch 003:   1532 / 1878 loss=5.42, loss_v1=0, loss_v2=0, nll_loss=4.54, ntokens=320, nsentences=64, sample_size=320, sample_size_v1=0, sample_size_v2=0, ppl=23.27, wps=77.8, ups=0.24, wpb=320, bsz=64, num_updates=5280, lr=3.8235e-05, gnorm=2.26, clip=100, loss_scale=256, train_wall=41, gb_free=7.4, wall=30394
2023-03-28 06:11:05 - progress_bar.py[line:272] - INFO: epoch 003:   1542 / 1878 loss=5.453, loss_v1=0, loss_v2=0, nll_loss=4.583, ntokens=320, nsentences=64, sample_size=320, sample_size_v1=0, sample_size_v2=0, ppl=23.97, wps=77.7, ups=0.24, wpb=320, bsz=64, num_updates=5290, lr=3.82066e-05, gnorm=2.345, clip=100, loss_scale=256, train_wall=41, gb_free=7.4, wall=30435
2023-03-28 06:11:46 - progress_bar.py[line:272] - INFO: epoch 003:   1552 / 1878 loss=5.388, loss_v1=0, loss_v2=0, nll_loss=4.504, ntokens=320, nsentences=64, sample_size=320, sample_size_v1=0, sample_size_v2=0, ppl=22.7, wps=78, ups=0.24, wpb=320, bsz=64, num_updates=5300, lr=3.81783e-05, gnorm=2.455, clip=100, loss_scale=256, train_wall=41, gb_free=7.4, wall=30476
2023-03-28 06:12:27 - progress_bar.py[line:272] - INFO: epoch 003:   1562 / 1878 loss=5.427, loss_v1=0, loss_v2=0, nll_loss=4.55, ntokens=320, nsentences=64, sample_size=320, sample_size_v1=0, sample_size_v2=0, ppl=23.42, wps=77.8, ups=0.24, wpb=320, bsz=64, num_updates=5310, lr=3.815e-05, gnorm=2.28, clip=100, loss_scale=256, train_wall=41, gb_free=7.4, wall=30518
2023-03-28 06:13:08 - progress_bar.py[line:272] - INFO: epoch 003:   1572 / 1878 loss=5.38, loss_v1=0, loss_v2=0, nll_loss=4.501, ntokens=320, nsentences=64, sample_size=320, sample_size_v1=0, sample_size_v2=0, ppl=22.64, wps=78, ups=0.24, wpb=320, bsz=64, num_updates=5320, lr=3.81217e-05, gnorm=2.277, clip=100, loss_scale=256, train_wall=41, gb_free=7.4, wall=30559
2023-03-28 06:13:49 - progress_bar.py[line:272] - INFO: epoch 003:   1582 / 1878 loss=5.402, loss_v1=0, loss_v2=0, nll_loss=4.518, ntokens=320, nsentences=64, sample_size=320, sample_size_v1=0, sample_size_v2=0, ppl=22.91, wps=78.2, ups=0.24, wpb=320, bsz=64, num_updates=5330, lr=3.80933e-05, gnorm=2.194, clip=100, loss_scale=256, train_wall=41, gb_free=7.4, wall=30599
2023-03-28 06:14:30 - progress_bar.py[line:272] - INFO: epoch 003:   1592 / 1878 loss=5.394, loss_v1=0, loss_v2=0, nll_loss=4.512, ntokens=320, nsentences=64, sample_size=320, sample_size_v1=0, sample_size_v2=0, ppl=22.82, wps=77.7, ups=0.24, wpb=320, bsz=64, num_updates=5340, lr=3.8065e-05, gnorm=2.203, clip=100, loss_scale=256, train_wall=41, gb_free=7.4, wall=30641
2023-03-28 06:15:11 - progress_bar.py[line:272] - INFO: epoch 003:   1602 / 1878 loss=5.382, loss_v1=0, loss_v2=0, nll_loss=4.504, ntokens=320, nsentences=64, sample_size=320, sample_size_v1=0, sample_size_v2=0, ppl=22.7, wps=78.3, ups=0.24, wpb=320, bsz=64, num_updates=5350, lr=3.80367e-05, gnorm=2.254, clip=100, loss_scale=256, train_wall=41, gb_free=7.4, wall=30681
2023-03-28 06:15:52 - progress_bar.py[line:272] - INFO: epoch 003:   1612 / 1878 loss=5.395, loss_v1=0, loss_v2=0, nll_loss=4.508, ntokens=320, nsentences=64, sample_size=320, sample_size_v1=0, sample_size_v2=0, ppl=22.76, wps=78.5, ups=0.25, wpb=320, bsz=64, num_updates=5360, lr=3.80084e-05, gnorm=2.206, clip=100, loss_scale=256, train_wall=41, gb_free=7.4, wall=30722
2023-03-28 06:16:33 - progress_bar.py[line:272] - INFO: epoch 003:   1622 / 1878 loss=5.389, loss_v1=0, loss_v2=0, nll_loss=4.512, ntokens=320, nsentences=64, sample_size=320, sample_size_v1=0, sample_size_v2=0, ppl=22.81, wps=78, ups=0.24, wpb=320, bsz=64, num_updates=5370, lr=3.79801e-05, gnorm=2.315, clip=100, loss_scale=256, train_wall=41, gb_free=7.4, wall=30763
2023-03-28 06:17:14 - progress_bar.py[line:272] - INFO: epoch 003:   1632 / 1878 loss=5.425, loss_v1=0, loss_v2=0, nll_loss=4.549, ntokens=320, nsentences=64, sample_size=320, sample_size_v1=0, sample_size_v2=0, ppl=23.41, wps=78.4, ups=0.25, wpb=320, bsz=64, num_updates=5380, lr=3.79517e-05, gnorm=2.289, clip=100, loss_scale=256, train_wall=41, gb_free=7.4, wall=30804
2023-03-28 06:17:54 - progress_bar.py[line:272] - INFO: epoch 003:   1642 / 1878 loss=5.423, loss_v1=0, loss_v2=0, nll_loss=4.55, ntokens=320, nsentences=64, sample_size=320, sample_size_v1=0, sample_size_v2=0, ppl=23.43, wps=78.3, ups=0.24, wpb=320, bsz=64, num_updates=5390, lr=3.79234e-05, gnorm=2.264, clip=100, loss_scale=256, train_wall=41, gb_free=7.4, wall=30845
2023-03-28 06:18:35 - progress_bar.py[line:272] - INFO: epoch 003:   1652 / 1878 loss=5.378, loss_v1=0, loss_v2=0, nll_loss=4.497, ntokens=320, nsentences=64, sample_size=320, sample_size_v1=0, sample_size_v2=0, ppl=22.57, wps=78.5, ups=0.25, wpb=320, bsz=64, num_updates=5400, lr=3.78951e-05, gnorm=2.249, clip=100, loss_scale=256, train_wall=40, gb_free=7.4, wall=30886
2023-03-28 06:19:16 - progress_bar.py[line:272] - INFO: epoch 003:   1662 / 1878 loss=5.389, loss_v1=0, loss_v2=0, nll_loss=4.505, ntokens=320, nsentences=64, sample_size=320, sample_size_v1=0, sample_size_v2=0, ppl=22.71, wps=78.6, ups=0.25, wpb=320, bsz=64, num_updates=5410, lr=3.78668e-05, gnorm=2.257, clip=100, loss_scale=256, train_wall=40, gb_free=7.4, wall=30926
2023-03-28 06:19:57 - progress_bar.py[line:272] - INFO: epoch 003:   1672 / 1878 loss=5.457, loss_v1=0, loss_v2=0, nll_loss=4.584, ntokens=320, nsentences=64, sample_size=320, sample_size_v1=0, sample_size_v2=0, ppl=23.98, wps=78.8, ups=0.25, wpb=320, bsz=64, num_updates=5420, lr=3.78385e-05, gnorm=2.287, clip=100, loss_scale=256, train_wall=40, gb_free=7.4, wall=30967
2023-03-28 06:20:37 - progress_bar.py[line:272] - INFO: epoch 003:   1682 / 1878 loss=5.377, loss_v1=0, loss_v2=0, nll_loss=4.494, ntokens=320, nsentences=64, sample_size=320, sample_size_v1=0, sample_size_v2=0, ppl=22.54, wps=78.4, ups=0.24, wpb=320, bsz=64, num_updates=5430, lr=3.78101e-05, gnorm=2.335, clip=100, loss_scale=256, train_wall=41, gb_free=7.4, wall=31008
2023-03-28 06:21:18 - progress_bar.py[line:272] - INFO: epoch 003:   1692 / 1878 loss=5.439, loss_v1=0, loss_v2=0, nll_loss=4.565, ntokens=320, nsentences=64, sample_size=320, sample_size_v1=0, sample_size_v2=0, ppl=23.67, wps=78.3, ups=0.24, wpb=320, bsz=64, num_updates=5440, lr=3.77818e-05, gnorm=2.244, clip=100, loss_scale=256, train_wall=41, gb_free=7.4, wall=31049
2023-03-28 06:21:59 - progress_bar.py[line:272] - INFO: epoch 003:   1702 / 1878 loss=5.428, loss_v1=0, loss_v2=0, nll_loss=4.552, ntokens=320, nsentences=64, sample_size=320, sample_size_v1=0, sample_size_v2=0, ppl=23.46, wps=78.3, ups=0.24, wpb=320, bsz=64, num_updates=5450, lr=3.77535e-05, gnorm=2.234, clip=100, loss_scale=256, train_wall=41, gb_free=7.4, wall=31090
2023-03-28 06:22:40 - progress_bar.py[line:272] - INFO: epoch 003:   1712 / 1878 loss=5.377, loss_v1=0, loss_v2=0, nll_loss=4.492, ntokens=320, nsentences=64, sample_size=320, sample_size_v1=0, sample_size_v2=0, ppl=22.5, wps=78.1, ups=0.24, wpb=320, bsz=64, num_updates=5460, lr=3.77252e-05, gnorm=2.302, clip=100, loss_scale=256, train_wall=41, gb_free=7.4, wall=31131
2023-03-28 06:23:21 - progress_bar.py[line:272] - INFO: epoch 003:   1722 / 1878 loss=5.411, loss_v1=0, loss_v2=0, nll_loss=4.533, ntokens=320, nsentences=64, sample_size=320, sample_size_v1=0, sample_size_v2=0, ppl=23.15, wps=77.6, ups=0.24, wpb=320, bsz=64, num_updates=5470, lr=3.76968e-05, gnorm=2.254, clip=100, loss_scale=256, train_wall=41, gb_free=7.4, wall=31172
2023-03-28 06:24:02 - progress_bar.py[line:272] - INFO: epoch 003:   1732 / 1878 loss=5.412, loss_v1=0, loss_v2=0, nll_loss=4.536, ntokens=320, nsentences=64, sample_size=320, sample_size_v1=0, sample_size_v2=0, ppl=23.19, wps=78.6, ups=0.25, wpb=320, bsz=64, num_updates=5480, lr=3.76685e-05, gnorm=2.251, clip=100, loss_scale=256, train_wall=40, gb_free=7.4, wall=31213
2023-03-28 06:24:43 - progress_bar.py[line:272] - INFO: epoch 003:   1742 / 1878 loss=5.413, loss_v1=0, loss_v2=0, nll_loss=4.532, ntokens=320, nsentences=64, sample_size=320, sample_size_v1=0, sample_size_v2=0, ppl=23.14, wps=78.1, ups=0.24, wpb=320, bsz=64, num_updates=5490, lr=3.76402e-05, gnorm=2.335, clip=100, loss_scale=256, train_wall=41, gb_free=7.4, wall=31253
2023-03-28 06:25:24 - progress_bar.py[line:272] - INFO: epoch 003:   1752 / 1878 loss=5.413, loss_v1=0, loss_v2=0, nll_loss=4.535, ntokens=320, nsentences=64, sample_size=320, sample_size_v1=0, sample_size_v2=0, ppl=23.18, wps=78.4, ups=0.24, wpb=320, bsz=64, num_updates=5500, lr=3.76119e-05, gnorm=2.287, clip=100, loss_scale=256, train_wall=41, gb_free=7.4, wall=31294
2023-03-28 06:25:24 - train.py[line:445] - INFO: begin validation on "valid" subset
slice_id 0 seek offset 0
slice_id 1 seek offset 5379
slice_id 0 seek offset 0
slice_id 1 seek offset 5379
2023-03-28 06:36:45 - progress_bar.py[line:282] - INFO: epoch 003 | valid on 'valid' subset | loss 5.625 | loss_v1 0 | loss_v2 0 | nll_loss 4.768 | ntokens 39.993 | nsentences 7.999 | sample_size 39.993 | sample_size_v1 0 | sample_size_v2 0 | ppl 27.25 | score 0.0851 | wps 79 | wpb 40 | bsz 8 | num_updates 5500 | best_score 0.0929
2023-03-28 06:36:45 - checkpoint_utils.py[line:64] - INFO: Preparing to save checkpoint for epoch 3 @ 5500 updates
2023-03-28 06:36:45 - trainer.py[line:431] - INFO: Saving checkpoint to ./refcocoplus_scratch_checkpoints/10_5e-5_512/checkpoint_3_5500.pt
2023-03-28 06:37:06 - trainer.py[line:441] - INFO: Finished saving checkpoint to ./refcocoplus_scratch_checkpoints/10_5e-5_512/checkpoint_3_5500.pt
2023-03-28 06:37:16 - checkpoint_utils.py[line:133] - INFO: Saved checkpoint ./refcocoplus_scratch_checkpoints/10_5e-5_512/checkpoint_3_5500.pt (epoch 3 @ 5500 updates, score 0.0851) (writing took 31.18038936611265 seconds)
2023-03-28 06:37:57 - progress_bar.py[line:272] - INFO: epoch 003:   1762 / 1878 loss=5.338, loss_v1=0, loss_v2=0, nll_loss=4.456, ntokens=320, nsentences=64, sample_size=320, sample_size_v1=0, sample_size_v2=0, ppl=21.95, wps=4.2, ups=0.01, wpb=320, bsz=64, num_updates=5510, lr=3.75836e-05, gnorm=2.249, clip=100, loss_scale=512, train_wall=40, gb_free=7.4, wall=32047
2023-03-28 06:38:38 - progress_bar.py[line:272] - INFO: epoch 003:   1772 / 1878 loss=5.408, loss_v1=0, loss_v2=0, nll_loss=4.531, ntokens=320, nsentences=64, sample_size=320, sample_size_v1=0, sample_size_v2=0, ppl=23.12, wps=78.6, ups=0.25, wpb=320, bsz=64, num_updates=5520, lr=3.75552e-05, gnorm=2.284, clip=100, loss_scale=512, train_wall=40, gb_free=7.4, wall=32088
2023-03-28 06:39:19 - progress_bar.py[line:272] - INFO: epoch 003:   1782 / 1878 loss=5.383, loss_v1=0, loss_v2=0, nll_loss=4.501, ntokens=320, nsentences=64, sample_size=320, sample_size_v1=0, sample_size_v2=0, ppl=22.65, wps=78.3, ups=0.24, wpb=320, bsz=64, num_updates=5530, lr=3.75269e-05, gnorm=2.288, clip=100, loss_scale=512, train_wall=41, gb_free=7.4, wall=32129
2023-03-28 06:39:59 - progress_bar.py[line:272] - INFO: epoch 003:   1792 / 1878 loss=5.387, loss_v1=0, loss_v2=0, nll_loss=4.501, ntokens=320, nsentences=64, sample_size=320, sample_size_v1=0, sample_size_v2=0, ppl=22.65, wps=78.4, ups=0.25, wpb=320, bsz=64, num_updates=5540, lr=3.74986e-05, gnorm=2.229, clip=100, loss_scale=512, train_wall=41, gb_free=7.4, wall=32170
2023-03-28 06:40:40 - progress_bar.py[line:272] - INFO: epoch 003:   1802 / 1878 loss=5.434, loss_v1=0, loss_v2=0, nll_loss=4.557, ntokens=320, nsentences=64, sample_size=320, sample_size_v1=0, sample_size_v2=0, ppl=23.54, wps=78, ups=0.24, wpb=320, bsz=64, num_updates=5550, lr=3.74703e-05, gnorm=2.3, clip=100, loss_scale=512, train_wall=41, gb_free=7.4, wall=32211
2023-03-28 06:41:21 - trainer.py[line:921] - INFO: NOTE: gradient overflow detected, ignoring gradient, setting loss scale to: 256.0
2023-03-28 06:41:25 - progress_bar.py[line:272] - INFO: epoch 003:   1813 / 1878 loss=5.416, loss_v1=0, loss_v2=0, nll_loss=4.539, ntokens=320, nsentences=64, sample_size=320, sample_size_v1=0, sample_size_v2=0, ppl=23.25, wps=71.3, ups=0.22, wpb=320, bsz=64, num_updates=5560, lr=3.74419e-05, gnorm=2.23, clip=100, loss_scale=256, train_wall=45, gb_free=7.4, wall=32256
2023-03-28 06:42:06 - progress_bar.py[line:272] - INFO: epoch 003:   1823 / 1878 loss=5.372, loss_v1=0, loss_v2=0, nll_loss=4.487, ntokens=320, nsentences=64, sample_size=320, sample_size_v1=0, sample_size_v2=0, ppl=22.42, wps=78, ups=0.24, wpb=320, bsz=64, num_updates=5570, lr=3.74136e-05, gnorm=2.344, clip=100, loss_scale=256, train_wall=41, gb_free=7.4, wall=32297
2023-03-28 06:42:48 - progress_bar.py[line:272] - INFO: epoch 003:   1833 / 1878 loss=5.399, loss_v1=0, loss_v2=0, nll_loss=4.52, ntokens=320, nsentences=64, sample_size=320, sample_size_v1=0, sample_size_v2=0, ppl=22.95, wps=76.9, ups=0.24, wpb=320, bsz=64, num_updates=5580, lr=3.73853e-05, gnorm=2.254, clip=100, loss_scale=256, train_wall=41, gb_free=7.4, wall=32338
2023-03-28 06:43:29 - progress_bar.py[line:272] - INFO: epoch 003:   1843 / 1878 loss=5.396, loss_v1=0, loss_v2=0, nll_loss=4.518, ntokens=320, nsentences=64, sample_size=320, sample_size_v1=0, sample_size_v2=0, ppl=22.91, wps=78.2, ups=0.24, wpb=320, bsz=64, num_updates=5590, lr=3.7357e-05, gnorm=2.267, clip=100, loss_scale=256, train_wall=41, gb_free=7.4, wall=32379
2023-03-28 06:44:10 - progress_bar.py[line:272] - INFO: epoch 003:   1853 / 1878 loss=5.405, loss_v1=0, loss_v2=0, nll_loss=4.527, ntokens=320, nsentences=64, sample_size=320, sample_size_v1=0, sample_size_v2=0, ppl=23.05, wps=78, ups=0.24, wpb=320, bsz=64, num_updates=5600, lr=3.73287e-05, gnorm=2.32, clip=100, loss_scale=256, train_wall=41, gb_free=7.4, wall=32420
2023-03-28 06:44:50 - progress_bar.py[line:272] - INFO: epoch 003:   1863 / 1878 loss=5.413, loss_v1=0, loss_v2=0, nll_loss=4.532, ntokens=320, nsentences=64, sample_size=320, sample_size_v1=0, sample_size_v2=0, ppl=23.14, wps=78.7, ups=0.25, wpb=320, bsz=64, num_updates=5610, lr=3.73003e-05, gnorm=2.33, clip=100, loss_scale=256, train_wall=40, gb_free=7.4, wall=32461
2023-03-28 06:45:31 - progress_bar.py[line:272] - INFO: epoch 003:   1873 / 1878 loss=5.334, loss_v1=0, loss_v2=0, nll_loss=4.447, ntokens=320, nsentences=64, sample_size=320, sample_size_v1=0, sample_size_v2=0, ppl=21.82, wps=78.5, ups=0.25, wpb=320, bsz=64, num_updates=5620, lr=3.7272e-05, gnorm=2.417, clip=100, loss_scale=256, train_wall=41, gb_free=7.4, wall=32502
slice_id 1 seek offset 5379
2023-03-28 06:45:51 - train.py[line:445] - INFO: begin validation on "valid" subset
slice_id 0 seek offset 0
slice_id 0 seek offset 0
slice_id 1 seek offset 5379
2023-03-28 06:57:14 - progress_bar.py[line:282] - INFO: epoch 003 | valid on 'valid' subset | loss 5.635 | loss_v1 0 | loss_v2 0 | nll_loss 4.774 | ntokens 39.993 | nsentences 7.999 | sample_size 39.993 | sample_size_v1 0 | sample_size_v2 0 | ppl 27.36 | score 0.0917 | wps 78.8 | wpb 40 | bsz 8 | num_updates 5625 | best_score 0.0929
2023-03-28 06:57:14 - checkpoint_utils.py[line:64] - INFO: Preparing to save checkpoint for epoch 3 @ 5625 updates
2023-03-28 06:57:14 - trainer.py[line:431] - INFO: Saving checkpoint to ./refcocoplus_scratch_checkpoints/10_5e-5_512/checkpoint_last.pt
local datafile ../../dataset/refcocoplus_data/refcocoplus_train.tsv slice_id 1 begin to initialize row_count and line_idx-to-offset mapping
2023-03-28 06:57:31 - trainer.py[line:441] - INFO: Finished saving checkpoint to ./refcocoplus_scratch_checkpoints/10_5e-5_512/checkpoint_last.pt
2023-03-28 06:57:32 - checkpoint_utils.py[line:133] - INFO: Saved checkpoint ./refcocoplus_scratch_checkpoints/10_5e-5_512/checkpoint_last.pt (epoch 3 @ 5625 updates, score 0.0917) (writing took 17.702607246115804 seconds)
2023-03-28 06:57:32 - train.py[line:332] - INFO: end of epoch 3 (average epoch stats below)
2023-03-28 06:57:32 - progress_bar.py[line:282] - INFO: epoch 003 | loss 5.456 | loss_v1 0 | loss_v2 0 | nll_loss 4.584 | ntokens 319.997 | nsentences 63.999 | sample_size 319.997 | sample_size_v1 0 | sample_size_v2 0 | ppl 23.98 | wps 53 | ups 0.17 | wpb 320 | bsz 64 | num_updates 5625 | lr 3.72578e-05 | gnorm 2.231 | clip 100 | loss_scale 256 | train_wall 7633 | gb_free 7.4 | wall 33222
2023-03-28 06:57:32 - trainer.py[line:639] - INFO: loading train data for epoch 4
local datafile ../../dataset/refcocoplus_data/refcocoplus_train.tsv slice_id 0 begin to initialize row_count and line_idx-to-offset mapping
local datafile ../../dataset/refcocoplus_data/refcocoplus_train.tsv slice_id 1 finished initializing row_count and line_idx-to-offset mapping
file ../../dataset/refcocoplus_data/refcocoplus_train.tsv slice_id 1 row count 60095 total row count 120191
slice_id 1 seek offset 60096
local datafile ../../dataset/refcocoplus_data/refcocoplus_train.tsv slice_id 0 finished initializing row_count and line_idx-to-offset mapping
file ../../dataset/refcocoplus_data/refcocoplus_train.tsv slice_id 0 row count 60096 total row count 120191
slice_id 0 seek offset 0
2023-03-28 06:57:48 - trainer.py[line:703] - INFO: begin training epoch 4
2023-03-28 06:57:48 - train.py[line:305] - INFO: Start iterating over samples
2023-03-28 06:58:09 - progress_bar.py[line:272] - INFO: epoch 004:      5 / 1878 loss=5.408, loss_v1=0, loss_v2=0, nll_loss=4.533, ntokens=320, nsentences=64, sample_size=320, sample_size_v1=0, sample_size_v2=0, ppl=23.15, wps=4.2, ups=0.01, wpb=320, bsz=64, num_updates=5630, lr=3.72437e-05, gnorm=2.404, clip=100, loss_scale=256, train_wall=39, gb_free=7.4, wall=33259
2023-03-28 06:58:49 - progress_bar.py[line:272] - INFO: epoch 004:     15 / 1878 loss=5.366, loss_v1=0, loss_v2=0, nll_loss=4.479, ntokens=320, nsentences=64, sample_size=320, sample_size_v1=0, sample_size_v2=0, ppl=22.3, wps=78.5, ups=0.25, wpb=320, bsz=64, num_updates=5640, lr=3.72154e-05, gnorm=2.427, clip=100, loss_scale=256, train_wall=41, gb_free=7.4, wall=33300
2023-03-28 06:59:30 - progress_bar.py[line:272] - INFO: epoch 004:     25 / 1878 loss=5.407, loss_v1=0, loss_v2=0, nll_loss=4.529, ntokens=320, nsentences=64, sample_size=320, sample_size_v1=0, sample_size_v2=0, ppl=23.08, wps=78.5, ups=0.25, wpb=320, bsz=64, num_updates=5650, lr=3.7187e-05, gnorm=2.437, clip=100, loss_scale=256, train_wall=41, gb_free=7.4, wall=33341
2023-03-28 07:00:11 - progress_bar.py[line:272] - INFO: epoch 004:     35 / 1878 loss=5.374, loss_v1=0, loss_v2=0, nll_loss=4.492, ntokens=320, nsentences=64, sample_size=320, sample_size_v1=0, sample_size_v2=0, ppl=22.5, wps=78.7, ups=0.25, wpb=320, bsz=64, num_updates=5660, lr=3.71587e-05, gnorm=2.43, clip=100, loss_scale=256, train_wall=40, gb_free=7.4, wall=33381
2023-03-28 07:00:52 - progress_bar.py[line:272] - INFO: epoch 004:     45 / 1878 loss=5.373, loss_v1=0, loss_v2=0, nll_loss=4.488, ntokens=320, nsentences=64, sample_size=320, sample_size_v1=0, sample_size_v2=0, ppl=22.44, wps=78.4, ups=0.24, wpb=320, bsz=64, num_updates=5670, lr=3.71304e-05, gnorm=2.471, clip=100, loss_scale=256, train_wall=41, gb_free=7.4, wall=33422
2023-03-28 07:01:33 - progress_bar.py[line:272] - INFO: epoch 004:     55 / 1878 loss=5.444, loss_v1=0, loss_v2=0, nll_loss=4.569, ntokens=320, nsentences=64, sample_size=320, sample_size_v1=0, sample_size_v2=0, ppl=23.74, wps=78.3, ups=0.24, wpb=320, bsz=64, num_updates=5680, lr=3.71021e-05, gnorm=2.516, clip=100, loss_scale=256, train_wall=41, gb_free=7.4, wall=33463
2023-03-28 07:02:14 - progress_bar.py[line:272] - INFO: epoch 004:     65 / 1878 loss=5.389, loss_v1=0, loss_v2=0, nll_loss=4.506, ntokens=320, nsentences=64, sample_size=320, sample_size_v1=0, sample_size_v2=0, ppl=22.72, wps=78.2, ups=0.24, wpb=320, bsz=64, num_updates=5690, lr=3.70738e-05, gnorm=2.554, clip=100, loss_scale=256, train_wall=41, gb_free=7.4, wall=33504
2023-03-28 07:02:54 - progress_bar.py[line:272] - INFO: epoch 004:     75 / 1878 loss=5.395, loss_v1=0, loss_v2=0, nll_loss=4.518, ntokens=320, nsentences=64, sample_size=320, sample_size_v1=0, sample_size_v2=0, ppl=22.91, wps=78.1, ups=0.24, wpb=320, bsz=64, num_updates=5700, lr=3.70454e-05, gnorm=2.355, clip=100, loss_scale=256, train_wall=41, gb_free=7.4, wall=33545
2023-03-28 07:03:35 - progress_bar.py[line:272] - INFO: epoch 004:     85 / 1878 loss=5.393, loss_v1=0, loss_v2=0, nll_loss=4.516, ntokens=320, nsentences=64, sample_size=320, sample_size_v1=0, sample_size_v2=0, ppl=22.87, wps=78.1, ups=0.24, wpb=320, bsz=64, num_updates=5710, lr=3.70171e-05, gnorm=2.539, clip=100, loss_scale=256, train_wall=41, gb_free=7.4, wall=33586
2023-03-28 07:04:17 - progress_bar.py[line:272] - INFO: epoch 004:     95 / 1878 loss=5.428, loss_v1=0, loss_v2=0, nll_loss=4.55, ntokens=320, nsentences=64, sample_size=320, sample_size_v1=0, sample_size_v2=0, ppl=23.43, wps=77.9, ups=0.24, wpb=320, bsz=64, num_updates=5720, lr=3.69888e-05, gnorm=2.534, clip=100, loss_scale=256, train_wall=41, gb_free=7.4, wall=33627
2023-03-28 07:04:58 - progress_bar.py[line:272] - INFO: epoch 004:    105 / 1878 loss=5.355, loss_v1=0, loss_v2=0, nll_loss=4.468, ntokens=320, nsentences=64, sample_size=320, sample_size_v1=0, sample_size_v2=0, ppl=22.14, wps=78, ups=0.24, wpb=320, bsz=64, num_updates=5730, lr=3.69605e-05, gnorm=2.436, clip=100, loss_scale=256, train_wall=41, gb_free=7.4, wall=33668
2023-03-28 07:05:38 - progress_bar.py[line:272] - INFO: epoch 004:    115 / 1878 loss=5.385, loss_v1=0, loss_v2=0, nll_loss=4.5, ntokens=320, nsentences=64, sample_size=320, sample_size_v1=0, sample_size_v2=0, ppl=22.63, wps=78.4, ups=0.24, wpb=320, bsz=64, num_updates=5740, lr=3.69321e-05, gnorm=2.369, clip=100, loss_scale=256, train_wall=40, gb_free=7.4, wall=33709
2023-03-28 07:06:19 - progress_bar.py[line:272] - INFO: epoch 004:    125 / 1878 loss=5.395, loss_v1=0, loss_v2=0, nll_loss=4.516, ntokens=320, nsentences=64, sample_size=320, sample_size_v1=0, sample_size_v2=0, ppl=22.89, wps=78.5, ups=0.25, wpb=320, bsz=64, num_updates=5750, lr=3.69038e-05, gnorm=2.476, clip=100, loss_scale=256, train_wall=41, gb_free=7.4, wall=33750
2023-03-28 07:07:00 - progress_bar.py[line:272] - INFO: epoch 004:    135 / 1878 loss=5.427, loss_v1=0, loss_v2=0, nll_loss=4.549, ntokens=320, nsentences=64, sample_size=320, sample_size_v1=0, sample_size_v2=0, ppl=23.4, wps=78.3, ups=0.24, wpb=320, bsz=64, num_updates=5760, lr=3.68755e-05, gnorm=2.463, clip=100, loss_scale=256, train_wall=41, gb_free=7.4, wall=33791
2023-03-28 07:07:41 - progress_bar.py[line:272] - INFO: epoch 004:    145 / 1878 loss=5.398, loss_v1=0, loss_v2=0, nll_loss=4.524, ntokens=320, nsentences=64, sample_size=320, sample_size_v1=0, sample_size_v2=0, ppl=23.01, wps=77.8, ups=0.24, wpb=320, bsz=64, num_updates=5770, lr=3.68472e-05, gnorm=2.408, clip=100, loss_scale=256, train_wall=41, gb_free=7.4, wall=33832
2023-03-28 07:08:22 - progress_bar.py[line:272] - INFO: epoch 004:    155 / 1878 loss=5.391, loss_v1=0, loss_v2=0, nll_loss=4.511, ntokens=320, nsentences=64, sample_size=320, sample_size_v1=0, sample_size_v2=0, ppl=22.8, wps=78.4, ups=0.24, wpb=320, bsz=64, num_updates=5780, lr=3.68189e-05, gnorm=2.475, clip=100, loss_scale=256, train_wall=41, gb_free=7.4, wall=33873
2023-03-28 07:09:03 - progress_bar.py[line:272] - INFO: epoch 004:    165 / 1878 loss=5.392, loss_v1=0, loss_v2=0, nll_loss=4.509, ntokens=320, nsentences=64, sample_size=320, sample_size_v1=0, sample_size_v2=0, ppl=22.77, wps=78.1, ups=0.24, wpb=320, bsz=64, num_updates=5790, lr=3.67905e-05, gnorm=2.408, clip=100, loss_scale=256, train_wall=41, gb_free=7.4, wall=33913
2023-03-28 07:09:44 - progress_bar.py[line:272] - INFO: epoch 004:    175 / 1878 loss=5.421, loss_v1=0, loss_v2=0, nll_loss=4.542, ntokens=320, nsentences=64, sample_size=320, sample_size_v1=0, sample_size_v2=0, ppl=23.29, wps=78.2, ups=0.24, wpb=320, bsz=64, num_updates=5800, lr=3.67622e-05, gnorm=2.412, clip=100, loss_scale=256, train_wall=41, gb_free=7.4, wall=33954
2023-03-28 07:10:25 - progress_bar.py[line:272] - INFO: epoch 004:    185 / 1878 loss=5.414, loss_v1=0, loss_v2=0, nll_loss=4.542, ntokens=320, nsentences=64, sample_size=320, sample_size_v1=0, sample_size_v2=0, ppl=23.3, wps=77.5, ups=0.24, wpb=320, bsz=64, num_updates=5810, lr=3.67339e-05, gnorm=2.399, clip=100, loss_scale=256, train_wall=41, gb_free=7.4, wall=33996
2023-03-28 07:11:06 - progress_bar.py[line:272] - INFO: epoch 004:    195 / 1878 loss=5.368, loss_v1=0, loss_v2=0, nll_loss=4.485, ntokens=320, nsentences=64, sample_size=320, sample_size_v1=0, sample_size_v2=0, ppl=22.39, wps=78.5, ups=0.25, wpb=320, bsz=64, num_updates=5820, lr=3.67056e-05, gnorm=2.489, clip=100, loss_scale=256, train_wall=41, gb_free=7.4, wall=34037
2023-03-28 07:11:47 - progress_bar.py[line:272] - INFO: epoch 004:    205 / 1878 loss=5.399, loss_v1=0, loss_v2=0, nll_loss=4.519, ntokens=320, nsentences=64, sample_size=320, sample_size_v1=0, sample_size_v2=0, ppl=22.93, wps=78.5, ups=0.25, wpb=320, bsz=64, num_updates=5830, lr=3.66772e-05, gnorm=2.494, clip=100, loss_scale=256, train_wall=41, gb_free=7.4, wall=34077
2023-03-28 07:12:27 - progress_bar.py[line:272] - INFO: epoch 004:    215 / 1878 loss=5.378, loss_v1=0, loss_v2=0, nll_loss=4.498, ntokens=320, nsentences=64, sample_size=320, sample_size_v1=0, sample_size_v2=0, ppl=22.59, wps=78.6, ups=0.25, wpb=320, bsz=64, num_updates=5840, lr=3.66489e-05, gnorm=2.429, clip=100, loss_scale=256, train_wall=40, gb_free=7.4, wall=34118
2023-03-28 07:13:08 - progress_bar.py[line:272] - INFO: epoch 004:    225 / 1878 loss=5.373, loss_v1=0, loss_v2=0, nll_loss=4.489, ntokens=320, nsentences=64, sample_size=320, sample_size_v1=0, sample_size_v2=0, ppl=22.45, wps=78.3, ups=0.24, wpb=320, bsz=64, num_updates=5850, lr=3.66206e-05, gnorm=2.445, clip=100, loss_scale=256, train_wall=41, gb_free=7.4, wall=34159
2023-03-28 07:13:49 - progress_bar.py[line:272] - INFO: epoch 004:    235 / 1878 loss=5.38, loss_v1=0, loss_v2=0, nll_loss=4.499, ntokens=320, nsentences=64, sample_size=320, sample_size_v1=0, sample_size_v2=0, ppl=22.61, wps=78.8, ups=0.25, wpb=320, bsz=64, num_updates=5860, lr=3.65923e-05, gnorm=2.437, clip=100, loss_scale=256, train_wall=40, gb_free=7.4, wall=34199
2023-03-28 07:14:30 - progress_bar.py[line:272] - INFO: epoch 004:    245 / 1878 loss=5.433, loss_v1=0, loss_v2=0, nll_loss=4.554, ntokens=320, nsentences=64, sample_size=320, sample_size_v1=0, sample_size_v2=0, ppl=23.48, wps=77.8, ups=0.24, wpb=320, bsz=64, num_updates=5870, lr=3.6564e-05, gnorm=2.467, clip=100, loss_scale=256, train_wall=41, gb_free=7.4, wall=34241
2023-03-28 07:15:11 - progress_bar.py[line:272] - INFO: epoch 004:    255 / 1878 loss=5.379, loss_v1=0, loss_v2=0, nll_loss=4.501, ntokens=320, nsentences=64, sample_size=320, sample_size_v1=0, sample_size_v2=0, ppl=22.64, wps=78.5, ups=0.25, wpb=320, bsz=64, num_updates=5880, lr=3.65356e-05, gnorm=2.398, clip=100, loss_scale=256, train_wall=40, gb_free=7.4, wall=34281
2023-03-28 07:15:52 - progress_bar.py[line:272] - INFO: epoch 004:    265 / 1878 loss=5.375, loss_v1=0, loss_v2=0, nll_loss=4.492, ntokens=320, nsentences=64, sample_size=320, sample_size_v1=0, sample_size_v2=0, ppl=22.5, wps=78.3, ups=0.24, wpb=320, bsz=64, num_updates=5890, lr=3.65073e-05, gnorm=2.441, clip=100, loss_scale=256, train_wall=41, gb_free=7.4, wall=34322
2023-03-28 07:16:33 - progress_bar.py[line:272] - INFO: epoch 004:    275 / 1878 loss=5.365, loss_v1=0, loss_v2=0, nll_loss=4.477, ntokens=320, nsentences=64, sample_size=320, sample_size_v1=0, sample_size_v2=0, ppl=22.27, wps=78.3, ups=0.24, wpb=320, bsz=64, num_updates=5900, lr=3.6479e-05, gnorm=2.493, clip=100, loss_scale=256, train_wall=41, gb_free=7.4, wall=34363
2023-03-28 07:17:14 - progress_bar.py[line:272] - INFO: epoch 004:    285 / 1878 loss=5.401, loss_v1=0, loss_v2=0, nll_loss=4.522, ntokens=320, nsentences=64, sample_size=320, sample_size_v1=0, sample_size_v2=0, ppl=22.97, wps=78, ups=0.24, wpb=320, bsz=64, num_updates=5910, lr=3.64507e-05, gnorm=2.451, clip=100, loss_scale=256, train_wall=41, gb_free=7.4, wall=34404
2023-03-28 07:17:55 - progress_bar.py[line:272] - INFO: epoch 004:    295 / 1878 loss=5.397, loss_v1=0, loss_v2=0, nll_loss=4.518, ntokens=320, nsentences=64, sample_size=320, sample_size_v1=0, sample_size_v2=0, ppl=22.91, wps=78.2, ups=0.24, wpb=320, bsz=64, num_updates=5920, lr=3.64223e-05, gnorm=2.463, clip=100, loss_scale=256, train_wall=41, gb_free=7.4, wall=34445
2023-03-28 07:18:36 - progress_bar.py[line:272] - INFO: epoch 004:    305 / 1878 loss=5.348, loss_v1=0, loss_v2=0, nll_loss=4.457, ntokens=320, nsentences=64, sample_size=320, sample_size_v1=0, sample_size_v2=0, ppl=21.96, wps=78.2, ups=0.24, wpb=320, bsz=64, num_updates=5930, lr=3.6394e-05, gnorm=2.494, clip=100, loss_scale=256, train_wall=41, gb_free=7.4, wall=34486
2023-03-28 07:19:17 - progress_bar.py[line:272] - INFO: epoch 004:    315 / 1878 loss=5.387, loss_v1=0, loss_v2=0, nll_loss=4.513, ntokens=320, nsentences=64, sample_size=320, sample_size_v1=0, sample_size_v2=0, ppl=22.83, wps=77.5, ups=0.24, wpb=320, bsz=64, num_updates=5940, lr=3.63657e-05, gnorm=2.44, clip=100, loss_scale=256, train_wall=41, gb_free=7.4, wall=34527
2023-03-28 07:19:58 - progress_bar.py[line:272] - INFO: epoch 004:    325 / 1878 loss=5.382, loss_v1=0, loss_v2=0, nll_loss=4.492, ntokens=320, nsentences=64, sample_size=320, sample_size_v1=0, sample_size_v2=0, ppl=22.5, wps=78.4, ups=0.24, wpb=320, bsz=64, num_updates=5950, lr=3.63374e-05, gnorm=2.496, clip=100, loss_scale=256, train_wall=41, gb_free=7.4, wall=34568
2023-03-28 07:20:39 - progress_bar.py[line:272] - INFO: epoch 004:    335 / 1878 loss=5.393, loss_v1=0, loss_v2=0, nll_loss=4.509, ntokens=320, nsentences=64, sample_size=320, sample_size_v1=0, sample_size_v2=0, ppl=22.77, wps=78.1, ups=0.24, wpb=320, bsz=64, num_updates=5960, lr=3.63091e-05, gnorm=2.424, clip=100, loss_scale=256, train_wall=41, gb_free=7.4, wall=34609
2023-03-28 07:21:19 - progress_bar.py[line:272] - INFO: epoch 004:    345 / 1878 loss=5.387, loss_v1=0, loss_v2=0, nll_loss=4.512, ntokens=320, nsentences=64, sample_size=320, sample_size_v1=0, sample_size_v2=0, ppl=22.82, wps=78.3, ups=0.24, wpb=320, bsz=64, num_updates=5970, lr=3.62807e-05, gnorm=2.462, clip=100, loss_scale=256, train_wall=41, gb_free=7.4, wall=34650
2023-03-28 07:22:00 - progress_bar.py[line:272] - INFO: epoch 004:    355 / 1878 loss=5.377, loss_v1=0, loss_v2=0, nll_loss=4.493, ntokens=320, nsentences=64, sample_size=320, sample_size_v1=0, sample_size_v2=0, ppl=22.52, wps=78.4, ups=0.24, wpb=320, bsz=64, num_updates=5980, lr=3.62524e-05, gnorm=2.54, clip=100, loss_scale=256, train_wall=41, gb_free=7.4, wall=34691
2023-03-28 07:22:41 - progress_bar.py[line:272] - INFO: epoch 004:    365 / 1878 loss=5.383, loss_v1=0, loss_v2=0, nll_loss=4.496, ntokens=320, nsentences=64, sample_size=320, sample_size_v1=0, sample_size_v2=0, ppl=22.56, wps=78.5, ups=0.25, wpb=320, bsz=64, num_updates=5990, lr=3.62241e-05, gnorm=2.504, clip=100, loss_scale=256, train_wall=40, gb_free=7.4, wall=34732
slice_id 1 seek offset 5379
2023-03-28 07:23:22 - progress_bar.py[line:272] - INFO: epoch 004:    375 / 1878 loss=5.371, loss_v1=0, loss_v2=0, nll_loss=4.495, ntokens=320, nsentences=64, sample_size=320, sample_size_v1=0, sample_size_v2=0, ppl=22.55, wps=77.8, ups=0.24, wpb=320, bsz=64, num_updates=6000, lr=3.61958e-05, gnorm=2.515, clip=100, loss_scale=256, train_wall=41, gb_free=7.4, wall=34773
2023-03-28 07:23:22 - train.py[line:445] - INFO: begin validation on "valid" subset
slice_id 0 seek offset 0
slice_id 0 seek offset 0
slice_id 1 seek offset 5379
2023-03-28 07:34:44 - progress_bar.py[line:282] - INFO: epoch 004 | valid on 'valid' subset | loss 5.64 | loss_v1 0 | loss_v2 0 | nll_loss 4.787 | ntokens 39.993 | nsentences 7.999 | sample_size 39.993 | sample_size_v1 0 | sample_size_v2 0 | ppl 27.6 | score 0.0936 | wps 79 | wpb 40 | bsz 8 | num_updates 6000 | best_score 0.0936
2023-03-28 07:34:44 - checkpoint_utils.py[line:64] - INFO: Preparing to save checkpoint for epoch 4 @ 6000 updates
2023-03-28 07:34:44 - trainer.py[line:431] - INFO: Saving checkpoint to ./refcocoplus_scratch_checkpoints/10_5e-5_512/checkpoint_4_6000.pt
2023-03-28 07:35:02 - trainer.py[line:441] - INFO: Finished saving checkpoint to ./refcocoplus_scratch_checkpoints/10_5e-5_512/checkpoint_4_6000.pt
2023-03-28 07:35:34 - checkpoint_utils.py[line:133] - INFO: Saved checkpoint ./refcocoplus_scratch_checkpoints/10_5e-5_512/checkpoint_4_6000.pt (epoch 4 @ 6000 updates, score 0.0936) (writing took 50.7048823190853 seconds)
2023-03-28 07:36:15 - progress_bar.py[line:272] - INFO: epoch 004:    385 / 1878 loss=5.365, loss_v1=0, loss_v2=0, nll_loss=4.479, ntokens=320, nsentences=64, sample_size=320, sample_size_v1=0, sample_size_v2=0, ppl=22.29, wps=4.1, ups=0.01, wpb=320, bsz=64, num_updates=6010, lr=3.61674e-05, gnorm=2.474, clip=100, loss_scale=256, train_wall=40, gb_free=7.4, wall=35545
2023-03-28 07:36:56 - progress_bar.py[line:272] - INFO: epoch 004:    395 / 1878 loss=5.429, loss_v1=0, loss_v2=0, nll_loss=4.55, ntokens=320, nsentences=64, sample_size=320, sample_size_v1=0, sample_size_v2=0, ppl=23.43, wps=77.9, ups=0.24, wpb=320, bsz=64, num_updates=6020, lr=3.61391e-05, gnorm=2.527, clip=100, loss_scale=256, train_wall=41, gb_free=7.4, wall=35586
2023-03-28 07:37:37 - progress_bar.py[line:272] - INFO: epoch 004:    405 / 1878 loss=5.411, loss_v1=0, loss_v2=0, nll_loss=4.534, ntokens=320, nsentences=64, sample_size=320, sample_size_v1=0, sample_size_v2=0, ppl=23.17, wps=77.5, ups=0.24, wpb=320, bsz=64, num_updates=6030, lr=3.61108e-05, gnorm=2.51, clip=100, loss_scale=256, train_wall=41, gb_free=7.4, wall=35628
2023-03-28 07:38:18 - progress_bar.py[line:272] - INFO: epoch 004:    415 / 1878 loss=5.368, loss_v1=0, loss_v2=0, nll_loss=4.483, ntokens=320, nsentences=64, sample_size=320, sample_size_v1=0, sample_size_v2=0, ppl=22.36, wps=77.9, ups=0.24, wpb=320, bsz=64, num_updates=6040, lr=3.60825e-05, gnorm=2.567, clip=100, loss_scale=256, train_wall=41, gb_free=7.4, wall=35669
2023-03-28 07:38:59 - progress_bar.py[line:272] - INFO: epoch 004:    425 / 1878 loss=5.337, loss_v1=0, loss_v2=0, nll_loss=4.448, ntokens=320, nsentences=64, sample_size=320, sample_size_v1=0, sample_size_v2=0, ppl=21.82, wps=78.2, ups=0.24, wpb=320, bsz=64, num_updates=6050, lr=3.60542e-05, gnorm=2.472, clip=100, loss_scale=256, train_wall=41, gb_free=7.4, wall=35710
2023-03-28 07:39:40 - progress_bar.py[line:272] - INFO: epoch 004:    435 / 1878 loss=5.348, loss_v1=0, loss_v2=0, nll_loss=4.46, ntokens=320, nsentences=64, sample_size=320, sample_size_v1=0, sample_size_v2=0, ppl=22.01, wps=78.2, ups=0.24, wpb=320, bsz=64, num_updates=6060, lr=3.60258e-05, gnorm=2.393, clip=100, loss_scale=256, train_wall=41, gb_free=7.4, wall=35750
2023-03-28 07:40:21 - progress_bar.py[line:272] - INFO: epoch 004:    445 / 1878 loss=5.373, loss_v1=0, loss_v2=0, nll_loss=4.495, ntokens=320, nsentences=64, sample_size=320, sample_size_v1=0, sample_size_v2=0, ppl=22.54, wps=78.5, ups=0.25, wpb=320, bsz=64, num_updates=6070, lr=3.59975e-05, gnorm=2.487, clip=100, loss_scale=256, train_wall=40, gb_free=7.4, wall=35791
2023-03-28 07:40:57 - trainer.py[line:921] - INFO: NOTE: gradient overflow detected, ignoring gradient, setting loss scale to: 256.0
2023-03-28 07:41:06 - progress_bar.py[line:272] - INFO: epoch 004:    456 / 1878 loss=5.347, loss_v1=0, loss_v2=0, nll_loss=4.459, ntokens=320, nsentences=64, sample_size=320, sample_size_v1=0, sample_size_v2=0, ppl=21.99, wps=71.2, ups=0.22, wpb=320, bsz=64, num_updates=6080, lr=3.59692e-05, gnorm=2.418, clip=100, loss_scale=256, train_wall=45, gb_free=7.4, wall=35836
2023-03-28 07:41:47 - progress_bar.py[line:272] - INFO: epoch 004:    466 / 1878 loss=5.405, loss_v1=0, loss_v2=0, nll_loss=4.52, ntokens=320, nsentences=64, sample_size=320, sample_size_v1=0, sample_size_v2=0, ppl=22.94, wps=78.2, ups=0.24, wpb=320, bsz=64, num_updates=6090, lr=3.59409e-05, gnorm=2.48, clip=100, loss_scale=256, train_wall=41, gb_free=7.4, wall=35877
2023-03-28 07:42:28 - progress_bar.py[line:272] - INFO: epoch 004:    476 / 1878 loss=5.39, loss_v1=0, loss_v2=0, nll_loss=4.511, ntokens=320, nsentences=64, sample_size=320, sample_size_v1=0, sample_size_v2=0, ppl=22.81, wps=78.1, ups=0.24, wpb=320, bsz=64, num_updates=6100, lr=3.59125e-05, gnorm=2.472, clip=100, loss_scale=256, train_wall=41, gb_free=7.4, wall=35918
2023-03-28 07:43:08 - progress_bar.py[line:272] - INFO: epoch 004:    486 / 1878 loss=5.35, loss_v1=0, loss_v2=0, nll_loss=4.466, ntokens=320, nsentences=64, sample_size=320, sample_size_v1=0, sample_size_v2=0, ppl=22.1, wps=78.7, ups=0.25, wpb=320, bsz=64, num_updates=6110, lr=3.58842e-05, gnorm=2.436, clip=100, loss_scale=256, train_wall=40, gb_free=7.4, wall=35959
2023-03-28 07:43:49 - progress_bar.py[line:272] - INFO: epoch 004:    496 / 1878 loss=5.315, loss_v1=0, loss_v2=0, nll_loss=4.426, ntokens=320, nsentences=64, sample_size=320, sample_size_v1=0, sample_size_v2=0, ppl=21.5, wps=78.5, ups=0.25, wpb=320, bsz=64, num_updates=6120, lr=3.58559e-05, gnorm=2.486, clip=100, loss_scale=256, train_wall=40, gb_free=7.4, wall=35999
2023-03-28 07:44:30 - progress_bar.py[line:272] - INFO: epoch 004:    506 / 1878 loss=5.386, loss_v1=0, loss_v2=0, nll_loss=4.505, ntokens=320, nsentences=64, sample_size=320, sample_size_v1=0, sample_size_v2=0, ppl=22.71, wps=78.4, ups=0.24, wpb=320, bsz=64, num_updates=6130, lr=3.58276e-05, gnorm=2.46, clip=100, loss_scale=256, train_wall=41, gb_free=7.4, wall=36040
2023-03-28 07:45:11 - progress_bar.py[line:272] - INFO: epoch 004:    516 / 1878 loss=5.36, loss_v1=0, loss_v2=0, nll_loss=4.472, ntokens=320, nsentences=64, sample_size=320, sample_size_v1=0, sample_size_v2=0, ppl=22.2, wps=78.3, ups=0.24, wpb=320, bsz=64, num_updates=6140, lr=3.57993e-05, gnorm=2.49, clip=100, loss_scale=256, train_wall=41, gb_free=7.4, wall=36081
2023-03-28 07:45:52 - progress_bar.py[line:272] - INFO: epoch 004:    526 / 1878 loss=5.419, loss_v1=0, loss_v2=0, nll_loss=4.546, ntokens=320, nsentences=64, sample_size=320, sample_size_v1=0, sample_size_v2=0, ppl=23.36, wps=78.1, ups=0.24, wpb=320, bsz=64, num_updates=6150, lr=3.57709e-05, gnorm=2.545, clip=100, loss_scale=256, train_wall=41, gb_free=7.4, wall=36122
2023-03-28 07:46:33 - progress_bar.py[line:272] - INFO: epoch 004:    536 / 1878 loss=5.35, loss_v1=0, loss_v2=0, nll_loss=4.465, ntokens=320, nsentences=64, sample_size=320, sample_size_v1=0, sample_size_v2=0, ppl=22.09, wps=78.1, ups=0.24, wpb=320, bsz=64, num_updates=6160, lr=3.57426e-05, gnorm=2.796, clip=100, loss_scale=256, train_wall=41, gb_free=7.4, wall=36163
2023-03-28 07:47:14 - progress_bar.py[line:272] - INFO: epoch 004:    546 / 1878 loss=5.364, loss_v1=0, loss_v2=0, nll_loss=4.48, ntokens=320, nsentences=64, sample_size=320, sample_size_v1=0, sample_size_v2=0, ppl=22.32, wps=78.1, ups=0.24, wpb=320, bsz=64, num_updates=6170, lr=3.57143e-05, gnorm=2.563, clip=100, loss_scale=256, train_wall=41, gb_free=7.4, wall=36204
2023-03-28 07:47:54 - progress_bar.py[line:272] - INFO: epoch 004:    556 / 1878 loss=5.34, loss_v1=0, loss_v2=0, nll_loss=4.448, ntokens=320, nsentences=64, sample_size=320, sample_size_v1=0, sample_size_v2=0, ppl=21.82, wps=78.4, ups=0.25, wpb=320, bsz=64, num_updates=6180, lr=3.5686e-05, gnorm=2.464, clip=100, loss_scale=256, train_wall=41, gb_free=7.4, wall=36245
2023-03-28 07:48:35 - progress_bar.py[line:272] - INFO: epoch 004:    566 / 1878 loss=5.299, loss_v1=0, loss_v2=0, nll_loss=4.408, ntokens=320, nsentences=64, sample_size=320, sample_size_v1=0, sample_size_v2=0, ppl=21.23, wps=78.3, ups=0.24, wpb=320, bsz=64, num_updates=6190, lr=3.56576e-05, gnorm=2.436, clip=100, loss_scale=256, train_wall=41, gb_free=7.4, wall=36286
2023-03-28 07:49:16 - progress_bar.py[line:272] - INFO: epoch 004:    576 / 1878 loss=5.349, loss_v1=0, loss_v2=0, nll_loss=4.463, ntokens=320, nsentences=64, sample_size=320, sample_size_v1=0, sample_size_v2=0, ppl=22.06, wps=78.2, ups=0.24, wpb=320, bsz=64, num_updates=6200, lr=3.56293e-05, gnorm=2.421, clip=100, loss_scale=256, train_wall=41, gb_free=7.4, wall=36327
2023-03-28 07:49:57 - progress_bar.py[line:272] - INFO: epoch 004:    586 / 1878 loss=5.395, loss_v1=0, loss_v2=0, nll_loss=4.516, ntokens=320, nsentences=64, sample_size=320, sample_size_v1=0, sample_size_v2=0, ppl=22.88, wps=78.2, ups=0.24, wpb=320, bsz=64, num_updates=6210, lr=3.5601e-05, gnorm=2.484, clip=100, loss_scale=256, train_wall=41, gb_free=7.4, wall=36368
2023-03-28 07:50:38 - progress_bar.py[line:272] - INFO: epoch 004:    596 / 1878 loss=5.327, loss_v1=0, loss_v2=0, nll_loss=4.435, ntokens=320, nsentences=64, sample_size=320, sample_size_v1=0, sample_size_v2=0, ppl=21.63, wps=78.1, ups=0.24, wpb=320, bsz=64, num_updates=6220, lr=3.55727e-05, gnorm=2.462, clip=100, loss_scale=256, train_wall=41, gb_free=7.4, wall=36409
2023-03-28 07:51:19 - progress_bar.py[line:272] - INFO: epoch 004:    606 / 1878 loss=5.387, loss_v1=0, loss_v2=0, nll_loss=4.503, ntokens=320, nsentences=64, sample_size=320, sample_size_v1=0, sample_size_v2=0, ppl=22.68, wps=78.4, ups=0.24, wpb=320, bsz=64, num_updates=6230, lr=3.55444e-05, gnorm=2.568, clip=100, loss_scale=256, train_wall=40, gb_free=7.4, wall=36449
2023-03-28 07:52:00 - progress_bar.py[line:272] - INFO: epoch 004:    616 / 1878 loss=5.387, loss_v1=0, loss_v2=0, nll_loss=4.506, ntokens=320, nsentences=64, sample_size=320, sample_size_v1=0, sample_size_v2=0, ppl=22.72, wps=78.4, ups=0.25, wpb=320, bsz=64, num_updates=6240, lr=3.5516e-05, gnorm=2.51, clip=100, loss_scale=256, train_wall=41, gb_free=7.4, wall=36490
2023-03-28 07:52:41 - progress_bar.py[line:272] - INFO: epoch 004:    626 / 1878 loss=5.381, loss_v1=0, loss_v2=0, nll_loss=4.504, ntokens=320, nsentences=64, sample_size=320, sample_size_v1=0, sample_size_v2=0, ppl=22.69, wps=78.1, ups=0.24, wpb=320, bsz=64, num_updates=6250, lr=3.54877e-05, gnorm=2.52, clip=100, loss_scale=256, train_wall=41, gb_free=7.4, wall=36531
2023-03-28 07:53:22 - progress_bar.py[line:272] - INFO: epoch 004:    636 / 1878 loss=5.375, loss_v1=0, loss_v2=0, nll_loss=4.491, ntokens=320, nsentences=64, sample_size=320, sample_size_v1=0, sample_size_v2=0, ppl=22.49, wps=78.1, ups=0.24, wpb=320, bsz=64, num_updates=6260, lr=3.54594e-05, gnorm=2.466, clip=100, loss_scale=256, train_wall=41, gb_free=7.4, wall=36572
2023-03-28 07:54:02 - progress_bar.py[line:272] - INFO: epoch 004:    646 / 1878 loss=5.358, loss_v1=0, loss_v2=0, nll_loss=4.467, ntokens=320, nsentences=64, sample_size=320, sample_size_v1=0, sample_size_v2=0, ppl=22.12, wps=78.6, ups=0.25, wpb=320, bsz=64, num_updates=6270, lr=3.54311e-05, gnorm=2.528, clip=100, loss_scale=256, train_wall=40, gb_free=7.4, wall=36613
2023-03-28 07:54:43 - progress_bar.py[line:272] - INFO: epoch 004:    656 / 1878 loss=5.395, loss_v1=0, loss_v2=0, nll_loss=4.516, ntokens=320, nsentences=64, sample_size=320, sample_size_v1=0, sample_size_v2=0, ppl=22.88, wps=78.5, ups=0.25, wpb=320, bsz=64, num_updates=6280, lr=3.54027e-05, gnorm=2.454, clip=100, loss_scale=256, train_wall=41, gb_free=7.4, wall=36654
2023-03-28 07:55:24 - progress_bar.py[line:272] - INFO: epoch 004:    666 / 1878 loss=5.347, loss_v1=0, loss_v2=0, nll_loss=4.462, ntokens=320, nsentences=64, sample_size=320, sample_size_v1=0, sample_size_v2=0, ppl=22.04, wps=78.1, ups=0.24, wpb=320, bsz=64, num_updates=6290, lr=3.53744e-05, gnorm=2.504, clip=100, loss_scale=256, train_wall=41, gb_free=7.4, wall=36695
2023-03-28 07:56:05 - progress_bar.py[line:272] - INFO: epoch 004:    676 / 1878 loss=5.357, loss_v1=0, loss_v2=0, nll_loss=4.473, ntokens=320, nsentences=64, sample_size=320, sample_size_v1=0, sample_size_v2=0, ppl=22.21, wps=78.1, ups=0.24, wpb=320, bsz=64, num_updates=6300, lr=3.53461e-05, gnorm=2.464, clip=100, loss_scale=256, train_wall=41, gb_free=7.4, wall=36736
2023-03-28 07:56:46 - progress_bar.py[line:272] - INFO: epoch 004:    686 / 1878 loss=5.385, loss_v1=0, loss_v2=0, nll_loss=4.502, ntokens=320, nsentences=64, sample_size=320, sample_size_v1=0, sample_size_v2=0, ppl=22.66, wps=77.8, ups=0.24, wpb=320, bsz=64, num_updates=6310, lr=3.53178e-05, gnorm=2.459, clip=100, loss_scale=256, train_wall=41, gb_free=7.4, wall=36777
2023-03-28 07:57:27 - progress_bar.py[line:272] - INFO: epoch 004:    696 / 1878 loss=5.341, loss_v1=0, loss_v2=0, nll_loss=4.455, ntokens=320, nsentences=64, sample_size=320, sample_size_v1=0, sample_size_v2=0, ppl=21.94, wps=78.1, ups=0.24, wpb=320, bsz=64, num_updates=6320, lr=3.52895e-05, gnorm=2.428, clip=100, loss_scale=256, train_wall=41, gb_free=7.4, wall=36818
2023-03-28 07:58:08 - progress_bar.py[line:272] - INFO: epoch 004:    706 / 1878 loss=5.355, loss_v1=0, loss_v2=0, nll_loss=4.474, ntokens=320, nsentences=64, sample_size=320, sample_size_v1=0, sample_size_v2=0, ppl=22.22, wps=77.8, ups=0.24, wpb=320, bsz=64, num_updates=6330, lr=3.52611e-05, gnorm=2.456, clip=100, loss_scale=256, train_wall=41, gb_free=7.4, wall=36859
2023-03-28 07:58:49 - progress_bar.py[line:272] - INFO: epoch 004:    716 / 1878 loss=5.299, loss_v1=0, loss_v2=0, nll_loss=4.4, ntokens=320, nsentences=64, sample_size=320, sample_size_v1=0, sample_size_v2=0, ppl=21.11, wps=78.5, ups=0.25, wpb=320, bsz=64, num_updates=6340, lr=3.52328e-05, gnorm=2.529, clip=100, loss_scale=256, train_wall=41, gb_free=7.4, wall=36900
2023-03-28 07:59:30 - progress_bar.py[line:272] - INFO: epoch 004:    726 / 1878 loss=5.347, loss_v1=0, loss_v2=0, nll_loss=4.457, ntokens=320, nsentences=64, sample_size=320, sample_size_v1=0, sample_size_v2=0, ppl=21.97, wps=78.4, ups=0.24, wpb=320, bsz=64, num_updates=6350, lr=3.52045e-05, gnorm=2.519, clip=100, loss_scale=256, train_wall=41, gb_free=7.4, wall=36940
2023-03-28 08:00:11 - progress_bar.py[line:272] - INFO: epoch 004:    736 / 1878 loss=5.344, loss_v1=0, loss_v2=0, nll_loss=4.463, ntokens=320, nsentences=64, sample_size=320, sample_size_v1=0, sample_size_v2=0, ppl=22.06, wps=78.3, ups=0.24, wpb=320, bsz=64, num_updates=6360, lr=3.51762e-05, gnorm=2.419, clip=100, loss_scale=256, train_wall=41, gb_free=7.4, wall=36981
2023-03-28 08:00:52 - progress_bar.py[line:272] - INFO: epoch 004:    746 / 1878 loss=5.334, loss_v1=0, loss_v2=0, nll_loss=4.444, ntokens=320, nsentences=64, sample_size=320, sample_size_v1=0, sample_size_v2=0, ppl=21.77, wps=78.4, ups=0.24, wpb=320, bsz=64, num_updates=6370, lr=3.51478e-05, gnorm=2.394, clip=100, loss_scale=256, train_wall=41, gb_free=7.4, wall=37022
2023-03-28 08:01:32 - progress_bar.py[line:272] - INFO: epoch 004:    756 / 1878 loss=5.288, loss_v1=0, loss_v2=0, nll_loss=4.392, ntokens=320, nsentences=64, sample_size=320, sample_size_v1=0, sample_size_v2=0, ppl=20.99, wps=78.4, ups=0.24, wpb=320, bsz=64, num_updates=6380, lr=3.51195e-05, gnorm=2.41, clip=100, loss_scale=256, train_wall=41, gb_free=7.4, wall=37063
2023-03-28 08:02:13 - progress_bar.py[line:272] - INFO: epoch 004:    766 / 1878 loss=5.332, loss_v1=0, loss_v2=0, nll_loss=4.452, ntokens=320, nsentences=64, sample_size=320, sample_size_v1=0, sample_size_v2=0, ppl=21.89, wps=78.5, ups=0.25, wpb=320, bsz=64, num_updates=6390, lr=3.50912e-05, gnorm=2.355, clip=100, loss_scale=256, train_wall=41, gb_free=7.4, wall=37104
2023-03-28 08:02:54 - progress_bar.py[line:272] - INFO: epoch 004:    776 / 1878 loss=5.314, loss_v1=0, loss_v2=0, nll_loss=4.421, ntokens=320, nsentences=64, sample_size=320, sample_size_v1=0, sample_size_v2=0, ppl=21.42, wps=78.4, ups=0.25, wpb=320, bsz=64, num_updates=6400, lr=3.50629e-05, gnorm=2.346, clip=100, loss_scale=256, train_wall=41, gb_free=7.4, wall=37145
2023-03-28 08:03:35 - progress_bar.py[line:272] - INFO: epoch 004:    786 / 1878 loss=5.297, loss_v1=0, loss_v2=0, nll_loss=4.399, ntokens=320, nsentences=64, sample_size=320, sample_size_v1=0, sample_size_v2=0, ppl=21.1, wps=78.4, ups=0.25, wpb=320, bsz=64, num_updates=6410, lr=3.50346e-05, gnorm=2.38, clip=100, loss_scale=256, train_wall=41, gb_free=7.4, wall=37185
2023-03-28 08:04:16 - progress_bar.py[line:272] - INFO: epoch 004:    796 / 1878 loss=5.297, loss_v1=0, loss_v2=0, nll_loss=4.404, ntokens=320, nsentences=64, sample_size=320, sample_size_v1=0, sample_size_v2=0, ppl=21.17, wps=78, ups=0.24, wpb=320, bsz=64, num_updates=6420, lr=3.50062e-05, gnorm=2.443, clip=100, loss_scale=256, train_wall=41, gb_free=7.4, wall=37226
2023-03-28 08:04:57 - progress_bar.py[line:272] - INFO: epoch 004:    806 / 1878 loss=5.297, loss_v1=0, loss_v2=0, nll_loss=4.407, ntokens=320, nsentences=64, sample_size=320, sample_size_v1=0, sample_size_v2=0, ppl=21.21, wps=78.1, ups=0.24, wpb=320, bsz=64, num_updates=6430, lr=3.49779e-05, gnorm=2.436, clip=100, loss_scale=256, train_wall=41, gb_free=7.4, wall=37267
2023-03-28 08:05:38 - progress_bar.py[line:272] - INFO: epoch 004:    816 / 1878 loss=5.319, loss_v1=0, loss_v2=0, nll_loss=4.429, ntokens=320, nsentences=64, sample_size=320, sample_size_v1=0, sample_size_v2=0, ppl=21.54, wps=78, ups=0.24, wpb=320, bsz=64, num_updates=6440, lr=3.49496e-05, gnorm=2.358, clip=100, loss_scale=256, train_wall=41, gb_free=7.4, wall=37308
2023-03-28 08:06:18 - progress_bar.py[line:272] - INFO: epoch 004:    826 / 1878 loss=5.346, loss_v1=0, loss_v2=0, nll_loss=4.455, ntokens=320, nsentences=64, sample_size=320, sample_size_v1=0, sample_size_v2=0, ppl=21.94, wps=78.7, ups=0.25, wpb=320, bsz=64, num_updates=6450, lr=3.49213e-05, gnorm=2.449, clip=100, loss_scale=256, train_wall=40, gb_free=7.4, wall=37349
2023-03-28 08:06:59 - progress_bar.py[line:272] - INFO: epoch 004:    836 / 1878 loss=5.311, loss_v1=0, loss_v2=0, nll_loss=4.422, ntokens=320, nsentences=64, sample_size=320, sample_size_v1=0, sample_size_v2=0, ppl=21.44, wps=78.6, ups=0.25, wpb=320, bsz=64, num_updates=6460, lr=3.48929e-05, gnorm=2.375, clip=100, loss_scale=256, train_wall=41, gb_free=7.4, wall=37390
2023-03-28 08:07:40 - progress_bar.py[line:272] - INFO: epoch 004:    846 / 1878 loss=5.326, loss_v1=0, loss_v2=0, nll_loss=4.434, ntokens=320, nsentences=64, sample_size=320, sample_size_v1=0, sample_size_v2=0, ppl=21.61, wps=78.3, ups=0.24, wpb=320, bsz=64, num_updates=6470, lr=3.48646e-05, gnorm=2.415, clip=100, loss_scale=256, train_wall=41, gb_free=7.4, wall=37431
2023-03-28 08:08:21 - progress_bar.py[line:272] - INFO: epoch 004:    856 / 1878 loss=5.332, loss_v1=0, loss_v2=0, nll_loss=4.443, ntokens=320, nsentences=64, sample_size=320, sample_size_v1=0, sample_size_v2=0, ppl=21.75, wps=77.8, ups=0.24, wpb=320, bsz=64, num_updates=6480, lr=3.48363e-05, gnorm=2.351, clip=100, loss_scale=256, train_wall=41, gb_free=7.4, wall=37472
2023-03-28 08:09:02 - progress_bar.py[line:272] - INFO: epoch 004:    866 / 1878 loss=5.303, loss_v1=0, loss_v2=0, nll_loss=4.409, ntokens=320, nsentences=64, sample_size=320, sample_size_v1=0, sample_size_v2=0, ppl=21.25, wps=78.4, ups=0.25, wpb=320, bsz=64, num_updates=6490, lr=3.4808e-05, gnorm=2.446, clip=100, loss_scale=256, train_wall=41, gb_free=7.4, wall=37512
2023-03-28 08:09:43 - progress_bar.py[line:272] - INFO: epoch 004:    876 / 1878 loss=5.33, loss_v1=0, loss_v2=0, nll_loss=4.444, ntokens=320, nsentences=64, sample_size=320, sample_size_v1=0, sample_size_v2=0, ppl=21.76, wps=78.4, ups=0.24, wpb=320, bsz=64, num_updates=6500, lr=3.47797e-05, gnorm=2.392, clip=100, loss_scale=256, train_wall=41, gb_free=7.4, wall=37553
2023-03-28 08:09:43 - train.py[line:445] - INFO: begin validation on "valid" subset
slice_id 0 seek offset 0
slice_id 1 seek offset 5379
slice_id 0 seek offset 0
slice_id 1 seek offset 5379
2023-03-28 08:21:04 - progress_bar.py[line:282] - INFO: epoch 004 | valid on 'valid' subset | loss 5.662 | loss_v1 0 | loss_v2 0 | nll_loss 4.8 | ntokens 39.993 | nsentences 7.999 | sample_size 39.993 | sample_size_v1 0 | sample_size_v2 0 | ppl 27.85 | score 0.1062 | wps 79 | wpb 40 | bsz 8 | num_updates 6500 | best_score 0.1062
2023-03-28 08:21:04 - checkpoint_utils.py[line:64] - INFO: Preparing to save checkpoint for epoch 4 @ 6500 updates
2023-03-28 08:21:04 - trainer.py[line:431] - INFO: Saving checkpoint to ./refcocoplus_scratch_checkpoints/10_5e-5_512/checkpoint_4_6500.pt
2023-03-28 08:21:23 - trainer.py[line:441] - INFO: Finished saving checkpoint to ./refcocoplus_scratch_checkpoints/10_5e-5_512/checkpoint_4_6500.pt
2023-03-28 08:21:53 - checkpoint_utils.py[line:133] - INFO: Saved checkpoint ./refcocoplus_scratch_checkpoints/10_5e-5_512/checkpoint_4_6500.pt (epoch 4 @ 6500 updates, score 0.1062) (writing took 49.1610585199669 seconds)
2023-03-28 08:22:34 - progress_bar.py[line:272] - INFO: epoch 004:    886 / 1878 loss=5.334, loss_v1=0, loss_v2=0, nll_loss=4.45, ntokens=320, nsentences=64, sample_size=320, sample_size_v1=0, sample_size_v2=0, ppl=21.85, wps=4.2, ups=0.01, wpb=320, bsz=64, num_updates=6510, lr=3.47513e-05, gnorm=2.445, clip=100, loss_scale=256, train_wall=40, gb_free=7.4, wall=38324
2023-03-28 08:23:15 - progress_bar.py[line:272] - INFO: epoch 004:    896 / 1878 loss=5.309, loss_v1=0, loss_v2=0, nll_loss=4.417, ntokens=320, nsentences=64, sample_size=320, sample_size_v1=0, sample_size_v2=0, ppl=21.36, wps=78.1, ups=0.24, wpb=320, bsz=64, num_updates=6520, lr=3.4723e-05, gnorm=2.38, clip=100, loss_scale=256, train_wall=41, gb_free=7.4, wall=38365
2023-03-28 08:23:56 - progress_bar.py[line:272] - INFO: epoch 004:    906 / 1878 loss=5.304, loss_v1=0, loss_v2=0, nll_loss=4.408, ntokens=320, nsentences=64, sample_size=320, sample_size_v1=0, sample_size_v2=0, ppl=21.23, wps=78, ups=0.24, wpb=320, bsz=64, num_updates=6530, lr=3.46947e-05, gnorm=2.382, clip=100, loss_scale=256, train_wall=41, gb_free=7.4, wall=38406
2023-03-28 08:24:37 - progress_bar.py[line:272] - INFO: epoch 004:    916 / 1878 loss=5.295, loss_v1=0, loss_v2=0, nll_loss=4.405, ntokens=320, nsentences=64, sample_size=320, sample_size_v1=0, sample_size_v2=0, ppl=21.18, wps=78.3, ups=0.24, wpb=320, bsz=64, num_updates=6540, lr=3.46664e-05, gnorm=2.538, clip=100, loss_scale=256, train_wall=41, gb_free=7.4, wall=38447
2023-03-28 08:25:17 - progress_bar.py[line:272] - INFO: epoch 004:    926 / 1878 loss=5.342, loss_v1=0, loss_v2=0, nll_loss=4.455, ntokens=320, nsentences=64, sample_size=320, sample_size_v1=0, sample_size_v2=0, ppl=21.93, wps=78.4, ups=0.24, wpb=320, bsz=64, num_updates=6550, lr=3.4638e-05, gnorm=2.472, clip=100, loss_scale=256, train_wall=41, gb_free=7.4, wall=38488
2023-03-28 08:25:58 - progress_bar.py[line:272] - INFO: epoch 004:    936 / 1878 loss=5.271, loss_v1=0, loss_v2=0, nll_loss=4.375, ntokens=320, nsentences=64, sample_size=320, sample_size_v1=0, sample_size_v2=0, ppl=20.75, wps=78.3, ups=0.24, wpb=320, bsz=64, num_updates=6560, lr=3.46097e-05, gnorm=2.445, clip=100, loss_scale=256, train_wall=41, gb_free=7.4, wall=38529
2023-03-28 08:26:39 - progress_bar.py[line:272] - INFO: epoch 004:    946 / 1878 loss=5.283, loss_v1=0, loss_v2=0, nll_loss=4.388, ntokens=320, nsentences=64, sample_size=320, sample_size_v1=0, sample_size_v2=0, ppl=20.94, wps=78.4, ups=0.24, wpb=320, bsz=64, num_updates=6570, lr=3.45814e-05, gnorm=2.39, clip=100, loss_scale=256, train_wall=41, gb_free=7.4, wall=38570
2023-03-28 08:27:20 - progress_bar.py[line:272] - INFO: epoch 004:    956 / 1878 loss=5.313, loss_v1=0, loss_v2=0, nll_loss=4.418, ntokens=320, nsentences=64, sample_size=320, sample_size_v1=0, sample_size_v2=0, ppl=21.37, wps=78.4, ups=0.24, wpb=320, bsz=64, num_updates=6580, lr=3.45531e-05, gnorm=2.379, clip=100, loss_scale=256, train_wall=41, gb_free=7.4, wall=38611
2023-03-28 08:28:01 - progress_bar.py[line:272] - INFO: epoch 004:    966 / 1878 loss=5.302, loss_v1=0, loss_v2=0, nll_loss=4.411, ntokens=320, nsentences=64, sample_size=320, sample_size_v1=0, sample_size_v2=0, ppl=21.27, wps=78.5, ups=0.25, wpb=320, bsz=64, num_updates=6590, lr=3.45248e-05, gnorm=2.471, clip=100, loss_scale=512, train_wall=41, gb_free=7.4, wall=38651
2023-03-28 08:28:42 - progress_bar.py[line:272] - INFO: epoch 004:    976 / 1878 loss=5.323, loss_v1=0, loss_v2=0, nll_loss=4.436, ntokens=320, nsentences=64, sample_size=320, sample_size_v1=0, sample_size_v2=0, ppl=21.65, wps=78.3, ups=0.24, wpb=320, bsz=64, num_updates=6600, lr=3.44964e-05, gnorm=2.439, clip=100, loss_scale=512, train_wall=41, gb_free=7.4, wall=38692
2023-03-28 08:29:22 - progress_bar.py[line:272] - INFO: epoch 004:    986 / 1878 loss=5.274, loss_v1=0, loss_v2=0, nll_loss=4.377, ntokens=320, nsentences=64, sample_size=320, sample_size_v1=0, sample_size_v2=0, ppl=20.78, wps=78.3, ups=0.24, wpb=320, bsz=64, num_updates=6610, lr=3.44681e-05, gnorm=2.361, clip=100, loss_scale=512, train_wall=41, gb_free=7.4, wall=38733
2023-03-28 08:30:03 - progress_bar.py[line:272] - INFO: epoch 004:    996 / 1878 loss=5.34, loss_v1=0, loss_v2=0, nll_loss=4.452, ntokens=320, nsentences=64, sample_size=320, sample_size_v1=0, sample_size_v2=0, ppl=21.88, wps=78.3, ups=0.24, wpb=320, bsz=64, num_updates=6620, lr=3.44398e-05, gnorm=2.46, clip=100, loss_scale=512, train_wall=41, gb_free=7.4, wall=38774
2023-03-28 08:30:16 - trainer.py[line:921] - INFO: NOTE: gradient overflow detected, ignoring gradient, setting loss scale to: 256.0
2023-03-28 08:30:48 - progress_bar.py[line:272] - INFO: epoch 004:   1007 / 1878 loss=5.344, loss_v1=0, loss_v2=0, nll_loss=4.457, ntokens=320, nsentences=64, sample_size=320, sample_size_v1=0, sample_size_v2=0, ppl=21.97, wps=71.1, ups=0.22, wpb=320, bsz=64, num_updates=6630, lr=3.44115e-05, gnorm=2.453, clip=100, loss_scale=256, train_wall=45, gb_free=7.4, wall=38819
2023-03-28 08:31:29 - progress_bar.py[line:272] - INFO: epoch 004:   1017 / 1878 loss=5.297, loss_v1=0, loss_v2=0, nll_loss=4.402, ntokens=320, nsentences=64, sample_size=320, sample_size_v1=0, sample_size_v2=0, ppl=21.15, wps=78.4, ups=0.24, wpb=320, bsz=64, num_updates=6640, lr=3.43831e-05, gnorm=2.493, clip=100, loss_scale=256, train_wall=41, gb_free=7.4, wall=38860
2023-03-28 08:32:11 - progress_bar.py[line:272] - INFO: epoch 004:   1027 / 1878 loss=5.331, loss_v1=0, loss_v2=0, nll_loss=4.442, ntokens=320, nsentences=64, sample_size=320, sample_size_v1=0, sample_size_v2=0, ppl=21.74, wps=77.4, ups=0.24, wpb=320, bsz=64, num_updates=6650, lr=3.43548e-05, gnorm=2.461, clip=100, loss_scale=256, train_wall=41, gb_free=7.4, wall=38901
2023-03-28 08:32:52 - progress_bar.py[line:272] - INFO: epoch 004:   1037 / 1878 loss=5.293, loss_v1=0, loss_v2=0, nll_loss=4.4, ntokens=320, nsentences=64, sample_size=320, sample_size_v1=0, sample_size_v2=0, ppl=21.11, wps=78.2, ups=0.24, wpb=320, bsz=64, num_updates=6660, lr=3.43265e-05, gnorm=2.455, clip=100, loss_scale=256, train_wall=41, gb_free=7.4, wall=38942
2023-03-28 08:33:32 - progress_bar.py[line:272] - INFO: epoch 004:   1047 / 1878 loss=5.291, loss_v1=0, loss_v2=0, nll_loss=4.4, ntokens=320, nsentences=64, sample_size=320, sample_size_v1=0, sample_size_v2=0, ppl=21.11, wps=78.6, ups=0.25, wpb=320, bsz=64, num_updates=6670, lr=3.42982e-05, gnorm=2.416, clip=100, loss_scale=256, train_wall=40, gb_free=7.4, wall=38983
2023-03-28 08:34:13 - progress_bar.py[line:272] - INFO: epoch 004:   1057 / 1878 loss=5.332, loss_v1=0, loss_v2=0, nll_loss=4.441, ntokens=320, nsentences=64, sample_size=320, sample_size_v1=0, sample_size_v2=0, ppl=21.71, wps=78, ups=0.24, wpb=320, bsz=64, num_updates=6680, lr=3.42699e-05, gnorm=2.437, clip=100, loss_scale=256, train_wall=41, gb_free=7.4, wall=39024
2023-03-28 08:34:54 - progress_bar.py[line:272] - INFO: epoch 004:   1067 / 1878 loss=5.304, loss_v1=0, loss_v2=0, nll_loss=4.416, ntokens=320, nsentences=64, sample_size=320, sample_size_v1=0, sample_size_v2=0, ppl=21.35, wps=78.2, ups=0.24, wpb=320, bsz=64, num_updates=6690, lr=3.42415e-05, gnorm=2.472, clip=100, loss_scale=256, train_wall=41, gb_free=7.4, wall=39065
2023-03-28 08:35:35 - progress_bar.py[line:272] - INFO: epoch 004:   1077 / 1878 loss=5.266, loss_v1=0, loss_v2=0, nll_loss=4.373, ntokens=320, nsentences=64, sample_size=320, sample_size_v1=0, sample_size_v2=0, ppl=20.71, wps=77.9, ups=0.24, wpb=320, bsz=64, num_updates=6700, lr=3.42132e-05, gnorm=2.407, clip=100, loss_scale=256, train_wall=41, gb_free=7.4, wall=39106
2023-03-28 08:36:16 - progress_bar.py[line:272] - INFO: epoch 004:   1087 / 1878 loss=5.289, loss_v1=0, loss_v2=0, nll_loss=4.397, ntokens=320, nsentences=64, sample_size=320, sample_size_v1=0, sample_size_v2=0, ppl=21.07, wps=78, ups=0.24, wpb=320, bsz=64, num_updates=6710, lr=3.41849e-05, gnorm=2.62, clip=100, loss_scale=256, train_wall=41, gb_free=7.4, wall=39147
2023-03-28 08:36:57 - progress_bar.py[line:272] - INFO: epoch 004:   1097 / 1878 loss=5.278, loss_v1=0, loss_v2=0, nll_loss=4.378, ntokens=320, nsentences=64, sample_size=320, sample_size_v1=0, sample_size_v2=0, ppl=20.79, wps=78, ups=0.24, wpb=320, bsz=64, num_updates=6720, lr=3.41566e-05, gnorm=2.438, clip=100, loss_scale=256, train_wall=41, gb_free=7.4, wall=39188
2023-03-28 08:37:38 - progress_bar.py[line:272] - INFO: epoch 004:   1107 / 1878 loss=5.288, loss_v1=0, loss_v2=0, nll_loss=4.394, ntokens=320, nsentences=64, sample_size=320, sample_size_v1=0, sample_size_v2=0, ppl=21.03, wps=78.1, ups=0.24, wpb=320, bsz=64, num_updates=6730, lr=3.41282e-05, gnorm=2.526, clip=100, loss_scale=256, train_wall=41, gb_free=7.4, wall=39229
2023-03-28 08:38:19 - progress_bar.py[line:272] - INFO: epoch 004:   1117 / 1878 loss=5.264, loss_v1=0, loss_v2=0, nll_loss=4.37, ntokens=320, nsentences=64, sample_size=320, sample_size_v1=0, sample_size_v2=0, ppl=20.68, wps=77.7, ups=0.24, wpb=320, bsz=64, num_updates=6740, lr=3.40999e-05, gnorm=2.423, clip=100, loss_scale=256, train_wall=41, gb_free=7.4, wall=39270
2023-03-28 08:39:00 - progress_bar.py[line:272] - INFO: epoch 004:   1127 / 1878 loss=5.258, loss_v1=0, loss_v2=0, nll_loss=4.364, ntokens=320, nsentences=64, sample_size=320, sample_size_v1=0, sample_size_v2=0, ppl=20.6, wps=78.1, ups=0.24, wpb=320, bsz=64, num_updates=6750, lr=3.40716e-05, gnorm=2.456, clip=100, loss_scale=256, train_wall=41, gb_free=7.4, wall=39311
2023-03-28 08:39:41 - progress_bar.py[line:272] - INFO: epoch 004:   1137 / 1878 loss=5.292, loss_v1=0, loss_v2=0, nll_loss=4.392, ntokens=320, nsentences=64, sample_size=320, sample_size_v1=0, sample_size_v2=0, ppl=21, wps=78.3, ups=0.24, wpb=320, bsz=64, num_updates=6760, lr=3.40433e-05, gnorm=2.509, clip=100, loss_scale=256, train_wall=41, gb_free=7.4, wall=39352
2023-03-28 08:40:22 - progress_bar.py[line:272] - INFO: epoch 004:   1147 / 1878 loss=5.28, loss_v1=0, loss_v2=0, nll_loss=4.384, ntokens=320, nsentences=64, sample_size=320, sample_size_v1=0, sample_size_v2=0, ppl=20.89, wps=78.5, ups=0.25, wpb=320, bsz=64, num_updates=6770, lr=3.4015e-05, gnorm=2.588, clip=100, loss_scale=256, train_wall=41, gb_free=7.4, wall=39393
2023-03-28 08:41:03 - progress_bar.py[line:272] - INFO: epoch 004:   1157 / 1878 loss=5.343, loss_v1=0, loss_v2=0, nll_loss=4.46, ntokens=320, nsentences=64, sample_size=320, sample_size_v1=0, sample_size_v2=0, ppl=22.01, wps=78, ups=0.24, wpb=320, bsz=64, num_updates=6780, lr=3.39866e-05, gnorm=2.522, clip=100, loss_scale=256, train_wall=41, gb_free=7.4, wall=39434
2023-03-28 08:41:44 - progress_bar.py[line:272] - INFO: epoch 004:   1167 / 1878 loss=5.266, loss_v1=0, loss_v2=0, nll_loss=4.369, ntokens=320, nsentences=64, sample_size=320, sample_size_v1=0, sample_size_v2=0, ppl=20.66, wps=78.4, ups=0.24, wpb=320, bsz=64, num_updates=6790, lr=3.39583e-05, gnorm=2.42, clip=100, loss_scale=256, train_wall=41, gb_free=7.4, wall=39475
2023-03-28 08:42:25 - progress_bar.py[line:272] - INFO: epoch 004:   1177 / 1878 loss=5.314, loss_v1=0, loss_v2=0, nll_loss=4.422, ntokens=320, nsentences=64, sample_size=320, sample_size_v1=0, sample_size_v2=0, ppl=21.44, wps=77.8, ups=0.24, wpb=320, bsz=64, num_updates=6800, lr=3.393e-05, gnorm=2.481, clip=100, loss_scale=256, train_wall=41, gb_free=7.4, wall=39516
2023-03-28 08:43:06 - progress_bar.py[line:272] - INFO: epoch 004:   1187 / 1878 loss=5.287, loss_v1=0, loss_v2=0, nll_loss=4.392, ntokens=320, nsentences=64, sample_size=320, sample_size_v1=0, sample_size_v2=0, ppl=21, wps=77.8, ups=0.24, wpb=320, bsz=64, num_updates=6810, lr=3.39017e-05, gnorm=2.507, clip=100, loss_scale=256, train_wall=41, gb_free=7.4, wall=39557
2023-03-28 08:43:47 - progress_bar.py[line:272] - INFO: epoch 004:   1197 / 1878 loss=5.322, loss_v1=0, loss_v2=0, nll_loss=4.435, ntokens=320, nsentences=64, sample_size=320, sample_size_v1=0, sample_size_v2=0, ppl=21.64, wps=77.7, ups=0.24, wpb=320, bsz=64, num_updates=6820, lr=3.38733e-05, gnorm=2.566, clip=100, loss_scale=256, train_wall=41, gb_free=7.4, wall=39598
2023-03-28 08:44:29 - progress_bar.py[line:272] - INFO: epoch 004:   1207 / 1878 loss=5.285, loss_v1=0, loss_v2=0, nll_loss=4.39, ntokens=320, nsentences=64, sample_size=320, sample_size_v1=0, sample_size_v2=0, ppl=20.97, wps=77.4, ups=0.24, wpb=320, bsz=64, num_updates=6830, lr=3.3845e-05, gnorm=2.504, clip=100, loss_scale=256, train_wall=41, gb_free=7.4, wall=39639
2023-03-28 08:45:10 - progress_bar.py[line:272] - INFO: epoch 004:   1217 / 1878 loss=5.246, loss_v1=0, loss_v2=0, nll_loss=4.345, ntokens=320, nsentences=64, sample_size=320, sample_size_v1=0, sample_size_v2=0, ppl=20.32, wps=78.2, ups=0.24, wpb=320, bsz=64, num_updates=6840, lr=3.38167e-05, gnorm=2.499, clip=100, loss_scale=256, train_wall=41, gb_free=7.5, wall=39680
2023-03-28 08:45:51 - progress_bar.py[line:272] - INFO: epoch 004:   1227 / 1878 loss=5.315, loss_v1=0, loss_v2=0, nll_loss=4.421, ntokens=320, nsentences=64, sample_size=320, sample_size_v1=0, sample_size_v2=0, ppl=21.42, wps=78.2, ups=0.24, wpb=320, bsz=64, num_updates=6850, lr=3.37884e-05, gnorm=2.419, clip=100, loss_scale=256, train_wall=41, gb_free=7.4, wall=39721
2023-03-28 08:46:32 - progress_bar.py[line:272] - INFO: epoch 004:   1237 / 1878 loss=5.289, loss_v1=0, loss_v2=0, nll_loss=4.398, ntokens=320, nsentences=64, sample_size=320, sample_size_v1=0, sample_size_v2=0, ppl=21.08, wps=77.8, ups=0.24, wpb=320, bsz=64, num_updates=6860, lr=3.37601e-05, gnorm=2.492, clip=100, loss_scale=256, train_wall=41, gb_free=7.4, wall=39762
2023-03-28 08:47:13 - progress_bar.py[line:272] - INFO: epoch 004:   1247 / 1878 loss=5.311, loss_v1=0, loss_v2=0, nll_loss=4.423, ntokens=320, nsentences=64, sample_size=320, sample_size_v1=0, sample_size_v2=0, ppl=21.45, wps=78.3, ups=0.24, wpb=320, bsz=64, num_updates=6870, lr=3.37317e-05, gnorm=2.466, clip=100, loss_scale=256, train_wall=41, gb_free=7.4, wall=39803
2023-03-28 08:47:53 - progress_bar.py[line:272] - INFO: epoch 004:   1257 / 1878 loss=5.206, loss_v1=0, loss_v2=0, nll_loss=4.303, ntokens=320, nsentences=64, sample_size=320, sample_size_v1=0, sample_size_v2=0, ppl=19.73, wps=78.4, ups=0.25, wpb=320, bsz=64, num_updates=6880, lr=3.37034e-05, gnorm=2.49, clip=100, loss_scale=256, train_wall=41, gb_free=7.4, wall=39844
2023-03-28 08:48:34 - progress_bar.py[line:272] - INFO: epoch 004:   1267 / 1878 loss=5.285, loss_v1=0, loss_v2=0, nll_loss=4.387, ntokens=320, nsentences=64, sample_size=320, sample_size_v1=0, sample_size_v2=0, ppl=20.93, wps=78.4, ups=0.25, wpb=320, bsz=64, num_updates=6890, lr=3.36751e-05, gnorm=2.488, clip=100, loss_scale=256, train_wall=41, gb_free=7.4, wall=39885
2023-03-28 08:49:15 - progress_bar.py[line:272] - INFO: epoch 004:   1277 / 1878 loss=5.256, loss_v1=0, loss_v2=0, nll_loss=4.362, ntokens=320, nsentences=64, sample_size=320, sample_size_v1=0, sample_size_v2=0, ppl=20.57, wps=78.6, ups=0.25, wpb=320, bsz=64, num_updates=6900, lr=3.36468e-05, gnorm=2.516, clip=100, loss_scale=256, train_wall=40, gb_free=7.4, wall=39925
2023-03-28 08:49:56 - progress_bar.py[line:272] - INFO: epoch 004:   1287 / 1878 loss=5.274, loss_v1=0, loss_v2=0, nll_loss=4.376, ntokens=320, nsentences=64, sample_size=320, sample_size_v1=0, sample_size_v2=0, ppl=20.77, wps=78.4, ups=0.24, wpb=320, bsz=64, num_updates=6910, lr=3.36184e-05, gnorm=2.483, clip=100, loss_scale=256, train_wall=41, gb_free=7.4, wall=39966
2023-03-28 08:50:37 - progress_bar.py[line:272] - INFO: epoch 004:   1297 / 1878 loss=5.251, loss_v1=0, loss_v2=0, nll_loss=4.349, ntokens=320, nsentences=64, sample_size=320, sample_size_v1=0, sample_size_v2=0, ppl=20.38, wps=78.4, ups=0.24, wpb=320, bsz=64, num_updates=6920, lr=3.35901e-05, gnorm=2.471, clip=100, loss_scale=256, train_wall=41, gb_free=7.4, wall=40007
2023-03-28 08:51:17 - progress_bar.py[line:272] - INFO: epoch 004:   1307 / 1878 loss=5.277, loss_v1=0, loss_v2=0, nll_loss=4.386, ntokens=320, nsentences=64, sample_size=320, sample_size_v1=0, sample_size_v2=0, ppl=20.91, wps=78.4, ups=0.25, wpb=320, bsz=64, num_updates=6930, lr=3.35618e-05, gnorm=2.501, clip=100, loss_scale=256, train_wall=41, gb_free=7.4, wall=40048
2023-03-28 08:51:58 - progress_bar.py[line:272] - INFO: epoch 004:   1317 / 1878 loss=5.33, loss_v1=0, loss_v2=0, nll_loss=4.435, ntokens=320, nsentences=64, sample_size=320, sample_size_v1=0, sample_size_v2=0, ppl=21.64, wps=78, ups=0.24, wpb=320, bsz=64, num_updates=6940, lr=3.35335e-05, gnorm=2.566, clip=100, loss_scale=256, train_wall=41, gb_free=7.4, wall=40089
2023-03-28 08:52:39 - progress_bar.py[line:272] - INFO: epoch 004:   1327 / 1878 loss=5.264, loss_v1=0, loss_v2=0, nll_loss=4.369, ntokens=320, nsentences=64, sample_size=320, sample_size_v1=0, sample_size_v2=0, ppl=20.66, wps=78.2, ups=0.24, wpb=320, bsz=64, num_updates=6950, lr=3.35052e-05, gnorm=2.494, clip=100, loss_scale=256, train_wall=41, gb_free=7.4, wall=40130
2023-03-28 08:53:20 - progress_bar.py[line:272] - INFO: epoch 004:   1337 / 1878 loss=5.271, loss_v1=0, loss_v2=0, nll_loss=4.371, ntokens=319.5, nsentences=63.9, sample_size=319.5, sample_size_v1=0, sample_size_v2=0, ppl=20.69, wps=78.1, ups=0.24, wpb=319.5, bsz=63.9, num_updates=6960, lr=3.34768e-05, gnorm=2.613, clip=100, loss_scale=256, train_wall=41, gb_free=7.4, wall=40171
2023-03-28 08:54:01 - progress_bar.py[line:272] - INFO: epoch 004:   1347 / 1878 loss=5.244, loss_v1=0, loss_v2=0, nll_loss=4.348, ntokens=320, nsentences=64, sample_size=320, sample_size_v1=0, sample_size_v2=0, ppl=20.36, wps=77.7, ups=0.24, wpb=320, bsz=64, num_updates=6970, lr=3.34485e-05, gnorm=2.557, clip=100, loss_scale=256, train_wall=41, gb_free=7.4, wall=40212
2023-03-28 08:54:42 - progress_bar.py[line:272] - INFO: epoch 004:   1357 / 1878 loss=5.281, loss_v1=0, loss_v2=0, nll_loss=4.386, ntokens=320, nsentences=64, sample_size=320, sample_size_v1=0, sample_size_v2=0, ppl=20.9, wps=78.3, ups=0.24, wpb=320, bsz=64, num_updates=6980, lr=3.34202e-05, gnorm=2.492, clip=100, loss_scale=256, train_wall=41, gb_free=7.4, wall=40253
2023-03-28 08:55:23 - progress_bar.py[line:272] - INFO: epoch 004:   1367 / 1878 loss=5.275, loss_v1=0, loss_v2=0, nll_loss=4.374, ntokens=320, nsentences=64, sample_size=320, sample_size_v1=0, sample_size_v2=0, ppl=20.74, wps=78.6, ups=0.25, wpb=320, bsz=64, num_updates=6990, lr=3.33919e-05, gnorm=2.5, clip=100, loss_scale=256, train_wall=41, gb_free=7.4, wall=40293
2023-03-28 08:56:04 - progress_bar.py[line:272] - INFO: epoch 004:   1377 / 1878 loss=5.308, loss_v1=0, loss_v2=0, nll_loss=4.422, ntokens=320, nsentences=64, sample_size=320, sample_size_v1=0, sample_size_v2=0, ppl=21.44, wps=78.6, ups=0.25, wpb=320, bsz=64, num_updates=7000, lr=3.33635e-05, gnorm=2.536, clip=100, loss_scale=256, train_wall=40, gb_free=7.4, wall=40334
2023-03-28 08:56:04 - train.py[line:445] - INFO: begin validation on "valid" subset
slice_id 0 seek offset 0
slice_id 1 seek offset 5379
slice_id 1 seek offset 5379
slice_id 0 seek offset 0
2023-03-28 09:07:26 - progress_bar.py[line:282] - INFO: epoch 004 | valid on 'valid' subset | loss 5.689 | loss_v1 0 | loss_v2 0 | nll_loss 4.834 | ntokens 39.993 | nsentences 7.999 | sample_size 39.993 | sample_size_v1 0 | sample_size_v2 0 | ppl 28.52 | score 0.0973 | wps 78.9 | wpb 40 | bsz 8 | num_updates 7000 | best_score 0.1062
2023-03-28 09:07:26 - checkpoint_utils.py[line:64] - INFO: Preparing to save checkpoint for epoch 4 @ 7000 updates
2023-03-28 09:07:26 - trainer.py[line:431] - INFO: Saving checkpoint to ./refcocoplus_scratch_checkpoints/10_5e-5_512/checkpoint_4_7000.pt
2023-03-28 09:07:43 - trainer.py[line:441] - INFO: Finished saving checkpoint to ./refcocoplus_scratch_checkpoints/10_5e-5_512/checkpoint_4_7000.pt
2023-03-28 09:07:53 - checkpoint_utils.py[line:133] - INFO: Saved checkpoint ./refcocoplus_scratch_checkpoints/10_5e-5_512/checkpoint_4_7000.pt (epoch 4 @ 7000 updates, score 0.0973) (writing took 27.156796365976334 seconds)
2023-03-28 09:08:33 - progress_bar.py[line:272] - INFO: epoch 004:   1387 / 1878 loss=5.245, loss_v1=0, loss_v2=0, nll_loss=4.348, ntokens=320, nsentences=64, sample_size=320, sample_size_v1=0, sample_size_v2=0, ppl=20.36, wps=4.3, ups=0.01, wpb=320, bsz=64, num_updates=7010, lr=3.33352e-05, gnorm=2.49, clip=100, loss_scale=256, train_wall=40, gb_free=7.4, wall=41084
2023-03-28 09:09:14 - progress_bar.py[line:272] - INFO: epoch 004:   1397 / 1878 loss=5.31, loss_v1=0, loss_v2=0, nll_loss=4.411, ntokens=320, nsentences=64, sample_size=320, sample_size_v1=0, sample_size_v2=0, ppl=21.27, wps=78.1, ups=0.24, wpb=320, bsz=64, num_updates=7020, lr=3.33069e-05, gnorm=2.485, clip=100, loss_scale=256, train_wall=41, gb_free=7.4, wall=41125
2023-03-28 09:09:55 - progress_bar.py[line:272] - INFO: epoch 004:   1407 / 1878 loss=5.256, loss_v1=0, loss_v2=0, nll_loss=4.363, ntokens=320, nsentences=64, sample_size=320, sample_size_v1=0, sample_size_v2=0, ppl=20.58, wps=78.5, ups=0.25, wpb=320, bsz=64, num_updates=7030, lr=3.32786e-05, gnorm=2.55, clip=100, loss_scale=256, train_wall=41, gb_free=7.4, wall=41165
2023-03-28 09:10:36 - progress_bar.py[line:272] - INFO: epoch 004:   1417 / 1878 loss=5.293, loss_v1=0, loss_v2=0, nll_loss=4.399, ntokens=320, nsentences=64, sample_size=320, sample_size_v1=0, sample_size_v2=0, ppl=21.09, wps=78.2, ups=0.24, wpb=320, bsz=64, num_updates=7040, lr=3.32503e-05, gnorm=2.611, clip=100, loss_scale=256, train_wall=41, gb_free=7.4, wall=41206
2023-03-28 09:11:16 - progress_bar.py[line:272] - INFO: epoch 004:   1427 / 1878 loss=5.276, loss_v1=0, loss_v2=0, nll_loss=4.379, ntokens=320, nsentences=64, sample_size=320, sample_size_v1=0, sample_size_v2=0, ppl=20.81, wps=78.6, ups=0.25, wpb=320, bsz=64, num_updates=7050, lr=3.32219e-05, gnorm=2.495, clip=100, loss_scale=256, train_wall=41, gb_free=7.4, wall=41247
2023-03-28 09:11:57 - progress_bar.py[line:272] - INFO: epoch 004:   1437 / 1878 loss=5.287, loss_v1=0, loss_v2=0, nll_loss=4.393, ntokens=320, nsentences=64, sample_size=320, sample_size_v1=0, sample_size_v2=0, ppl=21, wps=78.4, ups=0.25, wpb=320, bsz=64, num_updates=7060, lr=3.31936e-05, gnorm=2.512, clip=100, loss_scale=256, train_wall=41, gb_free=7.4, wall=41288
2023-03-28 09:12:38 - progress_bar.py[line:272] - INFO: epoch 004:   1447 / 1878 loss=5.244, loss_v1=0, loss_v2=0, nll_loss=4.347, ntokens=320, nsentences=64, sample_size=320, sample_size_v1=0, sample_size_v2=0, ppl=20.35, wps=78.1, ups=0.24, wpb=320, bsz=64, num_updates=7070, lr=3.31653e-05, gnorm=2.558, clip=100, loss_scale=256, train_wall=41, gb_free=7.4, wall=41329
2023-03-28 09:13:19 - progress_bar.py[line:272] - INFO: epoch 004:   1457 / 1878 loss=5.229, loss_v1=0, loss_v2=0, nll_loss=4.33, ntokens=320, nsentences=64, sample_size=320, sample_size_v1=0, sample_size_v2=0, ppl=20.11, wps=77.9, ups=0.24, wpb=320, bsz=64, num_updates=7080, lr=3.3137e-05, gnorm=2.543, clip=100, loss_scale=256, train_wall=41, gb_free=7.4, wall=41370
2023-03-28 09:14:00 - progress_bar.py[line:272] - INFO: epoch 004:   1467 / 1878 loss=5.293, loss_v1=0, loss_v2=0, nll_loss=4.396, ntokens=320, nsentences=64, sample_size=320, sample_size_v1=0, sample_size_v2=0, ppl=21.05, wps=78, ups=0.24, wpb=320, bsz=64, num_updates=7090, lr=3.31086e-05, gnorm=2.539, clip=100, loss_scale=256, train_wall=41, gb_free=7.4, wall=41411
2023-03-28 09:14:41 - progress_bar.py[line:272] - INFO: epoch 004:   1477 / 1878 loss=5.271, loss_v1=0, loss_v2=0, nll_loss=4.366, ntokens=320, nsentences=64, sample_size=320, sample_size_v1=0, sample_size_v2=0, ppl=20.62, wps=78, ups=0.24, wpb=320, bsz=64, num_updates=7100, lr=3.30803e-05, gnorm=2.504, clip=100, loss_scale=256, train_wall=41, gb_free=7.4, wall=41452
2023-03-28 09:15:22 - progress_bar.py[line:272] - INFO: epoch 004:   1487 / 1878 loss=5.281, loss_v1=0, loss_v2=0, nll_loss=4.393, ntokens=320, nsentences=64, sample_size=320, sample_size_v1=0, sample_size_v2=0, ppl=21.01, wps=78.1, ups=0.24, wpb=320, bsz=64, num_updates=7110, lr=3.3052e-05, gnorm=2.506, clip=100, loss_scale=256, train_wall=41, gb_free=7.4, wall=41493
2023-03-28 09:16:03 - progress_bar.py[line:272] - INFO: epoch 004:   1497 / 1878 loss=5.255, loss_v1=0, loss_v2=0, nll_loss=4.355, ntokens=320, nsentences=64, sample_size=320, sample_size_v1=0, sample_size_v2=0, ppl=20.47, wps=77.8, ups=0.24, wpb=320, bsz=64, num_updates=7120, lr=3.30237e-05, gnorm=2.489, clip=100, loss_scale=256, train_wall=41, gb_free=7.4, wall=41534
2023-03-28 09:16:44 - progress_bar.py[line:272] - INFO: epoch 004:   1507 / 1878 loss=5.254, loss_v1=0, loss_v2=0, nll_loss=4.357, ntokens=320, nsentences=64, sample_size=320, sample_size_v1=0, sample_size_v2=0, ppl=20.49, wps=77.8, ups=0.24, wpb=320, bsz=64, num_updates=7130, lr=3.29954e-05, gnorm=2.483, clip=100, loss_scale=256, train_wall=41, gb_free=7.4, wall=41575
2023-03-28 09:17:25 - progress_bar.py[line:272] - INFO: epoch 004:   1517 / 1878 loss=5.299, loss_v1=0, loss_v2=0, nll_loss=4.41, ntokens=320, nsentences=64, sample_size=320, sample_size_v1=0, sample_size_v2=0, ppl=21.26, wps=78.2, ups=0.24, wpb=320, bsz=64, num_updates=7140, lr=3.2967e-05, gnorm=2.517, clip=100, loss_scale=512, train_wall=41, gb_free=7.4, wall=41616
2023-03-28 09:18:06 - progress_bar.py[line:272] - INFO: epoch 004:   1527 / 1878 loss=5.223, loss_v1=0, loss_v2=0, nll_loss=4.32, ntokens=320, nsentences=64, sample_size=320, sample_size_v1=0, sample_size_v2=0, ppl=19.97, wps=78.1, ups=0.24, wpb=320, bsz=64, num_updates=7150, lr=3.29387e-05, gnorm=2.47, clip=100, loss_scale=512, train_wall=41, gb_free=7.4, wall=41657
2023-03-28 09:18:47 - progress_bar.py[line:272] - INFO: epoch 004:   1537 / 1878 loss=5.286, loss_v1=0, loss_v2=0, nll_loss=4.394, ntokens=320, nsentences=64, sample_size=320, sample_size_v1=0, sample_size_v2=0, ppl=21.03, wps=77.9, ups=0.24, wpb=320, bsz=64, num_updates=7160, lr=3.29104e-05, gnorm=2.599, clip=100, loss_scale=512, train_wall=41, gb_free=7.4, wall=41698
2023-03-28 09:19:28 - progress_bar.py[line:272] - INFO: epoch 004:   1547 / 1878 loss=5.275, loss_v1=0, loss_v2=0, nll_loss=4.381, ntokens=320, nsentences=64, sample_size=320, sample_size_v1=0, sample_size_v2=0, ppl=20.84, wps=78.4, ups=0.24, wpb=320, bsz=64, num_updates=7170, lr=3.28821e-05, gnorm=2.479, clip=100, loss_scale=512, train_wall=41, gb_free=7.4, wall=41739
2023-03-28 09:20:10 - progress_bar.py[line:272] - INFO: epoch 004:   1557 / 1878 loss=5.267, loss_v1=0, loss_v2=0, nll_loss=4.366, ntokens=320, nsentences=64, sample_size=320, sample_size_v1=0, sample_size_v2=0, ppl=20.62, wps=77.5, ups=0.24, wpb=320, bsz=64, num_updates=7180, lr=3.28537e-05, gnorm=2.681, clip=100, loss_scale=512, train_wall=41, gb_free=7.4, wall=41780
2023-03-28 09:20:50 - progress_bar.py[line:272] - INFO: epoch 004:   1567 / 1878 loss=5.248, loss_v1=0, loss_v2=0, nll_loss=4.351, ntokens=320, nsentences=64, sample_size=320, sample_size_v1=0, sample_size_v2=0, ppl=20.41, wps=78.3, ups=0.24, wpb=320, bsz=64, num_updates=7190, lr=3.28254e-05, gnorm=2.579, clip=100, loss_scale=512, train_wall=41, gb_free=7.4, wall=41821
2023-03-28 09:21:31 - progress_bar.py[line:272] - INFO: epoch 004:   1577 / 1878 loss=5.23, loss_v1=0, loss_v2=0, nll_loss=4.328, ntokens=320, nsentences=64, sample_size=320, sample_size_v1=0, sample_size_v2=0, ppl=20.09, wps=78.4, ups=0.24, wpb=320, bsz=64, num_updates=7200, lr=3.27971e-05, gnorm=2.459, clip=100, loss_scale=512, train_wall=41, gb_free=7.4, wall=41862
2023-03-28 09:22:12 - progress_bar.py[line:272] - INFO: epoch 004:   1587 / 1878 loss=5.267, loss_v1=0, loss_v2=0, nll_loss=4.367, ntokens=320, nsentences=64, sample_size=320, sample_size_v1=0, sample_size_v2=0, ppl=20.63, wps=78.5, ups=0.25, wpb=320, bsz=64, num_updates=7210, lr=3.27688e-05, gnorm=2.518, clip=100, loss_scale=512, train_wall=40, gb_free=7.4, wall=41903
2023-03-28 09:22:53 - progress_bar.py[line:272] - INFO: epoch 004:   1597 / 1878 loss=5.209, loss_v1=0, loss_v2=0, nll_loss=4.307, ntokens=320, nsentences=64, sample_size=320, sample_size_v1=0, sample_size_v2=0, ppl=19.79, wps=78.2, ups=0.24, wpb=320, bsz=64, num_updates=7220, lr=3.27405e-05, gnorm=2.507, clip=100, loss_scale=512, train_wall=41, gb_free=7.4, wall=41943
2023-03-28 09:22:57 - trainer.py[line:921] - INFO: NOTE: gradient overflow detected, ignoring gradient, setting loss scale to: 256.0
2023-03-28 09:23:38 - progress_bar.py[line:272] - INFO: epoch 004:   1608 / 1878 loss=5.25, loss_v1=0, loss_v2=0, nll_loss=4.35, ntokens=320, nsentences=64, sample_size=320, sample_size_v1=0, sample_size_v2=0, ppl=20.39, wps=71.1, ups=0.22, wpb=320, bsz=64, num_updates=7230, lr=3.27121e-05, gnorm=2.528, clip=100, loss_scale=256, train_wall=45, gb_free=7.4, wall=41988
2023-03-28 09:24:19 - progress_bar.py[line:272] - INFO: epoch 004:   1618 / 1878 loss=5.218, loss_v1=0, loss_v2=0, nll_loss=4.314, ntokens=320, nsentences=64, sample_size=320, sample_size_v1=0, sample_size_v2=0, ppl=19.89, wps=77.9, ups=0.24, wpb=320, bsz=64, num_updates=7240, lr=3.26838e-05, gnorm=2.551, clip=100, loss_scale=256, train_wall=41, gb_free=7.4, wall=42030
2023-03-28 09:25:00 - progress_bar.py[line:272] - INFO: epoch 004:   1628 / 1878 loss=5.271, loss_v1=0, loss_v2=0, nll_loss=4.377, ntokens=320, nsentences=64, sample_size=320, sample_size_v1=0, sample_size_v2=0, ppl=20.78, wps=78.2, ups=0.24, wpb=320, bsz=64, num_updates=7250, lr=3.26555e-05, gnorm=2.569, clip=100, loss_scale=256, train_wall=41, gb_free=7.4, wall=42070
2023-03-28 09:25:41 - progress_bar.py[line:272] - INFO: epoch 004:   1638 / 1878 loss=5.266, loss_v1=0, loss_v2=0, nll_loss=4.37, ntokens=320, nsentences=64, sample_size=320, sample_size_v1=0, sample_size_v2=0, ppl=20.68, wps=78.2, ups=0.24, wpb=320, bsz=64, num_updates=7260, lr=3.26272e-05, gnorm=2.634, clip=100, loss_scale=256, train_wall=41, gb_free=7.4, wall=42111
2023-03-28 09:26:22 - progress_bar.py[line:272] - INFO: epoch 004:   1648 / 1878 loss=5.277, loss_v1=0, loss_v2=0, nll_loss=4.384, ntokens=320, nsentences=64, sample_size=320, sample_size_v1=0, sample_size_v2=0, ppl=20.89, wps=78.2, ups=0.24, wpb=320, bsz=64, num_updates=7270, lr=3.25988e-05, gnorm=2.587, clip=100, loss_scale=256, train_wall=41, gb_free=7.4, wall=42152
2023-03-28 09:27:03 - progress_bar.py[line:272] - INFO: epoch 004:   1658 / 1878 loss=5.222, loss_v1=0, loss_v2=0, nll_loss=4.32, ntokens=320, nsentences=64, sample_size=320, sample_size_v1=0, sample_size_v2=0, ppl=19.97, wps=77.6, ups=0.24, wpb=320, bsz=64, num_updates=7280, lr=3.25705e-05, gnorm=2.499, clip=100, loss_scale=256, train_wall=41, gb_free=7.4, wall=42194
2023-03-28 09:27:44 - progress_bar.py[line:272] - INFO: epoch 004:   1668 / 1878 loss=5.273, loss_v1=0, loss_v2=0, nll_loss=4.372, ntokens=320, nsentences=64, sample_size=320, sample_size_v1=0, sample_size_v2=0, ppl=20.7, wps=78, ups=0.24, wpb=320, bsz=64, num_updates=7290, lr=3.25422e-05, gnorm=2.592, clip=100, loss_scale=256, train_wall=41, gb_free=7.4, wall=42235
2023-03-28 09:28:25 - progress_bar.py[line:272] - INFO: epoch 004:   1678 / 1878 loss=5.25, loss_v1=0, loss_v2=0, nll_loss=4.353, ntokens=320, nsentences=64, sample_size=320, sample_size_v1=0, sample_size_v2=0, ppl=20.44, wps=78.3, ups=0.24, wpb=320, bsz=64, num_updates=7300, lr=3.25139e-05, gnorm=2.519, clip=100, loss_scale=256, train_wall=41, gb_free=7.4, wall=42275
2023-03-28 09:29:06 - progress_bar.py[line:272] - INFO: epoch 004:   1688 / 1878 loss=5.246, loss_v1=0, loss_v2=0, nll_loss=4.349, ntokens=320, nsentences=64, sample_size=320, sample_size_v1=0, sample_size_v2=0, ppl=20.38, wps=78.3, ups=0.24, wpb=320, bsz=64, num_updates=7310, lr=3.24856e-05, gnorm=2.508, clip=100, loss_scale=256, train_wall=41, gb_free=7.4, wall=42316
2023-03-28 09:29:47 - progress_bar.py[line:272] - INFO: epoch 004:   1698 / 1878 loss=5.291, loss_v1=0, loss_v2=0, nll_loss=4.396, ntokens=320, nsentences=64, sample_size=320, sample_size_v1=0, sample_size_v2=0, ppl=21.05, wps=78.3, ups=0.24, wpb=320, bsz=64, num_updates=7320, lr=3.24572e-05, gnorm=2.502, clip=100, loss_scale=256, train_wall=41, gb_free=7.4, wall=42357
2023-03-28 09:30:28 - progress_bar.py[line:272] - INFO: epoch 004:   1708 / 1878 loss=5.234, loss_v1=0, loss_v2=0, nll_loss=4.33, ntokens=320, nsentences=64, sample_size=320, sample_size_v1=0, sample_size_v2=0, ppl=20.11, wps=77.9, ups=0.24, wpb=320, bsz=64, num_updates=7330, lr=3.24289e-05, gnorm=2.574, clip=100, loss_scale=256, train_wall=41, gb_free=7.4, wall=42398
2023-03-28 09:31:09 - progress_bar.py[line:272] - INFO: epoch 004:   1718 / 1878 loss=5.255, loss_v1=0, loss_v2=0, nll_loss=4.356, ntokens=320, nsentences=64, sample_size=320, sample_size_v1=0, sample_size_v2=0, ppl=20.48, wps=78.2, ups=0.24, wpb=320, bsz=64, num_updates=7340, lr=3.24006e-05, gnorm=2.555, clip=100, loss_scale=256, train_wall=41, gb_free=7.4, wall=42439
2023-03-28 09:31:50 - progress_bar.py[line:272] - INFO: epoch 004:   1728 / 1878 loss=5.226, loss_v1=0, loss_v2=0, nll_loss=4.327, ntokens=320, nsentences=64, sample_size=320, sample_size_v1=0, sample_size_v2=0, ppl=20.07, wps=78, ups=0.24, wpb=320, bsz=64, num_updates=7350, lr=3.23723e-05, gnorm=2.528, clip=100, loss_scale=256, train_wall=41, gb_free=7.4, wall=42480
2023-03-28 09:32:31 - progress_bar.py[line:272] - INFO: epoch 004:   1738 / 1878 loss=5.269, loss_v1=0, loss_v2=0, nll_loss=4.371, ntokens=320, nsentences=64, sample_size=320, sample_size_v1=0, sample_size_v2=0, ppl=20.69, wps=78.4, ups=0.24, wpb=320, bsz=64, num_updates=7360, lr=3.23439e-05, gnorm=2.536, clip=100, loss_scale=256, train_wall=41, gb_free=7.4, wall=42521
2023-03-28 09:33:11 - progress_bar.py[line:272] - INFO: epoch 004:   1748 / 1878 loss=5.262, loss_v1=0, loss_v2=0, nll_loss=4.361, ntokens=320, nsentences=64, sample_size=320, sample_size_v1=0, sample_size_v2=0, ppl=20.55, wps=78.1, ups=0.24, wpb=320, bsz=64, num_updates=7370, lr=3.23156e-05, gnorm=2.615, clip=100, loss_scale=256, train_wall=41, gb_free=7.4, wall=42562
2023-03-28 09:33:52 - progress_bar.py[line:272] - INFO: epoch 004:   1758 / 1878 loss=5.222, loss_v1=0, loss_v2=0, nll_loss=4.324, ntokens=320, nsentences=64, sample_size=320, sample_size_v1=0, sample_size_v2=0, ppl=20.02, wps=78.1, ups=0.24, wpb=320, bsz=64, num_updates=7380, lr=3.22873e-05, gnorm=2.618, clip=100, loss_scale=256, train_wall=41, gb_free=7.4, wall=42603
2023-03-28 09:34:33 - progress_bar.py[line:272] - INFO: epoch 004:   1768 / 1878 loss=5.236, loss_v1=0, loss_v2=0, nll_loss=4.338, ntokens=320, nsentences=64, sample_size=320, sample_size_v1=0, sample_size_v2=0, ppl=20.22, wps=78.6, ups=0.25, wpb=320, bsz=64, num_updates=7390, lr=3.2259e-05, gnorm=2.524, clip=100, loss_scale=256, train_wall=41, gb_free=7.4, wall=42644
2023-03-28 09:35:14 - progress_bar.py[line:272] - INFO: epoch 004:   1778 / 1878 loss=5.232, loss_v1=0, loss_v2=0, nll_loss=4.33, ntokens=320, nsentences=64, sample_size=320, sample_size_v1=0, sample_size_v2=0, ppl=20.12, wps=78.3, ups=0.24, wpb=320, bsz=64, num_updates=7400, lr=3.22307e-05, gnorm=2.562, clip=100, loss_scale=256, train_wall=41, gb_free=7.4, wall=42685
2023-03-28 09:35:55 - progress_bar.py[line:272] - INFO: epoch 004:   1788 / 1878 loss=5.227, loss_v1=0, loss_v2=0, nll_loss=4.324, ntokens=320, nsentences=64, sample_size=320, sample_size_v1=0, sample_size_v2=0, ppl=20.03, wps=78.4, ups=0.24, wpb=320, bsz=64, num_updates=7410, lr=3.22023e-05, gnorm=2.601, clip=100, loss_scale=256, train_wall=41, gb_free=7.4, wall=42725
2023-03-28 09:36:36 - progress_bar.py[line:272] - INFO: epoch 004:   1798 / 1878 loss=5.29, loss_v1=0, loss_v2=0, nll_loss=4.391, ntokens=320, nsentences=64, sample_size=320, sample_size_v1=0, sample_size_v2=0, ppl=20.99, wps=78.6, ups=0.25, wpb=320, bsz=64, num_updates=7420, lr=3.2174e-05, gnorm=2.565, clip=100, loss_scale=256, train_wall=40, gb_free=7.4, wall=42766
2023-03-28 09:37:17 - progress_bar.py[line:272] - INFO: epoch 004:   1808 / 1878 loss=5.262, loss_v1=0, loss_v2=0, nll_loss=4.363, ntokens=320, nsentences=64, sample_size=320, sample_size_v1=0, sample_size_v2=0, ppl=20.58, wps=78.2, ups=0.24, wpb=320, bsz=64, num_updates=7430, lr=3.21457e-05, gnorm=2.517, clip=100, loss_scale=256, train_wall=41, gb_free=7.4, wall=42807
2023-03-28 09:37:57 - progress_bar.py[line:272] - INFO: epoch 004:   1818 / 1878 loss=5.25, loss_v1=0, loss_v2=0, nll_loss=4.352, ntokens=320, nsentences=64, sample_size=320, sample_size_v1=0, sample_size_v2=0, ppl=20.42, wps=78.5, ups=0.25, wpb=320, bsz=64, num_updates=7440, lr=3.21174e-05, gnorm=2.579, clip=100, loss_scale=256, train_wall=41, gb_free=7.4, wall=42848
2023-03-28 09:38:38 - progress_bar.py[line:272] - INFO: epoch 004:   1828 / 1878 loss=5.22, loss_v1=0, loss_v2=0, nll_loss=4.314, ntokens=320, nsentences=64, sample_size=320, sample_size_v1=0, sample_size_v2=0, ppl=19.89, wps=78.3, ups=0.24, wpb=320, bsz=64, num_updates=7450, lr=3.2089e-05, gnorm=2.495, clip=100, loss_scale=256, train_wall=41, gb_free=7.4, wall=42889
2023-03-28 09:39:19 - progress_bar.py[line:272] - INFO: epoch 004:   1838 / 1878 loss=5.235, loss_v1=0, loss_v2=0, nll_loss=4.336, ntokens=320, nsentences=64, sample_size=320, sample_size_v1=0, sample_size_v2=0, ppl=20.2, wps=78.3, ups=0.24, wpb=320, bsz=64, num_updates=7460, lr=3.20607e-05, gnorm=2.529, clip=100, loss_scale=256, train_wall=41, gb_free=7.4, wall=42930
2023-03-28 09:40:00 - progress_bar.py[line:272] - INFO: epoch 004:   1848 / 1878 loss=5.261, loss_v1=0, loss_v2=0, nll_loss=4.365, ntokens=320, nsentences=64, sample_size=320, sample_size_v1=0, sample_size_v2=0, ppl=20.61, wps=78.5, ups=0.25, wpb=320, bsz=64, num_updates=7470, lr=3.20324e-05, gnorm=2.55, clip=100, loss_scale=256, train_wall=41, gb_free=7.4, wall=42970
2023-03-28 09:40:40 - progress_bar.py[line:272] - INFO: epoch 004:   1858 / 1878 loss=5.253, loss_v1=0, loss_v2=0, nll_loss=4.355, ntokens=320, nsentences=64, sample_size=320, sample_size_v1=0, sample_size_v2=0, ppl=20.46, wps=78.6, ups=0.25, wpb=320, bsz=64, num_updates=7480, lr=3.20041e-05, gnorm=2.668, clip=100, loss_scale=256, train_wall=41, gb_free=7.4, wall=43011
2023-03-28 09:41:21 - progress_bar.py[line:272] - INFO: epoch 004:   1868 / 1878 loss=5.225, loss_v1=0, loss_v2=0, nll_loss=4.318, ntokens=320, nsentences=64, sample_size=320, sample_size_v1=0, sample_size_v2=0, ppl=19.94, wps=78.3, ups=0.24, wpb=320, bsz=64, num_updates=7490, lr=3.19758e-05, gnorm=2.719, clip=100, loss_scale=256, train_wall=41, gb_free=7.4, wall=43052
slice_id 1 seek offset 5379
2023-03-28 09:42:01 - progress_bar.py[line:272] - INFO: epoch 004:   1878 / 1878 loss=5.239, loss_v1=0, loss_v2=0, nll_loss=4.342, ntokens=320, nsentences=64, sample_size=320, sample_size_v1=0, sample_size_v2=0, ppl=20.28, wps=80.4, ups=0.25, wpb=320, bsz=64, num_updates=7500, lr=3.19474e-05, gnorm=2.667, clip=100, loss_scale=256, train_wall=40, gb_free=7.4, wall=43092
2023-03-28 09:42:01 - train.py[line:445] - INFO: begin validation on "valid" subset
slice_id 0 seek offset 0
slice_id 1 seek offset 5379
slice_id 0 seek offset 0
2023-03-28 09:53:23 - progress_bar.py[line:282] - INFO: epoch 004 | valid on 'valid' subset | loss 5.698 | loss_v1 0 | loss_v2 0 | nll_loss 4.841 | ntokens 39.993 | nsentences 7.999 | sample_size 39.993 | sample_size_v1 0 | sample_size_v2 0 | ppl 28.67 | score 0.0983 | wps 78.9 | wpb 40 | bsz 8 | num_updates 7500 | best_score 0.1062
2023-03-28 09:53:23 - checkpoint_utils.py[line:64] - INFO: Preparing to save checkpoint for epoch 4 @ 7500 updates
2023-03-28 09:53:23 - trainer.py[line:431] - INFO: Saving checkpoint to ./refcocoplus_scratch_checkpoints/10_5e-5_512/checkpoint_last.pt
local datafile ../../dataset/refcocoplus_data/refcocoplus_train.tsv slice_id 1 begin to initialize row_count and line_idx-to-offset mapping
2023-03-28 09:53:40 - trainer.py[line:441] - INFO: Finished saving checkpoint to ./refcocoplus_scratch_checkpoints/10_5e-5_512/checkpoint_last.pt
2023-03-28 09:53:41 - checkpoint_utils.py[line:133] - INFO: Saved checkpoint ./refcocoplus_scratch_checkpoints/10_5e-5_512/checkpoint_last.pt (epoch 4 @ 7500 updates, score 0.0983) (writing took 17.624714095145464 seconds)
2023-03-28 09:53:41 - train.py[line:332] - INFO: end of epoch 4 (average epoch stats below)
2023-03-28 09:53:41 - progress_bar.py[line:282] - INFO: epoch 004 | loss 5.317 | loss_v1 0 | loss_v2 0 | nll_loss 4.427 | ntokens 319.997 | nsentences 63.999 | sample_size 319.997 | sample_size_v1 0 | sample_size_v2 0 | ppl 21.51 | wps 56.8 | ups 0.18 | wpb 320 | bsz 64 | num_updates 7500 | lr 3.19474e-05 | gnorm 2.49 | clip 100 | loss_scale 256 | train_wall 7637 | gb_free 7.4 | wall 43791
2023-03-28 09:53:41 - trainer.py[line:639] - INFO: loading train data for epoch 5
local datafile ../../dataset/refcocoplus_data/refcocoplus_train.tsv slice_id 0 begin to initialize row_count and line_idx-to-offset mapping
local datafile ../../dataset/refcocoplus_data/refcocoplus_train.tsv slice_id 1 finished initializing row_count and line_idx-to-offset mapping
file ../../dataset/refcocoplus_data/refcocoplus_train.tsv slice_id 1 row count 60095 total row count 120191
slice_id 1 seek offset 60096
local datafile ../../dataset/refcocoplus_data/refcocoplus_train.tsv slice_id 0 finished initializing row_count and line_idx-to-offset mapping
file ../../dataset/refcocoplus_data/refcocoplus_train.tsv slice_id 0 row count 60096 total row count 120191
slice_id 0 seek offset 0
2023-03-28 09:53:57 - trainer.py[line:703] - INFO: begin training epoch 5
2023-03-28 09:53:57 - train.py[line:305] - INFO: Start iterating over samples
2023-03-28 09:54:38 - progress_bar.py[line:272] - INFO: epoch 005:     10 / 1878 loss=5.236, loss_v1=0, loss_v2=0, nll_loss=4.339, ntokens=320, nsentences=64, sample_size=320, sample_size_v1=0, sample_size_v2=0, ppl=20.23, wps=4.2, ups=0.01, wpb=320, bsz=64, num_updates=7510, lr=3.19191e-05, gnorm=2.718, clip=100, loss_scale=256, train_wall=40, gb_free=7.4, wall=43849
2023-03-28 09:55:19 - progress_bar.py[line:272] - INFO: epoch 005:     20 / 1878 loss=5.239, loss_v1=0, loss_v2=0, nll_loss=4.336, ntokens=320, nsentences=64, sample_size=320, sample_size_v1=0, sample_size_v2=0, ppl=20.19, wps=77.7, ups=0.24, wpb=320, bsz=64, num_updates=7520, lr=3.18908e-05, gnorm=2.812, clip=100, loss_scale=256, train_wall=41, gb_free=7.4, wall=43890
2023-03-28 09:56:00 - progress_bar.py[line:272] - INFO: epoch 005:     30 / 1878 loss=5.236, loss_v1=0, loss_v2=0, nll_loss=4.338, ntokens=320, nsentences=64, sample_size=320, sample_size_v1=0, sample_size_v2=0, ppl=20.23, wps=78.7, ups=0.25, wpb=320, bsz=64, num_updates=7530, lr=3.18625e-05, gnorm=2.744, clip=100, loss_scale=256, train_wall=40, gb_free=7.4, wall=43930
2023-03-28 09:56:41 - progress_bar.py[line:272] - INFO: epoch 005:     40 / 1878 loss=5.251, loss_v1=0, loss_v2=0, nll_loss=4.347, ntokens=320, nsentences=64, sample_size=320, sample_size_v1=0, sample_size_v2=0, ppl=20.35, wps=78.3, ups=0.24, wpb=320, bsz=64, num_updates=7540, lr=3.18341e-05, gnorm=2.713, clip=100, loss_scale=256, train_wall=41, gb_free=7.4, wall=43971
2023-03-28 09:57:21 - progress_bar.py[line:272] - INFO: epoch 005:     50 / 1878 loss=5.257, loss_v1=0, loss_v2=0, nll_loss=4.358, ntokens=320, nsentences=64, sample_size=320, sample_size_v1=0, sample_size_v2=0, ppl=20.51, wps=78.4, ups=0.24, wpb=320, bsz=64, num_updates=7550, lr=3.18058e-05, gnorm=2.759, clip=100, loss_scale=256, train_wall=41, gb_free=7.4, wall=44012
2023-03-28 09:58:02 - progress_bar.py[line:272] - INFO: epoch 005:     60 / 1878 loss=5.263, loss_v1=0, loss_v2=0, nll_loss=4.368, ntokens=320, nsentences=64, sample_size=320, sample_size_v1=0, sample_size_v2=0, ppl=20.64, wps=78.5, ups=0.25, wpb=320, bsz=64, num_updates=7560, lr=3.17775e-05, gnorm=2.774, clip=100, loss_scale=256, train_wall=41, gb_free=7.4, wall=44053
2023-03-28 09:58:44 - progress_bar.py[line:272] - INFO: epoch 005:     70 / 1878 loss=5.248, loss_v1=0, loss_v2=0, nll_loss=4.347, ntokens=319.5, nsentences=63.9, sample_size=319.5, sample_size_v1=0, sample_size_v2=0, ppl=20.34, wps=77.3, ups=0.24, wpb=319.5, bsz=63.9, num_updates=7570, lr=3.17492e-05, gnorm=2.83, clip=100, loss_scale=256, train_wall=41, gb_free=7.4, wall=44094
2023-03-28 09:59:25 - progress_bar.py[line:272] - INFO: epoch 005:     80 / 1878 loss=5.273, loss_v1=0, loss_v2=0, nll_loss=4.381, ntokens=320, nsentences=64, sample_size=320, sample_size_v1=0, sample_size_v2=0, ppl=20.83, wps=78, ups=0.24, wpb=320, bsz=64, num_updates=7580, lr=3.17209e-05, gnorm=2.644, clip=100, loss_scale=256, train_wall=41, gb_free=7.4, wall=44135
2023-03-28 10:00:05 - progress_bar.py[line:272] - INFO: epoch 005:     90 / 1878 loss=5.26, loss_v1=0, loss_v2=0, nll_loss=4.363, ntokens=320, nsentences=64, sample_size=320, sample_size_v1=0, sample_size_v2=0, ppl=20.58, wps=78.4, ups=0.24, wpb=320, bsz=64, num_updates=7590, lr=3.16925e-05, gnorm=2.85, clip=100, loss_scale=256, train_wall=41, gb_free=7.4, wall=44176
2023-03-28 10:00:46 - progress_bar.py[line:272] - INFO: epoch 005:    100 / 1878 loss=5.259, loss_v1=0, loss_v2=0, nll_loss=4.358, ntokens=320, nsentences=64, sample_size=320, sample_size_v1=0, sample_size_v2=0, ppl=20.51, wps=78.7, ups=0.25, wpb=320, bsz=64, num_updates=7600, lr=3.16642e-05, gnorm=2.789, clip=100, loss_scale=256, train_wall=40, gb_free=7.4, wall=44217
2023-03-28 10:01:27 - progress_bar.py[line:272] - INFO: epoch 005:    110 / 1878 loss=5.214, loss_v1=0, loss_v2=0, nll_loss=4.307, ntokens=320, nsentences=64, sample_size=320, sample_size_v1=0, sample_size_v2=0, ppl=19.8, wps=78.2, ups=0.24, wpb=320, bsz=64, num_updates=7610, lr=3.16359e-05, gnorm=2.76, clip=100, loss_scale=256, train_wall=41, gb_free=7.4, wall=44258
2023-03-28 10:02:08 - progress_bar.py[line:272] - INFO: epoch 005:    120 / 1878 loss=5.226, loss_v1=0, loss_v2=0, nll_loss=4.324, ntokens=320, nsentences=64, sample_size=320, sample_size_v1=0, sample_size_v2=0, ppl=20.02, wps=78.6, ups=0.25, wpb=320, bsz=64, num_updates=7620, lr=3.16076e-05, gnorm=2.796, clip=100, loss_scale=256, train_wall=40, gb_free=7.4, wall=44298
2023-03-28 10:02:48 - progress_bar.py[line:272] - INFO: epoch 005:    130 / 1878 loss=5.257, loss_v1=0, loss_v2=0, nll_loss=4.36, ntokens=320, nsentences=64, sample_size=320, sample_size_v1=0, sample_size_v2=0, ppl=20.53, wps=78.7, ups=0.25, wpb=320, bsz=64, num_updates=7630, lr=3.15792e-05, gnorm=2.761, clip=100, loss_scale=256, train_wall=40, gb_free=7.4, wall=44339
2023-03-28 10:03:29 - progress_bar.py[line:272] - INFO: epoch 005:    140 / 1878 loss=5.26, loss_v1=0, loss_v2=0, nll_loss=4.364, ntokens=320, nsentences=64, sample_size=320, sample_size_v1=0, sample_size_v2=0, ppl=20.59, wps=78.6, ups=0.25, wpb=320, bsz=64, num_updates=7640, lr=3.15509e-05, gnorm=2.759, clip=100, loss_scale=256, train_wall=41, gb_free=7.4, wall=44380
2023-03-28 10:04:10 - progress_bar.py[line:272] - INFO: epoch 005:    150 / 1878 loss=5.256, loss_v1=0, loss_v2=0, nll_loss=4.362, ntokens=320, nsentences=64, sample_size=320, sample_size_v1=0, sample_size_v2=0, ppl=20.56, wps=78.5, ups=0.25, wpb=320, bsz=64, num_updates=7650, lr=3.15226e-05, gnorm=2.727, clip=100, loss_scale=256, train_wall=41, gb_free=7.4, wall=44421
2023-03-28 10:04:51 - progress_bar.py[line:272] - INFO: epoch 005:    160 / 1878 loss=5.27, loss_v1=0, loss_v2=0, nll_loss=4.371, ntokens=320, nsentences=64, sample_size=320, sample_size_v1=0, sample_size_v2=0, ppl=20.69, wps=78.6, ups=0.25, wpb=320, bsz=64, num_updates=7660, lr=3.14943e-05, gnorm=2.701, clip=100, loss_scale=256, train_wall=40, gb_free=7.4, wall=44461
2023-03-28 10:05:31 - progress_bar.py[line:272] - INFO: epoch 005:    170 / 1878 loss=5.26, loss_v1=0, loss_v2=0, nll_loss=4.356, ntokens=320, nsentences=64, sample_size=320, sample_size_v1=0, sample_size_v2=0, ppl=20.48, wps=78.5, ups=0.25, wpb=320, bsz=64, num_updates=7670, lr=3.1466e-05, gnorm=2.759, clip=100, loss_scale=256, train_wall=41, gb_free=7.4, wall=44502
2023-03-28 10:06:12 - progress_bar.py[line:272] - INFO: epoch 005:    180 / 1878 loss=5.275, loss_v1=0, loss_v2=0, nll_loss=4.381, ntokens=320, nsentences=64, sample_size=320, sample_size_v1=0, sample_size_v2=0, ppl=20.83, wps=78.2, ups=0.24, wpb=320, bsz=64, num_updates=7680, lr=3.14376e-05, gnorm=2.753, clip=100, loss_scale=256, train_wall=41, gb_free=7.4, wall=44543
2023-03-28 10:06:54 - progress_bar.py[line:272] - INFO: epoch 005:    190 / 1878 loss=5.267, loss_v1=0, loss_v2=0, nll_loss=4.374, ntokens=320, nsentences=64, sample_size=320, sample_size_v1=0, sample_size_v2=0, ppl=20.74, wps=77.7, ups=0.24, wpb=320, bsz=64, num_updates=7690, lr=3.14093e-05, gnorm=2.722, clip=100, loss_scale=256, train_wall=41, gb_free=7.4, wall=44584
2023-03-28 10:07:35 - progress_bar.py[line:272] - INFO: epoch 005:    200 / 1878 loss=5.216, loss_v1=0, loss_v2=0, nll_loss=4.311, ntokens=320, nsentences=64, sample_size=320, sample_size_v1=0, sample_size_v2=0, ppl=19.85, wps=77.8, ups=0.24, wpb=320, bsz=64, num_updates=7700, lr=3.1381e-05, gnorm=2.738, clip=100, loss_scale=256, train_wall=41, gb_free=7.4, wall=44625
2023-03-28 10:08:16 - progress_bar.py[line:272] - INFO: epoch 005:    210 / 1878 loss=5.254, loss_v1=0, loss_v2=0, nll_loss=4.357, ntokens=320, nsentences=64, sample_size=320, sample_size_v1=0, sample_size_v2=0, ppl=20.49, wps=77.9, ups=0.24, wpb=320, bsz=64, num_updates=7710, lr=3.13527e-05, gnorm=2.853, clip=100, loss_scale=256, train_wall=41, gb_free=7.4, wall=44666
2023-03-28 10:08:57 - progress_bar.py[line:272] - INFO: epoch 005:    220 / 1878 loss=5.235, loss_v1=0, loss_v2=0, nll_loss=4.334, ntokens=320, nsentences=64, sample_size=320, sample_size_v1=0, sample_size_v2=0, ppl=20.17, wps=78.6, ups=0.25, wpb=320, bsz=64, num_updates=7720, lr=3.13243e-05, gnorm=2.76, clip=100, loss_scale=256, train_wall=40, gb_free=7.4, wall=44707
2023-03-28 10:09:37 - progress_bar.py[line:272] - INFO: epoch 005:    230 / 1878 loss=5.203, loss_v1=0, loss_v2=0, nll_loss=4.3, ntokens=320, nsentences=64, sample_size=320, sample_size_v1=0, sample_size_v2=0, ppl=19.7, wps=78.3, ups=0.24, wpb=320, bsz=64, num_updates=7730, lr=3.1296e-05, gnorm=2.787, clip=100, loss_scale=256, train_wall=41, gb_free=7.4, wall=44748
2023-03-28 10:10:19 - progress_bar.py[line:272] - INFO: epoch 005:    240 / 1878 loss=5.279, loss_v1=0, loss_v2=0, nll_loss=4.384, ntokens=320, nsentences=64, sample_size=320, sample_size_v1=0, sample_size_v2=0, ppl=20.88, wps=77.2, ups=0.24, wpb=320, bsz=64, num_updates=7740, lr=3.12677e-05, gnorm=2.787, clip=100, loss_scale=512, train_wall=41, gb_free=7.4, wall=44789
2023-03-28 10:10:27 - trainer.py[line:921] - INFO: NOTE: gradient overflow detected, ignoring gradient, setting loss scale to: 256.0
2023-03-28 10:11:04 - progress_bar.py[line:272] - INFO: epoch 005:    251 / 1878 loss=5.27, loss_v1=0, loss_v2=0, nll_loss=4.372, ntokens=320, nsentences=64, sample_size=320, sample_size_v1=0, sample_size_v2=0, ppl=20.7, wps=71.5, ups=0.22, wpb=320, bsz=64, num_updates=7750, lr=3.12394e-05, gnorm=2.696, clip=100, loss_scale=256, train_wall=45, gb_free=7.4, wall=44834
2023-03-28 10:11:45 - progress_bar.py[line:272] - INFO: epoch 005:    261 / 1878 loss=5.252, loss_v1=0, loss_v2=0, nll_loss=4.354, ntokens=320, nsentences=64, sample_size=320, sample_size_v1=0, sample_size_v2=0, ppl=20.45, wps=78.3, ups=0.24, wpb=320, bsz=64, num_updates=7760, lr=3.12111e-05, gnorm=2.709, clip=100, loss_scale=256, train_wall=41, gb_free=7.4, wall=44875
2023-03-28 10:12:25 - progress_bar.py[line:272] - INFO: epoch 005:    271 / 1878 loss=5.224, loss_v1=0, loss_v2=0, nll_loss=4.32, ntokens=320, nsentences=64, sample_size=320, sample_size_v1=0, sample_size_v2=0, ppl=19.98, wps=78.5, ups=0.25, wpb=320, bsz=64, num_updates=7770, lr=3.11827e-05, gnorm=2.695, clip=100, loss_scale=256, train_wall=41, gb_free=7.4, wall=44916
2023-03-28 10:13:06 - progress_bar.py[line:272] - INFO: epoch 005:    281 / 1878 loss=5.23, loss_v1=0, loss_v2=0, nll_loss=4.324, ntokens=320, nsentences=64, sample_size=320, sample_size_v1=0, sample_size_v2=0, ppl=20.03, wps=78.4, ups=0.25, wpb=320, bsz=64, num_updates=7780, lr=3.11544e-05, gnorm=2.722, clip=100, loss_scale=256, train_wall=41, gb_free=7.4, wall=44957
2023-03-28 10:13:47 - progress_bar.py[line:272] - INFO: epoch 005:    291 / 1878 loss=5.248, loss_v1=0, loss_v2=0, nll_loss=4.351, ntokens=320, nsentences=64, sample_size=320, sample_size_v1=0, sample_size_v2=0, ppl=20.41, wps=78.5, ups=0.25, wpb=320, bsz=64, num_updates=7790, lr=3.11261e-05, gnorm=2.793, clip=100, loss_scale=256, train_wall=40, gb_free=7.4, wall=44997
2023-03-28 10:14:28 - progress_bar.py[line:272] - INFO: epoch 005:    301 / 1878 loss=5.232, loss_v1=0, loss_v2=0, nll_loss=4.332, ntokens=320, nsentences=64, sample_size=320, sample_size_v1=0, sample_size_v2=0, ppl=20.14, wps=78.6, ups=0.25, wpb=320, bsz=64, num_updates=7800, lr=3.10978e-05, gnorm=2.726, clip=100, loss_scale=256, train_wall=40, gb_free=7.4, wall=45038
2023-03-28 10:15:08 - progress_bar.py[line:272] - INFO: epoch 005:    311 / 1878 loss=5.238, loss_v1=0, loss_v2=0, nll_loss=4.34, ntokens=320, nsentences=64, sample_size=320, sample_size_v1=0, sample_size_v2=0, ppl=20.25, wps=78.3, ups=0.24, wpb=320, bsz=64, num_updates=7810, lr=3.10694e-05, gnorm=2.702, clip=100, loss_scale=256, train_wall=41, gb_free=7.4, wall=45079
2023-03-28 10:15:49 - progress_bar.py[line:272] - INFO: epoch 005:    321 / 1878 loss=5.264, loss_v1=0, loss_v2=0, nll_loss=4.367, ntokens=320, nsentences=64, sample_size=320, sample_size_v1=0, sample_size_v2=0, ppl=20.64, wps=78.7, ups=0.25, wpb=320, bsz=64, num_updates=7820, lr=3.10411e-05, gnorm=2.814, clip=100, loss_scale=256, train_wall=40, gb_free=7.4, wall=45120
2023-03-28 10:16:30 - progress_bar.py[line:272] - INFO: epoch 005:    331 / 1878 loss=5.239, loss_v1=0, loss_v2=0, nll_loss=4.327, ntokens=320, nsentences=64, sample_size=320, sample_size_v1=0, sample_size_v2=0, ppl=20.07, wps=78.2, ups=0.24, wpb=320, bsz=64, num_updates=7830, lr=3.10128e-05, gnorm=2.762, clip=100, loss_scale=256, train_wall=41, gb_free=7.4, wall=45161
2023-03-28 10:17:11 - progress_bar.py[line:272] - INFO: epoch 005:    341 / 1878 loss=5.236, loss_v1=0, loss_v2=0, nll_loss=4.34, ntokens=320, nsentences=64, sample_size=320, sample_size_v1=0, sample_size_v2=0, ppl=20.25, wps=78.4, ups=0.25, wpb=320, bsz=64, num_updates=7840, lr=3.09845e-05, gnorm=2.739, clip=100, loss_scale=256, train_wall=41, gb_free=7.4, wall=45201
2023-03-28 10:17:52 - progress_bar.py[line:272] - INFO: epoch 005:    351 / 1878 loss=5.205, loss_v1=0, loss_v2=0, nll_loss=4.304, ntokens=320, nsentences=64, sample_size=320, sample_size_v1=0, sample_size_v2=0, ppl=19.75, wps=77.9, ups=0.24, wpb=320, bsz=64, num_updates=7850, lr=3.09562e-05, gnorm=2.793, clip=100, loss_scale=256, train_wall=41, gb_free=7.4, wall=45242
2023-03-28 10:18:33 - progress_bar.py[line:272] - INFO: epoch 005:    361 / 1878 loss=5.212, loss_v1=0, loss_v2=0, nll_loss=4.304, ntokens=320, nsentences=64, sample_size=320, sample_size_v1=0, sample_size_v2=0, ppl=19.76, wps=78, ups=0.24, wpb=320, bsz=64, num_updates=7860, lr=3.09278e-05, gnorm=2.819, clip=100, loss_scale=256, train_wall=41, gb_free=7.4, wall=45283
2023-03-28 10:19:14 - progress_bar.py[line:272] - INFO: epoch 005:    371 / 1878 loss=5.254, loss_v1=0, loss_v2=0, nll_loss=4.354, ntokens=320, nsentences=64, sample_size=320, sample_size_v1=0, sample_size_v2=0, ppl=20.45, wps=78.3, ups=0.24, wpb=320, bsz=64, num_updates=7870, lr=3.08995e-05, gnorm=2.751, clip=100, loss_scale=256, train_wall=40, gb_free=7.4, wall=45324
2023-03-28 10:19:55 - progress_bar.py[line:272] - INFO: epoch 005:    381 / 1878 loss=5.236, loss_v1=0, loss_v2=0, nll_loss=4.342, ntokens=320, nsentences=64, sample_size=320, sample_size_v1=0, sample_size_v2=0, ppl=20.28, wps=78.4, ups=0.25, wpb=320, bsz=64, num_updates=7880, lr=3.08712e-05, gnorm=2.859, clip=100, loss_scale=256, train_wall=41, gb_free=7.4, wall=45365
2023-03-28 10:20:35 - progress_bar.py[line:272] - INFO: epoch 005:    391 / 1878 loss=5.244, loss_v1=0, loss_v2=0, nll_loss=4.336, ntokens=320, nsentences=64, sample_size=320, sample_size_v1=0, sample_size_v2=0, ppl=20.19, wps=78.5, ups=0.25, wpb=320, bsz=64, num_updates=7890, lr=3.08429e-05, gnorm=2.834, clip=100, loss_scale=256, train_wall=41, gb_free=7.4, wall=45406
2023-03-28 10:21:16 - progress_bar.py[line:272] - INFO: epoch 005:    401 / 1878 loss=5.259, loss_v1=0, loss_v2=0, nll_loss=4.363, ntokens=320, nsentences=64, sample_size=320, sample_size_v1=0, sample_size_v2=0, ppl=20.57, wps=78.4, ups=0.25, wpb=320, bsz=64, num_updates=7900, lr=3.08145e-05, gnorm=2.765, clip=100, loss_scale=256, train_wall=41, gb_free=7.4, wall=45447
2023-03-28 10:21:57 - progress_bar.py[line:272] - INFO: epoch 005:    411 / 1878 loss=5.24, loss_v1=0, loss_v2=0, nll_loss=4.342, ntokens=320, nsentences=64, sample_size=320, sample_size_v1=0, sample_size_v2=0, ppl=20.28, wps=78.2, ups=0.24, wpb=320, bsz=64, num_updates=7910, lr=3.07862e-05, gnorm=2.784, clip=100, loss_scale=256, train_wall=41, gb_free=7.4, wall=45488
2023-03-28 10:22:38 - progress_bar.py[line:272] - INFO: epoch 005:    421 / 1878 loss=5.212, loss_v1=0, loss_v2=0, nll_loss=4.305, ntokens=320, nsentences=64, sample_size=320, sample_size_v1=0, sample_size_v2=0, ppl=19.77, wps=78.2, ups=0.24, wpb=320, bsz=64, num_updates=7920, lr=3.07579e-05, gnorm=2.799, clip=100, loss_scale=256, train_wall=41, gb_free=7.4, wall=45529
2023-03-28 10:23:19 - progress_bar.py[line:272] - INFO: epoch 005:    431 / 1878 loss=5.181, loss_v1=0, loss_v2=0, nll_loss=4.271, ntokens=320, nsentences=64, sample_size=320, sample_size_v1=0, sample_size_v2=0, ppl=19.31, wps=77.5, ups=0.24, wpb=320, bsz=64, num_updates=7930, lr=3.07296e-05, gnorm=2.752, clip=100, loss_scale=256, train_wall=41, gb_free=7.4, wall=45570
2023-03-28 10:24:00 - progress_bar.py[line:272] - INFO: epoch 005:    441 / 1878 loss=5.231, loss_v1=0, loss_v2=0, nll_loss=4.331, ntokens=320, nsentences=64, sample_size=320, sample_size_v1=0, sample_size_v2=0, ppl=20.13, wps=78.5, ups=0.25, wpb=320, bsz=64, num_updates=7940, lr=3.07013e-05, gnorm=2.902, clip=100, loss_scale=256, train_wall=40, gb_free=7.4, wall=45611
2023-03-28 10:24:41 - progress_bar.py[line:272] - INFO: epoch 005:    451 / 1878 loss=5.195, loss_v1=0, loss_v2=0, nll_loss=4.293, ntokens=320, nsentences=64, sample_size=320, sample_size_v1=0, sample_size_v2=0, ppl=19.6, wps=78.5, ups=0.25, wpb=320, bsz=64, num_updates=7950, lr=3.06729e-05, gnorm=2.792, clip=100, loss_scale=256, train_wall=40, gb_free=7.4, wall=45651
2023-03-28 10:25:22 - progress_bar.py[line:272] - INFO: epoch 005:    461 / 1878 loss=5.246, loss_v1=0, loss_v2=0, nll_loss=4.344, ntokens=320, nsentences=64, sample_size=320, sample_size_v1=0, sample_size_v2=0, ppl=20.31, wps=78.7, ups=0.25, wpb=320, bsz=64, num_updates=7960, lr=3.06446e-05, gnorm=2.86, clip=100, loss_scale=256, train_wall=40, gb_free=7.4, wall=45692
2023-03-28 10:26:03 - progress_bar.py[line:272] - INFO: epoch 005:    471 / 1878 loss=5.222, loss_v1=0, loss_v2=0, nll_loss=4.317, ntokens=320, nsentences=64, sample_size=320, sample_size_v1=0, sample_size_v2=0, ppl=19.94, wps=77.8, ups=0.24, wpb=320, bsz=64, num_updates=7970, lr=3.06163e-05, gnorm=2.8, clip=100, loss_scale=256, train_wall=41, gb_free=7.4, wall=45733
2023-03-28 10:26:43 - progress_bar.py[line:272] - INFO: epoch 005:    481 / 1878 loss=5.211, loss_v1=0, loss_v2=0, nll_loss=4.31, ntokens=320, nsentences=64, sample_size=320, sample_size_v1=0, sample_size_v2=0, ppl=19.84, wps=78.7, ups=0.25, wpb=320, bsz=64, num_updates=7980, lr=3.0588e-05, gnorm=2.826, clip=100, loss_scale=256, train_wall=40, gb_free=7.4, wall=45774
2023-03-28 10:27:25 - progress_bar.py[line:272] - INFO: epoch 005:    491 / 1878 loss=5.175, loss_v1=0, loss_v2=0, nll_loss=4.268, ntokens=320, nsentences=64, sample_size=320, sample_size_v1=0, sample_size_v2=0, ppl=19.26, wps=77.8, ups=0.24, wpb=320, bsz=64, num_updates=7990, lr=3.05596e-05, gnorm=2.77, clip=100, loss_scale=256, train_wall=41, gb_free=7.4, wall=45815
2023-03-28 10:28:06 - progress_bar.py[line:272] - INFO: epoch 005:    501 / 1878 loss=5.233, loss_v1=0, loss_v2=0, nll_loss=4.329, ntokens=320, nsentences=64, sample_size=320, sample_size_v1=0, sample_size_v2=0, ppl=20.09, wps=77.8, ups=0.24, wpb=320, bsz=64, num_updates=8000, lr=3.05313e-05, gnorm=2.827, clip=100, loss_scale=256, train_wall=41, gb_free=7.4, wall=45856
2023-03-28 10:28:06 - train.py[line:445] - INFO: begin validation on "valid" subset
slice_id 0 seek offset 0
slice_id 1 seek offset 5379
slice_id 0 seek offset 0
slice_id 1 seek offset 5379
2023-03-28 10:39:28 - progress_bar.py[line:282] - INFO: epoch 005 | valid on 'valid' subset | loss 5.711 | loss_v1 0 | loss_v2 0 | nll_loss 4.85 | ntokens 39.993 | nsentences 7.999 | sample_size 39.993 | sample_size_v1 0 | sample_size_v2 0 | ppl 28.84 | score 0.1012 | wps 78.9 | wpb 40 | bsz 8 | num_updates 8000 | best_score 0.1062
2023-03-28 10:39:28 - checkpoint_utils.py[line:64] - INFO: Preparing to save checkpoint for epoch 5 @ 8000 updates
2023-03-28 10:39:28 - trainer.py[line:431] - INFO: Saving checkpoint to ./refcocoplus_scratch_checkpoints/10_5e-5_512/checkpoint_5_8000.pt
2023-03-28 10:39:48 - trainer.py[line:441] - INFO: Finished saving checkpoint to ./refcocoplus_scratch_checkpoints/10_5e-5_512/checkpoint_5_8000.pt
2023-03-28 10:39:57 - checkpoint_utils.py[line:133] - INFO: Saved checkpoint ./refcocoplus_scratch_checkpoints/10_5e-5_512/checkpoint_5_8000.pt (epoch 5 @ 8000 updates, score 0.1012) (writing took 29.791256270371377 seconds)
2023-03-28 10:40:38 - progress_bar.py[line:272] - INFO: epoch 005:    511 / 1878 loss=5.212, loss_v1=0, loss_v2=0, nll_loss=4.308, ntokens=320, nsentences=64, sample_size=320, sample_size_v1=0, sample_size_v2=0, ppl=19.81, wps=4.3, ups=0.01, wpb=320, bsz=64, num_updates=8010, lr=3.0503e-05, gnorm=2.732, clip=100, loss_scale=256, train_wall=40, gb_free=7.4, wall=46608
2023-03-28 10:41:18 - progress_bar.py[line:272] - INFO: epoch 005:    521 / 1878 loss=5.227, loss_v1=0, loss_v2=0, nll_loss=4.328, ntokens=320, nsentences=64, sample_size=320, sample_size_v1=0, sample_size_v2=0, ppl=20.08, wps=78.3, ups=0.24, wpb=320, bsz=64, num_updates=8020, lr=3.04747e-05, gnorm=2.732, clip=100, loss_scale=256, train_wall=41, gb_free=7.4, wall=46649
2023-03-28 10:41:59 - progress_bar.py[line:272] - INFO: epoch 005:    531 / 1878 loss=5.269, loss_v1=0, loss_v2=0, nll_loss=4.369, ntokens=320, nsentences=64, sample_size=320, sample_size_v1=0, sample_size_v2=0, ppl=20.66, wps=78.6, ups=0.25, wpb=320, bsz=64, num_updates=8030, lr=3.04464e-05, gnorm=3.071, clip=100, loss_scale=256, train_wall=41, gb_free=7.4, wall=46690
2023-03-28 10:42:40 - progress_bar.py[line:272] - INFO: epoch 005:    541 / 1878 loss=5.213, loss_v1=0, loss_v2=0, nll_loss=4.315, ntokens=320, nsentences=64, sample_size=320, sample_size_v1=0, sample_size_v2=0, ppl=19.9, wps=78.3, ups=0.24, wpb=320, bsz=64, num_updates=8040, lr=3.0418e-05, gnorm=2.816, clip=100, loss_scale=256, train_wall=41, gb_free=7.4, wall=46731
2023-03-28 10:43:21 - progress_bar.py[line:272] - INFO: epoch 005:    551 / 1878 loss=5.199, loss_v1=0, loss_v2=0, nll_loss=4.295, ntokens=320, nsentences=64, sample_size=320, sample_size_v1=0, sample_size_v2=0, ppl=19.63, wps=78.8, ups=0.25, wpb=320, bsz=64, num_updates=8050, lr=3.03897e-05, gnorm=2.901, clip=100, loss_scale=256, train_wall=40, gb_free=7.4, wall=46771
2023-03-28 10:44:02 - progress_bar.py[line:272] - INFO: epoch 005:    561 / 1878 loss=5.201, loss_v1=0, loss_v2=0, nll_loss=4.292, ntokens=320, nsentences=64, sample_size=320, sample_size_v1=0, sample_size_v2=0, ppl=19.6, wps=78.3, ups=0.24, wpb=320, bsz=64, num_updates=8060, lr=3.03614e-05, gnorm=2.789, clip=100, loss_scale=256, train_wall=41, gb_free=7.4, wall=46812
2023-03-28 10:44:42 - progress_bar.py[line:272] - INFO: epoch 005:    571 / 1878 loss=5.182, loss_v1=0, loss_v2=0, nll_loss=4.276, ntokens=320, nsentences=64, sample_size=320, sample_size_v1=0, sample_size_v2=0, ppl=19.37, wps=78.1, ups=0.24, wpb=320, bsz=64, num_updates=8070, lr=3.03331e-05, gnorm=2.902, clip=100, loss_scale=256, train_wall=41, gb_free=7.4, wall=46853
2023-03-28 10:45:23 - progress_bar.py[line:272] - INFO: epoch 005:    581 / 1878 loss=5.212, loss_v1=0, loss_v2=0, nll_loss=4.308, ntokens=320, nsentences=64, sample_size=320, sample_size_v1=0, sample_size_v2=0, ppl=19.81, wps=78.9, ups=0.25, wpb=320, bsz=64, num_updates=8080, lr=3.03047e-05, gnorm=2.745, clip=100, loss_scale=256, train_wall=40, gb_free=7.4, wall=46894
2023-03-28 10:46:04 - progress_bar.py[line:272] - INFO: epoch 005:    591 / 1878 loss=5.208, loss_v1=0, loss_v2=0, nll_loss=4.303, ntokens=320, nsentences=64, sample_size=320, sample_size_v1=0, sample_size_v2=0, ppl=19.75, wps=78.2, ups=0.24, wpb=320, bsz=64, num_updates=8090, lr=3.02764e-05, gnorm=2.759, clip=100, loss_scale=256, train_wall=41, gb_free=7.4, wall=46935
2023-03-28 10:46:45 - progress_bar.py[line:272] - INFO: epoch 005:    601 / 1878 loss=5.2, loss_v1=0, loss_v2=0, nll_loss=4.294, ntokens=320, nsentences=64, sample_size=320, sample_size_v1=0, sample_size_v2=0, ppl=19.62, wps=78.4, ups=0.25, wpb=320, bsz=64, num_updates=8100, lr=3.02481e-05, gnorm=2.79, clip=100, loss_scale=256, train_wall=41, gb_free=7.4, wall=46975
2023-03-28 10:47:26 - progress_bar.py[line:272] - INFO: epoch 005:    611 / 1878 loss=5.239, loss_v1=0, loss_v2=0, nll_loss=4.335, ntokens=320, nsentences=64, sample_size=320, sample_size_v1=0, sample_size_v2=0, ppl=20.18, wps=78.1, ups=0.24, wpb=320, bsz=64, num_updates=8110, lr=3.02198e-05, gnorm=2.885, clip=100, loss_scale=256, train_wall=41, gb_free=7.4, wall=47016
2023-03-28 10:48:07 - progress_bar.py[line:272] - INFO: epoch 005:    621 / 1878 loss=5.241, loss_v1=0, loss_v2=0, nll_loss=4.344, ntokens=320, nsentences=64, sample_size=320, sample_size_v1=0, sample_size_v2=0, ppl=20.31, wps=77.2, ups=0.24, wpb=320, bsz=64, num_updates=8120, lr=3.01915e-05, gnorm=2.804, clip=100, loss_scale=256, train_wall=41, gb_free=7.4, wall=47058
2023-03-28 10:48:48 - progress_bar.py[line:272] - INFO: epoch 005:    631 / 1878 loss=5.247, loss_v1=0, loss_v2=0, nll_loss=4.349, ntokens=320, nsentences=64, sample_size=320, sample_size_v1=0, sample_size_v2=0, ppl=20.38, wps=78.1, ups=0.24, wpb=320, bsz=64, num_updates=8130, lr=3.01631e-05, gnorm=2.738, clip=100, loss_scale=256, train_wall=41, gb_free=7.4, wall=47099
2023-03-28 10:49:29 - progress_bar.py[line:272] - INFO: epoch 005:    641 / 1878 loss=5.236, loss_v1=0, loss_v2=0, nll_loss=4.334, ntokens=320, nsentences=64, sample_size=320, sample_size_v1=0, sample_size_v2=0, ppl=20.17, wps=78.1, ups=0.24, wpb=320, bsz=64, num_updates=8140, lr=3.01348e-05, gnorm=2.763, clip=100, loss_scale=256, train_wall=41, gb_free=7.4, wall=47140
2023-03-28 10:50:10 - progress_bar.py[line:272] - INFO: epoch 005:    651 / 1878 loss=5.201, loss_v1=0, loss_v2=0, nll_loss=4.295, ntokens=320, nsentences=64, sample_size=320, sample_size_v1=0, sample_size_v2=0, ppl=19.63, wps=78.3, ups=0.24, wpb=320, bsz=64, num_updates=8150, lr=3.01065e-05, gnorm=2.715, clip=100, loss_scale=256, train_wall=41, gb_free=7.4, wall=47181
2023-03-28 10:50:51 - progress_bar.py[line:272] - INFO: epoch 005:    661 / 1878 loss=5.227, loss_v1=0, loss_v2=0, nll_loss=4.325, ntokens=320, nsentences=64, sample_size=320, sample_size_v1=0, sample_size_v2=0, ppl=20.04, wps=77.9, ups=0.24, wpb=320, bsz=64, num_updates=8160, lr=3.00782e-05, gnorm=2.743, clip=100, loss_scale=256, train_wall=41, gb_free=7.4, wall=47222
2023-03-28 10:51:32 - progress_bar.py[line:272] - INFO: epoch 005:    671 / 1878 loss=5.216, loss_v1=0, loss_v2=0, nll_loss=4.314, ntokens=320, nsentences=64, sample_size=320, sample_size_v1=0, sample_size_v2=0, ppl=19.89, wps=78.2, ups=0.24, wpb=320, bsz=64, num_updates=8170, lr=3.00498e-05, gnorm=2.725, clip=100, loss_scale=256, train_wall=41, gb_free=7.4, wall=47263
2023-03-28 10:52:13 - progress_bar.py[line:272] - INFO: epoch 005:    681 / 1878 loss=5.217, loss_v1=0, loss_v2=0, nll_loss=4.315, ntokens=320, nsentences=64, sample_size=320, sample_size_v1=0, sample_size_v2=0, ppl=19.9, wps=78.1, ups=0.24, wpb=320, bsz=64, num_updates=8180, lr=3.00215e-05, gnorm=2.782, clip=100, loss_scale=256, train_wall=41, gb_free=7.4, wall=47304
2023-03-28 10:52:54 - progress_bar.py[line:272] - INFO: epoch 005:    691 / 1878 loss=5.219, loss_v1=0, loss_v2=0, nll_loss=4.317, ntokens=320, nsentences=64, sample_size=320, sample_size_v1=0, sample_size_v2=0, ppl=19.93, wps=77.6, ups=0.24, wpb=320, bsz=64, num_updates=8190, lr=2.99932e-05, gnorm=2.754, clip=100, loss_scale=256, train_wall=41, gb_free=7.4, wall=47345
2023-03-28 10:53:35 - progress_bar.py[line:272] - INFO: epoch 005:    701 / 1878 loss=5.209, loss_v1=0, loss_v2=0, nll_loss=4.308, ntokens=320, nsentences=64, sample_size=320, sample_size_v1=0, sample_size_v2=0, ppl=19.81, wps=78.3, ups=0.24, wpb=320, bsz=64, num_updates=8200, lr=2.99649e-05, gnorm=2.707, clip=100, loss_scale=256, train_wall=41, gb_free=7.4, wall=47386
2023-03-28 10:54:16 - progress_bar.py[line:272] - INFO: epoch 005:    711 / 1878 loss=5.176, loss_v1=0, loss_v2=0, nll_loss=4.268, ntokens=320, nsentences=64, sample_size=320, sample_size_v1=0, sample_size_v2=0, ppl=19.26, wps=78, ups=0.24, wpb=320, bsz=64, num_updates=8210, lr=2.99366e-05, gnorm=2.715, clip=100, loss_scale=256, train_wall=41, gb_free=7.4, wall=47427
2023-03-28 10:54:57 - progress_bar.py[line:272] - INFO: epoch 005:    721 / 1878 loss=5.166, loss_v1=0, loss_v2=0, nll_loss=4.248, ntokens=320, nsentences=64, sample_size=320, sample_size_v1=0, sample_size_v2=0, ppl=19, wps=77.7, ups=0.24, wpb=320, bsz=64, num_updates=8220, lr=2.99082e-05, gnorm=2.751, clip=100, loss_scale=256, train_wall=41, gb_free=7.4, wall=47468
2023-03-28 10:55:38 - progress_bar.py[line:272] - INFO: epoch 005:    731 / 1878 loss=5.172, loss_v1=0, loss_v2=0, nll_loss=4.266, ntokens=320, nsentences=64, sample_size=320, sample_size_v1=0, sample_size_v2=0, ppl=19.24, wps=77.8, ups=0.24, wpb=320, bsz=64, num_updates=8230, lr=2.98799e-05, gnorm=2.746, clip=100, loss_scale=256, train_wall=41, gb_free=7.4, wall=47509
2023-03-28 10:56:19 - progress_bar.py[line:272] - INFO: epoch 005:    741 / 1878 loss=5.192, loss_v1=0, loss_v2=0, nll_loss=4.293, ntokens=320, nsentences=64, sample_size=320, sample_size_v1=0, sample_size_v2=0, ppl=19.6, wps=78.7, ups=0.25, wpb=320, bsz=64, num_updates=8240, lr=2.98516e-05, gnorm=2.839, clip=100, loss_scale=256, train_wall=40, gb_free=7.4, wall=47550
2023-03-28 10:57:00 - progress_bar.py[line:272] - INFO: epoch 005:    751 / 1878 loss=5.174, loss_v1=0, loss_v2=0, nll_loss=4.259, ntokens=320, nsentences=64, sample_size=320, sample_size_v1=0, sample_size_v2=0, ppl=19.15, wps=78.1, ups=0.24, wpb=320, bsz=64, num_updates=8250, lr=2.98233e-05, gnorm=2.699, clip=100, loss_scale=256, train_wall=41, gb_free=7.4, wall=47591
2023-03-28 10:57:41 - progress_bar.py[line:272] - INFO: epoch 005:    761 / 1878 loss=5.149, loss_v1=0, loss_v2=0, nll_loss=4.238, ntokens=320, nsentences=64, sample_size=320, sample_size_v1=0, sample_size_v2=0, ppl=18.86, wps=78.6, ups=0.25, wpb=320, bsz=64, num_updates=8260, lr=2.97949e-05, gnorm=2.658, clip=100, loss_scale=512, train_wall=40, gb_free=7.4, wall=47631
2023-03-28 10:58:22 - progress_bar.py[line:272] - INFO: epoch 005:    771 / 1878 loss=5.165, loss_v1=0, loss_v2=0, nll_loss=4.264, ntokens=320, nsentences=64, sample_size=320, sample_size_v1=0, sample_size_v2=0, ppl=19.21, wps=78.3, ups=0.24, wpb=320, bsz=64, num_updates=8270, lr=2.97666e-05, gnorm=2.67, clip=100, loss_scale=512, train_wall=41, gb_free=7.4, wall=47672
2023-03-28 10:59:03 - progress_bar.py[line:272] - INFO: epoch 005:    781 / 1878 loss=5.188, loss_v1=0, loss_v2=0, nll_loss=4.276, ntokens=320, nsentences=64, sample_size=320, sample_size_v1=0, sample_size_v2=0, ppl=19.38, wps=78.1, ups=0.24, wpb=320, bsz=64, num_updates=8280, lr=2.97383e-05, gnorm=2.712, clip=100, loss_scale=512, train_wall=41, gb_free=7.4, wall=47713
2023-03-28 10:59:43 - progress_bar.py[line:272] - INFO: epoch 005:    791 / 1878 loss=5.158, loss_v1=0, loss_v2=0, nll_loss=4.244, ntokens=320, nsentences=64, sample_size=320, sample_size_v1=0, sample_size_v2=0, ppl=18.95, wps=78.4, ups=0.24, wpb=320, bsz=64, num_updates=8290, lr=2.971e-05, gnorm=2.704, clip=100, loss_scale=512, train_wall=41, gb_free=7.4, wall=47754
2023-03-28 11:00:24 - progress_bar.py[line:272] - INFO: epoch 005:    801 / 1878 loss=5.132, loss_v1=0, loss_v2=0, nll_loss=4.223, ntokens=320, nsentences=64, sample_size=320, sample_size_v1=0, sample_size_v2=0, ppl=18.67, wps=78.3, ups=0.24, wpb=320, bsz=64, num_updates=8300, lr=2.96817e-05, gnorm=2.704, clip=100, loss_scale=512, train_wall=41, gb_free=7.4, wall=47795
2023-03-28 11:01:05 - progress_bar.py[line:272] - INFO: epoch 005:    811 / 1878 loss=5.141, loss_v1=0, loss_v2=0, nll_loss=4.231, ntokens=320, nsentences=64, sample_size=320, sample_size_v1=0, sample_size_v2=0, ppl=18.78, wps=77.9, ups=0.24, wpb=320, bsz=64, num_updates=8310, lr=2.96533e-05, gnorm=2.622, clip=100, loss_scale=512, train_wall=41, gb_free=7.4, wall=47836
2023-03-28 11:01:46 - progress_bar.py[line:272] - INFO: epoch 005:    821 / 1878 loss=5.199, loss_v1=0, loss_v2=0, nll_loss=4.292, ntokens=320, nsentences=64, sample_size=320, sample_size_v1=0, sample_size_v2=0, ppl=19.59, wps=77.9, ups=0.24, wpb=320, bsz=64, num_updates=8320, lr=2.9625e-05, gnorm=2.59, clip=100, loss_scale=512, train_wall=41, gb_free=7.4, wall=47877
2023-03-28 11:02:28 - progress_bar.py[line:272] - INFO: epoch 005:    831 / 1878 loss=5.156, loss_v1=0, loss_v2=0, nll_loss=4.244, ntokens=320, nsentences=64, sample_size=320, sample_size_v1=0, sample_size_v2=0, ppl=18.94, wps=77.6, ups=0.24, wpb=320, bsz=64, num_updates=8330, lr=2.95967e-05, gnorm=2.696, clip=100, loss_scale=512, train_wall=41, gb_free=7.4, wall=47918
2023-03-28 11:03:09 - progress_bar.py[line:272] - INFO: epoch 005:    841 / 1878 loss=5.169, loss_v1=0, loss_v2=0, nll_loss=4.258, ntokens=320, nsentences=64, sample_size=320, sample_size_v1=0, sample_size_v2=0, ppl=19.14, wps=78, ups=0.24, wpb=320, bsz=64, num_updates=8340, lr=2.95684e-05, gnorm=2.725, clip=100, loss_scale=512, train_wall=41, gb_free=7.4, wall=47959
2023-03-28 11:03:50 - progress_bar.py[line:272] - INFO: epoch 005:    851 / 1878 loss=5.165, loss_v1=0, loss_v2=0, nll_loss=4.253, ntokens=320, nsentences=64, sample_size=320, sample_size_v1=0, sample_size_v2=0, ppl=19.07, wps=78.3, ups=0.24, wpb=320, bsz=64, num_updates=8350, lr=2.954e-05, gnorm=2.833, clip=100, loss_scale=512, train_wall=41, gb_free=7.4, wall=48000
2023-03-28 11:04:14 - trainer.py[line:921] - INFO: NOTE: gradient overflow detected, ignoring gradient, setting loss scale to: 256.0
2023-03-28 11:04:34 - progress_bar.py[line:272] - INFO: epoch 005:    862 / 1878 loss=5.169, loss_v1=0, loss_v2=0, nll_loss=4.258, ntokens=320, nsentences=64, sample_size=320, sample_size_v1=0, sample_size_v2=0, ppl=19.14, wps=71.4, ups=0.22, wpb=320, bsz=64, num_updates=8360, lr=2.95117e-05, gnorm=2.734, clip=100, loss_scale=256, train_wall=45, gb_free=7.4, wall=48045
2023-03-28 11:05:15 - progress_bar.py[line:272] - INFO: epoch 005:    872 / 1878 loss=5.174, loss_v1=0, loss_v2=0, nll_loss=4.269, ntokens=320, nsentences=64, sample_size=320, sample_size_v1=0, sample_size_v2=0, ppl=19.28, wps=78.3, ups=0.24, wpb=320, bsz=64, num_updates=8370, lr=2.94834e-05, gnorm=2.724, clip=100, loss_scale=256, train_wall=41, gb_free=7.4, wall=48086
2023-03-28 11:05:56 - progress_bar.py[line:272] - INFO: epoch 005:    882 / 1878 loss=5.207, loss_v1=0, loss_v2=0, nll_loss=4.303, ntokens=320, nsentences=64, sample_size=320, sample_size_v1=0, sample_size_v2=0, ppl=19.74, wps=77.9, ups=0.24, wpb=320, bsz=64, num_updates=8380, lr=2.94551e-05, gnorm=2.858, clip=100, loss_scale=256, train_wall=41, gb_free=7.4, wall=48127
2023-03-28 11:06:37 - progress_bar.py[line:272] - INFO: epoch 005:    892 / 1878 loss=5.113, loss_v1=0, loss_v2=0, nll_loss=4.2, ntokens=320, nsentences=64, sample_size=320, sample_size_v1=0, sample_size_v2=0, ppl=18.38, wps=78.4, ups=0.25, wpb=320, bsz=64, num_updates=8390, lr=2.94268e-05, gnorm=2.706, clip=100, loss_scale=256, train_wall=41, gb_free=7.4, wall=48168
2023-03-28 11:07:18 - progress_bar.py[line:272] - INFO: epoch 005:    902 / 1878 loss=5.16, loss_v1=0, loss_v2=0, nll_loss=4.246, ntokens=320, nsentences=64, sample_size=320, sample_size_v1=0, sample_size_v2=0, ppl=18.98, wps=78.2, ups=0.24, wpb=320, bsz=64, num_updates=8400, lr=2.93984e-05, gnorm=2.683, clip=100, loss_scale=256, train_wall=41, gb_free=7.4, wall=48209
2023-03-28 11:07:59 - progress_bar.py[line:272] - INFO: epoch 005:    912 / 1878 loss=5.154, loss_v1=0, loss_v2=0, nll_loss=4.242, ntokens=320, nsentences=64, sample_size=320, sample_size_v1=0, sample_size_v2=0, ppl=18.93, wps=78, ups=0.24, wpb=320, bsz=64, num_updates=8410, lr=2.93701e-05, gnorm=2.743, clip=100, loss_scale=256, train_wall=41, gb_free=7.4, wall=48250
2023-03-28 11:08:40 - progress_bar.py[line:272] - INFO: epoch 005:    922 / 1878 loss=5.119, loss_v1=0, loss_v2=0, nll_loss=4.203, ntokens=320, nsentences=64, sample_size=320, sample_size_v1=0, sample_size_v2=0, ppl=18.41, wps=78.3, ups=0.24, wpb=320, bsz=64, num_updates=8420, lr=2.93418e-05, gnorm=2.743, clip=100, loss_scale=256, train_wall=41, gb_free=7.4, wall=48291
2023-03-28 11:09:21 - progress_bar.py[line:272] - INFO: epoch 005:    932 / 1878 loss=5.154, loss_v1=0, loss_v2=0, nll_loss=4.241, ntokens=320, nsentences=64, sample_size=320, sample_size_v1=0, sample_size_v2=0, ppl=18.91, wps=78.2, ups=0.24, wpb=320, bsz=64, num_updates=8430, lr=2.93135e-05, gnorm=2.85, clip=100, loss_scale=256, train_wall=41, gb_free=7.4, wall=48331
2023-03-28 11:10:02 - progress_bar.py[line:272] - INFO: epoch 005:    942 / 1878 loss=5.125, loss_v1=0, loss_v2=0, nll_loss=4.216, ntokens=320, nsentences=64, sample_size=320, sample_size_v1=0, sample_size_v2=0, ppl=18.58, wps=78.7, ups=0.25, wpb=320, bsz=64, num_updates=8440, lr=2.92851e-05, gnorm=2.701, clip=100, loss_scale=256, train_wall=40, gb_free=7.4, wall=48372
2023-03-28 11:10:43 - progress_bar.py[line:272] - INFO: epoch 005:    952 / 1878 loss=5.177, loss_v1=0, loss_v2=0, nll_loss=4.264, ntokens=320, nsentences=64, sample_size=320, sample_size_v1=0, sample_size_v2=0, ppl=19.21, wps=78.1, ups=0.24, wpb=320, bsz=64, num_updates=8450, lr=2.92568e-05, gnorm=2.787, clip=100, loss_scale=256, train_wall=41, gb_free=7.4, wall=48413
2023-03-28 11:11:23 - progress_bar.py[line:272] - INFO: epoch 005:    962 / 1878 loss=5.128, loss_v1=0, loss_v2=0, nll_loss=4.208, ntokens=320, nsentences=64, sample_size=320, sample_size_v1=0, sample_size_v2=0, ppl=18.49, wps=78.2, ups=0.24, wpb=320, bsz=64, num_updates=8460, lr=2.92285e-05, gnorm=2.776, clip=100, loss_scale=256, train_wall=41, gb_free=7.4, wall=48454
2023-03-28 11:12:04 - progress_bar.py[line:272] - INFO: epoch 005:    972 / 1878 loss=5.162, loss_v1=0, loss_v2=0, nll_loss=4.255, ntokens=320, nsentences=64, sample_size=320, sample_size_v1=0, sample_size_v2=0, ppl=19.1, wps=78.8, ups=0.25, wpb=320, bsz=64, num_updates=8470, lr=2.92002e-05, gnorm=2.779, clip=100, loss_scale=256, train_wall=40, gb_free=7.4, wall=48495
2023-03-28 11:12:45 - progress_bar.py[line:272] - INFO: epoch 005:    982 / 1878 loss=5.133, loss_v1=0, loss_v2=0, nll_loss=4.221, ntokens=320, nsentences=64, sample_size=320, sample_size_v1=0, sample_size_v2=0, ppl=18.65, wps=78.2, ups=0.24, wpb=320, bsz=64, num_updates=8480, lr=2.91719e-05, gnorm=2.729, clip=100, loss_scale=256, train_wall=41, gb_free=7.4, wall=48536
2023-03-28 11:13:26 - progress_bar.py[line:272] - INFO: epoch 005:    992 / 1878 loss=5.162, loss_v1=0, loss_v2=0, nll_loss=4.251, ntokens=320, nsentences=64, sample_size=320, sample_size_v1=0, sample_size_v2=0, ppl=19.05, wps=78.3, ups=0.24, wpb=320, bsz=64, num_updates=8490, lr=2.91435e-05, gnorm=2.739, clip=100, loss_scale=256, train_wall=41, gb_free=7.4, wall=48576
2023-03-28 11:14:07 - progress_bar.py[line:272] - INFO: epoch 005:   1002 / 1878 loss=5.193, loss_v1=0, loss_v2=0, nll_loss=4.288, ntokens=320, nsentences=64, sample_size=320, sample_size_v1=0, sample_size_v2=0, ppl=19.53, wps=78.6, ups=0.25, wpb=320, bsz=64, num_updates=8500, lr=2.91152e-05, gnorm=2.763, clip=100, loss_scale=256, train_wall=40, gb_free=7.4, wall=48617
2023-03-28 11:14:07 - train.py[line:445] - INFO: begin validation on "valid" subset
slice_id 0 seek offset 0
slice_id 1 seek offset 5379
slice_id 0 seek offset 0
slice_id 1 seek offset 5379
2023-03-28 11:25:27 - progress_bar.py[line:282] - INFO: epoch 005 | valid on 'valid' subset | loss 5.74 | loss_v1 0 | loss_v2 0 | nll_loss 4.879 | ntokens 39.993 | nsentences 7.999 | sample_size 39.993 | sample_size_v1 0 | sample_size_v2 0 | ppl 29.42 | score 0.1085 | wps 79.1 | wpb 40 | bsz 8 | num_updates 8500 | best_score 0.1085
2023-03-28 11:25:27 - checkpoint_utils.py[line:64] - INFO: Preparing to save checkpoint for epoch 5 @ 8500 updates
2023-03-28 11:25:27 - trainer.py[line:431] - INFO: Saving checkpoint to ./refcocoplus_scratch_checkpoints/10_5e-5_512/checkpoint_5_8500.pt
2023-03-28 11:25:48 - trainer.py[line:441] - INFO: Finished saving checkpoint to ./refcocoplus_scratch_checkpoints/10_5e-5_512/checkpoint_5_8500.pt
2023-03-28 11:26:19 - checkpoint_utils.py[line:133] - INFO: Saved checkpoint ./refcocoplus_scratch_checkpoints/10_5e-5_512/checkpoint_5_8500.pt (epoch 5 @ 8500 updates, score 0.1085) (writing took 51.645753995515406 seconds)
2023-03-28 11:26:59 - progress_bar.py[line:272] - INFO: epoch 005:   1012 / 1878 loss=5.144, loss_v1=0, loss_v2=0, nll_loss=4.231, ntokens=320, nsentences=64, sample_size=320, sample_size_v1=0, sample_size_v2=0, ppl=18.78, wps=4.1, ups=0.01, wpb=320, bsz=64, num_updates=8510, lr=2.90869e-05, gnorm=2.809, clip=100, loss_scale=256, train_wall=40, gb_free=7.4, wall=49390
2023-03-28 11:27:40 - progress_bar.py[line:272] - INFO: epoch 005:   1022 / 1878 loss=5.177, loss_v1=0, loss_v2=0, nll_loss=4.264, ntokens=320, nsentences=64, sample_size=320, sample_size_v1=0, sample_size_v2=0, ppl=19.21, wps=78, ups=0.24, wpb=320, bsz=64, num_updates=8520, lr=2.90586e-05, gnorm=2.718, clip=100, loss_scale=256, train_wall=41, gb_free=7.4, wall=49431
2023-03-28 11:28:21 - progress_bar.py[line:272] - INFO: epoch 005:   1032 / 1878 loss=5.177, loss_v1=0, loss_v2=0, nll_loss=4.268, ntokens=320, nsentences=64, sample_size=320, sample_size_v1=0, sample_size_v2=0, ppl=19.27, wps=78.5, ups=0.25, wpb=320, bsz=64, num_updates=8530, lr=2.90302e-05, gnorm=2.733, clip=100, loss_scale=256, train_wall=41, gb_free=7.4, wall=49471
2023-03-28 11:29:02 - progress_bar.py[line:272] - INFO: epoch 005:   1042 / 1878 loss=5.138, loss_v1=0, loss_v2=0, nll_loss=4.229, ntokens=320, nsentences=64, sample_size=320, sample_size_v1=0, sample_size_v2=0, ppl=18.75, wps=78.5, ups=0.25, wpb=320, bsz=64, num_updates=8540, lr=2.90019e-05, gnorm=2.701, clip=100, loss_scale=256, train_wall=40, gb_free=7.4, wall=49512
2023-03-28 11:29:42 - progress_bar.py[line:272] - INFO: epoch 005:   1052 / 1878 loss=5.175, loss_v1=0, loss_v2=0, nll_loss=4.266, ntokens=320, nsentences=64, sample_size=320, sample_size_v1=0, sample_size_v2=0, ppl=19.24, wps=78.5, ups=0.25, wpb=320, bsz=64, num_updates=8550, lr=2.89736e-05, gnorm=2.778, clip=100, loss_scale=256, train_wall=41, gb_free=7.4, wall=49553
2023-03-28 11:30:23 - progress_bar.py[line:272] - INFO: epoch 005:   1062 / 1878 loss=5.151, loss_v1=0, loss_v2=0, nll_loss=4.238, ntokens=320, nsentences=64, sample_size=320, sample_size_v1=0, sample_size_v2=0, ppl=18.86, wps=78.3, ups=0.24, wpb=320, bsz=64, num_updates=8560, lr=2.89453e-05, gnorm=2.78, clip=100, loss_scale=256, train_wall=41, gb_free=7.4, wall=49594
2023-03-28 11:31:04 - progress_bar.py[line:272] - INFO: epoch 005:   1072 / 1878 loss=5.122, loss_v1=0, loss_v2=0, nll_loss=4.209, ntokens=320, nsentences=64, sample_size=320, sample_size_v1=0, sample_size_v2=0, ppl=18.5, wps=78.7, ups=0.25, wpb=320, bsz=64, num_updates=8570, lr=2.8917e-05, gnorm=2.759, clip=100, loss_scale=256, train_wall=40, gb_free=7.4, wall=49635
2023-03-28 11:31:45 - progress_bar.py[line:272] - INFO: epoch 005:   1082 / 1878 loss=5.148, loss_v1=0, loss_v2=0, nll_loss=4.239, ntokens=320, nsentences=64, sample_size=320, sample_size_v1=0, sample_size_v2=0, ppl=18.88, wps=77.9, ups=0.24, wpb=320, bsz=64, num_updates=8580, lr=2.88886e-05, gnorm=2.75, clip=100, loss_scale=256, train_wall=41, gb_free=7.4, wall=49676
2023-03-28 11:32:26 - progress_bar.py[line:272] - INFO: epoch 005:   1092 / 1878 loss=5.091, loss_v1=0, loss_v2=0, nll_loss=4.171, ntokens=320, nsentences=64, sample_size=320, sample_size_v1=0, sample_size_v2=0, ppl=18.02, wps=78, ups=0.24, wpb=320, bsz=64, num_updates=8590, lr=2.88603e-05, gnorm=2.676, clip=100, loss_scale=256, train_wall=41, gb_free=7.4, wall=49717
2023-03-28 11:33:07 - progress_bar.py[line:272] - INFO: epoch 005:   1102 / 1878 loss=5.172, loss_v1=0, loss_v2=0, nll_loss=4.262, ntokens=320, nsentences=64, sample_size=320, sample_size_v1=0, sample_size_v2=0, ppl=19.19, wps=78.7, ups=0.25, wpb=320, bsz=64, num_updates=8600, lr=2.8832e-05, gnorm=2.863, clip=100, loss_scale=256, train_wall=40, gb_free=7.4, wall=49757
2023-03-28 11:33:48 - progress_bar.py[line:272] - INFO: epoch 005:   1112 / 1878 loss=5.133, loss_v1=0, loss_v2=0, nll_loss=4.222, ntokens=320, nsentences=64, sample_size=320, sample_size_v1=0, sample_size_v2=0, ppl=18.67, wps=78.1, ups=0.24, wpb=320, bsz=64, num_updates=8610, lr=2.88037e-05, gnorm=2.765, clip=100, loss_scale=256, train_wall=41, gb_free=7.4, wall=49798
2023-03-28 11:34:28 - progress_bar.py[line:272] - INFO: epoch 005:   1122 / 1878 loss=5.113, loss_v1=0, loss_v2=0, nll_loss=4.198, ntokens=320, nsentences=64, sample_size=320, sample_size_v1=0, sample_size_v2=0, ppl=18.35, wps=78.6, ups=0.25, wpb=320, bsz=64, num_updates=8620, lr=2.87753e-05, gnorm=2.804, clip=100, loss_scale=256, train_wall=40, gb_free=7.4, wall=49839
2023-03-28 11:35:09 - progress_bar.py[line:272] - INFO: epoch 005:   1132 / 1878 loss=5.158, loss_v1=0, loss_v2=0, nll_loss=4.248, ntokens=320, nsentences=64, sample_size=320, sample_size_v1=0, sample_size_v2=0, ppl=19.01, wps=78, ups=0.24, wpb=320, bsz=64, num_updates=8630, lr=2.8747e-05, gnorm=2.732, clip=100, loss_scale=256, train_wall=41, gb_free=7.4, wall=49880
2023-03-28 11:35:50 - progress_bar.py[line:272] - INFO: epoch 005:   1142 / 1878 loss=5.12, loss_v1=0, loss_v2=0, nll_loss=4.202, ntokens=320, nsentences=64, sample_size=320, sample_size_v1=0, sample_size_v2=0, ppl=18.4, wps=78.4, ups=0.24, wpb=320, bsz=64, num_updates=8640, lr=2.87187e-05, gnorm=2.808, clip=100, loss_scale=256, train_wall=41, gb_free=7.4, wall=49921
2023-03-28 11:36:31 - progress_bar.py[line:272] - INFO: epoch 005:   1152 / 1878 loss=5.196, loss_v1=0, loss_v2=0, nll_loss=4.291, ntokens=320, nsentences=64, sample_size=320, sample_size_v1=0, sample_size_v2=0, ppl=19.58, wps=78.4, ups=0.25, wpb=320, bsz=64, num_updates=8650, lr=2.86904e-05, gnorm=2.837, clip=100, loss_scale=256, train_wall=41, gb_free=7.4, wall=49962
2023-03-28 11:37:12 - progress_bar.py[line:272] - INFO: epoch 005:   1162 / 1878 loss=5.102, loss_v1=0, loss_v2=0, nll_loss=4.188, ntokens=320, nsentences=64, sample_size=320, sample_size_v1=0, sample_size_v2=0, ppl=18.22, wps=78.5, ups=0.25, wpb=320, bsz=64, num_updates=8660, lr=2.86621e-05, gnorm=2.757, clip=100, loss_scale=256, train_wall=41, gb_free=7.4, wall=50002
2023-03-28 11:37:53 - progress_bar.py[line:272] - INFO: epoch 005:   1172 / 1878 loss=5.154, loss_v1=0, loss_v2=0, nll_loss=4.245, ntokens=320, nsentences=64, sample_size=320, sample_size_v1=0, sample_size_v2=0, ppl=18.96, wps=78.4, ups=0.24, wpb=320, bsz=64, num_updates=8670, lr=2.86337e-05, gnorm=2.704, clip=100, loss_scale=256, train_wall=41, gb_free=7.4, wall=50043
2023-03-28 11:38:34 - progress_bar.py[line:272] - INFO: epoch 005:   1182 / 1878 loss=5.147, loss_v1=0, loss_v2=0, nll_loss=4.236, ntokens=320, nsentences=64, sample_size=320, sample_size_v1=0, sample_size_v2=0, ppl=18.84, wps=78.1, ups=0.24, wpb=320, bsz=64, num_updates=8680, lr=2.86054e-05, gnorm=2.781, clip=100, loss_scale=256, train_wall=41, gb_free=7.4, wall=50084
2023-03-28 11:39:15 - progress_bar.py[line:272] - INFO: epoch 005:   1192 / 1878 loss=5.118, loss_v1=0, loss_v2=0, nll_loss=4.201, ntokens=320, nsentences=64, sample_size=320, sample_size_v1=0, sample_size_v2=0, ppl=18.4, wps=77.8, ups=0.24, wpb=320, bsz=64, num_updates=8690, lr=2.85771e-05, gnorm=2.741, clip=100, loss_scale=256, train_wall=41, gb_free=7.4, wall=50125
2023-03-28 11:39:56 - progress_bar.py[line:272] - INFO: epoch 005:   1202 / 1878 loss=5.143, loss_v1=0, loss_v2=0, nll_loss=4.235, ntokens=320, nsentences=64, sample_size=320, sample_size_v1=0, sample_size_v2=0, ppl=18.83, wps=77.7, ups=0.24, wpb=320, bsz=64, num_updates=8700, lr=2.85488e-05, gnorm=2.737, clip=100, loss_scale=256, train_wall=41, gb_free=7.4, wall=50166
2023-03-28 11:40:37 - progress_bar.py[line:272] - INFO: epoch 005:   1212 / 1878 loss=5.14, loss_v1=0, loss_v2=0, nll_loss=4.228, ntokens=320, nsentences=64, sample_size=320, sample_size_v1=0, sample_size_v2=0, ppl=18.73, wps=78.2, ups=0.24, wpb=320, bsz=64, num_updates=8710, lr=2.85204e-05, gnorm=2.996, clip=100, loss_scale=256, train_wall=41, gb_free=7.4, wall=50207
2023-03-28 11:41:18 - progress_bar.py[line:272] - INFO: epoch 005:   1222 / 1878 loss=5.124, loss_v1=0, loss_v2=0, nll_loss=4.207, ntokens=320, nsentences=64, sample_size=320, sample_size_v1=0, sample_size_v2=0, ppl=18.47, wps=77.7, ups=0.24, wpb=320, bsz=64, num_updates=8720, lr=2.84921e-05, gnorm=2.768, clip=100, loss_scale=256, train_wall=41, gb_free=7.4, wall=50248
2023-03-28 11:41:59 - progress_bar.py[line:272] - INFO: epoch 005:   1232 / 1878 loss=5.184, loss_v1=0, loss_v2=0, nll_loss=4.275, ntokens=320, nsentences=64, sample_size=320, sample_size_v1=0, sample_size_v2=0, ppl=19.36, wps=78.3, ups=0.24, wpb=320, bsz=64, num_updates=8730, lr=2.84638e-05, gnorm=2.848, clip=100, loss_scale=256, train_wall=41, gb_free=7.4, wall=50289
2023-03-28 11:42:39 - progress_bar.py[line:272] - INFO: epoch 005:   1242 / 1878 loss=5.113, loss_v1=0, loss_v2=0, nll_loss=4.203, ntokens=320, nsentences=64, sample_size=320, sample_size_v1=0, sample_size_v2=0, ppl=18.42, wps=78.7, ups=0.25, wpb=320, bsz=64, num_updates=8740, lr=2.84355e-05, gnorm=2.802, clip=100, loss_scale=256, train_wall=40, gb_free=7.4, wall=50330
2023-03-28 11:43:20 - progress_bar.py[line:272] - INFO: epoch 005:   1252 / 1878 loss=5.14, loss_v1=0, loss_v2=0, nll_loss=4.227, ntokens=320, nsentences=64, sample_size=320, sample_size_v1=0, sample_size_v2=0, ppl=18.72, wps=78.5, ups=0.25, wpb=320, bsz=64, num_updates=8750, lr=2.84072e-05, gnorm=2.851, clip=100, loss_scale=256, train_wall=41, gb_free=7.4, wall=50371
2023-03-28 11:44:01 - progress_bar.py[line:272] - INFO: epoch 005:   1262 / 1878 loss=5.073, loss_v1=0, loss_v2=0, nll_loss=4.151, ntokens=320, nsentences=64, sample_size=320, sample_size_v1=0, sample_size_v2=0, ppl=17.77, wps=78.2, ups=0.24, wpb=320, bsz=64, num_updates=8760, lr=2.83788e-05, gnorm=2.73, clip=100, loss_scale=256, train_wall=41, gb_free=7.4, wall=50412
2023-03-28 11:44:42 - progress_bar.py[line:272] - INFO: epoch 005:   1272 / 1878 loss=5.119, loss_v1=0, loss_v2=0, nll_loss=4.203, ntokens=320, nsentences=64, sample_size=320, sample_size_v1=0, sample_size_v2=0, ppl=18.41, wps=77.9, ups=0.24, wpb=320, bsz=64, num_updates=8770, lr=2.83505e-05, gnorm=2.753, clip=100, loss_scale=256, train_wall=41, gb_free=7.4, wall=50453
2023-03-28 11:45:23 - progress_bar.py[line:272] - INFO: epoch 005:   1282 / 1878 loss=5.105, loss_v1=0, loss_v2=0, nll_loss=4.19, ntokens=320, nsentences=64, sample_size=320, sample_size_v1=0, sample_size_v2=0, ppl=18.25, wps=78.5, ups=0.25, wpb=320, bsz=64, num_updates=8780, lr=2.83222e-05, gnorm=2.91, clip=100, loss_scale=256, train_wall=41, gb_free=7.4, wall=50494
2023-03-28 11:46:04 - progress_bar.py[line:272] - INFO: epoch 005:   1292 / 1878 loss=5.136, loss_v1=0, loss_v2=0, nll_loss=4.221, ntokens=320, nsentences=64, sample_size=320, sample_size_v1=0, sample_size_v2=0, ppl=18.64, wps=78.4, ups=0.25, wpb=320, bsz=64, num_updates=8790, lr=2.82939e-05, gnorm=2.935, clip=100, loss_scale=256, train_wall=41, gb_free=7.4, wall=50534
2023-03-28 11:46:45 - progress_bar.py[line:272] - INFO: epoch 005:   1302 / 1878 loss=5.113, loss_v1=0, loss_v2=0, nll_loss=4.195, ntokens=320, nsentences=64, sample_size=320, sample_size_v1=0, sample_size_v2=0, ppl=18.32, wps=78.5, ups=0.25, wpb=320, bsz=64, num_updates=8800, lr=2.82655e-05, gnorm=2.803, clip=100, loss_scale=256, train_wall=41, gb_free=7.4, wall=50575
2023-03-28 11:47:26 - progress_bar.py[line:272] - INFO: epoch 005:   1312 / 1878 loss=5.17, loss_v1=0, loss_v2=0, nll_loss=4.266, ntokens=320, nsentences=64, sample_size=320, sample_size_v1=0, sample_size_v2=0, ppl=19.24, wps=78, ups=0.24, wpb=320, bsz=64, num_updates=8810, lr=2.82372e-05, gnorm=2.856, clip=100, loss_scale=256, train_wall=41, gb_free=7.4, wall=50616
2023-03-28 11:48:06 - progress_bar.py[line:272] - INFO: epoch 005:   1322 / 1878 loss=5.117, loss_v1=0, loss_v2=0, nll_loss=4.198, ntokens=320, nsentences=64, sample_size=320, sample_size_v1=0, sample_size_v2=0, ppl=18.36, wps=78.5, ups=0.25, wpb=320, bsz=64, num_updates=8820, lr=2.82089e-05, gnorm=2.801, clip=100, loss_scale=256, train_wall=41, gb_free=7.4, wall=50657
2023-03-28 11:48:47 - progress_bar.py[line:272] - INFO: epoch 005:   1332 / 1878 loss=5.138, loss_v1=0, loss_v2=0, nll_loss=4.222, ntokens=320, nsentences=64, sample_size=320, sample_size_v1=0, sample_size_v2=0, ppl=18.66, wps=77.9, ups=0.24, wpb=320, bsz=64, num_updates=8830, lr=2.81806e-05, gnorm=2.826, clip=100, loss_scale=256, train_wall=41, gb_free=7.4, wall=50698
2023-03-28 11:49:28 - progress_bar.py[line:272] - INFO: epoch 005:   1342 / 1878 loss=5.072, loss_v1=0, loss_v2=0, nll_loss=4.152, ntokens=320, nsentences=64, sample_size=320, sample_size_v1=0, sample_size_v2=0, ppl=17.78, wps=78.1, ups=0.24, wpb=320, bsz=64, num_updates=8840, lr=2.81523e-05, gnorm=2.86, clip=100, loss_scale=256, train_wall=41, gb_free=7.4, wall=50739
2023-03-28 11:50:09 - progress_bar.py[line:272] - INFO: epoch 005:   1352 / 1878 loss=5.13, loss_v1=0, loss_v2=0, nll_loss=4.219, ntokens=320, nsentences=64, sample_size=320, sample_size_v1=0, sample_size_v2=0, ppl=18.62, wps=78.2, ups=0.24, wpb=320, bsz=64, num_updates=8850, lr=2.81239e-05, gnorm=2.861, clip=100, loss_scale=256, train_wall=41, gb_free=7.4, wall=50780
2023-03-28 11:50:50 - progress_bar.py[line:272] - INFO: epoch 005:   1362 / 1878 loss=5.115, loss_v1=0, loss_v2=0, nll_loss=4.196, ntokens=320, nsentences=64, sample_size=320, sample_size_v1=0, sample_size_v2=0, ppl=18.32, wps=78.3, ups=0.24, wpb=320, bsz=64, num_updates=8860, lr=2.80956e-05, gnorm=2.778, clip=100, loss_scale=256, train_wall=41, gb_free=7.4, wall=50821
2023-03-28 11:51:31 - progress_bar.py[line:272] - INFO: epoch 005:   1372 / 1878 loss=5.139, loss_v1=0, loss_v2=0, nll_loss=4.223, ntokens=320, nsentences=64, sample_size=320, sample_size_v1=0, sample_size_v2=0, ppl=18.68, wps=78.2, ups=0.24, wpb=320, bsz=64, num_updates=8870, lr=2.80673e-05, gnorm=2.91, clip=100, loss_scale=512, train_wall=41, gb_free=7.4, wall=50862
2023-03-28 11:52:12 - progress_bar.py[line:272] - INFO: epoch 005:   1382 / 1878 loss=5.138, loss_v1=0, loss_v2=0, nll_loss=4.229, ntokens=320, nsentences=64, sample_size=320, sample_size_v1=0, sample_size_v2=0, ppl=18.75, wps=78.4, ups=0.25, wpb=320, bsz=64, num_updates=8880, lr=2.8039e-05, gnorm=2.789, clip=100, loss_scale=512, train_wall=41, gb_free=7.4, wall=50902
2023-03-28 11:52:53 - progress_bar.py[line:272] - INFO: epoch 005:   1392 / 1878 loss=5.11, loss_v1=0, loss_v2=0, nll_loss=4.195, ntokens=320, nsentences=64, sample_size=320, sample_size_v1=0, sample_size_v2=0, ppl=18.32, wps=78.2, ups=0.24, wpb=320, bsz=64, num_updates=8890, lr=2.80106e-05, gnorm=2.844, clip=100, loss_scale=512, train_wall=41, gb_free=7.4, wall=50943
2023-03-28 11:53:34 - progress_bar.py[line:272] - INFO: epoch 005:   1402 / 1878 loss=5.124, loss_v1=0, loss_v2=0, nll_loss=4.207, ntokens=320, nsentences=64, sample_size=320, sample_size_v1=0, sample_size_v2=0, ppl=18.47, wps=78.4, ups=0.24, wpb=320, bsz=64, num_updates=8900, lr=2.79823e-05, gnorm=2.78, clip=100, loss_scale=512, train_wall=41, gb_free=7.4, wall=50984
2023-03-28 11:54:15 - progress_bar.py[line:272] - INFO: epoch 005:   1412 / 1878 loss=5.138, loss_v1=0, loss_v2=0, nll_loss=4.226, ntokens=320, nsentences=64, sample_size=320, sample_size_v1=0, sample_size_v2=0, ppl=18.72, wps=78, ups=0.24, wpb=320, bsz=64, num_updates=8910, lr=2.7954e-05, gnorm=2.863, clip=100, loss_scale=512, train_wall=41, gb_free=7.4, wall=51025
2023-03-28 11:54:55 - progress_bar.py[line:272] - INFO: epoch 005:   1422 / 1878 loss=5.135, loss_v1=0, loss_v2=0, nll_loss=4.222, ntokens=320, nsentences=64, sample_size=320, sample_size_v1=0, sample_size_v2=0, ppl=18.67, wps=78.3, ups=0.24, wpb=320, bsz=64, num_updates=8920, lr=2.79257e-05, gnorm=2.828, clip=100, loss_scale=512, train_wall=41, gb_free=7.4, wall=51066
2023-03-28 11:55:36 - progress_bar.py[line:272] - INFO: epoch 005:   1432 / 1878 loss=5.131, loss_v1=0, loss_v2=0, nll_loss=4.214, ntokens=320, nsentences=64, sample_size=320, sample_size_v1=0, sample_size_v2=0, ppl=18.56, wps=78.4, ups=0.25, wpb=320, bsz=64, num_updates=8930, lr=2.78974e-05, gnorm=2.791, clip=100, loss_scale=512, train_wall=41, gb_free=7.4, wall=51107
2023-03-28 11:56:17 - progress_bar.py[line:272] - INFO: epoch 005:   1442 / 1878 loss=5.109, loss_v1=0, loss_v2=0, nll_loss=4.194, ntokens=320, nsentences=64, sample_size=320, sample_size_v1=0, sample_size_v2=0, ppl=18.31, wps=77.9, ups=0.24, wpb=320, bsz=64, num_updates=8940, lr=2.7869e-05, gnorm=2.877, clip=100, loss_scale=512, train_wall=41, gb_free=7.4, wall=51148
2023-03-28 11:56:58 - progress_bar.py[line:272] - INFO: epoch 005:   1452 / 1878 loss=5.088, loss_v1=0, loss_v2=0, nll_loss=4.173, ntokens=320, nsentences=64, sample_size=320, sample_size_v1=0, sample_size_v2=0, ppl=18.04, wps=78.5, ups=0.25, wpb=320, bsz=64, num_updates=8950, lr=2.78407e-05, gnorm=2.86, clip=100, loss_scale=512, train_wall=41, gb_free=7.4, wall=51189
2023-03-28 11:57:10 - trainer.py[line:921] - INFO: NOTE: gradient overflow detected, ignoring gradient, setting loss scale to: 256.0
2023-03-28 11:57:43 - progress_bar.py[line:272] - INFO: epoch 005:   1463 / 1878 loss=5.122, loss_v1=0, loss_v2=0, nll_loss=4.206, ntokens=320, nsentences=64, sample_size=320, sample_size_v1=0, sample_size_v2=0, ppl=18.46, wps=71.6, ups=0.22, wpb=320, bsz=64, num_updates=8960, lr=2.78124e-05, gnorm=2.798, clip=100, loss_scale=256, train_wall=44, gb_free=7.4, wall=51233
2023-03-28 11:58:24 - progress_bar.py[line:272] - INFO: epoch 005:   1473 / 1878 loss=5.121, loss_v1=0, loss_v2=0, nll_loss=4.198, ntokens=320, nsentences=64, sample_size=320, sample_size_v1=0, sample_size_v2=0, ppl=18.36, wps=77.7, ups=0.24, wpb=320, bsz=64, num_updates=8970, lr=2.77841e-05, gnorm=2.88, clip=100, loss_scale=256, train_wall=41, gb_free=7.4, wall=51275
2023-03-28 11:59:05 - progress_bar.py[line:272] - INFO: epoch 005:   1483 / 1878 loss=5.131, loss_v1=0, loss_v2=0, nll_loss=4.213, ntokens=320, nsentences=64, sample_size=320, sample_size_v1=0, sample_size_v2=0, ppl=18.55, wps=78, ups=0.24, wpb=320, bsz=64, num_updates=8980, lr=2.77557e-05, gnorm=2.846, clip=100, loss_scale=256, train_wall=41, gb_free=7.4, wall=51316
2023-03-28 11:59:46 - progress_bar.py[line:272] - INFO: epoch 005:   1493 / 1878 loss=5.129, loss_v1=0, loss_v2=0, nll_loss=4.221, ntokens=320, nsentences=64, sample_size=320, sample_size_v1=0, sample_size_v2=0, ppl=18.65, wps=78.3, ups=0.24, wpb=320, bsz=64, num_updates=8990, lr=2.77274e-05, gnorm=2.848, clip=100, loss_scale=256, train_wall=41, gb_free=7.4, wall=51357
2023-03-28 12:00:27 - progress_bar.py[line:272] - INFO: epoch 005:   1503 / 1878 loss=5.111, loss_v1=0, loss_v2=0, nll_loss=4.196, ntokens=320, nsentences=64, sample_size=320, sample_size_v1=0, sample_size_v2=0, ppl=18.32, wps=78.6, ups=0.25, wpb=320, bsz=64, num_updates=9000, lr=2.76991e-05, gnorm=2.816, clip=100, loss_scale=256, train_wall=41, gb_free=7.4, wall=51397
2023-03-28 12:00:27 - train.py[line:445] - INFO: begin validation on "valid" subset
slice_id 0 seek offset 0
slice_id 1 seek offset 5379
slice_id 0 seek offset 0
slice_id 1 seek offset 5379
2023-03-28 12:11:48 - progress_bar.py[line:282] - INFO: epoch 005 | valid on 'valid' subset | loss 5.759 | loss_v1 0 | loss_v2 0 | nll_loss 4.904 | ntokens 39.993 | nsentences 7.999 | sample_size 39.993 | sample_size_v1 0 | sample_size_v2 0 | ppl 29.94 | score 0.1046 | wps 79 | wpb 40 | bsz 8 | num_updates 9000 | best_score 0.1085
2023-03-28 12:11:48 - checkpoint_utils.py[line:64] - INFO: Preparing to save checkpoint for epoch 5 @ 9000 updates
2023-03-28 12:11:48 - trainer.py[line:431] - INFO: Saving checkpoint to ./refcocoplus_scratch_checkpoints/10_5e-5_512/checkpoint_5_9000.pt
2023-03-28 12:12:08 - trainer.py[line:441] - INFO: Finished saving checkpoint to ./refcocoplus_scratch_checkpoints/10_5e-5_512/checkpoint_5_9000.pt
2023-03-28 12:12:18 - checkpoint_utils.py[line:133] - INFO: Saved checkpoint ./refcocoplus_scratch_checkpoints/10_5e-5_512/checkpoint_5_9000.pt (epoch 5 @ 9000 updates, score 0.1046) (writing took 29.880489704199135 seconds)
2023-03-28 12:12:58 - progress_bar.py[line:272] - INFO: epoch 005:   1513 / 1878 loss=5.127, loss_v1=0, loss_v2=0, nll_loss=4.215, ntokens=320, nsentences=64, sample_size=320, sample_size_v1=0, sample_size_v2=0, ppl=18.57, wps=4.3, ups=0.01, wpb=320, bsz=64, num_updates=9010, lr=2.76708e-05, gnorm=2.757, clip=100, loss_scale=256, train_wall=40, gb_free=7.4, wall=52149
2023-03-28 12:13:39 - progress_bar.py[line:272] - INFO: epoch 005:   1523 / 1878 loss=5.088, loss_v1=0, loss_v2=0, nll_loss=4.17, ntokens=320, nsentences=64, sample_size=320, sample_size_v1=0, sample_size_v2=0, ppl=18, wps=78.3, ups=0.24, wpb=320, bsz=64, num_updates=9020, lr=2.76425e-05, gnorm=2.789, clip=100, loss_scale=256, train_wall=41, gb_free=7.4, wall=52190
2023-03-28 12:14:20 - progress_bar.py[line:272] - INFO: epoch 005:   1533 / 1878 loss=5.13, loss_v1=0, loss_v2=0, nll_loss=4.216, ntokens=320, nsentences=64, sample_size=320, sample_size_v1=0, sample_size_v2=0, ppl=18.58, wps=78.2, ups=0.24, wpb=320, bsz=64, num_updates=9030, lr=2.76141e-05, gnorm=2.737, clip=100, loss_scale=256, train_wall=41, gb_free=7.4, wall=52230
2023-03-28 12:15:01 - progress_bar.py[line:272] - INFO: epoch 005:   1543 / 1878 loss=5.168, loss_v1=0, loss_v2=0, nll_loss=4.259, ntokens=320, nsentences=64, sample_size=320, sample_size_v1=0, sample_size_v2=0, ppl=19.15, wps=78, ups=0.24, wpb=320, bsz=64, num_updates=9040, lr=2.75858e-05, gnorm=2.802, clip=100, loss_scale=256, train_wall=41, gb_free=7.4, wall=52271
2023-03-28 12:15:42 - progress_bar.py[line:272] - INFO: epoch 005:   1553 / 1878 loss=5.086, loss_v1=0, loss_v2=0, nll_loss=4.168, ntokens=320, nsentences=64, sample_size=320, sample_size_v1=0, sample_size_v2=0, ppl=17.98, wps=78.3, ups=0.24, wpb=320, bsz=64, num_updates=9050, lr=2.75575e-05, gnorm=3.19, clip=100, loss_scale=256, train_wall=41, gb_free=7.4, wall=52312
2023-03-28 12:16:23 - progress_bar.py[line:272] - INFO: epoch 005:   1563 / 1878 loss=5.121, loss_v1=0, loss_v2=0, nll_loss=4.206, ntokens=320, nsentences=64, sample_size=320, sample_size_v1=0, sample_size_v2=0, ppl=18.45, wps=78, ups=0.24, wpb=320, bsz=64, num_updates=9060, lr=2.75292e-05, gnorm=2.841, clip=100, loss_scale=256, train_wall=41, gb_free=7.4, wall=52353
2023-03-28 12:17:03 - progress_bar.py[line:272] - INFO: epoch 005:   1573 / 1878 loss=5.083, loss_v1=0, loss_v2=0, nll_loss=4.166, ntokens=320, nsentences=64, sample_size=320, sample_size_v1=0, sample_size_v2=0, ppl=17.95, wps=78.8, ups=0.25, wpb=320, bsz=64, num_updates=9070, lr=2.75008e-05, gnorm=2.802, clip=100, loss_scale=256, train_wall=40, gb_free=7.4, wall=52394
2023-03-28 12:17:44 - progress_bar.py[line:272] - INFO: epoch 005:   1583 / 1878 loss=5.12, loss_v1=0, loss_v2=0, nll_loss=4.202, ntokens=320, nsentences=64, sample_size=320, sample_size_v1=0, sample_size_v2=0, ppl=18.41, wps=78.4, ups=0.24, wpb=320, bsz=64, num_updates=9080, lr=2.74725e-05, gnorm=2.819, clip=100, loss_scale=256, train_wall=41, gb_free=7.4, wall=52435
2023-03-28 12:18:25 - progress_bar.py[line:272] - INFO: epoch 005:   1593 / 1878 loss=5.1, loss_v1=0, loss_v2=0, nll_loss=4.178, ntokens=320, nsentences=64, sample_size=320, sample_size_v1=0, sample_size_v2=0, ppl=18.1, wps=78.1, ups=0.24, wpb=320, bsz=64, num_updates=9090, lr=2.74442e-05, gnorm=2.825, clip=100, loss_scale=256, train_wall=41, gb_free=7.4, wall=52476
2023-03-28 12:19:06 - progress_bar.py[line:272] - INFO: epoch 005:   1603 / 1878 loss=5.071, loss_v1=0, loss_v2=0, nll_loss=4.151, ntokens=320, nsentences=64, sample_size=320, sample_size_v1=0, sample_size_v2=0, ppl=17.76, wps=78.3, ups=0.24, wpb=320, bsz=64, num_updates=9100, lr=2.74159e-05, gnorm=2.804, clip=100, loss_scale=256, train_wall=41, gb_free=7.4, wall=52517
2023-03-28 12:19:47 - progress_bar.py[line:272] - INFO: epoch 005:   1613 / 1878 loss=5.105, loss_v1=0, loss_v2=0, nll_loss=4.181, ntokens=320, nsentences=64, sample_size=320, sample_size_v1=0, sample_size_v2=0, ppl=18.14, wps=78.5, ups=0.25, wpb=320, bsz=64, num_updates=9110, lr=2.73876e-05, gnorm=2.896, clip=100, loss_scale=256, train_wall=41, gb_free=7.4, wall=52557
2023-03-28 12:20:28 - progress_bar.py[line:272] - INFO: epoch 005:   1623 / 1878 loss=5.106, loss_v1=0, loss_v2=0, nll_loss=4.189, ntokens=320, nsentences=64, sample_size=320, sample_size_v1=0, sample_size_v2=0, ppl=18.25, wps=78.3, ups=0.24, wpb=320, bsz=64, num_updates=9120, lr=2.73592e-05, gnorm=2.926, clip=100, loss_scale=256, train_wall=41, gb_free=7.4, wall=52598
2023-03-28 12:21:09 - progress_bar.py[line:272] - INFO: epoch 005:   1633 / 1878 loss=5.133, loss_v1=0, loss_v2=0, nll_loss=4.223, ntokens=320, nsentences=64, sample_size=320, sample_size_v1=0, sample_size_v2=0, ppl=18.67, wps=78.4, ups=0.24, wpb=320, bsz=64, num_updates=9130, lr=2.73309e-05, gnorm=2.917, clip=100, loss_scale=256, train_wall=41, gb_free=7.4, wall=52639
2023-03-28 12:21:50 - progress_bar.py[line:272] - INFO: epoch 005:   1643 / 1878 loss=5.111, loss_v1=0, loss_v2=0, nll_loss=4.196, ntokens=320, nsentences=64, sample_size=320, sample_size_v1=0, sample_size_v2=0, ppl=18.33, wps=78, ups=0.24, wpb=320, bsz=64, num_updates=9140, lr=2.73026e-05, gnorm=2.966, clip=100, loss_scale=256, train_wall=41, gb_free=7.4, wall=52680
2023-03-28 12:22:30 - progress_bar.py[line:272] - INFO: epoch 005:   1653 / 1878 loss=5.098, loss_v1=0, loss_v2=0, nll_loss=4.183, ntokens=320, nsentences=64, sample_size=320, sample_size_v1=0, sample_size_v2=0, ppl=18.16, wps=78.3, ups=0.24, wpb=320, bsz=64, num_updates=9150, lr=2.72743e-05, gnorm=2.896, clip=100, loss_scale=256, train_wall=41, gb_free=7.4, wall=52721
2023-03-28 12:23:11 - progress_bar.py[line:272] - INFO: epoch 005:   1663 / 1878 loss=5.094, loss_v1=0, loss_v2=0, nll_loss=4.173, ntokens=320, nsentences=64, sample_size=320, sample_size_v1=0, sample_size_v2=0, ppl=18.04, wps=78.2, ups=0.24, wpb=320, bsz=64, num_updates=9160, lr=2.72459e-05, gnorm=2.892, clip=100, loss_scale=256, train_wall=41, gb_free=7.4, wall=52762
2023-03-28 12:23:52 - progress_bar.py[line:272] - INFO: epoch 005:   1673 / 1878 loss=5.14, loss_v1=0, loss_v2=0, nll_loss=4.224, ntokens=320, nsentences=64, sample_size=320, sample_size_v1=0, sample_size_v2=0, ppl=18.69, wps=78.5, ups=0.25, wpb=320, bsz=64, num_updates=9170, lr=2.72176e-05, gnorm=2.869, clip=100, loss_scale=256, train_wall=40, gb_free=7.4, wall=52803
2023-03-28 12:24:33 - progress_bar.py[line:272] - INFO: epoch 005:   1683 / 1878 loss=5.074, loss_v1=0, loss_v2=0, nll_loss=4.156, ntokens=320, nsentences=64, sample_size=320, sample_size_v1=0, sample_size_v2=0, ppl=17.83, wps=78.1, ups=0.24, wpb=320, bsz=64, num_updates=9180, lr=2.71893e-05, gnorm=2.835, clip=100, loss_scale=256, train_wall=41, gb_free=7.4, wall=52844
2023-03-28 12:25:14 - progress_bar.py[line:272] - INFO: epoch 005:   1693 / 1878 loss=5.142, loss_v1=0, loss_v2=0, nll_loss=4.233, ntokens=320, nsentences=64, sample_size=320, sample_size_v1=0, sample_size_v2=0, ppl=18.81, wps=77.9, ups=0.24, wpb=320, bsz=64, num_updates=9190, lr=2.7161e-05, gnorm=2.862, clip=100, loss_scale=256, train_wall=41, gb_free=7.4, wall=52885
2023-03-28 12:25:55 - progress_bar.py[line:272] - INFO: epoch 005:   1703 / 1878 loss=5.127, loss_v1=0, loss_v2=0, nll_loss=4.212, ntokens=320, nsentences=64, sample_size=320, sample_size_v1=0, sample_size_v2=0, ppl=18.53, wps=78.2, ups=0.24, wpb=320, bsz=64, num_updates=9200, lr=2.71327e-05, gnorm=2.828, clip=100, loss_scale=256, train_wall=41, gb_free=7.4, wall=52926
2023-03-28 12:26:36 - progress_bar.py[line:272] - INFO: epoch 005:   1713 / 1878 loss=5.074, loss_v1=0, loss_v2=0, nll_loss=4.15, ntokens=320, nsentences=64, sample_size=320, sample_size_v1=0, sample_size_v2=0, ppl=17.75, wps=78.3, ups=0.24, wpb=320, bsz=64, num_updates=9210, lr=2.71043e-05, gnorm=2.932, clip=100, loss_scale=256, train_wall=40, gb_free=7.4, wall=52967
2023-03-28 12:27:17 - progress_bar.py[line:272] - INFO: epoch 005:   1723 / 1878 loss=5.133, loss_v1=0, loss_v2=0, nll_loss=4.219, ntokens=320, nsentences=64, sample_size=320, sample_size_v1=0, sample_size_v2=0, ppl=18.63, wps=78.2, ups=0.24, wpb=320, bsz=64, num_updates=9220, lr=2.7076e-05, gnorm=2.814, clip=100, loss_scale=256, train_wall=41, gb_free=7.4, wall=53007
2023-03-28 12:27:58 - progress_bar.py[line:272] - INFO: epoch 005:   1733 / 1878 loss=5.087, loss_v1=0, loss_v2=0, nll_loss=4.171, ntokens=320, nsentences=64, sample_size=320, sample_size_v1=0, sample_size_v2=0, ppl=18.01, wps=78.2, ups=0.24, wpb=320, bsz=64, num_updates=9230, lr=2.70477e-05, gnorm=2.885, clip=100, loss_scale=256, train_wall=41, gb_free=7.4, wall=53048
2023-03-28 12:28:39 - progress_bar.py[line:272] - INFO: epoch 005:   1743 / 1878 loss=5.135, loss_v1=0, loss_v2=0, nll_loss=4.221, ntokens=320, nsentences=64, sample_size=320, sample_size_v1=0, sample_size_v2=0, ppl=18.65, wps=78.1, ups=0.24, wpb=320, bsz=64, num_updates=9240, lr=2.70194e-05, gnorm=2.901, clip=100, loss_scale=256, train_wall=41, gb_free=7.4, wall=53089
2023-03-28 12:29:20 - progress_bar.py[line:272] - INFO: epoch 005:   1753 / 1878 loss=5.13, loss_v1=0, loss_v2=0, nll_loss=4.209, ntokens=320, nsentences=64, sample_size=320, sample_size_v1=0, sample_size_v2=0, ppl=18.5, wps=78.1, ups=0.24, wpb=320, bsz=64, num_updates=9250, lr=2.69911e-05, gnorm=2.893, clip=100, loss_scale=256, train_wall=41, gb_free=7.4, wall=53130
2023-03-28 12:30:01 - progress_bar.py[line:272] - INFO: epoch 005:   1763 / 1878 loss=5.062, loss_v1=0, loss_v2=0, nll_loss=4.145, ntokens=320, nsentences=64, sample_size=320, sample_size_v1=0, sample_size_v2=0, ppl=17.69, wps=78, ups=0.24, wpb=320, bsz=64, num_updates=9260, lr=2.69627e-05, gnorm=2.86, clip=100, loss_scale=256, train_wall=41, gb_free=7.4, wall=53171
2023-03-28 12:30:42 - progress_bar.py[line:272] - INFO: epoch 005:   1773 / 1878 loss=5.094, loss_v1=0, loss_v2=0, nll_loss=4.18, ntokens=320, nsentences=64, sample_size=320, sample_size_v1=0, sample_size_v2=0, ppl=18.13, wps=78.4, ups=0.24, wpb=320, bsz=64, num_updates=9270, lr=2.69344e-05, gnorm=2.792, clip=100, loss_scale=256, train_wall=40, gb_free=7.4, wall=53212
2023-03-28 12:31:22 - progress_bar.py[line:272] - INFO: epoch 005:   1783 / 1878 loss=5.094, loss_v1=0, loss_v2=0, nll_loss=4.174, ntokens=320, nsentences=64, sample_size=320, sample_size_v1=0, sample_size_v2=0, ppl=18.06, wps=78.4, ups=0.24, wpb=320, bsz=64, num_updates=9280, lr=2.69061e-05, gnorm=2.837, clip=100, loss_scale=256, train_wall=41, gb_free=7.4, wall=53253
2023-03-28 12:32:03 - progress_bar.py[line:272] - INFO: epoch 005:   1793 / 1878 loss=5.078, loss_v1=0, loss_v2=0, nll_loss=4.154, ntokens=320, nsentences=64, sample_size=320, sample_size_v1=0, sample_size_v2=0, ppl=17.8, wps=78.5, ups=0.25, wpb=320, bsz=64, num_updates=9290, lr=2.68778e-05, gnorm=2.978, clip=100, loss_scale=256, train_wall=40, gb_free=7.4, wall=53294
2023-03-28 12:32:44 - progress_bar.py[line:272] - INFO: epoch 005:   1803 / 1878 loss=5.144, loss_v1=0, loss_v2=0, nll_loss=4.229, ntokens=320, nsentences=64, sample_size=320, sample_size_v1=0, sample_size_v2=0, ppl=18.75, wps=78.5, ups=0.25, wpb=320, bsz=64, num_updates=9300, lr=2.68494e-05, gnorm=2.903, clip=100, loss_scale=256, train_wall=40, gb_free=7.4, wall=53335
2023-03-28 12:33:25 - progress_bar.py[line:272] - INFO: epoch 005:   1813 / 1878 loss=5.119, loss_v1=0, loss_v2=0, nll_loss=4.202, ntokens=320, nsentences=64, sample_size=320, sample_size_v1=0, sample_size_v2=0, ppl=18.41, wps=78.5, ups=0.25, wpb=320, bsz=64, num_updates=9310, lr=2.68211e-05, gnorm=2.844, clip=100, loss_scale=256, train_wall=41, gb_free=7.4, wall=53375
2023-03-28 12:34:06 - progress_bar.py[line:272] - INFO: epoch 005:   1823 / 1878 loss=5.066, loss_v1=0, loss_v2=0, nll_loss=4.145, ntokens=320, nsentences=64, sample_size=320, sample_size_v1=0, sample_size_v2=0, ppl=17.69, wps=78.4, ups=0.25, wpb=320, bsz=64, num_updates=9320, lr=2.67928e-05, gnorm=2.867, clip=100, loss_scale=256, train_wall=41, gb_free=7.4, wall=53416
2023-03-28 12:34:46 - progress_bar.py[line:272] - INFO: epoch 005:   1833 / 1878 loss=5.105, loss_v1=0, loss_v2=0, nll_loss=4.19, ntokens=320, nsentences=64, sample_size=320, sample_size_v1=0, sample_size_v2=0, ppl=18.25, wps=78.6, ups=0.25, wpb=320, bsz=64, num_updates=9330, lr=2.67645e-05, gnorm=2.805, clip=100, loss_scale=256, train_wall=40, gb_free=7.4, wall=53457
2023-03-28 12:35:27 - progress_bar.py[line:272] - INFO: epoch 005:   1843 / 1878 loss=5.087, loss_v1=0, loss_v2=0, nll_loss=4.167, ntokens=320, nsentences=64, sample_size=320, sample_size_v1=0, sample_size_v2=0, ppl=17.97, wps=78, ups=0.24, wpb=320, bsz=64, num_updates=9340, lr=2.67362e-05, gnorm=2.801, clip=100, loss_scale=256, train_wall=41, gb_free=7.4, wall=53498
2023-03-28 12:36:08 - progress_bar.py[line:272] - INFO: epoch 005:   1853 / 1878 loss=5.104, loss_v1=0, loss_v2=0, nll_loss=4.188, ntokens=320, nsentences=64, sample_size=320, sample_size_v1=0, sample_size_v2=0, ppl=18.23, wps=78.4, ups=0.24, wpb=320, bsz=64, num_updates=9350, lr=2.67078e-05, gnorm=2.878, clip=100, loss_scale=256, train_wall=41, gb_free=7.4, wall=53539
2023-03-28 12:36:49 - progress_bar.py[line:272] - INFO: epoch 005:   1863 / 1878 loss=5.118, loss_v1=0, loss_v2=0, nll_loss=4.204, ntokens=320, nsentences=64, sample_size=320, sample_size_v1=0, sample_size_v2=0, ppl=18.43, wps=78.4, ups=0.24, wpb=320, bsz=64, num_updates=9360, lr=2.66795e-05, gnorm=2.946, clip=100, loss_scale=256, train_wall=41, gb_free=7.4, wall=53580
2023-03-28 12:37:30 - progress_bar.py[line:272] - INFO: epoch 005:   1873 / 1878 loss=5.043, loss_v1=0, loss_v2=0, nll_loss=4.115, ntokens=320, nsentences=64, sample_size=320, sample_size_v1=0, sample_size_v2=0, ppl=17.32, wps=77.7, ups=0.24, wpb=320, bsz=64, num_updates=9370, lr=2.66512e-05, gnorm=3.024, clip=100, loss_scale=256, train_wall=41, gb_free=7.4, wall=53621
slice_id 1 seek offset 5379
2023-03-28 12:37:50 - train.py[line:445] - INFO: begin validation on "valid" subset
slice_id 0 seek offset 0
slice_id 1 seek offset 5379
slice_id 0 seek offset 0
2023-03-28 12:49:12 - progress_bar.py[line:282] - INFO: epoch 005 | valid on 'valid' subset | loss 5.77 | loss_v1 0 | loss_v2 0 | nll_loss 4.916 | ntokens 39.993 | nsentences 7.999 | sample_size 39.993 | sample_size_v1 0 | sample_size_v2 0 | ppl 30.19 | score 0.1079 | wps 78.9 | wpb 40 | bsz 8 | num_updates 9375 | best_score 0.1085
2023-03-28 12:49:12 - checkpoint_utils.py[line:64] - INFO: Preparing to save checkpoint for epoch 5 @ 9375 updates
2023-03-28 12:49:12 - trainer.py[line:431] - INFO: Saving checkpoint to ./refcocoplus_scratch_checkpoints/10_5e-5_512/checkpoint_last.pt
local datafile ../../dataset/refcocoplus_data/refcocoplus_train.tsv slice_id 1 begin to initialize row_count and line_idx-to-offset mapping
2023-03-28 12:49:30 - trainer.py[line:441] - INFO: Finished saving checkpoint to ./refcocoplus_scratch_checkpoints/10_5e-5_512/checkpoint_last.pt
2023-03-28 12:49:31 - checkpoint_utils.py[line:133] - INFO: Saved checkpoint ./refcocoplus_scratch_checkpoints/10_5e-5_512/checkpoint_last.pt (epoch 5 @ 9375 updates, score 0.1079) (writing took 18.72810577042401 seconds)
2023-03-28 12:49:31 - train.py[line:332] - INFO: end of epoch 5 (average epoch stats below)
2023-03-28 12:49:31 - progress_bar.py[line:282] - INFO: epoch 005 | loss 5.169 | loss_v1 0 | loss_v2 0 | nll_loss 4.26 | ntokens 319.997 | nsentences 63.999 | sample_size 319.997 | sample_size_v1 0 | sample_size_v2 0 | ppl 19.16 | wps 56.9 | ups 0.18 | wpb 320 | bsz 64 | num_updates 9375 | lr 2.6637e-05 | gnorm 2.797 | clip 100 | loss_scale 256 | train_wall 7632 | gb_free 7.4 | wall 54341
2023-03-28 12:49:31 - trainer.py[line:639] - INFO: loading train data for epoch 6
local datafile ../../dataset/refcocoplus_data/refcocoplus_train.tsv slice_id 0 begin to initialize row_count and line_idx-to-offset mapping
local datafile ../../dataset/refcocoplus_data/refcocoplus_train.tsv slice_id 1 finished initializing row_count and line_idx-to-offset mapping
file ../../dataset/refcocoplus_data/refcocoplus_train.tsv slice_id 1 row count 60095 total row count 120191
slice_id 1 seek offset 60096
local datafile ../../dataset/refcocoplus_data/refcocoplus_train.tsv slice_id 0 finished initializing row_count and line_idx-to-offset mapping
file ../../dataset/refcocoplus_data/refcocoplus_train.tsv slice_id 0 row count 60096 total row count 120191
slice_id 0 seek offset 0
2023-03-28 12:49:46 - trainer.py[line:703] - INFO: begin training epoch 6
2023-03-28 12:49:46 - train.py[line:305] - INFO: Start iterating over samples
2023-03-28 12:50:06 - progress_bar.py[line:272] - INFO: epoch 006:      5 / 1878 loss=5.125, loss_v1=0, loss_v2=0, nll_loss=4.214, ntokens=320, nsentences=64, sample_size=320, sample_size_v1=0, sample_size_v2=0, ppl=18.55, wps=4.2, ups=0.01, wpb=320, bsz=64, num_updates=9380, lr=2.66229e-05, gnorm=2.929, clip=100, loss_scale=256, train_wall=39, gb_free=7.4, wall=54377
2023-03-28 12:50:47 - progress_bar.py[line:272] - INFO: epoch 006:     15 / 1878 loss=5.095, loss_v1=0, loss_v2=0, nll_loss=4.179, ntokens=320, nsentences=64, sample_size=320, sample_size_v1=0, sample_size_v2=0, ppl=18.11, wps=78.2, ups=0.24, wpb=320, bsz=64, num_updates=9390, lr=2.65945e-05, gnorm=2.961, clip=100, loss_scale=256, train_wall=41, gb_free=7.4, wall=54418
2023-03-28 12:51:28 - progress_bar.py[line:272] - INFO: epoch 006:     25 / 1878 loss=5.137, loss_v1=0, loss_v2=0, nll_loss=4.222, ntokens=320, nsentences=64, sample_size=320, sample_size_v1=0, sample_size_v2=0, ppl=18.66, wps=78, ups=0.24, wpb=320, bsz=64, num_updates=9400, lr=2.65662e-05, gnorm=3.011, clip=100, loss_scale=256, train_wall=41, gb_free=7.4, wall=54459
2023-03-28 12:52:09 - progress_bar.py[line:272] - INFO: epoch 006:     35 / 1878 loss=5.086, loss_v1=0, loss_v2=0, nll_loss=4.165, ntokens=320, nsentences=64, sample_size=320, sample_size_v1=0, sample_size_v2=0, ppl=17.93, wps=78.4, ups=0.25, wpb=320, bsz=64, num_updates=9410, lr=2.65379e-05, gnorm=3.095, clip=100, loss_scale=256, train_wall=41, gb_free=7.4, wall=54500
2023-03-28 12:52:50 - progress_bar.py[line:272] - INFO: epoch 006:     45 / 1878 loss=5.092, loss_v1=0, loss_v2=0, nll_loss=4.169, ntokens=320, nsentences=64, sample_size=320, sample_size_v1=0, sample_size_v2=0, ppl=17.99, wps=78.7, ups=0.25, wpb=320, bsz=64, num_updates=9420, lr=2.65096e-05, gnorm=3.748, clip=100, loss_scale=256, train_wall=40, gb_free=7.4, wall=54540
2023-03-28 12:53:31 - progress_bar.py[line:272] - INFO: epoch 006:     55 / 1878 loss=5.151, loss_v1=0, loss_v2=0, nll_loss=4.239, ntokens=320, nsentences=64, sample_size=320, sample_size_v1=0, sample_size_v2=0, ppl=18.89, wps=78.5, ups=0.25, wpb=320, bsz=64, num_updates=9430, lr=2.64813e-05, gnorm=2.951, clip=100, loss_scale=256, train_wall=41, gb_free=7.4, wall=54581
2023-03-28 12:54:11 - progress_bar.py[line:272] - INFO: epoch 006:     65 / 1878 loss=5.117, loss_v1=0, loss_v2=0, nll_loss=4.202, ntokens=320, nsentences=64, sample_size=320, sample_size_v1=0, sample_size_v2=0, ppl=18.4, wps=78.5, ups=0.25, wpb=320, bsz=64, num_updates=9440, lr=2.64529e-05, gnorm=3.017, clip=100, loss_scale=256, train_wall=40, gb_free=7.4, wall=54622
2023-03-28 12:54:52 - progress_bar.py[line:272] - INFO: epoch 006:     75 / 1878 loss=5.12, loss_v1=0, loss_v2=0, nll_loss=4.206, ntokens=320, nsentences=64, sample_size=320, sample_size_v1=0, sample_size_v2=0, ppl=18.45, wps=78.5, ups=0.25, wpb=320, bsz=64, num_updates=9450, lr=2.64246e-05, gnorm=2.933, clip=100, loss_scale=256, train_wall=41, gb_free=7.4, wall=54663
2023-03-28 12:55:33 - progress_bar.py[line:272] - INFO: epoch 006:     85 / 1878 loss=5.111, loss_v1=0, loss_v2=0, nll_loss=4.197, ntokens=320, nsentences=64, sample_size=320, sample_size_v1=0, sample_size_v2=0, ppl=18.35, wps=78.5, ups=0.25, wpb=320, bsz=64, num_updates=9460, lr=2.63963e-05, gnorm=3.026, clip=100, loss_scale=256, train_wall=41, gb_free=7.4, wall=54703
2023-03-28 12:56:14 - progress_bar.py[line:272] - INFO: epoch 006:     95 / 1878 loss=5.123, loss_v1=0, loss_v2=0, nll_loss=4.208, ntokens=320, nsentences=64, sample_size=320, sample_size_v1=0, sample_size_v2=0, ppl=18.48, wps=78.1, ups=0.24, wpb=320, bsz=64, num_updates=9470, lr=2.6368e-05, gnorm=3.033, clip=100, loss_scale=512, train_wall=41, gb_free=7.4, wall=54744
2023-03-28 12:56:55 - progress_bar.py[line:272] - INFO: epoch 006:    105 / 1878 loss=5.065, loss_v1=0, loss_v2=0, nll_loss=4.14, ntokens=320, nsentences=64, sample_size=320, sample_size_v1=0, sample_size_v2=0, ppl=17.63, wps=78, ups=0.24, wpb=320, bsz=64, num_updates=9480, lr=2.63396e-05, gnorm=2.954, clip=100, loss_scale=512, train_wall=41, gb_free=7.4, wall=54785
2023-03-28 12:57:36 - progress_bar.py[line:272] - INFO: epoch 006:    115 / 1878 loss=5.093, loss_v1=0, loss_v2=0, nll_loss=4.172, ntokens=320, nsentences=64, sample_size=320, sample_size_v1=0, sample_size_v2=0, ppl=18.03, wps=78.3, ups=0.24, wpb=320, bsz=64, num_updates=9490, lr=2.63113e-05, gnorm=2.979, clip=100, loss_scale=512, train_wall=41, gb_free=7.4, wall=54826
2023-03-28 12:57:56 - trainer.py[line:921] - INFO: NOTE: gradient overflow detected, ignoring gradient, setting loss scale to: 256.0
slice_id 1 seek offset 5379
2023-03-28 12:58:21 - progress_bar.py[line:272] - INFO: epoch 006:    126 / 1878 loss=5.1, loss_v1=0, loss_v2=0, nll_loss=4.183, ntokens=320, nsentences=64, sample_size=320, sample_size_v1=0, sample_size_v2=0, ppl=18.16, wps=71.6, ups=0.22, wpb=320, bsz=64, num_updates=9500, lr=2.6283e-05, gnorm=3.043, clip=100, loss_scale=256, train_wall=44, gb_free=7.4, wall=54871
2023-03-28 12:58:21 - train.py[line:445] - INFO: begin validation on "valid" subset
slice_id 0 seek offset 0
slice_id 0 seek offset 0
slice_id 1 seek offset 5379
2023-03-28 13:09:42 - progress_bar.py[line:282] - INFO: epoch 006 | valid on 'valid' subset | loss 5.77 | loss_v1 0 | loss_v2 0 | nll_loss 4.913 | ntokens 39.993 | nsentences 7.999 | sample_size 39.993 | sample_size_v1 0 | sample_size_v2 0 | ppl 30.12 | score 0.1107 | wps 79 | wpb 40 | bsz 8 | num_updates 9500 | best_score 0.1107
2023-03-28 13:09:42 - checkpoint_utils.py[line:64] - INFO: Preparing to save checkpoint for epoch 6 @ 9500 updates
2023-03-28 13:09:42 - trainer.py[line:431] - INFO: Saving checkpoint to ./refcocoplus_scratch_checkpoints/10_5e-5_512/checkpoint_6_9500.pt
2023-03-28 13:10:05 - trainer.py[line:441] - INFO: Finished saving checkpoint to ./refcocoplus_scratch_checkpoints/10_5e-5_512/checkpoint_6_9500.pt
2023-03-28 13:10:36 - checkpoint_utils.py[line:133] - INFO: Saved checkpoint ./refcocoplus_scratch_checkpoints/10_5e-5_512/checkpoint_6_9500.pt (epoch 6 @ 9500 updates, score 0.1107) (writing took 53.585524678230286 seconds)
2023-03-28 13:11:16 - progress_bar.py[line:272] - INFO: epoch 006:    136 / 1878 loss=5.136, loss_v1=0, loss_v2=0, nll_loss=4.228, ntokens=320, nsentences=64, sample_size=320, sample_size_v1=0, sample_size_v2=0, ppl=18.74, wps=4.1, ups=0.01, wpb=320, bsz=64, num_updates=9510, lr=2.62547e-05, gnorm=3.005, clip=100, loss_scale=256, train_wall=40, gb_free=7.4, wall=55647
2023-03-28 13:11:57 - progress_bar.py[line:272] - INFO: epoch 006:    146 / 1878 loss=5.113, loss_v1=0, loss_v2=0, nll_loss=4.198, ntokens=320, nsentences=64, sample_size=320, sample_size_v1=0, sample_size_v2=0, ppl=18.35, wps=77.8, ups=0.24, wpb=320, bsz=64, num_updates=9520, lr=2.62264e-05, gnorm=2.962, clip=100, loss_scale=256, train_wall=41, gb_free=7.4, wall=55688
2023-03-28 13:12:38 - progress_bar.py[line:272] - INFO: epoch 006:    156 / 1878 loss=5.101, loss_v1=0, loss_v2=0, nll_loss=4.184, ntokens=320, nsentences=64, sample_size=320, sample_size_v1=0, sample_size_v2=0, ppl=18.17, wps=77.9, ups=0.24, wpb=320, bsz=64, num_updates=9530, lr=2.6198e-05, gnorm=3.086, clip=100, loss_scale=256, train_wall=41, gb_free=7.4, wall=55729
2023-03-28 13:13:19 - progress_bar.py[line:272] - INFO: epoch 006:    166 / 1878 loss=5.114, loss_v1=0, loss_v2=0, nll_loss=4.199, ntokens=320, nsentences=64, sample_size=320, sample_size_v1=0, sample_size_v2=0, ppl=18.37, wps=78.1, ups=0.24, wpb=320, bsz=64, num_updates=9540, lr=2.61697e-05, gnorm=2.964, clip=100, loss_scale=256, train_wall=41, gb_free=7.4, wall=55770
2023-03-28 13:14:00 - progress_bar.py[line:272] - INFO: epoch 006:    176 / 1878 loss=5.141, loss_v1=0, loss_v2=0, nll_loss=4.227, ntokens=320, nsentences=64, sample_size=320, sample_size_v1=0, sample_size_v2=0, ppl=18.73, wps=78.1, ups=0.24, wpb=320, bsz=64, num_updates=9550, lr=2.61414e-05, gnorm=2.971, clip=100, loss_scale=256, train_wall=41, gb_free=7.4, wall=55811
2023-03-28 13:14:41 - progress_bar.py[line:272] - INFO: epoch 006:    186 / 1878 loss=5.141, loss_v1=0, loss_v2=0, nll_loss=4.231, ntokens=320, nsentences=64, sample_size=320, sample_size_v1=0, sample_size_v2=0, ppl=18.78, wps=78.2, ups=0.24, wpb=320, bsz=64, num_updates=9560, lr=2.61131e-05, gnorm=3.019, clip=100, loss_scale=256, train_wall=41, gb_free=7.4, wall=55852
2023-03-28 13:15:22 - progress_bar.py[line:272] - INFO: epoch 006:    196 / 1878 loss=5.063, loss_v1=0, loss_v2=0, nll_loss=4.14, ntokens=320, nsentences=64, sample_size=320, sample_size_v1=0, sample_size_v2=0, ppl=17.63, wps=78, ups=0.24, wpb=320, bsz=64, num_updates=9570, lr=2.60847e-05, gnorm=3.066, clip=100, loss_scale=256, train_wall=41, gb_free=7.4, wall=55893
2023-03-28 13:16:03 - progress_bar.py[line:272] - INFO: epoch 006:    206 / 1878 loss=5.137, loss_v1=0, loss_v2=0, nll_loss=4.223, ntokens=320, nsentences=64, sample_size=320, sample_size_v1=0, sample_size_v2=0, ppl=18.68, wps=78.5, ups=0.25, wpb=320, bsz=64, num_updates=9580, lr=2.60564e-05, gnorm=3.075, clip=100, loss_scale=256, train_wall=40, gb_free=7.4, wall=55933
2023-03-28 13:16:44 - progress_bar.py[line:272] - INFO: epoch 006:    216 / 1878 loss=5.073, loss_v1=0, loss_v2=0, nll_loss=4.152, ntokens=320, nsentences=64, sample_size=320, sample_size_v1=0, sample_size_v2=0, ppl=17.78, wps=78.5, ups=0.25, wpb=320, bsz=64, num_updates=9590, lr=2.60281e-05, gnorm=2.956, clip=100, loss_scale=256, train_wall=41, gb_free=7.4, wall=55974
2023-03-28 13:17:25 - progress_bar.py[line:272] - INFO: epoch 006:    226 / 1878 loss=5.08, loss_v1=0, loss_v2=0, nll_loss=4.162, ntokens=320, nsentences=64, sample_size=320, sample_size_v1=0, sample_size_v2=0, ppl=17.91, wps=78.3, ups=0.24, wpb=320, bsz=64, num_updates=9600, lr=2.59998e-05, gnorm=3.109, clip=100, loss_scale=256, train_wall=41, gb_free=7.4, wall=56015
2023-03-28 13:18:05 - progress_bar.py[line:272] - INFO: epoch 006:    236 / 1878 loss=5.105, loss_v1=0, loss_v2=0, nll_loss=4.189, ntokens=320, nsentences=64, sample_size=320, sample_size_v1=0, sample_size_v2=0, ppl=18.25, wps=78.7, ups=0.25, wpb=320, bsz=64, num_updates=9610, lr=2.59715e-05, gnorm=3.083, clip=100, loss_scale=256, train_wall=40, gb_free=7.4, wall=56056
2023-03-28 13:18:46 - progress_bar.py[line:272] - INFO: epoch 006:    246 / 1878 loss=5.14, loss_v1=0, loss_v2=0, nll_loss=4.226, ntokens=320, nsentences=64, sample_size=320, sample_size_v1=0, sample_size_v2=0, ppl=18.72, wps=78.1, ups=0.24, wpb=320, bsz=64, num_updates=9620, lr=2.59431e-05, gnorm=3.131, clip=100, loss_scale=256, train_wall=41, gb_free=7.4, wall=56097
2023-03-28 13:19:27 - progress_bar.py[line:272] - INFO: epoch 006:    256 / 1878 loss=5.101, loss_v1=0, loss_v2=0, nll_loss=4.185, ntokens=320, nsentences=64, sample_size=320, sample_size_v1=0, sample_size_v2=0, ppl=18.18, wps=78, ups=0.24, wpb=320, bsz=64, num_updates=9630, lr=2.59148e-05, gnorm=2.984, clip=100, loss_scale=256, train_wall=41, gb_free=7.4, wall=56138
2023-03-28 13:20:08 - progress_bar.py[line:272] - INFO: epoch 006:    266 / 1878 loss=5.089, loss_v1=0, loss_v2=0, nll_loss=4.17, ntokens=320, nsentences=64, sample_size=320, sample_size_v1=0, sample_size_v2=0, ppl=18, wps=78, ups=0.24, wpb=320, bsz=64, num_updates=9640, lr=2.58865e-05, gnorm=2.93, clip=100, loss_scale=256, train_wall=41, gb_free=7.4, wall=56179
2023-03-28 13:20:49 - progress_bar.py[line:272] - INFO: epoch 006:    276 / 1878 loss=5.058, loss_v1=0, loss_v2=0, nll_loss=4.133, ntokens=320, nsentences=64, sample_size=320, sample_size_v1=0, sample_size_v2=0, ppl=17.55, wps=78.3, ups=0.24, wpb=320, bsz=64, num_updates=9650, lr=2.58582e-05, gnorm=2.983, clip=100, loss_scale=256, train_wall=41, gb_free=7.4, wall=56220
2023-03-28 13:21:30 - progress_bar.py[line:272] - INFO: epoch 006:    286 / 1878 loss=5.115, loss_v1=0, loss_v2=0, nll_loss=4.197, ntokens=320, nsentences=64, sample_size=320, sample_size_v1=0, sample_size_v2=0, ppl=18.34, wps=78.1, ups=0.24, wpb=320, bsz=64, num_updates=9660, lr=2.58298e-05, gnorm=3.093, clip=100, loss_scale=256, train_wall=41, gb_free=7.4, wall=56261
2023-03-28 13:22:11 - progress_bar.py[line:272] - INFO: epoch 006:    296 / 1878 loss=5.113, loss_v1=0, loss_v2=0, nll_loss=4.201, ntokens=320, nsentences=64, sample_size=320, sample_size_v1=0, sample_size_v2=0, ppl=18.39, wps=78, ups=0.24, wpb=320, bsz=64, num_updates=9670, lr=2.58015e-05, gnorm=3.102, clip=100, loss_scale=256, train_wall=41, gb_free=7.4, wall=56302
2023-03-28 13:22:52 - progress_bar.py[line:272] - INFO: epoch 006:    306 / 1878 loss=5.076, loss_v1=0, loss_v2=0, nll_loss=4.156, ntokens=320, nsentences=64, sample_size=320, sample_size_v1=0, sample_size_v2=0, ppl=17.82, wps=78.2, ups=0.24, wpb=320, bsz=64, num_updates=9680, lr=2.57732e-05, gnorm=2.946, clip=100, loss_scale=256, train_wall=41, gb_free=7.4, wall=56343
2023-03-28 13:23:33 - progress_bar.py[line:272] - INFO: epoch 006:    316 / 1878 loss=5.123, loss_v1=0, loss_v2=0, nll_loss=4.209, ntokens=320, nsentences=64, sample_size=320, sample_size_v1=0, sample_size_v2=0, ppl=18.5, wps=77.9, ups=0.24, wpb=320, bsz=64, num_updates=9690, lr=2.57449e-05, gnorm=3.025, clip=100, loss_scale=256, train_wall=41, gb_free=7.4, wall=56384
2023-03-28 13:24:14 - progress_bar.py[line:272] - INFO: epoch 006:    326 / 1878 loss=5.085, loss_v1=0, loss_v2=0, nll_loss=4.164, ntokens=320, nsentences=64, sample_size=320, sample_size_v1=0, sample_size_v2=0, ppl=17.93, wps=78.1, ups=0.24, wpb=320, bsz=64, num_updates=9700, lr=2.57166e-05, gnorm=3.015, clip=100, loss_scale=256, train_wall=41, gb_free=7.4, wall=56425
2023-03-28 13:24:55 - progress_bar.py[line:272] - INFO: epoch 006:    336 / 1878 loss=5.114, loss_v1=0, loss_v2=0, nll_loss=4.194, ntokens=320, nsentences=64, sample_size=320, sample_size_v1=0, sample_size_v2=0, ppl=18.3, wps=78.2, ups=0.24, wpb=320, bsz=64, num_updates=9710, lr=2.56882e-05, gnorm=3.041, clip=100, loss_scale=256, train_wall=41, gb_free=7.4, wall=56466
2023-03-28 13:25:36 - progress_bar.py[line:272] - INFO: epoch 006:    346 / 1878 loss=5.085, loss_v1=0, loss_v2=0, nll_loss=4.166, ntokens=320, nsentences=64, sample_size=320, sample_size_v1=0, sample_size_v2=0, ppl=17.95, wps=78.5, ups=0.25, wpb=320, bsz=64, num_updates=9720, lr=2.56599e-05, gnorm=3.32, clip=100, loss_scale=256, train_wall=41, gb_free=7.4, wall=56506
2023-03-28 13:26:17 - progress_bar.py[line:272] - INFO: epoch 006:    356 / 1878 loss=5.067, loss_v1=0, loss_v2=0, nll_loss=4.148, ntokens=320, nsentences=64, sample_size=320, sample_size_v1=0, sample_size_v2=0, ppl=17.73, wps=78.3, ups=0.24, wpb=320, bsz=64, num_updates=9730, lr=2.56316e-05, gnorm=3.046, clip=100, loss_scale=256, train_wall=41, gb_free=7.4, wall=56547
2023-03-28 13:26:58 - progress_bar.py[line:272] - INFO: epoch 006:    366 / 1878 loss=5.125, loss_v1=0, loss_v2=0, nll_loss=4.207, ntokens=320, nsentences=64, sample_size=320, sample_size_v1=0, sample_size_v2=0, ppl=18.47, wps=78, ups=0.24, wpb=320, bsz=64, num_updates=9740, lr=2.56033e-05, gnorm=3.017, clip=100, loss_scale=256, train_wall=41, gb_free=7.4, wall=56588
2023-03-28 13:27:39 - progress_bar.py[line:272] - INFO: epoch 006:    376 / 1878 loss=5.1, loss_v1=0, loss_v2=0, nll_loss=4.188, ntokens=320, nsentences=64, sample_size=320, sample_size_v1=0, sample_size_v2=0, ppl=18.22, wps=78, ups=0.24, wpb=320, bsz=64, num_updates=9750, lr=2.55749e-05, gnorm=3.056, clip=100, loss_scale=256, train_wall=41, gb_free=7.4, wall=56629
2023-03-28 13:28:20 - progress_bar.py[line:272] - INFO: epoch 006:    386 / 1878 loss=5.112, loss_v1=0, loss_v2=0, nll_loss=4.196, ntokens=320, nsentences=64, sample_size=320, sample_size_v1=0, sample_size_v2=0, ppl=18.33, wps=78.2, ups=0.24, wpb=320, bsz=64, num_updates=9760, lr=2.55466e-05, gnorm=3.111, clip=100, loss_scale=256, train_wall=41, gb_free=7.4, wall=56670
2023-03-28 13:29:01 - progress_bar.py[line:272] - INFO: epoch 006:    396 / 1878 loss=5.127, loss_v1=0, loss_v2=0, nll_loss=4.205, ntokens=320, nsentences=64, sample_size=320, sample_size_v1=0, sample_size_v2=0, ppl=18.45, wps=78.2, ups=0.24, wpb=320, bsz=64, num_updates=9770, lr=2.55183e-05, gnorm=3.07, clip=100, loss_scale=256, train_wall=41, gb_free=7.4, wall=56711
2023-03-28 13:29:41 - progress_bar.py[line:272] - INFO: epoch 006:    406 / 1878 loss=5.105, loss_v1=0, loss_v2=0, nll_loss=4.189, ntokens=320, nsentences=64, sample_size=320, sample_size_v1=0, sample_size_v2=0, ppl=18.24, wps=78.3, ups=0.24, wpb=320, bsz=64, num_updates=9780, lr=2.549e-05, gnorm=3.122, clip=100, loss_scale=256, train_wall=41, gb_free=7.4, wall=56752
2023-03-28 13:30:22 - progress_bar.py[line:272] - INFO: epoch 006:    416 / 1878 loss=5.052, loss_v1=0, loss_v2=0, nll_loss=4.129, ntokens=320, nsentences=64, sample_size=320, sample_size_v1=0, sample_size_v2=0, ppl=17.49, wps=78.7, ups=0.25, wpb=320, bsz=64, num_updates=9790, lr=2.54617e-05, gnorm=2.999, clip=100, loss_scale=256, train_wall=40, gb_free=7.4, wall=56793
2023-03-28 13:31:03 - progress_bar.py[line:272] - INFO: epoch 006:    426 / 1878 loss=5.07, loss_v1=0, loss_v2=0, nll_loss=4.146, ntokens=320, nsentences=64, sample_size=320, sample_size_v1=0, sample_size_v2=0, ppl=17.7, wps=78.3, ups=0.24, wpb=320, bsz=64, num_updates=9800, lr=2.54333e-05, gnorm=3.111, clip=100, loss_scale=256, train_wall=41, gb_free=7.4, wall=56834
2023-03-28 13:31:44 - progress_bar.py[line:272] - INFO: epoch 006:    436 / 1878 loss=5.064, loss_v1=0, loss_v2=0, nll_loss=4.141, ntokens=320, nsentences=64, sample_size=320, sample_size_v1=0, sample_size_v2=0, ppl=17.64, wps=78.4, ups=0.25, wpb=320, bsz=64, num_updates=9810, lr=2.5405e-05, gnorm=2.998, clip=100, loss_scale=256, train_wall=41, gb_free=7.4, wall=56874
2023-03-28 13:32:25 - progress_bar.py[line:272] - INFO: epoch 006:    446 / 1878 loss=5.079, loss_v1=0, loss_v2=0, nll_loss=4.161, ntokens=320, nsentences=64, sample_size=320, sample_size_v1=0, sample_size_v2=0, ppl=17.89, wps=77.7, ups=0.24, wpb=320, bsz=64, num_updates=9820, lr=2.53767e-05, gnorm=3.041, clip=100, loss_scale=256, train_wall=41, gb_free=7.4, wall=56916
2023-03-28 13:33:06 - progress_bar.py[line:272] - INFO: epoch 006:    456 / 1878 loss=5.068, loss_v1=0, loss_v2=0, nll_loss=4.148, ntokens=320, nsentences=64, sample_size=320, sample_size_v1=0, sample_size_v2=0, ppl=17.73, wps=78.6, ups=0.25, wpb=320, bsz=64, num_updates=9830, lr=2.53484e-05, gnorm=3.028, clip=100, loss_scale=256, train_wall=40, gb_free=7.4, wall=56956
2023-03-28 13:33:47 - progress_bar.py[line:272] - INFO: epoch 006:    466 / 1878 loss=5.099, loss_v1=0, loss_v2=0, nll_loss=4.182, ntokens=320, nsentences=64, sample_size=320, sample_size_v1=0, sample_size_v2=0, ppl=18.15, wps=78.4, ups=0.24, wpb=320, bsz=64, num_updates=9840, lr=2.532e-05, gnorm=3.075, clip=100, loss_scale=256, train_wall=41, gb_free=7.4, wall=56997
2023-03-28 13:34:28 - progress_bar.py[line:272] - INFO: epoch 006:    476 / 1878 loss=5.085, loss_v1=0, loss_v2=0, nll_loss=4.161, ntokens=320, nsentences=64, sample_size=320, sample_size_v1=0, sample_size_v2=0, ppl=17.89, wps=78, ups=0.24, wpb=320, bsz=64, num_updates=9850, lr=2.52917e-05, gnorm=2.997, clip=100, loss_scale=256, train_wall=41, gb_free=7.4, wall=57038
2023-03-28 13:35:08 - progress_bar.py[line:272] - INFO: epoch 006:    486 / 1878 loss=5.068, loss_v1=0, loss_v2=0, nll_loss=4.15, ntokens=320, nsentences=64, sample_size=320, sample_size_v1=0, sample_size_v2=0, ppl=17.75, wps=78.9, ups=0.25, wpb=320, bsz=64, num_updates=9860, lr=2.52634e-05, gnorm=3.154, clip=100, loss_scale=256, train_wall=40, gb_free=7.4, wall=57079
2023-03-28 13:35:49 - progress_bar.py[line:272] - INFO: epoch 006:    496 / 1878 loss=5.033, loss_v1=0, loss_v2=0, nll_loss=4.109, ntokens=320, nsentences=64, sample_size=320, sample_size_v1=0, sample_size_v2=0, ppl=17.26, wps=78.3, ups=0.24, wpb=320, bsz=64, num_updates=9870, lr=2.52351e-05, gnorm=3.099, clip=100, loss_scale=256, train_wall=41, gb_free=7.4, wall=57120
2023-03-28 13:36:30 - progress_bar.py[line:272] - INFO: epoch 006:    506 / 1878 loss=5.098, loss_v1=0, loss_v2=0, nll_loss=4.178, ntokens=320, nsentences=64, sample_size=320, sample_size_v1=0, sample_size_v2=0, ppl=18.1, wps=78.3, ups=0.24, wpb=320, bsz=64, num_updates=9880, lr=2.52068e-05, gnorm=3.025, clip=100, loss_scale=256, train_wall=41, gb_free=7.4, wall=57160
2023-03-28 13:37:11 - progress_bar.py[line:272] - INFO: epoch 006:    516 / 1878 loss=5.086, loss_v1=0, loss_v2=0, nll_loss=4.166, ntokens=320, nsentences=64, sample_size=320, sample_size_v1=0, sample_size_v2=0, ppl=17.95, wps=78.4, ups=0.24, wpb=320, bsz=64, num_updates=9890, lr=2.51784e-05, gnorm=3.069, clip=100, loss_scale=256, train_wall=41, gb_free=7.4, wall=57201
2023-03-28 13:37:52 - progress_bar.py[line:272] - INFO: epoch 006:    526 / 1878 loss=5.124, loss_v1=0, loss_v2=0, nll_loss=4.208, ntokens=320, nsentences=64, sample_size=320, sample_size_v1=0, sample_size_v2=0, ppl=18.49, wps=78.4, ups=0.24, wpb=320, bsz=64, num_updates=9900, lr=2.51501e-05, gnorm=3.066, clip=100, loss_scale=256, train_wall=41, gb_free=7.4, wall=57242
2023-03-28 13:38:32 - progress_bar.py[line:272] - INFO: epoch 006:    536 / 1878 loss=5.059, loss_v1=0, loss_v2=0, nll_loss=4.138, ntokens=320, nsentences=64, sample_size=320, sample_size_v1=0, sample_size_v2=0, ppl=17.61, wps=78.5, ups=0.25, wpb=320, bsz=64, num_updates=9910, lr=2.51218e-05, gnorm=3.086, clip=100, loss_scale=256, train_wall=41, gb_free=7.4, wall=57283
2023-03-28 13:39:13 - progress_bar.py[line:272] - INFO: epoch 006:    546 / 1878 loss=5.08, loss_v1=0, loss_v2=0, nll_loss=4.163, ntokens=320, nsentences=64, sample_size=320, sample_size_v1=0, sample_size_v2=0, ppl=17.91, wps=78.4, ups=0.24, wpb=320, bsz=64, num_updates=9920, lr=2.50935e-05, gnorm=3.085, clip=100, loss_scale=256, train_wall=41, gb_free=7.4, wall=57324
2023-03-28 13:39:54 - progress_bar.py[line:272] - INFO: epoch 006:    556 / 1878 loss=5.06, loss_v1=0, loss_v2=0, nll_loss=4.136, ntokens=320, nsentences=64, sample_size=320, sample_size_v1=0, sample_size_v2=0, ppl=17.58, wps=78.2, ups=0.24, wpb=320, bsz=64, num_updates=9930, lr=2.50651e-05, gnorm=3.099, clip=100, loss_scale=256, train_wall=41, gb_free=7.4, wall=57365
2023-03-28 13:40:35 - progress_bar.py[line:272] - INFO: epoch 006:    566 / 1878 loss=5.024, loss_v1=0, loss_v2=0, nll_loss=4.092, ntokens=320, nsentences=64, sample_size=320, sample_size_v1=0, sample_size_v2=0, ppl=17.06, wps=78.4, ups=0.25, wpb=320, bsz=64, num_updates=9940, lr=2.50368e-05, gnorm=3.092, clip=100, loss_scale=256, train_wall=41, gb_free=7.4, wall=57405
2023-03-28 13:41:16 - progress_bar.py[line:272] - INFO: epoch 006:    576 / 1878 loss=5.062, loss_v1=0, loss_v2=0, nll_loss=4.141, ntokens=320, nsentences=64, sample_size=320, sample_size_v1=0, sample_size_v2=0, ppl=17.65, wps=78.3, ups=0.24, wpb=320, bsz=64, num_updates=9950, lr=2.50085e-05, gnorm=3.067, clip=100, loss_scale=256, train_wall=41, gb_free=7.4, wall=57446
2023-03-28 13:41:56 - progress_bar.py[line:272] - INFO: epoch 006:    586 / 1878 loss=5.114, loss_v1=0, loss_v2=0, nll_loss=4.199, ntokens=320, nsentences=64, sample_size=320, sample_size_v1=0, sample_size_v2=0, ppl=18.37, wps=78.3, ups=0.24, wpb=320, bsz=64, num_updates=9960, lr=2.49802e-05, gnorm=3.057, clip=100, loss_scale=256, train_wall=41, gb_free=7.4, wall=57487
2023-03-28 13:42:38 - progress_bar.py[line:272] - INFO: epoch 006:    596 / 1878 loss=5.064, loss_v1=0, loss_v2=0, nll_loss=4.136, ntokens=320, nsentences=64, sample_size=320, sample_size_v1=0, sample_size_v2=0, ppl=17.59, wps=78, ups=0.24, wpb=320, bsz=64, num_updates=9970, lr=2.49519e-05, gnorm=3.009, clip=100, loss_scale=256, train_wall=41, gb_free=7.4, wall=57528
2023-03-28 13:43:18 - progress_bar.py[line:272] - INFO: epoch 006:    606 / 1878 loss=5.088, loss_v1=0, loss_v2=0, nll_loss=4.17, ntokens=320, nsentences=64, sample_size=320, sample_size_v1=0, sample_size_v2=0, ppl=18, wps=78.2, ups=0.24, wpb=320, bsz=64, num_updates=9980, lr=2.49235e-05, gnorm=3.149, clip=100, loss_scale=256, train_wall=41, gb_free=7.4, wall=57569
2023-03-28 13:43:59 - progress_bar.py[line:272] - INFO: epoch 006:    616 / 1878 loss=5.086, loss_v1=0, loss_v2=0, nll_loss=4.165, ntokens=320, nsentences=64, sample_size=320, sample_size_v1=0, sample_size_v2=0, ppl=17.94, wps=78, ups=0.24, wpb=320, bsz=64, num_updates=9990, lr=2.48952e-05, gnorm=3.023, clip=100, loss_scale=256, train_wall=41, gb_free=7.4, wall=57610
2023-03-28 13:44:04 - trainer.py[line:921] - INFO: NOTE: gradient overflow detected, ignoring gradient, setting loss scale to: 128.0
slice_id 1 seek offset 5379
2023-03-28 13:44:45 - progress_bar.py[line:272] - INFO: epoch 006:    627 / 1878 loss=5.114, loss_v1=0, loss_v2=0, nll_loss=4.203, ntokens=320, nsentences=64, sample_size=320, sample_size_v1=0, sample_size_v2=0, ppl=18.42, wps=70.4, ups=0.22, wpb=320, bsz=64, num_updates=10000, lr=2.48669e-05, gnorm=3.05, clip=100, loss_scale=128, train_wall=45, gb_free=7.4, wall=57655
2023-03-28 13:44:45 - train.py[line:445] - INFO: begin validation on "valid" subset
slice_id 0 seek offset 0
slice_id 1 seek offset 5379
slice_id 0 seek offset 0
2023-03-28 13:56:06 - progress_bar.py[line:282] - INFO: epoch 006 | valid on 'valid' subset | loss 5.784 | loss_v1 0 | loss_v2 0 | nll_loss 4.935 | ntokens 39.993 | nsentences 7.999 | sample_size 39.993 | sample_size_v1 0 | sample_size_v2 0 | ppl 30.6 | score 0.1094 | wps 79 | wpb 40 | bsz 8 | num_updates 10000 | best_score 0.1107
2023-03-28 13:56:06 - checkpoint_utils.py[line:64] - INFO: Preparing to save checkpoint for epoch 6 @ 10000 updates
2023-03-28 13:56:06 - trainer.py[line:431] - INFO: Saving checkpoint to ./refcocoplus_scratch_checkpoints/10_5e-5_512/checkpoint_6_10000.pt
2023-03-28 13:56:25 - trainer.py[line:441] - INFO: Finished saving checkpoint to ./refcocoplus_scratch_checkpoints/10_5e-5_512/checkpoint_6_10000.pt
2023-03-28 13:56:34 - checkpoint_utils.py[line:133] - INFO: Saved checkpoint ./refcocoplus_scratch_checkpoints/10_5e-5_512/checkpoint_6_10000.pt (epoch 6 @ 10000 updates, score 0.1094) (writing took 28.10406042356044 seconds)
2023-03-28 13:57:15 - progress_bar.py[line:272] - INFO: epoch 006:    637 / 1878 loss=5.112, loss_v1=0, loss_v2=0, nll_loss=4.198, ntokens=320, nsentences=64, sample_size=320, sample_size_v1=0, sample_size_v2=0, ppl=18.35, wps=4.3, ups=0.01, wpb=320, bsz=64, num_updates=10010, lr=2.48386e-05, gnorm=3.096, clip=100, loss_scale=128, train_wall=40, gb_free=7.4, wall=58405
2023-03-28 13:57:56 - progress_bar.py[line:272] - INFO: epoch 006:    647 / 1878 loss=5.074, loss_v1=0, loss_v2=0, nll_loss=4.148, ntokens=320, nsentences=64, sample_size=320, sample_size_v1=0, sample_size_v2=0, ppl=17.72, wps=78, ups=0.24, wpb=320, bsz=64, num_updates=10020, lr=2.48102e-05, gnorm=3.057, clip=100, loss_scale=128, train_wall=41, gb_free=7.4, wall=58446
2023-03-28 13:58:37 - progress_bar.py[line:272] - INFO: epoch 006:    657 / 1878 loss=5.103, loss_v1=0, loss_v2=0, nll_loss=4.182, ntokens=320, nsentences=64, sample_size=320, sample_size_v1=0, sample_size_v2=0, ppl=18.15, wps=77.9, ups=0.24, wpb=320, bsz=64, num_updates=10030, lr=2.47819e-05, gnorm=3.018, clip=100, loss_scale=128, train_wall=41, gb_free=7.4, wall=58487
2023-03-28 13:59:18 - progress_bar.py[line:272] - INFO: epoch 006:    667 / 1878 loss=5.085, loss_v1=0, loss_v2=0, nll_loss=4.163, ntokens=320, nsentences=64, sample_size=320, sample_size_v1=0, sample_size_v2=0, ppl=17.92, wps=77.8, ups=0.24, wpb=320, bsz=64, num_updates=10040, lr=2.47536e-05, gnorm=3.514, clip=100, loss_scale=128, train_wall=41, gb_free=7.4, wall=58529
2023-03-28 13:59:59 - progress_bar.py[line:272] - INFO: epoch 006:    677 / 1878 loss=5.074, loss_v1=0, loss_v2=0, nll_loss=4.154, ntokens=320, nsentences=64, sample_size=320, sample_size_v1=0, sample_size_v2=0, ppl=17.8, wps=78.2, ups=0.24, wpb=320, bsz=64, num_updates=10050, lr=2.47253e-05, gnorm=3.023, clip=100, loss_scale=128, train_wall=41, gb_free=7.4, wall=58569
2023-03-28 14:00:40 - progress_bar.py[line:272] - INFO: epoch 006:    687 / 1878 loss=5.084, loss_v1=0, loss_v2=0, nll_loss=4.169, ntokens=320, nsentences=64, sample_size=320, sample_size_v1=0, sample_size_v2=0, ppl=17.99, wps=78.1, ups=0.24, wpb=320, bsz=64, num_updates=10060, lr=2.4697e-05, gnorm=3.08, clip=100, loss_scale=128, train_wall=41, gb_free=7.4, wall=58610
2023-03-28 14:01:21 - progress_bar.py[line:272] - INFO: epoch 006:    697 / 1878 loss=5.046, loss_v1=0, loss_v2=0, nll_loss=4.123, ntokens=320, nsentences=64, sample_size=320, sample_size_v1=0, sample_size_v2=0, ppl=17.42, wps=78.4, ups=0.24, wpb=320, bsz=64, num_updates=10070, lr=2.46686e-05, gnorm=2.979, clip=100, loss_scale=128, train_wall=40, gb_free=7.4, wall=58651
2023-03-28 14:02:02 - progress_bar.py[line:272] - INFO: epoch 006:    707 / 1878 loss=5.102, loss_v1=0, loss_v2=0, nll_loss=4.186, ntokens=320, nsentences=64, sample_size=320, sample_size_v1=0, sample_size_v2=0, ppl=18.2, wps=77.9, ups=0.24, wpb=320, bsz=64, num_updates=10080, lr=2.46403e-05, gnorm=3.089, clip=100, loss_scale=128, train_wall=41, gb_free=7.4, wall=58692
2023-03-28 14:02:43 - progress_bar.py[line:272] - INFO: epoch 006:    717 / 1878 loss=5.034, loss_v1=0, loss_v2=0, nll_loss=4.103, ntokens=320, nsentences=64, sample_size=320, sample_size_v1=0, sample_size_v2=0, ppl=17.18, wps=77.3, ups=0.24, wpb=320, bsz=64, num_updates=10090, lr=2.4612e-05, gnorm=3.066, clip=100, loss_scale=128, train_wall=41, gb_free=7.4, wall=58734
2023-03-28 14:03:24 - progress_bar.py[line:272] - INFO: epoch 006:    727 / 1878 loss=5.046, loss_v1=0, loss_v2=0, nll_loss=4.116, ntokens=320, nsentences=64, sample_size=320, sample_size_v1=0, sample_size_v2=0, ppl=17.34, wps=77.7, ups=0.24, wpb=320, bsz=64, num_updates=10100, lr=2.45837e-05, gnorm=2.992, clip=100, loss_scale=128, train_wall=41, gb_free=7.4, wall=58775
2023-03-28 14:04:05 - progress_bar.py[line:272] - INFO: epoch 006:    737 / 1878 loss=5.037, loss_v1=0, loss_v2=0, nll_loss=4.116, ntokens=320, nsentences=64, sample_size=320, sample_size_v1=0, sample_size_v2=0, ppl=17.34, wps=78.2, ups=0.24, wpb=320, bsz=64, num_updates=10110, lr=2.45553e-05, gnorm=2.928, clip=100, loss_scale=128, train_wall=41, gb_free=7.4, wall=58816
2023-03-28 14:04:46 - progress_bar.py[line:272] - INFO: epoch 006:    747 / 1878 loss=5.037, loss_v1=0, loss_v2=0, nll_loss=4.111, ntokens=320, nsentences=64, sample_size=320, sample_size_v1=0, sample_size_v2=0, ppl=17.28, wps=78.5, ups=0.25, wpb=320, bsz=64, num_updates=10120, lr=2.4527e-05, gnorm=2.976, clip=100, loss_scale=128, train_wall=40, gb_free=7.4, wall=58857
2023-03-28 14:05:27 - progress_bar.py[line:272] - INFO: epoch 006:    757 / 1878 loss=5.005, loss_v1=0, loss_v2=0, nll_loss=4.074, ntokens=320, nsentences=64, sample_size=320, sample_size_v1=0, sample_size_v2=0, ppl=16.85, wps=78.3, ups=0.24, wpb=320, bsz=64, num_updates=10130, lr=2.44987e-05, gnorm=2.896, clip=100, loss_scale=128, train_wall=41, gb_free=7.4, wall=58898
2023-03-28 14:06:08 - progress_bar.py[line:272] - INFO: epoch 006:    767 / 1878 loss=5.071, loss_v1=0, loss_v2=0, nll_loss=4.154, ntokens=320, nsentences=64, sample_size=320, sample_size_v1=0, sample_size_v2=0, ppl=17.8, wps=78.3, ups=0.24, wpb=320, bsz=64, num_updates=10140, lr=2.44704e-05, gnorm=2.869, clip=100, loss_scale=128, train_wall=41, gb_free=7.4, wall=58938
2023-03-28 14:06:49 - progress_bar.py[line:272] - INFO: epoch 006:    777 / 1878 loss=5.013, loss_v1=0, loss_v2=0, nll_loss=4.088, ntokens=320, nsentences=64, sample_size=320, sample_size_v1=0, sample_size_v2=0, ppl=17.01, wps=78.3, ups=0.24, wpb=320, bsz=64, num_updates=10150, lr=2.44421e-05, gnorm=3.019, clip=100, loss_scale=128, train_wall=41, gb_free=7.4, wall=58979
2023-03-28 14:07:29 - progress_bar.py[line:272] - INFO: epoch 006:    787 / 1878 loss=5.016, loss_v1=0, loss_v2=0, nll_loss=4.081, ntokens=320, nsentences=64, sample_size=320, sample_size_v1=0, sample_size_v2=0, ppl=16.92, wps=78.5, ups=0.25, wpb=320, bsz=64, num_updates=10160, lr=2.44137e-05, gnorm=2.989, clip=100, loss_scale=128, train_wall=40, gb_free=7.4, wall=59020
2023-03-28 14:08:10 - progress_bar.py[line:272] - INFO: epoch 006:    797 / 1878 loss=5.003, loss_v1=0, loss_v2=0, nll_loss=4.075, ntokens=320, nsentences=64, sample_size=320, sample_size_v1=0, sample_size_v2=0, ppl=16.86, wps=78, ups=0.24, wpb=320, bsz=64, num_updates=10170, lr=2.43854e-05, gnorm=3.03, clip=100, loss_scale=128, train_wall=41, gb_free=7.4, wall=59061
2023-03-28 14:08:51 - progress_bar.py[line:272] - INFO: epoch 006:    807 / 1878 loss=5.008, loss_v1=0, loss_v2=0, nll_loss=4.083, ntokens=320, nsentences=64, sample_size=320, sample_size_v1=0, sample_size_v2=0, ppl=16.95, wps=78.3, ups=0.24, wpb=320, bsz=64, num_updates=10180, lr=2.43571e-05, gnorm=2.98, clip=100, loss_scale=128, train_wall=41, gb_free=7.4, wall=59102
2023-03-28 14:09:32 - progress_bar.py[line:272] - INFO: epoch 006:    817 / 1878 loss=5.053, loss_v1=0, loss_v2=0, nll_loss=4.125, ntokens=320, nsentences=64, sample_size=320, sample_size_v1=0, sample_size_v2=0, ppl=17.45, wps=77.9, ups=0.24, wpb=320, bsz=64, num_updates=10190, lr=2.43288e-05, gnorm=2.851, clip=100, loss_scale=128, train_wall=41, gb_free=7.4, wall=59143
2023-03-28 14:10:13 - progress_bar.py[line:272] - INFO: epoch 006:    827 / 1878 loss=5.026, loss_v1=0, loss_v2=0, nll_loss=4.1, ntokens=320, nsentences=64, sample_size=320, sample_size_v1=0, sample_size_v2=0, ppl=17.15, wps=77.9, ups=0.24, wpb=320, bsz=64, num_updates=10200, lr=2.43004e-05, gnorm=2.929, clip=100, loss_scale=128, train_wall=41, gb_free=7.4, wall=59184
2023-03-28 14:10:54 - progress_bar.py[line:272] - INFO: epoch 006:    837 / 1878 loss=5.026, loss_v1=0, loss_v2=0, nll_loss=4.099, ntokens=320, nsentences=64, sample_size=320, sample_size_v1=0, sample_size_v2=0, ppl=17.13, wps=78, ups=0.24, wpb=320, bsz=64, num_updates=10210, lr=2.42721e-05, gnorm=3.11, clip=100, loss_scale=128, train_wall=41, gb_free=7.4, wall=59225
2023-03-28 14:11:35 - progress_bar.py[line:272] - INFO: epoch 006:    847 / 1878 loss=5.012, loss_v1=0, loss_v2=0, nll_loss=4.078, ntokens=320, nsentences=64, sample_size=320, sample_size_v1=0, sample_size_v2=0, ppl=16.89, wps=78.4, ups=0.25, wpb=320, bsz=64, num_updates=10220, lr=2.42438e-05, gnorm=2.969, clip=100, loss_scale=128, train_wall=41, gb_free=7.4, wall=59266
2023-03-28 14:12:16 - progress_bar.py[line:272] - INFO: epoch 006:    857 / 1878 loss=5.051, loss_v1=0, loss_v2=0, nll_loss=4.126, ntokens=320, nsentences=64, sample_size=320, sample_size_v1=0, sample_size_v2=0, ppl=17.46, wps=78.1, ups=0.24, wpb=320, bsz=64, num_updates=10230, lr=2.42155e-05, gnorm=2.939, clip=100, loss_scale=128, train_wall=41, gb_free=7.4, wall=59307
2023-03-28 14:12:57 - progress_bar.py[line:272] - INFO: epoch 006:    867 / 1878 loss=5.021, loss_v1=0, loss_v2=0, nll_loss=4.097, ntokens=320, nsentences=64, sample_size=320, sample_size_v1=0, sample_size_v2=0, ppl=17.11, wps=78.4, ups=0.24, wpb=320, bsz=64, num_updates=10240, lr=2.41872e-05, gnorm=3.039, clip=100, loss_scale=128, train_wall=41, gb_free=7.4, wall=59348
2023-03-28 14:13:38 - progress_bar.py[line:272] - INFO: epoch 006:    877 / 1878 loss=5.035, loss_v1=0, loss_v2=0, nll_loss=4.111, ntokens=320, nsentences=64, sample_size=320, sample_size_v1=0, sample_size_v2=0, ppl=17.28, wps=78.5, ups=0.25, wpb=320, bsz=64, num_updates=10250, lr=2.41588e-05, gnorm=2.981, clip=100, loss_scale=128, train_wall=40, gb_free=7.4, wall=59388
2023-03-28 14:14:19 - progress_bar.py[line:272] - INFO: epoch 006:    887 / 1878 loss=5.053, loss_v1=0, loss_v2=0, nll_loss=4.135, ntokens=320, nsentences=64, sample_size=320, sample_size_v1=0, sample_size_v2=0, ppl=17.57, wps=78.5, ups=0.25, wpb=320, bsz=64, num_updates=10260, lr=2.41305e-05, gnorm=3.04, clip=100, loss_scale=128, train_wall=41, gb_free=7.4, wall=59429
2023-03-28 14:14:59 - progress_bar.py[line:272] - INFO: epoch 006:    897 / 1878 loss=5.006, loss_v1=0, loss_v2=0, nll_loss=4.077, ntokens=320, nsentences=64, sample_size=320, sample_size_v1=0, sample_size_v2=0, ppl=16.88, wps=78.3, ups=0.24, wpb=320, bsz=64, num_updates=10270, lr=2.41022e-05, gnorm=2.962, clip=100, loss_scale=128, train_wall=41, gb_free=7.4, wall=59470
2023-03-28 14:15:40 - progress_bar.py[line:272] - INFO: epoch 006:    907 / 1878 loss=5.024, loss_v1=0, loss_v2=0, nll_loss=4.092, ntokens=320, nsentences=64, sample_size=320, sample_size_v1=0, sample_size_v2=0, ppl=17.05, wps=78.1, ups=0.24, wpb=320, bsz=64, num_updates=10280, lr=2.40739e-05, gnorm=2.944, clip=100, loss_scale=128, train_wall=41, gb_free=7.4, wall=59511
2023-03-28 14:16:21 - progress_bar.py[line:272] - INFO: epoch 006:    917 / 1878 loss=4.98, loss_v1=0, loss_v2=0, nll_loss=4.05, ntokens=320, nsentences=64, sample_size=320, sample_size_v1=0, sample_size_v2=0, ppl=16.57, wps=78.2, ups=0.24, wpb=320, bsz=64, num_updates=10290, lr=2.40455e-05, gnorm=2.984, clip=100, loss_scale=128, train_wall=41, gb_free=7.4, wall=59552
2023-03-28 14:17:02 - progress_bar.py[line:272] - INFO: epoch 006:    927 / 1878 loss=5.028, loss_v1=0, loss_v2=0, nll_loss=4.1, ntokens=320, nsentences=64, sample_size=320, sample_size_v1=0, sample_size_v2=0, ppl=17.15, wps=77.9, ups=0.24, wpb=320, bsz=64, num_updates=10300, lr=2.40172e-05, gnorm=3.083, clip=100, loss_scale=128, train_wall=41, gb_free=7.4, wall=59593
2023-03-28 14:17:43 - progress_bar.py[line:272] - INFO: epoch 006:    937 / 1878 loss=4.964, loss_v1=0, loss_v2=0, nll_loss=4.03, ntokens=320, nsentences=64, sample_size=320, sample_size_v1=0, sample_size_v2=0, ppl=16.34, wps=78, ups=0.24, wpb=320, bsz=64, num_updates=10310, lr=2.39889e-05, gnorm=2.952, clip=100, loss_scale=128, train_wall=41, gb_free=7.4, wall=59634
2023-03-28 14:18:24 - progress_bar.py[line:272] - INFO: epoch 006:    947 / 1878 loss=5.005, loss_v1=0, loss_v2=0, nll_loss=4.076, ntokens=320, nsentences=64, sample_size=320, sample_size_v1=0, sample_size_v2=0, ppl=16.87, wps=78.4, ups=0.24, wpb=320, bsz=64, num_updates=10320, lr=2.39606e-05, gnorm=2.995, clip=100, loss_scale=128, train_wall=41, gb_free=7.4, wall=59675
2023-03-28 14:19:05 - progress_bar.py[line:272] - INFO: epoch 006:    957 / 1878 loss=5.005, loss_v1=0, loss_v2=0, nll_loss=4.072, ntokens=320, nsentences=64, sample_size=320, sample_size_v1=0, sample_size_v2=0, ppl=16.82, wps=78.1, ups=0.24, wpb=320, bsz=64, num_updates=10330, lr=2.39323e-05, gnorm=3.007, clip=100, loss_scale=128, train_wall=41, gb_free=7.4, wall=59716
2023-03-28 14:19:46 - progress_bar.py[line:272] - INFO: epoch 006:    967 / 1878 loss=5.001, loss_v1=0, loss_v2=0, nll_loss=4.067, ntokens=320, nsentences=64, sample_size=320, sample_size_v1=0, sample_size_v2=0, ppl=16.76, wps=78.2, ups=0.24, wpb=320, bsz=64, num_updates=10340, lr=2.39039e-05, gnorm=2.927, clip=100, loss_scale=128, train_wall=41, gb_free=7.4, wall=59757
2023-03-28 14:20:27 - progress_bar.py[line:272] - INFO: epoch 006:    977 / 1878 loss=5.028, loss_v1=0, loss_v2=0, nll_loss=4.101, ntokens=320, nsentences=64, sample_size=320, sample_size_v1=0, sample_size_v2=0, ppl=17.16, wps=78.5, ups=0.25, wpb=320, bsz=64, num_updates=10350, lr=2.38756e-05, gnorm=2.936, clip=100, loss_scale=128, train_wall=41, gb_free=7.4, wall=59798
2023-03-28 14:21:08 - progress_bar.py[line:272] - INFO: epoch 006:    987 / 1878 loss=4.996, loss_v1=0, loss_v2=0, nll_loss=4.07, ntokens=320, nsentences=64, sample_size=320, sample_size_v1=0, sample_size_v2=0, ppl=16.79, wps=78.7, ups=0.25, wpb=320, bsz=64, num_updates=10360, lr=2.38473e-05, gnorm=2.917, clip=100, loss_scale=128, train_wall=40, gb_free=7.4, wall=59838
2023-03-28 14:21:49 - progress_bar.py[line:272] - INFO: epoch 006:    997 / 1878 loss=5.051, loss_v1=0, loss_v2=0, nll_loss=4.127, ntokens=320, nsentences=64, sample_size=320, sample_size_v1=0, sample_size_v2=0, ppl=17.48, wps=78.2, ups=0.24, wpb=320, bsz=64, num_updates=10370, lr=2.3819e-05, gnorm=2.924, clip=100, loss_scale=128, train_wall=41, gb_free=7.4, wall=59879
2023-03-28 14:22:29 - progress_bar.py[line:272] - INFO: epoch 006:   1007 / 1878 loss=5.063, loss_v1=0, loss_v2=0, nll_loss=4.141, ntokens=320, nsentences=64, sample_size=320, sample_size_v1=0, sample_size_v2=0, ppl=17.64, wps=78.3, ups=0.24, wpb=320, bsz=64, num_updates=10380, lr=2.37906e-05, gnorm=2.983, clip=100, loss_scale=128, train_wall=41, gb_free=7.4, wall=59920
2023-03-28 14:23:10 - progress_bar.py[line:272] - INFO: epoch 006:   1017 / 1878 loss=4.998, loss_v1=0, loss_v2=0, nll_loss=4.067, ntokens=320, nsentences=64, sample_size=320, sample_size_v1=0, sample_size_v2=0, ppl=16.76, wps=78.8, ups=0.25, wpb=320, bsz=64, num_updates=10390, lr=2.37623e-05, gnorm=3.006, clip=100, loss_scale=128, train_wall=40, gb_free=7.4, wall=59961
2023-03-28 14:23:51 - progress_bar.py[line:272] - INFO: epoch 006:   1027 / 1878 loss=5.04, loss_v1=0, loss_v2=0, nll_loss=4.113, ntokens=320, nsentences=64, sample_size=320, sample_size_v1=0, sample_size_v2=0, ppl=17.31, wps=78.5, ups=0.25, wpb=320, bsz=64, num_updates=10400, lr=2.3734e-05, gnorm=2.96, clip=100, loss_scale=128, train_wall=40, gb_free=7.4, wall=60001
2023-03-28 14:24:32 - progress_bar.py[line:272] - INFO: epoch 006:   1037 / 1878 loss=4.997, loss_v1=0, loss_v2=0, nll_loss=4.068, ntokens=320, nsentences=64, sample_size=320, sample_size_v1=0, sample_size_v2=0, ppl=16.77, wps=78.4, ups=0.25, wpb=320, bsz=64, num_updates=10410, lr=2.37057e-05, gnorm=2.993, clip=100, loss_scale=128, train_wall=41, gb_free=7.4, wall=60042
2023-03-28 14:25:12 - progress_bar.py[line:272] - INFO: epoch 006:   1047 / 1878 loss=4.99, loss_v1=0, loss_v2=0, nll_loss=4.064, ntokens=320, nsentences=64, sample_size=320, sample_size_v1=0, sample_size_v2=0, ppl=16.72, wps=78.9, ups=0.25, wpb=320, bsz=64, num_updates=10420, lr=2.36774e-05, gnorm=2.947, clip=100, loss_scale=128, train_wall=40, gb_free=7.4, wall=60083
2023-03-28 14:25:53 - progress_bar.py[line:272] - INFO: epoch 006:   1057 / 1878 loss=5.035, loss_v1=0, loss_v2=0, nll_loss=4.109, ntokens=320, nsentences=64, sample_size=320, sample_size_v1=0, sample_size_v2=0, ppl=17.26, wps=77.9, ups=0.24, wpb=320, bsz=64, num_updates=10430, lr=2.3649e-05, gnorm=3.041, clip=100, loss_scale=128, train_wall=41, gb_free=7.4, wall=60124
2023-03-28 14:26:34 - progress_bar.py[line:272] - INFO: epoch 006:   1067 / 1878 loss=5.014, loss_v1=0, loss_v2=0, nll_loss=4.085, ntokens=320, nsentences=64, sample_size=320, sample_size_v1=0, sample_size_v2=0, ppl=16.98, wps=78.3, ups=0.24, wpb=320, bsz=64, num_updates=10440, lr=2.36207e-05, gnorm=2.972, clip=100, loss_scale=128, train_wall=41, gb_free=7.4, wall=60165
2023-03-28 14:27:15 - progress_bar.py[line:272] - INFO: epoch 006:   1077 / 1878 loss=4.991, loss_v1=0, loss_v2=0, nll_loss=4.064, ntokens=320, nsentences=64, sample_size=320, sample_size_v1=0, sample_size_v2=0, ppl=16.73, wps=77.7, ups=0.24, wpb=320, bsz=64, num_updates=10450, lr=2.35924e-05, gnorm=2.949, clip=100, loss_scale=128, train_wall=41, gb_free=7.4, wall=60206
2023-03-28 14:27:56 - progress_bar.py[line:272] - INFO: epoch 006:   1087 / 1878 loss=4.987, loss_v1=0, loss_v2=0, nll_loss=4.06, ntokens=320, nsentences=64, sample_size=320, sample_size_v1=0, sample_size_v2=0, ppl=16.68, wps=77.9, ups=0.24, wpb=320, bsz=64, num_updates=10460, lr=2.35641e-05, gnorm=2.992, clip=100, loss_scale=128, train_wall=41, gb_free=7.4, wall=60247
2023-03-28 14:28:38 - progress_bar.py[line:272] - INFO: epoch 006:   1097 / 1878 loss=5.009, loss_v1=0, loss_v2=0, nll_loss=4.076, ntokens=320, nsentences=64, sample_size=320, sample_size_v1=0, sample_size_v2=0, ppl=16.87, wps=77.3, ups=0.24, wpb=320, bsz=64, num_updates=10470, lr=2.35357e-05, gnorm=2.903, clip=100, loss_scale=128, train_wall=41, gb_free=7.4, wall=60288
2023-03-28 14:29:19 - progress_bar.py[line:272] - INFO: epoch 006:   1107 / 1878 loss=5.001, loss_v1=0, loss_v2=0, nll_loss=4.07, ntokens=320, nsentences=64, sample_size=320, sample_size_v1=0, sample_size_v2=0, ppl=16.8, wps=78, ups=0.24, wpb=320, bsz=64, num_updates=10480, lr=2.35074e-05, gnorm=2.984, clip=100, loss_scale=128, train_wall=41, gb_free=7.4, wall=60329
2023-03-28 14:30:00 - progress_bar.py[line:272] - INFO: epoch 006:   1117 / 1878 loss=4.982, loss_v1=0, loss_v2=0, nll_loss=4.051, ntokens=320, nsentences=64, sample_size=320, sample_size_v1=0, sample_size_v2=0, ppl=16.58, wps=78.2, ups=0.24, wpb=320, bsz=64, num_updates=10490, lr=2.34791e-05, gnorm=2.997, clip=100, loss_scale=128, train_wall=41, gb_free=7.4, wall=60370
slice_id 1 seek offset 5379
2023-03-28 14:30:40 - progress_bar.py[line:272] - INFO: epoch 006:   1127 / 1878 loss=4.976, loss_v1=0, loss_v2=0, nll_loss=4.048, ntokens=320, nsentences=64, sample_size=320, sample_size_v1=0, sample_size_v2=0, ppl=16.54, wps=78.4, ups=0.25, wpb=320, bsz=64, num_updates=10500, lr=2.34508e-05, gnorm=3.037, clip=100, loss_scale=128, train_wall=41, gb_free=7.4, wall=60411
2023-03-28 14:30:40 - train.py[line:445] - INFO: begin validation on "valid" subset
slice_id 0 seek offset 0
slice_id 0 seek offset 0
slice_id 1 seek offset 5379
2023-03-28 14:42:02 - progress_bar.py[line:282] - INFO: epoch 006 | valid on 'valid' subset | loss 5.818 | loss_v1 0 | loss_v2 0 | nll_loss 4.964 | ntokens 39.993 | nsentences 7.999 | sample_size 39.993 | sample_size_v1 0 | sample_size_v2 0 | ppl 31.2 | score 0.1184 | wps 79 | wpb 40 | bsz 8 | num_updates 10500 | best_score 0.1184
2023-03-28 14:42:02 - checkpoint_utils.py[line:64] - INFO: Preparing to save checkpoint for epoch 6 @ 10500 updates
2023-03-28 14:42:02 - trainer.py[line:431] - INFO: Saving checkpoint to ./refcocoplus_scratch_checkpoints/10_5e-5_512/checkpoint_6_10500.pt
2023-03-28 14:42:22 - trainer.py[line:441] - INFO: Finished saving checkpoint to ./refcocoplus_scratch_checkpoints/10_5e-5_512/checkpoint_6_10500.pt
2023-03-28 14:42:57 - checkpoint_utils.py[line:133] - INFO: Saved checkpoint ./refcocoplus_scratch_checkpoints/10_5e-5_512/checkpoint_6_10500.pt (epoch 6 @ 10500 updates, score 0.1184) (writing took 54.76878870744258 seconds)
2023-03-28 14:43:37 - progress_bar.py[line:272] - INFO: epoch 006:   1137 / 1878 loss=5.009, loss_v1=0, loss_v2=0, nll_loss=4.078, ntokens=320, nsentences=64, sample_size=320, sample_size_v1=0, sample_size_v2=0, ppl=16.89, wps=4.1, ups=0.01, wpb=320, bsz=64, num_updates=10510, lr=2.34225e-05, gnorm=2.974, clip=100, loss_scale=256, train_wall=40, gb_free=7.4, wall=61187
2023-03-28 14:44:17 - progress_bar.py[line:272] - INFO: epoch 006:   1147 / 1878 loss=5.017, loss_v1=0, loss_v2=0, nll_loss=4.088, ntokens=320, nsentences=64, sample_size=320, sample_size_v1=0, sample_size_v2=0, ppl=17, wps=78.5, ups=0.25, wpb=320, bsz=64, num_updates=10520, lr=2.33941e-05, gnorm=3.081, clip=100, loss_scale=256, train_wall=41, gb_free=7.4, wall=61228
2023-03-28 14:44:58 - progress_bar.py[line:272] - INFO: epoch 006:   1157 / 1878 loss=5.046, loss_v1=0, loss_v2=0, nll_loss=4.122, ntokens=320, nsentences=64, sample_size=320, sample_size_v1=0, sample_size_v2=0, ppl=17.42, wps=78, ups=0.24, wpb=320, bsz=64, num_updates=10530, lr=2.33658e-05, gnorm=3.13, clip=100, loss_scale=256, train_wall=41, gb_free=7.4, wall=61269
2023-03-28 14:45:40 - progress_bar.py[line:272] - INFO: epoch 006:   1167 / 1878 loss=4.986, loss_v1=0, loss_v2=0, nll_loss=4.054, ntokens=320, nsentences=64, sample_size=320, sample_size_v1=0, sample_size_v2=0, ppl=16.61, wps=77.9, ups=0.24, wpb=320, bsz=64, num_updates=10540, lr=2.33375e-05, gnorm=3, clip=100, loss_scale=256, train_wall=41, gb_free=7.4, wall=61310
2023-03-28 14:46:20 - progress_bar.py[line:272] - INFO: epoch 006:   1177 / 1878 loss=5.028, loss_v1=0, loss_v2=0, nll_loss=4.104, ntokens=320, nsentences=64, sample_size=320, sample_size_v1=0, sample_size_v2=0, ppl=17.2, wps=78.3, ups=0.24, wpb=320, bsz=64, num_updates=10550, lr=2.33092e-05, gnorm=3.001, clip=100, loss_scale=256, train_wall=41, gb_free=7.4, wall=61351
2023-03-28 14:47:01 - progress_bar.py[line:272] - INFO: epoch 006:   1187 / 1878 loss=4.999, loss_v1=0, loss_v2=0, nll_loss=4.068, ntokens=320, nsentences=64, sample_size=320, sample_size_v1=0, sample_size_v2=0, ppl=16.78, wps=78.6, ups=0.25, wpb=320, bsz=64, num_updates=10560, lr=2.32808e-05, gnorm=3.009, clip=100, loss_scale=256, train_wall=40, gb_free=7.4, wall=61392
2023-03-28 14:47:42 - progress_bar.py[line:272] - INFO: epoch 006:   1197 / 1878 loss=5.015, loss_v1=0, loss_v2=0, nll_loss=4.088, ntokens=320, nsentences=64, sample_size=320, sample_size_v1=0, sample_size_v2=0, ppl=17.01, wps=78, ups=0.24, wpb=320, bsz=64, num_updates=10570, lr=2.32525e-05, gnorm=3.027, clip=100, loss_scale=256, train_wall=41, gb_free=7.4, wall=61433
2023-03-28 14:48:23 - progress_bar.py[line:272] - INFO: epoch 006:   1207 / 1878 loss=5.029, loss_v1=0, loss_v2=0, nll_loss=4.104, ntokens=320, nsentences=64, sample_size=320, sample_size_v1=0, sample_size_v2=0, ppl=17.19, wps=78.2, ups=0.24, wpb=320, bsz=64, num_updates=10580, lr=2.32242e-05, gnorm=3.025, clip=100, loss_scale=256, train_wall=41, gb_free=7.4, wall=61474
2023-03-28 14:49:04 - progress_bar.py[line:272] - INFO: epoch 006:   1217 / 1878 loss=4.947, loss_v1=0, loss_v2=0, nll_loss=4.01, ntokens=320, nsentences=64, sample_size=320, sample_size_v1=0, sample_size_v2=0, ppl=16.11, wps=78.5, ups=0.25, wpb=320, bsz=64, num_updates=10590, lr=2.31959e-05, gnorm=2.955, clip=100, loss_scale=256, train_wall=41, gb_free=7.5, wall=61514
2023-03-28 14:49:45 - progress_bar.py[line:272] - INFO: epoch 006:   1227 / 1878 loss=5.036, loss_v1=0, loss_v2=0, nll_loss=4.108, ntokens=320, nsentences=64, sample_size=320, sample_size_v1=0, sample_size_v2=0, ppl=17.24, wps=78.2, ups=0.24, wpb=320, bsz=64, num_updates=10600, lr=2.31676e-05, gnorm=2.959, clip=100, loss_scale=256, train_wall=41, gb_free=7.4, wall=61555
2023-03-28 14:50:26 - progress_bar.py[line:272] - INFO: epoch 006:   1237 / 1878 loss=4.994, loss_v1=0, loss_v2=0, nll_loss=4.066, ntokens=320, nsentences=64, sample_size=320, sample_size_v1=0, sample_size_v2=0, ppl=16.75, wps=78.2, ups=0.24, wpb=320, bsz=64, num_updates=10610, lr=2.31392e-05, gnorm=2.969, clip=100, loss_scale=256, train_wall=41, gb_free=7.4, wall=61596
2023-03-28 14:51:07 - progress_bar.py[line:272] - INFO: epoch 006:   1247 / 1878 loss=5.024, loss_v1=0, loss_v2=0, nll_loss=4.102, ntokens=320, nsentences=64, sample_size=320, sample_size_v1=0, sample_size_v2=0, ppl=17.17, wps=78.1, ups=0.24, wpb=320, bsz=64, num_updates=10620, lr=2.31109e-05, gnorm=3.099, clip=100, loss_scale=256, train_wall=41, gb_free=7.4, wall=61637
2023-03-28 14:51:47 - progress_bar.py[line:272] - INFO: epoch 006:   1257 / 1878 loss=4.928, loss_v1=0, loss_v2=0, nll_loss=3.99, ntokens=320, nsentences=64, sample_size=320, sample_size_v1=0, sample_size_v2=0, ppl=15.88, wps=78.5, ups=0.25, wpb=320, bsz=64, num_updates=10630, lr=2.30826e-05, gnorm=2.948, clip=100, loss_scale=256, train_wall=41, gb_free=7.4, wall=61678
2023-03-28 14:52:28 - progress_bar.py[line:272] - INFO: epoch 006:   1267 / 1878 loss=4.999, loss_v1=0, loss_v2=0, nll_loss=4.065, ntokens=320, nsentences=64, sample_size=320, sample_size_v1=0, sample_size_v2=0, ppl=16.74, wps=78.5, ups=0.25, wpb=320, bsz=64, num_updates=10640, lr=2.30543e-05, gnorm=2.982, clip=100, loss_scale=256, train_wall=41, gb_free=7.4, wall=61719
2023-03-28 14:53:09 - progress_bar.py[line:272] - INFO: epoch 006:   1277 / 1878 loss=4.97, loss_v1=0, loss_v2=0, nll_loss=4.038, ntokens=320, nsentences=64, sample_size=320, sample_size_v1=0, sample_size_v2=0, ppl=16.42, wps=78.4, ups=0.25, wpb=320, bsz=64, num_updates=10650, lr=2.30259e-05, gnorm=2.969, clip=100, loss_scale=256, train_wall=41, gb_free=7.4, wall=61760
2023-03-28 14:53:50 - progress_bar.py[line:272] - INFO: epoch 006:   1287 / 1878 loss=4.979, loss_v1=0, loss_v2=0, nll_loss=4.048, ntokens=320, nsentences=64, sample_size=320, sample_size_v1=0, sample_size_v2=0, ppl=16.54, wps=78.7, ups=0.25, wpb=320, bsz=64, num_updates=10660, lr=2.29976e-05, gnorm=3.058, clip=100, loss_scale=256, train_wall=40, gb_free=7.4, wall=61800
2023-03-28 14:54:31 - progress_bar.py[line:272] - INFO: epoch 006:   1297 / 1878 loss=4.987, loss_v1=0, loss_v2=0, nll_loss=4.054, ntokens=320, nsentences=64, sample_size=320, sample_size_v1=0, sample_size_v2=0, ppl=16.61, wps=78.4, ups=0.25, wpb=320, bsz=64, num_updates=10670, lr=2.29693e-05, gnorm=3.079, clip=100, loss_scale=256, train_wall=41, gb_free=7.4, wall=61841
2023-03-28 14:55:12 - progress_bar.py[line:272] - INFO: epoch 006:   1307 / 1878 loss=4.975, loss_v1=0, loss_v2=0, nll_loss=4.045, ntokens=319.5, nsentences=63.9, sample_size=319.5, sample_size_v1=0, sample_size_v2=0, ppl=16.51, wps=77.8, ups=0.24, wpb=319.5, bsz=63.9, num_updates=10680, lr=2.2941e-05, gnorm=2.999, clip=100, loss_scale=256, train_wall=41, gb_free=7.4, wall=61882
2023-03-28 14:55:52 - progress_bar.py[line:272] - INFO: epoch 006:   1317 / 1878 loss=5.048, loss_v1=0, loss_v2=0, nll_loss=4.125, ntokens=320, nsentences=64, sample_size=320, sample_size_v1=0, sample_size_v2=0, ppl=17.45, wps=78.2, ups=0.24, wpb=320, bsz=64, num_updates=10690, lr=2.29127e-05, gnorm=3.12, clip=100, loss_scale=256, train_wall=41, gb_free=7.4, wall=61923
2023-03-28 14:56:33 - progress_bar.py[line:272] - INFO: epoch 006:   1327 / 1878 loss=4.966, loss_v1=0, loss_v2=0, nll_loss=4.03, ntokens=320, nsentences=64, sample_size=320, sample_size_v1=0, sample_size_v2=0, ppl=16.33, wps=78.6, ups=0.25, wpb=320, bsz=64, num_updates=10700, lr=2.28843e-05, gnorm=3.046, clip=100, loss_scale=256, train_wall=41, gb_free=7.4, wall=61964
2023-03-28 14:57:14 - progress_bar.py[line:272] - INFO: epoch 006:   1337 / 1878 loss=4.967, loss_v1=0, loss_v2=0, nll_loss=4.032, ntokens=320, nsentences=64, sample_size=320, sample_size_v1=0, sample_size_v2=0, ppl=16.36, wps=78.6, ups=0.25, wpb=320, bsz=64, num_updates=10710, lr=2.2856e-05, gnorm=3.054, clip=100, loss_scale=256, train_wall=40, gb_free=7.4, wall=62004
2023-03-28 14:57:55 - progress_bar.py[line:272] - INFO: epoch 006:   1347 / 1878 loss=4.97, loss_v1=0, loss_v2=0, nll_loss=4.039, ntokens=320, nsentences=64, sample_size=320, sample_size_v1=0, sample_size_v2=0, ppl=16.43, wps=78.1, ups=0.24, wpb=320, bsz=64, num_updates=10720, lr=2.28277e-05, gnorm=3.065, clip=100, loss_scale=256, train_wall=41, gb_free=7.4, wall=62045
2023-03-28 14:58:36 - progress_bar.py[line:272] - INFO: epoch 006:   1357 / 1878 loss=4.987, loss_v1=0, loss_v2=0, nll_loss=4.056, ntokens=320, nsentences=64, sample_size=320, sample_size_v1=0, sample_size_v2=0, ppl=16.63, wps=78, ups=0.24, wpb=320, bsz=64, num_updates=10730, lr=2.27994e-05, gnorm=3.111, clip=100, loss_scale=256, train_wall=41, gb_free=7.4, wall=62086
2023-03-28 14:59:17 - progress_bar.py[line:272] - INFO: epoch 006:   1367 / 1878 loss=4.987, loss_v1=0, loss_v2=0, nll_loss=4.054, ntokens=320, nsentences=64, sample_size=320, sample_size_v1=0, sample_size_v2=0, ppl=16.61, wps=78.8, ups=0.25, wpb=320, bsz=64, num_updates=10740, lr=2.2771e-05, gnorm=3.034, clip=100, loss_scale=256, train_wall=40, gb_free=7.4, wall=62127
2023-03-28 14:59:57 - progress_bar.py[line:272] - INFO: epoch 006:   1377 / 1878 loss=5.044, loss_v1=0, loss_v2=0, nll_loss=4.117, ntokens=320, nsentences=64, sample_size=320, sample_size_v1=0, sample_size_v2=0, ppl=17.35, wps=78.3, ups=0.24, wpb=320, bsz=64, num_updates=10750, lr=2.27427e-05, gnorm=3.037, clip=100, loss_scale=256, train_wall=41, gb_free=7.4, wall=62168
2023-03-28 15:00:38 - progress_bar.py[line:272] - INFO: epoch 006:   1387 / 1878 loss=4.972, loss_v1=0, loss_v2=0, nll_loss=4.041, ntokens=320, nsentences=64, sample_size=320, sample_size_v1=0, sample_size_v2=0, ppl=16.46, wps=78.4, ups=0.25, wpb=320, bsz=64, num_updates=10760, lr=2.27144e-05, gnorm=2.969, clip=100, loss_scale=256, train_wall=40, gb_free=7.4, wall=62209
2023-03-28 15:01:19 - progress_bar.py[line:272] - INFO: epoch 006:   1397 / 1878 loss=5.015, loss_v1=0, loss_v2=0, nll_loss=4.087, ntokens=320, nsentences=64, sample_size=320, sample_size_v1=0, sample_size_v2=0, ppl=16.99, wps=78.1, ups=0.24, wpb=320, bsz=64, num_updates=10770, lr=2.26861e-05, gnorm=3.104, clip=100, loss_scale=256, train_wall=41, gb_free=7.4, wall=62250
2023-03-28 15:02:00 - progress_bar.py[line:272] - INFO: epoch 006:   1407 / 1878 loss=4.972, loss_v1=0, loss_v2=0, nll_loss=4.037, ntokens=320, nsentences=64, sample_size=320, sample_size_v1=0, sample_size_v2=0, ppl=16.42, wps=78.6, ups=0.25, wpb=320, bsz=64, num_updates=10780, lr=2.26578e-05, gnorm=3.259, clip=100, loss_scale=256, train_wall=41, gb_free=7.4, wall=62290
2023-03-28 15:02:41 - progress_bar.py[line:272] - INFO: epoch 006:   1417 / 1878 loss=4.994, loss_v1=0, loss_v2=0, nll_loss=4.067, ntokens=320, nsentences=64, sample_size=320, sample_size_v1=0, sample_size_v2=0, ppl=16.76, wps=78.7, ups=0.25, wpb=320, bsz=64, num_updates=10790, lr=2.26294e-05, gnorm=3.128, clip=100, loss_scale=256, train_wall=40, gb_free=7.4, wall=62331
2023-03-28 15:03:22 - progress_bar.py[line:272] - INFO: epoch 006:   1427 / 1878 loss=4.982, loss_v1=0, loss_v2=0, nll_loss=4.05, ntokens=320, nsentences=64, sample_size=320, sample_size_v1=0, sample_size_v2=0, ppl=16.56, wps=78, ups=0.24, wpb=320, bsz=64, num_updates=10800, lr=2.26011e-05, gnorm=3.053, clip=100, loss_scale=256, train_wall=41, gb_free=7.4, wall=62372
2023-03-28 15:04:02 - progress_bar.py[line:272] - INFO: epoch 006:   1437 / 1878 loss=4.996, loss_v1=0, loss_v2=0, nll_loss=4.065, ntokens=320, nsentences=64, sample_size=320, sample_size_v1=0, sample_size_v2=0, ppl=16.73, wps=78.5, ups=0.25, wpb=320, bsz=64, num_updates=10810, lr=2.25728e-05, gnorm=3.077, clip=100, loss_scale=256, train_wall=40, gb_free=7.4, wall=62413
2023-03-28 15:04:43 - progress_bar.py[line:272] - INFO: epoch 006:   1447 / 1878 loss=4.96, loss_v1=0, loss_v2=0, nll_loss=4.027, ntokens=320, nsentences=64, sample_size=320, sample_size_v1=0, sample_size_v2=0, ppl=16.3, wps=78.5, ups=0.25, wpb=320, bsz=64, num_updates=10820, lr=2.25445e-05, gnorm=3.077, clip=100, loss_scale=256, train_wall=40, gb_free=7.4, wall=62454
2023-03-28 15:05:24 - progress_bar.py[line:272] - INFO: epoch 006:   1457 / 1878 loss=4.962, loss_v1=0, loss_v2=0, nll_loss=4.03, ntokens=320, nsentences=64, sample_size=320, sample_size_v1=0, sample_size_v2=0, ppl=16.34, wps=78.5, ups=0.25, wpb=320, bsz=64, num_updates=10830, lr=2.25161e-05, gnorm=3.081, clip=100, loss_scale=256, train_wall=41, gb_free=7.4, wall=62494
2023-03-28 15:06:05 - progress_bar.py[line:272] - INFO: epoch 006:   1467 / 1878 loss=5.008, loss_v1=0, loss_v2=0, nll_loss=4.076, ntokens=320, nsentences=64, sample_size=320, sample_size_v1=0, sample_size_v2=0, ppl=16.87, wps=78.3, ups=0.24, wpb=320, bsz=64, num_updates=10840, lr=2.24878e-05, gnorm=3.152, clip=100, loss_scale=256, train_wall=41, gb_free=7.4, wall=62535
2023-03-28 15:06:45 - progress_bar.py[line:272] - INFO: epoch 006:   1477 / 1878 loss=5.007, loss_v1=0, loss_v2=0, nll_loss=4.069, ntokens=320, nsentences=64, sample_size=320, sample_size_v1=0, sample_size_v2=0, ppl=16.78, wps=78.7, ups=0.25, wpb=320, bsz=64, num_updates=10850, lr=2.24595e-05, gnorm=3.07, clip=100, loss_scale=256, train_wall=41, gb_free=7.4, wall=62576
2023-03-28 15:07:26 - progress_bar.py[line:272] - INFO: epoch 006:   1487 / 1878 loss=4.999, loss_v1=0, loss_v2=0, nll_loss=4.071, ntokens=320, nsentences=64, sample_size=320, sample_size_v1=0, sample_size_v2=0, ppl=16.81, wps=78.3, ups=0.24, wpb=320, bsz=64, num_updates=10860, lr=2.24312e-05, gnorm=2.98, clip=100, loss_scale=256, train_wall=41, gb_free=7.4, wall=62617
2023-03-28 15:08:07 - progress_bar.py[line:272] - INFO: epoch 006:   1497 / 1878 loss=4.969, loss_v1=0, loss_v2=0, nll_loss=4.037, ntokens=320, nsentences=64, sample_size=320, sample_size_v1=0, sample_size_v2=0, ppl=16.42, wps=78.4, ups=0.24, wpb=320, bsz=64, num_updates=10870, lr=2.24029e-05, gnorm=3.053, clip=100, loss_scale=256, train_wall=41, gb_free=7.4, wall=62658
2023-03-28 15:08:48 - progress_bar.py[line:272] - INFO: epoch 006:   1507 / 1878 loss=4.975, loss_v1=0, loss_v2=0, nll_loss=4.044, ntokens=320, nsentences=64, sample_size=320, sample_size_v1=0, sample_size_v2=0, ppl=16.5, wps=78, ups=0.24, wpb=320, bsz=64, num_updates=10880, lr=2.23745e-05, gnorm=2.973, clip=100, loss_scale=256, train_wall=41, gb_free=7.4, wall=62699
2023-03-28 15:09:29 - progress_bar.py[line:272] - INFO: epoch 006:   1517 / 1878 loss=5.014, loss_v1=0, loss_v2=0, nll_loss=4.087, ntokens=320, nsentences=64, sample_size=320, sample_size_v1=0, sample_size_v2=0, ppl=17, wps=78, ups=0.24, wpb=320, bsz=64, num_updates=10890, lr=2.23462e-05, gnorm=3.044, clip=100, loss_scale=256, train_wall=41, gb_free=7.4, wall=62740
2023-03-28 15:10:10 - progress_bar.py[line:272] - INFO: epoch 006:   1527 / 1878 loss=4.934, loss_v1=0, loss_v2=0, nll_loss=3.997, ntokens=320, nsentences=64, sample_size=320, sample_size_v1=0, sample_size_v2=0, ppl=15.96, wps=78.2, ups=0.24, wpb=320, bsz=64, num_updates=10900, lr=2.23179e-05, gnorm=3.048, clip=100, loss_scale=256, train_wall=41, gb_free=7.4, wall=62781
2023-03-28 15:10:51 - progress_bar.py[line:272] - INFO: epoch 006:   1537 / 1878 loss=4.993, loss_v1=0, loss_v2=0, nll_loss=4.061, ntokens=320, nsentences=64, sample_size=320, sample_size_v1=0, sample_size_v2=0, ppl=16.69, wps=78.8, ups=0.25, wpb=320, bsz=64, num_updates=10910, lr=2.22896e-05, gnorm=3.06, clip=100, loss_scale=256, train_wall=40, gb_free=7.4, wall=62821
2023-03-28 15:11:32 - progress_bar.py[line:272] - INFO: epoch 006:   1547 / 1878 loss=4.994, loss_v1=0, loss_v2=0, nll_loss=4.066, ntokens=320, nsentences=64, sample_size=320, sample_size_v1=0, sample_size_v2=0, ppl=16.75, wps=78.4, ups=0.25, wpb=320, bsz=64, num_updates=10920, lr=2.22612e-05, gnorm=2.978, clip=100, loss_scale=256, train_wall=41, gb_free=7.4, wall=62862
2023-03-28 15:12:13 - progress_bar.py[line:272] - INFO: epoch 006:   1557 / 1878 loss=4.998, loss_v1=0, loss_v2=0, nll_loss=4.07, ntokens=320, nsentences=64, sample_size=320, sample_size_v1=0, sample_size_v2=0, ppl=16.79, wps=78.1, ups=0.24, wpb=320, bsz=64, num_updates=10930, lr=2.22329e-05, gnorm=3.257, clip=100, loss_scale=256, train_wall=41, gb_free=7.4, wall=62903
2023-03-28 15:12:53 - progress_bar.py[line:272] - INFO: epoch 006:   1567 / 1878 loss=4.963, loss_v1=0, loss_v2=0, nll_loss=4.029, ntokens=320, nsentences=64, sample_size=320, sample_size_v1=0, sample_size_v2=0, ppl=16.33, wps=78.6, ups=0.25, wpb=320, bsz=64, num_updates=10940, lr=2.22046e-05, gnorm=2.991, clip=100, loss_scale=256, train_wall=41, gb_free=7.4, wall=62944
2023-03-28 15:13:34 - progress_bar.py[line:272] - INFO: epoch 006:   1577 / 1878 loss=4.959, loss_v1=0, loss_v2=0, nll_loss=4.025, ntokens=320, nsentences=64, sample_size=320, sample_size_v1=0, sample_size_v2=0, ppl=16.28, wps=78.5, ups=0.25, wpb=320, bsz=64, num_updates=10950, lr=2.21763e-05, gnorm=3.155, clip=100, loss_scale=256, train_wall=40, gb_free=7.4, wall=62985
2023-03-28 15:14:15 - progress_bar.py[line:272] - INFO: epoch 006:   1587 / 1878 loss=4.979, loss_v1=0, loss_v2=0, nll_loss=4.048, ntokens=320, nsentences=64, sample_size=320, sample_size_v1=0, sample_size_v2=0, ppl=16.54, wps=78.5, ups=0.25, wpb=320, bsz=64, num_updates=10960, lr=2.2148e-05, gnorm=3.056, clip=100, loss_scale=256, train_wall=40, gb_free=7.4, wall=63025
2023-03-28 15:14:56 - progress_bar.py[line:272] - INFO: epoch 006:   1597 / 1878 loss=4.932, loss_v1=0, loss_v2=0, nll_loss=3.993, ntokens=320, nsentences=64, sample_size=320, sample_size_v1=0, sample_size_v2=0, ppl=15.92, wps=78.2, ups=0.24, wpb=320, bsz=64, num_updates=10970, lr=2.21196e-05, gnorm=3.043, clip=100, loss_scale=256, train_wall=41, gb_free=7.4, wall=63066
2023-03-28 15:15:37 - progress_bar.py[line:272] - INFO: epoch 006:   1607 / 1878 loss=4.961, loss_v1=0, loss_v2=0, nll_loss=4.024, ntokens=320, nsentences=64, sample_size=320, sample_size_v1=0, sample_size_v2=0, ppl=16.27, wps=78.3, ups=0.24, wpb=320, bsz=64, num_updates=10980, lr=2.20913e-05, gnorm=3.045, clip=100, loss_scale=256, train_wall=41, gb_free=7.4, wall=63107
2023-03-28 15:16:17 - progress_bar.py[line:272] - INFO: epoch 006:   1617 / 1878 loss=4.961, loss_v1=0, loss_v2=0, nll_loss=4.023, ntokens=320, nsentences=64, sample_size=320, sample_size_v1=0, sample_size_v2=0, ppl=16.26, wps=78.4, ups=0.25, wpb=320, bsz=64, num_updates=10990, lr=2.2063e-05, gnorm=3.012, clip=100, loss_scale=256, train_wall=41, gb_free=7.4, wall=63148
2023-03-28 15:16:58 - progress_bar.py[line:272] - INFO: epoch 006:   1627 / 1878 loss=4.978, loss_v1=0, loss_v2=0, nll_loss=4.049, ntokens=320, nsentences=64, sample_size=320, sample_size_v1=0, sample_size_v2=0, ppl=16.56, wps=78.8, ups=0.25, wpb=320, bsz=64, num_updates=11000, lr=2.20347e-05, gnorm=3.083, clip=100, loss_scale=256, train_wall=40, gb_free=7.4, wall=63189
2023-03-28 15:16:58 - train.py[line:445] - INFO: begin validation on "valid" subset
slice_id 0 seek offset 0
slice_id 1 seek offset 5379
slice_id 1 seek offset 5379
slice_id 0 seek offset 0
2023-03-28 15:28:18 - progress_bar.py[line:282] - INFO: epoch 006 | valid on 'valid' subset | loss 5.835 | loss_v1 0 | loss_v2 0 | nll_loss 4.986 | ntokens 39.993 | nsentences 7.999 | sample_size 39.993 | sample_size_v1 0 | sample_size_v2 0 | ppl 31.69 | score 0.1188 | wps 79.1 | wpb 40 | bsz 8 | num_updates 11000 | best_score 0.1188
2023-03-28 15:28:18 - checkpoint_utils.py[line:64] - INFO: Preparing to save checkpoint for epoch 6 @ 11000 updates
2023-03-28 15:28:18 - trainer.py[line:431] - INFO: Saving checkpoint to ./refcocoplus_scratch_checkpoints/10_5e-5_512/checkpoint_6_11000.pt
2023-03-28 15:28:37 - trainer.py[line:441] - INFO: Finished saving checkpoint to ./refcocoplus_scratch_checkpoints/10_5e-5_512/checkpoint_6_11000.pt
2023-03-28 15:29:11 - checkpoint_utils.py[line:133] - INFO: Saved checkpoint ./refcocoplus_scratch_checkpoints/10_5e-5_512/checkpoint_6_11000.pt (epoch 6 @ 11000 updates, score 0.1188) (writing took 52.32946860138327 seconds)
2023-03-28 15:29:51 - progress_bar.py[line:272] - INFO: epoch 006:   1637 / 1878 loss=4.996, loss_v1=0, loss_v2=0, nll_loss=4.068, ntokens=320, nsentences=64, sample_size=320, sample_size_v1=0, sample_size_v2=0, ppl=16.77, wps=4.1, ups=0.01, wpb=320, bsz=64, num_updates=11010, lr=2.20063e-05, gnorm=3.184, clip=100, loss_scale=256, train_wall=40, gb_free=7.4, wall=63961
2023-03-28 15:30:32 - progress_bar.py[line:272] - INFO: epoch 006:   1647 / 1878 loss=5.005, loss_v1=0, loss_v2=0, nll_loss=4.075, ntokens=320, nsentences=64, sample_size=320, sample_size_v1=0, sample_size_v2=0, ppl=16.85, wps=78.3, ups=0.24, wpb=320, bsz=64, num_updates=11020, lr=2.1978e-05, gnorm=3.125, clip=100, loss_scale=512, train_wall=41, gb_free=7.4, wall=64002
2023-03-28 15:31:12 - progress_bar.py[line:272] - INFO: epoch 006:   1657 / 1878 loss=4.961, loss_v1=0, loss_v2=0, nll_loss=4.027, ntokens=320, nsentences=64, sample_size=320, sample_size_v1=0, sample_size_v2=0, ppl=16.3, wps=78.2, ups=0.24, wpb=320, bsz=64, num_updates=11030, lr=2.19497e-05, gnorm=3.035, clip=100, loss_scale=512, train_wall=41, gb_free=7.4, wall=64043
2023-03-28 15:31:29 - trainer.py[line:921] - INFO: NOTE: gradient overflow detected, ignoring gradient, setting loss scale to: 256.0
2023-03-28 15:31:57 - progress_bar.py[line:272] - INFO: epoch 006:   1668 / 1878 loss=4.989, loss_v1=0, loss_v2=0, nll_loss=4.057, ntokens=320, nsentences=64, sample_size=320, sample_size_v1=0, sample_size_v2=0, ppl=16.64, wps=71.4, ups=0.22, wpb=320, bsz=64, num_updates=11040, lr=2.19214e-05, gnorm=3.055, clip=100, loss_scale=256, train_wall=45, gb_free=7.4, wall=64088
2023-03-28 15:32:38 - progress_bar.py[line:272] - INFO: epoch 006:   1678 / 1878 loss=4.959, loss_v1=0, loss_v2=0, nll_loss=4.023, ntokens=320, nsentences=64, sample_size=320, sample_size_v1=0, sample_size_v2=0, ppl=16.26, wps=78.2, ups=0.24, wpb=320, bsz=64, num_updates=11050, lr=2.18931e-05, gnorm=3.073, clip=100, loss_scale=256, train_wall=41, gb_free=7.4, wall=64129
2023-03-28 15:33:19 - progress_bar.py[line:272] - INFO: epoch 006:   1688 / 1878 loss=4.98, loss_v1=0, loss_v2=0, nll_loss=4.049, ntokens=320, nsentences=64, sample_size=320, sample_size_v1=0, sample_size_v2=0, ppl=16.55, wps=78.3, ups=0.24, wpb=320, bsz=64, num_updates=11060, lr=2.18647e-05, gnorm=3.043, clip=100, loss_scale=256, train_wall=41, gb_free=7.4, wall=64170
2023-03-28 15:34:00 - progress_bar.py[line:272] - INFO: epoch 006:   1698 / 1878 loss=5.028, loss_v1=0, loss_v2=0, nll_loss=4.106, ntokens=320, nsentences=64, sample_size=320, sample_size_v1=0, sample_size_v2=0, ppl=17.21, wps=78.2, ups=0.24, wpb=320, bsz=64, num_updates=11070, lr=2.18364e-05, gnorm=3.099, clip=100, loss_scale=256, train_wall=41, gb_free=7.4, wall=64210
2023-03-28 15:34:41 - progress_bar.py[line:272] - INFO: epoch 006:   1708 / 1878 loss=4.954, loss_v1=0, loss_v2=0, nll_loss=4.016, ntokens=320, nsentences=64, sample_size=320, sample_size_v1=0, sample_size_v2=0, ppl=16.18, wps=78.6, ups=0.25, wpb=320, bsz=64, num_updates=11080, lr=2.18081e-05, gnorm=3.033, clip=100, loss_scale=256, train_wall=40, gb_free=7.4, wall=64251
2023-03-28 15:35:22 - progress_bar.py[line:272] - INFO: epoch 006:   1718 / 1878 loss=4.986, loss_v1=0, loss_v2=0, nll_loss=4.05, ntokens=320, nsentences=64, sample_size=320, sample_size_v1=0, sample_size_v2=0, ppl=16.56, wps=78.2, ups=0.24, wpb=320, bsz=64, num_updates=11090, lr=2.17798e-05, gnorm=3.09, clip=100, loss_scale=256, train_wall=41, gb_free=7.4, wall=64292
2023-03-28 15:36:02 - progress_bar.py[line:272] - INFO: epoch 006:   1728 / 1878 loss=4.949, loss_v1=0, loss_v2=0, nll_loss=4.01, ntokens=320, nsentences=64, sample_size=320, sample_size_v1=0, sample_size_v2=0, ppl=16.11, wps=78.6, ups=0.25, wpb=320, bsz=64, num_updates=11100, lr=2.17514e-05, gnorm=3.004, clip=100, loss_scale=256, train_wall=40, gb_free=7.4, wall=64333
2023-03-28 15:36:43 - progress_bar.py[line:272] - INFO: epoch 006:   1738 / 1878 loss=4.988, loss_v1=0, loss_v2=0, nll_loss=4.057, ntokens=320, nsentences=64, sample_size=320, sample_size_v1=0, sample_size_v2=0, ppl=16.64, wps=78.6, ups=0.25, wpb=320, bsz=64, num_updates=11110, lr=2.17231e-05, gnorm=3.07, clip=100, loss_scale=256, train_wall=40, gb_free=7.4, wall=64374
2023-03-28 15:37:24 - progress_bar.py[line:272] - INFO: epoch 006:   1748 / 1878 loss=4.998, loss_v1=0, loss_v2=0, nll_loss=4.066, ntokens=320, nsentences=64, sample_size=320, sample_size_v1=0, sample_size_v2=0, ppl=16.75, wps=78.4, ups=0.25, wpb=320, bsz=64, num_updates=11120, lr=2.16948e-05, gnorm=3.101, clip=100, loss_scale=256, train_wall=41, gb_free=7.4, wall=64414
2023-03-28 15:38:05 - progress_bar.py[line:272] - INFO: epoch 006:   1758 / 1878 loss=4.966, loss_v1=0, loss_v2=0, nll_loss=4.031, ntokens=320, nsentences=64, sample_size=320, sample_size_v1=0, sample_size_v2=0, ppl=16.34, wps=78.5, ups=0.25, wpb=320, bsz=64, num_updates=11130, lr=2.16665e-05, gnorm=3.117, clip=100, loss_scale=256, train_wall=41, gb_free=7.4, wall=64455
2023-03-28 15:38:45 - progress_bar.py[line:272] - INFO: epoch 006:   1768 / 1878 loss=4.973, loss_v1=0, loss_v2=0, nll_loss=4.045, ntokens=320, nsentences=64, sample_size=320, sample_size_v1=0, sample_size_v2=0, ppl=16.51, wps=78.3, ups=0.24, wpb=320, bsz=64, num_updates=11140, lr=2.16382e-05, gnorm=3.073, clip=100, loss_scale=256, train_wall=41, gb_free=7.4, wall=64496
2023-03-28 15:39:26 - progress_bar.py[line:272] - INFO: epoch 006:   1778 / 1878 loss=4.954, loss_v1=0, loss_v2=0, nll_loss=4.021, ntokens=320, nsentences=64, sample_size=320, sample_size_v1=0, sample_size_v2=0, ppl=16.24, wps=78.3, ups=0.24, wpb=320, bsz=64, num_updates=11150, lr=2.16098e-05, gnorm=3.024, clip=100, loss_scale=256, train_wall=41, gb_free=7.4, wall=64537
2023-03-28 15:40:07 - progress_bar.py[line:272] - INFO: epoch 006:   1788 / 1878 loss=4.963, loss_v1=0, loss_v2=0, nll_loss=4.025, ntokens=320, nsentences=64, sample_size=320, sample_size_v1=0, sample_size_v2=0, ppl=16.28, wps=78.5, ups=0.25, wpb=320, bsz=64, num_updates=11160, lr=2.15815e-05, gnorm=3.147, clip=100, loss_scale=256, train_wall=40, gb_free=7.4, wall=64578
2023-03-28 15:40:48 - progress_bar.py[line:272] - INFO: epoch 006:   1798 / 1878 loss=5.005, loss_v1=0, loss_v2=0, nll_loss=4.07, ntokens=320, nsentences=64, sample_size=320, sample_size_v1=0, sample_size_v2=0, ppl=16.8, wps=77.7, ups=0.24, wpb=320, bsz=64, num_updates=11170, lr=2.15532e-05, gnorm=3.099, clip=100, loss_scale=256, train_wall=41, gb_free=7.4, wall=64619
2023-03-28 15:41:29 - progress_bar.py[line:272] - INFO: epoch 006:   1808 / 1878 loss=4.989, loss_v1=0, loss_v2=0, nll_loss=4.055, ntokens=320, nsentences=64, sample_size=320, sample_size_v1=0, sample_size_v2=0, ppl=16.63, wps=78.3, ups=0.24, wpb=320, bsz=64, num_updates=11180, lr=2.15249e-05, gnorm=3.014, clip=100, loss_scale=256, train_wall=41, gb_free=7.4, wall=64660
2023-03-28 15:42:10 - progress_bar.py[line:272] - INFO: epoch 006:   1818 / 1878 loss=4.99, loss_v1=0, loss_v2=0, nll_loss=4.061, ntokens=320, nsentences=64, sample_size=320, sample_size_v1=0, sample_size_v2=0, ppl=16.7, wps=78.5, ups=0.25, wpb=320, bsz=64, num_updates=11190, lr=2.14965e-05, gnorm=3.188, clip=100, loss_scale=256, train_wall=41, gb_free=7.4, wall=64700
2023-03-28 15:42:51 - progress_bar.py[line:272] - INFO: epoch 006:   1828 / 1878 loss=4.949, loss_v1=0, loss_v2=0, nll_loss=4.01, ntokens=320, nsentences=64, sample_size=320, sample_size_v1=0, sample_size_v2=0, ppl=16.11, wps=78.4, ups=0.25, wpb=320, bsz=64, num_updates=11200, lr=2.14682e-05, gnorm=2.981, clip=100, loss_scale=256, train_wall=41, gb_free=7.4, wall=64741
2023-03-28 15:43:32 - progress_bar.py[line:272] - INFO: epoch 006:   1838 / 1878 loss=4.953, loss_v1=0, loss_v2=0, nll_loss=4.017, ntokens=320, nsentences=64, sample_size=320, sample_size_v1=0, sample_size_v2=0, ppl=16.19, wps=78.3, ups=0.24, wpb=320, bsz=64, num_updates=11210, lr=2.14399e-05, gnorm=3.011, clip=100, loss_scale=256, train_wall=41, gb_free=7.4, wall=64782
2023-03-28 15:44:13 - progress_bar.py[line:272] - INFO: epoch 006:   1848 / 1878 loss=4.981, loss_v1=0, loss_v2=0, nll_loss=4.051, ntokens=320, nsentences=64, sample_size=320, sample_size_v1=0, sample_size_v2=0, ppl=16.58, wps=78.1, ups=0.24, wpb=320, bsz=64, num_updates=11220, lr=2.14116e-05, gnorm=3.055, clip=100, loss_scale=256, train_wall=41, gb_free=7.4, wall=64823
2023-03-28 15:44:53 - progress_bar.py[line:272] - INFO: epoch 006:   1858 / 1878 loss=4.975, loss_v1=0, loss_v2=0, nll_loss=4.043, ntokens=320, nsentences=64, sample_size=320, sample_size_v1=0, sample_size_v2=0, ppl=16.48, wps=78.4, ups=0.24, wpb=320, bsz=64, num_updates=11230, lr=2.13833e-05, gnorm=3.177, clip=100, loss_scale=256, train_wall=41, gb_free=7.4, wall=64864
2023-03-28 15:45:34 - progress_bar.py[line:272] - INFO: epoch 006:   1868 / 1878 loss=4.95, loss_v1=0, loss_v2=0, nll_loss=4.012, ntokens=320, nsentences=64, sample_size=320, sample_size_v1=0, sample_size_v2=0, ppl=16.14, wps=78.5, ups=0.25, wpb=320, bsz=64, num_updates=11240, lr=2.13549e-05, gnorm=3.294, clip=100, loss_scale=256, train_wall=40, gb_free=7.4, wall=64905
slice_id 1 seek offset 5379
2023-03-28 15:46:14 - progress_bar.py[line:272] - INFO: epoch 006:   1878 / 1878 loss=4.964, loss_v1=0, loss_v2=0, nll_loss=4.031, ntokens=320, nsentences=64, sample_size=320, sample_size_v1=0, sample_size_v2=0, ppl=16.34, wps=80.4, ups=0.25, wpb=320, bsz=64, num_updates=11250, lr=2.13266e-05, gnorm=3.232, clip=100, loss_scale=256, train_wall=40, gb_free=7.4, wall=64944
2023-03-28 15:46:14 - train.py[line:445] - INFO: begin validation on "valid" subset
slice_id 0 seek offset 0
slice_id 1 seek offset 5379
slice_id 0 seek offset 0
2023-03-28 15:57:35 - progress_bar.py[line:282] - INFO: epoch 006 | valid on 'valid' subset | loss 5.835 | loss_v1 0 | loss_v2 0 | nll_loss 4.984 | ntokens 39.993 | nsentences 7.999 | sample_size 39.993 | sample_size_v1 0 | sample_size_v2 0 | ppl 31.66 | score 0.1153 | wps 79 | wpb 40 | bsz 8 | num_updates 11250 | best_score 0.1188
local datafile ../../dataset/refcocoplus_data/refcocoplus_train.tsv slice_id 1 begin to initialize row_count and line_idx-to-offset mapping
2023-03-28 15:57:35 - checkpoint_utils.py[line:64] - INFO: Preparing to save checkpoint for epoch 6 @ 11250 updates
2023-03-28 15:57:35 - trainer.py[line:431] - INFO: Saving checkpoint to ./refcocoplus_scratch_checkpoints/10_5e-5_512/checkpoint_last.pt
2023-03-28 15:57:53 - trainer.py[line:441] - INFO: Finished saving checkpoint to ./refcocoplus_scratch_checkpoints/10_5e-5_512/checkpoint_last.pt
2023-03-28 15:57:53 - checkpoint_utils.py[line:133] - INFO: Saved checkpoint ./refcocoplus_scratch_checkpoints/10_5e-5_512/checkpoint_last.pt (epoch 6 @ 11250 updates, score 0.1153) (writing took 17.878141520544887 seconds)
2023-03-28 15:57:53 - train.py[line:332] - INFO: end of epoch 6 (average epoch stats below)
2023-03-28 15:57:53 - progress_bar.py[line:282] - INFO: epoch 006 | loss 5.033 | loss_v1 0 | loss_v2 0 | nll_loss 4.107 | ntokens 319.997 | nsentences 63.999 | sample_size 319.997 | sample_size_v1 0 | sample_size_v2 0 | ppl 17.23 | wps 53.1 | ups 0.17 | wpb 320 | bsz 64 | num_updates 11250 | lr 2.13266e-05 | gnorm 3.043 | clip 100 | loss_scale 256 | train_wall 7628 | gb_free 7.4 | wall 65644
2023-03-28 15:57:53 - trainer.py[line:639] - INFO: loading train data for epoch 7
local datafile ../../dataset/refcocoplus_data/refcocoplus_train.tsv slice_id 0 begin to initialize row_count and line_idx-to-offset mapping
local datafile ../../dataset/refcocoplus_data/refcocoplus_train.tsv slice_id 1 finished initializing row_count and line_idx-to-offset mapping
file ../../dataset/refcocoplus_data/refcocoplus_train.tsv slice_id 1 row count 60095 total row count 120191
slice_id 1 seek offset 60096
local datafile ../../dataset/refcocoplus_data/refcocoplus_train.tsv slice_id 0 finished initializing row_count and line_idx-to-offset mapping
file ../../dataset/refcocoplus_data/refcocoplus_train.tsv slice_id 0 row count 60096 total row count 120191
slice_id 0 seek offset 0
2023-03-28 15:58:10 - trainer.py[line:703] - INFO: begin training epoch 7
2023-03-28 15:58:10 - train.py[line:305] - INFO: Start iterating over samples
2023-03-28 15:58:51 - progress_bar.py[line:272] - INFO: epoch 007:     10 / 1878 loss=4.972, loss_v1=0, loss_v2=0, nll_loss=4.041, ntokens=320, nsentences=64, sample_size=320, sample_size_v1=0, sample_size_v2=0, ppl=16.46, wps=4.2, ups=0.01, wpb=320, bsz=64, num_updates=11260, lr=2.12983e-05, gnorm=3.186, clip=100, loss_scale=256, train_wall=40, gb_free=7.4, wall=65701
2023-03-28 15:59:32 - progress_bar.py[line:272] - INFO: epoch 007:     20 / 1878 loss=4.979, loss_v1=0, loss_v2=0, nll_loss=4.048, ntokens=320, nsentences=64, sample_size=320, sample_size_v1=0, sample_size_v2=0, ppl=16.54, wps=78.2, ups=0.24, wpb=320, bsz=64, num_updates=11270, lr=2.127e-05, gnorm=3.18, clip=100, loss_scale=256, train_wall=41, gb_free=7.4, wall=65742
2023-03-28 16:00:13 - progress_bar.py[line:272] - INFO: epoch 007:     30 / 1878 loss=4.959, loss_v1=0, loss_v2=0, nll_loss=4.023, ntokens=320, nsentences=64, sample_size=320, sample_size_v1=0, sample_size_v2=0, ppl=16.25, wps=78.1, ups=0.24, wpb=320, bsz=64, num_updates=11280, lr=2.12416e-05, gnorm=3.189, clip=100, loss_scale=256, train_wall=41, gb_free=7.4, wall=65783
2023-03-28 16:00:53 - progress_bar.py[line:272] - INFO: epoch 007:     40 / 1878 loss=4.997, loss_v1=0, loss_v2=0, nll_loss=4.064, ntokens=320, nsentences=64, sample_size=320, sample_size_v1=0, sample_size_v2=0, ppl=16.73, wps=78.5, ups=0.25, wpb=320, bsz=64, num_updates=11290, lr=2.12133e-05, gnorm=3.357, clip=100, loss_scale=256, train_wall=40, gb_free=7.4, wall=65824
2023-03-28 16:01:34 - progress_bar.py[line:272] - INFO: epoch 007:     50 / 1878 loss=4.987, loss_v1=0, loss_v2=0, nll_loss=4.055, ntokens=320, nsentences=64, sample_size=320, sample_size_v1=0, sample_size_v2=0, ppl=16.62, wps=78.6, ups=0.25, wpb=320, bsz=64, num_updates=11300, lr=2.1185e-05, gnorm=3.307, clip=100, loss_scale=256, train_wall=41, gb_free=7.4, wall=65865
2023-03-28 16:02:15 - progress_bar.py[line:272] - INFO: epoch 007:     60 / 1878 loss=4.997, loss_v1=0, loss_v2=0, nll_loss=4.066, ntokens=320, nsentences=64, sample_size=320, sample_size_v1=0, sample_size_v2=0, ppl=16.75, wps=78.6, ups=0.25, wpb=320, bsz=64, num_updates=11310, lr=2.11567e-05, gnorm=3.265, clip=100, loss_scale=256, train_wall=40, gb_free=7.4, wall=65905
2023-03-28 16:02:56 - progress_bar.py[line:272] - INFO: epoch 007:     70 / 1878 loss=4.975, loss_v1=0, loss_v2=0, nll_loss=4.042, ntokens=320, nsentences=64, sample_size=320, sample_size_v1=0, sample_size_v2=0, ppl=16.47, wps=78.3, ups=0.24, wpb=320, bsz=64, num_updates=11320, lr=2.11284e-05, gnorm=3.147, clip=100, loss_scale=256, train_wall=41, gb_free=7.4, wall=65946
2023-03-28 16:03:37 - progress_bar.py[line:272] - INFO: epoch 007:     80 / 1878 loss=5.01, loss_v1=0, loss_v2=0, nll_loss=4.085, ntokens=320, nsentences=64, sample_size=320, sample_size_v1=0, sample_size_v2=0, ppl=16.97, wps=77.8, ups=0.24, wpb=320, bsz=64, num_updates=11330, lr=2.11e-05, gnorm=3.2, clip=100, loss_scale=256, train_wall=41, gb_free=7.4, wall=65987
2023-03-28 16:04:18 - progress_bar.py[line:272] - INFO: epoch 007:     90 / 1878 loss=4.954, loss_v1=0, loss_v2=0, nll_loss=4.02, ntokens=320, nsentences=64, sample_size=320, sample_size_v1=0, sample_size_v2=0, ppl=16.22, wps=78, ups=0.24, wpb=320, bsz=64, num_updates=11340, lr=2.10717e-05, gnorm=3.204, clip=100, loss_scale=256, train_wall=41, gb_free=7.4, wall=66028
2023-03-28 16:04:58 - progress_bar.py[line:272] - INFO: epoch 007:    100 / 1878 loss=4.985, loss_v1=0, loss_v2=0, nll_loss=4.052, ntokens=320, nsentences=64, sample_size=320, sample_size_v1=0, sample_size_v2=0, ppl=16.59, wps=79, ups=0.25, wpb=320, bsz=64, num_updates=11350, lr=2.10434e-05, gnorm=3.218, clip=100, loss_scale=256, train_wall=40, gb_free=7.4, wall=66069
2023-03-28 16:05:39 - progress_bar.py[line:272] - INFO: epoch 007:    110 / 1878 loss=4.931, loss_v1=0, loss_v2=0, nll_loss=3.99, ntokens=320, nsentences=64, sample_size=320, sample_size_v1=0, sample_size_v2=0, ppl=15.89, wps=78.6, ups=0.25, wpb=320, bsz=64, num_updates=11360, lr=2.10151e-05, gnorm=3.138, clip=100, loss_scale=256, train_wall=40, gb_free=7.4, wall=66110
2023-03-28 16:06:20 - progress_bar.py[line:272] - INFO: epoch 007:    120 / 1878 loss=4.958, loss_v1=0, loss_v2=0, nll_loss=4.02, ntokens=320, nsentences=64, sample_size=320, sample_size_v1=0, sample_size_v2=0, ppl=16.22, wps=78.3, ups=0.24, wpb=320, bsz=64, num_updates=11370, lr=2.09867e-05, gnorm=3.235, clip=100, loss_scale=256, train_wall=41, gb_free=7.4, wall=66150
2023-03-28 16:07:01 - progress_bar.py[line:272] - INFO: epoch 007:    130 / 1878 loss=4.987, loss_v1=0, loss_v2=0, nll_loss=4.055, ntokens=320, nsentences=64, sample_size=320, sample_size_v1=0, sample_size_v2=0, ppl=16.62, wps=77.5, ups=0.24, wpb=320, bsz=64, num_updates=11380, lr=2.09584e-05, gnorm=3.241, clip=100, loss_scale=256, train_wall=41, gb_free=7.4, wall=66192
2023-03-28 16:07:42 - progress_bar.py[line:272] - INFO: epoch 007:    140 / 1878 loss=4.991, loss_v1=0, loss_v2=0, nll_loss=4.062, ntokens=320, nsentences=64, sample_size=320, sample_size_v1=0, sample_size_v2=0, ppl=16.7, wps=78.1, ups=0.24, wpb=320, bsz=64, num_updates=11390, lr=2.09301e-05, gnorm=3.269, clip=100, loss_scale=256, train_wall=41, gb_free=7.4, wall=66233
2023-03-28 16:08:23 - progress_bar.py[line:272] - INFO: epoch 007:    150 / 1878 loss=4.977, loss_v1=0, loss_v2=0, nll_loss=4.042, ntokens=320, nsentences=64, sample_size=320, sample_size_v1=0, sample_size_v2=0, ppl=16.47, wps=78.2, ups=0.24, wpb=320, bsz=64, num_updates=11400, lr=2.09018e-05, gnorm=3.216, clip=100, loss_scale=256, train_wall=41, gb_free=7.4, wall=66274
2023-03-28 16:09:04 - progress_bar.py[line:272] - INFO: epoch 007:    160 / 1878 loss=5.005, loss_v1=0, loss_v2=0, nll_loss=4.074, ntokens=320, nsentences=64, sample_size=320, sample_size_v1=0, sample_size_v2=0, ppl=16.85, wps=78.7, ups=0.25, wpb=320, bsz=64, num_updates=11410, lr=2.08735e-05, gnorm=3.152, clip=100, loss_scale=256, train_wall=40, gb_free=7.4, wall=66314
2023-03-28 16:09:44 - progress_bar.py[line:272] - INFO: epoch 007:    170 / 1878 loss=4.978, loss_v1=0, loss_v2=0, nll_loss=4.044, ntokens=320, nsentences=64, sample_size=320, sample_size_v1=0, sample_size_v2=0, ppl=16.5, wps=78.8, ups=0.25, wpb=320, bsz=64, num_updates=11420, lr=2.08451e-05, gnorm=3.177, clip=100, loss_scale=256, train_wall=40, gb_free=7.4, wall=66355
2023-03-28 16:10:25 - progress_bar.py[line:272] - INFO: epoch 007:    180 / 1878 loss=5.018, loss_v1=0, loss_v2=0, nll_loss=4.091, ntokens=320, nsentences=64, sample_size=320, sample_size_v1=0, sample_size_v2=0, ppl=17.04, wps=78.5, ups=0.25, wpb=320, bsz=64, num_updates=11430, lr=2.08168e-05, gnorm=3.228, clip=100, loss_scale=256, train_wall=40, gb_free=7.4, wall=66396
2023-03-28 16:11:06 - progress_bar.py[line:272] - INFO: epoch 007:    190 / 1878 loss=5.024, loss_v1=0, loss_v2=0, nll_loss=4.098, ntokens=320, nsentences=64, sample_size=320, sample_size_v1=0, sample_size_v2=0, ppl=17.13, wps=78.5, ups=0.25, wpb=320, bsz=64, num_updates=11440, lr=2.07885e-05, gnorm=3.32, clip=100, loss_scale=256, train_wall=40, gb_free=7.4, wall=66436
2023-03-28 16:11:47 - progress_bar.py[line:272] - INFO: epoch 007:    200 / 1878 loss=4.934, loss_v1=0, loss_v2=0, nll_loss=3.999, ntokens=320, nsentences=64, sample_size=320, sample_size_v1=0, sample_size_v2=0, ppl=15.99, wps=78.4, ups=0.24, wpb=320, bsz=64, num_updates=11450, lr=2.07602e-05, gnorm=3.25, clip=100, loss_scale=256, train_wall=41, gb_free=7.4, wall=66477
2023-03-28 16:12:28 - progress_bar.py[line:272] - INFO: epoch 007:    210 / 1878 loss=4.995, loss_v1=0, loss_v2=0, nll_loss=4.067, ntokens=320, nsentences=64, sample_size=320, sample_size_v1=0, sample_size_v2=0, ppl=16.76, wps=78.2, ups=0.24, wpb=320, bsz=64, num_updates=11460, lr=2.07318e-05, gnorm=3.263, clip=100, loss_scale=256, train_wall=41, gb_free=7.4, wall=66518
2023-03-28 16:13:08 - progress_bar.py[line:272] - INFO: epoch 007:    220 / 1878 loss=4.965, loss_v1=0, loss_v2=0, nll_loss=4.03, ntokens=320, nsentences=64, sample_size=320, sample_size_v1=0, sample_size_v2=0, ppl=16.34, wps=78.3, ups=0.24, wpb=320, bsz=64, num_updates=11470, lr=2.07035e-05, gnorm=3.276, clip=100, loss_scale=256, train_wall=41, gb_free=7.4, wall=66559
2023-03-28 16:13:49 - progress_bar.py[line:272] - INFO: epoch 007:    230 / 1878 loss=4.925, loss_v1=0, loss_v2=0, nll_loss=3.988, ntokens=320, nsentences=64, sample_size=320, sample_size_v1=0, sample_size_v2=0, ppl=15.87, wps=78.2, ups=0.24, wpb=320, bsz=64, num_updates=11480, lr=2.06752e-05, gnorm=3.206, clip=100, loss_scale=256, train_wall=41, gb_free=7.4, wall=66600
2023-03-28 16:14:30 - progress_bar.py[line:272] - INFO: epoch 007:    240 / 1878 loss=4.994, loss_v1=0, loss_v2=0, nll_loss=4.062, ntokens=320, nsentences=64, sample_size=320, sample_size_v1=0, sample_size_v2=0, ppl=16.71, wps=78.2, ups=0.24, wpb=320, bsz=64, num_updates=11490, lr=2.06469e-05, gnorm=3.257, clip=100, loss_scale=256, train_wall=41, gb_free=7.4, wall=66641
2023-03-28 16:15:11 - progress_bar.py[line:272] - INFO: epoch 007:    250 / 1878 loss=5.008, loss_v1=0, loss_v2=0, nll_loss=4.078, ntokens=320, nsentences=64, sample_size=320, sample_size_v1=0, sample_size_v2=0, ppl=16.89, wps=78.5, ups=0.25, wpb=320, bsz=64, num_updates=11500, lr=2.06186e-05, gnorm=3.285, clip=100, loss_scale=256, train_wall=41, gb_free=7.4, wall=66682
2023-03-28 16:15:11 - train.py[line:445] - INFO: begin validation on "valid" subset
slice_id 0 seek offset 0
slice_id 1 seek offset 5379
slice_id 0 seek offset 0
slice_id 1 seek offset 5379
2023-03-28 16:26:31 - progress_bar.py[line:282] - INFO: epoch 007 | valid on 'valid' subset | loss 5.838 | loss_v1 0 | loss_v2 0 | nll_loss 4.984 | ntokens 39.993 | nsentences 7.999 | sample_size 39.993 | sample_size_v1 0 | sample_size_v2 0 | ppl 31.66 | score 0.117 | wps 79.2 | wpb 40 | bsz 8 | num_updates 11500 | best_score 0.1188
2023-03-28 16:26:31 - checkpoint_utils.py[line:64] - INFO: Preparing to save checkpoint for epoch 7 @ 11500 updates
2023-03-28 16:26:31 - trainer.py[line:431] - INFO: Saving checkpoint to ./refcocoplus_scratch_checkpoints/10_5e-5_512/checkpoint_7_11500.pt
2023-03-28 16:26:53 - trainer.py[line:441] - INFO: Finished saving checkpoint to ./refcocoplus_scratch_checkpoints/10_5e-5_512/checkpoint_7_11500.pt
2023-03-28 16:27:03 - checkpoint_utils.py[line:133] - INFO: Saved checkpoint ./refcocoplus_scratch_checkpoints/10_5e-5_512/checkpoint_7_11500.pt (epoch 7 @ 11500 updates, score 0.117) (writing took 31.463793679140508 seconds)
2023-03-28 16:27:43 - progress_bar.py[line:272] - INFO: epoch 007:    260 / 1878 loss=4.967, loss_v1=0, loss_v2=0, nll_loss=4.033, ntokens=320, nsentences=64, sample_size=320, sample_size_v1=0, sample_size_v2=0, ppl=16.37, wps=4.3, ups=0.01, wpb=320, bsz=64, num_updates=11510, lr=2.05902e-05, gnorm=3.24, clip=100, loss_scale=256, train_wall=40, gb_free=7.4, wall=67433
2023-03-28 16:28:23 - progress_bar.py[line:272] - INFO: epoch 007:    270 / 1878 loss=4.958, loss_v1=0, loss_v2=0, nll_loss=4.024, ntokens=320, nsentences=64, sample_size=320, sample_size_v1=0, sample_size_v2=0, ppl=16.27, wps=78.8, ups=0.25, wpb=320, bsz=64, num_updates=11520, lr=2.05619e-05, gnorm=3.208, clip=100, loss_scale=256, train_wall=40, gb_free=7.4, wall=67474
2023-03-28 16:29:04 - progress_bar.py[line:272] - INFO: epoch 007:    280 / 1878 loss=4.936, loss_v1=0, loss_v2=0, nll_loss=3.993, ntokens=320, nsentences=64, sample_size=320, sample_size_v1=0, sample_size_v2=0, ppl=15.92, wps=78.5, ups=0.25, wpb=320, bsz=64, num_updates=11530, lr=2.05336e-05, gnorm=3.168, clip=100, loss_scale=256, train_wall=40, gb_free=7.4, wall=67515
2023-03-28 16:29:45 - progress_bar.py[line:272] - INFO: epoch 007:    290 / 1878 loss=4.989, loss_v1=0, loss_v2=0, nll_loss=4.058, ntokens=320, nsentences=64, sample_size=320, sample_size_v1=0, sample_size_v2=0, ppl=16.65, wps=78.4, ups=0.24, wpb=320, bsz=64, num_updates=11540, lr=2.05053e-05, gnorm=3.309, clip=100, loss_scale=256, train_wall=41, gb_free=7.4, wall=67556
2023-03-28 16:30:26 - progress_bar.py[line:272] - INFO: epoch 007:    300 / 1878 loss=4.98, loss_v1=0, loss_v2=0, nll_loss=4.052, ntokens=320, nsentences=64, sample_size=320, sample_size_v1=0, sample_size_v2=0, ppl=16.58, wps=77.4, ups=0.24, wpb=320, bsz=64, num_updates=11550, lr=2.04769e-05, gnorm=3.243, clip=100, loss_scale=512, train_wall=41, gb_free=7.4, wall=67597
2023-03-28 16:31:07 - progress_bar.py[line:272] - INFO: epoch 007:    310 / 1878 loss=4.985, loss_v1=0, loss_v2=0, nll_loss=4.054, ntokens=320, nsentences=64, sample_size=320, sample_size_v1=0, sample_size_v2=0, ppl=16.62, wps=78.3, ups=0.24, wpb=320, bsz=64, num_updates=11560, lr=2.04486e-05, gnorm=3.227, clip=100, loss_scale=512, train_wall=41, gb_free=7.4, wall=67638
2023-03-28 16:31:48 - progress_bar.py[line:272] - INFO: epoch 007:    320 / 1878 loss=4.998, loss_v1=0, loss_v2=0, nll_loss=4.068, ntokens=320, nsentences=64, sample_size=320, sample_size_v1=0, sample_size_v2=0, ppl=16.77, wps=78.3, ups=0.24, wpb=320, bsz=64, num_updates=11570, lr=2.04203e-05, gnorm=3.269, clip=100, loss_scale=512, train_wall=41, gb_free=7.4, wall=67679
2023-03-28 16:32:29 - progress_bar.py[line:272] - INFO: epoch 007:    330 / 1878 loss=4.958, loss_v1=0, loss_v2=0, nll_loss=4.02, ntokens=320, nsentences=64, sample_size=320, sample_size_v1=0, sample_size_v2=0, ppl=16.22, wps=78.2, ups=0.24, wpb=320, bsz=64, num_updates=11580, lr=2.0392e-05, gnorm=3.223, clip=100, loss_scale=512, train_wall=41, gb_free=7.4, wall=67720
2023-03-28 16:33:06 - trainer.py[line:921] - INFO: NOTE: gradient overflow detected, ignoring gradient, setting loss scale to: 256.0
2023-03-28 16:33:14 - progress_bar.py[line:272] - INFO: epoch 007:    341 / 1878 loss=4.978, loss_v1=0, loss_v2=0, nll_loss=4.042, ntokens=320, nsentences=64, sample_size=320, sample_size_v1=0, sample_size_v2=0, ppl=16.47, wps=71, ups=0.22, wpb=320, bsz=64, num_updates=11590, lr=2.03637e-05, gnorm=3.215, clip=100, loss_scale=256, train_wall=45, gb_free=7.4, wall=67765
2023-03-28 16:33:55 - progress_bar.py[line:272] - INFO: epoch 007:    351 / 1878 loss=4.946, loss_v1=0, loss_v2=0, nll_loss=4.014, ntokens=320, nsentences=64, sample_size=320, sample_size_v1=0, sample_size_v2=0, ppl=16.15, wps=77.9, ups=0.24, wpb=320, bsz=64, num_updates=11600, lr=2.03353e-05, gnorm=3.434, clip=100, loss_scale=256, train_wall=41, gb_free=7.4, wall=67806
2023-03-28 16:34:36 - progress_bar.py[line:272] - INFO: epoch 007:    361 / 1878 loss=4.949, loss_v1=0, loss_v2=0, nll_loss=4.013, ntokens=320, nsentences=64, sample_size=320, sample_size_v1=0, sample_size_v2=0, ppl=16.14, wps=78.5, ups=0.25, wpb=320, bsz=64, num_updates=11610, lr=2.0307e-05, gnorm=3.283, clip=100, loss_scale=256, train_wall=41, gb_free=7.4, wall=67847
2023-03-28 16:35:17 - progress_bar.py[line:272] - INFO: epoch 007:    371 / 1878 loss=5.018, loss_v1=0, loss_v2=0, nll_loss=4.087, ntokens=320, nsentences=64, sample_size=320, sample_size_v1=0, sample_size_v2=0, ppl=16.99, wps=77.8, ups=0.24, wpb=320, bsz=64, num_updates=11620, lr=2.02787e-05, gnorm=3.26, clip=100, loss_scale=256, train_wall=41, gb_free=7.4, wall=67888
2023-03-28 16:35:58 - progress_bar.py[line:272] - INFO: epoch 007:    381 / 1878 loss=4.968, loss_v1=0, loss_v2=0, nll_loss=4.042, ntokens=320, nsentences=64, sample_size=320, sample_size_v1=0, sample_size_v2=0, ppl=16.47, wps=78.1, ups=0.24, wpb=320, bsz=64, num_updates=11630, lr=2.02504e-05, gnorm=3.319, clip=100, loss_scale=256, train_wall=41, gb_free=7.4, wall=67929
2023-03-28 16:36:39 - progress_bar.py[line:272] - INFO: epoch 007:    391 / 1878 loss=5.006, loss_v1=0, loss_v2=0, nll_loss=4.074, ntokens=320, nsentences=64, sample_size=320, sample_size_v1=0, sample_size_v2=0, ppl=16.84, wps=78.4, ups=0.24, wpb=320, bsz=64, num_updates=11640, lr=2.0222e-05, gnorm=3.3, clip=100, loss_scale=256, train_wall=41, gb_free=7.4, wall=67969
2023-03-28 16:37:20 - progress_bar.py[line:272] - INFO: epoch 007:    401 / 1878 loss=4.992, loss_v1=0, loss_v2=0, nll_loss=4.06, ntokens=320, nsentences=64, sample_size=320, sample_size_v1=0, sample_size_v2=0, ppl=16.68, wps=78.1, ups=0.24, wpb=320, bsz=64, num_updates=11650, lr=2.01937e-05, gnorm=3.288, clip=100, loss_scale=256, train_wall=41, gb_free=7.4, wall=68010
2023-03-28 16:38:01 - progress_bar.py[line:272] - INFO: epoch 007:    411 / 1878 loss=4.968, loss_v1=0, loss_v2=0, nll_loss=4.038, ntokens=320, nsentences=64, sample_size=320, sample_size_v1=0, sample_size_v2=0, ppl=16.42, wps=78.4, ups=0.25, wpb=320, bsz=64, num_updates=11660, lr=2.01654e-05, gnorm=3.282, clip=100, loss_scale=256, train_wall=41, gb_free=7.4, wall=68051
2023-03-28 16:38:42 - progress_bar.py[line:272] - INFO: epoch 007:    421 / 1878 loss=4.937, loss_v1=0, loss_v2=0, nll_loss=3.998, ntokens=320, nsentences=64, sample_size=320, sample_size_v1=0, sample_size_v2=0, ppl=15.97, wps=78.4, ups=0.25, wpb=320, bsz=64, num_updates=11670, lr=2.01371e-05, gnorm=3.215, clip=100, loss_scale=256, train_wall=41, gb_free=7.4, wall=68092
2023-03-28 16:39:22 - progress_bar.py[line:272] - INFO: epoch 007:    431 / 1878 loss=4.902, loss_v1=0, loss_v2=0, nll_loss=3.957, ntokens=320, nsentences=64, sample_size=320, sample_size_v1=0, sample_size_v2=0, ppl=15.53, wps=78.5, ups=0.25, wpb=320, bsz=64, num_updates=11680, lr=2.01088e-05, gnorm=3.209, clip=100, loss_scale=256, train_wall=41, gb_free=7.4, wall=68133
2023-03-28 16:40:03 - progress_bar.py[line:272] - INFO: epoch 007:    441 / 1878 loss=4.989, loss_v1=0, loss_v2=0, nll_loss=4.056, ntokens=320, nsentences=64, sample_size=320, sample_size_v1=0, sample_size_v2=0, ppl=16.63, wps=78.5, ups=0.25, wpb=320, bsz=64, num_updates=11690, lr=2.00804e-05, gnorm=3.26, clip=100, loss_scale=256, train_wall=41, gb_free=7.4, wall=68174
2023-03-28 16:40:44 - progress_bar.py[line:272] - INFO: epoch 007:    451 / 1878 loss=4.925, loss_v1=0, loss_v2=0, nll_loss=3.989, ntokens=320, nsentences=64, sample_size=320, sample_size_v1=0, sample_size_v2=0, ppl=15.88, wps=78.2, ups=0.24, wpb=320, bsz=64, num_updates=11700, lr=2.00521e-05, gnorm=3.222, clip=100, loss_scale=256, train_wall=41, gb_free=7.4, wall=68215
2023-03-28 16:41:25 - progress_bar.py[line:272] - INFO: epoch 007:    461 / 1878 loss=4.955, loss_v1=0, loss_v2=0, nll_loss=4.024, ntokens=320, nsentences=64, sample_size=320, sample_size_v1=0, sample_size_v2=0, ppl=16.27, wps=78.4, ups=0.24, wpb=320, bsz=64, num_updates=11710, lr=2.00238e-05, gnorm=3.271, clip=100, loss_scale=256, train_wall=41, gb_free=7.4, wall=68255
2023-03-28 16:42:06 - progress_bar.py[line:272] - INFO: epoch 007:    471 / 1878 loss=4.966, loss_v1=0, loss_v2=0, nll_loss=4.029, ntokens=320, nsentences=64, sample_size=320, sample_size_v1=0, sample_size_v2=0, ppl=16.33, wps=78.3, ups=0.24, wpb=320, bsz=64, num_updates=11720, lr=1.99955e-05, gnorm=3.26, clip=100, loss_scale=256, train_wall=41, gb_free=7.4, wall=68296
2023-03-28 16:42:46 - progress_bar.py[line:272] - INFO: epoch 007:    481 / 1878 loss=4.949, loss_v1=0, loss_v2=0, nll_loss=4.011, ntokens=320, nsentences=64, sample_size=320, sample_size_v1=0, sample_size_v2=0, ppl=16.12, wps=78.7, ups=0.25, wpb=320, bsz=64, num_updates=11730, lr=1.99671e-05, gnorm=3.241, clip=100, loss_scale=256, train_wall=40, gb_free=7.4, wall=68337
2023-03-28 16:43:27 - progress_bar.py[line:272] - INFO: epoch 007:    491 / 1878 loss=4.919, loss_v1=0, loss_v2=0, nll_loss=3.982, ntokens=320, nsentences=64, sample_size=320, sample_size_v1=0, sample_size_v2=0, ppl=15.8, wps=78.6, ups=0.25, wpb=320, bsz=64, num_updates=11740, lr=1.99388e-05, gnorm=3.232, clip=100, loss_scale=256, train_wall=40, gb_free=7.4, wall=68378
2023-03-28 16:44:08 - progress_bar.py[line:272] - INFO: epoch 007:    501 / 1878 loss=4.961, loss_v1=0, loss_v2=0, nll_loss=4.027, ntokens=320, nsentences=64, sample_size=320, sample_size_v1=0, sample_size_v2=0, ppl=16.3, wps=77.9, ups=0.24, wpb=320, bsz=64, num_updates=11750, lr=1.99105e-05, gnorm=3.231, clip=100, loss_scale=256, train_wall=41, gb_free=7.4, wall=68419
2023-03-28 16:44:49 - progress_bar.py[line:272] - INFO: epoch 007:    511 / 1878 loss=4.962, loss_v1=0, loss_v2=0, nll_loss=4.028, ntokens=320, nsentences=64, sample_size=320, sample_size_v1=0, sample_size_v2=0, ppl=16.31, wps=78.4, ups=0.25, wpb=320, bsz=64, num_updates=11760, lr=1.98822e-05, gnorm=3.193, clip=100, loss_scale=256, train_wall=41, gb_free=7.4, wall=68460
2023-03-28 16:45:30 - progress_bar.py[line:272] - INFO: epoch 007:    521 / 1878 loss=4.946, loss_v1=0, loss_v2=0, nll_loss=4.011, ntokens=320, nsentences=64, sample_size=320, sample_size_v1=0, sample_size_v2=0, ppl=16.12, wps=78.2, ups=0.24, wpb=320, bsz=64, num_updates=11770, lr=1.98539e-05, gnorm=3.179, clip=100, loss_scale=256, train_wall=41, gb_free=7.4, wall=68501
2023-03-28 16:46:11 - progress_bar.py[line:272] - INFO: epoch 007:    531 / 1878 loss=5, loss_v1=0, loss_v2=0, nll_loss=4.07, ntokens=320, nsentences=64, sample_size=320, sample_size_v1=0, sample_size_v2=0, ppl=16.8, wps=78.3, ups=0.24, wpb=320, bsz=64, num_updates=11780, lr=1.98255e-05, gnorm=3.354, clip=100, loss_scale=256, train_wall=41, gb_free=7.4, wall=68541
2023-03-28 16:46:52 - progress_bar.py[line:272] - INFO: epoch 007:    541 / 1878 loss=4.977, loss_v1=0, loss_v2=0, nll_loss=4.045, ntokens=320, nsentences=64, sample_size=320, sample_size_v1=0, sample_size_v2=0, ppl=16.51, wps=78.2, ups=0.24, wpb=320, bsz=64, num_updates=11790, lr=1.97972e-05, gnorm=3.282, clip=100, loss_scale=256, train_wall=41, gb_free=7.4, wall=68582
2023-03-28 16:47:32 - progress_bar.py[line:272] - INFO: epoch 007:    551 / 1878 loss=4.933, loss_v1=0, loss_v2=0, nll_loss=3.999, ntokens=320, nsentences=64, sample_size=320, sample_size_v1=0, sample_size_v2=0, ppl=15.98, wps=78.5, ups=0.25, wpb=320, bsz=64, num_updates=11800, lr=1.97689e-05, gnorm=3.225, clip=100, loss_scale=256, train_wall=41, gb_free=7.4, wall=68623
2023-03-28 16:48:13 - progress_bar.py[line:272] - INFO: epoch 007:    561 / 1878 loss=4.943, loss_v1=0, loss_v2=0, nll_loss=4.005, ntokens=320, nsentences=64, sample_size=320, sample_size_v1=0, sample_size_v2=0, ppl=16.05, wps=78.4, ups=0.24, wpb=320, bsz=64, num_updates=11810, lr=1.97406e-05, gnorm=3.253, clip=100, loss_scale=256, train_wall=41, gb_free=7.4, wall=68664
2023-03-28 16:48:54 - progress_bar.py[line:272] - INFO: epoch 007:    571 / 1878 loss=4.93, loss_v1=0, loss_v2=0, nll_loss=3.989, ntokens=320, nsentences=64, sample_size=320, sample_size_v1=0, sample_size_v2=0, ppl=15.87, wps=78.2, ups=0.24, wpb=320, bsz=64, num_updates=11820, lr=1.97122e-05, gnorm=3.189, clip=100, loss_scale=256, train_wall=41, gb_free=7.4, wall=68705
2023-03-28 16:49:35 - progress_bar.py[line:272] - INFO: epoch 007:    581 / 1878 loss=4.952, loss_v1=0, loss_v2=0, nll_loss=4.016, ntokens=320, nsentences=64, sample_size=320, sample_size_v1=0, sample_size_v2=0, ppl=16.18, wps=78.4, ups=0.24, wpb=320, bsz=64, num_updates=11830, lr=1.96839e-05, gnorm=3.195, clip=100, loss_scale=256, train_wall=41, gb_free=7.4, wall=68746
2023-03-28 16:50:16 - progress_bar.py[line:272] - INFO: epoch 007:    591 / 1878 loss=4.94, loss_v1=0, loss_v2=0, nll_loss=4.005, ntokens=320, nsentences=64, sample_size=320, sample_size_v1=0, sample_size_v2=0, ppl=16.06, wps=78.5, ups=0.25, wpb=320, bsz=64, num_updates=11840, lr=1.96556e-05, gnorm=3.211, clip=100, loss_scale=256, train_wall=41, gb_free=7.4, wall=68786
2023-03-28 16:50:57 - progress_bar.py[line:272] - INFO: epoch 007:    601 / 1878 loss=4.94, loss_v1=0, loss_v2=0, nll_loss=4, ntokens=320, nsentences=64, sample_size=320, sample_size_v1=0, sample_size_v2=0, ppl=16, wps=78.3, ups=0.24, wpb=320, bsz=64, num_updates=11850, lr=1.96273e-05, gnorm=3.328, clip=100, loss_scale=256, train_wall=41, gb_free=7.4, wall=68827
2023-03-28 16:51:38 - progress_bar.py[line:272] - INFO: epoch 007:    611 / 1878 loss=4.976, loss_v1=0, loss_v2=0, nll_loss=4.041, ntokens=320, nsentences=64, sample_size=320, sample_size_v1=0, sample_size_v2=0, ppl=16.46, wps=78.4, ups=0.25, wpb=320, bsz=64, num_updates=11860, lr=1.9599e-05, gnorm=3.477, clip=100, loss_scale=256, train_wall=40, gb_free=7.4, wall=68868
2023-03-28 16:52:18 - progress_bar.py[line:272] - INFO: epoch 007:    621 / 1878 loss=4.974, loss_v1=0, loss_v2=0, nll_loss=4.043, ntokens=320, nsentences=64, sample_size=320, sample_size_v1=0, sample_size_v2=0, ppl=16.49, wps=78.4, ups=0.24, wpb=320, bsz=64, num_updates=11870, lr=1.95706e-05, gnorm=3.291, clip=100, loss_scale=256, train_wall=41, gb_free=7.4, wall=68909
2023-03-28 16:52:59 - progress_bar.py[line:272] - INFO: epoch 007:    631 / 1878 loss=5, loss_v1=0, loss_v2=0, nll_loss=4.073, ntokens=320, nsentences=64, sample_size=320, sample_size_v1=0, sample_size_v2=0, ppl=16.83, wps=78.3, ups=0.24, wpb=320, bsz=64, num_updates=11880, lr=1.95423e-05, gnorm=3.222, clip=100, loss_scale=256, train_wall=41, gb_free=7.4, wall=68950
2023-03-28 16:53:40 - progress_bar.py[line:272] - INFO: epoch 007:    641 / 1878 loss=4.974, loss_v1=0, loss_v2=0, nll_loss=4.039, ntokens=320, nsentences=64, sample_size=320, sample_size_v1=0, sample_size_v2=0, ppl=16.44, wps=78.3, ups=0.24, wpb=320, bsz=64, num_updates=11890, lr=1.9514e-05, gnorm=3.319, clip=100, loss_scale=256, train_wall=41, gb_free=7.4, wall=68991
2023-03-28 16:54:21 - progress_bar.py[line:272] - INFO: epoch 007:    651 / 1878 loss=4.95, loss_v1=0, loss_v2=0, nll_loss=4.009, ntokens=320, nsentences=64, sample_size=320, sample_size_v1=0, sample_size_v2=0, ppl=16.1, wps=78.4, ups=0.24, wpb=320, bsz=64, num_updates=11900, lr=1.94857e-05, gnorm=3.233, clip=100, loss_scale=256, train_wall=41, gb_free=7.4, wall=69032
2023-03-28 16:55:02 - progress_bar.py[line:272] - INFO: epoch 007:    661 / 1878 loss=4.973, loss_v1=0, loss_v2=0, nll_loss=4.038, ntokens=320, nsentences=64, sample_size=320, sample_size_v1=0, sample_size_v2=0, ppl=16.42, wps=78.3, ups=0.24, wpb=320, bsz=64, num_updates=11910, lr=1.94573e-05, gnorm=3.268, clip=100, loss_scale=256, train_wall=41, gb_free=7.4, wall=69072
2023-03-28 16:55:43 - progress_bar.py[line:272] - INFO: epoch 007:    671 / 1878 loss=4.966, loss_v1=0, loss_v2=0, nll_loss=4.034, ntokens=320, nsentences=64, sample_size=320, sample_size_v1=0, sample_size_v2=0, ppl=16.38, wps=78.2, ups=0.24, wpb=320, bsz=64, num_updates=11920, lr=1.9429e-05, gnorm=3.32, clip=100, loss_scale=256, train_wall=41, gb_free=7.4, wall=69113
2023-03-28 16:56:24 - progress_bar.py[line:272] - INFO: epoch 007:    681 / 1878 loss=4.945, loss_v1=0, loss_v2=0, nll_loss=4.008, ntokens=320, nsentences=64, sample_size=320, sample_size_v1=0, sample_size_v2=0, ppl=16.09, wps=78, ups=0.24, wpb=320, bsz=64, num_updates=11930, lr=1.94007e-05, gnorm=3.286, clip=100, loss_scale=256, train_wall=41, gb_free=7.4, wall=69154
2023-03-28 16:57:05 - progress_bar.py[line:272] - INFO: epoch 007:    691 / 1878 loss=4.966, loss_v1=0, loss_v2=0, nll_loss=4.034, ntokens=320, nsentences=64, sample_size=320, sample_size_v1=0, sample_size_v2=0, ppl=16.38, wps=77.8, ups=0.24, wpb=320, bsz=64, num_updates=11940, lr=1.93724e-05, gnorm=3.265, clip=100, loss_scale=256, train_wall=41, gb_free=7.4, wall=69195
2023-03-28 16:57:46 - progress_bar.py[line:272] - INFO: epoch 007:    701 / 1878 loss=4.942, loss_v1=0, loss_v2=0, nll_loss=4.007, ntokens=320, nsentences=64, sample_size=320, sample_size_v1=0, sample_size_v2=0, ppl=16.08, wps=78.8, ups=0.25, wpb=320, bsz=64, num_updates=11950, lr=1.93441e-05, gnorm=3.249, clip=100, loss_scale=256, train_wall=40, gb_free=7.4, wall=69236
2023-03-28 16:58:26 - progress_bar.py[line:272] - INFO: epoch 007:    711 / 1878 loss=4.927, loss_v1=0, loss_v2=0, nll_loss=3.99, ntokens=320, nsentences=64, sample_size=320, sample_size_v1=0, sample_size_v2=0, ppl=15.89, wps=78.4, ups=0.24, wpb=320, bsz=64, num_updates=11960, lr=1.93157e-05, gnorm=3.226, clip=100, loss_scale=256, train_wall=41, gb_free=7.4, wall=69277
2023-03-28 16:59:07 - progress_bar.py[line:272] - INFO: epoch 007:    721 / 1878 loss=4.912, loss_v1=0, loss_v2=0, nll_loss=3.966, ntokens=320, nsentences=64, sample_size=320, sample_size_v1=0, sample_size_v2=0, ppl=15.63, wps=77.8, ups=0.24, wpb=320, bsz=64, num_updates=11970, lr=1.92874e-05, gnorm=3.268, clip=100, loss_scale=256, train_wall=41, gb_free=7.4, wall=69318
2023-03-28 16:59:48 - progress_bar.py[line:272] - INFO: epoch 007:    731 / 1878 loss=4.908, loss_v1=0, loss_v2=0, nll_loss=3.965, ntokens=320, nsentences=64, sample_size=320, sample_size_v1=0, sample_size_v2=0, ppl=15.62, wps=78.2, ups=0.24, wpb=320, bsz=64, num_updates=11980, lr=1.92591e-05, gnorm=3.11, clip=100, loss_scale=256, train_wall=41, gb_free=7.4, wall=69359
2023-03-28 17:00:29 - progress_bar.py[line:272] - INFO: epoch 007:    741 / 1878 loss=4.936, loss_v1=0, loss_v2=0, nll_loss=4.002, ntokens=320, nsentences=64, sample_size=320, sample_size_v1=0, sample_size_v2=0, ppl=16.02, wps=78.7, ups=0.25, wpb=320, bsz=64, num_updates=11990, lr=1.92308e-05, gnorm=3.118, clip=100, loss_scale=256, train_wall=40, gb_free=7.4, wall=69400
2023-03-28 17:01:10 - progress_bar.py[line:272] - INFO: epoch 007:    751 / 1878 loss=4.915, loss_v1=0, loss_v2=0, nll_loss=3.977, ntokens=320, nsentences=64, sample_size=320, sample_size_v1=0, sample_size_v2=0, ppl=15.75, wps=78.8, ups=0.25, wpb=320, bsz=64, num_updates=12000, lr=1.92024e-05, gnorm=3.141, clip=100, loss_scale=256, train_wall=40, gb_free=7.4, wall=69440
2023-03-28 17:01:10 - train.py[line:445] - INFO: begin validation on "valid" subset
slice_id 0 seek offset 0
slice_id 1 seek offset 5379
slice_id 0 seek offset 0
slice_id 1 seek offset 5379
2023-03-28 17:12:30 - progress_bar.py[line:282] - INFO: epoch 007 | valid on 'valid' subset | loss 5.848 | loss_v1 0 | loss_v2 0 | nll_loss 4.995 | ntokens 39.993 | nsentences 7.999 | sample_size 39.993 | sample_size_v1 0 | sample_size_v2 0 | ppl 31.9 | score 0.1163 | wps 79.1 | wpb 40 | bsz 8 | num_updates 12000 | best_score 0.1188
2023-03-28 17:12:30 - checkpoint_utils.py[line:64] - INFO: Preparing to save checkpoint for epoch 7 @ 12000 updates
2023-03-28 17:12:30 - trainer.py[line:431] - INFO: Saving checkpoint to ./refcocoplus_scratch_checkpoints/10_5e-5_512/checkpoint_7_12000.pt
2023-03-28 17:12:49 - trainer.py[line:441] - INFO: Finished saving checkpoint to ./refcocoplus_scratch_checkpoints/10_5e-5_512/checkpoint_7_12000.pt
2023-03-28 17:12:57 - checkpoint_utils.py[line:133] - INFO: Saved checkpoint ./refcocoplus_scratch_checkpoints/10_5e-5_512/checkpoint_7_12000.pt (epoch 7 @ 12000 updates, score 0.1163) (writing took 26.923055404797196 seconds)
2023-03-28 17:13:38 - progress_bar.py[line:272] - INFO: epoch 007:    761 / 1878 loss=4.899, loss_v1=0, loss_v2=0, nll_loss=3.956, ntokens=320, nsentences=64, sample_size=320, sample_size_v1=0, sample_size_v2=0, ppl=15.52, wps=4.3, ups=0.01, wpb=320, bsz=64, num_updates=12010, lr=1.91741e-05, gnorm=3.054, clip=100, loss_scale=256, train_wall=40, gb_free=7.4, wall=70188
2023-03-28 17:14:19 - progress_bar.py[line:272] - INFO: epoch 007:    771 / 1878 loss=4.893, loss_v1=0, loss_v2=0, nll_loss=3.952, ntokens=320, nsentences=64, sample_size=320, sample_size_v1=0, sample_size_v2=0, ppl=15.47, wps=78.3, ups=0.24, wpb=320, bsz=64, num_updates=12020, lr=1.91458e-05, gnorm=3.131, clip=100, loss_scale=256, train_wall=41, gb_free=7.4, wall=70229
2023-03-28 17:14:59 - progress_bar.py[line:272] - INFO: epoch 007:    781 / 1878 loss=4.934, loss_v1=0, loss_v2=0, nll_loss=3.998, ntokens=320, nsentences=64, sample_size=320, sample_size_v1=0, sample_size_v2=0, ppl=15.98, wps=78.3, ups=0.24, wpb=320, bsz=64, num_updates=12030, lr=1.91175e-05, gnorm=3.475, clip=100, loss_scale=256, train_wall=41, gb_free=7.4, wall=70270
2023-03-28 17:15:40 - progress_bar.py[line:272] - INFO: epoch 007:    791 / 1878 loss=4.895, loss_v1=0, loss_v2=0, nll_loss=3.95, ntokens=320, nsentences=64, sample_size=320, sample_size_v1=0, sample_size_v2=0, ppl=15.45, wps=78.5, ups=0.25, wpb=320, bsz=64, num_updates=12040, lr=1.90892e-05, gnorm=3.105, clip=100, loss_scale=256, train_wall=40, gb_free=7.4, wall=70311
2023-03-28 17:16:21 - progress_bar.py[line:272] - INFO: epoch 007:    801 / 1878 loss=4.869, loss_v1=0, loss_v2=0, nll_loss=3.925, ntokens=320, nsentences=64, sample_size=320, sample_size_v1=0, sample_size_v2=0, ppl=15.19, wps=78.6, ups=0.25, wpb=320, bsz=64, num_updates=12050, lr=1.90608e-05, gnorm=3.104, clip=100, loss_scale=256, train_wall=41, gb_free=7.4, wall=70351
2023-03-28 17:17:02 - progress_bar.py[line:272] - INFO: epoch 007:    811 / 1878 loss=4.883, loss_v1=0, loss_v2=0, nll_loss=3.942, ntokens=320, nsentences=64, sample_size=320, sample_size_v1=0, sample_size_v2=0, ppl=15.37, wps=78.4, ups=0.24, wpb=320, bsz=64, num_updates=12060, lr=1.90325e-05, gnorm=3.093, clip=100, loss_scale=256, train_wall=41, gb_free=7.4, wall=70392
2023-03-28 17:17:43 - progress_bar.py[line:272] - INFO: epoch 007:    821 / 1878 loss=4.946, loss_v1=0, loss_v2=0, nll_loss=4.01, ntokens=320, nsentences=64, sample_size=320, sample_size_v1=0, sample_size_v2=0, ppl=16.11, wps=78.4, ups=0.25, wpb=320, bsz=64, num_updates=12070, lr=1.90042e-05, gnorm=3.089, clip=100, loss_scale=256, train_wall=41, gb_free=7.4, wall=70433
2023-03-28 17:18:23 - progress_bar.py[line:272] - INFO: epoch 007:    831 / 1878 loss=4.889, loss_v1=0, loss_v2=0, nll_loss=3.946, ntokens=320, nsentences=64, sample_size=320, sample_size_v1=0, sample_size_v2=0, ppl=15.42, wps=78.2, ups=0.24, wpb=320, bsz=64, num_updates=12080, lr=1.89759e-05, gnorm=3.142, clip=100, loss_scale=256, train_wall=41, gb_free=7.4, wall=70474
2023-03-28 17:19:04 - progress_bar.py[line:272] - INFO: epoch 007:    841 / 1878 loss=4.9, loss_v1=0, loss_v2=0, nll_loss=3.954, ntokens=320, nsentences=64, sample_size=320, sample_size_v1=0, sample_size_v2=0, ppl=15.5, wps=78.1, ups=0.24, wpb=320, bsz=64, num_updates=12090, lr=1.89475e-05, gnorm=3.058, clip=100, loss_scale=256, train_wall=41, gb_free=7.4, wall=70515
2023-03-28 17:19:45 - progress_bar.py[line:272] - INFO: epoch 007:    851 / 1878 loss=4.904, loss_v1=0, loss_v2=0, nll_loss=3.957, ntokens=320, nsentences=64, sample_size=320, sample_size_v1=0, sample_size_v2=0, ppl=15.53, wps=78.1, ups=0.24, wpb=320, bsz=64, num_updates=12100, lr=1.89192e-05, gnorm=3.081, clip=100, loss_scale=512, train_wall=41, gb_free=7.4, wall=70556
2023-03-28 17:20:10 - trainer.py[line:921] - INFO: NOTE: gradient overflow detected, ignoring gradient, setting loss scale to: 256.0
2023-03-28 17:20:30 - progress_bar.py[line:272] - INFO: epoch 007:    862 / 1878 loss=4.907, loss_v1=0, loss_v2=0, nll_loss=3.963, ntokens=320, nsentences=64, sample_size=320, sample_size_v1=0, sample_size_v2=0, ppl=15.59, wps=71.1, ups=0.22, wpb=320, bsz=64, num_updates=12110, lr=1.88909e-05, gnorm=3.14, clip=100, loss_scale=256, train_wall=45, gb_free=7.4, wall=70601
2023-03-28 17:21:11 - progress_bar.py[line:272] - INFO: epoch 007:    872 / 1878 loss=4.92, loss_v1=0, loss_v2=0, nll_loss=3.985, ntokens=320, nsentences=64, sample_size=320, sample_size_v1=0, sample_size_v2=0, ppl=15.83, wps=78.5, ups=0.25, wpb=320, bsz=64, num_updates=12120, lr=1.88626e-05, gnorm=3.15, clip=100, loss_scale=256, train_wall=40, gb_free=7.4, wall=70642
2023-03-28 17:21:52 - progress_bar.py[line:272] - INFO: epoch 007:    882 / 1878 loss=4.948, loss_v1=0, loss_v2=0, nll_loss=4.017, ntokens=320, nsentences=64, sample_size=320, sample_size_v1=0, sample_size_v2=0, ppl=16.19, wps=78.3, ups=0.24, wpb=320, bsz=64, num_updates=12130, lr=1.88343e-05, gnorm=3.186, clip=100, loss_scale=256, train_wall=41, gb_free=7.4, wall=70682
2023-03-28 17:22:33 - progress_bar.py[line:272] - INFO: epoch 007:    892 / 1878 loss=4.851, loss_v1=0, loss_v2=0, nll_loss=3.907, ntokens=320, nsentences=64, sample_size=320, sample_size_v1=0, sample_size_v2=0, ppl=15, wps=78.4, ups=0.24, wpb=320, bsz=64, num_updates=12140, lr=1.88059e-05, gnorm=3.106, clip=100, loss_scale=256, train_wall=41, gb_free=7.4, wall=70723
2023-03-28 17:23:14 - progress_bar.py[line:272] - INFO: epoch 007:    902 / 1878 loss=4.894, loss_v1=0, loss_v2=0, nll_loss=3.949, ntokens=320, nsentences=64, sample_size=320, sample_size_v1=0, sample_size_v2=0, ppl=15.44, wps=77.7, ups=0.24, wpb=320, bsz=64, num_updates=12150, lr=1.87776e-05, gnorm=3.052, clip=100, loss_scale=256, train_wall=41, gb_free=7.4, wall=70765
2023-03-28 17:23:55 - progress_bar.py[line:272] - INFO: epoch 007:    912 / 1878 loss=4.891, loss_v1=0, loss_v2=0, nll_loss=3.947, ntokens=320, nsentences=64, sample_size=320, sample_size_v1=0, sample_size_v2=0, ppl=15.42, wps=78.5, ups=0.25, wpb=320, bsz=64, num_updates=12160, lr=1.87493e-05, gnorm=3.323, clip=100, loss_scale=256, train_wall=41, gb_free=7.4, wall=70805
2023-03-28 17:24:36 - progress_bar.py[line:272] - INFO: epoch 007:    922 / 1878 loss=4.881, loss_v1=0, loss_v2=0, nll_loss=3.935, ntokens=320, nsentences=64, sample_size=320, sample_size_v1=0, sample_size_v2=0, ppl=15.29, wps=78.3, ups=0.24, wpb=320, bsz=64, num_updates=12170, lr=1.8721e-05, gnorm=3.284, clip=100, loss_scale=256, train_wall=41, gb_free=7.4, wall=70846
2023-03-28 17:25:16 - progress_bar.py[line:272] - INFO: epoch 007:    932 / 1878 loss=4.89, loss_v1=0, loss_v2=0, nll_loss=3.947, ntokens=320, nsentences=64, sample_size=320, sample_size_v1=0, sample_size_v2=0, ppl=15.42, wps=78.5, ups=0.25, wpb=320, bsz=64, num_updates=12180, lr=1.86926e-05, gnorm=3.237, clip=100, loss_scale=256, train_wall=40, gb_free=7.4, wall=70887
2023-03-28 17:25:57 - progress_bar.py[line:272] - INFO: epoch 007:    942 / 1878 loss=4.856, loss_v1=0, loss_v2=0, nll_loss=3.911, ntokens=320, nsentences=64, sample_size=320, sample_size_v1=0, sample_size_v2=0, ppl=15.04, wps=78.5, ups=0.25, wpb=320, bsz=64, num_updates=12190, lr=1.86643e-05, gnorm=3.118, clip=100, loss_scale=256, train_wall=41, gb_free=7.4, wall=70928
2023-03-28 17:26:38 - progress_bar.py[line:272] - INFO: epoch 007:    952 / 1878 loss=4.92, loss_v1=0, loss_v2=0, nll_loss=3.98, ntokens=320, nsentences=64, sample_size=320, sample_size_v1=0, sample_size_v2=0, ppl=15.78, wps=78.6, ups=0.25, wpb=320, bsz=64, num_updates=12200, lr=1.8636e-05, gnorm=3.177, clip=100, loss_scale=256, train_wall=41, gb_free=7.4, wall=70968
2023-03-28 17:27:19 - progress_bar.py[line:272] - INFO: epoch 007:    962 / 1878 loss=4.871, loss_v1=0, loss_v2=0, nll_loss=3.923, ntokens=320, nsentences=64, sample_size=320, sample_size_v1=0, sample_size_v2=0, ppl=15.17, wps=78.2, ups=0.24, wpb=320, bsz=64, num_updates=12210, lr=1.86077e-05, gnorm=3.168, clip=100, loss_scale=256, train_wall=41, gb_free=7.4, wall=71009
2023-03-28 17:28:00 - progress_bar.py[line:272] - INFO: epoch 007:    972 / 1878 loss=4.894, loss_v1=0, loss_v2=0, nll_loss=3.948, ntokens=320, nsentences=64, sample_size=320, sample_size_v1=0, sample_size_v2=0, ppl=15.44, wps=77.7, ups=0.24, wpb=320, bsz=64, num_updates=12220, lr=1.85794e-05, gnorm=3.151, clip=100, loss_scale=256, train_wall=41, gb_free=7.4, wall=71050
2023-03-28 17:28:41 - progress_bar.py[line:272] - INFO: epoch 007:    982 / 1878 loss=4.882, loss_v1=0, loss_v2=0, nll_loss=3.941, ntokens=320, nsentences=64, sample_size=320, sample_size_v1=0, sample_size_v2=0, ppl=15.35, wps=78.3, ups=0.24, wpb=320, bsz=64, num_updates=12230, lr=1.8551e-05, gnorm=3.206, clip=100, loss_scale=256, train_wall=41, gb_free=7.4, wall=71091
2023-03-28 17:29:22 - progress_bar.py[line:272] - INFO: epoch 007:    992 / 1878 loss=4.928, loss_v1=0, loss_v2=0, nll_loss=3.99, ntokens=320, nsentences=64, sample_size=320, sample_size_v1=0, sample_size_v2=0, ppl=15.89, wps=78.4, ups=0.25, wpb=320, bsz=64, num_updates=12240, lr=1.85227e-05, gnorm=3.19, clip=100, loss_scale=256, train_wall=41, gb_free=7.4, wall=71132
2023-03-28 17:30:03 - progress_bar.py[line:272] - INFO: epoch 007:   1002 / 1878 loss=4.938, loss_v1=0, loss_v2=0, nll_loss=4.001, ntokens=320, nsentences=64, sample_size=320, sample_size_v1=0, sample_size_v2=0, ppl=16.01, wps=78.3, ups=0.24, wpb=320, bsz=64, num_updates=12250, lr=1.84944e-05, gnorm=3.176, clip=100, loss_scale=256, train_wall=41, gb_free=7.4, wall=71173
2023-03-28 17:30:44 - progress_bar.py[line:272] - INFO: epoch 007:   1012 / 1878 loss=4.88, loss_v1=0, loss_v2=0, nll_loss=3.937, ntokens=320, nsentences=64, sample_size=320, sample_size_v1=0, sample_size_v2=0, ppl=15.32, wps=77.8, ups=0.24, wpb=320, bsz=64, num_updates=12260, lr=1.84661e-05, gnorm=3.191, clip=100, loss_scale=256, train_wall=41, gb_free=7.4, wall=71214
2023-03-28 17:31:25 - progress_bar.py[line:272] - INFO: epoch 007:   1022 / 1878 loss=4.912, loss_v1=0, loss_v2=0, nll_loss=3.97, ntokens=320, nsentences=64, sample_size=320, sample_size_v1=0, sample_size_v2=0, ppl=15.67, wps=78.2, ups=0.24, wpb=320, bsz=64, num_updates=12270, lr=1.84377e-05, gnorm=3.191, clip=100, loss_scale=256, train_wall=41, gb_free=7.4, wall=71255
2023-03-28 17:32:06 - progress_bar.py[line:272] - INFO: epoch 007:   1032 / 1878 loss=4.917, loss_v1=0, loss_v2=0, nll_loss=3.976, ntokens=320, nsentences=64, sample_size=320, sample_size_v1=0, sample_size_v2=0, ppl=15.73, wps=77.8, ups=0.24, wpb=320, bsz=64, num_updates=12280, lr=1.84094e-05, gnorm=3.167, clip=100, loss_scale=256, train_wall=41, gb_free=7.4, wall=71296
2023-03-28 17:32:47 - progress_bar.py[line:272] - INFO: epoch 007:   1042 / 1878 loss=4.894, loss_v1=0, loss_v2=0, nll_loss=3.953, ntokens=320, nsentences=64, sample_size=320, sample_size_v1=0, sample_size_v2=0, ppl=15.49, wps=77.9, ups=0.24, wpb=320, bsz=64, num_updates=12290, lr=1.83811e-05, gnorm=3.139, clip=100, loss_scale=256, train_wall=41, gb_free=7.4, wall=71337
2023-03-28 17:33:28 - progress_bar.py[line:272] - INFO: epoch 007:   1052 / 1878 loss=4.914, loss_v1=0, loss_v2=0, nll_loss=3.975, ntokens=320, nsentences=64, sample_size=320, sample_size_v1=0, sample_size_v2=0, ppl=15.73, wps=77.6, ups=0.24, wpb=320, bsz=64, num_updates=12300, lr=1.83528e-05, gnorm=3.361, clip=100, loss_scale=256, train_wall=41, gb_free=7.4, wall=71379
2023-03-28 17:34:09 - progress_bar.py[line:272] - INFO: epoch 007:   1062 / 1878 loss=4.895, loss_v1=0, loss_v2=0, nll_loss=3.95, ntokens=320, nsentences=64, sample_size=320, sample_size_v1=0, sample_size_v2=0, ppl=15.46, wps=78.1, ups=0.24, wpb=320, bsz=64, num_updates=12310, lr=1.83245e-05, gnorm=3.231, clip=100, loss_scale=256, train_wall=41, gb_free=7.4, wall=71420
2023-03-28 17:34:50 - progress_bar.py[line:272] - INFO: epoch 007:   1072 / 1878 loss=4.871, loss_v1=0, loss_v2=0, nll_loss=3.927, ntokens=320, nsentences=64, sample_size=320, sample_size_v1=0, sample_size_v2=0, ppl=15.21, wps=78.3, ups=0.24, wpb=320, bsz=64, num_updates=12320, lr=1.82961e-05, gnorm=3.162, clip=100, loss_scale=256, train_wall=41, gb_free=7.4, wall=71460
2023-03-28 17:35:31 - progress_bar.py[line:272] - INFO: epoch 007:   1082 / 1878 loss=4.918, loss_v1=0, loss_v2=0, nll_loss=3.981, ntokens=320, nsentences=64, sample_size=320, sample_size_v1=0, sample_size_v2=0, ppl=15.79, wps=78.5, ups=0.25, wpb=320, bsz=64, num_updates=12330, lr=1.82678e-05, gnorm=3.149, clip=100, loss_scale=256, train_wall=41, gb_free=7.4, wall=71501
2023-03-28 17:36:12 - progress_bar.py[line:272] - INFO: epoch 007:   1092 / 1878 loss=4.86, loss_v1=0, loss_v2=0, nll_loss=3.914, ntokens=320, nsentences=64, sample_size=320, sample_size_v1=0, sample_size_v2=0, ppl=15.07, wps=78, ups=0.24, wpb=320, bsz=64, num_updates=12340, lr=1.82395e-05, gnorm=3.13, clip=100, loss_scale=256, train_wall=41, gb_free=7.4, wall=71542
2023-03-28 17:36:53 - progress_bar.py[line:272] - INFO: epoch 007:   1102 / 1878 loss=4.925, loss_v1=0, loss_v2=0, nll_loss=3.983, ntokens=320, nsentences=64, sample_size=320, sample_size_v1=0, sample_size_v2=0, ppl=15.82, wps=77.9, ups=0.24, wpb=320, bsz=64, num_updates=12350, lr=1.82112e-05, gnorm=3.196, clip=100, loss_scale=256, train_wall=41, gb_free=7.4, wall=71583
2023-03-28 17:37:34 - progress_bar.py[line:272] - INFO: epoch 007:   1112 / 1878 loss=4.883, loss_v1=0, loss_v2=0, nll_loss=3.939, ntokens=320, nsentences=64, sample_size=320, sample_size_v1=0, sample_size_v2=0, ppl=15.34, wps=77.5, ups=0.24, wpb=320, bsz=64, num_updates=12360, lr=1.81828e-05, gnorm=3.096, clip=100, loss_scale=256, train_wall=41, gb_free=7.4, wall=71625
2023-03-28 17:38:15 - progress_bar.py[line:272] - INFO: epoch 007:   1122 / 1878 loss=4.862, loss_v1=0, loss_v2=0, nll_loss=3.919, ntokens=320, nsentences=64, sample_size=320, sample_size_v1=0, sample_size_v2=0, ppl=15.12, wps=78.5, ups=0.25, wpb=320, bsz=64, num_updates=12370, lr=1.81545e-05, gnorm=3.178, clip=100, loss_scale=256, train_wall=40, gb_free=7.4, wall=71665
2023-03-28 17:38:56 - progress_bar.py[line:272] - INFO: epoch 007:   1132 / 1878 loss=4.906, loss_v1=0, loss_v2=0, nll_loss=3.966, ntokens=320, nsentences=64, sample_size=320, sample_size_v1=0, sample_size_v2=0, ppl=15.63, wps=78.4, ups=0.25, wpb=320, bsz=64, num_updates=12380, lr=1.81262e-05, gnorm=3.22, clip=100, loss_scale=256, train_wall=41, gb_free=7.4, wall=71706
2023-03-28 17:39:36 - progress_bar.py[line:272] - INFO: epoch 007:   1142 / 1878 loss=4.874, loss_v1=0, loss_v2=0, nll_loss=3.924, ntokens=320, nsentences=64, sample_size=320, sample_size_v1=0, sample_size_v2=0, ppl=15.18, wps=78.5, ups=0.25, wpb=320, bsz=64, num_updates=12390, lr=1.80979e-05, gnorm=3.34, clip=100, loss_scale=256, train_wall=41, gb_free=7.4, wall=71747
2023-03-28 17:40:17 - progress_bar.py[line:272] - INFO: epoch 007:   1152 / 1878 loss=4.963, loss_v1=0, loss_v2=0, nll_loss=4.028, ntokens=320, nsentences=64, sample_size=320, sample_size_v1=0, sample_size_v2=0, ppl=16.31, wps=78.1, ups=0.24, wpb=320, bsz=64, num_updates=12400, lr=1.80696e-05, gnorm=3.375, clip=100, loss_scale=256, train_wall=41, gb_free=7.4, wall=71788
2023-03-28 17:40:58 - progress_bar.py[line:272] - INFO: epoch 007:   1162 / 1878 loss=4.863, loss_v1=0, loss_v2=0, nll_loss=3.917, ntokens=320, nsentences=64, sample_size=320, sample_size_v1=0, sample_size_v2=0, ppl=15.1, wps=78.5, ups=0.25, wpb=320, bsz=64, num_updates=12410, lr=1.80412e-05, gnorm=3.125, clip=100, loss_scale=256, train_wall=41, gb_free=7.4, wall=71829
2023-03-28 17:41:39 - progress_bar.py[line:272] - INFO: epoch 007:   1172 / 1878 loss=4.906, loss_v1=0, loss_v2=0, nll_loss=3.965, ntokens=320, nsentences=64, sample_size=320, sample_size_v1=0, sample_size_v2=0, ppl=15.61, wps=78.5, ups=0.25, wpb=320, bsz=64, num_updates=12420, lr=1.80129e-05, gnorm=3.188, clip=100, loss_scale=256, train_wall=41, gb_free=7.4, wall=71869
2023-03-28 17:42:20 - progress_bar.py[line:272] - INFO: epoch 007:   1182 / 1878 loss=4.898, loss_v1=0, loss_v2=0, nll_loss=3.958, ntokens=320, nsentences=64, sample_size=320, sample_size_v1=0, sample_size_v2=0, ppl=15.54, wps=78.3, ups=0.24, wpb=320, bsz=64, num_updates=12430, lr=1.79846e-05, gnorm=3.143, clip=100, loss_scale=256, train_wall=41, gb_free=7.4, wall=71910
2023-03-28 17:43:01 - progress_bar.py[line:272] - INFO: epoch 007:   1192 / 1878 loss=4.859, loss_v1=0, loss_v2=0, nll_loss=3.911, ntokens=320, nsentences=64, sample_size=320, sample_size_v1=0, sample_size_v2=0, ppl=15.04, wps=78.4, ups=0.24, wpb=320, bsz=64, num_updates=12440, lr=1.79563e-05, gnorm=3.148, clip=100, loss_scale=256, train_wall=41, gb_free=7.4, wall=71951
2023-03-28 17:43:42 - progress_bar.py[line:272] - INFO: epoch 007:   1202 / 1878 loss=4.907, loss_v1=0, loss_v2=0, nll_loss=3.967, ntokens=320, nsentences=64, sample_size=320, sample_size_v1=0, sample_size_v2=0, ppl=15.64, wps=78.1, ups=0.24, wpb=320, bsz=64, num_updates=12450, lr=1.79279e-05, gnorm=3.186, clip=100, loss_scale=256, train_wall=41, gb_free=7.4, wall=71992
2023-03-28 17:44:22 - progress_bar.py[line:272] - INFO: epoch 007:   1212 / 1878 loss=4.893, loss_v1=0, loss_v2=0, nll_loss=3.951, ntokens=320, nsentences=64, sample_size=320, sample_size_v1=0, sample_size_v2=0, ppl=15.46, wps=78.3, ups=0.24, wpb=320, bsz=64, num_updates=12460, lr=1.78996e-05, gnorm=3.252, clip=100, loss_scale=256, train_wall=41, gb_free=7.4, wall=72033
2023-03-28 17:45:04 - progress_bar.py[line:272] - INFO: epoch 007:   1222 / 1878 loss=4.875, loss_v1=0, loss_v2=0, nll_loss=3.929, ntokens=320, nsentences=64, sample_size=320, sample_size_v1=0, sample_size_v2=0, ppl=15.23, wps=77.5, ups=0.24, wpb=320, bsz=64, num_updates=12470, lr=1.78713e-05, gnorm=3.205, clip=100, loss_scale=256, train_wall=41, gb_free=7.4, wall=72074
2023-03-28 17:45:45 - progress_bar.py[line:272] - INFO: epoch 007:   1232 / 1878 loss=4.934, loss_v1=0, loss_v2=0, nll_loss=3.995, ntokens=320, nsentences=64, sample_size=320, sample_size_v1=0, sample_size_v2=0, ppl=15.95, wps=78.3, ups=0.24, wpb=320, bsz=64, num_updates=12480, lr=1.7843e-05, gnorm=3.213, clip=100, loss_scale=256, train_wall=41, gb_free=7.4, wall=72115
2023-03-28 17:46:26 - progress_bar.py[line:272] - INFO: epoch 007:   1242 / 1878 loss=4.866, loss_v1=0, loss_v2=0, nll_loss=3.926, ntokens=320, nsentences=64, sample_size=320, sample_size_v1=0, sample_size_v2=0, ppl=15.2, wps=78, ups=0.24, wpb=320, bsz=64, num_updates=12490, lr=1.78147e-05, gnorm=3.211, clip=100, loss_scale=256, train_wall=41, gb_free=7.4, wall=72156
slice_id 1 seek offset 5379
2023-03-28 17:47:07 - progress_bar.py[line:272] - INFO: epoch 007:   1252 / 1878 loss=4.907, loss_v1=0, loss_v2=0, nll_loss=3.967, ntokens=320, nsentences=64, sample_size=320, sample_size_v1=0, sample_size_v2=0, ppl=15.64, wps=78.1, ups=0.24, wpb=320, bsz=64, num_updates=12500, lr=1.77863e-05, gnorm=3.172, clip=100, loss_scale=256, train_wall=41, gb_free=7.4, wall=72197
2023-03-28 17:47:07 - train.py[line:445] - INFO: begin validation on "valid" subset
slice_id 0 seek offset 0
slice_id 0 seek offset 0
slice_id 1 seek offset 5379
2023-03-28 17:58:26 - progress_bar.py[line:282] - INFO: epoch 007 | valid on 'valid' subset | loss 5.878 | loss_v1 0 | loss_v2 0 | nll_loss 5.028 | ntokens 39.993 | nsentences 7.999 | sample_size 39.993 | sample_size_v1 0 | sample_size_v2 0 | ppl 32.64 | score 0.1202 | wps 79.2 | wpb 40 | bsz 8 | num_updates 12500 | best_score 0.1202
2023-03-28 17:58:26 - checkpoint_utils.py[line:64] - INFO: Preparing to save checkpoint for epoch 7 @ 12500 updates
2023-03-28 17:58:26 - trainer.py[line:431] - INFO: Saving checkpoint to ./refcocoplus_scratch_checkpoints/10_5e-5_512/checkpoint_7_12500.pt
2023-03-28 17:58:48 - trainer.py[line:441] - INFO: Finished saving checkpoint to ./refcocoplus_scratch_checkpoints/10_5e-5_512/checkpoint_7_12500.pt
2023-03-28 17:59:17 - checkpoint_utils.py[line:133] - INFO: Saved checkpoint ./refcocoplus_scratch_checkpoints/10_5e-5_512/checkpoint_7_12500.pt (epoch 7 @ 12500 updates, score 0.1202) (writing took 50.082593344151974 seconds)
2023-03-28 17:59:57 - progress_bar.py[line:272] - INFO: epoch 007:   1262 / 1878 loss=4.835, loss_v1=0, loss_v2=0, nll_loss=3.881, ntokens=320, nsentences=64, sample_size=320, sample_size_v1=0, sample_size_v2=0, ppl=14.74, wps=4.2, ups=0.01, wpb=320, bsz=64, num_updates=12510, lr=1.7758e-05, gnorm=3.18, clip=100, loss_scale=256, train_wall=40, gb_free=7.4, wall=72967
2023-03-28 18:00:37 - progress_bar.py[line:272] - INFO: epoch 007:   1272 / 1878 loss=4.853, loss_v1=0, loss_v2=0, nll_loss=3.905, ntokens=320, nsentences=64, sample_size=320, sample_size_v1=0, sample_size_v2=0, ppl=14.98, wps=78.4, ups=0.24, wpb=320, bsz=64, num_updates=12520, lr=1.77297e-05, gnorm=3.151, clip=100, loss_scale=256, train_wall=41, gb_free=7.4, wall=73008
2023-03-28 18:01:18 - progress_bar.py[line:272] - INFO: epoch 007:   1282 / 1878 loss=4.861, loss_v1=0, loss_v2=0, nll_loss=3.915, ntokens=320, nsentences=64, sample_size=320, sample_size_v1=0, sample_size_v2=0, ppl=15.08, wps=78.6, ups=0.25, wpb=320, bsz=64, num_updates=12530, lr=1.77014e-05, gnorm=3.193, clip=100, loss_scale=256, train_wall=40, gb_free=7.4, wall=73049
2023-03-28 18:01:59 - progress_bar.py[line:272] - INFO: epoch 007:   1292 / 1878 loss=4.88, loss_v1=0, loss_v2=0, nll_loss=3.938, ntokens=320, nsentences=64, sample_size=320, sample_size_v1=0, sample_size_v2=0, ppl=15.32, wps=78.5, ups=0.25, wpb=320, bsz=64, num_updates=12540, lr=1.7673e-05, gnorm=3.247, clip=100, loss_scale=256, train_wall=40, gb_free=7.4, wall=73089
2023-03-28 18:02:40 - progress_bar.py[line:272] - INFO: epoch 007:   1302 / 1878 loss=4.845, loss_v1=0, loss_v2=0, nll_loss=3.897, ntokens=320, nsentences=64, sample_size=320, sample_size_v1=0, sample_size_v2=0, ppl=14.9, wps=78.3, ups=0.24, wpb=320, bsz=64, num_updates=12550, lr=1.76447e-05, gnorm=3.141, clip=100, loss_scale=256, train_wall=40, gb_free=7.4, wall=73130
2023-03-28 18:03:21 - progress_bar.py[line:272] - INFO: epoch 007:   1312 / 1878 loss=4.907, loss_v1=0, loss_v2=0, nll_loss=3.967, ntokens=320, nsentences=64, sample_size=320, sample_size_v1=0, sample_size_v2=0, ppl=15.64, wps=78.2, ups=0.24, wpb=320, bsz=64, num_updates=12560, lr=1.76164e-05, gnorm=3.218, clip=100, loss_scale=256, train_wall=41, gb_free=7.4, wall=73171
2023-03-28 18:04:02 - progress_bar.py[line:272] - INFO: epoch 007:   1322 / 1878 loss=4.896, loss_v1=0, loss_v2=0, nll_loss=3.953, ntokens=320, nsentences=64, sample_size=320, sample_size_v1=0, sample_size_v2=0, ppl=15.49, wps=78, ups=0.24, wpb=320, bsz=64, num_updates=12570, lr=1.75881e-05, gnorm=3.168, clip=100, loss_scale=256, train_wall=41, gb_free=7.4, wall=73212
2023-03-28 18:04:43 - progress_bar.py[line:272] - INFO: epoch 007:   1332 / 1878 loss=4.883, loss_v1=0, loss_v2=0, nll_loss=3.938, ntokens=320, nsentences=64, sample_size=320, sample_size_v1=0, sample_size_v2=0, ppl=15.32, wps=77.9, ups=0.24, wpb=320, bsz=64, num_updates=12580, lr=1.75598e-05, gnorm=3.248, clip=100, loss_scale=256, train_wall=41, gb_free=7.4, wall=73253
2023-03-28 18:05:24 - progress_bar.py[line:272] - INFO: epoch 007:   1342 / 1878 loss=4.836, loss_v1=0, loss_v2=0, nll_loss=3.884, ntokens=320, nsentences=64, sample_size=320, sample_size_v1=0, sample_size_v2=0, ppl=14.77, wps=78.2, ups=0.24, wpb=320, bsz=64, num_updates=12590, lr=1.75314e-05, gnorm=3.331, clip=100, loss_scale=256, train_wall=41, gb_free=7.4, wall=73294
2023-03-28 18:06:05 - progress_bar.py[line:272] - INFO: epoch 007:   1352 / 1878 loss=4.878, loss_v1=0, loss_v2=0, nll_loss=3.933, ntokens=320, nsentences=64, sample_size=320, sample_size_v1=0, sample_size_v2=0, ppl=15.27, wps=78.1, ups=0.24, wpb=320, bsz=64, num_updates=12600, lr=1.75031e-05, gnorm=3.17, clip=100, loss_scale=256, train_wall=41, gb_free=7.4, wall=73335
2023-03-28 18:06:46 - progress_bar.py[line:272] - INFO: epoch 007:   1362 / 1878 loss=4.864, loss_v1=0, loss_v2=0, nll_loss=3.918, ntokens=320, nsentences=64, sample_size=320, sample_size_v1=0, sample_size_v2=0, ppl=15.12, wps=78.1, ups=0.24, wpb=320, bsz=64, num_updates=12610, lr=1.74748e-05, gnorm=3.245, clip=100, loss_scale=256, train_wall=41, gb_free=7.4, wall=73376
2023-03-28 18:07:26 - progress_bar.py[line:272] - INFO: epoch 007:   1372 / 1878 loss=4.899, loss_v1=0, loss_v2=0, nll_loss=3.955, ntokens=320, nsentences=64, sample_size=320, sample_size_v1=0, sample_size_v2=0, ppl=15.51, wps=78.6, ups=0.25, wpb=320, bsz=64, num_updates=12620, lr=1.74465e-05, gnorm=3.274, clip=100, loss_scale=512, train_wall=40, gb_free=7.4, wall=73417
2023-03-28 18:08:07 - progress_bar.py[line:272] - INFO: epoch 007:   1382 / 1878 loss=4.9, loss_v1=0, loss_v2=0, nll_loss=3.959, ntokens=320, nsentences=64, sample_size=320, sample_size_v1=0, sample_size_v2=0, ppl=15.55, wps=78.8, ups=0.25, wpb=320, bsz=64, num_updates=12630, lr=1.74181e-05, gnorm=3.177, clip=100, loss_scale=512, train_wall=40, gb_free=7.4, wall=73458
2023-03-28 18:08:48 - progress_bar.py[line:272] - INFO: epoch 007:   1392 / 1878 loss=4.854, loss_v1=0, loss_v2=0, nll_loss=3.91, ntokens=320, nsentences=64, sample_size=320, sample_size_v1=0, sample_size_v2=0, ppl=15.03, wps=78.1, ups=0.24, wpb=320, bsz=64, num_updates=12640, lr=1.73898e-05, gnorm=3.376, clip=100, loss_scale=512, train_wall=41, gb_free=7.4, wall=73499
2023-03-28 18:09:29 - progress_bar.py[line:272] - INFO: epoch 007:   1402 / 1878 loss=4.884, loss_v1=0, loss_v2=0, nll_loss=3.939, ntokens=320, nsentences=64, sample_size=320, sample_size_v1=0, sample_size_v2=0, ppl=15.34, wps=77.9, ups=0.24, wpb=320, bsz=64, num_updates=12650, lr=1.73615e-05, gnorm=3.233, clip=100, loss_scale=512, train_wall=41, gb_free=7.4, wall=73540
2023-03-28 18:10:10 - progress_bar.py[line:272] - INFO: epoch 007:   1412 / 1878 loss=4.901, loss_v1=0, loss_v2=0, nll_loss=3.956, ntokens=320, nsentences=64, sample_size=320, sample_size_v1=0, sample_size_v2=0, ppl=15.52, wps=78.1, ups=0.24, wpb=320, bsz=64, num_updates=12660, lr=1.73332e-05, gnorm=3.327, clip=100, loss_scale=512, train_wall=41, gb_free=7.4, wall=73581
2023-03-28 18:10:51 - progress_bar.py[line:272] - INFO: epoch 007:   1422 / 1878 loss=4.883, loss_v1=0, loss_v2=0, nll_loss=3.94, ntokens=320, nsentences=64, sample_size=320, sample_size_v1=0, sample_size_v2=0, ppl=15.35, wps=78.1, ups=0.24, wpb=320, bsz=64, num_updates=12670, lr=1.73049e-05, gnorm=3.237, clip=100, loss_scale=512, train_wall=41, gb_free=7.4, wall=73622
2023-03-28 18:11:32 - progress_bar.py[line:272] - INFO: epoch 007:   1432 / 1878 loss=4.888, loss_v1=0, loss_v2=0, nll_loss=3.946, ntokens=320, nsentences=64, sample_size=320, sample_size_v1=0, sample_size_v2=0, ppl=15.41, wps=78, ups=0.24, wpb=320, bsz=64, num_updates=12680, lr=1.72765e-05, gnorm=3.184, clip=100, loss_scale=512, train_wall=41, gb_free=7.4, wall=73663
2023-03-28 18:12:13 - progress_bar.py[line:272] - INFO: epoch 007:   1442 / 1878 loss=4.843, loss_v1=0, loss_v2=0, nll_loss=3.895, ntokens=320, nsentences=64, sample_size=320, sample_size_v1=0, sample_size_v2=0, ppl=14.88, wps=78, ups=0.24, wpb=320, bsz=64, num_updates=12690, lr=1.72482e-05, gnorm=3.272, clip=100, loss_scale=512, train_wall=41, gb_free=7.4, wall=73704
2023-03-28 18:12:54 - progress_bar.py[line:272] - INFO: epoch 007:   1452 / 1878 loss=4.861, loss_v1=0, loss_v2=0, nll_loss=3.914, ntokens=320, nsentences=64, sample_size=320, sample_size_v1=0, sample_size_v2=0, ppl=15.07, wps=78.2, ups=0.24, wpb=320, bsz=64, num_updates=12700, lr=1.72199e-05, gnorm=3.202, clip=100, loss_scale=512, train_wall=41, gb_free=7.4, wall=73745
2023-03-28 18:13:06 - trainer.py[line:921] - INFO: NOTE: gradient overflow detected, ignoring gradient, setting loss scale to: 256.0
2023-03-28 18:13:39 - progress_bar.py[line:272] - INFO: epoch 007:   1463 / 1878 loss=4.909, loss_v1=0, loss_v2=0, nll_loss=3.967, ntokens=320, nsentences=64, sample_size=320, sample_size_v1=0, sample_size_v2=0, ppl=15.63, wps=71.4, ups=0.22, wpb=320, bsz=64, num_updates=12710, lr=1.71916e-05, gnorm=3.2, clip=100, loss_scale=256, train_wall=45, gb_free=7.4, wall=73789
2023-03-28 18:14:20 - progress_bar.py[line:272] - INFO: epoch 007:   1473 / 1878 loss=4.886, loss_v1=0, loss_v2=0, nll_loss=3.939, ntokens=320, nsentences=64, sample_size=320, sample_size_v1=0, sample_size_v2=0, ppl=15.34, wps=78.5, ups=0.25, wpb=320, bsz=64, num_updates=12720, lr=1.71632e-05, gnorm=3.378, clip=100, loss_scale=256, train_wall=40, gb_free=7.4, wall=73830
2023-03-28 18:15:00 - progress_bar.py[line:272] - INFO: epoch 007:   1483 / 1878 loss=4.907, loss_v1=0, loss_v2=0, nll_loss=3.961, ntokens=320, nsentences=64, sample_size=320, sample_size_v1=0, sample_size_v2=0, ppl=15.57, wps=78.5, ups=0.25, wpb=320, bsz=64, num_updates=12730, lr=1.71349e-05, gnorm=3.215, clip=100, loss_scale=256, train_wall=41, gb_free=7.4, wall=73871
2023-03-28 18:15:41 - progress_bar.py[line:272] - INFO: epoch 007:   1493 / 1878 loss=4.884, loss_v1=0, loss_v2=0, nll_loss=3.943, ntokens=320, nsentences=64, sample_size=320, sample_size_v1=0, sample_size_v2=0, ppl=15.38, wps=78.7, ups=0.25, wpb=320, bsz=64, num_updates=12740, lr=1.71066e-05, gnorm=3.173, clip=100, loss_scale=256, train_wall=40, gb_free=7.4, wall=73912
2023-03-28 18:16:22 - progress_bar.py[line:272] - INFO: epoch 007:   1503 / 1878 loss=4.864, loss_v1=0, loss_v2=0, nll_loss=3.92, ntokens=320, nsentences=64, sample_size=320, sample_size_v1=0, sample_size_v2=0, ppl=15.14, wps=78.6, ups=0.25, wpb=320, bsz=64, num_updates=12750, lr=1.70783e-05, gnorm=3.223, clip=100, loss_scale=256, train_wall=40, gb_free=7.4, wall=73952
2023-03-28 18:17:02 - progress_bar.py[line:272] - INFO: epoch 007:   1513 / 1878 loss=4.866, loss_v1=0, loss_v2=0, nll_loss=3.921, ntokens=320, nsentences=64, sample_size=320, sample_size_v1=0, sample_size_v2=0, ppl=15.15, wps=78.7, ups=0.25, wpb=320, bsz=64, num_updates=12760, lr=1.705e-05, gnorm=3.127, clip=100, loss_scale=256, train_wall=40, gb_free=7.4, wall=73993
2023-03-28 18:17:43 - progress_bar.py[line:272] - INFO: epoch 007:   1523 / 1878 loss=4.837, loss_v1=0, loss_v2=0, nll_loss=3.89, ntokens=320, nsentences=64, sample_size=320, sample_size_v1=0, sample_size_v2=0, ppl=14.82, wps=78.7, ups=0.25, wpb=320, bsz=64, num_updates=12770, lr=1.70216e-05, gnorm=3.198, clip=100, loss_scale=256, train_wall=40, gb_free=7.4, wall=74034
2023-03-28 18:18:24 - progress_bar.py[line:272] - INFO: epoch 007:   1533 / 1878 loss=4.877, loss_v1=0, loss_v2=0, nll_loss=3.932, ntokens=320, nsentences=64, sample_size=320, sample_size_v1=0, sample_size_v2=0, ppl=15.26, wps=77.7, ups=0.24, wpb=320, bsz=64, num_updates=12780, lr=1.69933e-05, gnorm=3.14, clip=100, loss_scale=256, train_wall=41, gb_free=7.4, wall=74075
2023-03-28 18:19:05 - progress_bar.py[line:272] - INFO: epoch 007:   1543 / 1878 loss=4.909, loss_v1=0, loss_v2=0, nll_loss=3.969, ntokens=320, nsentences=64, sample_size=320, sample_size_v1=0, sample_size_v2=0, ppl=15.66, wps=77.8, ups=0.24, wpb=320, bsz=64, num_updates=12790, lr=1.6965e-05, gnorm=3.234, clip=100, loss_scale=256, train_wall=41, gb_free=7.4, wall=74116
2023-03-28 18:19:46 - progress_bar.py[line:272] - INFO: epoch 007:   1553 / 1878 loss=4.866, loss_v1=0, loss_v2=0, nll_loss=3.919, ntokens=320, nsentences=64, sample_size=320, sample_size_v1=0, sample_size_v2=0, ppl=15.13, wps=78.2, ups=0.24, wpb=320, bsz=64, num_updates=12800, lr=1.69367e-05, gnorm=3.167, clip=100, loss_scale=256, train_wall=41, gb_free=7.4, wall=74157
2023-03-28 18:20:27 - progress_bar.py[line:272] - INFO: epoch 007:   1563 / 1878 loss=4.881, loss_v1=0, loss_v2=0, nll_loss=3.937, ntokens=320, nsentences=64, sample_size=320, sample_size_v1=0, sample_size_v2=0, ppl=15.31, wps=78.2, ups=0.24, wpb=320, bsz=64, num_updates=12810, lr=1.69083e-05, gnorm=3.313, clip=100, loss_scale=256, train_wall=41, gb_free=7.4, wall=74198
2023-03-28 18:21:08 - progress_bar.py[line:272] - INFO: epoch 007:   1573 / 1878 loss=4.831, loss_v1=0, loss_v2=0, nll_loss=3.883, ntokens=320, nsentences=64, sample_size=320, sample_size_v1=0, sample_size_v2=0, ppl=14.75, wps=78.1, ups=0.24, wpb=320, bsz=64, num_updates=12820, lr=1.688e-05, gnorm=3.198, clip=100, loss_scale=256, train_wall=41, gb_free=7.4, wall=74239
2023-03-28 18:21:49 - progress_bar.py[line:272] - INFO: epoch 007:   1583 / 1878 loss=4.874, loss_v1=0, loss_v2=0, nll_loss=3.927, ntokens=320, nsentences=64, sample_size=320, sample_size_v1=0, sample_size_v2=0, ppl=15.22, wps=78.1, ups=0.24, wpb=320, bsz=64, num_updates=12830, lr=1.68517e-05, gnorm=3.226, clip=100, loss_scale=256, train_wall=41, gb_free=7.4, wall=74280
2023-03-28 18:22:30 - progress_bar.py[line:272] - INFO: epoch 007:   1593 / 1878 loss=4.848, loss_v1=0, loss_v2=0, nll_loss=3.898, ntokens=320, nsentences=64, sample_size=320, sample_size_v1=0, sample_size_v2=0, ppl=14.91, wps=77.8, ups=0.24, wpb=320, bsz=64, num_updates=12840, lr=1.68234e-05, gnorm=3.215, clip=100, loss_scale=256, train_wall=41, gb_free=7.4, wall=74321
2023-03-28 18:23:11 - progress_bar.py[line:272] - INFO: epoch 007:   1603 / 1878 loss=4.831, loss_v1=0, loss_v2=0, nll_loss=3.88, ntokens=320, nsentences=64, sample_size=320, sample_size_v1=0, sample_size_v2=0, ppl=14.72, wps=78.5, ups=0.25, wpb=320, bsz=64, num_updates=12850, lr=1.67951e-05, gnorm=3.296, clip=100, loss_scale=256, train_wall=41, gb_free=7.4, wall=74362
2023-03-28 18:23:52 - progress_bar.py[line:272] - INFO: epoch 007:   1613 / 1878 loss=4.878, loss_v1=0, loss_v2=0, nll_loss=3.931, ntokens=320, nsentences=64, sample_size=320, sample_size_v1=0, sample_size_v2=0, ppl=15.26, wps=78.5, ups=0.25, wpb=320, bsz=64, num_updates=12860, lr=1.67667e-05, gnorm=3.252, clip=100, loss_scale=256, train_wall=41, gb_free=7.4, wall=74402
2023-03-28 18:24:33 - progress_bar.py[line:272] - INFO: epoch 007:   1623 / 1878 loss=4.844, loss_v1=0, loss_v2=0, nll_loss=3.896, ntokens=320, nsentences=64, sample_size=320, sample_size_v1=0, sample_size_v2=0, ppl=14.89, wps=78.4, ups=0.24, wpb=320, bsz=64, num_updates=12870, lr=1.67384e-05, gnorm=3.343, clip=100, loss_scale=256, train_wall=40, gb_free=7.4, wall=74443
2023-03-28 18:25:14 - progress_bar.py[line:272] - INFO: epoch 007:   1633 / 1878 loss=4.888, loss_v1=0, loss_v2=0, nll_loss=3.946, ntokens=320, nsentences=64, sample_size=320, sample_size_v1=0, sample_size_v2=0, ppl=15.41, wps=78.2, ups=0.24, wpb=320, bsz=64, num_updates=12880, lr=1.67101e-05, gnorm=3.225, clip=100, loss_scale=256, train_wall=41, gb_free=7.4, wall=74484
2023-03-28 18:25:55 - progress_bar.py[line:272] - INFO: epoch 007:   1643 / 1878 loss=4.884, loss_v1=0, loss_v2=0, nll_loss=3.939, ntokens=320, nsentences=64, sample_size=320, sample_size_v1=0, sample_size_v2=0, ppl=15.34, wps=77.8, ups=0.24, wpb=320, bsz=64, num_updates=12890, lr=1.66818e-05, gnorm=3.285, clip=100, loss_scale=256, train_wall=41, gb_free=7.4, wall=74525
2023-03-28 18:26:36 - progress_bar.py[line:272] - INFO: epoch 007:   1653 / 1878 loss=4.884, loss_v1=0, loss_v2=0, nll_loss=3.939, ntokens=320, nsentences=64, sample_size=320, sample_size_v1=0, sample_size_v2=0, ppl=15.34, wps=78.2, ups=0.24, wpb=320, bsz=64, num_updates=12900, lr=1.66534e-05, gnorm=3.31, clip=100, loss_scale=256, train_wall=41, gb_free=7.4, wall=74566
2023-03-28 18:27:17 - progress_bar.py[line:272] - INFO: epoch 007:   1663 / 1878 loss=4.846, loss_v1=0, loss_v2=0, nll_loss=3.901, ntokens=320, nsentences=64, sample_size=320, sample_size_v1=0, sample_size_v2=0, ppl=14.94, wps=78, ups=0.24, wpb=320, bsz=64, num_updates=12910, lr=1.66251e-05, gnorm=3.304, clip=100, loss_scale=256, train_wall=41, gb_free=7.4, wall=74607
2023-03-28 18:27:58 - progress_bar.py[line:272] - INFO: epoch 007:   1673 / 1878 loss=4.886, loss_v1=0, loss_v2=0, nll_loss=3.94, ntokens=320, nsentences=64, sample_size=320, sample_size_v1=0, sample_size_v2=0, ppl=15.35, wps=78.2, ups=0.24, wpb=320, bsz=64, num_updates=12920, lr=1.65968e-05, gnorm=3.31, clip=100, loss_scale=256, train_wall=41, gb_free=7.4, wall=74648
2023-03-28 18:28:38 - progress_bar.py[line:272] - INFO: epoch 007:   1683 / 1878 loss=4.834, loss_v1=0, loss_v2=0, nll_loss=3.881, ntokens=320, nsentences=64, sample_size=320, sample_size_v1=0, sample_size_v2=0, ppl=14.74, wps=78.2, ups=0.24, wpb=320, bsz=64, num_updates=12930, lr=1.65685e-05, gnorm=3.19, clip=100, loss_scale=256, train_wall=41, gb_free=7.4, wall=74689
2023-03-28 18:29:19 - progress_bar.py[line:272] - INFO: epoch 007:   1693 / 1878 loss=4.895, loss_v1=0, loss_v2=0, nll_loss=3.955, ntokens=320, nsentences=64, sample_size=320, sample_size_v1=0, sample_size_v2=0, ppl=15.51, wps=78, ups=0.24, wpb=320, bsz=64, num_updates=12940, lr=1.65402e-05, gnorm=3.49, clip=100, loss_scale=256, train_wall=41, gb_free=7.4, wall=74730
2023-03-28 18:30:00 - progress_bar.py[line:272] - INFO: epoch 007:   1703 / 1878 loss=4.885, loss_v1=0, loss_v2=0, nll_loss=3.944, ntokens=320, nsentences=64, sample_size=320, sample_size_v1=0, sample_size_v2=0, ppl=15.39, wps=78.3, ups=0.24, wpb=320, bsz=64, num_updates=12950, lr=1.65118e-05, gnorm=3.342, clip=100, loss_scale=256, train_wall=41, gb_free=7.4, wall=74771
2023-03-28 18:30:41 - progress_bar.py[line:272] - INFO: epoch 007:   1713 / 1878 loss=4.851, loss_v1=0, loss_v2=0, nll_loss=3.903, ntokens=320, nsentences=64, sample_size=320, sample_size_v1=0, sample_size_v2=0, ppl=14.96, wps=77.8, ups=0.24, wpb=320, bsz=64, num_updates=12960, lr=1.64835e-05, gnorm=3.245, clip=100, loss_scale=256, train_wall=41, gb_free=7.4, wall=74812
2023-03-28 18:31:22 - progress_bar.py[line:272] - INFO: epoch 007:   1723 / 1878 loss=4.896, loss_v1=0, loss_v2=0, nll_loss=3.951, ntokens=320, nsentences=64, sample_size=320, sample_size_v1=0, sample_size_v2=0, ppl=15.47, wps=78.3, ups=0.24, wpb=320, bsz=64, num_updates=12970, lr=1.64552e-05, gnorm=3.147, clip=100, loss_scale=256, train_wall=41, gb_free=7.4, wall=74853
2023-03-28 18:32:03 - progress_bar.py[line:272] - INFO: epoch 007:   1733 / 1878 loss=4.838, loss_v1=0, loss_v2=0, nll_loss=3.887, ntokens=320, nsentences=64, sample_size=320, sample_size_v1=0, sample_size_v2=0, ppl=14.79, wps=78.9, ups=0.25, wpb=320, bsz=64, num_updates=12980, lr=1.64269e-05, gnorm=3.194, clip=100, loss_scale=256, train_wall=40, gb_free=7.4, wall=74893
2023-03-28 18:32:44 - progress_bar.py[line:272] - INFO: epoch 007:   1743 / 1878 loss=4.875, loss_v1=0, loss_v2=0, nll_loss=3.929, ntokens=320, nsentences=64, sample_size=320, sample_size_v1=0, sample_size_v2=0, ppl=15.24, wps=78.1, ups=0.24, wpb=320, bsz=64, num_updates=12990, lr=1.63985e-05, gnorm=3.234, clip=100, loss_scale=256, train_wall=41, gb_free=7.4, wall=74934
slice_id 1 seek offset 5379
2023-03-28 18:33:25 - progress_bar.py[line:272] - INFO: epoch 007:   1753 / 1878 loss=4.887, loss_v1=0, loss_v2=0, nll_loss=3.942, ntokens=320, nsentences=64, sample_size=320, sample_size_v1=0, sample_size_v2=0, ppl=15.37, wps=78.3, ups=0.24, wpb=320, bsz=64, num_updates=13000, lr=1.63702e-05, gnorm=3.267, clip=100, loss_scale=256, train_wall=41, gb_free=7.4, wall=74975
2023-03-28 18:33:25 - train.py[line:445] - INFO: begin validation on "valid" subset
slice_id 0 seek offset 0
slice_id 1 seek offset 5379
slice_id 0 seek offset 0
2023-03-28 18:44:45 - progress_bar.py[line:282] - INFO: epoch 007 | valid on 'valid' subset | loss 5.893 | loss_v1 0 | loss_v2 0 | nll_loss 5.046 | ntokens 39.993 | nsentences 7.999 | sample_size 39.993 | sample_size_v1 0 | sample_size_v2 0 | ppl 33.04 | score 0.1147 | wps 79.1 | wpb 40 | bsz 8 | num_updates 13000 | best_score 0.1202
2023-03-28 18:44:45 - checkpoint_utils.py[line:64] - INFO: Preparing to save checkpoint for epoch 7 @ 13000 updates
2023-03-28 18:44:45 - trainer.py[line:431] - INFO: Saving checkpoint to ./refcocoplus_scratch_checkpoints/10_5e-5_512/checkpoint_7_13000.pt
2023-03-28 18:45:04 - trainer.py[line:441] - INFO: Finished saving checkpoint to ./refcocoplus_scratch_checkpoints/10_5e-5_512/checkpoint_7_13000.pt
2023-03-28 18:45:14 - checkpoint_utils.py[line:133] - INFO: Saved checkpoint ./refcocoplus_scratch_checkpoints/10_5e-5_512/checkpoint_7_13000.pt (epoch 7 @ 13000 updates, score 0.1147) (writing took 28.463714585639536 seconds)
2023-03-28 18:45:54 - progress_bar.py[line:272] - INFO: epoch 007:   1763 / 1878 loss=4.826, loss_v1=0, loss_v2=0, nll_loss=3.878, ntokens=319.5, nsentences=63.9, sample_size=319.5, sample_size_v1=0, sample_size_v2=0, ppl=14.7, wps=4.3, ups=0.01, wpb=319.5, bsz=63.9, num_updates=13010, lr=1.63419e-05, gnorm=3.277, clip=100, loss_scale=256, train_wall=40, gb_free=7.4, wall=75724
2023-03-28 18:46:35 - progress_bar.py[line:272] - INFO: epoch 007:   1773 / 1878 loss=4.858, loss_v1=0, loss_v2=0, nll_loss=3.916, ntokens=320, nsentences=64, sample_size=320, sample_size_v1=0, sample_size_v2=0, ppl=15.09, wps=78.6, ups=0.25, wpb=320, bsz=64, num_updates=13020, lr=1.63136e-05, gnorm=3.317, clip=100, loss_scale=256, train_wall=40, gb_free=7.4, wall=75765
2023-03-28 18:47:16 - progress_bar.py[line:272] - INFO: epoch 007:   1783 / 1878 loss=4.864, loss_v1=0, loss_v2=0, nll_loss=3.92, ntokens=320, nsentences=64, sample_size=320, sample_size_v1=0, sample_size_v2=0, ppl=15.14, wps=78.1, ups=0.24, wpb=320, bsz=64, num_updates=13030, lr=1.62853e-05, gnorm=3.223, clip=100, loss_scale=256, train_wall=41, gb_free=7.4, wall=75806
2023-03-28 18:47:56 - progress_bar.py[line:272] - INFO: epoch 007:   1793 / 1878 loss=4.841, loss_v1=0, loss_v2=0, nll_loss=3.887, ntokens=320, nsentences=64, sample_size=320, sample_size_v1=0, sample_size_v2=0, ppl=14.8, wps=78.2, ups=0.24, wpb=320, bsz=64, num_updates=13040, lr=1.62569e-05, gnorm=3.172, clip=100, loss_scale=256, train_wall=41, gb_free=7.4, wall=75847
2023-03-28 18:48:37 - progress_bar.py[line:272] - INFO: epoch 007:   1803 / 1878 loss=4.908, loss_v1=0, loss_v2=0, nll_loss=3.965, ntokens=320, nsentences=64, sample_size=320, sample_size_v1=0, sample_size_v2=0, ppl=15.61, wps=78.4, ups=0.25, wpb=320, bsz=64, num_updates=13050, lr=1.62286e-05, gnorm=3.373, clip=100, loss_scale=256, train_wall=41, gb_free=7.4, wall=75888
2023-03-28 18:49:18 - progress_bar.py[line:272] - INFO: epoch 007:   1813 / 1878 loss=4.862, loss_v1=0, loss_v2=0, nll_loss=3.915, ntokens=320, nsentences=64, sample_size=320, sample_size_v1=0, sample_size_v2=0, ppl=15.09, wps=78.5, ups=0.25, wpb=320, bsz=64, num_updates=13060, lr=1.62003e-05, gnorm=3.299, clip=100, loss_scale=256, train_wall=41, gb_free=7.4, wall=75929
2023-03-28 18:49:59 - progress_bar.py[line:272] - INFO: epoch 007:   1823 / 1878 loss=4.818, loss_v1=0, loss_v2=0, nll_loss=3.865, ntokens=320, nsentences=64, sample_size=320, sample_size_v1=0, sample_size_v2=0, ppl=14.57, wps=78, ups=0.24, wpb=320, bsz=64, num_updates=13070, lr=1.6172e-05, gnorm=3.34, clip=100, loss_scale=256, train_wall=41, gb_free=7.4, wall=75970
2023-03-28 18:50:40 - progress_bar.py[line:272] - INFO: epoch 007:   1833 / 1878 loss=4.866, loss_v1=0, loss_v2=0, nll_loss=3.919, ntokens=320, nsentences=64, sample_size=320, sample_size_v1=0, sample_size_v2=0, ppl=15.13, wps=78.5, ups=0.25, wpb=320, bsz=64, num_updates=13080, lr=1.61437e-05, gnorm=3.139, clip=100, loss_scale=256, train_wall=41, gb_free=7.4, wall=76010
2023-03-28 18:51:21 - progress_bar.py[line:272] - INFO: epoch 007:   1843 / 1878 loss=4.844, loss_v1=0, loss_v2=0, nll_loss=3.894, ntokens=320, nsentences=64, sample_size=320, sample_size_v1=0, sample_size_v2=0, ppl=14.86, wps=78.3, ups=0.24, wpb=320, bsz=64, num_updates=13090, lr=1.61153e-05, gnorm=3.172, clip=100, loss_scale=256, train_wall=41, gb_free=7.4, wall=76051
2023-03-28 18:52:02 - progress_bar.py[line:272] - INFO: epoch 007:   1853 / 1878 loss=4.879, loss_v1=0, loss_v2=0, nll_loss=3.934, ntokens=320, nsentences=64, sample_size=320, sample_size_v1=0, sample_size_v2=0, ppl=15.28, wps=78.5, ups=0.25, wpb=320, bsz=64, num_updates=13100, lr=1.6087e-05, gnorm=3.297, clip=100, loss_scale=256, train_wall=41, gb_free=7.4, wall=76092
2023-03-28 18:52:42 - progress_bar.py[line:272] - INFO: epoch 007:   1863 / 1878 loss=4.87, loss_v1=0, loss_v2=0, nll_loss=3.927, ntokens=320, nsentences=64, sample_size=320, sample_size_v1=0, sample_size_v2=0, ppl=15.21, wps=78.2, ups=0.24, wpb=320, bsz=64, num_updates=13110, lr=1.60587e-05, gnorm=3.287, clip=100, loss_scale=256, train_wall=41, gb_free=7.4, wall=76133
2023-03-28 18:53:23 - progress_bar.py[line:272] - INFO: epoch 007:   1873 / 1878 loss=4.805, loss_v1=0, loss_v2=0, nll_loss=3.851, ntokens=320, nsentences=64, sample_size=320, sample_size_v1=0, sample_size_v2=0, ppl=14.43, wps=78.3, ups=0.24, wpb=320, bsz=64, num_updates=13120, lr=1.60304e-05, gnorm=3.329, clip=100, loss_scale=256, train_wall=41, gb_free=7.4, wall=76174
2023-03-28 18:53:43 - train.py[line:445] - INFO: begin validation on "valid" subset
slice_id 0 seek offset 0
slice_id 1 seek offset 5379
slice_id 0 seek offset 0
slice_id 1 seek offset 5379
2023-03-28 19:05:04 - progress_bar.py[line:282] - INFO: epoch 007 | valid on 'valid' subset | loss 5.889 | loss_v1 0 | loss_v2 0 | nll_loss 5.041 | ntokens 39.993 | nsentences 7.999 | sample_size 39.993 | sample_size_v1 0 | sample_size_v2 0 | ppl 32.92 | score 0.1209 | wps 79 | wpb 40 | bsz 8 | num_updates 13125 | best_score 0.1209
2023-03-28 19:05:04 - checkpoint_utils.py[line:64] - INFO: Preparing to save checkpoint for epoch 7 @ 13125 updates
2023-03-28 19:05:04 - trainer.py[line:431] - INFO: Saving checkpoint to ./refcocoplus_scratch_checkpoints/10_5e-5_512/checkpoint_best.pt
local datafile ../../dataset/refcocoplus_data/refcocoplus_train.tsv slice_id 1 begin to initialize row_count and line_idx-to-offset mapping
2023-03-28 19:05:20 - trainer.py[line:441] - INFO: Finished saving checkpoint to ./refcocoplus_scratch_checkpoints/10_5e-5_512/checkpoint_best.pt
local datafile ../../dataset/refcocoplus_data/refcocoplus_train.tsv slice_id 1 finished initializing row_count and line_idx-to-offset mapping
file ../../dataset/refcocoplus_data/refcocoplus_train.tsv slice_id 1 row count 60095 total row count 120191
slice_id 1 seek offset 60096
2023-03-28 19:05:40 - checkpoint_utils.py[line:133] - INFO: Saved checkpoint ./refcocoplus_scratch_checkpoints/10_5e-5_512/checkpoint_best.pt (epoch 7 @ 13125 updates, score 0.1209) (writing took 35.94497148413211 seconds)
2023-03-28 19:05:40 - train.py[line:332] - INFO: end of epoch 7 (average epoch stats below)
2023-03-28 19:05:40 - progress_bar.py[line:282] - INFO: epoch 007 | loss 4.915 | loss_v1 0 | loss_v2 0 | nll_loss 3.975 | ntokens 319.997 | nsentences 63.999 | sample_size 319.997 | sample_size_v1 0 | sample_size_v2 0 | ppl 15.72 | wps 53.3 | ups 0.17 | wpb 320 | bsz 64 | num_updates 13125 | lr 1.60162e-05 | gnorm 3.228 | clip 100 | loss_scale 256 | train_wall 7627 | gb_free 7.4 | wall 76910
2023-03-28 19:05:40 - trainer.py[line:639] - INFO: loading train data for epoch 8
local datafile ../../dataset/refcocoplus_data/refcocoplus_train.tsv slice_id 0 begin to initialize row_count and line_idx-to-offset mapping
local datafile ../../dataset/refcocoplus_data/refcocoplus_train.tsv slice_id 0 finished initializing row_count and line_idx-to-offset mapping
file ../../dataset/refcocoplus_data/refcocoplus_train.tsv slice_id 0 row count 60096 total row count 120191
slice_id 0 seek offset 0
2023-03-28 19:05:55 - trainer.py[line:703] - INFO: begin training epoch 8
2023-03-28 19:05:55 - train.py[line:305] - INFO: Start iterating over samples
2023-03-28 19:06:16 - progress_bar.py[line:272] - INFO: epoch 008:      5 / 1878 loss=4.882, loss_v1=0, loss_v2=0, nll_loss=3.937, ntokens=320, nsentences=64, sample_size=320, sample_size_v1=0, sample_size_v2=0, ppl=15.31, wps=4.1, ups=0.01, wpb=320, bsz=64, num_updates=13130, lr=1.6002e-05, gnorm=3.272, clip=100, loss_scale=256, train_wall=39, gb_free=7.4, wall=76946
2023-03-28 19:06:57 - progress_bar.py[line:272] - INFO: epoch 008:     15 / 1878 loss=4.865, loss_v1=0, loss_v2=0, nll_loss=3.921, ntokens=320, nsentences=64, sample_size=320, sample_size_v1=0, sample_size_v2=0, ppl=15.15, wps=77.9, ups=0.24, wpb=320, bsz=64, num_updates=13140, lr=1.59737e-05, gnorm=3.474, clip=100, loss_scale=256, train_wall=41, gb_free=7.4, wall=76987
2023-03-28 19:07:38 - progress_bar.py[line:272] - INFO: epoch 008:     25 / 1878 loss=4.907, loss_v1=0, loss_v2=0, nll_loss=3.968, ntokens=320, nsentences=64, sample_size=320, sample_size_v1=0, sample_size_v2=0, ppl=15.65, wps=78.1, ups=0.24, wpb=320, bsz=64, num_updates=13150, lr=1.59454e-05, gnorm=3.438, clip=100, loss_scale=256, train_wall=41, gb_free=7.4, wall=77028
2023-03-28 19:08:19 - progress_bar.py[line:272] - INFO: epoch 008:     35 / 1878 loss=4.838, loss_v1=0, loss_v2=0, nll_loss=3.888, ntokens=320, nsentences=64, sample_size=320, sample_size_v1=0, sample_size_v2=0, ppl=14.81, wps=78.1, ups=0.24, wpb=320, bsz=64, num_updates=13160, lr=1.59171e-05, gnorm=3.427, clip=100, loss_scale=256, train_wall=41, gb_free=7.4, wall=77069
2023-03-28 19:09:00 - progress_bar.py[line:272] - INFO: epoch 008:     45 / 1878 loss=4.867, loss_v1=0, loss_v2=0, nll_loss=3.917, ntokens=320, nsentences=64, sample_size=320, sample_size_v1=0, sample_size_v2=0, ppl=15.1, wps=78.2, ups=0.24, wpb=320, bsz=64, num_updates=13170, lr=1.58888e-05, gnorm=3.45, clip=100, loss_scale=256, train_wall=41, gb_free=7.4, wall=77110
2023-03-28 19:09:40 - progress_bar.py[line:272] - INFO: epoch 008:     55 / 1878 loss=4.924, loss_v1=0, loss_v2=0, nll_loss=3.984, ntokens=320, nsentences=64, sample_size=320, sample_size_v1=0, sample_size_v2=0, ppl=15.83, wps=78.2, ups=0.24, wpb=320, bsz=64, num_updates=13180, lr=1.58604e-05, gnorm=3.32, clip=100, loss_scale=256, train_wall=41, gb_free=7.4, wall=77151
2023-03-28 19:10:21 - progress_bar.py[line:272] - INFO: epoch 008:     65 / 1878 loss=4.885, loss_v1=0, loss_v2=0, nll_loss=3.943, ntokens=320, nsentences=64, sample_size=320, sample_size_v1=0, sample_size_v2=0, ppl=15.38, wps=78.6, ups=0.25, wpb=320, bsz=64, num_updates=13190, lr=1.58321e-05, gnorm=3.503, clip=100, loss_scale=256, train_wall=40, gb_free=7.4, wall=77192
2023-03-28 19:11:02 - progress_bar.py[line:272] - INFO: epoch 008:     75 / 1878 loss=4.882, loss_v1=0, loss_v2=0, nll_loss=3.938, ntokens=320, nsentences=64, sample_size=320, sample_size_v1=0, sample_size_v2=0, ppl=15.33, wps=78.4, ups=0.25, wpb=320, bsz=64, num_updates=13200, lr=1.58038e-05, gnorm=3.355, clip=100, loss_scale=256, train_wall=41, gb_free=7.4, wall=77233
2023-03-28 19:11:43 - progress_bar.py[line:272] - INFO: epoch 008:     85 / 1878 loss=4.864, loss_v1=0, loss_v2=0, nll_loss=3.92, ntokens=320, nsentences=64, sample_size=320, sample_size_v1=0, sample_size_v2=0, ppl=15.13, wps=78.6, ups=0.25, wpb=320, bsz=64, num_updates=13210, lr=1.57755e-05, gnorm=3.422, clip=100, loss_scale=256, train_wall=40, gb_free=7.4, wall=77273
2023-03-28 19:12:24 - progress_bar.py[line:272] - INFO: epoch 008:     95 / 1878 loss=4.875, loss_v1=0, loss_v2=0, nll_loss=3.929, ntokens=320, nsentences=64, sample_size=320, sample_size_v1=0, sample_size_v2=0, ppl=15.23, wps=78.3, ups=0.24, wpb=320, bsz=64, num_updates=13220, lr=1.57471e-05, gnorm=3.445, clip=100, loss_scale=512, train_wall=41, gb_free=7.4, wall=77314
2023-03-28 19:13:04 - progress_bar.py[line:272] - INFO: epoch 008:    105 / 1878 loss=4.82, loss_v1=0, loss_v2=0, nll_loss=3.869, ntokens=320, nsentences=64, sample_size=320, sample_size_v1=0, sample_size_v2=0, ppl=14.61, wps=78.3, ups=0.24, wpb=320, bsz=64, num_updates=13230, lr=1.57188e-05, gnorm=3.401, clip=100, loss_scale=512, train_wall=41, gb_free=7.4, wall=77355
2023-03-28 19:13:45 - progress_bar.py[line:272] - INFO: epoch 008:    115 / 1878 loss=4.853, loss_v1=0, loss_v2=0, nll_loss=3.904, ntokens=320, nsentences=64, sample_size=320, sample_size_v1=0, sample_size_v2=0, ppl=14.97, wps=78.2, ups=0.24, wpb=320, bsz=64, num_updates=13240, lr=1.56905e-05, gnorm=3.404, clip=100, loss_scale=512, train_wall=41, gb_free=7.4, wall=77396
2023-03-28 19:14:06 - trainer.py[line:921] - INFO: NOTE: gradient overflow detected, ignoring gradient, setting loss scale to: 256.0
2023-03-28 19:14:30 - progress_bar.py[line:272] - INFO: epoch 008:    126 / 1878 loss=4.865, loss_v1=0, loss_v2=0, nll_loss=3.916, ntokens=320, nsentences=64, sample_size=320, sample_size_v1=0, sample_size_v2=0, ppl=15.09, wps=71.3, ups=0.22, wpb=320, bsz=64, num_updates=13250, lr=1.56622e-05, gnorm=3.439, clip=100, loss_scale=256, train_wall=45, gb_free=7.4, wall=77441
2023-03-28 19:15:12 - progress_bar.py[line:272] - INFO: epoch 008:    136 / 1878 loss=4.902, loss_v1=0, loss_v2=0, nll_loss=3.959, ntokens=320, nsentences=64, sample_size=320, sample_size_v1=0, sample_size_v2=0, ppl=15.55, wps=77.1, ups=0.24, wpb=320, bsz=64, num_updates=13260, lr=1.56339e-05, gnorm=3.362, clip=100, loss_scale=256, train_wall=41, gb_free=7.4, wall=77482
2023-03-28 19:15:53 - progress_bar.py[line:272] - INFO: epoch 008:    146 / 1878 loss=4.869, loss_v1=0, loss_v2=0, nll_loss=3.923, ntokens=320, nsentences=64, sample_size=320, sample_size_v1=0, sample_size_v2=0, ppl=15.16, wps=78, ups=0.24, wpb=320, bsz=64, num_updates=13270, lr=1.56055e-05, gnorm=3.334, clip=100, loss_scale=256, train_wall=41, gb_free=7.4, wall=77523
2023-03-28 19:16:34 - progress_bar.py[line:272] - INFO: epoch 008:    156 / 1878 loss=4.871, loss_v1=0, loss_v2=0, nll_loss=3.927, ntokens=320, nsentences=64, sample_size=320, sample_size_v1=0, sample_size_v2=0, ppl=15.21, wps=78.1, ups=0.24, wpb=320, bsz=64, num_updates=13280, lr=1.55772e-05, gnorm=3.416, clip=100, loss_scale=256, train_wall=41, gb_free=7.4, wall=77564
2023-03-28 19:17:14 - progress_bar.py[line:272] - INFO: epoch 008:    166 / 1878 loss=4.874, loss_v1=0, loss_v2=0, nll_loss=3.932, ntokens=320, nsentences=64, sample_size=320, sample_size_v1=0, sample_size_v2=0, ppl=15.27, wps=78.4, ups=0.25, wpb=320, bsz=64, num_updates=13290, lr=1.55489e-05, gnorm=3.46, clip=100, loss_scale=256, train_wall=41, gb_free=7.4, wall=77605
2023-03-28 19:17:55 - progress_bar.py[line:272] - INFO: epoch 008:    176 / 1878 loss=4.934, loss_v1=0, loss_v2=0, nll_loss=3.995, ntokens=320, nsentences=64, sample_size=320, sample_size_v1=0, sample_size_v2=0, ppl=15.94, wps=78.7, ups=0.25, wpb=320, bsz=64, num_updates=13300, lr=1.55206e-05, gnorm=3.358, clip=100, loss_scale=256, train_wall=40, gb_free=7.4, wall=77646
2023-03-28 19:18:36 - progress_bar.py[line:272] - INFO: epoch 008:    186 / 1878 loss=4.941, loss_v1=0, loss_v2=0, nll_loss=4.003, ntokens=320, nsentences=64, sample_size=320, sample_size_v1=0, sample_size_v2=0, ppl=16.03, wps=78.2, ups=0.24, wpb=320, bsz=64, num_updates=13310, lr=1.54922e-05, gnorm=3.424, clip=100, loss_scale=256, train_wall=41, gb_free=7.4, wall=77687
2023-03-28 19:19:17 - progress_bar.py[line:272] - INFO: epoch 008:    196 / 1878 loss=4.839, loss_v1=0, loss_v2=0, nll_loss=3.89, ntokens=320, nsentences=64, sample_size=320, sample_size_v1=0, sample_size_v2=0, ppl=14.83, wps=78.2, ups=0.24, wpb=320, bsz=64, num_updates=13320, lr=1.54639e-05, gnorm=3.456, clip=100, loss_scale=256, train_wall=41, gb_free=7.4, wall=77728
2023-03-28 19:19:58 - progress_bar.py[line:272] - INFO: epoch 008:    206 / 1878 loss=4.908, loss_v1=0, loss_v2=0, nll_loss=3.967, ntokens=320, nsentences=64, sample_size=320, sample_size_v1=0, sample_size_v2=0, ppl=15.63, wps=78, ups=0.24, wpb=320, bsz=64, num_updates=13330, lr=1.54356e-05, gnorm=3.477, clip=100, loss_scale=256, train_wall=41, gb_free=7.4, wall=77769
2023-03-28 19:20:39 - progress_bar.py[line:272] - INFO: epoch 008:    216 / 1878 loss=4.831, loss_v1=0, loss_v2=0, nll_loss=3.882, ntokens=320, nsentences=64, sample_size=320, sample_size_v1=0, sample_size_v2=0, ppl=14.74, wps=78.4, ups=0.25, wpb=320, bsz=64, num_updates=13340, lr=1.54073e-05, gnorm=3.346, clip=100, loss_scale=256, train_wall=41, gb_free=7.4, wall=77809
2023-03-28 19:21:20 - progress_bar.py[line:272] - INFO: epoch 008:    226 / 1878 loss=4.869, loss_v1=0, loss_v2=0, nll_loss=3.924, ntokens=320, nsentences=64, sample_size=320, sample_size_v1=0, sample_size_v2=0, ppl=15.18, wps=78.2, ups=0.24, wpb=320, bsz=64, num_updates=13350, lr=1.5379e-05, gnorm=3.465, clip=100, loss_scale=256, train_wall=41, gb_free=7.4, wall=77850
2023-03-28 19:22:00 - progress_bar.py[line:272] - INFO: epoch 008:    236 / 1878 loss=4.868, loss_v1=0, loss_v2=0, nll_loss=3.922, ntokens=320, nsentences=64, sample_size=320, sample_size_v1=0, sample_size_v2=0, ppl=15.15, wps=78.8, ups=0.25, wpb=320, bsz=64, num_updates=13360, lr=1.53506e-05, gnorm=3.493, clip=100, loss_scale=256, train_wall=40, gb_free=7.4, wall=77891
2023-03-28 19:22:41 - progress_bar.py[line:272] - INFO: epoch 008:    246 / 1878 loss=4.917, loss_v1=0, loss_v2=0, nll_loss=3.976, ntokens=320, nsentences=64, sample_size=320, sample_size_v1=0, sample_size_v2=0, ppl=15.74, wps=78.3, ups=0.24, wpb=320, bsz=64, num_updates=13370, lr=1.53223e-05, gnorm=3.507, clip=100, loss_scale=256, train_wall=41, gb_free=7.4, wall=77932
2023-03-28 19:23:22 - progress_bar.py[line:272] - INFO: epoch 008:    256 / 1878 loss=4.874, loss_v1=0, loss_v2=0, nll_loss=3.931, ntokens=320, nsentences=64, sample_size=320, sample_size_v1=0, sample_size_v2=0, ppl=15.26, wps=78.4, ups=0.24, wpb=320, bsz=64, num_updates=13380, lr=1.5294e-05, gnorm=3.279, clip=100, loss_scale=256, train_wall=40, gb_free=7.4, wall=77973
2023-03-28 19:24:03 - progress_bar.py[line:272] - INFO: epoch 008:    266 / 1878 loss=4.879, loss_v1=0, loss_v2=0, nll_loss=3.933, ntokens=320, nsentences=64, sample_size=320, sample_size_v1=0, sample_size_v2=0, ppl=15.27, wps=78.3, ups=0.24, wpb=320, bsz=64, num_updates=13390, lr=1.52657e-05, gnorm=3.375, clip=100, loss_scale=256, train_wall=41, gb_free=7.4, wall=78013
2023-03-28 19:24:44 - progress_bar.py[line:272] - INFO: epoch 008:    276 / 1878 loss=4.807, loss_v1=0, loss_v2=0, nll_loss=3.853, ntokens=320, nsentences=64, sample_size=320, sample_size_v1=0, sample_size_v2=0, ppl=14.45, wps=78.6, ups=0.25, wpb=320, bsz=64, num_updates=13400, lr=1.52373e-05, gnorm=3.43, clip=100, loss_scale=256, train_wall=41, gb_free=7.4, wall=78054
2023-03-28 19:25:24 - progress_bar.py[line:272] - INFO: epoch 008:    286 / 1878 loss=4.889, loss_v1=0, loss_v2=0, nll_loss=3.943, ntokens=320, nsentences=64, sample_size=320, sample_size_v1=0, sample_size_v2=0, ppl=15.38, wps=78.6, ups=0.25, wpb=320, bsz=64, num_updates=13410, lr=1.5209e-05, gnorm=3.417, clip=100, loss_scale=256, train_wall=41, gb_free=7.4, wall=78095
2023-03-28 19:26:05 - progress_bar.py[line:272] - INFO: epoch 008:    296 / 1878 loss=4.865, loss_v1=0, loss_v2=0, nll_loss=3.92, ntokens=320, nsentences=64, sample_size=320, sample_size_v1=0, sample_size_v2=0, ppl=15.14, wps=78.4, ups=0.24, wpb=320, bsz=64, num_updates=13420, lr=1.51807e-05, gnorm=3.581, clip=100, loss_scale=256, train_wall=41, gb_free=7.4, wall=78136
2023-03-28 19:26:46 - progress_bar.py[line:272] - INFO: epoch 008:    306 / 1878 loss=4.839, loss_v1=0, loss_v2=0, nll_loss=3.889, ntokens=320, nsentences=64, sample_size=320, sample_size_v1=0, sample_size_v2=0, ppl=14.82, wps=78.3, ups=0.24, wpb=320, bsz=64, num_updates=13430, lr=1.51524e-05, gnorm=3.377, clip=100, loss_scale=256, train_wall=41, gb_free=7.4, wall=78177
2023-03-28 19:27:27 - progress_bar.py[line:272] - INFO: epoch 008:    316 / 1878 loss=4.9, loss_v1=0, loss_v2=0, nll_loss=3.96, ntokens=320, nsentences=64, sample_size=320, sample_size_v1=0, sample_size_v2=0, ppl=15.56, wps=78.2, ups=0.24, wpb=320, bsz=64, num_updates=13440, lr=1.51241e-05, gnorm=3.4, clip=100, loss_scale=256, train_wall=41, gb_free=7.4, wall=78217
2023-03-28 19:28:08 - progress_bar.py[line:272] - INFO: epoch 008:    326 / 1878 loss=4.846, loss_v1=0, loss_v2=0, nll_loss=3.897, ntokens=320, nsentences=64, sample_size=320, sample_size_v1=0, sample_size_v2=0, ppl=14.9, wps=78.6, ups=0.25, wpb=320, bsz=64, num_updates=13450, lr=1.50957e-05, gnorm=3.387, clip=100, loss_scale=256, train_wall=41, gb_free=7.4, wall=78258
2023-03-28 19:28:49 - progress_bar.py[line:272] - INFO: epoch 008:    336 / 1878 loss=4.888, loss_v1=0, loss_v2=0, nll_loss=3.938, ntokens=320, nsentences=64, sample_size=320, sample_size_v1=0, sample_size_v2=0, ppl=15.33, wps=77.9, ups=0.24, wpb=320, bsz=64, num_updates=13460, lr=1.50674e-05, gnorm=3.444, clip=100, loss_scale=256, train_wall=41, gb_free=7.4, wall=78299
2023-03-28 19:29:29 - progress_bar.py[line:272] - INFO: epoch 008:    346 / 1878 loss=4.87, loss_v1=0, loss_v2=0, nll_loss=3.923, ntokens=320, nsentences=64, sample_size=320, sample_size_v1=0, sample_size_v2=0, ppl=15.17, wps=78.6, ups=0.25, wpb=320, bsz=64, num_updates=13470, lr=1.50391e-05, gnorm=3.453, clip=100, loss_scale=256, train_wall=40, gb_free=7.4, wall=78340
2023-03-28 19:30:10 - progress_bar.py[line:272] - INFO: epoch 008:    356 / 1878 loss=4.829, loss_v1=0, loss_v2=0, nll_loss=3.879, ntokens=320, nsentences=64, sample_size=320, sample_size_v1=0, sample_size_v2=0, ppl=14.71, wps=78.4, ups=0.25, wpb=320, bsz=64, num_updates=13480, lr=1.50108e-05, gnorm=3.412, clip=100, loss_scale=256, train_wall=41, gb_free=7.4, wall=78381
2023-03-28 19:30:51 - progress_bar.py[line:272] - INFO: epoch 008:    366 / 1878 loss=4.895, loss_v1=0, loss_v2=0, nll_loss=3.954, ntokens=320, nsentences=64, sample_size=320, sample_size_v1=0, sample_size_v2=0, ppl=15.49, wps=78.5, ups=0.25, wpb=320, bsz=64, num_updates=13490, lr=1.49824e-05, gnorm=3.472, clip=100, loss_scale=256, train_wall=41, gb_free=7.4, wall=78422
2023-03-28 19:31:32 - progress_bar.py[line:272] - INFO: epoch 008:    376 / 1878 loss=4.888, loss_v1=0, loss_v2=0, nll_loss=3.945, ntokens=320, nsentences=64, sample_size=320, sample_size_v1=0, sample_size_v2=0, ppl=15.4, wps=78.2, ups=0.24, wpb=320, bsz=64, num_updates=13500, lr=1.49541e-05, gnorm=3.368, clip=100, loss_scale=256, train_wall=41, gb_free=7.4, wall=78462
2023-03-28 19:31:32 - train.py[line:445] - INFO: begin validation on "valid" subset
slice_id 0 seek offset 0
slice_id 1 seek offset 5379
slice_id 0 seek offset 0
slice_id 1 seek offset 5379
2023-03-28 19:42:52 - progress_bar.py[line:282] - INFO: epoch 008 | valid on 'valid' subset | loss 5.897 | loss_v1 0 | loss_v2 0 | nll_loss 5.055 | ntokens 39.993 | nsentences 7.999 | sample_size 39.993 | sample_size_v1 0 | sample_size_v2 0 | ppl 33.25 | score 0.1163 | wps 79.2 | wpb 40 | bsz 8 | num_updates 13500 | best_score 0.1209
2023-03-28 19:42:52 - checkpoint_utils.py[line:64] - INFO: Preparing to save checkpoint for epoch 8 @ 13500 updates
2023-03-28 19:42:52 - trainer.py[line:431] - INFO: Saving checkpoint to ./refcocoplus_scratch_checkpoints/10_5e-5_512/checkpoint_8_13500.pt
2023-03-28 19:43:10 - trainer.py[line:441] - INFO: Finished saving checkpoint to ./refcocoplus_scratch_checkpoints/10_5e-5_512/checkpoint_8_13500.pt
2023-03-28 19:43:20 - checkpoint_utils.py[line:133] - INFO: Saved checkpoint ./refcocoplus_scratch_checkpoints/10_5e-5_512/checkpoint_8_13500.pt (epoch 8 @ 13500 updates, score 0.1163) (writing took 28.697611258365214 seconds)
2023-03-28 19:44:00 - progress_bar.py[line:272] - INFO: epoch 008:    386 / 1878 loss=4.86, loss_v1=0, loss_v2=0, nll_loss=3.915, ntokens=320, nsentences=64, sample_size=320, sample_size_v1=0, sample_size_v2=0, ppl=15.08, wps=4.3, ups=0.01, wpb=320, bsz=64, num_updates=13510, lr=1.49258e-05, gnorm=3.459, clip=100, loss_scale=256, train_wall=40, gb_free=7.4, wall=79211
2023-03-28 19:44:42 - progress_bar.py[line:272] - INFO: epoch 008:    396 / 1878 loss=4.893, loss_v1=0, loss_v2=0, nll_loss=3.949, ntokens=320, nsentences=64, sample_size=320, sample_size_v1=0, sample_size_v2=0, ppl=15.44, wps=77.7, ups=0.24, wpb=320, bsz=64, num_updates=13520, lr=1.48975e-05, gnorm=3.415, clip=100, loss_scale=256, train_wall=41, gb_free=7.4, wall=79252
2023-03-28 19:45:23 - progress_bar.py[line:272] - INFO: epoch 008:    406 / 1878 loss=4.898, loss_v1=0, loss_v2=0, nll_loss=3.953, ntokens=320, nsentences=64, sample_size=320, sample_size_v1=0, sample_size_v2=0, ppl=15.49, wps=78.2, ups=0.24, wpb=320, bsz=64, num_updates=13530, lr=1.48692e-05, gnorm=3.504, clip=100, loss_scale=256, train_wall=41, gb_free=7.4, wall=79293
2023-03-28 19:46:03 - progress_bar.py[line:272] - INFO: epoch 008:    416 / 1878 loss=4.83, loss_v1=0, loss_v2=0, nll_loss=3.879, ntokens=320, nsentences=64, sample_size=320, sample_size_v1=0, sample_size_v2=0, ppl=14.71, wps=78.6, ups=0.25, wpb=320, bsz=64, num_updates=13540, lr=1.48408e-05, gnorm=3.48, clip=100, loss_scale=256, train_wall=40, gb_free=7.4, wall=79334
2023-03-28 19:46:44 - progress_bar.py[line:272] - INFO: epoch 008:    426 / 1878 loss=4.844, loss_v1=0, loss_v2=0, nll_loss=3.896, ntokens=320, nsentences=64, sample_size=320, sample_size_v1=0, sample_size_v2=0, ppl=14.89, wps=78.4, ups=0.25, wpb=320, bsz=64, num_updates=13550, lr=1.48125e-05, gnorm=3.34, clip=100, loss_scale=256, train_wall=41, gb_free=7.4, wall=79375
2023-03-28 19:47:25 - progress_bar.py[line:272] - INFO: epoch 008:    436 / 1878 loss=4.847, loss_v1=0, loss_v2=0, nll_loss=3.896, ntokens=320, nsentences=64, sample_size=320, sample_size_v1=0, sample_size_v2=0, ppl=14.89, wps=78.8, ups=0.25, wpb=320, bsz=64, num_updates=13560, lr=1.47842e-05, gnorm=3.402, clip=100, loss_scale=256, train_wall=40, gb_free=7.4, wall=79415
2023-03-28 19:48:05 - progress_bar.py[line:272] - INFO: epoch 008:    446 / 1878 loss=4.861, loss_v1=0, loss_v2=0, nll_loss=3.912, ntokens=320, nsentences=64, sample_size=320, sample_size_v1=0, sample_size_v2=0, ppl=15.06, wps=78.6, ups=0.25, wpb=320, bsz=64, num_updates=13570, lr=1.47559e-05, gnorm=3.388, clip=100, loss_scale=256, train_wall=40, gb_free=7.4, wall=79456
2023-03-28 19:48:46 - progress_bar.py[line:272] - INFO: epoch 008:    456 / 1878 loss=4.863, loss_v1=0, loss_v2=0, nll_loss=3.917, ntokens=320, nsentences=64, sample_size=320, sample_size_v1=0, sample_size_v2=0, ppl=15.11, wps=78.7, ups=0.25, wpb=320, bsz=64, num_updates=13580, lr=1.47275e-05, gnorm=3.541, clip=100, loss_scale=256, train_wall=40, gb_free=7.4, wall=79497
2023-03-28 19:49:27 - progress_bar.py[line:272] - INFO: epoch 008:    466 / 1878 loss=4.869, loss_v1=0, loss_v2=0, nll_loss=3.925, ntokens=320, nsentences=64, sample_size=320, sample_size_v1=0, sample_size_v2=0, ppl=15.19, wps=78.3, ups=0.24, wpb=320, bsz=64, num_updates=13590, lr=1.46992e-05, gnorm=3.394, clip=100, loss_scale=256, train_wall=41, gb_free=7.4, wall=79538
2023-03-28 19:50:08 - progress_bar.py[line:272] - INFO: epoch 008:    476 / 1878 loss=4.892, loss_v1=0, loss_v2=0, nll_loss=3.951, ntokens=320, nsentences=64, sample_size=320, sample_size_v1=0, sample_size_v2=0, ppl=15.47, wps=78.6, ups=0.25, wpb=320, bsz=64, num_updates=13600, lr=1.46709e-05, gnorm=3.475, clip=100, loss_scale=256, train_wall=41, gb_free=7.4, wall=79578
2023-03-28 19:50:49 - progress_bar.py[line:272] - INFO: epoch 008:    486 / 1878 loss=4.853, loss_v1=0, loss_v2=0, nll_loss=3.903, ntokens=320, nsentences=64, sample_size=320, sample_size_v1=0, sample_size_v2=0, ppl=14.96, wps=78.3, ups=0.24, wpb=320, bsz=64, num_updates=13610, lr=1.46426e-05, gnorm=3.39, clip=100, loss_scale=256, train_wall=41, gb_free=7.4, wall=79619
2023-03-28 19:51:29 - progress_bar.py[line:272] - INFO: epoch 008:    496 / 1878 loss=4.813, loss_v1=0, loss_v2=0, nll_loss=3.86, ntokens=320, nsentences=64, sample_size=320, sample_size_v1=0, sample_size_v2=0, ppl=14.52, wps=78.2, ups=0.24, wpb=320, bsz=64, num_updates=13620, lr=1.46143e-05, gnorm=3.439, clip=100, loss_scale=256, train_wall=41, gb_free=7.4, wall=79660
2023-03-28 19:52:10 - progress_bar.py[line:272] - INFO: epoch 008:    506 / 1878 loss=4.867, loss_v1=0, loss_v2=0, nll_loss=3.921, ntokens=320, nsentences=64, sample_size=320, sample_size_v1=0, sample_size_v2=0, ppl=15.14, wps=78.5, ups=0.25, wpb=320, bsz=64, num_updates=13630, lr=1.45859e-05, gnorm=3.416, clip=100, loss_scale=256, train_wall=40, gb_free=7.4, wall=79701
2023-03-28 19:52:51 - progress_bar.py[line:272] - INFO: epoch 008:    516 / 1878 loss=4.872, loss_v1=0, loss_v2=0, nll_loss=3.927, ntokens=320, nsentences=64, sample_size=320, sample_size_v1=0, sample_size_v2=0, ppl=15.21, wps=78.4, ups=0.25, wpb=320, bsz=64, num_updates=13640, lr=1.45576e-05, gnorm=3.398, clip=100, loss_scale=256, train_wall=41, gb_free=7.4, wall=79742
2023-03-28 19:53:32 - progress_bar.py[line:272] - INFO: epoch 008:    526 / 1878 loss=4.889, loss_v1=0, loss_v2=0, nll_loss=3.947, ntokens=320, nsentences=64, sample_size=320, sample_size_v1=0, sample_size_v2=0, ppl=15.42, wps=78.4, ups=0.24, wpb=320, bsz=64, num_updates=13650, lr=1.45293e-05, gnorm=3.425, clip=100, loss_scale=256, train_wall=41, gb_free=7.4, wall=79782
2023-03-28 19:54:13 - progress_bar.py[line:272] - INFO: epoch 008:    536 / 1878 loss=4.847, loss_v1=0, loss_v2=0, nll_loss=3.899, ntokens=319.5, nsentences=63.9, sample_size=319.5, sample_size_v1=0, sample_size_v2=0, ppl=14.92, wps=78.2, ups=0.24, wpb=319.5, bsz=63.9, num_updates=13660, lr=1.4501e-05, gnorm=3.383, clip=100, loss_scale=256, train_wall=41, gb_free=7.4, wall=79823
2023-03-28 19:54:53 - progress_bar.py[line:272] - INFO: epoch 008:    546 / 1878 loss=4.855, loss_v1=0, loss_v2=0, nll_loss=3.911, ntokens=320, nsentences=64, sample_size=320, sample_size_v1=0, sample_size_v2=0, ppl=15.04, wps=78.5, ups=0.25, wpb=320, bsz=64, num_updates=13670, lr=1.44726e-05, gnorm=3.375, clip=100, loss_scale=256, train_wall=41, gb_free=7.4, wall=79864
2023-03-28 19:55:34 - progress_bar.py[line:272] - INFO: epoch 008:    556 / 1878 loss=4.817, loss_v1=0, loss_v2=0, nll_loss=3.867, ntokens=320, nsentences=64, sample_size=320, sample_size_v1=0, sample_size_v2=0, ppl=14.59, wps=78.6, ups=0.25, wpb=320, bsz=64, num_updates=13680, lr=1.44443e-05, gnorm=3.405, clip=100, loss_scale=256, train_wall=40, gb_free=7.4, wall=79905
2023-03-28 19:56:15 - progress_bar.py[line:272] - INFO: epoch 008:    566 / 1878 loss=4.795, loss_v1=0, loss_v2=0, nll_loss=3.839, ntokens=320, nsentences=64, sample_size=320, sample_size_v1=0, sample_size_v2=0, ppl=14.32, wps=78.4, ups=0.24, wpb=320, bsz=64, num_updates=13690, lr=1.4416e-05, gnorm=3.389, clip=100, loss_scale=256, train_wall=41, gb_free=7.4, wall=79946
2023-03-28 19:56:56 - progress_bar.py[line:272] - INFO: epoch 008:    576 / 1878 loss=4.837, loss_v1=0, loss_v2=0, nll_loss=3.888, ntokens=320, nsentences=64, sample_size=320, sample_size_v1=0, sample_size_v2=0, ppl=14.81, wps=77.8, ups=0.24, wpb=320, bsz=64, num_updates=13700, lr=1.43877e-05, gnorm=3.373, clip=100, loss_scale=256, train_wall=41, gb_free=7.4, wall=79987
2023-03-28 19:57:37 - progress_bar.py[line:272] - INFO: epoch 008:    586 / 1878 loss=4.86, loss_v1=0, loss_v2=0, nll_loss=3.912, ntokens=320, nsentences=64, sample_size=320, sample_size_v1=0, sample_size_v2=0, ppl=15.05, wps=78, ups=0.24, wpb=320, bsz=64, num_updates=13710, lr=1.43594e-05, gnorm=3.347, clip=100, loss_scale=256, train_wall=41, gb_free=7.4, wall=80028
2023-03-28 19:58:18 - progress_bar.py[line:272] - INFO: epoch 008:    596 / 1878 loss=4.85, loss_v1=0, loss_v2=0, nll_loss=3.901, ntokens=320, nsentences=64, sample_size=320, sample_size_v1=0, sample_size_v2=0, ppl=14.93, wps=78.1, ups=0.24, wpb=320, bsz=64, num_updates=13720, lr=1.4331e-05, gnorm=3.425, clip=100, loss_scale=256, train_wall=41, gb_free=7.4, wall=80069
2023-03-28 19:58:59 - progress_bar.py[line:272] - INFO: epoch 008:    606 / 1878 loss=4.856, loss_v1=0, loss_v2=0, nll_loss=3.907, ntokens=320, nsentences=64, sample_size=320, sample_size_v1=0, sample_size_v2=0, ppl=15, wps=78.2, ups=0.24, wpb=320, bsz=64, num_updates=13730, lr=1.43027e-05, gnorm=3.482, clip=100, loss_scale=256, train_wall=41, gb_free=7.4, wall=80110
2023-03-28 19:59:40 - progress_bar.py[line:272] - INFO: epoch 008:    616 / 1878 loss=4.859, loss_v1=0, loss_v2=0, nll_loss=3.912, ntokens=320, nsentences=64, sample_size=320, sample_size_v1=0, sample_size_v2=0, ppl=15.05, wps=78, ups=0.24, wpb=320, bsz=64, num_updates=13740, lr=1.42744e-05, gnorm=3.487, clip=100, loss_scale=256, train_wall=41, gb_free=7.4, wall=80151
2023-03-28 20:00:21 - progress_bar.py[line:272] - INFO: epoch 008:    626 / 1878 loss=4.885, loss_v1=0, loss_v2=0, nll_loss=3.944, ntokens=320, nsentences=64, sample_size=320, sample_size_v1=0, sample_size_v2=0, ppl=15.39, wps=78.3, ups=0.24, wpb=320, bsz=64, num_updates=13750, lr=1.42461e-05, gnorm=3.479, clip=100, loss_scale=256, train_wall=41, gb_free=7.4, wall=80192
2023-03-28 20:01:02 - progress_bar.py[line:272] - INFO: epoch 008:    636 / 1878 loss=4.885, loss_v1=0, loss_v2=0, nll_loss=3.942, ntokens=320, nsentences=64, sample_size=320, sample_size_v1=0, sample_size_v2=0, ppl=15.37, wps=78.7, ups=0.25, wpb=320, bsz=64, num_updates=13760, lr=1.42177e-05, gnorm=3.476, clip=100, loss_scale=512, train_wall=40, gb_free=7.4, wall=80232
2023-03-28 20:01:42 - progress_bar.py[line:272] - INFO: epoch 008:    646 / 1878 loss=4.846, loss_v1=0, loss_v2=0, nll_loss=3.895, ntokens=320, nsentences=64, sample_size=320, sample_size_v1=0, sample_size_v2=0, ppl=14.87, wps=78.6, ups=0.25, wpb=320, bsz=64, num_updates=13770, lr=1.41894e-05, gnorm=3.426, clip=100, loss_scale=512, train_wall=40, gb_free=7.4, wall=80273
2023-03-28 20:02:23 - progress_bar.py[line:272] - INFO: epoch 008:    656 / 1878 loss=4.877, loss_v1=0, loss_v2=0, nll_loss=3.931, ntokens=320, nsentences=64, sample_size=320, sample_size_v1=0, sample_size_v2=0, ppl=15.25, wps=78.1, ups=0.24, wpb=320, bsz=64, num_updates=13780, lr=1.41611e-05, gnorm=3.324, clip=100, loss_scale=512, train_wall=41, gb_free=7.4, wall=80314
2023-03-28 20:03:04 - progress_bar.py[line:272] - INFO: epoch 008:    666 / 1878 loss=4.862, loss_v1=0, loss_v2=0, nll_loss=3.914, ntokens=320, nsentences=64, sample_size=320, sample_size_v1=0, sample_size_v2=0, ppl=15.08, wps=78.5, ups=0.25, wpb=320, bsz=64, num_updates=13790, lr=1.41328e-05, gnorm=3.389, clip=100, loss_scale=512, train_wall=40, gb_free=7.4, wall=80355
2023-03-28 20:03:45 - progress_bar.py[line:272] - INFO: epoch 008:    676 / 1878 loss=4.82, loss_v1=0, loss_v2=0, nll_loss=3.867, ntokens=320, nsentences=64, sample_size=320, sample_size_v1=0, sample_size_v2=0, ppl=14.59, wps=78.7, ups=0.25, wpb=320, bsz=64, num_updates=13800, lr=1.41045e-05, gnorm=3.415, clip=100, loss_scale=512, train_wall=40, gb_free=7.4, wall=80395
2023-03-28 20:04:26 - progress_bar.py[line:272] - INFO: epoch 008:    686 / 1878 loss=4.88, loss_v1=0, loss_v2=0, nll_loss=3.936, ntokens=320, nsentences=64, sample_size=320, sample_size_v1=0, sample_size_v2=0, ppl=15.31, wps=78.4, ups=0.24, wpb=320, bsz=64, num_updates=13810, lr=1.40761e-05, gnorm=3.416, clip=100, loss_scale=512, train_wall=41, gb_free=7.4, wall=80436
2023-03-28 20:05:06 - progress_bar.py[line:272] - INFO: epoch 008:    696 / 1878 loss=4.836, loss_v1=0, loss_v2=0, nll_loss=3.89, ntokens=320, nsentences=64, sample_size=320, sample_size_v1=0, sample_size_v2=0, ppl=14.83, wps=78.4, ups=0.24, wpb=320, bsz=64, num_updates=13820, lr=1.40478e-05, gnorm=3.355, clip=100, loss_scale=512, train_wall=41, gb_free=7.4, wall=80477
2023-03-28 20:05:47 - progress_bar.py[line:272] - INFO: epoch 008:    706 / 1878 loss=4.867, loss_v1=0, loss_v2=0, nll_loss=3.924, ntokens=320, nsentences=64, sample_size=320, sample_size_v1=0, sample_size_v2=0, ppl=15.18, wps=78.3, ups=0.24, wpb=320, bsz=64, num_updates=13830, lr=1.40195e-05, gnorm=3.4, clip=100, loss_scale=512, train_wall=41, gb_free=7.4, wall=80518
2023-03-28 20:06:28 - progress_bar.py[line:272] - INFO: epoch 008:    716 / 1878 loss=4.782, loss_v1=0, loss_v2=0, nll_loss=3.824, ntokens=320, nsentences=64, sample_size=320, sample_size_v1=0, sample_size_v2=0, ppl=14.17, wps=78.4, ups=0.25, wpb=320, bsz=64, num_updates=13840, lr=1.39912e-05, gnorm=3.412, clip=100, loss_scale=512, train_wall=40, gb_free=7.4, wall=80559
2023-03-28 20:07:09 - progress_bar.py[line:272] - INFO: epoch 008:    726 / 1878 loss=4.832, loss_v1=0, loss_v2=0, nll_loss=3.875, ntokens=320, nsentences=64, sample_size=320, sample_size_v1=0, sample_size_v2=0, ppl=14.67, wps=78.2, ups=0.24, wpb=320, bsz=64, num_updates=13850, lr=1.39628e-05, gnorm=3.38, clip=100, loss_scale=512, train_wall=41, gb_free=7.4, wall=80600
2023-03-28 20:07:50 - progress_bar.py[line:272] - INFO: epoch 008:    736 / 1878 loss=4.825, loss_v1=0, loss_v2=0, nll_loss=3.873, ntokens=320, nsentences=64, sample_size=320, sample_size_v1=0, sample_size_v2=0, ppl=14.65, wps=78.7, ups=0.25, wpb=320, bsz=64, num_updates=13860, lr=1.39345e-05, gnorm=3.2, clip=100, loss_scale=512, train_wall=40, gb_free=7.4, wall=80640
2023-03-28 20:08:30 - progress_bar.py[line:272] - INFO: epoch 008:    746 / 1878 loss=4.805, loss_v1=0, loss_v2=0, nll_loss=3.854, ntokens=320, nsentences=64, sample_size=320, sample_size_v1=0, sample_size_v2=0, ppl=14.46, wps=78.8, ups=0.25, wpb=320, bsz=64, num_updates=13870, lr=1.39062e-05, gnorm=3.344, clip=100, loss_scale=512, train_wall=40, gb_free=7.4, wall=80681
2023-03-28 20:08:34 - trainer.py[line:921] - INFO: NOTE: gradient overflow detected, ignoring gradient, setting loss scale to: 256.0
2023-03-28 20:09:15 - progress_bar.py[line:272] - INFO: epoch 008:    757 / 1878 loss=4.792, loss_v1=0, loss_v2=0, nll_loss=3.839, ntokens=320, nsentences=64, sample_size=320, sample_size_v1=0, sample_size_v2=0, ppl=14.31, wps=71.7, ups=0.22, wpb=320, bsz=64, num_updates=13880, lr=1.38779e-05, gnorm=3.296, clip=100, loss_scale=256, train_wall=44, gb_free=7.4, wall=80725
2023-03-28 20:09:56 - progress_bar.py[line:272] - INFO: epoch 008:    767 / 1878 loss=4.839, loss_v1=0, loss_v2=0, nll_loss=3.889, ntokens=320, nsentences=64, sample_size=320, sample_size_v1=0, sample_size_v2=0, ppl=14.82, wps=78.7, ups=0.25, wpb=320, bsz=64, num_updates=13890, lr=1.38496e-05, gnorm=3.217, clip=100, loss_scale=256, train_wall=40, gb_free=7.4, wall=80766
2023-03-28 20:10:28 - trainer.py[line:921] - INFO: NOTE: gradient overflow detected, ignoring gradient, setting loss scale to: 128.0
2023-03-28 20:10:41 - progress_bar.py[line:272] - INFO: epoch 008:    778 / 1878 loss=4.81, loss_v1=0, loss_v2=0, nll_loss=3.86, ntokens=320, nsentences=64, sample_size=320, sample_size_v1=0, sample_size_v2=0, ppl=14.52, wps=70.5, ups=0.22, wpb=320, bsz=64, num_updates=13900, lr=1.38212e-05, gnorm=3.212, clip=100, loss_scale=128, train_wall=45, gb_free=7.4, wall=80812
2023-03-28 20:11:22 - progress_bar.py[line:272] - INFO: epoch 008:    788 / 1878 loss=4.803, loss_v1=0, loss_v2=0, nll_loss=3.85, ntokens=320, nsentences=64, sample_size=320, sample_size_v1=0, sample_size_v2=0, ppl=14.42, wps=78.5, ups=0.25, wpb=320, bsz=64, num_updates=13910, lr=1.37929e-05, gnorm=3.252, clip=100, loss_scale=128, train_wall=41, gb_free=7.4, wall=80852
2023-03-28 20:12:02 - progress_bar.py[line:272] - INFO: epoch 008:    798 / 1878 loss=4.753, loss_v1=0, loss_v2=0, nll_loss=3.792, ntokens=320, nsentences=64, sample_size=320, sample_size_v1=0, sample_size_v2=0, ppl=13.85, wps=78.8, ups=0.25, wpb=320, bsz=64, num_updates=13920, lr=1.37646e-05, gnorm=3.202, clip=100, loss_scale=128, train_wall=40, gb_free=7.4, wall=80893
2023-03-28 20:12:43 - progress_bar.py[line:272] - INFO: epoch 008:    808 / 1878 loss=4.806, loss_v1=0, loss_v2=0, nll_loss=3.853, ntokens=320, nsentences=64, sample_size=320, sample_size_v1=0, sample_size_v2=0, ppl=14.45, wps=78.8, ups=0.25, wpb=320, bsz=64, num_updates=13930, lr=1.37363e-05, gnorm=3.308, clip=100, loss_scale=128, train_wall=40, gb_free=7.4, wall=80934
2023-03-28 20:13:24 - progress_bar.py[line:272] - INFO: epoch 008:    818 / 1878 loss=4.846, loss_v1=0, loss_v2=0, nll_loss=3.896, ntokens=320, nsentences=64, sample_size=320, sample_size_v1=0, sample_size_v2=0, ppl=14.89, wps=78.3, ups=0.24, wpb=320, bsz=64, num_updates=13940, lr=1.37079e-05, gnorm=3.28, clip=100, loss_scale=128, train_wall=41, gb_free=7.4, wall=80974
2023-03-28 20:14:05 - progress_bar.py[line:272] - INFO: epoch 008:    828 / 1878 loss=4.826, loss_v1=0, loss_v2=0, nll_loss=3.877, ntokens=320, nsentences=64, sample_size=320, sample_size_v1=0, sample_size_v2=0, ppl=14.69, wps=78.2, ups=0.24, wpb=320, bsz=64, num_updates=13950, lr=1.36796e-05, gnorm=3.293, clip=100, loss_scale=128, train_wall=41, gb_free=7.4, wall=81015
2023-03-28 20:14:46 - progress_bar.py[line:272] - INFO: epoch 008:    838 / 1878 loss=4.791, loss_v1=0, loss_v2=0, nll_loss=3.837, ntokens=320, nsentences=64, sample_size=320, sample_size_v1=0, sample_size_v2=0, ppl=14.29, wps=78.5, ups=0.25, wpb=320, bsz=64, num_updates=13960, lr=1.36513e-05, gnorm=3.257, clip=100, loss_scale=128, train_wall=41, gb_free=7.4, wall=81056
2023-03-28 20:15:26 - progress_bar.py[line:272] - INFO: epoch 008:    848 / 1878 loss=4.782, loss_v1=0, loss_v2=0, nll_loss=3.824, ntokens=320, nsentences=64, sample_size=320, sample_size_v1=0, sample_size_v2=0, ppl=14.16, wps=78.5, ups=0.25, wpb=320, bsz=64, num_updates=13970, lr=1.3623e-05, gnorm=3.296, clip=100, loss_scale=128, train_wall=41, gb_free=7.4, wall=81097
2023-03-28 20:16:07 - progress_bar.py[line:272] - INFO: epoch 008:    858 / 1878 loss=4.807, loss_v1=0, loss_v2=0, nll_loss=3.851, ntokens=320, nsentences=64, sample_size=320, sample_size_v1=0, sample_size_v2=0, ppl=14.43, wps=78.6, ups=0.25, wpb=320, bsz=64, num_updates=13980, lr=1.35947e-05, gnorm=3.364, clip=100, loss_scale=128, train_wall=40, gb_free=7.4, wall=81138
2023-03-28 20:16:47 - progress_bar.py[line:272] - INFO: epoch 008:    868 / 1878 loss=4.813, loss_v1=0, loss_v2=0, nll_loss=3.859, ntokens=320, nsentences=64, sample_size=320, sample_size_v1=0, sample_size_v2=0, ppl=14.51, wps=79.1, ups=0.25, wpb=320, bsz=64, num_updates=13990, lr=1.35663e-05, gnorm=3.308, clip=100, loss_scale=128, train_wall=40, gb_free=7.4, wall=81178
2023-03-28 20:17:28 - progress_bar.py[line:272] - INFO: epoch 008:    878 / 1878 loss=4.822, loss_v1=0, loss_v2=0, nll_loss=3.872, ntokens=320, nsentences=64, sample_size=320, sample_size_v1=0, sample_size_v2=0, ppl=14.64, wps=78.6, ups=0.25, wpb=320, bsz=64, num_updates=14000, lr=1.3538e-05, gnorm=3.208, clip=100, loss_scale=128, train_wall=40, gb_free=7.4, wall=81219
2023-03-28 20:17:28 - train.py[line:445] - INFO: begin validation on "valid" subset
slice_id 0 seek offset 0
slice_id 1 seek offset 5379
slice_id 0 seek offset 0
slice_id 1 seek offset 5379
2023-03-28 20:28:48 - progress_bar.py[line:282] - INFO: epoch 008 | valid on 'valid' subset | loss 5.916 | loss_v1 0 | loss_v2 0 | nll_loss 5.075 | ntokens 39.993 | nsentences 7.999 | sample_size 39.993 | sample_size_v1 0 | sample_size_v2 0 | ppl 33.7 | score 0.1245 | wps 79.2 | wpb 40 | bsz 8 | num_updates 14000 | best_score 0.1245
2023-03-28 20:28:48 - checkpoint_utils.py[line:64] - INFO: Preparing to save checkpoint for epoch 8 @ 14000 updates
2023-03-28 20:28:48 - trainer.py[line:431] - INFO: Saving checkpoint to ./refcocoplus_scratch_checkpoints/10_5e-5_512/checkpoint_8_14000.pt
2023-03-28 20:29:06 - trainer.py[line:441] - INFO: Finished saving checkpoint to ./refcocoplus_scratch_checkpoints/10_5e-5_512/checkpoint_8_14000.pt
2023-03-28 20:29:37 - checkpoint_utils.py[line:133] - INFO: Saved checkpoint ./refcocoplus_scratch_checkpoints/10_5e-5_512/checkpoint_8_14000.pt (epoch 8 @ 14000 updates, score 0.1245) (writing took 48.675415142439306 seconds)
2023-03-28 20:30:17 - progress_bar.py[line:272] - INFO: epoch 008:    888 / 1878 loss=4.842, loss_v1=0, loss_v2=0, nll_loss=3.894, ntokens=320, nsentences=64, sample_size=320, sample_size_v1=0, sample_size_v2=0, ppl=14.87, wps=4.2, ups=0.01, wpb=320, bsz=64, num_updates=14010, lr=1.35097e-05, gnorm=3.439, clip=100, loss_scale=128, train_wall=40, gb_free=7.4, wall=81988
2023-03-28 20:30:58 - progress_bar.py[line:272] - INFO: epoch 008:    898 / 1878 loss=4.781, loss_v1=0, loss_v2=0, nll_loss=3.826, ntokens=320, nsentences=64, sample_size=320, sample_size_v1=0, sample_size_v2=0, ppl=14.19, wps=78.1, ups=0.24, wpb=320, bsz=64, num_updates=14020, lr=1.34814e-05, gnorm=3.232, clip=100, loss_scale=128, train_wall=41, gb_free=7.4, wall=82029
2023-03-28 20:31:39 - progress_bar.py[line:272] - INFO: epoch 008:    908 / 1878 loss=4.785, loss_v1=0, loss_v2=0, nll_loss=3.829, ntokens=320, nsentences=64, sample_size=320, sample_size_v1=0, sample_size_v2=0, ppl=14.21, wps=78.4, ups=0.25, wpb=320, bsz=64, num_updates=14030, lr=1.3453e-05, gnorm=3.438, clip=100, loss_scale=128, train_wall=41, gb_free=7.4, wall=82069
2023-03-28 20:32:20 - progress_bar.py[line:272] - INFO: epoch 008:    918 / 1878 loss=4.764, loss_v1=0, loss_v2=0, nll_loss=3.806, ntokens=320, nsentences=64, sample_size=320, sample_size_v1=0, sample_size_v2=0, ppl=13.98, wps=78.6, ups=0.25, wpb=320, bsz=64, num_updates=14040, lr=1.34247e-05, gnorm=3.31, clip=100, loss_scale=128, train_wall=40, gb_free=7.4, wall=82110
2023-03-28 20:33:00 - progress_bar.py[line:272] - INFO: epoch 008:    928 / 1878 loss=4.801, loss_v1=0, loss_v2=0, nll_loss=3.847, ntokens=320, nsentences=64, sample_size=320, sample_size_v1=0, sample_size_v2=0, ppl=14.39, wps=78.3, ups=0.24, wpb=320, bsz=64, num_updates=14050, lr=1.33964e-05, gnorm=3.384, clip=100, loss_scale=128, train_wall=41, gb_free=7.4, wall=82151
2023-03-28 20:33:41 - progress_bar.py[line:272] - INFO: epoch 008:    938 / 1878 loss=4.77, loss_v1=0, loss_v2=0, nll_loss=3.812, ntokens=320, nsentences=64, sample_size=320, sample_size_v1=0, sample_size_v2=0, ppl=14.05, wps=78.3, ups=0.24, wpb=320, bsz=64, num_updates=14060, lr=1.33681e-05, gnorm=3.348, clip=100, loss_scale=128, train_wall=41, gb_free=7.4, wall=82192
2023-03-28 20:34:22 - progress_bar.py[line:272] - INFO: epoch 008:    948 / 1878 loss=4.779, loss_v1=0, loss_v2=0, nll_loss=3.823, ntokens=320, nsentences=64, sample_size=320, sample_size_v1=0, sample_size_v2=0, ppl=14.15, wps=78.4, ups=0.25, wpb=320, bsz=64, num_updates=14070, lr=1.33398e-05, gnorm=3.325, clip=100, loss_scale=128, train_wall=41, gb_free=7.4, wall=82233
2023-03-28 20:35:03 - progress_bar.py[line:272] - INFO: epoch 008:    958 / 1878 loss=4.801, loss_v1=0, loss_v2=0, nll_loss=3.847, ntokens=320, nsentences=64, sample_size=320, sample_size_v1=0, sample_size_v2=0, ppl=14.39, wps=78.7, ups=0.25, wpb=320, bsz=64, num_updates=14080, lr=1.33114e-05, gnorm=3.365, clip=100, loss_scale=128, train_wall=40, gb_free=7.4, wall=82273
2023-03-28 20:35:44 - progress_bar.py[line:272] - INFO: epoch 008:    968 / 1878 loss=4.796, loss_v1=0, loss_v2=0, nll_loss=3.839, ntokens=320, nsentences=64, sample_size=320, sample_size_v1=0, sample_size_v2=0, ppl=14.31, wps=78.2, ups=0.24, wpb=320, bsz=64, num_updates=14090, lr=1.32831e-05, gnorm=3.428, clip=100, loss_scale=128, train_wall=41, gb_free=7.4, wall=82314
2023-03-28 20:36:25 - progress_bar.py[line:272] - INFO: epoch 008:    978 / 1878 loss=4.804, loss_v1=0, loss_v2=0, nll_loss=3.848, ntokens=320, nsentences=64, sample_size=320, sample_size_v1=0, sample_size_v2=0, ppl=14.4, wps=78.2, ups=0.24, wpb=320, bsz=64, num_updates=14100, lr=1.32548e-05, gnorm=3.305, clip=100, loss_scale=128, train_wall=41, gb_free=7.4, wall=82355
2023-03-28 20:37:06 - progress_bar.py[line:272] - INFO: epoch 008:    988 / 1878 loss=4.768, loss_v1=0, loss_v2=0, nll_loss=3.811, ntokens=320, nsentences=64, sample_size=320, sample_size_v1=0, sample_size_v2=0, ppl=14.03, wps=78.2, ups=0.24, wpb=320, bsz=64, num_updates=14110, lr=1.32265e-05, gnorm=3.231, clip=100, loss_scale=128, train_wall=41, gb_free=7.4, wall=82396
2023-03-28 20:37:47 - progress_bar.py[line:272] - INFO: epoch 008:    998 / 1878 loss=4.837, loss_v1=0, loss_v2=0, nll_loss=3.891, ntokens=320, nsentences=64, sample_size=320, sample_size_v1=0, sample_size_v2=0, ppl=14.84, wps=78.1, ups=0.24, wpb=320, bsz=64, num_updates=14120, lr=1.31981e-05, gnorm=3.236, clip=100, loss_scale=128, train_wall=41, gb_free=7.4, wall=82437
2023-03-28 20:38:27 - progress_bar.py[line:272] - INFO: epoch 008:   1008 / 1878 loss=4.844, loss_v1=0, loss_v2=0, nll_loss=3.895, ntokens=320, nsentences=64, sample_size=320, sample_size_v1=0, sample_size_v2=0, ppl=14.88, wps=78.3, ups=0.24, wpb=320, bsz=64, num_updates=14130, lr=1.31698e-05, gnorm=3.366, clip=100, loss_scale=128, train_wall=41, gb_free=7.4, wall=82478
2023-03-28 20:39:08 - progress_bar.py[line:272] - INFO: epoch 008:   1018 / 1878 loss=4.771, loss_v1=0, loss_v2=0, nll_loss=3.813, ntokens=320, nsentences=64, sample_size=320, sample_size_v1=0, sample_size_v2=0, ppl=14.06, wps=78.4, ups=0.25, wpb=320, bsz=64, num_updates=14140, lr=1.31415e-05, gnorm=3.415, clip=100, loss_scale=128, train_wall=40, gb_free=7.4, wall=82519
2023-03-28 20:39:49 - progress_bar.py[line:272] - INFO: epoch 008:   1028 / 1878 loss=4.831, loss_v1=0, loss_v2=0, nll_loss=3.879, ntokens=320, nsentences=64, sample_size=320, sample_size_v1=0, sample_size_v2=0, ppl=14.71, wps=78, ups=0.24, wpb=320, bsz=64, num_updates=14150, lr=1.31132e-05, gnorm=3.264, clip=100, loss_scale=128, train_wall=41, gb_free=7.4, wall=82560
2023-03-28 20:40:30 - progress_bar.py[line:272] - INFO: epoch 008:   1038 / 1878 loss=4.796, loss_v1=0, loss_v2=0, nll_loss=3.84, ntokens=320, nsentences=64, sample_size=320, sample_size_v1=0, sample_size_v2=0, ppl=14.32, wps=77.7, ups=0.24, wpb=320, bsz=64, num_updates=14160, lr=1.30849e-05, gnorm=3.28, clip=100, loss_scale=128, train_wall=41, gb_free=7.4, wall=82601
2023-03-28 20:41:11 - progress_bar.py[line:272] - INFO: epoch 008:   1048 / 1878 loss=4.802, loss_v1=0, loss_v2=0, nll_loss=3.85, ntokens=320, nsentences=64, sample_size=320, sample_size_v1=0, sample_size_v2=0, ppl=14.42, wps=78.3, ups=0.24, wpb=320, bsz=64, num_updates=14170, lr=1.30565e-05, gnorm=3.305, clip=100, loss_scale=128, train_wall=41, gb_free=7.4, wall=82642
2023-03-28 20:41:52 - progress_bar.py[line:272] - INFO: epoch 008:   1058 / 1878 loss=4.809, loss_v1=0, loss_v2=0, nll_loss=3.855, ntokens=320, nsentences=64, sample_size=320, sample_size_v1=0, sample_size_v2=0, ppl=14.47, wps=78.5, ups=0.25, wpb=320, bsz=64, num_updates=14180, lr=1.30282e-05, gnorm=3.31, clip=100, loss_scale=128, train_wall=41, gb_free=7.4, wall=82683
2023-03-28 20:42:33 - progress_bar.py[line:272] - INFO: epoch 008:   1068 / 1878 loss=4.791, loss_v1=0, loss_v2=0, nll_loss=3.836, ntokens=320, nsentences=64, sample_size=320, sample_size_v1=0, sample_size_v2=0, ppl=14.29, wps=78.4, ups=0.25, wpb=320, bsz=64, num_updates=14190, lr=1.29999e-05, gnorm=3.291, clip=100, loss_scale=128, train_wall=41, gb_free=7.4, wall=82723
2023-03-28 20:43:14 - progress_bar.py[line:272] - INFO: epoch 008:   1078 / 1878 loss=4.775, loss_v1=0, loss_v2=0, nll_loss=3.818, ntokens=320, nsentences=64, sample_size=320, sample_size_v1=0, sample_size_v2=0, ppl=14.1, wps=78.1, ups=0.24, wpb=320, bsz=64, num_updates=14200, lr=1.29716e-05, gnorm=3.334, clip=100, loss_scale=128, train_wall=41, gb_free=7.4, wall=82764
2023-03-28 20:43:55 - progress_bar.py[line:272] - INFO: epoch 008:   1088 / 1878 loss=4.78, loss_v1=0, loss_v2=0, nll_loss=3.825, ntokens=320, nsentences=64, sample_size=320, sample_size_v1=0, sample_size_v2=0, ppl=14.17, wps=77.9, ups=0.24, wpb=320, bsz=64, num_updates=14210, lr=1.29432e-05, gnorm=3.254, clip=100, loss_scale=128, train_wall=41, gb_free=7.4, wall=82805
2023-03-28 20:44:36 - progress_bar.py[line:272] - INFO: epoch 008:   1098 / 1878 loss=4.799, loss_v1=0, loss_v2=0, nll_loss=3.844, ntokens=320, nsentences=64, sample_size=320, sample_size_v1=0, sample_size_v2=0, ppl=14.36, wps=78.2, ups=0.24, wpb=320, bsz=64, num_updates=14220, lr=1.29149e-05, gnorm=3.394, clip=100, loss_scale=128, train_wall=41, gb_free=7.4, wall=82846
2023-03-28 20:45:17 - progress_bar.py[line:272] - INFO: epoch 008:   1108 / 1878 loss=4.806, loss_v1=0, loss_v2=0, nll_loss=3.855, ntokens=320, nsentences=64, sample_size=320, sample_size_v1=0, sample_size_v2=0, ppl=14.47, wps=78.3, ups=0.24, wpb=320, bsz=64, num_updates=14230, lr=1.28866e-05, gnorm=3.401, clip=100, loss_scale=128, train_wall=41, gb_free=7.4, wall=82887
2023-03-28 20:45:58 - progress_bar.py[line:272] - INFO: epoch 008:   1118 / 1878 loss=4.782, loss_v1=0, loss_v2=0, nll_loss=3.828, ntokens=320, nsentences=64, sample_size=320, sample_size_v1=0, sample_size_v2=0, ppl=14.21, wps=78.3, ups=0.24, wpb=320, bsz=64, num_updates=14240, lr=1.28583e-05, gnorm=3.347, clip=100, loss_scale=128, train_wall=41, gb_free=7.4, wall=82928
2023-03-28 20:46:38 - progress_bar.py[line:272] - INFO: epoch 008:   1128 / 1878 loss=4.786, loss_v1=0, loss_v2=0, nll_loss=3.83, ntokens=320, nsentences=64, sample_size=320, sample_size_v1=0, sample_size_v2=0, ppl=14.23, wps=78.5, ups=0.25, wpb=320, bsz=64, num_updates=14250, lr=1.283e-05, gnorm=3.35, clip=100, loss_scale=128, train_wall=41, gb_free=7.4, wall=82969
2023-03-28 20:47:19 - progress_bar.py[line:272] - INFO: epoch 008:   1138 / 1878 loss=4.811, loss_v1=0, loss_v2=0, nll_loss=3.857, ntokens=320, nsentences=64, sample_size=320, sample_size_v1=0, sample_size_v2=0, ppl=14.49, wps=78.5, ups=0.25, wpb=320, bsz=64, num_updates=14260, lr=1.28016e-05, gnorm=3.298, clip=100, loss_scale=128, train_wall=41, gb_free=7.4, wall=83010
2023-03-28 20:48:00 - progress_bar.py[line:272] - INFO: epoch 008:   1148 / 1878 loss=4.805, loss_v1=0, loss_v2=0, nll_loss=3.852, ntokens=320, nsentences=64, sample_size=320, sample_size_v1=0, sample_size_v2=0, ppl=14.44, wps=78, ups=0.24, wpb=320, bsz=64, num_updates=14270, lr=1.27733e-05, gnorm=3.416, clip=100, loss_scale=128, train_wall=41, gb_free=7.4, wall=83051
2023-03-28 20:48:41 - progress_bar.py[line:272] - INFO: epoch 008:   1158 / 1878 loss=4.805, loss_v1=0, loss_v2=0, nll_loss=3.851, ntokens=320, nsentences=64, sample_size=320, sample_size_v1=0, sample_size_v2=0, ppl=14.43, wps=78.2, ups=0.24, wpb=320, bsz=64, num_updates=14280, lr=1.2745e-05, gnorm=3.276, clip=100, loss_scale=128, train_wall=41, gb_free=7.4, wall=83092
2023-03-28 20:49:22 - progress_bar.py[line:272] - INFO: epoch 008:   1168 / 1878 loss=4.795, loss_v1=0, loss_v2=0, nll_loss=3.839, ntokens=320, nsentences=64, sample_size=320, sample_size_v1=0, sample_size_v2=0, ppl=14.31, wps=78.2, ups=0.24, wpb=320, bsz=64, num_updates=14290, lr=1.27167e-05, gnorm=3.335, clip=100, loss_scale=128, train_wall=41, gb_free=7.4, wall=83132
2023-03-28 20:50:03 - progress_bar.py[line:272] - INFO: epoch 008:   1178 / 1878 loss=4.813, loss_v1=0, loss_v2=0, nll_loss=3.861, ntokens=320, nsentences=64, sample_size=320, sample_size_v1=0, sample_size_v2=0, ppl=14.53, wps=78.3, ups=0.24, wpb=320, bsz=64, num_updates=14300, lr=1.26883e-05, gnorm=3.344, clip=100, loss_scale=128, train_wall=41, gb_free=7.4, wall=83173
2023-03-28 20:50:44 - progress_bar.py[line:272] - INFO: epoch 008:   1188 / 1878 loss=4.755, loss_v1=0, loss_v2=0, nll_loss=3.796, ntokens=320, nsentences=64, sample_size=320, sample_size_v1=0, sample_size_v2=0, ppl=13.89, wps=78.1, ups=0.24, wpb=320, bsz=64, num_updates=14310, lr=1.266e-05, gnorm=3.283, clip=100, loss_scale=128, train_wall=41, gb_free=7.4, wall=83214
2023-03-28 20:51:25 - progress_bar.py[line:272] - INFO: epoch 008:   1198 / 1878 loss=4.791, loss_v1=0, loss_v2=0, nll_loss=3.837, ntokens=320, nsentences=64, sample_size=320, sample_size_v1=0, sample_size_v2=0, ppl=14.29, wps=78.2, ups=0.24, wpb=320, bsz=64, num_updates=14320, lr=1.26317e-05, gnorm=3.35, clip=100, loss_scale=128, train_wall=41, gb_free=7.4, wall=83255
2023-03-28 20:52:06 - progress_bar.py[line:272] - INFO: epoch 008:   1208 / 1878 loss=4.814, loss_v1=0, loss_v2=0, nll_loss=3.865, ntokens=320, nsentences=64, sample_size=320, sample_size_v1=0, sample_size_v2=0, ppl=14.57, wps=77.7, ups=0.24, wpb=320, bsz=64, num_updates=14330, lr=1.26034e-05, gnorm=3.448, clip=100, loss_scale=128, train_wall=41, gb_free=7.4, wall=83296
2023-03-28 20:52:46 - progress_bar.py[line:272] - INFO: epoch 008:   1218 / 1878 loss=4.76, loss_v1=0, loss_v2=0, nll_loss=3.8, ntokens=320, nsentences=64, sample_size=320, sample_size_v1=0, sample_size_v2=0, ppl=13.93, wps=78.8, ups=0.25, wpb=320, bsz=64, num_updates=14340, lr=1.25751e-05, gnorm=3.368, clip=100, loss_scale=128, train_wall=40, gb_free=7.4, wall=83337
2023-03-28 20:53:28 - progress_bar.py[line:272] - INFO: epoch 008:   1228 / 1878 loss=4.809, loss_v1=0, loss_v2=0, nll_loss=3.854, ntokens=320, nsentences=64, sample_size=320, sample_size_v1=0, sample_size_v2=0, ppl=14.46, wps=77.9, ups=0.24, wpb=320, bsz=64, num_updates=14350, lr=1.25467e-05, gnorm=3.277, clip=100, loss_scale=128, train_wall=41, gb_free=7.4, wall=83378
2023-03-28 20:54:08 - progress_bar.py[line:272] - INFO: epoch 008:   1238 / 1878 loss=4.8, loss_v1=0, loss_v2=0, nll_loss=3.849, ntokens=320, nsentences=64, sample_size=320, sample_size_v1=0, sample_size_v2=0, ppl=14.41, wps=78.3, ups=0.24, wpb=320, bsz=64, num_updates=14360, lr=1.25184e-05, gnorm=3.233, clip=100, loss_scale=128, train_wall=41, gb_free=7.4, wall=83419
2023-03-28 20:54:49 - progress_bar.py[line:272] - INFO: epoch 008:   1248 / 1878 loss=4.834, loss_v1=0, loss_v2=0, nll_loss=3.889, ntokens=320, nsentences=64, sample_size=320, sample_size_v1=0, sample_size_v2=0, ppl=14.82, wps=78.2, ups=0.24, wpb=320, bsz=64, num_updates=14370, lr=1.24901e-05, gnorm=3.367, clip=100, loss_scale=128, train_wall=41, gb_free=7.4, wall=83460
2023-03-28 20:55:31 - progress_bar.py[line:272] - INFO: epoch 008:   1258 / 1878 loss=4.717, loss_v1=0, loss_v2=0, nll_loss=3.754, ntokens=320, nsentences=64, sample_size=320, sample_size_v1=0, sample_size_v2=0, ppl=13.49, wps=77.7, ups=0.24, wpb=320, bsz=64, num_updates=14380, lr=1.24618e-05, gnorm=3.581, clip=100, loss_scale=128, train_wall=41, gb_free=7.4, wall=83501
2023-03-28 20:56:11 - progress_bar.py[line:272] - INFO: epoch 008:   1268 / 1878 loss=4.789, loss_v1=0, loss_v2=0, nll_loss=3.831, ntokens=320, nsentences=64, sample_size=320, sample_size_v1=0, sample_size_v2=0, ppl=14.23, wps=78.2, ups=0.24, wpb=320, bsz=64, num_updates=14390, lr=1.24334e-05, gnorm=3.515, clip=100, loss_scale=128, train_wall=41, gb_free=7.4, wall=83542
2023-03-28 20:56:52 - progress_bar.py[line:272] - INFO: epoch 008:   1278 / 1878 loss=4.756, loss_v1=0, loss_v2=0, nll_loss=3.795, ntokens=320, nsentences=64, sample_size=320, sample_size_v1=0, sample_size_v2=0, ppl=13.89, wps=78.2, ups=0.24, wpb=320, bsz=64, num_updates=14400, lr=1.24051e-05, gnorm=3.179, clip=100, loss_scale=128, train_wall=41, gb_free=7.4, wall=83583
2023-03-28 20:57:34 - progress_bar.py[line:272] - INFO: epoch 008:   1288 / 1878 loss=4.764, loss_v1=0, loss_v2=0, nll_loss=3.804, ntokens=320, nsentences=64, sample_size=320, sample_size_v1=0, sample_size_v2=0, ppl=13.97, wps=77.7, ups=0.24, wpb=320, bsz=64, num_updates=14410, lr=1.23768e-05, gnorm=3.33, clip=100, loss_scale=256, train_wall=41, gb_free=7.4, wall=83624
2023-03-28 20:58:14 - progress_bar.py[line:272] - INFO: epoch 008:   1298 / 1878 loss=4.774, loss_v1=0, loss_v2=0, nll_loss=3.818, ntokens=320, nsentences=64, sample_size=320, sample_size_v1=0, sample_size_v2=0, ppl=14.1, wps=78.4, ups=0.25, wpb=320, bsz=64, num_updates=14420, lr=1.23485e-05, gnorm=3.269, clip=100, loss_scale=256, train_wall=41, gb_free=7.4, wall=83665
2023-03-28 20:58:55 - progress_bar.py[line:272] - INFO: epoch 008:   1308 / 1878 loss=4.781, loss_v1=0, loss_v2=0, nll_loss=3.824, ntokens=320, nsentences=64, sample_size=320, sample_size_v1=0, sample_size_v2=0, ppl=14.16, wps=77.8, ups=0.24, wpb=320, bsz=64, num_updates=14430, lr=1.23202e-05, gnorm=3.367, clip=100, loss_scale=256, train_wall=41, gb_free=7.4, wall=83706
2023-03-28 20:59:36 - progress_bar.py[line:272] - INFO: epoch 008:   1318 / 1878 loss=4.827, loss_v1=0, loss_v2=0, nll_loss=3.876, ntokens=320, nsentences=64, sample_size=320, sample_size_v1=0, sample_size_v2=0, ppl=14.69, wps=78.3, ups=0.24, wpb=320, bsz=64, num_updates=14440, lr=1.22918e-05, gnorm=3.339, clip=100, loss_scale=256, train_wall=41, gb_free=7.4, wall=83747
2023-03-28 21:00:18 - progress_bar.py[line:272] - INFO: epoch 008:   1328 / 1878 loss=4.755, loss_v1=0, loss_v2=0, nll_loss=3.795, ntokens=320, nsentences=64, sample_size=320, sample_size_v1=0, sample_size_v2=0, ppl=13.88, wps=77.4, ups=0.24, wpb=320, bsz=64, num_updates=14450, lr=1.22635e-05, gnorm=3.28, clip=100, loss_scale=256, train_wall=41, gb_free=7.4, wall=83788
2023-03-28 21:00:59 - progress_bar.py[line:272] - INFO: epoch 008:   1338 / 1878 loss=4.766, loss_v1=0, loss_v2=0, nll_loss=3.806, ntokens=320, nsentences=64, sample_size=320, sample_size_v1=0, sample_size_v2=0, ppl=13.99, wps=78.4, ups=0.24, wpb=320, bsz=64, num_updates=14460, lr=1.22352e-05, gnorm=3.285, clip=100, loss_scale=256, train_wall=41, gb_free=7.4, wall=83829
2023-03-28 21:01:40 - progress_bar.py[line:272] - INFO: epoch 008:   1348 / 1878 loss=4.747, loss_v1=0, loss_v2=0, nll_loss=3.788, ntokens=320, nsentences=64, sample_size=320, sample_size_v1=0, sample_size_v2=0, ppl=13.82, wps=77.8, ups=0.24, wpb=320, bsz=64, num_updates=14470, lr=1.22069e-05, gnorm=3.291, clip=100, loss_scale=256, train_wall=41, gb_free=7.4, wall=83870
2023-03-28 21:02:21 - progress_bar.py[line:272] - INFO: epoch 008:   1358 / 1878 loss=4.82, loss_v1=0, loss_v2=0, nll_loss=3.866, ntokens=320, nsentences=64, sample_size=320, sample_size_v1=0, sample_size_v2=0, ppl=14.58, wps=77.8, ups=0.24, wpb=320, bsz=64, num_updates=14480, lr=1.21785e-05, gnorm=3.33, clip=100, loss_scale=256, train_wall=41, gb_free=7.4, wall=83911
2023-03-28 21:03:02 - progress_bar.py[line:272] - INFO: epoch 008:   1368 / 1878 loss=4.771, loss_v1=0, loss_v2=0, nll_loss=3.814, ntokens=320, nsentences=64, sample_size=320, sample_size_v1=0, sample_size_v2=0, ppl=14.06, wps=78.3, ups=0.24, wpb=320, bsz=64, num_updates=14490, lr=1.21502e-05, gnorm=3.381, clip=100, loss_scale=256, train_wall=41, gb_free=7.4, wall=83952
2023-03-28 21:03:42 - progress_bar.py[line:272] - INFO: epoch 008:   1378 / 1878 loss=4.852, loss_v1=0, loss_v2=0, nll_loss=3.904, ntokens=320, nsentences=64, sample_size=320, sample_size_v1=0, sample_size_v2=0, ppl=14.97, wps=79.1, ups=0.25, wpb=320, bsz=64, num_updates=14500, lr=1.21219e-05, gnorm=3.385, clip=100, loss_scale=256, train_wall=40, gb_free=7.4, wall=83993
2023-03-28 21:03:42 - train.py[line:445] - INFO: begin validation on "valid" subset
slice_id 0 seek offset 0
slice_id 1 seek offset 5379
slice_id 0 seek offset 0
slice_id 1 seek offset 5379
