/home/grads/mogunleye/.conda/envs/ofa1/lib/python3.9/site-packages/torch/distributed/launch.py:180: FutureWarning: The module torch.distributed.launch is deprecated
and will be removed in future. Use torchrun.
Note that --use_env is set by default in torchrun.
If your script expects `--local_rank` argument to be set, please
change it to read from `os.environ['LOCAL_RANK']` instead. See 
https://pytorch.org/docs/stable/distributed.html#launch-utility for 
further instructions

  warnings.warn(
WARNING:torch.distributed.run:
*****************************************
Setting OMP_NUM_THREADS environment variable for each process to be 1 in default, to avoid your system being overloaded, please further tune the variable for optimal performance in your application as needed. 
*****************************************
2023-05-15 22:33:31 - instantiator.py[line:21] - INFO: Created a temporary directory at /tmp/tmp60drd5x_
2023-05-15 22:33:31 - instantiator.py[line:76] - INFO: Writing /tmp/tmp60drd5x_/_remote_module_non_scriptable.py
2023-05-15 22:33:31 - instantiator.py[line:21] - INFO: Created a temporary directory at /tmp/tmpqs4msd_j
2023-05-15 22:33:31 - instantiator.py[line:76] - INFO: Writing /tmp/tmpqs4msd_j/_remote_module_non_scriptable.py
2023-05-15 22:33:31 - instantiator.py[line:21] - INFO: Created a temporary directory at /tmp/tmpq4beh9r9
2023-05-15 22:33:31 - instantiator.py[line:76] - INFO: Writing /tmp/tmpq4beh9r9/_remote_module_non_scriptable.py
2023-05-15 22:33:31 - instantiator.py[line:21] - INFO: Created a temporary directory at /tmp/tmpnm2ufby2
2023-05-15 22:33:31 - instantiator.py[line:76] - INFO: Writing /tmp/tmpnm2ufby2/_remote_module_non_scriptable.py
device =  0
2023-05-15 22:33:34 - utils.py[line:255] - INFO: distributed init (rank 0): env://
2023-05-15 22:33:34 - utils.py[line:261] - INFO: Start init
2023-05-15 22:33:34 - distributed_c10d.py[line:319] - INFO: Added key: store_based_barrier_key:1 to store for rank: 0
device =  2
2023-05-15 22:33:34 - utils.py[line:255] - INFO: distributed init (rank 2): env://
2023-05-15 22:33:34 - utils.py[line:261] - INFO: Start init
2023-05-15 22:33:34 - distributed_c10d.py[line:319] - INFO: Added key: store_based_barrier_key:1 to store for rank: 2
device =  3
2023-05-15 22:33:34 - utils.py[line:255] - INFO: distributed init (rank 3): env://
2023-05-15 22:33:34 - utils.py[line:261] - INFO: Start init
2023-05-15 22:33:34 - distributed_c10d.py[line:319] - INFO: Added key: store_based_barrier_key:1 to store for rank: 3
device =  1
2023-05-15 22:33:34 - utils.py[line:255] - INFO: distributed init (rank 1): env://
2023-05-15 22:33:34 - utils.py[line:261] - INFO: Start init
2023-05-15 22:33:34 - distributed_c10d.py[line:319] - INFO: Added key: store_based_barrier_key:1 to store for rank: 1
2023-05-15 22:33:34 - distributed_c10d.py[line:353] - INFO: Rank 1: Completed store-based barrier for key:store_based_barrier_key:1 with 4 nodes.
2023-05-15 22:33:34 - utils.py[line:271] - INFO: initialized host plan as rank 1
single-machine distributed training is initialized.
2023-05-15 22:33:34 - distributed_c10d.py[line:353] - INFO: Rank 2: Completed store-based barrier for key:store_based_barrier_key:1 with 4 nodes.
2023-05-15 22:33:34 - utils.py[line:271] - INFO: initialized host plan as rank 2
single-machine distributed training is initialized.
2023-05-15 22:33:34 - distributed_c10d.py[line:353] - INFO: Rank 3: Completed store-based barrier for key:store_based_barrier_key:1 with 4 nodes.
2023-05-15 22:33:34 - distributed_c10d.py[line:353] - INFO: Rank 0: Completed store-based barrier for key:store_based_barrier_key:1 with 4 nodes.
2023-05-15 22:33:34 - utils.py[line:271] - INFO: initialized host plan as rank 3
single-machine distributed training is initialized.
2023-05-15 22:33:34 - utils.py[line:271] - INFO: initialized host plan as rank 0
single-machine distributed training is initialized.
2023-05-15 22:33:36 - train.py[line:77] - INFO: {'_name': None, 'common': {'_name': None, 'no_progress_bar': False, 'log_interval': 10, 'log_format': 'simple', 'log_file': None, 'tensorboard_logdir': None, 'wandb_project': None, 'azureml_logging': False, 'seed': 1, 'cpu': False, 'tpu': False, 'bf16': False, 'memory_efficient_bf16': False, 'fp16': True, 'memory_efficient_fp16': False, 'fp16_no_flatten_grads': False, 'fp16_init_scale': 128, 'fp16_scale_window': 512, 'fp16_scale_tolerance': 0.0, 'on_cpu_convert_precision': False, 'min_loss_scale': 0.0001, 'threshold_loss_scale': None, 'amp': False, 'amp_batch_retries': 2, 'amp_init_scale': 128, 'amp_scale_window': None, 'user_dir': '../../ofa_module', 'empty_cache_freq': 0, 'all_gather_list_size': 16384, 'model_parallel_size': 1, 'quantization_config_path': None, 'profile': False, 'reset_logging': False, 'suppress_crashes': False, 'use_plasma_view': False, 'plasma_path': '/tmp/plasma'}, 'common_eval': {'_name': None, 'path': None, 'post_process': None, 'quiet': False, 'model_overrides': '{}', 'results_path': None}, 'distributed_training': {'_name': None, 'distributed_world_size': 4, 'distributed_num_procs': 4, 'distributed_rank': 0, 'distributed_backend': 'nccl', 'distributed_init_method': 'env://', 'distributed_port': -1, 'device_id': 0, 'distributed_no_spawn': True, 'ddp_backend': 'pytorch_ddp', 'ddp_comm_hook': 'none', 'bucket_cap_mb': 25, 'fix_batches_to_gpus': False, 'find_unused_parameters': True, 'gradient_as_bucket_view': False, 'fast_stat_sync': False, 'heartbeat_timeout': -1, 'broadcast_buffers': False, 'slowmo_momentum': None, 'slowmo_algorithm': 'LocalSGD', 'localsgd_frequency': 3, 'nprocs_per_node': 4, 'pipeline_model_parallel': False, 'pipeline_balance': None, 'pipeline_devices': None, 'pipeline_chunks': 0, 'pipeline_encoder_balance': None, 'pipeline_encoder_devices': None, 'pipeline_decoder_balance': None, 'pipeline_decoder_devices': None, 'pipeline_checkpoint': 'never', 'zero_sharding': 'none', 'fp16': True, 'memory_efficient_fp16': False, 'tpu': False, 'no_reshard_after_forward': False, 'fp32_reduce_scatter': False, 'cpu_offload': False, 'use_sharded_state': False}, 'dataset': {'_name': None, 'num_workers': 0, 'skip_invalid_size_inputs_valid_test': False, 'max_tokens': None, 'batch_size': 4, 'required_batch_size_multiple': 8, 'required_seq_len_multiple': 1, 'dataset_impl': None, 'data_buffer_size': 10, 'train_subset': 'train', 'valid_subset': 'valid', 'combine_valid_subsets': None, 'ignore_unused_valid_subsets': False, 'validate_interval': 1, 'validate_interval_updates': 500, 'validate_after_updates': 0, 'fixed_validation_seed': 7, 'disable_validation': False, 'max_tokens_valid': None, 'batch_size_valid': 4, 'max_valid_steps': None, 'curriculum': 0, 'gen_subset': 'test', 'num_shards': 1, 'shard_id': 0}, 'optimization': {'_name': None, 'max_epoch': 5, 'max_update': 0, 'stop_time_hours': 0.0, 'clip_norm': 1.0, 'sentence_avg': False, 'update_freq': [8], 'lr': [5e-05], 'stop_min_lr': -1.0, 'use_bmuf': False}, 'checkpoint': {'_name': None, 'save_dir': './EC_full_checkpoints/5_5e-5', 'restore_file': '../../run_scripts/pretraining/checkpoints_EC/checkpoint_17_492000.pt', 'finetune_from_model': None, 'reset_dataloader': True, 'reset_lr_scheduler': False, 'reset_meters': True, 'reset_optimizer': True, 'optimizer_overrides': '{}', 'save_interval': 1, 'save_interval_updates': 500, 'keep_interval_updates': -1, 'keep_interval_updates_pattern': -1, 'keep_last_epochs': -1, 'keep_best_checkpoints': 1, 'no_save': False, 'no_epoch_checkpoints': False, 'no_last_checkpoints': False, 'no_save_optimizer_state': False, 'best_checkpoint_metric': 'snli_score', 'maximize_best_checkpoint_metric': True, 'patience': -1, 'checkpoint_suffix': '', 'checkpoint_shard_count': 1, 'load_checkpoint_on_all_dp_ranks': False, 'write_checkpoints_asynchronously': False, 'model_parallel_size': 1, 'use_ema_weights_to_init_param': False, 'use_latest_weights_to_init_ema': False}, 'bmuf': {'_name': None, 'block_lr': 1.0, 'block_momentum': 0.875, 'global_sync_iter': 50, 'warmup_iterations': 500, 'use_nbm': False, 'average_sync': False, 'distributed_world_size': 4}, 'generation': {'_name': None, 'beam': 5, 'nbest': 1, 'max_len_a': 0.0, 'max_len_b': 200, 'min_len': 1, 'match_source_len': False, 'unnormalized': False, 'no_early_stop': False, 'no_beamable_mm': False, 'lenpen': 1.0, 'unkpen': 0.0, 'replace_unk': None, 'sacrebleu': False, 'score_reference': False, 'prefix_size': 0, 'no_repeat_ngram_size': 0, 'sampling': False, 'sampling_topk': -1, 'sampling_topp': -1.0, 'constraints': None, 'temperature': 1.0, 'diverse_beam_groups': -1, 'diverse_beam_strength': 0.5, 'diversity_rate': -1.0, 'print_alignment': None, 'print_step': False, 'lm_path': None, 'lm_weight': 0.0, 'iter_decode_eos_penalty': 0.0, 'iter_decode_max_iter': 10, 'iter_decode_force_max_iter': False, 'iter_decode_with_beam': 1, 'iter_decode_with_external_reranker': False, 'retain_iter_history': False, 'retain_dropout': False, 'retain_dropout_modules': None, 'decoding_format': None, 'no_seed_provided': False}, 'eval_lm': {'_name': None, 'output_word_probs': False, 'output_word_stats': False, 'context_window': 0, 'softmax_batch': 9223372036854775807}, 'interactive': {'_name': None, 'buffer_size': 0, 'input': '-'}, 'model': Namespace(no_progress_bar=False, log_interval=10, log_format='simple', log_file=None, tensorboard_logdir=None, wandb_project=None, azureml_logging=False, seed=1, cpu=False, tpu=False, bf16=False, memory_efficient_bf16=False, fp16=True, memory_efficient_fp16=False, fp16_no_flatten_grads=False, fp16_init_scale=128, fp16_scale_window=512, fp16_scale_tolerance=0.0, on_cpu_convert_precision=False, min_loss_scale=0.0001, threshold_loss_scale=None, amp=False, amp_batch_retries=2, amp_init_scale=128, amp_scale_window=None, user_dir='../../ofa_module', empty_cache_freq=0, all_gather_list_size=16384, model_parallel_size=1, quantization_config_path=None, profile=False, reset_logging=False, suppress_crashes=False, use_plasma_view=False, plasma_path='/tmp/plasma', criterion='adjust_label_smoothed_cross_entropy', tokenizer=None, bpe=None, optimizer='adam', lr_scheduler='polynomial_decay', simul_type=None, scoring='bleu', task='snli_ve', num_workers=0, skip_invalid_size_inputs_valid_test=False, max_tokens=None, batch_size=4, required_batch_size_multiple=8, required_seq_len_multiple=1, dataset_impl=None, data_buffer_size=10, train_subset='train', valid_subset='valid', combine_valid_subsets=None, ignore_unused_valid_subsets=False, validate_interval=1, validate_interval_updates=500, validate_after_updates=0, fixed_validation_seed=7, disable_validation=False, max_tokens_valid=None, batch_size_valid=4, max_valid_steps=None, curriculum=0, gen_subset='test', num_shards=1, shard_id=0, distributed_world_size=4, distributed_num_procs=4, distributed_rank=0, distributed_backend='nccl', distributed_init_method=None, distributed_port=-1, device_id=0, distributed_no_spawn=False, ddp_backend='pytorch_ddp', ddp_comm_hook='none', bucket_cap_mb=25, fix_batches_to_gpus=False, find_unused_parameters=True, gradient_as_bucket_view=False, fast_stat_sync=False, heartbeat_timeout=-1, broadcast_buffers=False, slowmo_momentum=None, slowmo_algorithm='LocalSGD', localsgd_frequency=3, nprocs_per_node=4, pipeline_model_parallel=False, pipeline_balance=None, pipeline_devices=None, pipeline_chunks=0, pipeline_encoder_balance=None, pipeline_encoder_devices=None, pipeline_decoder_balance=None, pipeline_decoder_devices=None, pipeline_checkpoint='never', zero_sharding='none', no_reshard_after_forward=False, fp32_reduce_scatter=False, cpu_offload=False, use_sharded_state=False, arch='ofa_base', max_epoch=5, max_update=0, stop_time_hours=0, clip_norm=1.0, sentence_avg=False, update_freq=[8], lr=[5e-05], stop_min_lr=-1.0, use_bmuf=False, save_dir='./EC_full_checkpoints/5_5e-5', restore_file='../../run_scripts/pretraining/checkpoints_EC/checkpoint_17_492000.pt', finetune_from_model=None, reset_dataloader=True, reset_lr_scheduler=False, reset_meters=True, reset_optimizer=True, optimizer_overrides='{}', save_interval=1, save_interval_updates=500, keep_interval_updates=-1, keep_interval_updates_pattern=-1, keep_last_epochs=-1, keep_best_checkpoints=1, no_save=False, no_epoch_checkpoints=False, no_last_checkpoints=False, no_save_optimizer_state=False, best_checkpoint_metric='snli_score', maximize_best_checkpoint_metric=True, patience=-1, checkpoint_suffix='', checkpoint_shard_count=1, load_checkpoint_on_all_dp_ranks=False, write_checkpoints_asynchronously=False, use_ema_weights_to_init_param=False, use_latest_weights_to_init_ema=False, store_ema=False, ema_decay=0.9999, ema_start_update=0, ema_seed_model=None, ema_update_freq=1, ema_fp32=False, bitfit=False, no_token_positional_embeddings=False, no_cross_attention=False, cross_self_attention=False, encoder_layerdrop=0, decoder_layerdrop=0, encoder_layers_to_keep=None, decoder_layers_to_keep=None, quant_noise_pq=0, quant_noise_pq_block_size=8, quant_noise_scalar=0, min_params_to_wrap=100000000, data='../../dataset/snli_ve_data/snli_ve_train.tsv,../../dataset/snli_ve_data/snli_ve_dev.tsv', selected_cols='0,2,3,4,5', bpe_dir='../../utils/BPE', max_source_positions=1024, max_target_positions=1024, max_src_length=80, max_tgt_length=20, code_dict_size=8192, patch_image_size=480, orig_patch_image_size=256, num_bins=1000, imagenet_default_mean_and_std=False, constraint_range=None, ans2label_dict='{"no": 0, "yes":1, "maybe": 2}', add_caption=True, valid_batch_size=20, prompt_type='prev_output', label_smoothing=0.0, report_accuracy=False, ignore_prefix_size=0, ignore_eos=False, drop_worst_ratio=0.0, drop_worst_after=0, use_rdrop=False, reg_alpha=1.0, sample_patch_num=196, adam_betas='(0.9,0.999)', adam_eps=1e-08, weight_decay=0.01, use_old_adam=False, fp16_adam_stats=False, warmup_updates=0, warmup_ratio=0.06, force_anneal=None, end_learning_rate=0.0, power=1.0, total_num_update=1000000, pad=1, eos=2, unk=3, encoder_normalize_before=True, decoder_normalize_before=True, share_decoder_input_output_embed=True, share_all_embeddings=True, layernorm_embedding=True, patch_layernorm_embedding=True, code_layernorm_embedding=True, resnet_drop_path_rate=0.0, encoder_drop_path_rate=0.1, decoder_drop_path_rate=0.1, dropout=0.1, attention_dropout=0.0, add_type_embedding=True, scale_attn=True, scale_fc=True, scale_heads=True, disable_entangle=True, no_seed_provided=False, encoder_embed_dim=768, encoder_ffn_embed_dim=3072, encoder_layers=6, encoder_attention_heads=12, decoder_layers=6, decoder_attention_heads=12, resnet_type='resnet101', encoder_embed_path=None, encoder_learned_pos=True, decoder_embed_path=None, decoder_embed_dim=768, decoder_ffn_embed_dim=3072, decoder_learned_pos=True, relu_dropout=0.0, adaptive_softmax_cutoff=None, adaptive_softmax_dropout=0, decoder_output_dim=768, decoder_input_dim=768, no_scale_embedding=True, activation_fn='gelu', pooler_activation_fn='tanh', pooler_dropout=0.0, pooler_classifier='mlp', token_bucket_size=256, image_bucket_size=42, freeze_encoder_embedding=False, freeze_decoder_embedding=False, attn_scale_factor=2, code_image_size=128, entangle_position_embedding=False, sync_bn=False, scale_resids=False, _name='ofa_base'), 'task': {'_name': 'snli_ve', 'data': '../../dataset/snli_ve_data/snli_ve_train.tsv,../../dataset/snli_ve_data/snli_ve_dev.tsv', 'selected_cols': '0,2,3,4,5', 'bpe': None, 'bpe_dir': '../../utils/BPE', 'max_source_positions': 1024, 'max_target_positions': 1024, 'max_src_length': 80, 'max_tgt_length': 20, 'code_dict_size': 8192, 'patch_image_size': 480, 'orig_patch_image_size': 256, 'num_bins': 1000, 'imagenet_default_mean_and_std': False, 'constraint_range': None, 'ans2label_dict': '{"no": 0, "yes":1, "maybe": 2}', 'add_caption': True, 'valid_batch_size': 20, 'prompt_type': 'prev_output'}, 'criterion': {'_name': 'adjust_label_smoothed_cross_entropy', 'label_smoothing': 0.0, 'report_accuracy': False, 'ignore_prefix_size': 0, 'ignore_eos': False, 'sentence_avg': False, 'drop_worst_ratio': 0.0, 'drop_worst_after': 0, 'use_rdrop': False, 'reg_alpha': 1.0, 'sample_patch_num': 196, 'constraint_range': None}, 'optimizer': {'_name': 'adam', 'adam_betas': '(0.9,0.999)', 'adam_eps': 1e-08, 'weight_decay': 0.01, 'use_old_adam': False, 'fp16_adam_stats': False, 'tpu': False, 'lr': [5e-05]}, 'lr_scheduler': {'_name': 'polynomial_decay', 'warmup_updates': 0, 'warmup_ratio': 0.06, 'force_anneal': None, 'end_learning_rate': 0.0, 'power': 1.0, 'total_num_update': 1000000.0, 'lr': [5e-05]}, 'scoring': {'_name': 'bleu', 'pad': 1, 'eos': 2, 'unk': 3}, 'bpe': None, 'tokenizer': None, 'ema': {'_name': None, 'store_ema': False, 'ema_decay': 0.9999, 'ema_start_update': 0, 'ema_seed_model': None, 'ema_update_freq': 1, 'ema_fp32': False}, 'simul_type': None}
2023-05-15 22:33:36 - ofa_task.py[line:109] - INFO: source dictionary: 59457 types
2023-05-15 22:33:36 - ofa_task.py[line:110] - INFO: target dictionary: 59457 types
/home/grads/mogunleye/.conda/envs/ofa1/lib/python3.9/site-packages/torch/functional.py:504: UserWarning: torch.meshgrid: in an upcoming release, it will be required to pass the indexing argument. (Triggered internally at /opt/conda/conda-bld/pytorch_1666643016022/work/aten/src/ATen/native/TensorShape.cpp:3190.)
  return _VF.meshgrid(tensors, **kwargs)  # type: ignore[attr-defined]
/home/grads/mogunleye/.conda/envs/ofa1/lib/python3.9/site-packages/torch/functional.py:504: UserWarning: torch.meshgrid: in an upcoming release, it will be required to pass the indexing argument. (Triggered internally at /opt/conda/conda-bld/pytorch_1666643016022/work/aten/src/ATen/native/TensorShape.cpp:3190.)
  return _VF.meshgrid(tensors, **kwargs)  # type: ignore[attr-defined]
/home/grads/mogunleye/.conda/envs/ofa1/lib/python3.9/site-packages/torch/functional.py:504: UserWarning: torch.meshgrid: in an upcoming release, it will be required to pass the indexing argument. (Triggered internally at /opt/conda/conda-bld/pytorch_1666643016022/work/aten/src/ATen/native/TensorShape.cpp:3190.)
  return _VF.meshgrid(tensors, **kwargs)  # type: ignore[attr-defined]
/home/grads/mogunleye/.conda/envs/ofa1/lib/python3.9/site-packages/torch/functional.py:504: UserWarning: torch.meshgrid: in an upcoming release, it will be required to pass the indexing argument. (Triggered internally at /opt/conda/conda-bld/pytorch_1666643016022/work/aten/src/ATen/native/TensorShape.cpp:3190.)
  return _VF.meshgrid(tensors, **kwargs)  # type: ignore[attr-defined]
2023-05-15 22:33:39 - train.py[line:110] - INFO: OFAModel(
  (encoder): TransformerEncoder(
    (encoder_dropout): Dropout(p=0.2, inplace=False)
    (dropout_module): FairseqDropout()
    (embed_tokens): Embedding(59457, 768, padding_idx=1)
    (layernorm_embedding): LayerNorm((768,), eps=1e-05, elementwise_affine=True)
    (type_embedding): Embedding(2, 768)
    (embed_images): ResNet(
      (conv1): Conv2d(3, 64, kernel_size=(7, 7), stride=(2, 2), padding=(3, 3), bias=False)
      (bn1): BatchNorm2d(64, eps=1e-05, momentum=0.1, affine=True, track_running_stats=True)
      (relu): ReLU(inplace=True)
      (maxpool): MaxPool2d(kernel_size=3, stride=2, padding=1, dilation=1, ceil_mode=False)
      (layer1): Sequential(
        (0): Bottleneck(
          (conv1): Conv2d(64, 64, kernel_size=(1, 1), stride=(1, 1), bias=False)
          (bn1): BatchNorm2d(64, eps=1e-05, momentum=0.1, affine=True, track_running_stats=True)
          (conv2): Conv2d(64, 64, kernel_size=(3, 3), stride=(1, 1), padding=(1, 1), bias=False)
          (bn2): BatchNorm2d(64, eps=1e-05, momentum=0.1, affine=True, track_running_stats=True)
          (conv3): Conv2d(64, 256, kernel_size=(1, 1), stride=(1, 1), bias=False)
          (bn3): BatchNorm2d(256, eps=1e-05, momentum=0.1, affine=True, track_running_stats=True)
          (relu): ReLU(inplace=True)
          (downsample): Sequential(
            (0): Conv2d(64, 256, kernel_size=(1, 1), stride=(1, 1), bias=False)
            (1): BatchNorm2d(256, eps=1e-05, momentum=0.1, affine=True, track_running_stats=True)
          )
          (drop_path): Identity()
        )
        (1): Bottleneck(
          (conv1): Conv2d(256, 64, kernel_size=(1, 1), stride=(1, 1), bias=False)
          (bn1): BatchNorm2d(64, eps=1e-05, momentum=0.1, affine=True, track_running_stats=True)
          (conv2): Conv2d(64, 64, kernel_size=(3, 3), stride=(1, 1), padding=(1, 1), bias=False)
          (bn2): BatchNorm2d(64, eps=1e-05, momentum=0.1, affine=True, track_running_stats=True)
          (conv3): Conv2d(64, 256, kernel_size=(1, 1), stride=(1, 1), bias=False)
          (bn3): BatchNorm2d(256, eps=1e-05, momentum=0.1, affine=True, track_running_stats=True)
          (relu): ReLU(inplace=True)
          (drop_path): Identity()
        )
        (2): Bottleneck(
          (conv1): Conv2d(256, 64, kernel_size=(1, 1), stride=(1, 1), bias=False)
          (bn1): BatchNorm2d(64, eps=1e-05, momentum=0.1, affine=True, track_running_stats=True)
          (conv2): Conv2d(64, 64, kernel_size=(3, 3), stride=(1, 1), padding=(1, 1), bias=False)
          (bn2): BatchNorm2d(64, eps=1e-05, momentum=0.1, affine=True, track_running_stats=True)
          (conv3): Conv2d(64, 256, kernel_size=(1, 1), stride=(1, 1), bias=False)
          (bn3): BatchNorm2d(256, eps=1e-05, momentum=0.1, affine=True, track_running_stats=True)
          (relu): ReLU(inplace=True)
          (drop_path): Identity()
        )
      )
      (layer2): Sequential(
        (0): Bottleneck(
          (conv1): Conv2d(256, 128, kernel_size=(1, 1), stride=(1, 1), bias=False)
          (bn1): BatchNorm2d(128, eps=1e-05, momentum=0.1, affine=True, track_running_stats=True)
          (conv2): Conv2d(128, 128, kernel_size=(3, 3), stride=(2, 2), padding=(1, 1), bias=False)
          (bn2): BatchNorm2d(128, eps=1e-05, momentum=0.1, affine=True, track_running_stats=True)
          (conv3): Conv2d(128, 512, kernel_size=(1, 1), stride=(1, 1), bias=False)
          (bn3): BatchNorm2d(512, eps=1e-05, momentum=0.1, affine=True, track_running_stats=True)
          (relu): ReLU(inplace=True)
          (downsample): Sequential(
            (0): Conv2d(256, 512, kernel_size=(1, 1), stride=(2, 2), bias=False)
            (1): BatchNorm2d(512, eps=1e-05, momentum=0.1, affine=True, track_running_stats=True)
          )
          (drop_path): Identity()
        )
        (1): Bottleneck(
          (conv1): Conv2d(512, 128, kernel_size=(1, 1), stride=(1, 1), bias=False)
          (bn1): BatchNorm2d(128, eps=1e-05, momentum=0.1, affine=True, track_running_stats=True)
          (conv2): Conv2d(128, 128, kernel_size=(3, 3), stride=(1, 1), padding=(1, 1), bias=False)
          (bn2): BatchNorm2d(128, eps=1e-05, momentum=0.1, affine=True, track_running_stats=True)
          (conv3): Conv2d(128, 512, kernel_size=(1, 1), stride=(1, 1), bias=False)
          (bn3): BatchNorm2d(512, eps=1e-05, momentum=0.1, affine=True, track_running_stats=True)
          (relu): ReLU(inplace=True)
          (drop_path): Identity()
        )
        (2): Bottleneck(
          (conv1): Conv2d(512, 128, kernel_size=(1, 1), stride=(1, 1), bias=False)
          (bn1): BatchNorm2d(128, eps=1e-05, momentum=0.1, affine=True, track_running_stats=True)
          (conv2): Conv2d(128, 128, kernel_size=(3, 3), stride=(1, 1), padding=(1, 1), bias=False)
          (bn2): BatchNorm2d(128, eps=1e-05, momentum=0.1, affine=True, track_running_stats=True)
          (conv3): Conv2d(128, 512, kernel_size=(1, 1), stride=(1, 1), bias=False)
          (bn3): BatchNorm2d(512, eps=1e-05, momentum=0.1, affine=True, track_running_stats=True)
          (relu): ReLU(inplace=True)
          (drop_path): Identity()
        )
        (3): Bottleneck(
          (conv1): Conv2d(512, 128, kernel_size=(1, 1), stride=(1, 1), bias=False)
          (bn1): BatchNorm2d(128, eps=1e-05, momentum=0.1, affine=True, track_running_stats=True)
          (conv2): Conv2d(128, 128, kernel_size=(3, 3), stride=(1, 1), padding=(1, 1), bias=False)
          (bn2): BatchNorm2d(128, eps=1e-05, momentum=0.1, affine=True, track_running_stats=True)
          (conv3): Conv2d(128, 512, kernel_size=(1, 1), stride=(1, 1), bias=False)
          (bn3): BatchNorm2d(512, eps=1e-05, momentum=0.1, affine=True, track_running_stats=True)
          (relu): ReLU(inplace=True)
          (drop_path): Identity()
        )
      )
      (layer3): Sequential(
        (0): Bottleneck(
          (conv1): Conv2d(512, 256, kernel_size=(1, 1), stride=(1, 1), bias=False)
          (bn1): BatchNorm2d(256, eps=1e-05, momentum=0.1, affine=True, track_running_stats=True)
          (conv2): Conv2d(256, 256, kernel_size=(3, 3), stride=(2, 2), padding=(1, 1), bias=False)
          (bn2): BatchNorm2d(256, eps=1e-05, momentum=0.1, affine=True, track_running_stats=True)
          (conv3): Conv2d(256, 1024, kernel_size=(1, 1), stride=(1, 1), bias=False)
          (bn3): BatchNorm2d(1024, eps=1e-05, momentum=0.1, affine=True, track_running_stats=True)
          (relu): ReLU(inplace=True)
          (downsample): Sequential(
            (0): Conv2d(512, 1024, kernel_size=(1, 1), stride=(2, 2), bias=False)
            (1): BatchNorm2d(1024, eps=1e-05, momentum=0.1, affine=True, track_running_stats=True)
          )
          (drop_path): Identity()
        )
        (1): Bottleneck(
          (conv1): Conv2d(1024, 256, kernel_size=(1, 1), stride=(1, 1), bias=False)
          (bn1): BatchNorm2d(256, eps=1e-05, momentum=0.1, affine=True, track_running_stats=True)
          (conv2): Conv2d(256, 256, kernel_size=(3, 3), stride=(1, 1), padding=(1, 1), bias=False)
          (bn2): BatchNorm2d(256, eps=1e-05, momentum=0.1, affine=True, track_running_stats=True)
          (conv3): Conv2d(256, 1024, kernel_size=(1, 1), stride=(1, 1), bias=False)
          (bn3): BatchNorm2d(1024, eps=1e-05, momentum=0.1, affine=True, track_running_stats=True)
          (relu): ReLU(inplace=True)
          (drop_path): Identity()
        )
        (2): Bottleneck(
          (conv1): Conv2d(1024, 256, kernel_size=(1, 1), stride=(1, 1), bias=False)
          (bn1): BatchNorm2d(256, eps=1e-05, momentum=0.1, affine=True, track_running_stats=True)
          (conv2): Conv2d(256, 256, kernel_size=(3, 3), stride=(1, 1), padding=(1, 1), bias=False)
          (bn2): BatchNorm2d(256, eps=1e-05, momentum=0.1, affine=True, track_running_stats=True)
          (conv3): Conv2d(256, 1024, kernel_size=(1, 1), stride=(1, 1), bias=False)
          (bn3): BatchNorm2d(1024, eps=1e-05, momentum=0.1, affine=True, track_running_stats=True)
          (relu): ReLU(inplace=True)
          (drop_path): Identity()
        )
        (3): Bottleneck(
          (conv1): Conv2d(1024, 256, kernel_size=(1, 1), stride=(1, 1), bias=False)
          (bn1): BatchNorm2d(256, eps=1e-05, momentum=0.1, affine=True, track_running_stats=True)
          (conv2): Conv2d(256, 256, kernel_size=(3, 3), stride=(1, 1), padding=(1, 1), bias=False)
          (bn2): BatchNorm2d(256, eps=1e-05, momentum=0.1, affine=True, track_running_stats=True)
          (conv3): Conv2d(256, 1024, kernel_size=(1, 1), stride=(1, 1), bias=False)
          (bn3): BatchNorm2d(1024, eps=1e-05, momentum=0.1, affine=True, track_running_stats=True)
          (relu): ReLU(inplace=True)
          (drop_path): Identity()
        )
        (4): Bottleneck(
          (conv1): Conv2d(1024, 256, kernel_size=(1, 1), stride=(1, 1), bias=False)
          (bn1): BatchNorm2d(256, eps=1e-05, momentum=0.1, affine=True, track_running_stats=True)
          (conv2): Conv2d(256, 256, kernel_size=(3, 3), stride=(1, 1), padding=(1, 1), bias=False)
          (bn2): BatchNorm2d(256, eps=1e-05, momentum=0.1, affine=True, track_running_stats=True)
          (conv3): Conv2d(256, 1024, kernel_size=(1, 1), stride=(1, 1), bias=False)
          (bn3): BatchNorm2d(1024, eps=1e-05, momentum=0.1, affine=True, track_running_stats=True)
          (relu): ReLU(inplace=True)
          (drop_path): Identity()
        )
        (5): Bottleneck(
          (conv1): Conv2d(1024, 256, kernel_size=(1, 1), stride=(1, 1), bias=False)
          (bn1): BatchNorm2d(256, eps=1e-05, momentum=0.1, affine=True, track_running_stats=True)
          (conv2): Conv2d(256, 256, kernel_size=(3, 3), stride=(1, 1), padding=(1, 1), bias=False)
          (bn2): BatchNorm2d(256, eps=1e-05, momentum=0.1, affine=True, track_running_stats=True)
          (conv3): Conv2d(256, 1024, kernel_size=(1, 1), stride=(1, 1), bias=False)
          (bn3): BatchNorm2d(1024, eps=1e-05, momentum=0.1, affine=True, track_running_stats=True)
          (relu): ReLU(inplace=True)
          (drop_path): Identity()
        )
        (6): Bottleneck(
          (conv1): Conv2d(1024, 256, kernel_size=(1, 1), stride=(1, 1), bias=False)
          (bn1): BatchNorm2d(256, eps=1e-05, momentum=0.1, affine=True, track_running_stats=True)
          (conv2): Conv2d(256, 256, kernel_size=(3, 3), stride=(1, 1), padding=(1, 1), bias=False)
          (bn2): BatchNorm2d(256, eps=1e-05, momentum=0.1, affine=True, track_running_stats=True)
          (conv3): Conv2d(256, 1024, kernel_size=(1, 1), stride=(1, 1), bias=False)
          (bn3): BatchNorm2d(1024, eps=1e-05, momentum=0.1, affine=True, track_running_stats=True)
          (relu): ReLU(inplace=True)
          (drop_path): Identity()
        )
        (7): Bottleneck(
          (conv1): Conv2d(1024, 256, kernel_size=(1, 1), stride=(1, 1), bias=False)
          (bn1): BatchNorm2d(256, eps=1e-05, momentum=0.1, affine=True, track_running_stats=True)
          (conv2): Conv2d(256, 256, kernel_size=(3, 3), stride=(1, 1), padding=(1, 1), bias=False)
          (bn2): BatchNorm2d(256, eps=1e-05, momentum=0.1, affine=True, track_running_stats=True)
          (conv3): Conv2d(256, 1024, kernel_size=(1, 1), stride=(1, 1), bias=False)
          (bn3): BatchNorm2d(1024, eps=1e-05, momentum=0.1, affine=True, track_running_stats=True)
          (relu): ReLU(inplace=True)
          (drop_path): Identity()
        )
        (8): Bottleneck(
          (conv1): Conv2d(1024, 256, kernel_size=(1, 1), stride=(1, 1), bias=False)
          (bn1): BatchNorm2d(256, eps=1e-05, momentum=0.1, affine=True, track_running_stats=True)
          (conv2): Conv2d(256, 256, kernel_size=(3, 3), stride=(1, 1), padding=(1, 1), bias=False)
          (bn2): BatchNorm2d(256, eps=1e-05, momentum=0.1, affine=True, track_running_stats=True)
          (conv3): Conv2d(256, 1024, kernel_size=(1, 1), stride=(1, 1), bias=False)
          (bn3): BatchNorm2d(1024, eps=1e-05, momentum=0.1, affine=True, track_running_stats=True)
          (relu): ReLU(inplace=True)
          (drop_path): Identity()
        )
        (9): Bottleneck(
          (conv1): Conv2d(1024, 256, kernel_size=(1, 1), stride=(1, 1), bias=False)
          (bn1): BatchNorm2d(256, eps=1e-05, momentum=0.1, affine=True, track_running_stats=True)
          (conv2): Conv2d(256, 256, kernel_size=(3, 3), stride=(1, 1), padding=(1, 1), bias=False)
          (bn2): BatchNorm2d(256, eps=1e-05, momentum=0.1, affine=True, track_running_stats=True)
          (conv3): Conv2d(256, 1024, kernel_size=(1, 1), stride=(1, 1), bias=False)
          (bn3): BatchNorm2d(1024, eps=1e-05, momentum=0.1, affine=True, track_running_stats=True)
          (relu): ReLU(inplace=True)
          (drop_path): Identity()
        )
        (10): Bottleneck(
          (conv1): Conv2d(1024, 256, kernel_size=(1, 1), stride=(1, 1), bias=False)
          (bn1): BatchNorm2d(256, eps=1e-05, momentum=0.1, affine=True, track_running_stats=True)
          (conv2): Conv2d(256, 256, kernel_size=(3, 3), stride=(1, 1), padding=(1, 1), bias=False)
          (bn2): BatchNorm2d(256, eps=1e-05, momentum=0.1, affine=True, track_running_stats=True)
          (conv3): Conv2d(256, 1024, kernel_size=(1, 1), stride=(1, 1), bias=False)
          (bn3): BatchNorm2d(1024, eps=1e-05, momentum=0.1, affine=True, track_running_stats=True)
          (relu): ReLU(inplace=True)
          (drop_path): Identity()
        )
        (11): Bottleneck(
          (conv1): Conv2d(1024, 256, kernel_size=(1, 1), stride=(1, 1), bias=False)
          (bn1): BatchNorm2d(256, eps=1e-05, momentum=0.1, affine=True, track_running_stats=True)
          (conv2): Conv2d(256, 256, kernel_size=(3, 3), stride=(1, 1), padding=(1, 1), bias=False)
          (bn2): BatchNorm2d(256, eps=1e-05, momentum=0.1, affine=True, track_running_stats=True)
          (conv3): Conv2d(256, 1024, kernel_size=(1, 1), stride=(1, 1), bias=False)
          (bn3): BatchNorm2d(1024, eps=1e-05, momentum=0.1, affine=True, track_running_stats=True)
          (relu): ReLU(inplace=True)
          (drop_path): Identity()
        )
        (12): Bottleneck(
          (conv1): Conv2d(1024, 256, kernel_size=(1, 1), stride=(1, 1), bias=False)
          (bn1): BatchNorm2d(256, eps=1e-05, momentum=0.1, affine=True, track_running_stats=True)
          (conv2): Conv2d(256, 256, kernel_size=(3, 3), stride=(1, 1), padding=(1, 1), bias=False)
          (bn2): BatchNorm2d(256, eps=1e-05, momentum=0.1, affine=True, track_running_stats=True)
          (conv3): Conv2d(256, 1024, kernel_size=(1, 1), stride=(1, 1), bias=False)
          (bn3): BatchNorm2d(1024, eps=1e-05, momentum=0.1, affine=True, track_running_stats=True)
          (relu): ReLU(inplace=True)
          (drop_path): Identity()
        )
        (13): Bottleneck(
          (conv1): Conv2d(1024, 256, kernel_size=(1, 1), stride=(1, 1), bias=False)
          (bn1): BatchNorm2d(256, eps=1e-05, momentum=0.1, affine=True, track_running_stats=True)
          (conv2): Conv2d(256, 256, kernel_size=(3, 3), stride=(1, 1), padding=(1, 1), bias=False)
          (bn2): BatchNorm2d(256, eps=1e-05, momentum=0.1, affine=True, track_running_stats=True)
          (conv3): Conv2d(256, 1024, kernel_size=(1, 1), stride=(1, 1), bias=False)
          (bn3): BatchNorm2d(1024, eps=1e-05, momentum=0.1, affine=True, track_running_stats=True)
          (relu): ReLU(inplace=True)
          (drop_path): Identity()
        )
        (14): Bottleneck(
          (conv1): Conv2d(1024, 256, kernel_size=(1, 1), stride=(1, 1), bias=False)
          (bn1): BatchNorm2d(256, eps=1e-05, momentum=0.1, affine=True, track_running_stats=True)
          (conv2): Conv2d(256, 256, kernel_size=(3, 3), stride=(1, 1), padding=(1, 1), bias=False)
          (bn2): BatchNorm2d(256, eps=1e-05, momentum=0.1, affine=True, track_running_stats=True)
          (conv3): Conv2d(256, 1024, kernel_size=(1, 1), stride=(1, 1), bias=False)
          (bn3): BatchNorm2d(1024, eps=1e-05, momentum=0.1, affine=True, track_running_stats=True)
          (relu): ReLU(inplace=True)
          (drop_path): Identity()
        )
        (15): Bottleneck(
          (conv1): Conv2d(1024, 256, kernel_size=(1, 1), stride=(1, 1), bias=False)
          (bn1): BatchNorm2d(256, eps=1e-05, momentum=0.1, affine=True, track_running_stats=True)
          (conv2): Conv2d(256, 256, kernel_size=(3, 3), stride=(1, 1), padding=(1, 1), bias=False)
          (bn2): BatchNorm2d(256, eps=1e-05, momentum=0.1, affine=True, track_running_stats=True)
          (conv3): Conv2d(256, 1024, kernel_size=(1, 1), stride=(1, 1), bias=False)
          (bn3): BatchNorm2d(1024, eps=1e-05, momentum=0.1, affine=True, track_running_stats=True)
          (relu): ReLU(inplace=True)
          (drop_path): Identity()
        )
        (16): Bottleneck(
          (conv1): Conv2d(1024, 256, kernel_size=(1, 1), stride=(1, 1), bias=False)
          (bn1): BatchNorm2d(256, eps=1e-05, momentum=0.1, affine=True, track_running_stats=True)
          (conv2): Conv2d(256, 256, kernel_size=(3, 3), stride=(1, 1), padding=(1, 1), bias=False)
          (bn2): BatchNorm2d(256, eps=1e-05, momentum=0.1, affine=True, track_running_stats=True)
          (conv3): Conv2d(256, 1024, kernel_size=(1, 1), stride=(1, 1), bias=False)
          (bn3): BatchNorm2d(1024, eps=1e-05, momentum=0.1, affine=True, track_running_stats=True)
          (relu): ReLU(inplace=True)
          (drop_path): Identity()
        )
        (17): Bottleneck(
          (conv1): Conv2d(1024, 256, kernel_size=(1, 1), stride=(1, 1), bias=False)
          (bn1): BatchNorm2d(256, eps=1e-05, momentum=0.1, affine=True, track_running_stats=True)
          (conv2): Conv2d(256, 256, kernel_size=(3, 3), stride=(1, 1), padding=(1, 1), bias=False)
          (bn2): BatchNorm2d(256, eps=1e-05, momentum=0.1, affine=True, track_running_stats=True)
          (conv3): Conv2d(256, 1024, kernel_size=(1, 1), stride=(1, 1), bias=False)
          (bn3): BatchNorm2d(1024, eps=1e-05, momentum=0.1, affine=True, track_running_stats=True)
          (relu): ReLU(inplace=True)
          (drop_path): Identity()
        )
        (18): Bottleneck(
          (conv1): Conv2d(1024, 256, kernel_size=(1, 1), stride=(1, 1), bias=False)
          (bn1): BatchNorm2d(256, eps=1e-05, momentum=0.1, affine=True, track_running_stats=True)
          (conv2): Conv2d(256, 256, kernel_size=(3, 3), stride=(1, 1), padding=(1, 1), bias=False)
          (bn2): BatchNorm2d(256, eps=1e-05, momentum=0.1, affine=True, track_running_stats=True)
          (conv3): Conv2d(256, 1024, kernel_size=(1, 1), stride=(1, 1), bias=False)
          (bn3): BatchNorm2d(1024, eps=1e-05, momentum=0.1, affine=True, track_running_stats=True)
          (relu): ReLU(inplace=True)
          (drop_path): Identity()
        )
        (19): Bottleneck(
          (conv1): Conv2d(1024, 256, kernel_size=(1, 1), stride=(1, 1), bias=False)
          (bn1): BatchNorm2d(256, eps=1e-05, momentum=0.1, affine=True, track_running_stats=True)
          (conv2): Conv2d(256, 256, kernel_size=(3, 3), stride=(1, 1), padding=(1, 1), bias=False)
          (bn2): BatchNorm2d(256, eps=1e-05, momentum=0.1, affine=True, track_running_stats=True)
          (conv3): Conv2d(256, 1024, kernel_size=(1, 1), stride=(1, 1), bias=False)
          (bn3): BatchNorm2d(1024, eps=1e-05, momentum=0.1, affine=True, track_running_stats=True)
          (relu): ReLU(inplace=True)
          (drop_path): Identity()
        )
        (20): Bottleneck(
          (conv1): Conv2d(1024, 256, kernel_size=(1, 1), stride=(1, 1), bias=False)
          (bn1): BatchNorm2d(256, eps=1e-05, momentum=0.1, affine=True, track_running_stats=True)
          (conv2): Conv2d(256, 256, kernel_size=(3, 3), stride=(1, 1), padding=(1, 1), bias=False)
          (bn2): BatchNorm2d(256, eps=1e-05, momentum=0.1, affine=True, track_running_stats=True)
          (conv3): Conv2d(256, 1024, kernel_size=(1, 1), stride=(1, 1), bias=False)
          (bn3): BatchNorm2d(1024, eps=1e-05, momentum=0.1, affine=True, track_running_stats=True)
          (relu): ReLU(inplace=True)
          (drop_path): Identity()
        )
        (21): Bottleneck(
          (conv1): Conv2d(1024, 256, kernel_size=(1, 1), stride=(1, 1), bias=False)
          (bn1): BatchNorm2d(256, eps=1e-05, momentum=0.1, affine=True, track_running_stats=True)
          (conv2): Conv2d(256, 256, kernel_size=(3, 3), stride=(1, 1), padding=(1, 1), bias=False)
          (bn2): BatchNorm2d(256, eps=1e-05, momentum=0.1, affine=True, track_running_stats=True)
          (conv3): Conv2d(256, 1024, kernel_size=(1, 1), stride=(1, 1), bias=False)
          (bn3): BatchNorm2d(1024, eps=1e-05, momentum=0.1, affine=True, track_running_stats=True)
          (relu): ReLU(inplace=True)
          (drop_path): Identity()
        )
        (22): Bottleneck(
          (conv1): Conv2d(1024, 256, kernel_size=(1, 1), stride=(1, 1), bias=False)
          (bn1): BatchNorm2d(256, eps=1e-05, momentum=0.1, affine=True, track_running_stats=True)
          (conv2): Conv2d(256, 256, kernel_size=(3, 3), stride=(1, 1), padding=(1, 1), bias=False)
          (bn2): BatchNorm2d(256, eps=1e-05, momentum=0.1, affine=True, track_running_stats=True)
          (conv3): Conv2d(256, 1024, kernel_size=(1, 1), stride=(1, 1), bias=False)
          (bn3): BatchNorm2d(1024, eps=1e-05, momentum=0.1, affine=True, track_running_stats=True)
          (relu): ReLU(inplace=True)
          (drop_path): Identity()
        )
      )
    )
    (image_proj): Linear(in_features=1024, out_features=768, bias=True)
    (patch_layernorm_embedding): LayerNorm((768,), eps=1e-05, elementwise_affine=True)
    (embed_positions): Embedding(1026, 768)
    (embed_image_positions): Embedding(1765, 768)
    (pos_ln): LayerNorm((768,), eps=1e-05, elementwise_affine=True)
    (image_pos_ln): LayerNorm((768,), eps=1e-05, elementwise_affine=True)
    (pos_q_linear): Linear(in_features=768, out_features=768, bias=True)
    (pos_k_linear): Linear(in_features=768, out_features=768, bias=True)
    (layers): ModuleList(
      (0): TransformerEncoderLayer(
        (self_attn): MultiheadAttention(
          (dropout_module): FairseqDropout()
          (k_proj): Linear(in_features=768, out_features=768, bias=True)
          (v_proj): Linear(in_features=768, out_features=768, bias=True)
          (q_proj): Linear(in_features=768, out_features=768, bias=True)
          (out_proj): Linear(in_features=768, out_features=768, bias=True)
        )
        (self_attn_layer_norm): LayerNorm((768,), eps=1e-05, elementwise_affine=True)
        (dropout_module): FairseqDropout()
        (activation_dropout_module): FairseqDropout()
        (fc1): Linear(in_features=768, out_features=3072, bias=True)
        (fc2): Linear(in_features=3072, out_features=768, bias=True)
        (attn_ln): LayerNorm((768,), eps=1e-05, elementwise_affine=True)
        (ffn_layernorm): LayerNorm((3072,), eps=1e-05, elementwise_affine=True)
        (final_layer_norm): LayerNorm((768,), eps=1e-05, elementwise_affine=True)
        (drop_path): Identity()
      )
      (1): TransformerEncoderLayer(
        (self_attn): MultiheadAttention(
          (dropout_module): FairseqDropout()
          (k_proj): Linear(in_features=768, out_features=768, bias=True)
          (v_proj): Linear(in_features=768, out_features=768, bias=True)
          (q_proj): Linear(in_features=768, out_features=768, bias=True)
          (out_proj): Linear(in_features=768, out_features=768, bias=True)
        )
        (self_attn_layer_norm): LayerNorm((768,), eps=1e-05, elementwise_affine=True)
        (dropout_module): FairseqDropout()
        (activation_dropout_module): FairseqDropout()
        (fc1): Linear(in_features=768, out_features=3072, bias=True)
        (fc2): Linear(in_features=3072, out_features=768, bias=True)
        (attn_ln): LayerNorm((768,), eps=1e-05, elementwise_affine=True)
        (ffn_layernorm): LayerNorm((3072,), eps=1e-05, elementwise_affine=True)
        (final_layer_norm): LayerNorm((768,), eps=1e-05, elementwise_affine=True)
        (drop_path): DropPath(p=0.019999999552965164)
      )
      (2): TransformerEncoderLayer(
        (self_attn): MultiheadAttention(
          (dropout_module): FairseqDropout()
          (k_proj): Linear(in_features=768, out_features=768, bias=True)
          (v_proj): Linear(in_features=768, out_features=768, bias=True)
          (q_proj): Linear(in_features=768, out_features=768, bias=True)
          (out_proj): Linear(in_features=768, out_features=768, bias=True)
        )
        (self_attn_layer_norm): LayerNorm((768,), eps=1e-05, elementwise_affine=True)
        (dropout_module): FairseqDropout()
        (activation_dropout_module): FairseqDropout()
        (fc1): Linear(in_features=768, out_features=3072, bias=True)
        (fc2): Linear(in_features=3072, out_features=768, bias=True)
        (attn_ln): LayerNorm((768,), eps=1e-05, elementwise_affine=True)
        (ffn_layernorm): LayerNorm((3072,), eps=1e-05, elementwise_affine=True)
        (final_layer_norm): LayerNorm((768,), eps=1e-05, elementwise_affine=True)
        (drop_path): DropPath(p=0.03999999910593033)
      )
      (3): TransformerEncoderLayer(
        (self_attn): MultiheadAttention(
          (dropout_module): FairseqDropout()
          (k_proj): Linear(in_features=768, out_features=768, bias=True)
          (v_proj): Linear(in_features=768, out_features=768, bias=True)
          (q_proj): Linear(in_features=768, out_features=768, bias=True)
          (out_proj): Linear(in_features=768, out_features=768, bias=True)
        )
        (self_attn_layer_norm): LayerNorm((768,), eps=1e-05, elementwise_affine=True)
        (dropout_module): FairseqDropout()
        (activation_dropout_module): FairseqDropout()
        (fc1): Linear(in_features=768, out_features=3072, bias=True)
        (fc2): Linear(in_features=3072, out_features=768, bias=True)
        (attn_ln): LayerNorm((768,), eps=1e-05, elementwise_affine=True)
        (ffn_layernorm): LayerNorm((3072,), eps=1e-05, elementwise_affine=True)
        (final_layer_norm): LayerNorm((768,), eps=1e-05, elementwise_affine=True)
        (drop_path): DropPath(p=0.06000000238418579)
      )
      (4): TransformerEncoderLayer(
        (self_attn): MultiheadAttention(
          (dropout_module): FairseqDropout()
          (k_proj): Linear(in_features=768, out_features=768, bias=True)
          (v_proj): Linear(in_features=768, out_features=768, bias=True)
          (q_proj): Linear(in_features=768, out_features=768, bias=True)
          (out_proj): Linear(in_features=768, out_features=768, bias=True)
        )
        (self_attn_layer_norm): LayerNorm((768,), eps=1e-05, elementwise_affine=True)
        (dropout_module): FairseqDropout()
        (activation_dropout_module): FairseqDropout()
        (fc1): Linear(in_features=768, out_features=3072, bias=True)
        (fc2): Linear(in_features=3072, out_features=768, bias=True)
        (attn_ln): LayerNorm((768,), eps=1e-05, elementwise_affine=True)
        (ffn_layernorm): LayerNorm((3072,), eps=1e-05, elementwise_affine=True)
        (final_layer_norm): LayerNorm((768,), eps=1e-05, elementwise_affine=True)
        (drop_path): DropPath(p=0.07999999821186066)
      )
      (5): TransformerEncoderLayer(
        (self_attn): MultiheadAttention(
          (dropout_module): FairseqDropout()
          (k_proj): Linear(in_features=768, out_features=768, bias=True)
          (v_proj): Linear(in_features=768, out_features=768, bias=True)
          (q_proj): Linear(in_features=768, out_features=768, bias=True)
          (out_proj): Linear(in_features=768, out_features=768, bias=True)
        )
        (self_attn_layer_norm): LayerNorm((768,), eps=1e-05, elementwise_affine=True)
        (dropout_module): FairseqDropout()
        (activation_dropout_module): FairseqDropout()
        (fc1): Linear(in_features=768, out_features=3072, bias=True)
        (fc2): Linear(in_features=3072, out_features=768, bias=True)
        (attn_ln): LayerNorm((768,), eps=1e-05, elementwise_affine=True)
        (ffn_layernorm): LayerNorm((3072,), eps=1e-05, elementwise_affine=True)
        (final_layer_norm): LayerNorm((768,), eps=1e-05, elementwise_affine=True)
        (drop_path): DropPath(p=0.10000000149011612)
      )
    )
    (layer_norm): LayerNorm((768,), eps=1e-05, elementwise_affine=True)
    (token_rel_pos_table_list): ModuleList(
      (0): Embedding(511, 12)
      (1): Embedding(511, 12)
      (2): Embedding(511, 12)
      (3): Embedding(511, 12)
      (4): Embedding(511, 12)
      (5): Embedding(511, 12)
    )
    (image_rel_pos_table_list): ModuleList(
      (0): Embedding(6892, 12)
      (1): Embedding(6892, 12)
      (2): Embedding(6892, 12)
      (3): Embedding(6892, 12)
      (4): Embedding(6892, 12)
      (5): Embedding(6892, 12)
    )
  )
  (decoder): TransformerDecoder(
    (dropout_module): FairseqDropout()
    (embed_tokens): Embedding(59457, 768, padding_idx=1)
    (layernorm_embedding): LayerNorm((768,), eps=1e-05, elementwise_affine=True)
    (embed_positions): Embedding(1026, 768)
    (embed_image_positions): Embedding(1765, 768)
    (pos_ln): LayerNorm((768,), eps=1e-05, elementwise_affine=True)
    (image_pos_ln): LayerNorm((768,), eps=1e-05, elementwise_affine=True)
    (self_pos_q_linear): Linear(in_features=768, out_features=768, bias=True)
    (self_pos_k_linear): Linear(in_features=768, out_features=768, bias=True)
    (cross_pos_q_linear): Linear(in_features=768, out_features=768, bias=True)
    (cross_pos_k_linear): Linear(in_features=768, out_features=768, bias=True)
    (code_layernorm_embedding): LayerNorm((768,), eps=1e-05, elementwise_affine=True)
    (layers): ModuleList(
      (0): TransformerDecoderLayer(
        (dropout_module): FairseqDropout()
        (self_attn): MultiheadAttention(
          (dropout_module): FairseqDropout()
          (k_proj): Linear(in_features=768, out_features=768, bias=True)
          (v_proj): Linear(in_features=768, out_features=768, bias=True)
          (q_proj): Linear(in_features=768, out_features=768, bias=True)
          (out_proj): Linear(in_features=768, out_features=768, bias=True)
        )
        (self_attn_ln): LayerNorm((768,), eps=1e-05, elementwise_affine=True)
        (cross_attn_ln): LayerNorm((768,), eps=1e-05, elementwise_affine=True)
        (activation_dropout_module): FairseqDropout()
        (self_attn_layer_norm): LayerNorm((768,), eps=1e-05, elementwise_affine=True)
        (encoder_attn): MultiheadAttention(
          (dropout_module): FairseqDropout()
          (k_proj): Linear(in_features=768, out_features=768, bias=True)
          (v_proj): Linear(in_features=768, out_features=768, bias=True)
          (q_proj): Linear(in_features=768, out_features=768, bias=True)
          (out_proj): Linear(in_features=768, out_features=768, bias=True)
        )
        (encoder_attn_layer_norm): LayerNorm((768,), eps=1e-05, elementwise_affine=True)
        (ffn_layernorm): LayerNorm((3072,), eps=1e-05, elementwise_affine=True)
        (fc1): Linear(in_features=768, out_features=3072, bias=True)
        (fc2): Linear(in_features=3072, out_features=768, bias=True)
        (final_layer_norm): LayerNorm((768,), eps=1e-05, elementwise_affine=True)
        (drop_path): Identity()
      )
      (1): TransformerDecoderLayer(
        (dropout_module): FairseqDropout()
        (self_attn): MultiheadAttention(
          (dropout_module): FairseqDropout()
          (k_proj): Linear(in_features=768, out_features=768, bias=True)
          (v_proj): Linear(in_features=768, out_features=768, bias=True)
          (q_proj): Linear(in_features=768, out_features=768, bias=True)
          (out_proj): Linear(in_features=768, out_features=768, bias=True)
        )
        (self_attn_ln): LayerNorm((768,), eps=1e-05, elementwise_affine=True)
        (cross_attn_ln): LayerNorm((768,), eps=1e-05, elementwise_affine=True)
        (activation_dropout_module): FairseqDropout()
        (self_attn_layer_norm): LayerNorm((768,), eps=1e-05, elementwise_affine=True)
        (encoder_attn): MultiheadAttention(
          (dropout_module): FairseqDropout()
          (k_proj): Linear(in_features=768, out_features=768, bias=True)
          (v_proj): Linear(in_features=768, out_features=768, bias=True)
          (q_proj): Linear(in_features=768, out_features=768, bias=True)
          (out_proj): Linear(in_features=768, out_features=768, bias=True)
        )
        (encoder_attn_layer_norm): LayerNorm((768,), eps=1e-05, elementwise_affine=True)
        (ffn_layernorm): LayerNorm((3072,), eps=1e-05, elementwise_affine=True)
        (fc1): Linear(in_features=768, out_features=3072, bias=True)
        (fc2): Linear(in_features=3072, out_features=768, bias=True)
        (final_layer_norm): LayerNorm((768,), eps=1e-05, elementwise_affine=True)
        (drop_path): DropPath(p=0.019999999552965164)
      )
      (2): TransformerDecoderLayer(
        (dropout_module): FairseqDropout()
        (self_attn): MultiheadAttention(
          (dropout_module): FairseqDropout()
          (k_proj): Linear(in_features=768, out_features=768, bias=True)
          (v_proj): Linear(in_features=768, out_features=768, bias=True)
          (q_proj): Linear(in_features=768, out_features=768, bias=True)
          (out_proj): Linear(in_features=768, out_features=768, bias=True)
        )
        (self_attn_ln): LayerNorm((768,), eps=1e-05, elementwise_affine=True)
        (cross_attn_ln): LayerNorm((768,), eps=1e-05, elementwise_affine=True)
        (activation_dropout_module): FairseqDropout()
        (self_attn_layer_norm): LayerNorm((768,), eps=1e-05, elementwise_affine=True)
        (encoder_attn): MultiheadAttention(
          (dropout_module): FairseqDropout()
          (k_proj): Linear(in_features=768, out_features=768, bias=True)
          (v_proj): Linear(in_features=768, out_features=768, bias=True)
          (q_proj): Linear(in_features=768, out_features=768, bias=True)
          (out_proj): Linear(in_features=768, out_features=768, bias=True)
        )
        (encoder_attn_layer_norm): LayerNorm((768,), eps=1e-05, elementwise_affine=True)
        (ffn_layernorm): LayerNorm((3072,), eps=1e-05, elementwise_affine=True)
        (fc1): Linear(in_features=768, out_features=3072, bias=True)
        (fc2): Linear(in_features=3072, out_features=768, bias=True)
        (final_layer_norm): LayerNorm((768,), eps=1e-05, elementwise_affine=True)
        (drop_path): DropPath(p=0.03999999910593033)
      )
      (3): TransformerDecoderLayer(
        (dropout_module): FairseqDropout()
        (self_attn): MultiheadAttention(
          (dropout_module): FairseqDropout()
          (k_proj): Linear(in_features=768, out_features=768, bias=True)
          (v_proj): Linear(in_features=768, out_features=768, bias=True)
          (q_proj): Linear(in_features=768, out_features=768, bias=True)
          (out_proj): Linear(in_features=768, out_features=768, bias=True)
        )
        (self_attn_ln): LayerNorm((768,), eps=1e-05, elementwise_affine=True)
        (cross_attn_ln): LayerNorm((768,), eps=1e-05, elementwise_affine=True)
        (activation_dropout_module): FairseqDropout()
        (self_attn_layer_norm): LayerNorm((768,), eps=1e-05, elementwise_affine=True)
        (encoder_attn): MultiheadAttention(
          (dropout_module): FairseqDropout()
          (k_proj): Linear(in_features=768, out_features=768, bias=True)
          (v_proj): Linear(in_features=768, out_features=768, bias=True)
          (q_proj): Linear(in_features=768, out_features=768, bias=True)
          (out_proj): Linear(in_features=768, out_features=768, bias=True)
        )
        (encoder_attn_layer_norm): LayerNorm((768,), eps=1e-05, elementwise_affine=True)
        (ffn_layernorm): LayerNorm((3072,), eps=1e-05, elementwise_affine=True)
        (fc1): Linear(in_features=768, out_features=3072, bias=True)
        (fc2): Linear(in_features=3072, out_features=768, bias=True)
        (final_layer_norm): LayerNorm((768,), eps=1e-05, elementwise_affine=True)
        (drop_path): DropPath(p=0.06000000238418579)
      )
      (4): TransformerDecoderLayer(
        (dropout_module): FairseqDropout()
        (self_attn): MultiheadAttention(
          (dropout_module): FairseqDropout()
          (k_proj): Linear(in_features=768, out_features=768, bias=True)
          (v_proj): Linear(in_features=768, out_features=768, bias=True)
          (q_proj): Linear(in_features=768, out_features=768, bias=True)
          (out_proj): Linear(in_features=768, out_features=768, bias=True)
        )
        (self_attn_ln): LayerNorm((768,), eps=1e-05, elementwise_affine=True)
        (cross_attn_ln): LayerNorm((768,), eps=1e-05, elementwise_affine=True)
        (activation_dropout_module): FairseqDropout()
        (self_attn_layer_norm): LayerNorm((768,), eps=1e-05, elementwise_affine=True)
        (encoder_attn): MultiheadAttention(
          (dropout_module): FairseqDropout()
          (k_proj): Linear(in_features=768, out_features=768, bias=True)
          (v_proj): Linear(in_features=768, out_features=768, bias=True)
          (q_proj): Linear(in_features=768, out_features=768, bias=True)
          (out_proj): Linear(in_features=768, out_features=768, bias=True)
        )
        (encoder_attn_layer_norm): LayerNorm((768,), eps=1e-05, elementwise_affine=True)
        (ffn_layernorm): LayerNorm((3072,), eps=1e-05, elementwise_affine=True)
        (fc1): Linear(in_features=768, out_features=3072, bias=True)
        (fc2): Linear(in_features=3072, out_features=768, bias=True)
        (final_layer_norm): LayerNorm((768,), eps=1e-05, elementwise_affine=True)
        (drop_path): DropPath(p=0.07999999821186066)
      )
      (5): TransformerDecoderLayer(
        (dropout_module): FairseqDropout()
        (self_attn): MultiheadAttention(
          (dropout_module): FairseqDropout()
          (k_proj): Linear(in_features=768, out_features=768, bias=True)
          (v_proj): Linear(in_features=768, out_features=768, bias=True)
          (q_proj): Linear(in_features=768, out_features=768, bias=True)
          (out_proj): Linear(in_features=768, out_features=768, bias=True)
        )
        (self_attn_ln): LayerNorm((768,), eps=1e-05, elementwise_affine=True)
        (cross_attn_ln): LayerNorm((768,), eps=1e-05, elementwise_affine=True)
        (activation_dropout_module): FairseqDropout()
        (self_attn_layer_norm): LayerNorm((768,), eps=1e-05, elementwise_affine=True)
        (encoder_attn): MultiheadAttention(
          (dropout_module): FairseqDropout()
          (k_proj): Linear(in_features=768, out_features=768, bias=True)
          (v_proj): Linear(in_features=768, out_features=768, bias=True)
          (q_proj): Linear(in_features=768, out_features=768, bias=True)
          (out_proj): Linear(in_features=768, out_features=768, bias=True)
        )
        (encoder_attn_layer_norm): LayerNorm((768,), eps=1e-05, elementwise_affine=True)
        (ffn_layernorm): LayerNorm((3072,), eps=1e-05, elementwise_affine=True)
        (fc1): Linear(in_features=768, out_features=3072, bias=True)
        (fc2): Linear(in_features=3072, out_features=768, bias=True)
        (final_layer_norm): LayerNorm((768,), eps=1e-05, elementwise_affine=True)
        (drop_path): DropPath(p=0.10000000149011612)
      )
    )
    (layer_norm): LayerNorm((768,), eps=1e-05, elementwise_affine=True)
    (output_projection): Linear(in_features=768, out_features=59457, bias=False)
    (token_rel_pos_table_list): ModuleList(
      (0): Embedding(511, 12)
      (1): Embedding(511, 12)
      (2): Embedding(511, 12)
      (3): Embedding(511, 12)
      (4): Embedding(511, 12)
      (5): Embedding(511, 12)
    )
    (image_rel_pos_table_list): ModuleList(
      (0): Embedding(6892, 12)
      (1): Embedding(6892, 12)
      (2): Embedding(6892, 12)
      (3): Embedding(6892, 12)
      (4): Embedding(6892, 12)
      (5): Embedding(6892, 12)
    )
  )
  (classification_heads): ModuleDict()
)
2023-05-15 22:33:39 - train.py[line:111] - INFO: task: SnliVeTask
2023-05-15 22:33:39 - train.py[line:112] - INFO: model: OFAModel
2023-05-15 22:33:39 - train.py[line:113] - INFO: criterion: AdjustLabelSmoothedCrossEntropyCriterion
2023-05-15 22:33:39 - train.py[line:114] - INFO: num. shared model params: 182,238,536 (num. trained: 182,238,536)
local datafile ../../dataset/snli_ve_data/snli_ve_dev.tsv slice_id 2 begin to initialize row_count and line_idx-to-offset mapping
2023-05-15 22:33:39 - train.py[line:121] - INFO: num. expert model params: 0 (num. trained: 0)
local datafile ../../dataset/snli_ve_data/snli_ve_dev.tsv slice_id 0 begin to initialize row_count and line_idx-to-offset mapping
local datafile ../../dataset/snli_ve_data/snli_ve_dev.tsv slice_id 3 begin to initialize row_count and line_idx-to-offset mapping
local datafile ../../dataset/snli_ve_data/snli_ve_dev.tsv slice_id 1 begin to initialize row_count and line_idx-to-offset mapping
local datafile ../../dataset/snli_ve_data/snli_ve_dev.tsv slice_id 0 finished initializing row_count and line_idx-to-offset mappinglocal datafile ../../dataset/snli_ve_data/snli_ve_dev.tsv slice_id 2 finished initializing row_count and line_idx-to-offset mapping

file ../../dataset/snli_ve_data/snli_ve_dev.tsv slice_id 0 row count 4465 total row count 17858file ../../dataset/snli_ve_data/snli_ve_dev.tsv slice_id 2 row count 4464 total row count 17858

/home/grads/mogunleye/.conda/envs/ofa1/lib/python3.9/site-packages/torchvision/transforms/transforms.py:329: UserWarning: Argument 'interpolation' of type int is deprecated since 0.13 and will be removed in 0.15. Please use InterpolationMode enum.
  warnings.warn(
/home/grads/mogunleye/.conda/envs/ofa1/lib/python3.9/site-packages/torchvision/transforms/transforms.py:329: UserWarning: Argument 'interpolation' of type int is deprecated since 0.13 and will be removed in 0.15. Please use InterpolationMode enum.
  warnings.warn(
local datafile ../../dataset/snli_ve_data/snli_ve_dev.tsv slice_id 3 finished initializing row_count and line_idx-to-offset mapping
file ../../dataset/snli_ve_data/snli_ve_dev.tsv slice_id 3 row count 4464 total row count 17858
/home/grads/mogunleye/.conda/envs/ofa1/lib/python3.9/site-packages/torchvision/transforms/transforms.py:329: UserWarning: Argument 'interpolation' of type int is deprecated since 0.13 and will be removed in 0.15. Please use InterpolationMode enum.
  warnings.warn(
local datafile ../../dataset/snli_ve_data/snli_ve_dev.tsv slice_id 1 finished initializing row_count and line_idx-to-offset mapping
file ../../dataset/snli_ve_data/snli_ve_dev.tsv slice_id 1 row count 4465 total row count 17858
/home/grads/mogunleye/.conda/envs/ofa1/lib/python3.9/site-packages/torchvision/transforms/transforms.py:329: UserWarning: Argument 'interpolation' of type int is deprecated since 0.13 and will be removed in 0.15. Please use InterpolationMode enum.
  warnings.warn(
2023-05-15 22:33:40 - distributed_c10d.py[line:319] - INFO: Added key: store_based_barrier_key:2 to store for rank: 0
2023-05-15 22:33:40 - distributed_c10d.py[line:353] - INFO: Rank 0: Completed store-based barrier for key:store_based_barrier_key:2 with 4 nodes.
2023-05-15 22:33:40 - trainer.py[line:123] - INFO: detected shared parameter: encoder.embed_tokens.weight <- decoder.embed_tokens.weight
2023-05-15 22:33:40 - trainer.py[line:123] - INFO: detected shared parameter: encoder.embed_tokens.weight <- decoder.output_projection.weight
2023-05-15 22:33:40 - trainer.py[line:123] - INFO: detected shared parameter: encoder.embed_images.conv1.bias <- encoder.embed_images.layer1.0.conv1.bias
2023-05-15 22:33:40 - trainer.py[line:123] - INFO: detected shared parameter: encoder.embed_images.conv1.bias <- encoder.embed_images.layer1.0.conv2.bias
2023-05-15 22:33:40 - trainer.py[line:123] - INFO: detected shared parameter: encoder.embed_images.conv1.bias <- encoder.embed_images.layer1.0.conv3.bias
2023-05-15 22:33:40 - trainer.py[line:123] - INFO: detected shared parameter: encoder.embed_images.conv1.bias <- encoder.embed_images.layer1.0.downsample.0.bias
2023-05-15 22:33:40 - trainer.py[line:123] - INFO: detected shared parameter: encoder.embed_images.conv1.bias <- encoder.embed_images.layer1.1.conv1.bias
2023-05-15 22:33:40 - trainer.py[line:123] - INFO: detected shared parameter: encoder.embed_images.conv1.bias <- encoder.embed_images.layer1.1.conv2.bias
2023-05-15 22:33:40 - trainer.py[line:123] - INFO: detected shared parameter: encoder.embed_images.conv1.bias <- encoder.embed_images.layer1.1.conv3.bias
2023-05-15 22:33:40 - trainer.py[line:123] - INFO: detected shared parameter: encoder.embed_images.conv1.bias <- encoder.embed_images.layer1.2.conv1.bias
2023-05-15 22:33:40 - trainer.py[line:123] - INFO: detected shared parameter: encoder.embed_images.conv1.bias <- encoder.embed_images.layer1.2.conv2.bias
2023-05-15 22:33:40 - trainer.py[line:123] - INFO: detected shared parameter: encoder.embed_images.conv1.bias <- encoder.embed_images.layer1.2.conv3.bias
2023-05-15 22:33:40 - trainer.py[line:123] - INFO: detected shared parameter: encoder.embed_images.conv1.bias <- encoder.embed_images.layer2.0.conv1.bias
2023-05-15 22:33:40 - trainer.py[line:123] - INFO: detected shared parameter: encoder.embed_images.conv1.bias <- encoder.embed_images.layer2.0.conv2.bias
2023-05-15 22:33:40 - trainer.py[line:123] - INFO: detected shared parameter: encoder.embed_images.conv1.bias <- encoder.embed_images.layer2.0.conv3.bias
2023-05-15 22:33:40 - trainer.py[line:123] - INFO: detected shared parameter: encoder.embed_images.conv1.bias <- encoder.embed_images.layer2.0.downsample.0.bias
2023-05-15 22:33:40 - trainer.py[line:123] - INFO: detected shared parameter: encoder.embed_images.conv1.bias <- encoder.embed_images.layer2.1.conv1.bias
2023-05-15 22:33:40 - trainer.py[line:123] - INFO: detected shared parameter: encoder.embed_images.conv1.bias <- encoder.embed_images.layer2.1.conv2.bias
2023-05-15 22:33:40 - trainer.py[line:123] - INFO: detected shared parameter: encoder.embed_images.conv1.bias <- encoder.embed_images.layer2.1.conv3.bias
2023-05-15 22:33:40 - trainer.py[line:123] - INFO: detected shared parameter: encoder.embed_images.conv1.bias <- encoder.embed_images.layer2.2.conv1.bias
2023-05-15 22:33:40 - trainer.py[line:123] - INFO: detected shared parameter: encoder.embed_images.conv1.bias <- encoder.embed_images.layer2.2.conv2.bias
2023-05-15 22:33:40 - trainer.py[line:123] - INFO: detected shared parameter: encoder.embed_images.conv1.bias <- encoder.embed_images.layer2.2.conv3.bias
2023-05-15 22:33:40 - trainer.py[line:123] - INFO: detected shared parameter: encoder.embed_images.conv1.bias <- encoder.embed_images.layer2.3.conv1.bias
2023-05-15 22:33:40 - trainer.py[line:123] - INFO: detected shared parameter: encoder.embed_images.conv1.bias <- encoder.embed_images.layer2.3.conv2.bias
2023-05-15 22:33:40 - trainer.py[line:123] - INFO: detected shared parameter: encoder.embed_images.conv1.bias <- encoder.embed_images.layer2.3.conv3.bias
2023-05-15 22:33:40 - trainer.py[line:123] - INFO: detected shared parameter: encoder.embed_images.conv1.bias <- encoder.embed_images.layer3.0.conv1.bias
2023-05-15 22:33:40 - trainer.py[line:123] - INFO: detected shared parameter: encoder.embed_images.conv1.bias <- encoder.embed_images.layer3.0.conv2.bias
2023-05-15 22:33:40 - trainer.py[line:123] - INFO: detected shared parameter: encoder.embed_images.conv1.bias <- encoder.embed_images.layer3.0.conv3.bias
2023-05-15 22:33:40 - trainer.py[line:123] - INFO: detected shared parameter: encoder.embed_images.conv1.bias <- encoder.embed_images.layer3.0.downsample.0.bias
2023-05-15 22:33:40 - trainer.py[line:123] - INFO: detected shared parameter: encoder.embed_images.conv1.bias <- encoder.embed_images.layer3.1.conv1.bias
2023-05-15 22:33:40 - trainer.py[line:123] - INFO: detected shared parameter: encoder.embed_images.conv1.bias <- encoder.embed_images.layer3.1.conv2.bias
2023-05-15 22:33:40 - trainer.py[line:123] - INFO: detected shared parameter: encoder.embed_images.conv1.bias <- encoder.embed_images.layer3.1.conv3.bias
2023-05-15 22:33:40 - trainer.py[line:123] - INFO: detected shared parameter: encoder.embed_images.conv1.bias <- encoder.embed_images.layer3.2.conv1.bias
2023-05-15 22:33:40 - trainer.py[line:123] - INFO: detected shared parameter: encoder.embed_images.conv1.bias <- encoder.embed_images.layer3.2.conv2.bias
2023-05-15 22:33:40 - trainer.py[line:123] - INFO: detected shared parameter: encoder.embed_images.conv1.bias <- encoder.embed_images.layer3.2.conv3.bias
2023-05-15 22:33:40 - trainer.py[line:123] - INFO: detected shared parameter: encoder.embed_images.conv1.bias <- encoder.embed_images.layer3.3.conv1.bias
2023-05-15 22:33:40 - trainer.py[line:123] - INFO: detected shared parameter: encoder.embed_images.conv1.bias <- encoder.embed_images.layer3.3.conv2.bias
2023-05-15 22:33:40 - trainer.py[line:123] - INFO: detected shared parameter: encoder.embed_images.conv1.bias <- encoder.embed_images.layer3.3.conv3.bias
2023-05-15 22:33:40 - trainer.py[line:123] - INFO: detected shared parameter: encoder.embed_images.conv1.bias <- encoder.embed_images.layer3.4.conv1.bias
2023-05-15 22:33:40 - trainer.py[line:123] - INFO: detected shared parameter: encoder.embed_images.conv1.bias <- encoder.embed_images.layer3.4.conv2.bias
2023-05-15 22:33:40 - trainer.py[line:123] - INFO: detected shared parameter: encoder.embed_images.conv1.bias <- encoder.embed_images.layer3.4.conv3.bias
2023-05-15 22:33:40 - trainer.py[line:123] - INFO: detected shared parameter: encoder.embed_images.conv1.bias <- encoder.embed_images.layer3.5.conv1.bias
2023-05-15 22:33:40 - trainer.py[line:123] - INFO: detected shared parameter: encoder.embed_images.conv1.bias <- encoder.embed_images.layer3.5.conv2.bias
2023-05-15 22:33:40 - trainer.py[line:123] - INFO: detected shared parameter: encoder.embed_images.conv1.bias <- encoder.embed_images.layer3.5.conv3.bias
2023-05-15 22:33:40 - trainer.py[line:123] - INFO: detected shared parameter: encoder.embed_images.conv1.bias <- encoder.embed_images.layer3.6.conv1.bias
2023-05-15 22:33:40 - trainer.py[line:123] - INFO: detected shared parameter: encoder.embed_images.conv1.bias <- encoder.embed_images.layer3.6.conv2.bias
2023-05-15 22:33:40 - trainer.py[line:123] - INFO: detected shared parameter: encoder.embed_images.conv1.bias <- encoder.embed_images.layer3.6.conv3.bias
2023-05-15 22:33:40 - trainer.py[line:123] - INFO: detected shared parameter: encoder.embed_images.conv1.bias <- encoder.embed_images.layer3.7.conv1.bias
2023-05-15 22:33:40 - trainer.py[line:123] - INFO: detected shared parameter: encoder.embed_images.conv1.bias <- encoder.embed_images.layer3.7.conv2.bias
2023-05-15 22:33:40 - trainer.py[line:123] - INFO: detected shared parameter: encoder.embed_images.conv1.bias <- encoder.embed_images.layer3.7.conv3.bias
2023-05-15 22:33:40 - trainer.py[line:123] - INFO: detected shared parameter: encoder.embed_images.conv1.bias <- encoder.embed_images.layer3.8.conv1.bias
2023-05-15 22:33:40 - trainer.py[line:123] - INFO: detected shared parameter: encoder.embed_images.conv1.bias <- encoder.embed_images.layer3.8.conv2.bias
2023-05-15 22:33:40 - trainer.py[line:123] - INFO: detected shared parameter: encoder.embed_images.conv1.bias <- encoder.embed_images.layer3.8.conv3.bias
2023-05-15 22:33:40 - trainer.py[line:123] - INFO: detected shared parameter: encoder.embed_images.conv1.bias <- encoder.embed_images.layer3.9.conv1.bias
2023-05-15 22:33:40 - trainer.py[line:123] - INFO: detected shared parameter: encoder.embed_images.conv1.bias <- encoder.embed_images.layer3.9.conv2.bias
2023-05-15 22:33:40 - trainer.py[line:123] - INFO: detected shared parameter: encoder.embed_images.conv1.bias <- encoder.embed_images.layer3.9.conv3.bias
2023-05-15 22:33:40 - trainer.py[line:123] - INFO: detected shared parameter: encoder.embed_images.conv1.bias <- encoder.embed_images.layer3.10.conv1.bias
2023-05-15 22:33:40 - trainer.py[line:123] - INFO: detected shared parameter: encoder.embed_images.conv1.bias <- encoder.embed_images.layer3.10.conv2.bias
2023-05-15 22:33:40 - trainer.py[line:123] - INFO: detected shared parameter: encoder.embed_images.conv1.bias <- encoder.embed_images.layer3.10.conv3.bias
2023-05-15 22:33:40 - trainer.py[line:123] - INFO: detected shared parameter: encoder.embed_images.conv1.bias <- encoder.embed_images.layer3.11.conv1.bias
2023-05-15 22:33:40 - trainer.py[line:123] - INFO: detected shared parameter: encoder.embed_images.conv1.bias <- encoder.embed_images.layer3.11.conv2.bias
2023-05-15 22:33:40 - trainer.py[line:123] - INFO: detected shared parameter: encoder.embed_images.conv1.bias <- encoder.embed_images.layer3.11.conv3.bias
2023-05-15 22:33:40 - trainer.py[line:123] - INFO: detected shared parameter: encoder.embed_images.conv1.bias <- encoder.embed_images.layer3.12.conv1.bias
2023-05-15 22:33:40 - trainer.py[line:123] - INFO: detected shared parameter: encoder.embed_images.conv1.bias <- encoder.embed_images.layer3.12.conv2.bias
2023-05-15 22:33:40 - trainer.py[line:123] - INFO: detected shared parameter: encoder.embed_images.conv1.bias <- encoder.embed_images.layer3.12.conv3.bias
2023-05-15 22:33:40 - trainer.py[line:123] - INFO: detected shared parameter: encoder.embed_images.conv1.bias <- encoder.embed_images.layer3.13.conv1.bias
2023-05-15 22:33:40 - trainer.py[line:123] - INFO: detected shared parameter: encoder.embed_images.conv1.bias <- encoder.embed_images.layer3.13.conv2.bias
2023-05-15 22:33:40 - trainer.py[line:123] - INFO: detected shared parameter: encoder.embed_images.conv1.bias <- encoder.embed_images.layer3.13.conv3.bias
2023-05-15 22:33:40 - trainer.py[line:123] - INFO: detected shared parameter: encoder.embed_images.conv1.bias <- encoder.embed_images.layer3.14.conv1.bias
2023-05-15 22:33:40 - trainer.py[line:123] - INFO: detected shared parameter: encoder.embed_images.conv1.bias <- encoder.embed_images.layer3.14.conv2.bias
2023-05-15 22:33:40 - trainer.py[line:123] - INFO: detected shared parameter: encoder.embed_images.conv1.bias <- encoder.embed_images.layer3.14.conv3.bias
2023-05-15 22:33:40 - trainer.py[line:123] - INFO: detected shared parameter: encoder.embed_images.conv1.bias <- encoder.embed_images.layer3.15.conv1.bias
2023-05-15 22:33:40 - trainer.py[line:123] - INFO: detected shared parameter: encoder.embed_images.conv1.bias <- encoder.embed_images.layer3.15.conv2.bias
2023-05-15 22:33:40 - trainer.py[line:123] - INFO: detected shared parameter: encoder.embed_images.conv1.bias <- encoder.embed_images.layer3.15.conv3.bias
2023-05-15 22:33:40 - trainer.py[line:123] - INFO: detected shared parameter: encoder.embed_images.conv1.bias <- encoder.embed_images.layer3.16.conv1.bias
2023-05-15 22:33:40 - trainer.py[line:123] - INFO: detected shared parameter: encoder.embed_images.conv1.bias <- encoder.embed_images.layer3.16.conv2.bias
2023-05-15 22:33:40 - trainer.py[line:123] - INFO: detected shared parameter: encoder.embed_images.conv1.bias <- encoder.embed_images.layer3.16.conv3.bias
2023-05-15 22:33:40 - trainer.py[line:123] - INFO: detected shared parameter: encoder.embed_images.conv1.bias <- encoder.embed_images.layer3.17.conv1.bias
2023-05-15 22:33:40 - trainer.py[line:123] - INFO: detected shared parameter: encoder.embed_images.conv1.bias <- encoder.embed_images.layer3.17.conv2.bias
2023-05-15 22:33:40 - trainer.py[line:123] - INFO: detected shared parameter: encoder.embed_images.conv1.bias <- encoder.embed_images.layer3.17.conv3.bias
2023-05-15 22:33:40 - trainer.py[line:123] - INFO: detected shared parameter: encoder.embed_images.conv1.bias <- encoder.embed_images.layer3.18.conv1.bias
2023-05-15 22:33:40 - trainer.py[line:123] - INFO: detected shared parameter: encoder.embed_images.conv1.bias <- encoder.embed_images.layer3.18.conv2.bias
2023-05-15 22:33:40 - trainer.py[line:123] - INFO: detected shared parameter: encoder.embed_images.conv1.bias <- encoder.embed_images.layer3.18.conv3.bias
2023-05-15 22:33:40 - trainer.py[line:123] - INFO: detected shared parameter: encoder.embed_images.conv1.bias <- encoder.embed_images.layer3.19.conv1.bias
2023-05-15 22:33:40 - trainer.py[line:123] - INFO: detected shared parameter: encoder.embed_images.conv1.bias <- encoder.embed_images.layer3.19.conv2.bias
2023-05-15 22:33:40 - trainer.py[line:123] - INFO: detected shared parameter: encoder.embed_images.conv1.bias <- encoder.embed_images.layer3.19.conv3.bias
2023-05-15 22:33:40 - trainer.py[line:123] - INFO: detected shared parameter: encoder.embed_images.conv1.bias <- encoder.embed_images.layer3.20.conv1.bias
2023-05-15 22:33:40 - trainer.py[line:123] - INFO: detected shared parameter: encoder.embed_images.conv1.bias <- encoder.embed_images.layer3.20.conv2.bias
2023-05-15 22:33:40 - trainer.py[line:123] - INFO: detected shared parameter: encoder.embed_images.conv1.bias <- encoder.embed_images.layer3.20.conv3.bias
2023-05-15 22:33:40 - trainer.py[line:123] - INFO: detected shared parameter: encoder.embed_images.conv1.bias <- encoder.embed_images.layer3.21.conv1.bias
2023-05-15 22:33:40 - trainer.py[line:123] - INFO: detected shared parameter: encoder.embed_images.conv1.bias <- encoder.embed_images.layer3.21.conv2.bias
2023-05-15 22:33:40 - trainer.py[line:123] - INFO: detected shared parameter: encoder.embed_images.conv1.bias <- encoder.embed_images.layer3.21.conv3.bias
2023-05-15 22:33:40 - trainer.py[line:123] - INFO: detected shared parameter: encoder.embed_images.conv1.bias <- encoder.embed_images.layer3.22.conv1.bias
2023-05-15 22:33:40 - trainer.py[line:123] - INFO: detected shared parameter: encoder.embed_images.conv1.bias <- encoder.embed_images.layer3.22.conv2.bias
2023-05-15 22:33:40 - trainer.py[line:123] - INFO: detected shared parameter: encoder.embed_images.conv1.bias <- encoder.embed_images.layer3.22.conv3.bias
2023-05-15 22:33:40 - trainer.py[line:123] - INFO: detected shared parameter: encoder.embed_images.conv1.bias <- decoder.output_projection.bias
2023-05-15 22:33:40 - utils.py[line:759] - INFO: ***********************CUDA enviroments for all 4 workers***********************
2023-05-15 22:33:40 - utils.py[line:761] - INFO: rank   0: capabilities =  8.6  ; total memory = 44.428 GB ; name = NVIDIA A40                              
2023-05-15 22:33:40 - utils.py[line:761] - INFO: rank   1: capabilities =  8.6  ; total memory = 44.428 GB ; name = NVIDIA A40                              
2023-05-15 22:33:40 - utils.py[line:761] - INFO: rank   2: capabilities =  8.6  ; total memory = 44.428 GB ; name = NVIDIA A40                              
2023-05-15 22:33:40 - utils.py[line:761] - INFO: rank   3: capabilities =  8.6  ; total memory = 44.428 GB ; name = NVIDIA A40                              
2023-05-15 22:33:40 - utils.py[line:767] - INFO: ***********************CUDA enviroments for all 4 workers***********************
2023-05-15 22:33:40 - train.py[line:152] - INFO: training on 4 devices (GPUs/TPUs)
2023-05-15 22:33:40 - train.py[line:157] - INFO: max tokens per device = None and max sentences per device = 4
2023-05-15 22:33:40 - trainer.py[line:458] - INFO: Preparing to load checkpoint ../../run_scripts/pretraining/checkpoints_EC/checkpoint_17_492000.pt
local datafile ../../dataset/snli_ve_data/snli_ve_train.tsv slice_id 1 begin to initialize row_count and line_idx-to-offset mapping
local datafile ../../dataset/snli_ve_data/snli_ve_train.tsv slice_id 2 begin to initialize row_count and line_idx-to-offset mapping
2023-05-15 22:33:42 - trainer.py[line:617] - INFO: Loaded checkpoint ../../run_scripts/pretraining/checkpoints_EC/checkpoint_17_492000.pt (epoch 17 @ 0 updates)
2023-05-15 22:33:42 - trainer.py[line:639] - INFO: loading train data for epoch 1
local datafile ../../dataset/snli_ve_data/snli_ve_train.tsv slice_id 0 begin to initialize row_count and line_idx-to-offset mapping
local datafile ../../dataset/snli_ve_data/snli_ve_train.tsv slice_id 3 begin to initialize row_count and line_idx-to-offset mapping
local datafile ../../dataset/snli_ve_data/snli_ve_train.tsv slice_id 1 finished initializing row_count and line_idx-to-offset mapping
file ../../dataset/snli_ve_data/snli_ve_train.tsv slice_id 1 row count 132382 total row count 529527
/home/grads/mogunleye/Research/EC_pretraining/OFA/data/mm_data/snli_ve_dataset.py:60: VisibleDeprecationWarning: Creating an ndarray from ragged nested sequences (which is a list-or-tuple of lists-or-tuples-or ndarrays with different lengths or shapes) is deprecated. If you meant to do this, you must specify 'dtype=object' when creating the ndarray.
  decoder_prompts = np.array([s['decoder_prompt'].tolist() for s in samples])
slice_id 1 seek offset 132382
Total steps 20685, warmup steps 1241, warmup_factor 0.0008058017727639
local datafile ../../dataset/snli_ve_data/snli_ve_train.tsv slice_id 2 finished initializing row_count and line_idx-to-offset mapping
file ../../dataset/snli_ve_data/snli_ve_train.tsv slice_id 2 row count 132382 total row count 529527
local datafile ../../dataset/snli_ve_data/snli_ve_train.tsv slice_id 3 finished initializing row_count and line_idx-to-offset mappinglocal datafile ../../dataset/snli_ve_data/snli_ve_train.tsv slice_id 0 finished initializing row_count and line_idx-to-offset mapping

file ../../dataset/snli_ve_data/snli_ve_train.tsv slice_id 3 row count 132381 total row count 529527file ../../dataset/snli_ve_data/snli_ve_train.tsv slice_id 0 row count 132382 total row count 529527

/home/grads/mogunleye/Research/EC_pretraining/OFA/data/mm_data/snli_ve_dataset.py:60: VisibleDeprecationWarning: Creating an ndarray from ragged nested sequences (which is a list-or-tuple of lists-or-tuples-or ndarrays with different lengths or shapes) is deprecated. If you meant to do this, you must specify 'dtype=object' when creating the ndarray.
  decoder_prompts = np.array([s['decoder_prompt'].tolist() for s in samples])
slice_id 2 seek offset 264764
Total steps 20685, warmup steps 1241, warmup_factor 0.0008058017727639
/home/grads/mogunleye/Research/EC_pretraining/OFA/data/mm_data/snli_ve_dataset.py:60: VisibleDeprecationWarning: Creating an ndarray from ragged nested sequences (which is a list-or-tuple of lists-or-tuples-or ndarrays with different lengths or shapes) is deprecated. If you meant to do this, you must specify 'dtype=object' when creating the ndarray.
  decoder_prompts = np.array([s['decoder_prompt'].tolist() for s in samples])
slice_id 3 seek offset 397146
Total steps 20685, warmup steps 1241, warmup_factor 0.0008058017727639
/home/grads/mogunleye/Research/EC_pretraining/OFA/data/mm_data/snli_ve_dataset.py:60: VisibleDeprecationWarning: Creating an ndarray from ragged nested sequences (which is a list-or-tuple of lists-or-tuples-or ndarrays with different lengths or shapes) is deprecated. If you meant to do this, you must specify 'dtype=object' when creating the ndarray.
  decoder_prompts = np.array([s['decoder_prompt'].tolist() for s in samples])
slice_id 0 seek offset 0
Total steps 20685, warmup steps 1241, warmup_factor 0.0008058017727639
2023-05-15 22:33:57 - trainer.py[line:703] - INFO: begin training epoch 1
2023-05-15 22:33:57 - train.py[line:305] - INFO: Start iterating over samples
2023-05-15 22:34:02 - trainer.py[line:921] - INFO: NOTE: gradient overflow detected, ignoring gradient, setting loss scale to: 64.0
2023-05-15 22:34:23 - progress_bar.py[line:272] - INFO: epoch 001:     11 / 4137 loss=2.064, loss_v1=0, loss_v2=0, nll_loss=2.064, ntokens=256, nsentences=128, sample_size=256, sample_size_v1=0, sample_size_v2=0, ppl=4.18, wps=125.4, ups=0.49, wpb=256, bsz=128, num_updates=10, lr=4.02901e-07, gnorm=31.351, clip=100, loss_scale=64, train_wall=25, gb_free=36.7, wall=43
2023-05-15 22:34:43 - progress_bar.py[line:272] - INFO: epoch 001:     21 / 4137 loss=2.04, loss_v1=0, loss_v2=0, nll_loss=2.04, ntokens=256, nsentences=128, sample_size=256, sample_size_v1=0, sample_size_v2=0, ppl=4.11, wps=122.6, ups=0.48, wpb=256, bsz=128, num_updates=20, lr=8.05802e-07, gnorm=32.02, clip=100, loss_scale=64, train_wall=21, gb_free=36.7, wall=64
2023-05-15 22:35:04 - progress_bar.py[line:272] - INFO: epoch 001:     31 / 4137 loss=1.747, loss_v1=0, loss_v2=0, nll_loss=1.747, ntokens=256, nsentences=128, sample_size=256, sample_size_v1=0, sample_size_v2=0, ppl=3.36, wps=123.8, ups=0.48, wpb=256, bsz=128, num_updates=30, lr=1.2087e-06, gnorm=30.143, clip=100, loss_scale=64, train_wall=21, gb_free=36.7, wall=84
2023-05-15 22:35:25 - progress_bar.py[line:272] - INFO: epoch 001:     41 / 4137 loss=1.037, loss_v1=0, loss_v2=0, nll_loss=1.037, ntokens=256, nsentences=128, sample_size=256, sample_size_v1=0, sample_size_v2=0, ppl=2.05, wps=123.4, ups=0.48, wpb=256, bsz=128, num_updates=40, lr=1.6116e-06, gnorm=16.156, clip=100, loss_scale=64, train_wall=21, gb_free=36.6, wall=105
2023-05-15 22:35:48 - progress_bar.py[line:272] - INFO: epoch 001:     51 / 4137 loss=0.976, loss_v1=0, loss_v2=0, nll_loss=0.976, ntokens=256, nsentences=128, sample_size=256, sample_size_v1=0, sample_size_v2=0, ppl=1.97, wps=109, ups=0.43, wpb=256, bsz=128, num_updates=50, lr=2.0145e-06, gnorm=11.733, clip=100, loss_scale=64, train_wall=23, gb_free=36.7, wall=129
2023-05-15 22:36:12 - progress_bar.py[line:272] - INFO: epoch 001:     61 / 4137 loss=0.862, loss_v1=0, loss_v2=0, nll_loss=0.862, ntokens=256, nsentences=128, sample_size=256, sample_size_v1=0, sample_size_v2=0, ppl=1.82, wps=107.1, ups=0.42, wpb=256, bsz=128, num_updates=60, lr=2.41741e-06, gnorm=7.296, clip=100, loss_scale=64, train_wall=24, gb_free=36.6, wall=153
2023-05-15 22:36:36 - progress_bar.py[line:272] - INFO: epoch 001:     71 / 4137 loss=0.776, loss_v1=0, loss_v2=0, nll_loss=0.776, ntokens=256, nsentences=128, sample_size=256, sample_size_v1=0, sample_size_v2=0, ppl=1.71, wps=106.5, ups=0.42, wpb=256, bsz=128, num_updates=70, lr=2.82031e-06, gnorm=5.499, clip=100, loss_scale=64, train_wall=24, gb_free=36.5, wall=177
2023-05-15 22:37:00 - progress_bar.py[line:272] - INFO: epoch 001:     81 / 4137 loss=0.707, loss_v1=0, loss_v2=0, nll_loss=0.707, ntokens=256, nsentences=128, sample_size=256, sample_size_v1=0, sample_size_v2=0, ppl=1.63, wps=108.6, ups=0.42, wpb=256, bsz=128, num_updates=80, lr=3.22321e-06, gnorm=4.185, clip=100, loss_scale=64, train_wall=24, gb_free=36.7, wall=200
2023-05-15 22:37:21 - progress_bar.py[line:272] - INFO: epoch 001:     91 / 4137 loss=0.665, loss_v1=0, loss_v2=0, nll_loss=0.665, ntokens=256, nsentences=128, sample_size=256, sample_size_v1=0, sample_size_v2=0, ppl=1.59, wps=119.9, ups=0.47, wpb=256, bsz=128, num_updates=90, lr=3.62611e-06, gnorm=2.768, clip=100, loss_scale=64, train_wall=21, gb_free=36.7, wall=221
2023-05-15 22:37:42 - progress_bar.py[line:272] - INFO: epoch 001:    101 / 4137 loss=0.604, loss_v1=0, loss_v2=0, nll_loss=0.604, ntokens=256, nsentences=128, sample_size=256, sample_size_v1=0, sample_size_v2=0, ppl=1.52, wps=125.9, ups=0.49, wpb=256, bsz=128, num_updates=100, lr=4.02901e-06, gnorm=2.493, clip=100, loss_scale=64, train_wall=20, gb_free=36.6, wall=242
2023-05-15 22:38:05 - progress_bar.py[line:272] - INFO: epoch 001:    111 / 4137 loss=0.603, loss_v1=0, loss_v2=0, nll_loss=0.603, ntokens=256, nsentences=128, sample_size=256, sample_size_v1=0, sample_size_v2=0, ppl=1.52, wps=108.3, ups=0.42, wpb=256, bsz=128, num_updates=110, lr=4.43191e-06, gnorm=2.026, clip=100, loss_scale=64, train_wall=24, gb_free=36.7, wall=265
2023-05-15 22:38:29 - progress_bar.py[line:272] - INFO: epoch 001:    121 / 4137 loss=0.58, loss_v1=0, loss_v2=0, nll_loss=0.58, ntokens=256, nsentences=128, sample_size=256, sample_size_v1=0, sample_size_v2=0, ppl=1.5, wps=105.9, ups=0.41, wpb=256, bsz=128, num_updates=120, lr=4.83481e-06, gnorm=1.685, clip=100, loss_scale=64, train_wall=24, gb_free=36.6, wall=290
2023-05-15 22:38:54 - progress_bar.py[line:272] - INFO: epoch 001:    131 / 4137 loss=0.59, loss_v1=0, loss_v2=0, nll_loss=0.59, ntokens=256, nsentences=128, sample_size=256, sample_size_v1=0, sample_size_v2=0, ppl=1.51, wps=106.2, ups=0.41, wpb=256, bsz=128, num_updates=130, lr=5.23771e-06, gnorm=1.598, clip=100, loss_scale=64, train_wall=24, gb_free=36.6, wall=314
2023-05-15 22:39:17 - progress_bar.py[line:272] - INFO: epoch 001:    141 / 4137 loss=0.574, loss_v1=0, loss_v2=0, nll_loss=0.574, ntokens=256, nsentences=128, sample_size=256, sample_size_v1=0, sample_size_v2=0, ppl=1.49, wps=108.1, ups=0.42, wpb=256, bsz=128, num_updates=140, lr=5.64061e-06, gnorm=1.512, clip=100, loss_scale=64, train_wall=24, gb_free=36.7, wall=337
2023-05-15 22:39:37 - progress_bar.py[line:272] - INFO: epoch 001:    151 / 4137 loss=0.574, loss_v1=0, loss_v2=0, nll_loss=0.574, ntokens=256, nsentences=128, sample_size=256, sample_size_v1=0, sample_size_v2=0, ppl=1.49, wps=126.7, ups=0.49, wpb=256, bsz=128, num_updates=150, lr=6.04351e-06, gnorm=1.301, clip=80, loss_scale=64, train_wall=20, gb_free=36.7, wall=358
2023-05-15 22:39:57 - progress_bar.py[line:272] - INFO: epoch 001:    161 / 4137 loss=0.581, loss_v1=0, loss_v2=0, nll_loss=0.581, ntokens=256, nsentences=128, sample_size=256, sample_size_v1=0, sample_size_v2=0, ppl=1.5, wps=127.9, ups=0.5, wpb=256, bsz=128, num_updates=160, lr=6.44641e-06, gnorm=1.254, clip=100, loss_scale=64, train_wall=20, gb_free=36.6, wall=378
2023-05-15 22:40:19 - progress_bar.py[line:272] - INFO: epoch 001:    171 / 4137 loss=0.567, loss_v1=0, loss_v2=0, nll_loss=0.567, ntokens=256, nsentences=128, sample_size=256, sample_size_v1=0, sample_size_v2=0, ppl=1.48, wps=116.9, ups=0.46, wpb=256, bsz=128, num_updates=170, lr=6.84932e-06, gnorm=1.292, clip=90, loss_scale=64, train_wall=22, gb_free=36.6, wall=400
2023-05-15 22:40:43 - progress_bar.py[line:272] - INFO: epoch 001:    181 / 4137 loss=0.567, loss_v1=0, loss_v2=0, nll_loss=0.567, ntokens=256, nsentences=128, sample_size=256, sample_size_v1=0, sample_size_v2=0, ppl=1.48, wps=110.4, ups=0.43, wpb=256, bsz=128, num_updates=180, lr=7.25222e-06, gnorm=1.054, clip=60, loss_scale=64, train_wall=23, gb_free=36.6, wall=423
2023-05-15 22:41:06 - progress_bar.py[line:272] - INFO: epoch 001:    191 / 4137 loss=0.565, loss_v1=0, loss_v2=0, nll_loss=0.565, ntokens=256, nsentences=128, sample_size=256, sample_size_v1=0, sample_size_v2=0, ppl=1.48, wps=108.1, ups=0.42, wpb=256, bsz=128, num_updates=190, lr=7.65512e-06, gnorm=1.037, clip=60, loss_scale=64, train_wall=24, gb_free=36.6, wall=446
2023-05-15 22:41:30 - progress_bar.py[line:272] - INFO: epoch 001:    201 / 4137 loss=0.559, loss_v1=0, loss_v2=0, nll_loss=0.559, ntokens=256, nsentences=128, sample_size=256, sample_size_v1=0, sample_size_v2=0, ppl=1.47, wps=108.9, ups=0.43, wpb=256, bsz=128, num_updates=200, lr=8.05802e-06, gnorm=0.981, clip=30, loss_scale=64, train_wall=23, gb_free=36.6, wall=470
2023-05-15 22:41:53 - progress_bar.py[line:272] - INFO: epoch 001:    211 / 4137 loss=0.558, loss_v1=0, loss_v2=0, nll_loss=0.558, ntokens=256, nsentences=128, sample_size=256, sample_size_v1=0, sample_size_v2=0, ppl=1.47, wps=108.7, ups=0.42, wpb=256, bsz=128, num_updates=210, lr=8.46092e-06, gnorm=1.059, clip=50, loss_scale=64, train_wall=23, gb_free=36.6, wall=493
2023-05-15 22:42:14 - progress_bar.py[line:272] - INFO: epoch 001:    221 / 4137 loss=0.558, loss_v1=0, loss_v2=0, nll_loss=0.558, ntokens=256, nsentences=128, sample_size=256, sample_size_v1=0, sample_size_v2=0, ppl=1.47, wps=126.5, ups=0.49, wpb=256, bsz=128, num_updates=220, lr=8.86382e-06, gnorm=0.951, clip=50, loss_scale=64, train_wall=20, gb_free=36.7, wall=514
2023-05-15 22:42:37 - progress_bar.py[line:272] - INFO: epoch 001:    231 / 4137 loss=0.552, loss_v1=0, loss_v2=0, nll_loss=0.552, ntokens=256, nsentences=128, sample_size=256, sample_size_v1=0, sample_size_v2=0, ppl=1.47, wps=111.3, ups=0.43, wpb=256, bsz=128, num_updates=230, lr=9.26672e-06, gnorm=0.984, clip=50, loss_scale=64, train_wall=23, gb_free=36.7, wall=537
2023-05-15 22:43:05 - progress_bar.py[line:272] - INFO: epoch 001:    241 / 4137 loss=0.544, loss_v1=0, loss_v2=0, nll_loss=0.544, ntokens=256, nsentences=128, sample_size=256, sample_size_v1=0, sample_size_v2=0, ppl=1.46, wps=90.9, ups=0.36, wpb=256, bsz=128, num_updates=240, lr=9.66962e-06, gnorm=0.957, clip=50, loss_scale=64, train_wall=28, gb_free=36.7, wall=565
2023-05-15 22:43:33 - progress_bar.py[line:272] - INFO: epoch 001:    251 / 4137 loss=0.547, loss_v1=0, loss_v2=0, nll_loss=0.547, ntokens=256, nsentences=128, sample_size=256, sample_size_v1=0, sample_size_v2=0, ppl=1.46, wps=89.5, ups=0.35, wpb=256, bsz=128, num_updates=250, lr=1.00725e-05, gnorm=0.94, clip=20, loss_scale=64, train_wall=28, gb_free=36.6, wall=593
2023-05-15 22:44:02 - progress_bar.py[line:272] - INFO: epoch 001:    261 / 4137 loss=0.544, loss_v1=0, loss_v2=0, nll_loss=0.544, ntokens=256, nsentences=128, sample_size=256, sample_size_v1=0, sample_size_v2=0, ppl=1.46, wps=89.1, ups=0.35, wpb=256, bsz=128, num_updates=260, lr=1.04754e-05, gnorm=0.848, clip=20, loss_scale=64, train_wall=29, gb_free=36.7, wall=622
2023-05-15 22:44:29 - progress_bar.py[line:272] - INFO: epoch 001:    271 / 4137 loss=0.54, loss_v1=0, loss_v2=0, nll_loss=0.54, ntokens=256, nsentences=128, sample_size=256, sample_size_v1=0, sample_size_v2=0, ppl=1.45, wps=96.3, ups=0.38, wpb=256, bsz=128, num_updates=270, lr=1.08783e-05, gnorm=1.014, clip=40, loss_scale=64, train_wall=26, gb_free=36.7, wall=649
2023-05-15 22:44:55 - progress_bar.py[line:272] - INFO: epoch 001:    281 / 4137 loss=0.538, loss_v1=0, loss_v2=0, nll_loss=0.538, ntokens=256, nsentences=128, sample_size=256, sample_size_v1=0, sample_size_v2=0, ppl=1.45, wps=96.2, ups=0.38, wpb=256, bsz=128, num_updates=280, lr=1.12812e-05, gnorm=0.901, clip=20, loss_scale=64, train_wall=27, gb_free=36.5, wall=675
2023-05-15 22:45:20 - progress_bar.py[line:272] - INFO: epoch 001:    291 / 4137 loss=0.536, loss_v1=0, loss_v2=0, nll_loss=0.536, ntokens=256, nsentences=128, sample_size=256, sample_size_v1=0, sample_size_v2=0, ppl=1.45, wps=104.1, ups=0.41, wpb=256, bsz=128, num_updates=290, lr=1.16841e-05, gnorm=0.893, clip=20, loss_scale=64, train_wall=25, gb_free=36.7, wall=700
2023-05-15 22:45:47 - progress_bar.py[line:272] - INFO: epoch 001:    301 / 4137 loss=0.535, loss_v1=0, loss_v2=0, nll_loss=0.535, ntokens=256, nsentences=128, sample_size=256, sample_size_v1=0, sample_size_v2=0, ppl=1.45, wps=95.8, ups=0.37, wpb=256, bsz=128, num_updates=300, lr=1.2087e-05, gnorm=0.944, clip=40, loss_scale=64, train_wall=27, gb_free=36.7, wall=727
2023-05-15 22:46:13 - progress_bar.py[line:272] - INFO: epoch 001:    311 / 4137 loss=0.534, loss_v1=0, loss_v2=0, nll_loss=0.534, ntokens=256, nsentences=128, sample_size=256, sample_size_v1=0, sample_size_v2=0, ppl=1.45, wps=95.8, ups=0.37, wpb=256, bsz=128, num_updates=310, lr=1.24899e-05, gnorm=0.936, clip=40, loss_scale=64, train_wall=27, gb_free=36.5, wall=753
2023-05-15 22:46:42 - progress_bar.py[line:272] - INFO: epoch 001:    321 / 4137 loss=0.543, loss_v1=0, loss_v2=0, nll_loss=0.543, ntokens=256, nsentences=128, sample_size=256, sample_size_v1=0, sample_size_v2=0, ppl=1.46, wps=90.6, ups=0.35, wpb=256, bsz=128, num_updates=320, lr=1.28928e-05, gnorm=0.869, clip=10, loss_scale=64, train_wall=28, gb_free=36.5, wall=782
2023-05-15 22:47:10 - progress_bar.py[line:272] - INFO: epoch 001:    331 / 4137 loss=0.533, loss_v1=0, loss_v2=0, nll_loss=0.533, ntokens=256, nsentences=128, sample_size=256, sample_size_v1=0, sample_size_v2=0, ppl=1.45, wps=90.3, ups=0.35, wpb=256, bsz=128, num_updates=330, lr=1.32957e-05, gnorm=0.884, clip=10, loss_scale=64, train_wall=28, gb_free=36.7, wall=810
2023-05-15 22:47:37 - progress_bar.py[line:272] - INFO: epoch 001:    341 / 4137 loss=0.528, loss_v1=0, loss_v2=0, nll_loss=0.528, ntokens=256, nsentences=128, sample_size=256, sample_size_v1=0, sample_size_v2=0, ppl=1.44, wps=96, ups=0.38, wpb=256, bsz=128, num_updates=340, lr=1.36986e-05, gnorm=1.052, clip=50, loss_scale=64, train_wall=27, gb_free=36.7, wall=837
2023-05-15 22:48:02 - progress_bar.py[line:272] - INFO: epoch 001:    351 / 4137 loss=0.525, loss_v1=0, loss_v2=0, nll_loss=0.525, ntokens=256, nsentences=128, sample_size=256, sample_size_v1=0, sample_size_v2=0, ppl=1.44, wps=102.3, ups=0.4, wpb=256, bsz=128, num_updates=350, lr=1.41015e-05, gnorm=0.85, clip=20, loss_scale=64, train_wall=25, gb_free=36.5, wall=862
2023-05-15 22:48:28 - progress_bar.py[line:272] - INFO: epoch 001:    361 / 4137 loss=0.511, loss_v1=0, loss_v2=0, nll_loss=0.511, ntokens=256, nsentences=128, sample_size=256, sample_size_v1=0, sample_size_v2=0, ppl=1.42, wps=95.3, ups=0.37, wpb=256, bsz=128, num_updates=360, lr=1.45044e-05, gnorm=0.968, clip=30, loss_scale=64, train_wall=27, gb_free=36.7, wall=889
2023-05-15 22:48:55 - progress_bar.py[line:272] - INFO: epoch 001:    371 / 4137 loss=0.511, loss_v1=0, loss_v2=0, nll_loss=0.511, ntokens=256, nsentences=128, sample_size=256, sample_size_v1=0, sample_size_v2=0, ppl=1.43, wps=96.2, ups=0.38, wpb=256, bsz=128, num_updates=370, lr=1.49073e-05, gnorm=0.955, clip=40, loss_scale=64, train_wall=27, gb_free=36.6, wall=915
2023-05-15 22:49:22 - progress_bar.py[line:272] - INFO: epoch 001:    381 / 4137 loss=0.516, loss_v1=0, loss_v2=0, nll_loss=0.516, ntokens=256, nsentences=128, sample_size=256, sample_size_v1=0, sample_size_v2=0, ppl=1.43, wps=95.8, ups=0.37, wpb=256, bsz=128, num_updates=380, lr=1.53102e-05, gnorm=0.957, clip=30, loss_scale=64, train_wall=27, gb_free=36.7, wall=942
2023-05-15 22:49:49 - progress_bar.py[line:272] - INFO: epoch 001:    391 / 4137 loss=0.516, loss_v1=0, loss_v2=0, nll_loss=0.516, ntokens=256, nsentences=128, sample_size=256, sample_size_v1=0, sample_size_v2=0, ppl=1.43, wps=95.8, ups=0.37, wpb=256, bsz=128, num_updates=390, lr=1.57131e-05, gnorm=1.191, clip=70, loss_scale=64, train_wall=27, gb_free=36.6, wall=969
2023-05-15 22:50:14 - progress_bar.py[line:272] - INFO: epoch 001:    401 / 4137 loss=0.518, loss_v1=0, loss_v2=0, nll_loss=0.518, ntokens=256, nsentences=128, sample_size=256, sample_size_v1=0, sample_size_v2=0, ppl=1.43, wps=99.2, ups=0.39, wpb=256, bsz=128, num_updates=400, lr=1.6116e-05, gnorm=1.203, clip=70, loss_scale=64, train_wall=26, gb_free=36.4, wall=995
2023-05-15 22:50:38 - progress_bar.py[line:272] - INFO: epoch 001:    411 / 4137 loss=0.517, loss_v1=0, loss_v2=0, nll_loss=0.517, ntokens=256, nsentences=128, sample_size=256, sample_size_v1=0, sample_size_v2=0, ppl=1.43, wps=108.8, ups=0.42, wpb=256, bsz=128, num_updates=410, lr=1.65189e-05, gnorm=1.072, clip=30, loss_scale=64, train_wall=23, gb_free=36.7, wall=1018
2023-05-15 22:50:59 - progress_bar.py[line:272] - INFO: epoch 001:    421 / 4137 loss=0.512, loss_v1=0, loss_v2=0, nll_loss=0.512, ntokens=256, nsentences=128, sample_size=256, sample_size_v1=0, sample_size_v2=0, ppl=1.43, wps=120.5, ups=0.47, wpb=256, bsz=128, num_updates=420, lr=1.69218e-05, gnorm=1.053, clip=60, loss_scale=64, train_wall=21, gb_free=36.6, wall=1039
2023-05-15 22:51:25 - progress_bar.py[line:272] - INFO: epoch 001:    431 / 4137 loss=0.506, loss_v1=0, loss_v2=0, nll_loss=0.506, ntokens=256, nsentences=128, sample_size=256, sample_size_v1=0, sample_size_v2=0, ppl=1.42, wps=97.2, ups=0.38, wpb=256, bsz=128, num_updates=430, lr=1.73247e-05, gnorm=0.978, clip=50, loss_scale=64, train_wall=26, gb_free=36.6, wall=1066
2023-05-15 22:51:52 - progress_bar.py[line:272] - INFO: epoch 001:    441 / 4137 loss=0.513, loss_v1=0, loss_v2=0, nll_loss=0.513, ntokens=256, nsentences=128, sample_size=256, sample_size_v1=0, sample_size_v2=0, ppl=1.43, wps=96.1, ups=0.38, wpb=256, bsz=128, num_updates=440, lr=1.77276e-05, gnorm=1.071, clip=60, loss_scale=64, train_wall=27, gb_free=36.6, wall=1092
2023-05-15 22:52:19 - progress_bar.py[line:272] - INFO: epoch 001:    451 / 4137 loss=0.511, loss_v1=0, loss_v2=0, nll_loss=0.511, ntokens=256, nsentences=128, sample_size=256, sample_size_v1=0, sample_size_v2=0, ppl=1.43, wps=96.1, ups=0.38, wpb=256, bsz=128, num_updates=450, lr=1.81305e-05, gnorm=1.053, clip=60, loss_scale=64, train_wall=27, gb_free=36.6, wall=1119
2023-05-15 22:52:45 - progress_bar.py[line:272] - INFO: epoch 001:    461 / 4137 loss=0.506, loss_v1=0, loss_v2=0, nll_loss=0.506, ntokens=256, nsentences=128, sample_size=256, sample_size_v1=0, sample_size_v2=0, ppl=1.42, wps=96.1, ups=0.38, wpb=256, bsz=128, num_updates=460, lr=1.85334e-05, gnorm=1.112, clip=60, loss_scale=64, train_wall=27, gb_free=36.5, wall=1146
2023-05-15 22:53:12 - progress_bar.py[line:272] - INFO: epoch 001:    471 / 4137 loss=0.498, loss_v1=0, loss_v2=0, nll_loss=0.498, ntokens=256, nsentences=128, sample_size=256, sample_size_v1=0, sample_size_v2=0, ppl=1.41, wps=96.5, ups=0.38, wpb=256, bsz=128, num_updates=470, lr=1.89363e-05, gnorm=0.926, clip=10, loss_scale=64, train_wall=26, gb_free=36.7, wall=1172
2023-05-15 22:53:39 - progress_bar.py[line:272] - INFO: epoch 001:    481 / 4137 loss=0.513, loss_v1=0, loss_v2=0, nll_loss=0.513, ntokens=256, nsentences=128, sample_size=256, sample_size_v1=0, sample_size_v2=0, ppl=1.43, wps=95, ups=0.37, wpb=256, bsz=128, num_updates=480, lr=1.93392e-05, gnorm=0.998, clip=40, loss_scale=64, train_wall=27, gb_free=36.7, wall=1199
2023-05-15 22:54:16 - progress_bar.py[line:272] - INFO: epoch 001:    491 / 4137 loss=0.498, loss_v1=0, loss_v2=0, nll_loss=0.498, ntokens=256, nsentences=128, sample_size=256, sample_size_v1=0, sample_size_v2=0, ppl=1.41, wps=68.4, ups=0.27, wpb=256, bsz=128, num_updates=490, lr=1.97421e-05, gnorm=1.024, clip=40, loss_scale=64, train_wall=37, gb_free=36.7, wall=1236
slice_id 1 seek offset 4465
slice_id 2 seek offset 8930
slice_id 3 seek offset 13394
2023-05-15 22:54:53 - progress_bar.py[line:272] - INFO: epoch 001:    501 / 4137 loss=0.508, loss_v1=0, loss_v2=0, nll_loss=0.508, ntokens=256, nsentences=128, sample_size=256, sample_size_v1=0, sample_size_v2=0, ppl=1.42, wps=70.5, ups=0.28, wpb=256, bsz=128, num_updates=500, lr=2.0145e-05, gnorm=0.859, clip=10, loss_scale=64, train_wall=36, gb_free=36.7, wall=1273
2023-05-15 22:54:53 - train.py[line:445] - INFO: begin validation on "valid" subset
slice_id 0 seek offset 0
slice_id 1 seek offset 4465
slice_id 2 seek offset 8930
slice_id 3 seek offset 13394
slice_id 0 seek offset 0
2023-05-15 23:00:29 - progress_bar.py[line:282] - INFO: epoch 001 | valid on 'valid' subset | loss 0.482 | loss_v1 0 | loss_v2 0 | nll_loss 0.482 | ntokens 31.975 | nsentences 15.987 | sample_size 31.975 | sample_size_v1 0 | sample_size_v2 0 | ppl 1.4 | snli_score 0.5402 | wps 106.3 | wpb 32 | bsz 16 | num_updates 500
2023-05-15 23:00:29 - checkpoint_utils.py[line:64] - INFO: Preparing to save checkpoint for epoch 1 @ 500 updates
2023-05-15 23:00:29 - trainer.py[line:431] - INFO: Saving checkpoint to ./EC_full_checkpoints/5_5e-5/checkpoint_1_500.pt
2023-05-15 23:00:32 - trainer.py[line:441] - INFO: Finished saving checkpoint to ./EC_full_checkpoints/5_5e-5/checkpoint_1_500.pt
2023-05-15 23:00:36 - checkpoint_utils.py[line:133] - INFO: Saved checkpoint ./EC_full_checkpoints/5_5e-5/checkpoint_1_500.pt (epoch 1 @ 500 updates, score 0.5402) (writing took 6.385978748090565 seconds)
2023-05-15 23:00:56 - progress_bar.py[line:272] - INFO: epoch 001:    511 / 4137 loss=0.502, loss_v1=0, loss_v2=0, nll_loss=0.502, ntokens=256, nsentences=128, sample_size=256, sample_size_v1=0, sample_size_v2=0, ppl=1.42, wps=7.1, ups=0.03, wpb=256, bsz=128, num_updates=510, lr=2.05479e-05, gnorm=0.877, clip=20, loss_scale=64, train_wall=20, gb_free=36.7, wall=1636
2023-05-15 23:01:16 - progress_bar.py[line:272] - INFO: epoch 001:    521 / 4137 loss=0.492, loss_v1=0, loss_v2=0, nll_loss=0.492, ntokens=256, nsentences=128, sample_size=256, sample_size_v1=0, sample_size_v2=0, ppl=1.41, wps=128.6, ups=0.5, wpb=256, bsz=128, num_updates=520, lr=2.09508e-05, gnorm=0.903, clip=10, loss_scale=128, train_wall=20, gb_free=36.7, wall=1656
2023-05-15 23:01:35 - progress_bar.py[line:272] - INFO: epoch 001:    531 / 4137 loss=0.495, loss_v1=0, loss_v2=0, nll_loss=0.495, ntokens=254.2, nsentences=127.1, sample_size=254.2, sample_size_v1=0, sample_size_v2=0, ppl=1.41, wps=129.1, ups=0.51, wpb=254.2, bsz=127.1, num_updates=530, lr=2.13537e-05, gnorm=1.13, clip=70, loss_scale=128, train_wall=20, gb_free=36.7, wall=1675
2023-05-15 23:01:55 - progress_bar.py[line:272] - INFO: epoch 001:    541 / 4137 loss=0.493, loss_v1=0, loss_v2=0, nll_loss=0.493, ntokens=256, nsentences=128, sample_size=256, sample_size_v1=0, sample_size_v2=0, ppl=1.41, wps=128.8, ups=0.5, wpb=256, bsz=128, num_updates=540, lr=2.17566e-05, gnorm=1.09, clip=70, loss_scale=128, train_wall=20, gb_free=36.5, wall=1695
2023-05-15 23:02:15 - progress_bar.py[line:272] - INFO: epoch 001:    551 / 4137 loss=0.478, loss_v1=0, loss_v2=0, nll_loss=0.478, ntokens=256, nsentences=128, sample_size=256, sample_size_v1=0, sample_size_v2=0, ppl=1.39, wps=128.5, ups=0.5, wpb=256, bsz=128, num_updates=550, lr=2.21595e-05, gnorm=1.104, clip=50, loss_scale=128, train_wall=20, gb_free=36.7, wall=1715
2023-05-15 23:02:35 - progress_bar.py[line:272] - INFO: epoch 001:    561 / 4137 loss=0.499, loss_v1=0, loss_v2=0, nll_loss=0.499, ntokens=256, nsentences=128, sample_size=256, sample_size_v1=0, sample_size_v2=0, ppl=1.41, wps=128.3, ups=0.5, wpb=256, bsz=128, num_updates=560, lr=2.25624e-05, gnorm=1.286, clip=90, loss_scale=128, train_wall=20, gb_free=36.5, wall=1735
2023-05-15 23:02:55 - progress_bar.py[line:272] - INFO: epoch 001:    571 / 4137 loss=0.486, loss_v1=0, loss_v2=0, nll_loss=0.486, ntokens=256, nsentences=128, sample_size=256, sample_size_v1=0, sample_size_v2=0, ppl=1.4, wps=127.9, ups=0.5, wpb=256, bsz=128, num_updates=570, lr=2.29654e-05, gnorm=0.942, clip=40, loss_scale=128, train_wall=20, gb_free=36.5, wall=1755
2023-05-15 23:03:15 - progress_bar.py[line:272] - INFO: epoch 001:    581 / 4137 loss=0.475, loss_v1=0, loss_v2=0, nll_loss=0.475, ntokens=256, nsentences=128, sample_size=256, sample_size_v1=0, sample_size_v2=0, ppl=1.39, wps=129.4, ups=0.51, wpb=256, bsz=128, num_updates=580, lr=2.33683e-05, gnorm=1.018, clip=40, loss_scale=128, train_wall=20, gb_free=36.7, wall=1775
2023-05-15 23:03:35 - progress_bar.py[line:272] - INFO: epoch 001:    591 / 4137 loss=0.472, loss_v1=0, loss_v2=0, nll_loss=0.472, ntokens=256, nsentences=128, sample_size=256, sample_size_v1=0, sample_size_v2=0, ppl=1.39, wps=127.6, ups=0.5, wpb=256, bsz=128, num_updates=590, lr=2.37712e-05, gnorm=1.238, clip=80, loss_scale=128, train_wall=20, gb_free=36.6, wall=1795
2023-05-15 23:03:56 - progress_bar.py[line:272] - INFO: epoch 001:    601 / 4137 loss=0.471, loss_v1=0, loss_v2=0, nll_loss=0.471, ntokens=256, nsentences=128, sample_size=256, sample_size_v1=0, sample_size_v2=0, ppl=1.39, wps=122.8, ups=0.48, wpb=256, bsz=128, num_updates=600, lr=2.41741e-05, gnorm=1.072, clip=50, loss_scale=128, train_wall=21, gb_free=36.5, wall=1816
2023-05-15 23:04:16 - progress_bar.py[line:272] - INFO: epoch 001:    611 / 4137 loss=0.475, loss_v1=0, loss_v2=0, nll_loss=0.475, ntokens=256, nsentences=128, sample_size=256, sample_size_v1=0, sample_size_v2=0, ppl=1.39, wps=122.9, ups=0.48, wpb=256, bsz=128, num_updates=610, lr=2.4577e-05, gnorm=1.261, clip=100, loss_scale=128, train_wall=21, gb_free=36.7, wall=1837
2023-05-15 23:04:36 - progress_bar.py[line:272] - INFO: epoch 001:    621 / 4137 loss=0.491, loss_v1=0, loss_v2=0, nll_loss=0.491, ntokens=256, nsentences=128, sample_size=256, sample_size_v1=0, sample_size_v2=0, ppl=1.41, wps=129.4, ups=0.51, wpb=256, bsz=128, num_updates=620, lr=2.49799e-05, gnorm=1.377, clip=80, loss_scale=128, train_wall=20, gb_free=36.6, wall=1856
2023-05-15 23:04:56 - progress_bar.py[line:272] - INFO: epoch 001:    631 / 4137 loss=0.474, loss_v1=0, loss_v2=0, nll_loss=0.474, ntokens=256, nsentences=128, sample_size=256, sample_size_v1=0, sample_size_v2=0, ppl=1.39, wps=128.6, ups=0.5, wpb=256, bsz=128, num_updates=630, lr=2.53828e-05, gnorm=1.043, clip=30, loss_scale=128, train_wall=20, gb_free=36.5, wall=1876
2023-05-15 23:05:16 - progress_bar.py[line:272] - INFO: epoch 001:    641 / 4137 loss=0.489, loss_v1=0, loss_v2=0, nll_loss=0.489, ntokens=256, nsentences=128, sample_size=256, sample_size_v1=0, sample_size_v2=0, ppl=1.4, wps=128.3, ups=0.5, wpb=256, bsz=128, num_updates=640, lr=2.57857e-05, gnorm=1.281, clip=80, loss_scale=128, train_wall=20, gb_free=36.7, wall=1896
2023-05-15 23:05:36 - progress_bar.py[line:272] - INFO: epoch 001:    651 / 4137 loss=0.468, loss_v1=0, loss_v2=0, nll_loss=0.468, ntokens=256, nsentences=128, sample_size=256, sample_size_v1=0, sample_size_v2=0, ppl=1.38, wps=128.2, ups=0.5, wpb=256, bsz=128, num_updates=650, lr=2.61886e-05, gnorm=1.024, clip=40, loss_scale=128, train_wall=20, gb_free=36.6, wall=1916
2023-05-15 23:05:56 - progress_bar.py[line:272] - INFO: epoch 001:    661 / 4137 loss=0.476, loss_v1=0, loss_v2=0, nll_loss=0.476, ntokens=256, nsentences=128, sample_size=256, sample_size_v1=0, sample_size_v2=0, ppl=1.39, wps=128.1, ups=0.5, wpb=256, bsz=128, num_updates=660, lr=2.65915e-05, gnorm=1.064, clip=40, loss_scale=128, train_wall=20, gb_free=36.5, wall=1936
2023-05-15 23:06:16 - progress_bar.py[line:272] - INFO: epoch 001:    671 / 4137 loss=0.472, loss_v1=0, loss_v2=0, nll_loss=0.472, ntokens=256, nsentences=128, sample_size=256, sample_size_v1=0, sample_size_v2=0, ppl=1.39, wps=128.2, ups=0.5, wpb=256, bsz=128, num_updates=670, lr=2.69944e-05, gnorm=1.002, clip=50, loss_scale=128, train_wall=20, gb_free=36.6, wall=1956
2023-05-15 23:06:36 - progress_bar.py[line:272] - INFO: epoch 001:    681 / 4137 loss=0.463, loss_v1=0, loss_v2=0, nll_loss=0.463, ntokens=256, nsentences=128, sample_size=256, sample_size_v1=0, sample_size_v2=0, ppl=1.38, wps=128.7, ups=0.5, wpb=256, bsz=128, num_updates=680, lr=2.73973e-05, gnorm=0.994, clip=40, loss_scale=128, train_wall=20, gb_free=36.4, wall=1976
2023-05-15 23:06:56 - progress_bar.py[line:272] - INFO: epoch 001:    691 / 4137 loss=0.469, loss_v1=0, loss_v2=0, nll_loss=0.469, ntokens=256, nsentences=128, sample_size=256, sample_size_v1=0, sample_size_v2=0, ppl=1.38, wps=128.3, ups=0.5, wpb=256, bsz=128, num_updates=690, lr=2.78002e-05, gnorm=0.987, clip=20, loss_scale=128, train_wall=20, gb_free=36.6, wall=1996
2023-05-15 23:07:16 - progress_bar.py[line:272] - INFO: epoch 001:    701 / 4137 loss=0.476, loss_v1=0, loss_v2=0, nll_loss=0.476, ntokens=256, nsentences=128, sample_size=256, sample_size_v1=0, sample_size_v2=0, ppl=1.39, wps=128.2, ups=0.5, wpb=256, bsz=128, num_updates=700, lr=2.82031e-05, gnorm=0.985, clip=50, loss_scale=128, train_wall=20, gb_free=36.7, wall=2016
2023-05-15 23:07:36 - progress_bar.py[line:272] - INFO: epoch 001:    711 / 4137 loss=0.464, loss_v1=0, loss_v2=0, nll_loss=0.464, ntokens=256, nsentences=128, sample_size=256, sample_size_v1=0, sample_size_v2=0, ppl=1.38, wps=128.6, ups=0.5, wpb=256, bsz=128, num_updates=710, lr=2.8606e-05, gnorm=1.003, clip=30, loss_scale=128, train_wall=20, gb_free=36.6, wall=2036
2023-05-15 23:07:56 - progress_bar.py[line:272] - INFO: epoch 001:    721 / 4137 loss=0.474, loss_v1=0, loss_v2=0, nll_loss=0.474, ntokens=256, nsentences=128, sample_size=256, sample_size_v1=0, sample_size_v2=0, ppl=1.39, wps=129.2, ups=0.5, wpb=256, bsz=128, num_updates=720, lr=2.90089e-05, gnorm=1.116, clip=60, loss_scale=128, train_wall=20, gb_free=36.6, wall=2056
2023-05-15 23:08:15 - progress_bar.py[line:272] - INFO: epoch 001:    731 / 4137 loss=0.464, loss_v1=0, loss_v2=0, nll_loss=0.464, ntokens=256, nsentences=128, sample_size=256, sample_size_v1=0, sample_size_v2=0, ppl=1.38, wps=129.6, ups=0.51, wpb=256, bsz=128, num_updates=730, lr=2.94118e-05, gnorm=1.048, clip=40, loss_scale=128, train_wall=20, gb_free=36.6, wall=2076
2023-05-15 23:08:35 - progress_bar.py[line:272] - INFO: epoch 001:    741 / 4137 loss=0.472, loss_v1=0, loss_v2=0, nll_loss=0.472, ntokens=256, nsentences=128, sample_size=256, sample_size_v1=0, sample_size_v2=0, ppl=1.39, wps=130, ups=0.51, wpb=256, bsz=128, num_updates=740, lr=2.98147e-05, gnorm=1.42, clip=80, loss_scale=128, train_wall=20, gb_free=36.6, wall=2095
2023-05-15 23:08:55 - progress_bar.py[line:272] - INFO: epoch 001:    751 / 4137 loss=0.485, loss_v1=0, loss_v2=0, nll_loss=0.485, ntokens=256, nsentences=128, sample_size=256, sample_size_v1=0, sample_size_v2=0, ppl=1.4, wps=126.1, ups=0.49, wpb=256, bsz=128, num_updates=750, lr=3.02176e-05, gnorm=1.566, clip=90, loss_scale=128, train_wall=20, gb_free=36.7, wall=2116
2023-05-15 23:09:17 - progress_bar.py[line:272] - INFO: epoch 001:    761 / 4137 loss=0.459, loss_v1=0, loss_v2=0, nll_loss=0.459, ntokens=256, nsentences=128, sample_size=256, sample_size_v1=0, sample_size_v2=0, ppl=1.37, wps=117.6, ups=0.46, wpb=256, bsz=128, num_updates=760, lr=3.06205e-05, gnorm=1.283, clip=100, loss_scale=128, train_wall=22, gb_free=36.5, wall=2137
2023-05-15 23:09:39 - progress_bar.py[line:272] - INFO: epoch 001:    771 / 4137 loss=0.438, loss_v1=0, loss_v2=0, nll_loss=0.438, ntokens=256, nsentences=128, sample_size=256, sample_size_v1=0, sample_size_v2=0, ppl=1.36, wps=115.2, ups=0.45, wpb=256, bsz=128, num_updates=770, lr=3.10234e-05, gnorm=1.302, clip=80, loss_scale=128, train_wall=22, gb_free=36.7, wall=2160
2023-05-15 23:10:00 - progress_bar.py[line:272] - INFO: epoch 001:    781 / 4137 loss=0.466, loss_v1=0, loss_v2=0, nll_loss=0.466, ntokens=256, nsentences=128, sample_size=256, sample_size_v1=0, sample_size_v2=0, ppl=1.38, wps=121.9, ups=0.48, wpb=256, bsz=128, num_updates=780, lr=3.14263e-05, gnorm=1.256, clip=100, loss_scale=128, train_wall=21, gb_free=36.7, wall=2181
2023-05-15 23:10:21 - progress_bar.py[line:272] - INFO: epoch 001:    791 / 4137 loss=0.449, loss_v1=0, loss_v2=0, nll_loss=0.449, ntokens=256, nsentences=128, sample_size=256, sample_size_v1=0, sample_size_v2=0, ppl=1.37, wps=123.7, ups=0.48, wpb=256, bsz=128, num_updates=790, lr=3.18292e-05, gnorm=1.006, clip=40, loss_scale=128, train_wall=21, gb_free=36.5, wall=2201
2023-05-15 23:10:42 - progress_bar.py[line:272] - INFO: epoch 001:    801 / 4137 loss=0.456, loss_v1=0, loss_v2=0, nll_loss=0.456, ntokens=256, nsentences=128, sample_size=256, sample_size_v1=0, sample_size_v2=0, ppl=1.37, wps=120.8, ups=0.47, wpb=256, bsz=128, num_updates=800, lr=3.22321e-05, gnorm=1.211, clip=80, loss_scale=128, train_wall=21, gb_free=36.5, wall=2222
2023-05-15 23:11:02 - progress_bar.py[line:272] - INFO: epoch 001:    811 / 4137 loss=0.438, loss_v1=0, loss_v2=0, nll_loss=0.438, ntokens=256, nsentences=128, sample_size=256, sample_size_v1=0, sample_size_v2=0, ppl=1.35, wps=127.7, ups=0.5, wpb=256, bsz=128, num_updates=810, lr=3.2635e-05, gnorm=1.117, clip=50, loss_scale=128, train_wall=20, gb_free=36.5, wall=2242
2023-05-15 23:11:23 - progress_bar.py[line:272] - INFO: epoch 001:    821 / 4137 loss=0.464, loss_v1=0, loss_v2=0, nll_loss=0.464, ntokens=256, nsentences=128, sample_size=256, sample_size_v1=0, sample_size_v2=0, ppl=1.38, wps=125.4, ups=0.49, wpb=256, bsz=128, num_updates=820, lr=3.30379e-05, gnorm=1.056, clip=70, loss_scale=128, train_wall=20, gb_free=36.7, wall=2263
2023-05-15 23:11:44 - progress_bar.py[line:272] - INFO: epoch 001:    831 / 4137 loss=0.455, loss_v1=0, loss_v2=0, nll_loss=0.455, ntokens=256, nsentences=128, sample_size=256, sample_size_v1=0, sample_size_v2=0, ppl=1.37, wps=121.6, ups=0.48, wpb=256, bsz=128, num_updates=830, lr=3.34408e-05, gnorm=1.463, clip=80, loss_scale=128, train_wall=21, gb_free=36.7, wall=2284
2023-05-15 23:12:04 - progress_bar.py[line:272] - INFO: epoch 001:    841 / 4137 loss=0.45, loss_v1=0, loss_v2=0, nll_loss=0.45, ntokens=256, nsentences=128, sample_size=256, sample_size_v1=0, sample_size_v2=0, ppl=1.37, wps=123.3, ups=0.48, wpb=256, bsz=128, num_updates=840, lr=3.38437e-05, gnorm=1.213, clip=80, loss_scale=128, train_wall=21, gb_free=36.7, wall=2305
2023-05-15 23:12:25 - progress_bar.py[line:272] - INFO: epoch 001:    851 / 4137 loss=0.467, loss_v1=0, loss_v2=0, nll_loss=0.467, ntokens=256, nsentences=128, sample_size=256, sample_size_v1=0, sample_size_v2=0, ppl=1.38, wps=126.7, ups=0.49, wpb=256, bsz=128, num_updates=850, lr=3.42466e-05, gnorm=1.048, clip=50, loss_scale=128, train_wall=20, gb_free=36.7, wall=2325
2023-05-15 23:12:45 - progress_bar.py[line:272] - INFO: epoch 001:    861 / 4137 loss=0.448, loss_v1=0, loss_v2=0, nll_loss=0.448, ntokens=256, nsentences=128, sample_size=256, sample_size_v1=0, sample_size_v2=0, ppl=1.36, wps=127.8, ups=0.5, wpb=256, bsz=128, num_updates=860, lr=3.46495e-05, gnorm=0.995, clip=50, loss_scale=128, train_wall=20, gb_free=36.6, wall=2345
2023-05-15 23:13:05 - progress_bar.py[line:272] - INFO: epoch 001:    871 / 4137 loss=0.433, loss_v1=0, loss_v2=0, nll_loss=0.433, ntokens=256, nsentences=128, sample_size=256, sample_size_v1=0, sample_size_v2=0, ppl=1.35, wps=128.2, ups=0.5, wpb=256, bsz=128, num_updates=870, lr=3.50524e-05, gnorm=0.962, clip=30, loss_scale=128, train_wall=20, gb_free=36.7, wall=2365
2023-05-15 23:13:25 - progress_bar.py[line:272] - INFO: epoch 001:    881 / 4137 loss=0.466, loss_v1=0, loss_v2=0, nll_loss=0.466, ntokens=256, nsentences=128, sample_size=256, sample_size_v1=0, sample_size_v2=0, ppl=1.38, wps=128.5, ups=0.5, wpb=256, bsz=128, num_updates=880, lr=3.54553e-05, gnorm=1.28, clip=60, loss_scale=128, train_wall=20, gb_free=36.6, wall=2385
2023-05-15 23:13:45 - progress_bar.py[line:272] - INFO: epoch 001:    891 / 4137 loss=0.445, loss_v1=0, loss_v2=0, nll_loss=0.445, ntokens=256, nsentences=128, sample_size=256, sample_size_v1=0, sample_size_v2=0, ppl=1.36, wps=128.1, ups=0.5, wpb=256, bsz=128, num_updates=890, lr=3.58582e-05, gnorm=1.017, clip=60, loss_scale=128, train_wall=20, gb_free=36.5, wall=2405
2023-05-15 23:14:05 - progress_bar.py[line:272] - INFO: epoch 001:    901 / 4137 loss=0.443, loss_v1=0, loss_v2=0, nll_loss=0.443, ntokens=256, nsentences=128, sample_size=256, sample_size_v1=0, sample_size_v2=0, ppl=1.36, wps=122.6, ups=0.48, wpb=256, bsz=128, num_updates=900, lr=3.62611e-05, gnorm=0.914, clip=40, loss_scale=128, train_wall=21, gb_free=36.5, wall=2426
2023-05-15 23:14:26 - progress_bar.py[line:272] - INFO: epoch 001:    911 / 4137 loss=0.44, loss_v1=0, loss_v2=0, nll_loss=0.44, ntokens=256, nsentences=128, sample_size=256, sample_size_v1=0, sample_size_v2=0, ppl=1.36, wps=127, ups=0.5, wpb=256, bsz=128, num_updates=910, lr=3.6664e-05, gnorm=1.038, clip=50, loss_scale=128, train_wall=20, gb_free=36.4, wall=2446
2023-05-15 23:14:46 - progress_bar.py[line:272] - INFO: epoch 001:    921 / 4137 loss=0.443, loss_v1=0, loss_v2=0, nll_loss=0.443, ntokens=256, nsentences=128, sample_size=256, sample_size_v1=0, sample_size_v2=0, ppl=1.36, wps=124.4, ups=0.49, wpb=256, bsz=128, num_updates=920, lr=3.70669e-05, gnorm=1.242, clip=80, loss_scale=128, train_wall=21, gb_free=36.5, wall=2466
2023-05-15 23:15:07 - progress_bar.py[line:272] - INFO: epoch 001:    931 / 4137 loss=0.448, loss_v1=0, loss_v2=0, nll_loss=0.448, ntokens=256, nsentences=128, sample_size=256, sample_size_v1=0, sample_size_v2=0, ppl=1.36, wps=124.9, ups=0.49, wpb=256, bsz=128, num_updates=930, lr=3.74698e-05, gnorm=1.176, clip=70, loss_scale=128, train_wall=20, gb_free=36.6, wall=2487
2023-05-15 23:15:27 - progress_bar.py[line:272] - INFO: epoch 001:    941 / 4137 loss=0.446, loss_v1=0, loss_v2=0, nll_loss=0.446, ntokens=256, nsentences=128, sample_size=256, sample_size_v1=0, sample_size_v2=0, ppl=1.36, wps=127.7, ups=0.5, wpb=256, bsz=128, num_updates=940, lr=3.78727e-05, gnorm=1.153, clip=50, loss_scale=128, train_wall=20, gb_free=36.7, wall=2507
2023-05-15 23:15:48 - progress_bar.py[line:272] - INFO: epoch 001:    951 / 4137 loss=0.436, loss_v1=0, loss_v2=0, nll_loss=0.436, ntokens=256, nsentences=128, sample_size=256, sample_size_v1=0, sample_size_v2=0, ppl=1.35, wps=122.2, ups=0.48, wpb=256, bsz=128, num_updates=950, lr=3.82756e-05, gnorm=1.121, clip=60, loss_scale=128, train_wall=21, gb_free=36.5, wall=2528
2023-05-15 23:16:09 - progress_bar.py[line:272] - INFO: epoch 001:    961 / 4137 loss=0.43, loss_v1=0, loss_v2=0, nll_loss=0.43, ntokens=256, nsentences=128, sample_size=256, sample_size_v1=0, sample_size_v2=0, ppl=1.35, wps=121.8, ups=0.48, wpb=256, bsz=128, num_updates=960, lr=3.86785e-05, gnorm=1.118, clip=50, loss_scale=128, train_wall=21, gb_free=36.6, wall=2549
2023-05-15 23:16:29 - progress_bar.py[line:272] - INFO: epoch 001:    971 / 4137 loss=0.436, loss_v1=0, loss_v2=0, nll_loss=0.436, ntokens=256, nsentences=128, sample_size=256, sample_size_v1=0, sample_size_v2=0, ppl=1.35, wps=123.8, ups=0.48, wpb=256, bsz=128, num_updates=970, lr=3.90814e-05, gnorm=1.045, clip=50, loss_scale=128, train_wall=21, gb_free=36.6, wall=2570
2023-05-15 23:16:49 - progress_bar.py[line:272] - INFO: epoch 001:    981 / 4137 loss=0.437, loss_v1=0, loss_v2=0, nll_loss=0.437, ntokens=256, nsentences=128, sample_size=256, sample_size_v1=0, sample_size_v2=0, ppl=1.35, wps=127.6, ups=0.5, wpb=256, bsz=128, num_updates=980, lr=3.94843e-05, gnorm=0.947, clip=30, loss_scale=128, train_wall=20, gb_free=36.6, wall=2590
2023-05-15 23:17:10 - progress_bar.py[line:272] - INFO: epoch 001:    991 / 4137 loss=0.444, loss_v1=0, loss_v2=0, nll_loss=0.444, ntokens=256, nsentences=128, sample_size=256, sample_size_v1=0, sample_size_v2=0, ppl=1.36, wps=126.5, ups=0.49, wpb=256, bsz=128, num_updates=990, lr=3.98872e-05, gnorm=1.162, clip=60, loss_scale=128, train_wall=20, gb_free=36.6, wall=2610
slice_id 3 seek offset 13394
2023-05-15 23:17:30 - progress_bar.py[line:272] - INFO: epoch 001:   1001 / 4137 loss=0.433, loss_v1=0, loss_v2=0, nll_loss=0.433, ntokens=256, nsentences=128, sample_size=256, sample_size_v1=0, sample_size_v2=0, ppl=1.35, wps=125.8, ups=0.49, wpb=256, bsz=128, num_updates=1000, lr=4.02901e-05, gnorm=1.005, clip=30, loss_scale=128, train_wall=20, gb_free=36.6, wall=2630
slice_id 2 seek offset 8930
slice_id 1 seek offset 4465
2023-05-15 23:17:30 - train.py[line:445] - INFO: begin validation on "valid" subset
slice_id 0 seek offset 0
slice_id 0 seek offset 0
slice_id 3 seek offset 13394
slice_id 1 seek offset 4465
slice_id 2 seek offset 8930
2023-05-15 23:20:54 - progress_bar.py[line:282] - INFO: epoch 001 | valid on 'valid' subset | loss 0.412 | loss_v1 0 | loss_v2 0 | nll_loss 0.412 | ntokens 31.975 | nsentences 15.987 | sample_size 31.975 | sample_size_v1 0 | sample_size_v2 0 | ppl 1.33 | snli_score 0.6344 | wps 175.5 | wpb 32 | bsz 16 | num_updates 1000 | best_snli_score 0.6344
2023-05-15 23:20:54 - checkpoint_utils.py[line:64] - INFO: Preparing to save checkpoint for epoch 1 @ 1000 updates
2023-05-15 23:20:54 - trainer.py[line:431] - INFO: Saving checkpoint to ./EC_full_checkpoints/5_5e-5/checkpoint_1_1000.pt
2023-05-15 23:20:56 - trainer.py[line:441] - INFO: Finished saving checkpoint to ./EC_full_checkpoints/5_5e-5/checkpoint_1_1000.pt
2023-05-15 23:21:02 - checkpoint_utils.py[line:133] - INFO: Saved checkpoint ./EC_full_checkpoints/5_5e-5/checkpoint_1_1000.pt (epoch 1 @ 1000 updates, score 0.6344) (writing took 8.079830995993689 seconds)
2023-05-15 23:21:22 - progress_bar.py[line:272] - INFO: epoch 001:   1011 / 4137 loss=0.419, loss_v1=0, loss_v2=0, nll_loss=0.419, ntokens=256, nsentences=128, sample_size=256, sample_size_v1=0, sample_size_v2=0, ppl=1.34, wps=11, ups=0.04, wpb=256, bsz=128, num_updates=1010, lr=4.0693e-05, gnorm=1.029, clip=40, loss_scale=128, train_wall=20, gb_free=36.6, wall=2862
2023-05-15 23:21:42 - progress_bar.py[line:272] - INFO: epoch 001:   1021 / 4137 loss=0.414, loss_v1=0, loss_v2=0, nll_loss=0.414, ntokens=256, nsentences=128, sample_size=256, sample_size_v1=0, sample_size_v2=0, ppl=1.33, wps=129.6, ups=0.51, wpb=256, bsz=128, num_updates=1020, lr=4.10959e-05, gnorm=1.176, clip=60, loss_scale=128, train_wall=20, gb_free=36.5, wall=2882
2023-05-15 23:22:02 - progress_bar.py[line:272] - INFO: epoch 001:   1031 / 4137 loss=0.441, loss_v1=0, loss_v2=0, nll_loss=0.441, ntokens=256, nsentences=128, sample_size=256, sample_size_v1=0, sample_size_v2=0, ppl=1.36, wps=128.7, ups=0.5, wpb=256, bsz=128, num_updates=1030, lr=4.14988e-05, gnorm=1.352, clip=80, loss_scale=256, train_wall=20, gb_free=36.3, wall=2902
2023-05-15 23:22:21 - progress_bar.py[line:272] - INFO: epoch 001:   1041 / 4137 loss=0.43, loss_v1=0, loss_v2=0, nll_loss=0.43, ntokens=256, nsentences=128, sample_size=256, sample_size_v1=0, sample_size_v2=0, ppl=1.35, wps=128.7, ups=0.5, wpb=256, bsz=128, num_updates=1040, lr=4.19017e-05, gnorm=1.195, clip=70, loss_scale=256, train_wall=20, gb_free=36.5, wall=2922
2023-05-15 23:22:41 - progress_bar.py[line:272] - INFO: epoch 001:   1051 / 4137 loss=0.416, loss_v1=0, loss_v2=0, nll_loss=0.416, ntokens=256, nsentences=128, sample_size=256, sample_size_v1=0, sample_size_v2=0, ppl=1.33, wps=129.6, ups=0.51, wpb=256, bsz=128, num_updates=1050, lr=4.23046e-05, gnorm=1.372, clip=90, loss_scale=256, train_wall=20, gb_free=36.6, wall=2941
2023-05-15 23:23:01 - progress_bar.py[line:272] - INFO: epoch 001:   1061 / 4137 loss=0.428, loss_v1=0, loss_v2=0, nll_loss=0.428, ntokens=256, nsentences=128, sample_size=256, sample_size_v1=0, sample_size_v2=0, ppl=1.35, wps=128.8, ups=0.5, wpb=256, bsz=128, num_updates=1060, lr=4.27075e-05, gnorm=1.24, clip=90, loss_scale=256, train_wall=20, gb_free=36.7, wall=2961
2023-05-15 23:23:21 - progress_bar.py[line:272] - INFO: epoch 001:   1071 / 4137 loss=0.393, loss_v1=0, loss_v2=0, nll_loss=0.393, ntokens=256, nsentences=128, sample_size=256, sample_size_v1=0, sample_size_v2=0, ppl=1.31, wps=129.3, ups=0.51, wpb=256, bsz=128, num_updates=1070, lr=4.31104e-05, gnorm=1.128, clip=50, loss_scale=256, train_wall=20, gb_free=36.4, wall=2981
2023-05-15 23:23:41 - progress_bar.py[line:272] - INFO: epoch 001:   1081 / 4137 loss=0.424, loss_v1=0, loss_v2=0, nll_loss=0.424, ntokens=256, nsentences=128, sample_size=256, sample_size_v1=0, sample_size_v2=0, ppl=1.34, wps=128.4, ups=0.5, wpb=256, bsz=128, num_updates=1080, lr=4.35133e-05, gnorm=1.151, clip=60, loss_scale=256, train_wall=20, gb_free=36.5, wall=3001
2023-05-15 23:24:01 - progress_bar.py[line:272] - INFO: epoch 001:   1091 / 4137 loss=0.429, loss_v1=0, loss_v2=0, nll_loss=0.429, ntokens=256, nsentences=128, sample_size=256, sample_size_v1=0, sample_size_v2=0, ppl=1.35, wps=128.8, ups=0.5, wpb=256, bsz=128, num_updates=1090, lr=4.39162e-05, gnorm=1.271, clip=70, loss_scale=256, train_wall=20, gb_free=36.7, wall=3021
2023-05-15 23:24:21 - progress_bar.py[line:272] - INFO: epoch 001:   1101 / 4137 loss=0.409, loss_v1=0, loss_v2=0, nll_loss=0.409, ntokens=256, nsentences=128, sample_size=256, sample_size_v1=0, sample_size_v2=0, ppl=1.33, wps=129.4, ups=0.51, wpb=256, bsz=128, num_updates=1100, lr=4.43191e-05, gnorm=1.316, clip=60, loss_scale=256, train_wall=20, gb_free=36.6, wall=3041
2023-05-15 23:24:40 - progress_bar.py[line:272] - INFO: epoch 001:   1111 / 4137 loss=0.398, loss_v1=0, loss_v2=0, nll_loss=0.398, ntokens=256, nsentences=128, sample_size=256, sample_size_v1=0, sample_size_v2=0, ppl=1.32, wps=128.8, ups=0.5, wpb=256, bsz=128, num_updates=1110, lr=4.4722e-05, gnorm=1.204, clip=50, loss_scale=256, train_wall=20, gb_free=36.7, wall=3061
2023-05-15 23:24:56 - trainer.py[line:921] - INFO: NOTE: gradient overflow detected, ignoring gradient, setting loss scale to: 128.0
2023-05-15 23:25:02 - progress_bar.py[line:272] - INFO: epoch 001:   1122 / 4137 loss=0.4, loss_v1=0, loss_v2=0, nll_loss=0.4, ntokens=256, nsentences=128, sample_size=256, sample_size_v1=0, sample_size_v2=0, ppl=1.32, wps=117.3, ups=0.46, wpb=256, bsz=128, num_updates=1120, lr=4.51249e-05, gnorm=1.246, clip=90, loss_scale=128, train_wall=22, gb_free=36.6, wall=3082
2023-05-15 23:25:22 - progress_bar.py[line:272] - INFO: epoch 001:   1132 / 4137 loss=0.391, loss_v1=0, loss_v2=0, nll_loss=0.391, ntokens=256, nsentences=128, sample_size=256, sample_size_v1=0, sample_size_v2=0, ppl=1.31, wps=127.7, ups=0.5, wpb=256, bsz=128, num_updates=1130, lr=4.55278e-05, gnorm=1.267, clip=60, loss_scale=128, train_wall=20, gb_free=36.5, wall=3102
2023-05-15 23:25:42 - progress_bar.py[line:272] - INFO: epoch 001:   1142 / 4137 loss=0.411, loss_v1=0, loss_v2=0, nll_loss=0.411, ntokens=256, nsentences=128, sample_size=256, sample_size_v1=0, sample_size_v2=0, ppl=1.33, wps=129.2, ups=0.5, wpb=256, bsz=128, num_updates=1140, lr=4.59307e-05, gnorm=1.027, clip=40, loss_scale=128, train_wall=20, gb_free=36.7, wall=3122
2023-05-15 23:26:02 - progress_bar.py[line:272] - INFO: epoch 001:   1152 / 4137 loss=0.402, loss_v1=0, loss_v2=0, nll_loss=0.402, ntokens=256, nsentences=128, sample_size=256, sample_size_v1=0, sample_size_v2=0, ppl=1.32, wps=127, ups=0.5, wpb=256, bsz=128, num_updates=1150, lr=4.63336e-05, gnorm=1.073, clip=70, loss_scale=128, train_wall=20, gb_free=36.6, wall=3142
2023-05-15 23:26:22 - progress_bar.py[line:272] - INFO: epoch 001:   1162 / 4137 loss=0.392, loss_v1=0, loss_v2=0, nll_loss=0.392, ntokens=256, nsentences=128, sample_size=256, sample_size_v1=0, sample_size_v2=0, ppl=1.31, wps=129.1, ups=0.5, wpb=256, bsz=128, num_updates=1160, lr=4.67365e-05, gnorm=1.082, clip=50, loss_scale=128, train_wall=20, gb_free=36.6, wall=3162
2023-05-15 23:26:42 - progress_bar.py[line:272] - INFO: epoch 001:   1172 / 4137 loss=0.39, loss_v1=0, loss_v2=0, nll_loss=0.39, ntokens=256, nsentences=128, sample_size=256, sample_size_v1=0, sample_size_v2=0, ppl=1.31, wps=129.2, ups=0.5, wpb=256, bsz=128, num_updates=1170, lr=4.71394e-05, gnorm=1.186, clip=70, loss_scale=128, train_wall=20, gb_free=36.4, wall=3182
2023-05-15 23:27:02 - progress_bar.py[line:272] - INFO: epoch 001:   1182 / 4137 loss=0.401, loss_v1=0, loss_v2=0, nll_loss=0.401, ntokens=256, nsentences=128, sample_size=256, sample_size_v1=0, sample_size_v2=0, ppl=1.32, wps=127.1, ups=0.5, wpb=256, bsz=128, num_updates=1180, lr=4.75423e-05, gnorm=1.114, clip=60, loss_scale=128, train_wall=20, gb_free=36.5, wall=3202
2023-05-15 23:27:22 - progress_bar.py[line:272] - INFO: epoch 001:   1192 / 4137 loss=0.398, loss_v1=0, loss_v2=0, nll_loss=0.398, ntokens=256, nsentences=128, sample_size=256, sample_size_v1=0, sample_size_v2=0, ppl=1.32, wps=127.9, ups=0.5, wpb=256, bsz=128, num_updates=1190, lr=4.79452e-05, gnorm=1.138, clip=50, loss_scale=128, train_wall=20, gb_free=36.5, wall=3222
2023-05-15 23:27:42 - progress_bar.py[line:272] - INFO: epoch 001:   1202 / 4137 loss=0.4, loss_v1=0, loss_v2=0, nll_loss=0.4, ntokens=256, nsentences=128, sample_size=256, sample_size_v1=0, sample_size_v2=0, ppl=1.32, wps=128.8, ups=0.5, wpb=256, bsz=128, num_updates=1200, lr=4.83481e-05, gnorm=1.03, clip=50, loss_scale=128, train_wall=20, gb_free=36.6, wall=3242
2023-05-15 23:28:02 - progress_bar.py[line:272] - INFO: epoch 001:   1212 / 4137 loss=0.389, loss_v1=0, loss_v2=0, nll_loss=0.389, ntokens=256, nsentences=128, sample_size=256, sample_size_v1=0, sample_size_v2=0, ppl=1.31, wps=129.1, ups=0.5, wpb=256, bsz=128, num_updates=1210, lr=4.8751e-05, gnorm=0.986, clip=50, loss_scale=128, train_wall=20, gb_free=36.7, wall=3262
2023-05-15 23:28:22 - progress_bar.py[line:272] - INFO: epoch 001:   1222 / 4137 loss=0.406, loss_v1=0, loss_v2=0, nll_loss=0.406, ntokens=256, nsentences=128, sample_size=256, sample_size_v1=0, sample_size_v2=0, ppl=1.32, wps=127.5, ups=0.5, wpb=256, bsz=128, num_updates=1220, lr=4.91539e-05, gnorm=1.071, clip=50, loss_scale=128, train_wall=20, gb_free=36.6, wall=3282
2023-05-15 23:28:43 - progress_bar.py[line:272] - INFO: epoch 001:   1232 / 4137 loss=0.393, loss_v1=0, loss_v2=0, nll_loss=0.393, ntokens=256, nsentences=128, sample_size=256, sample_size_v1=0, sample_size_v2=0, ppl=1.31, wps=118.9, ups=0.46, wpb=256, bsz=128, num_updates=1230, lr=4.95568e-05, gnorm=1.025, clip=60, loss_scale=128, train_wall=21, gb_free=36.5, wall=3304
2023-05-15 23:29:04 - progress_bar.py[line:272] - INFO: epoch 001:   1242 / 4137 loss=0.392, loss_v1=0, loss_v2=0, nll_loss=0.392, ntokens=256, nsentences=128, sample_size=256, sample_size_v1=0, sample_size_v2=0, ppl=1.31, wps=126.3, ups=0.49, wpb=256, bsz=128, num_updates=1240, lr=4.99597e-05, gnorm=1.154, clip=80, loss_scale=128, train_wall=20, gb_free=36.6, wall=3324
2023-05-15 23:29:24 - progress_bar.py[line:272] - INFO: epoch 001:   1252 / 4137 loss=0.394, loss_v1=0, loss_v2=0, nll_loss=0.394, ntokens=256, nsentences=128, sample_size=256, sample_size_v1=0, sample_size_v2=0, ppl=1.31, wps=127.8, ups=0.5, wpb=256, bsz=128, num_updates=1250, lr=4.99769e-05, gnorm=1.373, clip=80, loss_scale=128, train_wall=20, gb_free=36.6, wall=3344
2023-05-15 23:29:44 - progress_bar.py[line:272] - INFO: epoch 001:   1262 / 4137 loss=0.394, loss_v1=0, loss_v2=0, nll_loss=0.394, ntokens=256, nsentences=128, sample_size=256, sample_size_v1=0, sample_size_v2=0, ppl=1.31, wps=125.2, ups=0.49, wpb=256, bsz=128, num_updates=1260, lr=4.99511e-05, gnorm=1.005, clip=50, loss_scale=128, train_wall=20, gb_free=36.7, wall=3364
2023-05-15 23:30:04 - progress_bar.py[line:272] - INFO: epoch 001:   1272 / 4137 loss=0.4, loss_v1=0, loss_v2=0, nll_loss=0.4, ntokens=256, nsentences=128, sample_size=256, sample_size_v1=0, sample_size_v2=0, ppl=1.32, wps=128.3, ups=0.5, wpb=256, bsz=128, num_updates=1270, lr=4.99254e-05, gnorm=1.172, clip=70, loss_scale=128, train_wall=20, gb_free=36.5, wall=3384
2023-05-15 23:30:25 - progress_bar.py[line:272] - INFO: epoch 001:   1282 / 4137 loss=0.382, loss_v1=0, loss_v2=0, nll_loss=0.382, ntokens=256, nsentences=128, sample_size=256, sample_size_v1=0, sample_size_v2=0, ppl=1.3, wps=124.1, ups=0.48, wpb=256, bsz=128, num_updates=1280, lr=4.98997e-05, gnorm=1.043, clip=50, loss_scale=128, train_wall=21, gb_free=36.6, wall=3405
2023-05-15 23:30:45 - progress_bar.py[line:272] - INFO: epoch 001:   1292 / 4137 loss=0.4, loss_v1=0, loss_v2=0, nll_loss=0.4, ntokens=256, nsentences=128, sample_size=256, sample_size_v1=0, sample_size_v2=0, ppl=1.32, wps=127.9, ups=0.5, wpb=256, bsz=128, num_updates=1290, lr=4.9874e-05, gnorm=1.222, clip=70, loss_scale=128, train_wall=20, gb_free=36.6, wall=3425
2023-05-15 23:31:05 - progress_bar.py[line:272] - INFO: epoch 001:   1302 / 4137 loss=0.375, loss_v1=0, loss_v2=0, nll_loss=0.375, ntokens=256, nsentences=128, sample_size=256, sample_size_v1=0, sample_size_v2=0, ppl=1.3, wps=127.8, ups=0.5, wpb=256, bsz=128, num_updates=1300, lr=4.98483e-05, gnorm=0.987, clip=30, loss_scale=128, train_wall=20, gb_free=36.8, wall=3445
2023-05-15 23:31:25 - progress_bar.py[line:272] - INFO: epoch 001:   1312 / 4137 loss=0.377, loss_v1=0, loss_v2=0, nll_loss=0.377, ntokens=256, nsentences=128, sample_size=256, sample_size_v1=0, sample_size_v2=0, ppl=1.3, wps=128.1, ups=0.5, wpb=256, bsz=128, num_updates=1310, lr=4.98226e-05, gnorm=0.83, clip=0, loss_scale=128, train_wall=20, gb_free=36.7, wall=3465
2023-05-15 23:31:45 - progress_bar.py[line:272] - INFO: epoch 001:   1322 / 4137 loss=0.409, loss_v1=0, loss_v2=0, nll_loss=0.409, ntokens=256, nsentences=128, sample_size=256, sample_size_v1=0, sample_size_v2=0, ppl=1.33, wps=127.3, ups=0.5, wpb=256, bsz=128, num_updates=1320, lr=4.97969e-05, gnorm=1.031, clip=50, loss_scale=128, train_wall=20, gb_free=36.6, wall=3485
2023-05-15 23:32:06 - progress_bar.py[line:272] - INFO: epoch 001:   1332 / 4137 loss=0.395, loss_v1=0, loss_v2=0, nll_loss=0.395, ntokens=256, nsentences=128, sample_size=256, sample_size_v1=0, sample_size_v2=0, ppl=1.31, wps=121.3, ups=0.47, wpb=256, bsz=128, num_updates=1330, lr=4.97711e-05, gnorm=0.957, clip=30, loss_scale=128, train_wall=21, gb_free=36.6, wall=3506
2023-05-15 23:32:28 - progress_bar.py[line:272] - INFO: epoch 001:   1342 / 4137 loss=0.387, loss_v1=0, loss_v2=0, nll_loss=0.387, ntokens=256, nsentences=128, sample_size=256, sample_size_v1=0, sample_size_v2=0, ppl=1.31, wps=115.1, ups=0.45, wpb=256, bsz=128, num_updates=1340, lr=4.97454e-05, gnorm=1.021, clip=40, loss_scale=128, train_wall=22, gb_free=36.6, wall=3528
2023-05-15 23:32:50 - progress_bar.py[line:272] - INFO: epoch 001:   1352 / 4137 loss=0.374, loss_v1=0, loss_v2=0, nll_loss=0.374, ntokens=256, nsentences=128, sample_size=256, sample_size_v1=0, sample_size_v2=0, ppl=1.3, wps=118.9, ups=0.46, wpb=256, bsz=128, num_updates=1350, lr=4.97197e-05, gnorm=1.064, clip=50, loss_scale=128, train_wall=21, gb_free=36.6, wall=3550
2023-05-15 23:33:13 - progress_bar.py[line:272] - INFO: epoch 001:   1362 / 4137 loss=0.373, loss_v1=0, loss_v2=0, nll_loss=0.373, ntokens=256, nsentences=128, sample_size=256, sample_size_v1=0, sample_size_v2=0, ppl=1.3, wps=111, ups=0.43, wpb=256, bsz=128, num_updates=1360, lr=4.9694e-05, gnorm=1.073, clip=50, loss_scale=128, train_wall=23, gb_free=36.6, wall=3573
2023-05-15 23:33:34 - progress_bar.py[line:272] - INFO: epoch 001:   1372 / 4137 loss=0.383, loss_v1=0, loss_v2=0, nll_loss=0.383, ntokens=256, nsentences=128, sample_size=256, sample_size_v1=0, sample_size_v2=0, ppl=1.3, wps=119, ups=0.46, wpb=256, bsz=128, num_updates=1370, lr=4.96683e-05, gnorm=1.001, clip=50, loss_scale=128, train_wall=21, gb_free=36.5, wall=3594
2023-05-15 23:33:55 - progress_bar.py[line:272] - INFO: epoch 001:   1382 / 4137 loss=0.375, loss_v1=0, loss_v2=0, nll_loss=0.375, ntokens=256, nsentences=128, sample_size=256, sample_size_v1=0, sample_size_v2=0, ppl=1.3, wps=122.3, ups=0.48, wpb=256, bsz=128, num_updates=1380, lr=4.96426e-05, gnorm=1.053, clip=50, loss_scale=128, train_wall=21, gb_free=36.6, wall=3615
2023-05-15 23:34:16 - progress_bar.py[line:272] - INFO: epoch 001:   1392 / 4137 loss=0.378, loss_v1=0, loss_v2=0, nll_loss=0.378, ntokens=256, nsentences=128, sample_size=256, sample_size_v1=0, sample_size_v2=0, ppl=1.3, wps=120.9, ups=0.47, wpb=256, bsz=128, num_updates=1390, lr=4.96168e-05, gnorm=1.01, clip=40, loss_scale=128, train_wall=21, gb_free=36.6, wall=3637
2023-05-15 23:34:36 - progress_bar.py[line:272] - INFO: epoch 001:   1402 / 4137 loss=0.394, loss_v1=0, loss_v2=0, nll_loss=0.394, ntokens=256, nsentences=128, sample_size=256, sample_size_v1=0, sample_size_v2=0, ppl=1.31, wps=127.9, ups=0.5, wpb=256, bsz=128, num_updates=1400, lr=4.95911e-05, gnorm=1.183, clip=70, loss_scale=128, train_wall=20, gb_free=36.6, wall=3657
2023-05-15 23:34:57 - progress_bar.py[line:272] - INFO: epoch 001:   1412 / 4137 loss=0.378, loss_v1=0, loss_v2=0, nll_loss=0.378, ntokens=256, nsentences=128, sample_size=256, sample_size_v1=0, sample_size_v2=0, ppl=1.3, wps=127.1, ups=0.5, wpb=256, bsz=128, num_updates=1410, lr=4.95654e-05, gnorm=1.009, clip=60, loss_scale=128, train_wall=20, gb_free=36.6, wall=3677
2023-05-15 23:35:17 - progress_bar.py[line:272] - INFO: epoch 001:   1422 / 4137 loss=0.38, loss_v1=0, loss_v2=0, nll_loss=0.38, ntokens=256, nsentences=128, sample_size=256, sample_size_v1=0, sample_size_v2=0, ppl=1.3, wps=127.7, ups=0.5, wpb=256, bsz=128, num_updates=1420, lr=4.95397e-05, gnorm=1.022, clip=40, loss_scale=128, train_wall=20, gb_free=36.5, wall=3697
2023-05-15 23:35:37 - progress_bar.py[line:272] - INFO: epoch 001:   1432 / 4137 loss=0.356, loss_v1=0, loss_v2=0, nll_loss=0.356, ntokens=256, nsentences=128, sample_size=256, sample_size_v1=0, sample_size_v2=0, ppl=1.28, wps=128.4, ups=0.5, wpb=256, bsz=128, num_updates=1430, lr=4.9514e-05, gnorm=1.003, clip=40, loss_scale=128, train_wall=20, gb_free=36.7, wall=3717
2023-05-15 23:35:57 - progress_bar.py[line:272] - INFO: epoch 001:   1442 / 4137 loss=0.365, loss_v1=0, loss_v2=0, nll_loss=0.365, ntokens=256, nsentences=128, sample_size=256, sample_size_v1=0, sample_size_v2=0, ppl=1.29, wps=127.3, ups=0.5, wpb=256, bsz=128, num_updates=1440, lr=4.94883e-05, gnorm=1.062, clip=50, loss_scale=128, train_wall=20, gb_free=36.6, wall=3737
2023-05-15 23:36:17 - progress_bar.py[line:272] - INFO: epoch 001:   1452 / 4137 loss=0.388, loss_v1=0, loss_v2=0, nll_loss=0.388, ntokens=256, nsentences=128, sample_size=256, sample_size_v1=0, sample_size_v2=0, ppl=1.31, wps=126.4, ups=0.49, wpb=256, bsz=128, num_updates=1450, lr=4.94626e-05, gnorm=0.913, clip=20, loss_scale=128, train_wall=20, gb_free=36.5, wall=3757
2023-05-15 23:36:37 - progress_bar.py[line:272] - INFO: epoch 001:   1462 / 4137 loss=0.38, loss_v1=0, loss_v2=0, nll_loss=0.38, ntokens=256, nsentences=128, sample_size=256, sample_size_v1=0, sample_size_v2=0, ppl=1.3, wps=127.1, ups=0.5, wpb=256, bsz=128, num_updates=1460, lr=4.94368e-05, gnorm=0.901, clip=10, loss_scale=128, train_wall=20, gb_free=36.6, wall=3777
2023-05-15 23:36:57 - progress_bar.py[line:272] - INFO: epoch 001:   1472 / 4137 loss=0.361, loss_v1=0, loss_v2=0, nll_loss=0.361, ntokens=256, nsentences=128, sample_size=256, sample_size_v1=0, sample_size_v2=0, ppl=1.28, wps=126.3, ups=0.49, wpb=256, bsz=128, num_updates=1470, lr=4.94111e-05, gnorm=0.962, clip=40, loss_scale=128, train_wall=20, gb_free=36.6, wall=3797
2023-05-15 23:37:17 - progress_bar.py[line:272] - INFO: epoch 001:   1482 / 4137 loss=0.355, loss_v1=0, loss_v2=0, nll_loss=0.355, ntokens=256, nsentences=128, sample_size=256, sample_size_v1=0, sample_size_v2=0, ppl=1.28, wps=127.4, ups=0.5, wpb=256, bsz=128, num_updates=1480, lr=4.93854e-05, gnorm=0.925, clip=30, loss_scale=128, train_wall=20, gb_free=36.5, wall=3818
2023-05-15 23:37:37 - progress_bar.py[line:272] - INFO: epoch 001:   1492 / 4137 loss=0.358, loss_v1=0, loss_v2=0, nll_loss=0.358, ntokens=256, nsentences=128, sample_size=256, sample_size_v1=0, sample_size_v2=0, ppl=1.28, wps=127.7, ups=0.5, wpb=256, bsz=128, num_updates=1490, lr=4.93597e-05, gnorm=1.05, clip=70, loss_scale=128, train_wall=20, gb_free=36.7, wall=3838
2023-05-15 23:37:58 - progress_bar.py[line:272] - INFO: epoch 001:   1502 / 4137 loss=0.36, loss_v1=0, loss_v2=0, nll_loss=0.36, ntokens=256, nsentences=128, sample_size=256, sample_size_v1=0, sample_size_v2=0, ppl=1.28, wps=127, ups=0.5, wpb=256, bsz=128, num_updates=1500, lr=4.9334e-05, gnorm=1.04, clip=40, loss_scale=128, train_wall=20, gb_free=36.6, wall=3858
slice_id 3 seek offset 13394slice_id 2 seek offset 8930

2023-05-15 23:37:58 - train.py[line:445] - INFO: begin validation on "valid" subset
slice_id 0 seek offset 0
slice_id 1 seek offset 4465
slice_id 0 seek offset 0
slice_id 1 seek offset 4465
slice_id 3 seek offset 13394
slice_id 2 seek offset 8930
2023-05-15 23:41:18 - progress_bar.py[line:282] - INFO: epoch 001 | valid on 'valid' subset | loss 0.339 | loss_v1 0 | loss_v2 0 | nll_loss 0.339 | ntokens 31.975 | nsentences 15.987 | sample_size 31.975 | sample_size_v1 0 | sample_size_v2 0 | ppl 1.26 | snli_score 0.7132 | wps 178 | wpb 32 | bsz 16 | num_updates 1500 | best_snli_score 0.7132
2023-05-15 23:41:18 - checkpoint_utils.py[line:64] - INFO: Preparing to save checkpoint for epoch 1 @ 1500 updates
2023-05-15 23:41:18 - trainer.py[line:431] - INFO: Saving checkpoint to ./EC_full_checkpoints/5_5e-5/checkpoint_1_1500.pt
2023-05-15 23:41:21 - trainer.py[line:441] - INFO: Finished saving checkpoint to ./EC_full_checkpoints/5_5e-5/checkpoint_1_1500.pt
2023-05-15 23:41:26 - checkpoint_utils.py[line:133] - INFO: Saved checkpoint ./EC_full_checkpoints/5_5e-5/checkpoint_1_1500.pt (epoch 1 @ 1500 updates, score 0.7132) (writing took 7.805792658124119 seconds)
2023-05-15 23:41:47 - progress_bar.py[line:272] - INFO: epoch 001:   1512 / 4137 loss=0.349, loss_v1=0, loss_v2=0, nll_loss=0.349, ntokens=256, nsentences=128, sample_size=256, sample_size_v1=0, sample_size_v2=0, ppl=1.27, wps=11.2, ups=0.04, wpb=256, bsz=128, num_updates=1510, lr=4.93083e-05, gnorm=0.968, clip=50, loss_scale=128, train_wall=20, gb_free=36.7, wall=4087
2023-05-15 23:42:07 - progress_bar.py[line:272] - INFO: epoch 001:   1522 / 4137 loss=0.361, loss_v1=0, loss_v2=0, nll_loss=0.361, ntokens=256, nsentences=128, sample_size=256, sample_size_v1=0, sample_size_v2=0, ppl=1.28, wps=126.9, ups=0.5, wpb=256, bsz=128, num_updates=1520, lr=4.92826e-05, gnorm=1.058, clip=50, loss_scale=128, train_wall=20, gb_free=36.5, wall=4107
2023-05-15 23:42:27 - progress_bar.py[line:272] - INFO: epoch 001:   1532 / 4137 loss=0.346, loss_v1=0, loss_v2=0, nll_loss=0.346, ntokens=256, nsentences=128, sample_size=256, sample_size_v1=0, sample_size_v2=0, ppl=1.27, wps=127.4, ups=0.5, wpb=256, bsz=128, num_updates=1530, lr=4.92568e-05, gnorm=1.06, clip=40, loss_scale=128, train_wall=20, gb_free=36.7, wall=4127
2023-05-15 23:42:47 - progress_bar.py[line:272] - INFO: epoch 001:   1542 / 4137 loss=0.332, loss_v1=0, loss_v2=0, nll_loss=0.332, ntokens=256, nsentences=128, sample_size=256, sample_size_v1=0, sample_size_v2=0, ppl=1.26, wps=127.3, ups=0.5, wpb=256, bsz=128, num_updates=1540, lr=4.92311e-05, gnorm=1.016, clip=50, loss_scale=128, train_wall=20, gb_free=36.6, wall=4147
2023-05-15 23:43:07 - progress_bar.py[line:272] - INFO: epoch 001:   1552 / 4137 loss=0.349, loss_v1=0, loss_v2=0, nll_loss=0.349, ntokens=256, nsentences=128, sample_size=256, sample_size_v1=0, sample_size_v2=0, ppl=1.27, wps=127.1, ups=0.5, wpb=256, bsz=128, num_updates=1550, lr=4.92054e-05, gnorm=1.029, clip=60, loss_scale=128, train_wall=20, gb_free=36.7, wall=4168
2023-05-15 23:43:27 - progress_bar.py[line:272] - INFO: epoch 001:   1562 / 4137 loss=0.339, loss_v1=0, loss_v2=0, nll_loss=0.339, ntokens=256, nsentences=128, sample_size=256, sample_size_v1=0, sample_size_v2=0, ppl=1.27, wps=127.3, ups=0.5, wpb=256, bsz=128, num_updates=1560, lr=4.91797e-05, gnorm=1.044, clip=40, loss_scale=128, train_wall=20, gb_free=36.6, wall=4188
2023-05-15 23:43:48 - progress_bar.py[line:272] - INFO: epoch 001:   1572 / 4137 loss=0.341, loss_v1=0, loss_v2=0, nll_loss=0.341, ntokens=256, nsentences=128, sample_size=256, sample_size_v1=0, sample_size_v2=0, ppl=1.27, wps=127.5, ups=0.5, wpb=256, bsz=128, num_updates=1570, lr=4.9154e-05, gnorm=0.92, clip=20, loss_scale=128, train_wall=20, gb_free=36.4, wall=4208
2023-05-15 23:44:08 - progress_bar.py[line:272] - INFO: epoch 001:   1582 / 4137 loss=0.351, loss_v1=0, loss_v2=0, nll_loss=0.351, ntokens=256, nsentences=128, sample_size=256, sample_size_v1=0, sample_size_v2=0, ppl=1.28, wps=126.9, ups=0.5, wpb=256, bsz=128, num_updates=1580, lr=4.91283e-05, gnorm=0.953, clip=40, loss_scale=128, train_wall=20, gb_free=36.7, wall=4228
2023-05-15 23:44:28 - progress_bar.py[line:272] - INFO: epoch 001:   1592 / 4137 loss=0.335, loss_v1=0, loss_v2=0, nll_loss=0.335, ntokens=256, nsentences=128, sample_size=256, sample_size_v1=0, sample_size_v2=0, ppl=1.26, wps=128.1, ups=0.5, wpb=256, bsz=128, num_updates=1590, lr=4.91026e-05, gnorm=0.902, clip=30, loss_scale=128, train_wall=20, gb_free=36.6, wall=4248
2023-05-15 23:44:48 - progress_bar.py[line:272] - INFO: epoch 001:   1602 / 4137 loss=0.335, loss_v1=0, loss_v2=0, nll_loss=0.335, ntokens=256, nsentences=128, sample_size=256, sample_size_v1=0, sample_size_v2=0, ppl=1.26, wps=128, ups=0.5, wpb=256, bsz=128, num_updates=1600, lr=4.90768e-05, gnorm=1.002, clip=50, loss_scale=128, train_wall=20, gb_free=36.7, wall=4268
2023-05-15 23:45:09 - progress_bar.py[line:272] - INFO: epoch 001:   1612 / 4137 loss=0.353, loss_v1=0, loss_v2=0, nll_loss=0.353, ntokens=256, nsentences=128, sample_size=256, sample_size_v1=0, sample_size_v2=0, ppl=1.28, wps=117.4, ups=0.46, wpb=256, bsz=128, num_updates=1610, lr=4.90511e-05, gnorm=1.132, clip=60, loss_scale=128, train_wall=22, gb_free=36.6, wall=4290
2023-05-15 23:45:31 - progress_bar.py[line:272] - INFO: epoch 001:   1622 / 4137 loss=0.345, loss_v1=0, loss_v2=0, nll_loss=0.345, ntokens=256, nsentences=128, sample_size=256, sample_size_v1=0, sample_size_v2=0, ppl=1.27, wps=119.6, ups=0.47, wpb=256, bsz=128, num_updates=1620, lr=4.90254e-05, gnorm=1.009, clip=40, loss_scale=128, train_wall=21, gb_free=36.6, wall=4311
2023-05-15 23:45:52 - progress_bar.py[line:272] - INFO: epoch 001:   1632 / 4137 loss=0.343, loss_v1=0, loss_v2=0, nll_loss=0.343, ntokens=256, nsentences=128, sample_size=256, sample_size_v1=0, sample_size_v2=0, ppl=1.27, wps=119, ups=0.46, wpb=256, bsz=128, num_updates=1630, lr=4.89997e-05, gnorm=1.065, clip=50, loss_scale=256, train_wall=21, gb_free=36.7, wall=4333
2023-05-15 23:46:15 - progress_bar.py[line:272] - INFO: epoch 001:   1642 / 4137 loss=0.34, loss_v1=0, loss_v2=0, nll_loss=0.34, ntokens=256, nsentences=128, sample_size=256, sample_size_v1=0, sample_size_v2=0, ppl=1.27, wps=114.5, ups=0.45, wpb=256, bsz=128, num_updates=1640, lr=4.8974e-05, gnorm=1.013, clip=30, loss_scale=256, train_wall=22, gb_free=36.6, wall=4355
2023-05-15 23:46:36 - progress_bar.py[line:272] - INFO: epoch 001:   1652 / 4137 loss=0.355, loss_v1=0, loss_v2=0, nll_loss=0.355, ntokens=256, nsentences=128, sample_size=256, sample_size_v1=0, sample_size_v2=0, ppl=1.28, wps=118.3, ups=0.46, wpb=256, bsz=128, num_updates=1650, lr=4.89483e-05, gnorm=0.969, clip=30, loss_scale=256, train_wall=22, gb_free=36.6, wall=4377
2023-05-15 23:46:58 - progress_bar.py[line:272] - INFO: epoch 001:   1662 / 4137 loss=0.351, loss_v1=0, loss_v2=0, nll_loss=0.351, ntokens=256, nsentences=128, sample_size=256, sample_size_v1=0, sample_size_v2=0, ppl=1.28, wps=116.5, ups=0.46, wpb=256, bsz=128, num_updates=1660, lr=4.89225e-05, gnorm=1.074, clip=70, loss_scale=256, train_wall=22, gb_free=36.5, wall=4399
2023-05-15 23:47:21 - progress_bar.py[line:272] - INFO: epoch 001:   1672 / 4137 loss=0.32, loss_v1=0, loss_v2=0, nll_loss=0.32, ntokens=256, nsentences=128, sample_size=256, sample_size_v1=0, sample_size_v2=0, ppl=1.25, wps=114.1, ups=0.45, wpb=256, bsz=128, num_updates=1670, lr=4.88968e-05, gnorm=1.07, clip=60, loss_scale=256, train_wall=22, gb_free=36.7, wall=4421
2023-05-15 23:47:44 - progress_bar.py[line:272] - INFO: epoch 001:   1682 / 4137 loss=0.329, loss_v1=0, loss_v2=0, nll_loss=0.329, ntokens=256, nsentences=128, sample_size=256, sample_size_v1=0, sample_size_v2=0, ppl=1.26, wps=112, ups=0.44, wpb=256, bsz=128, num_updates=1680, lr=4.88711e-05, gnorm=1.027, clip=50, loss_scale=256, train_wall=23, gb_free=36.6, wall=4444
2023-05-15 23:48:06 - progress_bar.py[line:272] - INFO: epoch 001:   1692 / 4137 loss=0.348, loss_v1=0, loss_v2=0, nll_loss=0.348, ntokens=256, nsentences=128, sample_size=256, sample_size_v1=0, sample_size_v2=0, ppl=1.27, wps=117.1, ups=0.46, wpb=256, bsz=128, num_updates=1690, lr=4.88454e-05, gnorm=1.002, clip=50, loss_scale=256, train_wall=22, gb_free=36.6, wall=4466
2023-05-15 23:48:28 - progress_bar.py[line:272] - INFO: epoch 001:   1702 / 4137 loss=0.344, loss_v1=0, loss_v2=0, nll_loss=0.344, ntokens=256, nsentences=128, sample_size=256, sample_size_v1=0, sample_size_v2=0, ppl=1.27, wps=115.1, ups=0.45, wpb=256, bsz=128, num_updates=1700, lr=4.88197e-05, gnorm=0.856, clip=20, loss_scale=256, train_wall=22, gb_free=36.7, wall=4488
2023-05-15 23:48:49 - progress_bar.py[line:272] - INFO: epoch 001:   1712 / 4137 loss=0.333, loss_v1=0, loss_v2=0, nll_loss=0.333, ntokens=256, nsentences=128, sample_size=256, sample_size_v1=0, sample_size_v2=0, ppl=1.26, wps=120.9, ups=0.47, wpb=256, bsz=128, num_updates=1710, lr=4.8794e-05, gnorm=0.887, clip=10, loss_scale=256, train_wall=21, gb_free=36.4, wall=4509
2023-05-15 23:49:10 - progress_bar.py[line:272] - INFO: epoch 001:   1722 / 4137 loss=0.337, loss_v1=0, loss_v2=0, nll_loss=0.337, ntokens=256, nsentences=128, sample_size=256, sample_size_v1=0, sample_size_v2=0, ppl=1.26, wps=120.3, ups=0.47, wpb=256, bsz=128, num_updates=1720, lr=4.87683e-05, gnorm=0.905, clip=20, loss_scale=256, train_wall=21, gb_free=36.7, wall=4530
2023-05-15 23:49:31 - progress_bar.py[line:272] - INFO: epoch 001:   1732 / 4137 loss=0.345, loss_v1=0, loss_v2=0, nll_loss=0.345, ntokens=256, nsentences=128, sample_size=256, sample_size_v1=0, sample_size_v2=0, ppl=1.27, wps=121.7, ups=0.48, wpb=256, bsz=128, num_updates=1730, lr=4.87425e-05, gnorm=1.124, clip=60, loss_scale=256, train_wall=21, gb_free=36.5, wall=4551
2023-05-15 23:49:53 - progress_bar.py[line:272] - INFO: epoch 001:   1742 / 4137 loss=0.33, loss_v1=0, loss_v2=0, nll_loss=0.33, ntokens=256, nsentences=128, sample_size=256, sample_size_v1=0, sample_size_v2=0, ppl=1.26, wps=119.4, ups=0.47, wpb=256, bsz=128, num_updates=1740, lr=4.87168e-05, gnorm=0.968, clip=40, loss_scale=256, train_wall=21, gb_free=36.7, wall=4573
2023-05-15 23:50:14 - progress_bar.py[line:272] - INFO: epoch 001:   1752 / 4137 loss=0.339, loss_v1=0, loss_v2=0, nll_loss=0.339, ntokens=256, nsentences=128, sample_size=256, sample_size_v1=0, sample_size_v2=0, ppl=1.26, wps=119.3, ups=0.47, wpb=256, bsz=128, num_updates=1750, lr=4.86911e-05, gnorm=0.983, clip=50, loss_scale=256, train_wall=21, gb_free=36.7, wall=4594
2023-05-15 23:50:35 - progress_bar.py[line:272] - INFO: epoch 001:   1762 / 4137 loss=0.355, loss_v1=0, loss_v2=0, nll_loss=0.355, ntokens=256, nsentences=128, sample_size=256, sample_size_v1=0, sample_size_v2=0, ppl=1.28, wps=125.5, ups=0.49, wpb=256, bsz=128, num_updates=1760, lr=4.86654e-05, gnorm=1.041, clip=40, loss_scale=256, train_wall=20, gb_free=36.5, wall=4615
2023-05-15 23:50:56 - progress_bar.py[line:272] - INFO: epoch 001:   1772 / 4137 loss=0.348, loss_v1=0, loss_v2=0, nll_loss=0.348, ntokens=256, nsentences=128, sample_size=256, sample_size_v1=0, sample_size_v2=0, ppl=1.27, wps=117.9, ups=0.46, wpb=256, bsz=128, num_updates=1770, lr=4.86397e-05, gnorm=0.969, clip=40, loss_scale=256, train_wall=22, gb_free=36.7, wall=4636
2023-05-15 23:51:19 - progress_bar.py[line:272] - INFO: epoch 001:   1782 / 4137 loss=0.335, loss_v1=0, loss_v2=0, nll_loss=0.335, ntokens=256, nsentences=128, sample_size=256, sample_size_v1=0, sample_size_v2=0, ppl=1.26, wps=112.4, ups=0.44, wpb=256, bsz=128, num_updates=1780, lr=4.8614e-05, gnorm=0.971, clip=50, loss_scale=256, train_wall=23, gb_free=36.7, wall=4659
2023-05-15 23:51:40 - progress_bar.py[line:272] - INFO: epoch 001:   1792 / 4137 loss=0.323, loss_v1=0, loss_v2=0, nll_loss=0.323, ntokens=256, nsentences=128, sample_size=256, sample_size_v1=0, sample_size_v2=0, ppl=1.25, wps=120.9, ups=0.47, wpb=256, bsz=128, num_updates=1790, lr=4.85883e-05, gnorm=0.843, clip=0, loss_scale=256, train_wall=21, gb_free=36.6, wall=4680
2023-05-15 23:52:03 - progress_bar.py[line:272] - INFO: epoch 001:   1802 / 4137 loss=0.327, loss_v1=0, loss_v2=0, nll_loss=0.327, ntokens=256, nsentences=128, sample_size=256, sample_size_v1=0, sample_size_v2=0, ppl=1.25, wps=113.5, ups=0.44, wpb=256, bsz=128, num_updates=1800, lr=4.85625e-05, gnorm=0.933, clip=40, loss_scale=256, train_wall=22, gb_free=36.6, wall=4703
2023-05-15 23:52:24 - progress_bar.py[line:272] - INFO: epoch 001:   1812 / 4137 loss=0.331, loss_v1=0, loss_v2=0, nll_loss=0.331, ntokens=256, nsentences=128, sample_size=256, sample_size_v1=0, sample_size_v2=0, ppl=1.26, wps=118.9, ups=0.46, wpb=256, bsz=128, num_updates=1810, lr=4.85368e-05, gnorm=1.028, clip=50, loss_scale=256, train_wall=21, gb_free=36.7, wall=4725
2023-05-15 23:52:47 - progress_bar.py[line:272] - INFO: epoch 001:   1822 / 4137 loss=0.35, loss_v1=0, loss_v2=0, nll_loss=0.35, ntokens=256, nsentences=128, sample_size=256, sample_size_v1=0, sample_size_v2=0, ppl=1.27, wps=114.5, ups=0.45, wpb=256, bsz=128, num_updates=1820, lr=4.85111e-05, gnorm=0.948, clip=30, loss_scale=256, train_wall=22, gb_free=36.6, wall=4747
2023-05-15 23:53:08 - progress_bar.py[line:272] - INFO: epoch 001:   1832 / 4137 loss=0.327, loss_v1=0, loss_v2=0, nll_loss=0.327, ntokens=256, nsentences=128, sample_size=256, sample_size_v1=0, sample_size_v2=0, ppl=1.25, wps=120.3, ups=0.47, wpb=256, bsz=128, num_updates=1830, lr=4.84854e-05, gnorm=0.933, clip=20, loss_scale=256, train_wall=21, gb_free=36.3, wall=4768
2023-05-15 23:53:31 - progress_bar.py[line:272] - INFO: epoch 001:   1842 / 4137 loss=0.318, loss_v1=0, loss_v2=0, nll_loss=0.318, ntokens=256, nsentences=128, sample_size=256, sample_size_v1=0, sample_size_v2=0, ppl=1.25, wps=113.2, ups=0.44, wpb=256, bsz=128, num_updates=1840, lr=4.84597e-05, gnorm=1.092, clip=70, loss_scale=256, train_wall=23, gb_free=36.7, wall=4791
2023-05-15 23:53:52 - progress_bar.py[line:272] - INFO: epoch 001:   1852 / 4137 loss=0.34, loss_v1=0, loss_v2=0, nll_loss=0.34, ntokens=256, nsentences=128, sample_size=256, sample_size_v1=0, sample_size_v2=0, ppl=1.27, wps=117.7, ups=0.46, wpb=256, bsz=128, num_updates=1850, lr=4.8434e-05, gnorm=0.997, clip=50, loss_scale=256, train_wall=22, gb_free=36.7, wall=4813
2023-05-15 23:54:14 - progress_bar.py[line:272] - INFO: epoch 001:   1862 / 4137 loss=0.317, loss_v1=0, loss_v2=0, nll_loss=0.317, ntokens=256, nsentences=128, sample_size=256, sample_size_v1=0, sample_size_v2=0, ppl=1.25, wps=117.6, ups=0.46, wpb=256, bsz=128, num_updates=1860, lr=4.84082e-05, gnorm=1.007, clip=40, loss_scale=256, train_wall=22, gb_free=36.7, wall=4834
2023-05-15 23:54:35 - progress_bar.py[line:272] - INFO: epoch 001:   1872 / 4137 loss=0.325, loss_v1=0, loss_v2=0, nll_loss=0.325, ntokens=256, nsentences=128, sample_size=256, sample_size_v1=0, sample_size_v2=0, ppl=1.25, wps=120, ups=0.47, wpb=256, bsz=128, num_updates=1870, lr=4.83825e-05, gnorm=0.902, clip=20, loss_scale=256, train_wall=21, gb_free=36.6, wall=4856
2023-05-15 23:54:57 - progress_bar.py[line:272] - INFO: epoch 001:   1882 / 4137 loss=0.336, loss_v1=0, loss_v2=0, nll_loss=0.336, ntokens=256, nsentences=128, sample_size=256, sample_size_v1=0, sample_size_v2=0, ppl=1.26, wps=119, ups=0.46, wpb=256, bsz=128, num_updates=1880, lr=4.83568e-05, gnorm=0.864, clip=0, loss_scale=256, train_wall=21, gb_free=36.6, wall=4877
2023-05-15 23:55:18 - progress_bar.py[line:272] - INFO: epoch 001:   1892 / 4137 loss=0.326, loss_v1=0, loss_v2=0, nll_loss=0.326, ntokens=256, nsentences=128, sample_size=256, sample_size_v1=0, sample_size_v2=0, ppl=1.25, wps=123.3, ups=0.48, wpb=256, bsz=128, num_updates=1890, lr=4.83311e-05, gnorm=1.067, clip=50, loss_scale=256, train_wall=21, gb_free=36.7, wall=4898
2023-05-15 23:55:39 - progress_bar.py[line:272] - INFO: epoch 001:   1902 / 4137 loss=0.327, loss_v1=0, loss_v2=0, nll_loss=0.327, ntokens=256, nsentences=128, sample_size=256, sample_size_v1=0, sample_size_v2=0, ppl=1.25, wps=120, ups=0.47, wpb=256, bsz=128, num_updates=1900, lr=4.83054e-05, gnorm=0.953, clip=30, loss_scale=256, train_wall=21, gb_free=36.7, wall=4919
2023-05-15 23:56:01 - progress_bar.py[line:272] - INFO: epoch 001:   1912 / 4137 loss=0.32, loss_v1=0, loss_v2=0, nll_loss=0.32, ntokens=256, nsentences=128, sample_size=256, sample_size_v1=0, sample_size_v2=0, ppl=1.25, wps=116.2, ups=0.45, wpb=256, bsz=128, num_updates=1910, lr=4.82797e-05, gnorm=0.948, clip=30, loss_scale=256, train_wall=22, gb_free=36.4, wall=4941
2023-05-15 23:56:23 - progress_bar.py[line:272] - INFO: epoch 001:   1922 / 4137 loss=0.316, loss_v1=0, loss_v2=0, nll_loss=0.316, ntokens=256, nsentences=128, sample_size=256, sample_size_v1=0, sample_size_v2=0, ppl=1.25, wps=118.5, ups=0.46, wpb=256, bsz=128, num_updates=1920, lr=4.8254e-05, gnorm=0.997, clip=50, loss_scale=256, train_wall=22, gb_free=36.7, wall=4963
2023-05-15 23:56:45 - progress_bar.py[line:272] - INFO: epoch 001:   1932 / 4137 loss=0.322, loss_v1=0, loss_v2=0, nll_loss=0.322, ntokens=256, nsentences=128, sample_size=256, sample_size_v1=0, sample_size_v2=0, ppl=1.25, wps=116.2, ups=0.45, wpb=256, bsz=128, num_updates=1930, lr=4.82282e-05, gnorm=1.146, clip=70, loss_scale=256, train_wall=22, gb_free=36.7, wall=4985
2023-05-15 23:57:07 - progress_bar.py[line:272] - INFO: epoch 001:   1942 / 4137 loss=0.301, loss_v1=0, loss_v2=0, nll_loss=0.301, ntokens=256, nsentences=128, sample_size=256, sample_size_v1=0, sample_size_v2=0, ppl=1.23, wps=115.1, ups=0.45, wpb=256, bsz=128, num_updates=1940, lr=4.82025e-05, gnorm=1.09, clip=60, loss_scale=256, train_wall=22, gb_free=36.6, wall=5007
2023-05-15 23:57:28 - progress_bar.py[line:272] - INFO: epoch 001:   1952 / 4137 loss=0.316, loss_v1=0, loss_v2=0, nll_loss=0.316, ntokens=256, nsentences=128, sample_size=256, sample_size_v1=0, sample_size_v2=0, ppl=1.25, wps=121.6, ups=0.47, wpb=256, bsz=128, num_updates=1950, lr=4.81768e-05, gnorm=1.049, clip=30, loss_scale=256, train_wall=21, gb_free=36.5, wall=5028
2023-05-15 23:57:49 - progress_bar.py[line:272] - INFO: epoch 001:   1962 / 4137 loss=0.34, loss_v1=0, loss_v2=0, nll_loss=0.34, ntokens=256, nsentences=128, sample_size=256, sample_size_v1=0, sample_size_v2=0, ppl=1.27, wps=119.3, ups=0.47, wpb=256, bsz=128, num_updates=1960, lr=4.81511e-05, gnorm=0.933, clip=50, loss_scale=256, train_wall=21, gb_free=36.6, wall=5050
2023-05-15 23:58:10 - progress_bar.py[line:272] - INFO: epoch 001:   1972 / 4137 loss=0.297, loss_v1=0, loss_v2=0, nll_loss=0.297, ntokens=256, nsentences=128, sample_size=256, sample_size_v1=0, sample_size_v2=0, ppl=1.23, wps=125.8, ups=0.49, wpb=256, bsz=128, num_updates=1970, lr=4.81254e-05, gnorm=0.871, clip=10, loss_scale=256, train_wall=20, gb_free=36.6, wall=5070
2023-05-15 23:58:32 - progress_bar.py[line:272] - INFO: epoch 001:   1982 / 4137 loss=0.303, loss_v1=0, loss_v2=0, nll_loss=0.303, ntokens=256, nsentences=128, sample_size=256, sample_size_v1=0, sample_size_v2=0, ppl=1.23, wps=116.4, ups=0.45, wpb=256, bsz=128, num_updates=1980, lr=4.80997e-05, gnorm=0.948, clip=30, loss_scale=256, train_wall=22, gb_free=36.5, wall=5092
2023-05-15 23:58:53 - progress_bar.py[line:272] - INFO: epoch 001:   1992 / 4137 loss=0.31, loss_v1=0, loss_v2=0, nll_loss=0.31, ntokens=256, nsentences=128, sample_size=256, sample_size_v1=0, sample_size_v2=0, ppl=1.24, wps=118.1, ups=0.46, wpb=256, bsz=128, num_updates=1990, lr=4.8074e-05, gnorm=0.889, clip=20, loss_scale=256, train_wall=22, gb_free=36.6, wall=5114
slice_id 1 seek offset 4465
slice_id 2 seek offset 8930
2023-05-15 23:59:15 - progress_bar.py[line:272] - INFO: epoch 001:   2002 / 4137 loss=0.307, loss_v1=0, loss_v2=0, nll_loss=0.307, ntokens=256, nsentences=128, sample_size=256, sample_size_v1=0, sample_size_v2=0, ppl=1.24, wps=116.7, ups=0.46, wpb=256, bsz=128, num_updates=2000, lr=4.80482e-05, gnorm=0.958, clip=40, loss_scale=256, train_wall=22, gb_free=36.6, wall=5136
slice_id 3 seek offset 13394
2023-05-15 23:59:15 - train.py[line:445] - INFO: begin validation on "valid" subset
slice_id 0 seek offset 0
slice_id 3 seek offset 13394
slice_id 0 seek offset 0
slice_id 1 seek offset 4465
slice_id 2 seek offset 8930
2023-05-16 00:03:11 - progress_bar.py[line:282] - INFO: epoch 001 | valid on 'valid' subset | loss 0.309 | loss_v1 0 | loss_v2 0 | nll_loss 0.309 | ntokens 31.975 | nsentences 15.987 | sample_size 31.975 | sample_size_v1 0 | sample_size_v2 0 | ppl 1.24 | snli_score 0.7478 | wps 151.8 | wpb 32 | bsz 16 | num_updates 2000 | best_snli_score 0.7478
2023-05-16 00:03:11 - checkpoint_utils.py[line:64] - INFO: Preparing to save checkpoint for epoch 1 @ 2000 updates
2023-05-16 00:03:11 - trainer.py[line:431] - INFO: Saving checkpoint to ./EC_full_checkpoints/5_5e-5/checkpoint_1_2000.pt
2023-05-16 00:03:14 - trainer.py[line:441] - INFO: Finished saving checkpoint to ./EC_full_checkpoints/5_5e-5/checkpoint_1_2000.pt
2023-05-16 00:03:21 - checkpoint_utils.py[line:133] - INFO: Saved checkpoint ./EC_full_checkpoints/5_5e-5/checkpoint_1_2000.pt (epoch 1 @ 2000 updates, score 0.7478) (writing took 9.744153005070984 seconds)
2023-05-16 00:03:41 - progress_bar.py[line:272] - INFO: epoch 001:   2012 / 4137 loss=0.305, loss_v1=0, loss_v2=0, nll_loss=0.305, ntokens=256, nsentences=128, sample_size=256, sample_size_v1=0, sample_size_v2=0, ppl=1.24, wps=9.6, ups=0.04, wpb=256, bsz=128, num_updates=2010, lr=4.80225e-05, gnorm=0.942, clip=40, loss_scale=256, train_wall=20, gb_free=36.6, wall=5401
2023-05-16 00:04:01 - progress_bar.py[line:272] - INFO: epoch 001:   2022 / 4137 loss=0.305, loss_v1=0, loss_v2=0, nll_loss=0.305, ntokens=256, nsentences=128, sample_size=256, sample_size_v1=0, sample_size_v2=0, ppl=1.24, wps=125.7, ups=0.49, wpb=256, bsz=128, num_updates=2020, lr=4.79968e-05, gnorm=0.921, clip=30, loss_scale=256, train_wall=20, gb_free=36.6, wall=5421
2023-05-16 00:04:22 - progress_bar.py[line:272] - INFO: epoch 001:   2032 / 4137 loss=0.3, loss_v1=0, loss_v2=0, nll_loss=0.3, ntokens=256, nsentences=128, sample_size=256, sample_size_v1=0, sample_size_v2=0, ppl=1.23, wps=124.2, ups=0.49, wpb=256, bsz=128, num_updates=2030, lr=4.79711e-05, gnorm=0.928, clip=20, loss_scale=256, train_wall=21, gb_free=36.6, wall=5442
2023-05-16 00:04:42 - progress_bar.py[line:272] - INFO: epoch 001:   2042 / 4137 loss=0.298, loss_v1=0, loss_v2=0, nll_loss=0.298, ntokens=256, nsentences=128, sample_size=256, sample_size_v1=0, sample_size_v2=0, ppl=1.23, wps=124.6, ups=0.49, wpb=256, bsz=128, num_updates=2040, lr=4.79454e-05, gnorm=0.915, clip=20, loss_scale=256, train_wall=20, gb_free=36.5, wall=5462
2023-05-16 00:05:02 - progress_bar.py[line:272] - INFO: epoch 001:   2052 / 4137 loss=0.301, loss_v1=0, loss_v2=0, nll_loss=0.301, ntokens=256, nsentences=128, sample_size=256, sample_size_v1=0, sample_size_v2=0, ppl=1.23, wps=127, ups=0.5, wpb=256, bsz=128, num_updates=2050, lr=4.79197e-05, gnorm=0.921, clip=20, loss_scale=256, train_wall=20, gb_free=36.6, wall=5483
2023-05-16 00:05:23 - progress_bar.py[line:272] - INFO: epoch 001:   2062 / 4137 loss=0.308, loss_v1=0, loss_v2=0, nll_loss=0.308, ntokens=256, nsentences=128, sample_size=256, sample_size_v1=0, sample_size_v2=0, ppl=1.24, wps=125.1, ups=0.49, wpb=256, bsz=128, num_updates=2060, lr=4.7894e-05, gnorm=0.993, clip=60, loss_scale=256, train_wall=20, gb_free=36.6, wall=5503
2023-05-16 00:05:43 - progress_bar.py[line:272] - INFO: epoch 001:   2072 / 4137 loss=0.321, loss_v1=0, loss_v2=0, nll_loss=0.321, ntokens=256, nsentences=128, sample_size=256, sample_size_v1=0, sample_size_v2=0, ppl=1.25, wps=128.9, ups=0.5, wpb=256, bsz=128, num_updates=2070, lr=4.78682e-05, gnorm=0.977, clip=50, loss_scale=256, train_wall=20, gb_free=36.7, wall=5523
2023-05-16 00:06:03 - progress_bar.py[line:272] - INFO: epoch 001:   2082 / 4137 loss=0.313, loss_v1=0, loss_v2=0, nll_loss=0.313, ntokens=256, nsentences=128, sample_size=256, sample_size_v1=0, sample_size_v2=0, ppl=1.24, wps=124.2, ups=0.49, wpb=256, bsz=128, num_updates=2080, lr=4.78425e-05, gnorm=0.987, clip=50, loss_scale=256, train_wall=21, gb_free=36.6, wall=5544
2023-05-16 00:06:25 - progress_bar.py[line:272] - INFO: epoch 001:   2092 / 4137 loss=0.298, loss_v1=0, loss_v2=0, nll_loss=0.298, ntokens=256, nsentences=128, sample_size=256, sample_size_v1=0, sample_size_v2=0, ppl=1.23, wps=120.8, ups=0.47, wpb=256, bsz=128, num_updates=2090, lr=4.78168e-05, gnorm=0.994, clip=40, loss_scale=256, train_wall=21, gb_free=36.6, wall=5565
2023-05-16 00:06:45 - progress_bar.py[line:272] - INFO: epoch 001:   2102 / 4137 loss=0.302, loss_v1=0, loss_v2=0, nll_loss=0.302, ntokens=256, nsentences=128, sample_size=256, sample_size_v1=0, sample_size_v2=0, ppl=1.23, wps=126.7, ups=0.5, wpb=256, bsz=128, num_updates=2100, lr=4.77911e-05, gnorm=0.957, clip=30, loss_scale=256, train_wall=20, gb_free=36.6, wall=5585
2023-05-16 00:07:05 - progress_bar.py[line:272] - INFO: epoch 001:   2112 / 4137 loss=0.291, loss_v1=0, loss_v2=0, nll_loss=0.291, ntokens=256, nsentences=128, sample_size=256, sample_size_v1=0, sample_size_v2=0, ppl=1.22, wps=126.5, ups=0.49, wpb=256, bsz=128, num_updates=2110, lr=4.77654e-05, gnorm=0.936, clip=20, loss_scale=256, train_wall=20, gb_free=36.6, wall=5605
2023-05-16 00:07:25 - progress_bar.py[line:272] - INFO: epoch 001:   2122 / 4137 loss=0.306, loss_v1=0, loss_v2=0, nll_loss=0.306, ntokens=256, nsentences=128, sample_size=256, sample_size_v1=0, sample_size_v2=0, ppl=1.24, wps=127.1, ups=0.5, wpb=256, bsz=128, num_updates=2120, lr=4.77397e-05, gnorm=0.944, clip=30, loss_scale=256, train_wall=20, gb_free=36.6, wall=5625
2023-05-16 00:07:46 - progress_bar.py[line:272] - INFO: epoch 001:   2132 / 4137 loss=0.332, loss_v1=0, loss_v2=0, nll_loss=0.332, ntokens=256, nsentences=128, sample_size=256, sample_size_v1=0, sample_size_v2=0, ppl=1.26, wps=123.6, ups=0.48, wpb=256, bsz=128, num_updates=2130, lr=4.77139e-05, gnorm=0.936, clip=30, loss_scale=256, train_wall=21, gb_free=36.6, wall=5646
2023-05-16 00:08:06 - progress_bar.py[line:272] - INFO: epoch 001:   2142 / 4137 loss=0.322, loss_v1=0, loss_v2=0, nll_loss=0.322, ntokens=256, nsentences=128, sample_size=256, sample_size_v1=0, sample_size_v2=0, ppl=1.25, wps=126.8, ups=0.5, wpb=256, bsz=128, num_updates=2140, lr=4.76882e-05, gnorm=0.834, clip=10, loss_scale=256, train_wall=20, gb_free=36.6, wall=5666
2023-05-16 00:08:27 - progress_bar.py[line:272] - INFO: epoch 001:   2152 / 4137 loss=0.314, loss_v1=0, loss_v2=0, nll_loss=0.314, ntokens=256, nsentences=128, sample_size=256, sample_size_v1=0, sample_size_v2=0, ppl=1.24, wps=123.7, ups=0.48, wpb=256, bsz=128, num_updates=2150, lr=4.76625e-05, gnorm=0.946, clip=20, loss_scale=512, train_wall=21, gb_free=36.5, wall=5687
2023-05-16 00:08:47 - progress_bar.py[line:272] - INFO: epoch 001:   2162 / 4137 loss=0.309, loss_v1=0, loss_v2=0, nll_loss=0.309, ntokens=256, nsentences=128, sample_size=256, sample_size_v1=0, sample_size_v2=0, ppl=1.24, wps=123.6, ups=0.48, wpb=256, bsz=128, num_updates=2160, lr=4.76368e-05, gnorm=1.003, clip=30, loss_scale=512, train_wall=21, gb_free=36.5, wall=5708
2023-05-16 00:09:08 - progress_bar.py[line:272] - INFO: epoch 001:   2172 / 4137 loss=0.315, loss_v1=0, loss_v2=0, nll_loss=0.315, ntokens=256, nsentences=128, sample_size=256, sample_size_v1=0, sample_size_v2=0, ppl=1.24, wps=123.2, ups=0.48, wpb=256, bsz=128, num_updates=2170, lr=4.76111e-05, gnorm=0.927, clip=20, loss_scale=512, train_wall=21, gb_free=36.7, wall=5728
2023-05-16 00:09:29 - progress_bar.py[line:272] - INFO: epoch 001:   2182 / 4137 loss=0.318, loss_v1=0, loss_v2=0, nll_loss=0.318, ntokens=256, nsentences=128, sample_size=256, sample_size_v1=0, sample_size_v2=0, ppl=1.25, wps=124.6, ups=0.49, wpb=256, bsz=128, num_updates=2180, lr=4.75854e-05, gnorm=0.956, clip=40, loss_scale=512, train_wall=21, gb_free=36.6, wall=5749
2023-05-16 00:09:50 - progress_bar.py[line:272] - INFO: epoch 001:   2192 / 4137 loss=0.308, loss_v1=0, loss_v2=0, nll_loss=0.308, ntokens=256, nsentences=128, sample_size=256, sample_size_v1=0, sample_size_v2=0, ppl=1.24, wps=122.8, ups=0.48, wpb=256, bsz=128, num_updates=2190, lr=4.75597e-05, gnorm=0.913, clip=30, loss_scale=512, train_wall=21, gb_free=36.5, wall=5770
2023-05-16 00:10:11 - progress_bar.py[line:272] - INFO: epoch 001:   2202 / 4137 loss=0.307, loss_v1=0, loss_v2=0, nll_loss=0.307, ntokens=256, nsentences=128, sample_size=256, sample_size_v1=0, sample_size_v2=0, ppl=1.24, wps=120.7, ups=0.47, wpb=256, bsz=128, num_updates=2200, lr=4.75339e-05, gnorm=1.025, clip=60, loss_scale=512, train_wall=21, gb_free=36.7, wall=5791
2023-05-16 00:10:32 - progress_bar.py[line:272] - INFO: epoch 001:   2212 / 4137 loss=0.306, loss_v1=0, loss_v2=0, nll_loss=0.306, ntokens=256, nsentences=128, sample_size=256, sample_size_v1=0, sample_size_v2=0, ppl=1.24, wps=124, ups=0.48, wpb=256, bsz=128, num_updates=2210, lr=4.75082e-05, gnorm=1.019, clip=50, loss_scale=512, train_wall=21, gb_free=36.5, wall=5812
2023-05-16 00:10:54 - progress_bar.py[line:272] - INFO: epoch 001:   2222 / 4137 loss=0.303, loss_v1=0, loss_v2=0, nll_loss=0.303, ntokens=256, nsentences=128, sample_size=256, sample_size_v1=0, sample_size_v2=0, ppl=1.23, wps=114.9, ups=0.45, wpb=256, bsz=128, num_updates=2220, lr=4.74825e-05, gnorm=1.005, clip=30, loss_scale=512, train_wall=22, gb_free=36.5, wall=5834
2023-05-16 00:11:14 - progress_bar.py[line:272] - INFO: epoch 001:   2232 / 4137 loss=0.31, loss_v1=0, loss_v2=0, nll_loss=0.31, ntokens=256, nsentences=128, sample_size=256, sample_size_v1=0, sample_size_v2=0, ppl=1.24, wps=124, ups=0.48, wpb=256, bsz=128, num_updates=2230, lr=4.74568e-05, gnorm=0.982, clip=40, loss_scale=512, train_wall=21, gb_free=36.6, wall=5855
2023-05-16 00:11:34 - progress_bar.py[line:272] - INFO: epoch 001:   2242 / 4137 loss=0.294, loss_v1=0, loss_v2=0, nll_loss=0.294, ntokens=256, nsentences=128, sample_size=256, sample_size_v1=0, sample_size_v2=0, ppl=1.23, wps=128.1, ups=0.5, wpb=256, bsz=128, num_updates=2240, lr=4.74311e-05, gnorm=0.939, clip=40, loss_scale=512, train_wall=20, gb_free=36.6, wall=5875
2023-05-16 00:11:54 - progress_bar.py[line:272] - INFO: epoch 001:   2252 / 4137 loss=0.297, loss_v1=0, loss_v2=0, nll_loss=0.297, ntokens=256, nsentences=128, sample_size=256, sample_size_v1=0, sample_size_v2=0, ppl=1.23, wps=128.1, ups=0.5, wpb=256, bsz=128, num_updates=2250, lr=4.74054e-05, gnorm=0.971, clip=30, loss_scale=512, train_wall=20, gb_free=36.7, wall=5895
2023-05-16 00:12:15 - progress_bar.py[line:272] - INFO: epoch 001:   2262 / 4137 loss=0.287, loss_v1=0, loss_v2=0, nll_loss=0.287, ntokens=256, nsentences=128, sample_size=256, sample_size_v1=0, sample_size_v2=0, ppl=1.22, wps=126.2, ups=0.49, wpb=256, bsz=128, num_updates=2260, lr=4.73797e-05, gnorm=0.977, clip=40, loss_scale=512, train_wall=20, gb_free=36.4, wall=5915
2023-05-16 00:12:42 - progress_bar.py[line:272] - INFO: epoch 001:   2272 / 4137 loss=0.303, loss_v1=0, loss_v2=0, nll_loss=0.303, ntokens=256, nsentences=128, sample_size=256, sample_size_v1=0, sample_size_v2=0, ppl=1.23, wps=94.3, ups=0.37, wpb=256, bsz=128, num_updates=2270, lr=4.73539e-05, gnorm=0.981, clip=60, loss_scale=512, train_wall=27, gb_free=36.7, wall=5942
2023-05-16 00:13:15 - progress_bar.py[line:272] - INFO: epoch 001:   2282 / 4137 loss=0.328, loss_v1=0, loss_v2=0, nll_loss=0.328, ntokens=256, nsentences=128, sample_size=256, sample_size_v1=0, sample_size_v2=0, ppl=1.26, wps=77.5, ups=0.3, wpb=256, bsz=128, num_updates=2280, lr=4.73282e-05, gnorm=0.965, clip=30, loss_scale=512, train_wall=33, gb_free=36.2, wall=5975
2023-05-16 00:13:48 - progress_bar.py[line:272] - INFO: epoch 001:   2292 / 4137 loss=0.308, loss_v1=0, loss_v2=0, nll_loss=0.308, ntokens=256, nsentences=128, sample_size=256, sample_size_v1=0, sample_size_v2=0, ppl=1.24, wps=77.9, ups=0.3, wpb=256, bsz=128, num_updates=2290, lr=4.73025e-05, gnorm=0.815, clip=10, loss_scale=512, train_wall=33, gb_free=36.6, wall=6008
2023-05-16 00:14:20 - progress_bar.py[line:272] - INFO: epoch 001:   2302 / 4137 loss=0.298, loss_v1=0, loss_v2=0, nll_loss=0.298, ntokens=256, nsentences=128, sample_size=256, sample_size_v1=0, sample_size_v2=0, ppl=1.23, wps=78.3, ups=0.31, wpb=256, bsz=128, num_updates=2300, lr=4.72768e-05, gnorm=0.964, clip=30, loss_scale=512, train_wall=33, gb_free=36.7, wall=6041
2023-05-16 00:14:53 - progress_bar.py[line:272] - INFO: epoch 001:   2312 / 4137 loss=0.29, loss_v1=0, loss_v2=0, nll_loss=0.29, ntokens=256, nsentences=128, sample_size=256, sample_size_v1=0, sample_size_v2=0, ppl=1.22, wps=77.6, ups=0.3, wpb=256, bsz=128, num_updates=2310, lr=4.72511e-05, gnorm=0.971, clip=40, loss_scale=512, train_wall=33, gb_free=36.5, wall=6074
2023-05-16 00:15:26 - progress_bar.py[line:272] - INFO: epoch 001:   2322 / 4137 loss=0.301, loss_v1=0, loss_v2=0, nll_loss=0.301, ntokens=256, nsentences=128, sample_size=256, sample_size_v1=0, sample_size_v2=0, ppl=1.23, wps=79.4, ups=0.31, wpb=256, bsz=128, num_updates=2320, lr=4.72254e-05, gnorm=0.867, clip=20, loss_scale=512, train_wall=32, gb_free=36.7, wall=6106
2023-05-16 00:15:58 - progress_bar.py[line:272] - INFO: epoch 001:   2332 / 4137 loss=0.305, loss_v1=0, loss_v2=0, nll_loss=0.305, ntokens=256, nsentences=128, sample_size=256, sample_size_v1=0, sample_size_v2=0, ppl=1.24, wps=78.3, ups=0.31, wpb=256, bsz=128, num_updates=2330, lr=4.71997e-05, gnorm=0.837, clip=10, loss_scale=512, train_wall=33, gb_free=36.5, wall=6139
2023-05-16 00:16:31 - progress_bar.py[line:272] - INFO: epoch 001:   2342 / 4137 loss=0.307, loss_v1=0, loss_v2=0, nll_loss=0.307, ntokens=256, nsentences=128, sample_size=256, sample_size_v1=0, sample_size_v2=0, ppl=1.24, wps=78.9, ups=0.31, wpb=256, bsz=128, num_updates=2340, lr=4.71739e-05, gnorm=0.97, clip=40, loss_scale=512, train_wall=32, gb_free=36.6, wall=6171
2023-05-16 00:17:04 - progress_bar.py[line:272] - INFO: epoch 001:   2352 / 4137 loss=0.304, loss_v1=0, loss_v2=0, nll_loss=0.304, ntokens=256, nsentences=128, sample_size=256, sample_size_v1=0, sample_size_v2=0, ppl=1.23, wps=77.2, ups=0.3, wpb=256, bsz=128, num_updates=2350, lr=4.71482e-05, gnorm=0.926, clip=20, loss_scale=512, train_wall=33, gb_free=36.7, wall=6204
2023-05-16 00:17:37 - progress_bar.py[line:272] - INFO: epoch 001:   2362 / 4137 loss=0.309, loss_v1=0, loss_v2=0, nll_loss=0.309, ntokens=256, nsentences=128, sample_size=256, sample_size_v1=0, sample_size_v2=0, ppl=1.24, wps=77.5, ups=0.3, wpb=256, bsz=128, num_updates=2360, lr=4.71225e-05, gnorm=0.858, clip=10, loss_scale=512, train_wall=33, gb_free=36.6, wall=6237
2023-05-16 00:18:10 - progress_bar.py[line:272] - INFO: epoch 001:   2372 / 4137 loss=0.272, loss_v1=0, loss_v2=0, nll_loss=0.272, ntokens=256, nsentences=128, sample_size=256, sample_size_v1=0, sample_size_v2=0, ppl=1.21, wps=78.5, ups=0.31, wpb=256, bsz=128, num_updates=2370, lr=4.70968e-05, gnorm=0.919, clip=20, loss_scale=512, train_wall=33, gb_free=36.7, wall=6270
2023-05-16 00:18:40 - progress_bar.py[line:272] - INFO: epoch 001:   2382 / 4137 loss=0.285, loss_v1=0, loss_v2=0, nll_loss=0.285, ntokens=256, nsentences=128, sample_size=256, sample_size_v1=0, sample_size_v2=0, ppl=1.22, wps=84.3, ups=0.33, wpb=256, bsz=128, num_updates=2380, lr=4.70711e-05, gnorm=1.027, clip=60, loss_scale=512, train_wall=30, gb_free=36.7, wall=6300
2023-05-16 00:19:00 - progress_bar.py[line:272] - INFO: epoch 001:   2392 / 4137 loss=0.316, loss_v1=0, loss_v2=0, nll_loss=0.316, ntokens=256, nsentences=128, sample_size=256, sample_size_v1=0, sample_size_v2=0, ppl=1.25, wps=128.7, ups=0.5, wpb=256, bsz=128, num_updates=2390, lr=4.70454e-05, gnorm=1.058, clip=60, loss_scale=512, train_wall=20, gb_free=36.7, wall=6320
2023-05-16 00:19:20 - progress_bar.py[line:272] - INFO: epoch 001:   2402 / 4137 loss=0.291, loss_v1=0, loss_v2=0, nll_loss=0.291, ntokens=256, nsentences=128, sample_size=256, sample_size_v1=0, sample_size_v2=0, ppl=1.22, wps=125.3, ups=0.49, wpb=256, bsz=128, num_updates=2400, lr=4.70196e-05, gnorm=0.808, clip=10, loss_scale=512, train_wall=20, gb_free=36.5, wall=6341
2023-05-16 00:19:42 - progress_bar.py[line:272] - INFO: epoch 001:   2412 / 4137 loss=0.304, loss_v1=0, loss_v2=0, nll_loss=0.304, ntokens=256, nsentences=128, sample_size=256, sample_size_v1=0, sample_size_v2=0, ppl=1.23, wps=120.4, ups=0.47, wpb=256, bsz=128, num_updates=2410, lr=4.69939e-05, gnorm=0.908, clip=20, loss_scale=512, train_wall=21, gb_free=36.6, wall=6362
2023-05-16 00:20:02 - progress_bar.py[line:272] - INFO: epoch 001:   2422 / 4137 loss=0.293, loss_v1=0, loss_v2=0, nll_loss=0.293, ntokens=256, nsentences=128, sample_size=256, sample_size_v1=0, sample_size_v2=0, ppl=1.23, wps=126.5, ups=0.49, wpb=256, bsz=128, num_updates=2420, lr=4.69682e-05, gnorm=0.894, clip=20, loss_scale=512, train_wall=20, gb_free=36.6, wall=6382
2023-05-16 00:20:23 - progress_bar.py[line:272] - INFO: epoch 001:   2432 / 4137 loss=0.284, loss_v1=0, loss_v2=0, nll_loss=0.284, ntokens=256, nsentences=128, sample_size=256, sample_size_v1=0, sample_size_v2=0, ppl=1.22, wps=121.3, ups=0.47, wpb=256, bsz=128, num_updates=2430, lr=4.69425e-05, gnorm=0.888, clip=20, loss_scale=512, train_wall=21, gb_free=36.6, wall=6403
2023-05-16 00:20:44 - progress_bar.py[line:272] - INFO: epoch 001:   2442 / 4137 loss=0.311, loss_v1=0, loss_v2=0, nll_loss=0.311, ntokens=256, nsentences=128, sample_size=256, sample_size_v1=0, sample_size_v2=0, ppl=1.24, wps=124.1, ups=0.48, wpb=256, bsz=128, num_updates=2440, lr=4.69168e-05, gnorm=0.976, clip=50, loss_scale=512, train_wall=21, gb_free=36.4, wall=6424
2023-05-16 00:21:05 - progress_bar.py[line:272] - INFO: epoch 001:   2452 / 4137 loss=0.307, loss_v1=0, loss_v2=0, nll_loss=0.307, ntokens=256, nsentences=128, sample_size=256, sample_size_v1=0, sample_size_v2=0, ppl=1.24, wps=121.7, ups=0.48, wpb=256, bsz=128, num_updates=2450, lr=4.68911e-05, gnorm=0.949, clip=40, loss_scale=512, train_wall=21, gb_free=36.7, wall=6445
2023-05-16 00:21:25 - progress_bar.py[line:272] - INFO: epoch 001:   2462 / 4137 loss=0.289, loss_v1=0, loss_v2=0, nll_loss=0.289, ntokens=256, nsentences=128, sample_size=256, sample_size_v1=0, sample_size_v2=0, ppl=1.22, wps=125, ups=0.49, wpb=256, bsz=128, num_updates=2460, lr=4.68654e-05, gnorm=0.856, clip=20, loss_scale=512, train_wall=20, gb_free=36.6, wall=6465
2023-05-16 00:21:46 - progress_bar.py[line:272] - INFO: epoch 001:   2472 / 4137 loss=0.296, loss_v1=0, loss_v2=0, nll_loss=0.296, ntokens=256, nsentences=128, sample_size=256, sample_size_v1=0, sample_size_v2=0, ppl=1.23, wps=121.3, ups=0.47, wpb=256, bsz=128, num_updates=2470, lr=4.68396e-05, gnorm=1, clip=30, loss_scale=512, train_wall=21, gb_free=36.5, wall=6486
2023-05-16 00:22:07 - progress_bar.py[line:272] - INFO: epoch 001:   2482 / 4137 loss=0.295, loss_v1=0, loss_v2=0, nll_loss=0.295, ntokens=256, nsentences=128, sample_size=256, sample_size_v1=0, sample_size_v2=0, ppl=1.23, wps=125.6, ups=0.49, wpb=256, bsz=128, num_updates=2480, lr=4.68139e-05, gnorm=0.963, clip=50, loss_scale=512, train_wall=20, gb_free=36.6, wall=6507
2023-05-16 00:22:27 - progress_bar.py[line:272] - INFO: epoch 001:   2492 / 4137 loss=0.313, loss_v1=0, loss_v2=0, nll_loss=0.313, ntokens=256, nsentences=128, sample_size=256, sample_size_v1=0, sample_size_v2=0, ppl=1.24, wps=125.9, ups=0.49, wpb=256, bsz=128, num_updates=2490, lr=4.67882e-05, gnorm=0.958, clip=50, loss_scale=512, train_wall=20, gb_free=36.6, wall=6527
2023-05-16 00:22:48 - progress_bar.py[line:272] - INFO: epoch 001:   2502 / 4137 loss=0.32, loss_v1=0, loss_v2=0, nll_loss=0.32, ntokens=256, nsentences=128, sample_size=256, sample_size_v1=0, sample_size_v2=0, ppl=1.25, wps=122.9, ups=0.48, wpb=256, bsz=128, num_updates=2500, lr=4.67625e-05, gnorm=0.93, clip=30, loss_scale=512, train_wall=21, gb_free=36.7, wall=6548
slice_id 1 seek offset 4465slice_id 2 seek offset 8930

2023-05-16 00:22:48 - train.py[line:445] - INFO: begin validation on "valid" subset
slice_id 0 seek offset 0
slice_id 3 seek offset 13394
slice_id 0 seek offset 0
slice_id 3 seek offset 13394
slice_id 2 seek offset 8930
slice_id 1 seek offset 4465
2023-05-16 00:26:21 - progress_bar.py[line:282] - INFO: epoch 001 | valid on 'valid' subset | loss 0.283 | loss_v1 0 | loss_v2 0 | nll_loss 0.283 | ntokens 31.975 | nsentences 15.987 | sample_size 31.975 | sample_size_v1 0 | sample_size_v2 0 | ppl 1.22 | snli_score 0.771 | wps 167.7 | wpb 32 | bsz 16 | num_updates 2500 | best_snli_score 0.771
2023-05-16 00:26:21 - checkpoint_utils.py[line:64] - INFO: Preparing to save checkpoint for epoch 1 @ 2500 updates
2023-05-16 00:26:21 - trainer.py[line:431] - INFO: Saving checkpoint to ./EC_full_checkpoints/5_5e-5/checkpoint_1_2500.pt
2023-05-16 00:26:25 - trainer.py[line:441] - INFO: Finished saving checkpoint to ./EC_full_checkpoints/5_5e-5/checkpoint_1_2500.pt
2023-05-16 00:26:32 - checkpoint_utils.py[line:133] - INFO: Saved checkpoint ./EC_full_checkpoints/5_5e-5/checkpoint_1_2500.pt (epoch 1 @ 2500 updates, score 0.771) (writing took 11.213110569864511 seconds)
2023-05-16 00:26:57 - progress_bar.py[line:272] - INFO: epoch 001:   2512 / 4137 loss=0.302, loss_v1=0, loss_v2=0, nll_loss=0.302, ntokens=256, nsentences=128, sample_size=256, sample_size_v1=0, sample_size_v2=0, ppl=1.23, wps=10.3, ups=0.04, wpb=256, bsz=128, num_updates=2510, lr=4.67368e-05, gnorm=0.864, clip=0, loss_scale=512, train_wall=24, gb_free=36.5, wall=6797
2023-05-16 00:27:17 - progress_bar.py[line:272] - INFO: epoch 001:   2522 / 4137 loss=0.279, loss_v1=0, loss_v2=0, nll_loss=0.279, ntokens=256, nsentences=128, sample_size=256, sample_size_v1=0, sample_size_v2=0, ppl=1.21, wps=123, ups=0.48, wpb=256, bsz=128, num_updates=2520, lr=4.67111e-05, gnorm=0.947, clip=20, loss_scale=512, train_wall=21, gb_free=36.5, wall=6818
2023-05-16 00:27:41 - progress_bar.py[line:272] - INFO: epoch 001:   2532 / 4137 loss=0.308, loss_v1=0, loss_v2=0, nll_loss=0.308, ntokens=256, nsentences=128, sample_size=256, sample_size_v1=0, sample_size_v2=0, ppl=1.24, wps=109.2, ups=0.43, wpb=256, bsz=128, num_updates=2530, lr=4.66854e-05, gnorm=1.062, clip=60, loss_scale=512, train_wall=23, gb_free=36.5, wall=6841
2023-05-16 00:28:05 - progress_bar.py[line:272] - INFO: epoch 001:   2542 / 4137 loss=0.299, loss_v1=0, loss_v2=0, nll_loss=0.299, ntokens=256, nsentences=128, sample_size=256, sample_size_v1=0, sample_size_v2=0, ppl=1.23, wps=104.4, ups=0.41, wpb=256, bsz=128, num_updates=2540, lr=4.66596e-05, gnorm=0.806, clip=0, loss_scale=512, train_wall=24, gb_free=36.5, wall=6866
2023-05-16 00:28:30 - progress_bar.py[line:272] - INFO: epoch 001:   2552 / 4137 loss=0.288, loss_v1=0, loss_v2=0, nll_loss=0.288, ntokens=256, nsentences=128, sample_size=256, sample_size_v1=0, sample_size_v2=0, ppl=1.22, wps=104.2, ups=0.41, wpb=256, bsz=128, num_updates=2550, lr=4.66339e-05, gnorm=0.879, clip=20, loss_scale=512, train_wall=25, gb_free=36.7, wall=6890
2023-05-16 00:28:54 - progress_bar.py[line:272] - INFO: epoch 001:   2562 / 4137 loss=0.307, loss_v1=0, loss_v2=0, nll_loss=0.307, ntokens=256, nsentences=128, sample_size=256, sample_size_v1=0, sample_size_v2=0, ppl=1.24, wps=104.7, ups=0.41, wpb=256, bsz=128, num_updates=2560, lr=4.66082e-05, gnorm=0.889, clip=10, loss_scale=512, train_wall=24, gb_free=36.6, wall=6915
2023-05-16 00:29:19 - progress_bar.py[line:272] - INFO: epoch 001:   2572 / 4137 loss=0.305, loss_v1=0, loss_v2=0, nll_loss=0.305, ntokens=256, nsentences=128, sample_size=256, sample_size_v1=0, sample_size_v2=0, ppl=1.24, wps=102.7, ups=0.4, wpb=256, bsz=128, num_updates=2570, lr=4.65825e-05, gnorm=1.027, clip=60, loss_scale=512, train_wall=25, gb_free=36.5, wall=6940
2023-05-16 00:29:42 - progress_bar.py[line:272] - INFO: epoch 001:   2582 / 4137 loss=0.28, loss_v1=0, loss_v2=0, nll_loss=0.28, ntokens=256, nsentences=128, sample_size=256, sample_size_v1=0, sample_size_v2=0, ppl=1.21, wps=113.9, ups=0.45, wpb=256, bsz=128, num_updates=2580, lr=4.65568e-05, gnorm=0.958, clip=20, loss_scale=512, train_wall=22, gb_free=36.4, wall=6962
2023-05-16 00:30:02 - progress_bar.py[line:272] - INFO: epoch 001:   2592 / 4137 loss=0.299, loss_v1=0, loss_v2=0, nll_loss=0.299, ntokens=256, nsentences=128, sample_size=256, sample_size_v1=0, sample_size_v2=0, ppl=1.23, wps=128.7, ups=0.5, wpb=256, bsz=128, num_updates=2590, lr=4.65311e-05, gnorm=1.146, clip=80, loss_scale=512, train_wall=20, gb_free=36.6, wall=6982
2023-05-16 00:30:22 - progress_bar.py[line:272] - INFO: epoch 001:   2602 / 4137 loss=0.284, loss_v1=0, loss_v2=0, nll_loss=0.284, ntokens=256, nsentences=128, sample_size=256, sample_size_v1=0, sample_size_v2=0, ppl=1.22, wps=125.6, ups=0.49, wpb=256, bsz=128, num_updates=2600, lr=4.65053e-05, gnorm=0.918, clip=10, loss_scale=512, train_wall=20, gb_free=36.7, wall=7002
2023-05-16 00:30:46 - progress_bar.py[line:272] - INFO: epoch 001:   2612 / 4137 loss=0.277, loss_v1=0, loss_v2=0, nll_loss=0.277, ntokens=256, nsentences=128, sample_size=256, sample_size_v1=0, sample_size_v2=0, ppl=1.21, wps=106.3, ups=0.42, wpb=256, bsz=128, num_updates=2610, lr=4.64796e-05, gnorm=0.989, clip=40, loss_scale=512, train_wall=24, gb_free=36.6, wall=7026
2023-05-16 00:31:11 - progress_bar.py[line:272] - INFO: epoch 001:   2622 / 4137 loss=0.3, loss_v1=0, loss_v2=0, nll_loss=0.3, ntokens=256, nsentences=128, sample_size=256, sample_size_v1=0, sample_size_v2=0, ppl=1.23, wps=105, ups=0.41, wpb=256, bsz=128, num_updates=2620, lr=4.64539e-05, gnorm=0.957, clip=40, loss_scale=512, train_wall=24, gb_free=36.6, wall=7051
2023-05-16 00:31:35 - progress_bar.py[line:272] - INFO: epoch 001:   2632 / 4137 loss=0.292, loss_v1=0, loss_v2=0, nll_loss=0.292, ntokens=256, nsentences=128, sample_size=256, sample_size_v1=0, sample_size_v2=0, ppl=1.22, wps=105.3, ups=0.41, wpb=256, bsz=128, num_updates=2630, lr=4.64282e-05, gnorm=0.869, clip=20, loss_scale=512, train_wall=24, gb_free=36.5, wall=7075
2023-05-16 00:31:59 - progress_bar.py[line:272] - INFO: epoch 001:   2642 / 4137 loss=0.29, loss_v1=0, loss_v2=0, nll_loss=0.29, ntokens=256, nsentences=128, sample_size=256, sample_size_v1=0, sample_size_v2=0, ppl=1.22, wps=104.7, ups=0.41, wpb=256, bsz=128, num_updates=2640, lr=4.64025e-05, gnorm=0.915, clip=30, loss_scale=512, train_wall=24, gb_free=36.6, wall=7100
2023-05-16 00:32:24 - progress_bar.py[line:272] - INFO: epoch 001:   2652 / 4137 loss=0.326, loss_v1=0, loss_v2=0, nll_loss=0.326, ntokens=256, nsentences=128, sample_size=256, sample_size_v1=0, sample_size_v2=0, ppl=1.25, wps=104.9, ups=0.41, wpb=256, bsz=128, num_updates=2650, lr=4.63768e-05, gnorm=0.972, clip=50, loss_scale=512, train_wall=24, gb_free=36.6, wall=7124
2023-05-16 00:32:45 - progress_bar.py[line:272] - INFO: epoch 001:   2662 / 4137 loss=0.299, loss_v1=0, loss_v2=0, nll_loss=0.299, ntokens=256, nsentences=128, sample_size=256, sample_size_v1=0, sample_size_v2=0, ppl=1.23, wps=120.3, ups=0.47, wpb=256, bsz=128, num_updates=2660, lr=4.63511e-05, gnorm=0.843, clip=0, loss_scale=1024, train_wall=21, gb_free=36.6, wall=7145
2023-05-16 00:33:05 - progress_bar.py[line:272] - INFO: epoch 001:   2672 / 4137 loss=0.317, loss_v1=0, loss_v2=0, nll_loss=0.317, ntokens=256, nsentences=128, sample_size=256, sample_size_v1=0, sample_size_v2=0, ppl=1.25, wps=128.4, ups=0.5, wpb=256, bsz=128, num_updates=2670, lr=4.63253e-05, gnorm=0.848, clip=10, loss_scale=1024, train_wall=20, gb_free=36.5, wall=7165
2023-05-16 00:33:25 - progress_bar.py[line:272] - INFO: epoch 001:   2682 / 4137 loss=0.281, loss_v1=0, loss_v2=0, nll_loss=0.281, ntokens=256, nsentences=128, sample_size=256, sample_size_v1=0, sample_size_v2=0, ppl=1.22, wps=129.4, ups=0.51, wpb=256, bsz=128, num_updates=2680, lr=4.62996e-05, gnorm=0.806, clip=0, loss_scale=1024, train_wall=20, gb_free=36.6, wall=7185
2023-05-16 00:33:46 - progress_bar.py[line:272] - INFO: epoch 001:   2692 / 4137 loss=0.296, loss_v1=0, loss_v2=0, nll_loss=0.296, ntokens=256, nsentences=128, sample_size=256, sample_size_v1=0, sample_size_v2=0, ppl=1.23, wps=121, ups=0.47, wpb=256, bsz=128, num_updates=2690, lr=4.62739e-05, gnorm=0.841, clip=0, loss_scale=1024, train_wall=21, gb_free=36.7, wall=7206
2023-05-16 00:34:10 - progress_bar.py[line:272] - INFO: epoch 001:   2702 / 4137 loss=0.299, loss_v1=0, loss_v2=0, nll_loss=0.299, ntokens=256, nsentences=128, sample_size=256, sample_size_v1=0, sample_size_v2=0, ppl=1.23, wps=104.3, ups=0.41, wpb=256, bsz=128, num_updates=2700, lr=4.62482e-05, gnorm=0.986, clip=40, loss_scale=1024, train_wall=24, gb_free=36.7, wall=7231
2023-05-16 00:34:35 - progress_bar.py[line:272] - INFO: epoch 001:   2712 / 4137 loss=0.307, loss_v1=0, loss_v2=0, nll_loss=0.307, ntokens=256, nsentences=128, sample_size=256, sample_size_v1=0, sample_size_v2=0, ppl=1.24, wps=104.2, ups=0.41, wpb=256, bsz=128, num_updates=2710, lr=4.62225e-05, gnorm=0.851, clip=20, loss_scale=1024, train_wall=25, gb_free=36.6, wall=7255
2023-05-16 00:35:00 - progress_bar.py[line:272] - INFO: epoch 001:   2722 / 4137 loss=0.274, loss_v1=0, loss_v2=0, nll_loss=0.274, ntokens=256, nsentences=128, sample_size=256, sample_size_v1=0, sample_size_v2=0, ppl=1.21, wps=104.4, ups=0.41, wpb=256, bsz=128, num_updates=2720, lr=4.61968e-05, gnorm=0.857, clip=30, loss_scale=1024, train_wall=24, gb_free=36.7, wall=7280
2023-05-16 00:35:24 - progress_bar.py[line:272] - INFO: epoch 001:   2732 / 4137 loss=0.309, loss_v1=0, loss_v2=0, nll_loss=0.309, ntokens=256, nsentences=128, sample_size=256, sample_size_v1=0, sample_size_v2=0, ppl=1.24, wps=103.5, ups=0.4, wpb=256, bsz=128, num_updates=2730, lr=4.61711e-05, gnorm=1.046, clip=50, loss_scale=1024, train_wall=25, gb_free=36.6, wall=7305
2023-05-16 00:35:49 - progress_bar.py[line:272] - INFO: epoch 001:   2742 / 4137 loss=0.299, loss_v1=0, loss_v2=0, nll_loss=0.299, ntokens=256, nsentences=128, sample_size=256, sample_size_v1=0, sample_size_v2=0, ppl=1.23, wps=104.5, ups=0.41, wpb=256, bsz=128, num_updates=2740, lr=4.61453e-05, gnorm=0.903, clip=20, loss_scale=1024, train_wall=24, gb_free=36.6, wall=7329
2023-05-16 00:36:13 - progress_bar.py[line:272] - INFO: epoch 001:   2752 / 4137 loss=0.265, loss_v1=0, loss_v2=0, nll_loss=0.265, ntokens=256, nsentences=128, sample_size=256, sample_size_v1=0, sample_size_v2=0, ppl=1.2, wps=105.7, ups=0.41, wpb=256, bsz=128, num_updates=2750, lr=4.61196e-05, gnorm=0.892, clip=30, loss_scale=1024, train_wall=24, gb_free=36.8, wall=7353
2023-05-16 00:36:38 - progress_bar.py[line:272] - INFO: epoch 001:   2762 / 4137 loss=0.334, loss_v1=0, loss_v2=0, nll_loss=0.334, ntokens=256, nsentences=128, sample_size=256, sample_size_v1=0, sample_size_v2=0, ppl=1.26, wps=101.8, ups=0.4, wpb=256, bsz=128, num_updates=2760, lr=4.60939e-05, gnorm=0.998, clip=40, loss_scale=1024, train_wall=25, gb_free=36.5, wall=7378
2023-05-16 00:37:03 - progress_bar.py[line:272] - INFO: epoch 001:   2772 / 4137 loss=0.29, loss_v1=0, loss_v2=0, nll_loss=0.29, ntokens=256, nsentences=128, sample_size=256, sample_size_v1=0, sample_size_v2=0, ppl=1.22, wps=101.7, ups=0.4, wpb=256, bsz=128, num_updates=2770, lr=4.60682e-05, gnorm=0.817, clip=20, loss_scale=1024, train_wall=25, gb_free=36.6, wall=7404
2023-05-16 00:37:28 - progress_bar.py[line:272] - INFO: epoch 001:   2782 / 4137 loss=0.3, loss_v1=0, loss_v2=0, nll_loss=0.3, ntokens=256, nsentences=128, sample_size=256, sample_size_v1=0, sample_size_v2=0, ppl=1.23, wps=103.1, ups=0.4, wpb=256, bsz=128, num_updates=2780, lr=4.60425e-05, gnorm=0.793, clip=10, loss_scale=1024, train_wall=25, gb_free=36.8, wall=7428
2023-05-16 00:37:52 - progress_bar.py[line:272] - INFO: epoch 001:   2792 / 4137 loss=0.273, loss_v1=0, loss_v2=0, nll_loss=0.273, ntokens=256, nsentences=128, sample_size=256, sample_size_v1=0, sample_size_v2=0, ppl=1.21, wps=105.5, ups=0.41, wpb=256, bsz=128, num_updates=2790, lr=4.60168e-05, gnorm=0.802, clip=10, loss_scale=1024, train_wall=24, gb_free=36.6, wall=7453
2023-05-16 00:38:17 - progress_bar.py[line:272] - INFO: epoch 001:   2802 / 4137 loss=0.297, loss_v1=0, loss_v2=0, nll_loss=0.297, ntokens=256, nsentences=128, sample_size=256, sample_size_v1=0, sample_size_v2=0, ppl=1.23, wps=104.1, ups=0.41, wpb=256, bsz=128, num_updates=2800, lr=4.59911e-05, gnorm=0.923, clip=30, loss_scale=1024, train_wall=25, gb_free=36.6, wall=7477
2023-05-16 00:38:41 - progress_bar.py[line:272] - INFO: epoch 001:   2812 / 4137 loss=0.289, loss_v1=0, loss_v2=0, nll_loss=0.289, ntokens=256, nsentences=128, sample_size=256, sample_size_v1=0, sample_size_v2=0, ppl=1.22, wps=105, ups=0.41, wpb=256, bsz=128, num_updates=2810, lr=4.59653e-05, gnorm=0.841, clip=10, loss_scale=1024, train_wall=24, gb_free=36.7, wall=7502
2023-05-16 00:39:06 - progress_bar.py[line:272] - INFO: epoch 001:   2822 / 4137 loss=0.312, loss_v1=0, loss_v2=0, nll_loss=0.312, ntokens=256, nsentences=128, sample_size=256, sample_size_v1=0, sample_size_v2=0, ppl=1.24, wps=105.1, ups=0.41, wpb=256, bsz=128, num_updates=2820, lr=4.59396e-05, gnorm=0.99, clip=20, loss_scale=1024, train_wall=24, gb_free=36.6, wall=7526
2023-05-16 00:39:30 - progress_bar.py[line:272] - INFO: epoch 001:   2832 / 4137 loss=0.3, loss_v1=0, loss_v2=0, nll_loss=0.3, ntokens=256, nsentences=128, sample_size=256, sample_size_v1=0, sample_size_v2=0, ppl=1.23, wps=103.9, ups=0.41, wpb=256, bsz=128, num_updates=2830, lr=4.59139e-05, gnorm=0.912, clip=20, loss_scale=1024, train_wall=25, gb_free=36.8, wall=7551
2023-05-16 00:39:55 - progress_bar.py[line:272] - INFO: epoch 001:   2842 / 4137 loss=0.293, loss_v1=0, loss_v2=0, nll_loss=0.293, ntokens=256, nsentences=128, sample_size=256, sample_size_v1=0, sample_size_v2=0, ppl=1.23, wps=105.2, ups=0.41, wpb=256, bsz=128, num_updates=2840, lr=4.58882e-05, gnorm=0.945, clip=40, loss_scale=1024, train_wall=24, gb_free=36.6, wall=7575
2023-05-16 00:40:19 - progress_bar.py[line:272] - INFO: epoch 001:   2852 / 4137 loss=0.316, loss_v1=0, loss_v2=0, nll_loss=0.316, ntokens=256, nsentences=128, sample_size=256, sample_size_v1=0, sample_size_v2=0, ppl=1.24, wps=104.8, ups=0.41, wpb=256, bsz=128, num_updates=2850, lr=4.58625e-05, gnorm=0.943, clip=30, loss_scale=1024, train_wall=24, gb_free=36.5, wall=7599
2023-05-16 00:40:44 - progress_bar.py[line:272] - INFO: epoch 001:   2862 / 4137 loss=0.308, loss_v1=0, loss_v2=0, nll_loss=0.308, ntokens=256, nsentences=128, sample_size=256, sample_size_v1=0, sample_size_v2=0, ppl=1.24, wps=105.1, ups=0.41, wpb=256, bsz=128, num_updates=2860, lr=4.58368e-05, gnorm=0.838, clip=10, loss_scale=1024, train_wall=24, gb_free=36.6, wall=7624
2023-05-16 00:41:08 - progress_bar.py[line:272] - INFO: epoch 001:   2872 / 4137 loss=0.324, loss_v1=0, loss_v2=0, nll_loss=0.324, ntokens=256, nsentences=128, sample_size=256, sample_size_v1=0, sample_size_v2=0, ppl=1.25, wps=104.1, ups=0.41, wpb=256, bsz=128, num_updates=2870, lr=4.5811e-05, gnorm=0.931, clip=20, loss_scale=1024, train_wall=25, gb_free=36.7, wall=7648
2023-05-16 00:41:32 - progress_bar.py[line:272] - INFO: epoch 001:   2882 / 4137 loss=0.305, loss_v1=0, loss_v2=0, nll_loss=0.305, ntokens=256, nsentences=128, sample_size=256, sample_size_v1=0, sample_size_v2=0, ppl=1.24, wps=106.4, ups=0.42, wpb=256, bsz=128, num_updates=2880, lr=4.57853e-05, gnorm=0.902, clip=20, loss_scale=1024, train_wall=24, gb_free=36.6, wall=7672
2023-05-16 00:41:57 - progress_bar.py[line:272] - INFO: epoch 001:   2892 / 4137 loss=0.289, loss_v1=0, loss_v2=0, nll_loss=0.289, ntokens=256, nsentences=128, sample_size=256, sample_size_v1=0, sample_size_v2=0, ppl=1.22, wps=104.5, ups=0.41, wpb=256, bsz=128, num_updates=2890, lr=4.57596e-05, gnorm=0.841, clip=10, loss_scale=1024, train_wall=24, gb_free=36.7, wall=7697
2023-05-16 00:42:22 - progress_bar.py[line:272] - INFO: epoch 001:   2902 / 4137 loss=0.299, loss_v1=0, loss_v2=0, nll_loss=0.299, ntokens=256, nsentences=128, sample_size=256, sample_size_v1=0, sample_size_v2=0, ppl=1.23, wps=102, ups=0.4, wpb=256, bsz=128, num_updates=2900, lr=4.57339e-05, gnorm=0.986, clip=40, loss_scale=1024, train_wall=25, gb_free=36.7, wall=7722
2023-05-16 00:42:47 - progress_bar.py[line:272] - INFO: epoch 001:   2912 / 4137 loss=0.291, loss_v1=0, loss_v2=0, nll_loss=0.291, ntokens=256, nsentences=128, sample_size=256, sample_size_v1=0, sample_size_v2=0, ppl=1.22, wps=101.8, ups=0.4, wpb=256, bsz=128, num_updates=2910, lr=4.57082e-05, gnorm=0.98, clip=30, loss_scale=1024, train_wall=25, gb_free=36.5, wall=7747
2023-05-16 00:43:11 - progress_bar.py[line:272] - INFO: epoch 001:   2922 / 4137 loss=0.288, loss_v1=0, loss_v2=0, nll_loss=0.288, ntokens=256, nsentences=128, sample_size=256, sample_size_v1=0, sample_size_v2=0, ppl=1.22, wps=104.7, ups=0.41, wpb=256, bsz=128, num_updates=2920, lr=4.56825e-05, gnorm=0.91, clip=10, loss_scale=1024, train_wall=24, gb_free=36.5, wall=7772
2023-05-16 00:43:36 - progress_bar.py[line:272] - INFO: epoch 001:   2932 / 4137 loss=0.295, loss_v1=0, loss_v2=0, nll_loss=0.295, ntokens=256, nsentences=128, sample_size=256, sample_size_v1=0, sample_size_v2=0, ppl=1.23, wps=105.3, ups=0.41, wpb=256, bsz=128, num_updates=2930, lr=4.56568e-05, gnorm=0.934, clip=10, loss_scale=1024, train_wall=24, gb_free=36.6, wall=7796
2023-05-16 00:44:00 - progress_bar.py[line:272] - INFO: epoch 001:   2942 / 4137 loss=0.286, loss_v1=0, loss_v2=0, nll_loss=0.286, ntokens=256, nsentences=128, sample_size=256, sample_size_v1=0, sample_size_v2=0, ppl=1.22, wps=103.4, ups=0.4, wpb=256, bsz=128, num_updates=2940, lr=4.5631e-05, gnorm=0.956, clip=30, loss_scale=1024, train_wall=25, gb_free=36.5, wall=7821
2023-05-16 00:44:26 - progress_bar.py[line:272] - INFO: epoch 001:   2952 / 4137 loss=0.268, loss_v1=0, loss_v2=0, nll_loss=0.268, ntokens=256, nsentences=128, sample_size=256, sample_size_v1=0, sample_size_v2=0, ppl=1.2, wps=101.5, ups=0.4, wpb=256, bsz=128, num_updates=2950, lr=4.56053e-05, gnorm=0.946, clip=10, loss_scale=1024, train_wall=25, gb_free=36.6, wall=7846
2023-05-16 00:44:50 - progress_bar.py[line:272] - INFO: epoch 001:   2962 / 4137 loss=0.284, loss_v1=0, loss_v2=0, nll_loss=0.284, ntokens=256, nsentences=128, sample_size=256, sample_size_v1=0, sample_size_v2=0, ppl=1.22, wps=105.4, ups=0.41, wpb=256, bsz=128, num_updates=2960, lr=4.55796e-05, gnorm=0.909, clip=30, loss_scale=1024, train_wall=24, gb_free=36.6, wall=7870
2023-05-16 00:45:14 - progress_bar.py[line:272] - INFO: epoch 001:   2972 / 4137 loss=0.299, loss_v1=0, loss_v2=0, nll_loss=0.299, ntokens=256, nsentences=128, sample_size=256, sample_size_v1=0, sample_size_v2=0, ppl=1.23, wps=105.1, ups=0.41, wpb=256, bsz=128, num_updates=2970, lr=4.55539e-05, gnorm=1.002, clip=50, loss_scale=1024, train_wall=24, gb_free=36.7, wall=7895
2023-05-16 00:45:39 - progress_bar.py[line:272] - INFO: epoch 001:   2982 / 4137 loss=0.29, loss_v1=0, loss_v2=0, nll_loss=0.29, ntokens=256, nsentences=128, sample_size=256, sample_size_v1=0, sample_size_v2=0, ppl=1.22, wps=105.5, ups=0.41, wpb=256, bsz=128, num_updates=2980, lr=4.55282e-05, gnorm=0.909, clip=30, loss_scale=1024, train_wall=24, gb_free=36.6, wall=7919
2023-05-16 00:46:03 - progress_bar.py[line:272] - INFO: epoch 001:   2992 / 4137 loss=0.297, loss_v1=0, loss_v2=0, nll_loss=0.297, ntokens=256, nsentences=128, sample_size=256, sample_size_v1=0, sample_size_v2=0, ppl=1.23, wps=105.8, ups=0.41, wpb=256, bsz=128, num_updates=2990, lr=4.55025e-05, gnorm=0.977, clip=40, loss_scale=1024, train_wall=24, gb_free=36.6, wall=7943
slice_id 2 seek offset 8930
slice_id 3 seek offset 13394
slice_id 1 seek offset 4465
2023-05-16 00:46:27 - progress_bar.py[line:272] - INFO: epoch 001:   3002 / 4137 loss=0.291, loss_v1=0, loss_v2=0, nll_loss=0.291, ntokens=256, nsentences=128, sample_size=256, sample_size_v1=0, sample_size_v2=0, ppl=1.22, wps=105.1, ups=0.41, wpb=256, bsz=128, num_updates=3000, lr=4.54768e-05, gnorm=0.928, clip=30, loss_scale=1024, train_wall=24, gb_free=36.6, wall=7967
2023-05-16 00:46:27 - train.py[line:445] - INFO: begin validation on "valid" subset
slice_id 0 seek offset 0
slice_id 2 seek offset 8930
slice_id 3 seek offset 13394
slice_id 1 seek offset 4465
slice_id 0 seek offset 0
2023-05-16 00:50:37 - progress_bar.py[line:282] - INFO: epoch 001 | valid on 'valid' subset | loss 0.274 | loss_v1 0 | loss_v2 0 | nll_loss 0.274 | ntokens 31.975 | nsentences 15.987 | sample_size 31.975 | sample_size_v1 0 | sample_size_v2 0 | ppl 1.21 | snli_score 0.7786 | wps 143 | wpb 32 | bsz 16 | num_updates 3000 | best_snli_score 0.7786
2023-05-16 00:50:37 - checkpoint_utils.py[line:64] - INFO: Preparing to save checkpoint for epoch 1 @ 3000 updates
2023-05-16 00:50:37 - trainer.py[line:431] - INFO: Saving checkpoint to ./EC_full_checkpoints/5_5e-5/checkpoint_1_3000.pt
2023-05-16 00:50:40 - trainer.py[line:441] - INFO: Finished saving checkpoint to ./EC_full_checkpoints/5_5e-5/checkpoint_1_3000.pt
2023-05-16 00:50:47 - checkpoint_utils.py[line:133] - INFO: Saved checkpoint ./EC_full_checkpoints/5_5e-5/checkpoint_1_3000.pt (epoch 1 @ 3000 updates, score 0.7786) (writing took 9.59987549786456 seconds)
2023-05-16 00:51:11 - progress_bar.py[line:272] - INFO: epoch 001:   3012 / 4137 loss=0.298, loss_v1=0, loss_v2=0, nll_loss=0.298, ntokens=256, nsentences=128, sample_size=256, sample_size_v1=0, sample_size_v2=0, ppl=1.23, wps=9, ups=0.04, wpb=256, bsz=128, num_updates=3010, lr=4.5451e-05, gnorm=1.015, clip=40, loss_scale=1024, train_wall=24, gb_free=36.7, wall=8251
2023-05-16 00:51:36 - progress_bar.py[line:272] - INFO: epoch 001:   3022 / 4137 loss=0.284, loss_v1=0, loss_v2=0, nll_loss=0.284, ntokens=256, nsentences=128, sample_size=256, sample_size_v1=0, sample_size_v2=0, ppl=1.22, wps=104.9, ups=0.41, wpb=256, bsz=128, num_updates=3020, lr=4.54253e-05, gnorm=0.879, clip=10, loss_scale=1024, train_wall=24, gb_free=36.7, wall=8276
2023-05-16 00:52:00 - progress_bar.py[line:272] - INFO: epoch 001:   3032 / 4137 loss=0.28, loss_v1=0, loss_v2=0, nll_loss=0.28, ntokens=256, nsentences=128, sample_size=256, sample_size_v1=0, sample_size_v2=0, ppl=1.21, wps=106.1, ups=0.41, wpb=256, bsz=128, num_updates=3030, lr=4.53996e-05, gnorm=0.843, clip=10, loss_scale=1024, train_wall=24, gb_free=36.7, wall=8300
2023-05-16 00:52:24 - progress_bar.py[line:272] - INFO: epoch 001:   3042 / 4137 loss=0.303, loss_v1=0, loss_v2=0, nll_loss=0.303, ntokens=256, nsentences=128, sample_size=256, sample_size_v1=0, sample_size_v2=0, ppl=1.23, wps=107.4, ups=0.42, wpb=256, bsz=128, num_updates=3040, lr=4.53739e-05, gnorm=0.995, clip=50, loss_scale=1024, train_wall=24, gb_free=36.6, wall=8324
2023-05-16 00:52:48 - progress_bar.py[line:272] - INFO: epoch 001:   3052 / 4137 loss=0.301, loss_v1=0, loss_v2=0, nll_loss=0.301, ntokens=256, nsentences=128, sample_size=256, sample_size_v1=0, sample_size_v2=0, ppl=1.23, wps=104.8, ups=0.41, wpb=256, bsz=128, num_updates=3050, lr=4.53482e-05, gnorm=0.86, clip=10, loss_scale=1024, train_wall=24, gb_free=36.6, wall=8348
2023-05-16 00:53:12 - progress_bar.py[line:272] - INFO: epoch 001:   3062 / 4137 loss=0.276, loss_v1=0, loss_v2=0, nll_loss=0.276, ntokens=256, nsentences=128, sample_size=256, sample_size_v1=0, sample_size_v2=0, ppl=1.21, wps=105.2, ups=0.41, wpb=256, bsz=128, num_updates=3060, lr=4.53225e-05, gnorm=0.916, clip=20, loss_scale=1024, train_wall=24, gb_free=36.6, wall=8373
2023-05-16 00:53:37 - progress_bar.py[line:272] - INFO: epoch 001:   3072 / 4137 loss=0.28, loss_v1=0, loss_v2=0, nll_loss=0.28, ntokens=256, nsentences=128, sample_size=256, sample_size_v1=0, sample_size_v2=0, ppl=1.21, wps=103.6, ups=0.4, wpb=256, bsz=128, num_updates=3070, lr=4.52967e-05, gnorm=0.922, clip=40, loss_scale=1024, train_wall=25, gb_free=36.5, wall=8397
2023-05-16 00:54:01 - progress_bar.py[line:272] - INFO: epoch 001:   3082 / 4137 loss=0.288, loss_v1=0, loss_v2=0, nll_loss=0.288, ntokens=256, nsentences=128, sample_size=256, sample_size_v1=0, sample_size_v2=0, ppl=1.22, wps=105.9, ups=0.41, wpb=256, bsz=128, num_updates=3080, lr=4.5271e-05, gnorm=0.961, clip=30, loss_scale=1024, train_wall=24, gb_free=36.7, wall=8421
2023-05-16 00:54:26 - progress_bar.py[line:272] - INFO: epoch 001:   3092 / 4137 loss=0.281, loss_v1=0, loss_v2=0, nll_loss=0.281, ntokens=256, nsentences=128, sample_size=256, sample_size_v1=0, sample_size_v2=0, ppl=1.21, wps=104.5, ups=0.41, wpb=256, bsz=128, num_updates=3090, lr=4.52453e-05, gnorm=0.946, clip=30, loss_scale=1024, train_wall=24, gb_free=36.7, wall=8446
2023-05-16 00:54:50 - progress_bar.py[line:272] - INFO: epoch 001:   3102 / 4137 loss=0.297, loss_v1=0, loss_v2=0, nll_loss=0.297, ntokens=256, nsentences=128, sample_size=256, sample_size_v1=0, sample_size_v2=0, ppl=1.23, wps=105, ups=0.41, wpb=256, bsz=128, num_updates=3100, lr=4.52196e-05, gnorm=0.941, clip=50, loss_scale=1024, train_wall=24, gb_free=36.7, wall=8470
2023-05-16 00:55:14 - progress_bar.py[line:272] - INFO: epoch 001:   3112 / 4137 loss=0.277, loss_v1=0, loss_v2=0, nll_loss=0.277, ntokens=256, nsentences=128, sample_size=256, sample_size_v1=0, sample_size_v2=0, ppl=1.21, wps=106.6, ups=0.42, wpb=256, bsz=128, num_updates=3110, lr=4.51939e-05, gnorm=0.838, clip=20, loss_scale=1024, train_wall=24, gb_free=36.7, wall=8494
2023-05-16 00:55:38 - progress_bar.py[line:272] - INFO: epoch 001:   3122 / 4137 loss=0.28, loss_v1=0, loss_v2=0, nll_loss=0.28, ntokens=256, nsentences=128, sample_size=256, sample_size_v1=0, sample_size_v2=0, ppl=1.21, wps=105.7, ups=0.41, wpb=256, bsz=128, num_updates=3120, lr=4.51682e-05, gnorm=0.939, clip=20, loss_scale=1024, train_wall=24, gb_free=36.7, wall=8519
2023-05-16 00:56:03 - progress_bar.py[line:272] - INFO: epoch 001:   3132 / 4137 loss=0.303, loss_v1=0, loss_v2=0, nll_loss=0.303, ntokens=256, nsentences=128, sample_size=256, sample_size_v1=0, sample_size_v2=0, ppl=1.23, wps=105.4, ups=0.41, wpb=256, bsz=128, num_updates=3130, lr=4.51425e-05, gnorm=0.898, clip=30, loss_scale=1024, train_wall=24, gb_free=36.5, wall=8543
2023-05-16 00:56:27 - progress_bar.py[line:272] - INFO: epoch 001:   3142 / 4137 loss=0.29, loss_v1=0, loss_v2=0, nll_loss=0.29, ntokens=256, nsentences=128, sample_size=256, sample_size_v1=0, sample_size_v2=0, ppl=1.22, wps=103.7, ups=0.41, wpb=256, bsz=128, num_updates=3140, lr=4.51167e-05, gnorm=0.93, clip=30, loss_scale=1024, train_wall=25, gb_free=36.6, wall=8568
2023-05-16 00:56:52 - progress_bar.py[line:272] - INFO: epoch 001:   3152 / 4137 loss=0.27, loss_v1=0, loss_v2=0, nll_loss=0.27, ntokens=256, nsentences=128, sample_size=256, sample_size_v1=0, sample_size_v2=0, ppl=1.21, wps=104.3, ups=0.41, wpb=256, bsz=128, num_updates=3150, lr=4.5091e-05, gnorm=0.864, clip=20, loss_scale=1024, train_wall=24, gb_free=36.5, wall=8592
2023-05-16 00:57:16 - progress_bar.py[line:272] - INFO: epoch 001:   3162 / 4137 loss=0.254, loss_v1=0, loss_v2=0, nll_loss=0.254, ntokens=256, nsentences=128, sample_size=256, sample_size_v1=0, sample_size_v2=0, ppl=1.19, wps=105.9, ups=0.41, wpb=256, bsz=128, num_updates=3160, lr=4.50653e-05, gnorm=0.896, clip=40, loss_scale=1024, train_wall=24, gb_free=36.7, wall=8616
2023-05-16 00:57:40 - progress_bar.py[line:272] - INFO: epoch 001:   3172 / 4137 loss=0.27, loss_v1=0, loss_v2=0, nll_loss=0.27, ntokens=256, nsentences=128, sample_size=256, sample_size_v1=0, sample_size_v2=0, ppl=1.21, wps=106.2, ups=0.41, wpb=256, bsz=128, num_updates=3170, lr=4.50396e-05, gnorm=1.025, clip=40, loss_scale=2048, train_wall=24, gb_free=36.6, wall=8640
2023-05-16 00:57:47 - trainer.py[line:921] - INFO: NOTE: gradient overflow detected, ignoring gradient, setting loss scale to: 1024.0
2023-05-16 00:58:07 - progress_bar.py[line:272] - INFO: epoch 001:   3183 / 4137 loss=0.284, loss_v1=0, loss_v2=0, nll_loss=0.284, ntokens=256, nsentences=128, sample_size=256, sample_size_v1=0, sample_size_v2=0, ppl=1.22, wps=96.5, ups=0.38, wpb=256, bsz=128, num_updates=3180, lr=4.50139e-05, gnorm=0.901, clip=20, loss_scale=1024, train_wall=26, gb_free=36.7, wall=8667
2023-05-16 00:58:31 - progress_bar.py[line:272] - INFO: epoch 001:   3193 / 4137 loss=0.296, loss_v1=0, loss_v2=0, nll_loss=0.296, ntokens=256, nsentences=128, sample_size=256, sample_size_v1=0, sample_size_v2=0, ppl=1.23, wps=106.3, ups=0.42, wpb=256, bsz=128, num_updates=3190, lr=4.49882e-05, gnorm=0.984, clip=40, loss_scale=1024, train_wall=24, gb_free=36.5, wall=8691
2023-05-16 00:58:55 - progress_bar.py[line:272] - INFO: epoch 001:   3203 / 4137 loss=0.264, loss_v1=0, loss_v2=0, nll_loss=0.264, ntokens=256, nsentences=128, sample_size=256, sample_size_v1=0, sample_size_v2=0, ppl=1.2, wps=107, ups=0.42, wpb=256, bsz=128, num_updates=3200, lr=4.49625e-05, gnorm=0.829, clip=0, loss_scale=1024, train_wall=24, gb_free=36.7, wall=8715
2023-05-16 00:59:19 - progress_bar.py[line:272] - INFO: epoch 001:   3213 / 4137 loss=0.283, loss_v1=0, loss_v2=0, nll_loss=0.283, ntokens=256, nsentences=128, sample_size=256, sample_size_v1=0, sample_size_v2=0, ppl=1.22, wps=105.4, ups=0.41, wpb=256, bsz=128, num_updates=3210, lr=4.49367e-05, gnorm=0.892, clip=10, loss_scale=1024, train_wall=24, gb_free=36.7, wall=8739
2023-05-16 00:59:43 - progress_bar.py[line:272] - INFO: epoch 001:   3223 / 4137 loss=0.274, loss_v1=0, loss_v2=0, nll_loss=0.274, ntokens=256, nsentences=128, sample_size=256, sample_size_v1=0, sample_size_v2=0, ppl=1.21, wps=104.8, ups=0.41, wpb=256, bsz=128, num_updates=3220, lr=4.4911e-05, gnorm=0.942, clip=40, loss_scale=1024, train_wall=24, gb_free=36.5, wall=8764
2023-05-16 01:00:05 - progress_bar.py[line:272] - INFO: epoch 001:   3233 / 4137 loss=0.283, loss_v1=0, loss_v2=0, nll_loss=0.283, ntokens=256, nsentences=128, sample_size=256, sample_size_v1=0, sample_size_v2=0, ppl=1.22, wps=116.6, ups=0.46, wpb=256, bsz=128, num_updates=3230, lr=4.48853e-05, gnorm=0.98, clip=40, loss_scale=1024, train_wall=22, gb_free=36.7, wall=8786
2023-05-16 01:00:25 - progress_bar.py[line:272] - INFO: epoch 001:   3243 / 4137 loss=0.282, loss_v1=0, loss_v2=0, nll_loss=0.282, ntokens=256, nsentences=128, sample_size=256, sample_size_v1=0, sample_size_v2=0, ppl=1.22, wps=128.3, ups=0.5, wpb=256, bsz=128, num_updates=3240, lr=4.48596e-05, gnorm=0.913, clip=20, loss_scale=1024, train_wall=20, gb_free=36.7, wall=8806
2023-05-16 01:00:45 - progress_bar.py[line:272] - INFO: epoch 001:   3253 / 4137 loss=0.283, loss_v1=0, loss_v2=0, nll_loss=0.283, ntokens=256, nsentences=128, sample_size=256, sample_size_v1=0, sample_size_v2=0, ppl=1.22, wps=127.5, ups=0.5, wpb=256, bsz=128, num_updates=3250, lr=4.48339e-05, gnorm=0.972, clip=30, loss_scale=1024, train_wall=20, gb_free=36.6, wall=8826
2023-05-16 01:01:05 - progress_bar.py[line:272] - INFO: epoch 001:   3263 / 4137 loss=0.258, loss_v1=0, loss_v2=0, nll_loss=0.258, ntokens=256, nsentences=128, sample_size=256, sample_size_v1=0, sample_size_v2=0, ppl=1.2, wps=129.6, ups=0.51, wpb=256, bsz=128, num_updates=3260, lr=4.48082e-05, gnorm=0.925, clip=30, loss_scale=1024, train_wall=20, gb_free=36.7, wall=8845
2023-05-16 01:01:25 - progress_bar.py[line:272] - INFO: epoch 001:   3273 / 4137 loss=0.294, loss_v1=0, loss_v2=0, nll_loss=0.294, ntokens=256, nsentences=128, sample_size=256, sample_size_v1=0, sample_size_v2=0, ppl=1.23, wps=129.4, ups=0.51, wpb=256, bsz=128, num_updates=3270, lr=4.47825e-05, gnorm=0.932, clip=20, loss_scale=1024, train_wall=20, gb_free=36.6, wall=8865
2023-05-16 01:01:45 - progress_bar.py[line:272] - INFO: epoch 001:   3283 / 4137 loss=0.275, loss_v1=0, loss_v2=0, nll_loss=0.275, ntokens=256, nsentences=128, sample_size=256, sample_size_v1=0, sample_size_v2=0, ppl=1.21, wps=129.1, ups=0.5, wpb=256, bsz=128, num_updates=3280, lr=4.47567e-05, gnorm=0.765, clip=0, loss_scale=1024, train_wall=20, gb_free=36.6, wall=8885
2023-05-16 01:02:05 - progress_bar.py[line:272] - INFO: epoch 001:   3293 / 4137 loss=0.272, loss_v1=0, loss_v2=0, nll_loss=0.272, ntokens=256, nsentences=128, sample_size=256, sample_size_v1=0, sample_size_v2=0, ppl=1.21, wps=129.2, ups=0.5, wpb=256, bsz=128, num_updates=3290, lr=4.4731e-05, gnorm=0.851, clip=0, loss_scale=1024, train_wall=20, gb_free=36.5, wall=8905
2023-05-16 01:02:25 - progress_bar.py[line:272] - INFO: epoch 001:   3303 / 4137 loss=0.297, loss_v1=0, loss_v2=0, nll_loss=0.297, ntokens=256, nsentences=128, sample_size=256, sample_size_v1=0, sample_size_v2=0, ppl=1.23, wps=128.4, ups=0.5, wpb=256, bsz=128, num_updates=3300, lr=4.47053e-05, gnorm=0.898, clip=40, loss_scale=1024, train_wall=20, gb_free=36.7, wall=8925
2023-05-16 01:02:45 - progress_bar.py[line:272] - INFO: epoch 001:   3313 / 4137 loss=0.282, loss_v1=0, loss_v2=0, nll_loss=0.282, ntokens=256, nsentences=128, sample_size=256, sample_size_v1=0, sample_size_v2=0, ppl=1.22, wps=128.4, ups=0.5, wpb=256, bsz=128, num_updates=3310, lr=4.46796e-05, gnorm=0.837, clip=10, loss_scale=1024, train_wall=20, gb_free=36.7, wall=8945
2023-05-16 01:03:04 - progress_bar.py[line:272] - INFO: epoch 001:   3323 / 4137 loss=0.29, loss_v1=0, loss_v2=0, nll_loss=0.29, ntokens=256, nsentences=128, sample_size=256, sample_size_v1=0, sample_size_v2=0, ppl=1.22, wps=128.8, ups=0.5, wpb=256, bsz=128, num_updates=3320, lr=4.46539e-05, gnorm=0.822, clip=10, loss_scale=1024, train_wall=20, gb_free=36.7, wall=8965
2023-05-16 01:03:24 - progress_bar.py[line:272] - INFO: epoch 001:   3333 / 4137 loss=0.268, loss_v1=0, loss_v2=0, nll_loss=0.268, ntokens=256, nsentences=128, sample_size=256, sample_size_v1=0, sample_size_v2=0, ppl=1.2, wps=128.7, ups=0.5, wpb=256, bsz=128, num_updates=3330, lr=4.46282e-05, gnorm=0.834, clip=10, loss_scale=1024, train_wall=20, gb_free=36.5, wall=8984
2023-05-16 01:03:44 - progress_bar.py[line:272] - INFO: epoch 001:   3343 / 4137 loss=0.273, loss_v1=0, loss_v2=0, nll_loss=0.273, ntokens=256, nsentences=128, sample_size=256, sample_size_v1=0, sample_size_v2=0, ppl=1.21, wps=130.1, ups=0.51, wpb=256, bsz=128, num_updates=3340, lr=4.46024e-05, gnorm=0.926, clip=30, loss_scale=1024, train_wall=20, gb_free=36.7, wall=9004
2023-05-16 01:04:04 - progress_bar.py[line:272] - INFO: epoch 001:   3353 / 4137 loss=0.275, loss_v1=0, loss_v2=0, nll_loss=0.275, ntokens=256, nsentences=128, sample_size=256, sample_size_v1=0, sample_size_v2=0, ppl=1.21, wps=129.3, ups=0.5, wpb=256, bsz=128, num_updates=3350, lr=4.45767e-05, gnorm=0.949, clip=30, loss_scale=1024, train_wall=20, gb_free=36.7, wall=9024
2023-05-16 01:04:24 - progress_bar.py[line:272] - INFO: epoch 001:   3363 / 4137 loss=0.277, loss_v1=0, loss_v2=0, nll_loss=0.277, ntokens=256, nsentences=128, sample_size=256, sample_size_v1=0, sample_size_v2=0, ppl=1.21, wps=129.4, ups=0.51, wpb=256, bsz=128, num_updates=3360, lr=4.4551e-05, gnorm=0.878, clip=20, loss_scale=1024, train_wall=20, gb_free=36.5, wall=9044
2023-05-16 01:04:44 - progress_bar.py[line:272] - INFO: epoch 001:   3373 / 4137 loss=0.294, loss_v1=0, loss_v2=0, nll_loss=0.294, ntokens=256, nsentences=128, sample_size=256, sample_size_v1=0, sample_size_v2=0, ppl=1.23, wps=127.9, ups=0.5, wpb=256, bsz=128, num_updates=3370, lr=4.45253e-05, gnorm=0.879, clip=10, loss_scale=1024, train_wall=20, gb_free=36.7, wall=9064
2023-05-16 01:05:03 - progress_bar.py[line:272] - INFO: epoch 001:   3383 / 4137 loss=0.268, loss_v1=0, loss_v2=0, nll_loss=0.268, ntokens=256, nsentences=128, sample_size=256, sample_size_v1=0, sample_size_v2=0, ppl=1.2, wps=128.6, ups=0.5, wpb=256, bsz=128, num_updates=3380, lr=4.44996e-05, gnorm=0.788, clip=0, loss_scale=1024, train_wall=20, gb_free=36.6, wall=9084
2023-05-16 01:05:23 - progress_bar.py[line:272] - INFO: epoch 001:   3393 / 4137 loss=0.283, loss_v1=0, loss_v2=0, nll_loss=0.283, ntokens=256, nsentences=128, sample_size=256, sample_size_v1=0, sample_size_v2=0, ppl=1.22, wps=129.2, ups=0.5, wpb=256, bsz=128, num_updates=3390, lr=4.44739e-05, gnorm=0.912, clip=30, loss_scale=1024, train_wall=20, gb_free=36.6, wall=9104
2023-05-16 01:05:43 - progress_bar.py[line:272] - INFO: epoch 001:   3403 / 4137 loss=0.26, loss_v1=0, loss_v2=0, nll_loss=0.26, ntokens=256, nsentences=128, sample_size=256, sample_size_v1=0, sample_size_v2=0, ppl=1.2, wps=128.8, ups=0.5, wpb=256, bsz=128, num_updates=3400, lr=4.44482e-05, gnorm=0.828, clip=10, loss_scale=1024, train_wall=20, gb_free=36.7, wall=9123
2023-05-16 01:06:03 - progress_bar.py[line:272] - INFO: epoch 001:   3413 / 4137 loss=0.256, loss_v1=0, loss_v2=0, nll_loss=0.256, ntokens=256, nsentences=128, sample_size=256, sample_size_v1=0, sample_size_v2=0, ppl=1.19, wps=130, ups=0.51, wpb=256, bsz=128, num_updates=3410, lr=4.44224e-05, gnorm=0.835, clip=20, loss_scale=1024, train_wall=20, gb_free=36.7, wall=9143
2023-05-16 01:06:23 - progress_bar.py[line:272] - INFO: epoch 001:   3423 / 4137 loss=0.265, loss_v1=0, loss_v2=0, nll_loss=0.265, ntokens=256, nsentences=128, sample_size=256, sample_size_v1=0, sample_size_v2=0, ppl=1.2, wps=128.9, ups=0.5, wpb=256, bsz=128, num_updates=3420, lr=4.43967e-05, gnorm=0.902, clip=30, loss_scale=1024, train_wall=20, gb_free=36.7, wall=9163
2023-05-16 01:06:43 - progress_bar.py[line:272] - INFO: epoch 001:   3433 / 4137 loss=0.278, loss_v1=0, loss_v2=0, nll_loss=0.278, ntokens=256, nsentences=128, sample_size=256, sample_size_v1=0, sample_size_v2=0, ppl=1.21, wps=128.1, ups=0.5, wpb=256, bsz=128, num_updates=3430, lr=4.4371e-05, gnorm=0.839, clip=10, loss_scale=1024, train_wall=20, gb_free=36.6, wall=9183
2023-05-16 01:07:03 - progress_bar.py[line:272] - INFO: epoch 001:   3443 / 4137 loss=0.288, loss_v1=0, loss_v2=0, nll_loss=0.288, ntokens=256, nsentences=128, sample_size=256, sample_size_v1=0, sample_size_v2=0, ppl=1.22, wps=127.2, ups=0.5, wpb=256, bsz=128, num_updates=3440, lr=4.43453e-05, gnorm=0.883, clip=20, loss_scale=1024, train_wall=20, gb_free=36.5, wall=9203
2023-05-16 01:07:23 - progress_bar.py[line:272] - INFO: epoch 001:   3453 / 4137 loss=0.265, loss_v1=0, loss_v2=0, nll_loss=0.265, ntokens=256, nsentences=128, sample_size=256, sample_size_v1=0, sample_size_v2=0, ppl=1.2, wps=128.3, ups=0.5, wpb=256, bsz=128, num_updates=3450, lr=4.43196e-05, gnorm=0.848, clip=0, loss_scale=1024, train_wall=20, gb_free=36.6, wall=9223
2023-05-16 01:07:43 - progress_bar.py[line:272] - INFO: epoch 001:   3463 / 4137 loss=0.247, loss_v1=0, loss_v2=0, nll_loss=0.247, ntokens=256, nsentences=128, sample_size=256, sample_size_v1=0, sample_size_v2=0, ppl=1.19, wps=128.3, ups=0.5, wpb=256, bsz=128, num_updates=3460, lr=4.42939e-05, gnorm=0.812, clip=20, loss_scale=1024, train_wall=20, gb_free=36.5, wall=9243
2023-05-16 01:08:03 - progress_bar.py[line:272] - INFO: epoch 001:   3473 / 4137 loss=0.242, loss_v1=0, loss_v2=0, nll_loss=0.242, ntokens=256, nsentences=128, sample_size=256, sample_size_v1=0, sample_size_v2=0, ppl=1.18, wps=124.9, ups=0.49, wpb=256, bsz=128, num_updates=3470, lr=4.42682e-05, gnorm=0.941, clip=40, loss_scale=1024, train_wall=20, gb_free=36.7, wall=9263
2023-05-16 01:08:25 - progress_bar.py[line:272] - INFO: epoch 001:   3483 / 4137 loss=0.291, loss_v1=0, loss_v2=0, nll_loss=0.291, ntokens=256, nsentences=128, sample_size=256, sample_size_v1=0, sample_size_v2=0, ppl=1.22, wps=118.4, ups=0.46, wpb=256, bsz=128, num_updates=3480, lr=4.42424e-05, gnorm=1.009, clip=30, loss_scale=1024, train_wall=22, gb_free=36.6, wall=9285
2023-05-16 01:08:46 - progress_bar.py[line:272] - INFO: epoch 001:   3493 / 4137 loss=0.282, loss_v1=0, loss_v2=0, nll_loss=0.282, ntokens=256, nsentences=128, sample_size=256, sample_size_v1=0, sample_size_v2=0, ppl=1.22, wps=122.2, ups=0.48, wpb=256, bsz=128, num_updates=3490, lr=4.42167e-05, gnorm=0.802, clip=10, loss_scale=1024, train_wall=21, gb_free=36.7, wall=9306
2023-05-16 01:09:07 - progress_bar.py[line:272] - INFO: epoch 001:   3503 / 4137 loss=0.27, loss_v1=0, loss_v2=0, nll_loss=0.27, ntokens=256, nsentences=128, sample_size=256, sample_size_v1=0, sample_size_v2=0, ppl=1.21, wps=122.1, ups=0.48, wpb=256, bsz=128, num_updates=3500, lr=4.4191e-05, gnorm=0.725, clip=10, loss_scale=1024, train_wall=21, gb_free=36.7, wall=9327
slice_id 2 seek offset 8930slice_id 1 seek offset 4465
slice_id 3 seek offset 13394

2023-05-16 01:09:07 - train.py[line:445] - INFO: begin validation on "valid" subset
slice_id 0 seek offset 0
slice_id 0 seek offset 0
slice_id 2 seek offset 8930
slice_id 3 seek offset 13394
slice_id 1 seek offset 4465
2023-05-16 01:12:29 - progress_bar.py[line:282] - INFO: epoch 001 | valid on 'valid' subset | loss 0.266 | loss_v1 0 | loss_v2 0 | nll_loss 0.266 | ntokens 31.975 | nsentences 15.987 | sample_size 31.975 | sample_size_v1 0 | sample_size_v2 0 | ppl 1.2 | snli_score 0.7847 | wps 176.8 | wpb 32 | bsz 16 | num_updates 3500 | best_snli_score 0.7847
2023-05-16 01:12:29 - checkpoint_utils.py[line:64] - INFO: Preparing to save checkpoint for epoch 1 @ 3500 updates
2023-05-16 01:12:29 - trainer.py[line:431] - INFO: Saving checkpoint to ./EC_full_checkpoints/5_5e-5/checkpoint_1_3500.pt
2023-05-16 01:12:32 - trainer.py[line:441] - INFO: Finished saving checkpoint to ./EC_full_checkpoints/5_5e-5/checkpoint_1_3500.pt
2023-05-16 01:12:37 - checkpoint_utils.py[line:133] - INFO: Saved checkpoint ./EC_full_checkpoints/5_5e-5/checkpoint_1_3500.pt (epoch 1 @ 3500 updates, score 0.7847) (writing took 8.306807063985616 seconds)
2023-05-16 01:12:57 - progress_bar.py[line:272] - INFO: epoch 001:   3513 / 4137 loss=0.258, loss_v1=0, loss_v2=0, nll_loss=0.258, ntokens=256, nsentences=128, sample_size=256, sample_size_v1=0, sample_size_v2=0, ppl=1.2, wps=11.1, ups=0.04, wpb=256, bsz=128, num_updates=3510, lr=4.41653e-05, gnorm=0.814, clip=10, loss_scale=1024, train_wall=20, gb_free=36.7, wall=9558
2023-05-16 01:13:17 - progress_bar.py[line:272] - INFO: epoch 001:   3523 / 4137 loss=0.283, loss_v1=0, loss_v2=0, nll_loss=0.283, ntokens=256, nsentences=128, sample_size=256, sample_size_v1=0, sample_size_v2=0, ppl=1.22, wps=128, ups=0.5, wpb=256, bsz=128, num_updates=3520, lr=4.41396e-05, gnorm=1.1, clip=70, loss_scale=1024, train_wall=20, gb_free=36.6, wall=9578
2023-05-16 01:13:37 - progress_bar.py[line:272] - INFO: epoch 001:   3533 / 4137 loss=0.282, loss_v1=0, loss_v2=0, nll_loss=0.282, ntokens=256, nsentences=128, sample_size=256, sample_size_v1=0, sample_size_v2=0, ppl=1.22, wps=128.3, ups=0.5, wpb=256, bsz=128, num_updates=3530, lr=4.41139e-05, gnorm=0.822, clip=10, loss_scale=1024, train_wall=20, gb_free=36.5, wall=9598
2023-05-16 01:13:57 - progress_bar.py[line:272] - INFO: epoch 001:   3543 / 4137 loss=0.257, loss_v1=0, loss_v2=0, nll_loss=0.257, ntokens=256, nsentences=128, sample_size=256, sample_size_v1=0, sample_size_v2=0, ppl=1.19, wps=127.8, ups=0.5, wpb=256, bsz=128, num_updates=3540, lr=4.40882e-05, gnorm=0.769, clip=10, loss_scale=1024, train_wall=20, gb_free=36.7, wall=9618
2023-05-16 01:14:18 - progress_bar.py[line:272] - INFO: epoch 001:   3553 / 4137 loss=0.283, loss_v1=0, loss_v2=0, nll_loss=0.283, ntokens=256, nsentences=128, sample_size=256, sample_size_v1=0, sample_size_v2=0, ppl=1.22, wps=127.6, ups=0.5, wpb=256, bsz=128, num_updates=3550, lr=4.40624e-05, gnorm=0.911, clip=20, loss_scale=1024, train_wall=20, gb_free=36.7, wall=9638
2023-05-16 01:14:37 - progress_bar.py[line:272] - INFO: epoch 001:   3563 / 4137 loss=0.265, loss_v1=0, loss_v2=0, nll_loss=0.265, ntokens=256, nsentences=128, sample_size=256, sample_size_v1=0, sample_size_v2=0, ppl=1.2, wps=129.3, ups=0.5, wpb=256, bsz=128, num_updates=3560, lr=4.40367e-05, gnorm=0.844, clip=10, loss_scale=1024, train_wall=20, gb_free=36.6, wall=9658
2023-05-16 01:14:58 - progress_bar.py[line:272] - INFO: epoch 001:   3573 / 4137 loss=0.26, loss_v1=0, loss_v2=0, nll_loss=0.26, ntokens=256, nsentences=128, sample_size=256, sample_size_v1=0, sample_size_v2=0, ppl=1.2, wps=126.5, ups=0.49, wpb=256, bsz=128, num_updates=3570, lr=4.4011e-05, gnorm=0.821, clip=0, loss_scale=1024, train_wall=20, gb_free=36.6, wall=9678
2023-05-16 01:15:17 - progress_bar.py[line:272] - INFO: epoch 001:   3583 / 4137 loss=0.27, loss_v1=0, loss_v2=0, nll_loss=0.27, ntokens=256, nsentences=128, sample_size=256, sample_size_v1=0, sample_size_v2=0, ppl=1.21, wps=128.9, ups=0.5, wpb=256, bsz=128, num_updates=3580, lr=4.39853e-05, gnorm=0.88, clip=20, loss_scale=1024, train_wall=20, gb_free=36.6, wall=9698
2023-05-16 01:15:37 - progress_bar.py[line:272] - INFO: epoch 001:   3593 / 4137 loss=0.282, loss_v1=0, loss_v2=0, nll_loss=0.282, ntokens=256, nsentences=128, sample_size=256, sample_size_v1=0, sample_size_v2=0, ppl=1.22, wps=128.5, ups=0.5, wpb=256, bsz=128, num_updates=3590, lr=4.39596e-05, gnorm=0.878, clip=30, loss_scale=1024, train_wall=20, gb_free=36.7, wall=9718
2023-05-16 01:15:57 - progress_bar.py[line:272] - INFO: epoch 001:   3603 / 4137 loss=0.278, loss_v1=0, loss_v2=0, nll_loss=0.278, ntokens=256, nsentences=128, sample_size=256, sample_size_v1=0, sample_size_v2=0, ppl=1.21, wps=129.4, ups=0.51, wpb=256, bsz=128, num_updates=3600, lr=4.39339e-05, gnorm=0.947, clip=40, loss_scale=1024, train_wall=20, gb_free=36.7, wall=9737
2023-05-16 01:16:17 - progress_bar.py[line:272] - INFO: epoch 001:   3613 / 4137 loss=0.265, loss_v1=0, loss_v2=0, nll_loss=0.265, ntokens=256, nsentences=128, sample_size=256, sample_size_v1=0, sample_size_v2=0, ppl=1.2, wps=128.9, ups=0.5, wpb=256, bsz=128, num_updates=3610, lr=4.39081e-05, gnorm=0.815, clip=10, loss_scale=1024, train_wall=20, gb_free=36.3, wall=9757
2023-05-16 01:16:37 - progress_bar.py[line:272] - INFO: epoch 001:   3623 / 4137 loss=0.281, loss_v1=0, loss_v2=0, nll_loss=0.281, ntokens=256, nsentences=128, sample_size=256, sample_size_v1=0, sample_size_v2=0, ppl=1.22, wps=128.9, ups=0.5, wpb=256, bsz=128, num_updates=3620, lr=4.38824e-05, gnorm=0.918, clip=20, loss_scale=1024, train_wall=20, gb_free=36.6, wall=9777
2023-05-16 01:16:57 - progress_bar.py[line:272] - INFO: epoch 001:   3633 / 4137 loss=0.258, loss_v1=0, loss_v2=0, nll_loss=0.258, ntokens=256, nsentences=128, sample_size=256, sample_size_v1=0, sample_size_v2=0, ppl=1.2, wps=128, ups=0.5, wpb=256, bsz=128, num_updates=3630, lr=4.38567e-05, gnorm=0.788, clip=10, loss_scale=1024, train_wall=20, gb_free=36.5, wall=9797
2023-05-16 01:17:17 - progress_bar.py[line:272] - INFO: epoch 001:   3643 / 4137 loss=0.266, loss_v1=0, loss_v2=0, nll_loss=0.266, ntokens=256, nsentences=128, sample_size=256, sample_size_v1=0, sample_size_v2=0, ppl=1.2, wps=128.2, ups=0.5, wpb=256, bsz=128, num_updates=3640, lr=4.3831e-05, gnorm=0.881, clip=10, loss_scale=1024, train_wall=20, gb_free=36.6, wall=9817
2023-05-16 01:17:38 - progress_bar.py[line:272] - INFO: epoch 001:   3653 / 4137 loss=0.249, loss_v1=0, loss_v2=0, nll_loss=0.249, ntokens=256, nsentences=128, sample_size=256, sample_size_v1=0, sample_size_v2=0, ppl=1.19, wps=122.7, ups=0.48, wpb=256, bsz=128, num_updates=3650, lr=4.38053e-05, gnorm=0.804, clip=20, loss_scale=1024, train_wall=21, gb_free=36.7, wall=9838
2023-05-16 01:17:59 - progress_bar.py[line:272] - INFO: epoch 001:   3663 / 4137 loss=0.269, loss_v1=0, loss_v2=0, nll_loss=0.269, ntokens=256, nsentences=128, sample_size=256, sample_size_v1=0, sample_size_v2=0, ppl=1.2, wps=121.5, ups=0.47, wpb=256, bsz=128, num_updates=3660, lr=4.37796e-05, gnorm=0.854, clip=10, loss_scale=1024, train_wall=21, gb_free=36.7, wall=9859
2023-05-16 01:18:20 - progress_bar.py[line:272] - INFO: epoch 001:   3673 / 4137 loss=0.271, loss_v1=0, loss_v2=0, nll_loss=0.271, ntokens=256, nsentences=128, sample_size=256, sample_size_v1=0, sample_size_v2=0, ppl=1.21, wps=122.3, ups=0.48, wpb=256, bsz=128, num_updates=3670, lr=4.37539e-05, gnorm=0.871, clip=10, loss_scale=1024, train_wall=21, gb_free=36.7, wall=9880
2023-05-16 01:18:40 - progress_bar.py[line:272] - INFO: epoch 001:   3683 / 4137 loss=0.262, loss_v1=0, loss_v2=0, nll_loss=0.262, ntokens=256, nsentences=128, sample_size=256, sample_size_v1=0, sample_size_v2=0, ppl=1.2, wps=123.1, ups=0.48, wpb=256, bsz=128, num_updates=3680, lr=4.37281e-05, gnorm=0.863, clip=20, loss_scale=1024, train_wall=21, gb_free=36.6, wall=9901
2023-05-16 01:19:01 - progress_bar.py[line:272] - INFO: epoch 001:   3693 / 4137 loss=0.263, loss_v1=0, loss_v2=0, nll_loss=0.263, ntokens=256, nsentences=128, sample_size=256, sample_size_v1=0, sample_size_v2=0, ppl=1.2, wps=123.4, ups=0.48, wpb=256, bsz=128, num_updates=3690, lr=4.37024e-05, gnorm=0.806, clip=0, loss_scale=2048, train_wall=21, gb_free=36.4, wall=9921
2023-05-16 01:19:22 - progress_bar.py[line:272] - INFO: epoch 001:   3703 / 4137 loss=0.26, loss_v1=0, loss_v2=0, nll_loss=0.26, ntokens=256, nsentences=128, sample_size=256, sample_size_v1=0, sample_size_v2=0, ppl=1.2, wps=122.5, ups=0.48, wpb=256, bsz=128, num_updates=3700, lr=4.36767e-05, gnorm=0.802, clip=0, loss_scale=2048, train_wall=21, gb_free=36.4, wall=9942
2023-05-16 01:19:26 - trainer.py[line:921] - INFO: NOTE: gradient overflow detected, ignoring gradient, setting loss scale to: 1024.0
2023-05-16 01:19:45 - progress_bar.py[line:272] - INFO: epoch 001:   3714 / 4137 loss=0.264, loss_v1=0, loss_v2=0, nll_loss=0.264, ntokens=256, nsentences=128, sample_size=256, sample_size_v1=0, sample_size_v2=0, ppl=1.2, wps=111.1, ups=0.43, wpb=256, bsz=128, num_updates=3710, lr=4.3651e-05, gnorm=0.906, clip=10, loss_scale=1024, train_wall=23, gb_free=36.6, wall=9965
2023-05-16 01:20:06 - progress_bar.py[line:272] - INFO: epoch 001:   3724 / 4137 loss=0.267, loss_v1=0, loss_v2=0, nll_loss=0.267, ntokens=256, nsentences=128, sample_size=256, sample_size_v1=0, sample_size_v2=0, ppl=1.2, wps=121, ups=0.47, wpb=256, bsz=128, num_updates=3720, lr=4.36253e-05, gnorm=0.856, clip=10, loss_scale=1024, train_wall=21, gb_free=36.7, wall=9987
2023-05-16 01:20:28 - progress_bar.py[line:272] - INFO: epoch 001:   3734 / 4137 loss=0.262, loss_v1=0, loss_v2=0, nll_loss=0.262, ntokens=256, nsentences=128, sample_size=256, sample_size_v1=0, sample_size_v2=0, ppl=1.2, wps=119.6, ups=0.47, wpb=256, bsz=128, num_updates=3730, lr=4.35996e-05, gnorm=0.907, clip=20, loss_scale=1024, train_wall=21, gb_free=36.5, wall=10008
2023-05-16 01:20:40 - trainer.py[line:921] - INFO: NOTE: gradient overflow detected, ignoring gradient, setting loss scale to: 512.0
2023-05-16 01:20:51 - progress_bar.py[line:272] - INFO: epoch 001:   3745 / 4137 loss=0.245, loss_v1=0, loss_v2=0, nll_loss=0.245, ntokens=256, nsentences=128, sample_size=256, sample_size_v1=0, sample_size_v2=0, ppl=1.18, wps=112.1, ups=0.44, wpb=256, bsz=128, num_updates=3740, lr=4.35739e-05, gnorm=0.818, clip=20, loss_scale=512, train_wall=23, gb_free=36.6, wall=10031
2023-05-16 01:21:12 - progress_bar.py[line:272] - INFO: epoch 001:   3755 / 4137 loss=0.252, loss_v1=0, loss_v2=0, nll_loss=0.252, ntokens=256, nsentences=128, sample_size=256, sample_size_v1=0, sample_size_v2=0, ppl=1.19, wps=120.1, ups=0.47, wpb=256, bsz=128, num_updates=3750, lr=4.35481e-05, gnorm=0.906, clip=20, loss_scale=512, train_wall=21, gb_free=36.7, wall=10052
2023-05-16 01:21:33 - progress_bar.py[line:272] - INFO: epoch 001:   3765 / 4137 loss=0.237, loss_v1=0, loss_v2=0, nll_loss=0.237, ntokens=256, nsentences=128, sample_size=256, sample_size_v1=0, sample_size_v2=0, ppl=1.18, wps=123, ups=0.48, wpb=256, bsz=128, num_updates=3760, lr=4.35224e-05, gnorm=0.865, clip=10, loss_scale=512, train_wall=21, gb_free=36.6, wall=10073
2023-05-16 01:21:52 - progress_bar.py[line:272] - INFO: epoch 001:   3775 / 4137 loss=0.273, loss_v1=0, loss_v2=0, nll_loss=0.273, ntokens=256, nsentences=128, sample_size=256, sample_size_v1=0, sample_size_v2=0, ppl=1.21, wps=129.3, ups=0.51, wpb=256, bsz=128, num_updates=3770, lr=4.34967e-05, gnorm=0.912, clip=40, loss_scale=512, train_wall=20, gb_free=36.7, wall=10093
2023-05-16 01:22:13 - progress_bar.py[line:272] - INFO: epoch 001:   3785 / 4137 loss=0.262, loss_v1=0, loss_v2=0, nll_loss=0.262, ntokens=256, nsentences=128, sample_size=256, sample_size_v1=0, sample_size_v2=0, ppl=1.2, wps=125.5, ups=0.49, wpb=256, bsz=128, num_updates=3780, lr=4.3471e-05, gnorm=1.029, clip=50, loss_scale=512, train_wall=20, gb_free=36.6, wall=10113
2023-05-16 01:22:34 - progress_bar.py[line:272] - INFO: epoch 001:   3795 / 4137 loss=0.239, loss_v1=0, loss_v2=0, nll_loss=0.239, ntokens=256, nsentences=128, sample_size=256, sample_size_v1=0, sample_size_v2=0, ppl=1.18, wps=121, ups=0.47, wpb=256, bsz=128, num_updates=3790, lr=4.34453e-05, gnorm=0.839, clip=10, loss_scale=512, train_wall=21, gb_free=36.7, wall=10134
2023-05-16 01:22:55 - progress_bar.py[line:272] - INFO: epoch 001:   3805 / 4137 loss=0.274, loss_v1=0, loss_v2=0, nll_loss=0.274, ntokens=256, nsentences=128, sample_size=256, sample_size_v1=0, sample_size_v2=0, ppl=1.21, wps=123, ups=0.48, wpb=256, bsz=128, num_updates=3800, lr=4.34196e-05, gnorm=0.906, clip=30, loss_scale=512, train_wall=21, gb_free=36.5, wall=10155
2023-05-16 01:23:15 - progress_bar.py[line:272] - INFO: epoch 001:   3815 / 4137 loss=0.264, loss_v1=0, loss_v2=0, nll_loss=0.264, ntokens=256, nsentences=128, sample_size=256, sample_size_v1=0, sample_size_v2=0, ppl=1.2, wps=129.2, ups=0.5, wpb=256, bsz=128, num_updates=3810, lr=4.33938e-05, gnorm=0.859, clip=20, loss_scale=512, train_wall=20, gb_free=36.6, wall=10175
2023-05-16 01:23:35 - progress_bar.py[line:272] - INFO: epoch 001:   3825 / 4137 loss=0.259, loss_v1=0, loss_v2=0, nll_loss=0.259, ntokens=256, nsentences=128, sample_size=256, sample_size_v1=0, sample_size_v2=0, ppl=1.2, wps=128.9, ups=0.5, wpb=256, bsz=128, num_updates=3820, lr=4.33681e-05, gnorm=0.801, clip=10, loss_scale=512, train_wall=20, gb_free=36.7, wall=10195
2023-05-16 01:23:55 - progress_bar.py[line:272] - INFO: epoch 001:   3835 / 4137 loss=0.269, loss_v1=0, loss_v2=0, nll_loss=0.269, ntokens=256, nsentences=128, sample_size=256, sample_size_v1=0, sample_size_v2=0, ppl=1.2, wps=122.4, ups=0.48, wpb=256, bsz=128, num_updates=3830, lr=4.33424e-05, gnorm=0.815, clip=0, loss_scale=512, train_wall=21, gb_free=36.7, wall=10216
2023-05-16 01:24:16 - progress_bar.py[line:272] - INFO: epoch 001:   3845 / 4137 loss=0.254, loss_v1=0, loss_v2=0, nll_loss=0.254, ntokens=256, nsentences=128, sample_size=256, sample_size_v1=0, sample_size_v2=0, ppl=1.19, wps=123.5, ups=0.48, wpb=256, bsz=128, num_updates=3840, lr=4.33167e-05, gnorm=0.81, clip=10, loss_scale=512, train_wall=21, gb_free=36.7, wall=10236
2023-05-16 01:24:36 - progress_bar.py[line:272] - INFO: epoch 001:   3855 / 4137 loss=0.263, loss_v1=0, loss_v2=0, nll_loss=0.263, ntokens=256, nsentences=128, sample_size=256, sample_size_v1=0, sample_size_v2=0, ppl=1.2, wps=126.5, ups=0.49, wpb=256, bsz=128, num_updates=3850, lr=4.3291e-05, gnorm=0.839, clip=10, loss_scale=512, train_wall=20, gb_free=36.6, wall=10257
2023-05-16 01:24:57 - progress_bar.py[line:272] - INFO: epoch 001:   3865 / 4137 loss=0.253, loss_v1=0, loss_v2=0, nll_loss=0.253, ntokens=256, nsentences=128, sample_size=256, sample_size_v1=0, sample_size_v2=0, ppl=1.19, wps=124.6, ups=0.49, wpb=256, bsz=128, num_updates=3860, lr=4.32653e-05, gnorm=0.957, clip=40, loss_scale=512, train_wall=21, gb_free=36.7, wall=10277
2023-05-16 01:25:17 - progress_bar.py[line:272] - INFO: epoch 001:   3875 / 4137 loss=0.273, loss_v1=0, loss_v2=0, nll_loss=0.273, ntokens=256, nsentences=128, sample_size=256, sample_size_v1=0, sample_size_v2=0, ppl=1.21, wps=125, ups=0.49, wpb=256, bsz=128, num_updates=3870, lr=4.32396e-05, gnorm=0.895, clip=20, loss_scale=512, train_wall=20, gb_free=36.6, wall=10298
2023-05-16 01:25:38 - progress_bar.py[line:272] - INFO: epoch 001:   3885 / 4137 loss=0.28, loss_v1=0, loss_v2=0, nll_loss=0.28, ntokens=256, nsentences=128, sample_size=256, sample_size_v1=0, sample_size_v2=0, ppl=1.21, wps=123.8, ups=0.48, wpb=256, bsz=128, num_updates=3880, lr=4.32138e-05, gnorm=0.889, clip=20, loss_scale=512, train_wall=21, gb_free=36.6, wall=10318
2023-05-16 01:25:59 - progress_bar.py[line:272] - INFO: epoch 001:   3895 / 4137 loss=0.27, loss_v1=0, loss_v2=0, nll_loss=0.27, ntokens=256, nsentences=128, sample_size=256, sample_size_v1=0, sample_size_v2=0, ppl=1.21, wps=124.9, ups=0.49, wpb=256, bsz=128, num_updates=3890, lr=4.31881e-05, gnorm=0.801, clip=20, loss_scale=512, train_wall=20, gb_free=36.7, wall=10339
2023-05-16 01:26:19 - progress_bar.py[line:272] - INFO: epoch 001:   3905 / 4137 loss=0.246, loss_v1=0, loss_v2=0, nll_loss=0.246, ntokens=256, nsentences=128, sample_size=256, sample_size_v1=0, sample_size_v2=0, ppl=1.19, wps=128.2, ups=0.5, wpb=256, bsz=128, num_updates=3900, lr=4.31624e-05, gnorm=0.775, clip=10, loss_scale=512, train_wall=20, gb_free=36.4, wall=10359
2023-05-16 01:26:39 - progress_bar.py[line:272] - INFO: epoch 001:   3915 / 4137 loss=0.263, loss_v1=0, loss_v2=0, nll_loss=0.263, ntokens=256, nsentences=128, sample_size=256, sample_size_v1=0, sample_size_v2=0, ppl=1.2, wps=128.4, ups=0.5, wpb=256, bsz=128, num_updates=3910, lr=4.31367e-05, gnorm=0.866, clip=10, loss_scale=512, train_wall=20, gb_free=36.6, wall=10379
2023-05-16 01:26:58 - progress_bar.py[line:272] - INFO: epoch 001:   3925 / 4137 loss=0.267, loss_v1=0, loss_v2=0, nll_loss=0.267, ntokens=256, nsentences=128, sample_size=256, sample_size_v1=0, sample_size_v2=0, ppl=1.2, wps=128.9, ups=0.5, wpb=256, bsz=128, num_updates=3920, lr=4.3111e-05, gnorm=0.83, clip=0, loss_scale=512, train_wall=20, gb_free=36.6, wall=10399
2023-05-16 01:27:18 - progress_bar.py[line:272] - INFO: epoch 001:   3935 / 4137 loss=0.273, loss_v1=0, loss_v2=0, nll_loss=0.273, ntokens=256, nsentences=128, sample_size=256, sample_size_v1=0, sample_size_v2=0, ppl=1.21, wps=128.7, ups=0.5, wpb=256, bsz=128, num_updates=3930, lr=4.30853e-05, gnorm=0.825, clip=10, loss_scale=512, train_wall=20, gb_free=36.5, wall=10418
2023-05-16 01:27:38 - progress_bar.py[line:272] - INFO: epoch 001:   3945 / 4137 loss=0.26, loss_v1=0, loss_v2=0, nll_loss=0.26, ntokens=256, nsentences=128, sample_size=256, sample_size_v1=0, sample_size_v2=0, ppl=1.2, wps=128.8, ups=0.5, wpb=256, bsz=128, num_updates=3940, lr=4.30596e-05, gnorm=0.835, clip=20, loss_scale=512, train_wall=20, gb_free=36.6, wall=10438
2023-05-16 01:27:58 - progress_bar.py[line:272] - INFO: epoch 001:   3955 / 4137 loss=0.271, loss_v1=0, loss_v2=0, nll_loss=0.271, ntokens=256, nsentences=128, sample_size=256, sample_size_v1=0, sample_size_v2=0, ppl=1.21, wps=128.5, ups=0.5, wpb=256, bsz=128, num_updates=3950, lr=4.30338e-05, gnorm=0.84, clip=20, loss_scale=512, train_wall=20, gb_free=36.5, wall=10458
2023-05-16 01:28:18 - progress_bar.py[line:272] - INFO: epoch 001:   3965 / 4137 loss=0.26, loss_v1=0, loss_v2=0, nll_loss=0.26, ntokens=256, nsentences=128, sample_size=256, sample_size_v1=0, sample_size_v2=0, ppl=1.2, wps=128.9, ups=0.5, wpb=256, bsz=128, num_updates=3960, lr=4.30081e-05, gnorm=0.821, clip=10, loss_scale=512, train_wall=20, gb_free=36.8, wall=10478
2023-05-16 01:28:38 - progress_bar.py[line:272] - INFO: epoch 001:   3975 / 4137 loss=0.246, loss_v1=0, loss_v2=0, nll_loss=0.246, ntokens=256, nsentences=128, sample_size=256, sample_size_v1=0, sample_size_v2=0, ppl=1.19, wps=129.2, ups=0.5, wpb=256, bsz=128, num_updates=3970, lr=4.29824e-05, gnorm=0.803, clip=0, loss_scale=512, train_wall=20, gb_free=36.6, wall=10498
2023-05-16 01:28:58 - progress_bar.py[line:272] - INFO: epoch 001:   3985 / 4137 loss=0.257, loss_v1=0, loss_v2=0, nll_loss=0.257, ntokens=256, nsentences=128, sample_size=256, sample_size_v1=0, sample_size_v2=0, ppl=1.19, wps=129.1, ups=0.5, wpb=256, bsz=128, num_updates=3980, lr=4.29567e-05, gnorm=0.81, clip=0, loss_scale=512, train_wall=20, gb_free=36.4, wall=10518
2023-05-16 01:29:17 - progress_bar.py[line:272] - INFO: epoch 001:   3995 / 4137 loss=0.271, loss_v1=0, loss_v2=0, nll_loss=0.271, ntokens=256, nsentences=128, sample_size=256, sample_size_v1=0, sample_size_v2=0, ppl=1.21, wps=129.9, ups=0.51, wpb=256, bsz=128, num_updates=3990, lr=4.2931e-05, gnorm=0.846, clip=0, loss_scale=512, train_wall=20, gb_free=36.6, wall=10537
2023-05-16 01:29:37 - progress_bar.py[line:272] - INFO: epoch 001:   4005 / 4137 loss=0.272, loss_v1=0, loss_v2=0, nll_loss=0.272, ntokens=256, nsentences=128, sample_size=256, sample_size_v1=0, sample_size_v2=0, ppl=1.21, wps=129.9, ups=0.51, wpb=256, bsz=128, num_updates=4000, lr=4.29053e-05, gnorm=0.937, clip=40, loss_scale=512, train_wall=20, gb_free=36.7, wall=10557
slice_id 1 seek offset 4465
slice_id 3 seek offset 13394slice_id 2 seek offset 89302023-05-16 01:29:37 - train.py[line:445] - INFO: begin validation on "valid" subset


slice_id 0 seek offset 0
slice_id 0 seek offset 0
slice_id 3 seek offset 13394
slice_id 1 seek offset 4465
slice_id 2 seek offset 8930
2023-05-16 01:32:58 - progress_bar.py[line:282] - INFO: epoch 001 | valid on 'valid' subset | loss 0.253 | loss_v1 0 | loss_v2 0 | nll_loss 0.253 | ntokens 31.975 | nsentences 15.987 | sample_size 31.975 | sample_size_v1 0 | sample_size_v2 0 | ppl 1.19 | snli_score 0.7976 | wps 177.5 | wpb 32 | bsz 16 | num_updates 4000 | best_snli_score 0.7976
2023-05-16 01:32:58 - checkpoint_utils.py[line:64] - INFO: Preparing to save checkpoint for epoch 1 @ 4000 updates
2023-05-16 01:32:58 - trainer.py[line:431] - INFO: Saving checkpoint to ./EC_full_checkpoints/5_5e-5/checkpoint_1_4000.pt
2023-05-16 01:33:01 - trainer.py[line:441] - INFO: Finished saving checkpoint to ./EC_full_checkpoints/5_5e-5/checkpoint_1_4000.pt
2023-05-16 01:33:08 - checkpoint_utils.py[line:133] - INFO: Saved checkpoint ./EC_full_checkpoints/5_5e-5/checkpoint_1_4000.pt (epoch 1 @ 4000 updates, score 0.7976) (writing took 9.273925341898575 seconds)
2023-05-16 01:33:28 - progress_bar.py[line:272] - INFO: epoch 001:   4015 / 4137 loss=0.269, loss_v1=0, loss_v2=0, nll_loss=0.269, ntokens=256, nsentences=128, sample_size=256, sample_size_v1=0, sample_size_v2=0, ppl=1.21, wps=11.1, ups=0.04, wpb=256, bsz=128, num_updates=4010, lr=4.28796e-05, gnorm=0.843, clip=20, loss_scale=512, train_wall=20, gb_free=36.6, wall=10788
2023-05-16 01:33:48 - progress_bar.py[line:272] - INFO: epoch 001:   4025 / 4137 loss=0.238, loss_v1=0, loss_v2=0, nll_loss=0.238, ntokens=256, nsentences=128, sample_size=256, sample_size_v1=0, sample_size_v2=0, ppl=1.18, wps=128.6, ups=0.5, wpb=256, bsz=128, num_updates=4020, lr=4.28538e-05, gnorm=0.846, clip=10, loss_scale=512, train_wall=20, gb_free=36.7, wall=10808
2023-05-16 01:34:08 - progress_bar.py[line:272] - INFO: epoch 001:   4035 / 4137 loss=0.265, loss_v1=0, loss_v2=0, nll_loss=0.265, ntokens=256, nsentences=128, sample_size=256, sample_size_v1=0, sample_size_v2=0, ppl=1.2, wps=128.2, ups=0.5, wpb=256, bsz=128, num_updates=4030, lr=4.28281e-05, gnorm=0.97, clip=60, loss_scale=512, train_wall=20, gb_free=36.6, wall=10828
2023-05-16 01:34:28 - progress_bar.py[line:272] - INFO: epoch 001:   4045 / 4137 loss=0.273, loss_v1=0, loss_v2=0, nll_loss=0.273, ntokens=256, nsentences=128, sample_size=256, sample_size_v1=0, sample_size_v2=0, ppl=1.21, wps=128.6, ups=0.5, wpb=256, bsz=128, num_updates=4040, lr=4.28024e-05, gnorm=0.916, clip=20, loss_scale=512, train_wall=20, gb_free=36.7, wall=10848
2023-05-16 01:34:47 - progress_bar.py[line:272] - INFO: epoch 001:   4055 / 4137 loss=0.253, loss_v1=0, loss_v2=0, nll_loss=0.253, ntokens=256, nsentences=128, sample_size=256, sample_size_v1=0, sample_size_v2=0, ppl=1.19, wps=128.7, ups=0.5, wpb=256, bsz=128, num_updates=4050, lr=4.27767e-05, gnorm=0.765, clip=0, loss_scale=512, train_wall=20, gb_free=36.7, wall=10868
2023-05-16 01:35:07 - progress_bar.py[line:272] - INFO: epoch 001:   4065 / 4137 loss=0.261, loss_v1=0, loss_v2=0, nll_loss=0.261, ntokens=256, nsentences=128, sample_size=256, sample_size_v1=0, sample_size_v2=0, ppl=1.2, wps=129.5, ups=0.51, wpb=256, bsz=128, num_updates=4060, lr=4.2751e-05, gnorm=0.846, clip=20, loss_scale=512, train_wall=20, gb_free=36.5, wall=10887
2023-05-16 01:35:27 - progress_bar.py[line:272] - INFO: epoch 001:   4075 / 4137 loss=0.253, loss_v1=0, loss_v2=0, nll_loss=0.253, ntokens=256, nsentences=128, sample_size=256, sample_size_v1=0, sample_size_v2=0, ppl=1.19, wps=130, ups=0.51, wpb=256, bsz=128, num_updates=4070, lr=4.27253e-05, gnorm=0.89, clip=20, loss_scale=512, train_wall=20, gb_free=36.6, wall=10907
2023-05-16 01:35:46 - progress_bar.py[line:272] - INFO: epoch 001:   4085 / 4137 loss=0.274, loss_v1=0, loss_v2=0, nll_loss=0.274, ntokens=256, nsentences=128, sample_size=256, sample_size_v1=0, sample_size_v2=0, ppl=1.21, wps=130.5, ups=0.51, wpb=256, bsz=128, num_updates=4080, lr=4.26995e-05, gnorm=0.994, clip=40, loss_scale=512, train_wall=20, gb_free=36.7, wall=10927
2023-05-16 01:36:06 - progress_bar.py[line:272] - INFO: epoch 001:   4095 / 4137 loss=0.278, loss_v1=0, loss_v2=0, nll_loss=0.278, ntokens=256, nsentences=128, sample_size=256, sample_size_v1=0, sample_size_v2=0, ppl=1.21, wps=129.5, ups=0.51, wpb=256, bsz=128, num_updates=4090, lr=4.26738e-05, gnorm=0.911, clip=30, loss_scale=512, train_wall=20, gb_free=36.6, wall=10946
2023-05-16 01:36:26 - progress_bar.py[line:272] - INFO: epoch 001:   4105 / 4137 loss=0.271, loss_v1=0, loss_v2=0, nll_loss=0.271, ntokens=256, nsentences=128, sample_size=256, sample_size_v1=0, sample_size_v2=0, ppl=1.21, wps=128.8, ups=0.5, wpb=256, bsz=128, num_updates=4100, lr=4.26481e-05, gnorm=0.876, clip=40, loss_scale=512, train_wall=20, gb_free=36.7, wall=10966
2023-05-16 01:36:47 - progress_bar.py[line:272] - INFO: epoch 001:   4115 / 4137 loss=0.255, loss_v1=0, loss_v2=0, nll_loss=0.255, ntokens=256, nsentences=128, sample_size=256, sample_size_v1=0, sample_size_v2=0, ppl=1.19, wps=125.5, ups=0.49, wpb=256, bsz=128, num_updates=4110, lr=4.26224e-05, gnorm=0.865, clip=10, loss_scale=512, train_wall=20, gb_free=36.6, wall=10987
2023-05-16 01:37:07 - progress_bar.py[line:272] - INFO: epoch 001:   4125 / 4137 loss=0.276, loss_v1=0, loss_v2=0, nll_loss=0.276, ntokens=256, nsentences=128, sample_size=256, sample_size_v1=0, sample_size_v2=0, ppl=1.21, wps=127.6, ups=0.5, wpb=256, bsz=128, num_updates=4120, lr=4.25967e-05, gnorm=0.99, clip=30, loss_scale=512, train_wall=20, gb_free=36.5, wall=11007
2023-05-16 01:37:26 - progress_bar.py[line:272] - INFO: epoch 001:   4135 / 4137 loss=0.236, loss_v1=0, loss_v2=0, nll_loss=0.236, ntokens=256, nsentences=128, sample_size=256, sample_size_v1=0, sample_size_v2=0, ppl=1.18, wps=129.5, ups=0.51, wpb=256, bsz=128, num_updates=4130, lr=4.2571e-05, gnorm=0.792, clip=0, loss_scale=512, train_wall=20, gb_free=36.7, wall=11027
slice_id 3 seek offset 133942023-05-16 01:37:30 - train.py[line:445] - INFO: begin validation on "valid" subset

slice_id 0 seek offset 0
slice_id 2 seek offset 8930
slice_id 1 seek offset 4465
slice_id 0 seek offset 0
slice_id 3 seek offset 13394
slice_id 2 seek offset 8930
slice_id 1 seek offset 4465
2023-05-16 01:40:52 - progress_bar.py[line:282] - INFO: epoch 001 | valid on 'valid' subset | loss 0.251 | loss_v1 0 | loss_v2 0 | nll_loss 0.251 | ntokens 31.975 | nsentences 15.987 | sample_size 31.975 | sample_size_v1 0 | sample_size_v2 0 | ppl 1.19 | snli_score 0.8005 | wps 177 | wpb 32 | bsz 16 | num_updates 4132 | best_snli_score 0.8005
2023-05-16 01:40:52 - checkpoint_utils.py[line:64] - INFO: Preparing to save checkpoint for epoch 1 @ 4132 updates
local datafile ../../dataset/snli_ve_data/snli_ve_train.tsv slice_id 3 begin to initialize row_count and line_idx-to-offset mapping
2023-05-16 01:40:52 - trainer.py[line:431] - INFO: Saving checkpoint to ./EC_full_checkpoints/5_5e-5/checkpoint1.pt
local datafile ../../dataset/snli_ve_data/snli_ve_train.tsv slice_id 1 begin to initialize row_count and line_idx-to-offset mapping
local datafile ../../dataset/snli_ve_data/snli_ve_train.tsv slice_id 2 begin to initialize row_count and line_idx-to-offset mapping
2023-05-16 01:40:55 - trainer.py[line:441] - INFO: Finished saving checkpoint to ./EC_full_checkpoints/5_5e-5/checkpoint1.pt
2023-05-16 01:41:02 - checkpoint_utils.py[line:133] - INFO: Saved checkpoint ./EC_full_checkpoints/5_5e-5/checkpoint1.pt (epoch 1 @ 4132 updates, score 0.8005) (writing took 9.887738323071972 seconds)
2023-05-16 01:41:02 - train.py[line:332] - INFO: end of epoch 1 (average epoch stats below)
2023-05-16 01:41:02 - progress_bar.py[line:282] - INFO: epoch 001 | loss 0.37 | loss_v1 0 | loss_v2 0 | nll_loss 0.37 | ntokens 255.996 | nsentences 127.998 | sample_size 255.996 | sample_size_v1 0 | sample_size_v2 0 | ppl 1.29 | wps 94.3 | ups 0.37 | wpb 256 | bsz 128 | num_updates 4132 | lr 4.25658e-05 | gnorm 1.306 | clip 37.8 | loss_scale 512 | train_wall 9075 | gb_free 36.5 | wall 11242
2023-05-16 01:41:02 - trainer.py[line:639] - INFO: loading train data for epoch 2
local datafile ../../dataset/snli_ve_data/snli_ve_train.tsv slice_id 0 begin to initialize row_count and line_idx-to-offset mapping
local datafile ../../dataset/snli_ve_data/snli_ve_train.tsv slice_id 3 finished initializing row_count and line_idx-to-offset mapping
file ../../dataset/snli_ve_data/snli_ve_train.tsv slice_id 3 row count 132381 total row count 529527
slice_id 3 seek offset 397146
local datafile ../../dataset/snli_ve_data/snli_ve_train.tsv slice_id 1 finished initializing row_count and line_idx-to-offset mapping
file ../../dataset/snli_ve_data/snli_ve_train.tsv slice_id 1 row count 132382 total row count 529527
local datafile ../../dataset/snli_ve_data/snli_ve_train.tsv slice_id 2 finished initializing row_count and line_idx-to-offset mapping
file ../../dataset/snli_ve_data/snli_ve_train.tsv slice_id 2 row count 132382 total row count 529527
slice_id 1 seek offset 132382
slice_id 2 seek offset 264764
local datafile ../../dataset/snli_ve_data/snli_ve_train.tsv slice_id 0 finished initializing row_count and line_idx-to-offset mapping
file ../../dataset/snli_ve_data/snli_ve_train.tsv slice_id 0 row count 132382 total row count 529527
slice_id 0 seek offset 0
2023-05-16 01:41:15 - trainer.py[line:703] - INFO: begin training epoch 2
2023-05-16 01:41:15 - train.py[line:305] - INFO: Start iterating over samples
2023-05-16 01:41:32 - progress_bar.py[line:272] - INFO: epoch 002:      8 / 4137 loss=0.26, loss_v1=0, loss_v2=0, nll_loss=0.26, ntokens=256, nsentences=128, sample_size=256, sample_size_v1=0, sample_size_v2=0, ppl=1.2, wps=10.4, ups=0.04, wpb=256, bsz=128, num_updates=4140, lr=4.25453e-05, gnorm=0.837, clip=10, loss_scale=512, train_wall=20, gb_free=36.6, wall=11272
2023-05-16 01:41:51 - progress_bar.py[line:272] - INFO: epoch 002:     18 / 4137 loss=0.256, loss_v1=0, loss_v2=0, nll_loss=0.256, ntokens=256, nsentences=128, sample_size=256, sample_size_v1=0, sample_size_v2=0, ppl=1.19, wps=128.9, ups=0.5, wpb=256, bsz=128, num_updates=4150, lr=4.25195e-05, gnorm=0.866, clip=0, loss_scale=512, train_wall=20, gb_free=36.7, wall=11292
2023-05-16 01:42:11 - progress_bar.py[line:272] - INFO: epoch 002:     28 / 4137 loss=0.261, loss_v1=0, loss_v2=0, nll_loss=0.261, ntokens=256, nsentences=128, sample_size=256, sample_size_v1=0, sample_size_v2=0, ppl=1.2, wps=129.1, ups=0.5, wpb=256, bsz=128, num_updates=4160, lr=4.24938e-05, gnorm=0.803, clip=10, loss_scale=512, train_wall=20, gb_free=36.6, wall=11311
2023-05-16 01:42:31 - progress_bar.py[line:272] - INFO: epoch 002:     38 / 4137 loss=0.272, loss_v1=0, loss_v2=0, nll_loss=0.272, ntokens=256, nsentences=128, sample_size=256, sample_size_v1=0, sample_size_v2=0, ppl=1.21, wps=129.2, ups=0.5, wpb=256, bsz=128, num_updates=4170, lr=4.24681e-05, gnorm=0.806, clip=10, loss_scale=512, train_wall=20, gb_free=36.6, wall=11331
2023-05-16 01:42:51 - progress_bar.py[line:272] - INFO: epoch 002:     48 / 4137 loss=0.253, loss_v1=0, loss_v2=0, nll_loss=0.253, ntokens=256, nsentences=128, sample_size=256, sample_size_v1=0, sample_size_v2=0, ppl=1.19, wps=129.2, ups=0.5, wpb=256, bsz=128, num_updates=4180, lr=4.24424e-05, gnorm=0.914, clip=30, loss_scale=512, train_wall=20, gb_free=36.7, wall=11351
2023-05-16 01:43:11 - progress_bar.py[line:272] - INFO: epoch 002:     58 / 4137 loss=0.268, loss_v1=0, loss_v2=0, nll_loss=0.268, ntokens=256, nsentences=128, sample_size=256, sample_size_v1=0, sample_size_v2=0, ppl=1.2, wps=129.3, ups=0.51, wpb=256, bsz=128, num_updates=4190, lr=4.24167e-05, gnorm=0.947, clip=30, loss_scale=512, train_wall=20, gb_free=36.6, wall=11371
2023-05-16 01:43:31 - progress_bar.py[line:272] - INFO: epoch 002:     68 / 4137 loss=0.241, loss_v1=0, loss_v2=0, nll_loss=0.241, ntokens=256, nsentences=128, sample_size=256, sample_size_v1=0, sample_size_v2=0, ppl=1.18, wps=128.3, ups=0.5, wpb=256, bsz=128, num_updates=4200, lr=4.2391e-05, gnorm=0.909, clip=20, loss_scale=512, train_wall=20, gb_free=36.7, wall=11391
2023-05-16 01:43:51 - progress_bar.py[line:272] - INFO: epoch 002:     78 / 4137 loss=0.276, loss_v1=0, loss_v2=0, nll_loss=0.276, ntokens=256, nsentences=128, sample_size=256, sample_size_v1=0, sample_size_v2=0, ppl=1.21, wps=128.5, ups=0.5, wpb=256, bsz=128, num_updates=4210, lr=4.23653e-05, gnorm=1.128, clip=60, loss_scale=512, train_wall=20, gb_free=36.7, wall=11411
2023-05-16 01:44:10 - progress_bar.py[line:272] - INFO: epoch 002:     88 / 4137 loss=0.246, loss_v1=0, loss_v2=0, nll_loss=0.246, ntokens=256, nsentences=128, sample_size=256, sample_size_v1=0, sample_size_v2=0, ppl=1.19, wps=129.2, ups=0.5, wpb=256, bsz=128, num_updates=4220, lr=4.23395e-05, gnorm=0.891, clip=30, loss_scale=512, train_wall=20, gb_free=36.6, wall=11431
2023-05-16 01:44:30 - progress_bar.py[line:272] - INFO: epoch 002:     98 / 4137 loss=0.265, loss_v1=0, loss_v2=0, nll_loss=0.265, ntokens=256, nsentences=128, sample_size=256, sample_size_v1=0, sample_size_v2=0, ppl=1.2, wps=128.6, ups=0.5, wpb=256, bsz=128, num_updates=4230, lr=4.23138e-05, gnorm=0.921, clip=40, loss_scale=512, train_wall=20, gb_free=36.6, wall=11450
2023-05-16 01:44:50 - progress_bar.py[line:272] - INFO: epoch 002:    108 / 4137 loss=0.285, loss_v1=0, loss_v2=0, nll_loss=0.285, ntokens=256, nsentences=128, sample_size=256, sample_size_v1=0, sample_size_v2=0, ppl=1.22, wps=129.9, ups=0.51, wpb=256, bsz=128, num_updates=4240, lr=4.22881e-05, gnorm=0.818, clip=10, loss_scale=512, train_wall=20, gb_free=36.7, wall=11470
2023-05-16 01:45:10 - progress_bar.py[line:272] - INFO: epoch 002:    118 / 4137 loss=0.238, loss_v1=0, loss_v2=0, nll_loss=0.238, ntokens=256, nsentences=128, sample_size=256, sample_size_v1=0, sample_size_v2=0, ppl=1.18, wps=128.5, ups=0.5, wpb=256, bsz=128, num_updates=4250, lr=4.22624e-05, gnorm=0.753, clip=0, loss_scale=1024, train_wall=20, gb_free=36.7, wall=11490
2023-05-16 01:45:30 - progress_bar.py[line:272] - INFO: epoch 002:    128 / 4137 loss=0.257, loss_v1=0, loss_v2=0, nll_loss=0.257, ntokens=256, nsentences=128, sample_size=256, sample_size_v1=0, sample_size_v2=0, ppl=1.2, wps=128.7, ups=0.5, wpb=256, bsz=128, num_updates=4260, lr=4.22367e-05, gnorm=0.86, clip=0, loss_scale=1024, train_wall=20, gb_free=36.6, wall=11510
2023-05-16 01:45:50 - progress_bar.py[line:272] - INFO: epoch 002:    138 / 4137 loss=0.264, loss_v1=0, loss_v2=0, nll_loss=0.264, ntokens=256, nsentences=128, sample_size=256, sample_size_v1=0, sample_size_v2=0, ppl=1.2, wps=129, ups=0.5, wpb=256, bsz=128, num_updates=4270, lr=4.2211e-05, gnorm=0.83, clip=0, loss_scale=1024, train_wall=20, gb_free=36.6, wall=11530
2023-05-16 01:46:09 - progress_bar.py[line:272] - INFO: epoch 002:    148 / 4137 loss=0.26, loss_v1=0, loss_v2=0, nll_loss=0.26, ntokens=256, nsentences=128, sample_size=256, sample_size_v1=0, sample_size_v2=0, ppl=1.2, wps=128.8, ups=0.5, wpb=256, bsz=128, num_updates=4280, lr=4.21852e-05, gnorm=0.726, clip=10, loss_scale=1024, train_wall=20, gb_free=36.5, wall=11550
2023-05-16 01:46:29 - progress_bar.py[line:272] - INFO: epoch 002:    158 / 4137 loss=0.262, loss_v1=0, loss_v2=0, nll_loss=0.262, ntokens=256, nsentences=128, sample_size=256, sample_size_v1=0, sample_size_v2=0, ppl=1.2, wps=127.9, ups=0.5, wpb=256, bsz=128, num_updates=4290, lr=4.21595e-05, gnorm=0.803, clip=10, loss_scale=1024, train_wall=20, gb_free=36.7, wall=11570
2023-05-16 01:46:49 - progress_bar.py[line:272] - INFO: epoch 002:    168 / 4137 loss=0.274, loss_v1=0, loss_v2=0, nll_loss=0.274, ntokens=256, nsentences=128, sample_size=256, sample_size_v1=0, sample_size_v2=0, ppl=1.21, wps=128.1, ups=0.5, wpb=256, bsz=128, num_updates=4300, lr=4.21338e-05, gnorm=0.824, clip=20, loss_scale=1024, train_wall=20, gb_free=36.6, wall=11590
2023-05-16 01:47:09 - progress_bar.py[line:272] - INFO: epoch 002:    178 / 4137 loss=0.225, loss_v1=0, loss_v2=0, nll_loss=0.225, ntokens=256, nsentences=128, sample_size=256, sample_size_v1=0, sample_size_v2=0, ppl=1.17, wps=128.1, ups=0.5, wpb=256, bsz=128, num_updates=4310, lr=4.21081e-05, gnorm=0.743, clip=0, loss_scale=1024, train_wall=20, gb_free=36.7, wall=11610
2023-05-16 01:47:29 - progress_bar.py[line:272] - INFO: epoch 002:    188 / 4137 loss=0.244, loss_v1=0, loss_v2=0, nll_loss=0.244, ntokens=256, nsentences=128, sample_size=256, sample_size_v1=0, sample_size_v2=0, ppl=1.18, wps=128.3, ups=0.5, wpb=256, bsz=128, num_updates=4320, lr=4.20824e-05, gnorm=0.876, clip=20, loss_scale=1024, train_wall=20, gb_free=36.7, wall=11630
2023-05-16 01:47:49 - progress_bar.py[line:272] - INFO: epoch 002:    198 / 4137 loss=0.257, loss_v1=0, loss_v2=0, nll_loss=0.257, ntokens=256, nsentences=128, sample_size=256, sample_size_v1=0, sample_size_v2=0, ppl=1.2, wps=128.7, ups=0.5, wpb=256, bsz=128, num_updates=4330, lr=4.20567e-05, gnorm=0.937, clip=40, loss_scale=1024, train_wall=20, gb_free=36.7, wall=11650
2023-05-16 01:48:09 - progress_bar.py[line:272] - INFO: epoch 002:    208 / 4137 loss=0.256, loss_v1=0, loss_v2=0, nll_loss=0.256, ntokens=256, nsentences=128, sample_size=256, sample_size_v1=0, sample_size_v2=0, ppl=1.19, wps=128.3, ups=0.5, wpb=256, bsz=128, num_updates=4340, lr=4.2031e-05, gnorm=0.866, clip=40, loss_scale=1024, train_wall=20, gb_free=36.6, wall=11669
2023-05-16 01:48:29 - progress_bar.py[line:272] - INFO: epoch 002:    218 / 4137 loss=0.255, loss_v1=0, loss_v2=0, nll_loss=0.255, ntokens=256, nsentences=128, sample_size=256, sample_size_v1=0, sample_size_v2=0, ppl=1.19, wps=128.4, ups=0.5, wpb=256, bsz=128, num_updates=4350, lr=4.20052e-05, gnorm=0.807, clip=10, loss_scale=1024, train_wall=20, gb_free=36.6, wall=11689
2023-05-16 01:48:49 - progress_bar.py[line:272] - INFO: epoch 002:    228 / 4137 loss=0.253, loss_v1=0, loss_v2=0, nll_loss=0.253, ntokens=256, nsentences=128, sample_size=256, sample_size_v1=0, sample_size_v2=0, ppl=1.19, wps=128.3, ups=0.5, wpb=256, bsz=128, num_updates=4360, lr=4.19795e-05, gnorm=0.782, clip=10, loss_scale=1024, train_wall=20, gb_free=36.5, wall=11709
2023-05-16 01:49:09 - progress_bar.py[line:272] - INFO: epoch 002:    238 / 4137 loss=0.24, loss_v1=0, loss_v2=0, nll_loss=0.24, ntokens=256, nsentences=128, sample_size=256, sample_size_v1=0, sample_size_v2=0, ppl=1.18, wps=128.3, ups=0.5, wpb=256, bsz=128, num_updates=4370, lr=4.19538e-05, gnorm=0.811, clip=10, loss_scale=1024, train_wall=20, gb_free=36.6, wall=11729
2023-05-16 01:49:29 - progress_bar.py[line:272] - INFO: epoch 002:    248 / 4137 loss=0.254, loss_v1=0, loss_v2=0, nll_loss=0.254, ntokens=256, nsentences=128, sample_size=256, sample_size_v1=0, sample_size_v2=0, ppl=1.19, wps=127.9, ups=0.5, wpb=256, bsz=128, num_updates=4380, lr=4.19281e-05, gnorm=0.831, clip=10, loss_scale=1024, train_wall=20, gb_free=36.6, wall=11749
2023-05-16 01:49:49 - progress_bar.py[line:272] - INFO: epoch 002:    258 / 4137 loss=0.247, loss_v1=0, loss_v2=0, nll_loss=0.247, ntokens=256, nsentences=128, sample_size=256, sample_size_v1=0, sample_size_v2=0, ppl=1.19, wps=128, ups=0.5, wpb=256, bsz=128, num_updates=4390, lr=4.19024e-05, gnorm=0.78, clip=0, loss_scale=1024, train_wall=20, gb_free=36.7, wall=11769
2023-05-16 01:50:09 - progress_bar.py[line:272] - INFO: epoch 002:    268 / 4137 loss=0.257, loss_v1=0, loss_v2=0, nll_loss=0.257, ntokens=256, nsentences=128, sample_size=256, sample_size_v1=0, sample_size_v2=0, ppl=1.19, wps=128.7, ups=0.5, wpb=256, bsz=128, num_updates=4400, lr=4.18767e-05, gnorm=0.83, clip=10, loss_scale=1024, train_wall=20, gb_free=36.6, wall=11789
2023-05-16 01:50:29 - progress_bar.py[line:272] - INFO: epoch 002:    278 / 4137 loss=0.253, loss_v1=0, loss_v2=0, nll_loss=0.253, ntokens=256, nsentences=128, sample_size=256, sample_size_v1=0, sample_size_v2=0, ppl=1.19, wps=129.6, ups=0.51, wpb=256, bsz=128, num_updates=4410, lr=4.1851e-05, gnorm=0.878, clip=10, loss_scale=1024, train_wall=20, gb_free=36.6, wall=11809
2023-05-16 01:50:48 - progress_bar.py[line:272] - INFO: epoch 002:    288 / 4137 loss=0.256, loss_v1=0, loss_v2=0, nll_loss=0.256, ntokens=256, nsentences=128, sample_size=256, sample_size_v1=0, sample_size_v2=0, ppl=1.19, wps=130.2, ups=0.51, wpb=256, bsz=128, num_updates=4420, lr=4.18252e-05, gnorm=0.774, clip=0, loss_scale=1024, train_wall=20, gb_free=36.6, wall=11829
2023-05-16 01:51:08 - progress_bar.py[line:272] - INFO: epoch 002:    298 / 4137 loss=0.249, loss_v1=0, loss_v2=0, nll_loss=0.249, ntokens=256, nsentences=128, sample_size=256, sample_size_v1=0, sample_size_v2=0, ppl=1.19, wps=128.9, ups=0.5, wpb=256, bsz=128, num_updates=4430, lr=4.17995e-05, gnorm=0.75, clip=0, loss_scale=1024, train_wall=20, gb_free=36.6, wall=11848
2023-05-16 01:51:28 - progress_bar.py[line:272] - INFO: epoch 002:    308 / 4137 loss=0.255, loss_v1=0, loss_v2=0, nll_loss=0.255, ntokens=256, nsentences=128, sample_size=256, sample_size_v1=0, sample_size_v2=0, ppl=1.19, wps=127.9, ups=0.5, wpb=256, bsz=128, num_updates=4440, lr=4.17738e-05, gnorm=0.803, clip=0, loss_scale=1024, train_wall=20, gb_free=36.6, wall=11869
2023-05-16 01:51:48 - progress_bar.py[line:272] - INFO: epoch 002:    318 / 4137 loss=0.234, loss_v1=0, loss_v2=0, nll_loss=0.234, ntokens=256, nsentences=128, sample_size=256, sample_size_v1=0, sample_size_v2=0, ppl=1.18, wps=128.8, ups=0.5, wpb=256, bsz=128, num_updates=4450, lr=4.17481e-05, gnorm=0.782, clip=0, loss_scale=1024, train_wall=20, gb_free=36.6, wall=11888
2023-05-16 01:52:08 - progress_bar.py[line:272] - INFO: epoch 002:    328 / 4137 loss=0.232, loss_v1=0, loss_v2=0, nll_loss=0.232, ntokens=256, nsentences=128, sample_size=256, sample_size_v1=0, sample_size_v2=0, ppl=1.17, wps=129.2, ups=0.5, wpb=256, bsz=128, num_updates=4460, lr=4.17224e-05, gnorm=0.84, clip=10, loss_scale=1024, train_wall=20, gb_free=36.7, wall=11908
2023-05-16 01:52:28 - progress_bar.py[line:272] - INFO: epoch 002:    338 / 4137 loss=0.244, loss_v1=0, loss_v2=0, nll_loss=0.244, ntokens=256, nsentences=128, sample_size=256, sample_size_v1=0, sample_size_v2=0, ppl=1.18, wps=129.8, ups=0.51, wpb=256, bsz=128, num_updates=4470, lr=4.16967e-05, gnorm=0.851, clip=0, loss_scale=1024, train_wall=20, gb_free=36.7, wall=11928
2023-05-16 01:52:48 - progress_bar.py[line:272] - INFO: epoch 002:    348 / 4137 loss=0.237, loss_v1=0, loss_v2=0, nll_loss=0.237, ntokens=256, nsentences=128, sample_size=256, sample_size_v1=0, sample_size_v2=0, ppl=1.18, wps=127.6, ups=0.5, wpb=256, bsz=128, num_updates=4480, lr=4.1671e-05, gnorm=0.874, clip=30, loss_scale=1024, train_wall=20, gb_free=36.6, wall=11948
2023-05-16 01:53:08 - progress_bar.py[line:272] - INFO: epoch 002:    358 / 4137 loss=0.255, loss_v1=0, loss_v2=0, nll_loss=0.255, ntokens=256, nsentences=128, sample_size=256, sample_size_v1=0, sample_size_v2=0, ppl=1.19, wps=127.4, ups=0.5, wpb=256, bsz=128, num_updates=4490, lr=4.16452e-05, gnorm=0.83, clip=10, loss_scale=1024, train_wall=20, gb_free=36.7, wall=11968
2023-05-16 01:53:28 - progress_bar.py[line:272] - INFO: epoch 002:    368 / 4137 loss=0.257, loss_v1=0, loss_v2=0, nll_loss=0.257, ntokens=256, nsentences=128, sample_size=256, sample_size_v1=0, sample_size_v2=0, ppl=1.19, wps=125.6, ups=0.49, wpb=256, bsz=128, num_updates=4500, lr=4.16195e-05, gnorm=0.78, clip=0, loss_scale=1024, train_wall=20, gb_free=36.7, wall=11988
2023-05-16 01:53:28 - train.py[line:445] - INFO: begin validation on "valid" subset
slice_id 1 seek offset 4465slice_id 0 seek offset 0slice_id 2 seek offset 8930

slice_id 3 seek offset 13394

slice_id 0 seek offset 0
slice_id 2 seek offset 8930
slice_id 1 seek offset 4465
slice_id 3 seek offset 13394
2023-05-16 01:56:51 - progress_bar.py[line:282] - INFO: epoch 002 | valid on 'valid' subset | loss 0.245 | loss_v1 0 | loss_v2 0 | nll_loss 0.245 | ntokens 31.975 | nsentences 15.987 | sample_size 31.975 | sample_size_v1 0 | sample_size_v2 0 | ppl 1.19 | snli_score 0.8037 | wps 176.1 | wpb 32 | bsz 16 | num_updates 4500 | best_snli_score 0.8037
2023-05-16 01:56:51 - checkpoint_utils.py[line:64] - INFO: Preparing to save checkpoint for epoch 2 @ 4500 updates
2023-05-16 01:56:51 - trainer.py[line:431] - INFO: Saving checkpoint to ./EC_full_checkpoints/5_5e-5/checkpoint_2_4500.pt
2023-05-16 01:56:54 - trainer.py[line:441] - INFO: Finished saving checkpoint to ./EC_full_checkpoints/5_5e-5/checkpoint_2_4500.pt
2023-05-16 01:57:00 - checkpoint_utils.py[line:133] - INFO: Saved checkpoint ./EC_full_checkpoints/5_5e-5/checkpoint_2_4500.pt (epoch 2 @ 4500 updates, score 0.8037) (writing took 8.79718181421049 seconds)
2023-05-16 01:57:21 - progress_bar.py[line:272] - INFO: epoch 002:    378 / 4137 loss=0.254, loss_v1=0, loss_v2=0, nll_loss=0.254, ntokens=256, nsentences=128, sample_size=256, sample_size_v1=0, sample_size_v2=0, ppl=1.19, wps=11, ups=0.04, wpb=256, bsz=128, num_updates=4510, lr=4.15938e-05, gnorm=0.836, clip=10, loss_scale=1024, train_wall=20, gb_free=36.5, wall=12221
2023-05-16 01:57:40 - progress_bar.py[line:272] - INFO: epoch 002:    388 / 4137 loss=0.243, loss_v1=0, loss_v2=0, nll_loss=0.243, ntokens=256, nsentences=128, sample_size=256, sample_size_v1=0, sample_size_v2=0, ppl=1.18, wps=128.7, ups=0.5, wpb=256, bsz=128, num_updates=4520, lr=4.15681e-05, gnorm=0.869, clip=0, loss_scale=1024, train_wall=20, gb_free=36.5, wall=12241
2023-05-16 01:58:01 - progress_bar.py[line:272] - INFO: epoch 002:    398 / 4137 loss=0.257, loss_v1=0, loss_v2=0, nll_loss=0.257, ntokens=256, nsentences=128, sample_size=256, sample_size_v1=0, sample_size_v2=0, ppl=1.2, wps=123.9, ups=0.48, wpb=256, bsz=128, num_updates=4530, lr=4.15424e-05, gnorm=0.88, clip=30, loss_scale=1024, train_wall=21, gb_free=36.6, wall=12261
2023-05-16 01:58:22 - progress_bar.py[line:272] - INFO: epoch 002:    408 / 4137 loss=0.255, loss_v1=0, loss_v2=0, nll_loss=0.255, ntokens=256, nsentences=128, sample_size=256, sample_size_v1=0, sample_size_v2=0, ppl=1.19, wps=119.6, ups=0.47, wpb=256, bsz=128, num_updates=4540, lr=4.15167e-05, gnorm=0.747, clip=0, loss_scale=1024, train_wall=21, gb_free=36.5, wall=12283
2023-05-16 01:58:45 - progress_bar.py[line:272] - INFO: epoch 002:    418 / 4137 loss=0.237, loss_v1=0, loss_v2=0, nll_loss=0.237, ntokens=256, nsentences=128, sample_size=256, sample_size_v1=0, sample_size_v2=0, ppl=1.18, wps=115.6, ups=0.45, wpb=256, bsz=128, num_updates=4550, lr=4.14909e-05, gnorm=0.737, clip=0, loss_scale=1024, train_wall=22, gb_free=36.7, wall=12305
2023-05-16 01:59:06 - progress_bar.py[line:272] - INFO: epoch 002:    428 / 4137 loss=0.222, loss_v1=0, loss_v2=0, nll_loss=0.222, ntokens=256, nsentences=128, sample_size=256, sample_size_v1=0, sample_size_v2=0, ppl=1.17, wps=120.1, ups=0.47, wpb=256, bsz=128, num_updates=4560, lr=4.14652e-05, gnorm=0.847, clip=30, loss_scale=1024, train_wall=21, gb_free=36.5, wall=12326
2023-05-16 01:59:28 - progress_bar.py[line:272] - INFO: epoch 002:    438 / 4137 loss=0.257, loss_v1=0, loss_v2=0, nll_loss=0.257, ntokens=256, nsentences=128, sample_size=256, sample_size_v1=0, sample_size_v2=0, ppl=1.19, wps=118.2, ups=0.46, wpb=256, bsz=128, num_updates=4570, lr=4.14395e-05, gnorm=0.926, clip=20, loss_scale=1024, train_wall=22, gb_free=36.6, wall=12348
2023-05-16 01:59:49 - progress_bar.py[line:272] - INFO: epoch 002:    448 / 4137 loss=0.257, loss_v1=0, loss_v2=0, nll_loss=0.257, ntokens=256, nsentences=128, sample_size=256, sample_size_v1=0, sample_size_v2=0, ppl=1.2, wps=118.6, ups=0.46, wpb=256, bsz=128, num_updates=4580, lr=4.14138e-05, gnorm=0.914, clip=40, loss_scale=1024, train_wall=22, gb_free=36.6, wall=12369
2023-05-16 02:00:11 - progress_bar.py[line:272] - INFO: epoch 002:    458 / 4137 loss=0.257, loss_v1=0, loss_v2=0, nll_loss=0.257, ntokens=256, nsentences=128, sample_size=256, sample_size_v1=0, sample_size_v2=0, ppl=1.19, wps=119.4, ups=0.47, wpb=256, bsz=128, num_updates=4590, lr=4.13881e-05, gnorm=0.803, clip=10, loss_scale=1024, train_wall=21, gb_free=36.6, wall=12391
2023-05-16 02:00:31 - progress_bar.py[line:272] - INFO: epoch 002:    468 / 4137 loss=0.251, loss_v1=0, loss_v2=0, nll_loss=0.251, ntokens=256, nsentences=128, sample_size=256, sample_size_v1=0, sample_size_v2=0, ppl=1.19, wps=122.6, ups=0.48, wpb=256, bsz=128, num_updates=4600, lr=4.13624e-05, gnorm=0.848, clip=0, loss_scale=1024, train_wall=21, gb_free=36.6, wall=12412
2023-05-16 02:00:52 - progress_bar.py[line:272] - INFO: epoch 002:    478 / 4137 loss=0.246, loss_v1=0, loss_v2=0, nll_loss=0.246, ntokens=256, nsentences=128, sample_size=256, sample_size_v1=0, sample_size_v2=0, ppl=1.19, wps=122.3, ups=0.48, wpb=256, bsz=128, num_updates=4610, lr=4.13367e-05, gnorm=0.869, clip=10, loss_scale=1024, train_wall=21, gb_free=36.6, wall=12433
2023-05-16 02:01:13 - progress_bar.py[line:272] - INFO: epoch 002:    488 / 4137 loss=0.247, loss_v1=0, loss_v2=0, nll_loss=0.247, ntokens=256, nsentences=128, sample_size=256, sample_size_v1=0, sample_size_v2=0, ppl=1.19, wps=124, ups=0.48, wpb=256, bsz=128, num_updates=4620, lr=4.13109e-05, gnorm=0.877, clip=30, loss_scale=1024, train_wall=21, gb_free=36.6, wall=12453
2023-05-16 02:01:35 - progress_bar.py[line:272] - INFO: epoch 002:    498 / 4137 loss=0.256, loss_v1=0, loss_v2=0, nll_loss=0.256, ntokens=256, nsentences=128, sample_size=256, sample_size_v1=0, sample_size_v2=0, ppl=1.19, wps=118.7, ups=0.46, wpb=256, bsz=128, num_updates=4630, lr=4.12852e-05, gnorm=0.87, clip=10, loss_scale=1024, train_wall=22, gb_free=36.5, wall=12475
2023-05-16 02:01:56 - progress_bar.py[line:272] - INFO: epoch 002:    508 / 4137 loss=0.251, loss_v1=0, loss_v2=0, nll_loss=0.251, ntokens=256, nsentences=128, sample_size=256, sample_size_v1=0, sample_size_v2=0, ppl=1.19, wps=118.3, ups=0.46, wpb=256, bsz=128, num_updates=4640, lr=4.12595e-05, gnorm=0.845, clip=10, loss_scale=1024, train_wall=22, gb_free=36.6, wall=12496
2023-05-16 02:02:18 - progress_bar.py[line:272] - INFO: epoch 002:    518 / 4137 loss=0.248, loss_v1=0, loss_v2=0, nll_loss=0.248, ntokens=256, nsentences=128, sample_size=256, sample_size_v1=0, sample_size_v2=0, ppl=1.19, wps=116.6, ups=0.46, wpb=256, bsz=128, num_updates=4650, lr=4.12338e-05, gnorm=0.816, clip=10, loss_scale=1024, train_wall=22, gb_free=36.5, wall=12518
2023-05-16 02:02:39 - progress_bar.py[line:272] - INFO: epoch 002:    528 / 4137 loss=0.256, loss_v1=0, loss_v2=0, nll_loss=0.256, ntokens=256, nsentences=128, sample_size=256, sample_size_v1=0, sample_size_v2=0, ppl=1.19, wps=122.8, ups=0.48, wpb=256, bsz=128, num_updates=4660, lr=4.12081e-05, gnorm=0.869, clip=30, loss_scale=1024, train_wall=21, gb_free=36.7, wall=12539
2023-05-16 02:03:00 - progress_bar.py[line:272] - INFO: epoch 002:    538 / 4137 loss=0.243, loss_v1=0, loss_v2=0, nll_loss=0.243, ntokens=256, nsentences=128, sample_size=256, sample_size_v1=0, sample_size_v2=0, ppl=1.18, wps=124.1, ups=0.48, wpb=256, bsz=128, num_updates=4670, lr=4.11824e-05, gnorm=0.805, clip=10, loss_scale=1024, train_wall=21, gb_free=36.7, wall=12560
2023-05-16 02:03:21 - progress_bar.py[line:272] - INFO: epoch 002:    548 / 4137 loss=0.236, loss_v1=0, loss_v2=0, nll_loss=0.236, ntokens=256, nsentences=128, sample_size=256, sample_size_v1=0, sample_size_v2=0, ppl=1.18, wps=119.8, ups=0.47, wpb=256, bsz=128, num_updates=4680, lr=4.11567e-05, gnorm=0.875, clip=20, loss_scale=1024, train_wall=21, gb_free=36.5, wall=12581
2023-05-16 02:03:42 - progress_bar.py[line:272] - INFO: epoch 002:    558 / 4137 loss=0.244, loss_v1=0, loss_v2=0, nll_loss=0.244, ntokens=256, nsentences=128, sample_size=256, sample_size_v1=0, sample_size_v2=0, ppl=1.18, wps=120.5, ups=0.47, wpb=256, bsz=128, num_updates=4690, lr=4.11309e-05, gnorm=0.982, clip=40, loss_scale=1024, train_wall=21, gb_free=36.6, wall=12603
2023-05-16 02:04:04 - progress_bar.py[line:272] - INFO: epoch 002:    568 / 4137 loss=0.245, loss_v1=0, loss_v2=0, nll_loss=0.245, ntokens=256, nsentences=128, sample_size=256, sample_size_v1=0, sample_size_v2=0, ppl=1.19, wps=120.3, ups=0.47, wpb=256, bsz=128, num_updates=4700, lr=4.11052e-05, gnorm=0.93, clip=20, loss_scale=1024, train_wall=21, gb_free=36.6, wall=12624
2023-05-16 02:04:25 - progress_bar.py[line:272] - INFO: epoch 002:    578 / 4137 loss=0.25, loss_v1=0, loss_v2=0, nll_loss=0.25, ntokens=256, nsentences=128, sample_size=256, sample_size_v1=0, sample_size_v2=0, ppl=1.19, wps=121.1, ups=0.47, wpb=256, bsz=128, num_updates=4710, lr=4.10795e-05, gnorm=0.841, clip=10, loss_scale=1024, train_wall=21, gb_free=36.6, wall=12645
2023-05-16 02:04:46 - progress_bar.py[line:272] - INFO: epoch 002:    588 / 4137 loss=0.254, loss_v1=0, loss_v2=0, nll_loss=0.254, ntokens=256, nsentences=128, sample_size=256, sample_size_v1=0, sample_size_v2=0, ppl=1.19, wps=120.7, ups=0.47, wpb=256, bsz=128, num_updates=4720, lr=4.10538e-05, gnorm=0.842, clip=10, loss_scale=1024, train_wall=21, gb_free=36.6, wall=12666
2023-05-16 02:05:07 - progress_bar.py[line:272] - INFO: epoch 002:    598 / 4137 loss=0.248, loss_v1=0, loss_v2=0, nll_loss=0.248, ntokens=256, nsentences=128, sample_size=256, sample_size_v1=0, sample_size_v2=0, ppl=1.19, wps=119.4, ups=0.47, wpb=256, bsz=128, num_updates=4730, lr=4.10281e-05, gnorm=0.805, clip=0, loss_scale=1024, train_wall=21, gb_free=36.6, wall=12688
2023-05-16 02:05:29 - progress_bar.py[line:272] - INFO: epoch 002:    608 / 4137 loss=0.241, loss_v1=0, loss_v2=0, nll_loss=0.241, ntokens=256, nsentences=128, sample_size=256, sample_size_v1=0, sample_size_v2=0, ppl=1.18, wps=119.4, ups=0.47, wpb=256, bsz=128, num_updates=4740, lr=4.10024e-05, gnorm=0.822, clip=0, loss_scale=1024, train_wall=21, gb_free=36.6, wall=12709
2023-05-16 02:05:50 - progress_bar.py[line:272] - INFO: epoch 002:    618 / 4137 loss=0.251, loss_v1=0, loss_v2=0, nll_loss=0.251, ntokens=256, nsentences=128, sample_size=256, sample_size_v1=0, sample_size_v2=0, ppl=1.19, wps=120.9, ups=0.47, wpb=256, bsz=128, num_updates=4750, lr=4.09767e-05, gnorm=0.819, clip=20, loss_scale=1024, train_wall=21, gb_free=36.6, wall=12730
2023-05-16 02:06:10 - progress_bar.py[line:272] - INFO: epoch 002:    628 / 4137 loss=0.254, loss_v1=0, loss_v2=0, nll_loss=0.254, ntokens=256, nsentences=128, sample_size=256, sample_size_v1=0, sample_size_v2=0, ppl=1.19, wps=127.6, ups=0.5, wpb=256, bsz=128, num_updates=4760, lr=4.09509e-05, gnorm=0.83, clip=0, loss_scale=2048, train_wall=20, gb_free=36.7, wall=12750
2023-05-16 02:06:30 - progress_bar.py[line:272] - INFO: epoch 002:    638 / 4137 loss=0.276, loss_v1=0, loss_v2=0, nll_loss=0.276, ntokens=256, nsentences=128, sample_size=256, sample_size_v1=0, sample_size_v2=0, ppl=1.21, wps=127.7, ups=0.5, wpb=256, bsz=128, num_updates=4770, lr=4.09252e-05, gnorm=0.93, clip=40, loss_scale=2048, train_wall=20, gb_free=36.5, wall=12770
2023-05-16 02:06:50 - progress_bar.py[line:272] - INFO: epoch 002:    648 / 4137 loss=0.26, loss_v1=0, loss_v2=0, nll_loss=0.26, ntokens=256, nsentences=128, sample_size=256, sample_size_v1=0, sample_size_v2=0, ppl=1.2, wps=128.4, ups=0.5, wpb=256, bsz=128, num_updates=4780, lr=4.08995e-05, gnorm=0.807, clip=0, loss_scale=2048, train_wall=20, gb_free=36.6, wall=12790
2023-05-16 02:07:10 - progress_bar.py[line:272] - INFO: epoch 002:    658 / 4137 loss=0.272, loss_v1=0, loss_v2=0, nll_loss=0.272, ntokens=256, nsentences=128, sample_size=256, sample_size_v1=0, sample_size_v2=0, ppl=1.21, wps=127.9, ups=0.5, wpb=256, bsz=128, num_updates=4790, lr=4.08738e-05, gnorm=0.823, clip=10, loss_scale=2048, train_wall=20, gb_free=36.7, wall=12810
2023-05-16 02:07:30 - progress_bar.py[line:272] - INFO: epoch 002:    668 / 4137 loss=0.266, loss_v1=0, loss_v2=0, nll_loss=0.266, ntokens=256, nsentences=128, sample_size=256, sample_size_v1=0, sample_size_v2=0, ppl=1.2, wps=128.5, ups=0.5, wpb=256, bsz=128, num_updates=4800, lr=4.08481e-05, gnorm=0.811, clip=10, loss_scale=2048, train_wall=20, gb_free=36.6, wall=12830
2023-05-16 02:07:42 - trainer.py[line:921] - INFO: NOTE: gradient overflow detected, ignoring gradient, setting loss scale to: 1024.0
2023-05-16 02:07:52 - progress_bar.py[line:272] - INFO: epoch 002:    679 / 4137 loss=0.233, loss_v1=0, loss_v2=0, nll_loss=0.233, ntokens=256, nsentences=128, sample_size=256, sample_size_v1=0, sample_size_v2=0, ppl=1.18, wps=117.1, ups=0.46, wpb=256, bsz=128, num_updates=4810, lr=4.08224e-05, gnorm=0.844, clip=20, loss_scale=1024, train_wall=22, gb_free=36.6, wall=12852
2023-05-16 02:08:12 - progress_bar.py[line:272] - INFO: epoch 002:    689 / 4137 loss=0.258, loss_v1=0, loss_v2=0, nll_loss=0.258, ntokens=256, nsentences=128, sample_size=256, sample_size_v1=0, sample_size_v2=0, ppl=1.2, wps=128.8, ups=0.5, wpb=256, bsz=128, num_updates=4820, lr=4.07966e-05, gnorm=0.928, clip=40, loss_scale=1024, train_wall=20, gb_free=36.7, wall=12872
2023-05-16 02:08:32 - progress_bar.py[line:272] - INFO: epoch 002:    699 / 4137 loss=0.264, loss_v1=0, loss_v2=0, nll_loss=0.264, ntokens=256, nsentences=128, sample_size=256, sample_size_v1=0, sample_size_v2=0, ppl=1.2, wps=128.3, ups=0.5, wpb=256, bsz=128, num_updates=4830, lr=4.07709e-05, gnorm=0.857, clip=10, loss_scale=1024, train_wall=20, gb_free=36.6, wall=12892
2023-05-16 02:08:52 - progress_bar.py[line:272] - INFO: epoch 002:    709 / 4137 loss=0.245, loss_v1=0, loss_v2=0, nll_loss=0.245, ntokens=256, nsentences=128, sample_size=256, sample_size_v1=0, sample_size_v2=0, ppl=1.19, wps=128.8, ups=0.5, wpb=256, bsz=128, num_updates=4840, lr=4.07452e-05, gnorm=0.863, clip=20, loss_scale=1024, train_wall=20, gb_free=36.5, wall=12912
2023-05-16 02:09:11 - progress_bar.py[line:272] - INFO: epoch 002:    719 / 4137 loss=0.256, loss_v1=0, loss_v2=0, nll_loss=0.256, ntokens=256, nsentences=128, sample_size=256, sample_size_v1=0, sample_size_v2=0, ppl=1.19, wps=129.3, ups=0.51, wpb=256, bsz=128, num_updates=4850, lr=4.07195e-05, gnorm=0.825, clip=10, loss_scale=1024, train_wall=20, gb_free=36.6, wall=12932
2023-05-16 02:09:31 - progress_bar.py[line:272] - INFO: epoch 002:    729 / 4137 loss=0.265, loss_v1=0, loss_v2=0, nll_loss=0.265, ntokens=256, nsentences=128, sample_size=256, sample_size_v1=0, sample_size_v2=0, ppl=1.2, wps=128.4, ups=0.5, wpb=256, bsz=128, num_updates=4860, lr=4.06938e-05, gnorm=0.882, clip=0, loss_scale=1024, train_wall=20, gb_free=36.6, wall=12952
2023-05-16 02:09:51 - progress_bar.py[line:272] - INFO: epoch 002:    739 / 4137 loss=0.258, loss_v1=0, loss_v2=0, nll_loss=0.258, ntokens=256, nsentences=128, sample_size=256, sample_size_v1=0, sample_size_v2=0, ppl=1.2, wps=129.3, ups=0.51, wpb=256, bsz=128, num_updates=4870, lr=4.06681e-05, gnorm=0.837, clip=20, loss_scale=1024, train_wall=20, gb_free=36.6, wall=12971
2023-05-16 02:10:11 - progress_bar.py[line:272] - INFO: epoch 002:    749 / 4137 loss=0.262, loss_v1=0, loss_v2=0, nll_loss=0.262, ntokens=256, nsentences=128, sample_size=256, sample_size_v1=0, sample_size_v2=0, ppl=1.2, wps=129.7, ups=0.51, wpb=256, bsz=128, num_updates=4880, lr=4.06424e-05, gnorm=0.825, clip=0, loss_scale=1024, train_wall=20, gb_free=36.4, wall=12991
2023-05-16 02:10:31 - progress_bar.py[line:272] - INFO: epoch 002:    759 / 4137 loss=0.254, loss_v1=0, loss_v2=0, nll_loss=0.254, ntokens=256, nsentences=128, sample_size=256, sample_size_v1=0, sample_size_v2=0, ppl=1.19, wps=129.2, ups=0.5, wpb=256, bsz=128, num_updates=4890, lr=4.06166e-05, gnorm=0.851, clip=10, loss_scale=1024, train_wall=20, gb_free=36.3, wall=13011
2023-05-16 02:10:51 - progress_bar.py[line:272] - INFO: epoch 002:    769 / 4137 loss=0.259, loss_v1=0, loss_v2=0, nll_loss=0.259, ntokens=256, nsentences=128, sample_size=256, sample_size_v1=0, sample_size_v2=0, ppl=1.2, wps=124, ups=0.48, wpb=256, bsz=128, num_updates=4900, lr=4.05909e-05, gnorm=0.819, clip=10, loss_scale=1024, train_wall=21, gb_free=36.8, wall=13032
2023-05-16 02:11:12 - progress_bar.py[line:272] - INFO: epoch 002:    779 / 4137 loss=0.255, loss_v1=0, loss_v2=0, nll_loss=0.255, ntokens=256, nsentences=128, sample_size=256, sample_size_v1=0, sample_size_v2=0, ppl=1.19, wps=125.2, ups=0.49, wpb=256, bsz=128, num_updates=4910, lr=4.05652e-05, gnorm=0.804, clip=10, loss_scale=1024, train_wall=20, gb_free=36.6, wall=13052
2023-05-16 02:11:32 - progress_bar.py[line:272] - INFO: epoch 002:    789 / 4137 loss=0.268, loss_v1=0, loss_v2=0, nll_loss=0.268, ntokens=256, nsentences=128, sample_size=256, sample_size_v1=0, sample_size_v2=0, ppl=1.2, wps=126.5, ups=0.49, wpb=256, bsz=128, num_updates=4920, lr=4.05395e-05, gnorm=0.965, clip=50, loss_scale=1024, train_wall=20, gb_free=36.4, wall=13072
2023-05-16 02:11:52 - progress_bar.py[line:272] - INFO: epoch 002:    799 / 4137 loss=0.275, loss_v1=0, loss_v2=0, nll_loss=0.275, ntokens=256, nsentences=128, sample_size=256, sample_size_v1=0, sample_size_v2=0, ppl=1.21, wps=128.8, ups=0.5, wpb=256, bsz=128, num_updates=4930, lr=4.05138e-05, gnorm=0.986, clip=30, loss_scale=1024, train_wall=20, gb_free=36.7, wall=13092
2023-05-16 02:12:12 - progress_bar.py[line:272] - INFO: epoch 002:    809 / 4137 loss=0.254, loss_v1=0, loss_v2=0, nll_loss=0.254, ntokens=256, nsentences=128, sample_size=256, sample_size_v1=0, sample_size_v2=0, ppl=1.19, wps=128.5, ups=0.5, wpb=256, bsz=128, num_updates=4940, lr=4.04881e-05, gnorm=0.847, clip=10, loss_scale=1024, train_wall=20, gb_free=36.6, wall=13112
2023-05-16 02:12:32 - progress_bar.py[line:272] - INFO: epoch 002:    819 / 4137 loss=0.259, loss_v1=0, loss_v2=0, nll_loss=0.259, ntokens=256, nsentences=128, sample_size=256, sample_size_v1=0, sample_size_v2=0, ppl=1.2, wps=128.7, ups=0.5, wpb=256, bsz=128, num_updates=4950, lr=4.04624e-05, gnorm=0.837, clip=20, loss_scale=1024, train_wall=20, gb_free=36.4, wall=13132
2023-05-16 02:12:52 - progress_bar.py[line:272] - INFO: epoch 002:    829 / 4137 loss=0.259, loss_v1=0, loss_v2=0, nll_loss=0.259, ntokens=256, nsentences=128, sample_size=256, sample_size_v1=0, sample_size_v2=0, ppl=1.2, wps=128.1, ups=0.5, wpb=256, bsz=128, num_updates=4960, lr=4.04366e-05, gnorm=0.951, clip=40, loss_scale=1024, train_wall=20, gb_free=36.6, wall=13152
2023-05-16 02:13:12 - progress_bar.py[line:272] - INFO: epoch 002:    839 / 4137 loss=0.26, loss_v1=0, loss_v2=0, nll_loss=0.26, ntokens=256, nsentences=128, sample_size=256, sample_size_v1=0, sample_size_v2=0, ppl=1.2, wps=125.6, ups=0.49, wpb=256, bsz=128, num_updates=4970, lr=4.04109e-05, gnorm=0.829, clip=20, loss_scale=1024, train_wall=20, gb_free=36.7, wall=13172
2023-05-16 02:13:32 - progress_bar.py[line:272] - INFO: epoch 002:    849 / 4137 loss=0.246, loss_v1=0, loss_v2=0, nll_loss=0.246, ntokens=256, nsentences=128, sample_size=256, sample_size_v1=0, sample_size_v2=0, ppl=1.19, wps=128.8, ups=0.5, wpb=256, bsz=128, num_updates=4980, lr=4.03852e-05, gnorm=0.713, clip=0, loss_scale=1024, train_wall=20, gb_free=36.6, wall=13192
2023-05-16 02:13:52 - progress_bar.py[line:272] - INFO: epoch 002:    859 / 4137 loss=0.241, loss_v1=0, loss_v2=0, nll_loss=0.241, ntokens=256, nsentences=128, sample_size=256, sample_size_v1=0, sample_size_v2=0, ppl=1.18, wps=127.4, ups=0.5, wpb=256, bsz=128, num_updates=4990, lr=4.03595e-05, gnorm=0.881, clip=10, loss_scale=1024, train_wall=20, gb_free=36.7, wall=13212
2023-05-16 02:14:12 - progress_bar.py[line:272] - INFO: epoch 002:    869 / 4137 loss=0.239, loss_v1=0, loss_v2=0, nll_loss=0.239, ntokens=256, nsentences=128, sample_size=256, sample_size_v1=0, sample_size_v2=0, ppl=1.18, wps=129, ups=0.5, wpb=256, bsz=128, num_updates=5000, lr=4.03338e-05, gnorm=0.852, clip=10, loss_scale=1024, train_wall=20, gb_free=36.7, wall=13232
slice_id 2 seek offset 8930slice_id 1 seek offset 4465

2023-05-16 02:14:12 - train.py[line:445] - INFO: begin validation on "valid" subset
slice_id 3 seek offset 13394
slice_id 0 seek offset 0
slice_id 0 seek offset 0
slice_id 3 seek offset 13394
slice_id 1 seek offset 4465
slice_id 2 seek offset 8930
2023-05-16 02:17:36 - progress_bar.py[line:282] - INFO: epoch 002 | valid on 'valid' subset | loss 0.242 | loss_v1 0 | loss_v2 0 | nll_loss 0.242 | ntokens 31.975 | nsentences 15.987 | sample_size 31.975 | sample_size_v1 0 | sample_size_v2 0 | ppl 1.18 | snli_score 0.8124 | wps 174.6 | wpb 32 | bsz 16 | num_updates 5000 | best_snli_score 0.8124
2023-05-16 02:17:36 - checkpoint_utils.py[line:64] - INFO: Preparing to save checkpoint for epoch 2 @ 5000 updates
2023-05-16 02:17:36 - trainer.py[line:431] - INFO: Saving checkpoint to ./EC_full_checkpoints/5_5e-5/checkpoint_2_5000.pt
2023-05-16 02:17:40 - trainer.py[line:441] - INFO: Finished saving checkpoint to ./EC_full_checkpoints/5_5e-5/checkpoint_2_5000.pt
2023-05-16 02:17:46 - checkpoint_utils.py[line:133] - INFO: Saved checkpoint ./EC_full_checkpoints/5_5e-5/checkpoint_2_5000.pt (epoch 2 @ 5000 updates, score 0.8124) (writing took 9.999902593903244 seconds)
2023-05-16 02:18:07 - progress_bar.py[line:272] - INFO: epoch 002:    879 / 4137 loss=0.24, loss_v1=0, loss_v2=0, nll_loss=0.24, ntokens=256, nsentences=128, sample_size=256, sample_size_v1=0, sample_size_v2=0, ppl=1.18, wps=10.9, ups=0.04, wpb=256, bsz=128, num_updates=5010, lr=4.03081e-05, gnorm=0.8, clip=0, loss_scale=1024, train_wall=20, gb_free=36.6, wall=13467
2023-05-16 02:18:27 - progress_bar.py[line:272] - INFO: epoch 002:    889 / 4137 loss=0.242, loss_v1=0, loss_v2=0, nll_loss=0.242, ntokens=256, nsentences=128, sample_size=256, sample_size_v1=0, sample_size_v2=0, ppl=1.18, wps=128.2, ups=0.5, wpb=256, bsz=128, num_updates=5020, lr=4.02823e-05, gnorm=0.788, clip=0, loss_scale=1024, train_wall=20, gb_free=36.7, wall=13487
2023-05-16 02:18:47 - progress_bar.py[line:272] - INFO: epoch 002:    899 / 4137 loss=0.254, loss_v1=0, loss_v2=0, nll_loss=0.254, ntokens=256, nsentences=128, sample_size=256, sample_size_v1=0, sample_size_v2=0, ppl=1.19, wps=127.6, ups=0.5, wpb=256, bsz=128, num_updates=5030, lr=4.02566e-05, gnorm=0.865, clip=10, loss_scale=1024, train_wall=20, gb_free=36.7, wall=13507
2023-05-16 02:19:07 - progress_bar.py[line:272] - INFO: epoch 002:    909 / 4137 loss=0.234, loss_v1=0, loss_v2=0, nll_loss=0.234, ntokens=256, nsentences=128, sample_size=256, sample_size_v1=0, sample_size_v2=0, ppl=1.18, wps=128.3, ups=0.5, wpb=256, bsz=128, num_updates=5040, lr=4.02309e-05, gnorm=0.738, clip=0, loss_scale=1024, train_wall=20, gb_free=36.6, wall=13527
2023-05-16 02:19:27 - progress_bar.py[line:272] - INFO: epoch 002:    919 / 4137 loss=0.247, loss_v1=0, loss_v2=0, nll_loss=0.247, ntokens=256, nsentences=128, sample_size=256, sample_size_v1=0, sample_size_v2=0, ppl=1.19, wps=127.9, ups=0.5, wpb=256, bsz=128, num_updates=5050, lr=4.02052e-05, gnorm=0.799, clip=10, loss_scale=1024, train_wall=20, gb_free=36.7, wall=13547
2023-05-16 02:19:47 - progress_bar.py[line:272] - INFO: epoch 002:    929 / 4137 loss=0.232, loss_v1=0, loss_v2=0, nll_loss=0.232, ntokens=256, nsentences=128, sample_size=256, sample_size_v1=0, sample_size_v2=0, ppl=1.17, wps=127.5, ups=0.5, wpb=256, bsz=128, num_updates=5060, lr=4.01795e-05, gnorm=0.82, clip=20, loss_scale=1024, train_wall=20, gb_free=36.7, wall=13567
2023-05-16 02:20:07 - progress_bar.py[line:272] - INFO: epoch 002:    939 / 4137 loss=0.241, loss_v1=0, loss_v2=0, nll_loss=0.241, ntokens=256, nsentences=128, sample_size=256, sample_size_v1=0, sample_size_v2=0, ppl=1.18, wps=128.4, ups=0.5, wpb=256, bsz=128, num_updates=5070, lr=4.01538e-05, gnorm=0.861, clip=20, loss_scale=1024, train_wall=20, gb_free=36.6, wall=13587
2023-05-16 02:20:27 - progress_bar.py[line:272] - INFO: epoch 002:    949 / 4137 loss=0.243, loss_v1=0, loss_v2=0, nll_loss=0.243, ntokens=256, nsentences=128, sample_size=256, sample_size_v1=0, sample_size_v2=0, ppl=1.18, wps=127.2, ups=0.5, wpb=256, bsz=128, num_updates=5080, lr=4.01281e-05, gnorm=0.846, clip=10, loss_scale=1024, train_wall=20, gb_free=36.6, wall=13607
2023-05-16 02:20:47 - progress_bar.py[line:272] - INFO: epoch 002:    959 / 4137 loss=0.242, loss_v1=0, loss_v2=0, nll_loss=0.242, ntokens=256, nsentences=128, sample_size=256, sample_size_v1=0, sample_size_v2=0, ppl=1.18, wps=128.4, ups=0.5, wpb=256, bsz=128, num_updates=5090, lr=4.01023e-05, gnorm=0.821, clip=0, loss_scale=1024, train_wall=20, gb_free=36.4, wall=13627
2023-05-16 02:21:07 - progress_bar.py[line:272] - INFO: epoch 002:    969 / 4137 loss=0.251, loss_v1=0, loss_v2=0, nll_loss=0.251, ntokens=256, nsentences=128, sample_size=256, sample_size_v1=0, sample_size_v2=0, ppl=1.19, wps=129.2, ups=0.5, wpb=256, bsz=128, num_updates=5100, lr=4.00766e-05, gnorm=0.795, clip=10, loss_scale=1024, train_wall=20, gb_free=36.6, wall=13647
2023-05-16 02:21:27 - progress_bar.py[line:272] - INFO: epoch 002:    979 / 4137 loss=0.232, loss_v1=0, loss_v2=0, nll_loss=0.232, ntokens=256, nsentences=128, sample_size=256, sample_size_v1=0, sample_size_v2=0, ppl=1.17, wps=128, ups=0.5, wpb=256, bsz=128, num_updates=5110, lr=4.00509e-05, gnorm=0.798, clip=0, loss_scale=1024, train_wall=20, gb_free=36.7, wall=13667
2023-05-16 02:21:46 - progress_bar.py[line:272] - INFO: epoch 002:    989 / 4137 loss=0.24, loss_v1=0, loss_v2=0, nll_loss=0.24, ntokens=256, nsentences=128, sample_size=256, sample_size_v1=0, sample_size_v2=0, ppl=1.18, wps=128.3, ups=0.5, wpb=256, bsz=128, num_updates=5120, lr=4.00252e-05, gnorm=0.823, clip=0, loss_scale=1024, train_wall=20, gb_free=36.6, wall=13687
2023-05-16 02:22:06 - progress_bar.py[line:272] - INFO: epoch 002:    999 / 4137 loss=0.262, loss_v1=0, loss_v2=0, nll_loss=0.262, ntokens=256, nsentences=128, sample_size=256, sample_size_v1=0, sample_size_v2=0, ppl=1.2, wps=128.5, ups=0.5, wpb=256, bsz=128, num_updates=5130, lr=3.99995e-05, gnorm=0.931, clip=30, loss_scale=1024, train_wall=20, gb_free=36.6, wall=13707
2023-05-16 02:22:26 - progress_bar.py[line:272] - INFO: epoch 002:   1009 / 4137 loss=0.222, loss_v1=0, loss_v2=0, nll_loss=0.222, ntokens=256, nsentences=128, sample_size=256, sample_size_v1=0, sample_size_v2=0, ppl=1.17, wps=128.7, ups=0.5, wpb=256, bsz=128, num_updates=5140, lr=3.99738e-05, gnorm=0.748, clip=0, loss_scale=1024, train_wall=20, gb_free=36.6, wall=13726
2023-05-16 02:22:46 - progress_bar.py[line:272] - INFO: epoch 002:   1019 / 4137 loss=0.217, loss_v1=0, loss_v2=0, nll_loss=0.217, ntokens=256, nsentences=128, sample_size=256, sample_size_v1=0, sample_size_v2=0, ppl=1.16, wps=128.2, ups=0.5, wpb=256, bsz=128, num_updates=5150, lr=3.99481e-05, gnorm=0.764, clip=0, loss_scale=1024, train_wall=20, gb_free=36.6, wall=13746
2023-05-16 02:23:07 - progress_bar.py[line:272] - INFO: epoch 002:   1029 / 4137 loss=0.232, loss_v1=0, loss_v2=0, nll_loss=0.232, ntokens=256, nsentences=128, sample_size=256, sample_size_v1=0, sample_size_v2=0, ppl=1.17, wps=125.5, ups=0.49, wpb=256, bsz=128, num_updates=5160, lr=3.99223e-05, gnorm=0.877, clip=20, loss_scale=1024, train_wall=20, gb_free=36.5, wall=13767
2023-05-16 02:23:27 - progress_bar.py[line:272] - INFO: epoch 002:   1039 / 4137 loss=0.267, loss_v1=0, loss_v2=0, nll_loss=0.267, ntokens=256, nsentences=128, sample_size=256, sample_size_v1=0, sample_size_v2=0, ppl=1.2, wps=128.2, ups=0.5, wpb=256, bsz=128, num_updates=5170, lr=3.98966e-05, gnorm=0.961, clip=40, loss_scale=1024, train_wall=20, gb_free=36.6, wall=13787
2023-05-16 02:23:47 - progress_bar.py[line:272] - INFO: epoch 002:   1049 / 4137 loss=0.237, loss_v1=0, loss_v2=0, nll_loss=0.237, ntokens=256, nsentences=128, sample_size=256, sample_size_v1=0, sample_size_v2=0, ppl=1.18, wps=126.8, ups=0.5, wpb=256, bsz=128, num_updates=5180, lr=3.98709e-05, gnorm=0.753, clip=0, loss_scale=1024, train_wall=20, gb_free=36.5, wall=13807
2023-05-16 02:24:07 - progress_bar.py[line:272] - INFO: epoch 002:   1059 / 4137 loss=0.245, loss_v1=0, loss_v2=0, nll_loss=0.245, ntokens=256, nsentences=128, sample_size=256, sample_size_v1=0, sample_size_v2=0, ppl=1.18, wps=126.9, ups=0.5, wpb=256, bsz=128, num_updates=5190, lr=3.98452e-05, gnorm=0.816, clip=0, loss_scale=1024, train_wall=20, gb_free=36.7, wall=13827
2023-05-16 02:24:27 - progress_bar.py[line:272] - INFO: epoch 002:   1069 / 4137 loss=0.22, loss_v1=0, loss_v2=0, nll_loss=0.22, ntokens=256, nsentences=128, sample_size=256, sample_size_v1=0, sample_size_v2=0, ppl=1.16, wps=128.8, ups=0.5, wpb=256, bsz=128, num_updates=5200, lr=3.98195e-05, gnorm=0.813, clip=0, loss_scale=1024, train_wall=20, gb_free=36.6, wall=13847
2023-05-16 02:24:47 - progress_bar.py[line:272] - INFO: epoch 002:   1079 / 4137 loss=0.234, loss_v1=0, loss_v2=0, nll_loss=0.234, ntokens=256, nsentences=128, sample_size=256, sample_size_v1=0, sample_size_v2=0, ppl=1.18, wps=127.3, ups=0.5, wpb=256, bsz=128, num_updates=5210, lr=3.97938e-05, gnorm=0.875, clip=30, loss_scale=1024, train_wall=20, gb_free=36.5, wall=13867
2023-05-16 02:25:07 - progress_bar.py[line:272] - INFO: epoch 002:   1089 / 4137 loss=0.242, loss_v1=0, loss_v2=0, nll_loss=0.242, ntokens=256, nsentences=128, sample_size=256, sample_size_v1=0, sample_size_v2=0, ppl=1.18, wps=128.5, ups=0.5, wpb=256, bsz=128, num_updates=5220, lr=3.97681e-05, gnorm=0.97, clip=20, loss_scale=1024, train_wall=20, gb_free=36.6, wall=13887
2023-05-16 02:25:27 - progress_bar.py[line:272] - INFO: epoch 002:   1099 / 4137 loss=0.226, loss_v1=0, loss_v2=0, nll_loss=0.226, ntokens=256, nsentences=128, sample_size=256, sample_size_v1=0, sample_size_v2=0, ppl=1.17, wps=129.3, ups=0.51, wpb=256, bsz=128, num_updates=5230, lr=3.97423e-05, gnorm=0.943, clip=20, loss_scale=1024, train_wall=20, gb_free=36.6, wall=13907
2023-05-16 02:25:47 - progress_bar.py[line:272] - INFO: epoch 002:   1109 / 4137 loss=0.222, loss_v1=0, loss_v2=0, nll_loss=0.222, ntokens=256, nsentences=128, sample_size=256, sample_size_v1=0, sample_size_v2=0, ppl=1.17, wps=128.4, ups=0.5, wpb=256, bsz=128, num_updates=5240, lr=3.97166e-05, gnorm=0.916, clip=30, loss_scale=1024, train_wall=20, gb_free=36.6, wall=13927
2023-05-16 02:26:07 - progress_bar.py[line:272] - INFO: epoch 002:   1119 / 4137 loss=0.229, loss_v1=0, loss_v2=0, nll_loss=0.229, ntokens=256, nsentences=128, sample_size=256, sample_size_v1=0, sample_size_v2=0, ppl=1.17, wps=127.6, ups=0.5, wpb=256, bsz=128, num_updates=5250, lr=3.96909e-05, gnorm=0.911, clip=10, loss_scale=1024, train_wall=20, gb_free=36.7, wall=13947
2023-05-16 02:26:27 - progress_bar.py[line:272] - INFO: epoch 002:   1129 / 4137 loss=0.247, loss_v1=0, loss_v2=0, nll_loss=0.247, ntokens=256, nsentences=128, sample_size=256, sample_size_v1=0, sample_size_v2=0, ppl=1.19, wps=128.1, ups=0.5, wpb=256, bsz=128, num_updates=5260, lr=3.96652e-05, gnorm=0.798, clip=0, loss_scale=1024, train_wall=20, gb_free=36.6, wall=13967
2023-05-16 02:26:47 - progress_bar.py[line:272] - INFO: epoch 002:   1139 / 4137 loss=0.246, loss_v1=0, loss_v2=0, nll_loss=0.246, ntokens=256, nsentences=128, sample_size=256, sample_size_v1=0, sample_size_v2=0, ppl=1.19, wps=128.7, ups=0.5, wpb=256, bsz=128, num_updates=5270, lr=3.96395e-05, gnorm=0.784, clip=0, loss_scale=1024, train_wall=20, gb_free=36.7, wall=13987
2023-05-16 02:27:07 - progress_bar.py[line:272] - INFO: epoch 002:   1149 / 4137 loss=0.259, loss_v1=0, loss_v2=0, nll_loss=0.259, ntokens=256, nsentences=128, sample_size=256, sample_size_v1=0, sample_size_v2=0, ppl=1.2, wps=128.1, ups=0.5, wpb=256, bsz=128, num_updates=5280, lr=3.96138e-05, gnorm=0.899, clip=20, loss_scale=1024, train_wall=20, gb_free=36.4, wall=14007
2023-05-16 02:27:26 - progress_bar.py[line:272] - INFO: epoch 002:   1159 / 4137 loss=0.238, loss_v1=0, loss_v2=0, nll_loss=0.238, ntokens=256, nsentences=128, sample_size=256, sample_size_v1=0, sample_size_v2=0, ppl=1.18, wps=128.7, ups=0.5, wpb=256, bsz=128, num_updates=5290, lr=3.9588e-05, gnorm=0.812, clip=0, loss_scale=1024, train_wall=20, gb_free=36.6, wall=14027
2023-05-16 02:27:46 - progress_bar.py[line:272] - INFO: epoch 002:   1169 / 4137 loss=0.246, loss_v1=0, loss_v2=0, nll_loss=0.246, ntokens=256, nsentences=128, sample_size=256, sample_size_v1=0, sample_size_v2=0, ppl=1.19, wps=129.8, ups=0.51, wpb=256, bsz=128, num_updates=5300, lr=3.95623e-05, gnorm=0.817, clip=0, loss_scale=1024, train_wall=20, gb_free=36.7, wall=14046
2023-05-16 02:28:06 - progress_bar.py[line:272] - INFO: epoch 002:   1179 / 4137 loss=0.25, loss_v1=0, loss_v2=0, nll_loss=0.25, ntokens=256, nsentences=128, sample_size=256, sample_size_v1=0, sample_size_v2=0, ppl=1.19, wps=129.1, ups=0.5, wpb=256, bsz=128, num_updates=5310, lr=3.95366e-05, gnorm=0.916, clip=50, loss_scale=1024, train_wall=20, gb_free=36.7, wall=14066
2023-05-16 02:28:26 - progress_bar.py[line:272] - INFO: epoch 002:   1189 / 4137 loss=0.255, loss_v1=0, loss_v2=0, nll_loss=0.255, ntokens=256, nsentences=128, sample_size=256, sample_size_v1=0, sample_size_v2=0, ppl=1.19, wps=128.7, ups=0.5, wpb=256, bsz=128, num_updates=5320, lr=3.95109e-05, gnorm=0.865, clip=10, loss_scale=2048, train_wall=20, gb_free=36.3, wall=14086
2023-05-16 02:28:46 - progress_bar.py[line:272] - INFO: epoch 002:   1199 / 4137 loss=0.248, loss_v1=0, loss_v2=0, nll_loss=0.248, ntokens=256, nsentences=128, sample_size=256, sample_size_v1=0, sample_size_v2=0, ppl=1.19, wps=128.5, ups=0.5, wpb=256, bsz=128, num_updates=5330, lr=3.94852e-05, gnorm=0.82, clip=0, loss_scale=2048, train_wall=20, gb_free=36.7, wall=14106
2023-05-16 02:29:06 - progress_bar.py[line:272] - INFO: epoch 002:   1209 / 4137 loss=0.218, loss_v1=0, loss_v2=0, nll_loss=0.218, ntokens=256, nsentences=128, sample_size=256, sample_size_v1=0, sample_size_v2=0, ppl=1.16, wps=128.3, ups=0.5, wpb=256, bsz=128, num_updates=5340, lr=3.94595e-05, gnorm=0.892, clip=10, loss_scale=2048, train_wall=20, gb_free=36.7, wall=14126
2023-05-16 02:29:26 - progress_bar.py[line:272] - INFO: epoch 002:   1219 / 4137 loss=0.22, loss_v1=0, loss_v2=0, nll_loss=0.22, ntokens=256, nsentences=128, sample_size=256, sample_size_v1=0, sample_size_v2=0, ppl=1.16, wps=128.4, ups=0.5, wpb=256, bsz=128, num_updates=5350, lr=3.94338e-05, gnorm=0.849, clip=20, loss_scale=2048, train_wall=20, gb_free=36.6, wall=14146
2023-05-16 02:29:28 - trainer.py[line:921] - INFO: NOTE: gradient overflow detected, ignoring gradient, setting loss scale to: 1024.0
2023-05-16 02:29:48 - progress_bar.py[line:272] - INFO: epoch 002:   1230 / 4137 loss=0.248, loss_v1=0, loss_v2=0, nll_loss=0.248, ntokens=256, nsentences=128, sample_size=256, sample_size_v1=0, sample_size_v2=0, ppl=1.19, wps=116.9, ups=0.46, wpb=256, bsz=128, num_updates=5360, lr=3.9408e-05, gnorm=0.965, clip=50, loss_scale=1024, train_wall=22, gb_free=36.7, wall=14168
2023-05-16 02:30:08 - progress_bar.py[line:272] - INFO: epoch 002:   1240 / 4137 loss=0.233, loss_v1=0, loss_v2=0, nll_loss=0.233, ntokens=256, nsentences=128, sample_size=256, sample_size_v1=0, sample_size_v2=0, ppl=1.18, wps=127, ups=0.5, wpb=256, bsz=128, num_updates=5370, lr=3.93823e-05, gnorm=0.821, clip=10, loss_scale=1024, train_wall=20, gb_free=36.6, wall=14188
2023-05-16 02:30:28 - progress_bar.py[line:272] - INFO: epoch 002:   1250 / 4137 loss=0.25, loss_v1=0, loss_v2=0, nll_loss=0.25, ntokens=256, nsentences=128, sample_size=256, sample_size_v1=0, sample_size_v2=0, ppl=1.19, wps=127.7, ups=0.5, wpb=256, bsz=128, num_updates=5380, lr=3.93566e-05, gnorm=0.855, clip=0, loss_scale=1024, train_wall=20, gb_free=36.7, wall=14208
2023-05-16 02:30:48 - progress_bar.py[line:272] - INFO: epoch 002:   1260 / 4137 loss=0.236, loss_v1=0, loss_v2=0, nll_loss=0.236, ntokens=256, nsentences=128, sample_size=256, sample_size_v1=0, sample_size_v2=0, ppl=1.18, wps=128.4, ups=0.5, wpb=256, bsz=128, num_updates=5390, lr=3.93309e-05, gnorm=0.893, clip=20, loss_scale=1024, train_wall=20, gb_free=36.5, wall=14228
2023-05-16 02:31:08 - progress_bar.py[line:272] - INFO: epoch 002:   1270 / 4137 loss=0.235, loss_v1=0, loss_v2=0, nll_loss=0.235, ntokens=256, nsentences=128, sample_size=256, sample_size_v1=0, sample_size_v2=0, ppl=1.18, wps=128.9, ups=0.5, wpb=256, bsz=128, num_updates=5400, lr=3.93052e-05, gnorm=0.871, clip=10, loss_scale=1024, train_wall=20, gb_free=36.6, wall=14248
2023-05-16 02:31:28 - progress_bar.py[line:272] - INFO: epoch 002:   1280 / 4137 loss=0.248, loss_v1=0, loss_v2=0, nll_loss=0.248, ntokens=256, nsentences=128, sample_size=256, sample_size_v1=0, sample_size_v2=0, ppl=1.19, wps=127.8, ups=0.5, wpb=256, bsz=128, num_updates=5410, lr=3.92795e-05, gnorm=0.813, clip=10, loss_scale=1024, train_wall=20, gb_free=36.6, wall=14268
2023-05-16 02:31:47 - progress_bar.py[line:272] - INFO: epoch 002:   1290 / 4137 loss=0.242, loss_v1=0, loss_v2=0, nll_loss=0.242, ntokens=256, nsentences=128, sample_size=256, sample_size_v1=0, sample_size_v2=0, ppl=1.18, wps=129.2, ups=0.5, wpb=256, bsz=128, num_updates=5420, lr=3.92538e-05, gnorm=0.786, clip=0, loss_scale=1024, train_wall=20, gb_free=36.6, wall=14288
2023-05-16 02:32:07 - progress_bar.py[line:272] - INFO: epoch 002:   1300 / 4137 loss=0.251, loss_v1=0, loss_v2=0, nll_loss=0.251, ntokens=256, nsentences=128, sample_size=256, sample_size_v1=0, sample_size_v2=0, ppl=1.19, wps=128.7, ups=0.5, wpb=256, bsz=128, num_updates=5430, lr=3.9228e-05, gnorm=0.818, clip=20, loss_scale=1024, train_wall=20, gb_free=36.7, wall=14308
2023-05-16 02:32:27 - progress_bar.py[line:272] - INFO: epoch 002:   1310 / 4137 loss=0.227, loss_v1=0, loss_v2=0, nll_loss=0.227, ntokens=256, nsentences=128, sample_size=256, sample_size_v1=0, sample_size_v2=0, ppl=1.17, wps=129, ups=0.5, wpb=256, bsz=128, num_updates=5440, lr=3.92023e-05, gnorm=0.783, clip=0, loss_scale=1024, train_wall=20, gb_free=36.6, wall=14327
2023-05-16 02:32:47 - progress_bar.py[line:272] - INFO: epoch 002:   1320 / 4137 loss=0.257, loss_v1=0, loss_v2=0, nll_loss=0.257, ntokens=256, nsentences=128, sample_size=256, sample_size_v1=0, sample_size_v2=0, ppl=1.19, wps=128.9, ups=0.5, wpb=256, bsz=128, num_updates=5450, lr=3.91766e-05, gnorm=0.944, clip=20, loss_scale=1024, train_wall=20, gb_free=36.2, wall=14347
2023-05-16 02:33:07 - progress_bar.py[line:272] - INFO: epoch 002:   1330 / 4137 loss=0.247, loss_v1=0, loss_v2=0, nll_loss=0.247, ntokens=256, nsentences=128, sample_size=256, sample_size_v1=0, sample_size_v2=0, ppl=1.19, wps=126.5, ups=0.49, wpb=256, bsz=128, num_updates=5460, lr=3.91509e-05, gnorm=0.939, clip=40, loss_scale=1024, train_wall=20, gb_free=36.6, wall=14367
2023-05-16 02:33:27 - progress_bar.py[line:272] - INFO: epoch 002:   1340 / 4137 loss=0.256, loss_v1=0, loss_v2=0, nll_loss=0.256, ntokens=256, nsentences=128, sample_size=256, sample_size_v1=0, sample_size_v2=0, ppl=1.19, wps=127.8, ups=0.5, wpb=256, bsz=128, num_updates=5470, lr=3.91252e-05, gnorm=0.869, clip=10, loss_scale=1024, train_wall=20, gb_free=36.7, wall=14388
2023-05-16 02:33:47 - progress_bar.py[line:272] - INFO: epoch 002:   1350 / 4137 loss=0.24, loss_v1=0, loss_v2=0, nll_loss=0.24, ntokens=256, nsentences=128, sample_size=256, sample_size_v1=0, sample_size_v2=0, ppl=1.18, wps=127.9, ups=0.5, wpb=256, bsz=128, num_updates=5480, lr=3.90995e-05, gnorm=0.802, clip=10, loss_scale=1024, train_wall=20, gb_free=36.4, wall=14408
2023-05-16 02:34:07 - progress_bar.py[line:272] - INFO: epoch 002:   1360 / 4137 loss=0.236, loss_v1=0, loss_v2=0, nll_loss=0.236, ntokens=256, nsentences=128, sample_size=256, sample_size_v1=0, sample_size_v2=0, ppl=1.18, wps=129, ups=0.5, wpb=256, bsz=128, num_updates=5490, lr=3.90738e-05, gnorm=0.851, clip=10, loss_scale=1024, train_wall=20, gb_free=36.6, wall=14427
2023-05-16 02:34:27 - progress_bar.py[line:272] - INFO: epoch 002:   1370 / 4137 loss=0.229, loss_v1=0, loss_v2=0, nll_loss=0.229, ntokens=256, nsentences=128, sample_size=256, sample_size_v1=0, sample_size_v2=0, ppl=1.17, wps=128.8, ups=0.5, wpb=256, bsz=128, num_updates=5500, lr=3.9048e-05, gnorm=0.772, clip=10, loss_scale=1024, train_wall=20, gb_free=36.7, wall=14447
slice_id 3 seek offset 13394
2023-05-16 02:34:27 - train.py[line:445] - INFO: begin validation on "valid" subset
slice_id 0 seek offset 0
slice_id 2 seek offset 8930
slice_id 1 seek offset 4465
slice_id 0 seek offset 0
slice_id 3 seek offset 13394
slice_id 1 seek offset 4465
slice_id 2 seek offset 8930
2023-05-16 02:37:50 - progress_bar.py[line:282] - INFO: epoch 002 | valid on 'valid' subset | loss 0.235 | loss_v1 0 | loss_v2 0 | nll_loss 0.235 | ntokens 31.975 | nsentences 15.987 | sample_size 31.975 | sample_size_v1 0 | sample_size_v2 0 | ppl 1.18 | snli_score 0.8171 | wps 175.7 | wpb 32 | bsz 16 | num_updates 5500 | best_snli_score 0.8171
2023-05-16 02:37:50 - checkpoint_utils.py[line:64] - INFO: Preparing to save checkpoint for epoch 2 @ 5500 updates
2023-05-16 02:37:50 - trainer.py[line:431] - INFO: Saving checkpoint to ./EC_full_checkpoints/5_5e-5/checkpoint_2_5500.pt
2023-05-16 02:37:54 - trainer.py[line:441] - INFO: Finished saving checkpoint to ./EC_full_checkpoints/5_5e-5/checkpoint_2_5500.pt
2023-05-16 02:38:00 - checkpoint_utils.py[line:133] - INFO: Saved checkpoint ./EC_full_checkpoints/5_5e-5/checkpoint_2_5500.pt (epoch 2 @ 5500 updates, score 0.8171) (writing took 9.729803733993322 seconds)
2023-05-16 02:38:20 - progress_bar.py[line:272] - INFO: epoch 002:   1380 / 4137 loss=0.24, loss_v1=0, loss_v2=0, nll_loss=0.24, ntokens=256, nsentences=128, sample_size=256, sample_size_v1=0, sample_size_v2=0, ppl=1.18, wps=11, ups=0.04, wpb=256, bsz=128, num_updates=5510, lr=3.90223e-05, gnorm=0.811, clip=10, loss_scale=1024, train_wall=20, gb_free=36.6, wall=14681
2023-05-16 02:38:40 - progress_bar.py[line:272] - INFO: epoch 002:   1390 / 4137 loss=0.261, loss_v1=0, loss_v2=0, nll_loss=0.261, ntokens=256, nsentences=128, sample_size=256, sample_size_v1=0, sample_size_v2=0, ppl=1.2, wps=129.7, ups=0.51, wpb=256, bsz=128, num_updates=5520, lr=3.89966e-05, gnorm=0.829, clip=10, loss_scale=1024, train_wall=20, gb_free=36.7, wall=14700
2023-05-16 02:39:00 - progress_bar.py[line:272] - INFO: epoch 002:   1400 / 4137 loss=0.256, loss_v1=0, loss_v2=0, nll_loss=0.256, ntokens=256, nsentences=128, sample_size=256, sample_size_v1=0, sample_size_v2=0, ppl=1.19, wps=128.9, ups=0.5, wpb=256, bsz=128, num_updates=5530, lr=3.89709e-05, gnorm=0.888, clip=30, loss_scale=1024, train_wall=20, gb_free=36.6, wall=14720
2023-05-16 02:39:20 - progress_bar.py[line:272] - INFO: epoch 002:   1410 / 4137 loss=0.243, loss_v1=0, loss_v2=0, nll_loss=0.243, ntokens=256, nsentences=128, sample_size=256, sample_size_v1=0, sample_size_v2=0, ppl=1.18, wps=127.8, ups=0.5, wpb=256, bsz=128, num_updates=5540, lr=3.89452e-05, gnorm=0.751, clip=0, loss_scale=1024, train_wall=20, gb_free=36.6, wall=14740
2023-05-16 02:39:40 - progress_bar.py[line:272] - INFO: epoch 002:   1420 / 4137 loss=0.232, loss_v1=0, loss_v2=0, nll_loss=0.232, ntokens=256, nsentences=128, sample_size=256, sample_size_v1=0, sample_size_v2=0, ppl=1.17, wps=126.7, ups=0.49, wpb=256, bsz=128, num_updates=5550, lr=3.89195e-05, gnorm=0.829, clip=0, loss_scale=1024, train_wall=20, gb_free=36.5, wall=14760
2023-05-16 02:40:00 - progress_bar.py[line:272] - INFO: epoch 002:   1430 / 4137 loss=0.232, loss_v1=0, loss_v2=0, nll_loss=0.232, ntokens=256, nsentences=128, sample_size=256, sample_size_v1=0, sample_size_v2=0, ppl=1.17, wps=127.5, ups=0.5, wpb=256, bsz=128, num_updates=5560, lr=3.88937e-05, gnorm=0.89, clip=20, loss_scale=1024, train_wall=20, gb_free=36.7, wall=14781
2023-05-16 02:40:20 - progress_bar.py[line:272] - INFO: epoch 002:   1440 / 4137 loss=0.244, loss_v1=0, loss_v2=0, nll_loss=0.244, ntokens=256, nsentences=128, sample_size=256, sample_size_v1=0, sample_size_v2=0, ppl=1.18, wps=127, ups=0.5, wpb=256, bsz=128, num_updates=5570, lr=3.8868e-05, gnorm=0.91, clip=20, loss_scale=1024, train_wall=20, gb_free=36.6, wall=14801
2023-05-16 02:40:41 - progress_bar.py[line:272] - INFO: epoch 002:   1450 / 4137 loss=0.247, loss_v1=0, loss_v2=0, nll_loss=0.247, ntokens=256, nsentences=128, sample_size=256, sample_size_v1=0, sample_size_v2=0, ppl=1.19, wps=126.3, ups=0.49, wpb=256, bsz=128, num_updates=5580, lr=3.88423e-05, gnorm=0.878, clip=10, loss_scale=1024, train_wall=20, gb_free=36.6, wall=14821
2023-05-16 02:41:01 - progress_bar.py[line:272] - INFO: epoch 002:   1460 / 4137 loss=0.261, loss_v1=0, loss_v2=0, nll_loss=0.261, ntokens=256, nsentences=128, sample_size=256, sample_size_v1=0, sample_size_v2=0, ppl=1.2, wps=127, ups=0.5, wpb=256, bsz=128, num_updates=5590, lr=3.88166e-05, gnorm=0.803, clip=0, loss_scale=1024, train_wall=20, gb_free=36.3, wall=14841
2023-05-16 02:41:21 - progress_bar.py[line:272] - INFO: epoch 002:   1470 / 4137 loss=0.259, loss_v1=0, loss_v2=0, nll_loss=0.259, ntokens=256, nsentences=128, sample_size=256, sample_size_v1=0, sample_size_v2=0, ppl=1.2, wps=127.3, ups=0.5, wpb=256, bsz=128, num_updates=5600, lr=3.87909e-05, gnorm=0.839, clip=10, loss_scale=1024, train_wall=20, gb_free=36.7, wall=14861
2023-05-16 02:41:41 - progress_bar.py[line:272] - INFO: epoch 002:   1480 / 4137 loss=0.227, loss_v1=0, loss_v2=0, nll_loss=0.227, ntokens=256, nsentences=128, sample_size=256, sample_size_v1=0, sample_size_v2=0, ppl=1.17, wps=126.7, ups=0.49, wpb=256, bsz=128, num_updates=5610, lr=3.87652e-05, gnorm=0.817, clip=0, loss_scale=1024, train_wall=20, gb_free=36.7, wall=14881
2023-05-16 02:42:02 - progress_bar.py[line:272] - INFO: epoch 002:   1490 / 4137 loss=0.225, loss_v1=0, loss_v2=0, nll_loss=0.225, ntokens=256, nsentences=128, sample_size=256, sample_size_v1=0, sample_size_v2=0, ppl=1.17, wps=126.1, ups=0.49, wpb=256, bsz=128, num_updates=5620, lr=3.87395e-05, gnorm=0.856, clip=10, loss_scale=1024, train_wall=20, gb_free=36.7, wall=14902
2023-05-16 02:42:22 - progress_bar.py[line:272] - INFO: epoch 002:   1500 / 4137 loss=0.232, loss_v1=0, loss_v2=0, nll_loss=0.232, ntokens=256, nsentences=128, sample_size=256, sample_size_v1=0, sample_size_v2=0, ppl=1.17, wps=125.2, ups=0.49, wpb=256, bsz=128, num_updates=5630, lr=3.87137e-05, gnorm=0.811, clip=0, loss_scale=1024, train_wall=20, gb_free=36.6, wall=14922
2023-05-16 02:42:42 - progress_bar.py[line:272] - INFO: epoch 002:   1510 / 4137 loss=0.222, loss_v1=0, loss_v2=0, nll_loss=0.222, ntokens=256, nsentences=128, sample_size=256, sample_size_v1=0, sample_size_v2=0, ppl=1.17, wps=126.4, ups=0.49, wpb=256, bsz=128, num_updates=5640, lr=3.8688e-05, gnorm=0.789, clip=10, loss_scale=1024, train_wall=20, gb_free=36.7, wall=14942
2023-05-16 02:43:02 - progress_bar.py[line:272] - INFO: epoch 002:   1520 / 4137 loss=0.227, loss_v1=0, loss_v2=0, nll_loss=0.227, ntokens=256, nsentences=128, sample_size=256, sample_size_v1=0, sample_size_v2=0, ppl=1.17, wps=126.9, ups=0.5, wpb=256, bsz=128, num_updates=5650, lr=3.86623e-05, gnorm=0.907, clip=30, loss_scale=1024, train_wall=20, gb_free=36.7, wall=14963
2023-05-16 02:43:23 - progress_bar.py[line:272] - INFO: epoch 002:   1530 / 4137 loss=0.233, loss_v1=0, loss_v2=0, nll_loss=0.233, ntokens=256, nsentences=128, sample_size=256, sample_size_v1=0, sample_size_v2=0, ppl=1.18, wps=125.9, ups=0.49, wpb=256, bsz=128, num_updates=5660, lr=3.86366e-05, gnorm=0.833, clip=10, loss_scale=1024, train_wall=20, gb_free=36.7, wall=14983
2023-05-16 02:43:43 - progress_bar.py[line:272] - INFO: epoch 002:   1540 / 4137 loss=0.238, loss_v1=0, loss_v2=0, nll_loss=0.238, ntokens=256, nsentences=128, sample_size=256, sample_size_v1=0, sample_size_v2=0, ppl=1.18, wps=125.7, ups=0.49, wpb=256, bsz=128, num_updates=5670, lr=3.86109e-05, gnorm=0.784, clip=0, loss_scale=1024, train_wall=20, gb_free=36.7, wall=15003
2023-05-16 02:44:04 - progress_bar.py[line:272] - INFO: epoch 002:   1550 / 4137 loss=0.231, loss_v1=0, loss_v2=0, nll_loss=0.231, ntokens=256, nsentences=128, sample_size=256, sample_size_v1=0, sample_size_v2=0, ppl=1.17, wps=122.8, ups=0.48, wpb=256, bsz=128, num_updates=5680, lr=3.85852e-05, gnorm=0.895, clip=30, loss_scale=1024, train_wall=21, gb_free=36.6, wall=15024
2023-05-16 02:44:24 - progress_bar.py[line:272] - INFO: epoch 002:   1560 / 4137 loss=0.219, loss_v1=0, loss_v2=0, nll_loss=0.219, ntokens=256, nsentences=128, sample_size=256, sample_size_v1=0, sample_size_v2=0, ppl=1.16, wps=125.1, ups=0.49, wpb=256, bsz=128, num_updates=5690, lr=3.85595e-05, gnorm=0.788, clip=0, loss_scale=1024, train_wall=20, gb_free=36.6, wall=15045
2023-05-16 02:44:45 - progress_bar.py[line:272] - INFO: epoch 002:   1570 / 4137 loss=0.232, loss_v1=0, loss_v2=0, nll_loss=0.232, ntokens=256, nsentences=128, sample_size=256, sample_size_v1=0, sample_size_v2=0, ppl=1.17, wps=125, ups=0.49, wpb=256, bsz=128, num_updates=5700, lr=3.85337e-05, gnorm=0.876, clip=10, loss_scale=1024, train_wall=20, gb_free=36.6, wall=15065
2023-05-16 02:45:05 - progress_bar.py[line:272] - INFO: epoch 002:   1580 / 4137 loss=0.224, loss_v1=0, loss_v2=0, nll_loss=0.224, ntokens=256, nsentences=128, sample_size=256, sample_size_v1=0, sample_size_v2=0, ppl=1.17, wps=124.8, ups=0.49, wpb=256, bsz=128, num_updates=5710, lr=3.8508e-05, gnorm=0.82, clip=10, loss_scale=1024, train_wall=20, gb_free=36.6, wall=15086
2023-05-16 02:45:25 - progress_bar.py[line:272] - INFO: epoch 002:   1590 / 4137 loss=0.228, loss_v1=0, loss_v2=0, nll_loss=0.228, ntokens=256, nsentences=128, sample_size=256, sample_size_v1=0, sample_size_v2=0, ppl=1.17, wps=130.1, ups=0.51, wpb=256, bsz=128, num_updates=5720, lr=3.84823e-05, gnorm=0.831, clip=10, loss_scale=1024, train_wall=20, gb_free=36.7, wall=15105
2023-05-16 02:45:45 - progress_bar.py[line:272] - INFO: epoch 002:   1600 / 4137 loss=0.229, loss_v1=0, loss_v2=0, nll_loss=0.229, ntokens=256, nsentences=128, sample_size=256, sample_size_v1=0, sample_size_v2=0, ppl=1.17, wps=130, ups=0.51, wpb=256, bsz=128, num_updates=5730, lr=3.84566e-05, gnorm=0.841, clip=10, loss_scale=1024, train_wall=20, gb_free=36.6, wall=15125
2023-05-16 02:46:05 - progress_bar.py[line:272] - INFO: epoch 002:   1610 / 4137 loss=0.223, loss_v1=0, loss_v2=0, nll_loss=0.223, ntokens=256, nsentences=128, sample_size=256, sample_size_v1=0, sample_size_v2=0, ppl=1.17, wps=125, ups=0.49, wpb=256, bsz=128, num_updates=5740, lr=3.84309e-05, gnorm=0.802, clip=10, loss_scale=1024, train_wall=20, gb_free=36.7, wall=15145
2023-05-16 02:46:25 - progress_bar.py[line:272] - INFO: epoch 002:   1620 / 4137 loss=0.218, loss_v1=0, loss_v2=0, nll_loss=0.218, ntokens=256, nsentences=128, sample_size=256, sample_size_v1=0, sample_size_v2=0, ppl=1.16, wps=127.3, ups=0.5, wpb=256, bsz=128, num_updates=5750, lr=3.84052e-05, gnorm=0.915, clip=30, loss_scale=1024, train_wall=20, gb_free=36.7, wall=15166
2023-05-16 02:46:45 - progress_bar.py[line:272] - INFO: epoch 002:   1630 / 4137 loss=0.229, loss_v1=0, loss_v2=0, nll_loss=0.229, ntokens=256, nsentences=128, sample_size=256, sample_size_v1=0, sample_size_v2=0, ppl=1.17, wps=129, ups=0.5, wpb=256, bsz=128, num_updates=5760, lr=3.83794e-05, gnorm=0.925, clip=40, loss_scale=1024, train_wall=20, gb_free=36.4, wall=15185
2023-05-16 02:47:05 - progress_bar.py[line:272] - INFO: epoch 002:   1640 / 4137 loss=0.223, loss_v1=0, loss_v2=0, nll_loss=0.223, ntokens=256, nsentences=128, sample_size=256, sample_size_v1=0, sample_size_v2=0, ppl=1.17, wps=128.5, ups=0.5, wpb=256, bsz=128, num_updates=5770, lr=3.83537e-05, gnorm=0.787, clip=0, loss_scale=1024, train_wall=20, gb_free=36.6, wall=15205
2023-05-16 02:47:25 - progress_bar.py[line:272] - INFO: epoch 002:   1650 / 4137 loss=0.232, loss_v1=0, loss_v2=0, nll_loss=0.232, ntokens=256, nsentences=128, sample_size=256, sample_size_v1=0, sample_size_v2=0, ppl=1.17, wps=128.9, ups=0.5, wpb=256, bsz=128, num_updates=5780, lr=3.8328e-05, gnorm=0.804, clip=0, loss_scale=1024, train_wall=20, gb_free=36.7, wall=15225
2023-05-16 02:47:45 - progress_bar.py[line:272] - INFO: epoch 002:   1660 / 4137 loss=0.234, loss_v1=0, loss_v2=0, nll_loss=0.234, ntokens=256, nsentences=128, sample_size=256, sample_size_v1=0, sample_size_v2=0, ppl=1.18, wps=130.1, ups=0.51, wpb=256, bsz=128, num_updates=5790, lr=3.83023e-05, gnorm=0.85, clip=30, loss_scale=1024, train_wall=20, gb_free=36.4, wall=15245
2023-05-16 02:48:04 - progress_bar.py[line:272] - INFO: epoch 002:   1670 / 4137 loss=0.221, loss_v1=0, loss_v2=0, nll_loss=0.221, ntokens=256, nsentences=128, sample_size=256, sample_size_v1=0, sample_size_v2=0, ppl=1.17, wps=129.8, ups=0.51, wpb=256, bsz=128, num_updates=5800, lr=3.82766e-05, gnorm=0.86, clip=10, loss_scale=1024, train_wall=20, gb_free=36.6, wall=15265
2023-05-16 02:48:24 - progress_bar.py[line:272] - INFO: epoch 002:   1680 / 4137 loss=0.214, loss_v1=0, loss_v2=0, nll_loss=0.214, ntokens=256, nsentences=128, sample_size=256, sample_size_v1=0, sample_size_v2=0, ppl=1.16, wps=127.3, ups=0.5, wpb=256, bsz=128, num_updates=5810, lr=3.82509e-05, gnorm=0.852, clip=10, loss_scale=1024, train_wall=20, gb_free=36.7, wall=15285
2023-05-16 02:48:45 - progress_bar.py[line:272] - INFO: epoch 002:   1690 / 4137 loss=0.239, loss_v1=0, loss_v2=0, nll_loss=0.239, ntokens=256, nsentences=128, sample_size=256, sample_size_v1=0, sample_size_v2=0, ppl=1.18, wps=125.9, ups=0.49, wpb=256, bsz=128, num_updates=5820, lr=3.82252e-05, gnorm=0.82, clip=10, loss_scale=1024, train_wall=20, gb_free=36.7, wall=15305
2023-05-16 02:49:05 - progress_bar.py[line:272] - INFO: epoch 002:   1700 / 4137 loss=0.226, loss_v1=0, loss_v2=0, nll_loss=0.226, ntokens=256, nsentences=128, sample_size=256, sample_size_v1=0, sample_size_v2=0, ppl=1.17, wps=126, ups=0.49, wpb=256, bsz=128, num_updates=5830, lr=3.81994e-05, gnorm=0.758, clip=0, loss_scale=1024, train_wall=20, gb_free=36.6, wall=15325
2023-05-16 02:49:25 - progress_bar.py[line:272] - INFO: epoch 002:   1710 / 4137 loss=0.216, loss_v1=0, loss_v2=0, nll_loss=0.216, ntokens=256, nsentences=128, sample_size=256, sample_size_v1=0, sample_size_v2=0, ppl=1.16, wps=127.9, ups=0.5, wpb=256, bsz=128, num_updates=5840, lr=3.81737e-05, gnorm=0.902, clip=10, loss_scale=1024, train_wall=20, gb_free=36.7, wall=15345
2023-05-16 02:49:45 - progress_bar.py[line:272] - INFO: epoch 002:   1720 / 4137 loss=0.242, loss_v1=0, loss_v2=0, nll_loss=0.242, ntokens=256, nsentences=128, sample_size=256, sample_size_v1=0, sample_size_v2=0, ppl=1.18, wps=127.7, ups=0.5, wpb=256, bsz=128, num_updates=5850, lr=3.8148e-05, gnorm=0.919, clip=30, loss_scale=1024, train_wall=20, gb_free=36.6, wall=15365
2023-05-16 02:50:06 - progress_bar.py[line:272] - INFO: epoch 002:   1730 / 4137 loss=0.232, loss_v1=0, loss_v2=0, nll_loss=0.232, ntokens=256, nsentences=128, sample_size=256, sample_size_v1=0, sample_size_v2=0, ppl=1.17, wps=120.9, ups=0.47, wpb=256, bsz=128, num_updates=5860, lr=3.81223e-05, gnorm=0.836, clip=10, loss_scale=1024, train_wall=21, gb_free=36, wall=15387
2023-05-16 02:50:26 - trainer.py[line:921] - INFO: NOTE: gradient overflow detected, ignoring gradient, setting loss scale to: 1024.0
2023-05-16 02:50:28 - progress_bar.py[line:272] - INFO: epoch 002:   1741 / 4137 loss=0.227, loss_v1=0, loss_v2=0, nll_loss=0.227, ntokens=256, nsentences=128, sample_size=256, sample_size_v1=0, sample_size_v2=0, ppl=1.17, wps=116.9, ups=0.46, wpb=256, bsz=128, num_updates=5870, lr=3.80966e-05, gnorm=0.83, clip=10, loss_scale=1024, train_wall=22, gb_free=36.7, wall=15409
2023-05-16 02:50:48 - progress_bar.py[line:272] - INFO: epoch 002:   1751 / 4137 loss=0.228, loss_v1=0, loss_v2=0, nll_loss=0.228, ntokens=256, nsentences=128, sample_size=256, sample_size_v1=0, sample_size_v2=0, ppl=1.17, wps=128.8, ups=0.5, wpb=256, bsz=128, num_updates=5880, lr=3.80709e-05, gnorm=0.837, clip=10, loss_scale=1024, train_wall=20, gb_free=36.7, wall=15428
2023-05-16 02:51:09 - progress_bar.py[line:272] - INFO: epoch 002:   1761 / 4137 loss=0.24, loss_v1=0, loss_v2=0, nll_loss=0.24, ntokens=256, nsentences=128, sample_size=256, sample_size_v1=0, sample_size_v2=0, ppl=1.18, wps=125.4, ups=0.49, wpb=256, bsz=128, num_updates=5890, lr=3.80452e-05, gnorm=0.885, clip=20, loss_scale=1024, train_wall=20, gb_free=36.7, wall=15449
2023-05-16 02:51:28 - progress_bar.py[line:272] - INFO: epoch 002:   1771 / 4137 loss=0.245, loss_v1=0, loss_v2=0, nll_loss=0.245, ntokens=256, nsentences=128, sample_size=256, sample_size_v1=0, sample_size_v2=0, ppl=1.19, wps=129.4, ups=0.51, wpb=256, bsz=128, num_updates=5900, lr=3.80194e-05, gnorm=0.831, clip=10, loss_scale=1024, train_wall=20, gb_free=36.6, wall=15469
2023-05-16 02:51:48 - progress_bar.py[line:272] - INFO: epoch 002:   1781 / 4137 loss=0.239, loss_v1=0, loss_v2=0, nll_loss=0.239, ntokens=256, nsentences=128, sample_size=256, sample_size_v1=0, sample_size_v2=0, ppl=1.18, wps=128.1, ups=0.5, wpb=256, bsz=128, num_updates=5910, lr=3.79937e-05, gnorm=0.779, clip=0, loss_scale=1024, train_wall=20, gb_free=36.4, wall=15489
2023-05-16 02:52:08 - progress_bar.py[line:272] - INFO: epoch 002:   1791 / 4137 loss=0.211, loss_v1=0, loss_v2=0, nll_loss=0.211, ntokens=256, nsentences=128, sample_size=256, sample_size_v1=0, sample_size_v2=0, ppl=1.16, wps=128.6, ups=0.5, wpb=256, bsz=128, num_updates=5920, lr=3.7968e-05, gnorm=0.793, clip=0, loss_scale=1024, train_wall=20, gb_free=36.7, wall=15508
2023-05-16 02:52:28 - progress_bar.py[line:272] - INFO: epoch 002:   1801 / 4137 loss=0.222, loss_v1=0, loss_v2=0, nll_loss=0.222, ntokens=256, nsentences=128, sample_size=256, sample_size_v1=0, sample_size_v2=0, ppl=1.17, wps=127.8, ups=0.5, wpb=256, bsz=128, num_updates=5930, lr=3.79423e-05, gnorm=0.894, clip=30, loss_scale=1024, train_wall=20, gb_free=36.5, wall=15528
2023-05-16 02:52:48 - progress_bar.py[line:272] - INFO: epoch 002:   1811 / 4137 loss=0.23, loss_v1=0, loss_v2=0, nll_loss=0.23, ntokens=256, nsentences=128, sample_size=256, sample_size_v1=0, sample_size_v2=0, ppl=1.17, wps=127.4, ups=0.5, wpb=256, bsz=128, num_updates=5940, lr=3.79166e-05, gnorm=0.85, clip=0, loss_scale=1024, train_wall=20, gb_free=36.4, wall=15549
2023-05-16 02:53:08 - progress_bar.py[line:272] - INFO: epoch 002:   1821 / 4137 loss=0.245, loss_v1=0, loss_v2=0, nll_loss=0.245, ntokens=256, nsentences=128, sample_size=256, sample_size_v1=0, sample_size_v2=0, ppl=1.19, wps=129.2, ups=0.5, wpb=256, bsz=128, num_updates=5950, lr=3.78909e-05, gnorm=0.822, clip=10, loss_scale=1024, train_wall=20, gb_free=36.7, wall=15568
2023-05-16 02:53:28 - progress_bar.py[line:272] - INFO: epoch 002:   1831 / 4137 loss=0.217, loss_v1=0, loss_v2=0, nll_loss=0.217, ntokens=256, nsentences=128, sample_size=256, sample_size_v1=0, sample_size_v2=0, ppl=1.16, wps=128, ups=0.5, wpb=256, bsz=128, num_updates=5960, lr=3.78652e-05, gnorm=0.793, clip=10, loss_scale=1024, train_wall=20, gb_free=36.7, wall=15588
2023-05-16 02:53:49 - progress_bar.py[line:272] - INFO: epoch 002:   1841 / 4137 loss=0.236, loss_v1=0, loss_v2=0, nll_loss=0.236, ntokens=256, nsentences=128, sample_size=256, sample_size_v1=0, sample_size_v2=0, ppl=1.18, wps=123.7, ups=0.48, wpb=256, bsz=128, num_updates=5970, lr=3.78394e-05, gnorm=0.908, clip=20, loss_scale=1024, train_wall=21, gb_free=36.5, wall=15609
2023-05-16 02:54:09 - progress_bar.py[line:272] - INFO: epoch 002:   1851 / 4137 loss=0.216, loss_v1=0, loss_v2=0, nll_loss=0.216, ntokens=256, nsentences=128, sample_size=256, sample_size_v1=0, sample_size_v2=0, ppl=1.16, wps=128.1, ups=0.5, wpb=256, bsz=128, num_updates=5980, lr=3.78137e-05, gnorm=0.881, clip=20, loss_scale=1024, train_wall=20, gb_free=36.6, wall=15629
2023-05-16 02:54:29 - progress_bar.py[line:272] - INFO: epoch 002:   1861 / 4137 loss=0.223, loss_v1=0, loss_v2=0, nll_loss=0.223, ntokens=256, nsentences=128, sample_size=256, sample_size_v1=0, sample_size_v2=0, ppl=1.17, wps=129.1, ups=0.5, wpb=256, bsz=128, num_updates=5990, lr=3.7788e-05, gnorm=0.774, clip=0, loss_scale=1024, train_wall=20, gb_free=36.7, wall=15649
2023-05-16 02:54:49 - progress_bar.py[line:272] - INFO: epoch 002:   1871 / 4137 loss=0.231, loss_v1=0, loss_v2=0, nll_loss=0.231, ntokens=256, nsentences=128, sample_size=256, sample_size_v1=0, sample_size_v2=0, ppl=1.17, wps=128.7, ups=0.5, wpb=256, bsz=128, num_updates=6000, lr=3.77623e-05, gnorm=0.81, clip=0, loss_scale=1024, train_wall=20, gb_free=36.6, wall=15669
slice_id 2 seek offset 8930
slice_id 1 seek offset 4465
2023-05-16 02:54:49 - train.py[line:445] - INFO: begin validation on "valid" subset
slice_id 3 seek offset 13394
slice_id 0 seek offset 0
slice_id 0 seek offset 0
slice_id 1 seek offset 4465
slice_id 2 seek offset 8930
slice_id 3 seek offset 13394
2023-05-16 02:58:11 - progress_bar.py[line:282] - INFO: epoch 002 | valid on 'valid' subset | loss 0.231 | loss_v1 0 | loss_v2 0 | nll_loss 0.231 | ntokens 31.975 | nsentences 15.987 | sample_size 31.975 | sample_size_v1 0 | sample_size_v2 0 | ppl 1.17 | snli_score 0.8197 | wps 176.4 | wpb 32 | bsz 16 | num_updates 6000 | best_snli_score 0.8197
2023-05-16 02:58:11 - checkpoint_utils.py[line:64] - INFO: Preparing to save checkpoint for epoch 2 @ 6000 updates
2023-05-16 02:58:11 - trainer.py[line:431] - INFO: Saving checkpoint to ./EC_full_checkpoints/5_5e-5/checkpoint_2_6000.pt
2023-05-16 02:58:14 - trainer.py[line:441] - INFO: Finished saving checkpoint to ./EC_full_checkpoints/5_5e-5/checkpoint_2_6000.pt
2023-05-16 02:58:21 - checkpoint_utils.py[line:133] - INFO: Saved checkpoint ./EC_full_checkpoints/5_5e-5/checkpoint_2_6000.pt (epoch 2 @ 6000 updates, score 0.8197) (writing took 9.84401014703326 seconds)
2023-05-16 02:58:41 - progress_bar.py[line:272] - INFO: epoch 002:   1881 / 4137 loss=0.25, loss_v1=0, loss_v2=0, nll_loss=0.25, ntokens=256, nsentences=128, sample_size=256, sample_size_v1=0, sample_size_v2=0, ppl=1.19, wps=11, ups=0.04, wpb=256, bsz=128, num_updates=6010, lr=3.77366e-05, gnorm=0.826, clip=0, loss_scale=1024, train_wall=20, gb_free=36.6, wall=15902
2023-05-16 02:59:01 - progress_bar.py[line:272] - INFO: epoch 002:   1891 / 4137 loss=0.225, loss_v1=0, loss_v2=0, nll_loss=0.225, ntokens=256, nsentences=128, sample_size=256, sample_size_v1=0, sample_size_v2=0, ppl=1.17, wps=129.3, ups=0.5, wpb=256, bsz=128, num_updates=6020, lr=3.77109e-05, gnorm=0.761, clip=0, loss_scale=1024, train_wall=20, gb_free=36.6, wall=15921
2023-05-16 02:59:21 - progress_bar.py[line:272] - INFO: epoch 002:   1901 / 4137 loss=0.228, loss_v1=0, loss_v2=0, nll_loss=0.228, ntokens=256, nsentences=128, sample_size=256, sample_size_v1=0, sample_size_v2=0, ppl=1.17, wps=128.3, ups=0.5, wpb=256, bsz=128, num_updates=6030, lr=3.76851e-05, gnorm=0.762, clip=0, loss_scale=1024, train_wall=20, gb_free=36.7, wall=15941
2023-05-16 02:59:41 - progress_bar.py[line:272] - INFO: epoch 002:   1911 / 4137 loss=0.219, loss_v1=0, loss_v2=0, nll_loss=0.219, ntokens=256, nsentences=128, sample_size=256, sample_size_v1=0, sample_size_v2=0, ppl=1.16, wps=128.5, ups=0.5, wpb=256, bsz=128, num_updates=6040, lr=3.76594e-05, gnorm=0.782, clip=0, loss_scale=1024, train_wall=20, gb_free=36.7, wall=15961
2023-05-16 03:00:01 - progress_bar.py[line:272] - INFO: epoch 002:   1921 / 4137 loss=0.227, loss_v1=0, loss_v2=0, nll_loss=0.227, ntokens=256, nsentences=128, sample_size=256, sample_size_v1=0, sample_size_v2=0, ppl=1.17, wps=129.2, ups=0.5, wpb=256, bsz=128, num_updates=6050, lr=3.76337e-05, gnorm=0.858, clip=20, loss_scale=1024, train_wall=20, gb_free=36.6, wall=15981
2023-05-16 03:00:05 - trainer.py[line:921] - INFO: NOTE: gradient overflow detected, ignoring gradient, setting loss scale to: 512.0
2023-05-16 03:00:23 - progress_bar.py[line:272] - INFO: epoch 002:   1932 / 4137 loss=0.205, loss_v1=0, loss_v2=0, nll_loss=0.205, ntokens=256, nsentences=128, sample_size=256, sample_size_v1=0, sample_size_v2=0, ppl=1.15, wps=117.1, ups=0.46, wpb=256, bsz=128, num_updates=6060, lr=3.7608e-05, gnorm=0.828, clip=20, loss_scale=512, train_wall=22, gb_free=36.7, wall=16003
2023-05-16 03:00:43 - progress_bar.py[line:272] - INFO: epoch 002:   1942 / 4137 loss=0.209, loss_v1=0, loss_v2=0, nll_loss=0.209, ntokens=256, nsentences=128, sample_size=256, sample_size_v1=0, sample_size_v2=0, ppl=1.16, wps=128.4, ups=0.5, wpb=256, bsz=128, num_updates=6070, lr=3.75823e-05, gnorm=0.858, clip=20, loss_scale=512, train_wall=20, gb_free=36.6, wall=16023
2023-05-16 03:01:03 - progress_bar.py[line:272] - INFO: epoch 002:   1952 / 4137 loss=0.212, loss_v1=0, loss_v2=0, nll_loss=0.212, ntokens=256, nsentences=128, sample_size=256, sample_size_v1=0, sample_size_v2=0, ppl=1.16, wps=127.9, ups=0.5, wpb=256, bsz=128, num_updates=6080, lr=3.75566e-05, gnorm=0.884, clip=20, loss_scale=512, train_wall=20, gb_free=36.5, wall=16043
2023-05-16 03:01:23 - progress_bar.py[line:272] - INFO: epoch 002:   1962 / 4137 loss=0.244, loss_v1=0, loss_v2=0, nll_loss=0.244, ntokens=256, nsentences=128, sample_size=256, sample_size_v1=0, sample_size_v2=0, ppl=1.18, wps=127.6, ups=0.5, wpb=256, bsz=128, num_updates=6090, lr=3.75309e-05, gnorm=0.847, clip=10, loss_scale=512, train_wall=20, gb_free=36.6, wall=16063
2023-05-16 03:01:43 - progress_bar.py[line:272] - INFO: epoch 002:   1972 / 4137 loss=0.207, loss_v1=0, loss_v2=0, nll_loss=0.207, ntokens=256, nsentences=128, sample_size=256, sample_size_v1=0, sample_size_v2=0, ppl=1.15, wps=129.3, ups=0.51, wpb=256, bsz=128, num_updates=6100, lr=3.75051e-05, gnorm=0.783, clip=0, loss_scale=512, train_wall=20, gb_free=36.6, wall=16083
2023-05-16 03:02:02 - progress_bar.py[line:272] - INFO: epoch 002:   1982 / 4137 loss=0.203, loss_v1=0, loss_v2=0, nll_loss=0.203, ntokens=256, nsentences=128, sample_size=256, sample_size_v1=0, sample_size_v2=0, ppl=1.15, wps=128.6, ups=0.5, wpb=256, bsz=128, num_updates=6110, lr=3.74794e-05, gnorm=0.761, clip=0, loss_scale=512, train_wall=20, gb_free=36.5, wall=16103
2023-05-16 03:02:22 - progress_bar.py[line:272] - INFO: epoch 002:   1992 / 4137 loss=0.221, loss_v1=0, loss_v2=0, nll_loss=0.221, ntokens=256, nsentences=128, sample_size=256, sample_size_v1=0, sample_size_v2=0, ppl=1.17, wps=128.1, ups=0.5, wpb=256, bsz=128, num_updates=6120, lr=3.74537e-05, gnorm=0.853, clip=0, loss_scale=512, train_wall=20, gb_free=36.6, wall=16123
2023-05-16 03:02:43 - progress_bar.py[line:272] - INFO: epoch 002:   2002 / 4137 loss=0.21, loss_v1=0, loss_v2=0, nll_loss=0.21, ntokens=256, nsentences=128, sample_size=256, sample_size_v1=0, sample_size_v2=0, ppl=1.16, wps=127.6, ups=0.5, wpb=256, bsz=128, num_updates=6130, lr=3.7428e-05, gnorm=0.804, clip=0, loss_scale=512, train_wall=20, gb_free=36.6, wall=16143
2023-05-16 03:03:03 - progress_bar.py[line:272] - INFO: epoch 002:   2012 / 4137 loss=0.215, loss_v1=0, loss_v2=0, nll_loss=0.215, ntokens=256, nsentences=128, sample_size=256, sample_size_v1=0, sample_size_v2=0, ppl=1.16, wps=127.6, ups=0.5, wpb=256, bsz=128, num_updates=6140, lr=3.74023e-05, gnorm=0.806, clip=10, loss_scale=512, train_wall=20, gb_free=36.6, wall=16163
2023-05-16 03:03:22 - progress_bar.py[line:272] - INFO: epoch 002:   2022 / 4137 loss=0.214, loss_v1=0, loss_v2=0, nll_loss=0.214, ntokens=256, nsentences=128, sample_size=256, sample_size_v1=0, sample_size_v2=0, ppl=1.16, wps=129.6, ups=0.51, wpb=256, bsz=128, num_updates=6150, lr=3.73766e-05, gnorm=0.784, clip=0, loss_scale=512, train_wall=20, gb_free=36.6, wall=16183
2023-05-16 03:03:42 - progress_bar.py[line:272] - INFO: epoch 002:   2032 / 4137 loss=0.221, loss_v1=0, loss_v2=0, nll_loss=0.221, ntokens=256, nsentences=128, sample_size=256, sample_size_v1=0, sample_size_v2=0, ppl=1.17, wps=129.1, ups=0.5, wpb=256, bsz=128, num_updates=6160, lr=3.73509e-05, gnorm=0.834, clip=10, loss_scale=512, train_wall=20, gb_free=36.7, wall=16202
2023-05-16 03:04:02 - progress_bar.py[line:272] - INFO: epoch 002:   2042 / 4137 loss=0.206, loss_v1=0, loss_v2=0, nll_loss=0.206, ntokens=256, nsentences=128, sample_size=256, sample_size_v1=0, sample_size_v2=0, ppl=1.15, wps=128.6, ups=0.5, wpb=256, bsz=128, num_updates=6170, lr=3.73251e-05, gnorm=0.78, clip=0, loss_scale=512, train_wall=20, gb_free=36.5, wall=16222
2023-05-16 03:04:22 - progress_bar.py[line:272] - INFO: epoch 002:   2052 / 4137 loss=0.213, loss_v1=0, loss_v2=0, nll_loss=0.213, ntokens=256, nsentences=128, sample_size=256, sample_size_v1=0, sample_size_v2=0, ppl=1.16, wps=128.6, ups=0.5, wpb=256, bsz=128, num_updates=6180, lr=3.72994e-05, gnorm=0.758, clip=10, loss_scale=512, train_wall=20, gb_free=36.6, wall=16242
2023-05-16 03:04:42 - progress_bar.py[line:272] - INFO: epoch 002:   2062 / 4137 loss=0.213, loss_v1=0, loss_v2=0, nll_loss=0.213, ntokens=256, nsentences=128, sample_size=256, sample_size_v1=0, sample_size_v2=0, ppl=1.16, wps=129, ups=0.5, wpb=256, bsz=128, num_updates=6190, lr=3.72737e-05, gnorm=0.795, clip=0, loss_scale=512, train_wall=20, gb_free=36.6, wall=16262
2023-05-16 03:05:02 - progress_bar.py[line:272] - INFO: epoch 002:   2072 / 4137 loss=0.23, loss_v1=0, loss_v2=0, nll_loss=0.23, ntokens=256, nsentences=128, sample_size=256, sample_size_v1=0, sample_size_v2=0, ppl=1.17, wps=129.3, ups=0.51, wpb=256, bsz=128, num_updates=6200, lr=3.7248e-05, gnorm=0.877, clip=20, loss_scale=512, train_wall=20, gb_free=36.7, wall=16282
2023-05-16 03:05:21 - progress_bar.py[line:272] - INFO: epoch 002:   2082 / 4137 loss=0.227, loss_v1=0, loss_v2=0, nll_loss=0.227, ntokens=256, nsentences=128, sample_size=256, sample_size_v1=0, sample_size_v2=0, ppl=1.17, wps=129.1, ups=0.5, wpb=256, bsz=128, num_updates=6210, lr=3.72223e-05, gnorm=0.783, clip=0, loss_scale=512, train_wall=20, gb_free=36.6, wall=16302
2023-05-16 03:05:41 - progress_bar.py[line:272] - INFO: epoch 002:   2092 / 4137 loss=0.215, loss_v1=0, loss_v2=0, nll_loss=0.215, ntokens=256, nsentences=128, sample_size=256, sample_size_v1=0, sample_size_v2=0, ppl=1.16, wps=128.6, ups=0.5, wpb=256, bsz=128, num_updates=6220, lr=3.71966e-05, gnorm=0.839, clip=10, loss_scale=512, train_wall=20, gb_free=36.6, wall=16322
2023-05-16 03:06:01 - progress_bar.py[line:272] - INFO: epoch 002:   2102 / 4137 loss=0.202, loss_v1=0, loss_v2=0, nll_loss=0.202, ntokens=256, nsentences=128, sample_size=256, sample_size_v1=0, sample_size_v2=0, ppl=1.15, wps=130, ups=0.51, wpb=256, bsz=128, num_updates=6230, lr=3.71708e-05, gnorm=0.829, clip=10, loss_scale=512, train_wall=20, gb_free=36.6, wall=16341
2023-05-16 03:06:21 - progress_bar.py[line:272] - INFO: epoch 002:   2112 / 4137 loss=0.204, loss_v1=0, loss_v2=0, nll_loss=0.204, ntokens=256, nsentences=128, sample_size=256, sample_size_v1=0, sample_size_v2=0, ppl=1.15, wps=130, ups=0.51, wpb=256, bsz=128, num_updates=6240, lr=3.71451e-05, gnorm=0.887, clip=20, loss_scale=512, train_wall=20, gb_free=36.7, wall=16361
2023-05-16 03:06:41 - progress_bar.py[line:272] - INFO: epoch 002:   2122 / 4137 loss=0.219, loss_v1=0, loss_v2=0, nll_loss=0.219, ntokens=256, nsentences=128, sample_size=256, sample_size_v1=0, sample_size_v2=0, ppl=1.16, wps=129.1, ups=0.5, wpb=256, bsz=128, num_updates=6250, lr=3.71194e-05, gnorm=0.874, clip=0, loss_scale=512, train_wall=20, gb_free=36.6, wall=16381
2023-05-16 03:07:01 - progress_bar.py[line:272] - INFO: epoch 002:   2132 / 4137 loss=0.247, loss_v1=0, loss_v2=0, nll_loss=0.247, ntokens=256, nsentences=128, sample_size=256, sample_size_v1=0, sample_size_v2=0, ppl=1.19, wps=127.4, ups=0.5, wpb=256, bsz=128, num_updates=6260, lr=3.70937e-05, gnorm=0.8, clip=0, loss_scale=512, train_wall=20, gb_free=36.6, wall=16401
2023-05-16 03:07:21 - progress_bar.py[line:272] - INFO: epoch 002:   2142 / 4137 loss=0.243, loss_v1=0, loss_v2=0, nll_loss=0.243, ntokens=256, nsentences=128, sample_size=256, sample_size_v1=0, sample_size_v2=0, ppl=1.18, wps=128.6, ups=0.5, wpb=256, bsz=128, num_updates=6270, lr=3.7068e-05, gnorm=0.757, clip=0, loss_scale=512, train_wall=20, gb_free=36.6, wall=16421
2023-05-16 03:07:40 - progress_bar.py[line:272] - INFO: epoch 002:   2152 / 4137 loss=0.21, loss_v1=0, loss_v2=0, nll_loss=0.21, ntokens=256, nsentences=128, sample_size=256, sample_size_v1=0, sample_size_v2=0, ppl=1.16, wps=128.8, ups=0.5, wpb=256, bsz=128, num_updates=6280, lr=3.70423e-05, gnorm=0.743, clip=0, loss_scale=512, train_wall=20, gb_free=36.5, wall=16441
2023-05-16 03:08:00 - progress_bar.py[line:272] - INFO: epoch 002:   2162 / 4137 loss=0.226, loss_v1=0, loss_v2=0, nll_loss=0.226, ntokens=256, nsentences=128, sample_size=256, sample_size_v1=0, sample_size_v2=0, ppl=1.17, wps=128.3, ups=0.5, wpb=256, bsz=128, num_updates=6290, lr=3.70166e-05, gnorm=0.897, clip=20, loss_scale=512, train_wall=20, gb_free=36.5, wall=16461
2023-05-16 03:08:20 - progress_bar.py[line:272] - INFO: epoch 002:   2172 / 4137 loss=0.23, loss_v1=0, loss_v2=0, nll_loss=0.23, ntokens=256, nsentences=128, sample_size=256, sample_size_v1=0, sample_size_v2=0, ppl=1.17, wps=128.5, ups=0.5, wpb=256, bsz=128, num_updates=6300, lr=3.69908e-05, gnorm=0.953, clip=50, loss_scale=512, train_wall=20, gb_free=36.7, wall=16481
2023-05-16 03:08:40 - progress_bar.py[line:272] - INFO: epoch 002:   2182 / 4137 loss=0.228, loss_v1=0, loss_v2=0, nll_loss=0.228, ntokens=256, nsentences=128, sample_size=256, sample_size_v1=0, sample_size_v2=0, ppl=1.17, wps=129.4, ups=0.51, wpb=256, bsz=128, num_updates=6310, lr=3.69651e-05, gnorm=0.77, clip=0, loss_scale=512, train_wall=20, gb_free=36.6, wall=16500
2023-05-16 03:09:00 - progress_bar.py[line:272] - INFO: epoch 002:   2192 / 4137 loss=0.222, loss_v1=0, loss_v2=0, nll_loss=0.222, ntokens=256, nsentences=128, sample_size=256, sample_size_v1=0, sample_size_v2=0, ppl=1.17, wps=128.5, ups=0.5, wpb=256, bsz=128, num_updates=6320, lr=3.69394e-05, gnorm=0.776, clip=0, loss_scale=512, train_wall=20, gb_free=36.5, wall=16520
2023-05-16 03:09:20 - progress_bar.py[line:272] - INFO: epoch 002:   2202 / 4137 loss=0.217, loss_v1=0, loss_v2=0, nll_loss=0.217, ntokens=256, nsentences=128, sample_size=256, sample_size_v1=0, sample_size_v2=0, ppl=1.16, wps=126.9, ups=0.5, wpb=256, bsz=128, num_updates=6330, lr=3.69137e-05, gnorm=0.768, clip=0, loss_scale=512, train_wall=20, gb_free=36.7, wall=16540
2023-05-16 03:09:40 - progress_bar.py[line:272] - INFO: epoch 002:   2212 / 4137 loss=0.217, loss_v1=0, loss_v2=0, nll_loss=0.217, ntokens=256, nsentences=128, sample_size=256, sample_size_v1=0, sample_size_v2=0, ppl=1.16, wps=129.7, ups=0.51, wpb=256, bsz=128, num_updates=6340, lr=3.6888e-05, gnorm=0.798, clip=0, loss_scale=512, train_wall=20, gb_free=36.5, wall=16560
2023-05-16 03:10:00 - progress_bar.py[line:272] - INFO: epoch 002:   2222 / 4137 loss=0.218, loss_v1=0, loss_v2=0, nll_loss=0.218, ntokens=256, nsentences=128, sample_size=256, sample_size_v1=0, sample_size_v2=0, ppl=1.16, wps=129.2, ups=0.5, wpb=256, bsz=128, num_updates=6350, lr=3.68623e-05, gnorm=0.935, clip=40, loss_scale=512, train_wall=20, gb_free=36.5, wall=16580
2023-05-16 03:10:20 - progress_bar.py[line:272] - INFO: epoch 002:   2232 / 4137 loss=0.22, loss_v1=0, loss_v2=0, nll_loss=0.22, ntokens=256, nsentences=128, sample_size=256, sample_size_v1=0, sample_size_v2=0, ppl=1.16, wps=127.8, ups=0.5, wpb=256, bsz=128, num_updates=6360, lr=3.68366e-05, gnorm=0.861, clip=20, loss_scale=512, train_wall=20, gb_free=36.6, wall=16600
2023-05-16 03:10:40 - progress_bar.py[line:272] - INFO: epoch 002:   2242 / 4137 loss=0.201, loss_v1=0, loss_v2=0, nll_loss=0.201, ntokens=256, nsentences=128, sample_size=256, sample_size_v1=0, sample_size_v2=0, ppl=1.15, wps=128, ups=0.5, wpb=256, bsz=128, num_updates=6370, lr=3.68108e-05, gnorm=0.835, clip=10, loss_scale=512, train_wall=20, gb_free=36.6, wall=16620
2023-05-16 03:11:00 - progress_bar.py[line:272] - INFO: epoch 002:   2252 / 4137 loss=0.214, loss_v1=0, loss_v2=0, nll_loss=0.214, ntokens=256, nsentences=128, sample_size=256, sample_size_v1=0, sample_size_v2=0, ppl=1.16, wps=128.2, ups=0.5, wpb=256, bsz=128, num_updates=6380, lr=3.67851e-05, gnorm=0.893, clip=30, loss_scale=512, train_wall=20, gb_free=36.7, wall=16640
2023-05-16 03:11:20 - progress_bar.py[line:272] - INFO: epoch 002:   2262 / 4137 loss=0.198, loss_v1=0, loss_v2=0, nll_loss=0.198, ntokens=256, nsentences=128, sample_size=256, sample_size_v1=0, sample_size_v2=0, ppl=1.15, wps=128.2, ups=0.5, wpb=256, bsz=128, num_updates=6390, lr=3.67594e-05, gnorm=0.836, clip=20, loss_scale=512, train_wall=20, gb_free=36.4, wall=16660
2023-05-16 03:11:40 - progress_bar.py[line:272] - INFO: epoch 002:   2272 / 4137 loss=0.224, loss_v1=0, loss_v2=0, nll_loss=0.224, ntokens=256, nsentences=128, sample_size=256, sample_size_v1=0, sample_size_v2=0, ppl=1.17, wps=128.5, ups=0.5, wpb=256, bsz=128, num_updates=6400, lr=3.67337e-05, gnorm=0.996, clip=40, loss_scale=512, train_wall=20, gb_free=36.7, wall=16680
2023-05-16 03:12:00 - progress_bar.py[line:272] - INFO: epoch 002:   2282 / 4137 loss=0.24, loss_v1=0, loss_v2=0, nll_loss=0.24, ntokens=256, nsentences=128, sample_size=256, sample_size_v1=0, sample_size_v2=0, ppl=1.18, wps=127.9, ups=0.5, wpb=256, bsz=128, num_updates=6410, lr=3.6708e-05, gnorm=0.856, clip=10, loss_scale=512, train_wall=20, gb_free=36.2, wall=16700
2023-05-16 03:12:20 - progress_bar.py[line:272] - INFO: epoch 002:   2292 / 4137 loss=0.235, loss_v1=0, loss_v2=0, nll_loss=0.235, ntokens=256, nsentences=128, sample_size=256, sample_size_v1=0, sample_size_v2=0, ppl=1.18, wps=127.2, ups=0.5, wpb=256, bsz=128, num_updates=6420, lr=3.66823e-05, gnorm=0.717, clip=0, loss_scale=512, train_wall=20, gb_free=36.6, wall=16720
2023-05-16 03:12:40 - progress_bar.py[line:272] - INFO: epoch 002:   2302 / 4137 loss=0.215, loss_v1=0, loss_v2=0, nll_loss=0.215, ntokens=256, nsentences=128, sample_size=256, sample_size_v1=0, sample_size_v2=0, ppl=1.16, wps=128.6, ups=0.5, wpb=256, bsz=128, num_updates=6430, lr=3.66566e-05, gnorm=0.75, clip=0, loss_scale=512, train_wall=20, gb_free=36.7, wall=16740
2023-05-16 03:13:00 - progress_bar.py[line:272] - INFO: epoch 002:   2312 / 4137 loss=0.207, loss_v1=0, loss_v2=0, nll_loss=0.207, ntokens=256, nsentences=128, sample_size=256, sample_size_v1=0, sample_size_v2=0, ppl=1.15, wps=127.7, ups=0.5, wpb=256, bsz=128, num_updates=6440, lr=3.66308e-05, gnorm=0.848, clip=20, loss_scale=512, train_wall=20, gb_free=36.5, wall=16760
2023-05-16 03:13:20 - progress_bar.py[line:272] - INFO: epoch 002:   2322 / 4137 loss=0.225, loss_v1=0, loss_v2=0, nll_loss=0.225, ntokens=256, nsentences=128, sample_size=256, sample_size_v1=0, sample_size_v2=0, ppl=1.17, wps=128.2, ups=0.5, wpb=256, bsz=128, num_updates=6450, lr=3.66051e-05, gnorm=0.847, clip=20, loss_scale=512, train_wall=20, gb_free=36.7, wall=16780
2023-05-16 03:13:40 - progress_bar.py[line:272] - INFO: epoch 002:   2332 / 4137 loss=0.225, loss_v1=0, loss_v2=0, nll_loss=0.225, ntokens=256, nsentences=128, sample_size=256, sample_size_v1=0, sample_size_v2=0, ppl=1.17, wps=128.6, ups=0.5, wpb=256, bsz=128, num_updates=6460, lr=3.65794e-05, gnorm=0.754, clip=0, loss_scale=512, train_wall=20, gb_free=36.5, wall=16800
2023-05-16 03:13:59 - progress_bar.py[line:272] - INFO: epoch 002:   2342 / 4137 loss=0.2, loss_v1=0, loss_v2=0, nll_loss=0.2, ntokens=256, nsentences=128, sample_size=256, sample_size_v1=0, sample_size_v2=0, ppl=1.15, wps=129, ups=0.5, wpb=256, bsz=128, num_updates=6470, lr=3.65537e-05, gnorm=0.755, clip=0, loss_scale=512, train_wall=20, gb_free=36.6, wall=16820
2023-05-16 03:14:19 - progress_bar.py[line:272] - INFO: epoch 002:   2352 / 4137 loss=0.232, loss_v1=0, loss_v2=0, nll_loss=0.232, ntokens=256, nsentences=128, sample_size=256, sample_size_v1=0, sample_size_v2=0, ppl=1.17, wps=128.5, ups=0.5, wpb=256, bsz=128, num_updates=6480, lr=3.6528e-05, gnorm=0.855, clip=20, loss_scale=512, train_wall=20, gb_free=36.7, wall=16840
2023-05-16 03:14:39 - progress_bar.py[line:272] - INFO: epoch 002:   2362 / 4137 loss=0.226, loss_v1=0, loss_v2=0, nll_loss=0.226, ntokens=256, nsentences=128, sample_size=256, sample_size_v1=0, sample_size_v2=0, ppl=1.17, wps=129.1, ups=0.5, wpb=256, bsz=128, num_updates=6490, lr=3.65023e-05, gnorm=0.754, clip=10, loss_scale=512, train_wall=20, gb_free=36.6, wall=16859
2023-05-16 03:14:59 - progress_bar.py[line:272] - INFO: epoch 002:   2372 / 4137 loss=0.188, loss_v1=0, loss_v2=0, nll_loss=0.188, ntokens=256, nsentences=128, sample_size=256, sample_size_v1=0, sample_size_v2=0, ppl=1.14, wps=129.1, ups=0.5, wpb=256, bsz=128, num_updates=6500, lr=3.64765e-05, gnorm=0.757, clip=0, loss_scale=512, train_wall=20, gb_free=36.7, wall=16879
slice_id 3 seek offset 13394
slice_id 1 seek offset 4465
slice_id 2 seek offset 8930
2023-05-16 03:14:59 - train.py[line:445] - INFO: begin validation on "valid" subset
slice_id 0 seek offset 0
slice_id 0 seek offset 0
slice_id 2 seek offset 8930
slice_id 3 seek offset 13394slice_id 1 seek offset 4465

2023-05-16 03:18:21 - progress_bar.py[line:282] - INFO: epoch 002 | valid on 'valid' subset | loss 0.231 | loss_v1 0 | loss_v2 0 | nll_loss 0.231 | ntokens 31.975 | nsentences 15.987 | sample_size 31.975 | sample_size_v1 0 | sample_size_v2 0 | ppl 1.17 | snli_score 0.8255 | wps 176.6 | wpb 32 | bsz 16 | num_updates 6500 | best_snli_score 0.8255
2023-05-16 03:18:21 - checkpoint_utils.py[line:64] - INFO: Preparing to save checkpoint for epoch 2 @ 6500 updates
2023-05-16 03:18:21 - trainer.py[line:431] - INFO: Saving checkpoint to ./EC_full_checkpoints/5_5e-5/checkpoint_2_6500.pt
2023-05-16 03:18:24 - trainer.py[line:441] - INFO: Finished saving checkpoint to ./EC_full_checkpoints/5_5e-5/checkpoint_2_6500.pt
2023-05-16 03:18:31 - checkpoint_utils.py[line:133] - INFO: Saved checkpoint ./EC_full_checkpoints/5_5e-5/checkpoint_2_6500.pt (epoch 2 @ 6500 updates, score 0.8255) (writing took 9.12964852200821 seconds)
2023-05-16 03:18:51 - progress_bar.py[line:272] - INFO: epoch 002:   2382 / 4137 loss=0.213, loss_v1=0, loss_v2=0, nll_loss=0.213, ntokens=256, nsentences=128, sample_size=256, sample_size_v1=0, sample_size_v2=0, ppl=1.16, wps=11, ups=0.04, wpb=256, bsz=128, num_updates=6510, lr=3.64508e-05, gnorm=0.867, clip=20, loss_scale=512, train_wall=21, gb_free=36.7, wall=17112
2023-05-16 03:19:12 - progress_bar.py[line:272] - INFO: epoch 002:   2392 / 4137 loss=0.221, loss_v1=0, loss_v2=0, nll_loss=0.221, ntokens=256, nsentences=128, sample_size=256, sample_size_v1=0, sample_size_v2=0, ppl=1.17, wps=126.6, ups=0.49, wpb=256, bsz=128, num_updates=6520, lr=3.64251e-05, gnorm=0.883, clip=30, loss_scale=512, train_wall=20, gb_free=36.6, wall=17132
2023-05-16 03:19:32 - progress_bar.py[line:272] - INFO: epoch 002:   2402 / 4137 loss=0.218, loss_v1=0, loss_v2=0, nll_loss=0.218, ntokens=256, nsentences=128, sample_size=256, sample_size_v1=0, sample_size_v2=0, ppl=1.16, wps=125.6, ups=0.49, wpb=256, bsz=128, num_updates=6530, lr=3.63994e-05, gnorm=0.902, clip=20, loss_scale=512, train_wall=20, gb_free=36.5, wall=17152
2023-05-16 03:19:52 - progress_bar.py[line:272] - INFO: epoch 002:   2412 / 4137 loss=0.238, loss_v1=0, loss_v2=0, nll_loss=0.238, ntokens=256, nsentences=128, sample_size=256, sample_size_v1=0, sample_size_v2=0, ppl=1.18, wps=126.8, ups=0.5, wpb=256, bsz=128, num_updates=6540, lr=3.63737e-05, gnorm=0.948, clip=40, loss_scale=512, train_wall=20, gb_free=36.5, wall=17172
2023-05-16 03:20:12 - progress_bar.py[line:272] - INFO: epoch 002:   2422 / 4137 loss=0.223, loss_v1=0, loss_v2=0, nll_loss=0.223, ntokens=256, nsentences=128, sample_size=256, sample_size_v1=0, sample_size_v2=0, ppl=1.17, wps=126.3, ups=0.49, wpb=256, bsz=128, num_updates=6550, lr=3.6348e-05, gnorm=0.791, clip=0, loss_scale=512, train_wall=20, gb_free=36.6, wall=17193
2023-05-16 03:20:33 - progress_bar.py[line:272] - INFO: epoch 002:   2432 / 4137 loss=0.212, loss_v1=0, loss_v2=0, nll_loss=0.212, ntokens=256, nsentences=128, sample_size=256, sample_size_v1=0, sample_size_v2=0, ppl=1.16, wps=125.1, ups=0.49, wpb=256, bsz=128, num_updates=6560, lr=3.63223e-05, gnorm=0.812, clip=10, loss_scale=512, train_wall=20, gb_free=36.6, wall=17213
2023-05-16 03:20:53 - progress_bar.py[line:272] - INFO: epoch 002:   2442 / 4137 loss=0.237, loss_v1=0, loss_v2=0, nll_loss=0.237, ntokens=256, nsentences=128, sample_size=256, sample_size_v1=0, sample_size_v2=0, ppl=1.18, wps=125.6, ups=0.49, wpb=256, bsz=128, num_updates=6570, lr=3.62965e-05, gnorm=0.853, clip=10, loss_scale=1024, train_wall=20, gb_free=36.4, wall=17234
2023-05-16 03:21:14 - progress_bar.py[line:272] - INFO: epoch 002:   2452 / 4137 loss=0.219, loss_v1=0, loss_v2=0, nll_loss=0.219, ntokens=256, nsentences=128, sample_size=256, sample_size_v1=0, sample_size_v2=0, ppl=1.16, wps=125.8, ups=0.49, wpb=256, bsz=128, num_updates=6580, lr=3.62708e-05, gnorm=0.788, clip=0, loss_scale=1024, train_wall=20, gb_free=36.7, wall=17254
2023-05-16 03:21:34 - progress_bar.py[line:272] - INFO: epoch 002:   2462 / 4137 loss=0.222, loss_v1=0, loss_v2=0, nll_loss=0.222, ntokens=256, nsentences=128, sample_size=256, sample_size_v1=0, sample_size_v2=0, ppl=1.17, wps=125.5, ups=0.49, wpb=256, bsz=128, num_updates=6590, lr=3.62451e-05, gnorm=0.799, clip=10, loss_scale=1024, train_wall=20, gb_free=36.6, wall=17274
2023-05-16 03:21:55 - progress_bar.py[line:272] - INFO: epoch 002:   2472 / 4137 loss=0.204, loss_v1=0, loss_v2=0, nll_loss=0.204, ntokens=256, nsentences=128, sample_size=256, sample_size_v1=0, sample_size_v2=0, ppl=1.15, wps=125, ups=0.49, wpb=256, bsz=128, num_updates=6600, lr=3.62194e-05, gnorm=0.791, clip=10, loss_scale=1024, train_wall=20, gb_free=36.5, wall=17295
2023-05-16 03:22:15 - progress_bar.py[line:272] - INFO: epoch 002:   2482 / 4137 loss=0.203, loss_v1=0, loss_v2=0, nll_loss=0.203, ntokens=256, nsentences=128, sample_size=256, sample_size_v1=0, sample_size_v2=0, ppl=1.15, wps=123.1, ups=0.48, wpb=256, bsz=128, num_updates=6610, lr=3.61937e-05, gnorm=0.794, clip=0, loss_scale=1024, train_wall=21, gb_free=36.6, wall=17316
2023-05-16 03:22:36 - progress_bar.py[line:272] - INFO: epoch 002:   2492 / 4137 loss=0.243, loss_v1=0, loss_v2=0, nll_loss=0.243, ntokens=256, nsentences=128, sample_size=256, sample_size_v1=0, sample_size_v2=0, ppl=1.18, wps=124.1, ups=0.48, wpb=256, bsz=128, num_updates=6620, lr=3.6168e-05, gnorm=0.879, clip=20, loss_scale=1024, train_wall=21, gb_free=36.6, wall=17336
2023-05-16 03:22:56 - progress_bar.py[line:272] - INFO: epoch 002:   2502 / 4137 loss=0.236, loss_v1=0, loss_v2=0, nll_loss=0.236, ntokens=256, nsentences=128, sample_size=256, sample_size_v1=0, sample_size_v2=0, ppl=1.18, wps=125, ups=0.49, wpb=256, bsz=128, num_updates=6630, lr=3.61423e-05, gnorm=0.829, clip=20, loss_scale=1024, train_wall=20, gb_free=36.7, wall=17357
2023-05-16 03:23:17 - progress_bar.py[line:272] - INFO: epoch 002:   2512 / 4137 loss=0.222, loss_v1=0, loss_v2=0, nll_loss=0.222, ntokens=256, nsentences=128, sample_size=256, sample_size_v1=0, sample_size_v2=0, ppl=1.17, wps=125.8, ups=0.49, wpb=256, bsz=128, num_updates=6640, lr=3.61165e-05, gnorm=0.796, clip=0, loss_scale=1024, train_wall=20, gb_free=36.5, wall=17377
2023-05-16 03:23:37 - progress_bar.py[line:272] - INFO: epoch 002:   2522 / 4137 loss=0.206, loss_v1=0, loss_v2=0, nll_loss=0.206, ntokens=256, nsentences=128, sample_size=256, sample_size_v1=0, sample_size_v2=0, ppl=1.15, wps=126.7, ups=0.49, wpb=256, bsz=128, num_updates=6650, lr=3.60908e-05, gnorm=0.93, clip=20, loss_scale=1024, train_wall=20, gb_free=36.5, wall=17397
2023-05-16 03:23:58 - progress_bar.py[line:272] - INFO: epoch 002:   2532 / 4137 loss=0.228, loss_v1=0, loss_v2=0, nll_loss=0.228, ntokens=256, nsentences=128, sample_size=256, sample_size_v1=0, sample_size_v2=0, ppl=1.17, wps=124.9, ups=0.49, wpb=256, bsz=128, num_updates=6660, lr=3.60651e-05, gnorm=0.86, clip=0, loss_scale=1024, train_wall=20, gb_free=36.5, wall=17418
2023-05-16 03:24:18 - progress_bar.py[line:272] - INFO: epoch 002:   2542 / 4137 loss=0.231, loss_v1=0, loss_v2=0, nll_loss=0.231, ntokens=256, nsentences=128, sample_size=256, sample_size_v1=0, sample_size_v2=0, ppl=1.17, wps=125.6, ups=0.49, wpb=256, bsz=128, num_updates=6670, lr=3.60394e-05, gnorm=0.822, clip=10, loss_scale=1024, train_wall=20, gb_free=36.5, wall=17438
2023-05-16 03:24:38 - progress_bar.py[line:272] - INFO: epoch 002:   2552 / 4137 loss=0.219, loss_v1=0, loss_v2=0, nll_loss=0.219, ntokens=256, nsentences=128, sample_size=256, sample_size_v1=0, sample_size_v2=0, ppl=1.16, wps=126.7, ups=0.49, wpb=256, bsz=128, num_updates=6680, lr=3.60137e-05, gnorm=0.804, clip=0, loss_scale=1024, train_wall=20, gb_free=36.7, wall=17458
2023-05-16 03:24:59 - progress_bar.py[line:272] - INFO: epoch 002:   2562 / 4137 loss=0.233, loss_v1=0, loss_v2=0, nll_loss=0.233, ntokens=256, nsentences=128, sample_size=256, sample_size_v1=0, sample_size_v2=0, ppl=1.18, wps=125.2, ups=0.49, wpb=256, bsz=128, num_updates=6690, lr=3.5988e-05, gnorm=0.77, clip=0, loss_scale=1024, train_wall=20, gb_free=36.6, wall=17479
2023-05-16 03:25:19 - progress_bar.py[line:272] - INFO: epoch 002:   2572 / 4137 loss=0.21, loss_v1=0, loss_v2=0, nll_loss=0.21, ntokens=256, nsentences=128, sample_size=256, sample_size_v1=0, sample_size_v2=0, ppl=1.16, wps=125.2, ups=0.49, wpb=256, bsz=128, num_updates=6700, lr=3.59623e-05, gnorm=0.8, clip=10, loss_scale=1024, train_wall=20, gb_free=36.5, wall=17499
2023-05-16 03:25:39 - progress_bar.py[line:272] - INFO: epoch 002:   2582 / 4137 loss=0.219, loss_v1=0, loss_v2=0, nll_loss=0.219, ntokens=256, nsentences=128, sample_size=256, sample_size_v1=0, sample_size_v2=0, ppl=1.16, wps=125.1, ups=0.49, wpb=256, bsz=128, num_updates=6710, lr=3.59365e-05, gnorm=0.919, clip=20, loss_scale=1024, train_wall=20, gb_free=36.4, wall=17520
2023-05-16 03:26:00 - progress_bar.py[line:272] - INFO: epoch 002:   2592 / 4137 loss=0.221, loss_v1=0, loss_v2=0, nll_loss=0.221, ntokens=256, nsentences=128, sample_size=256, sample_size_v1=0, sample_size_v2=0, ppl=1.17, wps=125.7, ups=0.49, wpb=256, bsz=128, num_updates=6720, lr=3.59108e-05, gnorm=0.843, clip=20, loss_scale=1024, train_wall=20, gb_free=36.6, wall=17540
2023-05-16 03:26:20 - progress_bar.py[line:272] - INFO: epoch 002:   2602 / 4137 loss=0.202, loss_v1=0, loss_v2=0, nll_loss=0.202, ntokens=256, nsentences=128, sample_size=256, sample_size_v1=0, sample_size_v2=0, ppl=1.15, wps=129.6, ups=0.51, wpb=256, bsz=128, num_updates=6730, lr=3.58851e-05, gnorm=0.792, clip=0, loss_scale=1024, train_wall=20, gb_free=36.7, wall=17560
2023-05-16 03:26:39 - progress_bar.py[line:272] - INFO: epoch 002:   2612 / 4137 loss=0.197, loss_v1=0, loss_v2=0, nll_loss=0.197, ntokens=256, nsentences=128, sample_size=256, sample_size_v1=0, sample_size_v2=0, ppl=1.15, wps=129.6, ups=0.51, wpb=256, bsz=128, num_updates=6740, lr=3.58594e-05, gnorm=0.836, clip=0, loss_scale=1024, train_wall=20, gb_free=36.6, wall=17580
2023-05-16 03:27:00 - progress_bar.py[line:272] - INFO: epoch 002:   2622 / 4137 loss=0.203, loss_v1=0, loss_v2=0, nll_loss=0.203, ntokens=256, nsentences=128, sample_size=256, sample_size_v1=0, sample_size_v2=0, ppl=1.15, wps=126.7, ups=0.49, wpb=256, bsz=128, num_updates=6750, lr=3.58337e-05, gnorm=0.851, clip=10, loss_scale=1024, train_wall=20, gb_free=36.6, wall=17600
2023-05-16 03:27:20 - progress_bar.py[line:272] - INFO: epoch 002:   2632 / 4137 loss=0.215, loss_v1=0, loss_v2=0, nll_loss=0.215, ntokens=256, nsentences=128, sample_size=256, sample_size_v1=0, sample_size_v2=0, ppl=1.16, wps=122.8, ups=0.48, wpb=256, bsz=128, num_updates=6760, lr=3.5808e-05, gnorm=0.806, clip=20, loss_scale=1024, train_wall=21, gb_free=36.5, wall=17621
2023-05-16 03:27:41 - progress_bar.py[line:272] - INFO: epoch 002:   2642 / 4137 loss=0.212, loss_v1=0, loss_v2=0, nll_loss=0.212, ntokens=256, nsentences=128, sample_size=256, sample_size_v1=0, sample_size_v2=0, ppl=1.16, wps=124.8, ups=0.49, wpb=256, bsz=128, num_updates=6770, lr=3.57822e-05, gnorm=0.867, clip=10, loss_scale=1024, train_wall=20, gb_free=36.6, wall=17641
2023-05-16 03:28:01 - progress_bar.py[line:272] - INFO: epoch 002:   2652 / 4137 loss=0.245, loss_v1=0, loss_v2=0, nll_loss=0.245, ntokens=256, nsentences=128, sample_size=256, sample_size_v1=0, sample_size_v2=0, ppl=1.19, wps=128.3, ups=0.5, wpb=256, bsz=128, num_updates=6780, lr=3.57565e-05, gnorm=0.871, clip=20, loss_scale=1024, train_wall=20, gb_free=36.6, wall=17661
2023-05-16 03:28:21 - progress_bar.py[line:272] - INFO: epoch 002:   2662 / 4137 loss=0.22, loss_v1=0, loss_v2=0, nll_loss=0.22, ntokens=256, nsentences=128, sample_size=256, sample_size_v1=0, sample_size_v2=0, ppl=1.16, wps=128.6, ups=0.5, wpb=256, bsz=128, num_updates=6790, lr=3.57308e-05, gnorm=0.809, clip=0, loss_scale=1024, train_wall=20, gb_free=36.6, wall=17681
2023-05-16 03:28:41 - progress_bar.py[line:272] - INFO: epoch 002:   2672 / 4137 loss=0.239, loss_v1=0, loss_v2=0, nll_loss=0.239, ntokens=256, nsentences=128, sample_size=256, sample_size_v1=0, sample_size_v2=0, ppl=1.18, wps=128.5, ups=0.5, wpb=256, bsz=128, num_updates=6800, lr=3.57051e-05, gnorm=0.816, clip=20, loss_scale=1024, train_wall=20, gb_free=36.5, wall=17701
2023-05-16 03:29:01 - progress_bar.py[line:272] - INFO: epoch 002:   2682 / 4137 loss=0.22, loss_v1=0, loss_v2=0, nll_loss=0.22, ntokens=256, nsentences=128, sample_size=256, sample_size_v1=0, sample_size_v2=0, ppl=1.17, wps=128.7, ups=0.5, wpb=256, bsz=128, num_updates=6810, lr=3.56794e-05, gnorm=0.804, clip=10, loss_scale=1024, train_wall=20, gb_free=36.6, wall=17721
2023-05-16 03:29:21 - progress_bar.py[line:272] - INFO: epoch 002:   2692 / 4137 loss=0.222, loss_v1=0, loss_v2=0, nll_loss=0.222, ntokens=256, nsentences=128, sample_size=256, sample_size_v1=0, sample_size_v2=0, ppl=1.17, wps=127, ups=0.5, wpb=256, bsz=128, num_updates=6820, lr=3.56537e-05, gnorm=0.808, clip=0, loss_scale=1024, train_wall=20, gb_free=36.7, wall=17741
2023-05-16 03:29:54 - progress_bar.py[line:272] - INFO: epoch 002:   2702 / 4137 loss=0.218, loss_v1=0, loss_v2=0, nll_loss=0.218, ntokens=256, nsentences=128, sample_size=256, sample_size_v1=0, sample_size_v2=0, ppl=1.16, wps=77.8, ups=0.3, wpb=256, bsz=128, num_updates=6830, lr=3.5628e-05, gnorm=0.887, clip=30, loss_scale=1024, train_wall=33, gb_free=36.7, wall=17774
2023-05-16 03:30:26 - progress_bar.py[line:272] - INFO: epoch 002:   2712 / 4137 loss=0.222, loss_v1=0, loss_v2=0, nll_loss=0.222, ntokens=256, nsentences=128, sample_size=256, sample_size_v1=0, sample_size_v2=0, ppl=1.17, wps=79.2, ups=0.31, wpb=256, bsz=128, num_updates=6840, lr=3.56022e-05, gnorm=0.819, clip=10, loss_scale=1024, train_wall=32, gb_free=36.6, wall=17806
2023-05-16 03:30:58 - progress_bar.py[line:272] - INFO: epoch 002:   2722 / 4137 loss=0.2, loss_v1=0, loss_v2=0, nll_loss=0.2, ntokens=256, nsentences=128, sample_size=256, sample_size_v1=0, sample_size_v2=0, ppl=1.15, wps=79.4, ups=0.31, wpb=256, bsz=128, num_updates=6850, lr=3.55765e-05, gnorm=0.898, clip=40, loss_scale=1024, train_wall=32, gb_free=36.7, wall=17838
2023-05-16 03:31:34 - progress_bar.py[line:272] - INFO: epoch 002:   2732 / 4137 loss=0.245, loss_v1=0, loss_v2=0, nll_loss=0.245, ntokens=256, nsentences=128, sample_size=256, sample_size_v1=0, sample_size_v2=0, ppl=1.19, wps=71.1, ups=0.28, wpb=256, bsz=128, num_updates=6860, lr=3.55508e-05, gnorm=0.962, clip=30, loss_scale=1024, train_wall=36, gb_free=36.7, wall=17874
2023-05-16 03:32:07 - progress_bar.py[line:272] - INFO: epoch 002:   2742 / 4137 loss=0.219, loss_v1=0, loss_v2=0, nll_loss=0.219, ntokens=256, nsentences=128, sample_size=256, sample_size_v1=0, sample_size_v2=0, ppl=1.16, wps=79.1, ups=0.31, wpb=256, bsz=128, num_updates=6870, lr=3.55251e-05, gnorm=0.795, clip=10, loss_scale=1024, train_wall=32, gb_free=36.6, wall=17907
2023-05-16 03:32:28 - progress_bar.py[line:272] - INFO: epoch 002:   2752 / 4137 loss=0.203, loss_v1=0, loss_v2=0, nll_loss=0.203, ntokens=256, nsentences=128, sample_size=256, sample_size_v1=0, sample_size_v2=0, ppl=1.15, wps=118.7, ups=0.46, wpb=256, bsz=128, num_updates=6880, lr=3.54994e-05, gnorm=0.743, clip=0, loss_scale=1024, train_wall=22, gb_free=36.7, wall=17928
2023-05-16 03:32:48 - progress_bar.py[line:272] - INFO: epoch 002:   2762 / 4137 loss=0.255, loss_v1=0, loss_v2=0, nll_loss=0.255, ntokens=256, nsentences=128, sample_size=256, sample_size_v1=0, sample_size_v2=0, ppl=1.19, wps=127.2, ups=0.5, wpb=256, bsz=128, num_updates=6890, lr=3.54737e-05, gnorm=0.848, clip=20, loss_scale=1024, train_wall=20, gb_free=36.5, wall=17948
2023-05-16 03:33:08 - progress_bar.py[line:272] - INFO: epoch 002:   2772 / 4137 loss=0.214, loss_v1=0, loss_v2=0, nll_loss=0.214, ntokens=256, nsentences=128, sample_size=256, sample_size_v1=0, sample_size_v2=0, ppl=1.16, wps=128, ups=0.5, wpb=256, bsz=128, num_updates=6900, lr=3.5448e-05, gnorm=0.696, clip=0, loss_scale=1024, train_wall=20, gb_free=36.6, wall=17968
2023-05-16 03:33:28 - progress_bar.py[line:272] - INFO: epoch 002:   2782 / 4137 loss=0.228, loss_v1=0, loss_v2=0, nll_loss=0.228, ntokens=256, nsentences=128, sample_size=256, sample_size_v1=0, sample_size_v2=0, ppl=1.17, wps=127.6, ups=0.5, wpb=256, bsz=128, num_updates=6910, lr=3.54222e-05, gnorm=0.799, clip=0, loss_scale=1024, train_wall=20, gb_free=36.8, wall=17989
2023-05-16 03:33:48 - progress_bar.py[line:272] - INFO: epoch 002:   2792 / 4137 loss=0.212, loss_v1=0, loss_v2=0, nll_loss=0.212, ntokens=256, nsentences=128, sample_size=256, sample_size_v1=0, sample_size_v2=0, ppl=1.16, wps=128.4, ups=0.5, wpb=256, bsz=128, num_updates=6920, lr=3.53965e-05, gnorm=0.772, clip=0, loss_scale=1024, train_wall=20, gb_free=36.6, wall=18009
2023-05-16 03:34:08 - progress_bar.py[line:272] - INFO: epoch 002:   2802 / 4137 loss=0.228, loss_v1=0, loss_v2=0, nll_loss=0.228, ntokens=256, nsentences=128, sample_size=256, sample_size_v1=0, sample_size_v2=0, ppl=1.17, wps=128.3, ups=0.5, wpb=256, bsz=128, num_updates=6930, lr=3.53708e-05, gnorm=0.84, clip=10, loss_scale=1024, train_wall=20, gb_free=36.6, wall=18028
2023-05-16 03:34:28 - progress_bar.py[line:272] - INFO: epoch 002:   2812 / 4137 loss=0.213, loss_v1=0, loss_v2=0, nll_loss=0.213, ntokens=256, nsentences=128, sample_size=256, sample_size_v1=0, sample_size_v2=0, ppl=1.16, wps=127.6, ups=0.5, wpb=256, bsz=128, num_updates=6940, lr=3.53451e-05, gnorm=0.806, clip=0, loss_scale=1024, train_wall=20, gb_free=36.7, wall=18049
2023-05-16 03:34:48 - progress_bar.py[line:272] - INFO: epoch 002:   2822 / 4137 loss=0.24, loss_v1=0, loss_v2=0, nll_loss=0.24, ntokens=256, nsentences=128, sample_size=256, sample_size_v1=0, sample_size_v2=0, ppl=1.18, wps=127.4, ups=0.5, wpb=256, bsz=128, num_updates=6950, lr=3.53194e-05, gnorm=0.877, clip=10, loss_scale=1024, train_wall=20, gb_free=36.6, wall=18069
2023-05-16 03:35:08 - progress_bar.py[line:272] - INFO: epoch 002:   2832 / 4137 loss=0.227, loss_v1=0, loss_v2=0, nll_loss=0.227, ntokens=256, nsentences=128, sample_size=256, sample_size_v1=0, sample_size_v2=0, ppl=1.17, wps=128.7, ups=0.5, wpb=256, bsz=128, num_updates=6960, lr=3.52937e-05, gnorm=0.796, clip=0, loss_scale=1024, train_wall=20, gb_free=36.8, wall=18089
2023-05-16 03:35:28 - progress_bar.py[line:272] - INFO: epoch 002:   2842 / 4137 loss=0.208, loss_v1=0, loss_v2=0, nll_loss=0.208, ntokens=256, nsentences=128, sample_size=256, sample_size_v1=0, sample_size_v2=0, ppl=1.16, wps=128, ups=0.5, wpb=256, bsz=128, num_updates=6970, lr=3.52679e-05, gnorm=0.841, clip=20, loss_scale=1024, train_wall=20, gb_free=36.6, wall=18108
2023-05-16 03:35:48 - progress_bar.py[line:272] - INFO: epoch 002:   2852 / 4137 loss=0.247, loss_v1=0, loss_v2=0, nll_loss=0.247, ntokens=256, nsentences=128, sample_size=256, sample_size_v1=0, sample_size_v2=0, ppl=1.19, wps=127.6, ups=0.5, wpb=256, bsz=128, num_updates=6980, lr=3.52422e-05, gnorm=0.92, clip=40, loss_scale=1024, train_wall=20, gb_free=36.5, wall=18129
2023-05-16 03:36:08 - progress_bar.py[line:272] - INFO: epoch 002:   2862 / 4137 loss=0.234, loss_v1=0, loss_v2=0, nll_loss=0.234, ntokens=256, nsentences=128, sample_size=256, sample_size_v1=0, sample_size_v2=0, ppl=1.18, wps=128.8, ups=0.5, wpb=256, bsz=128, num_updates=6990, lr=3.52165e-05, gnorm=0.778, clip=0, loss_scale=1024, train_wall=20, gb_free=36.6, wall=18148
2023-05-16 03:36:31 - progress_bar.py[line:272] - INFO: epoch 002:   2872 / 4137 loss=0.239, loss_v1=0, loss_v2=0, nll_loss=0.239, ntokens=256, nsentences=128, sample_size=256, sample_size_v1=0, sample_size_v2=0, ppl=1.18, wps=114.1, ups=0.45, wpb=256, bsz=128, num_updates=7000, lr=3.51908e-05, gnorm=0.98, clip=40, loss_scale=1024, train_wall=22, gb_free=36.7, wall=18171
2023-05-16 03:36:31 - train.py[line:445] - INFO: begin validation on "valid" subset
slice_id 0 seek offset 0
slice_id 3 seek offset 13394
slice_id 2 seek offset 8930
slice_id 1 seek offset 4465
slice_id 0 seek offset 0
slice_id 1 seek offset 4465
slice_id 3 seek offset 13394
slice_id 2 seek offset 8930
2023-05-16 03:41:17 - progress_bar.py[line:282] - INFO: epoch 002 | valid on 'valid' subset | loss 0.224 | loss_v1 0 | loss_v2 0 | nll_loss 0.224 | ntokens 31.975 | nsentences 15.987 | sample_size 31.975 | sample_size_v1 0 | sample_size_v2 0 | ppl 1.17 | snli_score 0.8264 | wps 125.1 | wpb 32 | bsz 16 | num_updates 7000 | best_snli_score 0.8264
2023-05-16 03:41:17 - checkpoint_utils.py[line:64] - INFO: Preparing to save checkpoint for epoch 2 @ 7000 updates
2023-05-16 03:41:17 - trainer.py[line:431] - INFO: Saving checkpoint to ./EC_full_checkpoints/5_5e-5/checkpoint_2_7000.pt
2023-05-16 03:41:19 - trainer.py[line:441] - INFO: Finished saving checkpoint to ./EC_full_checkpoints/5_5e-5/checkpoint_2_7000.pt
2023-05-16 03:41:26 - checkpoint_utils.py[line:133] - INFO: Saved checkpoint ./EC_full_checkpoints/5_5e-5/checkpoint_2_7000.pt (epoch 2 @ 7000 updates, score 0.8264) (writing took 9.643057334935293 seconds)
2023-05-16 03:41:46 - progress_bar.py[line:272] - INFO: epoch 002:   2882 / 4137 loss=0.221, loss_v1=0, loss_v2=0, nll_loss=0.221, ntokens=256, nsentences=128, sample_size=256, sample_size_v1=0, sample_size_v2=0, ppl=1.17, wps=8.1, ups=0.03, wpb=256, bsz=128, num_updates=7010, lr=3.51651e-05, gnorm=0.931, clip=40, loss_scale=1024, train_wall=20, gb_free=36.6, wall=18486
2023-05-16 03:42:06 - progress_bar.py[line:272] - INFO: epoch 002:   2892 / 4137 loss=0.223, loss_v1=0, loss_v2=0, nll_loss=0.223, ntokens=256, nsentences=128, sample_size=256, sample_size_v1=0, sample_size_v2=0, ppl=1.17, wps=126.8, ups=0.5, wpb=256, bsz=128, num_updates=7020, lr=3.51394e-05, gnorm=0.884, clip=0, loss_scale=1024, train_wall=20, gb_free=36.7, wall=18507
2023-05-16 03:42:27 - progress_bar.py[line:272] - INFO: epoch 002:   2902 / 4137 loss=0.234, loss_v1=0, loss_v2=0, nll_loss=0.234, ntokens=256, nsentences=128, sample_size=256, sample_size_v1=0, sample_size_v2=0, ppl=1.18, wps=126, ups=0.49, wpb=256, bsz=128, num_updates=7030, lr=3.51137e-05, gnorm=0.918, clip=30, loss_scale=1024, train_wall=20, gb_free=36.7, wall=18527
2023-05-16 03:42:47 - progress_bar.py[line:272] - INFO: epoch 002:   2912 / 4137 loss=0.226, loss_v1=0, loss_v2=0, nll_loss=0.226, ntokens=256, nsentences=128, sample_size=256, sample_size_v1=0, sample_size_v2=0, ppl=1.17, wps=128.1, ups=0.5, wpb=256, bsz=128, num_updates=7040, lr=3.50879e-05, gnorm=0.929, clip=30, loss_scale=1024, train_wall=20, gb_free=36.5, wall=18547
2023-05-16 03:43:07 - progress_bar.py[line:272] - INFO: epoch 002:   2922 / 4137 loss=0.219, loss_v1=0, loss_v2=0, nll_loss=0.219, ntokens=256, nsentences=128, sample_size=256, sample_size_v1=0, sample_size_v2=0, ppl=1.16, wps=127.8, ups=0.5, wpb=256, bsz=128, num_updates=7050, lr=3.50622e-05, gnorm=0.872, clip=10, loss_scale=1024, train_wall=20, gb_free=36.6, wall=18567
2023-05-16 03:43:27 - progress_bar.py[line:272] - INFO: epoch 002:   2932 / 4137 loss=0.222, loss_v1=0, loss_v2=0, nll_loss=0.222, ntokens=256, nsentences=128, sample_size=256, sample_size_v1=0, sample_size_v2=0, ppl=1.17, wps=128, ups=0.5, wpb=256, bsz=128, num_updates=7060, lr=3.50365e-05, gnorm=0.857, clip=10, loss_scale=1024, train_wall=20, gb_free=36.6, wall=18587
2023-05-16 03:43:47 - progress_bar.py[line:272] - INFO: epoch 002:   2942 / 4137 loss=0.216, loss_v1=0, loss_v2=0, nll_loss=0.216, ntokens=256, nsentences=128, sample_size=256, sample_size_v1=0, sample_size_v2=0, ppl=1.16, wps=128.4, ups=0.5, wpb=256, bsz=128, num_updates=7070, lr=3.50108e-05, gnorm=0.819, clip=10, loss_scale=1024, train_wall=20, gb_free=36.5, wall=18607
2023-05-16 03:44:07 - trainer.py[line:921] - INFO: NOTE: gradient overflow detected, ignoring gradient, setting loss scale to: 1024.0
2023-05-16 03:44:09 - progress_bar.py[line:272] - INFO: epoch 002:   2953 / 4137 loss=0.194, loss_v1=0, loss_v2=0, nll_loss=0.194, ntokens=256, nsentences=128, sample_size=256, sample_size_v1=0, sample_size_v2=0, ppl=1.14, wps=117, ups=0.46, wpb=256, bsz=128, num_updates=7080, lr=3.49851e-05, gnorm=0.802, clip=10, loss_scale=1024, train_wall=22, gb_free=36.6, wall=18629
2023-05-16 03:44:28 - progress_bar.py[line:272] - INFO: epoch 002:   2963 / 4137 loss=0.216, loss_v1=0, loss_v2=0, nll_loss=0.216, ntokens=256, nsentences=128, sample_size=256, sample_size_v1=0, sample_size_v2=0, ppl=1.16, wps=128.8, ups=0.5, wpb=256, bsz=128, num_updates=7090, lr=3.49594e-05, gnorm=0.791, clip=0, loss_scale=1024, train_wall=20, gb_free=36.6, wall=18649
2023-05-16 03:44:48 - progress_bar.py[line:272] - INFO: epoch 002:   2973 / 4137 loss=0.21, loss_v1=0, loss_v2=0, nll_loss=0.21, ntokens=256, nsentences=128, sample_size=256, sample_size_v1=0, sample_size_v2=0, ppl=1.16, wps=128.6, ups=0.5, wpb=256, bsz=128, num_updates=7100, lr=3.49337e-05, gnorm=0.876, clip=10, loss_scale=1024, train_wall=20, gb_free=36.7, wall=18669
2023-05-16 03:45:08 - progress_bar.py[line:272] - INFO: epoch 002:   2983 / 4137 loss=0.222, loss_v1=0, loss_v2=0, nll_loss=0.222, ntokens=256, nsentences=128, sample_size=256, sample_size_v1=0, sample_size_v2=0, ppl=1.17, wps=128.4, ups=0.5, wpb=256, bsz=128, num_updates=7110, lr=3.49079e-05, gnorm=0.878, clip=30, loss_scale=1024, train_wall=20, gb_free=36.7, wall=18688
2023-05-16 03:45:28 - progress_bar.py[line:272] - INFO: epoch 002:   2993 / 4137 loss=0.221, loss_v1=0, loss_v2=0, nll_loss=0.221, ntokens=256, nsentences=128, sample_size=256, sample_size_v1=0, sample_size_v2=0, ppl=1.17, wps=128.9, ups=0.5, wpb=256, bsz=128, num_updates=7120, lr=3.48822e-05, gnorm=0.851, clip=10, loss_scale=1024, train_wall=20, gb_free=36.7, wall=18708
2023-05-16 03:45:48 - progress_bar.py[line:272] - INFO: epoch 002:   3003 / 4137 loss=0.231, loss_v1=0, loss_v2=0, nll_loss=0.231, ntokens=256, nsentences=128, sample_size=256, sample_size_v1=0, sample_size_v2=0, ppl=1.17, wps=128.3, ups=0.5, wpb=256, bsz=128, num_updates=7130, lr=3.48565e-05, gnorm=0.932, clip=30, loss_scale=1024, train_wall=20, gb_free=36.6, wall=18728
2023-05-16 03:46:08 - progress_bar.py[line:272] - INFO: epoch 002:   3013 / 4137 loss=0.221, loss_v1=0, loss_v2=0, nll_loss=0.221, ntokens=256, nsentences=128, sample_size=256, sample_size_v1=0, sample_size_v2=0, ppl=1.17, wps=128.6, ups=0.5, wpb=256, bsz=128, num_updates=7140, lr=3.48308e-05, gnorm=0.902, clip=40, loss_scale=1024, train_wall=20, gb_free=36.3, wall=18748
2023-05-16 03:46:28 - progress_bar.py[line:272] - INFO: epoch 002:   3023 / 4137 loss=0.225, loss_v1=0, loss_v2=0, nll_loss=0.225, ntokens=256, nsentences=128, sample_size=256, sample_size_v1=0, sample_size_v2=0, ppl=1.17, wps=127.8, ups=0.5, wpb=256, bsz=128, num_updates=7150, lr=3.48051e-05, gnorm=0.877, clip=10, loss_scale=1024, train_wall=20, gb_free=36.7, wall=18768
2023-05-16 03:46:48 - progress_bar.py[line:272] - INFO: epoch 002:   3033 / 4137 loss=0.218, loss_v1=0, loss_v2=0, nll_loss=0.218, ntokens=256, nsentences=128, sample_size=256, sample_size_v1=0, sample_size_v2=0, ppl=1.16, wps=128.3, ups=0.5, wpb=256, bsz=128, num_updates=7160, lr=3.47794e-05, gnorm=0.762, clip=0, loss_scale=1024, train_wall=20, gb_free=36.7, wall=18788
2023-05-16 03:47:08 - progress_bar.py[line:272] - INFO: epoch 002:   3043 / 4137 loss=0.234, loss_v1=0, loss_v2=0, nll_loss=0.234, ntokens=256, nsentences=128, sample_size=256, sample_size_v1=0, sample_size_v2=0, ppl=1.18, wps=128.8, ups=0.5, wpb=256, bsz=128, num_updates=7170, lr=3.47537e-05, gnorm=0.847, clip=10, loss_scale=1024, train_wall=20, gb_free=36.6, wall=18808
2023-05-16 03:47:28 - progress_bar.py[line:272] - INFO: epoch 002:   3053 / 4137 loss=0.223, loss_v1=0, loss_v2=0, nll_loss=0.223, ntokens=256, nsentences=128, sample_size=256, sample_size_v1=0, sample_size_v2=0, ppl=1.17, wps=128, ups=0.5, wpb=256, bsz=128, num_updates=7180, lr=3.47279e-05, gnorm=0.772, clip=10, loss_scale=1024, train_wall=20, gb_free=36.7, wall=18828
2023-05-16 03:47:48 - progress_bar.py[line:272] - INFO: epoch 002:   3063 / 4137 loss=0.213, loss_v1=0, loss_v2=0, nll_loss=0.213, ntokens=256, nsentences=128, sample_size=256, sample_size_v1=0, sample_size_v2=0, ppl=1.16, wps=128.6, ups=0.5, wpb=256, bsz=128, num_updates=7190, lr=3.47022e-05, gnorm=0.833, clip=10, loss_scale=1024, train_wall=20, gb_free=36.5, wall=18848
2023-05-16 03:48:08 - progress_bar.py[line:272] - INFO: epoch 002:   3073 / 4137 loss=0.191, loss_v1=0, loss_v2=0, nll_loss=0.191, ntokens=256, nsentences=128, sample_size=256, sample_size_v1=0, sample_size_v2=0, ppl=1.14, wps=128.5, ups=0.5, wpb=256, bsz=128, num_updates=7200, lr=3.46765e-05, gnorm=0.779, clip=0, loss_scale=1024, train_wall=20, gb_free=36.6, wall=18868
2023-05-16 03:48:28 - progress_bar.py[line:272] - INFO: epoch 002:   3083 / 4137 loss=0.229, loss_v1=0, loss_v2=0, nll_loss=0.229, ntokens=256, nsentences=128, sample_size=256, sample_size_v1=0, sample_size_v2=0, ppl=1.17, wps=128.1, ups=0.5, wpb=256, bsz=128, num_updates=7210, lr=3.46508e-05, gnorm=0.958, clip=40, loss_scale=1024, train_wall=20, gb_free=36.6, wall=18888
2023-05-16 03:48:47 - progress_bar.py[line:272] - INFO: epoch 002:   3093 / 4137 loss=0.203, loss_v1=0, loss_v2=0, nll_loss=0.203, ntokens=256, nsentences=128, sample_size=256, sample_size_v1=0, sample_size_v2=0, ppl=1.15, wps=129.5, ups=0.51, wpb=256, bsz=128, num_updates=7220, lr=3.46251e-05, gnorm=0.815, clip=10, loss_scale=1024, train_wall=20, gb_free=36.4, wall=18908
2023-05-16 03:49:08 - progress_bar.py[line:272] - INFO: epoch 002:   3103 / 4137 loss=0.229, loss_v1=0, loss_v2=0, nll_loss=0.229, ntokens=256, nsentences=128, sample_size=256, sample_size_v1=0, sample_size_v2=0, ppl=1.17, wps=127.5, ups=0.5, wpb=256, bsz=128, num_updates=7230, lr=3.45994e-05, gnorm=0.903, clip=20, loss_scale=1024, train_wall=20, gb_free=36.7, wall=18928
2023-05-16 03:49:27 - progress_bar.py[line:272] - INFO: epoch 002:   3113 / 4137 loss=0.201, loss_v1=0, loss_v2=0, nll_loss=0.201, ntokens=256, nsentences=128, sample_size=256, sample_size_v1=0, sample_size_v2=0, ppl=1.15, wps=128.4, ups=0.5, wpb=256, bsz=128, num_updates=7240, lr=3.45736e-05, gnorm=0.787, clip=10, loss_scale=1024, train_wall=20, gb_free=36.5, wall=18948
2023-05-16 03:49:47 - progress_bar.py[line:272] - INFO: epoch 002:   3123 / 4137 loss=0.212, loss_v1=0, loss_v2=0, nll_loss=0.212, ntokens=256, nsentences=128, sample_size=256, sample_size_v1=0, sample_size_v2=0, ppl=1.16, wps=127.8, ups=0.5, wpb=256, bsz=128, num_updates=7250, lr=3.45479e-05, gnorm=0.918, clip=20, loss_scale=1024, train_wall=20, gb_free=36.6, wall=18968
2023-05-16 03:50:08 - progress_bar.py[line:272] - INFO: epoch 002:   3133 / 4137 loss=0.227, loss_v1=0, loss_v2=0, nll_loss=0.227, ntokens=256, nsentences=128, sample_size=256, sample_size_v1=0, sample_size_v2=0, ppl=1.17, wps=127.8, ups=0.5, wpb=256, bsz=128, num_updates=7260, lr=3.45222e-05, gnorm=0.806, clip=0, loss_scale=1024, train_wall=20, gb_free=36.7, wall=18988
2023-05-16 03:50:28 - progress_bar.py[line:272] - INFO: epoch 002:   3143 / 4137 loss=0.23, loss_v1=0, loss_v2=0, nll_loss=0.23, ntokens=256, nsentences=128, sample_size=256, sample_size_v1=0, sample_size_v2=0, ppl=1.17, wps=127.9, ups=0.5, wpb=256, bsz=128, num_updates=7270, lr=3.44965e-05, gnorm=0.839, clip=0, loss_scale=1024, train_wall=20, gb_free=36.6, wall=19008
2023-05-16 03:50:48 - progress_bar.py[line:272] - INFO: epoch 002:   3153 / 4137 loss=0.198, loss_v1=0, loss_v2=0, nll_loss=0.198, ntokens=256, nsentences=128, sample_size=256, sample_size_v1=0, sample_size_v2=0, ppl=1.15, wps=123.9, ups=0.48, wpb=256, bsz=128, num_updates=7280, lr=3.44708e-05, gnorm=0.731, clip=0, loss_scale=1024, train_wall=21, gb_free=36.6, wall=19028
2023-05-16 03:51:08 - progress_bar.py[line:272] - INFO: epoch 002:   3163 / 4137 loss=0.2, loss_v1=0, loss_v2=0, nll_loss=0.2, ntokens=256, nsentences=128, sample_size=256, sample_size_v1=0, sample_size_v2=0, ppl=1.15, wps=128.8, ups=0.5, wpb=256, bsz=128, num_updates=7290, lr=3.44451e-05, gnorm=0.778, clip=0, loss_scale=1024, train_wall=20, gb_free=36.6, wall=19048
2023-05-16 03:51:28 - progress_bar.py[line:272] - INFO: epoch 002:   3173 / 4137 loss=0.204, loss_v1=0, loss_v2=0, nll_loss=0.204, ntokens=256, nsentences=128, sample_size=256, sample_size_v1=0, sample_size_v2=0, ppl=1.15, wps=129, ups=0.5, wpb=256, bsz=128, num_updates=7300, lr=3.44194e-05, gnorm=0.873, clip=20, loss_scale=1024, train_wall=20, gb_free=36.7, wall=19068
2023-05-16 03:51:48 - progress_bar.py[line:272] - INFO: epoch 002:   3183 / 4137 loss=0.221, loss_v1=0, loss_v2=0, nll_loss=0.221, ntokens=256, nsentences=128, sample_size=256, sample_size_v1=0, sample_size_v2=0, ppl=1.17, wps=128.2, ups=0.5, wpb=256, bsz=128, num_updates=7310, lr=3.43936e-05, gnorm=0.897, clip=20, loss_scale=1024, train_wall=20, gb_free=36.7, wall=19088
2023-05-16 03:52:08 - progress_bar.py[line:272] - INFO: epoch 002:   3193 / 4137 loss=0.222, loss_v1=0, loss_v2=0, nll_loss=0.222, ntokens=256, nsentences=128, sample_size=256, sample_size_v1=0, sample_size_v2=0, ppl=1.17, wps=128.8, ups=0.5, wpb=256, bsz=128, num_updates=7320, lr=3.43679e-05, gnorm=0.872, clip=20, loss_scale=1024, train_wall=20, gb_free=36.5, wall=19108
2023-05-16 03:52:28 - progress_bar.py[line:272] - INFO: epoch 002:   3203 / 4137 loss=0.197, loss_v1=0, loss_v2=0, nll_loss=0.197, ntokens=256, nsentences=128, sample_size=256, sample_size_v1=0, sample_size_v2=0, ppl=1.15, wps=128.4, ups=0.5, wpb=256, bsz=128, num_updates=7330, lr=3.43422e-05, gnorm=0.853, clip=0, loss_scale=1024, train_wall=20, gb_free=36.7, wall=19128
2023-05-16 03:52:48 - progress_bar.py[line:272] - INFO: epoch 002:   3213 / 4137 loss=0.216, loss_v1=0, loss_v2=0, nll_loss=0.216, ntokens=256, nsentences=128, sample_size=256, sample_size_v1=0, sample_size_v2=0, ppl=1.16, wps=128.1, ups=0.5, wpb=256, bsz=128, num_updates=7340, lr=3.43165e-05, gnorm=0.879, clip=20, loss_scale=1024, train_wall=20, gb_free=36.7, wall=19148
2023-05-16 03:53:08 - progress_bar.py[line:272] - INFO: epoch 002:   3223 / 4137 loss=0.212, loss_v1=0, loss_v2=0, nll_loss=0.212, ntokens=256, nsentences=128, sample_size=256, sample_size_v1=0, sample_size_v2=0, ppl=1.16, wps=127.6, ups=0.5, wpb=256, bsz=128, num_updates=7350, lr=3.42908e-05, gnorm=0.876, clip=10, loss_scale=1024, train_wall=20, gb_free=36.5, wall=19168
2023-05-16 03:53:28 - progress_bar.py[line:272] - INFO: epoch 002:   3233 / 4137 loss=0.212, loss_v1=0, loss_v2=0, nll_loss=0.212, ntokens=256, nsentences=128, sample_size=256, sample_size_v1=0, sample_size_v2=0, ppl=1.16, wps=128.9, ups=0.5, wpb=256, bsz=128, num_updates=7360, lr=3.42651e-05, gnorm=0.865, clip=10, loss_scale=1024, train_wall=20, gb_free=36.7, wall=19188
2023-05-16 03:53:47 - progress_bar.py[line:272] - INFO: epoch 002:   3243 / 4137 loss=0.217, loss_v1=0, loss_v2=0, nll_loss=0.217, ntokens=256, nsentences=128, sample_size=256, sample_size_v1=0, sample_size_v2=0, ppl=1.16, wps=128.7, ups=0.5, wpb=256, bsz=128, num_updates=7370, lr=3.42394e-05, gnorm=0.863, clip=20, loss_scale=1024, train_wall=20, gb_free=36.7, wall=19208
2023-05-16 03:54:07 - progress_bar.py[line:272] - INFO: epoch 002:   3253 / 4137 loss=0.218, loss_v1=0, loss_v2=0, nll_loss=0.218, ntokens=256, nsentences=128, sample_size=256, sample_size_v1=0, sample_size_v2=0, ppl=1.16, wps=128.1, ups=0.5, wpb=256, bsz=128, num_updates=7380, lr=3.42136e-05, gnorm=0.848, clip=10, loss_scale=1024, train_wall=20, gb_free=36.6, wall=19228
2023-05-16 03:54:27 - progress_bar.py[line:272] - INFO: epoch 002:   3263 / 4137 loss=0.187, loss_v1=0, loss_v2=0, nll_loss=0.187, ntokens=256, nsentences=128, sample_size=256, sample_size_v1=0, sample_size_v2=0, ppl=1.14, wps=128.7, ups=0.5, wpb=256, bsz=128, num_updates=7390, lr=3.41879e-05, gnorm=0.797, clip=0, loss_scale=1024, train_wall=20, gb_free=36.5, wall=19248
2023-05-16 03:54:48 - progress_bar.py[line:272] - INFO: epoch 002:   3273 / 4137 loss=0.211, loss_v1=0, loss_v2=0, nll_loss=0.211, ntokens=256, nsentences=128, sample_size=256, sample_size_v1=0, sample_size_v2=0, ppl=1.16, wps=125.9, ups=0.49, wpb=256, bsz=128, num_updates=7400, lr=3.41622e-05, gnorm=0.877, clip=30, loss_scale=1024, train_wall=20, gb_free=36.6, wall=19268
2023-05-16 03:55:08 - progress_bar.py[line:272] - INFO: epoch 002:   3283 / 4137 loss=0.216, loss_v1=0, loss_v2=0, nll_loss=0.216, ntokens=256, nsentences=128, sample_size=256, sample_size_v1=0, sample_size_v2=0, ppl=1.16, wps=128.6, ups=0.5, wpb=256, bsz=128, num_updates=7410, lr=3.41365e-05, gnorm=0.878, clip=10, loss_scale=1024, train_wall=20, gb_free=36.6, wall=19288
2023-05-16 03:55:27 - progress_bar.py[line:272] - INFO: epoch 002:   3293 / 4137 loss=0.207, loss_v1=0, loss_v2=0, nll_loss=0.207, ntokens=256, nsentences=128, sample_size=256, sample_size_v1=0, sample_size_v2=0, ppl=1.15, wps=129.9, ups=0.51, wpb=256, bsz=128, num_updates=7420, lr=3.41108e-05, gnorm=0.832, clip=0, loss_scale=1024, train_wall=20, gb_free=36.5, wall=19308
2023-05-16 03:55:47 - progress_bar.py[line:272] - INFO: epoch 002:   3303 / 4137 loss=0.24, loss_v1=0, loss_v2=0, nll_loss=0.24, ntokens=256, nsentences=128, sample_size=256, sample_size_v1=0, sample_size_v2=0, ppl=1.18, wps=128.2, ups=0.5, wpb=256, bsz=128, num_updates=7430, lr=3.40851e-05, gnorm=0.896, clip=20, loss_scale=1024, train_wall=20, gb_free=36.7, wall=19327
2023-05-16 03:56:07 - progress_bar.py[line:272] - INFO: epoch 002:   3313 / 4137 loss=0.22, loss_v1=0, loss_v2=0, nll_loss=0.22, ntokens=256, nsentences=128, sample_size=256, sample_size_v1=0, sample_size_v2=0, ppl=1.16, wps=128.6, ups=0.5, wpb=256, bsz=128, num_updates=7440, lr=3.40593e-05, gnorm=0.831, clip=10, loss_scale=1024, train_wall=20, gb_free=36.7, wall=19347
2023-05-16 03:56:27 - progress_bar.py[line:272] - INFO: epoch 002:   3323 / 4137 loss=0.22, loss_v1=0, loss_v2=0, nll_loss=0.22, ntokens=256, nsentences=128, sample_size=256, sample_size_v1=0, sample_size_v2=0, ppl=1.16, wps=128.8, ups=0.5, wpb=256, bsz=128, num_updates=7450, lr=3.40336e-05, gnorm=0.791, clip=0, loss_scale=1024, train_wall=20, gb_free=36.7, wall=19367
2023-05-16 03:56:47 - progress_bar.py[line:272] - INFO: epoch 002:   3333 / 4137 loss=0.199, loss_v1=0, loss_v2=0, nll_loss=0.199, ntokens=256, nsentences=128, sample_size=256, sample_size_v1=0, sample_size_v2=0, ppl=1.15, wps=127.7, ups=0.5, wpb=256, bsz=128, num_updates=7460, lr=3.40079e-05, gnorm=0.747, clip=0, loss_scale=1024, train_wall=20, gb_free=36.5, wall=19387
2023-05-16 03:57:07 - progress_bar.py[line:272] - INFO: epoch 002:   3343 / 4137 loss=0.213, loss_v1=0, loss_v2=0, nll_loss=0.213, ntokens=256, nsentences=128, sample_size=256, sample_size_v1=0, sample_size_v2=0, ppl=1.16, wps=128.6, ups=0.5, wpb=256, bsz=128, num_updates=7470, lr=3.39822e-05, gnorm=0.882, clip=10, loss_scale=1024, train_wall=20, gb_free=36.7, wall=19407
2023-05-16 03:57:27 - progress_bar.py[line:272] - INFO: epoch 002:   3353 / 4137 loss=0.224, loss_v1=0, loss_v2=0, nll_loss=0.224, ntokens=256, nsentences=128, sample_size=256, sample_size_v1=0, sample_size_v2=0, ppl=1.17, wps=128.6, ups=0.5, wpb=256, bsz=128, num_updates=7480, lr=3.39565e-05, gnorm=0.926, clip=20, loss_scale=1024, train_wall=20, gb_free=36.6, wall=19427
2023-05-16 03:57:47 - progress_bar.py[line:272] - INFO: epoch 002:   3363 / 4137 loss=0.215, loss_v1=0, loss_v2=0, nll_loss=0.215, ntokens=256, nsentences=128, sample_size=256, sample_size_v1=0, sample_size_v2=0, ppl=1.16, wps=128.9, ups=0.5, wpb=256, bsz=128, num_updates=7490, lr=3.39308e-05, gnorm=0.8, clip=0, loss_scale=1024, train_wall=20, gb_free=36.5, wall=19447
2023-05-16 03:58:07 - progress_bar.py[line:272] - INFO: epoch 002:   3373 / 4137 loss=0.227, loss_v1=0, loss_v2=0, nll_loss=0.227, ntokens=256, nsentences=128, sample_size=256, sample_size_v1=0, sample_size_v2=0, ppl=1.17, wps=129.5, ups=0.51, wpb=256, bsz=128, num_updates=7500, lr=3.39051e-05, gnorm=0.807, clip=10, loss_scale=1024, train_wall=20, gb_free=36.7, wall=19467
slice_id 1 seek offset 4465slice_id 2 seek offset 8930

slice_id 3 seek offset 13394
2023-05-16 03:58:07 - train.py[line:445] - INFO: begin validation on "valid" subset
slice_id 0 seek offset 0
slice_id 0 seek offset 0
slice_id 1 seek offset 4465
slice_id 3 seek offset 13394
slice_id 2 seek offset 8930
2023-05-16 04:01:31 - progress_bar.py[line:282] - INFO: epoch 002 | valid on 'valid' subset | loss 0.217 | loss_v1 0 | loss_v2 0 | nll_loss 0.217 | ntokens 31.975 | nsentences 15.987 | sample_size 31.975 | sample_size_v1 0 | sample_size_v2 0 | ppl 1.16 | snli_score 0.8332 | wps 174.9 | wpb 32 | bsz 16 | num_updates 7500 | best_snli_score 0.8332
2023-05-16 04:01:31 - checkpoint_utils.py[line:64] - INFO: Preparing to save checkpoint for epoch 2 @ 7500 updates
2023-05-16 04:01:31 - trainer.py[line:431] - INFO: Saving checkpoint to ./EC_full_checkpoints/5_5e-5/checkpoint_2_7500.pt
2023-05-16 04:01:33 - trainer.py[line:441] - INFO: Finished saving checkpoint to ./EC_full_checkpoints/5_5e-5/checkpoint_2_7500.pt
2023-05-16 04:01:39 - checkpoint_utils.py[line:133] - INFO: Saved checkpoint ./EC_full_checkpoints/5_5e-5/checkpoint_2_7500.pt (epoch 2 @ 7500 updates, score 0.8332) (writing took 8.488178733037785 seconds)
2023-05-16 04:01:59 - progress_bar.py[line:272] - INFO: epoch 002:   3383 / 4137 loss=0.199, loss_v1=0, loss_v2=0, nll_loss=0.199, ntokens=256, nsentences=128, sample_size=256, sample_size_v1=0, sample_size_v2=0, ppl=1.15, wps=11, ups=0.04, wpb=256, bsz=128, num_updates=7510, lr=3.38793e-05, gnorm=0.751, clip=0, loss_scale=1024, train_wall=20, gb_free=36.7, wall=19700
2023-05-16 04:02:19 - progress_bar.py[line:272] - INFO: epoch 002:   3393 / 4137 loss=0.216, loss_v1=0, loss_v2=0, nll_loss=0.216, ntokens=256, nsentences=128, sample_size=256, sample_size_v1=0, sample_size_v2=0, ppl=1.16, wps=128.1, ups=0.5, wpb=256, bsz=128, num_updates=7520, lr=3.38536e-05, gnorm=0.947, clip=40, loss_scale=1024, train_wall=20, gb_free=36.6, wall=19720
2023-05-16 04:02:40 - progress_bar.py[line:272] - INFO: epoch 002:   3403 / 4137 loss=0.196, loss_v1=0, loss_v2=0, nll_loss=0.196, ntokens=256, nsentences=128, sample_size=256, sample_size_v1=0, sample_size_v2=0, ppl=1.15, wps=125, ups=0.49, wpb=256, bsz=128, num_updates=7530, lr=3.38279e-05, gnorm=0.829, clip=20, loss_scale=1024, train_wall=20, gb_free=36.7, wall=19740
2023-05-16 04:03:01 - progress_bar.py[line:272] - INFO: epoch 002:   3413 / 4137 loss=0.199, loss_v1=0, loss_v2=0, nll_loss=0.199, ntokens=256, nsentences=128, sample_size=256, sample_size_v1=0, sample_size_v2=0, ppl=1.15, wps=119.2, ups=0.47, wpb=256, bsz=128, num_updates=7540, lr=3.38022e-05, gnorm=0.846, clip=10, loss_scale=1024, train_wall=21, gb_free=36.7, wall=19762
2023-05-16 04:03:22 - progress_bar.py[line:272] - INFO: epoch 002:   3423 / 4137 loss=0.201, loss_v1=0, loss_v2=0, nll_loss=0.201, ntokens=256, nsentences=128, sample_size=256, sample_size_v1=0, sample_size_v2=0, ppl=1.15, wps=125, ups=0.49, wpb=256, bsz=128, num_updates=7550, lr=3.37765e-05, gnorm=0.796, clip=0, loss_scale=1024, train_wall=20, gb_free=36.7, wall=19782
2023-05-16 04:03:42 - progress_bar.py[line:272] - INFO: epoch 002:   3433 / 4137 loss=0.212, loss_v1=0, loss_v2=0, nll_loss=0.212, ntokens=256, nsentences=128, sample_size=256, sample_size_v1=0, sample_size_v2=0, ppl=1.16, wps=124.9, ups=0.49, wpb=256, bsz=128, num_updates=7560, lr=3.37508e-05, gnorm=0.805, clip=10, loss_scale=1024, train_wall=20, gb_free=36.6, wall=19803
2023-05-16 04:04:03 - progress_bar.py[line:272] - INFO: epoch 002:   3443 / 4137 loss=0.218, loss_v1=0, loss_v2=0, nll_loss=0.218, ntokens=256, nsentences=128, sample_size=256, sample_size_v1=0, sample_size_v2=0, ppl=1.16, wps=125.5, ups=0.49, wpb=256, bsz=128, num_updates=7570, lr=3.37251e-05, gnorm=0.879, clip=10, loss_scale=1024, train_wall=20, gb_free=36.5, wall=19823
2023-05-16 04:04:23 - progress_bar.py[line:272] - INFO: epoch 002:   3453 / 4137 loss=0.202, loss_v1=0, loss_v2=0, nll_loss=0.202, ntokens=256, nsentences=128, sample_size=256, sample_size_v1=0, sample_size_v2=0, ppl=1.15, wps=126.9, ups=0.5, wpb=256, bsz=128, num_updates=7580, lr=3.36993e-05, gnorm=0.847, clip=10, loss_scale=1024, train_wall=20, gb_free=36.6, wall=19843
2023-05-16 04:04:43 - progress_bar.py[line:272] - INFO: epoch 002:   3463 / 4137 loss=0.184, loss_v1=0, loss_v2=0, nll_loss=0.184, ntokens=256, nsentences=128, sample_size=256, sample_size_v1=0, sample_size_v2=0, ppl=1.14, wps=124.6, ups=0.49, wpb=256, bsz=128, num_updates=7590, lr=3.36736e-05, gnorm=0.793, clip=20, loss_scale=1024, train_wall=20, gb_free=36.5, wall=19864
2023-05-16 04:05:04 - progress_bar.py[line:272] - INFO: epoch 002:   3473 / 4137 loss=0.195, loss_v1=0, loss_v2=0, nll_loss=0.195, ntokens=256, nsentences=128, sample_size=256, sample_size_v1=0, sample_size_v2=0, ppl=1.14, wps=125.5, ups=0.49, wpb=256, bsz=128, num_updates=7600, lr=3.36479e-05, gnorm=0.868, clip=30, loss_scale=2048, train_wall=20, gb_free=36.7, wall=19884
2023-05-16 04:05:18 - trainer.py[line:921] - INFO: NOTE: gradient overflow detected, ignoring gradient, setting loss scale to: 1024.0
2023-05-16 04:05:26 - progress_bar.py[line:272] - INFO: epoch 002:   3484 / 4137 loss=0.219, loss_v1=0, loss_v2=0, nll_loss=0.219, ntokens=256, nsentences=128, sample_size=256, sample_size_v1=0, sample_size_v2=0, ppl=1.16, wps=114.4, ups=0.45, wpb=256, bsz=128, num_updates=7610, lr=3.36222e-05, gnorm=0.97, clip=50, loss_scale=1024, train_wall=22, gb_free=36.7, wall=19906
2023-05-16 04:05:47 - progress_bar.py[line:272] - INFO: epoch 002:   3494 / 4137 loss=0.223, loss_v1=0, loss_v2=0, nll_loss=0.223, ntokens=256, nsentences=128, sample_size=256, sample_size_v1=0, sample_size_v2=0, ppl=1.17, wps=125, ups=0.49, wpb=256, bsz=128, num_updates=7620, lr=3.35965e-05, gnorm=0.915, clip=20, loss_scale=1024, train_wall=20, gb_free=36.6, wall=19927
2023-05-16 04:06:07 - progress_bar.py[line:272] - INFO: epoch 002:   3504 / 4137 loss=0.217, loss_v1=0, loss_v2=0, nll_loss=0.217, ntokens=256, nsentences=128, sample_size=256, sample_size_v1=0, sample_size_v2=0, ppl=1.16, wps=125.4, ups=0.49, wpb=256, bsz=128, num_updates=7630, lr=3.35708e-05, gnorm=0.8, clip=10, loss_scale=1024, train_wall=20, gb_free=36.6, wall=19947
2023-05-16 04:06:27 - progress_bar.py[line:272] - INFO: epoch 002:   3514 / 4137 loss=0.194, loss_v1=0, loss_v2=0, nll_loss=0.194, ntokens=256, nsentences=128, sample_size=256, sample_size_v1=0, sample_size_v2=0, ppl=1.14, wps=126.6, ups=0.49, wpb=256, bsz=128, num_updates=7640, lr=3.35451e-05, gnorm=0.831, clip=10, loss_scale=1024, train_wall=20, gb_free=36.6, wall=19968
2023-05-16 04:06:48 - progress_bar.py[line:272] - INFO: epoch 002:   3524 / 4137 loss=0.234, loss_v1=0, loss_v2=0, nll_loss=0.234, ntokens=256, nsentences=128, sample_size=256, sample_size_v1=0, sample_size_v2=0, ppl=1.18, wps=124.1, ups=0.48, wpb=256, bsz=128, num_updates=7650, lr=3.35193e-05, gnorm=0.942, clip=30, loss_scale=1024, train_wall=21, gb_free=36.5, wall=19988
2023-05-16 04:07:09 - progress_bar.py[line:272] - INFO: epoch 002:   3534 / 4137 loss=0.215, loss_v1=0, loss_v2=0, nll_loss=0.215, ntokens=256, nsentences=128, sample_size=256, sample_size_v1=0, sample_size_v2=0, ppl=1.16, wps=122.8, ups=0.48, wpb=256, bsz=128, num_updates=7660, lr=3.34936e-05, gnorm=0.769, clip=0, loss_scale=1024, train_wall=21, gb_free=36.5, wall=20009
2023-05-16 04:07:30 - progress_bar.py[line:272] - INFO: epoch 002:   3544 / 4137 loss=0.201, loss_v1=0, loss_v2=0, nll_loss=0.201, ntokens=256, nsentences=128, sample_size=256, sample_size_v1=0, sample_size_v2=0, ppl=1.15, wps=122.5, ups=0.48, wpb=256, bsz=128, num_updates=7670, lr=3.34679e-05, gnorm=0.779, clip=10, loss_scale=1024, train_wall=21, gb_free=36.5, wall=20030
2023-05-16 04:07:50 - progress_bar.py[line:272] - INFO: epoch 002:   3554 / 4137 loss=0.218, loss_v1=0, loss_v2=0, nll_loss=0.218, ntokens=256, nsentences=128, sample_size=256, sample_size_v1=0, sample_size_v2=0, ppl=1.16, wps=127, ups=0.5, wpb=256, bsz=128, num_updates=7680, lr=3.34422e-05, gnorm=0.865, clip=20, loss_scale=1024, train_wall=20, gb_free=36.6, wall=20050
2023-05-16 04:08:13 - progress_bar.py[line:272] - INFO: epoch 002:   3564 / 4137 loss=0.205, loss_v1=0, loss_v2=0, nll_loss=0.205, ntokens=256, nsentences=128, sample_size=256, sample_size_v1=0, sample_size_v2=0, ppl=1.15, wps=113.1, ups=0.44, wpb=256, bsz=128, num_updates=7690, lr=3.34165e-05, gnorm=0.886, clip=10, loss_scale=1024, train_wall=23, gb_free=36.6, wall=20073
2023-05-16 04:08:33 - progress_bar.py[line:272] - INFO: epoch 002:   3574 / 4137 loss=0.209, loss_v1=0, loss_v2=0, nll_loss=0.209, ntokens=256, nsentences=128, sample_size=256, sample_size_v1=0, sample_size_v2=0, ppl=1.16, wps=127.5, ups=0.5, wpb=256, bsz=128, num_updates=7700, lr=3.33908e-05, gnorm=0.828, clip=10, loss_scale=1024, train_wall=20, gb_free=36.7, wall=20093
2023-05-16 04:08:53 - progress_bar.py[line:272] - INFO: epoch 002:   3584 / 4137 loss=0.201, loss_v1=0, loss_v2=0, nll_loss=0.201, ntokens=256, nsentences=128, sample_size=256, sample_size_v1=0, sample_size_v2=0, ppl=1.15, wps=126.4, ups=0.49, wpb=256, bsz=128, num_updates=7710, lr=3.3365e-05, gnorm=0.798, clip=10, loss_scale=1024, train_wall=20, gb_free=36.6, wall=20113
2023-05-16 04:09:16 - progress_bar.py[line:272] - INFO: epoch 002:   3594 / 4137 loss=0.209, loss_v1=0, loss_v2=0, nll_loss=0.209, ntokens=256, nsentences=128, sample_size=256, sample_size_v1=0, sample_size_v2=0, ppl=1.16, wps=111.5, ups=0.44, wpb=256, bsz=128, num_updates=7720, lr=3.33393e-05, gnorm=0.827, clip=0, loss_scale=1024, train_wall=23, gb_free=36.6, wall=20136
2023-05-16 04:09:36 - progress_bar.py[line:272] - INFO: epoch 002:   3604 / 4137 loss=0.212, loss_v1=0, loss_v2=0, nll_loss=0.212, ntokens=256, nsentences=128, sample_size=256, sample_size_v1=0, sample_size_v2=0, ppl=1.16, wps=127.4, ups=0.5, wpb=256, bsz=128, num_updates=7730, lr=3.33136e-05, gnorm=0.832, clip=10, loss_scale=1024, train_wall=20, gb_free=36.6, wall=20156
2023-05-16 04:09:56 - progress_bar.py[line:272] - INFO: epoch 002:   3614 / 4137 loss=0.214, loss_v1=0, loss_v2=0, nll_loss=0.214, ntokens=256, nsentences=128, sample_size=256, sample_size_v1=0, sample_size_v2=0, ppl=1.16, wps=126.3, ups=0.49, wpb=256, bsz=128, num_updates=7740, lr=3.32879e-05, gnorm=0.897, clip=30, loss_scale=1024, train_wall=20, gb_free=36.6, wall=20176
2023-05-16 04:10:16 - progress_bar.py[line:272] - INFO: epoch 002:   3624 / 4137 loss=0.216, loss_v1=0, loss_v2=0, nll_loss=0.216, ntokens=256, nsentences=128, sample_size=256, sample_size_v1=0, sample_size_v2=0, ppl=1.16, wps=127.2, ups=0.5, wpb=256, bsz=128, num_updates=7750, lr=3.32622e-05, gnorm=0.874, clip=0, loss_scale=1024, train_wall=20, gb_free=36.7, wall=20197
2023-05-16 04:10:37 - progress_bar.py[line:272] - INFO: epoch 002:   3634 / 4137 loss=0.193, loss_v1=0, loss_v2=0, nll_loss=0.193, ntokens=256, nsentences=128, sample_size=256, sample_size_v1=0, sample_size_v2=0, ppl=1.14, wps=126.3, ups=0.49, wpb=256, bsz=128, num_updates=7760, lr=3.32365e-05, gnorm=0.775, clip=0, loss_scale=1024, train_wall=20, gb_free=36.6, wall=20217
2023-05-16 04:10:57 - progress_bar.py[line:272] - INFO: epoch 002:   3644 / 4137 loss=0.21, loss_v1=0, loss_v2=0, nll_loss=0.21, ntokens=256, nsentences=128, sample_size=256, sample_size_v1=0, sample_size_v2=0, ppl=1.16, wps=126.8, ups=0.5, wpb=256, bsz=128, num_updates=7770, lr=3.32108e-05, gnorm=0.828, clip=0, loss_scale=1024, train_wall=20, gb_free=36.6, wall=20237
2023-05-16 04:11:17 - progress_bar.py[line:272] - INFO: epoch 002:   3654 / 4137 loss=0.187, loss_v1=0, loss_v2=0, nll_loss=0.187, ntokens=256, nsentences=128, sample_size=256, sample_size_v1=0, sample_size_v2=0, ppl=1.14, wps=127.9, ups=0.5, wpb=256, bsz=128, num_updates=7780, lr=3.3185e-05, gnorm=0.834, clip=20, loss_scale=1024, train_wall=20, gb_free=36.6, wall=20257
2023-05-16 04:11:37 - progress_bar.py[line:272] - INFO: epoch 002:   3664 / 4137 loss=0.223, loss_v1=0, loss_v2=0, nll_loss=0.223, ntokens=256, nsentences=128, sample_size=256, sample_size_v1=0, sample_size_v2=0, ppl=1.17, wps=127, ups=0.5, wpb=256, bsz=128, num_updates=7790, lr=3.31593e-05, gnorm=0.883, clip=30, loss_scale=1024, train_wall=20, gb_free=36.6, wall=20277
2023-05-16 04:11:57 - progress_bar.py[line:272] - INFO: epoch 002:   3674 / 4137 loss=0.211, loss_v1=0, loss_v2=0, nll_loss=0.211, ntokens=256, nsentences=128, sample_size=256, sample_size_v1=0, sample_size_v2=0, ppl=1.16, wps=128.5, ups=0.5, wpb=256, bsz=128, num_updates=7800, lr=3.31336e-05, gnorm=0.83, clip=30, loss_scale=1024, train_wall=20, gb_free=36.6, wall=20297
2023-05-16 04:12:17 - progress_bar.py[line:272] - INFO: epoch 002:   3684 / 4137 loss=0.217, loss_v1=0, loss_v2=0, nll_loss=0.217, ntokens=256, nsentences=128, sample_size=256, sample_size_v1=0, sample_size_v2=0, ppl=1.16, wps=128.5, ups=0.5, wpb=256, bsz=128, num_updates=7810, lr=3.31079e-05, gnorm=0.803, clip=0, loss_scale=1024, train_wall=20, gb_free=36.6, wall=20317
2023-05-16 04:12:38 - progress_bar.py[line:272] - INFO: epoch 002:   3694 / 4137 loss=0.218, loss_v1=0, loss_v2=0, nll_loss=0.218, ntokens=256, nsentences=128, sample_size=256, sample_size_v1=0, sample_size_v2=0, ppl=1.16, wps=118.9, ups=0.46, wpb=256, bsz=128, num_updates=7820, lr=3.30822e-05, gnorm=0.812, clip=10, loss_scale=1024, train_wall=21, gb_free=36.6, wall=20339
2023-05-16 04:13:00 - progress_bar.py[line:272] - INFO: epoch 002:   3704 / 4137 loss=0.201, loss_v1=0, loss_v2=0, nll_loss=0.201, ntokens=256, nsentences=128, sample_size=256, sample_size_v1=0, sample_size_v2=0, ppl=1.15, wps=117.4, ups=0.46, wpb=256, bsz=128, num_updates=7830, lr=3.30565e-05, gnorm=0.767, clip=0, loss_scale=1024, train_wall=22, gb_free=36.5, wall=20360
2023-05-16 04:13:20 - progress_bar.py[line:272] - INFO: epoch 002:   3714 / 4137 loss=0.196, loss_v1=0, loss_v2=0, nll_loss=0.196, ntokens=256, nsentences=128, sample_size=256, sample_size_v1=0, sample_size_v2=0, ppl=1.15, wps=129.3, ups=0.51, wpb=256, bsz=128, num_updates=7840, lr=3.30308e-05, gnorm=0.765, clip=0, loss_scale=1024, train_wall=20, gb_free=36.6, wall=20380
2023-05-16 04:13:40 - progress_bar.py[line:272] - INFO: epoch 002:   3724 / 4137 loss=0.202, loss_v1=0, loss_v2=0, nll_loss=0.202, ntokens=256, nsentences=128, sample_size=256, sample_size_v1=0, sample_size_v2=0, ppl=1.15, wps=128.8, ups=0.5, wpb=256, bsz=128, num_updates=7850, lr=3.3005e-05, gnorm=0.822, clip=20, loss_scale=1024, train_wall=20, gb_free=36.7, wall=20400
2023-05-16 04:14:00 - progress_bar.py[line:272] - INFO: epoch 002:   3734 / 4137 loss=0.199, loss_v1=0, loss_v2=0, nll_loss=0.199, ntokens=256, nsentences=128, sample_size=256, sample_size_v1=0, sample_size_v2=0, ppl=1.15, wps=129.5, ups=0.51, wpb=256, bsz=128, num_updates=7860, lr=3.29793e-05, gnorm=0.811, clip=20, loss_scale=1024, train_wall=20, gb_free=36.5, wall=20420
2023-05-16 04:14:19 - progress_bar.py[line:272] - INFO: epoch 002:   3744 / 4137 loss=0.207, loss_v1=0, loss_v2=0, nll_loss=0.207, ntokens=256, nsentences=128, sample_size=256, sample_size_v1=0, sample_size_v2=0, ppl=1.15, wps=129, ups=0.5, wpb=256, bsz=128, num_updates=7870, lr=3.29536e-05, gnorm=0.846, clip=10, loss_scale=1024, train_wall=20, gb_free=36.6, wall=20440
2023-05-16 04:14:40 - progress_bar.py[line:272] - INFO: epoch 002:   3754 / 4137 loss=0.183, loss_v1=0, loss_v2=0, nll_loss=0.183, ntokens=256, nsentences=128, sample_size=256, sample_size_v1=0, sample_size_v2=0, ppl=1.14, wps=126.5, ups=0.49, wpb=256, bsz=128, num_updates=7880, lr=3.29279e-05, gnorm=0.779, clip=0, loss_scale=1024, train_wall=20, gb_free=36.6, wall=20460
2023-05-16 04:15:03 - progress_bar.py[line:272] - INFO: epoch 002:   3764 / 4137 loss=0.178, loss_v1=0, loss_v2=0, nll_loss=0.178, ntokens=256, nsentences=128, sample_size=256, sample_size_v1=0, sample_size_v2=0, ppl=1.13, wps=109.7, ups=0.43, wpb=256, bsz=128, num_updates=7890, lr=3.29022e-05, gnorm=0.781, clip=0, loss_scale=1024, train_wall=23, gb_free=36.6, wall=20483
2023-05-16 04:15:23 - progress_bar.py[line:272] - INFO: epoch 002:   3774 / 4137 loss=0.22, loss_v1=0, loss_v2=0, nll_loss=0.22, ntokens=256, nsentences=128, sample_size=256, sample_size_v1=0, sample_size_v2=0, ppl=1.17, wps=128.9, ups=0.5, wpb=256, bsz=128, num_updates=7900, lr=3.28765e-05, gnorm=0.866, clip=10, loss_scale=1024, train_wall=20, gb_free=36.6, wall=20503
2023-05-16 04:15:43 - progress_bar.py[line:272] - INFO: epoch 002:   3784 / 4137 loss=0.197, loss_v1=0, loss_v2=0, nll_loss=0.197, ntokens=256, nsentences=128, sample_size=256, sample_size_v1=0, sample_size_v2=0, ppl=1.15, wps=128.9, ups=0.5, wpb=256, bsz=128, num_updates=7910, lr=3.28508e-05, gnorm=0.812, clip=10, loss_scale=1024, train_wall=20, gb_free=36.7, wall=20523
2023-05-16 04:16:02 - progress_bar.py[line:272] - INFO: epoch 002:   3794 / 4137 loss=0.198, loss_v1=0, loss_v2=0, nll_loss=0.198, ntokens=256, nsentences=128, sample_size=256, sample_size_v1=0, sample_size_v2=0, ppl=1.15, wps=130.3, ups=0.51, wpb=256, bsz=128, num_updates=7920, lr=3.2825e-05, gnorm=0.783, clip=0, loss_scale=1024, train_wall=20, gb_free=36.5, wall=20543
2023-05-16 04:16:22 - progress_bar.py[line:272] - INFO: epoch 002:   3804 / 4137 loss=0.21, loss_v1=0, loss_v2=0, nll_loss=0.21, ntokens=256, nsentences=128, sample_size=256, sample_size_v1=0, sample_size_v2=0, ppl=1.16, wps=128.4, ups=0.5, wpb=256, bsz=128, num_updates=7930, lr=3.27993e-05, gnorm=0.837, clip=10, loss_scale=1024, train_wall=20, gb_free=36.6, wall=20563
2023-05-16 04:16:42 - progress_bar.py[line:272] - INFO: epoch 002:   3814 / 4137 loss=0.206, loss_v1=0, loss_v2=0, nll_loss=0.206, ntokens=256, nsentences=128, sample_size=256, sample_size_v1=0, sample_size_v2=0, ppl=1.15, wps=129, ups=0.5, wpb=256, bsz=128, num_updates=7940, lr=3.27736e-05, gnorm=0.773, clip=0, loss_scale=1024, train_wall=20, gb_free=36.6, wall=20582
2023-05-16 04:17:02 - progress_bar.py[line:272] - INFO: epoch 002:   3824 / 4137 loss=0.194, loss_v1=0, loss_v2=0, nll_loss=0.194, ntokens=256, nsentences=128, sample_size=256, sample_size_v1=0, sample_size_v2=0, ppl=1.14, wps=129, ups=0.5, wpb=256, bsz=128, num_updates=7950, lr=3.27479e-05, gnorm=0.781, clip=0, loss_scale=1024, train_wall=20, gb_free=36.5, wall=20602
2023-05-16 04:17:25 - progress_bar.py[line:272] - INFO: epoch 002:   3834 / 4137 loss=0.196, loss_v1=0, loss_v2=0, nll_loss=0.196, ntokens=256, nsentences=128, sample_size=256, sample_size_v1=0, sample_size_v2=0, ppl=1.15, wps=111.2, ups=0.43, wpb=256, bsz=128, num_updates=7960, lr=3.27222e-05, gnorm=0.813, clip=10, loss_scale=1024, train_wall=23, gb_free=36.6, wall=20625
2023-05-16 04:17:46 - progress_bar.py[line:272] - INFO: epoch 002:   3844 / 4137 loss=0.195, loss_v1=0, loss_v2=0, nll_loss=0.195, ntokens=256, nsentences=128, sample_size=256, sample_size_v1=0, sample_size_v2=0, ppl=1.14, wps=120.5, ups=0.47, wpb=256, bsz=128, num_updates=7970, lr=3.26965e-05, gnorm=0.843, clip=20, loss_scale=1024, train_wall=21, gb_free=36.5, wall=20647
2023-05-16 04:18:06 - progress_bar.py[line:272] - INFO: epoch 002:   3854 / 4137 loss=0.228, loss_v1=0, loss_v2=0, nll_loss=0.228, ntokens=256, nsentences=128, sample_size=256, sample_size_v1=0, sample_size_v2=0, ppl=1.17, wps=128.7, ups=0.5, wpb=256, bsz=128, num_updates=7980, lr=3.26707e-05, gnorm=0.852, clip=20, loss_scale=1024, train_wall=20, gb_free=36.6, wall=20666
2023-05-16 04:18:26 - progress_bar.py[line:272] - INFO: epoch 002:   3864 / 4137 loss=0.195, loss_v1=0, loss_v2=0, nll_loss=0.195, ntokens=256, nsentences=128, sample_size=256, sample_size_v1=0, sample_size_v2=0, ppl=1.15, wps=129.4, ups=0.51, wpb=256, bsz=128, num_updates=7990, lr=3.2645e-05, gnorm=0.803, clip=0, loss_scale=1024, train_wall=20, gb_free=36.6, wall=20686
2023-05-16 04:18:48 - progress_bar.py[line:272] - INFO: epoch 002:   3874 / 4137 loss=0.217, loss_v1=0, loss_v2=0, nll_loss=0.217, ntokens=254.2, nsentences=127.1, sample_size=254.2, sample_size_v1=0, sample_size_v2=0, ppl=1.16, wps=114.7, ups=0.45, wpb=254.2, bsz=127.1, num_updates=8000, lr=3.26193e-05, gnorm=0.85, clip=0, loss_scale=1024, train_wall=22, gb_free=36.5, wall=20708
slice_id 3 seek offset 13394
slice_id 1 seek offset 4465
slice_id 2 seek offset 8930
2023-05-16 04:18:48 - train.py[line:445] - INFO: begin validation on "valid" subset
slice_id 0 seek offset 0
slice_id 0 seek offset 0
slice_id 3 seek offset 13394
slice_id 1 seek offset 4465
slice_id 2 seek offset 8930
2023-05-16 04:22:31 - progress_bar.py[line:282] - INFO: epoch 002 | valid on 'valid' subset | loss 0.216 | loss_v1 0 | loss_v2 0 | nll_loss 0.216 | ntokens 31.975 | nsentences 15.987 | sample_size 31.975 | sample_size_v1 0 | sample_size_v2 0 | ppl 1.16 | snli_score 0.8391 | wps 160.3 | wpb 32 | bsz 16 | num_updates 8000 | best_snli_score 0.8391
2023-05-16 04:22:31 - checkpoint_utils.py[line:64] - INFO: Preparing to save checkpoint for epoch 2 @ 8000 updates
2023-05-16 04:22:31 - trainer.py[line:431] - INFO: Saving checkpoint to ./EC_full_checkpoints/5_5e-5/checkpoint_2_8000.pt
2023-05-16 04:22:34 - trainer.py[line:441] - INFO: Finished saving checkpoint to ./EC_full_checkpoints/5_5e-5/checkpoint_2_8000.pt
2023-05-16 04:22:40 - checkpoint_utils.py[line:133] - INFO: Saved checkpoint ./EC_full_checkpoints/5_5e-5/checkpoint_2_8000.pt (epoch 2 @ 8000 updates, score 0.8391) (writing took 8.341828384902328 seconds)
2023-05-16 04:23:00 - progress_bar.py[line:272] - INFO: epoch 002:   3884 / 4137 loss=0.217, loss_v1=0, loss_v2=0, nll_loss=0.217, ntokens=256, nsentences=128, sample_size=256, sample_size_v1=0, sample_size_v2=0, ppl=1.16, wps=10.2, ups=0.04, wpb=256, bsz=128, num_updates=8010, lr=3.25936e-05, gnorm=0.867, clip=20, loss_scale=1024, train_wall=20, gb_free=36.6, wall=20960
2023-05-16 04:23:19 - progress_bar.py[line:272] - INFO: epoch 002:   3894 / 4137 loss=0.216, loss_v1=0, loss_v2=0, nll_loss=0.216, ntokens=256, nsentences=128, sample_size=256, sample_size_v1=0, sample_size_v2=0, ppl=1.16, wps=129, ups=0.5, wpb=256, bsz=128, num_updates=8020, lr=3.25679e-05, gnorm=0.82, clip=0, loss_scale=1024, train_wall=20, gb_free=36.6, wall=20980
2023-05-16 04:23:39 - progress_bar.py[line:272] - INFO: epoch 002:   3904 / 4137 loss=0.186, loss_v1=0, loss_v2=0, nll_loss=0.186, ntokens=256, nsentences=128, sample_size=256, sample_size_v1=0, sample_size_v2=0, ppl=1.14, wps=128.2, ups=0.5, wpb=256, bsz=128, num_updates=8030, lr=3.25422e-05, gnorm=0.787, clip=20, loss_scale=1024, train_wall=20, gb_free=36.5, wall=21000
2023-05-16 04:23:59 - progress_bar.py[line:272] - INFO: epoch 002:   3914 / 4137 loss=0.202, loss_v1=0, loss_v2=0, nll_loss=0.202, ntokens=256, nsentences=128, sample_size=256, sample_size_v1=0, sample_size_v2=0, ppl=1.15, wps=128.3, ups=0.5, wpb=256, bsz=128, num_updates=8040, lr=3.25165e-05, gnorm=0.831, clip=10, loss_scale=1024, train_wall=20, gb_free=36.6, wall=21020
2023-05-16 04:24:20 - progress_bar.py[line:272] - INFO: epoch 002:   3924 / 4137 loss=0.215, loss_v1=0, loss_v2=0, nll_loss=0.215, ntokens=256, nsentences=128, sample_size=256, sample_size_v1=0, sample_size_v2=0, ppl=1.16, wps=127.3, ups=0.5, wpb=256, bsz=128, num_updates=8050, lr=3.24907e-05, gnorm=0.829, clip=10, loss_scale=1024, train_wall=20, gb_free=36.6, wall=21040
2023-05-16 04:24:40 - progress_bar.py[line:272] - INFO: epoch 002:   3934 / 4137 loss=0.209, loss_v1=0, loss_v2=0, nll_loss=0.209, ntokens=256, nsentences=128, sample_size=256, sample_size_v1=0, sample_size_v2=0, ppl=1.16, wps=127.6, ups=0.5, wpb=256, bsz=128, num_updates=8060, lr=3.2465e-05, gnorm=0.827, clip=10, loss_scale=1024, train_wall=20, gb_free=36.6, wall=21060
2023-05-16 04:24:59 - progress_bar.py[line:272] - INFO: epoch 002:   3944 / 4137 loss=0.206, loss_v1=0, loss_v2=0, nll_loss=0.206, ntokens=256, nsentences=128, sample_size=256, sample_size_v1=0, sample_size_v2=0, ppl=1.15, wps=128.7, ups=0.5, wpb=256, bsz=128, num_updates=8070, lr=3.24393e-05, gnorm=0.782, clip=0, loss_scale=1024, train_wall=20, gb_free=36.7, wall=21080
2023-05-16 04:25:19 - progress_bar.py[line:272] - INFO: epoch 002:   3954 / 4137 loss=0.21, loss_v1=0, loss_v2=0, nll_loss=0.21, ntokens=256, nsentences=128, sample_size=256, sample_size_v1=0, sample_size_v2=0, ppl=1.16, wps=129.4, ups=0.51, wpb=256, bsz=128, num_updates=8080, lr=3.24136e-05, gnorm=0.822, clip=10, loss_scale=1024, train_wall=20, gb_free=36.6, wall=21099
2023-05-16 04:25:39 - progress_bar.py[line:272] - INFO: epoch 002:   3964 / 4137 loss=0.21, loss_v1=0, loss_v2=0, nll_loss=0.21, ntokens=256, nsentences=128, sample_size=256, sample_size_v1=0, sample_size_v2=0, ppl=1.16, wps=128.8, ups=0.5, wpb=256, bsz=128, num_updates=8090, lr=3.23879e-05, gnorm=0.798, clip=10, loss_scale=1024, train_wall=20, gb_free=36.7, wall=21119
2023-05-16 04:25:59 - progress_bar.py[line:272] - INFO: epoch 002:   3974 / 4137 loss=0.192, loss_v1=0, loss_v2=0, nll_loss=0.192, ntokens=256, nsentences=128, sample_size=256, sample_size_v1=0, sample_size_v2=0, ppl=1.14, wps=128.4, ups=0.5, wpb=256, bsz=128, num_updates=8100, lr=3.23622e-05, gnorm=0.74, clip=0, loss_scale=1024, train_wall=20, gb_free=36.6, wall=21139
2023-05-16 04:26:19 - progress_bar.py[line:272] - INFO: epoch 002:   3984 / 4137 loss=0.2, loss_v1=0, loss_v2=0, nll_loss=0.2, ntokens=256, nsentences=128, sample_size=256, sample_size_v1=0, sample_size_v2=0, ppl=1.15, wps=127.4, ups=0.5, wpb=256, bsz=128, num_updates=8110, lr=3.23365e-05, gnorm=0.853, clip=0, loss_scale=1024, train_wall=20, gb_free=36.4, wall=21159
2023-05-16 04:26:39 - progress_bar.py[line:272] - INFO: epoch 002:   3994 / 4137 loss=0.21, loss_v1=0, loss_v2=0, nll_loss=0.21, ntokens=256, nsentences=128, sample_size=256, sample_size_v1=0, sample_size_v2=0, ppl=1.16, wps=129.7, ups=0.51, wpb=256, bsz=128, num_updates=8120, lr=3.23107e-05, gnorm=0.948, clip=30, loss_scale=2048, train_wall=20, gb_free=36.7, wall=21179
2023-05-16 04:26:53 - trainer.py[line:921] - INFO: NOTE: gradient overflow detected, ignoring gradient, setting loss scale to: 1024.0
2023-05-16 04:27:01 - progress_bar.py[line:272] - INFO: epoch 002:   4005 / 4137 loss=0.213, loss_v1=0, loss_v2=0, nll_loss=0.213, ntokens=256, nsentences=128, sample_size=256, sample_size_v1=0, sample_size_v2=0, ppl=1.16, wps=117.7, ups=0.46, wpb=256, bsz=128, num_updates=8130, lr=3.2285e-05, gnorm=0.823, clip=0, loss_scale=1024, train_wall=22, gb_free=36.7, wall=21201
2023-05-16 04:27:21 - progress_bar.py[line:272] - INFO: epoch 002:   4015 / 4137 loss=0.212, loss_v1=0, loss_v2=0, nll_loss=0.212, ntokens=256, nsentences=128, sample_size=256, sample_size_v1=0, sample_size_v2=0, ppl=1.16, wps=128.9, ups=0.5, wpb=256, bsz=128, num_updates=8140, lr=3.22593e-05, gnorm=0.859, clip=10, loss_scale=1024, train_wall=20, gb_free=36.6, wall=21221
2023-05-16 04:27:40 - progress_bar.py[line:272] - INFO: epoch 002:   4025 / 4137 loss=0.178, loss_v1=0, loss_v2=0, nll_loss=0.178, ntokens=256, nsentences=128, sample_size=256, sample_size_v1=0, sample_size_v2=0, ppl=1.13, wps=128.3, ups=0.5, wpb=256, bsz=128, num_updates=8150, lr=3.22336e-05, gnorm=0.792, clip=10, loss_scale=1024, train_wall=20, gb_free=36.7, wall=21241
2023-05-16 04:28:00 - progress_bar.py[line:272] - INFO: epoch 002:   4035 / 4137 loss=0.21, loss_v1=0, loss_v2=0, nll_loss=0.21, ntokens=256, nsentences=128, sample_size=256, sample_size_v1=0, sample_size_v2=0, ppl=1.16, wps=128.5, ups=0.5, wpb=256, bsz=128, num_updates=8160, lr=3.22079e-05, gnorm=0.917, clip=20, loss_scale=1024, train_wall=20, gb_free=36.6, wall=21261
2023-05-16 04:28:20 - progress_bar.py[line:272] - INFO: epoch 002:   4045 / 4137 loss=0.208, loss_v1=0, loss_v2=0, nll_loss=0.208, ntokens=256, nsentences=128, sample_size=256, sample_size_v1=0, sample_size_v2=0, ppl=1.15, wps=128.5, ups=0.5, wpb=256, bsz=128, num_updates=8170, lr=3.21822e-05, gnorm=0.883, clip=20, loss_scale=1024, train_wall=20, gb_free=36.7, wall=21281
2023-05-16 04:28:40 - progress_bar.py[line:272] - INFO: epoch 002:   4055 / 4137 loss=0.197, loss_v1=0, loss_v2=0, nll_loss=0.197, ntokens=256, nsentences=128, sample_size=256, sample_size_v1=0, sample_size_v2=0, ppl=1.15, wps=128.3, ups=0.5, wpb=256, bsz=128, num_updates=8180, lr=3.21564e-05, gnorm=0.843, clip=10, loss_scale=1024, train_wall=20, gb_free=36.7, wall=21300
2023-05-16 04:29:00 - progress_bar.py[line:272] - INFO: epoch 002:   4065 / 4137 loss=0.203, loss_v1=0, loss_v2=0, nll_loss=0.203, ntokens=256, nsentences=128, sample_size=256, sample_size_v1=0, sample_size_v2=0, ppl=1.15, wps=128.2, ups=0.5, wpb=256, bsz=128, num_updates=8190, lr=3.21307e-05, gnorm=0.871, clip=0, loss_scale=1024, train_wall=20, gb_free=36.5, wall=21320
2023-05-16 04:29:20 - progress_bar.py[line:272] - INFO: epoch 002:   4075 / 4137 loss=0.207, loss_v1=0, loss_v2=0, nll_loss=0.207, ntokens=256, nsentences=128, sample_size=256, sample_size_v1=0, sample_size_v2=0, ppl=1.15, wps=129.4, ups=0.51, wpb=256, bsz=128, num_updates=8200, lr=3.2105e-05, gnorm=0.826, clip=0, loss_scale=1024, train_wall=20, gb_free=36.6, wall=21340
2023-05-16 04:29:40 - progress_bar.py[line:272] - INFO: epoch 002:   4085 / 4137 loss=0.211, loss_v1=0, loss_v2=0, nll_loss=0.211, ntokens=256, nsentences=128, sample_size=256, sample_size_v1=0, sample_size_v2=0, ppl=1.16, wps=126.4, ups=0.49, wpb=256, bsz=128, num_updates=8210, lr=3.20793e-05, gnorm=0.866, clip=30, loss_scale=1024, train_wall=20, gb_free=36.7, wall=21360
2023-05-16 04:30:01 - progress_bar.py[line:272] - INFO: epoch 002:   4095 / 4137 loss=0.22, loss_v1=0, loss_v2=0, nll_loss=0.22, ntokens=256, nsentences=128, sample_size=256, sample_size_v1=0, sample_size_v2=0, ppl=1.16, wps=124.6, ups=0.49, wpb=256, bsz=128, num_updates=8220, lr=3.20536e-05, gnorm=0.868, clip=10, loss_scale=1024, train_wall=20, gb_free=36.6, wall=21381
2023-05-16 04:30:21 - progress_bar.py[line:272] - INFO: epoch 002:   4105 / 4137 loss=0.212, loss_v1=0, loss_v2=0, nll_loss=0.212, ntokens=256, nsentences=128, sample_size=256, sample_size_v1=0, sample_size_v2=0, ppl=1.16, wps=125.4, ups=0.49, wpb=256, bsz=128, num_updates=8230, lr=3.20279e-05, gnorm=0.788, clip=0, loss_scale=1024, train_wall=20, gb_free=36.7, wall=21401
2023-05-16 04:30:41 - progress_bar.py[line:272] - INFO: epoch 002:   4115 / 4137 loss=0.201, loss_v1=0, loss_v2=0, nll_loss=0.201, ntokens=256, nsentences=128, sample_size=256, sample_size_v1=0, sample_size_v2=0, ppl=1.15, wps=128.7, ups=0.5, wpb=256, bsz=128, num_updates=8240, lr=3.20022e-05, gnorm=0.845, clip=10, loss_scale=1024, train_wall=20, gb_free=36.6, wall=21421
2023-05-16 04:31:01 - progress_bar.py[line:272] - INFO: epoch 002:   4125 / 4137 loss=0.213, loss_v1=0, loss_v2=0, nll_loss=0.213, ntokens=256, nsentences=128, sample_size=256, sample_size_v1=0, sample_size_v2=0, ppl=1.16, wps=128.1, ups=0.5, wpb=256, bsz=128, num_updates=8250, lr=3.19764e-05, gnorm=0.861, clip=10, loss_scale=1024, train_wall=20, gb_free=36.5, wall=21441
2023-05-16 04:31:21 - progress_bar.py[line:272] - INFO: epoch 002:   4135 / 4137 loss=0.183, loss_v1=0, loss_v2=0, nll_loss=0.183, ntokens=256, nsentences=128, sample_size=256, sample_size_v1=0, sample_size_v2=0, ppl=1.14, wps=129.3, ups=0.51, wpb=256, bsz=128, num_updates=8260, lr=3.19507e-05, gnorm=0.735, clip=0, loss_scale=1024, train_wall=20, gb_free=36.7, wall=21461
slice_id 1 seek offset 4465slice_id 2 seek offset 8930

slice_id 3 seek offset 13394
2023-05-16 04:31:25 - train.py[line:445] - INFO: begin validation on "valid" subset
slice_id 0 seek offset 0
slice_id 0 seek offset 0
slice_id 3 seek offset 13394slice_id 1 seek offset 4465

slice_id 2 seek offset 8930
2023-05-16 04:34:47 - progress_bar.py[line:282] - INFO: epoch 002 | valid on 'valid' subset | loss 0.216 | loss_v1 0 | loss_v2 0 | nll_loss 0.216 | ntokens 31.975 | nsentences 15.987 | sample_size 31.975 | sample_size_v1 0 | sample_size_v2 0 | ppl 1.16 | snli_score 0.8374 | wps 177.1 | wpb 32 | bsz 16 | num_updates 8262 | best_snli_score 0.8391
2023-05-16 04:34:47 - checkpoint_utils.py[line:64] - INFO: Preparing to save checkpoint for epoch 2 @ 8262 updates
local datafile ../../dataset/snli_ve_data/snli_ve_train.tsv slice_id 1 begin to initialize row_count and line_idx-to-offset mapping
local datafile ../../dataset/snli_ve_data/snli_ve_train.tsv slice_id 3 begin to initialize row_count and line_idx-to-offset mapping
2023-05-16 04:34:47 - trainer.py[line:431] - INFO: Saving checkpoint to ./EC_full_checkpoints/5_5e-5/checkpoint2.pt
local datafile ../../dataset/snli_ve_data/snli_ve_train.tsv slice_id 2 begin to initialize row_count and line_idx-to-offset mapping
2023-05-16 04:34:49 - trainer.py[line:441] - INFO: Finished saving checkpoint to ./EC_full_checkpoints/5_5e-5/checkpoint2.pt
2023-05-16 04:34:51 - checkpoint_utils.py[line:133] - INFO: Saved checkpoint ./EC_full_checkpoints/5_5e-5/checkpoint2.pt (epoch 2 @ 8262 updates, score 0.8374) (writing took 4.64490543003194 seconds)
2023-05-16 04:34:51 - train.py[line:332] - INFO: end of epoch 2 (average epoch stats below)
2023-05-16 04:34:51 - progress_bar.py[line:282] - INFO: epoch 002 | loss 0.228 | loss_v1 0 | loss_v2 0 | nll_loss 0.228 | ntokens 255.996 | nsentences 127.998 | sample_size 255.996 | sample_size_v1 0 | sample_size_v2 0 | ppl 1.17 | wps 101.4 | ups 0.4 | wpb 256 | bsz 128 | num_updates 8262 | lr 3.19456e-05 | gnorm 0.839 | clip 12.2 | loss_scale 1024 | train_wall 8384 | gb_free 36.5 | wall 21671
2023-05-16 04:34:51 - trainer.py[line:639] - INFO: loading train data for epoch 3
local datafile ../../dataset/snli_ve_data/snli_ve_train.tsv slice_id 0 begin to initialize row_count and line_idx-to-offset mapping
local datafile ../../dataset/snli_ve_data/snli_ve_train.tsv slice_id 1 finished initializing row_count and line_idx-to-offset mapping
file ../../dataset/snli_ve_data/snli_ve_train.tsv slice_id 1 row count 132382 total row count 529527
local datafile ../../dataset/snli_ve_data/snli_ve_train.tsv slice_id 3 finished initializing row_count and line_idx-to-offset mapping
file ../../dataset/snli_ve_data/snli_ve_train.tsv slice_id 3 row count 132381 total row count 529527
slice_id 1 seek offset 132382
slice_id 3 seek offset 397146
local datafile ../../dataset/snli_ve_data/snli_ve_train.tsv slice_id 2 finished initializing row_count and line_idx-to-offset mapping
file ../../dataset/snli_ve_data/snli_ve_train.tsv slice_id 2 row count 132382 total row count 529527
slice_id 2 seek offset 264764
local datafile ../../dataset/snli_ve_data/snli_ve_train.tsv slice_id 0 finished initializing row_count and line_idx-to-offset mapping
file ../../dataset/snli_ve_data/snli_ve_train.tsv slice_id 0 row count 132382 total row count 529527
slice_id 0 seek offset 0
2023-05-16 04:35:05 - trainer.py[line:703] - INFO: begin training epoch 3
2023-05-16 04:35:05 - train.py[line:305] - INFO: Start iterating over samples
2023-05-16 04:35:21 - progress_bar.py[line:272] - INFO: epoch 003:      8 / 4137 loss=0.213, loss_v1=0, loss_v2=0, nll_loss=0.213, ntokens=256, nsentences=128, sample_size=256, sample_size_v1=0, sample_size_v2=0, ppl=1.16, wps=10.7, ups=0.04, wpb=256, bsz=128, num_updates=8270, lr=3.1925e-05, gnorm=0.832, clip=0, loss_scale=1024, train_wall=20, gb_free=36.6, wall=21701
2023-05-16 04:35:41 - progress_bar.py[line:272] - INFO: epoch 003:     18 / 4137 loss=0.197, loss_v1=0, loss_v2=0, nll_loss=0.197, ntokens=256, nsentences=128, sample_size=256, sample_size_v1=0, sample_size_v2=0, ppl=1.15, wps=129.9, ups=0.51, wpb=256, bsz=128, num_updates=8280, lr=3.18993e-05, gnorm=0.82, clip=10, loss_scale=1024, train_wall=20, gb_free=36.7, wall=21721
2023-05-16 04:36:01 - progress_bar.py[line:272] - INFO: epoch 003:     28 / 4137 loss=0.218, loss_v1=0, loss_v2=0, nll_loss=0.218, ntokens=256, nsentences=128, sample_size=256, sample_size_v1=0, sample_size_v2=0, ppl=1.16, wps=126.9, ups=0.5, wpb=256, bsz=128, num_updates=8290, lr=3.18736e-05, gnorm=0.842, clip=10, loss_scale=1024, train_wall=20, gb_free=36.6, wall=21741
2023-05-16 04:36:21 - progress_bar.py[line:272] - INFO: epoch 003:     38 / 4137 loss=0.217, loss_v1=0, loss_v2=0, nll_loss=0.217, ntokens=256, nsentences=128, sample_size=256, sample_size_v1=0, sample_size_v2=0, ppl=1.16, wps=128.1, ups=0.5, wpb=256, bsz=128, num_updates=8300, lr=3.18479e-05, gnorm=0.801, clip=0, loss_scale=1024, train_wall=20, gb_free=36.6, wall=21761
2023-05-16 04:36:41 - progress_bar.py[line:272] - INFO: epoch 003:     48 / 4137 loss=0.199, loss_v1=0, loss_v2=0, nll_loss=0.199, ntokens=256, nsentences=128, sample_size=256, sample_size_v1=0, sample_size_v2=0, ppl=1.15, wps=128, ups=0.5, wpb=256, bsz=128, num_updates=8310, lr=3.18222e-05, gnorm=0.799, clip=0, loss_scale=1024, train_wall=20, gb_free=36.7, wall=21781
2023-05-16 04:37:01 - progress_bar.py[line:272] - INFO: epoch 003:     58 / 4137 loss=0.214, loss_v1=0, loss_v2=0, nll_loss=0.214, ntokens=256, nsentences=128, sample_size=256, sample_size_v1=0, sample_size_v2=0, ppl=1.16, wps=129.2, ups=0.5, wpb=256, bsz=128, num_updates=8320, lr=3.17964e-05, gnorm=0.906, clip=30, loss_scale=1024, train_wall=20, gb_free=36.6, wall=21801
2023-05-16 04:37:21 - progress_bar.py[line:272] - INFO: epoch 003:     68 / 4137 loss=0.182, loss_v1=0, loss_v2=0, nll_loss=0.182, ntokens=256, nsentences=128, sample_size=256, sample_size_v1=0, sample_size_v2=0, ppl=1.13, wps=128.8, ups=0.5, wpb=256, bsz=128, num_updates=8330, lr=3.17707e-05, gnorm=0.754, clip=0, loss_scale=1024, train_wall=20, gb_free=36.7, wall=21821
2023-05-16 04:37:40 - progress_bar.py[line:272] - INFO: epoch 003:     78 / 4137 loss=0.21, loss_v1=0, loss_v2=0, nll_loss=0.21, ntokens=256, nsentences=128, sample_size=256, sample_size_v1=0, sample_size_v2=0, ppl=1.16, wps=129.1, ups=0.5, wpb=256, bsz=128, num_updates=8340, lr=3.1745e-05, gnorm=0.928, clip=40, loss_scale=1024, train_wall=20, gb_free=36.7, wall=21841
2023-05-16 04:38:00 - progress_bar.py[line:272] - INFO: epoch 003:     88 / 4137 loss=0.196, loss_v1=0, loss_v2=0, nll_loss=0.196, ntokens=256, nsentences=128, sample_size=256, sample_size_v1=0, sample_size_v2=0, ppl=1.15, wps=129.1, ups=0.5, wpb=256, bsz=128, num_updates=8350, lr=3.17193e-05, gnorm=0.847, clip=10, loss_scale=1024, train_wall=20, gb_free=36.6, wall=21860
2023-05-16 04:38:21 - progress_bar.py[line:272] - INFO: epoch 003:     98 / 4137 loss=0.212, loss_v1=0, loss_v2=0, nll_loss=0.212, ntokens=256, nsentences=128, sample_size=256, sample_size_v1=0, sample_size_v2=0, ppl=1.16, wps=125.8, ups=0.49, wpb=256, bsz=128, num_updates=8360, lr=3.16936e-05, gnorm=0.838, clip=10, loss_scale=1024, train_wall=20, gb_free=36.6, wall=21881
2023-05-16 04:38:41 - progress_bar.py[line:272] - INFO: epoch 003:    108 / 4137 loss=0.219, loss_v1=0, loss_v2=0, nll_loss=0.219, ntokens=256, nsentences=128, sample_size=256, sample_size_v1=0, sample_size_v2=0, ppl=1.16, wps=127.7, ups=0.5, wpb=256, bsz=128, num_updates=8370, lr=3.16679e-05, gnorm=0.887, clip=10, loss_scale=1024, train_wall=20, gb_free=36.7, wall=21901
2023-05-16 04:39:01 - progress_bar.py[line:272] - INFO: epoch 003:    118 / 4137 loss=0.188, loss_v1=0, loss_v2=0, nll_loss=0.188, ntokens=256, nsentences=128, sample_size=256, sample_size_v1=0, sample_size_v2=0, ppl=1.14, wps=128.5, ups=0.5, wpb=256, bsz=128, num_updates=8380, lr=3.16422e-05, gnorm=0.799, clip=0, loss_scale=1024, train_wall=20, gb_free=36.7, wall=21921
2023-05-16 04:39:21 - progress_bar.py[line:272] - INFO: epoch 003:    128 / 4137 loss=0.2, loss_v1=0, loss_v2=0, nll_loss=0.2, ntokens=256, nsentences=128, sample_size=256, sample_size_v1=0, sample_size_v2=0, ppl=1.15, wps=128.6, ups=0.5, wpb=256, bsz=128, num_updates=8390, lr=3.16164e-05, gnorm=0.872, clip=20, loss_scale=1024, train_wall=20, gb_free=36.6, wall=21941
2023-05-16 04:39:40 - progress_bar.py[line:272] - INFO: epoch 003:    138 / 4137 loss=0.194, loss_v1=0, loss_v2=0, nll_loss=0.194, ntokens=256, nsentences=128, sample_size=256, sample_size_v1=0, sample_size_v2=0, ppl=1.14, wps=128.7, ups=0.5, wpb=256, bsz=128, num_updates=8400, lr=3.15907e-05, gnorm=0.819, clip=10, loss_scale=1024, train_wall=20, gb_free=36.6, wall=21961
2023-05-16 04:40:00 - progress_bar.py[line:272] - INFO: epoch 003:    148 / 4137 loss=0.213, loss_v1=0, loss_v2=0, nll_loss=0.213, ntokens=256, nsentences=128, sample_size=256, sample_size_v1=0, sample_size_v2=0, ppl=1.16, wps=128.4, ups=0.5, wpb=256, bsz=128, num_updates=8410, lr=3.1565e-05, gnorm=0.83, clip=0, loss_scale=1024, train_wall=20, gb_free=36.5, wall=21981
2023-05-16 04:40:20 - progress_bar.py[line:272] - INFO: epoch 003:    158 / 4137 loss=0.215, loss_v1=0, loss_v2=0, nll_loss=0.215, ntokens=256, nsentences=128, sample_size=256, sample_size_v1=0, sample_size_v2=0, ppl=1.16, wps=128.2, ups=0.5, wpb=256, bsz=128, num_updates=8420, lr=3.15393e-05, gnorm=0.874, clip=10, loss_scale=1024, train_wall=20, gb_free=36.7, wall=22001
2023-05-16 04:40:40 - progress_bar.py[line:272] - INFO: epoch 003:    168 / 4137 loss=0.219, loss_v1=0, loss_v2=0, nll_loss=0.219, ntokens=256, nsentences=128, sample_size=256, sample_size_v1=0, sample_size_v2=0, ppl=1.16, wps=128, ups=0.5, wpb=256, bsz=128, num_updates=8430, lr=3.15136e-05, gnorm=0.851, clip=0, loss_scale=1024, train_wall=20, gb_free=36.6, wall=22021
2023-05-16 04:41:00 - progress_bar.py[line:272] - INFO: epoch 003:    178 / 4137 loss=0.172, loss_v1=0, loss_v2=0, nll_loss=0.172, ntokens=256, nsentences=128, sample_size=256, sample_size_v1=0, sample_size_v2=0, ppl=1.13, wps=128, ups=0.5, wpb=256, bsz=128, num_updates=8440, lr=3.14879e-05, gnorm=0.749, clip=10, loss_scale=1024, train_wall=20, gb_free=36.7, wall=22041
2023-05-16 04:41:20 - progress_bar.py[line:272] - INFO: epoch 003:    188 / 4137 loss=0.195, loss_v1=0, loss_v2=0, nll_loss=0.195, ntokens=256, nsentences=128, sample_size=256, sample_size_v1=0, sample_size_v2=0, ppl=1.14, wps=128.2, ups=0.5, wpb=256, bsz=128, num_updates=8450, lr=3.14621e-05, gnorm=0.855, clip=10, loss_scale=1024, train_wall=20, gb_free=36.7, wall=22060
2023-05-16 04:41:40 - progress_bar.py[line:272] - INFO: epoch 003:    198 / 4137 loss=0.217, loss_v1=0, loss_v2=0, nll_loss=0.217, ntokens=256, nsentences=128, sample_size=256, sample_size_v1=0, sample_size_v2=0, ppl=1.16, wps=127.5, ups=0.5, wpb=256, bsz=128, num_updates=8460, lr=3.14364e-05, gnorm=0.92, clip=30, loss_scale=1024, train_wall=20, gb_free=36.7, wall=22081
2023-05-16 04:42:00 - progress_bar.py[line:272] - INFO: epoch 003:    208 / 4137 loss=0.198, loss_v1=0, loss_v2=0, nll_loss=0.198, ntokens=256, nsentences=128, sample_size=256, sample_size_v1=0, sample_size_v2=0, ppl=1.15, wps=127.7, ups=0.5, wpb=256, bsz=128, num_updates=8470, lr=3.14107e-05, gnorm=0.721, clip=10, loss_scale=1024, train_wall=20, gb_free=36.6, wall=22101
2023-05-16 04:42:20 - progress_bar.py[line:272] - INFO: epoch 003:    218 / 4137 loss=0.196, loss_v1=0, loss_v2=0, nll_loss=0.196, ntokens=256, nsentences=128, sample_size=256, sample_size_v1=0, sample_size_v2=0, ppl=1.15, wps=127.7, ups=0.5, wpb=256, bsz=128, num_updates=8480, lr=3.1385e-05, gnorm=0.758, clip=0, loss_scale=1024, train_wall=20, gb_free=36.6, wall=22121
2023-05-16 04:42:41 - progress_bar.py[line:272] - INFO: epoch 003:    228 / 4137 loss=0.206, loss_v1=0, loss_v2=0, nll_loss=0.206, ntokens=256, nsentences=128, sample_size=256, sample_size_v1=0, sample_size_v2=0, ppl=1.15, wps=125.2, ups=0.49, wpb=256, bsz=128, num_updates=8490, lr=3.13593e-05, gnorm=0.818, clip=0, loss_scale=1024, train_wall=20, gb_free=36.5, wall=22141
2023-05-16 04:43:01 - progress_bar.py[line:272] - INFO: epoch 003:    238 / 4137 loss=0.188, loss_v1=0, loss_v2=0, nll_loss=0.188, ntokens=256, nsentences=128, sample_size=256, sample_size_v1=0, sample_size_v2=0, ppl=1.14, wps=127.3, ups=0.5, wpb=256, bsz=128, num_updates=8500, lr=3.13336e-05, gnorm=0.797, clip=0, loss_scale=1024, train_wall=20, gb_free=36.6, wall=22161
slice_id 3 seek offset 13394
slice_id 1 seek offset 4465
2023-05-16 04:43:01 - train.py[line:445] - INFO: begin validation on "valid" subset
slice_id 2 seek offset 8930slice_id 0 seek offset 0

slice_id 0 seek offset 0
slice_id 2 seek offset 8930
slice_id 1 seek offset 4465
slice_id 3 seek offset 13394
2023-05-16 04:46:23 - progress_bar.py[line:282] - INFO: epoch 003 | valid on 'valid' subset | loss 0.218 | loss_v1 0 | loss_v2 0 | nll_loss 0.218 | ntokens 31.975 | nsentences 15.987 | sample_size 31.975 | sample_size_v1 0 | sample_size_v2 0 | ppl 1.16 | snli_score 0.8372 | wps 176.9 | wpb 32 | bsz 16 | num_updates 8500 | best_snli_score 0.8391
2023-05-16 04:46:23 - checkpoint_utils.py[line:64] - INFO: Preparing to save checkpoint for epoch 3 @ 8500 updates
2023-05-16 04:46:23 - trainer.py[line:431] - INFO: Saving checkpoint to ./EC_full_checkpoints/5_5e-5/checkpoint_3_8500.pt
2023-05-16 04:46:26 - trainer.py[line:441] - INFO: Finished saving checkpoint to ./EC_full_checkpoints/5_5e-5/checkpoint_3_8500.pt
2023-05-16 04:46:28 - checkpoint_utils.py[line:133] - INFO: Saved checkpoint ./EC_full_checkpoints/5_5e-5/checkpoint_3_8500.pt (epoch 3 @ 8500 updates, score 0.8372) (writing took 4.777643491979688 seconds)
2023-05-16 04:46:48 - progress_bar.py[line:272] - INFO: epoch 003:    248 / 4137 loss=0.203, loss_v1=0, loss_v2=0, nll_loss=0.203, ntokens=256, nsentences=128, sample_size=256, sample_size_v1=0, sample_size_v2=0, ppl=1.15, wps=11.3, ups=0.04, wpb=256, bsz=128, num_updates=8510, lr=3.13079e-05, gnorm=0.896, clip=20, loss_scale=1024, train_wall=20, gb_free=36.6, wall=22388
2023-05-16 04:47:08 - progress_bar.py[line:272] - INFO: epoch 003:    258 / 4137 loss=0.205, loss_v1=0, loss_v2=0, nll_loss=0.205, ntokens=256, nsentences=128, sample_size=256, sample_size_v1=0, sample_size_v2=0, ppl=1.15, wps=126.4, ups=0.49, wpb=256, bsz=128, num_updates=8520, lr=3.12821e-05, gnorm=0.865, clip=20, loss_scale=1024, train_wall=20, gb_free=36.7, wall=22408
2023-05-16 04:47:28 - progress_bar.py[line:272] - INFO: epoch 003:    268 / 4137 loss=0.194, loss_v1=0, loss_v2=0, nll_loss=0.194, ntokens=256, nsentences=128, sample_size=256, sample_size_v1=0, sample_size_v2=0, ppl=1.14, wps=127.4, ups=0.5, wpb=256, bsz=128, num_updates=8530, lr=3.12564e-05, gnorm=0.811, clip=10, loss_scale=1024, train_wall=20, gb_free=36.6, wall=22428
2023-05-16 04:47:48 - progress_bar.py[line:272] - INFO: epoch 003:    278 / 4137 loss=0.2, loss_v1=0, loss_v2=0, nll_loss=0.2, ntokens=256, nsentences=128, sample_size=256, sample_size_v1=0, sample_size_v2=0, ppl=1.15, wps=128.5, ups=0.5, wpb=256, bsz=128, num_updates=8540, lr=3.12307e-05, gnorm=0.892, clip=30, loss_scale=1024, train_wall=20, gb_free=36.6, wall=22448
2023-05-16 04:48:08 - progress_bar.py[line:272] - INFO: epoch 003:    288 / 4137 loss=0.201, loss_v1=0, loss_v2=0, nll_loss=0.201, ntokens=256, nsentences=128, sample_size=256, sample_size_v1=0, sample_size_v2=0, ppl=1.15, wps=128, ups=0.5, wpb=256, bsz=128, num_updates=8550, lr=3.1205e-05, gnorm=0.911, clip=30, loss_scale=1024, train_wall=20, gb_free=36.6, wall=22468
2023-05-16 04:48:28 - progress_bar.py[line:272] - INFO: epoch 003:    298 / 4137 loss=0.192, loss_v1=0, loss_v2=0, nll_loss=0.192, ntokens=256, nsentences=128, sample_size=256, sample_size_v1=0, sample_size_v2=0, ppl=1.14, wps=126.6, ups=0.49, wpb=256, bsz=128, num_updates=8560, lr=3.11793e-05, gnorm=0.802, clip=10, loss_scale=1024, train_wall=20, gb_free=36.6, wall=22489
2023-05-16 04:48:48 - progress_bar.py[line:272] - INFO: epoch 003:    308 / 4137 loss=0.208, loss_v1=0, loss_v2=0, nll_loss=0.208, ntokens=256, nsentences=128, sample_size=256, sample_size_v1=0, sample_size_v2=0, ppl=1.16, wps=129, ups=0.5, wpb=256, bsz=128, num_updates=8570, lr=3.11536e-05, gnorm=0.888, clip=30, loss_scale=1024, train_wall=20, gb_free=36.6, wall=22508
2023-05-16 04:49:08 - progress_bar.py[line:272] - INFO: epoch 003:    318 / 4137 loss=0.182, loss_v1=0, loss_v2=0, nll_loss=0.182, ntokens=256, nsentences=128, sample_size=256, sample_size_v1=0, sample_size_v2=0, ppl=1.13, wps=128, ups=0.5, wpb=256, bsz=128, num_updates=8580, lr=3.11279e-05, gnorm=0.813, clip=10, loss_scale=1024, train_wall=20, gb_free=36.6, wall=22528
2023-05-16 04:49:28 - progress_bar.py[line:272] - INFO: epoch 003:    328 / 4137 loss=0.174, loss_v1=0, loss_v2=0, nll_loss=0.174, ntokens=256, nsentences=128, sample_size=256, sample_size_v1=0, sample_size_v2=0, ppl=1.13, wps=126.6, ups=0.49, wpb=256, bsz=128, num_updates=8590, lr=3.11021e-05, gnorm=0.818, clip=20, loss_scale=1024, train_wall=20, gb_free=36.7, wall=22549
2023-05-16 04:49:49 - progress_bar.py[line:272] - INFO: epoch 003:    338 / 4137 loss=0.184, loss_v1=0, loss_v2=0, nll_loss=0.184, ntokens=256, nsentences=128, sample_size=256, sample_size_v1=0, sample_size_v2=0, ppl=1.14, wps=125.6, ups=0.49, wpb=256, bsz=128, num_updates=8600, lr=3.10764e-05, gnorm=0.841, clip=10, loss_scale=1024, train_wall=20, gb_free=36.7, wall=22569
2023-05-16 04:50:09 - progress_bar.py[line:272] - INFO: epoch 003:    348 / 4137 loss=0.188, loss_v1=0, loss_v2=0, nll_loss=0.188, ntokens=256, nsentences=128, sample_size=256, sample_size_v1=0, sample_size_v2=0, ppl=1.14, wps=126.4, ups=0.49, wpb=256, bsz=128, num_updates=8610, lr=3.10507e-05, gnorm=0.958, clip=30, loss_scale=1024, train_wall=20, gb_free=36.6, wall=22589
2023-05-16 04:50:29 - progress_bar.py[line:272] - INFO: epoch 003:    358 / 4137 loss=0.209, loss_v1=0, loss_v2=0, nll_loss=0.209, ntokens=256, nsentences=128, sample_size=256, sample_size_v1=0, sample_size_v2=0, ppl=1.16, wps=126.5, ups=0.49, wpb=256, bsz=128, num_updates=8620, lr=3.1025e-05, gnorm=0.886, clip=40, loss_scale=1024, train_wall=20, gb_free=36.7, wall=22609
2023-05-16 04:50:50 - progress_bar.py[line:272] - INFO: epoch 003:    368 / 4137 loss=0.207, loss_v1=0, loss_v2=0, nll_loss=0.207, ntokens=256, nsentences=128, sample_size=256, sample_size_v1=0, sample_size_v2=0, ppl=1.15, wps=125.7, ups=0.49, wpb=256, bsz=128, num_updates=8630, lr=3.09993e-05, gnorm=0.799, clip=0, loss_scale=1024, train_wall=20, gb_free=36.7, wall=22630
2023-05-16 04:51:10 - progress_bar.py[line:272] - INFO: epoch 003:    378 / 4137 loss=0.202, loss_v1=0, loss_v2=0, nll_loss=0.202, ntokens=256, nsentences=128, sample_size=256, sample_size_v1=0, sample_size_v2=0, ppl=1.15, wps=125, ups=0.49, wpb=256, bsz=128, num_updates=8640, lr=3.09736e-05, gnorm=0.766, clip=0, loss_scale=2048, train_wall=20, gb_free=36.5, wall=22650
2023-05-16 04:51:30 - progress_bar.py[line:272] - INFO: epoch 003:    388 / 4137 loss=0.192, loss_v1=0, loss_v2=0, nll_loss=0.192, ntokens=256, nsentences=128, sample_size=256, sample_size_v1=0, sample_size_v2=0, ppl=1.14, wps=126.2, ups=0.49, wpb=256, bsz=128, num_updates=8650, lr=3.09479e-05, gnorm=0.76, clip=0, loss_scale=2048, train_wall=20, gb_free=36.5, wall=22671
2023-05-16 04:51:36 - trainer.py[line:921] - INFO: NOTE: gradient overflow detected, ignoring gradient, setting loss scale to: 1024.0
2023-05-16 04:51:52 - progress_bar.py[line:272] - INFO: epoch 003:    399 / 4137 loss=0.212, loss_v1=0, loss_v2=0, nll_loss=0.212, ntokens=256, nsentences=128, sample_size=256, sample_size_v1=0, sample_size_v2=0, ppl=1.16, wps=115.9, ups=0.45, wpb=256, bsz=128, num_updates=8660, lr=3.09221e-05, gnorm=0.904, clip=10, loss_scale=1024, train_wall=22, gb_free=36.1, wall=22693
2023-05-16 04:52:13 - progress_bar.py[line:272] - INFO: epoch 003:    409 / 4137 loss=0.195, loss_v1=0, loss_v2=0, nll_loss=0.195, ntokens=256, nsentences=128, sample_size=256, sample_size_v1=0, sample_size_v2=0, ppl=1.15, wps=126.8, ups=0.5, wpb=256, bsz=128, num_updates=8670, lr=3.08964e-05, gnorm=0.792, clip=0, loss_scale=1024, train_wall=20, gb_free=36.3, wall=22713
2023-05-16 04:52:33 - progress_bar.py[line:272] - INFO: epoch 003:    419 / 4137 loss=0.189, loss_v1=0, loss_v2=0, nll_loss=0.189, ntokens=256, nsentences=128, sample_size=256, sample_size_v1=0, sample_size_v2=0, ppl=1.14, wps=125, ups=0.49, wpb=256, bsz=128, num_updates=8680, lr=3.08707e-05, gnorm=0.794, clip=0, loss_scale=1024, train_wall=20, gb_free=36.7, wall=22733
2023-05-16 04:52:53 - progress_bar.py[line:272] - INFO: epoch 003:    429 / 4137 loss=0.178, loss_v1=0, loss_v2=0, nll_loss=0.178, ntokens=256, nsentences=128, sample_size=256, sample_size_v1=0, sample_size_v2=0, ppl=1.13, wps=126.8, ups=0.5, wpb=256, bsz=128, num_updates=8690, lr=3.0845e-05, gnorm=0.789, clip=10, loss_scale=1024, train_wall=20, gb_free=36.4, wall=22754
2023-05-16 04:53:14 - progress_bar.py[line:272] - INFO: epoch 003:    439 / 4137 loss=0.207, loss_v1=0, loss_v2=0, nll_loss=0.207, ntokens=256, nsentences=128, sample_size=256, sample_size_v1=0, sample_size_v2=0, ppl=1.15, wps=125.1, ups=0.49, wpb=256, bsz=128, num_updates=8700, lr=3.08193e-05, gnorm=0.903, clip=20, loss_scale=1024, train_wall=20, gb_free=36.6, wall=22774
2023-05-16 04:53:34 - progress_bar.py[line:272] - INFO: epoch 003:    449 / 4137 loss=0.202, loss_v1=0, loss_v2=0, nll_loss=0.202, ntokens=256, nsentences=128, sample_size=256, sample_size_v1=0, sample_size_v2=0, ppl=1.15, wps=123.9, ups=0.48, wpb=256, bsz=128, num_updates=8710, lr=3.07936e-05, gnorm=0.824, clip=0, loss_scale=1024, train_wall=21, gb_free=36.6, wall=22795
2023-05-16 04:53:56 - progress_bar.py[line:272] - INFO: epoch 003:    459 / 4137 loss=0.205, loss_v1=0, loss_v2=0, nll_loss=0.205, ntokens=256, nsentences=128, sample_size=256, sample_size_v1=0, sample_size_v2=0, ppl=1.15, wps=121.4, ups=0.47, wpb=256, bsz=128, num_updates=8720, lr=3.07678e-05, gnorm=0.786, clip=0, loss_scale=1024, train_wall=21, gb_free=36.7, wall=22816
2023-05-16 04:54:16 - progress_bar.py[line:272] - INFO: epoch 003:    469 / 4137 loss=0.197, loss_v1=0, loss_v2=0, nll_loss=0.197, ntokens=256, nsentences=128, sample_size=256, sample_size_v1=0, sample_size_v2=0, ppl=1.15, wps=125.9, ups=0.49, wpb=256, bsz=128, num_updates=8730, lr=3.07421e-05, gnorm=0.853, clip=10, loss_scale=1024, train_wall=20, gb_free=36.7, wall=22836
2023-05-16 04:54:36 - progress_bar.py[line:272] - INFO: epoch 003:    479 / 4137 loss=0.203, loss_v1=0, loss_v2=0, nll_loss=0.203, ntokens=256, nsentences=128, sample_size=256, sample_size_v1=0, sample_size_v2=0, ppl=1.15, wps=127.8, ups=0.5, wpb=256, bsz=128, num_updates=8740, lr=3.07164e-05, gnorm=0.819, clip=10, loss_scale=1024, train_wall=20, gb_free=36.6, wall=22856
2023-05-16 04:54:56 - progress_bar.py[line:272] - INFO: epoch 003:    489 / 4137 loss=0.193, loss_v1=0, loss_v2=0, nll_loss=0.193, ntokens=256, nsentences=128, sample_size=256, sample_size_v1=0, sample_size_v2=0, ppl=1.14, wps=128.3, ups=0.5, wpb=256, bsz=128, num_updates=8750, lr=3.06907e-05, gnorm=0.831, clip=10, loss_scale=1024, train_wall=20, gb_free=36.7, wall=22876
2023-05-16 04:55:16 - progress_bar.py[line:272] - INFO: epoch 003:    499 / 4137 loss=0.209, loss_v1=0, loss_v2=0, nll_loss=0.209, ntokens=256, nsentences=128, sample_size=256, sample_size_v1=0, sample_size_v2=0, ppl=1.16, wps=128, ups=0.5, wpb=256, bsz=128, num_updates=8760, lr=3.0665e-05, gnorm=0.863, clip=10, loss_scale=1024, train_wall=20, gb_free=36.6, wall=22896
2023-05-16 04:55:36 - progress_bar.py[line:272] - INFO: epoch 003:    509 / 4137 loss=0.193, loss_v1=0, loss_v2=0, nll_loss=0.193, ntokens=256, nsentences=128, sample_size=256, sample_size_v1=0, sample_size_v2=0, ppl=1.14, wps=125.1, ups=0.49, wpb=256, bsz=128, num_updates=8770, lr=3.06393e-05, gnorm=0.843, clip=20, loss_scale=1024, train_wall=20, gb_free=36.6, wall=22917
2023-05-16 04:55:57 - progress_bar.py[line:272] - INFO: epoch 003:    519 / 4137 loss=0.203, loss_v1=0, loss_v2=0, nll_loss=0.203, ntokens=256, nsentences=128, sample_size=256, sample_size_v1=0, sample_size_v2=0, ppl=1.15, wps=126.2, ups=0.49, wpb=256, bsz=128, num_updates=8780, lr=3.06136e-05, gnorm=0.797, clip=0, loss_scale=1024, train_wall=20, gb_free=36.5, wall=22937
2023-05-16 04:56:17 - progress_bar.py[line:272] - INFO: epoch 003:    529 / 4137 loss=0.185, loss_v1=0, loss_v2=0, nll_loss=0.185, ntokens=256, nsentences=128, sample_size=256, sample_size_v1=0, sample_size_v2=0, ppl=1.14, wps=126.7, ups=0.49, wpb=256, bsz=128, num_updates=8790, lr=3.05878e-05, gnorm=0.77, clip=0, loss_scale=1024, train_wall=20, gb_free=36.6, wall=22957
2023-05-16 04:56:40 - progress_bar.py[line:272] - INFO: epoch 003:    539 / 4137 loss=0.198, loss_v1=0, loss_v2=0, nll_loss=0.198, ntokens=256, nsentences=128, sample_size=256, sample_size_v1=0, sample_size_v2=0, ppl=1.15, wps=110.2, ups=0.43, wpb=256, bsz=128, num_updates=8800, lr=3.05621e-05, gnorm=0.863, clip=0, loss_scale=1024, train_wall=23, gb_free=36.5, wall=22980
2023-05-16 04:57:03 - progress_bar.py[line:272] - INFO: epoch 003:    549 / 4137 loss=0.175, loss_v1=0, loss_v2=0, nll_loss=0.175, ntokens=256, nsentences=128, sample_size=256, sample_size_v1=0, sample_size_v2=0, ppl=1.13, wps=110.4, ups=0.43, wpb=256, bsz=128, num_updates=8810, lr=3.05364e-05, gnorm=0.872, clip=10, loss_scale=1024, train_wall=23, gb_free=36.6, wall=23003
2023-05-16 04:57:28 - progress_bar.py[line:272] - INFO: epoch 003:    559 / 4137 loss=0.193, loss_v1=0, loss_v2=0, nll_loss=0.193, ntokens=256, nsentences=128, sample_size=256, sample_size_v1=0, sample_size_v2=0, ppl=1.14, wps=102.9, ups=0.4, wpb=256, bsz=128, num_updates=8820, lr=3.05107e-05, gnorm=0.929, clip=30, loss_scale=1024, train_wall=25, gb_free=36.5, wall=23028
2023-05-16 04:57:48 - progress_bar.py[line:272] - INFO: epoch 003:    569 / 4137 loss=0.21, loss_v1=0, loss_v2=0, nll_loss=0.21, ntokens=256, nsentences=128, sample_size=256, sample_size_v1=0, sample_size_v2=0, ppl=1.16, wps=125.9, ups=0.49, wpb=256, bsz=128, num_updates=8830, lr=3.0485e-05, gnorm=0.948, clip=40, loss_scale=1024, train_wall=20, gb_free=36.7, wall=23049
2023-05-16 04:58:08 - progress_bar.py[line:272] - INFO: epoch 003:    579 / 4137 loss=0.193, loss_v1=0, loss_v2=0, nll_loss=0.193, ntokens=256, nsentences=128, sample_size=256, sample_size_v1=0, sample_size_v2=0, ppl=1.14, wps=128.4, ups=0.5, wpb=256, bsz=128, num_updates=8840, lr=3.04593e-05, gnorm=0.838, clip=10, loss_scale=1024, train_wall=20, gb_free=36.3, wall=23069
2023-05-16 04:58:31 - progress_bar.py[line:272] - INFO: epoch 003:    589 / 4137 loss=0.196, loss_v1=0, loss_v2=0, nll_loss=0.196, ntokens=256, nsentences=128, sample_size=256, sample_size_v1=0, sample_size_v2=0, ppl=1.15, wps=110.8, ups=0.43, wpb=256, bsz=128, num_updates=8850, lr=3.04336e-05, gnorm=0.78, clip=0, loss_scale=1024, train_wall=23, gb_free=36.6, wall=23092
2023-05-16 04:58:56 - progress_bar.py[line:272] - INFO: epoch 003:    599 / 4137 loss=0.201, loss_v1=0, loss_v2=0, nll_loss=0.201, ntokens=256, nsentences=128, sample_size=256, sample_size_v1=0, sample_size_v2=0, ppl=1.15, wps=104, ups=0.41, wpb=256, bsz=128, num_updates=8860, lr=3.04078e-05, gnorm=0.826, clip=0, loss_scale=1024, train_wall=25, gb_free=36.7, wall=23116
2023-05-16 04:59:17 - progress_bar.py[line:272] - INFO: epoch 003:    609 / 4137 loss=0.186, loss_v1=0, loss_v2=0, nll_loss=0.186, ntokens=256, nsentences=128, sample_size=256, sample_size_v1=0, sample_size_v2=0, ppl=1.14, wps=121, ups=0.47, wpb=256, bsz=128, num_updates=8870, lr=3.03821e-05, gnorm=0.893, clip=20, loss_scale=1024, train_wall=21, gb_free=36.6, wall=23137
2023-05-16 04:59:37 - progress_bar.py[line:272] - INFO: epoch 003:    619 / 4137 loss=0.203, loss_v1=0, loss_v2=0, nll_loss=0.203, ntokens=256, nsentences=128, sample_size=256, sample_size_v1=0, sample_size_v2=0, ppl=1.15, wps=127.5, ups=0.5, wpb=256, bsz=128, num_updates=8880, lr=3.03564e-05, gnorm=0.912, clip=10, loss_scale=1024, train_wall=20, gb_free=36.7, wall=23158
2023-05-16 04:59:57 - progress_bar.py[line:272] - INFO: epoch 003:    629 / 4137 loss=0.201, loss_v1=0, loss_v2=0, nll_loss=0.201, ntokens=256, nsentences=128, sample_size=256, sample_size_v1=0, sample_size_v2=0, ppl=1.15, wps=128, ups=0.5, wpb=256, bsz=128, num_updates=8890, lr=3.03307e-05, gnorm=0.894, clip=10, loss_scale=1024, train_wall=20, gb_free=36.7, wall=23178
2023-05-16 05:00:17 - progress_bar.py[line:272] - INFO: epoch 003:    639 / 4137 loss=0.228, loss_v1=0, loss_v2=0, nll_loss=0.228, ntokens=256, nsentences=128, sample_size=256, sample_size_v1=0, sample_size_v2=0, ppl=1.17, wps=128.3, ups=0.5, wpb=256, bsz=128, num_updates=8900, lr=3.0305e-05, gnorm=0.877, clip=20, loss_scale=1024, train_wall=20, gb_free=36.6, wall=23198
2023-05-16 05:00:42 - progress_bar.py[line:272] - INFO: epoch 003:    649 / 4137 loss=0.204, loss_v1=0, loss_v2=0, nll_loss=0.204, ntokens=256, nsentences=128, sample_size=256, sample_size_v1=0, sample_size_v2=0, ppl=1.15, wps=102.5, ups=0.4, wpb=256, bsz=128, num_updates=8910, lr=3.02793e-05, gnorm=0.799, clip=0, loss_scale=1024, train_wall=25, gb_free=36.6, wall=23223
2023-05-16 05:01:06 - progress_bar.py[line:272] - INFO: epoch 003:    659 / 4137 loss=0.219, loss_v1=0, loss_v2=0, nll_loss=0.219, ntokens=256, nsentences=128, sample_size=256, sample_size_v1=0, sample_size_v2=0, ppl=1.16, wps=108.2, ups=0.42, wpb=256, bsz=128, num_updates=8920, lr=3.02535e-05, gnorm=0.791, clip=0, loss_scale=1024, train_wall=24, gb_free=36.7, wall=23246
2023-05-16 05:01:26 - progress_bar.py[line:272] - INFO: epoch 003:    669 / 4137 loss=0.21, loss_v1=0, loss_v2=0, nll_loss=0.21, ntokens=256, nsentences=128, sample_size=256, sample_size_v1=0, sample_size_v2=0, ppl=1.16, wps=127.2, ups=0.5, wpb=256, bsz=128, num_updates=8930, lr=3.02278e-05, gnorm=0.854, clip=0, loss_scale=1024, train_wall=20, gb_free=36.7, wall=23266
2023-05-16 05:01:48 - progress_bar.py[line:272] - INFO: epoch 003:    679 / 4137 loss=0.2, loss_v1=0, loss_v2=0, nll_loss=0.2, ntokens=256, nsentences=128, sample_size=256, sample_size_v1=0, sample_size_v2=0, ppl=1.15, wps=115.7, ups=0.45, wpb=256, bsz=128, num_updates=8940, lr=3.02021e-05, gnorm=0.88, clip=10, loss_scale=1024, train_wall=22, gb_free=36.6, wall=23288
2023-05-16 05:02:20 - progress_bar.py[line:272] - INFO: epoch 003:    689 / 4137 loss=0.211, loss_v1=0, loss_v2=0, nll_loss=0.211, ntokens=256, nsentences=128, sample_size=256, sample_size_v1=0, sample_size_v2=0, ppl=1.16, wps=79.6, ups=0.31, wpb=256, bsz=128, num_updates=8950, lr=3.01764e-05, gnorm=0.845, clip=0, loss_scale=1024, train_wall=32, gb_free=36.7, wall=23321
2023-05-16 05:02:51 - progress_bar.py[line:272] - INFO: epoch 003:    699 / 4137 loss=0.219, loss_v1=0, loss_v2=0, nll_loss=0.219, ntokens=256, nsentences=128, sample_size=256, sample_size_v1=0, sample_size_v2=0, ppl=1.16, wps=84.9, ups=0.33, wpb=256, bsz=128, num_updates=8960, lr=3.01507e-05, gnorm=0.883, clip=20, loss_scale=1024, train_wall=30, gb_free=36.6, wall=23351
2023-05-16 05:03:11 - progress_bar.py[line:272] - INFO: epoch 003:    709 / 4137 loss=0.203, loss_v1=0, loss_v2=0, nll_loss=0.203, ntokens=256, nsentences=128, sample_size=256, sample_size_v1=0, sample_size_v2=0, ppl=1.15, wps=125, ups=0.49, wpb=256, bsz=128, num_updates=8970, lr=3.0125e-05, gnorm=0.844, clip=0, loss_scale=1024, train_wall=20, gb_free=36.5, wall=23371
2023-05-16 05:03:38 - progress_bar.py[line:272] - INFO: epoch 003:    719 / 4137 loss=0.196, loss_v1=0, loss_v2=0, nll_loss=0.196, ntokens=256, nsentences=128, sample_size=256, sample_size_v1=0, sample_size_v2=0, ppl=1.15, wps=96, ups=0.38, wpb=256, bsz=128, num_updates=8980, lr=3.00993e-05, gnorm=0.783, clip=0, loss_scale=1024, train_wall=27, gb_free=36.6, wall=23398
2023-05-16 05:04:05 - progress_bar.py[line:272] - INFO: epoch 003:    729 / 4137 loss=0.212, loss_v1=0, loss_v2=0, nll_loss=0.212, ntokens=256, nsentences=128, sample_size=256, sample_size_v1=0, sample_size_v2=0, ppl=1.16, wps=94.5, ups=0.37, wpb=256, bsz=128, num_updates=8990, lr=3.00735e-05, gnorm=0.956, clip=40, loss_scale=1024, train_wall=27, gb_free=36.6, wall=23425
2023-05-16 05:04:33 - progress_bar.py[line:272] - INFO: epoch 003:    739 / 4137 loss=0.199, loss_v1=0, loss_v2=0, nll_loss=0.199, ntokens=256, nsentences=128, sample_size=256, sample_size_v1=0, sample_size_v2=0, ppl=1.15, wps=90.8, ups=0.35, wpb=256, bsz=128, num_updates=9000, lr=3.00478e-05, gnorm=0.864, clip=10, loss_scale=1024, train_wall=28, gb_free=36.6, wall=23453
slice_id 1 seek offset 4465
slice_id 3 seek offset 13394
2023-05-16 05:04:33 - train.py[line:445] - INFO: begin validation on "valid" subset
slice_id 0 seek offset 0
slice_id 2 seek offset 8930
slice_id 1 seek offset 4465
slice_id 3 seek offset 13394
slice_id 0 seek offset 0
slice_id 2 seek offset 8930
2023-05-16 05:09:38 - progress_bar.py[line:282] - INFO: epoch 003 | valid on 'valid' subset | loss 0.217 | loss_v1 0 | loss_v2 0 | nll_loss 0.217 | ntokens 31.975 | nsentences 15.987 | sample_size 31.975 | sample_size_v1 0 | sample_size_v2 0 | ppl 1.16 | snli_score 0.8355 | wps 117.2 | wpb 32 | bsz 16 | num_updates 9000 | best_snli_score 0.8391
2023-05-16 05:09:38 - checkpoint_utils.py[line:64] - INFO: Preparing to save checkpoint for epoch 3 @ 9000 updates
2023-05-16 05:09:38 - trainer.py[line:431] - INFO: Saving checkpoint to ./EC_full_checkpoints/5_5e-5/checkpoint_3_9000.pt
2023-05-16 05:09:41 - trainer.py[line:441] - INFO: Finished saving checkpoint to ./EC_full_checkpoints/5_5e-5/checkpoint_3_9000.pt
2023-05-16 05:09:44 - checkpoint_utils.py[line:133] - INFO: Saved checkpoint ./EC_full_checkpoints/5_5e-5/checkpoint_3_9000.pt (epoch 3 @ 9000 updates, score 0.8355) (writing took 6.080191432032734 seconds)
2023-05-16 05:10:13 - progress_bar.py[line:272] - INFO: epoch 003:    749 / 4137 loss=0.212, loss_v1=0, loss_v2=0, nll_loss=0.212, ntokens=256, nsentences=128, sample_size=256, sample_size_v1=0, sample_size_v2=0, ppl=1.16, wps=7.5, ups=0.03, wpb=256, bsz=128, num_updates=9010, lr=3.00221e-05, gnorm=0.87, clip=10, loss_scale=1024, train_wall=29, gb_free=36.4, wall=23793
2023-05-16 05:10:42 - progress_bar.py[line:272] - INFO: epoch 003:    759 / 4137 loss=0.2, loss_v1=0, loss_v2=0, nll_loss=0.2, ntokens=256, nsentences=128, sample_size=256, sample_size_v1=0, sample_size_v2=0, ppl=1.15, wps=88.7, ups=0.35, wpb=256, bsz=128, num_updates=9020, lr=2.99964e-05, gnorm=0.911, clip=30, loss_scale=1024, train_wall=29, gb_free=36.3, wall=23822
2023-05-16 05:11:11 - progress_bar.py[line:272] - INFO: epoch 003:    769 / 4137 loss=0.2, loss_v1=0, loss_v2=0, nll_loss=0.2, ntokens=256, nsentences=128, sample_size=256, sample_size_v1=0, sample_size_v2=0, ppl=1.15, wps=87.7, ups=0.34, wpb=256, bsz=128, num_updates=9030, lr=2.99707e-05, gnorm=0.867, clip=0, loss_scale=1024, train_wall=29, gb_free=36.8, wall=23851
2023-05-16 05:11:38 - progress_bar.py[line:272] - INFO: epoch 003:    779 / 4137 loss=0.213, loss_v1=0, loss_v2=0, nll_loss=0.213, ntokens=256, nsentences=128, sample_size=256, sample_size_v1=0, sample_size_v2=0, ppl=1.16, wps=94.7, ups=0.37, wpb=256, bsz=128, num_updates=9040, lr=2.9945e-05, gnorm=0.928, clip=10, loss_scale=1024, train_wall=27, gb_free=36.6, wall=23878
2023-05-16 05:11:59 - progress_bar.py[line:272] - INFO: epoch 003:    789 / 4137 loss=0.205, loss_v1=0, loss_v2=0, nll_loss=0.205, ntokens=256, nsentences=128, sample_size=256, sample_size_v1=0, sample_size_v2=0, ppl=1.15, wps=120.2, ups=0.47, wpb=256, bsz=128, num_updates=9050, lr=2.99193e-05, gnorm=0.835, clip=0, loss_scale=1024, train_wall=21, gb_free=36.4, wall=23900
2023-05-16 05:12:20 - progress_bar.py[line:272] - INFO: epoch 003:    799 / 4137 loss=0.226, loss_v1=0, loss_v2=0, nll_loss=0.226, ntokens=256, nsentences=128, sample_size=256, sample_size_v1=0, sample_size_v2=0, ppl=1.17, wps=122.9, ups=0.48, wpb=256, bsz=128, num_updates=9060, lr=2.98935e-05, gnorm=1.015, clip=40, loss_scale=1024, train_wall=21, gb_free=36.7, wall=23920
2023-05-16 05:12:40 - progress_bar.py[line:272] - INFO: epoch 003:    809 / 4137 loss=0.21, loss_v1=0, loss_v2=0, nll_loss=0.21, ntokens=256, nsentences=128, sample_size=256, sample_size_v1=0, sample_size_v2=0, ppl=1.16, wps=128, ups=0.5, wpb=256, bsz=128, num_updates=9070, lr=2.98678e-05, gnorm=0.824, clip=10, loss_scale=1024, train_wall=20, gb_free=36.6, wall=23940
2023-05-16 05:13:00 - progress_bar.py[line:272] - INFO: epoch 003:    819 / 4137 loss=0.216, loss_v1=0, loss_v2=0, nll_loss=0.216, ntokens=256, nsentences=128, sample_size=256, sample_size_v1=0, sample_size_v2=0, ppl=1.16, wps=128.1, ups=0.5, wpb=256, bsz=128, num_updates=9080, lr=2.98421e-05, gnorm=0.832, clip=30, loss_scale=1024, train_wall=20, gb_free=36.4, wall=23960
2023-05-16 05:13:20 - progress_bar.py[line:272] - INFO: epoch 003:    829 / 4137 loss=0.21, loss_v1=0, loss_v2=0, nll_loss=0.21, ntokens=256, nsentences=128, sample_size=256, sample_size_v1=0, sample_size_v2=0, ppl=1.16, wps=128.5, ups=0.5, wpb=256, bsz=128, num_updates=9090, lr=2.98164e-05, gnorm=0.888, clip=10, loss_scale=1024, train_wall=20, gb_free=36.6, wall=23980
2023-05-16 05:13:40 - progress_bar.py[line:272] - INFO: epoch 003:    839 / 4137 loss=0.212, loss_v1=0, loss_v2=0, nll_loss=0.212, ntokens=256, nsentences=128, sample_size=256, sample_size_v1=0, sample_size_v2=0, ppl=1.16, wps=129.1, ups=0.5, wpb=256, bsz=128, num_updates=9100, lr=2.97907e-05, gnorm=0.906, clip=20, loss_scale=1024, train_wall=20, gb_free=36.7, wall=24000
2023-05-16 05:14:00 - progress_bar.py[line:272] - INFO: epoch 003:    849 / 4137 loss=0.205, loss_v1=0, loss_v2=0, nll_loss=0.205, ntokens=256, nsentences=128, sample_size=256, sample_size_v1=0, sample_size_v2=0, ppl=1.15, wps=128.1, ups=0.5, wpb=256, bsz=128, num_updates=9110, lr=2.9765e-05, gnorm=0.896, clip=20, loss_scale=1024, train_wall=20, gb_free=36.6, wall=24020
2023-05-16 05:14:20 - progress_bar.py[line:272] - INFO: epoch 003:    859 / 4137 loss=0.191, loss_v1=0, loss_v2=0, nll_loss=0.191, ntokens=256, nsentences=128, sample_size=256, sample_size_v1=0, sample_size_v2=0, ppl=1.14, wps=127.1, ups=0.5, wpb=256, bsz=128, num_updates=9120, lr=2.97393e-05, gnorm=0.85, clip=20, loss_scale=1024, train_wall=20, gb_free=36.7, wall=24040
2023-05-16 05:14:40 - progress_bar.py[line:272] - INFO: epoch 003:    869 / 4137 loss=0.195, loss_v1=0, loss_v2=0, nll_loss=0.195, ntokens=256, nsentences=128, sample_size=256, sample_size_v1=0, sample_size_v2=0, ppl=1.15, wps=127.6, ups=0.5, wpb=256, bsz=128, num_updates=9130, lr=2.97135e-05, gnorm=0.981, clip=40, loss_scale=1024, train_wall=20, gb_free=36.7, wall=24060
2023-05-16 05:15:00 - progress_bar.py[line:272] - INFO: epoch 003:    879 / 4137 loss=0.198, loss_v1=0, loss_v2=0, nll_loss=0.198, ntokens=256, nsentences=128, sample_size=256, sample_size_v1=0, sample_size_v2=0, ppl=1.15, wps=127.6, ups=0.5, wpb=256, bsz=128, num_updates=9140, lr=2.96878e-05, gnorm=0.889, clip=20, loss_scale=1024, train_wall=20, gb_free=36.6, wall=24080
2023-05-16 05:15:20 - progress_bar.py[line:272] - INFO: epoch 003:    889 / 4137 loss=0.188, loss_v1=0, loss_v2=0, nll_loss=0.188, ntokens=256, nsentences=128, sample_size=256, sample_size_v1=0, sample_size_v2=0, ppl=1.14, wps=128.3, ups=0.5, wpb=256, bsz=128, num_updates=9150, lr=2.96621e-05, gnorm=0.863, clip=10, loss_scale=1024, train_wall=20, gb_free=36.7, wall=24100
2023-05-16 05:15:40 - progress_bar.py[line:272] - INFO: epoch 003:    899 / 4137 loss=0.204, loss_v1=0, loss_v2=0, nll_loss=0.204, ntokens=256, nsentences=128, sample_size=256, sample_size_v1=0, sample_size_v2=0, ppl=1.15, wps=127.1, ups=0.5, wpb=256, bsz=128, num_updates=9160, lr=2.96364e-05, gnorm=0.854, clip=10, loss_scale=1024, train_wall=20, gb_free=36.7, wall=24121
2023-05-16 05:16:00 - progress_bar.py[line:272] - INFO: epoch 003:    909 / 4137 loss=0.191, loss_v1=0, loss_v2=0, nll_loss=0.191, ntokens=256, nsentences=128, sample_size=256, sample_size_v1=0, sample_size_v2=0, ppl=1.14, wps=128.9, ups=0.5, wpb=256, bsz=128, num_updates=9170, lr=2.96107e-05, gnorm=0.813, clip=20, loss_scale=2048, train_wall=20, gb_free=36.6, wall=24140
2023-05-16 05:16:21 - progress_bar.py[line:272] - INFO: epoch 003:    919 / 4137 loss=0.186, loss_v1=0, loss_v2=0, nll_loss=0.186, ntokens=256, nsentences=128, sample_size=256, sample_size_v1=0, sample_size_v2=0, ppl=1.14, wps=125.5, ups=0.49, wpb=256, bsz=128, num_updates=9180, lr=2.9585e-05, gnorm=0.839, clip=10, loss_scale=2048, train_wall=20, gb_free=36.7, wall=24161
2023-05-16 05:16:40 - progress_bar.py[line:272] - INFO: epoch 003:    929 / 4137 loss=0.182, loss_v1=0, loss_v2=0, nll_loss=0.182, ntokens=256, nsentences=128, sample_size=256, sample_size_v1=0, sample_size_v2=0, ppl=1.13, wps=128.8, ups=0.5, wpb=256, bsz=128, num_updates=9190, lr=2.95592e-05, gnorm=0.91, clip=30, loss_scale=2048, train_wall=20, gb_free=36.7, wall=24181
2023-05-16 05:17:00 - progress_bar.py[line:272] - INFO: epoch 003:    939 / 4137 loss=0.187, loss_v1=0, loss_v2=0, nll_loss=0.187, ntokens=256, nsentences=128, sample_size=256, sample_size_v1=0, sample_size_v2=0, ppl=1.14, wps=128.8, ups=0.5, wpb=256, bsz=128, num_updates=9200, lr=2.95335e-05, gnorm=0.969, clip=40, loss_scale=2048, train_wall=20, gb_free=36.6, wall=24201
2023-05-16 05:17:14 - trainer.py[line:921] - INFO: NOTE: gradient overflow detected, ignoring gradient, setting loss scale to: 1024.0
2023-05-16 05:17:22 - progress_bar.py[line:272] - INFO: epoch 003:    950 / 4137 loss=0.19, loss_v1=0, loss_v2=0, nll_loss=0.19, ntokens=256, nsentences=128, sample_size=256, sample_size_v1=0, sample_size_v2=0, ppl=1.14, wps=117.6, ups=0.46, wpb=256, bsz=128, num_updates=9210, lr=2.95078e-05, gnorm=0.885, clip=20, loss_scale=1024, train_wall=22, gb_free=36.5, wall=24222
2023-05-16 05:17:42 - progress_bar.py[line:272] - INFO: epoch 003:    960 / 4137 loss=0.196, loss_v1=0, loss_v2=0, nll_loss=0.196, ntokens=256, nsentences=128, sample_size=256, sample_size_v1=0, sample_size_v2=0, ppl=1.15, wps=128.3, ups=0.5, wpb=256, bsz=128, num_updates=9220, lr=2.94821e-05, gnorm=0.919, clip=40, loss_scale=1024, train_wall=20, gb_free=36.5, wall=24242
2023-05-16 05:18:02 - progress_bar.py[line:272] - INFO: epoch 003:    970 / 4137 loss=0.211, loss_v1=0, loss_v2=0, nll_loss=0.211, ntokens=256, nsentences=128, sample_size=256, sample_size_v1=0, sample_size_v2=0, ppl=1.16, wps=129.2, ups=0.5, wpb=256, bsz=128, num_updates=9230, lr=2.94564e-05, gnorm=0.841, clip=10, loss_scale=1024, train_wall=20, gb_free=36.6, wall=24262
2023-05-16 05:18:22 - progress_bar.py[line:272] - INFO: epoch 003:    980 / 4137 loss=0.189, loss_v1=0, loss_v2=0, nll_loss=0.189, ntokens=256, nsentences=128, sample_size=256, sample_size_v1=0, sample_size_v2=0, ppl=1.14, wps=128.7, ups=0.5, wpb=256, bsz=128, num_updates=9240, lr=2.94307e-05, gnorm=0.775, clip=0, loss_scale=1024, train_wall=20, gb_free=36.6, wall=24282
2023-05-16 05:18:42 - progress_bar.py[line:272] - INFO: epoch 003:    990 / 4137 loss=0.196, loss_v1=0, loss_v2=0, nll_loss=0.196, ntokens=256, nsentences=128, sample_size=256, sample_size_v1=0, sample_size_v2=0, ppl=1.15, wps=128.9, ups=0.5, wpb=256, bsz=128, num_updates=9250, lr=2.9405e-05, gnorm=0.8, clip=0, loss_scale=1024, train_wall=20, gb_free=36.6, wall=24302
2023-05-16 05:19:02 - progress_bar.py[line:272] - INFO: epoch 003:   1000 / 4137 loss=0.209, loss_v1=0, loss_v2=0, nll_loss=0.209, ntokens=256, nsentences=128, sample_size=256, sample_size_v1=0, sample_size_v2=0, ppl=1.16, wps=128.5, ups=0.5, wpb=256, bsz=128, num_updates=9260, lr=2.93792e-05, gnorm=0.862, clip=10, loss_scale=1024, train_wall=20, gb_free=36.6, wall=24322
2023-05-16 05:19:21 - progress_bar.py[line:272] - INFO: epoch 003:   1010 / 4137 loss=0.168, loss_v1=0, loss_v2=0, nll_loss=0.168, ntokens=256, nsentences=128, sample_size=256, sample_size_v1=0, sample_size_v2=0, ppl=1.12, wps=128.9, ups=0.5, wpb=256, bsz=128, num_updates=9270, lr=2.93535e-05, gnorm=0.822, clip=10, loss_scale=1024, train_wall=20, gb_free=36.6, wall=24342
2023-05-16 05:19:41 - progress_bar.py[line:272] - INFO: epoch 003:   1020 / 4137 loss=0.176, loss_v1=0, loss_v2=0, nll_loss=0.176, ntokens=256, nsentences=128, sample_size=256, sample_size_v1=0, sample_size_v2=0, ppl=1.13, wps=127.9, ups=0.5, wpb=256, bsz=128, num_updates=9280, lr=2.93278e-05, gnorm=0.804, clip=0, loss_scale=1024, train_wall=20, gb_free=36.6, wall=24362
2023-05-16 05:20:01 - progress_bar.py[line:272] - INFO: epoch 003:   1030 / 4137 loss=0.189, loss_v1=0, loss_v2=0, nll_loss=0.189, ntokens=256, nsentences=128, sample_size=256, sample_size_v1=0, sample_size_v2=0, ppl=1.14, wps=128.8, ups=0.5, wpb=256, bsz=128, num_updates=9290, lr=2.93021e-05, gnorm=0.902, clip=30, loss_scale=1024, train_wall=20, gb_free=36.7, wall=24382
2023-05-16 05:20:21 - progress_bar.py[line:272] - INFO: epoch 003:   1040 / 4137 loss=0.202, loss_v1=0, loss_v2=0, nll_loss=0.202, ntokens=256, nsentences=128, sample_size=256, sample_size_v1=0, sample_size_v2=0, ppl=1.15, wps=128.4, ups=0.5, wpb=256, bsz=128, num_updates=9300, lr=2.92764e-05, gnorm=0.967, clip=50, loss_scale=1024, train_wall=20, gb_free=36.5, wall=24401
2023-05-16 05:20:41 - progress_bar.py[line:272] - INFO: epoch 003:   1050 / 4137 loss=0.204, loss_v1=0, loss_v2=0, nll_loss=0.204, ntokens=256, nsentences=128, sample_size=256, sample_size_v1=0, sample_size_v2=0, ppl=1.15, wps=126.8, ups=0.5, wpb=256, bsz=128, num_updates=9310, lr=2.92507e-05, gnorm=0.969, clip=30, loss_scale=1024, train_wall=20, gb_free=36.7, wall=24422
2023-05-16 05:21:02 - progress_bar.py[line:272] - INFO: epoch 003:   1060 / 4137 loss=0.197, loss_v1=0, loss_v2=0, nll_loss=0.197, ntokens=256, nsentences=128, sample_size=256, sample_size_v1=0, sample_size_v2=0, ppl=1.15, wps=125.8, ups=0.49, wpb=256, bsz=128, num_updates=9320, lr=2.9225e-05, gnorm=0.856, clip=0, loss_scale=1024, train_wall=20, gb_free=36.6, wall=24442
2023-05-16 05:21:23 - progress_bar.py[line:272] - INFO: epoch 003:   1070 / 4137 loss=0.169, loss_v1=0, loss_v2=0, nll_loss=0.169, ntokens=256, nsentences=128, sample_size=256, sample_size_v1=0, sample_size_v2=0, ppl=1.12, wps=121.9, ups=0.48, wpb=256, bsz=128, num_updates=9330, lr=2.91992e-05, gnorm=0.889, clip=20, loss_scale=1024, train_wall=21, gb_free=36.4, wall=24463
2023-05-16 05:21:43 - progress_bar.py[line:272] - INFO: epoch 003:   1080 / 4137 loss=0.197, loss_v1=0, loss_v2=0, nll_loss=0.197, ntokens=256, nsentences=128, sample_size=256, sample_size_v1=0, sample_size_v2=0, ppl=1.15, wps=126.2, ups=0.49, wpb=256, bsz=128, num_updates=9340, lr=2.91735e-05, gnorm=0.883, clip=20, loss_scale=1024, train_wall=20, gb_free=36.6, wall=24483
2023-05-16 05:22:03 - progress_bar.py[line:272] - INFO: epoch 003:   1090 / 4137 loss=0.197, loss_v1=0, loss_v2=0, nll_loss=0.197, ntokens=256, nsentences=128, sample_size=256, sample_size_v1=0, sample_size_v2=0, ppl=1.15, wps=126.9, ups=0.5, wpb=256, bsz=128, num_updates=9350, lr=2.91478e-05, gnorm=0.879, clip=10, loss_scale=1024, train_wall=20, gb_free=36.4, wall=24503
2023-05-16 05:22:23 - progress_bar.py[line:272] - INFO: epoch 003:   1100 / 4137 loss=0.169, loss_v1=0, loss_v2=0, nll_loss=0.169, ntokens=256, nsentences=128, sample_size=256, sample_size_v1=0, sample_size_v2=0, ppl=1.12, wps=128.7, ups=0.5, wpb=256, bsz=128, num_updates=9360, lr=2.91221e-05, gnorm=0.872, clip=10, loss_scale=1024, train_wall=20, gb_free=36.7, wall=24523
2023-05-16 05:22:43 - progress_bar.py[line:272] - INFO: epoch 003:   1110 / 4137 loss=0.187, loss_v1=0, loss_v2=0, nll_loss=0.187, ntokens=256, nsentences=128, sample_size=256, sample_size_v1=0, sample_size_v2=0, ppl=1.14, wps=128.4, ups=0.5, wpb=256, bsz=128, num_updates=9370, lr=2.90964e-05, gnorm=0.985, clip=30, loss_scale=1024, train_wall=20, gb_free=36.3, wall=24543
2023-05-16 05:23:03 - progress_bar.py[line:272] - INFO: epoch 003:   1120 / 4137 loss=0.177, loss_v1=0, loss_v2=0, nll_loss=0.177, ntokens=256, nsentences=128, sample_size=256, sample_size_v1=0, sample_size_v2=0, ppl=1.13, wps=129.5, ups=0.51, wpb=256, bsz=128, num_updates=9380, lr=2.90707e-05, gnorm=0.891, clip=20, loss_scale=1024, train_wall=20, gb_free=36.6, wall=24563
2023-05-16 05:23:23 - progress_bar.py[line:272] - INFO: epoch 003:   1130 / 4137 loss=0.203, loss_v1=0, loss_v2=0, nll_loss=0.203, ntokens=256, nsentences=128, sample_size=256, sample_size_v1=0, sample_size_v2=0, ppl=1.15, wps=128.2, ups=0.5, wpb=256, bsz=128, num_updates=9390, lr=2.90449e-05, gnorm=0.835, clip=10, loss_scale=1024, train_wall=20, gb_free=36.5, wall=24583
2023-05-16 05:23:43 - progress_bar.py[line:272] - INFO: epoch 003:   1140 / 4137 loss=0.198, loss_v1=0, loss_v2=0, nll_loss=0.198, ntokens=256, nsentences=128, sample_size=256, sample_size_v1=0, sample_size_v2=0, ppl=1.15, wps=129, ups=0.5, wpb=256, bsz=128, num_updates=9400, lr=2.90192e-05, gnorm=0.798, clip=0, loss_scale=1024, train_wall=20, gb_free=36.4, wall=24603
2023-05-16 05:24:03 - progress_bar.py[line:272] - INFO: epoch 003:   1150 / 4137 loss=0.211, loss_v1=0, loss_v2=0, nll_loss=0.211, ntokens=256, nsentences=128, sample_size=256, sample_size_v1=0, sample_size_v2=0, ppl=1.16, wps=128.7, ups=0.5, wpb=256, bsz=128, num_updates=9410, lr=2.89935e-05, gnorm=0.913, clip=30, loss_scale=1024, train_wall=20, gb_free=36.4, wall=24623
2023-05-16 05:24:22 - progress_bar.py[line:272] - INFO: epoch 003:   1160 / 4137 loss=0.195, loss_v1=0, loss_v2=0, nll_loss=0.195, ntokens=256, nsentences=128, sample_size=256, sample_size_v1=0, sample_size_v2=0, ppl=1.14, wps=128.8, ups=0.5, wpb=256, bsz=128, num_updates=9420, lr=2.89678e-05, gnorm=0.833, clip=0, loss_scale=1024, train_wall=20, gb_free=36.6, wall=24643
2023-05-16 05:24:42 - progress_bar.py[line:272] - INFO: epoch 003:   1170 / 4137 loss=0.208, loss_v1=0, loss_v2=0, nll_loss=0.208, ntokens=256, nsentences=128, sample_size=256, sample_size_v1=0, sample_size_v2=0, ppl=1.15, wps=129.1, ups=0.5, wpb=256, bsz=128, num_updates=9430, lr=2.89421e-05, gnorm=0.822, clip=0, loss_scale=1024, train_wall=20, gb_free=36.7, wall=24662
2023-05-16 05:25:02 - progress_bar.py[line:272] - INFO: epoch 003:   1180 / 4137 loss=0.195, loss_v1=0, loss_v2=0, nll_loss=0.195, ntokens=256, nsentences=128, sample_size=256, sample_size_v1=0, sample_size_v2=0, ppl=1.15, wps=128.8, ups=0.5, wpb=256, bsz=128, num_updates=9440, lr=2.89164e-05, gnorm=0.809, clip=0, loss_scale=1024, train_wall=20, gb_free=36.5, wall=24682
2023-05-16 05:25:22 - progress_bar.py[line:272] - INFO: epoch 003:   1190 / 4137 loss=0.213, loss_v1=0, loss_v2=0, nll_loss=0.213, ntokens=256, nsentences=128, sample_size=256, sample_size_v1=0, sample_size_v2=0, ppl=1.16, wps=128.5, ups=0.5, wpb=256, bsz=128, num_updates=9450, lr=2.88907e-05, gnorm=0.826, clip=0, loss_scale=1024, train_wall=20, gb_free=36.7, wall=24702
2023-05-16 05:25:42 - progress_bar.py[line:272] - INFO: epoch 003:   1200 / 4137 loss=0.202, loss_v1=0, loss_v2=0, nll_loss=0.202, ntokens=256, nsentences=128, sample_size=256, sample_size_v1=0, sample_size_v2=0, ppl=1.15, wps=128.7, ups=0.5, wpb=256, bsz=128, num_updates=9460, lr=2.88649e-05, gnorm=0.81, clip=0, loss_scale=1024, train_wall=20, gb_free=36.7, wall=24722
2023-05-16 05:26:02 - progress_bar.py[line:272] - INFO: epoch 003:   1210 / 4137 loss=0.169, loss_v1=0, loss_v2=0, nll_loss=0.169, ntokens=256, nsentences=128, sample_size=256, sample_size_v1=0, sample_size_v2=0, ppl=1.12, wps=128.4, ups=0.5, wpb=256, bsz=128, num_updates=9470, lr=2.88392e-05, gnorm=0.772, clip=0, loss_scale=1024, train_wall=20, gb_free=36.7, wall=24742
2023-05-16 05:26:22 - progress_bar.py[line:272] - INFO: epoch 003:   1220 / 4137 loss=0.195, loss_v1=0, loss_v2=0, nll_loss=0.195, ntokens=256, nsentences=128, sample_size=256, sample_size_v1=0, sample_size_v2=0, ppl=1.14, wps=127.9, ups=0.5, wpb=256, bsz=128, num_updates=9480, lr=2.88135e-05, gnorm=0.902, clip=30, loss_scale=1024, train_wall=20, gb_free=36.6, wall=24762
2023-05-16 05:26:42 - progress_bar.py[line:272] - INFO: epoch 003:   1230 / 4137 loss=0.205, loss_v1=0, loss_v2=0, nll_loss=0.205, ntokens=256, nsentences=128, sample_size=256, sample_size_v1=0, sample_size_v2=0, ppl=1.15, wps=126.7, ups=0.49, wpb=256, bsz=128, num_updates=9490, lr=2.87878e-05, gnorm=0.988, clip=40, loss_scale=1024, train_wall=20, gb_free=36.7, wall=24782
2023-05-16 05:27:02 - progress_bar.py[line:272] - INFO: epoch 003:   1240 / 4137 loss=0.187, loss_v1=0, loss_v2=0, nll_loss=0.187, ntokens=256, nsentences=128, sample_size=256, sample_size_v1=0, sample_size_v2=0, ppl=1.14, wps=128.9, ups=0.5, wpb=256, bsz=128, num_updates=9500, lr=2.87621e-05, gnorm=0.828, clip=10, loss_scale=1024, train_wall=20, gb_free=36.6, wall=24802
slice_id 1 seek offset 4465slice_id 2 seek offset 8930slice_id 3 seek offset 133942023-05-16 05:27:02 - train.py[line:445] - INFO: begin validation on "valid" subset



slice_id 0 seek offset 0
slice_id 0 seek offset 0
slice_id 1 seek offset 4465
slice_id 3 seek offset 13394
slice_id 2 seek offset 8930
2023-05-16 05:30:25 - progress_bar.py[line:282] - INFO: epoch 003 | valid on 'valid' subset | loss 0.214 | loss_v1 0 | loss_v2 0 | nll_loss 0.214 | ntokens 31.975 | nsentences 15.987 | sample_size 31.975 | sample_size_v1 0 | sample_size_v2 0 | ppl 1.16 | snli_score 0.8395 | wps 175.8 | wpb 32 | bsz 16 | num_updates 9500 | best_snli_score 0.8395
2023-05-16 05:30:25 - checkpoint_utils.py[line:64] - INFO: Preparing to save checkpoint for epoch 3 @ 9500 updates
2023-05-16 05:30:25 - trainer.py[line:431] - INFO: Saving checkpoint to ./EC_full_checkpoints/5_5e-5/checkpoint_3_9500.pt
2023-05-16 05:30:28 - trainer.py[line:441] - INFO: Finished saving checkpoint to ./EC_full_checkpoints/5_5e-5/checkpoint_3_9500.pt
2023-05-16 05:30:34 - checkpoint_utils.py[line:133] - INFO: Saved checkpoint ./EC_full_checkpoints/5_5e-5/checkpoint_3_9500.pt (epoch 3 @ 9500 updates, score 0.8395) (writing took 8.465782674960792 seconds)
2023-05-16 05:30:54 - progress_bar.py[line:272] - INFO: epoch 003:   1250 / 4137 loss=0.207, loss_v1=0, loss_v2=0, nll_loss=0.207, ntokens=256, nsentences=128, sample_size=256, sample_size_v1=0, sample_size_v2=0, ppl=1.15, wps=11, ups=0.04, wpb=256, bsz=128, num_updates=9510, lr=2.87364e-05, gnorm=0.907, clip=30, loss_scale=1024, train_wall=20, gb_free=36.7, wall=25034
2023-05-16 05:31:14 - progress_bar.py[line:272] - INFO: epoch 003:   1260 / 4137 loss=0.188, loss_v1=0, loss_v2=0, nll_loss=0.188, ntokens=256, nsentences=128, sample_size=256, sample_size_v1=0, sample_size_v2=0, ppl=1.14, wps=129, ups=0.5, wpb=256, bsz=128, num_updates=9520, lr=2.87107e-05, gnorm=0.85, clip=20, loss_scale=1024, train_wall=20, gb_free=36.5, wall=25054
2023-05-16 05:31:34 - progress_bar.py[line:272] - INFO: epoch 003:   1270 / 4137 loss=0.192, loss_v1=0, loss_v2=0, nll_loss=0.192, ntokens=256, nsentences=128, sample_size=256, sample_size_v1=0, sample_size_v2=0, ppl=1.14, wps=129, ups=0.5, wpb=256, bsz=128, num_updates=9530, lr=2.86849e-05, gnorm=0.938, clip=30, loss_scale=1024, train_wall=20, gb_free=36.6, wall=25074
2023-05-16 05:31:53 - progress_bar.py[line:272] - INFO: epoch 003:   1280 / 4137 loss=0.204, loss_v1=0, loss_v2=0, nll_loss=0.204, ntokens=256, nsentences=128, sample_size=256, sample_size_v1=0, sample_size_v2=0, ppl=1.15, wps=129.4, ups=0.51, wpb=256, bsz=128, num_updates=9540, lr=2.86592e-05, gnorm=0.893, clip=10, loss_scale=1024, train_wall=20, gb_free=36.6, wall=25094
2023-05-16 05:32:13 - progress_bar.py[line:272] - INFO: epoch 003:   1290 / 4137 loss=0.198, loss_v1=0, loss_v2=0, nll_loss=0.198, ntokens=256, nsentences=128, sample_size=256, sample_size_v1=0, sample_size_v2=0, ppl=1.15, wps=128.7, ups=0.5, wpb=256, bsz=128, num_updates=9550, lr=2.86335e-05, gnorm=0.861, clip=20, loss_scale=1024, train_wall=20, gb_free=36.6, wall=25114
2023-05-16 05:32:34 - progress_bar.py[line:272] - INFO: epoch 003:   1300 / 4137 loss=0.208, loss_v1=0, loss_v2=0, nll_loss=0.208, ntokens=256, nsentences=128, sample_size=256, sample_size_v1=0, sample_size_v2=0, ppl=1.16, wps=126.8, ups=0.5, wpb=256, bsz=128, num_updates=9560, lr=2.86078e-05, gnorm=0.862, clip=10, loss_scale=1024, train_wall=20, gb_free=36.7, wall=25134
2023-05-16 05:32:54 - progress_bar.py[line:272] - INFO: epoch 003:   1310 / 4137 loss=0.187, loss_v1=0, loss_v2=0, nll_loss=0.187, ntokens=256, nsentences=128, sample_size=256, sample_size_v1=0, sample_size_v2=0, ppl=1.14, wps=126.9, ups=0.5, wpb=256, bsz=128, num_updates=9570, lr=2.85821e-05, gnorm=0.79, clip=0, loss_scale=1024, train_wall=20, gb_free=36.6, wall=25154
2023-05-16 05:33:14 - progress_bar.py[line:272] - INFO: epoch 003:   1320 / 4137 loss=0.205, loss_v1=0, loss_v2=0, nll_loss=0.205, ntokens=256, nsentences=128, sample_size=256, sample_size_v1=0, sample_size_v2=0, ppl=1.15, wps=128.8, ups=0.5, wpb=256, bsz=128, num_updates=9580, lr=2.85564e-05, gnorm=0.943, clip=30, loss_scale=1024, train_wall=20, gb_free=36.2, wall=25174
2023-05-16 05:33:34 - progress_bar.py[line:272] - INFO: epoch 003:   1330 / 4137 loss=0.199, loss_v1=0, loss_v2=0, nll_loss=0.199, ntokens=256, nsentences=128, sample_size=256, sample_size_v1=0, sample_size_v2=0, ppl=1.15, wps=124.5, ups=0.49, wpb=256, bsz=128, num_updates=9590, lr=2.85307e-05, gnorm=0.882, clip=20, loss_scale=1024, train_wall=21, gb_free=36.6, wall=25194
2023-05-16 05:33:55 - progress_bar.py[line:272] - INFO: epoch 003:   1340 / 4137 loss=0.198, loss_v1=0, loss_v2=0, nll_loss=0.198, ntokens=256, nsentences=128, sample_size=256, sample_size_v1=0, sample_size_v2=0, ppl=1.15, wps=124.9, ups=0.49, wpb=256, bsz=128, num_updates=9600, lr=2.85049e-05, gnorm=0.846, clip=10, loss_scale=1024, train_wall=20, gb_free=36.7, wall=25215
2023-05-16 05:34:15 - progress_bar.py[line:272] - INFO: epoch 003:   1350 / 4137 loss=0.198, loss_v1=0, loss_v2=0, nll_loss=0.198, ntokens=256, nsentences=128, sample_size=256, sample_size_v1=0, sample_size_v2=0, ppl=1.15, wps=127.1, ups=0.5, wpb=256, bsz=128, num_updates=9610, lr=2.84792e-05, gnorm=0.874, clip=10, loss_scale=1024, train_wall=20, gb_free=36.4, wall=25235
2023-05-16 05:34:35 - progress_bar.py[line:272] - INFO: epoch 003:   1360 / 4137 loss=0.196, loss_v1=0, loss_v2=0, nll_loss=0.196, ntokens=256, nsentences=128, sample_size=256, sample_size_v1=0, sample_size_v2=0, ppl=1.15, wps=127.9, ups=0.5, wpb=256, bsz=128, num_updates=9620, lr=2.84535e-05, gnorm=0.963, clip=40, loss_scale=1024, train_wall=20, gb_free=36.6, wall=25255
2023-05-16 05:34:55 - progress_bar.py[line:272] - INFO: epoch 003:   1370 / 4137 loss=0.197, loss_v1=0, loss_v2=0, nll_loss=0.197, ntokens=256, nsentences=128, sample_size=256, sample_size_v1=0, sample_size_v2=0, ppl=1.15, wps=127.3, ups=0.5, wpb=256, bsz=128, num_updates=9630, lr=2.84278e-05, gnorm=0.798, clip=0, loss_scale=1024, train_wall=20, gb_free=36.7, wall=25275
2023-05-16 05:35:15 - progress_bar.py[line:272] - INFO: epoch 003:   1380 / 4137 loss=0.189, loss_v1=0, loss_v2=0, nll_loss=0.189, ntokens=256, nsentences=128, sample_size=256, sample_size_v1=0, sample_size_v2=0, ppl=1.14, wps=126.3, ups=0.49, wpb=256, bsz=128, num_updates=9640, lr=2.84021e-05, gnorm=0.847, clip=20, loss_scale=1024, train_wall=20, gb_free=36.6, wall=25295
2023-05-16 05:35:36 - progress_bar.py[line:272] - INFO: epoch 003:   1390 / 4137 loss=0.215, loss_v1=0, loss_v2=0, nll_loss=0.215, ntokens=256, nsentences=128, sample_size=256, sample_size_v1=0, sample_size_v2=0, ppl=1.16, wps=125.7, ups=0.49, wpb=256, bsz=128, num_updates=9650, lr=2.83764e-05, gnorm=0.909, clip=20, loss_scale=1024, train_wall=20, gb_free=36.7, wall=25316
2023-05-16 05:35:56 - progress_bar.py[line:272] - INFO: epoch 003:   1400 / 4137 loss=0.2, loss_v1=0, loss_v2=0, nll_loss=0.2, ntokens=256, nsentences=128, sample_size=256, sample_size_v1=0, sample_size_v2=0, ppl=1.15, wps=122.6, ups=0.48, wpb=256, bsz=128, num_updates=9660, lr=2.83506e-05, gnorm=0.971, clip=50, loss_scale=1024, train_wall=21, gb_free=36.6, wall=25337
2023-05-16 05:36:16 - progress_bar.py[line:272] - INFO: epoch 003:   1410 / 4137 loss=0.2, loss_v1=0, loss_v2=0, nll_loss=0.2, ntokens=256, nsentences=128, sample_size=256, sample_size_v1=0, sample_size_v2=0, ppl=1.15, wps=127.7, ups=0.5, wpb=256, bsz=128, num_updates=9670, lr=2.83249e-05, gnorm=0.881, clip=0, loss_scale=1024, train_wall=20, gb_free=36.6, wall=25357
2023-05-16 05:36:36 - progress_bar.py[line:272] - INFO: epoch 003:   1420 / 4137 loss=0.194, loss_v1=0, loss_v2=0, nll_loss=0.194, ntokens=256, nsentences=128, sample_size=256, sample_size_v1=0, sample_size_v2=0, ppl=1.14, wps=128, ups=0.5, wpb=256, bsz=128, num_updates=9680, lr=2.82992e-05, gnorm=0.878, clip=20, loss_scale=1024, train_wall=20, gb_free=36.5, wall=25377
2023-05-16 05:36:56 - progress_bar.py[line:272] - INFO: epoch 003:   1430 / 4137 loss=0.185, loss_v1=0, loss_v2=0, nll_loss=0.185, ntokens=256, nsentences=128, sample_size=256, sample_size_v1=0, sample_size_v2=0, ppl=1.14, wps=128.6, ups=0.5, wpb=256, bsz=128, num_updates=9690, lr=2.82735e-05, gnorm=0.859, clip=10, loss_scale=1024, train_wall=20, gb_free=36.7, wall=25397
2023-05-16 05:37:16 - progress_bar.py[line:272] - INFO: epoch 003:   1440 / 4137 loss=0.198, loss_v1=0, loss_v2=0, nll_loss=0.198, ntokens=256, nsentences=128, sample_size=256, sample_size_v1=0, sample_size_v2=0, ppl=1.15, wps=128.8, ups=0.5, wpb=256, bsz=128, num_updates=9700, lr=2.82478e-05, gnorm=0.857, clip=0, loss_scale=1024, train_wall=20, gb_free=36.6, wall=25416
2023-05-16 05:37:36 - progress_bar.py[line:272] - INFO: epoch 003:   1450 / 4137 loss=0.2, loss_v1=0, loss_v2=0, nll_loss=0.2, ntokens=256, nsentences=128, sample_size=256, sample_size_v1=0, sample_size_v2=0, ppl=1.15, wps=128.7, ups=0.5, wpb=256, bsz=128, num_updates=9710, lr=2.82221e-05, gnorm=0.9, clip=10, loss_scale=1024, train_wall=20, gb_free=36.6, wall=25436
2023-05-16 05:37:56 - progress_bar.py[line:272] - INFO: epoch 003:   1460 / 4137 loss=0.228, loss_v1=0, loss_v2=0, nll_loss=0.228, ntokens=256, nsentences=128, sample_size=256, sample_size_v1=0, sample_size_v2=0, ppl=1.17, wps=127.9, ups=0.5, wpb=256, bsz=128, num_updates=9720, lr=2.81964e-05, gnorm=0.883, clip=10, loss_scale=2048, train_wall=20, gb_free=36.3, wall=25456
2023-05-16 05:38:16 - progress_bar.py[line:272] - INFO: epoch 003:   1470 / 4137 loss=0.213, loss_v1=0, loss_v2=0, nll_loss=0.213, ntokens=256, nsentences=128, sample_size=256, sample_size_v1=0, sample_size_v2=0, ppl=1.16, wps=128.5, ups=0.5, wpb=256, bsz=128, num_updates=9730, lr=2.81706e-05, gnorm=0.855, clip=10, loss_scale=2048, train_wall=20, gb_free=36.7, wall=25476
2023-05-16 05:38:36 - progress_bar.py[line:272] - INFO: epoch 003:   1480 / 4137 loss=0.184, loss_v1=0, loss_v2=0, nll_loss=0.184, ntokens=256, nsentences=128, sample_size=256, sample_size_v1=0, sample_size_v2=0, ppl=1.14, wps=128.8, ups=0.5, wpb=256, bsz=128, num_updates=9740, lr=2.81449e-05, gnorm=0.801, clip=0, loss_scale=2048, train_wall=20, gb_free=36.7, wall=25496
2023-05-16 05:38:56 - progress_bar.py[line:272] - INFO: epoch 003:   1490 / 4137 loss=0.178, loss_v1=0, loss_v2=0, nll_loss=0.178, ntokens=256, nsentences=128, sample_size=256, sample_size_v1=0, sample_size_v2=0, ppl=1.13, wps=128.9, ups=0.5, wpb=256, bsz=128, num_updates=9750, lr=2.81192e-05, gnorm=0.817, clip=10, loss_scale=2048, train_wall=20, gb_free=36.7, wall=25516
2023-05-16 05:39:12 - trainer.py[line:921] - INFO: NOTE: gradient overflow detected, ignoring gradient, setting loss scale to: 1024.0
2023-05-16 05:39:18 - progress_bar.py[line:272] - INFO: epoch 003:   1501 / 4137 loss=0.202, loss_v1=0, loss_v2=0, nll_loss=0.202, ntokens=256, nsentences=128, sample_size=256, sample_size_v1=0, sample_size_v2=0, ppl=1.15, wps=116.3, ups=0.45, wpb=256, bsz=128, num_updates=9760, lr=2.80935e-05, gnorm=0.982, clip=30, loss_scale=1024, train_wall=22, gb_free=36.6, wall=25538
2023-05-16 05:39:38 - progress_bar.py[line:272] - INFO: epoch 003:   1511 / 4137 loss=0.179, loss_v1=0, loss_v2=0, nll_loss=0.179, ntokens=256, nsentences=128, sample_size=256, sample_size_v1=0, sample_size_v2=0, ppl=1.13, wps=127, ups=0.5, wpb=256, bsz=128, num_updates=9770, lr=2.80678e-05, gnorm=0.854, clip=10, loss_scale=1024, train_wall=20, gb_free=36.7, wall=25558
2023-05-16 05:39:58 - progress_bar.py[line:272] - INFO: epoch 003:   1521 / 4137 loss=0.189, loss_v1=0, loss_v2=0, nll_loss=0.189, ntokens=256, nsentences=128, sample_size=256, sample_size_v1=0, sample_size_v2=0, ppl=1.14, wps=127.3, ups=0.5, wpb=256, bsz=128, num_updates=9780, lr=2.80421e-05, gnorm=0.841, clip=0, loss_scale=1024, train_wall=20, gb_free=36.6, wall=25578
2023-05-16 05:40:18 - progress_bar.py[line:272] - INFO: epoch 003:   1531 / 4137 loss=0.204, loss_v1=0, loss_v2=0, nll_loss=0.204, ntokens=256, nsentences=128, sample_size=256, sample_size_v1=0, sample_size_v2=0, ppl=1.15, wps=127.8, ups=0.5, wpb=256, bsz=128, num_updates=9790, lr=2.80164e-05, gnorm=0.852, clip=20, loss_scale=1024, train_wall=20, gb_free=36.7, wall=25598
2023-05-16 05:40:38 - progress_bar.py[line:272] - INFO: epoch 003:   1541 / 4137 loss=0.192, loss_v1=0, loss_v2=0, nll_loss=0.192, ntokens=256, nsentences=128, sample_size=256, sample_size_v1=0, sample_size_v2=0, ppl=1.14, wps=127.3, ups=0.5, wpb=256, bsz=128, num_updates=9800, lr=2.79906e-05, gnorm=0.849, clip=20, loss_scale=1024, train_wall=20, gb_free=36.6, wall=25618
2023-05-16 05:40:58 - progress_bar.py[line:272] - INFO: epoch 003:   1551 / 4137 loss=0.181, loss_v1=0, loss_v2=0, nll_loss=0.181, ntokens=256, nsentences=128, sample_size=256, sample_size_v1=0, sample_size_v2=0, ppl=1.13, wps=127.3, ups=0.5, wpb=256, bsz=128, num_updates=9810, lr=2.79649e-05, gnorm=0.847, clip=0, loss_scale=1024, train_wall=20, gb_free=36.7, wall=25639
2023-05-16 05:41:18 - progress_bar.py[line:272] - INFO: epoch 003:   1561 / 4137 loss=0.178, loss_v1=0, loss_v2=0, nll_loss=0.178, ntokens=256, nsentences=128, sample_size=256, sample_size_v1=0, sample_size_v2=0, ppl=1.13, wps=129.8, ups=0.51, wpb=256, bsz=128, num_updates=9820, lr=2.79392e-05, gnorm=0.893, clip=20, loss_scale=1024, train_wall=20, gb_free=36.6, wall=25658
2023-05-16 05:41:38 - progress_bar.py[line:272] - INFO: epoch 003:   1571 / 4137 loss=0.177, loss_v1=0, loss_v2=0, nll_loss=0.177, ntokens=256, nsentences=128, sample_size=256, sample_size_v1=0, sample_size_v2=0, ppl=1.13, wps=128.1, ups=0.5, wpb=256, bsz=128, num_updates=9830, lr=2.79135e-05, gnorm=0.941, clip=30, loss_scale=1024, train_wall=20, gb_free=36.6, wall=25678
2023-05-16 05:41:58 - progress_bar.py[line:272] - INFO: epoch 003:   1581 / 4137 loss=0.182, loss_v1=0, loss_v2=0, nll_loss=0.182, ntokens=256, nsentences=128, sample_size=256, sample_size_v1=0, sample_size_v2=0, ppl=1.13, wps=128.8, ups=0.5, wpb=256, bsz=128, num_updates=9840, lr=2.78878e-05, gnorm=0.932, clip=40, loss_scale=1024, train_wall=20, gb_free=36.6, wall=25698
2023-05-16 05:42:18 - progress_bar.py[line:272] - INFO: epoch 003:   1591 / 4137 loss=0.197, loss_v1=0, loss_v2=0, nll_loss=0.197, ntokens=256, nsentences=128, sample_size=256, sample_size_v1=0, sample_size_v2=0, ppl=1.15, wps=127.8, ups=0.5, wpb=256, bsz=128, num_updates=9850, lr=2.78621e-05, gnorm=0.958, clip=20, loss_scale=1024, train_wall=20, gb_free=36.7, wall=25718
2023-05-16 05:42:38 - progress_bar.py[line:272] - INFO: epoch 003:   1601 / 4137 loss=0.178, loss_v1=0, loss_v2=0, nll_loss=0.178, ntokens=256, nsentences=128, sample_size=256, sample_size_v1=0, sample_size_v2=0, ppl=1.13, wps=128.5, ups=0.5, wpb=256, bsz=128, num_updates=9860, lr=2.78364e-05, gnorm=0.869, clip=10, loss_scale=1024, train_wall=20, gb_free=36.5, wall=25738
2023-05-16 05:42:58 - progress_bar.py[line:272] - INFO: epoch 003:   1611 / 4137 loss=0.181, loss_v1=0, loss_v2=0, nll_loss=0.181, ntokens=256, nsentences=128, sample_size=256, sample_size_v1=0, sample_size_v2=0, ppl=1.13, wps=128.8, ups=0.5, wpb=256, bsz=128, num_updates=9870, lr=2.78106e-05, gnorm=0.836, clip=10, loss_scale=1024, train_wall=20, gb_free=36.6, wall=25758
2023-05-16 05:43:18 - progress_bar.py[line:272] - INFO: epoch 003:   1621 / 4137 loss=0.174, loss_v1=0, loss_v2=0, nll_loss=0.174, ntokens=256, nsentences=128, sample_size=256, sample_size_v1=0, sample_size_v2=0, ppl=1.13, wps=128.3, ups=0.5, wpb=256, bsz=128, num_updates=9880, lr=2.77849e-05, gnorm=0.873, clip=0, loss_scale=1024, train_wall=20, gb_free=36.7, wall=25778
2023-05-16 05:43:38 - progress_bar.py[line:272] - INFO: epoch 003:   1631 / 4137 loss=0.179, loss_v1=0, loss_v2=0, nll_loss=0.179, ntokens=256, nsentences=128, sample_size=256, sample_size_v1=0, sample_size_v2=0, ppl=1.13, wps=128.6, ups=0.5, wpb=256, bsz=128, num_updates=9890, lr=2.77592e-05, gnorm=0.952, clip=40, loss_scale=1024, train_wall=20, gb_free=36.6, wall=25798
2023-05-16 05:43:57 - progress_bar.py[line:272] - INFO: epoch 003:   1641 / 4137 loss=0.178, loss_v1=0, loss_v2=0, nll_loss=0.178, ntokens=256, nsentences=128, sample_size=256, sample_size_v1=0, sample_size_v2=0, ppl=1.13, wps=129, ups=0.5, wpb=256, bsz=128, num_updates=9900, lr=2.77335e-05, gnorm=0.854, clip=30, loss_scale=1024, train_wall=20, gb_free=36.5, wall=25818
2023-05-16 05:44:17 - progress_bar.py[line:272] - INFO: epoch 003:   1651 / 4137 loss=0.197, loss_v1=0, loss_v2=0, nll_loss=0.197, ntokens=256, nsentences=128, sample_size=256, sample_size_v1=0, sample_size_v2=0, ppl=1.15, wps=129.5, ups=0.51, wpb=256, bsz=128, num_updates=9910, lr=2.77078e-05, gnorm=0.886, clip=20, loss_scale=1024, train_wall=20, gb_free=36.6, wall=25837
2023-05-16 05:44:37 - progress_bar.py[line:272] - INFO: epoch 003:   1661 / 4137 loss=0.191, loss_v1=0, loss_v2=0, nll_loss=0.191, ntokens=256, nsentences=128, sample_size=256, sample_size_v1=0, sample_size_v2=0, ppl=1.14, wps=129.7, ups=0.51, wpb=256, bsz=128, num_updates=9920, lr=2.76821e-05, gnorm=0.876, clip=30, loss_scale=1024, train_wall=20, gb_free=36.4, wall=25857
2023-05-16 05:44:57 - progress_bar.py[line:272] - INFO: epoch 003:   1671 / 4137 loss=0.172, loss_v1=0, loss_v2=0, nll_loss=0.172, ntokens=256, nsentences=128, sample_size=256, sample_size_v1=0, sample_size_v2=0, ppl=1.13, wps=128.6, ups=0.5, wpb=256, bsz=128, num_updates=9930, lr=2.76563e-05, gnorm=0.851, clip=0, loss_scale=1024, train_wall=20, gb_free=36.6, wall=25877
2023-05-16 05:45:17 - progress_bar.py[line:272] - INFO: epoch 003:   1681 / 4137 loss=0.191, loss_v1=0, loss_v2=0, nll_loss=0.191, ntokens=256, nsentences=128, sample_size=256, sample_size_v1=0, sample_size_v2=0, ppl=1.14, wps=128.9, ups=0.5, wpb=256, bsz=128, num_updates=9940, lr=2.76306e-05, gnorm=0.884, clip=20, loss_scale=1024, train_wall=20, gb_free=36.5, wall=25897
2023-05-16 05:45:37 - progress_bar.py[line:272] - INFO: epoch 003:   1691 / 4137 loss=0.193, loss_v1=0, loss_v2=0, nll_loss=0.193, ntokens=256, nsentences=128, sample_size=256, sample_size_v1=0, sample_size_v2=0, ppl=1.14, wps=127.9, ups=0.5, wpb=256, bsz=128, num_updates=9950, lr=2.76049e-05, gnorm=0.825, clip=10, loss_scale=1024, train_wall=20, gb_free=36.6, wall=25917
2023-05-16 05:45:57 - progress_bar.py[line:272] - INFO: epoch 003:   1701 / 4137 loss=0.177, loss_v1=0, loss_v2=0, nll_loss=0.177, ntokens=256, nsentences=128, sample_size=256, sample_size_v1=0, sample_size_v2=0, ppl=1.13, wps=128.8, ups=0.5, wpb=256, bsz=128, num_updates=9960, lr=2.75792e-05, gnorm=0.779, clip=0, loss_scale=1024, train_wall=20, gb_free=36.7, wall=25937
2023-05-16 05:46:17 - progress_bar.py[line:272] - INFO: epoch 003:   1711 / 4137 loss=0.182, loss_v1=0, loss_v2=0, nll_loss=0.182, ntokens=256, nsentences=128, sample_size=256, sample_size_v1=0, sample_size_v2=0, ppl=1.13, wps=128.7, ups=0.5, wpb=256, bsz=128, num_updates=9970, lr=2.75535e-05, gnorm=0.868, clip=20, loss_scale=1024, train_wall=20, gb_free=36.7, wall=25957
2023-05-16 05:46:36 - progress_bar.py[line:272] - INFO: epoch 003:   1721 / 4137 loss=0.192, loss_v1=0, loss_v2=0, nll_loss=0.192, ntokens=256, nsentences=128, sample_size=256, sample_size_v1=0, sample_size_v2=0, ppl=1.14, wps=128.7, ups=0.5, wpb=256, bsz=128, num_updates=9980, lr=2.75278e-05, gnorm=0.93, clip=40, loss_scale=1024, train_wall=20, gb_free=36.6, wall=25977
2023-05-16 05:46:56 - progress_bar.py[line:272] - INFO: epoch 003:   1731 / 4137 loss=0.194, loss_v1=0, loss_v2=0, nll_loss=0.194, ntokens=256, nsentences=128, sample_size=256, sample_size_v1=0, sample_size_v2=0, ppl=1.14, wps=128, ups=0.5, wpb=256, bsz=128, num_updates=9990, lr=2.75021e-05, gnorm=0.906, clip=30, loss_scale=1024, train_wall=20, gb_free=36.6, wall=25997
2023-05-16 05:47:17 - progress_bar.py[line:272] - INFO: epoch 003:   1741 / 4137 loss=0.186, loss_v1=0, loss_v2=0, nll_loss=0.186, ntokens=256, nsentences=128, sample_size=256, sample_size_v1=0, sample_size_v2=0, ppl=1.14, wps=127.4, ups=0.5, wpb=256, bsz=128, num_updates=10000, lr=2.74763e-05, gnorm=0.849, clip=20, loss_scale=1024, train_wall=20, gb_free=36.7, wall=26017
slice_id 3 seek offset 13394
slice_id 1 seek offset 4465
slice_id 2 seek offset 8930
2023-05-16 05:47:17 - train.py[line:445] - INFO: begin validation on "valid" subset
slice_id 0 seek offset 0
slice_id 0 seek offset 0
slice_id 1 seek offset 4465
slice_id 3 seek offset 13394
slice_id 2 seek offset 8930
2023-05-16 05:50:40 - progress_bar.py[line:282] - INFO: epoch 003 | valid on 'valid' subset | loss 0.211 | loss_v1 0 | loss_v2 0 | nll_loss 0.211 | ntokens 31.975 | nsentences 15.987 | sample_size 31.975 | sample_size_v1 0 | sample_size_v2 0 | ppl 1.16 | snli_score 0.8407 | wps 175.3 | wpb 32 | bsz 16 | num_updates 10000 | best_snli_score 0.8407
2023-05-16 05:50:40 - checkpoint_utils.py[line:64] - INFO: Preparing to save checkpoint for epoch 3 @ 10000 updates
2023-05-16 05:50:40 - trainer.py[line:431] - INFO: Saving checkpoint to ./EC_full_checkpoints/5_5e-5/checkpoint_3_10000.pt
2023-05-16 05:50:43 - trainer.py[line:441] - INFO: Finished saving checkpoint to ./EC_full_checkpoints/5_5e-5/checkpoint_3_10000.pt
2023-05-16 05:50:49 - checkpoint_utils.py[line:133] - INFO: Saved checkpoint ./EC_full_checkpoints/5_5e-5/checkpoint_3_10000.pt (epoch 3 @ 10000 updates, score 0.8407) (writing took 8.42172781797126 seconds)
2023-05-16 05:51:09 - progress_bar.py[line:272] - INFO: epoch 003:   1751 / 4137 loss=0.189, loss_v1=0, loss_v2=0, nll_loss=0.189, ntokens=256, nsentences=128, sample_size=256, sample_size_v1=0, sample_size_v2=0, ppl=1.14, wps=11, ups=0.04, wpb=256, bsz=128, num_updates=10010, lr=2.74506e-05, gnorm=0.811, clip=0, loss_scale=1024, train_wall=20, gb_free=36.7, wall=26249
2023-05-16 05:51:29 - progress_bar.py[line:272] - INFO: epoch 003:   1761 / 4137 loss=0.2, loss_v1=0, loss_v2=0, nll_loss=0.2, ntokens=256, nsentences=128, sample_size=256, sample_size_v1=0, sample_size_v2=0, ppl=1.15, wps=129, ups=0.5, wpb=256, bsz=128, num_updates=10020, lr=2.74249e-05, gnorm=0.844, clip=20, loss_scale=1024, train_wall=20, gb_free=36.7, wall=26269
2023-05-16 05:51:49 - progress_bar.py[line:272] - INFO: epoch 003:   1771 / 4137 loss=0.208, loss_v1=0, loss_v2=0, nll_loss=0.208, ntokens=256, nsentences=128, sample_size=256, sample_size_v1=0, sample_size_v2=0, ppl=1.15, wps=128, ups=0.5, wpb=256, bsz=128, num_updates=10030, lr=2.73992e-05, gnorm=0.826, clip=0, loss_scale=1024, train_wall=20, gb_free=36.6, wall=26289
2023-05-16 05:52:09 - progress_bar.py[line:272] - INFO: epoch 003:   1781 / 4137 loss=0.201, loss_v1=0, loss_v2=0, nll_loss=0.201, ntokens=256, nsentences=128, sample_size=256, sample_size_v1=0, sample_size_v2=0, ppl=1.15, wps=128.6, ups=0.5, wpb=256, bsz=128, num_updates=10040, lr=2.73735e-05, gnorm=0.765, clip=0, loss_scale=1024, train_wall=20, gb_free=36.4, wall=26309
2023-05-16 05:52:29 - progress_bar.py[line:272] - INFO: epoch 003:   1791 / 4137 loss=0.174, loss_v1=0, loss_v2=0, nll_loss=0.174, ntokens=256, nsentences=128, sample_size=256, sample_size_v1=0, sample_size_v2=0, ppl=1.13, wps=129.4, ups=0.51, wpb=256, bsz=128, num_updates=10050, lr=2.73478e-05, gnorm=0.807, clip=10, loss_scale=1024, train_wall=20, gb_free=36.7, wall=26329
2023-05-16 05:52:49 - progress_bar.py[line:272] - INFO: epoch 003:   1801 / 4137 loss=0.183, loss_v1=0, loss_v2=0, nll_loss=0.183, ntokens=256, nsentences=128, sample_size=256, sample_size_v1=0, sample_size_v2=0, ppl=1.14, wps=128.7, ups=0.5, wpb=256, bsz=128, num_updates=10060, lr=2.73221e-05, gnorm=0.914, clip=10, loss_scale=1024, train_wall=20, gb_free=36.5, wall=26349
2023-05-16 05:53:09 - progress_bar.py[line:272] - INFO: epoch 003:   1811 / 4137 loss=0.182, loss_v1=0, loss_v2=0, nll_loss=0.182, ntokens=256, nsentences=128, sample_size=256, sample_size_v1=0, sample_size_v2=0, ppl=1.13, wps=128.1, ups=0.5, wpb=256, bsz=128, num_updates=10070, lr=2.72963e-05, gnorm=0.905, clip=20, loss_scale=1024, train_wall=20, gb_free=36.4, wall=26369
2023-05-16 05:53:29 - progress_bar.py[line:272] - INFO: epoch 003:   1821 / 4137 loss=0.202, loss_v1=0, loss_v2=0, nll_loss=0.202, ntokens=256, nsentences=128, sample_size=256, sample_size_v1=0, sample_size_v2=0, ppl=1.15, wps=127.9, ups=0.5, wpb=256, bsz=128, num_updates=10080, lr=2.72706e-05, gnorm=0.919, clip=10, loss_scale=1024, train_wall=20, gb_free=36.7, wall=26389
2023-05-16 05:53:48 - progress_bar.py[line:272] - INFO: epoch 003:   1831 / 4137 loss=0.18, loss_v1=0, loss_v2=0, nll_loss=0.18, ntokens=256, nsentences=128, sample_size=256, sample_size_v1=0, sample_size_v2=0, ppl=1.13, wps=128.3, ups=0.5, wpb=256, bsz=128, num_updates=10090, lr=2.72449e-05, gnorm=0.843, clip=10, loss_scale=1024, train_wall=20, gb_free=36.7, wall=26409
2023-05-16 05:54:08 - progress_bar.py[line:272] - INFO: epoch 003:   1841 / 4137 loss=0.189, loss_v1=0, loss_v2=0, nll_loss=0.189, ntokens=256, nsentences=128, sample_size=256, sample_size_v1=0, sample_size_v2=0, ppl=1.14, wps=128.6, ups=0.5, wpb=256, bsz=128, num_updates=10100, lr=2.72192e-05, gnorm=0.913, clip=30, loss_scale=1024, train_wall=20, gb_free=36.5, wall=26429
2023-05-16 05:54:28 - progress_bar.py[line:272] - INFO: epoch 003:   1851 / 4137 loss=0.175, loss_v1=0, loss_v2=0, nll_loss=0.175, ntokens=256, nsentences=128, sample_size=256, sample_size_v1=0, sample_size_v2=0, ppl=1.13, wps=129.2, ups=0.5, wpb=256, bsz=128, num_updates=10110, lr=2.71935e-05, gnorm=0.868, clip=20, loss_scale=1024, train_wall=20, gb_free=36.6, wall=26448
2023-05-16 05:54:48 - progress_bar.py[line:272] - INFO: epoch 003:   1861 / 4137 loss=0.195, loss_v1=0, loss_v2=0, nll_loss=0.195, ntokens=256, nsentences=128, sample_size=256, sample_size_v1=0, sample_size_v2=0, ppl=1.14, wps=128.9, ups=0.5, wpb=256, bsz=128, num_updates=10120, lr=2.71678e-05, gnorm=0.911, clip=20, loss_scale=1024, train_wall=20, gb_free=36.7, wall=26468
2023-05-16 05:55:08 - progress_bar.py[line:272] - INFO: epoch 003:   1871 / 4137 loss=0.184, loss_v1=0, loss_v2=0, nll_loss=0.184, ntokens=256, nsentences=128, sample_size=256, sample_size_v1=0, sample_size_v2=0, ppl=1.14, wps=128.8, ups=0.5, wpb=256, bsz=128, num_updates=10130, lr=2.7142e-05, gnorm=0.83, clip=0, loss_scale=1024, train_wall=20, gb_free=36.6, wall=26488
2023-05-16 05:55:28 - progress_bar.py[line:272] - INFO: epoch 003:   1881 / 4137 loss=0.202, loss_v1=0, loss_v2=0, nll_loss=0.202, ntokens=256, nsentences=128, sample_size=256, sample_size_v1=0, sample_size_v2=0, ppl=1.15, wps=128.5, ups=0.5, wpb=256, bsz=128, num_updates=10140, lr=2.71163e-05, gnorm=0.894, clip=10, loss_scale=1024, train_wall=20, gb_free=36.6, wall=26508
2023-05-16 05:55:48 - progress_bar.py[line:272] - INFO: epoch 003:   1891 / 4137 loss=0.18, loss_v1=0, loss_v2=0, nll_loss=0.18, ntokens=256, nsentences=128, sample_size=256, sample_size_v1=0, sample_size_v2=0, ppl=1.13, wps=128, ups=0.5, wpb=256, bsz=128, num_updates=10150, lr=2.70906e-05, gnorm=0.84, clip=20, loss_scale=1024, train_wall=20, gb_free=36.6, wall=26528
2023-05-16 05:56:08 - progress_bar.py[line:272] - INFO: epoch 003:   1901 / 4137 loss=0.183, loss_v1=0, loss_v2=0, nll_loss=0.183, ntokens=254.2, nsentences=127.1, sample_size=254.2, sample_size_v1=0, sample_size_v2=0, ppl=1.14, wps=128.8, ups=0.51, wpb=254.2, bsz=127.1, num_updates=10160, lr=2.70649e-05, gnorm=0.851, clip=20, loss_scale=1024, train_wall=20, gb_free=36.7, wall=26548
2023-05-16 05:56:27 - progress_bar.py[line:272] - INFO: epoch 003:   1911 / 4137 loss=0.173, loss_v1=0, loss_v2=0, nll_loss=0.173, ntokens=256, nsentences=128, sample_size=256, sample_size_v1=0, sample_size_v2=0, ppl=1.13, wps=128.8, ups=0.5, wpb=256, bsz=128, num_updates=10170, lr=2.70392e-05, gnorm=0.91, clip=20, loss_scale=1024, train_wall=20, gb_free=36.7, wall=26568
2023-05-16 05:56:47 - progress_bar.py[line:272] - INFO: epoch 003:   1921 / 4137 loss=0.182, loss_v1=0, loss_v2=0, nll_loss=0.182, ntokens=256, nsentences=128, sample_size=256, sample_size_v1=0, sample_size_v2=0, ppl=1.13, wps=128.4, ups=0.5, wpb=256, bsz=128, num_updates=10180, lr=2.70135e-05, gnorm=0.924, clip=30, loss_scale=1024, train_wall=20, gb_free=36.7, wall=26588
2023-05-16 05:57:07 - progress_bar.py[line:272] - INFO: epoch 003:   1931 / 4137 loss=0.181, loss_v1=0, loss_v2=0, nll_loss=0.181, ntokens=256, nsentences=128, sample_size=256, sample_size_v1=0, sample_size_v2=0, ppl=1.13, wps=129.1, ups=0.5, wpb=256, bsz=128, num_updates=10190, lr=2.69878e-05, gnorm=0.915, clip=20, loss_scale=1024, train_wall=20, gb_free=36.7, wall=26607
2023-05-16 05:57:27 - progress_bar.py[line:272] - INFO: epoch 003:   1941 / 4137 loss=0.163, loss_v1=0, loss_v2=0, nll_loss=0.163, ntokens=256, nsentences=128, sample_size=256, sample_size_v1=0, sample_size_v2=0, ppl=1.12, wps=127.9, ups=0.5, wpb=256, bsz=128, num_updates=10200, lr=2.6962e-05, gnorm=0.907, clip=30, loss_scale=1024, train_wall=20, gb_free=36.6, wall=26627
2023-05-16 05:57:47 - progress_bar.py[line:272] - INFO: epoch 003:   1951 / 4137 loss=0.173, loss_v1=0, loss_v2=0, nll_loss=0.173, ntokens=256, nsentences=128, sample_size=256, sample_size_v1=0, sample_size_v2=0, ppl=1.13, wps=127.3, ups=0.5, wpb=256, bsz=128, num_updates=10210, lr=2.69363e-05, gnorm=0.923, clip=10, loss_scale=1024, train_wall=20, gb_free=36.7, wall=26648
2023-05-16 05:58:07 - progress_bar.py[line:272] - INFO: epoch 003:   1961 / 4137 loss=0.21, loss_v1=0, loss_v2=0, nll_loss=0.21, ntokens=256, nsentences=128, sample_size=256, sample_size_v1=0, sample_size_v2=0, ppl=1.16, wps=127.6, ups=0.5, wpb=256, bsz=128, num_updates=10220, lr=2.69106e-05, gnorm=0.973, clip=20, loss_scale=1024, train_wall=20, gb_free=36.7, wall=26668
2023-05-16 05:58:28 - progress_bar.py[line:272] - INFO: epoch 003:   1971 / 4137 loss=0.17, loss_v1=0, loss_v2=0, nll_loss=0.17, ntokens=256, nsentences=128, sample_size=256, sample_size_v1=0, sample_size_v2=0, ppl=1.13, wps=127.6, ups=0.5, wpb=256, bsz=128, num_updates=10230, lr=2.68849e-05, gnorm=0.832, clip=0, loss_scale=1024, train_wall=20, gb_free=36.7, wall=26688
2023-05-16 05:58:47 - progress_bar.py[line:272] - INFO: epoch 003:   1981 / 4137 loss=0.166, loss_v1=0, loss_v2=0, nll_loss=0.166, ntokens=256, nsentences=128, sample_size=256, sample_size_v1=0, sample_size_v2=0, ppl=1.12, wps=128.5, ups=0.5, wpb=256, bsz=128, num_updates=10240, lr=2.68592e-05, gnorm=0.75, clip=0, loss_scale=1024, train_wall=20, gb_free=36.5, wall=26708
2023-05-16 05:59:07 - progress_bar.py[line:272] - INFO: epoch 003:   1991 / 4137 loss=0.183, loss_v1=0, loss_v2=0, nll_loss=0.183, ntokens=256, nsentences=128, sample_size=256, sample_size_v1=0, sample_size_v2=0, ppl=1.14, wps=128.8, ups=0.5, wpb=256, bsz=128, num_updates=10250, lr=2.68335e-05, gnorm=0.825, clip=10, loss_scale=1024, train_wall=20, gb_free=36.6, wall=26728
2023-05-16 05:59:27 - progress_bar.py[line:272] - INFO: epoch 003:   2001 / 4137 loss=0.179, loss_v1=0, loss_v2=0, nll_loss=0.179, ntokens=256, nsentences=128, sample_size=256, sample_size_v1=0, sample_size_v2=0, ppl=1.13, wps=129, ups=0.5, wpb=256, bsz=128, num_updates=10260, lr=2.68078e-05, gnorm=0.822, clip=10, loss_scale=1024, train_wall=20, gb_free=36.6, wall=26747
2023-05-16 05:59:47 - progress_bar.py[line:272] - INFO: epoch 003:   2011 / 4137 loss=0.183, loss_v1=0, loss_v2=0, nll_loss=0.183, ntokens=256, nsentences=128, sample_size=256, sample_size_v1=0, sample_size_v2=0, ppl=1.13, wps=128.9, ups=0.5, wpb=256, bsz=128, num_updates=10270, lr=2.6782e-05, gnorm=0.862, clip=20, loss_scale=2048, train_wall=20, gb_free=36.6, wall=26767
2023-05-16 06:00:07 - progress_bar.py[line:272] - INFO: epoch 003:   2021 / 4137 loss=0.171, loss_v1=0, loss_v2=0, nll_loss=0.171, ntokens=256, nsentences=128, sample_size=256, sample_size_v1=0, sample_size_v2=0, ppl=1.13, wps=130.1, ups=0.51, wpb=256, bsz=128, num_updates=10280, lr=2.67563e-05, gnorm=0.839, clip=0, loss_scale=2048, train_wall=20, gb_free=36.6, wall=26787
2023-05-16 06:00:27 - progress_bar.py[line:272] - INFO: epoch 003:   2031 / 4137 loss=0.176, loss_v1=0, loss_v2=0, nll_loss=0.176, ntokens=256, nsentences=128, sample_size=256, sample_size_v1=0, sample_size_v2=0, ppl=1.13, wps=128.2, ups=0.5, wpb=256, bsz=128, num_updates=10290, lr=2.67306e-05, gnorm=0.873, clip=10, loss_scale=2048, train_wall=20, gb_free=36.5, wall=26807
2023-05-16 06:00:47 - progress_bar.py[line:272] - INFO: epoch 003:   2041 / 4137 loss=0.174, loss_v1=0, loss_v2=0, nll_loss=0.174, ntokens=256, nsentences=128, sample_size=256, sample_size_v1=0, sample_size_v2=0, ppl=1.13, wps=128.3, ups=0.5, wpb=256, bsz=128, num_updates=10300, lr=2.67049e-05, gnorm=0.881, clip=20, loss_scale=2048, train_wall=20, gb_free=36.6, wall=26827
2023-05-16 06:00:59 - trainer.py[line:921] - INFO: NOTE: gradient overflow detected, ignoring gradient, setting loss scale to: 1024.0
2023-05-16 06:01:09 - progress_bar.py[line:272] - INFO: epoch 003:   2052 / 4137 loss=0.166, loss_v1=0, loss_v2=0, nll_loss=0.166, ntokens=256, nsentences=128, sample_size=256, sample_size_v1=0, sample_size_v2=0, ppl=1.12, wps=116.3, ups=0.45, wpb=256, bsz=128, num_updates=10310, lr=2.66792e-05, gnorm=0.793, clip=0, loss_scale=1024, train_wall=22, gb_free=36.6, wall=26849
2023-05-16 06:01:29 - progress_bar.py[line:272] - INFO: epoch 003:   2062 / 4137 loss=0.174, loss_v1=0, loss_v2=0, nll_loss=0.174, ntokens=256, nsentences=128, sample_size=256, sample_size_v1=0, sample_size_v2=0, ppl=1.13, wps=128.2, ups=0.5, wpb=256, bsz=128, num_updates=10320, lr=2.66535e-05, gnorm=0.883, clip=10, loss_scale=1024, train_wall=20, gb_free=36.6, wall=26869
2023-05-16 06:01:48 - progress_bar.py[line:272] - INFO: epoch 003:   2072 / 4137 loss=0.199, loss_v1=0, loss_v2=0, nll_loss=0.199, ntokens=256, nsentences=128, sample_size=256, sample_size_v1=0, sample_size_v2=0, ppl=1.15, wps=129.2, ups=0.5, wpb=256, bsz=128, num_updates=10330, lr=2.66278e-05, gnorm=0.936, clip=30, loss_scale=1024, train_wall=20, gb_free=36.7, wall=26889
2023-05-16 06:02:08 - progress_bar.py[line:272] - INFO: epoch 003:   2082 / 4137 loss=0.193, loss_v1=0, loss_v2=0, nll_loss=0.193, ntokens=256, nsentences=128, sample_size=256, sample_size_v1=0, sample_size_v2=0, ppl=1.14, wps=129, ups=0.5, wpb=256, bsz=128, num_updates=10340, lr=2.6602e-05, gnorm=0.831, clip=0, loss_scale=1024, train_wall=20, gb_free=36.6, wall=26908
2023-05-16 06:02:28 - progress_bar.py[line:272] - INFO: epoch 003:   2092 / 4137 loss=0.184, loss_v1=0, loss_v2=0, nll_loss=0.184, ntokens=256, nsentences=128, sample_size=256, sample_size_v1=0, sample_size_v2=0, ppl=1.14, wps=129.3, ups=0.5, wpb=256, bsz=128, num_updates=10350, lr=2.65763e-05, gnorm=0.841, clip=0, loss_scale=1024, train_wall=20, gb_free=36.6, wall=26928
2023-05-16 06:02:48 - progress_bar.py[line:272] - INFO: epoch 003:   2102 / 4137 loss=0.159, loss_v1=0, loss_v2=0, nll_loss=0.159, ntokens=256, nsentences=128, sample_size=256, sample_size_v1=0, sample_size_v2=0, ppl=1.12, wps=128.7, ups=0.5, wpb=256, bsz=128, num_updates=10360, lr=2.65506e-05, gnorm=0.771, clip=10, loss_scale=1024, train_wall=20, gb_free=36.6, wall=26948
2023-05-16 06:03:08 - progress_bar.py[line:272] - INFO: epoch 003:   2112 / 4137 loss=0.157, loss_v1=0, loss_v2=0, nll_loss=0.157, ntokens=256, nsentences=128, sample_size=256, sample_size_v1=0, sample_size_v2=0, ppl=1.11, wps=127.4, ups=0.5, wpb=256, bsz=128, num_updates=10370, lr=2.65249e-05, gnorm=0.798, clip=0, loss_scale=1024, train_wall=20, gb_free=36.6, wall=26968
2023-05-16 06:03:28 - progress_bar.py[line:272] - INFO: epoch 003:   2122 / 4137 loss=0.178, loss_v1=0, loss_v2=0, nll_loss=0.178, ntokens=256, nsentences=128, sample_size=256, sample_size_v1=0, sample_size_v2=0, ppl=1.13, wps=129.4, ups=0.51, wpb=256, bsz=128, num_updates=10380, lr=2.64992e-05, gnorm=0.938, clip=20, loss_scale=1024, train_wall=20, gb_free=36.6, wall=26988
2023-05-16 06:03:48 - progress_bar.py[line:272] - INFO: epoch 003:   2132 / 4137 loss=0.197, loss_v1=0, loss_v2=0, nll_loss=0.197, ntokens=256, nsentences=128, sample_size=256, sample_size_v1=0, sample_size_v2=0, ppl=1.15, wps=127.2, ups=0.5, wpb=256, bsz=128, num_updates=10390, lr=2.64735e-05, gnorm=0.891, clip=20, loss_scale=1024, train_wall=20, gb_free=36.6, wall=27008
2023-05-16 06:04:08 - progress_bar.py[line:272] - INFO: epoch 003:   2142 / 4137 loss=0.208, loss_v1=0, loss_v2=0, nll_loss=0.208, ntokens=256, nsentences=128, sample_size=256, sample_size_v1=0, sample_size_v2=0, ppl=1.16, wps=128, ups=0.5, wpb=256, bsz=128, num_updates=10400, lr=2.64477e-05, gnorm=0.894, clip=20, loss_scale=1024, train_wall=20, gb_free=36.6, wall=27028
2023-05-16 06:04:28 - progress_bar.py[line:272] - INFO: epoch 003:   2152 / 4137 loss=0.172, loss_v1=0, loss_v2=0, nll_loss=0.172, ntokens=256, nsentences=128, sample_size=256, sample_size_v1=0, sample_size_v2=0, ppl=1.13, wps=129, ups=0.5, wpb=256, bsz=128, num_updates=10410, lr=2.6422e-05, gnorm=0.799, clip=0, loss_scale=1024, train_wall=20, gb_free=36.5, wall=27048
2023-05-16 06:04:48 - progress_bar.py[line:272] - INFO: epoch 003:   2162 / 4137 loss=0.18, loss_v1=0, loss_v2=0, nll_loss=0.18, ntokens=256, nsentences=128, sample_size=256, sample_size_v1=0, sample_size_v2=0, ppl=1.13, wps=127.7, ups=0.5, wpb=256, bsz=128, num_updates=10420, lr=2.63963e-05, gnorm=0.836, clip=0, loss_scale=1024, train_wall=20, gb_free=36.5, wall=27068
2023-05-16 06:05:08 - progress_bar.py[line:272] - INFO: epoch 003:   2172 / 4137 loss=0.189, loss_v1=0, loss_v2=0, nll_loss=0.189, ntokens=256, nsentences=128, sample_size=256, sample_size_v1=0, sample_size_v2=0, ppl=1.14, wps=129.5, ups=0.51, wpb=256, bsz=128, num_updates=10430, lr=2.63706e-05, gnorm=0.968, clip=40, loss_scale=1024, train_wall=20, gb_free=36.7, wall=27088
2023-05-16 06:05:27 - progress_bar.py[line:272] - INFO: epoch 003:   2182 / 4137 loss=0.194, loss_v1=0, loss_v2=0, nll_loss=0.194, ntokens=256, nsentences=128, sample_size=256, sample_size_v1=0, sample_size_v2=0, ppl=1.14, wps=129.4, ups=0.51, wpb=256, bsz=128, num_updates=10440, lr=2.63449e-05, gnorm=0.889, clip=30, loss_scale=1024, train_wall=20, gb_free=36.6, wall=27108
2023-05-16 06:05:47 - progress_bar.py[line:272] - INFO: epoch 003:   2192 / 4137 loss=0.185, loss_v1=0, loss_v2=0, nll_loss=0.185, ntokens=256, nsentences=128, sample_size=256, sample_size_v1=0, sample_size_v2=0, ppl=1.14, wps=128.1, ups=0.5, wpb=256, bsz=128, num_updates=10450, lr=2.63192e-05, gnorm=0.876, clip=20, loss_scale=1024, train_wall=20, gb_free=36.5, wall=27128
2023-05-16 06:06:07 - progress_bar.py[line:272] - INFO: epoch 003:   2202 / 4137 loss=0.183, loss_v1=0, loss_v2=0, nll_loss=0.183, ntokens=256, nsentences=128, sample_size=256, sample_size_v1=0, sample_size_v2=0, ppl=1.14, wps=128.6, ups=0.5, wpb=256, bsz=128, num_updates=10460, lr=2.62935e-05, gnorm=0.823, clip=0, loss_scale=1024, train_wall=20, gb_free=36.7, wall=27147
2023-05-16 06:06:27 - progress_bar.py[line:272] - INFO: epoch 003:   2212 / 4137 loss=0.183, loss_v1=0, loss_v2=0, nll_loss=0.183, ntokens=256, nsentences=128, sample_size=256, sample_size_v1=0, sample_size_v2=0, ppl=1.14, wps=128.6, ups=0.5, wpb=256, bsz=128, num_updates=10470, lr=2.62677e-05, gnorm=0.902, clip=40, loss_scale=1024, train_wall=20, gb_free=36.5, wall=27167
2023-05-16 06:06:47 - progress_bar.py[line:272] - INFO: epoch 003:   2222 / 4137 loss=0.177, loss_v1=0, loss_v2=0, nll_loss=0.177, ntokens=256, nsentences=128, sample_size=256, sample_size_v1=0, sample_size_v2=0, ppl=1.13, wps=128.4, ups=0.5, wpb=256, bsz=128, num_updates=10480, lr=2.6242e-05, gnorm=0.915, clip=20, loss_scale=1024, train_wall=20, gb_free=36.5, wall=27187
2023-05-16 06:07:07 - progress_bar.py[line:272] - INFO: epoch 003:   2232 / 4137 loss=0.173, loss_v1=0, loss_v2=0, nll_loss=0.173, ntokens=256, nsentences=128, sample_size=256, sample_size_v1=0, sample_size_v2=0, ppl=1.13, wps=127.5, ups=0.5, wpb=256, bsz=128, num_updates=10490, lr=2.62163e-05, gnorm=0.877, clip=10, loss_scale=1024, train_wall=20, gb_free=36.6, wall=27207
2023-05-16 06:07:27 - progress_bar.py[line:272] - INFO: epoch 003:   2242 / 4137 loss=0.167, loss_v1=0, loss_v2=0, nll_loss=0.167, ntokens=256, nsentences=128, sample_size=256, sample_size_v1=0, sample_size_v2=0, ppl=1.12, wps=128.3, ups=0.5, wpb=256, bsz=128, num_updates=10500, lr=2.61906e-05, gnorm=0.861, clip=10, loss_scale=1024, train_wall=20, gb_free=36.6, wall=27227
slice_id 1 seek offset 4465slice_id 2 seek offset 8930

slice_id 3 seek offset 13394
2023-05-16 06:07:27 - train.py[line:445] - INFO: begin validation on "valid" subset
slice_id 0 seek offset 0
slice_id 0 seek offset 0
slice_id 1 seek offset 4465
slice_id 2 seek offset 8930
slice_id 3 seek offset 13394
2023-05-16 06:10:50 - progress_bar.py[line:282] - INFO: epoch 003 | valid on 'valid' subset | loss 0.219 | loss_v1 0 | loss_v2 0 | nll_loss 0.219 | ntokens 31.975 | nsentences 15.987 | sample_size 31.975 | sample_size_v1 0 | sample_size_v2 0 | ppl 1.16 | snli_score 0.8414 | wps 175.9 | wpb 32 | bsz 16 | num_updates 10500 | best_snli_score 0.8414
2023-05-16 06:10:50 - checkpoint_utils.py[line:64] - INFO: Preparing to save checkpoint for epoch 3 @ 10500 updates
2023-05-16 06:10:50 - trainer.py[line:431] - INFO: Saving checkpoint to ./EC_full_checkpoints/5_5e-5/checkpoint_3_10500.pt
2023-05-16 06:10:53 - trainer.py[line:441] - INFO: Finished saving checkpoint to ./EC_full_checkpoints/5_5e-5/checkpoint_3_10500.pt
2023-05-16 06:11:00 - checkpoint_utils.py[line:133] - INFO: Saved checkpoint ./EC_full_checkpoints/5_5e-5/checkpoint_3_10500.pt (epoch 3 @ 10500 updates, score 0.8414) (writing took 9.766779734985903 seconds)
2023-05-16 06:11:20 - progress_bar.py[line:272] - INFO: epoch 003:   2252 / 4137 loss=0.182, loss_v1=0, loss_v2=0, nll_loss=0.182, ntokens=256, nsentences=128, sample_size=256, sample_size_v1=0, sample_size_v2=0, ppl=1.13, wps=11, ups=0.04, wpb=256, bsz=128, num_updates=10510, lr=2.61649e-05, gnorm=0.963, clip=30, loss_scale=1024, train_wall=20, gb_free=36.7, wall=27460
2023-05-16 06:11:40 - progress_bar.py[line:272] - INFO: epoch 003:   2262 / 4137 loss=0.165, loss_v1=0, loss_v2=0, nll_loss=0.165, ntokens=256, nsentences=128, sample_size=256, sample_size_v1=0, sample_size_v2=0, ppl=1.12, wps=128.3, ups=0.5, wpb=256, bsz=128, num_updates=10520, lr=2.61392e-05, gnorm=0.838, clip=0, loss_scale=1024, train_wall=20, gb_free=36.4, wall=27480
2023-05-16 06:12:00 - progress_bar.py[line:272] - INFO: epoch 003:   2272 / 4137 loss=0.181, loss_v1=0, loss_v2=0, nll_loss=0.181, ntokens=256, nsentences=128, sample_size=256, sample_size_v1=0, sample_size_v2=0, ppl=1.13, wps=129.2, ups=0.5, wpb=256, bsz=128, num_updates=10530, lr=2.61135e-05, gnorm=0.921, clip=30, loss_scale=1024, train_wall=20, gb_free=36.7, wall=27500
2023-05-16 06:12:20 - progress_bar.py[line:272] - INFO: epoch 003:   2282 / 4137 loss=0.203, loss_v1=0, loss_v2=0, nll_loss=0.203, ntokens=256, nsentences=128, sample_size=256, sample_size_v1=0, sample_size_v2=0, ppl=1.15, wps=128.2, ups=0.5, wpb=256, bsz=128, num_updates=10540, lr=2.60877e-05, gnorm=0.96, clip=40, loss_scale=1024, train_wall=20, gb_free=36.2, wall=27520
2023-05-16 06:12:40 - progress_bar.py[line:272] - INFO: epoch 003:   2292 / 4137 loss=0.203, loss_v1=0, loss_v2=0, nll_loss=0.203, ntokens=256, nsentences=128, sample_size=256, sample_size_v1=0, sample_size_v2=0, ppl=1.15, wps=128.2, ups=0.5, wpb=256, bsz=128, num_updates=10550, lr=2.6062e-05, gnorm=0.799, clip=0, loss_scale=1024, train_wall=20, gb_free=36.6, wall=27540
2023-05-16 06:12:59 - progress_bar.py[line:272] - INFO: epoch 003:   2302 / 4137 loss=0.169, loss_v1=0, loss_v2=0, nll_loss=0.169, ntokens=256, nsentences=128, sample_size=256, sample_size_v1=0, sample_size_v2=0, ppl=1.12, wps=128.3, ups=0.5, wpb=256, bsz=128, num_updates=10560, lr=2.60363e-05, gnorm=0.714, clip=0, loss_scale=1024, train_wall=20, gb_free=36.7, wall=27560
2023-05-16 06:13:19 - progress_bar.py[line:272] - INFO: epoch 003:   2312 / 4137 loss=0.176, loss_v1=0, loss_v2=0, nll_loss=0.176, ntokens=256, nsentences=128, sample_size=256, sample_size_v1=0, sample_size_v2=0, ppl=1.13, wps=129.9, ups=0.51, wpb=256, bsz=128, num_updates=10570, lr=2.60106e-05, gnorm=0.874, clip=30, loss_scale=1024, train_wall=20, gb_free=36.5, wall=27579
2023-05-16 06:13:39 - progress_bar.py[line:272] - INFO: epoch 003:   2322 / 4137 loss=0.198, loss_v1=0, loss_v2=0, nll_loss=0.198, ntokens=256, nsentences=128, sample_size=256, sample_size_v1=0, sample_size_v2=0, ppl=1.15, wps=126.2, ups=0.49, wpb=256, bsz=128, num_updates=10580, lr=2.59849e-05, gnorm=0.831, clip=0, loss_scale=1024, train_wall=20, gb_free=36.7, wall=27600
2023-05-16 06:14:00 - progress_bar.py[line:272] - INFO: epoch 003:   2332 / 4137 loss=0.191, loss_v1=0, loss_v2=0, nll_loss=0.191, ntokens=256, nsentences=128, sample_size=256, sample_size_v1=0, sample_size_v2=0, ppl=1.14, wps=125.2, ups=0.49, wpb=256, bsz=128, num_updates=10590, lr=2.59592e-05, gnorm=0.789, clip=0, loss_scale=1024, train_wall=20, gb_free=36.5, wall=27620
2023-05-16 06:14:20 - progress_bar.py[line:272] - INFO: epoch 003:   2342 / 4137 loss=0.168, loss_v1=0, loss_v2=0, nll_loss=0.168, ntokens=256, nsentences=128, sample_size=256, sample_size_v1=0, sample_size_v2=0, ppl=1.12, wps=127.9, ups=0.5, wpb=256, bsz=128, num_updates=10600, lr=2.59334e-05, gnorm=0.774, clip=0, loss_scale=1024, train_wall=20, gb_free=36.6, wall=27640
2023-05-16 06:14:40 - progress_bar.py[line:272] - INFO: epoch 003:   2352 / 4137 loss=0.193, loss_v1=0, loss_v2=0, nll_loss=0.193, ntokens=256, nsentences=128, sample_size=256, sample_size_v1=0, sample_size_v2=0, ppl=1.14, wps=128.7, ups=0.5, wpb=256, bsz=128, num_updates=10610, lr=2.59077e-05, gnorm=0.881, clip=20, loss_scale=1024, train_wall=20, gb_free=36.7, wall=27660
2023-05-16 06:15:00 - progress_bar.py[line:272] - INFO: epoch 003:   2362 / 4137 loss=0.189, loss_v1=0, loss_v2=0, nll_loss=0.189, ntokens=256, nsentences=128, sample_size=256, sample_size_v1=0, sample_size_v2=0, ppl=1.14, wps=125.1, ups=0.49, wpb=256, bsz=128, num_updates=10620, lr=2.5882e-05, gnorm=0.814, clip=10, loss_scale=1024, train_wall=20, gb_free=36.6, wall=27681
2023-05-16 06:15:21 - progress_bar.py[line:272] - INFO: epoch 003:   2372 / 4137 loss=0.152, loss_v1=0, loss_v2=0, nll_loss=0.152, ntokens=256, nsentences=128, sample_size=256, sample_size_v1=0, sample_size_v2=0, ppl=1.11, wps=124.7, ups=0.49, wpb=256, bsz=128, num_updates=10630, lr=2.58563e-05, gnorm=0.744, clip=0, loss_scale=1024, train_wall=20, gb_free=36.7, wall=27701
2023-05-16 06:15:41 - progress_bar.py[line:272] - INFO: epoch 003:   2382 / 4137 loss=0.175, loss_v1=0, loss_v2=0, nll_loss=0.175, ntokens=256, nsentences=128, sample_size=256, sample_size_v1=0, sample_size_v2=0, ppl=1.13, wps=125.6, ups=0.49, wpb=256, bsz=128, num_updates=10640, lr=2.58306e-05, gnorm=0.868, clip=20, loss_scale=1024, train_wall=20, gb_free=36.7, wall=27721
2023-05-16 06:16:01 - progress_bar.py[line:272] - INFO: epoch 003:   2392 / 4137 loss=0.194, loss_v1=0, loss_v2=0, nll_loss=0.194, ntokens=256, nsentences=128, sample_size=256, sample_size_v1=0, sample_size_v2=0, ppl=1.14, wps=129.3, ups=0.51, wpb=256, bsz=128, num_updates=10650, lr=2.58049e-05, gnorm=0.997, clip=40, loss_scale=1024, train_wall=20, gb_free=36.7, wall=27741
2023-05-16 06:16:21 - progress_bar.py[line:272] - INFO: epoch 003:   2402 / 4137 loss=0.182, loss_v1=0, loss_v2=0, nll_loss=0.182, ntokens=256, nsentences=128, sample_size=256, sample_size_v1=0, sample_size_v2=0, ppl=1.13, wps=129.1, ups=0.5, wpb=256, bsz=128, num_updates=10660, lr=2.57792e-05, gnorm=0.906, clip=20, loss_scale=1024, train_wall=20, gb_free=36.5, wall=27761
2023-05-16 06:16:41 - progress_bar.py[line:272] - INFO: epoch 003:   2412 / 4137 loss=0.199, loss_v1=0, loss_v2=0, nll_loss=0.199, ntokens=256, nsentences=128, sample_size=256, sample_size_v1=0, sample_size_v2=0, ppl=1.15, wps=128.7, ups=0.5, wpb=256, bsz=128, num_updates=10670, lr=2.57534e-05, gnorm=0.951, clip=30, loss_scale=1024, train_wall=20, gb_free=36.6, wall=27781
2023-05-16 06:17:01 - progress_bar.py[line:272] - INFO: epoch 003:   2422 / 4137 loss=0.19, loss_v1=0, loss_v2=0, nll_loss=0.19, ntokens=256, nsentences=128, sample_size=256, sample_size_v1=0, sample_size_v2=0, ppl=1.14, wps=126.7, ups=0.49, wpb=256, bsz=128, num_updates=10680, lr=2.57277e-05, gnorm=0.877, clip=20, loss_scale=1024, train_wall=20, gb_free=36.6, wall=27801
2023-05-16 06:17:21 - progress_bar.py[line:272] - INFO: epoch 003:   2432 / 4137 loss=0.17, loss_v1=0, loss_v2=0, nll_loss=0.17, ntokens=256, nsentences=128, sample_size=256, sample_size_v1=0, sample_size_v2=0, ppl=1.13, wps=126.9, ups=0.5, wpb=256, bsz=128, num_updates=10690, lr=2.5702e-05, gnorm=0.858, clip=20, loss_scale=1024, train_wall=20, gb_free=36.6, wall=27821
2023-05-16 06:17:41 - progress_bar.py[line:272] - INFO: epoch 003:   2442 / 4137 loss=0.186, loss_v1=0, loss_v2=0, nll_loss=0.186, ntokens=256, nsentences=128, sample_size=256, sample_size_v1=0, sample_size_v2=0, ppl=1.14, wps=127.1, ups=0.5, wpb=256, bsz=128, num_updates=10700, lr=2.56763e-05, gnorm=0.923, clip=20, loss_scale=1024, train_wall=20, gb_free=36.4, wall=27841
2023-05-16 06:18:02 - progress_bar.py[line:272] - INFO: epoch 003:   2452 / 4137 loss=0.18, loss_v1=0, loss_v2=0, nll_loss=0.18, ntokens=256, nsentences=128, sample_size=256, sample_size_v1=0, sample_size_v2=0, ppl=1.13, wps=124.7, ups=0.49, wpb=256, bsz=128, num_updates=10710, lr=2.56506e-05, gnorm=0.906, clip=10, loss_scale=1024, train_wall=20, gb_free=36.7, wall=27862
2023-05-16 06:18:22 - progress_bar.py[line:272] - INFO: epoch 003:   2462 / 4137 loss=0.185, loss_v1=0, loss_v2=0, nll_loss=0.185, ntokens=256, nsentences=128, sample_size=256, sample_size_v1=0, sample_size_v2=0, ppl=1.14, wps=126.3, ups=0.49, wpb=256, bsz=128, num_updates=10720, lr=2.56249e-05, gnorm=0.884, clip=20, loss_scale=1024, train_wall=20, gb_free=36.6, wall=27882
2023-05-16 06:18:42 - progress_bar.py[line:272] - INFO: epoch 003:   2472 / 4137 loss=0.175, loss_v1=0, loss_v2=0, nll_loss=0.175, ntokens=256, nsentences=128, sample_size=256, sample_size_v1=0, sample_size_v2=0, ppl=1.13, wps=125.6, ups=0.49, wpb=256, bsz=128, num_updates=10730, lr=2.55992e-05, gnorm=0.85, clip=20, loss_scale=1024, train_wall=20, gb_free=36.5, wall=27903
2023-05-16 06:19:03 - progress_bar.py[line:272] - INFO: epoch 003:   2482 / 4137 loss=0.162, loss_v1=0, loss_v2=0, nll_loss=0.162, ntokens=256, nsentences=128, sample_size=256, sample_size_v1=0, sample_size_v2=0, ppl=1.12, wps=126.2, ups=0.49, wpb=256, bsz=128, num_updates=10740, lr=2.55734e-05, gnorm=0.829, clip=10, loss_scale=1024, train_wall=20, gb_free=36.6, wall=27923
2023-05-16 06:19:23 - progress_bar.py[line:272] - INFO: epoch 003:   2492 / 4137 loss=0.2, loss_v1=0, loss_v2=0, nll_loss=0.2, ntokens=256, nsentences=128, sample_size=256, sample_size_v1=0, sample_size_v2=0, ppl=1.15, wps=125.6, ups=0.49, wpb=256, bsz=128, num_updates=10750, lr=2.55477e-05, gnorm=0.999, clip=40, loss_scale=1024, train_wall=20, gb_free=36.6, wall=27943
2023-05-16 06:19:44 - progress_bar.py[line:272] - INFO: epoch 003:   2502 / 4137 loss=0.199, loss_v1=0, loss_v2=0, nll_loss=0.199, ntokens=256, nsentences=128, sample_size=256, sample_size_v1=0, sample_size_v2=0, ppl=1.15, wps=124.6, ups=0.49, wpb=256, bsz=128, num_updates=10760, lr=2.5522e-05, gnorm=0.894, clip=20, loss_scale=1024, train_wall=20, gb_free=36.7, wall=27964
2023-05-16 06:20:04 - progress_bar.py[line:272] - INFO: epoch 003:   2512 / 4137 loss=0.18, loss_v1=0, loss_v2=0, nll_loss=0.18, ntokens=256, nsentences=128, sample_size=256, sample_size_v1=0, sample_size_v2=0, ppl=1.13, wps=124.4, ups=0.49, wpb=256, bsz=128, num_updates=10770, lr=2.54963e-05, gnorm=0.857, clip=20, loss_scale=1024, train_wall=21, gb_free=36.5, wall=27984
2023-05-16 06:20:25 - progress_bar.py[line:272] - INFO: epoch 003:   2522 / 4137 loss=0.162, loss_v1=0, loss_v2=0, nll_loss=0.162, ntokens=256, nsentences=128, sample_size=256, sample_size_v1=0, sample_size_v2=0, ppl=1.12, wps=123.5, ups=0.48, wpb=256, bsz=128, num_updates=10780, lr=2.54706e-05, gnorm=0.846, clip=10, loss_scale=1024, train_wall=21, gb_free=36.5, wall=28005
2023-05-16 06:20:45 - progress_bar.py[line:272] - INFO: epoch 003:   2532 / 4137 loss=0.195, loss_v1=0, loss_v2=0, nll_loss=0.195, ntokens=256, nsentences=128, sample_size=256, sample_size_v1=0, sample_size_v2=0, ppl=1.14, wps=125.1, ups=0.49, wpb=256, bsz=128, num_updates=10790, lr=2.54449e-05, gnorm=0.964, clip=30, loss_scale=1024, train_wall=20, gb_free=36.5, wall=28026
2023-05-16 06:21:05 - progress_bar.py[line:272] - INFO: epoch 003:   2542 / 4137 loss=0.195, loss_v1=0, loss_v2=0, nll_loss=0.195, ntokens=256, nsentences=128, sample_size=256, sample_size_v1=0, sample_size_v2=0, ppl=1.15, wps=128.1, ups=0.5, wpb=256, bsz=128, num_updates=10800, lr=2.54192e-05, gnorm=0.928, clip=40, loss_scale=1024, train_wall=20, gb_free=36.5, wall=28046
2023-05-16 06:21:25 - progress_bar.py[line:272] - INFO: epoch 003:   2552 / 4137 loss=0.186, loss_v1=0, loss_v2=0, nll_loss=0.186, ntokens=256, nsentences=128, sample_size=256, sample_size_v1=0, sample_size_v2=0, ppl=1.14, wps=127.5, ups=0.5, wpb=256, bsz=128, num_updates=10810, lr=2.53934e-05, gnorm=0.874, clip=10, loss_scale=1024, train_wall=20, gb_free=36.7, wall=28066
2023-05-16 06:21:45 - progress_bar.py[line:272] - INFO: epoch 003:   2562 / 4137 loss=0.194, loss_v1=0, loss_v2=0, nll_loss=0.194, ntokens=256, nsentences=128, sample_size=256, sample_size_v1=0, sample_size_v2=0, ppl=1.14, wps=128.8, ups=0.5, wpb=256, bsz=128, num_updates=10820, lr=2.53677e-05, gnorm=0.892, clip=20, loss_scale=2048, train_wall=20, gb_free=36.6, wall=28086
2023-05-16 06:21:53 - trainer.py[line:921] - INFO: NOTE: gradient overflow detected, ignoring gradient, setting loss scale to: 1024.0
2023-05-16 06:22:07 - progress_bar.py[line:272] - INFO: epoch 003:   2573 / 4137 loss=0.166, loss_v1=0, loss_v2=0, nll_loss=0.166, ntokens=256, nsentences=128, sample_size=256, sample_size_v1=0, sample_size_v2=0, ppl=1.12, wps=117.6, ups=0.46, wpb=256, bsz=128, num_updates=10830, lr=2.5342e-05, gnorm=0.824, clip=0, loss_scale=1024, train_wall=22, gb_free=36.7, wall=28107
2023-05-16 06:22:27 - progress_bar.py[line:272] - INFO: epoch 003:   2583 / 4137 loss=0.175, loss_v1=0, loss_v2=0, nll_loss=0.175, ntokens=256, nsentences=128, sample_size=256, sample_size_v1=0, sample_size_v2=0, ppl=1.13, wps=129.2, ups=0.5, wpb=256, bsz=128, num_updates=10840, lr=2.53163e-05, gnorm=0.859, clip=10, loss_scale=1024, train_wall=20, gb_free=36.7, wall=28127
2023-05-16 06:22:47 - progress_bar.py[line:272] - INFO: epoch 003:   2593 / 4137 loss=0.177, loss_v1=0, loss_v2=0, nll_loss=0.177, ntokens=256, nsentences=128, sample_size=256, sample_size_v1=0, sample_size_v2=0, ppl=1.13, wps=127.5, ups=0.5, wpb=256, bsz=128, num_updates=10850, lr=2.52906e-05, gnorm=0.908, clip=30, loss_scale=1024, train_wall=20, gb_free=36.5, wall=28147
2023-05-16 06:23:07 - progress_bar.py[line:272] - INFO: epoch 003:   2603 / 4137 loss=0.168, loss_v1=0, loss_v2=0, nll_loss=0.168, ntokens=256, nsentences=128, sample_size=256, sample_size_v1=0, sample_size_v2=0, ppl=1.12, wps=128.8, ups=0.5, wpb=256, bsz=128, num_updates=10860, lr=2.52649e-05, gnorm=0.902, clip=30, loss_scale=1024, train_wall=20, gb_free=36.5, wall=28167
2023-05-16 06:23:27 - progress_bar.py[line:272] - INFO: epoch 003:   2613 / 4137 loss=0.163, loss_v1=0, loss_v2=0, nll_loss=0.163, ntokens=256, nsentences=128, sample_size=256, sample_size_v1=0, sample_size_v2=0, ppl=1.12, wps=127.6, ups=0.5, wpb=256, bsz=128, num_updates=10870, lr=2.52391e-05, gnorm=0.885, clip=20, loss_scale=1024, train_wall=20, gb_free=36.6, wall=28187
2023-05-16 06:23:47 - progress_bar.py[line:272] - INFO: epoch 003:   2623 / 4137 loss=0.164, loss_v1=0, loss_v2=0, nll_loss=0.164, ntokens=256, nsentences=128, sample_size=256, sample_size_v1=0, sample_size_v2=0, ppl=1.12, wps=128.4, ups=0.5, wpb=256, bsz=128, num_updates=10880, lr=2.52134e-05, gnorm=0.866, clip=10, loss_scale=1024, train_wall=20, gb_free=36.6, wall=28207
2023-05-16 06:24:07 - progress_bar.py[line:272] - INFO: epoch 003:   2633 / 4137 loss=0.181, loss_v1=0, loss_v2=0, nll_loss=0.181, ntokens=256, nsentences=128, sample_size=256, sample_size_v1=0, sample_size_v2=0, ppl=1.13, wps=128.8, ups=0.5, wpb=256, bsz=128, num_updates=10890, lr=2.51877e-05, gnorm=0.902, clip=10, loss_scale=1024, train_wall=20, gb_free=36.6, wall=28227
2023-05-16 06:24:27 - progress_bar.py[line:272] - INFO: epoch 003:   2643 / 4137 loss=0.181, loss_v1=0, loss_v2=0, nll_loss=0.181, ntokens=256, nsentences=128, sample_size=256, sample_size_v1=0, sample_size_v2=0, ppl=1.13, wps=128.9, ups=0.5, wpb=256, bsz=128, num_updates=10900, lr=2.5162e-05, gnorm=0.986, clip=40, loss_scale=1024, train_wall=20, gb_free=36.5, wall=28247
2023-05-16 06:24:47 - progress_bar.py[line:272] - INFO: epoch 003:   2653 / 4137 loss=0.212, loss_v1=0, loss_v2=0, nll_loss=0.212, ntokens=256, nsentences=128, sample_size=256, sample_size_v1=0, sample_size_v2=0, ppl=1.16, wps=127.7, ups=0.5, wpb=256, bsz=128, num_updates=10910, lr=2.51363e-05, gnorm=0.895, clip=20, loss_scale=1024, train_wall=20, gb_free=36.6, wall=28267
2023-05-16 06:25:06 - progress_bar.py[line:272] - INFO: epoch 003:   2663 / 4137 loss=0.18, loss_v1=0, loss_v2=0, nll_loss=0.18, ntokens=256, nsentences=128, sample_size=256, sample_size_v1=0, sample_size_v2=0, ppl=1.13, wps=130.1, ups=0.51, wpb=256, bsz=128, num_updates=10920, lr=2.51106e-05, gnorm=0.865, clip=30, loss_scale=1024, train_wall=20, gb_free=36.6, wall=28287
2023-05-16 06:25:26 - progress_bar.py[line:272] - INFO: epoch 003:   2673 / 4137 loss=0.191, loss_v1=0, loss_v2=0, nll_loss=0.191, ntokens=256, nsentences=128, sample_size=256, sample_size_v1=0, sample_size_v2=0, ppl=1.14, wps=129.8, ups=0.51, wpb=256, bsz=128, num_updates=10930, lr=2.50849e-05, gnorm=0.811, clip=0, loss_scale=1024, train_wall=20, gb_free=36.7, wall=28306
2023-05-16 06:25:46 - progress_bar.py[line:272] - INFO: epoch 003:   2683 / 4137 loss=0.181, loss_v1=0, loss_v2=0, nll_loss=0.181, ntokens=256, nsentences=128, sample_size=256, sample_size_v1=0, sample_size_v2=0, ppl=1.13, wps=129.2, ups=0.5, wpb=256, bsz=128, num_updates=10940, lr=2.50591e-05, gnorm=0.839, clip=10, loss_scale=1024, train_wall=20, gb_free=36.5, wall=28326
2023-05-16 06:26:06 - progress_bar.py[line:272] - INFO: epoch 003:   2693 / 4137 loss=0.175, loss_v1=0, loss_v2=0, nll_loss=0.175, ntokens=256, nsentences=128, sample_size=256, sample_size_v1=0, sample_size_v2=0, ppl=1.13, wps=128.9, ups=0.5, wpb=256, bsz=128, num_updates=10950, lr=2.50334e-05, gnorm=0.853, clip=0, loss_scale=1024, train_wall=20, gb_free=36.6, wall=28346
2023-05-16 06:26:26 - progress_bar.py[line:272] - INFO: epoch 003:   2703 / 4137 loss=0.173, loss_v1=0, loss_v2=0, nll_loss=0.173, ntokens=256, nsentences=128, sample_size=256, sample_size_v1=0, sample_size_v2=0, ppl=1.13, wps=128, ups=0.5, wpb=256, bsz=128, num_updates=10960, lr=2.50077e-05, gnorm=0.886, clip=30, loss_scale=1024, train_wall=20, gb_free=36.7, wall=28366
2023-05-16 06:26:46 - progress_bar.py[line:272] - INFO: epoch 003:   2713 / 4137 loss=0.187, loss_v1=0, loss_v2=0, nll_loss=0.187, ntokens=256, nsentences=128, sample_size=256, sample_size_v1=0, sample_size_v2=0, ppl=1.14, wps=127, ups=0.5, wpb=256, bsz=128, num_updates=10970, lr=2.4982e-05, gnorm=0.864, clip=10, loss_scale=1024, train_wall=20, gb_free=36.7, wall=28386
2023-05-16 06:27:06 - progress_bar.py[line:272] - INFO: epoch 003:   2723 / 4137 loss=0.171, loss_v1=0, loss_v2=0, nll_loss=0.171, ntokens=256, nsentences=128, sample_size=256, sample_size_v1=0, sample_size_v2=0, ppl=1.13, wps=125, ups=0.49, wpb=256, bsz=128, num_updates=10980, lr=2.49563e-05, gnorm=0.907, clip=30, loss_scale=1024, train_wall=20, gb_free=36.6, wall=28407
2023-05-16 06:27:26 - progress_bar.py[line:272] - INFO: epoch 003:   2733 / 4137 loss=0.19, loss_v1=0, loss_v2=0, nll_loss=0.19, ntokens=256, nsentences=128, sample_size=256, sample_size_v1=0, sample_size_v2=0, ppl=1.14, wps=128.6, ups=0.5, wpb=256, bsz=128, num_updates=10990, lr=2.49306e-05, gnorm=0.962, clip=30, loss_scale=1024, train_wall=20, gb_free=36.7, wall=28426
2023-05-16 06:27:46 - progress_bar.py[line:272] - INFO: epoch 003:   2743 / 4137 loss=0.195, loss_v1=0, loss_v2=0, nll_loss=0.195, ntokens=256, nsentences=128, sample_size=256, sample_size_v1=0, sample_size_v2=0, ppl=1.15, wps=128.8, ups=0.5, wpb=256, bsz=128, num_updates=11000, lr=2.49049e-05, gnorm=0.919, clip=20, loss_scale=1024, train_wall=20, gb_free=36.7, wall=28446
slice_id 1 seek offset 4465
slice_id 2 seek offset 8930
2023-05-16 06:27:46 - train.py[line:445] - INFO: begin validation on "valid" subset
slice_id 3 seek offset 13394
slice_id 0 seek offset 0
slice_id 0 seek offset 0
slice_id 1 seek offset 4465
slice_id 3 seek offset 13394
slice_id 2 seek offset 8930
2023-05-16 06:31:09 - progress_bar.py[line:282] - INFO: epoch 003 | valid on 'valid' subset | loss 0.207 | loss_v1 0 | loss_v2 0 | nll_loss 0.207 | ntokens 31.975 | nsentences 15.987 | sample_size 31.975 | sample_size_v1 0 | sample_size_v2 0 | ppl 1.15 | snli_score 0.8464 | wps 175.9 | wpb 32 | bsz 16 | num_updates 11000 | best_snli_score 0.8464
2023-05-16 06:31:09 - checkpoint_utils.py[line:64] - INFO: Preparing to save checkpoint for epoch 3 @ 11000 updates
2023-05-16 06:31:09 - trainer.py[line:431] - INFO: Saving checkpoint to ./EC_full_checkpoints/5_5e-5/checkpoint_3_11000.pt
2023-05-16 06:31:12 - trainer.py[line:441] - INFO: Finished saving checkpoint to ./EC_full_checkpoints/5_5e-5/checkpoint_3_11000.pt
2023-05-16 06:31:18 - checkpoint_utils.py[line:133] - INFO: Saved checkpoint ./EC_full_checkpoints/5_5e-5/checkpoint_3_11000.pt (epoch 3 @ 11000 updates, score 0.8464) (writing took 8.979964150115848 seconds)
2023-05-16 06:31:39 - progress_bar.py[line:272] - INFO: epoch 003:   2753 / 4137 loss=0.169, loss_v1=0, loss_v2=0, nll_loss=0.169, ntokens=256, nsentences=128, sample_size=256, sample_size_v1=0, sample_size_v2=0, ppl=1.12, wps=11, ups=0.04, wpb=256, bsz=128, num_updates=11010, lr=2.48791e-05, gnorm=0.82, clip=0, loss_scale=1024, train_wall=20, gb_free=36.7, wall=28679
2023-05-16 06:31:58 - progress_bar.py[line:272] - INFO: epoch 003:   2763 / 4137 loss=0.216, loss_v1=0, loss_v2=0, nll_loss=0.216, ntokens=256, nsentences=128, sample_size=256, sample_size_v1=0, sample_size_v2=0, ppl=1.16, wps=128.8, ups=0.5, wpb=256, bsz=128, num_updates=11020, lr=2.48534e-05, gnorm=0.903, clip=20, loss_scale=1024, train_wall=20, gb_free=36.5, wall=28699
2023-05-16 06:32:18 - progress_bar.py[line:272] - INFO: epoch 003:   2773 / 4137 loss=0.192, loss_v1=0, loss_v2=0, nll_loss=0.192, ntokens=256, nsentences=128, sample_size=256, sample_size_v1=0, sample_size_v2=0, ppl=1.14, wps=128.8, ups=0.5, wpb=256, bsz=128, num_updates=11030, lr=2.48277e-05, gnorm=0.833, clip=0, loss_scale=1024, train_wall=20, gb_free=36.5, wall=28719
2023-05-16 06:32:38 - progress_bar.py[line:272] - INFO: epoch 003:   2783 / 4137 loss=0.185, loss_v1=0, loss_v2=0, nll_loss=0.185, ntokens=256, nsentences=128, sample_size=256, sample_size_v1=0, sample_size_v2=0, ppl=1.14, wps=128.8, ups=0.5, wpb=256, bsz=128, num_updates=11040, lr=2.4802e-05, gnorm=0.823, clip=20, loss_scale=1024, train_wall=20, gb_free=36.6, wall=28738
2023-05-16 06:32:58 - progress_bar.py[line:272] - INFO: epoch 003:   2793 / 4137 loss=0.171, loss_v1=0, loss_v2=0, nll_loss=0.171, ntokens=256, nsentences=128, sample_size=256, sample_size_v1=0, sample_size_v2=0, ppl=1.13, wps=129.3, ups=0.51, wpb=256, bsz=128, num_updates=11050, lr=2.47763e-05, gnorm=0.706, clip=0, loss_scale=1024, train_wall=20, gb_free=36.6, wall=28758
2023-05-16 06:33:18 - progress_bar.py[line:272] - INFO: epoch 003:   2803 / 4137 loss=0.185, loss_v1=0, loss_v2=0, nll_loss=0.185, ntokens=256, nsentences=128, sample_size=256, sample_size_v1=0, sample_size_v2=0, ppl=1.14, wps=129, ups=0.5, wpb=256, bsz=128, num_updates=11060, lr=2.47506e-05, gnorm=0.913, clip=20, loss_scale=1024, train_wall=20, gb_free=36.7, wall=28778
2023-05-16 06:33:38 - progress_bar.py[line:272] - INFO: epoch 003:   2813 / 4137 loss=0.187, loss_v1=0, loss_v2=0, nll_loss=0.187, ntokens=256, nsentences=128, sample_size=256, sample_size_v1=0, sample_size_v2=0, ppl=1.14, wps=127.7, ups=0.5, wpb=256, bsz=128, num_updates=11070, lr=2.47249e-05, gnorm=1, clip=50, loss_scale=1024, train_wall=20, gb_free=36.7, wall=28798
2023-05-16 06:33:59 - progress_bar.py[line:272] - INFO: epoch 003:   2823 / 4137 loss=0.203, loss_v1=0, loss_v2=0, nll_loss=0.203, ntokens=256, nsentences=128, sample_size=256, sample_size_v1=0, sample_size_v2=0, ppl=1.15, wps=123, ups=0.48, wpb=256, bsz=128, num_updates=11080, lr=2.46991e-05, gnorm=0.968, clip=50, loss_scale=1024, train_wall=21, gb_free=36.5, wall=28819
2023-05-16 06:34:19 - progress_bar.py[line:272] - INFO: epoch 003:   2833 / 4137 loss=0.187, loss_v1=0, loss_v2=0, nll_loss=0.187, ntokens=256, nsentences=128, sample_size=256, sample_size_v1=0, sample_size_v2=0, ppl=1.14, wps=128.3, ups=0.5, wpb=256, bsz=128, num_updates=11090, lr=2.46734e-05, gnorm=0.887, clip=10, loss_scale=1024, train_wall=20, gb_free=36.6, wall=28839
2023-05-16 06:34:39 - progress_bar.py[line:272] - INFO: epoch 003:   2843 / 4137 loss=0.177, loss_v1=0, loss_v2=0, nll_loss=0.177, ntokens=256, nsentences=128, sample_size=256, sample_size_v1=0, sample_size_v2=0, ppl=1.13, wps=128.7, ups=0.5, wpb=256, bsz=128, num_updates=11100, lr=2.46477e-05, gnorm=1.005, clip=50, loss_scale=1024, train_wall=20, gb_free=36.5, wall=28859
2023-05-16 06:34:58 - progress_bar.py[line:272] - INFO: epoch 003:   2853 / 4137 loss=0.201, loss_v1=0, loss_v2=0, nll_loss=0.201, ntokens=256, nsentences=128, sample_size=256, sample_size_v1=0, sample_size_v2=0, ppl=1.15, wps=129.3, ups=0.51, wpb=256, bsz=128, num_updates=11110, lr=2.4622e-05, gnorm=0.915, clip=40, loss_scale=1024, train_wall=20, gb_free=36.7, wall=28879
2023-05-16 06:35:18 - progress_bar.py[line:272] - INFO: epoch 003:   2863 / 4137 loss=0.19, loss_v1=0, loss_v2=0, nll_loss=0.19, ntokens=256, nsentences=128, sample_size=256, sample_size_v1=0, sample_size_v2=0, ppl=1.14, wps=127.4, ups=0.5, wpb=256, bsz=128, num_updates=11120, lr=2.45963e-05, gnorm=0.984, clip=40, loss_scale=1024, train_wall=20, gb_free=36.6, wall=28899
2023-05-16 06:35:38 - progress_bar.py[line:272] - INFO: epoch 003:   2873 / 4137 loss=0.197, loss_v1=0, loss_v2=0, nll_loss=0.197, ntokens=256, nsentences=128, sample_size=256, sample_size_v1=0, sample_size_v2=0, ppl=1.15, wps=127.7, ups=0.5, wpb=256, bsz=128, num_updates=11130, lr=2.45706e-05, gnorm=1.036, clip=50, loss_scale=1024, train_wall=20, gb_free=36.7, wall=28919
2023-05-16 06:35:58 - progress_bar.py[line:272] - INFO: epoch 003:   2883 / 4137 loss=0.187, loss_v1=0, loss_v2=0, nll_loss=0.187, ntokens=256, nsentences=128, sample_size=256, sample_size_v1=0, sample_size_v2=0, ppl=1.14, wps=127.9, ups=0.5, wpb=256, bsz=128, num_updates=11140, lr=2.45448e-05, gnorm=0.996, clip=50, loss_scale=1024, train_wall=20, gb_free=36.6, wall=28939
2023-05-16 06:36:19 - progress_bar.py[line:272] - INFO: epoch 003:   2893 / 4137 loss=0.188, loss_v1=0, loss_v2=0, nll_loss=0.188, ntokens=256, nsentences=128, sample_size=256, sample_size_v1=0, sample_size_v2=0, ppl=1.14, wps=124, ups=0.48, wpb=256, bsz=128, num_updates=11150, lr=2.45191e-05, gnorm=0.885, clip=20, loss_scale=1024, train_wall=21, gb_free=36.7, wall=28959
2023-05-16 06:36:39 - progress_bar.py[line:272] - INFO: epoch 003:   2903 / 4137 loss=0.189, loss_v1=0, loss_v2=0, nll_loss=0.189, ntokens=256, nsentences=128, sample_size=256, sample_size_v1=0, sample_size_v2=0, ppl=1.14, wps=128.6, ups=0.5, wpb=256, bsz=128, num_updates=11160, lr=2.44934e-05, gnorm=0.914, clip=20, loss_scale=1024, train_wall=20, gb_free=36.7, wall=28979
2023-05-16 06:36:59 - progress_bar.py[line:272] - INFO: epoch 003:   2913 / 4137 loss=0.189, loss_v1=0, loss_v2=0, nll_loss=0.189, ntokens=256, nsentences=128, sample_size=256, sample_size_v1=0, sample_size_v2=0, ppl=1.14, wps=128.3, ups=0.5, wpb=256, bsz=128, num_updates=11170, lr=2.44677e-05, gnorm=0.992, clip=40, loss_scale=1024, train_wall=20, gb_free=36.6, wall=28999
2023-05-16 06:37:19 - progress_bar.py[line:272] - INFO: epoch 003:   2923 / 4137 loss=0.183, loss_v1=0, loss_v2=0, nll_loss=0.183, ntokens=256, nsentences=128, sample_size=256, sample_size_v1=0, sample_size_v2=0, ppl=1.14, wps=127.2, ups=0.5, wpb=256, bsz=128, num_updates=11180, lr=2.4442e-05, gnorm=0.919, clip=20, loss_scale=1024, train_wall=20, gb_free=36.5, wall=29019
2023-05-16 06:37:39 - progress_bar.py[line:272] - INFO: epoch 003:   2933 / 4137 loss=0.183, loss_v1=0, loss_v2=0, nll_loss=0.183, ntokens=256, nsentences=128, sample_size=256, sample_size_v1=0, sample_size_v2=0, ppl=1.14, wps=128.1, ups=0.5, wpb=256, bsz=128, num_updates=11190, lr=2.44163e-05, gnorm=0.922, clip=20, loss_scale=1024, train_wall=20, gb_free=36.5, wall=29039
2023-05-16 06:37:59 - progress_bar.py[line:272] - INFO: epoch 003:   2943 / 4137 loss=0.174, loss_v1=0, loss_v2=0, nll_loss=0.174, ntokens=256, nsentences=128, sample_size=256, sample_size_v1=0, sample_size_v2=0, ppl=1.13, wps=128.6, ups=0.5, wpb=256, bsz=128, num_updates=11200, lr=2.43906e-05, gnorm=0.904, clip=20, loss_scale=1024, train_wall=20, gb_free=36.6, wall=29059
2023-05-16 06:38:19 - progress_bar.py[line:272] - INFO: epoch 003:   2953 / 4137 loss=0.163, loss_v1=0, loss_v2=0, nll_loss=0.163, ntokens=256, nsentences=128, sample_size=256, sample_size_v1=0, sample_size_v2=0, ppl=1.12, wps=128.1, ups=0.5, wpb=256, bsz=128, num_updates=11210, lr=2.43648e-05, gnorm=0.932, clip=30, loss_scale=1024, train_wall=20, gb_free=36.7, wall=29079
2023-05-16 06:38:39 - progress_bar.py[line:272] - INFO: epoch 003:   2963 / 4137 loss=0.185, loss_v1=0, loss_v2=0, nll_loss=0.185, ntokens=256, nsentences=128, sample_size=256, sample_size_v1=0, sample_size_v2=0, ppl=1.14, wps=129.4, ups=0.51, wpb=256, bsz=128, num_updates=11220, lr=2.43391e-05, gnorm=0.951, clip=30, loss_scale=1024, train_wall=20, gb_free=36.6, wall=29099
2023-05-16 06:38:59 - progress_bar.py[line:272] - INFO: epoch 003:   2973 / 4137 loss=0.172, loss_v1=0, loss_v2=0, nll_loss=0.172, ntokens=256, nsentences=128, sample_size=256, sample_size_v1=0, sample_size_v2=0, ppl=1.13, wps=128.5, ups=0.5, wpb=256, bsz=128, num_updates=11230, lr=2.43134e-05, gnorm=0.868, clip=10, loss_scale=1024, train_wall=20, gb_free=36.7, wall=29119
2023-05-16 06:39:19 - progress_bar.py[line:272] - INFO: epoch 003:   2983 / 4137 loss=0.184, loss_v1=0, loss_v2=0, nll_loss=0.184, ntokens=256, nsentences=128, sample_size=256, sample_size_v1=0, sample_size_v2=0, ppl=1.14, wps=128.7, ups=0.5, wpb=256, bsz=128, num_updates=11240, lr=2.42877e-05, gnorm=0.897, clip=20, loss_scale=1024, train_wall=20, gb_free=36.6, wall=29139
2023-05-16 06:39:39 - progress_bar.py[line:272] - INFO: epoch 003:   2993 / 4137 loss=0.184, loss_v1=0, loss_v2=0, nll_loss=0.184, ntokens=256, nsentences=128, sample_size=256, sample_size_v1=0, sample_size_v2=0, ppl=1.14, wps=128, ups=0.5, wpb=256, bsz=128, num_updates=11250, lr=2.4262e-05, gnorm=0.955, clip=30, loss_scale=1024, train_wall=20, gb_free=36.7, wall=29159
2023-05-16 06:39:59 - progress_bar.py[line:272] - INFO: epoch 003:   3003 / 4137 loss=0.187, loss_v1=0, loss_v2=0, nll_loss=0.187, ntokens=256, nsentences=128, sample_size=256, sample_size_v1=0, sample_size_v2=0, ppl=1.14, wps=127.7, ups=0.5, wpb=256, bsz=128, num_updates=11260, lr=2.42363e-05, gnorm=0.981, clip=60, loss_scale=1024, train_wall=20, gb_free=36.6, wall=29179
2023-05-16 06:40:19 - progress_bar.py[line:272] - INFO: epoch 003:   3013 / 4137 loss=0.185, loss_v1=0, loss_v2=0, nll_loss=0.185, ntokens=256, nsentences=128, sample_size=256, sample_size_v1=0, sample_size_v2=0, ppl=1.14, wps=122.9, ups=0.48, wpb=256, bsz=128, num_updates=11270, lr=2.42106e-05, gnorm=0.926, clip=40, loss_scale=1024, train_wall=21, gb_free=36.4, wall=29200
2023-05-16 06:40:41 - progress_bar.py[line:272] - INFO: epoch 003:   3023 / 4137 loss=0.181, loss_v1=0, loss_v2=0, nll_loss=0.181, ntokens=256, nsentences=128, sample_size=256, sample_size_v1=0, sample_size_v2=0, ppl=1.13, wps=120.1, ups=0.47, wpb=256, bsz=128, num_updates=11280, lr=2.41848e-05, gnorm=0.964, clip=30, loss_scale=1024, train_wall=21, gb_free=36.6, wall=29221
2023-05-16 06:41:02 - progress_bar.py[line:272] - INFO: epoch 003:   3033 / 4137 loss=0.183, loss_v1=0, loss_v2=0, nll_loss=0.183, ntokens=256, nsentences=128, sample_size=256, sample_size_v1=0, sample_size_v2=0, ppl=1.14, wps=122, ups=0.48, wpb=256, bsz=128, num_updates=11290, lr=2.41591e-05, gnorm=0.946, clip=30, loss_scale=1024, train_wall=21, gb_free=36.7, wall=29242
2023-05-16 06:41:23 - progress_bar.py[line:272] - INFO: epoch 003:   3043 / 4137 loss=0.204, loss_v1=0, loss_v2=0, nll_loss=0.204, ntokens=256, nsentences=128, sample_size=256, sample_size_v1=0, sample_size_v2=0, ppl=1.15, wps=123.2, ups=0.48, wpb=256, bsz=128, num_updates=11300, lr=2.41334e-05, gnorm=0.987, clip=30, loss_scale=1024, train_wall=21, gb_free=36.6, wall=29263
2023-05-16 06:41:43 - progress_bar.py[line:272] - INFO: epoch 003:   3053 / 4137 loss=0.179, loss_v1=0, loss_v2=0, nll_loss=0.179, ntokens=256, nsentences=128, sample_size=256, sample_size_v1=0, sample_size_v2=0, ppl=1.13, wps=123, ups=0.48, wpb=256, bsz=128, num_updates=11310, lr=2.41077e-05, gnorm=0.855, clip=0, loss_scale=1024, train_wall=21, gb_free=36.7, wall=29284
2023-05-16 06:42:04 - progress_bar.py[line:272] - INFO: epoch 003:   3063 / 4137 loss=0.179, loss_v1=0, loss_v2=0, nll_loss=0.179, ntokens=256, nsentences=128, sample_size=256, sample_size_v1=0, sample_size_v2=0, ppl=1.13, wps=123.9, ups=0.48, wpb=256, bsz=128, num_updates=11320, lr=2.4082e-05, gnorm=0.928, clip=30, loss_scale=1024, train_wall=21, gb_free=36.5, wall=29304
2023-05-16 06:42:25 - progress_bar.py[line:272] - INFO: epoch 003:   3073 / 4137 loss=0.158, loss_v1=0, loss_v2=0, nll_loss=0.158, ntokens=256, nsentences=128, sample_size=256, sample_size_v1=0, sample_size_v2=0, ppl=1.12, wps=122.9, ups=0.48, wpb=256, bsz=128, num_updates=11330, lr=2.40563e-05, gnorm=0.869, clip=20, loss_scale=1024, train_wall=21, gb_free=36.6, wall=29325
2023-05-16 06:42:45 - progress_bar.py[line:272] - INFO: epoch 003:   3083 / 4137 loss=0.189, loss_v1=0, loss_v2=0, nll_loss=0.189, ntokens=256, nsentences=128, sample_size=256, sample_size_v1=0, sample_size_v2=0, ppl=1.14, wps=124.1, ups=0.48, wpb=256, bsz=128, num_updates=11340, lr=2.40305e-05, gnorm=0.992, clip=50, loss_scale=2048, train_wall=21, gb_free=36.6, wall=29346
2023-05-16 06:42:48 - trainer.py[line:921] - INFO: NOTE: gradient overflow detected, ignoring gradient, setting loss scale to: 1024.0
2023-05-16 06:43:08 - progress_bar.py[line:272] - INFO: epoch 003:   3094 / 4137 loss=0.171, loss_v1=0, loss_v2=0, nll_loss=0.171, ntokens=256, nsentences=128, sample_size=256, sample_size_v1=0, sample_size_v2=0, ppl=1.13, wps=113.2, ups=0.44, wpb=256, bsz=128, num_updates=11350, lr=2.40048e-05, gnorm=0.909, clip=30, loss_scale=1024, train_wall=23, gb_free=36.7, wall=29368
2023-05-16 06:43:28 - progress_bar.py[line:272] - INFO: epoch 003:   3104 / 4137 loss=0.201, loss_v1=0, loss_v2=0, nll_loss=0.201, ntokens=256, nsentences=128, sample_size=256, sample_size_v1=0, sample_size_v2=0, ppl=1.15, wps=127.2, ups=0.5, wpb=256, bsz=128, num_updates=11360, lr=2.39791e-05, gnorm=0.908, clip=20, loss_scale=1024, train_wall=20, gb_free=36.6, wall=29388
2023-05-16 06:43:49 - progress_bar.py[line:272] - INFO: epoch 003:   3114 / 4137 loss=0.156, loss_v1=0, loss_v2=0, nll_loss=0.156, ntokens=256, nsentences=128, sample_size=256, sample_size_v1=0, sample_size_v2=0, ppl=1.11, wps=122.7, ups=0.48, wpb=256, bsz=128, num_updates=11370, lr=2.39534e-05, gnorm=0.776, clip=0, loss_scale=1024, train_wall=21, gb_free=36.7, wall=29409
2023-05-16 06:44:09 - progress_bar.py[line:272] - INFO: epoch 003:   3124 / 4137 loss=0.176, loss_v1=0, loss_v2=0, nll_loss=0.176, ntokens=256, nsentences=128, sample_size=256, sample_size_v1=0, sample_size_v2=0, ppl=1.13, wps=128.4, ups=0.5, wpb=256, bsz=128, num_updates=11380, lr=2.39277e-05, gnorm=0.893, clip=10, loss_scale=1024, train_wall=20, gb_free=36.6, wall=29429
2023-05-16 06:44:29 - progress_bar.py[line:272] - INFO: epoch 003:   3134 / 4137 loss=0.194, loss_v1=0, loss_v2=0, nll_loss=0.194, ntokens=256, nsentences=128, sample_size=256, sample_size_v1=0, sample_size_v2=0, ppl=1.14, wps=128.9, ups=0.5, wpb=256, bsz=128, num_updates=11390, lr=2.3902e-05, gnorm=0.939, clip=10, loss_scale=1024, train_wall=20, gb_free=36.6, wall=29449
2023-05-16 06:44:49 - progress_bar.py[line:272] - INFO: epoch 003:   3144 / 4137 loss=0.184, loss_v1=0, loss_v2=0, nll_loss=0.184, ntokens=256, nsentences=128, sample_size=256, sample_size_v1=0, sample_size_v2=0, ppl=1.14, wps=128.9, ups=0.5, wpb=256, bsz=128, num_updates=11400, lr=2.38763e-05, gnorm=0.946, clip=20, loss_scale=1024, train_wall=20, gb_free=36.7, wall=29469
2023-05-16 06:45:09 - progress_bar.py[line:272] - INFO: epoch 003:   3154 / 4137 loss=0.173, loss_v1=0, loss_v2=0, nll_loss=0.173, ntokens=256, nsentences=128, sample_size=256, sample_size_v1=0, sample_size_v2=0, ppl=1.13, wps=126.8, ups=0.5, wpb=256, bsz=128, num_updates=11410, lr=2.38505e-05, gnorm=0.876, clip=10, loss_scale=1024, train_wall=20, gb_free=36.7, wall=29489
2023-05-16 06:45:29 - progress_bar.py[line:272] - INFO: epoch 003:   3164 / 4137 loss=0.166, loss_v1=0, loss_v2=0, nll_loss=0.166, ntokens=256, nsentences=128, sample_size=256, sample_size_v1=0, sample_size_v2=0, ppl=1.12, wps=130, ups=0.51, wpb=256, bsz=128, num_updates=11420, lr=2.38248e-05, gnorm=0.883, clip=10, loss_scale=1024, train_wall=20, gb_free=36.6, wall=29509
2023-05-16 06:45:48 - progress_bar.py[line:272] - INFO: epoch 003:   3174 / 4137 loss=0.165, loss_v1=0, loss_v2=0, nll_loss=0.165, ntokens=256, nsentences=128, sample_size=256, sample_size_v1=0, sample_size_v2=0, ppl=1.12, wps=129.5, ups=0.51, wpb=256, bsz=128, num_updates=11430, lr=2.37991e-05, gnorm=0.849, clip=20, loss_scale=1024, train_wall=20, gb_free=36.7, wall=29529
2023-05-16 06:46:08 - progress_bar.py[line:272] - INFO: epoch 003:   3184 / 4137 loss=0.185, loss_v1=0, loss_v2=0, nll_loss=0.185, ntokens=256, nsentences=128, sample_size=256, sample_size_v1=0, sample_size_v2=0, ppl=1.14, wps=129.2, ups=0.5, wpb=256, bsz=128, num_updates=11440, lr=2.37734e-05, gnorm=0.967, clip=40, loss_scale=1024, train_wall=20, gb_free=36.6, wall=29548
2023-05-16 06:46:28 - progress_bar.py[line:272] - INFO: epoch 003:   3194 / 4137 loss=0.183, loss_v1=0, loss_v2=0, nll_loss=0.183, ntokens=256, nsentences=128, sample_size=256, sample_size_v1=0, sample_size_v2=0, ppl=1.13, wps=128.9, ups=0.5, wpb=256, bsz=128, num_updates=11450, lr=2.37477e-05, gnorm=0.92, clip=30, loss_scale=1024, train_wall=20, gb_free=36.6, wall=29568
2023-05-16 06:46:48 - progress_bar.py[line:272] - INFO: epoch 003:   3204 / 4137 loss=0.169, loss_v1=0, loss_v2=0, nll_loss=0.169, ntokens=256, nsentences=128, sample_size=256, sample_size_v1=0, sample_size_v2=0, ppl=1.12, wps=129.2, ups=0.5, wpb=256, bsz=128, num_updates=11460, lr=2.3722e-05, gnorm=0.845, clip=20, loss_scale=1024, train_wall=20, gb_free=36.7, wall=29588
2023-05-16 06:47:08 - progress_bar.py[line:272] - INFO: epoch 003:   3214 / 4137 loss=0.182, loss_v1=0, loss_v2=0, nll_loss=0.182, ntokens=256, nsentences=128, sample_size=256, sample_size_v1=0, sample_size_v2=0, ppl=1.13, wps=129.2, ups=0.5, wpb=256, bsz=128, num_updates=11470, lr=2.36963e-05, gnorm=0.887, clip=0, loss_scale=1024, train_wall=20, gb_free=36.7, wall=29608
2023-05-16 06:47:27 - progress_bar.py[line:272] - INFO: epoch 003:   3224 / 4137 loss=0.174, loss_v1=0, loss_v2=0, nll_loss=0.174, ntokens=256, nsentences=128, sample_size=256, sample_size_v1=0, sample_size_v2=0, ppl=1.13, wps=129.9, ups=0.51, wpb=256, bsz=128, num_updates=11480, lr=2.36705e-05, gnorm=0.951, clip=40, loss_scale=1024, train_wall=20, gb_free=36.6, wall=29628
2023-05-16 06:47:47 - progress_bar.py[line:272] - INFO: epoch 003:   3234 / 4137 loss=0.18, loss_v1=0, loss_v2=0, nll_loss=0.18, ntokens=256, nsentences=128, sample_size=256, sample_size_v1=0, sample_size_v2=0, ppl=1.13, wps=128.2, ups=0.5, wpb=256, bsz=128, num_updates=11490, lr=2.36448e-05, gnorm=0.93, clip=40, loss_scale=1024, train_wall=20, gb_free=36.8, wall=29648
2023-05-16 06:48:07 - progress_bar.py[line:272] - INFO: epoch 003:   3244 / 4137 loss=0.192, loss_v1=0, loss_v2=0, nll_loss=0.192, ntokens=256, nsentences=128, sample_size=256, sample_size_v1=0, sample_size_v2=0, ppl=1.14, wps=128.8, ups=0.5, wpb=256, bsz=128, num_updates=11500, lr=2.36191e-05, gnorm=0.901, clip=30, loss_scale=1024, train_wall=20, gb_free=36.6, wall=29667
slice_id 1 seek offset 4465
slice_id 2 seek offset 8930
slice_id 3 seek offset 13394
2023-05-16 06:48:07 - train.py[line:445] - INFO: begin validation on "valid" subset
slice_id 0 seek offset 0
slice_id 1 seek offset 4465
slice_id 0 seek offset 0
slice_id 2 seek offset 8930
slice_id 3 seek offset 13394
2023-05-16 06:51:30 - progress_bar.py[line:282] - INFO: epoch 003 | valid on 'valid' subset | loss 0.214 | loss_v1 0 | loss_v2 0 | nll_loss 0.214 | ntokens 31.975 | nsentences 15.987 | sample_size 31.975 | sample_size_v1 0 | sample_size_v2 0 | ppl 1.16 | snli_score 0.8427 | wps 176 | wpb 32 | bsz 16 | num_updates 11500 | best_snli_score 0.8464
2023-05-16 06:51:30 - checkpoint_utils.py[line:64] - INFO: Preparing to save checkpoint for epoch 3 @ 11500 updates
2023-05-16 06:51:30 - trainer.py[line:431] - INFO: Saving checkpoint to ./EC_full_checkpoints/5_5e-5/checkpoint_3_11500.pt
2023-05-16 06:51:34 - trainer.py[line:441] - INFO: Finished saving checkpoint to ./EC_full_checkpoints/5_5e-5/checkpoint_3_11500.pt
2023-05-16 06:51:36 - checkpoint_utils.py[line:133] - INFO: Saved checkpoint ./EC_full_checkpoints/5_5e-5/checkpoint_3_11500.pt (epoch 3 @ 11500 updates, score 0.8427) (writing took 5.946041175862774 seconds)
2023-05-16 06:51:56 - progress_bar.py[line:272] - INFO: epoch 003:   3254 / 4137 loss=0.176, loss_v1=0, loss_v2=0, nll_loss=0.176, ntokens=256, nsentences=128, sample_size=256, sample_size_v1=0, sample_size_v2=0, ppl=1.13, wps=11.2, ups=0.04, wpb=256, bsz=128, num_updates=11510, lr=2.35934e-05, gnorm=0.882, clip=10, loss_scale=1024, train_wall=20, gb_free=36.5, wall=29896
2023-05-16 06:52:16 - progress_bar.py[line:272] - INFO: epoch 003:   3264 / 4137 loss=0.154, loss_v1=0, loss_v2=0, nll_loss=0.154, ntokens=256, nsentences=128, sample_size=256, sample_size_v1=0, sample_size_v2=0, ppl=1.11, wps=128.9, ups=0.5, wpb=256, bsz=128, num_updates=11520, lr=2.35677e-05, gnorm=0.821, clip=10, loss_scale=1024, train_wall=20, gb_free=36.3, wall=29916
2023-05-16 06:52:36 - progress_bar.py[line:272] - INFO: epoch 003:   3274 / 4137 loss=0.176, loss_v1=0, loss_v2=0, nll_loss=0.176, ntokens=256, nsentences=128, sample_size=256, sample_size_v1=0, sample_size_v2=0, ppl=1.13, wps=128, ups=0.5, wpb=256, bsz=128, num_updates=11530, lr=2.3542e-05, gnorm=0.851, clip=10, loss_scale=1024, train_wall=20, gb_free=36.6, wall=29936
2023-05-16 06:52:56 - progress_bar.py[line:272] - INFO: epoch 003:   3284 / 4137 loss=0.176, loss_v1=0, loss_v2=0, nll_loss=0.176, ntokens=256, nsentences=128, sample_size=256, sample_size_v1=0, sample_size_v2=0, ppl=1.13, wps=128.4, ups=0.5, wpb=256, bsz=128, num_updates=11540, lr=2.35163e-05, gnorm=0.889, clip=30, loss_scale=1024, train_wall=20, gb_free=36.6, wall=29956
2023-05-16 06:53:16 - progress_bar.py[line:272] - INFO: epoch 003:   3294 / 4137 loss=0.187, loss_v1=0, loss_v2=0, nll_loss=0.187, ntokens=256, nsentences=128, sample_size=256, sample_size_v1=0, sample_size_v2=0, ppl=1.14, wps=128.5, ups=0.5, wpb=256, bsz=128, num_updates=11550, lr=2.34905e-05, gnorm=0.909, clip=10, loss_scale=1024, train_wall=20, gb_free=36.7, wall=29976
2023-05-16 06:53:28 - trainer.py[line:921] - INFO: NOTE: gradient overflow detected, ignoring gradient, setting loss scale to: 512.0
2023-05-16 06:53:38 - progress_bar.py[line:272] - INFO: epoch 003:   3305 / 4137 loss=0.195, loss_v1=0, loss_v2=0, nll_loss=0.195, ntokens=256, nsentences=128, sample_size=256, sample_size_v1=0, sample_size_v2=0, ppl=1.15, wps=116.5, ups=0.46, wpb=256, bsz=128, num_updates=11560, lr=2.34648e-05, gnorm=0.936, clip=40, loss_scale=512, train_wall=22, gb_free=36.6, wall=29998
2023-05-16 06:53:58 - progress_bar.py[line:272] - INFO: epoch 003:   3315 / 4137 loss=0.18, loss_v1=0, loss_v2=0, nll_loss=0.18, ntokens=256, nsentences=128, sample_size=256, sample_size_v1=0, sample_size_v2=0, ppl=1.13, wps=128, ups=0.5, wpb=256, bsz=128, num_updates=11570, lr=2.34391e-05, gnorm=0.899, clip=20, loss_scale=512, train_wall=20, gb_free=36.7, wall=30018
2023-05-16 06:54:18 - progress_bar.py[line:272] - INFO: epoch 003:   3325 / 4137 loss=0.18, loss_v1=0, loss_v2=0, nll_loss=0.18, ntokens=256, nsentences=128, sample_size=256, sample_size_v1=0, sample_size_v2=0, ppl=1.13, wps=127.8, ups=0.5, wpb=256, bsz=128, num_updates=11580, lr=2.34134e-05, gnorm=0.869, clip=30, loss_scale=512, train_wall=20, gb_free=36.7, wall=30038
2023-05-16 06:54:38 - progress_bar.py[line:272] - INFO: epoch 003:   3335 / 4137 loss=0.175, loss_v1=0, loss_v2=0, nll_loss=0.175, ntokens=256, nsentences=128, sample_size=256, sample_size_v1=0, sample_size_v2=0, ppl=1.13, wps=127.8, ups=0.5, wpb=256, bsz=128, num_updates=11590, lr=2.33877e-05, gnorm=0.894, clip=20, loss_scale=512, train_wall=20, gb_free=36.4, wall=30058
2023-05-16 06:54:58 - progress_bar.py[line:272] - INFO: epoch 003:   3345 / 4137 loss=0.173, loss_v1=0, loss_v2=0, nll_loss=0.173, ntokens=256, nsentences=128, sample_size=256, sample_size_v1=0, sample_size_v2=0, ppl=1.13, wps=127.9, ups=0.5, wpb=256, bsz=128, num_updates=11600, lr=2.3362e-05, gnorm=0.973, clip=50, loss_scale=512, train_wall=20, gb_free=36.7, wall=30078
2023-05-16 06:55:18 - progress_bar.py[line:272] - INFO: epoch 003:   3355 / 4137 loss=0.182, loss_v1=0, loss_v2=0, nll_loss=0.182, ntokens=256, nsentences=128, sample_size=256, sample_size_v1=0, sample_size_v2=0, ppl=1.13, wps=128.4, ups=0.5, wpb=256, bsz=128, num_updates=11610, lr=2.33362e-05, gnorm=0.927, clip=10, loss_scale=512, train_wall=20, gb_free=36.6, wall=30098
2023-05-16 06:55:38 - progress_bar.py[line:272] - INFO: epoch 003:   3365 / 4137 loss=0.188, loss_v1=0, loss_v2=0, nll_loss=0.188, ntokens=256, nsentences=128, sample_size=256, sample_size_v1=0, sample_size_v2=0, ppl=1.14, wps=129, ups=0.5, wpb=256, bsz=128, num_updates=11620, lr=2.33105e-05, gnorm=0.934, clip=20, loss_scale=512, train_wall=20, gb_free=36.6, wall=30118
2023-05-16 06:55:58 - progress_bar.py[line:272] - INFO: epoch 003:   3375 / 4137 loss=0.172, loss_v1=0, loss_v2=0, nll_loss=0.172, ntokens=256, nsentences=128, sample_size=256, sample_size_v1=0, sample_size_v2=0, ppl=1.13, wps=128.7, ups=0.5, wpb=256, bsz=128, num_updates=11630, lr=2.32848e-05, gnorm=0.836, clip=10, loss_scale=512, train_wall=20, gb_free=36.5, wall=30138
2023-05-16 06:56:18 - progress_bar.py[line:272] - INFO: epoch 003:   3385 / 4137 loss=0.173, loss_v1=0, loss_v2=0, nll_loss=0.173, ntokens=256, nsentences=128, sample_size=256, sample_size_v1=0, sample_size_v2=0, ppl=1.13, wps=124.5, ups=0.49, wpb=256, bsz=128, num_updates=11640, lr=2.32591e-05, gnorm=0.85, clip=20, loss_scale=512, train_wall=21, gb_free=36.7, wall=30158
2023-05-16 06:56:39 - progress_bar.py[line:272] - INFO: epoch 003:   3395 / 4137 loss=0.167, loss_v1=0, loss_v2=0, nll_loss=0.167, ntokens=256, nsentences=128, sample_size=256, sample_size_v1=0, sample_size_v2=0, ppl=1.12, wps=124, ups=0.48, wpb=256, bsz=128, num_updates=11650, lr=2.32334e-05, gnorm=0.889, clip=40, loss_scale=512, train_wall=21, gb_free=36.6, wall=30179
2023-05-16 06:57:00 - progress_bar.py[line:272] - INFO: epoch 003:   3405 / 4137 loss=0.168, loss_v1=0, loss_v2=0, nll_loss=0.168, ntokens=256, nsentences=128, sample_size=256, sample_size_v1=0, sample_size_v2=0, ppl=1.12, wps=123.6, ups=0.48, wpb=256, bsz=128, num_updates=11660, lr=2.32077e-05, gnorm=0.912, clip=40, loss_scale=512, train_wall=21, gb_free=36.6, wall=30200
2023-05-16 06:57:20 - progress_bar.py[line:272] - INFO: epoch 003:   3415 / 4137 loss=0.167, loss_v1=0, loss_v2=0, nll_loss=0.167, ntokens=256, nsentences=128, sample_size=256, sample_size_v1=0, sample_size_v2=0, ppl=1.12, wps=122.9, ups=0.48, wpb=256, bsz=128, num_updates=11670, lr=2.3182e-05, gnorm=0.911, clip=10, loss_scale=512, train_wall=21, gb_free=36.6, wall=30221
2023-05-16 06:57:41 - progress_bar.py[line:272] - INFO: epoch 003:   3425 / 4137 loss=0.166, loss_v1=0, loss_v2=0, nll_loss=0.166, ntokens=256, nsentences=128, sample_size=256, sample_size_v1=0, sample_size_v2=0, ppl=1.12, wps=122.9, ups=0.48, wpb=256, bsz=128, num_updates=11680, lr=2.31562e-05, gnorm=0.896, clip=30, loss_scale=512, train_wall=21, gb_free=36.6, wall=30241
2023-05-16 06:58:02 - progress_bar.py[line:272] - INFO: epoch 003:   3435 / 4137 loss=0.177, loss_v1=0, loss_v2=0, nll_loss=0.177, ntokens=256, nsentences=128, sample_size=256, sample_size_v1=0, sample_size_v2=0, ppl=1.13, wps=122.4, ups=0.48, wpb=256, bsz=128, num_updates=11690, lr=2.31305e-05, gnorm=0.915, clip=10, loss_scale=512, train_wall=21, gb_free=36.2, wall=30262
2023-05-16 06:58:23 - progress_bar.py[line:272] - INFO: epoch 003:   3445 / 4137 loss=0.182, loss_v1=0, loss_v2=0, nll_loss=0.182, ntokens=256, nsentences=128, sample_size=256, sample_size_v1=0, sample_size_v2=0, ppl=1.13, wps=122.2, ups=0.48, wpb=256, bsz=128, num_updates=11700, lr=2.31048e-05, gnorm=0.944, clip=20, loss_scale=512, train_wall=21, gb_free=36.6, wall=30283
2023-05-16 06:58:44 - progress_bar.py[line:272] - INFO: epoch 003:   3455 / 4137 loss=0.161, loss_v1=0, loss_v2=0, nll_loss=0.161, ntokens=256, nsentences=128, sample_size=256, sample_size_v1=0, sample_size_v2=0, ppl=1.12, wps=123.8, ups=0.48, wpb=256, bsz=128, num_updates=11710, lr=2.30791e-05, gnorm=0.907, clip=40, loss_scale=512, train_wall=21, gb_free=36.6, wall=30304
2023-05-16 06:59:05 - progress_bar.py[line:272] - INFO: epoch 003:   3465 / 4137 loss=0.153, loss_v1=0, loss_v2=0, nll_loss=0.153, ntokens=256, nsentences=128, sample_size=256, sample_size_v1=0, sample_size_v2=0, ppl=1.11, wps=123, ups=0.48, wpb=256, bsz=128, num_updates=11720, lr=2.30534e-05, gnorm=0.807, clip=10, loss_scale=512, train_wall=21, gb_free=36.7, wall=30325
2023-05-16 06:59:26 - progress_bar.py[line:272] - INFO: epoch 003:   3475 / 4137 loss=0.171, loss_v1=0, loss_v2=0, nll_loss=0.171, ntokens=256, nsentences=128, sample_size=256, sample_size_v1=0, sample_size_v2=0, ppl=1.13, wps=121.4, ups=0.47, wpb=256, bsz=128, num_updates=11730, lr=2.30277e-05, gnorm=0.966, clip=30, loss_scale=512, train_wall=21, gb_free=36.6, wall=30346
2023-05-16 06:59:46 - progress_bar.py[line:272] - INFO: epoch 003:   3485 / 4137 loss=0.191, loss_v1=0, loss_v2=0, nll_loss=0.191, ntokens=256, nsentences=128, sample_size=256, sample_size_v1=0, sample_size_v2=0, ppl=1.14, wps=122.6, ups=0.48, wpb=256, bsz=128, num_updates=11740, lr=2.3002e-05, gnorm=0.981, clip=30, loss_scale=512, train_wall=21, gb_free=36.2, wall=30367
2023-05-16 07:00:08 - progress_bar.py[line:272] - INFO: epoch 003:   3495 / 4137 loss=0.19, loss_v1=0, loss_v2=0, nll_loss=0.19, ntokens=256, nsentences=128, sample_size=256, sample_size_v1=0, sample_size_v2=0, ppl=1.14, wps=121.6, ups=0.47, wpb=256, bsz=128, num_updates=11750, lr=2.29762e-05, gnorm=0.973, clip=50, loss_scale=512, train_wall=21, gb_free=36.7, wall=30388
2023-05-16 07:00:28 - progress_bar.py[line:272] - INFO: epoch 003:   3505 / 4137 loss=0.183, loss_v1=0, loss_v2=0, nll_loss=0.183, ntokens=256, nsentences=128, sample_size=256, sample_size_v1=0, sample_size_v2=0, ppl=1.13, wps=122.3, ups=0.48, wpb=256, bsz=128, num_updates=11760, lr=2.29505e-05, gnorm=0.882, clip=10, loss_scale=512, train_wall=21, gb_free=36.7, wall=30409
2023-05-16 07:00:49 - progress_bar.py[line:272] - INFO: epoch 003:   3515 / 4137 loss=0.167, loss_v1=0, loss_v2=0, nll_loss=0.167, ntokens=256, nsentences=128, sample_size=256, sample_size_v1=0, sample_size_v2=0, ppl=1.12, wps=122, ups=0.48, wpb=256, bsz=128, num_updates=11770, lr=2.29248e-05, gnorm=0.866, clip=20, loss_scale=512, train_wall=21, gb_free=36.7, wall=30430
2023-05-16 07:01:10 - progress_bar.py[line:272] - INFO: epoch 003:   3525 / 4137 loss=0.201, loss_v1=0, loss_v2=0, nll_loss=0.201, ntokens=256, nsentences=128, sample_size=256, sample_size_v1=0, sample_size_v2=0, ppl=1.15, wps=122.5, ups=0.48, wpb=256, bsz=128, num_updates=11780, lr=2.28991e-05, gnorm=0.992, clip=40, loss_scale=512, train_wall=21, gb_free=36.5, wall=30451
2023-05-16 07:01:31 - progress_bar.py[line:272] - INFO: epoch 003:   3535 / 4137 loss=0.178, loss_v1=0, loss_v2=0, nll_loss=0.178, ntokens=256, nsentences=128, sample_size=256, sample_size_v1=0, sample_size_v2=0, ppl=1.13, wps=122.5, ups=0.48, wpb=256, bsz=128, num_updates=11790, lr=2.28734e-05, gnorm=0.806, clip=0, loss_scale=512, train_wall=21, gb_free=36.6, wall=30471
2023-05-16 07:01:52 - progress_bar.py[line:272] - INFO: epoch 003:   3545 / 4137 loss=0.164, loss_v1=0, loss_v2=0, nll_loss=0.164, ntokens=256, nsentences=128, sample_size=256, sample_size_v1=0, sample_size_v2=0, ppl=1.12, wps=122.7, ups=0.48, wpb=256, bsz=128, num_updates=11800, lr=2.28477e-05, gnorm=0.848, clip=20, loss_scale=512, train_wall=21, gb_free=36.5, wall=30492
2023-05-16 07:02:12 - progress_bar.py[line:272] - INFO: epoch 003:   3555 / 4137 loss=0.167, loss_v1=0, loss_v2=0, nll_loss=0.167, ntokens=256, nsentences=128, sample_size=256, sample_size_v1=0, sample_size_v2=0, ppl=1.12, wps=128.8, ups=0.5, wpb=256, bsz=128, num_updates=11810, lr=2.2822e-05, gnorm=0.896, clip=20, loss_scale=512, train_wall=20, gb_free=36.6, wall=30512
2023-05-16 07:02:32 - progress_bar.py[line:272] - INFO: epoch 003:   3565 / 4137 loss=0.169, loss_v1=0, loss_v2=0, nll_loss=0.169, ntokens=256, nsentences=128, sample_size=256, sample_size_v1=0, sample_size_v2=0, ppl=1.12, wps=129.7, ups=0.51, wpb=256, bsz=128, num_updates=11820, lr=2.27962e-05, gnorm=0.925, clip=10, loss_scale=512, train_wall=20, gb_free=36.5, wall=30532
2023-05-16 07:02:51 - progress_bar.py[line:272] - INFO: epoch 003:   3575 / 4137 loss=0.167, loss_v1=0, loss_v2=0, nll_loss=0.167, ntokens=256, nsentences=128, sample_size=256, sample_size_v1=0, sample_size_v2=0, ppl=1.12, wps=130.1, ups=0.51, wpb=256, bsz=128, num_updates=11830, lr=2.27705e-05, gnorm=0.952, clip=30, loss_scale=512, train_wall=20, gb_free=36.6, wall=30552
2023-05-16 07:03:11 - progress_bar.py[line:272] - INFO: epoch 003:   3585 / 4137 loss=0.168, loss_v1=0, loss_v2=0, nll_loss=0.168, ntokens=256, nsentences=128, sample_size=256, sample_size_v1=0, sample_size_v2=0, ppl=1.12, wps=129.8, ups=0.51, wpb=256, bsz=128, num_updates=11840, lr=2.27448e-05, gnorm=0.95, clip=40, loss_scale=512, train_wall=20, gb_free=36.6, wall=30571
2023-05-16 07:03:31 - progress_bar.py[line:272] - INFO: epoch 003:   3595 / 4137 loss=0.174, loss_v1=0, loss_v2=0, nll_loss=0.174, ntokens=256, nsentences=128, sample_size=256, sample_size_v1=0, sample_size_v2=0, ppl=1.13, wps=129.7, ups=0.51, wpb=256, bsz=128, num_updates=11850, lr=2.27191e-05, gnorm=0.875, clip=10, loss_scale=512, train_wall=20, gb_free=36.5, wall=30591
2023-05-16 07:03:51 - progress_bar.py[line:272] - INFO: epoch 003:   3605 / 4137 loss=0.19, loss_v1=0, loss_v2=0, nll_loss=0.19, ntokens=256, nsentences=128, sample_size=256, sample_size_v1=0, sample_size_v2=0, ppl=1.14, wps=128.1, ups=0.5, wpb=256, bsz=128, num_updates=11860, lr=2.26934e-05, gnorm=0.876, clip=10, loss_scale=512, train_wall=20, gb_free=36.6, wall=30611
2023-05-16 07:04:12 - progress_bar.py[line:272] - INFO: epoch 003:   3615 / 4137 loss=0.176, loss_v1=0, loss_v2=0, nll_loss=0.176, ntokens=256, nsentences=128, sample_size=256, sample_size_v1=0, sample_size_v2=0, ppl=1.13, wps=123.3, ups=0.48, wpb=256, bsz=128, num_updates=11870, lr=2.26677e-05, gnorm=0.884, clip=10, loss_scale=512, train_wall=21, gb_free=36.6, wall=30632
2023-05-16 07:04:31 - progress_bar.py[line:272] - INFO: epoch 003:   3625 / 4137 loss=0.183, loss_v1=0, loss_v2=0, nll_loss=0.183, ntokens=256, nsentences=128, sample_size=256, sample_size_v1=0, sample_size_v2=0, ppl=1.14, wps=129.6, ups=0.51, wpb=256, bsz=128, num_updates=11880, lr=2.26419e-05, gnorm=0.934, clip=30, loss_scale=512, train_wall=20, gb_free=36.6, wall=30652
2023-05-16 07:04:51 - progress_bar.py[line:272] - INFO: epoch 003:   3635 / 4137 loss=0.154, loss_v1=0, loss_v2=0, nll_loss=0.154, ntokens=256, nsentences=128, sample_size=256, sample_size_v1=0, sample_size_v2=0, ppl=1.11, wps=129.8, ups=0.51, wpb=256, bsz=128, num_updates=11890, lr=2.26162e-05, gnorm=0.906, clip=20, loss_scale=512, train_wall=20, gb_free=36.6, wall=30671
2023-05-16 07:05:11 - progress_bar.py[line:272] - INFO: epoch 003:   3645 / 4137 loss=0.172, loss_v1=0, loss_v2=0, nll_loss=0.172, ntokens=256, nsentences=128, sample_size=256, sample_size_v1=0, sample_size_v2=0, ppl=1.13, wps=130, ups=0.51, wpb=256, bsz=128, num_updates=11900, lr=2.25905e-05, gnorm=0.904, clip=10, loss_scale=512, train_wall=20, gb_free=36.6, wall=30691
2023-05-16 07:05:31 - progress_bar.py[line:272] - INFO: epoch 003:   3655 / 4137 loss=0.164, loss_v1=0, loss_v2=0, nll_loss=0.164, ntokens=256, nsentences=128, sample_size=256, sample_size_v1=0, sample_size_v2=0, ppl=1.12, wps=129.7, ups=0.51, wpb=256, bsz=128, num_updates=11910, lr=2.25648e-05, gnorm=0.882, clip=30, loss_scale=512, train_wall=20, gb_free=36.4, wall=30711
2023-05-16 07:05:51 - progress_bar.py[line:272] - INFO: epoch 003:   3665 / 4137 loss=0.183, loss_v1=0, loss_v2=0, nll_loss=0.183, ntokens=256, nsentences=128, sample_size=256, sample_size_v1=0, sample_size_v2=0, ppl=1.14, wps=125.9, ups=0.49, wpb=256, bsz=128, num_updates=11920, lr=2.25391e-05, gnorm=0.892, clip=20, loss_scale=512, train_wall=20, gb_free=36.8, wall=30731
2023-05-16 07:06:11 - progress_bar.py[line:272] - INFO: epoch 003:   3675 / 4137 loss=0.171, loss_v1=0, loss_v2=0, nll_loss=0.171, ntokens=256, nsentences=128, sample_size=256, sample_size_v1=0, sample_size_v2=0, ppl=1.13, wps=128.9, ups=0.5, wpb=256, bsz=128, num_updates=11930, lr=2.25134e-05, gnorm=0.851, clip=20, loss_scale=512, train_wall=20, gb_free=36.6, wall=30751
2023-05-16 07:06:31 - progress_bar.py[line:272] - INFO: epoch 003:   3685 / 4137 loss=0.179, loss_v1=0, loss_v2=0, nll_loss=0.179, ntokens=256, nsentences=128, sample_size=256, sample_size_v1=0, sample_size_v2=0, ppl=1.13, wps=128.1, ups=0.5, wpb=256, bsz=128, num_updates=11940, lr=2.24877e-05, gnorm=0.904, clip=20, loss_scale=512, train_wall=20, gb_free=36.5, wall=30771
2023-05-16 07:06:51 - progress_bar.py[line:272] - INFO: epoch 003:   3695 / 4137 loss=0.187, loss_v1=0, loss_v2=0, nll_loss=0.187, ntokens=256, nsentences=128, sample_size=256, sample_size_v1=0, sample_size_v2=0, ppl=1.14, wps=127.9, ups=0.5, wpb=256, bsz=128, num_updates=11950, lr=2.24619e-05, gnorm=0.916, clip=0, loss_scale=512, train_wall=20, gb_free=36.6, wall=30791
2023-05-16 07:07:11 - progress_bar.py[line:272] - INFO: epoch 003:   3705 / 4137 loss=0.172, loss_v1=0, loss_v2=0, nll_loss=0.172, ntokens=256, nsentences=128, sample_size=256, sample_size_v1=0, sample_size_v2=0, ppl=1.13, wps=126.4, ups=0.49, wpb=256, bsz=128, num_updates=11960, lr=2.24362e-05, gnorm=0.849, clip=10, loss_scale=512, train_wall=20, gb_free=36.6, wall=30811
2023-05-16 07:07:31 - progress_bar.py[line:272] - INFO: epoch 003:   3715 / 4137 loss=0.166, loss_v1=0, loss_v2=0, nll_loss=0.166, ntokens=256, nsentences=128, sample_size=256, sample_size_v1=0, sample_size_v2=0, ppl=1.12, wps=127.9, ups=0.5, wpb=256, bsz=128, num_updates=11970, lr=2.24105e-05, gnorm=0.865, clip=0, loss_scale=512, train_wall=20, gb_free=36.7, wall=30831
2023-05-16 07:07:51 - progress_bar.py[line:272] - INFO: epoch 003:   3725 / 4137 loss=0.174, loss_v1=0, loss_v2=0, nll_loss=0.174, ntokens=256, nsentences=128, sample_size=256, sample_size_v1=0, sample_size_v2=0, ppl=1.13, wps=128.5, ups=0.5, wpb=256, bsz=128, num_updates=11980, lr=2.23848e-05, gnorm=0.896, clip=20, loss_scale=512, train_wall=20, gb_free=36.7, wall=30851
2023-05-16 07:08:11 - progress_bar.py[line:272] - INFO: epoch 003:   3735 / 4137 loss=0.16, loss_v1=0, loss_v2=0, nll_loss=0.16, ntokens=256, nsentences=128, sample_size=256, sample_size_v1=0, sample_size_v2=0, ppl=1.12, wps=128.2, ups=0.5, wpb=256, bsz=128, num_updates=11990, lr=2.23591e-05, gnorm=0.869, clip=10, loss_scale=512, train_wall=20, gb_free=36.6, wall=30871
2023-05-16 07:08:31 - progress_bar.py[line:272] - INFO: epoch 003:   3745 / 4137 loss=0.171, loss_v1=0, loss_v2=0, nll_loss=0.171, ntokens=256, nsentences=128, sample_size=256, sample_size_v1=0, sample_size_v2=0, ppl=1.13, wps=128, ups=0.5, wpb=256, bsz=128, num_updates=12000, lr=2.23334e-05, gnorm=0.904, clip=10, loss_scale=512, train_wall=20, gb_free=36.6, wall=30891
slice_id 3 seek offset 13394
slice_id 2 seek offset 8930slice_id 1 seek offset 4465
2023-05-16 07:08:31 - train.py[line:445] - INFO: begin validation on "valid" subset

slice_id 0 seek offset 0
slice_id 0 seek offset 0
slice_id 3 seek offset 13394
slice_id 1 seek offset 4465
slice_id 2 seek offset 8930
2023-05-16 07:12:00 - progress_bar.py[line:282] - INFO: epoch 003 | valid on 'valid' subset | loss 0.21 | loss_v1 0 | loss_v2 0 | nll_loss 0.21 | ntokens 31.975 | nsentences 15.987 | sample_size 31.975 | sample_size_v1 0 | sample_size_v2 0 | ppl 1.16 | snli_score 0.8481 | wps 171 | wpb 32 | bsz 16 | num_updates 12000 | best_snli_score 0.8481
2023-05-16 07:12:00 - checkpoint_utils.py[line:64] - INFO: Preparing to save checkpoint for epoch 3 @ 12000 updates
2023-05-16 07:12:00 - trainer.py[line:431] - INFO: Saving checkpoint to ./EC_full_checkpoints/5_5e-5/checkpoint_3_12000.pt
2023-05-16 07:12:03 - trainer.py[line:441] - INFO: Finished saving checkpoint to ./EC_full_checkpoints/5_5e-5/checkpoint_3_12000.pt
2023-05-16 07:12:10 - checkpoint_utils.py[line:133] - INFO: Saved checkpoint ./EC_full_checkpoints/5_5e-5/checkpoint_3_12000.pt (epoch 3 @ 12000 updates, score 0.8481) (writing took 9.72335545020178 seconds)
2023-05-16 07:12:30 - progress_bar.py[line:272] - INFO: epoch 003:   3755 / 4137 loss=0.146, loss_v1=0, loss_v2=0, nll_loss=0.146, ntokens=256, nsentences=128, sample_size=256, sample_size_v1=0, sample_size_v2=0, ppl=1.11, wps=10.7, ups=0.04, wpb=256, bsz=128, num_updates=12010, lr=2.23077e-05, gnorm=0.879, clip=20, loss_scale=512, train_wall=20, gb_free=36.7, wall=31130
2023-05-16 07:12:50 - progress_bar.py[line:272] - INFO: epoch 003:   3765 / 4137 loss=0.148, loss_v1=0, loss_v2=0, nll_loss=0.148, ntokens=256, nsentences=128, sample_size=256, sample_size_v1=0, sample_size_v2=0, ppl=1.11, wps=127.7, ups=0.5, wpb=256, bsz=128, num_updates=12020, lr=2.22819e-05, gnorm=0.892, clip=10, loss_scale=512, train_wall=20, gb_free=36.6, wall=31150
2023-05-16 07:13:10 - progress_bar.py[line:272] - INFO: epoch 003:   3775 / 4137 loss=0.19, loss_v1=0, loss_v2=0, nll_loss=0.19, ntokens=256, nsentences=128, sample_size=256, sample_size_v1=0, sample_size_v2=0, ppl=1.14, wps=127.7, ups=0.5, wpb=256, bsz=128, num_updates=12030, lr=2.22562e-05, gnorm=0.942, clip=30, loss_scale=512, train_wall=20, gb_free=36.7, wall=31170
2023-05-16 07:13:30 - progress_bar.py[line:272] - INFO: epoch 003:   3785 / 4137 loss=0.166, loss_v1=0, loss_v2=0, nll_loss=0.166, ntokens=256, nsentences=128, sample_size=256, sample_size_v1=0, sample_size_v2=0, ppl=1.12, wps=128.5, ups=0.5, wpb=256, bsz=128, num_updates=12040, lr=2.22305e-05, gnorm=0.857, clip=10, loss_scale=512, train_wall=20, gb_free=36.6, wall=31190
2023-05-16 07:13:50 - progress_bar.py[line:272] - INFO: epoch 003:   3795 / 4137 loss=0.164, loss_v1=0, loss_v2=0, nll_loss=0.164, ntokens=256, nsentences=128, sample_size=256, sample_size_v1=0, sample_size_v2=0, ppl=1.12, wps=129.4, ups=0.51, wpb=256, bsz=128, num_updates=12050, lr=2.22048e-05, gnorm=0.859, clip=20, loss_scale=512, train_wall=20, gb_free=36.7, wall=31210
2023-05-16 07:14:10 - progress_bar.py[line:272] - INFO: epoch 003:   3805 / 4137 loss=0.187, loss_v1=0, loss_v2=0, nll_loss=0.187, ntokens=256, nsentences=128, sample_size=256, sample_size_v1=0, sample_size_v2=0, ppl=1.14, wps=128.6, ups=0.5, wpb=256, bsz=128, num_updates=12060, lr=2.21791e-05, gnorm=0.899, clip=10, loss_scale=512, train_wall=20, gb_free=36.5, wall=31230
2023-05-16 07:14:29 - progress_bar.py[line:272] - INFO: epoch 003:   3815 / 4137 loss=0.174, loss_v1=0, loss_v2=0, nll_loss=0.174, ntokens=256, nsentences=128, sample_size=256, sample_size_v1=0, sample_size_v2=0, ppl=1.13, wps=129.2, ups=0.5, wpb=256, bsz=128, num_updates=12070, lr=2.21534e-05, gnorm=0.909, clip=20, loss_scale=1024, train_wall=20, gb_free=36.6, wall=31250
2023-05-16 07:14:49 - progress_bar.py[line:272] - INFO: epoch 003:   3825 / 4137 loss=0.166, loss_v1=0, loss_v2=0, nll_loss=0.166, ntokens=256, nsentences=128, sample_size=256, sample_size_v1=0, sample_size_v2=0, ppl=1.12, wps=128.9, ups=0.5, wpb=256, bsz=128, num_updates=12080, lr=2.21276e-05, gnorm=0.843, clip=10, loss_scale=1024, train_wall=20, gb_free=36.7, wall=31270
2023-05-16 07:15:09 - progress_bar.py[line:272] - INFO: epoch 003:   3835 / 4137 loss=0.167, loss_v1=0, loss_v2=0, nll_loss=0.167, ntokens=256, nsentences=128, sample_size=256, sample_size_v1=0, sample_size_v2=0, ppl=1.12, wps=128.1, ups=0.5, wpb=256, bsz=128, num_updates=12090, lr=2.21019e-05, gnorm=0.88, clip=30, loss_scale=1024, train_wall=20, gb_free=36.7, wall=31290
2023-05-16 07:15:29 - progress_bar.py[line:272] - INFO: epoch 003:   3845 / 4137 loss=0.159, loss_v1=0, loss_v2=0, nll_loss=0.159, ntokens=256, nsentences=128, sample_size=256, sample_size_v1=0, sample_size_v2=0, ppl=1.12, wps=129, ups=0.5, wpb=256, bsz=128, num_updates=12100, lr=2.20762e-05, gnorm=0.867, clip=10, loss_scale=1024, train_wall=20, gb_free=36.7, wall=31309
2023-05-16 07:15:49 - progress_bar.py[line:272] - INFO: epoch 003:   3855 / 4137 loss=0.18, loss_v1=0, loss_v2=0, nll_loss=0.18, ntokens=256, nsentences=128, sample_size=256, sample_size_v1=0, sample_size_v2=0, ppl=1.13, wps=128.9, ups=0.5, wpb=256, bsz=128, num_updates=12110, lr=2.20505e-05, gnorm=0.976, clip=40, loss_scale=1024, train_wall=20, gb_free=36.6, wall=31329
2023-05-16 07:16:09 - progress_bar.py[line:272] - INFO: epoch 003:   3865 / 4137 loss=0.168, loss_v1=0, loss_v2=0, nll_loss=0.168, ntokens=256, nsentences=128, sample_size=256, sample_size_v1=0, sample_size_v2=0, ppl=1.12, wps=128.9, ups=0.5, wpb=256, bsz=128, num_updates=12120, lr=2.20248e-05, gnorm=0.957, clip=40, loss_scale=1024, train_wall=20, gb_free=36.7, wall=31349
2023-05-16 07:16:29 - progress_bar.py[line:272] - INFO: epoch 003:   3875 / 4137 loss=0.183, loss_v1=0, loss_v2=0, nll_loss=0.183, ntokens=256, nsentences=128, sample_size=256, sample_size_v1=0, sample_size_v2=0, ppl=1.14, wps=128.4, ups=0.5, wpb=256, bsz=128, num_updates=12130, lr=2.19991e-05, gnorm=0.906, clip=30, loss_scale=1024, train_wall=20, gb_free=36.6, wall=31369
2023-05-16 07:16:49 - progress_bar.py[line:272] - INFO: epoch 003:   3885 / 4137 loss=0.186, loss_v1=0, loss_v2=0, nll_loss=0.186, ntokens=256, nsentences=128, sample_size=256, sample_size_v1=0, sample_size_v2=0, ppl=1.14, wps=128, ups=0.5, wpb=256, bsz=128, num_updates=12140, lr=2.19734e-05, gnorm=0.925, clip=20, loss_scale=1024, train_wall=20, gb_free=36.6, wall=31389
2023-05-16 07:17:09 - progress_bar.py[line:272] - INFO: epoch 003:   3895 / 4137 loss=0.179, loss_v1=0, loss_v2=0, nll_loss=0.179, ntokens=256, nsentences=128, sample_size=256, sample_size_v1=0, sample_size_v2=0, ppl=1.13, wps=128, ups=0.5, wpb=256, bsz=128, num_updates=12150, lr=2.19476e-05, gnorm=0.899, clip=20, loss_scale=1024, train_wall=20, gb_free=36.7, wall=31409
2023-05-16 07:17:29 - progress_bar.py[line:272] - INFO: epoch 003:   3905 / 4137 loss=0.161, loss_v1=0, loss_v2=0, nll_loss=0.161, ntokens=256, nsentences=128, sample_size=256, sample_size_v1=0, sample_size_v2=0, ppl=1.12, wps=128.7, ups=0.5, wpb=256, bsz=128, num_updates=12160, lr=2.19219e-05, gnorm=0.879, clip=20, loss_scale=1024, train_wall=20, gb_free=36.4, wall=31429
2023-05-16 07:17:49 - progress_bar.py[line:272] - INFO: epoch 003:   3915 / 4137 loss=0.169, loss_v1=0, loss_v2=0, nll_loss=0.169, ntokens=256, nsentences=128, sample_size=256, sample_size_v1=0, sample_size_v2=0, ppl=1.12, wps=128.6, ups=0.5, wpb=256, bsz=128, num_updates=12170, lr=2.18962e-05, gnorm=0.977, clip=30, loss_scale=1024, train_wall=20, gb_free=36.6, wall=31449
2023-05-16 07:18:09 - progress_bar.py[line:272] - INFO: epoch 003:   3925 / 4137 loss=0.178, loss_v1=0, loss_v2=0, nll_loss=0.178, ntokens=256, nsentences=128, sample_size=256, sample_size_v1=0, sample_size_v2=0, ppl=1.13, wps=128.5, ups=0.5, wpb=256, bsz=128, num_updates=12180, lr=2.18705e-05, gnorm=0.935, clip=40, loss_scale=1024, train_wall=20, gb_free=36.6, wall=31469
2023-05-16 07:18:29 - progress_bar.py[line:272] - INFO: epoch 003:   3935 / 4137 loss=0.182, loss_v1=0, loss_v2=0, nll_loss=0.182, ntokens=256, nsentences=128, sample_size=256, sample_size_v1=0, sample_size_v2=0, ppl=1.13, wps=127.8, ups=0.5, wpb=256, bsz=128, num_updates=12190, lr=2.18448e-05, gnorm=0.933, clip=50, loss_scale=1024, train_wall=20, gb_free=36.5, wall=31489
2023-05-16 07:18:49 - progress_bar.py[line:272] - INFO: epoch 003:   3945 / 4137 loss=0.162, loss_v1=0, loss_v2=0, nll_loss=0.162, ntokens=256, nsentences=128, sample_size=256, sample_size_v1=0, sample_size_v2=0, ppl=1.12, wps=128.3, ups=0.5, wpb=256, bsz=128, num_updates=12200, lr=2.18191e-05, gnorm=0.87, clip=20, loss_scale=1024, train_wall=20, gb_free=36.6, wall=31509
2023-05-16 07:19:09 - progress_bar.py[line:272] - INFO: epoch 003:   3955 / 4137 loss=0.178, loss_v1=0, loss_v2=0, nll_loss=0.178, ntokens=256, nsentences=128, sample_size=256, sample_size_v1=0, sample_size_v2=0, ppl=1.13, wps=127.6, ups=0.5, wpb=256, bsz=128, num_updates=12210, lr=2.17934e-05, gnorm=0.936, clip=30, loss_scale=1024, train_wall=20, gb_free=36.5, wall=31529
2023-05-16 07:19:28 - progress_bar.py[line:272] - INFO: epoch 003:   3965 / 4137 loss=0.184, loss_v1=0, loss_v2=0, nll_loss=0.184, ntokens=256, nsentences=128, sample_size=256, sample_size_v1=0, sample_size_v2=0, ppl=1.14, wps=129.3, ups=0.51, wpb=256, bsz=128, num_updates=12220, lr=2.17676e-05, gnorm=0.979, clip=30, loss_scale=1024, train_wall=20, gb_free=36.8, wall=31549
2023-05-16 07:19:48 - progress_bar.py[line:272] - INFO: epoch 003:   3975 / 4137 loss=0.159, loss_v1=0, loss_v2=0, nll_loss=0.159, ntokens=256, nsentences=128, sample_size=256, sample_size_v1=0, sample_size_v2=0, ppl=1.12, wps=129.3, ups=0.51, wpb=256, bsz=128, num_updates=12230, lr=2.17419e-05, gnorm=0.87, clip=20, loss_scale=1024, train_wall=20, gb_free=36.6, wall=31568
2023-05-16 07:20:08 - progress_bar.py[line:272] - INFO: epoch 003:   3985 / 4137 loss=0.158, loss_v1=0, loss_v2=0, nll_loss=0.158, ntokens=256, nsentences=128, sample_size=256, sample_size_v1=0, sample_size_v2=0, ppl=1.12, wps=129.1, ups=0.5, wpb=256, bsz=128, num_updates=12240, lr=2.17162e-05, gnorm=0.921, clip=40, loss_scale=1024, train_wall=20, gb_free=36.4, wall=31588
2023-05-16 07:20:28 - progress_bar.py[line:272] - INFO: epoch 003:   3995 / 4137 loss=0.185, loss_v1=0, loss_v2=0, nll_loss=0.185, ntokens=256, nsentences=128, sample_size=256, sample_size_v1=0, sample_size_v2=0, ppl=1.14, wps=129, ups=0.5, wpb=256, bsz=128, num_updates=12250, lr=2.16905e-05, gnorm=1.022, clip=50, loss_scale=1024, train_wall=20, gb_free=36.6, wall=31608
2023-05-16 07:20:48 - progress_bar.py[line:272] - INFO: epoch 003:   4005 / 4137 loss=0.179, loss_v1=0, loss_v2=0, nll_loss=0.179, ntokens=256, nsentences=128, sample_size=256, sample_size_v1=0, sample_size_v2=0, ppl=1.13, wps=128.5, ups=0.5, wpb=256, bsz=128, num_updates=12260, lr=2.16648e-05, gnorm=0.947, clip=40, loss_scale=1024, train_wall=20, gb_free=36.7, wall=31628
2023-05-16 07:21:08 - progress_bar.py[line:272] - INFO: epoch 003:   4015 / 4137 loss=0.181, loss_v1=0, loss_v2=0, nll_loss=0.181, ntokens=256, nsentences=128, sample_size=256, sample_size_v1=0, sample_size_v2=0, ppl=1.13, wps=126.4, ups=0.49, wpb=256, bsz=128, num_updates=12270, lr=2.16391e-05, gnorm=0.954, clip=30, loss_scale=1024, train_wall=20, gb_free=36.6, wall=31648
2023-05-16 07:21:29 - progress_bar.py[line:272] - INFO: epoch 003:   4025 / 4137 loss=0.145, loss_v1=0, loss_v2=0, nll_loss=0.145, ntokens=256, nsentences=128, sample_size=256, sample_size_v1=0, sample_size_v2=0, ppl=1.11, wps=123.8, ups=0.48, wpb=256, bsz=128, num_updates=12280, lr=2.16134e-05, gnorm=0.802, clip=20, loss_scale=1024, train_wall=21, gb_free=36.7, wall=31669
2023-05-16 07:21:49 - progress_bar.py[line:272] - INFO: epoch 003:   4035 / 4137 loss=0.171, loss_v1=0, loss_v2=0, nll_loss=0.171, ntokens=256, nsentences=128, sample_size=256, sample_size_v1=0, sample_size_v2=0, ppl=1.13, wps=128.2, ups=0.5, wpb=256, bsz=128, num_updates=12290, lr=2.15876e-05, gnorm=0.947, clip=30, loss_scale=1024, train_wall=20, gb_free=36.6, wall=31689
2023-05-16 07:22:09 - progress_bar.py[line:272] - INFO: epoch 003:   4045 / 4137 loss=0.167, loss_v1=0, loss_v2=0, nll_loss=0.167, ntokens=256, nsentences=128, sample_size=256, sample_size_v1=0, sample_size_v2=0, ppl=1.12, wps=127.4, ups=0.5, wpb=256, bsz=128, num_updates=12300, lr=2.15619e-05, gnorm=0.955, clip=30, loss_scale=1024, train_wall=20, gb_free=36.7, wall=31709
2023-05-16 07:22:29 - progress_bar.py[line:272] - INFO: epoch 003:   4055 / 4137 loss=0.158, loss_v1=0, loss_v2=0, nll_loss=0.158, ntokens=256, nsentences=128, sample_size=256, sample_size_v1=0, sample_size_v2=0, ppl=1.12, wps=128, ups=0.5, wpb=256, bsz=128, num_updates=12310, lr=2.15362e-05, gnorm=0.906, clip=20, loss_scale=1024, train_wall=20, gb_free=36.7, wall=31729
2023-05-16 07:22:49 - progress_bar.py[line:272] - INFO: epoch 003:   4065 / 4137 loss=0.154, loss_v1=0, loss_v2=0, nll_loss=0.154, ntokens=256, nsentences=128, sample_size=256, sample_size_v1=0, sample_size_v2=0, ppl=1.11, wps=128.2, ups=0.5, wpb=256, bsz=128, num_updates=12320, lr=2.15105e-05, gnorm=1.023, clip=60, loss_scale=1024, train_wall=20, gb_free=36.5, wall=31749
2023-05-16 07:23:09 - progress_bar.py[line:272] - INFO: epoch 003:   4075 / 4137 loss=0.169, loss_v1=0, loss_v2=0, nll_loss=0.169, ntokens=256, nsentences=128, sample_size=256, sample_size_v1=0, sample_size_v2=0, ppl=1.12, wps=127.9, ups=0.5, wpb=256, bsz=128, num_updates=12330, lr=2.14848e-05, gnorm=1.015, clip=70, loss_scale=1024, train_wall=20, gb_free=36.6, wall=31769
2023-05-16 07:23:29 - progress_bar.py[line:272] - INFO: epoch 003:   4085 / 4137 loss=0.182, loss_v1=0, loss_v2=0, nll_loss=0.182, ntokens=256, nsentences=128, sample_size=256, sample_size_v1=0, sample_size_v2=0, ppl=1.13, wps=128.3, ups=0.5, wpb=256, bsz=128, num_updates=12340, lr=2.14591e-05, gnorm=1.078, clip=60, loss_scale=1024, train_wall=20, gb_free=36.7, wall=31789
2023-05-16 07:23:49 - progress_bar.py[line:272] - INFO: epoch 003:   4095 / 4137 loss=0.185, loss_v1=0, loss_v2=0, nll_loss=0.185, ntokens=256, nsentences=128, sample_size=256, sample_size_v1=0, sample_size_v2=0, ppl=1.14, wps=127.3, ups=0.5, wpb=256, bsz=128, num_updates=12350, lr=2.14333e-05, gnorm=0.93, clip=30, loss_scale=1024, train_wall=20, gb_free=36.6, wall=31809
2023-05-16 07:24:09 - progress_bar.py[line:272] - INFO: epoch 003:   4105 / 4137 loss=0.183, loss_v1=0, loss_v2=0, nll_loss=0.183, ntokens=256, nsentences=128, sample_size=256, sample_size_v1=0, sample_size_v2=0, ppl=1.13, wps=127, ups=0.5, wpb=256, bsz=128, num_updates=12360, lr=2.14076e-05, gnorm=0.903, clip=10, loss_scale=1024, train_wall=20, gb_free=36.7, wall=31829
2023-05-16 07:24:29 - progress_bar.py[line:272] - INFO: epoch 003:   4115 / 4137 loss=0.17, loss_v1=0, loss_v2=0, nll_loss=0.17, ntokens=256, nsentences=128, sample_size=256, sample_size_v1=0, sample_size_v2=0, ppl=1.12, wps=128.6, ups=0.5, wpb=256, bsz=128, num_updates=12370, lr=2.13819e-05, gnorm=0.885, clip=20, loss_scale=1024, train_wall=20, gb_free=36.6, wall=31849
2023-05-16 07:24:49 - progress_bar.py[line:272] - INFO: epoch 003:   4125 / 4137 loss=0.188, loss_v1=0, loss_v2=0, nll_loss=0.188, ntokens=256, nsentences=128, sample_size=256, sample_size_v1=0, sample_size_v2=0, ppl=1.14, wps=127.5, ups=0.5, wpb=256, bsz=128, num_updates=12380, lr=2.13562e-05, gnorm=0.977, clip=30, loss_scale=1024, train_wall=20, gb_free=36.5, wall=31869
2023-05-16 07:25:09 - progress_bar.py[line:272] - INFO: epoch 003:   4135 / 4137 loss=0.153, loss_v1=0, loss_v2=0, nll_loss=0.153, ntokens=256, nsentences=128, sample_size=256, sample_size_v1=0, sample_size_v2=0, ppl=1.11, wps=128.8, ups=0.5, wpb=256, bsz=128, num_updates=12390, lr=2.13305e-05, gnorm=0.795, clip=10, loss_scale=1024, train_wall=20, gb_free=36.7, wall=31889
slice_id 1 seek offset 4465
2023-05-16 07:25:13 - train.py[line:445] - INFO: begin validation on "valid" subset
slice_id 3 seek offset 13394slice_id 0 seek offset 0

slice_id 2 seek offset 8930
slice_id 0 seek offset 0
slice_id 1 seek offset 4465
slice_id 3 seek offset 13394
slice_id 2 seek offset 8930
2023-05-16 07:28:36 - progress_bar.py[line:282] - INFO: epoch 003 | valid on 'valid' subset | loss 0.21 | loss_v1 0 | loss_v2 0 | nll_loss 0.21 | ntokens 31.975 | nsentences 15.987 | sample_size 31.975 | sample_size_v1 0 | sample_size_v2 0 | ppl 1.16 | snli_score 0.849 | wps 175.8 | wpb 32 | bsz 16 | num_updates 12392 | best_snli_score 0.849
2023-05-16 07:28:36 - checkpoint_utils.py[line:64] - INFO: Preparing to save checkpoint for epoch 3 @ 12392 updates
local datafile ../../dataset/snli_ve_data/snli_ve_train.tsv slice_id 2 begin to initialize row_count and line_idx-to-offset mapping
2023-05-16 07:28:36 - trainer.py[line:431] - INFO: Saving checkpoint to ./EC_full_checkpoints/5_5e-5/checkpoint3.pt
local datafile ../../dataset/snli_ve_data/snli_ve_train.tsv slice_id 1 begin to initialize row_count and line_idx-to-offset mappinglocal datafile ../../dataset/snli_ve_data/snli_ve_train.tsv slice_id 3 begin to initialize row_count and line_idx-to-offset mapping

2023-05-16 07:28:39 - trainer.py[line:441] - INFO: Finished saving checkpoint to ./EC_full_checkpoints/5_5e-5/checkpoint3.pt
2023-05-16 07:28:46 - checkpoint_utils.py[line:133] - INFO: Saved checkpoint ./EC_full_checkpoints/5_5e-5/checkpoint3.pt (epoch 3 @ 12392 updates, score 0.849) (writing took 9.740265387110412 seconds)
2023-05-16 07:28:46 - train.py[line:332] - INFO: end of epoch 3 (average epoch stats below)
2023-05-16 07:28:46 - progress_bar.py[line:282] - INFO: epoch 003 | loss 0.187 | loss_v1 0 | loss_v2 0 | nll_loss 0.187 | ntokens 255.996 | nsentences 127.998 | sample_size 255.996 | sample_size_v1 0 | sample_size_v2 0 | ppl 1.14 | wps 101.3 | ups 0.4 | wpb 256 | bsz 128 | num_updates 12392 | lr 2.13253e-05 | gnorm 0.881 | clip 18.1 | loss_scale 1024 | train_wall 8392 | gb_free 36.5 | wall 32106
2023-05-16 07:28:46 - trainer.py[line:639] - INFO: loading train data for epoch 4
local datafile ../../dataset/snli_ve_data/snli_ve_train.tsv slice_id 0 begin to initialize row_count and line_idx-to-offset mapping
local datafile ../../dataset/snli_ve_data/snli_ve_train.tsv slice_id 2 finished initializing row_count and line_idx-to-offset mapping
file ../../dataset/snli_ve_data/snli_ve_train.tsv slice_id 2 row count 132382 total row count 529527
slice_id 2 seek offset 264764
local datafile ../../dataset/snli_ve_data/snli_ve_train.tsv slice_id 3 finished initializing row_count and line_idx-to-offset mapping
file ../../dataset/snli_ve_data/snli_ve_train.tsv slice_id 3 row count 132381 total row count 529527
slice_id 3 seek offset 397146
local datafile ../../dataset/snli_ve_data/snli_ve_train.tsv slice_id 1 finished initializing row_count and line_idx-to-offset mapping
file ../../dataset/snli_ve_data/snli_ve_train.tsv slice_id 1 row count 132382 total row count 529527
slice_id 1 seek offset 132382
local datafile ../../dataset/snli_ve_data/snli_ve_train.tsv slice_id 0 finished initializing row_count and line_idx-to-offset mapping
file ../../dataset/snli_ve_data/snli_ve_train.tsv slice_id 0 row count 132382 total row count 529527
slice_id 0 seek offset 0
2023-05-16 07:28:59 - trainer.py[line:703] - INFO: begin training epoch 4
2023-05-16 07:28:59 - train.py[line:305] - INFO: Start iterating over samples
2023-05-16 07:29:15 - progress_bar.py[line:272] - INFO: epoch 004:      8 / 4137 loss=0.174, loss_v1=0, loss_v2=0, nll_loss=0.174, ntokens=256, nsentences=128, sample_size=256, sample_size_v1=0, sample_size_v2=0, ppl=1.13, wps=10.4, ups=0.04, wpb=256, bsz=128, num_updates=12400, lr=2.13048e-05, gnorm=0.918, clip=20, loss_scale=1024, train_wall=20, gb_free=36.6, wall=32136
2023-05-16 07:29:35 - progress_bar.py[line:272] - INFO: epoch 004:     18 / 4137 loss=0.172, loss_v1=0, loss_v2=0, nll_loss=0.172, ntokens=256, nsentences=128, sample_size=256, sample_size_v1=0, sample_size_v2=0, ppl=1.13, wps=127.9, ups=0.5, wpb=256, bsz=128, num_updates=12410, lr=2.12791e-05, gnorm=0.96, clip=40, loss_scale=1024, train_wall=20, gb_free=36.7, wall=32156
2023-05-16 07:29:56 - progress_bar.py[line:272] - INFO: epoch 004:     28 / 4137 loss=0.196, loss_v1=0, loss_v2=0, nll_loss=0.196, ntokens=256, nsentences=128, sample_size=256, sample_size_v1=0, sample_size_v2=0, ppl=1.15, wps=125.7, ups=0.49, wpb=256, bsz=128, num_updates=12420, lr=2.12533e-05, gnorm=0.982, clip=40, loss_scale=1024, train_wall=20, gb_free=36.6, wall=32176
2023-05-16 07:30:16 - progress_bar.py[line:272] - INFO: epoch 004:     38 / 4137 loss=0.176, loss_v1=0, loss_v2=0, nll_loss=0.176, ntokens=256, nsentences=128, sample_size=256, sample_size_v1=0, sample_size_v2=0, ppl=1.13, wps=128.7, ups=0.5, wpb=256, bsz=128, num_updates=12430, lr=2.12276e-05, gnorm=0.849, clip=10, loss_scale=1024, train_wall=20, gb_free=36.6, wall=32196
2023-05-16 07:30:36 - progress_bar.py[line:272] - INFO: epoch 004:     48 / 4137 loss=0.172, loss_v1=0, loss_v2=0, nll_loss=0.172, ntokens=256, nsentences=128, sample_size=256, sample_size_v1=0, sample_size_v2=0, ppl=1.13, wps=127.8, ups=0.5, wpb=256, bsz=128, num_updates=12440, lr=2.12019e-05, gnorm=0.871, clip=10, loss_scale=1024, train_wall=20, gb_free=36.7, wall=32216
2023-05-16 07:30:56 - progress_bar.py[line:272] - INFO: epoch 004:     58 / 4137 loss=0.173, loss_v1=0, loss_v2=0, nll_loss=0.173, ntokens=256, nsentences=128, sample_size=256, sample_size_v1=0, sample_size_v2=0, ppl=1.13, wps=128, ups=0.5, wpb=256, bsz=128, num_updates=12450, lr=2.11762e-05, gnorm=0.904, clip=20, loss_scale=1024, train_wall=20, gb_free=36.6, wall=32236
2023-05-16 07:31:10 - trainer.py[line:921] - INFO: NOTE: gradient overflow detected, ignoring gradient, setting loss scale to: 512.0
2023-05-16 07:31:18 - progress_bar.py[line:272] - INFO: epoch 004:     69 / 4137 loss=0.143, loss_v1=0, loss_v2=0, nll_loss=0.143, ntokens=256, nsentences=128, sample_size=256, sample_size_v1=0, sample_size_v2=0, ppl=1.1, wps=116.9, ups=0.46, wpb=256, bsz=128, num_updates=12460, lr=2.11505e-05, gnorm=0.789, clip=0, loss_scale=512, train_wall=22, gb_free=36.6, wall=32258
2023-05-16 07:31:38 - progress_bar.py[line:272] - INFO: epoch 004:     79 / 4137 loss=0.181, loss_v1=0, loss_v2=0, nll_loss=0.181, ntokens=256, nsentences=128, sample_size=256, sample_size_v1=0, sample_size_v2=0, ppl=1.13, wps=127.6, ups=0.5, wpb=256, bsz=128, num_updates=12470, lr=2.11248e-05, gnorm=1.041, clip=70, loss_scale=512, train_wall=20, gb_free=36.7, wall=32278
2023-05-16 07:31:58 - progress_bar.py[line:272] - INFO: epoch 004:     89 / 4137 loss=0.179, loss_v1=0, loss_v2=0, nll_loss=0.179, ntokens=256, nsentences=128, sample_size=256, sample_size_v1=0, sample_size_v2=0, ppl=1.13, wps=127.2, ups=0.5, wpb=256, bsz=128, num_updates=12480, lr=2.10991e-05, gnorm=0.991, clip=50, loss_scale=512, train_wall=20, gb_free=36.6, wall=32298
2023-05-16 07:32:18 - progress_bar.py[line:272] - INFO: epoch 004:     99 / 4137 loss=0.17, loss_v1=0, loss_v2=0, nll_loss=0.17, ntokens=256, nsentences=128, sample_size=256, sample_size_v1=0, sample_size_v2=0, ppl=1.13, wps=128.8, ups=0.5, wpb=256, bsz=128, num_updates=12490, lr=2.10733e-05, gnorm=0.937, clip=30, loss_scale=512, train_wall=20, gb_free=36.6, wall=32318
2023-05-16 07:32:38 - progress_bar.py[line:272] - INFO: epoch 004:    109 / 4137 loss=0.189, loss_v1=0, loss_v2=0, nll_loss=0.189, ntokens=256, nsentences=128, sample_size=256, sample_size_v1=0, sample_size_v2=0, ppl=1.14, wps=127.5, ups=0.5, wpb=256, bsz=128, num_updates=12500, lr=2.10476e-05, gnorm=0.99, clip=50, loss_scale=512, train_wall=20, gb_free=36.6, wall=32338
slice_id 3 seek offset 13394
slice_id 2 seek offset 8930
slice_id 1 seek offset 44652023-05-16 07:32:38 - train.py[line:445] - INFO: begin validation on "valid" subset

slice_id 0 seek offset 0
slice_id 0 seek offset 0
slice_id 2 seek offset 8930
slice_id 1 seek offset 4465
slice_id 3 seek offset 13394
2023-05-16 07:36:01 - progress_bar.py[line:282] - INFO: epoch 004 | valid on 'valid' subset | loss 0.207 | loss_v1 0 | loss_v2 0 | nll_loss 0.207 | ntokens 31.975 | nsentences 15.987 | sample_size 31.975 | sample_size_v1 0 | sample_size_v2 0 | ppl 1.15 | snli_score 0.8466 | wps 175.6 | wpb 32 | bsz 16 | num_updates 12500 | best_snli_score 0.849
2023-05-16 07:36:01 - checkpoint_utils.py[line:64] - INFO: Preparing to save checkpoint for epoch 4 @ 12500 updates
2023-05-16 07:36:01 - trainer.py[line:431] - INFO: Saving checkpoint to ./EC_full_checkpoints/5_5e-5/checkpoint_4_12500.pt
2023-05-16 07:36:05 - trainer.py[line:441] - INFO: Finished saving checkpoint to ./EC_full_checkpoints/5_5e-5/checkpoint_4_12500.pt
2023-05-16 07:36:07 - checkpoint_utils.py[line:133] - INFO: Saved checkpoint ./EC_full_checkpoints/5_5e-5/checkpoint_4_12500.pt (epoch 4 @ 12500 updates, score 0.8466) (writing took 5.926979295909405 seconds)
2023-05-16 07:36:27 - progress_bar.py[line:272] - INFO: epoch 004:    119 / 4137 loss=0.158, loss_v1=0, loss_v2=0, nll_loss=0.158, ntokens=256, nsentences=128, sample_size=256, sample_size_v1=0, sample_size_v2=0, ppl=1.12, wps=11.2, ups=0.04, wpb=256, bsz=128, num_updates=12510, lr=2.10219e-05, gnorm=0.926, clip=10, loss_scale=512, train_wall=20, gb_free=36.6, wall=32567
2023-05-16 07:36:47 - progress_bar.py[line:272] - INFO: epoch 004:    129 / 4137 loss=0.173, loss_v1=0, loss_v2=0, nll_loss=0.173, ntokens=256, nsentences=128, sample_size=256, sample_size_v1=0, sample_size_v2=0, ppl=1.13, wps=128, ups=0.5, wpb=256, bsz=128, num_updates=12520, lr=2.09962e-05, gnorm=0.976, clip=50, loss_scale=512, train_wall=20, gb_free=36.6, wall=32587
2023-05-16 07:37:08 - progress_bar.py[line:272] - INFO: epoch 004:    139 / 4137 loss=0.182, loss_v1=0, loss_v2=0, nll_loss=0.182, ntokens=256, nsentences=128, sample_size=256, sample_size_v1=0, sample_size_v2=0, ppl=1.13, wps=124.2, ups=0.49, wpb=256, bsz=128, num_updates=12530, lr=2.09705e-05, gnorm=0.993, clip=40, loss_scale=512, train_wall=21, gb_free=36.6, wall=32608
2023-05-16 07:37:28 - progress_bar.py[line:272] - INFO: epoch 004:    149 / 4137 loss=0.162, loss_v1=0, loss_v2=0, nll_loss=0.162, ntokens=256, nsentences=128, sample_size=256, sample_size_v1=0, sample_size_v2=0, ppl=1.12, wps=124.2, ups=0.49, wpb=256, bsz=128, num_updates=12540, lr=2.09448e-05, gnorm=0.883, clip=10, loss_scale=512, train_wall=21, gb_free=36.5, wall=32629
2023-05-16 07:37:49 - progress_bar.py[line:272] - INFO: epoch 004:    159 / 4137 loss=0.179, loss_v1=0, loss_v2=0, nll_loss=0.179, ntokens=256, nsentences=128, sample_size=256, sample_size_v1=0, sample_size_v2=0, ppl=1.13, wps=126.2, ups=0.49, wpb=256, bsz=128, num_updates=12550, lr=2.0919e-05, gnorm=0.937, clip=30, loss_scale=512, train_wall=20, gb_free=36.7, wall=32649
2023-05-16 07:38:09 - progress_bar.py[line:272] - INFO: epoch 004:    169 / 4137 loss=0.175, loss_v1=0, loss_v2=0, nll_loss=0.175, ntokens=256, nsentences=128, sample_size=256, sample_size_v1=0, sample_size_v2=0, ppl=1.13, wps=126.7, ups=0.49, wpb=256, bsz=128, num_updates=12560, lr=2.08933e-05, gnorm=0.964, clip=40, loss_scale=512, train_wall=20, gb_free=36.6, wall=32669
2023-05-16 07:38:29 - progress_bar.py[line:272] - INFO: epoch 004:    179 / 4137 loss=0.142, loss_v1=0, loss_v2=0, nll_loss=0.142, ntokens=256, nsentences=128, sample_size=256, sample_size_v1=0, sample_size_v2=0, ppl=1.1, wps=125.9, ups=0.49, wpb=256, bsz=128, num_updates=12570, lr=2.08676e-05, gnorm=0.815, clip=0, loss_scale=512, train_wall=20, gb_free=36.7, wall=32689
2023-05-16 07:38:49 - progress_bar.py[line:272] - INFO: epoch 004:    189 / 4137 loss=0.169, loss_v1=0, loss_v2=0, nll_loss=0.169, ntokens=256, nsentences=128, sample_size=256, sample_size_v1=0, sample_size_v2=0, ppl=1.12, wps=126.1, ups=0.49, wpb=256, bsz=128, num_updates=12580, lr=2.08419e-05, gnorm=0.949, clip=40, loss_scale=512, train_wall=20, gb_free=36.7, wall=32710
2023-05-16 07:39:10 - progress_bar.py[line:272] - INFO: epoch 004:    199 / 4137 loss=0.179, loss_v1=0, loss_v2=0, nll_loss=0.179, ntokens=256, nsentences=128, sample_size=256, sample_size_v1=0, sample_size_v2=0, ppl=1.13, wps=125.5, ups=0.49, wpb=256, bsz=128, num_updates=12590, lr=2.08162e-05, gnorm=1.026, clip=50, loss_scale=512, train_wall=20, gb_free=36.7, wall=32730
2023-05-16 07:39:30 - progress_bar.py[line:272] - INFO: epoch 004:    209 / 4137 loss=0.161, loss_v1=0, loss_v2=0, nll_loss=0.161, ntokens=256, nsentences=128, sample_size=256, sample_size_v1=0, sample_size_v2=0, ppl=1.12, wps=126.2, ups=0.49, wpb=256, bsz=128, num_updates=12600, lr=2.07905e-05, gnorm=0.892, clip=30, loss_scale=512, train_wall=20, gb_free=36.7, wall=32750
2023-05-16 07:39:51 - progress_bar.py[line:272] - INFO: epoch 004:    219 / 4137 loss=0.164, loss_v1=0, loss_v2=0, nll_loss=0.164, ntokens=256, nsentences=128, sample_size=256, sample_size_v1=0, sample_size_v2=0, ppl=1.12, wps=123.8, ups=0.48, wpb=256, bsz=128, num_updates=12610, lr=2.07648e-05, gnorm=0.861, clip=0, loss_scale=512, train_wall=21, gb_free=36.6, wall=32771
2023-05-16 07:40:12 - progress_bar.py[line:272] - INFO: epoch 004:    229 / 4137 loss=0.178, loss_v1=0, loss_v2=0, nll_loss=0.178, ntokens=256, nsentences=128, sample_size=256, sample_size_v1=0, sample_size_v2=0, ppl=1.13, wps=122.3, ups=0.48, wpb=256, bsz=128, num_updates=12620, lr=2.0739e-05, gnorm=0.937, clip=40, loss_scale=512, train_wall=21, gb_free=36.7, wall=32792
2023-05-16 07:40:33 - progress_bar.py[line:272] - INFO: epoch 004:    239 / 4137 loss=0.161, loss_v1=0, loss_v2=0, nll_loss=0.161, ntokens=256, nsentences=128, sample_size=256, sample_size_v1=0, sample_size_v2=0, ppl=1.12, wps=123.3, ups=0.48, wpb=256, bsz=128, num_updates=12630, lr=2.07133e-05, gnorm=0.926, clip=20, loss_scale=512, train_wall=21, gb_free=36.6, wall=32813
2023-05-16 07:40:53 - progress_bar.py[line:272] - INFO: epoch 004:    249 / 4137 loss=0.17, loss_v1=0, loss_v2=0, nll_loss=0.17, ntokens=256, nsentences=128, sample_size=256, sample_size_v1=0, sample_size_v2=0, ppl=1.13, wps=123.1, ups=0.48, wpb=256, bsz=128, num_updates=12640, lr=2.06876e-05, gnorm=0.986, clip=50, loss_scale=512, train_wall=21, gb_free=36.6, wall=32834
2023-05-16 07:41:14 - progress_bar.py[line:272] - INFO: epoch 004:    259 / 4137 loss=0.161, loss_v1=0, loss_v2=0, nll_loss=0.161, ntokens=256, nsentences=128, sample_size=256, sample_size_v1=0, sample_size_v2=0, ppl=1.12, wps=126.8, ups=0.5, wpb=256, bsz=128, num_updates=12650, lr=2.06619e-05, gnorm=0.987, clip=50, loss_scale=512, train_wall=20, gb_free=36.6, wall=32854
2023-05-16 07:41:34 - progress_bar.py[line:272] - INFO: epoch 004:    269 / 4137 loss=0.16, loss_v1=0, loss_v2=0, nll_loss=0.16, ntokens=256, nsentences=128, sample_size=256, sample_size_v1=0, sample_size_v2=0, ppl=1.12, wps=125, ups=0.49, wpb=256, bsz=128, num_updates=12660, lr=2.06362e-05, gnorm=0.926, clip=20, loss_scale=512, train_wall=20, gb_free=36.6, wall=32874
2023-05-16 07:41:55 - progress_bar.py[line:272] - INFO: epoch 004:    279 / 4137 loss=0.175, loss_v1=0, loss_v2=0, nll_loss=0.175, ntokens=256, nsentences=128, sample_size=256, sample_size_v1=0, sample_size_v2=0, ppl=1.13, wps=123.9, ups=0.48, wpb=256, bsz=128, num_updates=12670, lr=2.06105e-05, gnorm=0.926, clip=30, loss_scale=512, train_wall=21, gb_free=36.5, wall=32895
2023-05-16 07:42:15 - progress_bar.py[line:272] - INFO: epoch 004:    289 / 4137 loss=0.158, loss_v1=0, loss_v2=0, nll_loss=0.158, ntokens=256, nsentences=128, sample_size=256, sample_size_v1=0, sample_size_v2=0, ppl=1.12, wps=124.6, ups=0.49, wpb=256, bsz=128, num_updates=12680, lr=2.05848e-05, gnorm=0.944, clip=50, loss_scale=512, train_wall=21, gb_free=36.5, wall=32915
2023-05-16 07:42:35 - progress_bar.py[line:272] - INFO: epoch 004:    299 / 4137 loss=0.164, loss_v1=0, loss_v2=0, nll_loss=0.164, ntokens=256, nsentences=128, sample_size=256, sample_size_v1=0, sample_size_v2=0, ppl=1.12, wps=128.6, ups=0.5, wpb=256, bsz=128, num_updates=12690, lr=2.0559e-05, gnorm=0.948, clip=20, loss_scale=512, train_wall=20, gb_free=36.5, wall=32935
2023-05-16 07:42:55 - progress_bar.py[line:272] - INFO: epoch 004:    309 / 4137 loss=0.166, loss_v1=0, loss_v2=0, nll_loss=0.166, ntokens=256, nsentences=128, sample_size=256, sample_size_v1=0, sample_size_v2=0, ppl=1.12, wps=129.3, ups=0.51, wpb=256, bsz=128, num_updates=12700, lr=2.05333e-05, gnorm=0.942, clip=50, loss_scale=512, train_wall=20, gb_free=36.6, wall=32955
2023-05-16 07:43:15 - progress_bar.py[line:272] - INFO: epoch 004:    319 / 4137 loss=0.153, loss_v1=0, loss_v2=0, nll_loss=0.153, ntokens=256, nsentences=128, sample_size=256, sample_size_v1=0, sample_size_v2=0, ppl=1.11, wps=129.2, ups=0.5, wpb=256, bsz=128, num_updates=12710, lr=2.05076e-05, gnorm=0.955, clip=40, loss_scale=512, train_wall=20, gb_free=36.6, wall=32975
2023-05-16 07:43:34 - progress_bar.py[line:272] - INFO: epoch 004:    329 / 4137 loss=0.153, loss_v1=0, loss_v2=0, nll_loss=0.153, ntokens=256, nsentences=128, sample_size=256, sample_size_v1=0, sample_size_v2=0, ppl=1.11, wps=129.7, ups=0.51, wpb=256, bsz=128, num_updates=12720, lr=2.04819e-05, gnorm=0.93, clip=20, loss_scale=512, train_wall=20, gb_free=36.6, wall=32995
2023-05-16 07:43:54 - progress_bar.py[line:272] - INFO: epoch 004:    339 / 4137 loss=0.166, loss_v1=0, loss_v2=0, nll_loss=0.166, ntokens=256, nsentences=128, sample_size=256, sample_size_v1=0, sample_size_v2=0, ppl=1.12, wps=130, ups=0.51, wpb=256, bsz=128, num_updates=12730, lr=2.04562e-05, gnorm=0.899, clip=30, loss_scale=512, train_wall=20, gb_free=36.7, wall=33014
2023-05-16 07:44:14 - progress_bar.py[line:272] - INFO: epoch 004:    349 / 4137 loss=0.149, loss_v1=0, loss_v2=0, nll_loss=0.149, ntokens=256, nsentences=128, sample_size=256, sample_size_v1=0, sample_size_v2=0, ppl=1.11, wps=129.6, ups=0.51, wpb=256, bsz=128, num_updates=12740, lr=2.04305e-05, gnorm=0.92, clip=20, loss_scale=512, train_wall=20, gb_free=36.6, wall=33034
2023-05-16 07:44:34 - progress_bar.py[line:272] - INFO: epoch 004:    359 / 4137 loss=0.187, loss_v1=0, loss_v2=0, nll_loss=0.187, ntokens=256, nsentences=128, sample_size=256, sample_size_v1=0, sample_size_v2=0, ppl=1.14, wps=129.6, ups=0.51, wpb=256, bsz=128, num_updates=12750, lr=2.04048e-05, gnorm=0.994, clip=50, loss_scale=512, train_wall=20, gb_free=36.7, wall=33054
2023-05-16 07:44:54 - progress_bar.py[line:272] - INFO: epoch 004:    369 / 4137 loss=0.179, loss_v1=0, loss_v2=0, nll_loss=0.179, ntokens=256, nsentences=128, sample_size=256, sample_size_v1=0, sample_size_v2=0, ppl=1.13, wps=129, ups=0.5, wpb=256, bsz=128, num_updates=12760, lr=2.0379e-05, gnorm=0.983, clip=30, loss_scale=512, train_wall=20, gb_free=36.7, wall=33074
2023-05-16 07:45:13 - progress_bar.py[line:272] - INFO: epoch 004:    379 / 4137 loss=0.17, loss_v1=0, loss_v2=0, nll_loss=0.17, ntokens=256, nsentences=128, sample_size=256, sample_size_v1=0, sample_size_v2=0, ppl=1.13, wps=129.6, ups=0.51, wpb=256, bsz=128, num_updates=12770, lr=2.03533e-05, gnorm=0.955, clip=20, loss_scale=512, train_wall=20, gb_free=36.4, wall=33093
2023-05-16 07:45:33 - progress_bar.py[line:272] - INFO: epoch 004:    389 / 4137 loss=0.181, loss_v1=0, loss_v2=0, nll_loss=0.181, ntokens=256, nsentences=128, sample_size=256, sample_size_v1=0, sample_size_v2=0, ppl=1.13, wps=128.7, ups=0.5, wpb=256, bsz=128, num_updates=12780, lr=2.03276e-05, gnorm=0.903, clip=30, loss_scale=512, train_wall=20, gb_free=36.6, wall=33113
2023-05-16 07:45:53 - progress_bar.py[line:272] - INFO: epoch 004:    399 / 4137 loss=0.179, loss_v1=0, loss_v2=0, nll_loss=0.179, ntokens=256, nsentences=128, sample_size=256, sample_size_v1=0, sample_size_v2=0, ppl=1.13, wps=129.6, ups=0.51, wpb=256, bsz=128, num_updates=12790, lr=2.03019e-05, gnorm=0.931, clip=30, loss_scale=512, train_wall=20, gb_free=36.1, wall=33133
2023-05-16 07:46:13 - progress_bar.py[line:272] - INFO: epoch 004:    409 / 4137 loss=0.156, loss_v1=0, loss_v2=0, nll_loss=0.156, ntokens=256, nsentences=128, sample_size=256, sample_size_v1=0, sample_size_v2=0, ppl=1.11, wps=128.9, ups=0.5, wpb=256, bsz=128, num_updates=12800, lr=2.02762e-05, gnorm=0.806, clip=0, loss_scale=512, train_wall=20, gb_free=36.3, wall=33153
2023-05-16 07:46:33 - progress_bar.py[line:272] - INFO: epoch 004:    419 / 4137 loss=0.165, loss_v1=0, loss_v2=0, nll_loss=0.165, ntokens=256, nsentences=128, sample_size=256, sample_size_v1=0, sample_size_v2=0, ppl=1.12, wps=128.2, ups=0.5, wpb=256, bsz=128, num_updates=12810, lr=2.02505e-05, gnorm=0.891, clip=20, loss_scale=512, train_wall=20, gb_free=36.7, wall=33173
2023-05-16 07:46:53 - progress_bar.py[line:272] - INFO: epoch 004:    429 / 4137 loss=0.154, loss_v1=0, loss_v2=0, nll_loss=0.154, ntokens=256, nsentences=128, sample_size=256, sample_size_v1=0, sample_size_v2=0, ppl=1.11, wps=127.5, ups=0.5, wpb=256, bsz=128, num_updates=12820, lr=2.02247e-05, gnorm=0.924, clip=10, loss_scale=512, train_wall=20, gb_free=36.4, wall=33193
2023-05-16 07:47:13 - progress_bar.py[line:272] - INFO: epoch 004:    439 / 4137 loss=0.171, loss_v1=0, loss_v2=0, nll_loss=0.171, ntokens=256, nsentences=128, sample_size=256, sample_size_v1=0, sample_size_v2=0, ppl=1.13, wps=128.1, ups=0.5, wpb=256, bsz=128, num_updates=12830, lr=2.0199e-05, gnorm=0.96, clip=30, loss_scale=512, train_wall=20, gb_free=36.6, wall=33213
2023-05-16 07:47:33 - progress_bar.py[line:272] - INFO: epoch 004:    449 / 4137 loss=0.17, loss_v1=0, loss_v2=0, nll_loss=0.17, ntokens=256, nsentences=128, sample_size=256, sample_size_v1=0, sample_size_v2=0, ppl=1.13, wps=128.4, ups=0.5, wpb=256, bsz=128, num_updates=12840, lr=2.01733e-05, gnorm=0.931, clip=30, loss_scale=512, train_wall=20, gb_free=36.6, wall=33233
2023-05-16 07:47:53 - progress_bar.py[line:272] - INFO: epoch 004:    459 / 4137 loss=0.179, loss_v1=0, loss_v2=0, nll_loss=0.179, ntokens=256, nsentences=128, sample_size=256, sample_size_v1=0, sample_size_v2=0, ppl=1.13, wps=127.7, ups=0.5, wpb=256, bsz=128, num_updates=12850, lr=2.01476e-05, gnorm=0.895, clip=10, loss_scale=512, train_wall=20, gb_free=36.7, wall=33253
2023-05-16 07:48:13 - progress_bar.py[line:272] - INFO: epoch 004:    469 / 4137 loss=0.174, loss_v1=0, loss_v2=0, nll_loss=0.174, ntokens=256, nsentences=128, sample_size=256, sample_size_v1=0, sample_size_v2=0, ppl=1.13, wps=128.1, ups=0.5, wpb=256, bsz=128, num_updates=12860, lr=2.01219e-05, gnorm=0.952, clip=30, loss_scale=512, train_wall=20, gb_free=36.7, wall=33273
2023-05-16 07:48:33 - progress_bar.py[line:272] - INFO: epoch 004:    479 / 4137 loss=0.17, loss_v1=0, loss_v2=0, nll_loss=0.17, ntokens=256, nsentences=128, sample_size=256, sample_size_v1=0, sample_size_v2=0, ppl=1.13, wps=128, ups=0.5, wpb=256, bsz=128, num_updates=12870, lr=2.00962e-05, gnorm=0.873, clip=10, loss_scale=512, train_wall=20, gb_free=36.6, wall=33293
2023-05-16 07:48:53 - progress_bar.py[line:272] - INFO: epoch 004:    489 / 4137 loss=0.161, loss_v1=0, loss_v2=0, nll_loss=0.161, ntokens=256, nsentences=128, sample_size=256, sample_size_v1=0, sample_size_v2=0, ppl=1.12, wps=128.6, ups=0.5, wpb=256, bsz=128, num_updates=12880, lr=2.00705e-05, gnorm=0.84, clip=0, loss_scale=512, train_wall=20, gb_free=36.7, wall=33313
2023-05-16 07:49:13 - progress_bar.py[line:272] - INFO: epoch 004:    499 / 4137 loss=0.174, loss_v1=0, loss_v2=0, nll_loss=0.174, ntokens=256, nsentences=128, sample_size=256, sample_size_v1=0, sample_size_v2=0, ppl=1.13, wps=128.1, ups=0.5, wpb=256, bsz=128, num_updates=12890, lr=2.00447e-05, gnorm=0.968, clip=30, loss_scale=512, train_wall=20, gb_free=36.6, wall=33333
2023-05-16 07:49:33 - progress_bar.py[line:272] - INFO: epoch 004:    509 / 4137 loss=0.159, loss_v1=0, loss_v2=0, nll_loss=0.159, ntokens=256, nsentences=128, sample_size=256, sample_size_v1=0, sample_size_v2=0, ppl=1.12, wps=127.6, ups=0.5, wpb=256, bsz=128, num_updates=12900, lr=2.0019e-05, gnorm=0.95, clip=40, loss_scale=512, train_wall=20, gb_free=36.6, wall=33353
2023-05-16 07:49:53 - progress_bar.py[line:272] - INFO: epoch 004:    519 / 4137 loss=0.177, loss_v1=0, loss_v2=0, nll_loss=0.177, ntokens=256, nsentences=128, sample_size=256, sample_size_v1=0, sample_size_v2=0, ppl=1.13, wps=127.9, ups=0.5, wpb=256, bsz=128, num_updates=12910, lr=1.99933e-05, gnorm=0.974, clip=30, loss_scale=512, train_wall=20, gb_free=36.5, wall=33373
2023-05-16 07:50:13 - progress_bar.py[line:272] - INFO: epoch 004:    529 / 4137 loss=0.156, loss_v1=0, loss_v2=0, nll_loss=0.156, ntokens=256, nsentences=128, sample_size=256, sample_size_v1=0, sample_size_v2=0, ppl=1.11, wps=128.4, ups=0.5, wpb=256, bsz=128, num_updates=12920, lr=1.99676e-05, gnorm=0.884, clip=20, loss_scale=512, train_wall=20, gb_free=36.6, wall=33393
2023-05-16 07:50:33 - progress_bar.py[line:272] - INFO: epoch 004:    539 / 4137 loss=0.169, loss_v1=0, loss_v2=0, nll_loss=0.169, ntokens=256, nsentences=128, sample_size=256, sample_size_v1=0, sample_size_v2=0, ppl=1.12, wps=128.2, ups=0.5, wpb=256, bsz=128, num_updates=12930, lr=1.99419e-05, gnorm=0.942, clip=30, loss_scale=512, train_wall=20, gb_free=36.5, wall=33413
2023-05-16 07:50:53 - progress_bar.py[line:272] - INFO: epoch 004:    549 / 4137 loss=0.146, loss_v1=0, loss_v2=0, nll_loss=0.146, ntokens=256, nsentences=128, sample_size=256, sample_size_v1=0, sample_size_v2=0, ppl=1.11, wps=128.2, ups=0.5, wpb=256, bsz=128, num_updates=12940, lr=1.99162e-05, gnorm=0.922, clip=20, loss_scale=512, train_wall=20, gb_free=36.6, wall=33433
2023-05-16 07:51:13 - progress_bar.py[line:272] - INFO: epoch 004:    559 / 4137 loss=0.162, loss_v1=0, loss_v2=0, nll_loss=0.162, ntokens=256, nsentences=128, sample_size=256, sample_size_v1=0, sample_size_v2=0, ppl=1.12, wps=127.9, ups=0.5, wpb=256, bsz=128, num_updates=12950, lr=1.98905e-05, gnorm=0.906, clip=20, loss_scale=512, train_wall=20, gb_free=36.5, wall=33453
2023-05-16 07:51:33 - progress_bar.py[line:272] - INFO: epoch 004:    569 / 4137 loss=0.169, loss_v1=0, loss_v2=0, nll_loss=0.169, ntokens=256, nsentences=128, sample_size=256, sample_size_v1=0, sample_size_v2=0, ppl=1.12, wps=128.3, ups=0.5, wpb=256, bsz=128, num_updates=12960, lr=1.98647e-05, gnorm=0.941, clip=40, loss_scale=512, train_wall=20, gb_free=36.7, wall=33473
2023-05-16 07:51:52 - progress_bar.py[line:272] - INFO: epoch 004:    579 / 4137 loss=0.167, loss_v1=0, loss_v2=0, nll_loss=0.167, ntokens=256, nsentences=128, sample_size=256, sample_size_v1=0, sample_size_v2=0, ppl=1.12, wps=128.5, ups=0.5, wpb=256, bsz=128, num_updates=12970, lr=1.9839e-05, gnorm=0.98, clip=30, loss_scale=1024, train_wall=20, gb_free=36.3, wall=33493
2023-05-16 07:52:13 - progress_bar.py[line:272] - INFO: epoch 004:    589 / 4137 loss=0.16, loss_v1=0, loss_v2=0, nll_loss=0.16, ntokens=256, nsentences=128, sample_size=256, sample_size_v1=0, sample_size_v2=0, ppl=1.12, wps=127.8, ups=0.5, wpb=256, bsz=128, num_updates=12980, lr=1.98133e-05, gnorm=0.973, clip=40, loss_scale=1024, train_wall=20, gb_free=36.6, wall=33513
2023-05-16 07:52:32 - progress_bar.py[line:272] - INFO: epoch 004:    599 / 4137 loss=0.159, loss_v1=0, loss_v2=0, nll_loss=0.159, ntokens=256, nsentences=128, sample_size=256, sample_size_v1=0, sample_size_v2=0, ppl=1.12, wps=128.7, ups=0.5, wpb=256, bsz=128, num_updates=12990, lr=1.97876e-05, gnorm=0.911, clip=30, loss_scale=1024, train_wall=20, gb_free=36.7, wall=33533
2023-05-16 07:52:52 - progress_bar.py[line:272] - INFO: epoch 004:    609 / 4137 loss=0.149, loss_v1=0, loss_v2=0, nll_loss=0.149, ntokens=256, nsentences=128, sample_size=256, sample_size_v1=0, sample_size_v2=0, ppl=1.11, wps=128.4, ups=0.5, wpb=256, bsz=128, num_updates=13000, lr=1.97619e-05, gnorm=0.937, clip=30, loss_scale=1024, train_wall=20, gb_free=36.6, wall=33553
slice_id 2 seek offset 8930
2023-05-16 07:52:52 - train.py[line:445] - INFO: begin validation on "valid" subset
slice_id 0 seek offset 0
slice_id 1 seek offset 4465
slice_id 3 seek offset 13394
slice_id 0 seek offset 0
slice_id 3 seek offset 13394
slice_id 2 seek offset 8930
slice_id 1 seek offset 4465
2023-05-16 07:56:17 - progress_bar.py[line:282] - INFO: epoch 004 | valid on 'valid' subset | loss 0.213 | loss_v1 0 | loss_v2 0 | nll_loss 0.213 | ntokens 31.975 | nsentences 15.987 | sample_size 31.975 | sample_size_v1 0 | sample_size_v2 0 | ppl 1.16 | snli_score 0.8453 | wps 174.2 | wpb 32 | bsz 16 | num_updates 13000 | best_snli_score 0.849
2023-05-16 07:56:17 - checkpoint_utils.py[line:64] - INFO: Preparing to save checkpoint for epoch 4 @ 13000 updates
2023-05-16 07:56:17 - trainer.py[line:431] - INFO: Saving checkpoint to ./EC_full_checkpoints/5_5e-5/checkpoint_4_13000.pt
2023-05-16 07:56:21 - trainer.py[line:441] - INFO: Finished saving checkpoint to ./EC_full_checkpoints/5_5e-5/checkpoint_4_13000.pt
2023-05-16 07:56:23 - checkpoint_utils.py[line:133] - INFO: Saved checkpoint ./EC_full_checkpoints/5_5e-5/checkpoint_4_13000.pt (epoch 4 @ 13000 updates, score 0.8453) (writing took 5.6536995188798755 seconds)
2023-05-16 07:56:43 - progress_bar.py[line:272] - INFO: epoch 004:    619 / 4137 loss=0.17, loss_v1=0, loss_v2=0, nll_loss=0.17, ntokens=256, nsentences=128, sample_size=256, sample_size_v1=0, sample_size_v2=0, ppl=1.12, wps=11.1, ups=0.04, wpb=256, bsz=128, num_updates=13010, lr=1.97362e-05, gnorm=0.984, clip=60, loss_scale=1024, train_wall=20, gb_free=36.7, wall=33783
2023-05-16 07:57:03 - progress_bar.py[line:272] - INFO: epoch 004:    629 / 4137 loss=0.176, loss_v1=0, loss_v2=0, nll_loss=0.176, ntokens=256, nsentences=128, sample_size=256, sample_size_v1=0, sample_size_v2=0, ppl=1.13, wps=127.6, ups=0.5, wpb=256, bsz=128, num_updates=13020, lr=1.97105e-05, gnorm=1.04, clip=80, loss_scale=1024, train_wall=20, gb_free=36.7, wall=33803
2023-05-16 07:57:23 - progress_bar.py[line:272] - INFO: epoch 004:    639 / 4137 loss=0.2, loss_v1=0, loss_v2=0, nll_loss=0.2, ntokens=256, nsentences=128, sample_size=256, sample_size_v1=0, sample_size_v2=0, ppl=1.15, wps=126.8, ups=0.5, wpb=256, bsz=128, num_updates=13030, lr=1.96847e-05, gnorm=1.018, clip=50, loss_scale=1024, train_wall=20, gb_free=36.6, wall=33824
2023-05-16 07:57:43 - progress_bar.py[line:272] - INFO: epoch 004:    649 / 4137 loss=0.182, loss_v1=0, loss_v2=0, nll_loss=0.182, ntokens=256, nsentences=128, sample_size=256, sample_size_v1=0, sample_size_v2=0, ppl=1.13, wps=127.9, ups=0.5, wpb=256, bsz=128, num_updates=13040, lr=1.9659e-05, gnorm=0.916, clip=30, loss_scale=1024, train_wall=20, gb_free=36.6, wall=33844
2023-05-16 07:58:03 - progress_bar.py[line:272] - INFO: epoch 004:    659 / 4137 loss=0.197, loss_v1=0, loss_v2=0, nll_loss=0.197, ntokens=256, nsentences=128, sample_size=256, sample_size_v1=0, sample_size_v2=0, ppl=1.15, wps=128.5, ups=0.5, wpb=256, bsz=128, num_updates=13050, lr=1.96333e-05, gnorm=0.91, clip=10, loss_scale=1024, train_wall=20, gb_free=36.7, wall=33864
2023-05-16 07:58:23 - progress_bar.py[line:272] - INFO: epoch 004:    669 / 4137 loss=0.183, loss_v1=0, loss_v2=0, nll_loss=0.183, ntokens=256, nsentences=128, sample_size=256, sample_size_v1=0, sample_size_v2=0, ppl=1.13, wps=127.7, ups=0.5, wpb=256, bsz=128, num_updates=13060, lr=1.96076e-05, gnorm=0.871, clip=10, loss_scale=1024, train_wall=20, gb_free=36.7, wall=33884
2023-05-16 07:58:43 - progress_bar.py[line:272] - INFO: epoch 004:    679 / 4137 loss=0.159, loss_v1=0, loss_v2=0, nll_loss=0.159, ntokens=256, nsentences=128, sample_size=256, sample_size_v1=0, sample_size_v2=0, ppl=1.12, wps=128, ups=0.5, wpb=256, bsz=128, num_updates=13070, lr=1.95819e-05, gnorm=0.875, clip=10, loss_scale=1024, train_wall=20, gb_free=36.6, wall=33904
2023-05-16 07:59:04 - progress_bar.py[line:272] - INFO: epoch 004:    689 / 4137 loss=0.181, loss_v1=0, loss_v2=0, nll_loss=0.181, ntokens=256, nsentences=128, sample_size=256, sample_size_v1=0, sample_size_v2=0, ppl=1.13, wps=127.1, ups=0.5, wpb=256, bsz=128, num_updates=13080, lr=1.95562e-05, gnorm=0.908, clip=20, loss_scale=1024, train_wall=20, gb_free=36.7, wall=33924
2023-05-16 07:59:23 - progress_bar.py[line:272] - INFO: epoch 004:    699 / 4137 loss=0.18, loss_v1=0, loss_v2=0, nll_loss=0.18, ntokens=256, nsentences=128, sample_size=256, sample_size_v1=0, sample_size_v2=0, ppl=1.13, wps=128.4, ups=0.5, wpb=256, bsz=128, num_updates=13090, lr=1.95304e-05, gnorm=0.947, clip=40, loss_scale=1024, train_wall=20, gb_free=36.6, wall=33944
2023-05-16 07:59:44 - progress_bar.py[line:272] - INFO: epoch 004:    709 / 4137 loss=0.167, loss_v1=0, loss_v2=0, nll_loss=0.167, ntokens=256, nsentences=128, sample_size=256, sample_size_v1=0, sample_size_v2=0, ppl=1.12, wps=126.4, ups=0.49, wpb=256, bsz=128, num_updates=13100, lr=1.95047e-05, gnorm=0.936, clip=30, loss_scale=1024, train_wall=20, gb_free=36.5, wall=33964
2023-05-16 08:00:04 - progress_bar.py[line:272] - INFO: epoch 004:    719 / 4137 loss=0.167, loss_v1=0, loss_v2=0, nll_loss=0.167, ntokens=256, nsentences=128, sample_size=256, sample_size_v1=0, sample_size_v2=0, ppl=1.12, wps=129, ups=0.5, wpb=256, bsz=128, num_updates=13110, lr=1.9479e-05, gnorm=0.896, clip=20, loss_scale=1024, train_wall=20, gb_free=36.6, wall=33984
2023-05-16 08:00:24 - progress_bar.py[line:272] - INFO: epoch 004:    729 / 4137 loss=0.172, loss_v1=0, loss_v2=0, nll_loss=0.172, ntokens=256, nsentences=128, sample_size=256, sample_size_v1=0, sample_size_v2=0, ppl=1.13, wps=127.5, ups=0.5, wpb=256, bsz=128, num_updates=13120, lr=1.94533e-05, gnorm=0.946, clip=40, loss_scale=1024, train_wall=20, gb_free=36.6, wall=34004
2023-05-16 08:00:44 - progress_bar.py[line:272] - INFO: epoch 004:    739 / 4137 loss=0.165, loss_v1=0, loss_v2=0, nll_loss=0.165, ntokens=256, nsentences=128, sample_size=256, sample_size_v1=0, sample_size_v2=0, ppl=1.12, wps=128.4, ups=0.5, wpb=256, bsz=128, num_updates=13130, lr=1.94276e-05, gnorm=0.906, clip=20, loss_scale=1024, train_wall=20, gb_free=36.6, wall=34024
2023-05-16 08:01:04 - progress_bar.py[line:272] - INFO: epoch 004:    749 / 4137 loss=0.183, loss_v1=0, loss_v2=0, nll_loss=0.183, ntokens=256, nsentences=128, sample_size=256, sample_size_v1=0, sample_size_v2=0, ppl=1.14, wps=128, ups=0.5, wpb=256, bsz=128, num_updates=13140, lr=1.94019e-05, gnorm=0.955, clip=40, loss_scale=1024, train_wall=20, gb_free=36.4, wall=34044
2023-05-16 08:01:23 - progress_bar.py[line:272] - INFO: epoch 004:    759 / 4137 loss=0.165, loss_v1=0, loss_v2=0, nll_loss=0.165, ntokens=256, nsentences=128, sample_size=256, sample_size_v1=0, sample_size_v2=0, ppl=1.12, wps=128.5, ups=0.5, wpb=256, bsz=128, num_updates=13150, lr=1.93762e-05, gnorm=0.955, clip=40, loss_scale=1024, train_wall=20, gb_free=36.3, wall=34064
2023-05-16 08:01:43 - progress_bar.py[line:272] - INFO: epoch 004:    769 / 4137 loss=0.171, loss_v1=0, loss_v2=0, nll_loss=0.171, ntokens=256, nsentences=128, sample_size=256, sample_size_v1=0, sample_size_v2=0, ppl=1.13, wps=128.9, ups=0.5, wpb=256, bsz=128, num_updates=13160, lr=1.93504e-05, gnorm=0.941, clip=30, loss_scale=1024, train_wall=20, gb_free=36.8, wall=34084
2023-05-16 08:02:03 - progress_bar.py[line:272] - INFO: epoch 004:    779 / 4137 loss=0.171, loss_v1=0, loss_v2=0, nll_loss=0.171, ntokens=256, nsentences=128, sample_size=256, sample_size_v1=0, sample_size_v2=0, ppl=1.13, wps=128.4, ups=0.5, wpb=256, bsz=128, num_updates=13170, lr=1.93247e-05, gnorm=1.015, clip=40, loss_scale=1024, train_wall=20, gb_free=36.6, wall=34104
2023-05-16 08:02:23 - progress_bar.py[line:272] - INFO: epoch 004:    789 / 4137 loss=0.169, loss_v1=0, loss_v2=0, nll_loss=0.169, ntokens=256, nsentences=128, sample_size=256, sample_size_v1=0, sample_size_v2=0, ppl=1.12, wps=128.7, ups=0.5, wpb=256, bsz=128, num_updates=13180, lr=1.9299e-05, gnorm=0.959, clip=30, loss_scale=1024, train_wall=20, gb_free=36.4, wall=34123
2023-05-16 08:02:43 - progress_bar.py[line:272] - INFO: epoch 004:    799 / 4137 loss=0.191, loss_v1=0, loss_v2=0, nll_loss=0.191, ntokens=256, nsentences=128, sample_size=256, sample_size_v1=0, sample_size_v2=0, ppl=1.14, wps=128.9, ups=0.5, wpb=256, bsz=128, num_updates=13190, lr=1.92733e-05, gnorm=1.109, clip=50, loss_scale=1024, train_wall=20, gb_free=36.7, wall=34143
2023-05-16 08:03:03 - progress_bar.py[line:272] - INFO: epoch 004:    809 / 4137 loss=0.186, loss_v1=0, loss_v2=0, nll_loss=0.186, ntokens=256, nsentences=128, sample_size=256, sample_size_v1=0, sample_size_v2=0, ppl=1.14, wps=127.8, ups=0.5, wpb=256, bsz=128, num_updates=13200, lr=1.92476e-05, gnorm=1.044, clip=50, loss_scale=1024, train_wall=20, gb_free=36.6, wall=34163
2023-05-16 08:03:23 - progress_bar.py[line:272] - INFO: epoch 004:    819 / 4137 loss=0.188, loss_v1=0, loss_v2=0, nll_loss=0.188, ntokens=256, nsentences=128, sample_size=256, sample_size_v1=0, sample_size_v2=0, ppl=1.14, wps=128.2, ups=0.5, wpb=256, bsz=128, num_updates=13210, lr=1.92219e-05, gnorm=0.942, clip=10, loss_scale=1024, train_wall=20, gb_free=36.4, wall=34183
2023-05-16 08:03:43 - progress_bar.py[line:272] - INFO: epoch 004:    829 / 4137 loss=0.175, loss_v1=0, loss_v2=0, nll_loss=0.175, ntokens=256, nsentences=128, sample_size=256, sample_size_v1=0, sample_size_v2=0, ppl=1.13, wps=128.2, ups=0.5, wpb=256, bsz=128, num_updates=13220, lr=1.91962e-05, gnorm=0.898, clip=10, loss_scale=1024, train_wall=20, gb_free=36.6, wall=34203
2023-05-16 08:04:03 - progress_bar.py[line:272] - INFO: epoch 004:    839 / 4137 loss=0.179, loss_v1=0, loss_v2=0, nll_loss=0.179, ntokens=256, nsentences=128, sample_size=256, sample_size_v1=0, sample_size_v2=0, ppl=1.13, wps=126.6, ups=0.49, wpb=256, bsz=128, num_updates=13230, lr=1.91704e-05, gnorm=0.894, clip=20, loss_scale=1024, train_wall=20, gb_free=36.7, wall=34223
2023-05-16 08:04:23 - progress_bar.py[line:272] - INFO: epoch 004:    849 / 4137 loss=0.177, loss_v1=0, loss_v2=0, nll_loss=0.177, ntokens=256, nsentences=128, sample_size=256, sample_size_v1=0, sample_size_v2=0, ppl=1.13, wps=128.1, ups=0.5, wpb=256, bsz=128, num_updates=13240, lr=1.91447e-05, gnorm=0.931, clip=40, loss_scale=1024, train_wall=20, gb_free=36.6, wall=34243
2023-05-16 08:04:43 - progress_bar.py[line:272] - INFO: epoch 004:    859 / 4137 loss=0.17, loss_v1=0, loss_v2=0, nll_loss=0.17, ntokens=256, nsentences=128, sample_size=256, sample_size_v1=0, sample_size_v2=0, ppl=1.13, wps=127.6, ups=0.5, wpb=256, bsz=128, num_updates=13250, lr=1.9119e-05, gnorm=0.928, clip=30, loss_scale=1024, train_wall=20, gb_free=36.7, wall=34263
2023-05-16 08:05:03 - progress_bar.py[line:272] - INFO: epoch 004:    869 / 4137 loss=0.154, loss_v1=0, loss_v2=0, nll_loss=0.154, ntokens=256, nsentences=128, sample_size=256, sample_size_v1=0, sample_size_v2=0, ppl=1.11, wps=127.5, ups=0.5, wpb=256, bsz=128, num_updates=13260, lr=1.90933e-05, gnorm=0.945, clip=40, loss_scale=1024, train_wall=20, gb_free=36.7, wall=34284
2023-05-16 08:05:23 - progress_bar.py[line:272] - INFO: epoch 004:    879 / 4137 loss=0.162, loss_v1=0, loss_v2=0, nll_loss=0.162, ntokens=256, nsentences=128, sample_size=256, sample_size_v1=0, sample_size_v2=0, ppl=1.12, wps=128.1, ups=0.5, wpb=256, bsz=128, num_updates=13270, lr=1.90676e-05, gnorm=0.945, clip=40, loss_scale=1024, train_wall=20, gb_free=36.6, wall=34304
2023-05-16 08:05:43 - progress_bar.py[line:272] - INFO: epoch 004:    889 / 4137 loss=0.159, loss_v1=0, loss_v2=0, nll_loss=0.159, ntokens=256, nsentences=128, sample_size=256, sample_size_v1=0, sample_size_v2=0, ppl=1.12, wps=128.7, ups=0.5, wpb=256, bsz=128, num_updates=13280, lr=1.90419e-05, gnorm=0.96, clip=30, loss_scale=1024, train_wall=20, gb_free=36.7, wall=34323
2023-05-16 08:06:03 - progress_bar.py[line:272] - INFO: epoch 004:    899 / 4137 loss=0.168, loss_v1=0, loss_v2=0, nll_loss=0.168, ntokens=256, nsentences=128, sample_size=256, sample_size_v1=0, sample_size_v2=0, ppl=1.12, wps=127.4, ups=0.5, wpb=256, bsz=128, num_updates=13290, lr=1.90161e-05, gnorm=0.961, clip=30, loss_scale=1024, train_wall=20, gb_free=36.7, wall=34344
2023-05-16 08:06:23 - progress_bar.py[line:272] - INFO: epoch 004:    909 / 4137 loss=0.163, loss_v1=0, loss_v2=0, nll_loss=0.163, ntokens=256, nsentences=128, sample_size=256, sample_size_v1=0, sample_size_v2=0, ppl=1.12, wps=128.8, ups=0.5, wpb=256, bsz=128, num_updates=13300, lr=1.89904e-05, gnorm=0.984, clip=30, loss_scale=1024, train_wall=20, gb_free=36.6, wall=34363
2023-05-16 08:06:43 - progress_bar.py[line:272] - INFO: epoch 004:    919 / 4137 loss=0.167, loss_v1=0, loss_v2=0, nll_loss=0.167, ntokens=256, nsentences=128, sample_size=256, sample_size_v1=0, sample_size_v2=0, ppl=1.12, wps=128.7, ups=0.5, wpb=256, bsz=128, num_updates=13310, lr=1.89647e-05, gnorm=1.023, clip=60, loss_scale=1024, train_wall=20, gb_free=36.7, wall=34383
2023-05-16 08:07:03 - progress_bar.py[line:272] - INFO: epoch 004:    929 / 4137 loss=0.145, loss_v1=0, loss_v2=0, nll_loss=0.145, ntokens=256, nsentences=128, sample_size=256, sample_size_v1=0, sample_size_v2=0, ppl=1.11, wps=127.8, ups=0.5, wpb=256, bsz=128, num_updates=13320, lr=1.8939e-05, gnorm=0.952, clip=30, loss_scale=1024, train_wall=20, gb_free=36.7, wall=34403
2023-05-16 08:07:23 - progress_bar.py[line:272] - INFO: epoch 004:    939 / 4137 loss=0.162, loss_v1=0, loss_v2=0, nll_loss=0.162, ntokens=256, nsentences=128, sample_size=256, sample_size_v1=0, sample_size_v2=0, ppl=1.12, wps=127.7, ups=0.5, wpb=256, bsz=128, num_updates=13330, lr=1.89133e-05, gnorm=1.03, clip=50, loss_scale=1024, train_wall=20, gb_free=36.6, wall=34423
2023-05-16 08:07:43 - progress_bar.py[line:272] - INFO: epoch 004:    949 / 4137 loss=0.164, loss_v1=0, loss_v2=0, nll_loss=0.164, ntokens=256, nsentences=128, sample_size=256, sample_size_v1=0, sample_size_v2=0, ppl=1.12, wps=127.8, ups=0.5, wpb=256, bsz=128, num_updates=13340, lr=1.88876e-05, gnorm=1.004, clip=40, loss_scale=1024, train_wall=20, gb_free=36.6, wall=34443
2023-05-16 08:08:03 - progress_bar.py[line:272] - INFO: epoch 004:    959 / 4137 loss=0.17, loss_v1=0, loss_v2=0, nll_loss=0.17, ntokens=256, nsentences=128, sample_size=256, sample_size_v1=0, sample_size_v2=0, ppl=1.13, wps=128, ups=0.5, wpb=256, bsz=128, num_updates=13350, lr=1.88619e-05, gnorm=1.023, clip=60, loss_scale=1024, train_wall=20, gb_free=36.4, wall=34463
2023-05-16 08:08:23 - progress_bar.py[line:272] - INFO: epoch 004:    969 / 4137 loss=0.176, loss_v1=0, loss_v2=0, nll_loss=0.176, ntokens=256, nsentences=128, sample_size=256, sample_size_v1=0, sample_size_v2=0, ppl=1.13, wps=126.6, ups=0.49, wpb=256, bsz=128, num_updates=13360, lr=1.88361e-05, gnorm=0.995, clip=40, loss_scale=1024, train_wall=20, gb_free=36.6, wall=34484
2023-05-16 08:08:44 - progress_bar.py[line:272] - INFO: epoch 004:    979 / 4137 loss=0.166, loss_v1=0, loss_v2=0, nll_loss=0.166, ntokens=256, nsentences=128, sample_size=256, sample_size_v1=0, sample_size_v2=0, ppl=1.12, wps=125.2, ups=0.49, wpb=256, bsz=128, num_updates=13370, lr=1.88104e-05, gnorm=0.995, clip=50, loss_scale=1024, train_wall=20, gb_free=36.7, wall=34504
2023-05-16 08:09:04 - progress_bar.py[line:272] - INFO: epoch 004:    989 / 4137 loss=0.17, loss_v1=0, loss_v2=0, nll_loss=0.17, ntokens=256, nsentences=128, sample_size=256, sample_size_v1=0, sample_size_v2=0, ppl=1.12, wps=128.7, ups=0.5, wpb=256, bsz=128, num_updates=13380, lr=1.87847e-05, gnorm=0.899, clip=20, loss_scale=1024, train_wall=20, gb_free=36.6, wall=34524
2023-05-16 08:09:24 - progress_bar.py[line:272] - INFO: epoch 004:    999 / 4137 loss=0.187, loss_v1=0, loss_v2=0, nll_loss=0.187, ntokens=256, nsentences=128, sample_size=256, sample_size_v1=0, sample_size_v2=0, ppl=1.14, wps=129, ups=0.5, wpb=256, bsz=128, num_updates=13390, lr=1.8759e-05, gnorm=0.977, clip=50, loss_scale=1024, train_wall=20, gb_free=36.6, wall=34544
2023-05-16 08:09:44 - progress_bar.py[line:272] - INFO: epoch 004:   1009 / 4137 loss=0.138, loss_v1=0, loss_v2=0, nll_loss=0.138, ntokens=256, nsentences=128, sample_size=256, sample_size_v1=0, sample_size_v2=0, ppl=1.1, wps=128.2, ups=0.5, wpb=256, bsz=128, num_updates=13400, lr=1.87333e-05, gnorm=0.859, clip=10, loss_scale=1024, train_wall=20, gb_free=36.6, wall=34564
2023-05-16 08:10:04 - progress_bar.py[line:272] - INFO: epoch 004:   1019 / 4137 loss=0.146, loss_v1=0, loss_v2=0, nll_loss=0.146, ntokens=256, nsentences=128, sample_size=256, sample_size_v1=0, sample_size_v2=0, ppl=1.11, wps=127.9, ups=0.5, wpb=256, bsz=128, num_updates=13410, lr=1.87076e-05, gnorm=0.862, clip=10, loss_scale=1024, train_wall=20, gb_free=36.6, wall=34584
2023-05-16 08:10:24 - progress_bar.py[line:272] - INFO: epoch 004:   1029 / 4137 loss=0.149, loss_v1=0, loss_v2=0, nll_loss=0.149, ntokens=256, nsentences=128, sample_size=256, sample_size_v1=0, sample_size_v2=0, ppl=1.11, wps=128.2, ups=0.5, wpb=256, bsz=128, num_updates=13420, lr=1.86819e-05, gnorm=0.978, clip=40, loss_scale=1024, train_wall=20, gb_free=36.5, wall=34604
2023-05-16 08:10:43 - progress_bar.py[line:272] - INFO: epoch 004:   1039 / 4137 loss=0.17, loss_v1=0, loss_v2=0, nll_loss=0.17, ntokens=256, nsentences=128, sample_size=256, sample_size_v1=0, sample_size_v2=0, ppl=1.12, wps=128.7, ups=0.5, wpb=256, bsz=128, num_updates=13430, lr=1.86561e-05, gnorm=0.97, clip=30, loss_scale=1024, train_wall=20, gb_free=36.6, wall=34624
2023-05-16 08:11:03 - progress_bar.py[line:272] - INFO: epoch 004:   1049 / 4137 loss=0.173, loss_v1=0, loss_v2=0, nll_loss=0.173, ntokens=256, nsentences=128, sample_size=256, sample_size_v1=0, sample_size_v2=0, ppl=1.13, wps=128.4, ups=0.5, wpb=256, bsz=128, num_updates=13440, lr=1.86304e-05, gnorm=1.039, clip=60, loss_scale=1024, train_wall=20, gb_free=36.5, wall=34644
2023-05-16 08:11:23 - progress_bar.py[line:272] - INFO: epoch 004:   1059 / 4137 loss=0.168, loss_v1=0, loss_v2=0, nll_loss=0.168, ntokens=256, nsentences=128, sample_size=256, sample_size_v1=0, sample_size_v2=0, ppl=1.12, wps=127.9, ups=0.5, wpb=256, bsz=128, num_updates=13450, lr=1.86047e-05, gnorm=0.913, clip=10, loss_scale=1024, train_wall=20, gb_free=36.7, wall=34664
2023-05-16 08:11:43 - progress_bar.py[line:272] - INFO: epoch 004:   1069 / 4137 loss=0.14, loss_v1=0, loss_v2=0, nll_loss=0.14, ntokens=256, nsentences=128, sample_size=256, sample_size_v1=0, sample_size_v2=0, ppl=1.1, wps=129.5, ups=0.51, wpb=256, bsz=128, num_updates=13460, lr=1.8579e-05, gnorm=0.926, clip=30, loss_scale=1024, train_wall=20, gb_free=36.6, wall=34683
2023-05-16 08:12:03 - progress_bar.py[line:272] - INFO: epoch 004:   1079 / 4137 loss=0.17, loss_v1=0, loss_v2=0, nll_loss=0.17, ntokens=256, nsentences=128, sample_size=256, sample_size_v1=0, sample_size_v2=0, ppl=1.12, wps=127.7, ups=0.5, wpb=256, bsz=128, num_updates=13470, lr=1.85533e-05, gnorm=0.919, clip=20, loss_scale=1024, train_wall=20, gb_free=36.5, wall=34703
2023-05-16 08:12:23 - progress_bar.py[line:272] - INFO: epoch 004:   1089 / 4137 loss=0.158, loss_v1=0, loss_v2=0, nll_loss=0.158, ntokens=256, nsentences=128, sample_size=256, sample_size_v1=0, sample_size_v2=0, ppl=1.12, wps=127.7, ups=0.5, wpb=256, bsz=128, num_updates=13480, lr=1.85276e-05, gnorm=0.918, clip=20, loss_scale=2048, train_wall=20, gb_free=36.6, wall=34723
2023-05-16 08:12:43 - progress_bar.py[line:272] - INFO: epoch 004:   1099 / 4137 loss=0.147, loss_v1=0, loss_v2=0, nll_loss=0.147, ntokens=256, nsentences=128, sample_size=256, sample_size_v1=0, sample_size_v2=0, ppl=1.11, wps=129.4, ups=0.51, wpb=256, bsz=128, num_updates=13490, lr=1.85019e-05, gnorm=0.948, clip=40, loss_scale=2048, train_wall=20, gb_free=36.6, wall=34743
2023-05-16 08:13:03 - progress_bar.py[line:272] - INFO: epoch 004:   1109 / 4137 loss=0.15, loss_v1=0, loss_v2=0, nll_loss=0.15, ntokens=256, nsentences=128, sample_size=256, sample_size_v1=0, sample_size_v2=0, ppl=1.11, wps=129.4, ups=0.51, wpb=256, bsz=128, num_updates=13500, lr=1.84761e-05, gnorm=0.951, clip=40, loss_scale=2048, train_wall=20, gb_free=36.6, wall=34763
slice_id 2 seek offset 8930
slice_id 3 seek offset 13394
2023-05-16 08:13:03 - train.py[line:445] - INFO: begin validation on "valid" subset
slice_id 0 seek offset 0
slice_id 1 seek offset 4465
slice_id 0 seek offset 0
slice_id 3 seek offset 13394
slice_id 1 seek offset 4465
slice_id 2 seek offset 8930
2023-05-16 08:16:26 - progress_bar.py[line:282] - INFO: epoch 004 | valid on 'valid' subset | loss 0.213 | loss_v1 0 | loss_v2 0 | nll_loss 0.213 | ntokens 31.975 | nsentences 15.987 | sample_size 31.975 | sample_size_v1 0 | sample_size_v2 0 | ppl 1.16 | snli_score 0.849 | wps 175.7 | wpb 32 | bsz 16 | num_updates 13500 | best_snli_score 0.849
2023-05-16 08:16:26 - checkpoint_utils.py[line:64] - INFO: Preparing to save checkpoint for epoch 4 @ 13500 updates
2023-05-16 08:16:26 - trainer.py[line:431] - INFO: Saving checkpoint to ./EC_full_checkpoints/5_5e-5/checkpoint_4_13500.pt
2023-05-16 08:16:29 - trainer.py[line:441] - INFO: Finished saving checkpoint to ./EC_full_checkpoints/5_5e-5/checkpoint_4_13500.pt
2023-05-16 08:16:37 - checkpoint_utils.py[line:133] - INFO: Saved checkpoint ./EC_full_checkpoints/5_5e-5/checkpoint_4_13500.pt (epoch 4 @ 13500 updates, score 0.849) (writing took 10.88000653986819 seconds)
2023-05-16 08:16:58 - progress_bar.py[line:272] - INFO: epoch 004:   1119 / 4137 loss=0.142, loss_v1=0, loss_v2=0, nll_loss=0.142, ntokens=256, nsentences=128, sample_size=256, sample_size_v1=0, sample_size_v2=0, ppl=1.1, wps=10.9, ups=0.04, wpb=256, bsz=128, num_updates=13510, lr=1.84504e-05, gnorm=0.94, clip=40, loss_scale=2048, train_wall=20, gb_free=36.7, wall=34998
2023-05-16 08:17:10 - trainer.py[line:921] - INFO: NOTE: gradient overflow detected, ignoring gradient, setting loss scale to: 1024.0
2023-05-16 08:17:20 - progress_bar.py[line:272] - INFO: epoch 004:   1130 / 4137 loss=0.169, loss_v1=0, loss_v2=0, nll_loss=0.169, ntokens=256, nsentences=128, sample_size=256, sample_size_v1=0, sample_size_v2=0, ppl=1.12, wps=112.1, ups=0.44, wpb=256, bsz=128, num_updates=13520, lr=1.84247e-05, gnorm=0.995, clip=60, loss_scale=1024, train_wall=23, gb_free=36.5, wall=35021
2023-05-16 08:17:41 - progress_bar.py[line:272] - INFO: epoch 004:   1140 / 4137 loss=0.171, loss_v1=0, loss_v2=0, nll_loss=0.171, ntokens=256, nsentences=128, sample_size=256, sample_size_v1=0, sample_size_v2=0, ppl=1.13, wps=126.7, ups=0.5, wpb=256, bsz=128, num_updates=13530, lr=1.8399e-05, gnorm=1.012, clip=60, loss_scale=1024, train_wall=20, gb_free=36.4, wall=35041
2023-05-16 08:18:01 - progress_bar.py[line:272] - INFO: epoch 004:   1150 / 4137 loss=0.182, loss_v1=0, loss_v2=0, nll_loss=0.182, ntokens=256, nsentences=128, sample_size=256, sample_size_v1=0, sample_size_v2=0, ppl=1.13, wps=125.2, ups=0.49, wpb=256, bsz=128, num_updates=13540, lr=1.83733e-05, gnorm=1.001, clip=50, loss_scale=1024, train_wall=20, gb_free=36.4, wall=35061
2023-05-16 08:18:21 - progress_bar.py[line:272] - INFO: epoch 004:   1160 / 4137 loss=0.166, loss_v1=0, loss_v2=0, nll_loss=0.166, ntokens=256, nsentences=128, sample_size=256, sample_size_v1=0, sample_size_v2=0, ppl=1.12, wps=126.5, ups=0.49, wpb=256, bsz=128, num_updates=13550, lr=1.83476e-05, gnorm=0.895, clip=10, loss_scale=1024, train_wall=20, gb_free=36.6, wall=35081
2023-05-16 08:18:42 - progress_bar.py[line:272] - INFO: epoch 004:   1170 / 4137 loss=0.182, loss_v1=0, loss_v2=0, nll_loss=0.182, ntokens=256, nsentences=128, sample_size=256, sample_size_v1=0, sample_size_v2=0, ppl=1.13, wps=126.3, ups=0.49, wpb=256, bsz=128, num_updates=13560, lr=1.83218e-05, gnorm=0.913, clip=30, loss_scale=1024, train_wall=20, gb_free=36.7, wall=35102
2023-05-16 08:19:02 - progress_bar.py[line:272] - INFO: epoch 004:   1180 / 4137 loss=0.178, loss_v1=0, loss_v2=0, nll_loss=0.178, ntokens=256, nsentences=128, sample_size=256, sample_size_v1=0, sample_size_v2=0, ppl=1.13, wps=126, ups=0.49, wpb=256, bsz=128, num_updates=13570, lr=1.82961e-05, gnorm=0.946, clip=20, loss_scale=1024, train_wall=20, gb_free=36.5, wall=35122
2023-05-16 08:19:22 - progress_bar.py[line:272] - INFO: epoch 004:   1190 / 4137 loss=0.183, loss_v1=0, loss_v2=0, nll_loss=0.183, ntokens=256, nsentences=128, sample_size=256, sample_size_v1=0, sample_size_v2=0, ppl=1.14, wps=126.2, ups=0.49, wpb=256, bsz=128, num_updates=13580, lr=1.82704e-05, gnorm=0.913, clip=20, loss_scale=1024, train_wall=20, gb_free=36.7, wall=35142
2023-05-16 08:19:42 - progress_bar.py[line:272] - INFO: epoch 004:   1200 / 4137 loss=0.171, loss_v1=0, loss_v2=0, nll_loss=0.171, ntokens=256, nsentences=128, sample_size=256, sample_size_v1=0, sample_size_v2=0, ppl=1.13, wps=127.2, ups=0.5, wpb=256, bsz=128, num_updates=13590, lr=1.82447e-05, gnorm=0.934, clip=20, loss_scale=1024, train_wall=20, gb_free=36.7, wall=35162
2023-05-16 08:20:02 - progress_bar.py[line:272] - INFO: epoch 004:   1210 / 4137 loss=0.145, loss_v1=0, loss_v2=0, nll_loss=0.145, ntokens=256, nsentences=128, sample_size=256, sample_size_v1=0, sample_size_v2=0, ppl=1.11, wps=127.6, ups=0.5, wpb=256, bsz=128, num_updates=13600, lr=1.8219e-05, gnorm=0.857, clip=10, loss_scale=1024, train_wall=20, gb_free=36.7, wall=35182
2023-05-16 08:20:22 - progress_bar.py[line:272] - INFO: epoch 004:   1220 / 4137 loss=0.157, loss_v1=0, loss_v2=0, nll_loss=0.157, ntokens=256, nsentences=128, sample_size=256, sample_size_v1=0, sample_size_v2=0, ppl=1.11, wps=127.4, ups=0.5, wpb=256, bsz=128, num_updates=13610, lr=1.81933e-05, gnorm=0.955, clip=30, loss_scale=1024, train_wall=20, gb_free=36.6, wall=35203
2023-05-16 08:20:43 - progress_bar.py[line:272] - INFO: epoch 004:   1230 / 4137 loss=0.171, loss_v1=0, loss_v2=0, nll_loss=0.171, ntokens=256, nsentences=128, sample_size=256, sample_size_v1=0, sample_size_v2=0, ppl=1.13, wps=123.2, ups=0.48, wpb=256, bsz=128, num_updates=13620, lr=1.81676e-05, gnorm=1.028, clip=40, loss_scale=1024, train_wall=21, gb_free=36.7, wall=35223
2023-05-16 08:21:04 - progress_bar.py[line:272] - INFO: epoch 004:   1240 / 4137 loss=0.159, loss_v1=0, loss_v2=0, nll_loss=0.159, ntokens=256, nsentences=128, sample_size=256, sample_size_v1=0, sample_size_v2=0, ppl=1.12, wps=123.6, ups=0.48, wpb=256, bsz=128, num_updates=13630, lr=1.81418e-05, gnorm=0.948, clip=30, loss_scale=1024, train_wall=21, gb_free=36.6, wall=35244
2023-05-16 08:21:24 - progress_bar.py[line:272] - INFO: epoch 004:   1250 / 4137 loss=0.176, loss_v1=0, loss_v2=0, nll_loss=0.176, ntokens=256, nsentences=128, sample_size=256, sample_size_v1=0, sample_size_v2=0, ppl=1.13, wps=124.7, ups=0.49, wpb=256, bsz=128, num_updates=13640, lr=1.81161e-05, gnorm=1.03, clip=50, loss_scale=1024, train_wall=20, gb_free=36.7, wall=35265
2023-05-16 08:21:45 - progress_bar.py[line:272] - INFO: epoch 004:   1260 / 4137 loss=0.166, loss_v1=0, loss_v2=0, nll_loss=0.166, ntokens=256, nsentences=128, sample_size=256, sample_size_v1=0, sample_size_v2=0, ppl=1.12, wps=125.8, ups=0.49, wpb=256, bsz=128, num_updates=13650, lr=1.80904e-05, gnorm=1.047, clip=60, loss_scale=1024, train_wall=20, gb_free=36.5, wall=35285
2023-05-16 08:22:05 - progress_bar.py[line:272] - INFO: epoch 004:   1270 / 4137 loss=0.161, loss_v1=0, loss_v2=0, nll_loss=0.161, ntokens=256, nsentences=128, sample_size=256, sample_size_v1=0, sample_size_v2=0, ppl=1.12, wps=124.1, ups=0.48, wpb=256, bsz=128, num_updates=13660, lr=1.80647e-05, gnorm=0.956, clip=50, loss_scale=1024, train_wall=21, gb_free=36.6, wall=35306
2023-05-16 08:22:26 - progress_bar.py[line:272] - INFO: epoch 004:   1280 / 4137 loss=0.173, loss_v1=0, loss_v2=0, nll_loss=0.173, ntokens=256, nsentences=128, sample_size=256, sample_size_v1=0, sample_size_v2=0, ppl=1.13, wps=124.7, ups=0.49, wpb=256, bsz=128, num_updates=13670, lr=1.8039e-05, gnorm=0.972, clip=40, loss_scale=1024, train_wall=20, gb_free=36.6, wall=35326
2023-05-16 08:22:46 - progress_bar.py[line:272] - INFO: epoch 004:   1290 / 4137 loss=0.175, loss_v1=0, loss_v2=0, nll_loss=0.175, ntokens=256, nsentences=128, sample_size=256, sample_size_v1=0, sample_size_v2=0, ppl=1.13, wps=124.9, ups=0.49, wpb=256, bsz=128, num_updates=13680, lr=1.80133e-05, gnorm=1.049, clip=80, loss_scale=1024, train_wall=20, gb_free=36.6, wall=35347
2023-05-16 08:23:07 - progress_bar.py[line:272] - INFO: epoch 004:   1300 / 4137 loss=0.18, loss_v1=0, loss_v2=0, nll_loss=0.18, ntokens=256, nsentences=128, sample_size=256, sample_size_v1=0, sample_size_v2=0, ppl=1.13, wps=124.9, ups=0.49, wpb=256, bsz=128, num_updates=13690, lr=1.79876e-05, gnorm=1.024, clip=50, loss_scale=1024, train_wall=20, gb_free=36.7, wall=35367
2023-05-16 08:23:28 - progress_bar.py[line:272] - INFO: epoch 004:   1310 / 4137 loss=0.163, loss_v1=0, loss_v2=0, nll_loss=0.163, ntokens=256, nsentences=128, sample_size=256, sample_size_v1=0, sample_size_v2=0, ppl=1.12, wps=122.9, ups=0.48, wpb=256, bsz=128, num_updates=13700, lr=1.79618e-05, gnorm=0.947, clip=30, loss_scale=1024, train_wall=21, gb_free=36.6, wall=35388
2023-05-16 08:23:48 - progress_bar.py[line:272] - INFO: epoch 004:   1320 / 4137 loss=0.175, loss_v1=0, loss_v2=0, nll_loss=0.175, ntokens=256, nsentences=128, sample_size=256, sample_size_v1=0, sample_size_v2=0, ppl=1.13, wps=124.1, ups=0.48, wpb=256, bsz=128, num_updates=13710, lr=1.79361e-05, gnorm=0.943, clip=50, loss_scale=1024, train_wall=21, gb_free=36.2, wall=35409
2023-05-16 08:24:09 - progress_bar.py[line:272] - INFO: epoch 004:   1330 / 4137 loss=0.162, loss_v1=0, loss_v2=0, nll_loss=0.162, ntokens=256, nsentences=128, sample_size=256, sample_size_v1=0, sample_size_v2=0, ppl=1.12, wps=123, ups=0.48, wpb=256, bsz=128, num_updates=13720, lr=1.79104e-05, gnorm=0.989, clip=50, loss_scale=1024, train_wall=21, gb_free=36.6, wall=35429
2023-05-16 08:24:30 - progress_bar.py[line:272] - INFO: epoch 004:   1340 / 4137 loss=0.167, loss_v1=0, loss_v2=0, nll_loss=0.167, ntokens=256, nsentences=128, sample_size=256, sample_size_v1=0, sample_size_v2=0, ppl=1.12, wps=122.8, ups=0.48, wpb=256, bsz=128, num_updates=13730, lr=1.78847e-05, gnorm=0.962, clip=30, loss_scale=1024, train_wall=21, gb_free=36.7, wall=35450
2023-05-16 08:24:51 - progress_bar.py[line:272] - INFO: epoch 004:   1350 / 4137 loss=0.167, loss_v1=0, loss_v2=0, nll_loss=0.167, ntokens=256, nsentences=128, sample_size=256, sample_size_v1=0, sample_size_v2=0, ppl=1.12, wps=122.5, ups=0.48, wpb=256, bsz=128, num_updates=13740, lr=1.7859e-05, gnorm=1.036, clip=60, loss_scale=1024, train_wall=21, gb_free=36.4, wall=35471
2023-05-16 08:25:11 - progress_bar.py[line:272] - INFO: epoch 004:   1360 / 4137 loss=0.156, loss_v1=0, loss_v2=0, nll_loss=0.156, ntokens=256, nsentences=128, sample_size=256, sample_size_v1=0, sample_size_v2=0, ppl=1.11, wps=129.5, ups=0.51, wpb=256, bsz=128, num_updates=13750, lr=1.78333e-05, gnorm=1.017, clip=50, loss_scale=1024, train_wall=20, gb_free=36.6, wall=35491
2023-05-16 08:25:30 - progress_bar.py[line:272] - INFO: epoch 004:   1370 / 4137 loss=0.173, loss_v1=0, loss_v2=0, nll_loss=0.173, ntokens=256, nsentences=128, sample_size=256, sample_size_v1=0, sample_size_v2=0, ppl=1.13, wps=130.1, ups=0.51, wpb=256, bsz=128, num_updates=13760, lr=1.78075e-05, gnorm=0.945, clip=30, loss_scale=1024, train_wall=20, gb_free=36.7, wall=35511
2023-05-16 08:25:51 - progress_bar.py[line:272] - INFO: epoch 004:   1380 / 4137 loss=0.156, loss_v1=0, loss_v2=0, nll_loss=0.156, ntokens=256, nsentences=128, sample_size=256, sample_size_v1=0, sample_size_v2=0, ppl=1.11, wps=123.8, ups=0.48, wpb=256, bsz=128, num_updates=13770, lr=1.77818e-05, gnorm=0.891, clip=30, loss_scale=1024, train_wall=21, gb_free=36.6, wall=35531
2023-05-16 08:26:12 - progress_bar.py[line:272] - INFO: epoch 004:   1390 / 4137 loss=0.185, loss_v1=0, loss_v2=0, nll_loss=0.185, ntokens=256, nsentences=128, sample_size=256, sample_size_v1=0, sample_size_v2=0, ppl=1.14, wps=123.8, ups=0.48, wpb=256, bsz=128, num_updates=13780, lr=1.77561e-05, gnorm=1.021, clip=40, loss_scale=1024, train_wall=21, gb_free=36.7, wall=35552
2023-05-16 08:26:32 - progress_bar.py[line:272] - INFO: epoch 004:   1400 / 4137 loss=0.177, loss_v1=0, loss_v2=0, nll_loss=0.177, ntokens=256, nsentences=128, sample_size=256, sample_size_v1=0, sample_size_v2=0, ppl=1.13, wps=128, ups=0.5, wpb=256, bsz=128, num_updates=13790, lr=1.77304e-05, gnorm=1.107, clip=70, loss_scale=1024, train_wall=20, gb_free=36.6, wall=35572
2023-05-16 08:26:52 - progress_bar.py[line:272] - INFO: epoch 004:   1410 / 4137 loss=0.169, loss_v1=0, loss_v2=0, nll_loss=0.169, ntokens=256, nsentences=128, sample_size=256, sample_size_v1=0, sample_size_v2=0, ppl=1.12, wps=127.7, ups=0.5, wpb=256, bsz=128, num_updates=13800, lr=1.77047e-05, gnorm=0.971, clip=40, loss_scale=1024, train_wall=20, gb_free=36.6, wall=35592
2023-05-16 08:27:12 - progress_bar.py[line:272] - INFO: epoch 004:   1420 / 4137 loss=0.164, loss_v1=0, loss_v2=0, nll_loss=0.164, ntokens=256, nsentences=128, sample_size=256, sample_size_v1=0, sample_size_v2=0, ppl=1.12, wps=128.4, ups=0.5, wpb=256, bsz=128, num_updates=13810, lr=1.7679e-05, gnorm=0.963, clip=40, loss_scale=1024, train_wall=20, gb_free=36.5, wall=35612
2023-05-16 08:27:32 - progress_bar.py[line:272] - INFO: epoch 004:   1430 / 4137 loss=0.154, loss_v1=0, loss_v2=0, nll_loss=0.154, ntokens=256, nsentences=128, sample_size=256, sample_size_v1=0, sample_size_v2=0, ppl=1.11, wps=128.7, ups=0.5, wpb=256, bsz=128, num_updates=13820, lr=1.76533e-05, gnorm=0.92, clip=20, loss_scale=1024, train_wall=20, gb_free=36.7, wall=35632
2023-05-16 08:27:51 - progress_bar.py[line:272] - INFO: epoch 004:   1440 / 4137 loss=0.178, loss_v1=0, loss_v2=0, nll_loss=0.178, ntokens=256, nsentences=128, sample_size=256, sample_size_v1=0, sample_size_v2=0, ppl=1.13, wps=128.8, ups=0.5, wpb=256, bsz=128, num_updates=13830, lr=1.76275e-05, gnorm=1.008, clip=50, loss_scale=1024, train_wall=20, gb_free=36.6, wall=35652
2023-05-16 08:28:11 - progress_bar.py[line:272] - INFO: epoch 004:   1450 / 4137 loss=0.167, loss_v1=0, loss_v2=0, nll_loss=0.167, ntokens=256, nsentences=128, sample_size=256, sample_size_v1=0, sample_size_v2=0, ppl=1.12, wps=128.6, ups=0.5, wpb=256, bsz=128, num_updates=13840, lr=1.76018e-05, gnorm=1.002, clip=50, loss_scale=1024, train_wall=20, gb_free=36.6, wall=35672
2023-05-16 08:28:31 - progress_bar.py[line:272] - INFO: epoch 004:   1460 / 4137 loss=0.2, loss_v1=0, loss_v2=0, nll_loss=0.2, ntokens=256, nsentences=128, sample_size=256, sample_size_v1=0, sample_size_v2=0, ppl=1.15, wps=129.1, ups=0.5, wpb=256, bsz=128, num_updates=13850, lr=1.75761e-05, gnorm=1.006, clip=50, loss_scale=1024, train_wall=20, gb_free=36.3, wall=35691
2023-05-16 08:28:51 - progress_bar.py[line:272] - INFO: epoch 004:   1470 / 4137 loss=0.176, loss_v1=0, loss_v2=0, nll_loss=0.176, ntokens=256, nsentences=128, sample_size=256, sample_size_v1=0, sample_size_v2=0, ppl=1.13, wps=130.2, ups=0.51, wpb=256, bsz=128, num_updates=13860, lr=1.75504e-05, gnorm=0.942, clip=30, loss_scale=1024, train_wall=20, gb_free=36.7, wall=35711
2023-05-16 08:29:11 - progress_bar.py[line:272] - INFO: epoch 004:   1480 / 4137 loss=0.154, loss_v1=0, loss_v2=0, nll_loss=0.154, ntokens=256, nsentences=128, sample_size=256, sample_size_v1=0, sample_size_v2=0, ppl=1.11, wps=128.7, ups=0.5, wpb=256, bsz=128, num_updates=13870, lr=1.75247e-05, gnorm=0.874, clip=20, loss_scale=1024, train_wall=20, gb_free=36.7, wall=35731
2023-05-16 08:29:31 - progress_bar.py[line:272] - INFO: epoch 004:   1490 / 4137 loss=0.149, loss_v1=0, loss_v2=0, nll_loss=0.149, ntokens=256, nsentences=128, sample_size=256, sample_size_v1=0, sample_size_v2=0, ppl=1.11, wps=128.7, ups=0.5, wpb=256, bsz=128, num_updates=13880, lr=1.7499e-05, gnorm=0.895, clip=30, loss_scale=1024, train_wall=20, gb_free=36.7, wall=35751
2023-05-16 08:29:51 - progress_bar.py[line:272] - INFO: epoch 004:   1500 / 4137 loss=0.158, loss_v1=0, loss_v2=0, nll_loss=0.158, ntokens=256, nsentences=128, sample_size=256, sample_size_v1=0, sample_size_v2=0, ppl=1.12, wps=128.5, ups=0.5, wpb=256, bsz=128, num_updates=13890, lr=1.74733e-05, gnorm=0.97, clip=50, loss_scale=1024, train_wall=20, gb_free=36.6, wall=35771
2023-05-16 08:30:11 - progress_bar.py[line:272] - INFO: epoch 004:   1510 / 4137 loss=0.153, loss_v1=0, loss_v2=0, nll_loss=0.153, ntokens=256, nsentences=128, sample_size=256, sample_size_v1=0, sample_size_v2=0, ppl=1.11, wps=128.2, ups=0.5, wpb=256, bsz=128, num_updates=13900, lr=1.74475e-05, gnorm=0.956, clip=30, loss_scale=1024, train_wall=20, gb_free=36.7, wall=35791
2023-05-16 08:30:30 - progress_bar.py[line:272] - INFO: epoch 004:   1520 / 4137 loss=0.158, loss_v1=0, loss_v2=0, nll_loss=0.158, ntokens=256, nsentences=128, sample_size=256, sample_size_v1=0, sample_size_v2=0, ppl=1.12, wps=128.6, ups=0.5, wpb=256, bsz=128, num_updates=13910, lr=1.74218e-05, gnorm=0.971, clip=30, loss_scale=1024, train_wall=20, gb_free=36.7, wall=35811
2023-05-16 08:30:50 - progress_bar.py[line:272] - INFO: epoch 004:   1530 / 4137 loss=0.168, loss_v1=0, loss_v2=0, nll_loss=0.168, ntokens=256, nsentences=128, sample_size=256, sample_size_v1=0, sample_size_v2=0, ppl=1.12, wps=128.6, ups=0.5, wpb=256, bsz=128, num_updates=13920, lr=1.73961e-05, gnorm=1, clip=60, loss_scale=1024, train_wall=20, gb_free=36.7, wall=35831
2023-05-16 08:31:11 - progress_bar.py[line:272] - INFO: epoch 004:   1540 / 4137 loss=0.165, loss_v1=0, loss_v2=0, nll_loss=0.165, ntokens=256, nsentences=128, sample_size=256, sample_size_v1=0, sample_size_v2=0, ppl=1.12, wps=126.3, ups=0.49, wpb=256, bsz=128, num_updates=13930, lr=1.73704e-05, gnorm=0.985, clip=40, loss_scale=1024, train_wall=20, gb_free=36.7, wall=35851
2023-05-16 08:31:31 - progress_bar.py[line:272] - INFO: epoch 004:   1550 / 4137 loss=0.162, loss_v1=0, loss_v2=0, nll_loss=0.162, ntokens=256, nsentences=128, sample_size=256, sample_size_v1=0, sample_size_v2=0, ppl=1.12, wps=127.2, ups=0.5, wpb=256, bsz=128, num_updates=13940, lr=1.73447e-05, gnorm=0.999, clip=60, loss_scale=1024, train_wall=20, gb_free=36.6, wall=35871
2023-05-16 08:31:51 - progress_bar.py[line:272] - INFO: epoch 004:   1560 / 4137 loss=0.142, loss_v1=0, loss_v2=0, nll_loss=0.142, ntokens=256, nsentences=128, sample_size=256, sample_size_v1=0, sample_size_v2=0, ppl=1.1, wps=128.5, ups=0.5, wpb=256, bsz=128, num_updates=13950, lr=1.7319e-05, gnorm=0.915, clip=40, loss_scale=1024, train_wall=20, gb_free=36.6, wall=35891
2023-05-16 08:32:11 - progress_bar.py[line:272] - INFO: epoch 004:   1570 / 4137 loss=0.155, loss_v1=0, loss_v2=0, nll_loss=0.155, ntokens=256, nsentences=128, sample_size=256, sample_size_v1=0, sample_size_v2=0, ppl=1.11, wps=127.6, ups=0.5, wpb=256, bsz=128, num_updates=13960, lr=1.72933e-05, gnorm=0.983, clip=50, loss_scale=1024, train_wall=20, gb_free=36.6, wall=35911
2023-05-16 08:32:31 - progress_bar.py[line:272] - INFO: epoch 004:   1580 / 4137 loss=0.146, loss_v1=0, loss_v2=0, nll_loss=0.146, ntokens=256, nsentences=128, sample_size=256, sample_size_v1=0, sample_size_v2=0, ppl=1.11, wps=128.2, ups=0.5, wpb=256, bsz=128, num_updates=13970, lr=1.72675e-05, gnorm=0.916, clip=30, loss_scale=1024, train_wall=20, gb_free=36.6, wall=35931
2023-05-16 08:32:35 - trainer.py[line:921] - INFO: NOTE: gradient overflow detected, ignoring gradient, setting loss scale to: 512.0
2023-05-16 08:32:53 - progress_bar.py[line:272] - INFO: epoch 004:   1591 / 4137 loss=0.157, loss_v1=0, loss_v2=0, nll_loss=0.157, ntokens=256, nsentences=128, sample_size=256, sample_size_v1=0, sample_size_v2=0, ppl=1.11, wps=117.3, ups=0.46, wpb=256, bsz=128, num_updates=13980, lr=1.72418e-05, gnorm=0.956, clip=20, loss_scale=512, train_wall=22, gb_free=36.7, wall=35953
2023-05-16 08:33:12 - progress_bar.py[line:272] - INFO: epoch 004:   1601 / 4137 loss=0.151, loss_v1=0, loss_v2=0, nll_loss=0.151, ntokens=256, nsentences=128, sample_size=256, sample_size_v1=0, sample_size_v2=0, ppl=1.11, wps=129.6, ups=0.51, wpb=256, bsz=128, num_updates=13990, lr=1.72161e-05, gnorm=1.031, clip=30, loss_scale=512, train_wall=20, gb_free=36.5, wall=35973
2023-05-16 08:33:32 - progress_bar.py[line:272] - INFO: epoch 004:   1611 / 4137 loss=0.154, loss_v1=0, loss_v2=0, nll_loss=0.154, ntokens=256, nsentences=128, sample_size=256, sample_size_v1=0, sample_size_v2=0, ppl=1.11, wps=128.2, ups=0.5, wpb=256, bsz=128, num_updates=14000, lr=1.71904e-05, gnorm=0.994, clip=50, loss_scale=512, train_wall=20, gb_free=36.6, wall=35992
slice_id 1 seek offset 4465
2023-05-16 08:33:32 - train.py[line:445] - INFO: begin validation on "valid" subset
slice_id 0 seek offset 0
slice_id 3 seek offset 13394
slice_id 2 seek offset 8930
slice_id 0 seek offset 0
slice_id 3 seek offset 13394
slice_id 2 seek offset 8930
slice_id 1 seek offset 4465
2023-05-16 08:36:55 - progress_bar.py[line:282] - INFO: epoch 004 | valid on 'valid' subset | loss 0.214 | loss_v1 0 | loss_v2 0 | nll_loss 0.214 | ntokens 31.975 | nsentences 15.987 | sample_size 31.975 | sample_size_v1 0 | sample_size_v2 0 | ppl 1.16 | snli_score 0.8485 | wps 176 | wpb 32 | bsz 16 | num_updates 14000 | best_snli_score 0.849
2023-05-16 08:36:55 - checkpoint_utils.py[line:64] - INFO: Preparing to save checkpoint for epoch 4 @ 14000 updates
2023-05-16 08:36:55 - trainer.py[line:431] - INFO: Saving checkpoint to ./EC_full_checkpoints/5_5e-5/checkpoint_4_14000.pt
2023-05-16 08:36:58 - trainer.py[line:441] - INFO: Finished saving checkpoint to ./EC_full_checkpoints/5_5e-5/checkpoint_4_14000.pt
2023-05-16 08:37:01 - checkpoint_utils.py[line:133] - INFO: Saved checkpoint ./EC_full_checkpoints/5_5e-5/checkpoint_4_14000.pt (epoch 4 @ 14000 updates, score 0.8485) (writing took 5.701321489876136 seconds)
2023-05-16 08:37:21 - progress_bar.py[line:272] - INFO: epoch 004:   1621 / 4137 loss=0.139, loss_v1=0, loss_v2=0, nll_loss=0.139, ntokens=256, nsentences=128, sample_size=256, sample_size_v1=0, sample_size_v2=0, ppl=1.1, wps=11.2, ups=0.04, wpb=256, bsz=128, num_updates=14010, lr=1.71647e-05, gnorm=0.908, clip=10, loss_scale=512, train_wall=20, gb_free=36.7, wall=36222
2023-05-16 08:37:42 - progress_bar.py[line:272] - INFO: epoch 004:   1631 / 4137 loss=0.148, loss_v1=0, loss_v2=0, nll_loss=0.148, ntokens=256, nsentences=128, sample_size=256, sample_size_v1=0, sample_size_v2=0, ppl=1.11, wps=126.7, ups=0.49, wpb=256, bsz=128, num_updates=14020, lr=1.7139e-05, gnorm=1.086, clip=70, loss_scale=512, train_wall=20, gb_free=36.6, wall=36242
2023-05-16 08:38:02 - progress_bar.py[line:272] - INFO: epoch 004:   1641 / 4137 loss=0.151, loss_v1=0, loss_v2=0, nll_loss=0.151, ntokens=256, nsentences=128, sample_size=256, sample_size_v1=0, sample_size_v2=0, ppl=1.11, wps=127.1, ups=0.5, wpb=256, bsz=128, num_updates=14030, lr=1.71132e-05, gnorm=0.978, clip=30, loss_scale=512, train_wall=20, gb_free=36.5, wall=36262
2023-05-16 08:38:22 - progress_bar.py[line:272] - INFO: epoch 004:   1651 / 4137 loss=0.169, loss_v1=0, loss_v2=0, nll_loss=0.169, ntokens=256, nsentences=128, sample_size=256, sample_size_v1=0, sample_size_v2=0, ppl=1.12, wps=126.5, ups=0.49, wpb=256, bsz=128, num_updates=14040, lr=1.70875e-05, gnorm=1.033, clip=60, loss_scale=512, train_wall=20, gb_free=36.6, wall=36282
2023-05-16 08:38:42 - progress_bar.py[line:272] - INFO: epoch 004:   1661 / 4137 loss=0.157, loss_v1=0, loss_v2=0, nll_loss=0.157, ntokens=256, nsentences=128, sample_size=256, sample_size_v1=0, sample_size_v2=0, ppl=1.12, wps=128.2, ups=0.5, wpb=256, bsz=128, num_updates=14050, lr=1.70618e-05, gnorm=0.997, clip=40, loss_scale=512, train_wall=20, gb_free=36.4, wall=36302
2023-05-16 08:39:02 - progress_bar.py[line:272] - INFO: epoch 004:   1671 / 4137 loss=0.138, loss_v1=0, loss_v2=0, nll_loss=0.138, ntokens=256, nsentences=128, sample_size=256, sample_size_v1=0, sample_size_v2=0, ppl=1.1, wps=128.9, ups=0.5, wpb=256, bsz=128, num_updates=14060, lr=1.70361e-05, gnorm=0.943, clip=40, loss_scale=512, train_wall=20, gb_free=36.6, wall=36322
2023-05-16 08:39:22 - progress_bar.py[line:272] - INFO: epoch 004:   1681 / 4137 loss=0.158, loss_v1=0, loss_v2=0, nll_loss=0.158, ntokens=256, nsentences=128, sample_size=256, sample_size_v1=0, sample_size_v2=0, ppl=1.12, wps=128.1, ups=0.5, wpb=256, bsz=128, num_updates=14070, lr=1.70104e-05, gnorm=0.952, clip=40, loss_scale=512, train_wall=20, gb_free=36.5, wall=36342
2023-05-16 08:39:42 - progress_bar.py[line:272] - INFO: epoch 004:   1691 / 4137 loss=0.159, loss_v1=0, loss_v2=0, nll_loss=0.159, ntokens=256, nsentences=128, sample_size=256, sample_size_v1=0, sample_size_v2=0, ppl=1.12, wps=128.1, ups=0.5, wpb=256, bsz=128, num_updates=14080, lr=1.69847e-05, gnorm=1.006, clip=40, loss_scale=512, train_wall=20, gb_free=36.6, wall=36362
2023-05-16 08:40:02 - progress_bar.py[line:272] - INFO: epoch 004:   1701 / 4137 loss=0.155, loss_v1=0, loss_v2=0, nll_loss=0.155, ntokens=256, nsentences=128, sample_size=256, sample_size_v1=0, sample_size_v2=0, ppl=1.11, wps=129.1, ups=0.5, wpb=256, bsz=128, num_updates=14090, lr=1.6959e-05, gnorm=0.978, clip=60, loss_scale=512, train_wall=20, gb_free=36.7, wall=36382
2023-05-16 08:40:21 - progress_bar.py[line:272] - INFO: epoch 004:   1711 / 4137 loss=0.151, loss_v1=0, loss_v2=0, nll_loss=0.151, ntokens=256, nsentences=128, sample_size=256, sample_size_v1=0, sample_size_v2=0, ppl=1.11, wps=129.5, ups=0.51, wpb=256, bsz=128, num_updates=14100, lr=1.69332e-05, gnorm=0.981, clip=50, loss_scale=512, train_wall=20, gb_free=36.7, wall=36402
2023-05-16 08:40:41 - progress_bar.py[line:272] - INFO: epoch 004:   1721 / 4137 loss=0.164, loss_v1=0, loss_v2=0, nll_loss=0.164, ntokens=256, nsentences=128, sample_size=256, sample_size_v1=0, sample_size_v2=0, ppl=1.12, wps=128.3, ups=0.5, wpb=256, bsz=128, num_updates=14110, lr=1.69075e-05, gnorm=1.025, clip=40, loss_scale=512, train_wall=20, gb_free=36.6, wall=36421
2023-05-16 08:41:01 - progress_bar.py[line:272] - INFO: epoch 004:   1731 / 4137 loss=0.165, loss_v1=0, loss_v2=0, nll_loss=0.165, ntokens=256, nsentences=128, sample_size=256, sample_size_v1=0, sample_size_v2=0, ppl=1.12, wps=128.5, ups=0.5, wpb=256, bsz=128, num_updates=14120, lr=1.68818e-05, gnorm=1.096, clip=50, loss_scale=512, train_wall=20, gb_free=36.6, wall=36441
2023-05-16 08:41:21 - progress_bar.py[line:272] - INFO: epoch 004:   1741 / 4137 loss=0.152, loss_v1=0, loss_v2=0, nll_loss=0.152, ntokens=256, nsentences=128, sample_size=256, sample_size_v1=0, sample_size_v2=0, ppl=1.11, wps=128.6, ups=0.5, wpb=256, bsz=128, num_updates=14130, lr=1.68561e-05, gnorm=1.008, clip=50, loss_scale=512, train_wall=20, gb_free=36.7, wall=36461
2023-05-16 08:41:41 - progress_bar.py[line:272] - INFO: epoch 004:   1751 / 4137 loss=0.166, loss_v1=0, loss_v2=0, nll_loss=0.166, ntokens=256, nsentences=128, sample_size=256, sample_size_v1=0, sample_size_v2=0, ppl=1.12, wps=129, ups=0.5, wpb=256, bsz=128, num_updates=14140, lr=1.68304e-05, gnorm=1.02, clip=60, loss_scale=512, train_wall=20, gb_free=36.7, wall=36481
2023-05-16 08:42:01 - progress_bar.py[line:272] - INFO: epoch 004:   1761 / 4137 loss=0.173, loss_v1=0, loss_v2=0, nll_loss=0.173, ntokens=256, nsentences=128, sample_size=256, sample_size_v1=0, sample_size_v2=0, ppl=1.13, wps=128.5, ups=0.5, wpb=256, bsz=128, num_updates=14150, lr=1.68047e-05, gnorm=0.986, clip=40, loss_scale=512, train_wall=20, gb_free=36.7, wall=36501
2023-05-16 08:42:21 - progress_bar.py[line:272] - INFO: epoch 004:   1771 / 4137 loss=0.18, loss_v1=0, loss_v2=0, nll_loss=0.18, ntokens=256, nsentences=128, sample_size=256, sample_size_v1=0, sample_size_v2=0, ppl=1.13, wps=128.8, ups=0.5, wpb=256, bsz=128, num_updates=14160, lr=1.6779e-05, gnorm=0.984, clip=40, loss_scale=512, train_wall=20, gb_free=36.6, wall=36521
2023-05-16 08:42:41 - progress_bar.py[line:272] - INFO: epoch 004:   1781 / 4137 loss=0.184, loss_v1=0, loss_v2=0, nll_loss=0.184, ntokens=256, nsentences=128, sample_size=256, sample_size_v1=0, sample_size_v2=0, ppl=1.14, wps=128.4, ups=0.5, wpb=256, bsz=128, num_updates=14170, lr=1.67532e-05, gnorm=0.924, clip=30, loss_scale=512, train_wall=20, gb_free=36.4, wall=36541
2023-05-16 08:43:01 - progress_bar.py[line:272] - INFO: epoch 004:   1791 / 4137 loss=0.156, loss_v1=0, loss_v2=0, nll_loss=0.156, ntokens=256, nsentences=128, sample_size=256, sample_size_v1=0, sample_size_v2=0, ppl=1.11, wps=127, ups=0.5, wpb=256, bsz=128, num_updates=14180, lr=1.67275e-05, gnorm=0.878, clip=10, loss_scale=512, train_wall=20, gb_free=36.7, wall=36561
2023-05-16 08:43:21 - progress_bar.py[line:272] - INFO: epoch 004:   1801 / 4137 loss=0.155, loss_v1=0, loss_v2=0, nll_loss=0.155, ntokens=256, nsentences=128, sample_size=256, sample_size_v1=0, sample_size_v2=0, ppl=1.11, wps=126.7, ups=0.49, wpb=256, bsz=128, num_updates=14190, lr=1.67018e-05, gnorm=0.893, clip=20, loss_scale=512, train_wall=20, gb_free=36.5, wall=36581
2023-05-16 08:43:41 - progress_bar.py[line:272] - INFO: epoch 004:   1811 / 4137 loss=0.156, loss_v1=0, loss_v2=0, nll_loss=0.156, ntokens=256, nsentences=128, sample_size=256, sample_size_v1=0, sample_size_v2=0, ppl=1.11, wps=128.9, ups=0.5, wpb=256, bsz=128, num_updates=14200, lr=1.66761e-05, gnorm=0.965, clip=30, loss_scale=512, train_wall=20, gb_free=36.4, wall=36601
2023-05-16 08:44:01 - progress_bar.py[line:272] - INFO: epoch 004:   1821 / 4137 loss=0.169, loss_v1=0, loss_v2=0, nll_loss=0.169, ntokens=256, nsentences=128, sample_size=256, sample_size_v1=0, sample_size_v2=0, ppl=1.12, wps=129, ups=0.5, wpb=256, bsz=128, num_updates=14210, lr=1.66504e-05, gnorm=1.048, clip=70, loss_scale=512, train_wall=20, gb_free=36.7, wall=36621
2023-05-16 08:44:21 - progress_bar.py[line:272] - INFO: epoch 004:   1831 / 4137 loss=0.158, loss_v1=0, loss_v2=0, nll_loss=0.158, ntokens=256, nsentences=128, sample_size=256, sample_size_v1=0, sample_size_v2=0, ppl=1.12, wps=128.6, ups=0.5, wpb=256, bsz=128, num_updates=14220, lr=1.66247e-05, gnorm=1.058, clip=70, loss_scale=512, train_wall=20, gb_free=36.7, wall=36641
2023-05-16 08:44:41 - progress_bar.py[line:272] - INFO: epoch 004:   1841 / 4137 loss=0.165, loss_v1=0, loss_v2=0, nll_loss=0.165, ntokens=256, nsentences=128, sample_size=256, sample_size_v1=0, sample_size_v2=0, ppl=1.12, wps=128.9, ups=0.5, wpb=256, bsz=128, num_updates=14230, lr=1.6599e-05, gnorm=1.056, clip=50, loss_scale=512, train_wall=20, gb_free=36.5, wall=36661
2023-05-16 08:45:00 - progress_bar.py[line:272] - INFO: epoch 004:   1851 / 4137 loss=0.144, loss_v1=0, loss_v2=0, nll_loss=0.144, ntokens=256, nsentences=128, sample_size=256, sample_size_v1=0, sample_size_v2=0, ppl=1.1, wps=129.2, ups=0.5, wpb=256, bsz=128, num_updates=14240, lr=1.65732e-05, gnorm=0.951, clip=40, loss_scale=512, train_wall=20, gb_free=36.6, wall=36681
2023-05-16 08:45:20 - progress_bar.py[line:272] - INFO: epoch 004:   1861 / 4137 loss=0.165, loss_v1=0, loss_v2=0, nll_loss=0.165, ntokens=256, nsentences=128, sample_size=256, sample_size_v1=0, sample_size_v2=0, ppl=1.12, wps=129.7, ups=0.51, wpb=256, bsz=128, num_updates=14250, lr=1.65475e-05, gnorm=0.98, clip=40, loss_scale=512, train_wall=20, gb_free=36.7, wall=36700
2023-05-16 08:45:40 - progress_bar.py[line:272] - INFO: epoch 004:   1871 / 4137 loss=0.158, loss_v1=0, loss_v2=0, nll_loss=0.158, ntokens=256, nsentences=128, sample_size=256, sample_size_v1=0, sample_size_v2=0, ppl=1.12, wps=129.6, ups=0.51, wpb=256, bsz=128, num_updates=14260, lr=1.65218e-05, gnorm=0.996, clip=40, loss_scale=512, train_wall=20, gb_free=36.6, wall=36720
2023-05-16 08:46:00 - progress_bar.py[line:272] - INFO: epoch 004:   1881 / 4137 loss=0.169, loss_v1=0, loss_v2=0, nll_loss=0.169, ntokens=256, nsentences=128, sample_size=256, sample_size_v1=0, sample_size_v2=0, ppl=1.12, wps=128.2, ups=0.5, wpb=256, bsz=128, num_updates=14270, lr=1.64961e-05, gnorm=0.998, clip=60, loss_scale=512, train_wall=20, gb_free=36.6, wall=36740
2023-05-16 08:46:20 - progress_bar.py[line:272] - INFO: epoch 004:   1891 / 4137 loss=0.148, loss_v1=0, loss_v2=0, nll_loss=0.148, ntokens=256, nsentences=128, sample_size=256, sample_size_v1=0, sample_size_v2=0, ppl=1.11, wps=129.6, ups=0.51, wpb=256, bsz=128, num_updates=14280, lr=1.64704e-05, gnorm=0.929, clip=30, loss_scale=512, train_wall=20, gb_free=36.6, wall=36760
2023-05-16 08:46:39 - progress_bar.py[line:272] - INFO: epoch 004:   1901 / 4137 loss=0.16, loss_v1=0, loss_v2=0, nll_loss=0.16, ntokens=256, nsentences=128, sample_size=256, sample_size_v1=0, sample_size_v2=0, ppl=1.12, wps=128.8, ups=0.5, wpb=256, bsz=128, num_updates=14290, lr=1.64447e-05, gnorm=0.99, clip=50, loss_scale=512, train_wall=20, gb_free=36.7, wall=36780
2023-05-16 08:46:59 - progress_bar.py[line:272] - INFO: epoch 004:   1911 / 4137 loss=0.141, loss_v1=0, loss_v2=0, nll_loss=0.141, ntokens=256, nsentences=128, sample_size=256, sample_size_v1=0, sample_size_v2=0, ppl=1.1, wps=129.4, ups=0.51, wpb=256, bsz=128, num_updates=14300, lr=1.64189e-05, gnorm=1.018, clip=60, loss_scale=512, train_wall=20, gb_free=36.7, wall=36799
2023-05-16 08:47:19 - progress_bar.py[line:272] - INFO: epoch 004:   1921 / 4137 loss=0.16, loss_v1=0, loss_v2=0, nll_loss=0.16, ntokens=256, nsentences=128, sample_size=256, sample_size_v1=0, sample_size_v2=0, ppl=1.12, wps=129.7, ups=0.51, wpb=256, bsz=128, num_updates=14310, lr=1.63932e-05, gnorm=1.012, clip=50, loss_scale=512, train_wall=20, gb_free=36.6, wall=36819
2023-05-16 08:47:39 - progress_bar.py[line:272] - INFO: epoch 004:   1931 / 4137 loss=0.152, loss_v1=0, loss_v2=0, nll_loss=0.152, ntokens=256, nsentences=128, sample_size=256, sample_size_v1=0, sample_size_v2=0, ppl=1.11, wps=129.4, ups=0.51, wpb=256, bsz=128, num_updates=14320, lr=1.63675e-05, gnorm=0.953, clip=30, loss_scale=512, train_wall=20, gb_free=36.7, wall=36839
2023-05-16 08:47:59 - progress_bar.py[line:272] - INFO: epoch 004:   1941 / 4137 loss=0.133, loss_v1=0, loss_v2=0, nll_loss=0.133, ntokens=256, nsentences=128, sample_size=256, sample_size_v1=0, sample_size_v2=0, ppl=1.1, wps=128.2, ups=0.5, wpb=256, bsz=128, num_updates=14330, lr=1.63418e-05, gnorm=0.904, clip=20, loss_scale=512, train_wall=20, gb_free=36.6, wall=36859
2023-05-16 08:48:19 - progress_bar.py[line:272] - INFO: epoch 004:   1951 / 4137 loss=0.149, loss_v1=0, loss_v2=0, nll_loss=0.149, ntokens=256, nsentences=128, sample_size=256, sample_size_v1=0, sample_size_v2=0, ppl=1.11, wps=128.9, ups=0.5, wpb=256, bsz=128, num_updates=14340, lr=1.63161e-05, gnorm=0.982, clip=40, loss_scale=512, train_wall=20, gb_free=36.7, wall=36879
2023-05-16 08:48:38 - progress_bar.py[line:272] - INFO: epoch 004:   1961 / 4137 loss=0.176, loss_v1=0, loss_v2=0, nll_loss=0.176, ntokens=256, nsentences=128, sample_size=256, sample_size_v1=0, sample_size_v2=0, ppl=1.13, wps=129.5, ups=0.51, wpb=256, bsz=128, num_updates=14350, lr=1.62904e-05, gnorm=1.042, clip=70, loss_scale=512, train_wall=20, gb_free=36.7, wall=36899
2023-05-16 08:48:58 - progress_bar.py[line:272] - INFO: epoch 004:   1971 / 4137 loss=0.148, loss_v1=0, loss_v2=0, nll_loss=0.148, ntokens=256, nsentences=128, sample_size=256, sample_size_v1=0, sample_size_v2=0, ppl=1.11, wps=130.2, ups=0.51, wpb=256, bsz=128, num_updates=14360, lr=1.62647e-05, gnorm=1.001, clip=40, loss_scale=512, train_wall=20, gb_free=36.7, wall=36918
2023-05-16 08:49:18 - progress_bar.py[line:272] - INFO: epoch 004:   1981 / 4137 loss=0.138, loss_v1=0, loss_v2=0, nll_loss=0.138, ntokens=256, nsentences=128, sample_size=256, sample_size_v1=0, sample_size_v2=0, ppl=1.1, wps=128, ups=0.5, wpb=256, bsz=128, num_updates=14370, lr=1.62389e-05, gnorm=0.91, clip=20, loss_scale=512, train_wall=20, gb_free=36.5, wall=36938
2023-05-16 08:49:38 - progress_bar.py[line:272] - INFO: epoch 004:   1991 / 4137 loss=0.15, loss_v1=0, loss_v2=0, nll_loss=0.15, ntokens=256, nsentences=128, sample_size=256, sample_size_v1=0, sample_size_v2=0, ppl=1.11, wps=128.3, ups=0.5, wpb=256, bsz=128, num_updates=14380, lr=1.62132e-05, gnorm=0.905, clip=10, loss_scale=512, train_wall=20, gb_free=36.6, wall=36958
2023-05-16 08:49:58 - progress_bar.py[line:272] - INFO: epoch 004:   2001 / 4137 loss=0.148, loss_v1=0, loss_v2=0, nll_loss=0.148, ntokens=256, nsentences=128, sample_size=256, sample_size_v1=0, sample_size_v2=0, ppl=1.11, wps=128.9, ups=0.5, wpb=256, bsz=128, num_updates=14390, lr=1.61875e-05, gnorm=1.019, clip=50, loss_scale=512, train_wall=20, gb_free=36.7, wall=36978
2023-05-16 08:50:18 - progress_bar.py[line:272] - INFO: epoch 004:   2011 / 4137 loss=0.159, loss_v1=0, loss_v2=0, nll_loss=0.159, ntokens=256, nsentences=128, sample_size=256, sample_size_v1=0, sample_size_v2=0, ppl=1.12, wps=127.5, ups=0.5, wpb=256, bsz=128, num_updates=14400, lr=1.61618e-05, gnorm=1.017, clip=50, loss_scale=512, train_wall=20, gb_free=36.6, wall=36998
2023-05-16 08:50:38 - progress_bar.py[line:272] - INFO: epoch 004:   2021 / 4137 loss=0.145, loss_v1=0, loss_v2=0, nll_loss=0.145, ntokens=256, nsentences=128, sample_size=256, sample_size_v1=0, sample_size_v2=0, ppl=1.11, wps=128.1, ups=0.5, wpb=256, bsz=128, num_updates=14410, lr=1.61361e-05, gnorm=0.912, clip=40, loss_scale=512, train_wall=20, gb_free=36.6, wall=37018
2023-05-16 08:50:58 - progress_bar.py[line:272] - INFO: epoch 004:   2031 / 4137 loss=0.151, loss_v1=0, loss_v2=0, nll_loss=0.151, ntokens=256, nsentences=128, sample_size=256, sample_size_v1=0, sample_size_v2=0, ppl=1.11, wps=128.5, ups=0.5, wpb=256, bsz=128, num_updates=14420, lr=1.61104e-05, gnorm=0.917, clip=20, loss_scale=512, train_wall=20, gb_free=36.5, wall=37038
2023-05-16 08:51:18 - progress_bar.py[line:272] - INFO: epoch 004:   2041 / 4137 loss=0.149, loss_v1=0, loss_v2=0, nll_loss=0.149, ntokens=256, nsentences=128, sample_size=256, sample_size_v1=0, sample_size_v2=0, ppl=1.11, wps=129.1, ups=0.5, wpb=256, bsz=128, num_updates=14430, lr=1.60847e-05, gnorm=0.992, clip=40, loss_scale=512, train_wall=20, gb_free=36.6, wall=37058
2023-05-16 08:51:38 - progress_bar.py[line:272] - INFO: epoch 004:   2051 / 4137 loss=0.148, loss_v1=0, loss_v2=0, nll_loss=0.148, ntokens=256, nsentences=128, sample_size=256, sample_size_v1=0, sample_size_v2=0, ppl=1.11, wps=128.3, ups=0.5, wpb=256, bsz=128, num_updates=14440, lr=1.60589e-05, gnorm=0.961, clip=20, loss_scale=512, train_wall=20, gb_free=36.6, wall=37078
2023-05-16 08:51:58 - progress_bar.py[line:272] - INFO: epoch 004:   2061 / 4137 loss=0.153, loss_v1=0, loss_v2=0, nll_loss=0.153, ntokens=256, nsentences=128, sample_size=256, sample_size_v1=0, sample_size_v2=0, ppl=1.11, wps=128.3, ups=0.5, wpb=256, bsz=128, num_updates=14450, lr=1.60332e-05, gnorm=1.023, clip=50, loss_scale=512, train_wall=20, gb_free=36.6, wall=37098
2023-05-16 08:52:17 - progress_bar.py[line:272] - INFO: epoch 004:   2071 / 4137 loss=0.168, loss_v1=0, loss_v2=0, nll_loss=0.168, ntokens=256, nsentences=128, sample_size=256, sample_size_v1=0, sample_size_v2=0, ppl=1.12, wps=128.7, ups=0.5, wpb=256, bsz=128, num_updates=14460, lr=1.60075e-05, gnorm=1.014, clip=50, loss_scale=512, train_wall=20, gb_free=36.6, wall=37118
2023-05-16 08:52:37 - progress_bar.py[line:272] - INFO: epoch 004:   2081 / 4137 loss=0.156, loss_v1=0, loss_v2=0, nll_loss=0.156, ntokens=256, nsentences=128, sample_size=256, sample_size_v1=0, sample_size_v2=0, ppl=1.11, wps=128.7, ups=0.5, wpb=256, bsz=128, num_updates=14470, lr=1.59818e-05, gnorm=0.991, clip=50, loss_scale=512, train_wall=20, gb_free=36.6, wall=37138
2023-05-16 08:52:57 - progress_bar.py[line:272] - INFO: epoch 004:   2091 / 4137 loss=0.156, loss_v1=0, loss_v2=0, nll_loss=0.156, ntokens=256, nsentences=128, sample_size=256, sample_size_v1=0, sample_size_v2=0, ppl=1.11, wps=129.2, ups=0.5, wpb=256, bsz=128, num_updates=14480, lr=1.59561e-05, gnorm=0.901, clip=10, loss_scale=512, train_wall=20, gb_free=36.7, wall=37157
2023-05-16 08:53:17 - progress_bar.py[line:272] - INFO: epoch 004:   2101 / 4137 loss=0.141, loss_v1=0, loss_v2=0, nll_loss=0.141, ntokens=256, nsentences=128, sample_size=256, sample_size_v1=0, sample_size_v2=0, ppl=1.1, wps=129, ups=0.5, wpb=256, bsz=128, num_updates=14490, lr=1.59304e-05, gnorm=0.839, clip=20, loss_scale=1024, train_wall=20, gb_free=36.7, wall=37177
2023-05-16 08:53:37 - progress_bar.py[line:272] - INFO: epoch 004:   2111 / 4137 loss=0.142, loss_v1=0, loss_v2=0, nll_loss=0.142, ntokens=256, nsentences=128, sample_size=256, sample_size_v1=0, sample_size_v2=0, ppl=1.1, wps=128.8, ups=0.5, wpb=256, bsz=128, num_updates=14500, lr=1.59046e-05, gnorm=0.919, clip=30, loss_scale=1024, train_wall=20, gb_free=36.6, wall=37197
slice_id 1 seek offset 4465
slice_id 3 seek offset 13394
2023-05-16 08:53:37 - train.py[line:445] - INFO: begin validation on "valid" subset
slice_id 0 seek offset 0
slice_id 2 seek offset 8930
slice_id 0 seek offset 0
slice_id 3 seek offset 13394
slice_id 1 seek offset 4465
slice_id 2 seek offset 8930
2023-05-16 08:57:02 - progress_bar.py[line:282] - INFO: epoch 004 | valid on 'valid' subset | loss 0.212 | loss_v1 0 | loss_v2 0 | nll_loss 0.212 | ntokens 31.975 | nsentences 15.987 | sample_size 31.975 | sample_size_v1 0 | sample_size_v2 0 | ppl 1.16 | snli_score 0.8495 | wps 174.4 | wpb 32 | bsz 16 | num_updates 14500 | best_snli_score 0.8495
2023-05-16 08:57:02 - checkpoint_utils.py[line:64] - INFO: Preparing to save checkpoint for epoch 4 @ 14500 updates
2023-05-16 08:57:02 - trainer.py[line:431] - INFO: Saving checkpoint to ./EC_full_checkpoints/5_5e-5/checkpoint_4_14500.pt
2023-05-16 08:57:05 - trainer.py[line:441] - INFO: Finished saving checkpoint to ./EC_full_checkpoints/5_5e-5/checkpoint_4_14500.pt
2023-05-16 08:57:11 - checkpoint_utils.py[line:133] - INFO: Saved checkpoint ./EC_full_checkpoints/5_5e-5/checkpoint_4_14500.pt (epoch 4 @ 14500 updates, score 0.8495) (writing took 9.714440506882966 seconds)
2023-05-16 08:57:32 - progress_bar.py[line:272] - INFO: epoch 004:   2121 / 4137 loss=0.148, loss_v1=0, loss_v2=0, nll_loss=0.148, ntokens=256, nsentences=128, sample_size=256, sample_size_v1=0, sample_size_v2=0, ppl=1.11, wps=10.9, ups=0.04, wpb=256, bsz=128, num_updates=14510, lr=1.58789e-05, gnorm=0.912, clip=20, loss_scale=1024, train_wall=21, gb_free=36.6, wall=37432
2023-05-16 08:57:53 - progress_bar.py[line:272] - INFO: epoch 004:   2131 / 4137 loss=0.174, loss_v1=0, loss_v2=0, nll_loss=0.174, ntokens=256, nsentences=128, sample_size=256, sample_size_v1=0, sample_size_v2=0, ppl=1.13, wps=124.6, ups=0.49, wpb=256, bsz=128, num_updates=14520, lr=1.58532e-05, gnorm=1.021, clip=70, loss_scale=1024, train_wall=21, gb_free=36.6, wall=37453
2023-05-16 08:58:13 - progress_bar.py[line:272] - INFO: epoch 004:   2141 / 4137 loss=0.171, loss_v1=0, loss_v2=0, nll_loss=0.171, ntokens=256, nsentences=128, sample_size=256, sample_size_v1=0, sample_size_v2=0, ppl=1.13, wps=125.8, ups=0.49, wpb=256, bsz=128, num_updates=14530, lr=1.58275e-05, gnorm=0.99, clip=40, loss_scale=1024, train_wall=20, gb_free=36.5, wall=37473
2023-05-16 08:58:34 - progress_bar.py[line:272] - INFO: epoch 004:   2151 / 4137 loss=0.14, loss_v1=0, loss_v2=0, nll_loss=0.14, ntokens=256, nsentences=128, sample_size=256, sample_size_v1=0, sample_size_v2=0, ppl=1.1, wps=124.8, ups=0.49, wpb=256, bsz=128, num_updates=14540, lr=1.58018e-05, gnorm=0.918, clip=20, loss_scale=1024, train_wall=20, gb_free=36.6, wall=37494
2023-05-16 08:58:54 - progress_bar.py[line:272] - INFO: epoch 004:   2161 / 4137 loss=0.154, loss_v1=0, loss_v2=0, nll_loss=0.154, ntokens=256, nsentences=128, sample_size=256, sample_size_v1=0, sample_size_v2=0, ppl=1.11, wps=124.7, ups=0.49, wpb=256, bsz=128, num_updates=14550, lr=1.57761e-05, gnorm=0.997, clip=50, loss_scale=1024, train_wall=20, gb_free=36.5, wall=37514
2023-05-16 08:59:15 - progress_bar.py[line:272] - INFO: epoch 004:   2171 / 4137 loss=0.154, loss_v1=0, loss_v2=0, nll_loss=0.154, ntokens=256, nsentences=128, sample_size=256, sample_size_v1=0, sample_size_v2=0, ppl=1.11, wps=124.8, ups=0.49, wpb=256, bsz=128, num_updates=14560, lr=1.57504e-05, gnorm=1.092, clip=70, loss_scale=1024, train_wall=20, gb_free=36.6, wall=37535
2023-05-16 08:59:35 - progress_bar.py[line:272] - INFO: epoch 004:   2181 / 4137 loss=0.162, loss_v1=0, loss_v2=0, nll_loss=0.162, ntokens=256, nsentences=128, sample_size=256, sample_size_v1=0, sample_size_v2=0, ppl=1.12, wps=124.9, ups=0.49, wpb=256, bsz=128, num_updates=14570, lr=1.57246e-05, gnorm=1.005, clip=50, loss_scale=1024, train_wall=20, gb_free=36.3, wall=37555
2023-05-16 08:59:56 - progress_bar.py[line:272] - INFO: epoch 004:   2191 / 4137 loss=0.154, loss_v1=0, loss_v2=0, nll_loss=0.154, ntokens=256, nsentences=128, sample_size=256, sample_size_v1=0, sample_size_v2=0, ppl=1.11, wps=123.5, ups=0.48, wpb=256, bsz=128, num_updates=14580, lr=1.56989e-05, gnorm=1.016, clip=50, loss_scale=1024, train_wall=21, gb_free=36.7, wall=37576
2023-05-16 09:00:17 - progress_bar.py[line:272] - INFO: epoch 004:   2201 / 4137 loss=0.173, loss_v1=0, loss_v2=0, nll_loss=0.173, ntokens=256, nsentences=128, sample_size=256, sample_size_v1=0, sample_size_v2=0, ppl=1.13, wps=124.1, ups=0.48, wpb=256, bsz=128, num_updates=14590, lr=1.56732e-05, gnorm=1.027, clip=60, loss_scale=1024, train_wall=21, gb_free=36.7, wall=37597
2023-05-16 09:00:37 - progress_bar.py[line:272] - INFO: epoch 004:   2211 / 4137 loss=0.157, loss_v1=0, loss_v2=0, nll_loss=0.157, ntokens=256, nsentences=128, sample_size=256, sample_size_v1=0, sample_size_v2=0, ppl=1.11, wps=124.8, ups=0.49, wpb=256, bsz=128, num_updates=14600, lr=1.56475e-05, gnorm=0.885, clip=40, loss_scale=1024, train_wall=20, gb_free=36.4, wall=37617
2023-05-16 09:00:58 - progress_bar.py[line:272] - INFO: epoch 004:   2221 / 4137 loss=0.152, loss_v1=0, loss_v2=0, nll_loss=0.152, ntokens=256, nsentences=128, sample_size=256, sample_size_v1=0, sample_size_v2=0, ppl=1.11, wps=124.3, ups=0.49, wpb=256, bsz=128, num_updates=14610, lr=1.56218e-05, gnorm=0.92, clip=30, loss_scale=1024, train_wall=21, gb_free=36.6, wall=37638
2023-05-16 09:01:18 - progress_bar.py[line:272] - INFO: epoch 004:   2231 / 4137 loss=0.159, loss_v1=0, loss_v2=0, nll_loss=0.159, ntokens=256, nsentences=128, sample_size=256, sample_size_v1=0, sample_size_v2=0, ppl=1.12, wps=124.1, ups=0.48, wpb=256, bsz=128, num_updates=14620, lr=1.55961e-05, gnorm=1.062, clip=60, loss_scale=1024, train_wall=21, gb_free=36.6, wall=37658
2023-05-16 09:01:39 - progress_bar.py[line:272] - INFO: epoch 004:   2241 / 4137 loss=0.136, loss_v1=0, loss_v2=0, nll_loss=0.136, ntokens=256, nsentences=128, sample_size=256, sample_size_v1=0, sample_size_v2=0, ppl=1.1, wps=124.1, ups=0.48, wpb=256, bsz=128, num_updates=14630, lr=1.55704e-05, gnorm=0.922, clip=20, loss_scale=1024, train_wall=21, gb_free=36.6, wall=37679
2023-05-16 09:02:00 - progress_bar.py[line:272] - INFO: epoch 004:   2251 / 4137 loss=0.157, loss_v1=0, loss_v2=0, nll_loss=0.157, ntokens=256, nsentences=128, sample_size=256, sample_size_v1=0, sample_size_v2=0, ppl=1.12, wps=124, ups=0.48, wpb=256, bsz=128, num_updates=14640, lr=1.55446e-05, gnorm=1.079, clip=60, loss_scale=1024, train_wall=21, gb_free=36.6, wall=37700
2023-05-16 09:02:20 - progress_bar.py[line:272] - INFO: epoch 004:   2261 / 4137 loss=0.138, loss_v1=0, loss_v2=0, nll_loss=0.138, ntokens=256, nsentences=128, sample_size=256, sample_size_v1=0, sample_size_v2=0, ppl=1.1, wps=124.6, ups=0.49, wpb=256, bsz=128, num_updates=14650, lr=1.55189e-05, gnorm=0.985, clip=40, loss_scale=1024, train_wall=21, gb_free=36.6, wall=37720
2023-05-16 09:02:41 - progress_bar.py[line:272] - INFO: epoch 004:   2271 / 4137 loss=0.164, loss_v1=0, loss_v2=0, nll_loss=0.164, ntokens=256, nsentences=128, sample_size=256, sample_size_v1=0, sample_size_v2=0, ppl=1.12, wps=124, ups=0.48, wpb=256, bsz=128, num_updates=14660, lr=1.54932e-05, gnorm=1.091, clip=70, loss_scale=1024, train_wall=21, gb_free=36.6, wall=37741
2023-05-16 09:03:01 - progress_bar.py[line:272] - INFO: epoch 004:   2281 / 4137 loss=0.161, loss_v1=0, loss_v2=0, nll_loss=0.161, ntokens=256, nsentences=128, sample_size=256, sample_size_v1=0, sample_size_v2=0, ppl=1.12, wps=123.3, ups=0.48, wpb=256, bsz=128, num_updates=14670, lr=1.54675e-05, gnorm=1.151, clip=90, loss_scale=1024, train_wall=21, gb_free=36.7, wall=37762
2023-05-16 09:03:22 - progress_bar.py[line:272] - INFO: epoch 004:   2291 / 4137 loss=0.178, loss_v1=0, loss_v2=0, nll_loss=0.178, ntokens=256, nsentences=128, sample_size=256, sample_size_v1=0, sample_size_v2=0, ppl=1.13, wps=125.2, ups=0.49, wpb=256, bsz=128, num_updates=14680, lr=1.54418e-05, gnorm=1.002, clip=50, loss_scale=1024, train_wall=20, gb_free=36.6, wall=37782
2023-05-16 09:03:42 - progress_bar.py[line:272] - INFO: epoch 004:   2301 / 4137 loss=0.144, loss_v1=0, loss_v2=0, nll_loss=0.144, ntokens=256, nsentences=128, sample_size=256, sample_size_v1=0, sample_size_v2=0, ppl=1.11, wps=125.2, ups=0.49, wpb=256, bsz=128, num_updates=14690, lr=1.54161e-05, gnorm=0.85, clip=10, loss_scale=1024, train_wall=20, gb_free=36.6, wall=37803
2023-05-16 09:04:03 - progress_bar.py[line:272] - INFO: epoch 004:   2311 / 4137 loss=0.166, loss_v1=0, loss_v2=0, nll_loss=0.166, ntokens=256, nsentences=128, sample_size=256, sample_size_v1=0, sample_size_v2=0, ppl=1.12, wps=124.6, ups=0.49, wpb=256, bsz=128, num_updates=14700, lr=1.53904e-05, gnorm=1.018, clip=70, loss_scale=1024, train_wall=21, gb_free=36.6, wall=37823
2023-05-16 09:04:23 - progress_bar.py[line:272] - INFO: epoch 004:   2321 / 4137 loss=0.168, loss_v1=0, loss_v2=0, nll_loss=0.168, ntokens=256, nsentences=128, sample_size=256, sample_size_v1=0, sample_size_v2=0, ppl=1.12, wps=125.3, ups=0.49, wpb=256, bsz=128, num_updates=14710, lr=1.53646e-05, gnorm=0.947, clip=40, loss_scale=1024, train_wall=20, gb_free=36.7, wall=37844
2023-05-16 09:04:43 - progress_bar.py[line:272] - INFO: epoch 004:   2331 / 4137 loss=0.166, loss_v1=0, loss_v2=0, nll_loss=0.166, ntokens=256, nsentences=128, sample_size=256, sample_size_v1=0, sample_size_v2=0, ppl=1.12, wps=130.1, ups=0.51, wpb=256, bsz=128, num_updates=14720, lr=1.53389e-05, gnorm=0.916, clip=40, loss_scale=1024, train_wall=20, gb_free=36.4, wall=37863
2023-05-16 09:05:03 - progress_bar.py[line:272] - INFO: epoch 004:   2341 / 4137 loss=0.145, loss_v1=0, loss_v2=0, nll_loss=0.145, ntokens=256, nsentences=128, sample_size=256, sample_size_v1=0, sample_size_v2=0, ppl=1.11, wps=130.8, ups=0.51, wpb=256, bsz=128, num_updates=14730, lr=1.53132e-05, gnorm=0.936, clip=30, loss_scale=1024, train_wall=20, gb_free=36.5, wall=37883
2023-05-16 09:05:23 - progress_bar.py[line:272] - INFO: epoch 004:   2351 / 4137 loss=0.167, loss_v1=0, loss_v2=0, nll_loss=0.167, ntokens=256, nsentences=128, sample_size=256, sample_size_v1=0, sample_size_v2=0, ppl=1.12, wps=127.4, ups=0.5, wpb=256, bsz=128, num_updates=14740, lr=1.52875e-05, gnorm=0.949, clip=40, loss_scale=1024, train_wall=20, gb_free=36.1, wall=37903
2023-05-16 09:05:43 - progress_bar.py[line:272] - INFO: epoch 004:   2361 / 4137 loss=0.163, loss_v1=0, loss_v2=0, nll_loss=0.163, ntokens=256, nsentences=128, sample_size=256, sample_size_v1=0, sample_size_v2=0, ppl=1.12, wps=127.4, ups=0.5, wpb=256, bsz=128, num_updates=14750, lr=1.52618e-05, gnorm=0.893, clip=30, loss_scale=1024, train_wall=20, gb_free=36.6, wall=37923
2023-05-16 09:06:03 - progress_bar.py[line:272] - INFO: epoch 004:   2371 / 4137 loss=0.135, loss_v1=0, loss_v2=0, nll_loss=0.135, ntokens=256, nsentences=128, sample_size=256, sample_size_v1=0, sample_size_v2=0, ppl=1.1, wps=128.4, ups=0.5, wpb=256, bsz=128, num_updates=14760, lr=1.52361e-05, gnorm=0.867, clip=20, loss_scale=1024, train_wall=20, gb_free=36.5, wall=37943
2023-05-16 09:06:23 - progress_bar.py[line:272] - INFO: epoch 004:   2381 / 4137 loss=0.143, loss_v1=0, loss_v2=0, nll_loss=0.143, ntokens=256, nsentences=128, sample_size=256, sample_size_v1=0, sample_size_v2=0, ppl=1.1, wps=128.6, ups=0.5, wpb=256, bsz=128, num_updates=14770, lr=1.52103e-05, gnorm=0.824, clip=0, loss_scale=1024, train_wall=20, gb_free=36.6, wall=37963
2023-05-16 09:06:43 - progress_bar.py[line:272] - INFO: epoch 004:   2391 / 4137 loss=0.162, loss_v1=0, loss_v2=0, nll_loss=0.162, ntokens=256, nsentences=128, sample_size=256, sample_size_v1=0, sample_size_v2=0, ppl=1.12, wps=127.9, ups=0.5, wpb=256, bsz=128, num_updates=14780, lr=1.51846e-05, gnorm=1.053, clip=40, loss_scale=1024, train_wall=20, gb_free=36.6, wall=37983
2023-05-16 09:07:03 - progress_bar.py[line:272] - INFO: epoch 004:   2401 / 4137 loss=0.151, loss_v1=0, loss_v2=0, nll_loss=0.151, ntokens=256, nsentences=128, sample_size=256, sample_size_v1=0, sample_size_v2=0, ppl=1.11, wps=127, ups=0.5, wpb=256, bsz=128, num_updates=14790, lr=1.51589e-05, gnorm=0.984, clip=70, loss_scale=1024, train_wall=20, gb_free=36.6, wall=38003
2023-05-16 09:07:23 - progress_bar.py[line:272] - INFO: epoch 004:   2411 / 4137 loss=0.176, loss_v1=0, loss_v2=0, nll_loss=0.176, ntokens=256, nsentences=128, sample_size=256, sample_size_v1=0, sample_size_v2=0, ppl=1.13, wps=128.2, ups=0.5, wpb=256, bsz=128, num_updates=14800, lr=1.51332e-05, gnorm=1.04, clip=70, loss_scale=1024, train_wall=20, gb_free=36.6, wall=38023
2023-05-16 09:07:43 - progress_bar.py[line:272] - INFO: epoch 004:   2421 / 4137 loss=0.154, loss_v1=0, loss_v2=0, nll_loss=0.154, ntokens=256, nsentences=128, sample_size=256, sample_size_v1=0, sample_size_v2=0, ppl=1.11, wps=128.2, ups=0.5, wpb=256, bsz=128, num_updates=14810, lr=1.51075e-05, gnorm=0.951, clip=30, loss_scale=1024, train_wall=20, gb_free=36.6, wall=38043
2023-05-16 09:08:03 - progress_bar.py[line:272] - INFO: epoch 004:   2431 / 4137 loss=0.14, loss_v1=0, loss_v2=0, nll_loss=0.14, ntokens=256, nsentences=128, sample_size=256, sample_size_v1=0, sample_size_v2=0, ppl=1.1, wps=128.7, ups=0.5, wpb=256, bsz=128, num_updates=14820, lr=1.50818e-05, gnorm=0.883, clip=20, loss_scale=1024, train_wall=20, gb_free=36.5, wall=38063
2023-05-16 09:08:23 - progress_bar.py[line:272] - INFO: epoch 004:   2441 / 4137 loss=0.158, loss_v1=0, loss_v2=0, nll_loss=0.158, ntokens=256, nsentences=128, sample_size=256, sample_size_v1=0, sample_size_v2=0, ppl=1.12, wps=127.4, ups=0.5, wpb=256, bsz=128, num_updates=14830, lr=1.50561e-05, gnorm=0.993, clip=50, loss_scale=1024, train_wall=20, gb_free=36.7, wall=38083
2023-05-16 09:08:43 - progress_bar.py[line:272] - INFO: epoch 004:   2451 / 4137 loss=0.155, loss_v1=0, loss_v2=0, nll_loss=0.155, ntokens=256, nsentences=128, sample_size=256, sample_size_v1=0, sample_size_v2=0, ppl=1.11, wps=128.2, ups=0.5, wpb=256, bsz=128, num_updates=14840, lr=1.50303e-05, gnorm=0.971, clip=50, loss_scale=1024, train_wall=20, gb_free=36.6, wall=38103
2023-05-16 09:09:03 - progress_bar.py[line:272] - INFO: epoch 004:   2461 / 4137 loss=0.171, loss_v1=0, loss_v2=0, nll_loss=0.171, ntokens=256, nsentences=128, sample_size=256, sample_size_v1=0, sample_size_v2=0, ppl=1.13, wps=128.2, ups=0.5, wpb=256, bsz=128, num_updates=14850, lr=1.50046e-05, gnorm=0.991, clip=40, loss_scale=1024, train_wall=20, gb_free=36.6, wall=38123
2023-05-16 09:09:23 - progress_bar.py[line:272] - INFO: epoch 004:   2471 / 4137 loss=0.151, loss_v1=0, loss_v2=0, nll_loss=0.151, ntokens=256, nsentences=128, sample_size=256, sample_size_v1=0, sample_size_v2=0, ppl=1.11, wps=128.4, ups=0.5, wpb=256, bsz=128, num_updates=14860, lr=1.49789e-05, gnorm=0.953, clip=30, loss_scale=1024, train_wall=20, gb_free=36.4, wall=38143
2023-05-16 09:09:43 - progress_bar.py[line:272] - INFO: epoch 004:   2481 / 4137 loss=0.14, loss_v1=0, loss_v2=0, nll_loss=0.14, ntokens=256, nsentences=128, sample_size=256, sample_size_v1=0, sample_size_v2=0, ppl=1.1, wps=127.8, ups=0.5, wpb=256, bsz=128, num_updates=14870, lr=1.49532e-05, gnorm=0.888, clip=20, loss_scale=1024, train_wall=20, gb_free=36.7, wall=38163
2023-05-16 09:10:02 - progress_bar.py[line:272] - INFO: epoch 004:   2491 / 4137 loss=0.164, loss_v1=0, loss_v2=0, nll_loss=0.164, ntokens=254.2, nsentences=127.1, sample_size=254.2, sample_size_v1=0, sample_size_v2=0, ppl=1.12, wps=129.1, ups=0.51, wpb=254.2, bsz=127.1, num_updates=14880, lr=1.49275e-05, gnorm=0.979, clip=40, loss_scale=1024, train_wall=20, gb_free=36.6, wall=38183
2023-05-16 09:10:22 - progress_bar.py[line:272] - INFO: epoch 004:   2501 / 4137 loss=0.164, loss_v1=0, loss_v2=0, nll_loss=0.164, ntokens=256, nsentences=128, sample_size=256, sample_size_v1=0, sample_size_v2=0, ppl=1.12, wps=128.8, ups=0.5, wpb=256, bsz=128, num_updates=14890, lr=1.49018e-05, gnorm=1.017, clip=50, loss_scale=1024, train_wall=20, gb_free=36.6, wall=38202
2023-05-16 09:10:42 - progress_bar.py[line:272] - INFO: epoch 004:   2511 / 4137 loss=0.153, loss_v1=0, loss_v2=0, nll_loss=0.153, ntokens=256, nsentences=128, sample_size=256, sample_size_v1=0, sample_size_v2=0, ppl=1.11, wps=129.7, ups=0.51, wpb=256, bsz=128, num_updates=14900, lr=1.48761e-05, gnorm=0.983, clip=40, loss_scale=1024, train_wall=20, gb_free=36.7, wall=38222
2023-05-16 09:11:02 - progress_bar.py[line:272] - INFO: epoch 004:   2521 / 4137 loss=0.133, loss_v1=0, loss_v2=0, nll_loss=0.133, ntokens=256, nsentences=128, sample_size=256, sample_size_v1=0, sample_size_v2=0, ppl=1.1, wps=125.7, ups=0.49, wpb=256, bsz=128, num_updates=14910, lr=1.48503e-05, gnorm=0.95, clip=30, loss_scale=1024, train_wall=20, gb_free=36.5, wall=38243
2023-05-16 09:11:22 - progress_bar.py[line:272] - INFO: epoch 004:   2531 / 4137 loss=0.154, loss_v1=0, loss_v2=0, nll_loss=0.154, ntokens=256, nsentences=128, sample_size=256, sample_size_v1=0, sample_size_v2=0, ppl=1.11, wps=127.2, ups=0.5, wpb=256, bsz=128, num_updates=14920, lr=1.48246e-05, gnorm=0.952, clip=40, loss_scale=1024, train_wall=20, gb_free=36.6, wall=38263
2023-05-16 09:11:43 - progress_bar.py[line:272] - INFO: epoch 004:   2541 / 4137 loss=0.172, loss_v1=0, loss_v2=0, nll_loss=0.172, ntokens=256, nsentences=128, sample_size=256, sample_size_v1=0, sample_size_v2=0, ppl=1.13, wps=126.2, ups=0.49, wpb=256, bsz=128, num_updates=14930, lr=1.47989e-05, gnorm=1.038, clip=60, loss_scale=1024, train_wall=20, gb_free=36.6, wall=38283
2023-05-16 09:12:03 - progress_bar.py[line:272] - INFO: epoch 004:   2551 / 4137 loss=0.161, loss_v1=0, loss_v2=0, nll_loss=0.161, ntokens=256, nsentences=128, sample_size=256, sample_size_v1=0, sample_size_v2=0, ppl=1.12, wps=126.3, ups=0.49, wpb=256, bsz=128, num_updates=14940, lr=1.47732e-05, gnorm=1.019, clip=40, loss_scale=1024, train_wall=20, gb_free=36.5, wall=38303
2023-05-16 09:12:23 - progress_bar.py[line:272] - INFO: epoch 004:   2561 / 4137 loss=0.16, loss_v1=0, loss_v2=0, nll_loss=0.16, ntokens=256, nsentences=128, sample_size=256, sample_size_v1=0, sample_size_v2=0, ppl=1.12, wps=126.2, ups=0.49, wpb=256, bsz=128, num_updates=14950, lr=1.47475e-05, gnorm=0.988, clip=40, loss_scale=1024, train_wall=20, gb_free=36.5, wall=38323
2023-05-16 09:12:44 - progress_bar.py[line:272] - INFO: epoch 004:   2571 / 4137 loss=0.144, loss_v1=0, loss_v2=0, nll_loss=0.144, ntokens=256, nsentences=128, sample_size=256, sample_size_v1=0, sample_size_v2=0, ppl=1.1, wps=125.6, ups=0.49, wpb=256, bsz=128, num_updates=14960, lr=1.47218e-05, gnorm=0.995, clip=50, loss_scale=1024, train_wall=20, gb_free=36.6, wall=38344
2023-05-16 09:13:04 - progress_bar.py[line:272] - INFO: epoch 004:   2581 / 4137 loss=0.15, loss_v1=0, loss_v2=0, nll_loss=0.15, ntokens=256, nsentences=128, sample_size=256, sample_size_v1=0, sample_size_v2=0, ppl=1.11, wps=124.2, ups=0.49, wpb=256, bsz=128, num_updates=14970, lr=1.46961e-05, gnorm=0.956, clip=40, loss_scale=1024, train_wall=21, gb_free=36.6, wall=38364
2023-05-16 09:13:25 - progress_bar.py[line:272] - INFO: epoch 004:   2591 / 4137 loss=0.148, loss_v1=0, loss_v2=0, nll_loss=0.148, ntokens=256, nsentences=128, sample_size=256, sample_size_v1=0, sample_size_v2=0, ppl=1.11, wps=124.8, ups=0.49, wpb=256, bsz=128, num_updates=14980, lr=1.46703e-05, gnorm=1.047, clip=60, loss_scale=1024, train_wall=20, gb_free=36.5, wall=38385
2023-05-16 09:13:45 - progress_bar.py[line:272] - INFO: epoch 004:   2601 / 4137 loss=0.141, loss_v1=0, loss_v2=0, nll_loss=0.141, ntokens=256, nsentences=128, sample_size=256, sample_size_v1=0, sample_size_v2=0, ppl=1.1, wps=124.2, ups=0.49, wpb=256, bsz=128, num_updates=14990, lr=1.46446e-05, gnorm=0.946, clip=30, loss_scale=1024, train_wall=21, gb_free=36.6, wall=38406
slice_id 3 seek offset 13394slice_id 1 seek offset 4465
slice_id 2 seek offset 8930

2023-05-16 09:14:06 - progress_bar.py[line:272] - INFO: epoch 004:   2611 / 4137 loss=0.135, loss_v1=0, loss_v2=0, nll_loss=0.135, ntokens=256, nsentences=128, sample_size=256, sample_size_v1=0, sample_size_v2=0, ppl=1.1, wps=125.2, ups=0.49, wpb=256, bsz=128, num_updates=15000, lr=1.46189e-05, gnorm=1.006, clip=40, loss_scale=2048, train_wall=20, gb_free=36.6, wall=38426
2023-05-16 09:14:06 - train.py[line:445] - INFO: begin validation on "valid" subset
slice_id 0 seek offset 0
slice_id 3 seek offset 13394
slice_id 1 seek offset 4465
slice_id 2 seek offset 8930
slice_id 0 seek offset 0
2023-05-16 09:17:40 - progress_bar.py[line:282] - INFO: epoch 004 | valid on 'valid' subset | loss 0.218 | loss_v1 0 | loss_v2 0 | nll_loss 0.218 | ntokens 31.975 | nsentences 15.987 | sample_size 31.975 | sample_size_v1 0 | sample_size_v2 0 | ppl 1.16 | snli_score 0.849 | wps 167.2 | wpb 32 | bsz 16 | num_updates 15000 | best_snli_score 0.8495
2023-05-16 09:17:40 - checkpoint_utils.py[line:64] - INFO: Preparing to save checkpoint for epoch 4 @ 15000 updates
2023-05-16 09:17:40 - trainer.py[line:431] - INFO: Saving checkpoint to ./EC_full_checkpoints/5_5e-5/checkpoint_4_15000.pt
2023-05-16 09:17:43 - trainer.py[line:441] - INFO: Finished saving checkpoint to ./EC_full_checkpoints/5_5e-5/checkpoint_4_15000.pt
2023-05-16 09:17:45 - checkpoint_utils.py[line:133] - INFO: Saved checkpoint ./EC_full_checkpoints/5_5e-5/checkpoint_4_15000.pt (epoch 4 @ 15000 updates, score 0.849) (writing took 5.817888575838879 seconds)
2023-05-16 09:17:49 - trainer.py[line:921] - INFO: NOTE: gradient overflow detected, ignoring gradient, setting loss scale to: 1024.0
2023-05-16 09:18:08 - progress_bar.py[line:272] - INFO: epoch 004:   2622 / 4137 loss=0.144, loss_v1=0, loss_v2=0, nll_loss=0.144, ntokens=256, nsentences=128, sample_size=256, sample_size_v1=0, sample_size_v2=0, ppl=1.1, wps=10.6, ups=0.04, wpb=256, bsz=128, num_updates=15010, lr=1.45932e-05, gnorm=1.035, clip=60, loss_scale=1024, train_wall=22, gb_free=36.6, wall=38668
2023-05-16 09:18:28 - progress_bar.py[line:272] - INFO: epoch 004:   2632 / 4137 loss=0.155, loss_v1=0, loss_v2=0, nll_loss=0.155, ntokens=256, nsentences=128, sample_size=256, sample_size_v1=0, sample_size_v2=0, ppl=1.11, wps=125.5, ups=0.49, wpb=256, bsz=128, num_updates=15020, lr=1.45675e-05, gnorm=1.039, clip=70, loss_scale=1024, train_wall=20, gb_free=36.5, wall=38689
2023-05-16 09:18:49 - progress_bar.py[line:272] - INFO: epoch 004:   2642 / 4137 loss=0.151, loss_v1=0, loss_v2=0, nll_loss=0.151, ntokens=256, nsentences=128, sample_size=256, sample_size_v1=0, sample_size_v2=0, ppl=1.11, wps=123.2, ups=0.48, wpb=256, bsz=128, num_updates=15030, lr=1.45418e-05, gnorm=1.02, clip=60, loss_scale=1024, train_wall=21, gb_free=36.6, wall=38709
2023-05-16 09:19:10 - progress_bar.py[line:272] - INFO: epoch 004:   2652 / 4137 loss=0.178, loss_v1=0, loss_v2=0, nll_loss=0.178, ntokens=256, nsentences=128, sample_size=256, sample_size_v1=0, sample_size_v2=0, ppl=1.13, wps=125.2, ups=0.49, wpb=256, bsz=128, num_updates=15040, lr=1.4516e-05, gnorm=1.065, clip=70, loss_scale=1024, train_wall=20, gb_free=36.6, wall=38730
2023-05-16 09:19:30 - progress_bar.py[line:272] - INFO: epoch 004:   2662 / 4137 loss=0.159, loss_v1=0, loss_v2=0, nll_loss=0.159, ntokens=256, nsentences=128, sample_size=256, sample_size_v1=0, sample_size_v2=0, ppl=1.12, wps=126.4, ups=0.49, wpb=256, bsz=128, num_updates=15050, lr=1.44903e-05, gnorm=1.002, clip=60, loss_scale=1024, train_wall=20, gb_free=36.6, wall=38750
2023-05-16 09:19:50 - progress_bar.py[line:272] - INFO: epoch 004:   2672 / 4137 loss=0.167, loss_v1=0, loss_v2=0, nll_loss=0.167, ntokens=256, nsentences=128, sample_size=256, sample_size_v1=0, sample_size_v2=0, ppl=1.12, wps=125.3, ups=0.49, wpb=256, bsz=128, num_updates=15060, lr=1.44646e-05, gnorm=0.973, clip=50, loss_scale=1024, train_wall=20, gb_free=36.5, wall=38770
2023-05-16 09:20:11 - progress_bar.py[line:272] - INFO: epoch 004:   2682 / 4137 loss=0.151, loss_v1=0, loss_v2=0, nll_loss=0.151, ntokens=256, nsentences=128, sample_size=256, sample_size_v1=0, sample_size_v2=0, ppl=1.11, wps=125.4, ups=0.49, wpb=256, bsz=128, num_updates=15070, lr=1.44389e-05, gnorm=0.926, clip=20, loss_scale=1024, train_wall=20, gb_free=36.6, wall=38791
2023-05-16 09:20:31 - progress_bar.py[line:272] - INFO: epoch 004:   2692 / 4137 loss=0.16, loss_v1=0, loss_v2=0, nll_loss=0.16, ntokens=256, nsentences=128, sample_size=256, sample_size_v1=0, sample_size_v2=0, ppl=1.12, wps=125.3, ups=0.49, wpb=256, bsz=128, num_updates=15080, lr=1.44132e-05, gnorm=0.95, clip=20, loss_scale=1024, train_wall=20, gb_free=36.7, wall=38811
2023-05-16 09:20:52 - progress_bar.py[line:272] - INFO: epoch 004:   2702 / 4137 loss=0.149, loss_v1=0, loss_v2=0, nll_loss=0.149, ntokens=256, nsentences=128, sample_size=256, sample_size_v1=0, sample_size_v2=0, ppl=1.11, wps=122.6, ups=0.48, wpb=256, bsz=128, num_updates=15090, lr=1.43875e-05, gnorm=0.936, clip=40, loss_scale=1024, train_wall=21, gb_free=36.7, wall=38832
2023-05-16 09:21:13 - progress_bar.py[line:272] - INFO: epoch 004:   2712 / 4137 loss=0.161, loss_v1=0, loss_v2=0, nll_loss=0.161, ntokens=256, nsentences=128, sample_size=256, sample_size_v1=0, sample_size_v2=0, ppl=1.12, wps=122.4, ups=0.48, wpb=256, bsz=128, num_updates=15100, lr=1.43618e-05, gnorm=0.947, clip=20, loss_scale=1024, train_wall=21, gb_free=36.6, wall=38853
2023-05-16 09:21:33 - progress_bar.py[line:272] - INFO: epoch 004:   2722 / 4137 loss=0.148, loss_v1=0, loss_v2=0, nll_loss=0.148, ntokens=256, nsentences=128, sample_size=256, sample_size_v1=0, sample_size_v2=0, ppl=1.11, wps=125.6, ups=0.49, wpb=256, bsz=128, num_updates=15110, lr=1.4336e-05, gnorm=1.081, clip=60, loss_scale=1024, train_wall=20, gb_free=36.7, wall=38873
2023-05-16 09:21:54 - progress_bar.py[line:272] - INFO: epoch 004:   2732 / 4137 loss=0.168, loss_v1=0, loss_v2=0, nll_loss=0.168, ntokens=256, nsentences=128, sample_size=256, sample_size_v1=0, sample_size_v2=0, ppl=1.12, wps=123.8, ups=0.48, wpb=256, bsz=128, num_updates=15120, lr=1.43103e-05, gnorm=1.069, clip=70, loss_scale=1024, train_wall=21, gb_free=36.6, wall=38894
2023-05-16 09:22:14 - progress_bar.py[line:272] - INFO: epoch 004:   2742 / 4137 loss=0.168, loss_v1=0, loss_v2=0, nll_loss=0.168, ntokens=256, nsentences=128, sample_size=256, sample_size_v1=0, sample_size_v2=0, ppl=1.12, wps=125, ups=0.49, wpb=256, bsz=128, num_updates=15130, lr=1.42846e-05, gnorm=1.055, clip=70, loss_scale=1024, train_wall=20, gb_free=36.6, wall=38915
2023-05-16 09:22:35 - progress_bar.py[line:272] - INFO: epoch 004:   2752 / 4137 loss=0.141, loss_v1=0, loss_v2=0, nll_loss=0.141, ntokens=256, nsentences=128, sample_size=256, sample_size_v1=0, sample_size_v2=0, ppl=1.1, wps=124.3, ups=0.49, wpb=256, bsz=128, num_updates=15140, lr=1.42589e-05, gnorm=0.928, clip=10, loss_scale=1024, train_wall=21, gb_free=36.8, wall=38935
2023-05-16 09:22:56 - progress_bar.py[line:272] - INFO: epoch 004:   2762 / 4137 loss=0.192, loss_v1=0, loss_v2=0, nll_loss=0.192, ntokens=256, nsentences=128, sample_size=256, sample_size_v1=0, sample_size_v2=0, ppl=1.14, wps=124.1, ups=0.48, wpb=256, bsz=128, num_updates=15150, lr=1.42332e-05, gnorm=1.062, clip=50, loss_scale=1024, train_wall=21, gb_free=36.5, wall=38956
2023-05-16 09:23:16 - progress_bar.py[line:272] - INFO: epoch 004:   2772 / 4137 loss=0.157, loss_v1=0, loss_v2=0, nll_loss=0.157, ntokens=256, nsentences=128, sample_size=256, sample_size_v1=0, sample_size_v2=0, ppl=1.12, wps=124.8, ups=0.49, wpb=256, bsz=128, num_updates=15160, lr=1.42075e-05, gnorm=0.94, clip=40, loss_scale=1024, train_wall=20, gb_free=36.6, wall=38976
2023-05-16 09:23:37 - progress_bar.py[line:272] - INFO: epoch 004:   2782 / 4137 loss=0.153, loss_v1=0, loss_v2=0, nll_loss=0.153, ntokens=256, nsentences=128, sample_size=256, sample_size_v1=0, sample_size_v2=0, ppl=1.11, wps=123.9, ups=0.48, wpb=256, bsz=128, num_updates=15170, lr=1.41818e-05, gnorm=0.972, clip=20, loss_scale=1024, train_wall=21, gb_free=36.8, wall=38997
2023-05-16 09:23:57 - progress_bar.py[line:272] - INFO: epoch 004:   2792 / 4137 loss=0.15, loss_v1=0, loss_v2=0, nll_loss=0.15, ntokens=256, nsentences=128, sample_size=256, sample_size_v1=0, sample_size_v2=0, ppl=1.11, wps=124.1, ups=0.48, wpb=256, bsz=128, num_updates=15180, lr=1.4156e-05, gnorm=0.934, clip=30, loss_scale=1024, train_wall=21, gb_free=36.6, wall=39018
2023-05-16 09:24:18 - progress_bar.py[line:272] - INFO: epoch 004:   2802 / 4137 loss=0.155, loss_v1=0, loss_v2=0, nll_loss=0.155, ntokens=256, nsentences=128, sample_size=256, sample_size_v1=0, sample_size_v2=0, ppl=1.11, wps=125.5, ups=0.49, wpb=256, bsz=128, num_updates=15190, lr=1.41303e-05, gnorm=0.965, clip=40, loss_scale=1024, train_wall=20, gb_free=36.6, wall=39038
2023-05-16 09:24:39 - progress_bar.py[line:272] - INFO: epoch 004:   2812 / 4137 loss=0.152, loss_v1=0, loss_v2=0, nll_loss=0.152, ntokens=256, nsentences=128, sample_size=256, sample_size_v1=0, sample_size_v2=0, ppl=1.11, wps=124, ups=0.48, wpb=256, bsz=128, num_updates=15200, lr=1.41046e-05, gnorm=0.944, clip=20, loss_scale=1024, train_wall=21, gb_free=36.7, wall=39059
2023-05-16 09:24:59 - progress_bar.py[line:272] - INFO: epoch 004:   2822 / 4137 loss=0.177, loss_v1=0, loss_v2=0, nll_loss=0.177, ntokens=256, nsentences=128, sample_size=256, sample_size_v1=0, sample_size_v2=0, ppl=1.13, wps=124.2, ups=0.49, wpb=256, bsz=128, num_updates=15210, lr=1.40789e-05, gnorm=1.171, clip=80, loss_scale=1024, train_wall=21, gb_free=36.6, wall=39079
2023-05-16 09:25:20 - progress_bar.py[line:272] - INFO: epoch 004:   2832 / 4137 loss=0.166, loss_v1=0, loss_v2=0, nll_loss=0.166, ntokens=256, nsentences=128, sample_size=256, sample_size_v1=0, sample_size_v2=0, ppl=1.12, wps=122.8, ups=0.48, wpb=256, bsz=128, num_updates=15220, lr=1.40532e-05, gnorm=1.029, clip=60, loss_scale=1024, train_wall=21, gb_free=36.8, wall=39100
2023-05-16 09:25:40 - progress_bar.py[line:272] - INFO: epoch 004:   2842 / 4137 loss=0.142, loss_v1=0, loss_v2=0, nll_loss=0.142, ntokens=256, nsentences=128, sample_size=256, sample_size_v1=0, sample_size_v2=0, ppl=1.1, wps=125.7, ups=0.49, wpb=256, bsz=128, num_updates=15230, lr=1.40275e-05, gnorm=1.022, clip=50, loss_scale=1024, train_wall=20, gb_free=36.6, wall=39121
2023-05-16 09:26:00 - progress_bar.py[line:272] - INFO: epoch 004:   2852 / 4137 loss=0.176, loss_v1=0, loss_v2=0, nll_loss=0.176, ntokens=256, nsentences=128, sample_size=256, sample_size_v1=0, sample_size_v2=0, ppl=1.13, wps=128.6, ups=0.5, wpb=256, bsz=128, num_updates=15240, lr=1.40017e-05, gnorm=1.066, clip=70, loss_scale=1024, train_wall=20, gb_free=36.5, wall=39140
2023-05-16 09:26:20 - progress_bar.py[line:272] - INFO: epoch 004:   2862 / 4137 loss=0.158, loss_v1=0, loss_v2=0, nll_loss=0.158, ntokens=256, nsentences=128, sample_size=256, sample_size_v1=0, sample_size_v2=0, ppl=1.12, wps=127.9, ups=0.5, wpb=256, bsz=128, num_updates=15250, lr=1.3976e-05, gnorm=1.018, clip=50, loss_scale=1024, train_wall=20, gb_free=36.6, wall=39161
2023-05-16 09:26:40 - progress_bar.py[line:272] - INFO: epoch 004:   2872 / 4137 loss=0.173, loss_v1=0, loss_v2=0, nll_loss=0.173, ntokens=256, nsentences=128, sample_size=256, sample_size_v1=0, sample_size_v2=0, ppl=1.13, wps=127.9, ups=0.5, wpb=256, bsz=128, num_updates=15260, lr=1.39503e-05, gnorm=1.183, clip=90, loss_scale=1024, train_wall=20, gb_free=36.7, wall=39181
2023-05-16 09:27:00 - progress_bar.py[line:272] - INFO: epoch 004:   2882 / 4137 loss=0.158, loss_v1=0, loss_v2=0, nll_loss=0.158, ntokens=256, nsentences=128, sample_size=256, sample_size_v1=0, sample_size_v2=0, ppl=1.12, wps=128.9, ups=0.5, wpb=256, bsz=128, num_updates=15270, lr=1.39246e-05, gnorm=1.111, clip=50, loss_scale=1024, train_wall=20, gb_free=36.6, wall=39200
2023-05-16 09:27:20 - progress_bar.py[line:272] - INFO: epoch 004:   2892 / 4137 loss=0.161, loss_v1=0, loss_v2=0, nll_loss=0.161, ntokens=256, nsentences=128, sample_size=256, sample_size_v1=0, sample_size_v2=0, ppl=1.12, wps=128.6, ups=0.5, wpb=256, bsz=128, num_updates=15280, lr=1.38989e-05, gnorm=1.06, clip=70, loss_scale=1024, train_wall=20, gb_free=36.7, wall=39220
2023-05-16 09:27:40 - progress_bar.py[line:272] - INFO: epoch 004:   2902 / 4137 loss=0.163, loss_v1=0, loss_v2=0, nll_loss=0.163, ntokens=256, nsentences=128, sample_size=256, sample_size_v1=0, sample_size_v2=0, ppl=1.12, wps=127.5, ups=0.5, wpb=256, bsz=128, num_updates=15290, lr=1.38732e-05, gnorm=1.024, clip=60, loss_scale=1024, train_wall=20, gb_free=36.7, wall=39240
2023-05-16 09:28:00 - progress_bar.py[line:272] - INFO: epoch 004:   2912 / 4137 loss=0.152, loss_v1=0, loss_v2=0, nll_loss=0.152, ntokens=256, nsentences=128, sample_size=256, sample_size_v1=0, sample_size_v2=0, ppl=1.11, wps=129.1, ups=0.5, wpb=256, bsz=128, num_updates=15300, lr=1.38475e-05, gnorm=1.061, clip=60, loss_scale=1024, train_wall=20, gb_free=36.5, wall=39260
2023-05-16 09:28:20 - progress_bar.py[line:272] - INFO: epoch 004:   2922 / 4137 loss=0.154, loss_v1=0, loss_v2=0, nll_loss=0.154, ntokens=256, nsentences=128, sample_size=256, sample_size_v1=0, sample_size_v2=0, ppl=1.11, wps=129.4, ups=0.51, wpb=256, bsz=128, num_updates=15310, lr=1.38217e-05, gnorm=1.091, clip=70, loss_scale=1024, train_wall=20, gb_free=36.5, wall=39280
2023-05-16 09:28:40 - progress_bar.py[line:272] - INFO: epoch 004:   2932 / 4137 loss=0.153, loss_v1=0, loss_v2=0, nll_loss=0.153, ntokens=256, nsentences=128, sample_size=256, sample_size_v1=0, sample_size_v2=0, ppl=1.11, wps=128.8, ups=0.5, wpb=256, bsz=128, num_updates=15320, lr=1.3796e-05, gnorm=1.019, clip=50, loss_scale=1024, train_wall=20, gb_free=36.6, wall=39300
2023-05-16 09:28:59 - progress_bar.py[line:272] - INFO: epoch 004:   2942 / 4137 loss=0.142, loss_v1=0, loss_v2=0, nll_loss=0.142, ntokens=256, nsentences=128, sample_size=256, sample_size_v1=0, sample_size_v2=0, ppl=1.1, wps=129.1, ups=0.5, wpb=256, bsz=128, num_updates=15330, lr=1.37703e-05, gnorm=1.114, clip=80, loss_scale=1024, train_wall=20, gb_free=36.5, wall=39320
2023-05-16 09:29:19 - progress_bar.py[line:272] - INFO: epoch 004:   2952 / 4137 loss=0.144, loss_v1=0, loss_v2=0, nll_loss=0.144, ntokens=256, nsentences=128, sample_size=256, sample_size_v1=0, sample_size_v2=0, ppl=1.1, wps=129.5, ups=0.51, wpb=256, bsz=128, num_updates=15340, lr=1.37446e-05, gnorm=1.04, clip=60, loss_scale=1024, train_wall=20, gb_free=36.6, wall=39339
2023-05-16 09:29:37 - trainer.py[line:921] - INFO: NOTE: gradient overflow detected, ignoring gradient, setting loss scale to: 512.0
2023-05-16 09:29:41 - progress_bar.py[line:272] - INFO: epoch 004:   2963 / 4137 loss=0.154, loss_v1=0, loss_v2=0, nll_loss=0.154, ntokens=256, nsentences=128, sample_size=256, sample_size_v1=0, sample_size_v2=0, ppl=1.11, wps=118.2, ups=0.46, wpb=256, bsz=128, num_updates=15350, lr=1.37189e-05, gnorm=1.04, clip=50, loss_scale=512, train_wall=22, gb_free=36.6, wall=39361
2023-05-16 09:30:01 - progress_bar.py[line:272] - INFO: epoch 004:   2973 / 4137 loss=0.147, loss_v1=0, loss_v2=0, nll_loss=0.147, ntokens=256, nsentences=128, sample_size=256, sample_size_v1=0, sample_size_v2=0, ppl=1.11, wps=129, ups=0.5, wpb=256, bsz=128, num_updates=15360, lr=1.36932e-05, gnorm=1.027, clip=60, loss_scale=512, train_wall=20, gb_free=36.7, wall=39381
2023-05-16 09:30:21 - progress_bar.py[line:272] - INFO: epoch 004:   2983 / 4137 loss=0.164, loss_v1=0, loss_v2=0, nll_loss=0.164, ntokens=256, nsentences=128, sample_size=256, sample_size_v1=0, sample_size_v2=0, ppl=1.12, wps=128.5, ups=0.5, wpb=256, bsz=128, num_updates=15370, lr=1.36675e-05, gnorm=1.101, clip=80, loss_scale=512, train_wall=20, gb_free=36.6, wall=39401
2023-05-16 09:30:40 - progress_bar.py[line:272] - INFO: epoch 004:   2993 / 4137 loss=0.147, loss_v1=0, loss_v2=0, nll_loss=0.147, ntokens=256, nsentences=128, sample_size=256, sample_size_v1=0, sample_size_v2=0, ppl=1.11, wps=129.5, ups=0.51, wpb=256, bsz=128, num_updates=15380, lr=1.36417e-05, gnorm=0.965, clip=40, loss_scale=512, train_wall=20, gb_free=36.7, wall=39421
2023-05-16 09:31:00 - progress_bar.py[line:272] - INFO: epoch 004:   3003 / 4137 loss=0.169, loss_v1=0, loss_v2=0, nll_loss=0.169, ntokens=256, nsentences=128, sample_size=256, sample_size_v1=0, sample_size_v2=0, ppl=1.12, wps=128.1, ups=0.5, wpb=256, bsz=128, num_updates=15390, lr=1.3616e-05, gnorm=1.106, clip=70, loss_scale=512, train_wall=20, gb_free=36.6, wall=39441
2023-05-16 09:31:20 - progress_bar.py[line:272] - INFO: epoch 004:   3013 / 4137 loss=0.163, loss_v1=0, loss_v2=0, nll_loss=0.163, ntokens=256, nsentences=128, sample_size=256, sample_size_v1=0, sample_size_v2=0, ppl=1.12, wps=128.7, ups=0.5, wpb=256, bsz=128, num_updates=15400, lr=1.35903e-05, gnorm=1.141, clip=70, loss_scale=512, train_wall=20, gb_free=36.4, wall=39461
2023-05-16 09:31:40 - progress_bar.py[line:272] - INFO: epoch 004:   3023 / 4137 loss=0.153, loss_v1=0, loss_v2=0, nll_loss=0.153, ntokens=256, nsentences=128, sample_size=256, sample_size_v1=0, sample_size_v2=0, ppl=1.11, wps=128.4, ups=0.5, wpb=256, bsz=128, num_updates=15410, lr=1.35646e-05, gnorm=1.095, clip=80, loss_scale=512, train_wall=20, gb_free=36.6, wall=39480
2023-05-16 09:32:00 - progress_bar.py[line:272] - INFO: epoch 004:   3033 / 4137 loss=0.158, loss_v1=0, loss_v2=0, nll_loss=0.158, ntokens=256, nsentences=128, sample_size=256, sample_size_v1=0, sample_size_v2=0, ppl=1.12, wps=129, ups=0.5, wpb=256, bsz=128, num_updates=15420, lr=1.35389e-05, gnorm=1.186, clip=80, loss_scale=512, train_wall=20, gb_free=36.7, wall=39500
2023-05-16 09:32:20 - progress_bar.py[line:272] - INFO: epoch 004:   3043 / 4137 loss=0.167, loss_v1=0, loss_v2=0, nll_loss=0.167, ntokens=256, nsentences=128, sample_size=256, sample_size_v1=0, sample_size_v2=0, ppl=1.12, wps=129, ups=0.5, wpb=256, bsz=128, num_updates=15430, lr=1.35132e-05, gnorm=1.127, clip=50, loss_scale=512, train_wall=20, gb_free=36.6, wall=39520
2023-05-16 09:32:40 - progress_bar.py[line:272] - INFO: epoch 004:   3053 / 4137 loss=0.156, loss_v1=0, loss_v2=0, nll_loss=0.156, ntokens=256, nsentences=128, sample_size=256, sample_size_v1=0, sample_size_v2=0, ppl=1.11, wps=129, ups=0.5, wpb=256, bsz=128, num_updates=15440, lr=1.34875e-05, gnorm=1.007, clip=60, loss_scale=512, train_wall=20, gb_free=36.7, wall=39540
2023-05-16 09:33:00 - progress_bar.py[line:272] - INFO: epoch 004:   3063 / 4137 loss=0.15, loss_v1=0, loss_v2=0, nll_loss=0.15, ntokens=256, nsentences=128, sample_size=256, sample_size_v1=0, sample_size_v2=0, ppl=1.11, wps=128.7, ups=0.5, wpb=256, bsz=128, num_updates=15450, lr=1.34617e-05, gnorm=1, clip=40, loss_scale=512, train_wall=20, gb_free=36.5, wall=39560
2023-05-16 09:33:20 - progress_bar.py[line:272] - INFO: epoch 004:   3073 / 4137 loss=0.137, loss_v1=0, loss_v2=0, nll_loss=0.137, ntokens=256, nsentences=128, sample_size=256, sample_size_v1=0, sample_size_v2=0, ppl=1.1, wps=128.2, ups=0.5, wpb=256, bsz=128, num_updates=15460, lr=1.3436e-05, gnorm=0.951, clip=40, loss_scale=512, train_wall=20, gb_free=36.6, wall=39580
2023-05-16 09:33:40 - progress_bar.py[line:272] - INFO: epoch 004:   3083 / 4137 loss=0.16, loss_v1=0, loss_v2=0, nll_loss=0.16, ntokens=256, nsentences=128, sample_size=256, sample_size_v1=0, sample_size_v2=0, ppl=1.12, wps=126.4, ups=0.49, wpb=256, bsz=128, num_updates=15470, lr=1.34103e-05, gnorm=1.128, clip=70, loss_scale=512, train_wall=20, gb_free=36.6, wall=39600
2023-05-16 09:34:00 - progress_bar.py[line:272] - INFO: epoch 004:   3093 / 4137 loss=0.157, loss_v1=0, loss_v2=0, nll_loss=0.157, ntokens=256, nsentences=128, sample_size=256, sample_size_v1=0, sample_size_v2=0, ppl=1.12, wps=129.5, ups=0.51, wpb=256, bsz=128, num_updates=15480, lr=1.33846e-05, gnorm=1.074, clip=60, loss_scale=512, train_wall=20, gb_free=36.5, wall=39620
2023-05-16 09:34:20 - progress_bar.py[line:272] - INFO: epoch 004:   3103 / 4137 loss=0.159, loss_v1=0, loss_v2=0, nll_loss=0.159, ntokens=256, nsentences=128, sample_size=256, sample_size_v1=0, sample_size_v2=0, ppl=1.12, wps=128.2, ups=0.5, wpb=256, bsz=128, num_updates=15490, lr=1.33589e-05, gnorm=1.042, clip=70, loss_scale=512, train_wall=20, gb_free=36.7, wall=39640
2023-05-16 09:34:40 - progress_bar.py[line:272] - INFO: epoch 004:   3113 / 4137 loss=0.137, loss_v1=0, loss_v2=0, nll_loss=0.137, ntokens=256, nsentences=128, sample_size=256, sample_size_v1=0, sample_size_v2=0, ppl=1.1, wps=128.6, ups=0.5, wpb=256, bsz=128, num_updates=15500, lr=1.33332e-05, gnorm=0.916, clip=40, loss_scale=512, train_wall=20, gb_free=36.5, wall=39660
slice_id 3 seek offset 13394
slice_id 2 seek offset 8930slice_id 1 seek offset 4465

2023-05-16 09:34:40 - train.py[line:445] - INFO: begin validation on "valid" subset
slice_id 0 seek offset 0
slice_id 0 seek offset 0
slice_id 1 seek offset 4465
slice_id 3 seek offset 13394
slice_id 2 seek offset 8930
2023-05-16 09:38:03 - progress_bar.py[line:282] - INFO: epoch 004 | valid on 'valid' subset | loss 0.21 | loss_v1 0 | loss_v2 0 | nll_loss 0.21 | ntokens 31.975 | nsentences 15.987 | sample_size 31.975 | sample_size_v1 0 | sample_size_v2 0 | ppl 1.16 | snli_score 0.8517 | wps 175.8 | wpb 32 | bsz 16 | num_updates 15500 | best_snli_score 0.8517
2023-05-16 09:38:03 - checkpoint_utils.py[line:64] - INFO: Preparing to save checkpoint for epoch 4 @ 15500 updates
2023-05-16 09:38:03 - trainer.py[line:431] - INFO: Saving checkpoint to ./EC_full_checkpoints/5_5e-5/checkpoint_4_15500.pt
2023-05-16 09:38:06 - trainer.py[line:441] - INFO: Finished saving checkpoint to ./EC_full_checkpoints/5_5e-5/checkpoint_4_15500.pt
2023-05-16 09:38:14 - checkpoint_utils.py[line:133] - INFO: Saved checkpoint ./EC_full_checkpoints/5_5e-5/checkpoint_4_15500.pt (epoch 4 @ 15500 updates, score 0.8517) (writing took 10.972612828947604 seconds)
2023-05-16 09:38:34 - progress_bar.py[line:272] - INFO: epoch 004:   3123 / 4137 loss=0.145, loss_v1=0, loss_v2=0, nll_loss=0.145, ntokens=256, nsentences=128, sample_size=256, sample_size_v1=0, sample_size_v2=0, ppl=1.11, wps=10.9, ups=0.04, wpb=256, bsz=128, num_updates=15510, lr=1.33074e-05, gnorm=1.059, clip=50, loss_scale=512, train_wall=20, gb_free=36.7, wall=39894
2023-05-16 09:38:54 - progress_bar.py[line:272] - INFO: epoch 004:   3133 / 4137 loss=0.16, loss_v1=0, loss_v2=0, nll_loss=0.16, ntokens=256, nsentences=128, sample_size=256, sample_size_v1=0, sample_size_v2=0, ppl=1.12, wps=128.2, ups=0.5, wpb=256, bsz=128, num_updates=15520, lr=1.32817e-05, gnorm=1.004, clip=60, loss_scale=512, train_wall=20, gb_free=36.7, wall=39914
2023-05-16 09:39:14 - progress_bar.py[line:272] - INFO: epoch 004:   3143 / 4137 loss=0.162, loss_v1=0, loss_v2=0, nll_loss=0.162, ntokens=256, nsentences=128, sample_size=256, sample_size_v1=0, sample_size_v2=0, ppl=1.12, wps=128.6, ups=0.5, wpb=256, bsz=128, num_updates=15530, lr=1.3256e-05, gnorm=1.05, clip=80, loss_scale=512, train_wall=20, gb_free=36.6, wall=39934
2023-05-16 09:39:34 - progress_bar.py[line:272] - INFO: epoch 004:   3153 / 4137 loss=0.147, loss_v1=0, loss_v2=0, nll_loss=0.147, ntokens=256, nsentences=128, sample_size=256, sample_size_v1=0, sample_size_v2=0, ppl=1.11, wps=128.8, ups=0.5, wpb=256, bsz=128, num_updates=15540, lr=1.32303e-05, gnorm=1.079, clip=60, loss_scale=512, train_wall=20, gb_free=36.7, wall=39954
2023-05-16 09:39:53 - progress_bar.py[line:272] - INFO: epoch 004:   3163 / 4137 loss=0.141, loss_v1=0, loss_v2=0, nll_loss=0.141, ntokens=256, nsentences=128, sample_size=256, sample_size_v1=0, sample_size_v2=0, ppl=1.1, wps=129.4, ups=0.51, wpb=256, bsz=128, num_updates=15550, lr=1.32046e-05, gnorm=1.017, clip=60, loss_scale=512, train_wall=20, gb_free=36.6, wall=39974
2023-05-16 09:40:13 - progress_bar.py[line:272] - INFO: epoch 004:   3173 / 4137 loss=0.142, loss_v1=0, loss_v2=0, nll_loss=0.142, ntokens=256, nsentences=128, sample_size=256, sample_size_v1=0, sample_size_v2=0, ppl=1.1, wps=128.8, ups=0.5, wpb=256, bsz=128, num_updates=15560, lr=1.31789e-05, gnorm=0.968, clip=30, loss_scale=512, train_wall=20, gb_free=36.7, wall=39994
2023-05-16 09:40:33 - progress_bar.py[line:272] - INFO: epoch 004:   3183 / 4137 loss=0.155, loss_v1=0, loss_v2=0, nll_loss=0.155, ntokens=256, nsentences=128, sample_size=256, sample_size_v1=0, sample_size_v2=0, ppl=1.11, wps=128.5, ups=0.5, wpb=256, bsz=128, num_updates=15570, lr=1.31532e-05, gnorm=1.093, clip=60, loss_scale=512, train_wall=20, gb_free=36.7, wall=40013
2023-05-16 09:40:53 - progress_bar.py[line:272] - INFO: epoch 004:   3193 / 4137 loss=0.158, loss_v1=0, loss_v2=0, nll_loss=0.158, ntokens=256, nsentences=128, sample_size=256, sample_size_v1=0, sample_size_v2=0, ppl=1.12, wps=128.8, ups=0.5, wpb=256, bsz=128, num_updates=15580, lr=1.31274e-05, gnorm=1.103, clip=70, loss_scale=512, train_wall=20, gb_free=36.5, wall=40033
2023-05-16 09:41:13 - progress_bar.py[line:272] - INFO: epoch 004:   3203 / 4137 loss=0.141, loss_v1=0, loss_v2=0, nll_loss=0.141, ntokens=256, nsentences=128, sample_size=256, sample_size_v1=0, sample_size_v2=0, ppl=1.1, wps=128.7, ups=0.5, wpb=256, bsz=128, num_updates=15590, lr=1.31017e-05, gnorm=0.992, clip=40, loss_scale=512, train_wall=20, gb_free=36.7, wall=40053
2023-05-16 09:41:33 - progress_bar.py[line:272] - INFO: epoch 004:   3213 / 4137 loss=0.16, loss_v1=0, loss_v2=0, nll_loss=0.16, ntokens=256, nsentences=128, sample_size=256, sample_size_v1=0, sample_size_v2=0, ppl=1.12, wps=128.6, ups=0.5, wpb=256, bsz=128, num_updates=15600, lr=1.3076e-05, gnorm=1.023, clip=60, loss_scale=512, train_wall=20, gb_free=36.7, wall=40073
2023-05-16 09:41:53 - progress_bar.py[line:272] - INFO: epoch 004:   3223 / 4137 loss=0.144, loss_v1=0, loss_v2=0, nll_loss=0.144, ntokens=256, nsentences=128, sample_size=256, sample_size_v1=0, sample_size_v2=0, ppl=1.11, wps=129, ups=0.5, wpb=256, bsz=128, num_updates=15610, lr=1.30503e-05, gnorm=1.029, clip=60, loss_scale=512, train_wall=20, gb_free=36.5, wall=40093
2023-05-16 09:42:13 - progress_bar.py[line:272] - INFO: epoch 004:   3233 / 4137 loss=0.15, loss_v1=0, loss_v2=0, nll_loss=0.15, ntokens=256, nsentences=128, sample_size=256, sample_size_v1=0, sample_size_v2=0, ppl=1.11, wps=129.3, ups=0.5, wpb=256, bsz=128, num_updates=15620, lr=1.30246e-05, gnorm=1.015, clip=60, loss_scale=512, train_wall=20, gb_free=36.7, wall=40113
2023-05-16 09:42:32 - progress_bar.py[line:272] - INFO: epoch 004:   3243 / 4137 loss=0.161, loss_v1=0, loss_v2=0, nll_loss=0.161, ntokens=256, nsentences=128, sample_size=256, sample_size_v1=0, sample_size_v2=0, ppl=1.12, wps=128.5, ups=0.5, wpb=256, bsz=128, num_updates=15630, lr=1.29989e-05, gnorm=1.123, clip=70, loss_scale=512, train_wall=20, gb_free=36.7, wall=40133
2023-05-16 09:42:53 - progress_bar.py[line:272] - INFO: epoch 004:   3253 / 4137 loss=0.157, loss_v1=0, loss_v2=0, nll_loss=0.157, ntokens=256, nsentences=128, sample_size=256, sample_size_v1=0, sample_size_v2=0, ppl=1.12, wps=127.5, ups=0.5, wpb=256, bsz=128, num_updates=15640, lr=1.29732e-05, gnorm=1.033, clip=50, loss_scale=512, train_wall=20, gb_free=36.6, wall=40153
2023-05-16 09:43:13 - progress_bar.py[line:272] - INFO: epoch 004:   3263 / 4137 loss=0.13, loss_v1=0, loss_v2=0, nll_loss=0.13, ntokens=256, nsentences=128, sample_size=256, sample_size_v1=0, sample_size_v2=0, ppl=1.09, wps=127.3, ups=0.5, wpb=256, bsz=128, num_updates=15650, lr=1.29474e-05, gnorm=0.946, clip=30, loss_scale=512, train_wall=20, gb_free=36.7, wall=40173
2023-05-16 09:43:33 - progress_bar.py[line:272] - INFO: epoch 004:   3273 / 4137 loss=0.154, loss_v1=0, loss_v2=0, nll_loss=0.154, ntokens=256, nsentences=128, sample_size=256, sample_size_v1=0, sample_size_v2=0, ppl=1.11, wps=128.7, ups=0.5, wpb=256, bsz=128, num_updates=15660, lr=1.29217e-05, gnorm=1.037, clip=50, loss_scale=512, train_wall=20, gb_free=36.6, wall=40193
2023-05-16 09:43:52 - progress_bar.py[line:272] - INFO: epoch 004:   3283 / 4137 loss=0.154, loss_v1=0, loss_v2=0, nll_loss=0.154, ntokens=256, nsentences=128, sample_size=256, sample_size_v1=0, sample_size_v2=0, ppl=1.11, wps=128.5, ups=0.5, wpb=256, bsz=128, num_updates=15670, lr=1.2896e-05, gnorm=1.038, clip=50, loss_scale=512, train_wall=20, gb_free=36.6, wall=40213
2023-05-16 09:44:12 - progress_bar.py[line:272] - INFO: epoch 004:   3293 / 4137 loss=0.152, loss_v1=0, loss_v2=0, nll_loss=0.152, ntokens=256, nsentences=128, sample_size=256, sample_size_v1=0, sample_size_v2=0, ppl=1.11, wps=129.2, ups=0.5, wpb=256, bsz=128, num_updates=15680, lr=1.28703e-05, gnorm=1.064, clip=70, loss_scale=512, train_wall=20, gb_free=36.5, wall=40233
2023-05-16 09:44:32 - progress_bar.py[line:272] - INFO: epoch 004:   3303 / 4137 loss=0.173, loss_v1=0, loss_v2=0, nll_loss=0.173, ntokens=256, nsentences=128, sample_size=256, sample_size_v1=0, sample_size_v2=0, ppl=1.13, wps=129.2, ups=0.5, wpb=256, bsz=128, num_updates=15690, lr=1.28446e-05, gnorm=1.08, clip=70, loss_scale=512, train_wall=20, gb_free=36.7, wall=40252
2023-05-16 09:44:53 - progress_bar.py[line:272] - INFO: epoch 004:   3313 / 4137 loss=0.154, loss_v1=0, loss_v2=0, nll_loss=0.154, ntokens=256, nsentences=128, sample_size=256, sample_size_v1=0, sample_size_v2=0, ppl=1.11, wps=124.4, ups=0.49, wpb=256, bsz=128, num_updates=15700, lr=1.28189e-05, gnorm=0.979, clip=50, loss_scale=512, train_wall=21, gb_free=36.7, wall=40273
2023-05-16 09:45:13 - progress_bar.py[line:272] - INFO: epoch 004:   3323 / 4137 loss=0.158, loss_v1=0, loss_v2=0, nll_loss=0.158, ntokens=256, nsentences=128, sample_size=256, sample_size_v1=0, sample_size_v2=0, ppl=1.12, wps=124.4, ups=0.49, wpb=256, bsz=128, num_updates=15710, lr=1.27931e-05, gnorm=0.96, clip=50, loss_scale=512, train_wall=21, gb_free=36.7, wall=40293
2023-05-16 09:45:34 - progress_bar.py[line:272] - INFO: epoch 004:   3333 / 4137 loss=0.151, loss_v1=0, loss_v2=0, nll_loss=0.151, ntokens=256, nsentences=128, sample_size=256, sample_size_v1=0, sample_size_v2=0, ppl=1.11, wps=124.9, ups=0.49, wpb=256, bsz=128, num_updates=15720, lr=1.27674e-05, gnorm=0.928, clip=30, loss_scale=512, train_wall=20, gb_free=36.5, wall=40314
2023-05-16 09:45:54 - progress_bar.py[line:272] - INFO: epoch 004:   3343 / 4137 loss=0.145, loss_v1=0, loss_v2=0, nll_loss=0.145, ntokens=256, nsentences=128, sample_size=256, sample_size_v1=0, sample_size_v2=0, ppl=1.11, wps=125.5, ups=0.49, wpb=256, bsz=128, num_updates=15730, lr=1.27417e-05, gnorm=1.045, clip=50, loss_scale=512, train_wall=20, gb_free=36.7, wall=40334
2023-05-16 09:46:15 - progress_bar.py[line:272] - INFO: epoch 004:   3353 / 4137 loss=0.154, loss_v1=0, loss_v2=0, nll_loss=0.154, ntokens=256, nsentences=128, sample_size=256, sample_size_v1=0, sample_size_v2=0, ppl=1.11, wps=125.3, ups=0.49, wpb=256, bsz=128, num_updates=15740, lr=1.2716e-05, gnorm=1.025, clip=50, loss_scale=512, train_wall=20, gb_free=36.7, wall=40355
2023-05-16 09:46:35 - progress_bar.py[line:272] - INFO: epoch 004:   3363 / 4137 loss=0.159, loss_v1=0, loss_v2=0, nll_loss=0.159, ntokens=256, nsentences=128, sample_size=256, sample_size_v1=0, sample_size_v2=0, ppl=1.12, wps=125.2, ups=0.49, wpb=256, bsz=128, num_updates=15750, lr=1.26903e-05, gnorm=1.138, clip=80, loss_scale=512, train_wall=20, gb_free=36.5, wall=40375
2023-05-16 09:46:55 - progress_bar.py[line:272] - INFO: epoch 004:   3373 / 4137 loss=0.163, loss_v1=0, loss_v2=0, nll_loss=0.163, ntokens=256, nsentences=128, sample_size=256, sample_size_v1=0, sample_size_v2=0, ppl=1.12, wps=126.1, ups=0.49, wpb=256, bsz=128, num_updates=15760, lr=1.26646e-05, gnorm=1.023, clip=50, loss_scale=512, train_wall=20, gb_free=36.7, wall=40396
2023-05-16 09:47:16 - progress_bar.py[line:272] - INFO: epoch 004:   3383 / 4137 loss=0.15, loss_v1=0, loss_v2=0, nll_loss=0.15, ntokens=256, nsentences=128, sample_size=256, sample_size_v1=0, sample_size_v2=0, ppl=1.11, wps=125.3, ups=0.49, wpb=256, bsz=128, num_updates=15770, lr=1.26389e-05, gnorm=0.947, clip=30, loss_scale=512, train_wall=20, gb_free=36.6, wall=40416
2023-05-16 09:47:36 - progress_bar.py[line:272] - INFO: epoch 004:   3393 / 4137 loss=0.153, loss_v1=0, loss_v2=0, nll_loss=0.153, ntokens=256, nsentences=128, sample_size=256, sample_size_v1=0, sample_size_v2=0, ppl=1.11, wps=123.9, ups=0.48, wpb=256, bsz=128, num_updates=15780, lr=1.26131e-05, gnorm=0.992, clip=30, loss_scale=512, train_wall=21, gb_free=36.6, wall=40437
2023-05-16 09:47:57 - progress_bar.py[line:272] - INFO: epoch 004:   3403 / 4137 loss=0.138, loss_v1=0, loss_v2=0, nll_loss=0.138, ntokens=256, nsentences=128, sample_size=256, sample_size_v1=0, sample_size_v2=0, ppl=1.1, wps=122.9, ups=0.48, wpb=256, bsz=128, num_updates=15790, lr=1.25874e-05, gnorm=0.908, clip=40, loss_scale=512, train_wall=21, gb_free=36.7, wall=40458
2023-05-16 09:48:18 - progress_bar.py[line:272] - INFO: epoch 004:   3413 / 4137 loss=0.141, loss_v1=0, loss_v2=0, nll_loss=0.141, ntokens=256, nsentences=128, sample_size=256, sample_size_v1=0, sample_size_v2=0, ppl=1.1, wps=124.3, ups=0.49, wpb=256, bsz=128, num_updates=15800, lr=1.25617e-05, gnorm=0.971, clip=30, loss_scale=512, train_wall=21, gb_free=36.7, wall=40478
2023-05-16 09:48:38 - progress_bar.py[line:272] - INFO: epoch 004:   3423 / 4137 loss=0.131, loss_v1=0, loss_v2=0, nll_loss=0.131, ntokens=256, nsentences=128, sample_size=256, sample_size_v1=0, sample_size_v2=0, ppl=1.1, wps=125.4, ups=0.49, wpb=256, bsz=128, num_updates=15810, lr=1.2536e-05, gnorm=0.974, clip=30, loss_scale=512, train_wall=20, gb_free=36.7, wall=40499
2023-05-16 09:48:59 - progress_bar.py[line:272] - INFO: epoch 004:   3433 / 4137 loss=0.147, loss_v1=0, loss_v2=0, nll_loss=0.147, ntokens=256, nsentences=128, sample_size=256, sample_size_v1=0, sample_size_v2=0, ppl=1.11, wps=126, ups=0.49, wpb=256, bsz=128, num_updates=15820, lr=1.25103e-05, gnorm=1.048, clip=80, loss_scale=512, train_wall=20, gb_free=36.6, wall=40519
2023-05-16 09:49:19 - progress_bar.py[line:272] - INFO: epoch 004:   3443 / 4137 loss=0.156, loss_v1=0, loss_v2=0, nll_loss=0.156, ntokens=256, nsentences=128, sample_size=256, sample_size_v1=0, sample_size_v2=0, ppl=1.11, wps=124.2, ups=0.48, wpb=256, bsz=128, num_updates=15830, lr=1.24846e-05, gnorm=1.188, clip=100, loss_scale=512, train_wall=21, gb_free=36.5, wall=40539
2023-05-16 09:49:40 - progress_bar.py[line:272] - INFO: epoch 004:   3453 / 4137 loss=0.143, loss_v1=0, loss_v2=0, nll_loss=0.143, ntokens=256, nsentences=128, sample_size=256, sample_size_v1=0, sample_size_v2=0, ppl=1.1, wps=124, ups=0.48, wpb=256, bsz=128, num_updates=15840, lr=1.24589e-05, gnorm=1.017, clip=40, loss_scale=512, train_wall=21, gb_free=36.6, wall=40560
2023-05-16 09:50:01 - progress_bar.py[line:272] - INFO: epoch 004:   3463 / 4137 loss=0.127, loss_v1=0, loss_v2=0, nll_loss=0.127, ntokens=256, nsentences=128, sample_size=256, sample_size_v1=0, sample_size_v2=0, ppl=1.09, wps=123.3, ups=0.48, wpb=256, bsz=128, num_updates=15850, lr=1.24331e-05, gnorm=0.936, clip=30, loss_scale=512, train_wall=21, gb_free=36.5, wall=40581
2023-05-16 09:50:21 - progress_bar.py[line:272] - INFO: epoch 004:   3473 / 4137 loss=0.139, loss_v1=0, loss_v2=0, nll_loss=0.139, ntokens=256, nsentences=128, sample_size=256, sample_size_v1=0, sample_size_v2=0, ppl=1.1, wps=129, ups=0.5, wpb=256, bsz=128, num_updates=15860, lr=1.24074e-05, gnorm=1.021, clip=40, loss_scale=1024, train_wall=20, gb_free=36.7, wall=40601
2023-05-16 09:50:40 - progress_bar.py[line:272] - INFO: epoch 004:   3483 / 4137 loss=0.168, loss_v1=0, loss_v2=0, nll_loss=0.168, ntokens=256, nsentences=128, sample_size=256, sample_size_v1=0, sample_size_v2=0, ppl=1.12, wps=129.8, ups=0.51, wpb=256, bsz=128, num_updates=15870, lr=1.23817e-05, gnorm=1.12, clip=80, loss_scale=1024, train_wall=20, gb_free=36.6, wall=40620
2023-05-16 09:51:01 - progress_bar.py[line:272] - INFO: epoch 004:   3493 / 4137 loss=0.161, loss_v1=0, loss_v2=0, nll_loss=0.161, ntokens=256, nsentences=128, sample_size=256, sample_size_v1=0, sample_size_v2=0, ppl=1.12, wps=124.7, ups=0.49, wpb=256, bsz=128, num_updates=15880, lr=1.2356e-05, gnorm=1.151, clip=70, loss_scale=1024, train_wall=20, gb_free=36.7, wall=40641
2023-05-16 09:51:21 - progress_bar.py[line:272] - INFO: epoch 004:   3503 / 4137 loss=0.153, loss_v1=0, loss_v2=0, nll_loss=0.153, ntokens=256, nsentences=128, sample_size=256, sample_size_v1=0, sample_size_v2=0, ppl=1.11, wps=124.6, ups=0.49, wpb=256, bsz=128, num_updates=15890, lr=1.23303e-05, gnorm=1.031, clip=60, loss_scale=1024, train_wall=21, gb_free=36.7, wall=40662
2023-05-16 09:51:42 - progress_bar.py[line:272] - INFO: epoch 004:   3513 / 4137 loss=0.145, loss_v1=0, loss_v2=0, nll_loss=0.145, ntokens=256, nsentences=128, sample_size=256, sample_size_v1=0, sample_size_v2=0, ppl=1.11, wps=125.5, ups=0.49, wpb=256, bsz=128, num_updates=15900, lr=1.23046e-05, gnorm=1.115, clip=60, loss_scale=1024, train_wall=20, gb_free=36.7, wall=40682
2023-05-16 09:52:02 - progress_bar.py[line:272] - INFO: epoch 004:   3523 / 4137 loss=0.166, loss_v1=0, loss_v2=0, nll_loss=0.166, ntokens=256, nsentences=128, sample_size=256, sample_size_v1=0, sample_size_v2=0, ppl=1.12, wps=125.2, ups=0.49, wpb=256, bsz=128, num_updates=15910, lr=1.22789e-05, gnorm=1.086, clip=50, loss_scale=1024, train_wall=20, gb_free=36.6, wall=40702
2023-05-16 09:52:22 - progress_bar.py[line:272] - INFO: epoch 004:   3533 / 4137 loss=0.163, loss_v1=0, loss_v2=0, nll_loss=0.163, ntokens=256, nsentences=128, sample_size=256, sample_size_v1=0, sample_size_v2=0, ppl=1.12, wps=126.5, ups=0.49, wpb=256, bsz=128, num_updates=15920, lr=1.22531e-05, gnorm=0.981, clip=50, loss_scale=1024, train_wall=20, gb_free=36.5, wall=40723
2023-05-16 09:52:42 - progress_bar.py[line:272] - INFO: epoch 004:   3543 / 4137 loss=0.135, loss_v1=0, loss_v2=0, nll_loss=0.135, ntokens=256, nsentences=128, sample_size=256, sample_size_v1=0, sample_size_v2=0, ppl=1.1, wps=129.2, ups=0.5, wpb=256, bsz=128, num_updates=15930, lr=1.22274e-05, gnorm=0.886, clip=20, loss_scale=1024, train_wall=20, gb_free=36.7, wall=40742
2023-05-16 09:53:02 - progress_bar.py[line:272] - INFO: epoch 004:   3553 / 4137 loss=0.146, loss_v1=0, loss_v2=0, nll_loss=0.146, ntokens=256, nsentences=128, sample_size=256, sample_size_v1=0, sample_size_v2=0, ppl=1.11, wps=129.7, ups=0.51, wpb=256, bsz=128, num_updates=15940, lr=1.22017e-05, gnorm=1.021, clip=60, loss_scale=1024, train_wall=20, gb_free=36.7, wall=40762
2023-05-16 09:53:22 - progress_bar.py[line:272] - INFO: epoch 004:   3563 / 4137 loss=0.148, loss_v1=0, loss_v2=0, nll_loss=0.148, ntokens=256, nsentences=128, sample_size=256, sample_size_v1=0, sample_size_v2=0, ppl=1.11, wps=129.8, ups=0.51, wpb=256, bsz=128, num_updates=15950, lr=1.2176e-05, gnorm=0.997, clip=40, loss_scale=1024, train_wall=20, gb_free=36.6, wall=40782
2023-05-16 09:53:41 - progress_bar.py[line:272] - INFO: epoch 004:   3573 / 4137 loss=0.144, loss_v1=0, loss_v2=0, nll_loss=0.144, ntokens=256, nsentences=128, sample_size=256, sample_size_v1=0, sample_size_v2=0, ppl=1.1, wps=130, ups=0.51, wpb=256, bsz=128, num_updates=15960, lr=1.21503e-05, gnorm=0.969, clip=40, loss_scale=1024, train_wall=20, gb_free=36.6, wall=40802
2023-05-16 09:54:01 - progress_bar.py[line:272] - INFO: epoch 004:   3583 / 4137 loss=0.138, loss_v1=0, loss_v2=0, nll_loss=0.138, ntokens=256, nsentences=128, sample_size=256, sample_size_v1=0, sample_size_v2=0, ppl=1.1, wps=128.6, ups=0.5, wpb=256, bsz=128, num_updates=15970, lr=1.21246e-05, gnorm=1.013, clip=40, loss_scale=1024, train_wall=20, gb_free=36.6, wall=40822
2023-05-16 09:54:21 - progress_bar.py[line:272] - INFO: epoch 004:   3593 / 4137 loss=0.145, loss_v1=0, loss_v2=0, nll_loss=0.145, ntokens=256, nsentences=128, sample_size=256, sample_size_v1=0, sample_size_v2=0, ppl=1.11, wps=127.1, ups=0.5, wpb=256, bsz=128, num_updates=15980, lr=1.20988e-05, gnorm=1.025, clip=50, loss_scale=1024, train_wall=20, gb_free=36.7, wall=40842
2023-05-16 09:54:42 - progress_bar.py[line:272] - INFO: epoch 004:   3603 / 4137 loss=0.148, loss_v1=0, loss_v2=0, nll_loss=0.148, ntokens=256, nsentences=128, sample_size=256, sample_size_v1=0, sample_size_v2=0, ppl=1.11, wps=126.1, ups=0.49, wpb=256, bsz=128, num_updates=15990, lr=1.20731e-05, gnorm=1.093, clip=80, loss_scale=1024, train_wall=20, gb_free=36.7, wall=40862
2023-05-16 09:55:02 - progress_bar.py[line:272] - INFO: epoch 004:   3613 / 4137 loss=0.149, loss_v1=0, loss_v2=0, nll_loss=0.149, ntokens=256, nsentences=128, sample_size=256, sample_size_v1=0, sample_size_v2=0, ppl=1.11, wps=128.2, ups=0.5, wpb=256, bsz=128, num_updates=16000, lr=1.20474e-05, gnorm=1.067, clip=70, loss_scale=1024, train_wall=20, gb_free=36.3, wall=40882
slice_id 2 seek offset 8930
slice_id 1 seek offset 4465
2023-05-16 09:55:02 - train.py[line:445] - INFO: begin validation on "valid" subset
slice_id 0 seek offset 0
slice_id 3 seek offset 13394
slice_id 0 seek offset 0
slice_id 1 seek offset 4465
slice_id 3 seek offset 13394
slice_id 2 seek offset 8930
2023-05-16 09:58:23 - progress_bar.py[line:282] - INFO: epoch 004 | valid on 'valid' subset | loss 0.215 | loss_v1 0 | loss_v2 0 | nll_loss 0.215 | ntokens 31.975 | nsentences 15.987 | sample_size 31.975 | sample_size_v1 0 | sample_size_v2 0 | ppl 1.16 | snli_score 0.8512 | wps 177.8 | wpb 32 | bsz 16 | num_updates 16000 | best_snli_score 0.8517
2023-05-16 09:58:23 - checkpoint_utils.py[line:64] - INFO: Preparing to save checkpoint for epoch 4 @ 16000 updates
2023-05-16 09:58:23 - trainer.py[line:431] - INFO: Saving checkpoint to ./EC_full_checkpoints/5_5e-5/checkpoint_4_16000.pt
2023-05-16 09:58:25 - trainer.py[line:441] - INFO: Finished saving checkpoint to ./EC_full_checkpoints/5_5e-5/checkpoint_4_16000.pt
2023-05-16 09:58:28 - checkpoint_utils.py[line:133] - INFO: Saved checkpoint ./EC_full_checkpoints/5_5e-5/checkpoint_4_16000.pt (epoch 4 @ 16000 updates, score 0.8512) (writing took 5.149158217944205 seconds)
2023-05-16 09:58:48 - progress_bar.py[line:272] - INFO: epoch 004:   3623 / 4137 loss=0.146, loss_v1=0, loss_v2=0, nll_loss=0.146, ntokens=256, nsentences=128, sample_size=256, sample_size_v1=0, sample_size_v2=0, ppl=1.11, wps=11.3, ups=0.04, wpb=256, bsz=128, num_updates=16010, lr=1.20217e-05, gnorm=1.079, clip=60, loss_scale=1024, train_wall=20, gb_free=36.6, wall=41108
2023-05-16 09:59:08 - progress_bar.py[line:272] - INFO: epoch 004:   3633 / 4137 loss=0.141, loss_v1=0, loss_v2=0, nll_loss=0.141, ntokens=256, nsentences=128, sample_size=256, sample_size_v1=0, sample_size_v2=0, ppl=1.1, wps=129, ups=0.5, wpb=256, bsz=128, num_updates=16020, lr=1.1996e-05, gnorm=1.032, clip=70, loss_scale=1024, train_wall=20, gb_free=36.5, wall=41128
2023-05-16 09:59:28 - progress_bar.py[line:272] - INFO: epoch 004:   3643 / 4137 loss=0.146, loss_v1=0, loss_v2=0, nll_loss=0.146, ntokens=256, nsentences=128, sample_size=256, sample_size_v1=0, sample_size_v2=0, ppl=1.11, wps=126.6, ups=0.49, wpb=256, bsz=128, num_updates=16030, lr=1.19703e-05, gnorm=1.045, clip=50, loss_scale=1024, train_wall=20, gb_free=36.6, wall=41148
2023-05-16 09:59:48 - progress_bar.py[line:272] - INFO: epoch 004:   3653 / 4137 loss=0.14, loss_v1=0, loss_v2=0, nll_loss=0.14, ntokens=256, nsentences=128, sample_size=256, sample_size_v1=0, sample_size_v2=0, ppl=1.1, wps=124.8, ups=0.49, wpb=256, bsz=128, num_updates=16040, lr=1.19446e-05, gnorm=0.999, clip=40, loss_scale=1024, train_wall=20, gb_free=36.7, wall=41169
2023-05-16 10:00:09 - progress_bar.py[line:272] - INFO: epoch 004:   3663 / 4137 loss=0.156, loss_v1=0, loss_v2=0, nll_loss=0.156, ntokens=256, nsentences=128, sample_size=256, sample_size_v1=0, sample_size_v2=0, ppl=1.11, wps=124.6, ups=0.49, wpb=256, bsz=128, num_updates=16050, lr=1.19188e-05, gnorm=1.045, clip=50, loss_scale=1024, train_wall=20, gb_free=36.7, wall=41189
2023-05-16 10:00:29 - progress_bar.py[line:272] - INFO: epoch 004:   3673 / 4137 loss=0.165, loss_v1=0, loss_v2=0, nll_loss=0.165, ntokens=256, nsentences=128, sample_size=256, sample_size_v1=0, sample_size_v2=0, ppl=1.12, wps=127.7, ups=0.5, wpb=256, bsz=128, num_updates=16060, lr=1.18931e-05, gnorm=1.02, clip=30, loss_scale=1024, train_wall=20, gb_free=36.7, wall=41209
2023-05-16 10:00:49 - progress_bar.py[line:272] - INFO: epoch 004:   3683 / 4137 loss=0.144, loss_v1=0, loss_v2=0, nll_loss=0.144, ntokens=256, nsentences=128, sample_size=256, sample_size_v1=0, sample_size_v2=0, ppl=1.11, wps=128.7, ups=0.5, wpb=256, bsz=128, num_updates=16070, lr=1.18674e-05, gnorm=1.001, clip=40, loss_scale=1024, train_wall=20, gb_free=36.6, wall=41229
2023-05-16 10:01:09 - progress_bar.py[line:272] - INFO: epoch 004:   3693 / 4137 loss=0.155, loss_v1=0, loss_v2=0, nll_loss=0.155, ntokens=256, nsentences=128, sample_size=256, sample_size_v1=0, sample_size_v2=0, ppl=1.11, wps=128, ups=0.5, wpb=256, bsz=128, num_updates=16080, lr=1.18417e-05, gnorm=1.051, clip=70, loss_scale=1024, train_wall=20, gb_free=36.4, wall=41249
2023-05-16 10:01:30 - progress_bar.py[line:272] - INFO: epoch 004:   3703 / 4137 loss=0.159, loss_v1=0, loss_v2=0, nll_loss=0.159, ntokens=256, nsentences=128, sample_size=256, sample_size_v1=0, sample_size_v2=0, ppl=1.12, wps=124, ups=0.48, wpb=256, bsz=128, num_updates=16090, lr=1.1816e-05, gnorm=1.046, clip=70, loss_scale=1024, train_wall=21, gb_free=36.4, wall=41270
2023-05-16 10:01:50 - progress_bar.py[line:272] - INFO: epoch 004:   3713 / 4137 loss=0.138, loss_v1=0, loss_v2=0, nll_loss=0.138, ntokens=256, nsentences=128, sample_size=256, sample_size_v1=0, sample_size_v2=0, ppl=1.1, wps=124.1, ups=0.48, wpb=256, bsz=128, num_updates=16100, lr=1.17903e-05, gnorm=1.02, clip=50, loss_scale=1024, train_wall=21, gb_free=36.6, wall=41290
2023-05-16 10:02:10 - progress_bar.py[line:272] - INFO: epoch 004:   3723 / 4137 loss=0.142, loss_v1=0, loss_v2=0, nll_loss=0.142, ntokens=256, nsentences=128, sample_size=256, sample_size_v1=0, sample_size_v2=0, ppl=1.1, wps=126.3, ups=0.49, wpb=256, bsz=128, num_updates=16110, lr=1.17646e-05, gnorm=0.976, clip=30, loss_scale=1024, train_wall=20, gb_free=36.6, wall=41311
2023-05-16 10:02:31 - progress_bar.py[line:272] - INFO: epoch 004:   3733 / 4137 loss=0.136, loss_v1=0, loss_v2=0, nll_loss=0.136, ntokens=256, nsentences=128, sample_size=256, sample_size_v1=0, sample_size_v2=0, ppl=1.1, wps=126.8, ups=0.5, wpb=256, bsz=128, num_updates=16120, lr=1.17388e-05, gnorm=1.009, clip=50, loss_scale=1024, train_wall=20, gb_free=36.6, wall=41331
2023-05-16 10:02:51 - progress_bar.py[line:272] - INFO: epoch 004:   3743 / 4137 loss=0.14, loss_v1=0, loss_v2=0, nll_loss=0.14, ntokens=256, nsentences=128, sample_size=256, sample_size_v1=0, sample_size_v2=0, ppl=1.1, wps=124.9, ups=0.49, wpb=256, bsz=128, num_updates=16130, lr=1.17131e-05, gnorm=1.009, clip=40, loss_scale=1024, train_wall=20, gb_free=36.5, wall=41351
2023-05-16 10:03:12 - progress_bar.py[line:272] - INFO: epoch 004:   3753 / 4137 loss=0.128, loss_v1=0, loss_v2=0, nll_loss=0.128, ntokens=256, nsentences=128, sample_size=256, sample_size_v1=0, sample_size_v2=0, ppl=1.09, wps=123.9, ups=0.48, wpb=256, bsz=128, num_updates=16140, lr=1.16874e-05, gnorm=1.024, clip=60, loss_scale=1024, train_wall=21, gb_free=36.5, wall=41372
2023-05-16 10:03:32 - progress_bar.py[line:272] - INFO: epoch 004:   3763 / 4137 loss=0.128, loss_v1=0, loss_v2=0, nll_loss=0.128, ntokens=256, nsentences=128, sample_size=256, sample_size_v1=0, sample_size_v2=0, ppl=1.09, wps=125.7, ups=0.49, wpb=256, bsz=128, num_updates=16150, lr=1.16617e-05, gnorm=1.019, clip=60, loss_scale=1024, train_wall=20, gb_free=36.5, wall=41392
2023-05-16 10:03:53 - progress_bar.py[line:272] - INFO: epoch 004:   3773 / 4137 loss=0.153, loss_v1=0, loss_v2=0, nll_loss=0.153, ntokens=256, nsentences=128, sample_size=256, sample_size_v1=0, sample_size_v2=0, ppl=1.11, wps=124.8, ups=0.49, wpb=256, bsz=128, num_updates=16160, lr=1.1636e-05, gnorm=0.996, clip=60, loss_scale=1024, train_wall=20, gb_free=36.5, wall=41413
2023-05-16 10:04:13 - progress_bar.py[line:272] - INFO: epoch 004:   3783 / 4137 loss=0.138, loss_v1=0, loss_v2=0, nll_loss=0.138, ntokens=256, nsentences=128, sample_size=256, sample_size_v1=0, sample_size_v2=0, ppl=1.1, wps=124.6, ups=0.49, wpb=256, bsz=128, num_updates=16170, lr=1.16103e-05, gnorm=1.155, clip=80, loss_scale=1024, train_wall=20, gb_free=36.6, wall=41433
2023-05-16 10:04:34 - progress_bar.py[line:272] - INFO: epoch 004:   3793 / 4137 loss=0.151, loss_v1=0, loss_v2=0, nll_loss=0.151, ntokens=256, nsentences=128, sample_size=256, sample_size_v1=0, sample_size_v2=0, ppl=1.11, wps=122, ups=0.48, wpb=256, bsz=128, num_updates=16180, lr=1.15846e-05, gnorm=1.085, clip=70, loss_scale=1024, train_wall=21, gb_free=36.7, wall=41454
2023-05-16 10:04:55 - progress_bar.py[line:272] - INFO: epoch 004:   3803 / 4137 loss=0.145, loss_v1=0, loss_v2=0, nll_loss=0.145, ntokens=256, nsentences=128, sample_size=256, sample_size_v1=0, sample_size_v2=0, ppl=1.11, wps=123.5, ups=0.48, wpb=256, bsz=128, num_updates=16190, lr=1.15588e-05, gnorm=0.966, clip=50, loss_scale=1024, train_wall=21, gb_free=36.7, wall=41475
2023-05-16 10:05:16 - progress_bar.py[line:272] - INFO: epoch 004:   3813 / 4137 loss=0.16, loss_v1=0, loss_v2=0, nll_loss=0.16, ntokens=256, nsentences=128, sample_size=256, sample_size_v1=0, sample_size_v2=0, ppl=1.12, wps=123.7, ups=0.48, wpb=256, bsz=128, num_updates=16200, lr=1.15331e-05, gnorm=1.033, clip=70, loss_scale=1024, train_wall=21, gb_free=36.6, wall=41496
2023-05-16 10:05:36 - progress_bar.py[line:272] - INFO: epoch 004:   3823 / 4137 loss=0.141, loss_v1=0, loss_v2=0, nll_loss=0.141, ntokens=256, nsentences=128, sample_size=256, sample_size_v1=0, sample_size_v2=0, ppl=1.1, wps=124.2, ups=0.49, wpb=256, bsz=128, num_updates=16210, lr=1.15074e-05, gnorm=1.001, clip=50, loss_scale=1024, train_wall=21, gb_free=36.7, wall=41516
2023-05-16 10:05:57 - progress_bar.py[line:272] - INFO: epoch 004:   3833 / 4137 loss=0.136, loss_v1=0, loss_v2=0, nll_loss=0.136, ntokens=256, nsentences=128, sample_size=256, sample_size_v1=0, sample_size_v2=0, ppl=1.1, wps=124.3, ups=0.49, wpb=256, bsz=128, num_updates=16220, lr=1.14817e-05, gnorm=0.932, clip=40, loss_scale=1024, train_wall=21, gb_free=36.6, wall=41537
2023-05-16 10:06:18 - progress_bar.py[line:272] - INFO: epoch 004:   3843 / 4137 loss=0.144, loss_v1=0, loss_v2=0, nll_loss=0.144, ntokens=256, nsentences=128, sample_size=256, sample_size_v1=0, sample_size_v2=0, ppl=1.1, wps=122.7, ups=0.48, wpb=256, bsz=128, num_updates=16230, lr=1.1456e-05, gnorm=0.981, clip=60, loss_scale=1024, train_wall=21, gb_free=36.4, wall=41558
2023-05-16 10:06:24 - trainer.py[line:921] - INFO: NOTE: gradient overflow detected, ignoring gradient, setting loss scale to: 512.0
2023-05-16 10:06:41 - progress_bar.py[line:272] - INFO: epoch 004:   3854 / 4137 loss=0.159, loss_v1=0, loss_v2=0, nll_loss=0.159, ntokens=256, nsentences=128, sample_size=256, sample_size_v1=0, sample_size_v2=0, ppl=1.12, wps=111.1, ups=0.43, wpb=256, bsz=128, num_updates=16240, lr=1.14303e-05, gnorm=1.101, clip=70, loss_scale=512, train_wall=23, gb_free=36.6, wall=41581
2023-05-16 10:07:02 - progress_bar.py[line:272] - INFO: epoch 004:   3864 / 4137 loss=0.133, loss_v1=0, loss_v2=0, nll_loss=0.133, ntokens=256, nsentences=128, sample_size=256, sample_size_v1=0, sample_size_v2=0, ppl=1.1, wps=123.2, ups=0.48, wpb=256, bsz=128, num_updates=16250, lr=1.14045e-05, gnorm=0.947, clip=50, loss_scale=512, train_wall=21, gb_free=36.6, wall=41602
2023-05-16 10:07:22 - progress_bar.py[line:272] - INFO: epoch 004:   3874 / 4137 loss=0.153, loss_v1=0, loss_v2=0, nll_loss=0.153, ntokens=256, nsentences=128, sample_size=256, sample_size_v1=0, sample_size_v2=0, ppl=1.11, wps=125.1, ups=0.49, wpb=256, bsz=128, num_updates=16260, lr=1.13788e-05, gnorm=1.062, clip=70, loss_scale=512, train_wall=20, gb_free=36.5, wall=41622
2023-05-16 10:07:42 - progress_bar.py[line:272] - INFO: epoch 004:   3884 / 4137 loss=0.151, loss_v1=0, loss_v2=0, nll_loss=0.151, ntokens=256, nsentences=128, sample_size=256, sample_size_v1=0, sample_size_v2=0, ppl=1.11, wps=125, ups=0.49, wpb=256, bsz=128, num_updates=16270, lr=1.13531e-05, gnorm=1.056, clip=60, loss_scale=512, train_wall=20, gb_free=36.6, wall=41643
2023-05-16 10:08:03 - progress_bar.py[line:272] - INFO: epoch 004:   3894 / 4137 loss=0.158, loss_v1=0, loss_v2=0, nll_loss=0.158, ntokens=256, nsentences=128, sample_size=256, sample_size_v1=0, sample_size_v2=0, ppl=1.12, wps=123.3, ups=0.48, wpb=256, bsz=128, num_updates=16280, lr=1.13274e-05, gnorm=1.072, clip=80, loss_scale=512, train_wall=21, gb_free=36.6, wall=41663
2023-05-16 10:08:24 - progress_bar.py[line:272] - INFO: epoch 004:   3904 / 4137 loss=0.138, loss_v1=0, loss_v2=0, nll_loss=0.138, ntokens=256, nsentences=128, sample_size=256, sample_size_v1=0, sample_size_v2=0, ppl=1.1, wps=121.7, ups=0.48, wpb=256, bsz=128, num_updates=16290, lr=1.13017e-05, gnorm=1.056, clip=60, loss_scale=512, train_wall=21, gb_free=36.5, wall=41684
2023-05-16 10:08:45 - progress_bar.py[line:272] - INFO: epoch 004:   3914 / 4137 loss=0.149, loss_v1=0, loss_v2=0, nll_loss=0.149, ntokens=256, nsentences=128, sample_size=256, sample_size_v1=0, sample_size_v2=0, ppl=1.11, wps=123.2, ups=0.48, wpb=256, bsz=128, num_updates=16300, lr=1.1276e-05, gnorm=1.013, clip=40, loss_scale=512, train_wall=21, gb_free=36.6, wall=41705
2023-05-16 10:09:06 - progress_bar.py[line:272] - INFO: epoch 004:   3924 / 4137 loss=0.153, loss_v1=0, loss_v2=0, nll_loss=0.153, ntokens=256, nsentences=128, sample_size=256, sample_size_v1=0, sample_size_v2=0, ppl=1.11, wps=124.9, ups=0.49, wpb=256, bsz=128, num_updates=16310, lr=1.12503e-05, gnorm=1.07, clip=60, loss_scale=512, train_wall=20, gb_free=36.6, wall=41726
2023-05-16 10:09:26 - progress_bar.py[line:272] - INFO: epoch 004:   3934 / 4137 loss=0.15, loss_v1=0, loss_v2=0, nll_loss=0.15, ntokens=256, nsentences=128, sample_size=256, sample_size_v1=0, sample_size_v2=0, ppl=1.11, wps=124.3, ups=0.49, wpb=256, bsz=128, num_updates=16320, lr=1.12245e-05, gnorm=1.044, clip=60, loss_scale=512, train_wall=21, gb_free=36.6, wall=41746
2023-05-16 10:09:47 - progress_bar.py[line:272] - INFO: epoch 004:   3944 / 4137 loss=0.155, loss_v1=0, loss_v2=0, nll_loss=0.155, ntokens=256, nsentences=128, sample_size=256, sample_size_v1=0, sample_size_v2=0, ppl=1.11, wps=125.3, ups=0.49, wpb=256, bsz=128, num_updates=16330, lr=1.11988e-05, gnorm=1.09, clip=80, loss_scale=512, train_wall=20, gb_free=36.7, wall=41767
2023-05-16 10:10:07 - progress_bar.py[line:272] - INFO: epoch 004:   3954 / 4137 loss=0.151, loss_v1=0, loss_v2=0, nll_loss=0.151, ntokens=256, nsentences=128, sample_size=256, sample_size_v1=0, sample_size_v2=0, ppl=1.11, wps=125.6, ups=0.49, wpb=256, bsz=128, num_updates=16340, lr=1.11731e-05, gnorm=0.995, clip=40, loss_scale=512, train_wall=20, gb_free=36.6, wall=41787
2023-05-16 10:10:28 - progress_bar.py[line:272] - INFO: epoch 004:   3964 / 4137 loss=0.159, loss_v1=0, loss_v2=0, nll_loss=0.159, ntokens=256, nsentences=128, sample_size=256, sample_size_v1=0, sample_size_v2=0, ppl=1.12, wps=124.3, ups=0.49, wpb=256, bsz=128, num_updates=16350, lr=1.11474e-05, gnorm=1.128, clip=90, loss_scale=512, train_wall=21, gb_free=36.7, wall=41808
2023-05-16 10:10:48 - progress_bar.py[line:272] - INFO: epoch 004:   3974 / 4137 loss=0.131, loss_v1=0, loss_v2=0, nll_loss=0.131, ntokens=256, nsentences=128, sample_size=256, sample_size_v1=0, sample_size_v2=0, ppl=1.1, wps=124.4, ups=0.49, wpb=256, bsz=128, num_updates=16360, lr=1.11217e-05, gnorm=0.954, clip=30, loss_scale=512, train_wall=21, gb_free=36.6, wall=41828
2023-05-16 10:11:09 - progress_bar.py[line:272] - INFO: epoch 004:   3984 / 4137 loss=0.133, loss_v1=0, loss_v2=0, nll_loss=0.133, ntokens=256, nsentences=128, sample_size=256, sample_size_v1=0, sample_size_v2=0, ppl=1.1, wps=124.8, ups=0.49, wpb=256, bsz=128, num_updates=16370, lr=1.1096e-05, gnorm=1.03, clip=50, loss_scale=512, train_wall=20, gb_free=36.4, wall=41849
2023-05-16 10:11:29 - progress_bar.py[line:272] - INFO: epoch 004:   3994 / 4137 loss=0.15, loss_v1=0, loss_v2=0, nll_loss=0.15, ntokens=256, nsentences=128, sample_size=256, sample_size_v1=0, sample_size_v2=0, ppl=1.11, wps=123.2, ups=0.48, wpb=256, bsz=128, num_updates=16380, lr=1.10703e-05, gnorm=1.03, clip=70, loss_scale=512, train_wall=21, gb_free=36.7, wall=41870
2023-05-16 10:11:50 - progress_bar.py[line:272] - INFO: epoch 004:   4004 / 4137 loss=0.152, loss_v1=0, loss_v2=0, nll_loss=0.152, ntokens=256, nsentences=128, sample_size=256, sample_size_v1=0, sample_size_v2=0, ppl=1.11, wps=124, ups=0.48, wpb=256, bsz=128, num_updates=16390, lr=1.10445e-05, gnorm=1.124, clip=70, loss_scale=512, train_wall=21, gb_free=36.6, wall=41890
2023-05-16 10:12:11 - progress_bar.py[line:272] - INFO: epoch 004:   4014 / 4137 loss=0.152, loss_v1=0, loss_v2=0, nll_loss=0.152, ntokens=256, nsentences=128, sample_size=256, sample_size_v1=0, sample_size_v2=0, ppl=1.11, wps=124.4, ups=0.49, wpb=256, bsz=128, num_updates=16400, lr=1.10188e-05, gnorm=1.028, clip=50, loss_scale=512, train_wall=21, gb_free=36.4, wall=41911
2023-05-16 10:12:31 - progress_bar.py[line:272] - INFO: epoch 004:   4024 / 4137 loss=0.135, loss_v1=0, loss_v2=0, nll_loss=0.135, ntokens=256, nsentences=128, sample_size=256, sample_size_v1=0, sample_size_v2=0, ppl=1.1, wps=124.7, ups=0.49, wpb=256, bsz=128, num_updates=16410, lr=1.09931e-05, gnorm=0.933, clip=40, loss_scale=512, train_wall=20, gb_free=36.3, wall=41931
2023-05-16 10:12:52 - progress_bar.py[line:272] - INFO: epoch 004:   4034 / 4137 loss=0.153, loss_v1=0, loss_v2=0, nll_loss=0.153, ntokens=256, nsentences=128, sample_size=256, sample_size_v1=0, sample_size_v2=0, ppl=1.11, wps=124, ups=0.48, wpb=256, bsz=128, num_updates=16420, lr=1.09674e-05, gnorm=1.117, clip=70, loss_scale=512, train_wall=21, gb_free=36.5, wall=41952
2023-05-16 10:13:12 - progress_bar.py[line:272] - INFO: epoch 004:   4044 / 4137 loss=0.131, loss_v1=0, loss_v2=0, nll_loss=0.131, ntokens=256, nsentences=128, sample_size=256, sample_size_v1=0, sample_size_v2=0, ppl=1.09, wps=124.2, ups=0.49, wpb=256, bsz=128, num_updates=16430, lr=1.09417e-05, gnorm=1.007, clip=40, loss_scale=512, train_wall=21, gb_free=36.7, wall=41973
2023-05-16 10:13:33 - progress_bar.py[line:272] - INFO: epoch 004:   4054 / 4137 loss=0.143, loss_v1=0, loss_v2=0, nll_loss=0.143, ntokens=256, nsentences=128, sample_size=256, sample_size_v1=0, sample_size_v2=0, ppl=1.1, wps=123, ups=0.48, wpb=256, bsz=128, num_updates=16440, lr=1.0916e-05, gnorm=1.006, clip=60, loss_scale=512, train_wall=21, gb_free=36.7, wall=41993
2023-05-16 10:13:54 - progress_bar.py[line:272] - INFO: epoch 004:   4064 / 4137 loss=0.139, loss_v1=0, loss_v2=0, nll_loss=0.139, ntokens=256, nsentences=128, sample_size=256, sample_size_v1=0, sample_size_v2=0, ppl=1.1, wps=122, ups=0.48, wpb=256, bsz=128, num_updates=16450, lr=1.08902e-05, gnorm=1.089, clip=60, loss_scale=512, train_wall=21, gb_free=36.5, wall=42014
2023-05-16 10:14:15 - progress_bar.py[line:272] - INFO: epoch 004:   4074 / 4137 loss=0.143, loss_v1=0, loss_v2=0, nll_loss=0.143, ntokens=256, nsentences=128, sample_size=256, sample_size_v1=0, sample_size_v2=0, ppl=1.1, wps=123.7, ups=0.48, wpb=256, bsz=128, num_updates=16460, lr=1.08645e-05, gnorm=1.05, clip=60, loss_scale=512, train_wall=21, gb_free=36.7, wall=42035
2023-05-16 10:14:36 - progress_bar.py[line:272] - INFO: epoch 004:   4084 / 4137 loss=0.149, loss_v1=0, loss_v2=0, nll_loss=0.149, ntokens=256, nsentences=128, sample_size=256, sample_size_v1=0, sample_size_v2=0, ppl=1.11, wps=123.6, ups=0.48, wpb=256, bsz=128, num_updates=16470, lr=1.08388e-05, gnorm=1.138, clip=60, loss_scale=512, train_wall=21, gb_free=36.7, wall=42056
2023-05-16 10:14:56 - progress_bar.py[line:272] - INFO: epoch 004:   4094 / 4137 loss=0.157, loss_v1=0, loss_v2=0, nll_loss=0.157, ntokens=256, nsentences=128, sample_size=256, sample_size_v1=0, sample_size_v2=0, ppl=1.12, wps=126.6, ups=0.49, wpb=256, bsz=128, num_updates=16480, lr=1.08131e-05, gnorm=1.093, clip=70, loss_scale=512, train_wall=20, gb_free=36.7, wall=42076
2023-05-16 10:15:16 - progress_bar.py[line:272] - INFO: epoch 004:   4104 / 4137 loss=0.162, loss_v1=0, loss_v2=0, nll_loss=0.162, ntokens=256, nsentences=128, sample_size=256, sample_size_v1=0, sample_size_v2=0, ppl=1.12, wps=125.7, ups=0.49, wpb=256, bsz=128, num_updates=16490, lr=1.07874e-05, gnorm=1.068, clip=50, loss_scale=512, train_wall=20, gb_free=36.7, wall=42096
2023-05-16 10:15:36 - progress_bar.py[line:272] - INFO: epoch 004:   4114 / 4137 loss=0.144, loss_v1=0, loss_v2=0, nll_loss=0.144, ntokens=256, nsentences=128, sample_size=256, sample_size_v1=0, sample_size_v2=0, ppl=1.11, wps=128.7, ups=0.5, wpb=256, bsz=128, num_updates=16500, lr=1.07617e-05, gnorm=1.005, clip=50, loss_scale=512, train_wall=20, gb_free=36.7, wall=42116
slice_id 3 seek offset 13394
slice_id 2 seek offset 8930
2023-05-16 10:15:36 - train.py[line:445] - INFO: begin validation on "valid" subset
slice_id 0 seek offset 0
slice_id 1 seek offset 4465
slice_id 0 seek offset 0
slice_id 1 seek offset 4465
slice_id 3 seek offset 13394
slice_id 2 seek offset 8930
2023-05-16 10:18:57 - progress_bar.py[line:282] - INFO: epoch 004 | valid on 'valid' subset | loss 0.211 | loss_v1 0 | loss_v2 0 | nll_loss 0.211 | ntokens 31.975 | nsentences 15.987 | sample_size 31.975 | sample_size_v1 0 | sample_size_v2 0 | ppl 1.16 | snli_score 0.851 | wps 177.9 | wpb 32 | bsz 16 | num_updates 16500 | best_snli_score 0.8517
2023-05-16 10:18:57 - checkpoint_utils.py[line:64] - INFO: Preparing to save checkpoint for epoch 4 @ 16500 updates
2023-05-16 10:18:57 - trainer.py[line:431] - INFO: Saving checkpoint to ./EC_full_checkpoints/5_5e-5/checkpoint_4_16500.pt
2023-05-16 10:19:00 - trainer.py[line:441] - INFO: Finished saving checkpoint to ./EC_full_checkpoints/5_5e-5/checkpoint_4_16500.pt
2023-05-16 10:19:02 - checkpoint_utils.py[line:133] - INFO: Saved checkpoint ./EC_full_checkpoints/5_5e-5/checkpoint_4_16500.pt (epoch 4 @ 16500 updates, score 0.851) (writing took 5.451527087017894 seconds)
2023-05-16 10:19:22 - progress_bar.py[line:272] - INFO: epoch 004:   4124 / 4137 loss=0.161, loss_v1=0, loss_v2=0, nll_loss=0.161, ntokens=256, nsentences=128, sample_size=256, sample_size_v1=0, sample_size_v2=0, ppl=1.12, wps=11.3, ups=0.04, wpb=256, bsz=128, num_updates=16510, lr=1.0736e-05, gnorm=1.082, clip=60, loss_scale=512, train_wall=20, gb_free=36.5, wall=42342
2023-05-16 10:19:42 - progress_bar.py[line:272] - INFO: epoch 004:   4134 / 4137 loss=0.141, loss_v1=0, loss_v2=0, nll_loss=0.141, ntokens=256, nsentences=128, sample_size=256, sample_size_v1=0, sample_size_v2=0, ppl=1.1, wps=129.4, ups=0.51, wpb=256, bsz=128, num_updates=16520, lr=1.07102e-05, gnorm=0.959, clip=40, loss_scale=512, train_wall=20, gb_free=36.6, wall=42362
slice_id 2 seek offset 8930
slice_id 1 seek offset 44652023-05-16 10:19:48 - train.py[line:445] - INFO: begin validation on "valid" subset

slice_id 0 seek offset 0
slice_id 3 seek offset 13394
slice_id 0 seek offset 0
slice_id 1 seek offset 4465
slice_id 3 seek offset 13394
slice_id 2 seek offset 8930
2023-05-16 10:23:09 - progress_bar.py[line:282] - INFO: epoch 004 | valid on 'valid' subset | loss 0.212 | loss_v1 0 | loss_v2 0 | nll_loss 0.212 | ntokens 31.975 | nsentences 15.987 | sample_size 31.975 | sample_size_v1 0 | sample_size_v2 0 | ppl 1.16 | snli_score 0.8524 | wps 177.5 | wpb 32 | bsz 16 | num_updates 16523 | best_snli_score 0.8524
2023-05-16 10:23:09 - checkpoint_utils.py[line:64] - INFO: Preparing to save checkpoint for epoch 4 @ 16523 updates
local datafile ../../dataset/snli_ve_data/snli_ve_train.tsv slice_id 2 begin to initialize row_count and line_idx-to-offset mapping
local datafile ../../dataset/snli_ve_data/snli_ve_train.tsv slice_id 1 begin to initialize row_count and line_idx-to-offset mapping
2023-05-16 10:23:09 - trainer.py[line:431] - INFO: Saving checkpoint to ./EC_full_checkpoints/5_5e-5/checkpoint4.pt
local datafile ../../dataset/snli_ve_data/snli_ve_train.tsv slice_id 3 begin to initialize row_count and line_idx-to-offset mapping
2023-05-16 10:23:12 - trainer.py[line:441] - INFO: Finished saving checkpoint to ./EC_full_checkpoints/5_5e-5/checkpoint4.pt
2023-05-16 10:23:19 - checkpoint_utils.py[line:133] - INFO: Saved checkpoint ./EC_full_checkpoints/5_5e-5/checkpoint4.pt (epoch 4 @ 16523 updates, score 0.8524) (writing took 10.191529052099213 seconds)
2023-05-16 10:23:19 - train.py[line:332] - INFO: end of epoch 4 (average epoch stats below)
2023-05-16 10:23:19 - progress_bar.py[line:282] - INFO: epoch 004 | loss 0.158 | loss_v1 0 | loss_v2 0 | nll_loss 0.158 | ntokens 255.996 | nsentences 127.998 | sample_size 255.996 | sample_size_v1 0 | sample_size_v2 0 | ppl 1.12 | wps 101 | ups 0.39 | wpb 256 | bsz 128 | num_updates 16523 | lr 1.07025e-05 | gnorm 0.988 | clip 43.5 | loss_scale 512 | train_wall 8325 | gb_free 36.5 | wall 42580
2023-05-16 10:23:19 - trainer.py[line:639] - INFO: loading train data for epoch 5
local datafile ../../dataset/snli_ve_data/snli_ve_train.tsv slice_id 0 begin to initialize row_count and line_idx-to-offset mapping
local datafile ../../dataset/snli_ve_data/snli_ve_train.tsv slice_id 2 finished initializing row_count and line_idx-to-offset mapping
file ../../dataset/snli_ve_data/snli_ve_train.tsv slice_id 2 row count 132382 total row count 529527
slice_id 2 seek offset 264764
local datafile ../../dataset/snli_ve_data/snli_ve_train.tsv slice_id 3 finished initializing row_count and line_idx-to-offset mapping
file ../../dataset/snli_ve_data/snli_ve_train.tsv slice_id 3 row count 132381 total row count 529527
slice_id 3 seek offset 397146
local datafile ../../dataset/snli_ve_data/snli_ve_train.tsv slice_id 1 finished initializing row_count and line_idx-to-offset mapping
file ../../dataset/snli_ve_data/snli_ve_train.tsv slice_id 1 row count 132382 total row count 529527
slice_id 1 seek offset 132382
local datafile ../../dataset/snli_ve_data/snli_ve_train.tsv slice_id 0 finished initializing row_count and line_idx-to-offset mapping
file ../../dataset/snli_ve_data/snli_ve_train.tsv slice_id 0 row count 132382 total row count 529527
slice_id 0 seek offset 0
2023-05-16 10:23:32 - trainer.py[line:703] - INFO: begin training epoch 5
2023-05-16 10:23:32 - train.py[line:305] - INFO: Start iterating over samples
2023-05-16 10:23:46 - progress_bar.py[line:272] - INFO: epoch 005:      7 / 4137 loss=0.158, loss_v1=0, loss_v2=0, nll_loss=0.158, ntokens=256, nsentences=128, sample_size=256, sample_size_v1=0, sample_size_v2=0, ppl=1.12, wps=10.5, ups=0.04, wpb=256, bsz=128, num_updates=16530, lr=1.06845e-05, gnorm=1.084, clip=70, loss_scale=512, train_wall=20, gb_free=36.6, wall=42607
2023-05-16 10:24:06 - progress_bar.py[line:272] - INFO: epoch 005:     17 / 4137 loss=0.143, loss_v1=0, loss_v2=0, nll_loss=0.143, ntokens=256, nsentences=128, sample_size=256, sample_size_v1=0, sample_size_v2=0, ppl=1.1, wps=129.7, ups=0.51, wpb=256, bsz=128, num_updates=16540, lr=1.06588e-05, gnorm=1.016, clip=50, loss_scale=512, train_wall=20, gb_free=36.7, wall=42626
2023-05-16 10:24:26 - progress_bar.py[line:272] - INFO: epoch 005:     27 / 4137 loss=0.165, loss_v1=0, loss_v2=0, nll_loss=0.165, ntokens=256, nsentences=128, sample_size=256, sample_size_v1=0, sample_size_v2=0, ppl=1.12, wps=129.4, ups=0.51, wpb=256, bsz=128, num_updates=16550, lr=1.06331e-05, gnorm=1.175, clip=70, loss_scale=512, train_wall=20, gb_free=36.6, wall=42646
2023-05-16 10:24:46 - progress_bar.py[line:272] - INFO: epoch 005:     37 / 4137 loss=0.157, loss_v1=0, loss_v2=0, nll_loss=0.157, ntokens=256, nsentences=128, sample_size=256, sample_size_v1=0, sample_size_v2=0, ppl=1.11, wps=130, ups=0.51, wpb=256, bsz=128, num_updates=16560, lr=1.06074e-05, gnorm=1.07, clip=60, loss_scale=512, train_wall=20, gb_free=36.7, wall=42666
2023-05-16 10:25:05 - progress_bar.py[line:272] - INFO: epoch 005:     47 / 4137 loss=0.15, loss_v1=0, loss_v2=0, nll_loss=0.15, ntokens=256, nsentences=128, sample_size=256, sample_size_v1=0, sample_size_v2=0, ppl=1.11, wps=129.5, ups=0.51, wpb=256, bsz=128, num_updates=16570, lr=1.05817e-05, gnorm=1.051, clip=70, loss_scale=512, train_wall=20, gb_free=36.7, wall=42686
2023-05-16 10:25:25 - progress_bar.py[line:272] - INFO: epoch 005:     57 / 4137 loss=0.146, loss_v1=0, loss_v2=0, nll_loss=0.146, ntokens=256, nsentences=128, sample_size=256, sample_size_v1=0, sample_size_v2=0, ppl=1.11, wps=129.4, ups=0.51, wpb=256, bsz=128, num_updates=16580, lr=1.0556e-05, gnorm=0.989, clip=40, loss_scale=512, train_wall=20, gb_free=36.6, wall=42705
2023-05-16 10:25:45 - progress_bar.py[line:272] - INFO: epoch 005:     67 / 4137 loss=0.133, loss_v1=0, loss_v2=0, nll_loss=0.133, ntokens=256, nsentences=128, sample_size=256, sample_size_v1=0, sample_size_v2=0, ppl=1.1, wps=128, ups=0.5, wpb=256, bsz=128, num_updates=16590, lr=1.05302e-05, gnorm=0.931, clip=60, loss_scale=512, train_wall=20, gb_free=36.6, wall=42725
2023-05-16 10:26:05 - progress_bar.py[line:272] - INFO: epoch 005:     77 / 4137 loss=0.144, loss_v1=0, loss_v2=0, nll_loss=0.144, ntokens=256, nsentences=128, sample_size=256, sample_size_v1=0, sample_size_v2=0, ppl=1.1, wps=129.6, ups=0.51, wpb=256, bsz=128, num_updates=16600, lr=1.05045e-05, gnorm=1.074, clip=80, loss_scale=512, train_wall=20, gb_free=36.7, wall=42745
2023-05-16 10:26:25 - progress_bar.py[line:272] - INFO: epoch 005:     87 / 4137 loss=0.147, loss_v1=0, loss_v2=0, nll_loss=0.147, ntokens=256, nsentences=128, sample_size=256, sample_size_v1=0, sample_size_v2=0, ppl=1.11, wps=127.9, ups=0.5, wpb=256, bsz=128, num_updates=16610, lr=1.04788e-05, gnorm=1.126, clip=80, loss_scale=512, train_wall=20, gb_free=36.7, wall=42765
2023-05-16 10:26:45 - progress_bar.py[line:272] - INFO: epoch 005:     97 / 4137 loss=0.152, loss_v1=0, loss_v2=0, nll_loss=0.152, ntokens=256, nsentences=128, sample_size=256, sample_size_v1=0, sample_size_v2=0, ppl=1.11, wps=128.2, ups=0.5, wpb=256, bsz=128, num_updates=16620, lr=1.04531e-05, gnorm=1.08, clip=70, loss_scale=512, train_wall=20, gb_free=36.6, wall=42785
2023-05-16 10:27:05 - progress_bar.py[line:272] - INFO: epoch 005:    107 / 4137 loss=0.171, loss_v1=0, loss_v2=0, nll_loss=0.171, ntokens=256, nsentences=128, sample_size=256, sample_size_v1=0, sample_size_v2=0, ppl=1.13, wps=128.1, ups=0.5, wpb=256, bsz=128, num_updates=16630, lr=1.04274e-05, gnorm=1.163, clip=90, loss_scale=512, train_wall=20, gb_free=36.7, wall=42805
2023-05-16 10:27:25 - progress_bar.py[line:272] - INFO: epoch 005:    117 / 4137 loss=0.135, loss_v1=0, loss_v2=0, nll_loss=0.135, ntokens=256, nsentences=128, sample_size=256, sample_size_v1=0, sample_size_v2=0, ppl=1.1, wps=128.6, ups=0.5, wpb=256, bsz=128, num_updates=16640, lr=1.04017e-05, gnorm=0.964, clip=30, loss_scale=512, train_wall=20, gb_free=36.7, wall=42825
2023-05-16 10:27:45 - progress_bar.py[line:272] - INFO: epoch 005:    127 / 4137 loss=0.147, loss_v1=0, loss_v2=0, nll_loss=0.147, ntokens=256, nsentences=128, sample_size=256, sample_size_v1=0, sample_size_v2=0, ppl=1.11, wps=128.1, ups=0.5, wpb=256, bsz=128, num_updates=16650, lr=1.0376e-05, gnorm=1.096, clip=70, loss_scale=512, train_wall=20, gb_free=36.6, wall=42845
2023-05-16 10:28:05 - progress_bar.py[line:272] - INFO: epoch 005:    137 / 4137 loss=0.149, loss_v1=0, loss_v2=0, nll_loss=0.149, ntokens=256, nsentences=128, sample_size=256, sample_size_v1=0, sample_size_v2=0, ppl=1.11, wps=128.3, ups=0.5, wpb=256, bsz=128, num_updates=16660, lr=1.03502e-05, gnorm=1.016, clip=40, loss_scale=512, train_wall=20, gb_free=36.7, wall=42865
2023-05-16 10:28:25 - progress_bar.py[line:272] - INFO: epoch 005:    147 / 4137 loss=0.155, loss_v1=0, loss_v2=0, nll_loss=0.155, ntokens=256, nsentences=128, sample_size=256, sample_size_v1=0, sample_size_v2=0, ppl=1.11, wps=127.9, ups=0.5, wpb=256, bsz=128, num_updates=16670, lr=1.03245e-05, gnorm=0.979, clip=40, loss_scale=512, train_wall=20, gb_free=36.6, wall=42885
2023-05-16 10:28:45 - progress_bar.py[line:272] - INFO: epoch 005:    157 / 4137 loss=0.149, loss_v1=0, loss_v2=0, nll_loss=0.149, ntokens=256, nsentences=128, sample_size=256, sample_size_v1=0, sample_size_v2=0, ppl=1.11, wps=128.1, ups=0.5, wpb=256, bsz=128, num_updates=16680, lr=1.02988e-05, gnorm=0.954, clip=40, loss_scale=512, train_wall=20, gb_free=36.5, wall=42905
2023-05-16 10:29:04 - progress_bar.py[line:272] - INFO: epoch 005:    167 / 4137 loss=0.165, loss_v1=0, loss_v2=0, nll_loss=0.165, ntokens=256, nsentences=128, sample_size=256, sample_size_v1=0, sample_size_v2=0, ppl=1.12, wps=129.2, ups=0.5, wpb=256, bsz=128, num_updates=16690, lr=1.02731e-05, gnorm=1.089, clip=80, loss_scale=512, train_wall=20, gb_free=36.7, wall=42925
2023-05-16 10:29:24 - progress_bar.py[line:272] - INFO: epoch 005:    177 / 4137 loss=0.121, loss_v1=0, loss_v2=0, nll_loss=0.121, ntokens=256, nsentences=128, sample_size=256, sample_size_v1=0, sample_size_v2=0, ppl=1.09, wps=128.9, ups=0.5, wpb=256, bsz=128, num_updates=16700, lr=1.02474e-05, gnorm=0.885, clip=10, loss_scale=512, train_wall=20, gb_free=36.5, wall=42945
2023-05-16 10:29:45 - progress_bar.py[line:272] - INFO: epoch 005:    187 / 4137 loss=0.142, loss_v1=0, loss_v2=0, nll_loss=0.142, ntokens=256, nsentences=128, sample_size=256, sample_size_v1=0, sample_size_v2=0, ppl=1.1, wps=125.9, ups=0.49, wpb=256, bsz=128, num_updates=16710, lr=1.02217e-05, gnorm=1.006, clip=50, loss_scale=512, train_wall=20, gb_free=36.6, wall=42965
2023-05-16 10:30:05 - progress_bar.py[line:272] - INFO: epoch 005:    197 / 4137 loss=0.154, loss_v1=0, loss_v2=0, nll_loss=0.154, ntokens=256, nsentences=128, sample_size=256, sample_size_v1=0, sample_size_v2=0, ppl=1.11, wps=128.4, ups=0.5, wpb=256, bsz=128, num_updates=16720, lr=1.01959e-05, gnorm=1.061, clip=70, loss_scale=512, train_wall=20, gb_free=36.6, wall=42985
2023-05-16 10:30:25 - progress_bar.py[line:272] - INFO: epoch 005:    207 / 4137 loss=0.14, loss_v1=0, loss_v2=0, nll_loss=0.14, ntokens=256, nsentences=128, sample_size=256, sample_size_v1=0, sample_size_v2=0, ppl=1.1, wps=128.7, ups=0.5, wpb=256, bsz=128, num_updates=16730, lr=1.01702e-05, gnorm=1.007, clip=50, loss_scale=512, train_wall=20, gb_free=36.7, wall=43005
2023-05-16 10:30:44 - progress_bar.py[line:272] - INFO: epoch 005:    217 / 4137 loss=0.158, loss_v1=0, loss_v2=0, nll_loss=0.158, ntokens=256, nsentences=128, sample_size=256, sample_size_v1=0, sample_size_v2=0, ppl=1.12, wps=130, ups=0.51, wpb=256, bsz=128, num_updates=16740, lr=1.01445e-05, gnorm=1.019, clip=70, loss_scale=512, train_wall=20, gb_free=36.6, wall=43024
2023-05-16 10:31:04 - progress_bar.py[line:272] - INFO: epoch 005:    227 / 4137 loss=0.153, loss_v1=0, loss_v2=0, nll_loss=0.153, ntokens=256, nsentences=128, sample_size=256, sample_size_v1=0, sample_size_v2=0, ppl=1.11, wps=129.3, ups=0.51, wpb=256, bsz=128, num_updates=16750, lr=1.01188e-05, gnorm=1.013, clip=40, loss_scale=1024, train_wall=20, gb_free=36.7, wall=43044
2023-05-16 10:31:24 - progress_bar.py[line:272] - INFO: epoch 005:    237 / 4137 loss=0.143, loss_v1=0, loss_v2=0, nll_loss=0.143, ntokens=256, nsentences=128, sample_size=256, sample_size_v1=0, sample_size_v2=0, ppl=1.1, wps=128.9, ups=0.5, wpb=256, bsz=128, num_updates=16760, lr=1.00931e-05, gnorm=1.022, clip=60, loss_scale=1024, train_wall=20, gb_free=36.7, wall=43064
2023-05-16 10:31:44 - progress_bar.py[line:272] - INFO: epoch 005:    247 / 4137 loss=0.154, loss_v1=0, loss_v2=0, nll_loss=0.154, ntokens=256, nsentences=128, sample_size=256, sample_size_v1=0, sample_size_v2=0, ppl=1.11, wps=128.5, ups=0.5, wpb=256, bsz=128, num_updates=16770, lr=1.00674e-05, gnorm=1.128, clip=60, loss_scale=1024, train_wall=20, gb_free=36.6, wall=43084
2023-05-16 10:32:04 - progress_bar.py[line:272] - INFO: epoch 005:    257 / 4137 loss=0.143, loss_v1=0, loss_v2=0, nll_loss=0.143, ntokens=256, nsentences=128, sample_size=256, sample_size_v1=0, sample_size_v2=0, ppl=1.1, wps=128.7, ups=0.5, wpb=256, bsz=128, num_updates=16780, lr=1.00417e-05, gnorm=1.023, clip=50, loss_scale=1024, train_wall=20, gb_free=36.6, wall=43104
2023-05-16 10:32:24 - progress_bar.py[line:272] - INFO: epoch 005:    267 / 4137 loss=0.132, loss_v1=0, loss_v2=0, nll_loss=0.132, ntokens=256, nsentences=128, sample_size=256, sample_size_v1=0, sample_size_v2=0, ppl=1.1, wps=128.9, ups=0.5, wpb=256, bsz=128, num_updates=16790, lr=1.00159e-05, gnorm=1.016, clip=50, loss_scale=1024, train_wall=20, gb_free=36.7, wall=43124
2023-05-16 10:32:43 - progress_bar.py[line:272] - INFO: epoch 005:    277 / 4137 loss=0.144, loss_v1=0, loss_v2=0, nll_loss=0.144, ntokens=256, nsentences=128, sample_size=256, sample_size_v1=0, sample_size_v2=0, ppl=1.11, wps=128.2, ups=0.5, wpb=256, bsz=128, num_updates=16800, lr=9.99023e-06, gnorm=1.045, clip=50, loss_scale=1024, train_wall=20, gb_free=36.6, wall=43144
2023-05-16 10:33:03 - progress_bar.py[line:272] - INFO: epoch 005:    287 / 4137 loss=0.143, loss_v1=0, loss_v2=0, nll_loss=0.143, ntokens=256, nsentences=128, sample_size=256, sample_size_v1=0, sample_size_v2=0, ppl=1.1, wps=129.1, ups=0.5, wpb=256, bsz=128, num_updates=16810, lr=9.96451e-06, gnorm=1.042, clip=50, loss_scale=1024, train_wall=20, gb_free=36.6, wall=43164
2023-05-16 10:33:23 - progress_bar.py[line:272] - INFO: epoch 005:    297 / 4137 loss=0.146, loss_v1=0, loss_v2=0, nll_loss=0.146, ntokens=256, nsentences=128, sample_size=256, sample_size_v1=0, sample_size_v2=0, ppl=1.11, wps=127.4, ups=0.5, wpb=256, bsz=128, num_updates=16820, lr=9.9388e-06, gnorm=1.089, clip=70, loss_scale=1024, train_wall=20, gb_free=36.6, wall=43184
2023-05-16 10:33:43 - progress_bar.py[line:272] - INFO: epoch 005:    307 / 4137 loss=0.137, loss_v1=0, loss_v2=0, nll_loss=0.137, ntokens=256, nsentences=128, sample_size=256, sample_size_v1=0, sample_size_v2=0, ppl=1.1, wps=128.5, ups=0.5, wpb=256, bsz=128, num_updates=16830, lr=9.91308e-06, gnorm=0.959, clip=50, loss_scale=1024, train_wall=20, gb_free=36.6, wall=43204
2023-05-16 10:34:03 - progress_bar.py[line:272] - INFO: epoch 005:    317 / 4137 loss=0.121, loss_v1=0, loss_v2=0, nll_loss=0.121, ntokens=256, nsentences=128, sample_size=256, sample_size_v1=0, sample_size_v2=0, ppl=1.09, wps=129, ups=0.5, wpb=256, bsz=128, num_updates=16840, lr=9.88737e-06, gnorm=1.026, clip=70, loss_scale=1024, train_wall=20, gb_free=36.6, wall=43223
2023-05-16 10:34:23 - progress_bar.py[line:272] - INFO: epoch 005:    327 / 4137 loss=0.133, loss_v1=0, loss_v2=0, nll_loss=0.133, ntokens=256, nsentences=128, sample_size=256, sample_size_v1=0, sample_size_v2=0, ppl=1.1, wps=129.1, ups=0.5, wpb=256, bsz=128, num_updates=16850, lr=9.86165e-06, gnorm=1.134, clip=70, loss_scale=1024, train_wall=20, gb_free=36.7, wall=43243
2023-05-16 10:34:43 - progress_bar.py[line:272] - INFO: epoch 005:    337 / 4137 loss=0.129, loss_v1=0, loss_v2=0, nll_loss=0.129, ntokens=256, nsentences=128, sample_size=256, sample_size_v1=0, sample_size_v2=0, ppl=1.09, wps=130.5, ups=0.51, wpb=256, bsz=128, num_updates=16860, lr=9.83594e-06, gnorm=1.044, clip=60, loss_scale=1024, train_wall=20, gb_free=36.5, wall=43263
2023-05-16 10:35:03 - progress_bar.py[line:272] - INFO: epoch 005:    347 / 4137 loss=0.139, loss_v1=0, loss_v2=0, nll_loss=0.139, ntokens=256, nsentences=128, sample_size=256, sample_size_v1=0, sample_size_v2=0, ppl=1.1, wps=128.4, ups=0.5, wpb=256, bsz=128, num_updates=16870, lr=9.81022e-06, gnorm=1.19, clip=90, loss_scale=1024, train_wall=20, gb_free=36.7, wall=43283
2023-05-16 10:35:23 - progress_bar.py[line:272] - INFO: epoch 005:    357 / 4137 loss=0.164, loss_v1=0, loss_v2=0, nll_loss=0.164, ntokens=256, nsentences=128, sample_size=256, sample_size_v1=0, sample_size_v2=0, ppl=1.12, wps=125.3, ups=0.49, wpb=256, bsz=128, num_updates=16880, lr=9.78451e-06, gnorm=1.141, clip=80, loss_scale=1024, train_wall=20, gb_free=36.6, wall=43303
2023-05-16 10:35:43 - progress_bar.py[line:272] - INFO: epoch 005:    367 / 4137 loss=0.148, loss_v1=0, loss_v2=0, nll_loss=0.148, ntokens=256, nsentences=128, sample_size=256, sample_size_v1=0, sample_size_v2=0, ppl=1.11, wps=125.4, ups=0.49, wpb=256, bsz=128, num_updates=16890, lr=9.75879e-06, gnorm=1.181, clip=80, loss_scale=1024, train_wall=20, gb_free=36.7, wall=43324
2023-05-16 10:36:04 - progress_bar.py[line:272] - INFO: epoch 005:    377 / 4137 loss=0.152, loss_v1=0, loss_v2=0, nll_loss=0.152, ntokens=256, nsentences=128, sample_size=256, sample_size_v1=0, sample_size_v2=0, ppl=1.11, wps=125, ups=0.49, wpb=256, bsz=128, num_updates=16900, lr=9.73308e-06, gnorm=1.162, clip=70, loss_scale=1024, train_wall=20, gb_free=36.5, wall=43344
2023-05-16 10:36:25 - progress_bar.py[line:272] - INFO: epoch 005:    387 / 4137 loss=0.14, loss_v1=0, loss_v2=0, nll_loss=0.14, ntokens=256, nsentences=128, sample_size=256, sample_size_v1=0, sample_size_v2=0, ppl=1.1, wps=123, ups=0.48, wpb=256, bsz=128, num_updates=16910, lr=9.70736e-06, gnorm=1.025, clip=60, loss_scale=1024, train_wall=21, gb_free=36.7, wall=43365
2023-05-16 10:36:45 - progress_bar.py[line:272] - INFO: epoch 005:    397 / 4137 loss=0.153, loss_v1=0, loss_v2=0, nll_loss=0.153, ntokens=256, nsentences=128, sample_size=256, sample_size_v1=0, sample_size_v2=0, ppl=1.11, wps=125, ups=0.49, wpb=256, bsz=128, num_updates=16920, lr=9.68165e-06, gnorm=1.045, clip=50, loss_scale=1024, train_wall=20, gb_free=36.7, wall=43385
2023-05-16 10:37:06 - progress_bar.py[line:272] - INFO: epoch 005:    407 / 4137 loss=0.159, loss_v1=0, loss_v2=0, nll_loss=0.159, ntokens=256, nsentences=128, sample_size=256, sample_size_v1=0, sample_size_v2=0, ppl=1.12, wps=125.3, ups=0.49, wpb=256, bsz=128, num_updates=16930, lr=9.65593e-06, gnorm=1.078, clip=60, loss_scale=1024, train_wall=20, gb_free=36.7, wall=43406
2023-05-16 10:37:26 - progress_bar.py[line:272] - INFO: epoch 005:    417 / 4137 loss=0.139, loss_v1=0, loss_v2=0, nll_loss=0.139, ntokens=256, nsentences=128, sample_size=256, sample_size_v1=0, sample_size_v2=0, ppl=1.1, wps=124.7, ups=0.49, wpb=256, bsz=128, num_updates=16940, lr=9.63022e-06, gnorm=0.984, clip=30, loss_scale=1024, train_wall=20, gb_free=36.7, wall=43426
2023-05-16 10:37:47 - progress_bar.py[line:272] - INFO: epoch 005:    427 / 4137 loss=0.132, loss_v1=0, loss_v2=0, nll_loss=0.132, ntokens=256, nsentences=128, sample_size=256, sample_size_v1=0, sample_size_v2=0, ppl=1.1, wps=123.9, ups=0.48, wpb=256, bsz=128, num_updates=16950, lr=9.60451e-06, gnorm=0.972, clip=50, loss_scale=1024, train_wall=21, gb_free=36.7, wall=43447
2023-05-16 10:38:07 - progress_bar.py[line:272] - INFO: epoch 005:    437 / 4137 loss=0.144, loss_v1=0, loss_v2=0, nll_loss=0.144, ntokens=256, nsentences=128, sample_size=256, sample_size_v1=0, sample_size_v2=0, ppl=1.11, wps=124.3, ups=0.49, wpb=256, bsz=128, num_updates=16960, lr=9.57879e-06, gnorm=0.937, clip=30, loss_scale=1024, train_wall=21, gb_free=36.4, wall=43468
2023-05-16 10:38:28 - progress_bar.py[line:272] - INFO: epoch 005:    447 / 4137 loss=0.151, loss_v1=0, loss_v2=0, nll_loss=0.151, ntokens=256, nsentences=128, sample_size=256, sample_size_v1=0, sample_size_v2=0, ppl=1.11, wps=124.8, ups=0.49, wpb=256, bsz=128, num_updates=16970, lr=9.55308e-06, gnorm=1.098, clip=70, loss_scale=1024, train_wall=20, gb_free=36.8, wall=43488
2023-05-16 10:38:48 - progress_bar.py[line:272] - INFO: epoch 005:    457 / 4137 loss=0.155, loss_v1=0, loss_v2=0, nll_loss=0.155, ntokens=256, nsentences=128, sample_size=256, sample_size_v1=0, sample_size_v2=0, ppl=1.11, wps=124.8, ups=0.49, wpb=256, bsz=128, num_updates=16980, lr=9.52736e-06, gnorm=1.028, clip=50, loss_scale=1024, train_wall=20, gb_free=36.7, wall=43509
2023-05-16 10:39:09 - progress_bar.py[line:272] - INFO: epoch 005:    467 / 4137 loss=0.151, loss_v1=0, loss_v2=0, nll_loss=0.151, ntokens=256, nsentences=128, sample_size=256, sample_size_v1=0, sample_size_v2=0, ppl=1.11, wps=125.9, ups=0.49, wpb=256, bsz=128, num_updates=16990, lr=9.50165e-06, gnorm=1.045, clip=50, loss_scale=1024, train_wall=20, gb_free=36.6, wall=43529
2023-05-16 10:39:29 - progress_bar.py[line:272] - INFO: epoch 005:    477 / 4137 loss=0.139, loss_v1=0, loss_v2=0, nll_loss=0.139, ntokens=256, nsentences=128, sample_size=256, sample_size_v1=0, sample_size_v2=0, ppl=1.1, wps=125.3, ups=0.49, wpb=256, bsz=128, num_updates=17000, lr=9.47593e-06, gnorm=1.007, clip=60, loss_scale=1024, train_wall=20, gb_free=36.6, wall=43549
slice_id 2 seek offset 8930slice_id 3 seek offset 13394

slice_id 1 seek offset 4465
2023-05-16 10:39:29 - train.py[line:445] - INFO: begin validation on "valid" subset
slice_id 0 seek offset 0
slice_id 0 seek offset 0
slice_id 1 seek offset 4465
slice_id 3 seek offset 13394
slice_id 2 seek offset 8930
2023-05-16 10:42:50 - progress_bar.py[line:282] - INFO: epoch 005 | valid on 'valid' subset | loss 0.212 | loss_v1 0 | loss_v2 0 | nll_loss 0.212 | ntokens 31.975 | nsentences 15.987 | sample_size 31.975 | sample_size_v1 0 | sample_size_v2 0 | ppl 1.16 | snli_score 0.8506 | wps 178.2 | wpb 32 | bsz 16 | num_updates 17000 | best_snli_score 0.8524
2023-05-16 10:42:50 - checkpoint_utils.py[line:64] - INFO: Preparing to save checkpoint for epoch 5 @ 17000 updates
2023-05-16 10:42:50 - trainer.py[line:431] - INFO: Saving checkpoint to ./EC_full_checkpoints/5_5e-5/checkpoint_5_17000.pt
2023-05-16 10:42:53 - trainer.py[line:441] - INFO: Finished saving checkpoint to ./EC_full_checkpoints/5_5e-5/checkpoint_5_17000.pt
2023-05-16 10:42:55 - checkpoint_utils.py[line:133] - INFO: Saved checkpoint ./EC_full_checkpoints/5_5e-5/checkpoint_5_17000.pt (epoch 5 @ 17000 updates, score 0.8506) (writing took 5.601809144020081 seconds)
2023-05-16 10:43:16 - progress_bar.py[line:272] - INFO: epoch 005:    487 / 4137 loss=0.134, loss_v1=0, loss_v2=0, nll_loss=0.134, ntokens=256, nsentences=128, sample_size=256, sample_size_v1=0, sample_size_v2=0, ppl=1.1, wps=11.3, ups=0.04, wpb=256, bsz=128, num_updates=17010, lr=9.45022e-06, gnorm=1.006, clip=30, loss_scale=1024, train_wall=20, gb_free=36.8, wall=43776
2023-05-16 10:43:36 - progress_bar.py[line:272] - INFO: epoch 005:    497 / 4137 loss=0.148, loss_v1=0, loss_v2=0, nll_loss=0.148, ntokens=256, nsentences=128, sample_size=256, sample_size_v1=0, sample_size_v2=0, ppl=1.11, wps=127.3, ups=0.5, wpb=256, bsz=128, num_updates=17020, lr=9.4245e-06, gnorm=1.089, clip=70, loss_scale=1024, train_wall=20, gb_free=36.7, wall=43796
2023-05-16 10:43:56 - progress_bar.py[line:272] - INFO: epoch 005:    507 / 4137 loss=0.157, loss_v1=0, loss_v2=0, nll_loss=0.157, ntokens=256, nsentences=128, sample_size=256, sample_size_v1=0, sample_size_v2=0, ppl=1.12, wps=129.3, ups=0.5, wpb=256, bsz=128, num_updates=17030, lr=9.39879e-06, gnorm=1.129, clip=80, loss_scale=1024, train_wall=20, gb_free=36.5, wall=43816
2023-05-16 10:44:16 - progress_bar.py[line:272] - INFO: epoch 005:    517 / 4137 loss=0.153, loss_v1=0, loss_v2=0, nll_loss=0.153, ntokens=256, nsentences=128, sample_size=256, sample_size_v1=0, sample_size_v2=0, ppl=1.11, wps=124.6, ups=0.49, wpb=256, bsz=128, num_updates=17040, lr=9.37307e-06, gnorm=1.1, clip=60, loss_scale=1024, train_wall=20, gb_free=36.5, wall=43836
2023-05-16 10:44:37 - progress_bar.py[line:272] - INFO: epoch 005:    527 / 4137 loss=0.136, loss_v1=0, loss_v2=0, nll_loss=0.136, ntokens=256, nsentences=128, sample_size=256, sample_size_v1=0, sample_size_v2=0, ppl=1.1, wps=125.8, ups=0.49, wpb=256, bsz=128, num_updates=17050, lr=9.34736e-06, gnorm=0.949, clip=50, loss_scale=1024, train_wall=20, gb_free=36.7, wall=43857
2023-05-16 10:44:56 - progress_bar.py[line:272] - INFO: epoch 005:    537 / 4137 loss=0.141, loss_v1=0, loss_v2=0, nll_loss=0.141, ntokens=256, nsentences=128, sample_size=256, sample_size_v1=0, sample_size_v2=0, ppl=1.1, wps=128.7, ups=0.5, wpb=256, bsz=128, num_updates=17060, lr=9.32164e-06, gnorm=1.085, clip=70, loss_scale=1024, train_wall=20, gb_free=36.5, wall=43877
2023-05-16 10:45:16 - progress_bar.py[line:272] - INFO: epoch 005:    547 / 4137 loss=0.133, loss_v1=0, loss_v2=0, nll_loss=0.133, ntokens=256, nsentences=128, sample_size=256, sample_size_v1=0, sample_size_v2=0, ppl=1.1, wps=127.6, ups=0.5, wpb=256, bsz=128, num_updates=17070, lr=9.29593e-06, gnorm=1.061, clip=50, loss_scale=1024, train_wall=20, gb_free=36.7, wall=43897
2023-05-16 10:45:36 - progress_bar.py[line:272] - INFO: epoch 005:    557 / 4137 loss=0.142, loss_v1=0, loss_v2=0, nll_loss=0.142, ntokens=256, nsentences=128, sample_size=256, sample_size_v1=0, sample_size_v2=0, ppl=1.1, wps=128.2, ups=0.5, wpb=256, bsz=128, num_updates=17080, lr=9.27021e-06, gnorm=1.029, clip=60, loss_scale=1024, train_wall=20, gb_free=36.6, wall=43917
2023-05-16 10:45:57 - progress_bar.py[line:272] - INFO: epoch 005:    567 / 4137 loss=0.131, loss_v1=0, loss_v2=0, nll_loss=0.131, ntokens=256, nsentences=128, sample_size=256, sample_size_v1=0, sample_size_v2=0, ppl=1.1, wps=127.6, ups=0.5, wpb=256, bsz=128, num_updates=17090, lr=9.2445e-06, gnorm=1.015, clip=60, loss_scale=1024, train_wall=20, gb_free=36.6, wall=43937
2023-05-16 10:46:17 - progress_bar.py[line:272] - INFO: epoch 005:    577 / 4137 loss=0.149, loss_v1=0, loss_v2=0, nll_loss=0.149, ntokens=256, nsentences=128, sample_size=256, sample_size_v1=0, sample_size_v2=0, ppl=1.11, wps=127.2, ups=0.5, wpb=256, bsz=128, num_updates=17100, lr=9.21878e-06, gnorm=1.057, clip=50, loss_scale=1024, train_wall=20, gb_free=36.6, wall=43957
2023-05-16 10:46:36 - progress_bar.py[line:272] - INFO: epoch 005:    587 / 4137 loss=0.148, loss_v1=0, loss_v2=0, nll_loss=0.148, ntokens=256, nsentences=128, sample_size=256, sample_size_v1=0, sample_size_v2=0, ppl=1.11, wps=129.1, ups=0.5, wpb=256, bsz=128, num_updates=17110, lr=9.19307e-06, gnorm=1.128, clip=80, loss_scale=1024, train_wall=20, gb_free=36.7, wall=43977
2023-05-16 10:46:56 - progress_bar.py[line:272] - INFO: epoch 005:    597 / 4137 loss=0.143, loss_v1=0, loss_v2=0, nll_loss=0.143, ntokens=256, nsentences=128, sample_size=256, sample_size_v1=0, sample_size_v2=0, ppl=1.1, wps=129.5, ups=0.51, wpb=256, bsz=128, num_updates=17120, lr=9.16735e-06, gnorm=1.057, clip=60, loss_scale=1024, train_wall=20, gb_free=36.3, wall=43996
2023-05-16 10:47:16 - progress_bar.py[line:272] - INFO: epoch 005:    607 / 4137 loss=0.137, loss_v1=0, loss_v2=0, nll_loss=0.137, ntokens=256, nsentences=128, sample_size=256, sample_size_v1=0, sample_size_v2=0, ppl=1.1, wps=127.7, ups=0.5, wpb=256, bsz=128, num_updates=17130, lr=9.14164e-06, gnorm=1.096, clip=80, loss_scale=1024, train_wall=20, gb_free=36.5, wall=44016
2023-05-16 10:47:36 - progress_bar.py[line:272] - INFO: epoch 005:    617 / 4137 loss=0.143, loss_v1=0, loss_v2=0, nll_loss=0.143, ntokens=256, nsentences=128, sample_size=256, sample_size_v1=0, sample_size_v2=0, ppl=1.1, wps=130.3, ups=0.51, wpb=256, bsz=128, num_updates=17140, lr=9.11592e-06, gnorm=1.052, clip=40, loss_scale=1024, train_wall=20, gb_free=36.6, wall=44036
2023-05-16 10:47:56 - progress_bar.py[line:272] - INFO: epoch 005:    627 / 4137 loss=0.141, loss_v1=0, loss_v2=0, nll_loss=0.141, ntokens=256, nsentences=128, sample_size=256, sample_size_v1=0, sample_size_v2=0, ppl=1.1, wps=127.5, ups=0.5, wpb=256, bsz=128, num_updates=17150, lr=9.09021e-06, gnorm=1.103, clip=70, loss_scale=1024, train_wall=20, gb_free=36.7, wall=44056
2023-05-16 10:48:16 - progress_bar.py[line:272] - INFO: epoch 005:    637 / 4137 loss=0.165, loss_v1=0, loss_v2=0, nll_loss=0.165, ntokens=256, nsentences=128, sample_size=256, sample_size_v1=0, sample_size_v2=0, ppl=1.12, wps=127.9, ups=0.5, wpb=256, bsz=128, num_updates=17160, lr=9.06449e-06, gnorm=1.123, clip=70, loss_scale=1024, train_wall=20, gb_free=36.6, wall=44076
2023-05-16 10:48:36 - progress_bar.py[line:272] - INFO: epoch 005:    647 / 4137 loss=0.153, loss_v1=0, loss_v2=0, nll_loss=0.153, ntokens=256, nsentences=128, sample_size=256, sample_size_v1=0, sample_size_v2=0, ppl=1.11, wps=128.7, ups=0.5, wpb=256, bsz=128, num_updates=17170, lr=9.03878e-06, gnorm=1.079, clip=70, loss_scale=1024, train_wall=20, gb_free=36.2, wall=44096
2023-05-16 10:48:56 - progress_bar.py[line:272] - INFO: epoch 005:    657 / 4137 loss=0.173, loss_v1=0, loss_v2=0, nll_loss=0.173, ntokens=256, nsentences=128, sample_size=256, sample_size_v1=0, sample_size_v2=0, ppl=1.13, wps=128.2, ups=0.5, wpb=256, bsz=128, num_updates=17180, lr=9.01306e-06, gnorm=1.079, clip=60, loss_scale=1024, train_wall=20, gb_free=36.6, wall=44116
2023-05-16 10:49:16 - progress_bar.py[line:272] - INFO: epoch 005:    667 / 4137 loss=0.171, loss_v1=0, loss_v2=0, nll_loss=0.171, ntokens=256, nsentences=128, sample_size=256, sample_size_v1=0, sample_size_v2=0, ppl=1.13, wps=128.7, ups=0.5, wpb=256, bsz=128, num_updates=17190, lr=8.98735e-06, gnorm=1.062, clip=80, loss_scale=1024, train_wall=20, gb_free=36.6, wall=44136
2023-05-16 10:49:35 - progress_bar.py[line:272] - INFO: epoch 005:    677 / 4137 loss=0.139, loss_v1=0, loss_v2=0, nll_loss=0.139, ntokens=256, nsentences=128, sample_size=256, sample_size_v1=0, sample_size_v2=0, ppl=1.1, wps=129.8, ups=0.51, wpb=256, bsz=128, num_updates=17200, lr=8.96163e-06, gnorm=1.024, clip=80, loss_scale=1024, train_wall=20, gb_free=36.7, wall=44156
2023-05-16 10:49:55 - progress_bar.py[line:272] - INFO: epoch 005:    687 / 4137 loss=0.141, loss_v1=0, loss_v2=0, nll_loss=0.141, ntokens=256, nsentences=128, sample_size=256, sample_size_v1=0, sample_size_v2=0, ppl=1.1, wps=129.5, ups=0.51, wpb=256, bsz=128, num_updates=17210, lr=8.93592e-06, gnorm=0.958, clip=30, loss_scale=1024, train_wall=20, gb_free=36.5, wall=44175
2023-05-16 10:50:15 - progress_bar.py[line:272] - INFO: epoch 005:    697 / 4137 loss=0.165, loss_v1=0, loss_v2=0, nll_loss=0.165, ntokens=256, nsentences=128, sample_size=256, sample_size_v1=0, sample_size_v2=0, ppl=1.12, wps=129.1, ups=0.5, wpb=256, bsz=128, num_updates=17220, lr=8.9102e-06, gnorm=1.082, clip=70, loss_scale=1024, train_wall=20, gb_free=36.5, wall=44195
2023-05-16 10:50:35 - progress_bar.py[line:272] - INFO: epoch 005:    707 / 4137 loss=0.148, loss_v1=0, loss_v2=0, nll_loss=0.148, ntokens=256, nsentences=128, sample_size=256, sample_size_v1=0, sample_size_v2=0, ppl=1.11, wps=129.8, ups=0.51, wpb=256, bsz=128, num_updates=17230, lr=8.88449e-06, gnorm=1.072, clip=60, loss_scale=1024, train_wall=20, gb_free=36.6, wall=44215
2023-05-16 10:50:55 - progress_bar.py[line:272] - INFO: epoch 005:    717 / 4137 loss=0.154, loss_v1=0, loss_v2=0, nll_loss=0.154, ntokens=256, nsentences=128, sample_size=256, sample_size_v1=0, sample_size_v2=0, ppl=1.11, wps=128.7, ups=0.5, wpb=256, bsz=128, num_updates=17240, lr=8.85877e-06, gnorm=1.017, clip=60, loss_scale=1024, train_wall=20, gb_free=36.5, wall=44235
2023-05-16 10:51:14 - progress_bar.py[line:272] - INFO: epoch 005:    727 / 4137 loss=0.143, loss_v1=0, loss_v2=0, nll_loss=0.143, ntokens=256, nsentences=128, sample_size=256, sample_size_v1=0, sample_size_v2=0, ppl=1.1, wps=129.5, ups=0.51, wpb=256, bsz=128, num_updates=17250, lr=8.83306e-06, gnorm=1.044, clip=70, loss_scale=1024, train_wall=20, gb_free=36.6, wall=44255
2023-05-16 10:51:28 - trainer.py[line:921] - INFO: NOTE: gradient overflow detected, ignoring gradient, setting loss scale to: 1024.0
2023-05-16 10:51:36 - progress_bar.py[line:272] - INFO: epoch 005:    738 / 4137 loss=0.146, loss_v1=0, loss_v2=0, nll_loss=0.146, ntokens=256, nsentences=128, sample_size=256, sample_size_v1=0, sample_size_v2=0, ppl=1.11, wps=117.2, ups=0.46, wpb=256, bsz=128, num_updates=17260, lr=8.80734e-06, gnorm=1.03, clip=50, loss_scale=1024, train_wall=22, gb_free=36.7, wall=44277
2023-05-16 10:51:56 - progress_bar.py[line:272] - INFO: epoch 005:    748 / 4137 loss=0.157, loss_v1=0, loss_v2=0, nll_loss=0.157, ntokens=256, nsentences=128, sample_size=256, sample_size_v1=0, sample_size_v2=0, ppl=1.11, wps=129.2, ups=0.5, wpb=256, bsz=128, num_updates=17270, lr=8.78163e-06, gnorm=1.07, clip=70, loss_scale=1024, train_wall=20, gb_free=36.7, wall=44296
2023-05-16 10:52:16 - progress_bar.py[line:272] - INFO: epoch 005:    758 / 4137 loss=0.144, loss_v1=0, loss_v2=0, nll_loss=0.144, ntokens=256, nsentences=128, sample_size=256, sample_size_v1=0, sample_size_v2=0, ppl=1.11, wps=128.4, ups=0.5, wpb=256, bsz=128, num_updates=17280, lr=8.75591e-06, gnorm=1.055, clip=70, loss_scale=1024, train_wall=20, gb_free=36.4, wall=44316
2023-05-16 10:52:36 - progress_bar.py[line:272] - INFO: epoch 005:    768 / 4137 loss=0.148, loss_v1=0, loss_v2=0, nll_loss=0.148, ntokens=256, nsentences=128, sample_size=256, sample_size_v1=0, sample_size_v2=0, ppl=1.11, wps=128, ups=0.5, wpb=256, bsz=128, num_updates=17290, lr=8.7302e-06, gnorm=1.077, clip=60, loss_scale=1024, train_wall=20, gb_free=36.7, wall=44336
2023-05-16 10:52:56 - progress_bar.py[line:272] - INFO: epoch 005:    778 / 4137 loss=0.149, loss_v1=0, loss_v2=0, nll_loss=0.149, ntokens=256, nsentences=128, sample_size=256, sample_size_v1=0, sample_size_v2=0, ppl=1.11, wps=129, ups=0.5, wpb=256, bsz=128, num_updates=17300, lr=8.70448e-06, gnorm=1.149, clip=80, loss_scale=1024, train_wall=20, gb_free=36.6, wall=44356
2023-05-16 10:53:16 - progress_bar.py[line:272] - INFO: epoch 005:    788 / 4137 loss=0.143, loss_v1=0, loss_v2=0, nll_loss=0.143, ntokens=256, nsentences=128, sample_size=256, sample_size_v1=0, sample_size_v2=0, ppl=1.1, wps=128.6, ups=0.5, wpb=256, bsz=128, num_updates=17310, lr=8.67877e-06, gnorm=1.058, clip=80, loss_scale=1024, train_wall=20, gb_free=36.6, wall=44376
2023-05-16 10:53:36 - progress_bar.py[line:272] - INFO: epoch 005:    798 / 4137 loss=0.163, loss_v1=0, loss_v2=0, nll_loss=0.163, ntokens=256, nsentences=128, sample_size=256, sample_size_v1=0, sample_size_v2=0, ppl=1.12, wps=128.3, ups=0.5, wpb=256, bsz=128, num_updates=17320, lr=8.65305e-06, gnorm=1.187, clip=80, loss_scale=1024, train_wall=20, gb_free=36.4, wall=44396
2023-05-16 10:53:56 - progress_bar.py[line:272] - INFO: epoch 005:    808 / 4137 loss=0.156, loss_v1=0, loss_v2=0, nll_loss=0.156, ntokens=256, nsentences=128, sample_size=256, sample_size_v1=0, sample_size_v2=0, ppl=1.11, wps=128.3, ups=0.5, wpb=256, bsz=128, num_updates=17330, lr=8.62734e-06, gnorm=1.137, clip=70, loss_scale=1024, train_wall=20, gb_free=36.6, wall=44416
2023-05-16 10:54:16 - progress_bar.py[line:272] - INFO: epoch 005:    818 / 4137 loss=0.162, loss_v1=0, loss_v2=0, nll_loss=0.162, ntokens=256, nsentences=128, sample_size=256, sample_size_v1=0, sample_size_v2=0, ppl=1.12, wps=129, ups=0.5, wpb=256, bsz=128, num_updates=17340, lr=8.60163e-06, gnorm=1.109, clip=90, loss_scale=1024, train_wall=20, gb_free=36.7, wall=44436
2023-05-16 10:54:35 - progress_bar.py[line:272] - INFO: epoch 005:    828 / 4137 loss=0.153, loss_v1=0, loss_v2=0, nll_loss=0.153, ntokens=254.2, nsentences=127.1, sample_size=254.2, sample_size_v1=0, sample_size_v2=0, ppl=1.11, wps=128.6, ups=0.51, wpb=254.2, bsz=127.1, num_updates=17350, lr=8.57591e-06, gnorm=1.083, clip=60, loss_scale=1024, train_wall=20, gb_free=36.6, wall=44456
2023-05-16 10:54:55 - progress_bar.py[line:272] - INFO: epoch 005:    838 / 4137 loss=0.142, loss_v1=0, loss_v2=0, nll_loss=0.142, ntokens=256, nsentences=128, sample_size=256, sample_size_v1=0, sample_size_v2=0, ppl=1.1, wps=127.8, ups=0.5, wpb=256, bsz=128, num_updates=17360, lr=8.5502e-06, gnorm=0.985, clip=40, loss_scale=1024, train_wall=20, gb_free=36.6, wall=44476
2023-05-16 10:55:15 - progress_bar.py[line:272] - INFO: epoch 005:    848 / 4137 loss=0.16, loss_v1=0, loss_v2=0, nll_loss=0.16, ntokens=256, nsentences=128, sample_size=256, sample_size_v1=0, sample_size_v2=0, ppl=1.12, wps=128.7, ups=0.5, wpb=256, bsz=128, num_updates=17370, lr=8.52448e-06, gnorm=1.089, clip=60, loss_scale=1024, train_wall=20, gb_free=36.6, wall=44495
2023-05-16 10:55:35 - progress_bar.py[line:272] - INFO: epoch 005:    858 / 4137 loss=0.139, loss_v1=0, loss_v2=0, nll_loss=0.139, ntokens=256, nsentences=128, sample_size=256, sample_size_v1=0, sample_size_v2=0, ppl=1.1, wps=127.6, ups=0.5, wpb=256, bsz=128, num_updates=17380, lr=8.49877e-06, gnorm=0.997, clip=40, loss_scale=1024, train_wall=20, gb_free=36.5, wall=44516
2023-05-16 10:55:55 - progress_bar.py[line:272] - INFO: epoch 005:    868 / 4137 loss=0.141, loss_v1=0, loss_v2=0, nll_loss=0.141, ntokens=256, nsentences=128, sample_size=256, sample_size_v1=0, sample_size_v2=0, ppl=1.1, wps=129, ups=0.5, wpb=256, bsz=128, num_updates=17390, lr=8.47305e-06, gnorm=1.06, clip=70, loss_scale=1024, train_wall=20, gb_free=36.6, wall=44535
2023-05-16 10:56:15 - progress_bar.py[line:272] - INFO: epoch 005:    878 / 4137 loss=0.145, loss_v1=0, loss_v2=0, nll_loss=0.145, ntokens=256, nsentences=128, sample_size=256, sample_size_v1=0, sample_size_v2=0, ppl=1.11, wps=130.1, ups=0.51, wpb=256, bsz=128, num_updates=17400, lr=8.44734e-06, gnorm=1.066, clip=60, loss_scale=1024, train_wall=20, gb_free=36.6, wall=44555
2023-05-16 10:56:35 - progress_bar.py[line:272] - INFO: epoch 005:    888 / 4137 loss=0.139, loss_v1=0, loss_v2=0, nll_loss=0.139, ntokens=256, nsentences=128, sample_size=256, sample_size_v1=0, sample_size_v2=0, ppl=1.1, wps=128.8, ups=0.5, wpb=256, bsz=128, num_updates=17410, lr=8.42162e-06, gnorm=1.068, clip=60, loss_scale=1024, train_wall=20, gb_free=36.7, wall=44575
2023-05-16 10:56:55 - progress_bar.py[line:272] - INFO: epoch 005:    898 / 4137 loss=0.154, loss_v1=0, loss_v2=0, nll_loss=0.154, ntokens=256, nsentences=128, sample_size=256, sample_size_v1=0, sample_size_v2=0, ppl=1.11, wps=129.1, ups=0.5, wpb=256, bsz=128, num_updates=17420, lr=8.39591e-06, gnorm=1.106, clip=80, loss_scale=1024, train_wall=20, gb_free=36.7, wall=44595
2023-05-16 10:57:14 - progress_bar.py[line:272] - INFO: epoch 005:    908 / 4137 loss=0.142, loss_v1=0, loss_v2=0, nll_loss=0.142, ntokens=256, nsentences=128, sample_size=256, sample_size_v1=0, sample_size_v2=0, ppl=1.1, wps=129.7, ups=0.51, wpb=256, bsz=128, num_updates=17430, lr=8.37019e-06, gnorm=1.017, clip=40, loss_scale=1024, train_wall=20, gb_free=36.6, wall=44615
2023-05-16 10:57:34 - progress_bar.py[line:272] - INFO: epoch 005:    918 / 4137 loss=0.133, loss_v1=0, loss_v2=0, nll_loss=0.133, ntokens=256, nsentences=128, sample_size=256, sample_size_v1=0, sample_size_v2=0, ppl=1.1, wps=129, ups=0.5, wpb=256, bsz=128, num_updates=17440, lr=8.34448e-06, gnorm=1.038, clip=60, loss_scale=1024, train_wall=20, gb_free=36.7, wall=44634
2023-05-16 10:57:54 - progress_bar.py[line:272] - INFO: epoch 005:    928 / 4137 loss=0.13, loss_v1=0, loss_v2=0, nll_loss=0.13, ntokens=256, nsentences=128, sample_size=256, sample_size_v1=0, sample_size_v2=0, ppl=1.09, wps=129.2, ups=0.5, wpb=256, bsz=128, num_updates=17450, lr=8.31876e-06, gnorm=1.074, clip=50, loss_scale=1024, train_wall=20, gb_free=36.7, wall=44654
2023-05-16 10:58:14 - progress_bar.py[line:272] - INFO: epoch 005:    938 / 4137 loss=0.136, loss_v1=0, loss_v2=0, nll_loss=0.136, ntokens=256, nsentences=128, sample_size=256, sample_size_v1=0, sample_size_v2=0, ppl=1.1, wps=128.2, ups=0.5, wpb=256, bsz=128, num_updates=17460, lr=8.29305e-06, gnorm=1.122, clip=60, loss_scale=1024, train_wall=20, gb_free=36.5, wall=44674
2023-05-16 10:58:34 - progress_bar.py[line:272] - INFO: epoch 005:    948 / 4137 loss=0.14, loss_v1=0, loss_v2=0, nll_loss=0.14, ntokens=256, nsentences=128, sample_size=256, sample_size_v1=0, sample_size_v2=0, ppl=1.1, wps=128.8, ups=0.5, wpb=256, bsz=128, num_updates=17470, lr=8.26733e-06, gnorm=1.057, clip=60, loss_scale=1024, train_wall=20, gb_free=36.6, wall=44694
2023-05-16 10:58:54 - progress_bar.py[line:272] - INFO: epoch 005:    958 / 4137 loss=0.153, loss_v1=0, loss_v2=0, nll_loss=0.153, ntokens=256, nsentences=128, sample_size=256, sample_size_v1=0, sample_size_v2=0, ppl=1.11, wps=128, ups=0.5, wpb=256, bsz=128, num_updates=17480, lr=8.24162e-06, gnorm=1.22, clip=100, loss_scale=1024, train_wall=20, gb_free=36.5, wall=44714
2023-05-16 10:59:14 - progress_bar.py[line:272] - INFO: epoch 005:    968 / 4137 loss=0.158, loss_v1=0, loss_v2=0, nll_loss=0.158, ntokens=256, nsentences=128, sample_size=256, sample_size_v1=0, sample_size_v2=0, ppl=1.12, wps=128.5, ups=0.5, wpb=256, bsz=128, num_updates=17490, lr=8.2159e-06, gnorm=1.131, clip=80, loss_scale=1024, train_wall=20, gb_free=36.6, wall=44734
2023-05-16 10:59:34 - progress_bar.py[line:272] - INFO: epoch 005:    978 / 4137 loss=0.141, loss_v1=0, loss_v2=0, nll_loss=0.141, ntokens=256, nsentences=128, sample_size=256, sample_size_v1=0, sample_size_v2=0, ppl=1.1, wps=128.8, ups=0.5, wpb=256, bsz=128, num_updates=17500, lr=8.19019e-06, gnorm=1.061, clip=60, loss_scale=1024, train_wall=20, gb_free=36.5, wall=44754
slice_id 1 seek offset 4465
slice_id 2 seek offset 8930
2023-05-16 10:59:34 - train.py[line:445] - INFO: begin validation on "valid" subset
slice_id 0 seek offset 0
slice_id 3 seek offset 13394
slice_id 0 seek offset 0
slice_id 3 seek offset 13394
slice_id 1 seek offset 4465
slice_id 2 seek offset 8930
2023-05-16 11:02:56 - progress_bar.py[line:282] - INFO: epoch 005 | valid on 'valid' subset | loss 0.213 | loss_v1 0 | loss_v2 0 | nll_loss 0.213 | ntokens 31.975 | nsentences 15.987 | sample_size 31.975 | sample_size_v1 0 | sample_size_v2 0 | ppl 1.16 | snli_score 0.8524 | wps 176.5 | wpb 32 | bsz 16 | num_updates 17500 | best_snli_score 0.8524
2023-05-16 11:02:56 - checkpoint_utils.py[line:64] - INFO: Preparing to save checkpoint for epoch 5 @ 17500 updates
2023-05-16 11:02:56 - trainer.py[line:431] - INFO: Saving checkpoint to ./EC_full_checkpoints/5_5e-5/checkpoint_5_17500.pt
2023-05-16 11:03:00 - trainer.py[line:441] - INFO: Finished saving checkpoint to ./EC_full_checkpoints/5_5e-5/checkpoint_5_17500.pt
2023-05-16 11:03:08 - checkpoint_utils.py[line:133] - INFO: Saved checkpoint ./EC_full_checkpoints/5_5e-5/checkpoint_5_17500.pt (epoch 5 @ 17500 updates, score 0.8524) (writing took 11.5142713021487 seconds)
2023-05-16 11:03:28 - progress_bar.py[line:272] - INFO: epoch 005:    988 / 4137 loss=0.141, loss_v1=0, loss_v2=0, nll_loss=0.141, ntokens=256, nsentences=128, sample_size=256, sample_size_v1=0, sample_size_v2=0, ppl=1.1, wps=10.9, ups=0.04, wpb=256, bsz=128, num_updates=17510, lr=8.16447e-06, gnorm=1.042, clip=50, loss_scale=1024, train_wall=20, gb_free=36.7, wall=44988
2023-05-16 11:03:48 - progress_bar.py[line:272] - INFO: epoch 005:    998 / 4137 loss=0.159, loss_v1=0, loss_v2=0, nll_loss=0.159, ntokens=256, nsentences=128, sample_size=256, sample_size_v1=0, sample_size_v2=0, ppl=1.12, wps=128.3, ups=0.5, wpb=256, bsz=128, num_updates=17520, lr=8.13876e-06, gnorm=1.076, clip=60, loss_scale=1024, train_wall=20, gb_free=36.5, wall=45008
2023-05-16 11:04:08 - progress_bar.py[line:272] - INFO: epoch 005:   1008 / 4137 loss=0.125, loss_v1=0, loss_v2=0, nll_loss=0.125, ntokens=256, nsentences=128, sample_size=256, sample_size_v1=0, sample_size_v2=0, ppl=1.09, wps=128.8, ups=0.5, wpb=256, bsz=128, num_updates=17530, lr=8.11304e-06, gnorm=0.992, clip=50, loss_scale=1024, train_wall=20, gb_free=36.4, wall=45028
2023-05-16 11:04:27 - progress_bar.py[line:272] - INFO: epoch 005:   1018 / 4137 loss=0.126, loss_v1=0, loss_v2=0, nll_loss=0.126, ntokens=256, nsentences=128, sample_size=256, sample_size_v1=0, sample_size_v2=0, ppl=1.09, wps=129.5, ups=0.51, wpb=256, bsz=128, num_updates=17540, lr=8.08733e-06, gnorm=1.039, clip=40, loss_scale=1024, train_wall=20, gb_free=36.7, wall=45048
2023-05-16 11:04:47 - progress_bar.py[line:272] - INFO: epoch 005:   1028 / 4137 loss=0.131, loss_v1=0, loss_v2=0, nll_loss=0.131, ntokens=256, nsentences=128, sample_size=256, sample_size_v1=0, sample_size_v2=0, ppl=1.09, wps=128.8, ups=0.5, wpb=256, bsz=128, num_updates=17550, lr=8.06161e-06, gnorm=1.1, clip=70, loss_scale=1024, train_wall=20, gb_free=36.6, wall=45067
2023-05-16 11:05:07 - progress_bar.py[line:272] - INFO: epoch 005:   1038 / 4137 loss=0.147, loss_v1=0, loss_v2=0, nll_loss=0.147, ntokens=256, nsentences=128, sample_size=256, sample_size_v1=0, sample_size_v2=0, ppl=1.11, wps=127.9, ups=0.5, wpb=256, bsz=128, num_updates=17560, lr=8.0359e-06, gnorm=1.071, clip=50, loss_scale=1024, train_wall=20, gb_free=36.5, wall=45087
2023-05-16 11:05:27 - progress_bar.py[line:272] - INFO: epoch 005:   1048 / 4137 loss=0.147, loss_v1=0, loss_v2=0, nll_loss=0.147, ntokens=256, nsentences=128, sample_size=256, sample_size_v1=0, sample_size_v2=0, ppl=1.11, wps=128.7, ups=0.5, wpb=256, bsz=128, num_updates=17570, lr=8.01018e-06, gnorm=1.133, clip=80, loss_scale=1024, train_wall=20, gb_free=36.6, wall=45107
2023-05-16 11:05:47 - progress_bar.py[line:272] - INFO: epoch 005:   1058 / 4137 loss=0.145, loss_v1=0, loss_v2=0, nll_loss=0.145, ntokens=256, nsentences=128, sample_size=256, sample_size_v1=0, sample_size_v2=0, ppl=1.11, wps=127.3, ups=0.5, wpb=256, bsz=128, num_updates=17580, lr=7.98447e-06, gnorm=1.096, clip=80, loss_scale=1024, train_wall=20, gb_free=36.5, wall=45127
2023-05-16 11:06:07 - progress_bar.py[line:272] - INFO: epoch 005:   1068 / 4137 loss=0.128, loss_v1=0, loss_v2=0, nll_loss=0.128, ntokens=256, nsentences=128, sample_size=256, sample_size_v1=0, sample_size_v2=0, ppl=1.09, wps=127, ups=0.5, wpb=256, bsz=128, num_updates=17590, lr=7.95875e-06, gnorm=1.007, clip=50, loss_scale=1024, train_wall=20, gb_free=36.6, wall=45148
2023-05-16 11:06:27 - progress_bar.py[line:272] - INFO: epoch 005:   1078 / 4137 loss=0.149, loss_v1=0, loss_v2=0, nll_loss=0.149, ntokens=256, nsentences=128, sample_size=256, sample_size_v1=0, sample_size_v2=0, ppl=1.11, wps=127.8, ups=0.5, wpb=256, bsz=128, num_updates=17600, lr=7.93304e-06, gnorm=1.06, clip=60, loss_scale=1024, train_wall=20, gb_free=36.6, wall=45168
2023-05-16 11:06:47 - progress_bar.py[line:272] - INFO: epoch 005:   1088 / 4137 loss=0.133, loss_v1=0, loss_v2=0, nll_loss=0.133, ntokens=256, nsentences=128, sample_size=256, sample_size_v1=0, sample_size_v2=0, ppl=1.1, wps=128.4, ups=0.5, wpb=256, bsz=128, num_updates=17610, lr=7.90732e-06, gnorm=1.001, clip=50, loss_scale=1024, train_wall=20, gb_free=36.6, wall=45188
2023-05-16 11:07:07 - progress_bar.py[line:272] - INFO: epoch 005:   1098 / 4137 loss=0.13, loss_v1=0, loss_v2=0, nll_loss=0.13, ntokens=256, nsentences=128, sample_size=256, sample_size_v1=0, sample_size_v2=0, ppl=1.09, wps=129.6, ups=0.51, wpb=256, bsz=128, num_updates=17620, lr=7.88161e-06, gnorm=1.082, clip=80, loss_scale=1024, train_wall=20, gb_free=36.6, wall=45207
2023-05-16 11:07:27 - progress_bar.py[line:272] - INFO: epoch 005:   1108 / 4137 loss=0.126, loss_v1=0, loss_v2=0, nll_loss=0.126, ntokens=256, nsentences=128, sample_size=256, sample_size_v1=0, sample_size_v2=0, ppl=1.09, wps=129.8, ups=0.51, wpb=256, bsz=128, num_updates=17630, lr=7.85589e-06, gnorm=1.066, clip=60, loss_scale=1024, train_wall=20, gb_free=36.7, wall=45227
2023-05-16 11:07:47 - progress_bar.py[line:272] - INFO: epoch 005:   1118 / 4137 loss=0.126, loss_v1=0, loss_v2=0, nll_loss=0.126, ntokens=256, nsentences=128, sample_size=256, sample_size_v1=0, sample_size_v2=0, ppl=1.09, wps=128.4, ups=0.5, wpb=256, bsz=128, num_updates=17640, lr=7.83018e-06, gnorm=1.019, clip=60, loss_scale=1024, train_wall=20, gb_free=36.7, wall=45247
2023-05-16 11:08:07 - progress_bar.py[line:272] - INFO: epoch 005:   1128 / 4137 loss=0.153, loss_v1=0, loss_v2=0, nll_loss=0.153, ntokens=256, nsentences=128, sample_size=256, sample_size_v1=0, sample_size_v2=0, ppl=1.11, wps=128.1, ups=0.5, wpb=256, bsz=128, num_updates=17650, lr=7.80446e-06, gnorm=1.069, clip=70, loss_scale=1024, train_wall=20, gb_free=36.6, wall=45267
2023-05-16 11:08:27 - progress_bar.py[line:272] - INFO: epoch 005:   1138 / 4137 loss=0.149, loss_v1=0, loss_v2=0, nll_loss=0.149, ntokens=256, nsentences=128, sample_size=256, sample_size_v1=0, sample_size_v2=0, ppl=1.11, wps=128.8, ups=0.5, wpb=256, bsz=128, num_updates=17660, lr=7.77875e-06, gnorm=1.092, clip=60, loss_scale=1024, train_wall=20, gb_free=36.6, wall=45287
2023-05-16 11:08:47 - progress_bar.py[line:272] - INFO: epoch 005:   1148 / 4137 loss=0.157, loss_v1=0, loss_v2=0, nll_loss=0.157, ntokens=256, nsentences=128, sample_size=256, sample_size_v1=0, sample_size_v2=0, ppl=1.12, wps=128.5, ups=0.5, wpb=256, bsz=128, num_updates=17670, lr=7.75303e-06, gnorm=1.208, clip=80, loss_scale=1024, train_wall=20, gb_free=36.6, wall=45307
2023-05-16 11:09:07 - progress_bar.py[line:272] - INFO: epoch 005:   1158 / 4137 loss=0.136, loss_v1=0, loss_v2=0, nll_loss=0.136, ntokens=256, nsentences=128, sample_size=256, sample_size_v1=0, sample_size_v2=0, ppl=1.1, wps=127.9, ups=0.5, wpb=256, bsz=128, num_updates=17680, lr=7.72732e-06, gnorm=1.083, clip=60, loss_scale=1024, train_wall=20, gb_free=36.7, wall=45327
2023-05-16 11:09:26 - progress_bar.py[line:272] - INFO: epoch 005:   1168 / 4137 loss=0.165, loss_v1=0, loss_v2=0, nll_loss=0.165, ntokens=256, nsentences=128, sample_size=256, sample_size_v1=0, sample_size_v2=0, ppl=1.12, wps=129.2, ups=0.5, wpb=256, bsz=128, num_updates=17690, lr=7.7016e-06, gnorm=1.082, clip=70, loss_scale=1024, train_wall=20, gb_free=36.6, wall=45347
2023-05-16 11:09:46 - progress_bar.py[line:272] - INFO: epoch 005:   1178 / 4137 loss=0.148, loss_v1=0, loss_v2=0, nll_loss=0.148, ntokens=256, nsentences=128, sample_size=256, sample_size_v1=0, sample_size_v2=0, ppl=1.11, wps=128.9, ups=0.5, wpb=256, bsz=128, num_updates=17700, lr=7.67589e-06, gnorm=1.07, clip=70, loss_scale=1024, train_wall=20, gb_free=36.8, wall=45366
2023-05-16 11:10:06 - progress_bar.py[line:272] - INFO: epoch 005:   1188 / 4137 loss=0.168, loss_v1=0, loss_v2=0, nll_loss=0.168, ntokens=256, nsentences=128, sample_size=256, sample_size_v1=0, sample_size_v2=0, ppl=1.12, wps=129, ups=0.5, wpb=256, bsz=128, num_updates=17710, lr=7.65017e-06, gnorm=1.122, clip=90, loss_scale=1024, train_wall=20, gb_free=36.6, wall=45386
2023-05-16 11:10:26 - progress_bar.py[line:272] - INFO: epoch 005:   1198 / 4137 loss=0.153, loss_v1=0, loss_v2=0, nll_loss=0.153, ntokens=256, nsentences=128, sample_size=256, sample_size_v1=0, sample_size_v2=0, ppl=1.11, wps=128.3, ups=0.5, wpb=256, bsz=128, num_updates=17720, lr=7.62446e-06, gnorm=1.058, clip=70, loss_scale=1024, train_wall=20, gb_free=36.7, wall=45406
2023-05-16 11:10:40 - trainer.py[line:921] - INFO: NOTE: gradient overflow detected, ignoring gradient, setting loss scale to: 512.0
2023-05-16 11:10:48 - progress_bar.py[line:272] - INFO: epoch 005:   1209 / 4137 loss=0.133, loss_v1=0, loss_v2=0, nll_loss=0.133, ntokens=256, nsentences=128, sample_size=256, sample_size_v1=0, sample_size_v2=0, ppl=1.1, wps=116.6, ups=0.46, wpb=256, bsz=128, num_updates=17730, lr=7.59875e-06, gnorm=1, clip=50, loss_scale=512, train_wall=22, gb_free=36.7, wall=45428
2023-05-16 11:11:08 - progress_bar.py[line:272] - INFO: epoch 005:   1219 / 4137 loss=0.139, loss_v1=0, loss_v2=0, nll_loss=0.139, ntokens=256, nsentences=128, sample_size=256, sample_size_v1=0, sample_size_v2=0, ppl=1.1, wps=129.1, ups=0.5, wpb=256, bsz=128, num_updates=17740, lr=7.57303e-06, gnorm=0.984, clip=60, loss_scale=512, train_wall=20, gb_free=36.7, wall=45448
2023-05-16 11:11:28 - progress_bar.py[line:272] - INFO: epoch 005:   1229 / 4137 loss=0.151, loss_v1=0, loss_v2=0, nll_loss=0.151, ntokens=256, nsentences=128, sample_size=256, sample_size_v1=0, sample_size_v2=0, ppl=1.11, wps=128.5, ups=0.5, wpb=256, bsz=128, num_updates=17750, lr=7.54732e-06, gnorm=1.068, clip=80, loss_scale=512, train_wall=20, gb_free=36.7, wall=45468
2023-05-16 11:11:48 - progress_bar.py[line:272] - INFO: epoch 005:   1239 / 4137 loss=0.142, loss_v1=0, loss_v2=0, nll_loss=0.142, ntokens=256, nsentences=128, sample_size=256, sample_size_v1=0, sample_size_v2=0, ppl=1.1, wps=127.8, ups=0.5, wpb=256, bsz=128, num_updates=17760, lr=7.5216e-06, gnorm=1.069, clip=80, loss_scale=512, train_wall=20, gb_free=36.6, wall=45488
2023-05-16 11:12:08 - progress_bar.py[line:272] - INFO: epoch 005:   1249 / 4137 loss=0.136, loss_v1=0, loss_v2=0, nll_loss=0.136, ntokens=256, nsentences=128, sample_size=256, sample_size_v1=0, sample_size_v2=0, ppl=1.1, wps=127.6, ups=0.5, wpb=256, bsz=128, num_updates=17770, lr=7.49589e-06, gnorm=0.971, clip=40, loss_scale=512, train_wall=20, gb_free=36.7, wall=45508
2023-05-16 11:12:28 - progress_bar.py[line:272] - INFO: epoch 005:   1259 / 4137 loss=0.154, loss_v1=0, loss_v2=0, nll_loss=0.154, ntokens=256, nsentences=128, sample_size=256, sample_size_v1=0, sample_size_v2=0, ppl=1.11, wps=129.2, ups=0.5, wpb=256, bsz=128, num_updates=17780, lr=7.47017e-06, gnorm=1.081, clip=60, loss_scale=512, train_wall=20, gb_free=36.7, wall=45528
2023-05-16 11:12:47 - progress_bar.py[line:272] - INFO: epoch 005:   1269 / 4137 loss=0.141, loss_v1=0, loss_v2=0, nll_loss=0.141, ntokens=256, nsentences=128, sample_size=256, sample_size_v1=0, sample_size_v2=0, ppl=1.1, wps=129.5, ups=0.51, wpb=256, bsz=128, num_updates=17790, lr=7.44446e-06, gnorm=1.024, clip=50, loss_scale=512, train_wall=20, gb_free=36.6, wall=45548
2023-05-16 11:13:07 - progress_bar.py[line:272] - INFO: epoch 005:   1279 / 4137 loss=0.15, loss_v1=0, loss_v2=0, nll_loss=0.15, ntokens=256, nsentences=128, sample_size=256, sample_size_v1=0, sample_size_v2=0, ppl=1.11, wps=129.9, ups=0.51, wpb=256, bsz=128, num_updates=17800, lr=7.41874e-06, gnorm=1.082, clip=70, loss_scale=512, train_wall=20, gb_free=36.6, wall=45567
2023-05-16 11:13:27 - progress_bar.py[line:272] - INFO: epoch 005:   1289 / 4137 loss=0.151, loss_v1=0, loss_v2=0, nll_loss=0.151, ntokens=256, nsentences=128, sample_size=256, sample_size_v1=0, sample_size_v2=0, ppl=1.11, wps=129.9, ups=0.51, wpb=256, bsz=128, num_updates=17810, lr=7.39303e-06, gnorm=1.115, clip=80, loss_scale=512, train_wall=20, gb_free=36.5, wall=45587
2023-05-16 11:13:47 - progress_bar.py[line:272] - INFO: epoch 005:   1299 / 4137 loss=0.15, loss_v1=0, loss_v2=0, nll_loss=0.15, ntokens=256, nsentences=128, sample_size=256, sample_size_v1=0, sample_size_v2=0, ppl=1.11, wps=128.6, ups=0.5, wpb=256, bsz=128, num_updates=17820, lr=7.36731e-06, gnorm=1.101, clip=60, loss_scale=512, train_wall=20, gb_free=36.7, wall=45607
2023-05-16 11:14:07 - progress_bar.py[line:272] - INFO: epoch 005:   1309 / 4137 loss=0.14, loss_v1=0, loss_v2=0, nll_loss=0.14, ntokens=256, nsentences=128, sample_size=256, sample_size_v1=0, sample_size_v2=0, ppl=1.1, wps=123.4, ups=0.48, wpb=256, bsz=128, num_updates=17830, lr=7.3416e-06, gnorm=1.068, clip=60, loss_scale=512, train_wall=21, gb_free=36.7, wall=45628
2023-05-16 11:14:28 - progress_bar.py[line:272] - INFO: epoch 005:   1319 / 4137 loss=0.152, loss_v1=0, loss_v2=0, nll_loss=0.152, ntokens=256, nsentences=128, sample_size=256, sample_size_v1=0, sample_size_v2=0, ppl=1.11, wps=122.6, ups=0.48, wpb=256, bsz=128, num_updates=17840, lr=7.31588e-06, gnorm=1.125, clip=90, loss_scale=512, train_wall=21, gb_free=36.6, wall=45649
2023-05-16 11:14:49 - progress_bar.py[line:272] - INFO: epoch 005:   1329 / 4137 loss=0.134, loss_v1=0, loss_v2=0, nll_loss=0.134, ntokens=256, nsentences=128, sample_size=256, sample_size_v1=0, sample_size_v2=0, ppl=1.1, wps=122, ups=0.48, wpb=256, bsz=128, num_updates=17850, lr=7.29017e-06, gnorm=1.022, clip=50, loss_scale=512, train_wall=21, gb_free=36.7, wall=45670
2023-05-16 11:15:10 - progress_bar.py[line:272] - INFO: epoch 005:   1339 / 4137 loss=0.146, loss_v1=0, loss_v2=0, nll_loss=0.146, ntokens=256, nsentences=128, sample_size=256, sample_size_v1=0, sample_size_v2=0, ppl=1.11, wps=123.2, ups=0.48, wpb=256, bsz=128, num_updates=17860, lr=7.26445e-06, gnorm=1.061, clip=60, loss_scale=512, train_wall=21, gb_free=36.7, wall=45690
2023-05-16 11:15:31 - progress_bar.py[line:272] - INFO: epoch 005:   1349 / 4137 loss=0.136, loss_v1=0, loss_v2=0, nll_loss=0.136, ntokens=256, nsentences=128, sample_size=256, sample_size_v1=0, sample_size_v2=0, ppl=1.1, wps=122.1, ups=0.48, wpb=256, bsz=128, num_updates=17870, lr=7.23874e-06, gnorm=1.073, clip=60, loss_scale=512, train_wall=21, gb_free=36.4, wall=45711
2023-05-16 11:15:52 - progress_bar.py[line:272] - INFO: epoch 005:   1359 / 4137 loss=0.13, loss_v1=0, loss_v2=0, nll_loss=0.13, ntokens=256, nsentences=128, sample_size=256, sample_size_v1=0, sample_size_v2=0, ppl=1.09, wps=121.6, ups=0.48, wpb=256, bsz=128, num_updates=17880, lr=7.21302e-06, gnorm=1.104, clip=80, loss_scale=512, train_wall=21, gb_free=36.7, wall=45732
2023-05-16 11:16:13 - progress_bar.py[line:272] - INFO: epoch 005:   1369 / 4137 loss=0.151, loss_v1=0, loss_v2=0, nll_loss=0.151, ntokens=256, nsentences=128, sample_size=256, sample_size_v1=0, sample_size_v2=0, ppl=1.11, wps=122.2, ups=0.48, wpb=256, bsz=128, num_updates=17890, lr=7.18731e-06, gnorm=1.039, clip=40, loss_scale=512, train_wall=21, gb_free=36.6, wall=45753
2023-05-16 11:16:34 - progress_bar.py[line:272] - INFO: epoch 005:   1379 / 4137 loss=0.132, loss_v1=0, loss_v2=0, nll_loss=0.132, ntokens=256, nsentences=128, sample_size=256, sample_size_v1=0, sample_size_v2=0, ppl=1.1, wps=120.8, ups=0.47, wpb=256, bsz=128, num_updates=17900, lr=7.16159e-06, gnorm=1.031, clip=50, loss_scale=512, train_wall=21, gb_free=36.7, wall=45774
2023-05-16 11:16:55 - progress_bar.py[line:272] - INFO: epoch 005:   1389 / 4137 loss=0.166, loss_v1=0, loss_v2=0, nll_loss=0.166, ntokens=256, nsentences=128, sample_size=256, sample_size_v1=0, sample_size_v2=0, ppl=1.12, wps=122.3, ups=0.48, wpb=256, bsz=128, num_updates=17910, lr=7.13588e-06, gnorm=1.22, clip=90, loss_scale=512, train_wall=21, gb_free=36.6, wall=45795
2023-05-16 11:17:16 - progress_bar.py[line:272] - INFO: epoch 005:   1399 / 4137 loss=0.149, loss_v1=0, loss_v2=0, nll_loss=0.149, ntokens=256, nsentences=128, sample_size=256, sample_size_v1=0, sample_size_v2=0, ppl=1.11, wps=125.7, ups=0.49, wpb=256, bsz=128, num_updates=17920, lr=7.11016e-06, gnorm=1.149, clip=90, loss_scale=512, train_wall=20, gb_free=36.6, wall=45816
2023-05-16 11:17:36 - progress_bar.py[line:272] - INFO: epoch 005:   1409 / 4137 loss=0.153, loss_v1=0, loss_v2=0, nll_loss=0.153, ntokens=256, nsentences=128, sample_size=256, sample_size_v1=0, sample_size_v2=0, ppl=1.11, wps=126, ups=0.49, wpb=256, bsz=128, num_updates=17930, lr=7.08445e-06, gnorm=1.11, clip=70, loss_scale=512, train_wall=20, gb_free=36.6, wall=45836
2023-05-16 11:17:56 - progress_bar.py[line:272] - INFO: epoch 005:   1419 / 4137 loss=0.139, loss_v1=0, loss_v2=0, nll_loss=0.139, ntokens=256, nsentences=128, sample_size=256, sample_size_v1=0, sample_size_v2=0, ppl=1.1, wps=125.7, ups=0.49, wpb=256, bsz=128, num_updates=17940, lr=7.05873e-06, gnorm=1.044, clip=50, loss_scale=512, train_wall=20, gb_free=36.7, wall=45856
2023-05-16 11:18:17 - progress_bar.py[line:272] - INFO: epoch 005:   1429 / 4137 loss=0.132, loss_v1=0, loss_v2=0, nll_loss=0.132, ntokens=256, nsentences=128, sample_size=256, sample_size_v1=0, sample_size_v2=0, ppl=1.1, wps=125.3, ups=0.49, wpb=256, bsz=128, num_updates=17950, lr=7.03302e-06, gnorm=0.997, clip=50, loss_scale=512, train_wall=20, gb_free=36.7, wall=45877
2023-05-16 11:18:37 - progress_bar.py[line:272] - INFO: epoch 005:   1439 / 4137 loss=0.168, loss_v1=0, loss_v2=0, nll_loss=0.168, ntokens=256, nsentences=128, sample_size=256, sample_size_v1=0, sample_size_v2=0, ppl=1.12, wps=125.7, ups=0.49, wpb=256, bsz=128, num_updates=17960, lr=7.0073e-06, gnorm=1.176, clip=80, loss_scale=512, train_wall=20, gb_free=36.7, wall=45897
2023-05-16 11:18:58 - progress_bar.py[line:272] - INFO: epoch 005:   1449 / 4137 loss=0.148, loss_v1=0, loss_v2=0, nll_loss=0.148, ntokens=256, nsentences=128, sample_size=256, sample_size_v1=0, sample_size_v2=0, ppl=1.11, wps=124.2, ups=0.49, wpb=256, bsz=128, num_updates=17970, lr=6.98159e-06, gnorm=1.191, clip=80, loss_scale=512, train_wall=21, gb_free=36.7, wall=45918
2023-05-16 11:19:19 - progress_bar.py[line:272] - INFO: epoch 005:   1459 / 4137 loss=0.17, loss_v1=0, loss_v2=0, nll_loss=0.17, ntokens=256, nsentences=128, sample_size=256, sample_size_v1=0, sample_size_v2=0, ppl=1.13, wps=121.4, ups=0.47, wpb=256, bsz=128, num_updates=17980, lr=6.95587e-06, gnorm=1.138, clip=80, loss_scale=512, train_wall=21, gb_free=36.6, wall=45939
2023-05-16 11:19:40 - progress_bar.py[line:272] - INFO: epoch 005:   1469 / 4137 loss=0.149, loss_v1=0, loss_v2=0, nll_loss=0.149, ntokens=256, nsentences=128, sample_size=256, sample_size_v1=0, sample_size_v2=0, ppl=1.11, wps=121.7, ups=0.48, wpb=256, bsz=128, num_updates=17990, lr=6.93016e-06, gnorm=1.046, clip=70, loss_scale=512, train_wall=21, gb_free=36.6, wall=45960
2023-05-16 11:20:01 - progress_bar.py[line:272] - INFO: epoch 005:   1479 / 4137 loss=0.143, loss_v1=0, loss_v2=0, nll_loss=0.143, ntokens=256, nsentences=128, sample_size=256, sample_size_v1=0, sample_size_v2=0, ppl=1.1, wps=121.4, ups=0.47, wpb=256, bsz=128, num_updates=18000, lr=6.90444e-06, gnorm=1.049, clip=80, loss_scale=512, train_wall=21, gb_free=36.6, wall=45981
slice_id 1 seek offset 4465
2023-05-16 11:20:01 - train.py[line:445] - INFO: begin validation on "valid" subset
slice_id 0 seek offset 0
slice_id 3 seek offset 13394
slice_id 2 seek offset 8930
slice_id 0 seek offset 0
slice_id 1 seek offset 4465
slice_id 3 seek offset 13394
slice_id 2 seek offset 8930
2023-05-16 11:23:23 - progress_bar.py[line:282] - INFO: epoch 005 | valid on 'valid' subset | loss 0.21 | loss_v1 0 | loss_v2 0 | nll_loss 0.21 | ntokens 31.975 | nsentences 15.987 | sample_size 31.975 | sample_size_v1 0 | sample_size_v2 0 | ppl 1.16 | snli_score 0.85 | wps 176.9 | wpb 32 | bsz 16 | num_updates 18000 | best_snli_score 0.8524
2023-05-16 11:23:23 - checkpoint_utils.py[line:64] - INFO: Preparing to save checkpoint for epoch 5 @ 18000 updates
2023-05-16 11:23:23 - trainer.py[line:431] - INFO: Saving checkpoint to ./EC_full_checkpoints/5_5e-5/checkpoint_5_18000.pt
2023-05-16 11:23:26 - trainer.py[line:441] - INFO: Finished saving checkpoint to ./EC_full_checkpoints/5_5e-5/checkpoint_5_18000.pt
2023-05-16 11:23:29 - checkpoint_utils.py[line:133] - INFO: Saved checkpoint ./EC_full_checkpoints/5_5e-5/checkpoint_5_18000.pt (epoch 5 @ 18000 updates, score 0.85) (writing took 5.644116110866889 seconds)
2023-05-16 11:23:49 - progress_bar.py[line:272] - INFO: epoch 005:   1489 / 4137 loss=0.128, loss_v1=0, loss_v2=0, nll_loss=0.128, ntokens=256, nsentences=128, sample_size=256, sample_size_v1=0, sample_size_v2=0, ppl=1.09, wps=11.2, ups=0.04, wpb=256, bsz=128, num_updates=18010, lr=6.87873e-06, gnorm=0.927, clip=50, loss_scale=512, train_wall=20, gb_free=36.7, wall=46209
2023-05-16 11:24:08 - progress_bar.py[line:272] - INFO: epoch 005:   1499 / 4137 loss=0.128, loss_v1=0, loss_v2=0, nll_loss=0.128, ntokens=256, nsentences=128, sample_size=256, sample_size_v1=0, sample_size_v2=0, ppl=1.09, wps=129.3, ups=0.51, wpb=256, bsz=128, num_updates=18020, lr=6.85301e-06, gnorm=0.941, clip=30, loss_scale=512, train_wall=20, gb_free=36.6, wall=46229
2023-05-16 11:24:28 - progress_bar.py[line:272] - INFO: epoch 005:   1509 / 4137 loss=0.141, loss_v1=0, loss_v2=0, nll_loss=0.141, ntokens=256, nsentences=128, sample_size=256, sample_size_v1=0, sample_size_v2=0, ppl=1.1, wps=129, ups=0.5, wpb=256, bsz=128, num_updates=18030, lr=6.8273e-06, gnorm=1.012, clip=50, loss_scale=512, train_wall=20, gb_free=36.6, wall=46249
2023-05-16 11:24:48 - progress_bar.py[line:272] - INFO: epoch 005:   1519 / 4137 loss=0.133, loss_v1=0, loss_v2=0, nll_loss=0.133, ntokens=256, nsentences=128, sample_size=256, sample_size_v1=0, sample_size_v2=0, ppl=1.1, wps=128.4, ups=0.5, wpb=256, bsz=128, num_updates=18040, lr=6.80158e-06, gnorm=1.046, clip=70, loss_scale=512, train_wall=20, gb_free=36.7, wall=46268
2023-05-16 11:25:08 - progress_bar.py[line:272] - INFO: epoch 005:   1529 / 4137 loss=0.14, loss_v1=0, loss_v2=0, nll_loss=0.14, ntokens=256, nsentences=128, sample_size=256, sample_size_v1=0, sample_size_v2=0, ppl=1.1, wps=128.5, ups=0.5, wpb=256, bsz=128, num_updates=18050, lr=6.77587e-06, gnorm=1.107, clip=70, loss_scale=512, train_wall=20, gb_free=36.6, wall=46288
2023-05-16 11:25:28 - progress_bar.py[line:272] - INFO: epoch 005:   1539 / 4137 loss=0.159, loss_v1=0, loss_v2=0, nll_loss=0.159, ntokens=256, nsentences=128, sample_size=256, sample_size_v1=0, sample_size_v2=0, ppl=1.12, wps=128.1, ups=0.5, wpb=256, bsz=128, num_updates=18060, lr=6.75015e-06, gnorm=1.148, clip=70, loss_scale=512, train_wall=20, gb_free=36.6, wall=46308
2023-05-16 11:25:48 - progress_bar.py[line:272] - INFO: epoch 005:   1549 / 4137 loss=0.128, loss_v1=0, loss_v2=0, nll_loss=0.128, ntokens=256, nsentences=128, sample_size=256, sample_size_v1=0, sample_size_v2=0, ppl=1.09, wps=128.8, ups=0.5, wpb=256, bsz=128, num_updates=18070, lr=6.72444e-06, gnorm=0.994, clip=40, loss_scale=512, train_wall=20, gb_free=36.7, wall=46328
2023-05-16 11:26:08 - progress_bar.py[line:272] - INFO: epoch 005:   1559 / 4137 loss=0.121, loss_v1=0, loss_v2=0, nll_loss=0.121, ntokens=256, nsentences=128, sample_size=256, sample_size_v1=0, sample_size_v2=0, ppl=1.09, wps=127.7, ups=0.5, wpb=256, bsz=128, num_updates=18080, lr=6.69872e-06, gnorm=1.069, clip=70, loss_scale=512, train_wall=20, gb_free=36.6, wall=46348
2023-05-16 11:26:28 - progress_bar.py[line:272] - INFO: epoch 005:   1569 / 4137 loss=0.135, loss_v1=0, loss_v2=0, nll_loss=0.135, ntokens=256, nsentences=128, sample_size=256, sample_size_v1=0, sample_size_v2=0, ppl=1.1, wps=128.6, ups=0.5, wpb=256, bsz=128, num_updates=18090, lr=6.67301e-06, gnorm=1.159, clip=80, loss_scale=512, train_wall=20, gb_free=36.7, wall=46368
2023-05-16 11:26:48 - progress_bar.py[line:272] - INFO: epoch 005:   1579 / 4137 loss=0.124, loss_v1=0, loss_v2=0, nll_loss=0.124, ntokens=256, nsentences=128, sample_size=256, sample_size_v1=0, sample_size_v2=0, ppl=1.09, wps=128.4, ups=0.5, wpb=256, bsz=128, num_updates=18100, lr=6.64729e-06, gnorm=0.953, clip=50, loss_scale=512, train_wall=20, gb_free=36.5, wall=46388
2023-05-16 11:27:08 - progress_bar.py[line:272] - INFO: epoch 005:   1589 / 4137 loss=0.142, loss_v1=0, loss_v2=0, nll_loss=0.142, ntokens=256, nsentences=128, sample_size=256, sample_size_v1=0, sample_size_v2=0, ppl=1.1, wps=128.4, ups=0.5, wpb=256, bsz=128, num_updates=18110, lr=6.62158e-06, gnorm=1.055, clip=40, loss_scale=512, train_wall=20, gb_free=36.5, wall=46408
2023-05-16 11:27:28 - progress_bar.py[line:272] - INFO: epoch 005:   1599 / 4137 loss=0.132, loss_v1=0, loss_v2=0, nll_loss=0.132, ntokens=256, nsentences=128, sample_size=256, sample_size_v1=0, sample_size_v2=0, ppl=1.1, wps=128.7, ups=0.5, wpb=256, bsz=128, num_updates=18120, lr=6.59587e-06, gnorm=1.068, clip=40, loss_scale=512, train_wall=20, gb_free=36.7, wall=46428
2023-05-16 11:27:48 - progress_bar.py[line:272] - INFO: epoch 005:   1609 / 4137 loss=0.13, loss_v1=0, loss_v2=0, nll_loss=0.13, ntokens=256, nsentences=128, sample_size=256, sample_size_v1=0, sample_size_v2=0, ppl=1.09, wps=129.1, ups=0.5, wpb=256, bsz=128, num_updates=18130, lr=6.57015e-06, gnorm=1.007, clip=40, loss_scale=512, train_wall=20, gb_free=36.6, wall=46448
2023-05-16 11:28:07 - progress_bar.py[line:272] - INFO: epoch 005:   1619 / 4137 loss=0.117, loss_v1=0, loss_v2=0, nll_loss=0.117, ntokens=256, nsentences=128, sample_size=256, sample_size_v1=0, sample_size_v2=0, ppl=1.08, wps=129.5, ups=0.51, wpb=256, bsz=128, num_updates=18140, lr=6.54444e-06, gnorm=1.031, clip=40, loss_scale=512, train_wall=20, gb_free=36.7, wall=46468
2023-05-16 11:28:28 - progress_bar.py[line:272] - INFO: epoch 005:   1629 / 4137 loss=0.129, loss_v1=0, loss_v2=0, nll_loss=0.129, ntokens=256, nsentences=128, sample_size=256, sample_size_v1=0, sample_size_v2=0, ppl=1.09, wps=126.4, ups=0.49, wpb=256, bsz=128, num_updates=18150, lr=6.51872e-06, gnorm=1.176, clip=80, loss_scale=512, train_wall=20, gb_free=36.6, wall=46488
2023-05-16 11:28:48 - progress_bar.py[line:272] - INFO: epoch 005:   1639 / 4137 loss=0.136, loss_v1=0, loss_v2=0, nll_loss=0.136, ntokens=256, nsentences=128, sample_size=256, sample_size_v1=0, sample_size_v2=0, ppl=1.1, wps=127, ups=0.5, wpb=256, bsz=128, num_updates=18160, lr=6.49301e-06, gnorm=1.151, clip=70, loss_scale=512, train_wall=20, gb_free=36.5, wall=46508
2023-05-16 11:29:09 - progress_bar.py[line:272] - INFO: epoch 005:   1649 / 4137 loss=0.145, loss_v1=0, loss_v2=0, nll_loss=0.145, ntokens=256, nsentences=128, sample_size=256, sample_size_v1=0, sample_size_v2=0, ppl=1.11, wps=119.7, ups=0.47, wpb=256, bsz=128, num_updates=18170, lr=6.46729e-06, gnorm=1.104, clip=80, loss_scale=512, train_wall=21, gb_free=36.6, wall=46529
2023-05-16 11:29:30 - progress_bar.py[line:272] - INFO: epoch 005:   1659 / 4137 loss=0.138, loss_v1=0, loss_v2=0, nll_loss=0.138, ntokens=256, nsentences=128, sample_size=256, sample_size_v1=0, sample_size_v2=0, ppl=1.1, wps=123.8, ups=0.48, wpb=256, bsz=128, num_updates=18180, lr=6.44158e-06, gnorm=1.088, clip=70, loss_scale=512, train_wall=21, gb_free=36.4, wall=46550
2023-05-16 11:29:50 - progress_bar.py[line:272] - INFO: epoch 005:   1669 / 4137 loss=0.128, loss_v1=0, loss_v2=0, nll_loss=0.128, ntokens=256, nsentences=128, sample_size=256, sample_size_v1=0, sample_size_v2=0, ppl=1.09, wps=128.3, ups=0.5, wpb=256, bsz=128, num_updates=18190, lr=6.41586e-06, gnorm=1.134, clip=80, loss_scale=512, train_wall=20, gb_free=36.6, wall=46570
2023-05-16 11:30:10 - progress_bar.py[line:272] - INFO: epoch 005:   1679 / 4137 loss=0.138, loss_v1=0, loss_v2=0, nll_loss=0.138, ntokens=256, nsentences=128, sample_size=256, sample_size_v1=0, sample_size_v2=0, ppl=1.1, wps=127.6, ups=0.5, wpb=256, bsz=128, num_updates=18200, lr=6.39015e-06, gnorm=1.114, clip=90, loss_scale=512, train_wall=20, gb_free=36.6, wall=46590
2023-05-16 11:30:31 - progress_bar.py[line:272] - INFO: epoch 005:   1689 / 4137 loss=0.144, loss_v1=0, loss_v2=0, nll_loss=0.144, ntokens=256, nsentences=128, sample_size=256, sample_size_v1=0, sample_size_v2=0, ppl=1.11, wps=123.7, ups=0.48, wpb=256, bsz=128, num_updates=18210, lr=6.36443e-06, gnorm=1.137, clip=90, loss_scale=512, train_wall=21, gb_free=36.4, wall=46611
2023-05-16 11:30:50 - progress_bar.py[line:272] - INFO: epoch 005:   1699 / 4137 loss=0.13, loss_v1=0, loss_v2=0, nll_loss=0.13, ntokens=256, nsentences=128, sample_size=256, sample_size_v1=0, sample_size_v2=0, ppl=1.09, wps=129, ups=0.5, wpb=256, bsz=128, num_updates=18220, lr=6.33872e-06, gnorm=1.069, clip=70, loss_scale=512, train_wall=20, gb_free=36.4, wall=46631
2023-05-16 11:31:10 - progress_bar.py[line:272] - INFO: epoch 005:   1709 / 4137 loss=0.134, loss_v1=0, loss_v2=0, nll_loss=0.134, ntokens=256, nsentences=128, sample_size=256, sample_size_v1=0, sample_size_v2=0, ppl=1.1, wps=128.1, ups=0.5, wpb=256, bsz=128, num_updates=18230, lr=6.313e-06, gnorm=1.077, clip=70, loss_scale=512, train_wall=20, gb_free=36.7, wall=46651
2023-05-16 11:31:30 - progress_bar.py[line:272] - INFO: epoch 005:   1719 / 4137 loss=0.14, loss_v1=0, loss_v2=0, nll_loss=0.14, ntokens=256, nsentences=128, sample_size=256, sample_size_v1=0, sample_size_v2=0, ppl=1.1, wps=128.7, ups=0.5, wpb=256, bsz=128, num_updates=18240, lr=6.28729e-06, gnorm=1.11, clip=90, loss_scale=1024, train_wall=20, gb_free=36.7, wall=46670
2023-05-16 11:31:50 - progress_bar.py[line:272] - INFO: epoch 005:   1729 / 4137 loss=0.138, loss_v1=0, loss_v2=0, nll_loss=0.138, ntokens=256, nsentences=128, sample_size=256, sample_size_v1=0, sample_size_v2=0, ppl=1.1, wps=129.3, ups=0.5, wpb=256, bsz=128, num_updates=18250, lr=6.26157e-06, gnorm=1.077, clip=80, loss_scale=1024, train_wall=20, gb_free=36.7, wall=46690
2023-05-16 11:32:10 - progress_bar.py[line:272] - INFO: epoch 005:   1739 / 4137 loss=0.127, loss_v1=0, loss_v2=0, nll_loss=0.127, ntokens=256, nsentences=128, sample_size=256, sample_size_v1=0, sample_size_v2=0, ppl=1.09, wps=128.1, ups=0.5, wpb=256, bsz=128, num_updates=18260, lr=6.23586e-06, gnorm=1.022, clip=60, loss_scale=1024, train_wall=20, gb_free=36.6, wall=46710
2023-05-16 11:32:30 - progress_bar.py[line:272] - INFO: epoch 005:   1749 / 4137 loss=0.13, loss_v1=0, loss_v2=0, nll_loss=0.13, ntokens=256, nsentences=128, sample_size=256, sample_size_v1=0, sample_size_v2=0, ppl=1.09, wps=129.5, ups=0.51, wpb=256, bsz=128, num_updates=18270, lr=6.21014e-06, gnorm=1.104, clip=80, loss_scale=1024, train_wall=20, gb_free=36.7, wall=46730
2023-05-16 11:32:50 - progress_bar.py[line:272] - INFO: epoch 005:   1759 / 4137 loss=0.152, loss_v1=0, loss_v2=0, nll_loss=0.152, ntokens=256, nsentences=128, sample_size=256, sample_size_v1=0, sample_size_v2=0, ppl=1.11, wps=128.2, ups=0.5, wpb=256, bsz=128, num_updates=18280, lr=6.18443e-06, gnorm=1.1, clip=80, loss_scale=1024, train_wall=20, gb_free=36.7, wall=46750
2023-05-16 11:33:10 - progress_bar.py[line:272] - INFO: epoch 005:   1769 / 4137 loss=0.165, loss_v1=0, loss_v2=0, nll_loss=0.165, ntokens=256, nsentences=128, sample_size=256, sample_size_v1=0, sample_size_v2=0, ppl=1.12, wps=126.7, ups=0.49, wpb=256, bsz=128, num_updates=18290, lr=6.15871e-06, gnorm=1.144, clip=90, loss_scale=1024, train_wall=20, gb_free=36.7, wall=46770
2023-05-16 11:33:30 - progress_bar.py[line:272] - INFO: epoch 005:   1779 / 4137 loss=0.144, loss_v1=0, loss_v2=0, nll_loss=0.144, ntokens=256, nsentences=128, sample_size=256, sample_size_v1=0, sample_size_v2=0, ppl=1.1, wps=129.1, ups=0.5, wpb=256, bsz=128, num_updates=18300, lr=6.133e-06, gnorm=1.04, clip=70, loss_scale=1024, train_wall=20, gb_free=36.7, wall=46790
2023-05-16 11:33:50 - progress_bar.py[line:272] - INFO: epoch 005:   1789 / 4137 loss=0.153, loss_v1=0, loss_v2=0, nll_loss=0.153, ntokens=256, nsentences=128, sample_size=256, sample_size_v1=0, sample_size_v2=0, ppl=1.11, wps=128.5, ups=0.5, wpb=256, bsz=128, num_updates=18310, lr=6.10728e-06, gnorm=1.107, clip=70, loss_scale=1024, train_wall=20, gb_free=36.7, wall=46810
2023-05-16 11:34:10 - progress_bar.py[line:272] - INFO: epoch 005:   1799 / 4137 loss=0.137, loss_v1=0, loss_v2=0, nll_loss=0.137, ntokens=256, nsentences=128, sample_size=256, sample_size_v1=0, sample_size_v2=0, ppl=1.1, wps=128.1, ups=0.5, wpb=256, bsz=128, num_updates=18320, lr=6.08157e-06, gnorm=1.045, clip=70, loss_scale=1024, train_wall=20, gb_free=36.7, wall=46830
2023-05-16 11:34:30 - progress_bar.py[line:272] - INFO: epoch 005:   1809 / 4137 loss=0.129, loss_v1=0, loss_v2=0, nll_loss=0.129, ntokens=256, nsentences=128, sample_size=256, sample_size_v1=0, sample_size_v2=0, ppl=1.09, wps=128.9, ups=0.5, wpb=256, bsz=128, num_updates=18330, lr=6.05585e-06, gnorm=1.022, clip=70, loss_scale=1024, train_wall=20, gb_free=36.6, wall=46850
2023-05-16 11:34:49 - progress_bar.py[line:272] - INFO: epoch 005:   1819 / 4137 loss=0.14, loss_v1=0, loss_v2=0, nll_loss=0.14, ntokens=256, nsentences=128, sample_size=256, sample_size_v1=0, sample_size_v2=0, ppl=1.1, wps=128.9, ups=0.5, wpb=256, bsz=128, num_updates=18340, lr=6.03014e-06, gnorm=1.154, clip=70, loss_scale=1024, train_wall=20, gb_free=36.5, wall=46870
2023-05-16 11:35:09 - progress_bar.py[line:272] - INFO: epoch 005:   1829 / 4137 loss=0.133, loss_v1=0, loss_v2=0, nll_loss=0.133, ntokens=256, nsentences=128, sample_size=256, sample_size_v1=0, sample_size_v2=0, ppl=1.1, wps=128.4, ups=0.5, wpb=256, bsz=128, num_updates=18350, lr=6.00442e-06, gnorm=0.994, clip=50, loss_scale=1024, train_wall=20, gb_free=36.6, wall=46890
2023-05-16 11:35:30 - progress_bar.py[line:272] - INFO: epoch 005:   1839 / 4137 loss=0.145, loss_v1=0, loss_v2=0, nll_loss=0.145, ntokens=256, nsentences=128, sample_size=256, sample_size_v1=0, sample_size_v2=0, ppl=1.11, wps=124.5, ups=0.49, wpb=256, bsz=128, num_updates=18360, lr=5.97871e-06, gnorm=1.2, clip=100, loss_scale=1024, train_wall=21, gb_free=36.7, wall=46910
2023-05-16 11:35:50 - progress_bar.py[line:272] - INFO: epoch 005:   1849 / 4137 loss=0.121, loss_v1=0, loss_v2=0, nll_loss=0.121, ntokens=256, nsentences=128, sample_size=256, sample_size_v1=0, sample_size_v2=0, ppl=1.09, wps=127.6, ups=0.5, wpb=256, bsz=128, num_updates=18370, lr=5.95299e-06, gnorm=1.101, clip=70, loss_scale=1024, train_wall=20, gb_free=36.7, wall=46930
2023-05-16 11:36:10 - progress_bar.py[line:272] - INFO: epoch 005:   1859 / 4137 loss=0.149, loss_v1=0, loss_v2=0, nll_loss=0.149, ntokens=256, nsentences=128, sample_size=256, sample_size_v1=0, sample_size_v2=0, ppl=1.11, wps=128.4, ups=0.5, wpb=256, bsz=128, num_updates=18380, lr=5.92728e-06, gnorm=1.138, clip=80, loss_scale=1024, train_wall=20, gb_free=36.6, wall=46950
2023-05-16 11:36:31 - progress_bar.py[line:272] - INFO: epoch 005:   1869 / 4137 loss=0.144, loss_v1=0, loss_v2=0, nll_loss=0.144, ntokens=256, nsentences=128, sample_size=256, sample_size_v1=0, sample_size_v2=0, ppl=1.11, wps=124, ups=0.48, wpb=256, bsz=128, num_updates=18390, lr=5.90156e-06, gnorm=1.096, clip=80, loss_scale=1024, train_wall=21, gb_free=36.7, wall=46971
2023-05-16 11:36:51 - progress_bar.py[line:272] - INFO: epoch 005:   1879 / 4137 loss=0.142, loss_v1=0, loss_v2=0, nll_loss=0.142, ntokens=256, nsentences=128, sample_size=256, sample_size_v1=0, sample_size_v2=0, ppl=1.1, wps=124.4, ups=0.49, wpb=256, bsz=128, num_updates=18400, lr=5.87585e-06, gnorm=1.099, clip=70, loss_scale=1024, train_wall=21, gb_free=36.7, wall=46991
2023-05-16 11:37:12 - progress_bar.py[line:272] - INFO: epoch 005:   1889 / 4137 loss=0.138, loss_v1=0, loss_v2=0, nll_loss=0.138, ntokens=256, nsentences=128, sample_size=256, sample_size_v1=0, sample_size_v2=0, ppl=1.1, wps=122.4, ups=0.48, wpb=256, bsz=128, num_updates=18410, lr=5.85013e-06, gnorm=1.114, clip=60, loss_scale=1024, train_wall=21, gb_free=36.7, wall=47012
2023-05-16 11:37:32 - progress_bar.py[line:272] - INFO: epoch 005:   1899 / 4137 loss=0.135, loss_v1=0, loss_v2=0, nll_loss=0.135, ntokens=256, nsentences=128, sample_size=256, sample_size_v1=0, sample_size_v2=0, ppl=1.1, wps=125.9, ups=0.49, wpb=256, bsz=128, num_updates=18420, lr=5.82442e-06, gnorm=1.043, clip=60, loss_scale=1024, train_wall=20, gb_free=36.7, wall=47033
2023-05-16 11:37:53 - progress_bar.py[line:272] - INFO: epoch 005:   1909 / 4137 loss=0.13, loss_v1=0, loss_v2=0, nll_loss=0.13, ntokens=256, nsentences=128, sample_size=256, sample_size_v1=0, sample_size_v2=0, ppl=1.09, wps=122, ups=0.48, wpb=256, bsz=128, num_updates=18430, lr=5.7987e-06, gnorm=1.054, clip=50, loss_scale=1024, train_wall=21, gb_free=36.7, wall=47054
2023-05-16 11:38:14 - progress_bar.py[line:272] - INFO: epoch 005:   1919 / 4137 loss=0.128, loss_v1=0, loss_v2=0, nll_loss=0.128, ntokens=256, nsentences=128, sample_size=256, sample_size_v1=0, sample_size_v2=0, ppl=1.09, wps=126, ups=0.49, wpb=256, bsz=128, num_updates=18440, lr=5.77299e-06, gnorm=1.047, clip=60, loss_scale=1024, train_wall=20, gb_free=36.7, wall=47074
2023-05-16 11:38:34 - progress_bar.py[line:272] - INFO: epoch 005:   1929 / 4137 loss=0.133, loss_v1=0, loss_v2=0, nll_loss=0.133, ntokens=256, nsentences=128, sample_size=256, sample_size_v1=0, sample_size_v2=0, ppl=1.1, wps=129.4, ups=0.51, wpb=256, bsz=128, num_updates=18450, lr=5.74727e-06, gnorm=1.15, clip=100, loss_scale=1024, train_wall=20, gb_free=36.5, wall=47094
2023-05-16 11:38:53 - progress_bar.py[line:272] - INFO: epoch 005:   1939 / 4137 loss=0.114, loss_v1=0, loss_v2=0, nll_loss=0.114, ntokens=256, nsentences=128, sample_size=256, sample_size_v1=0, sample_size_v2=0, ppl=1.08, wps=128.8, ups=0.5, wpb=256, bsz=128, num_updates=18460, lr=5.72156e-06, gnorm=1.033, clip=60, loss_scale=1024, train_wall=20, gb_free=36.7, wall=47114
2023-05-16 11:39:13 - progress_bar.py[line:272] - INFO: epoch 005:   1949 / 4137 loss=0.131, loss_v1=0, loss_v2=0, nll_loss=0.131, ntokens=256, nsentences=128, sample_size=256, sample_size_v1=0, sample_size_v2=0, ppl=1.1, wps=127.7, ups=0.5, wpb=256, bsz=128, num_updates=18470, lr=5.69584e-06, gnorm=1.131, clip=70, loss_scale=1024, train_wall=20, gb_free=36.6, wall=47134
2023-05-16 11:39:33 - progress_bar.py[line:272] - INFO: epoch 005:   1959 / 4137 loss=0.15, loss_v1=0, loss_v2=0, nll_loss=0.15, ntokens=256, nsentences=128, sample_size=256, sample_size_v1=0, sample_size_v2=0, ppl=1.11, wps=128.3, ups=0.5, wpb=256, bsz=128, num_updates=18480, lr=5.67013e-06, gnorm=1.216, clip=80, loss_scale=1024, train_wall=20, gb_free=36.4, wall=47154
2023-05-16 11:39:53 - progress_bar.py[line:272] - INFO: epoch 005:   1969 / 4137 loss=0.134, loss_v1=0, loss_v2=0, nll_loss=0.134, ntokens=256, nsentences=128, sample_size=256, sample_size_v1=0, sample_size_v2=0, ppl=1.1, wps=129, ups=0.5, wpb=256, bsz=128, num_updates=18490, lr=5.64441e-06, gnorm=1.172, clip=90, loss_scale=1024, train_wall=20, gb_free=36.6, wall=47173
2023-05-16 11:40:13 - progress_bar.py[line:272] - INFO: epoch 005:   1979 / 4137 loss=0.121, loss_v1=0, loss_v2=0, nll_loss=0.121, ntokens=256, nsentences=128, sample_size=256, sample_size_v1=0, sample_size_v2=0, ppl=1.09, wps=129, ups=0.5, wpb=256, bsz=128, num_updates=18500, lr=5.6187e-06, gnorm=1.011, clip=60, loss_scale=1024, train_wall=20, gb_free=36.7, wall=47193
slice_id 2 seek offset 8930
slice_id 1 seek offset 44652023-05-16 11:40:13 - train.py[line:445] - INFO: begin validation on "valid" subset

slice_id 0 seek offset 0
slice_id 3 seek offset 13394
slice_id 0 seek offset 0
slice_id 1 seek offset 4465
slice_id 2 seek offset 8930
slice_id 3 seek offset 13394
2023-05-16 11:43:41 - progress_bar.py[line:282] - INFO: epoch 005 | valid on 'valid' subset | loss 0.218 | loss_v1 0 | loss_v2 0 | nll_loss 0.218 | ntokens 31.975 | nsentences 15.987 | sample_size 31.975 | sample_size_v1 0 | sample_size_v2 0 | ppl 1.16 | snli_score 0.85 | wps 171.6 | wpb 32 | bsz 16 | num_updates 18500 | best_snli_score 0.8524
2023-05-16 11:43:41 - checkpoint_utils.py[line:64] - INFO: Preparing to save checkpoint for epoch 5 @ 18500 updates
2023-05-16 11:43:41 - trainer.py[line:431] - INFO: Saving checkpoint to ./EC_full_checkpoints/5_5e-5/checkpoint_5_18500.pt
2023-05-16 11:43:44 - trainer.py[line:441] - INFO: Finished saving checkpoint to ./EC_full_checkpoints/5_5e-5/checkpoint_5_18500.pt
2023-05-16 11:43:47 - checkpoint_utils.py[line:133] - INFO: Saved checkpoint ./EC_full_checkpoints/5_5e-5/checkpoint_5_18500.pt (epoch 5 @ 18500 updates, score 0.85) (writing took 5.198736039921641 seconds)
2023-05-16 11:44:08 - progress_bar.py[line:272] - INFO: epoch 005:   1989 / 4137 loss=0.126, loss_v1=0, loss_v2=0, nll_loss=0.126, ntokens=256, nsentences=128, sample_size=256, sample_size_v1=0, sample_size_v2=0, ppl=1.09, wps=10.9, ups=0.04, wpb=256, bsz=128, num_updates=18510, lr=5.59298e-06, gnorm=0.978, clip=40, loss_scale=1024, train_wall=21, gb_free=36.6, wall=47428
2023-05-16 11:44:29 - progress_bar.py[line:272] - INFO: epoch 005:   1999 / 4137 loss=0.132, loss_v1=0, loss_v2=0, nll_loss=0.132, ntokens=256, nsentences=128, sample_size=256, sample_size_v1=0, sample_size_v2=0, ppl=1.1, wps=122.5, ups=0.48, wpb=256, bsz=128, num_updates=18520, lr=5.56727e-06, gnorm=1.081, clip=60, loss_scale=1024, train_wall=21, gb_free=36.4, wall=47449
2023-05-16 11:44:50 - progress_bar.py[line:272] - INFO: epoch 005:   2009 / 4137 loss=0.133, loss_v1=0, loss_v2=0, nll_loss=0.133, ntokens=256, nsentences=128, sample_size=256, sample_size_v1=0, sample_size_v2=0, ppl=1.1, wps=123.5, ups=0.48, wpb=256, bsz=128, num_updates=18530, lr=5.54156e-06, gnorm=1.07, clip=70, loss_scale=1024, train_wall=21, gb_free=36.6, wall=47470
2023-05-16 11:45:11 - progress_bar.py[line:272] - INFO: epoch 005:   2019 / 4137 loss=0.123, loss_v1=0, loss_v2=0, nll_loss=0.123, ntokens=256, nsentences=128, sample_size=256, sample_size_v1=0, sample_size_v2=0, ppl=1.09, wps=121.5, ups=0.47, wpb=256, bsz=128, num_updates=18540, lr=5.51584e-06, gnorm=1.041, clip=50, loss_scale=1024, train_wall=21, gb_free=36.6, wall=47491
2023-05-16 11:45:15 - trainer.py[line:921] - INFO: NOTE: gradient overflow detected, ignoring gradient, setting loss scale to: 512.0
2023-05-16 11:45:33 - progress_bar.py[line:272] - INFO: epoch 005:   2030 / 4137 loss=0.126, loss_v1=0, loss_v2=0, nll_loss=0.126, ntokens=256, nsentences=128, sample_size=256, sample_size_v1=0, sample_size_v2=0, ppl=1.09, wps=112.2, ups=0.44, wpb=256, bsz=128, num_updates=18550, lr=5.49013e-06, gnorm=1.031, clip=40, loss_scale=512, train_wall=23, gb_free=36.3, wall=47514
2023-05-16 11:45:54 - progress_bar.py[line:272] - INFO: epoch 005:   2040 / 4137 loss=0.128, loss_v1=0, loss_v2=0, nll_loss=0.128, ntokens=256, nsentences=128, sample_size=256, sample_size_v1=0, sample_size_v2=0, ppl=1.09, wps=124.4, ups=0.49, wpb=256, bsz=128, num_updates=18560, lr=5.46441e-06, gnorm=1.093, clip=60, loss_scale=512, train_wall=21, gb_free=36.6, wall=47534
2023-05-16 11:46:15 - progress_bar.py[line:272] - INFO: epoch 005:   2050 / 4137 loss=0.129, loss_v1=0, loss_v2=0, nll_loss=0.129, ntokens=256, nsentences=128, sample_size=256, sample_size_v1=0, sample_size_v2=0, ppl=1.09, wps=121.1, ups=0.47, wpb=256, bsz=128, num_updates=18570, lr=5.4387e-06, gnorm=1.054, clip=60, loss_scale=512, train_wall=21, gb_free=36.5, wall=47555
2023-05-16 11:46:36 - progress_bar.py[line:272] - INFO: epoch 005:   2060 / 4137 loss=0.127, loss_v1=0, loss_v2=0, nll_loss=0.127, ntokens=256, nsentences=128, sample_size=256, sample_size_v1=0, sample_size_v2=0, ppl=1.09, wps=124, ups=0.48, wpb=256, bsz=128, num_updates=18580, lr=5.41298e-06, gnorm=1.124, clip=70, loss_scale=512, train_wall=21, gb_free=36.6, wall=47576
2023-05-16 11:46:56 - progress_bar.py[line:272] - INFO: epoch 005:   2070 / 4137 loss=0.143, loss_v1=0, loss_v2=0, nll_loss=0.143, ntokens=256, nsentences=128, sample_size=256, sample_size_v1=0, sample_size_v2=0, ppl=1.1, wps=125.2, ups=0.49, wpb=256, bsz=128, num_updates=18590, lr=5.38727e-06, gnorm=1.133, clip=70, loss_scale=512, train_wall=20, gb_free=36.6, wall=47596
2023-05-16 11:47:17 - progress_bar.py[line:272] - INFO: epoch 005:   2080 / 4137 loss=0.137, loss_v1=0, loss_v2=0, nll_loss=0.137, ntokens=256, nsentences=128, sample_size=256, sample_size_v1=0, sample_size_v2=0, ppl=1.1, wps=125.3, ups=0.49, wpb=256, bsz=128, num_updates=18600, lr=5.36155e-06, gnorm=1.077, clip=70, loss_scale=512, train_wall=20, gb_free=36.6, wall=47617
2023-05-16 11:47:37 - progress_bar.py[line:272] - INFO: epoch 005:   2090 / 4137 loss=0.143, loss_v1=0, loss_v2=0, nll_loss=0.143, ntokens=256, nsentences=128, sample_size=256, sample_size_v1=0, sample_size_v2=0, ppl=1.1, wps=124.1, ups=0.48, wpb=256, bsz=128, num_updates=18610, lr=5.33584e-06, gnorm=1.075, clip=70, loss_scale=512, train_wall=21, gb_free=36.5, wall=47637
2023-05-16 11:47:58 - progress_bar.py[line:272] - INFO: epoch 005:   2100 / 4137 loss=0.125, loss_v1=0, loss_v2=0, nll_loss=0.125, ntokens=256, nsentences=128, sample_size=256, sample_size_v1=0, sample_size_v2=0, ppl=1.09, wps=122.4, ups=0.48, wpb=256, bsz=128, num_updates=18620, lr=5.31012e-06, gnorm=1.001, clip=60, loss_scale=512, train_wall=21, gb_free=36.6, wall=47658
2023-05-16 11:48:19 - progress_bar.py[line:272] - INFO: epoch 005:   2110 / 4137 loss=0.115, loss_v1=0, loss_v2=0, nll_loss=0.115, ntokens=256, nsentences=128, sample_size=256, sample_size_v1=0, sample_size_v2=0, ppl=1.08, wps=124.7, ups=0.49, wpb=256, bsz=128, num_updates=18630, lr=5.28441e-06, gnorm=1.02, clip=60, loss_scale=512, train_wall=20, gb_free=36.6, wall=47679
2023-05-16 11:48:39 - progress_bar.py[line:272] - INFO: epoch 005:   2120 / 4137 loss=0.127, loss_v1=0, loss_v2=0, nll_loss=0.127, ntokens=256, nsentences=128, sample_size=256, sample_size_v1=0, sample_size_v2=0, ppl=1.09, wps=123.3, ups=0.48, wpb=256, bsz=128, num_updates=18640, lr=5.25869e-06, gnorm=1.009, clip=60, loss_scale=512, train_wall=21, gb_free=36.6, wall=47700
2023-05-16 11:49:00 - progress_bar.py[line:272] - INFO: epoch 005:   2130 / 4137 loss=0.145, loss_v1=0, loss_v2=0, nll_loss=0.145, ntokens=256, nsentences=128, sample_size=256, sample_size_v1=0, sample_size_v2=0, ppl=1.11, wps=123.2, ups=0.48, wpb=256, bsz=128, num_updates=18650, lr=5.23298e-06, gnorm=1.165, clip=90, loss_scale=512, train_wall=21, gb_free=36.6, wall=47720
2023-05-16 11:49:21 - progress_bar.py[line:272] - INFO: epoch 005:   2140 / 4137 loss=0.163, loss_v1=0, loss_v2=0, nll_loss=0.163, ntokens=256, nsentences=128, sample_size=256, sample_size_v1=0, sample_size_v2=0, ppl=1.12, wps=124.8, ups=0.49, wpb=256, bsz=128, num_updates=18660, lr=5.20726e-06, gnorm=1.172, clip=100, loss_scale=512, train_wall=20, gb_free=36.7, wall=47741
2023-05-16 11:49:42 - progress_bar.py[line:272] - INFO: epoch 005:   2150 / 4137 loss=0.128, loss_v1=0, loss_v2=0, nll_loss=0.128, ntokens=256, nsentences=128, sample_size=256, sample_size_v1=0, sample_size_v2=0, ppl=1.09, wps=121.6, ups=0.47, wpb=256, bsz=128, num_updates=18670, lr=5.18155e-06, gnorm=1.103, clip=80, loss_scale=512, train_wall=21, gb_free=36.5, wall=47762
2023-05-16 11:50:03 - progress_bar.py[line:272] - INFO: epoch 005:   2160 / 4137 loss=0.129, loss_v1=0, loss_v2=0, nll_loss=0.129, ntokens=256, nsentences=128, sample_size=256, sample_size_v1=0, sample_size_v2=0, ppl=1.09, wps=123.5, ups=0.48, wpb=256, bsz=128, num_updates=18680, lr=5.15583e-06, gnorm=1.09, clip=70, loss_scale=512, train_wall=21, gb_free=36.5, wall=47783
2023-05-16 11:50:24 - progress_bar.py[line:272] - INFO: epoch 005:   2170 / 4137 loss=0.122, loss_v1=0, loss_v2=0, nll_loss=0.122, ntokens=256, nsentences=128, sample_size=256, sample_size_v1=0, sample_size_v2=0, ppl=1.09, wps=122.3, ups=0.48, wpb=256, bsz=128, num_updates=18690, lr=5.13012e-06, gnorm=1.064, clip=70, loss_scale=512, train_wall=21, gb_free=36.6, wall=47804
2023-05-16 11:50:44 - progress_bar.py[line:272] - INFO: epoch 005:   2180 / 4137 loss=0.148, loss_v1=0, loss_v2=0, nll_loss=0.148, ntokens=256, nsentences=128, sample_size=256, sample_size_v1=0, sample_size_v2=0, ppl=1.11, wps=124.1, ups=0.48, wpb=256, bsz=128, num_updates=18700, lr=5.1044e-06, gnorm=1.117, clip=80, loss_scale=512, train_wall=21, gb_free=36.7, wall=47824
2023-05-16 11:51:05 - progress_bar.py[line:272] - INFO: epoch 005:   2190 / 4137 loss=0.147, loss_v1=0, loss_v2=0, nll_loss=0.147, ntokens=256, nsentences=128, sample_size=256, sample_size_v1=0, sample_size_v2=0, ppl=1.11, wps=121.1, ups=0.47, wpb=256, bsz=128, num_updates=18710, lr=5.07869e-06, gnorm=1.13, clip=70, loss_scale=512, train_wall=21, gb_free=36.4, wall=47845
2023-05-16 11:51:26 - progress_bar.py[line:272] - INFO: epoch 005:   2200 / 4137 loss=0.15, loss_v1=0, loss_v2=0, nll_loss=0.15, ntokens=256, nsentences=128, sample_size=256, sample_size_v1=0, sample_size_v2=0, ppl=1.11, wps=121.5, ups=0.47, wpb=256, bsz=128, num_updates=18720, lr=5.05297e-06, gnorm=1.07, clip=90, loss_scale=512, train_wall=21, gb_free=36.5, wall=47867
2023-05-16 11:51:48 - progress_bar.py[line:272] - INFO: epoch 005:   2210 / 4137 loss=0.13, loss_v1=0, loss_v2=0, nll_loss=0.13, ntokens=256, nsentences=128, sample_size=256, sample_size_v1=0, sample_size_v2=0, ppl=1.09, wps=120.2, ups=0.47, wpb=256, bsz=128, num_updates=18730, lr=5.02726e-06, gnorm=1.002, clip=30, loss_scale=512, train_wall=21, gb_free=36.7, wall=47888
2023-05-16 11:52:09 - progress_bar.py[line:272] - INFO: epoch 005:   2220 / 4137 loss=0.138, loss_v1=0, loss_v2=0, nll_loss=0.138, ntokens=256, nsentences=128, sample_size=256, sample_size_v1=0, sample_size_v2=0, ppl=1.1, wps=121.5, ups=0.47, wpb=256, bsz=128, num_updates=18740, lr=5.00154e-06, gnorm=1.093, clip=70, loss_scale=512, train_wall=21, gb_free=36.5, wall=47909
2023-05-16 11:52:30 - progress_bar.py[line:272] - INFO: epoch 005:   2230 / 4137 loss=0.143, loss_v1=0, loss_v2=0, nll_loss=0.143, ntokens=256, nsentences=128, sample_size=256, sample_size_v1=0, sample_size_v2=0, ppl=1.1, wps=119.2, ups=0.47, wpb=256, bsz=128, num_updates=18750, lr=4.97583e-06, gnorm=1.095, clip=80, loss_scale=512, train_wall=21, gb_free=36.2, wall=47930
2023-05-16 11:52:51 - progress_bar.py[line:272] - INFO: epoch 005:   2240 / 4137 loss=0.111, loss_v1=0, loss_v2=0, nll_loss=0.111, ntokens=256, nsentences=128, sample_size=256, sample_size_v1=0, sample_size_v2=0, ppl=1.08, wps=120.7, ups=0.47, wpb=256, bsz=128, num_updates=18760, lr=4.95011e-06, gnorm=0.969, clip=30, loss_scale=512, train_wall=21, gb_free=36.6, wall=47952
2023-05-16 11:53:13 - progress_bar.py[line:272] - INFO: epoch 005:   2250 / 4137 loss=0.145, loss_v1=0, loss_v2=0, nll_loss=0.145, ntokens=256, nsentences=128, sample_size=256, sample_size_v1=0, sample_size_v2=0, ppl=1.11, wps=119.4, ups=0.47, wpb=256, bsz=128, num_updates=18770, lr=4.9244e-06, gnorm=1.139, clip=90, loss_scale=512, train_wall=21, gb_free=36.7, wall=47973
2023-05-16 11:53:33 - progress_bar.py[line:272] - INFO: epoch 005:   2260 / 4137 loss=0.12, loss_v1=0, loss_v2=0, nll_loss=0.12, ntokens=256, nsentences=128, sample_size=256, sample_size_v1=0, sample_size_v2=0, ppl=1.09, wps=125.3, ups=0.49, wpb=256, bsz=128, num_updates=18780, lr=4.89868e-06, gnorm=1.031, clip=50, loss_scale=512, train_wall=20, gb_free=36.6, wall=47993
2023-05-16 11:53:53 - progress_bar.py[line:272] - INFO: epoch 005:   2270 / 4137 loss=0.125, loss_v1=0, loss_v2=0, nll_loss=0.125, ntokens=256, nsentences=128, sample_size=256, sample_size_v1=0, sample_size_v2=0, ppl=1.09, wps=128.9, ups=0.5, wpb=256, bsz=128, num_updates=18790, lr=4.87297e-06, gnorm=1.068, clip=70, loss_scale=512, train_wall=20, gb_free=36.6, wall=48013
2023-05-16 11:54:13 - progress_bar.py[line:272] - INFO: epoch 005:   2280 / 4137 loss=0.149, loss_v1=0, loss_v2=0, nll_loss=0.149, ntokens=256, nsentences=128, sample_size=256, sample_size_v1=0, sample_size_v2=0, ppl=1.11, wps=129.3, ups=0.5, wpb=256, bsz=128, num_updates=18800, lr=4.84725e-06, gnorm=1.221, clip=80, loss_scale=512, train_wall=20, gb_free=36.5, wall=48033
2023-05-16 11:54:33 - progress_bar.py[line:272] - INFO: epoch 005:   2290 / 4137 loss=0.152, loss_v1=0, loss_v2=0, nll_loss=0.152, ntokens=256, nsentences=128, sample_size=256, sample_size_v1=0, sample_size_v2=0, ppl=1.11, wps=128.6, ups=0.5, wpb=256, bsz=128, num_updates=18810, lr=4.82154e-06, gnorm=1.194, clip=80, loss_scale=512, train_wall=20, gb_free=36.6, wall=48053
2023-05-16 11:54:53 - progress_bar.py[line:272] - INFO: epoch 005:   2300 / 4137 loss=0.128, loss_v1=0, loss_v2=0, nll_loss=0.128, ntokens=256, nsentences=128, sample_size=256, sample_size_v1=0, sample_size_v2=0, ppl=1.09, wps=128, ups=0.5, wpb=256, bsz=128, num_updates=18820, lr=4.79582e-06, gnorm=1.041, clip=40, loss_scale=512, train_wall=20, gb_free=36.6, wall=48073
2023-05-16 11:55:13 - progress_bar.py[line:272] - INFO: epoch 005:   2310 / 4137 loss=0.147, loss_v1=0, loss_v2=0, nll_loss=0.147, ntokens=256, nsentences=128, sample_size=256, sample_size_v1=0, sample_size_v2=0, ppl=1.11, wps=129.8, ups=0.51, wpb=256, bsz=128, num_updates=18830, lr=4.77011e-06, gnorm=1.094, clip=90, loss_scale=512, train_wall=20, gb_free=36.8, wall=48093
2023-05-16 11:55:33 - progress_bar.py[line:272] - INFO: epoch 005:   2320 / 4137 loss=0.134, loss_v1=0, loss_v2=0, nll_loss=0.134, ntokens=256, nsentences=128, sample_size=256, sample_size_v1=0, sample_size_v2=0, ppl=1.1, wps=128.1, ups=0.5, wpb=256, bsz=128, num_updates=18840, lr=4.74439e-06, gnorm=1.058, clip=60, loss_scale=512, train_wall=20, gb_free=36.7, wall=48113
2023-05-16 11:55:53 - progress_bar.py[line:272] - INFO: epoch 005:   2330 / 4137 loss=0.147, loss_v1=0, loss_v2=0, nll_loss=0.147, ntokens=256, nsentences=128, sample_size=256, sample_size_v1=0, sample_size_v2=0, ppl=1.11, wps=127.6, ups=0.5, wpb=256, bsz=128, num_updates=18850, lr=4.71868e-06, gnorm=1.071, clip=70, loss_scale=512, train_wall=20, gb_free=36.6, wall=48133
2023-05-16 11:56:13 - progress_bar.py[line:272] - INFO: epoch 005:   2340 / 4137 loss=0.125, loss_v1=0, loss_v2=0, nll_loss=0.125, ntokens=256, nsentences=128, sample_size=256, sample_size_v1=0, sample_size_v2=0, ppl=1.09, wps=128.7, ups=0.5, wpb=256, bsz=128, num_updates=18860, lr=4.69296e-06, gnorm=1.018, clip=40, loss_scale=512, train_wall=20, gb_free=36.7, wall=48153
2023-05-16 11:56:32 - progress_bar.py[line:272] - INFO: epoch 005:   2350 / 4137 loss=0.156, loss_v1=0, loss_v2=0, nll_loss=0.156, ntokens=256, nsentences=128, sample_size=256, sample_size_v1=0, sample_size_v2=0, ppl=1.11, wps=128.9, ups=0.5, wpb=256, bsz=128, num_updates=18870, lr=4.66725e-06, gnorm=1.133, clip=90, loss_scale=512, train_wall=20, gb_free=36.6, wall=48173
2023-05-16 11:56:53 - progress_bar.py[line:272] - INFO: epoch 005:   2360 / 4137 loss=0.14, loss_v1=0, loss_v2=0, nll_loss=0.14, ntokens=256, nsentences=128, sample_size=256, sample_size_v1=0, sample_size_v2=0, ppl=1.1, wps=122.3, ups=0.48, wpb=256, bsz=128, num_updates=18880, lr=4.64153e-06, gnorm=1.051, clip=60, loss_scale=512, train_wall=21, gb_free=36.6, wall=48194
2023-05-16 11:57:14 - progress_bar.py[line:272] - INFO: epoch 005:   2370 / 4137 loss=0.112, loss_v1=0, loss_v2=0, nll_loss=0.112, ntokens=256, nsentences=128, sample_size=256, sample_size_v1=0, sample_size_v2=0, ppl=1.08, wps=125.7, ups=0.49, wpb=256, bsz=128, num_updates=18890, lr=4.61582e-06, gnorm=0.964, clip=30, loss_scale=512, train_wall=20, gb_free=36.7, wall=48214
2023-05-16 11:57:33 - progress_bar.py[line:272] - INFO: epoch 005:   2380 / 4137 loss=0.137, loss_v1=0, loss_v2=0, nll_loss=0.137, ntokens=256, nsentences=128, sample_size=256, sample_size_v1=0, sample_size_v2=0, ppl=1.1, wps=129.6, ups=0.51, wpb=256, bsz=128, num_updates=18900, lr=4.5901e-06, gnorm=0.989, clip=50, loss_scale=512, train_wall=20, gb_free=36.7, wall=48234
2023-05-16 11:57:53 - progress_bar.py[line:272] - INFO: epoch 005:   2390 / 4137 loss=0.14, loss_v1=0, loss_v2=0, nll_loss=0.14, ntokens=256, nsentences=128, sample_size=256, sample_size_v1=0, sample_size_v2=0, ppl=1.1, wps=129.2, ups=0.5, wpb=256, bsz=128, num_updates=18910, lr=4.56439e-06, gnorm=1.112, clip=70, loss_scale=512, train_wall=20, gb_free=36.6, wall=48253
2023-05-16 11:58:13 - progress_bar.py[line:272] - INFO: epoch 005:   2400 / 4137 loss=0.131, loss_v1=0, loss_v2=0, nll_loss=0.131, ntokens=256, nsentences=128, sample_size=256, sample_size_v1=0, sample_size_v2=0, ppl=1.1, wps=129.6, ups=0.51, wpb=256, bsz=128, num_updates=18920, lr=4.53868e-06, gnorm=1.022, clip=40, loss_scale=512, train_wall=20, gb_free=36.7, wall=48273
2023-05-16 11:58:33 - progress_bar.py[line:272] - INFO: epoch 005:   2410 / 4137 loss=0.169, loss_v1=0, loss_v2=0, nll_loss=0.169, ntokens=256, nsentences=128, sample_size=256, sample_size_v1=0, sample_size_v2=0, ppl=1.12, wps=128.8, ups=0.5, wpb=256, bsz=128, num_updates=18930, lr=4.51296e-06, gnorm=1.305, clip=100, loss_scale=512, train_wall=20, gb_free=36.6, wall=48293
2023-05-16 11:58:53 - progress_bar.py[line:272] - INFO: epoch 005:   2420 / 4137 loss=0.129, loss_v1=0, loss_v2=0, nll_loss=0.129, ntokens=256, nsentences=128, sample_size=256, sample_size_v1=0, sample_size_v2=0, ppl=1.09, wps=128.9, ups=0.5, wpb=256, bsz=128, num_updates=18940, lr=4.48725e-06, gnorm=1.077, clip=60, loss_scale=512, train_wall=20, gb_free=36.6, wall=48313
2023-05-16 11:59:13 - progress_bar.py[line:272] - INFO: epoch 005:   2430 / 4137 loss=0.126, loss_v1=0, loss_v2=0, nll_loss=0.126, ntokens=256, nsentences=128, sample_size=256, sample_size_v1=0, sample_size_v2=0, ppl=1.09, wps=128.5, ups=0.5, wpb=256, bsz=128, num_updates=18950, lr=4.46153e-06, gnorm=1.028, clip=60, loss_scale=512, train_wall=20, gb_free=36.7, wall=48333
2023-05-16 11:59:33 - progress_bar.py[line:272] - INFO: epoch 005:   2440 / 4137 loss=0.137, loss_v1=0, loss_v2=0, nll_loss=0.137, ntokens=256, nsentences=128, sample_size=256, sample_size_v1=0, sample_size_v2=0, ppl=1.1, wps=127.8, ups=0.5, wpb=256, bsz=128, num_updates=18960, lr=4.43582e-06, gnorm=1.157, clip=80, loss_scale=512, train_wall=20, gb_free=36.5, wall=48353
2023-05-16 11:59:52 - progress_bar.py[line:272] - INFO: epoch 005:   2450 / 4137 loss=0.133, loss_v1=0, loss_v2=0, nll_loss=0.133, ntokens=256, nsentences=128, sample_size=256, sample_size_v1=0, sample_size_v2=0, ppl=1.1, wps=129.8, ups=0.51, wpb=256, bsz=128, num_updates=18970, lr=4.4101e-06, gnorm=1.018, clip=50, loss_scale=512, train_wall=20, gb_free=36.7, wall=48373
2023-05-16 12:00:12 - progress_bar.py[line:272] - INFO: epoch 005:   2460 / 4137 loss=0.143, loss_v1=0, loss_v2=0, nll_loss=0.143, ntokens=256, nsentences=128, sample_size=256, sample_size_v1=0, sample_size_v2=0, ppl=1.1, wps=128.5, ups=0.5, wpb=256, bsz=128, num_updates=18980, lr=4.38439e-06, gnorm=1.101, clip=70, loss_scale=512, train_wall=20, gb_free=36.6, wall=48393
2023-05-16 12:00:32 - progress_bar.py[line:272] - INFO: epoch 005:   2470 / 4137 loss=0.132, loss_v1=0, loss_v2=0, nll_loss=0.132, ntokens=256, nsentences=128, sample_size=256, sample_size_v1=0, sample_size_v2=0, ppl=1.1, wps=129.4, ups=0.51, wpb=256, bsz=128, num_updates=18990, lr=4.35867e-06, gnorm=1.064, clip=50, loss_scale=512, train_wall=20, gb_free=36.6, wall=48412
2023-05-16 12:00:52 - progress_bar.py[line:272] - INFO: epoch 005:   2480 / 4137 loss=0.134, loss_v1=0, loss_v2=0, nll_loss=0.134, ntokens=256, nsentences=128, sample_size=256, sample_size_v1=0, sample_size_v2=0, ppl=1.1, wps=129, ups=0.5, wpb=256, bsz=128, num_updates=19000, lr=4.33296e-06, gnorm=1.017, clip=50, loss_scale=512, train_wall=20, gb_free=36.6, wall=48432
slice_id 2 seek offset 8930
slice_id 1 seek offset 44652023-05-16 12:00:52 - train.py[line:445] - INFO: begin validation on "valid" subset

slice_id 0 seek offset 0
slice_id 3 seek offset 13394
slice_id 0 seek offset 0
slice_id 1 seek offset 4465slice_id 2 seek offset 8930

slice_id 3 seek offset 13394
2023-05-16 12:04:14 - progress_bar.py[line:282] - INFO: epoch 005 | valid on 'valid' subset | loss 0.216 | loss_v1 0 | loss_v2 0 | nll_loss 0.216 | ntokens 31.975 | nsentences 15.987 | sample_size 31.975 | sample_size_v1 0 | sample_size_v2 0 | ppl 1.16 | snli_score 0.8519 | wps 176.6 | wpb 32 | bsz 16 | num_updates 19000 | best_snli_score 0.8524
2023-05-16 12:04:14 - checkpoint_utils.py[line:64] - INFO: Preparing to save checkpoint for epoch 5 @ 19000 updates
2023-05-16 12:04:14 - trainer.py[line:431] - INFO: Saving checkpoint to ./EC_full_checkpoints/5_5e-5/checkpoint_5_19000.pt
2023-05-16 12:04:18 - trainer.py[line:441] - INFO: Finished saving checkpoint to ./EC_full_checkpoints/5_5e-5/checkpoint_5_19000.pt
2023-05-16 12:04:20 - checkpoint_utils.py[line:133] - INFO: Saved checkpoint ./EC_full_checkpoints/5_5e-5/checkpoint_5_19000.pt (epoch 5 @ 19000 updates, score 0.8519) (writing took 6.043799113947898 seconds)
2023-05-16 12:04:41 - progress_bar.py[line:272] - INFO: epoch 005:   2490 / 4137 loss=0.127, loss_v1=0, loss_v2=0, nll_loss=0.127, ntokens=256, nsentences=128, sample_size=256, sample_size_v1=0, sample_size_v2=0, ppl=1.09, wps=11.2, ups=0.04, wpb=256, bsz=128, num_updates=19010, lr=4.30724e-06, gnorm=1.022, clip=40, loss_scale=512, train_wall=20, gb_free=36.6, wall=48661
2023-05-16 12:05:01 - progress_bar.py[line:272] - INFO: epoch 005:   2500 / 4137 loss=0.147, loss_v1=0, loss_v2=0, nll_loss=0.147, ntokens=256, nsentences=128, sample_size=256, sample_size_v1=0, sample_size_v2=0, ppl=1.11, wps=126, ups=0.49, wpb=256, bsz=128, num_updates=19020, lr=4.28153e-06, gnorm=1.133, clip=90, loss_scale=512, train_wall=20, gb_free=36.7, wall=48681
2023-05-16 12:05:21 - progress_bar.py[line:272] - INFO: epoch 005:   2510 / 4137 loss=0.144, loss_v1=0, loss_v2=0, nll_loss=0.144, ntokens=256, nsentences=128, sample_size=256, sample_size_v1=0, sample_size_v2=0, ppl=1.1, wps=126.1, ups=0.49, wpb=256, bsz=128, num_updates=19030, lr=4.25581e-06, gnorm=1.15, clip=80, loss_scale=512, train_wall=20, gb_free=36.7, wall=48701
2023-05-16 12:05:42 - progress_bar.py[line:272] - INFO: epoch 005:   2520 / 4137 loss=0.118, loss_v1=0, loss_v2=0, nll_loss=0.118, ntokens=256, nsentences=128, sample_size=256, sample_size_v1=0, sample_size_v2=0, ppl=1.09, wps=126.4, ups=0.49, wpb=256, bsz=128, num_updates=19040, lr=4.2301e-06, gnorm=1.01, clip=60, loss_scale=512, train_wall=20, gb_free=36.5, wall=48722
2023-05-16 12:06:02 - progress_bar.py[line:272] - INFO: epoch 005:   2530 / 4137 loss=0.132, loss_v1=0, loss_v2=0, nll_loss=0.132, ntokens=256, nsentences=128, sample_size=256, sample_size_v1=0, sample_size_v2=0, ppl=1.1, wps=126.9, ups=0.5, wpb=256, bsz=128, num_updates=19050, lr=4.20438e-06, gnorm=1.032, clip=70, loss_scale=512, train_wall=20, gb_free=36.6, wall=48742
2023-05-16 12:06:22 - progress_bar.py[line:272] - INFO: epoch 005:   2540 / 4137 loss=0.15, loss_v1=0, loss_v2=0, nll_loss=0.15, ntokens=256, nsentences=128, sample_size=256, sample_size_v1=0, sample_size_v2=0, ppl=1.11, wps=125.9, ups=0.49, wpb=256, bsz=128, num_updates=19060, lr=4.17867e-06, gnorm=1.109, clip=70, loss_scale=1024, train_wall=20, gb_free=36.7, wall=48762
2023-05-16 12:06:42 - progress_bar.py[line:272] - INFO: epoch 005:   2550 / 4137 loss=0.138, loss_v1=0, loss_v2=0, nll_loss=0.138, ntokens=256, nsentences=128, sample_size=256, sample_size_v1=0, sample_size_v2=0, ppl=1.1, wps=127.1, ups=0.5, wpb=256, bsz=128, num_updates=19070, lr=4.15295e-06, gnorm=1.178, clip=80, loss_scale=1024, train_wall=20, gb_free=36.6, wall=48782
2023-05-16 12:07:03 - progress_bar.py[line:272] - INFO: epoch 005:   2560 / 4137 loss=0.155, loss_v1=0, loss_v2=0, nll_loss=0.155, ntokens=256, nsentences=128, sample_size=256, sample_size_v1=0, sample_size_v2=0, ppl=1.11, wps=124.2, ups=0.48, wpb=256, bsz=128, num_updates=19080, lr=4.12724e-06, gnorm=1.198, clip=90, loss_scale=1024, train_wall=21, gb_free=36.6, wall=48803
2023-05-16 12:07:23 - progress_bar.py[line:272] - INFO: epoch 005:   2570 / 4137 loss=0.132, loss_v1=0, loss_v2=0, nll_loss=0.132, ntokens=256, nsentences=128, sample_size=256, sample_size_v1=0, sample_size_v2=0, ppl=1.1, wps=126.3, ups=0.49, wpb=256, bsz=128, num_updates=19090, lr=4.10152e-06, gnorm=1.209, clip=80, loss_scale=1024, train_wall=20, gb_free=36.6, wall=48823
2023-05-16 12:07:43 - progress_bar.py[line:272] - INFO: epoch 005:   2580 / 4137 loss=0.143, loss_v1=0, loss_v2=0, nll_loss=0.143, ntokens=256, nsentences=128, sample_size=256, sample_size_v1=0, sample_size_v2=0, ppl=1.1, wps=129.3, ups=0.5, wpb=256, bsz=128, num_updates=19100, lr=4.07581e-06, gnorm=1.145, clip=100, loss_scale=1024, train_wall=20, gb_free=36.6, wall=48843
2023-05-16 12:08:03 - progress_bar.py[line:272] - INFO: epoch 005:   2590 / 4137 loss=0.12, loss_v1=0, loss_v2=0, nll_loss=0.12, ntokens=256, nsentences=128, sample_size=256, sample_size_v1=0, sample_size_v2=0, ppl=1.09, wps=126.1, ups=0.49, wpb=256, bsz=128, num_updates=19110, lr=4.05009e-06, gnorm=1.043, clip=70, loss_scale=1024, train_wall=20, gb_free=36.6, wall=48863
2023-05-16 12:08:24 - progress_bar.py[line:272] - INFO: epoch 005:   2600 / 4137 loss=0.125, loss_v1=0, loss_v2=0, nll_loss=0.125, ntokens=256, nsentences=128, sample_size=256, sample_size_v1=0, sample_size_v2=0, ppl=1.09, wps=123.5, ups=0.48, wpb=256, bsz=128, num_updates=19120, lr=4.02438e-06, gnorm=1.02, clip=50, loss_scale=1024, train_wall=21, gb_free=36.5, wall=48884
2023-05-16 12:08:44 - progress_bar.py[line:272] - INFO: epoch 005:   2610 / 4137 loss=0.115, loss_v1=0, loss_v2=0, nll_loss=0.115, ntokens=256, nsentences=128, sample_size=256, sample_size_v1=0, sample_size_v2=0, ppl=1.08, wps=126.3, ups=0.49, wpb=256, bsz=128, num_updates=19130, lr=3.99866e-06, gnorm=1.013, clip=50, loss_scale=1024, train_wall=20, gb_free=36.6, wall=48904
2023-05-16 12:09:04 - progress_bar.py[line:272] - INFO: epoch 005:   2620 / 4137 loss=0.127, loss_v1=0, loss_v2=0, nll_loss=0.127, ntokens=256, nsentences=128, sample_size=256, sample_size_v1=0, sample_size_v2=0, ppl=1.09, wps=127.6, ups=0.5, wpb=256, bsz=128, num_updates=19140, lr=3.97295e-06, gnorm=0.995, clip=50, loss_scale=1024, train_wall=20, gb_free=36.6, wall=48924
2023-05-16 12:09:24 - progress_bar.py[line:272] - INFO: epoch 005:   2630 / 4137 loss=0.14, loss_v1=0, loss_v2=0, nll_loss=0.14, ntokens=256, nsentences=128, sample_size=256, sample_size_v1=0, sample_size_v2=0, ppl=1.1, wps=129.3, ups=0.51, wpb=256, bsz=128, num_updates=19150, lr=3.94723e-06, gnorm=1.182, clip=80, loss_scale=1024, train_wall=20, gb_free=36.7, wall=48944
2023-05-16 12:09:44 - progress_bar.py[line:272] - INFO: epoch 005:   2640 / 4137 loss=0.132, loss_v1=0, loss_v2=0, nll_loss=0.132, ntokens=256, nsentences=128, sample_size=256, sample_size_v1=0, sample_size_v2=0, ppl=1.1, wps=128.4, ups=0.5, wpb=256, bsz=128, num_updates=19160, lr=3.92152e-06, gnorm=1.108, clip=80, loss_scale=1024, train_wall=20, gb_free=36.7, wall=48964
2023-05-16 12:10:04 - progress_bar.py[line:272] - INFO: epoch 005:   2650 / 4137 loss=0.143, loss_v1=0, loss_v2=0, nll_loss=0.143, ntokens=256, nsentences=128, sample_size=256, sample_size_v1=0, sample_size_v2=0, ppl=1.1, wps=128.7, ups=0.5, wpb=256, bsz=128, num_updates=19170, lr=3.8958e-06, gnorm=1.149, clip=90, loss_scale=1024, train_wall=20, gb_free=36.5, wall=48984
2023-05-16 12:10:24 - progress_bar.py[line:272] - INFO: epoch 005:   2660 / 4137 loss=0.149, loss_v1=0, loss_v2=0, nll_loss=0.149, ntokens=256, nsentences=128, sample_size=256, sample_size_v1=0, sample_size_v2=0, ppl=1.11, wps=128.8, ups=0.5, wpb=256, bsz=128, num_updates=19180, lr=3.87009e-06, gnorm=1.181, clip=90, loss_scale=1024, train_wall=20, gb_free=36.7, wall=49004
2023-05-16 12:10:44 - progress_bar.py[line:272] - INFO: epoch 005:   2670 / 4137 loss=0.147, loss_v1=0, loss_v2=0, nll_loss=0.147, ntokens=256, nsentences=128, sample_size=256, sample_size_v1=0, sample_size_v2=0, ppl=1.11, wps=129.2, ups=0.5, wpb=256, bsz=128, num_updates=19190, lr=3.84437e-06, gnorm=1.118, clip=70, loss_scale=1024, train_wall=20, gb_free=36.5, wall=49024
2023-05-16 12:11:03 - progress_bar.py[line:272] - INFO: epoch 005:   2680 / 4137 loss=0.138, loss_v1=0, loss_v2=0, nll_loss=0.138, ntokens=256, nsentences=128, sample_size=256, sample_size_v1=0, sample_size_v2=0, ppl=1.1, wps=128.9, ups=0.5, wpb=256, bsz=128, num_updates=19200, lr=3.81866e-06, gnorm=1.153, clip=80, loss_scale=1024, train_wall=20, gb_free=36.7, wall=49044
2023-05-16 12:11:23 - progress_bar.py[line:272] - INFO: epoch 005:   2690 / 4137 loss=0.145, loss_v1=0, loss_v2=0, nll_loss=0.145, ntokens=256, nsentences=128, sample_size=256, sample_size_v1=0, sample_size_v2=0, ppl=1.11, wps=129.2, ups=0.5, wpb=256, bsz=128, num_updates=19210, lr=3.79294e-06, gnorm=1.136, clip=70, loss_scale=1024, train_wall=20, gb_free=36.6, wall=49063
2023-05-16 12:11:43 - progress_bar.py[line:272] - INFO: epoch 005:   2700 / 4137 loss=0.133, loss_v1=0, loss_v2=0, nll_loss=0.133, ntokens=256, nsentences=128, sample_size=256, sample_size_v1=0, sample_size_v2=0, ppl=1.1, wps=128, ups=0.5, wpb=256, bsz=128, num_updates=19220, lr=3.76723e-06, gnorm=1.108, clip=70, loss_scale=1024, train_wall=20, gb_free=36.7, wall=49083
2023-05-16 12:12:03 - progress_bar.py[line:272] - INFO: epoch 005:   2710 / 4137 loss=0.139, loss_v1=0, loss_v2=0, nll_loss=0.139, ntokens=256, nsentences=128, sample_size=256, sample_size_v1=0, sample_size_v2=0, ppl=1.1, wps=128.7, ups=0.5, wpb=256, bsz=128, num_updates=19230, lr=3.74151e-06, gnorm=1.056, clip=50, loss_scale=1024, train_wall=20, gb_free=36.7, wall=49103
2023-05-16 12:12:23 - progress_bar.py[line:272] - INFO: epoch 005:   2720 / 4137 loss=0.126, loss_v1=0, loss_v2=0, nll_loss=0.126, ntokens=256, nsentences=128, sample_size=256, sample_size_v1=0, sample_size_v2=0, ppl=1.09, wps=128.6, ups=0.5, wpb=256, bsz=128, num_updates=19240, lr=3.7158e-06, gnorm=1.077, clip=60, loss_scale=1024, train_wall=20, gb_free=36.6, wall=49123
2023-05-16 12:12:43 - progress_bar.py[line:272] - INFO: epoch 005:   2730 / 4137 loss=0.147, loss_v1=0, loss_v2=0, nll_loss=0.147, ntokens=256, nsentences=128, sample_size=256, sample_size_v1=0, sample_size_v2=0, ppl=1.11, wps=126, ups=0.49, wpb=256, bsz=128, num_updates=19250, lr=3.69008e-06, gnorm=1.305, clip=100, loss_scale=1024, train_wall=20, gb_free=36.7, wall=49144
2023-05-16 12:13:03 - progress_bar.py[line:272] - INFO: epoch 005:   2740 / 4137 loss=0.149, loss_v1=0, loss_v2=0, nll_loss=0.149, ntokens=256, nsentences=128, sample_size=256, sample_size_v1=0, sample_size_v2=0, ppl=1.11, wps=128.9, ups=0.5, wpb=256, bsz=128, num_updates=19260, lr=3.66437e-06, gnorm=1.076, clip=50, loss_scale=1024, train_wall=20, gb_free=36.6, wall=49163
2023-05-16 12:13:23 - progress_bar.py[line:272] - INFO: epoch 005:   2750 / 4137 loss=0.129, loss_v1=0, loss_v2=0, nll_loss=0.129, ntokens=256, nsentences=128, sample_size=256, sample_size_v1=0, sample_size_v2=0, ppl=1.09, wps=128.4, ups=0.5, wpb=256, bsz=128, num_updates=19270, lr=3.63865e-06, gnorm=1.018, clip=50, loss_scale=1024, train_wall=20, gb_free=36.6, wall=49183
2023-05-16 12:13:43 - progress_bar.py[line:272] - INFO: epoch 005:   2760 / 4137 loss=0.156, loss_v1=0, loss_v2=0, nll_loss=0.156, ntokens=256, nsentences=128, sample_size=256, sample_size_v1=0, sample_size_v2=0, ppl=1.11, wps=129.3, ups=0.51, wpb=256, bsz=128, num_updates=19280, lr=3.61294e-06, gnorm=1.151, clip=70, loss_scale=1024, train_wall=20, gb_free=36.5, wall=49203
2023-05-16 12:14:03 - progress_bar.py[line:272] - INFO: epoch 005:   2770 / 4137 loss=0.159, loss_v1=0, loss_v2=0, nll_loss=0.159, ntokens=256, nsentences=128, sample_size=256, sample_size_v1=0, sample_size_v2=0, ppl=1.12, wps=128.9, ups=0.5, wpb=256, bsz=128, num_updates=19290, lr=3.58722e-06, gnorm=1.156, clip=80, loss_scale=1024, train_wall=20, gb_free=36.6, wall=49223
2023-05-16 12:14:23 - progress_bar.py[line:272] - INFO: epoch 005:   2780 / 4137 loss=0.14, loss_v1=0, loss_v2=0, nll_loss=0.14, ntokens=256, nsentences=128, sample_size=256, sample_size_v1=0, sample_size_v2=0, ppl=1.1, wps=128.3, ups=0.5, wpb=256, bsz=128, num_updates=19300, lr=3.56151e-06, gnorm=1.085, clip=70, loss_scale=1024, train_wall=20, gb_free=36.6, wall=49243
2023-05-16 12:14:43 - progress_bar.py[line:272] - INFO: epoch 005:   2790 / 4137 loss=0.127, loss_v1=0, loss_v2=0, nll_loss=0.127, ntokens=256, nsentences=128, sample_size=256, sample_size_v1=0, sample_size_v2=0, ppl=1.09, wps=128.6, ups=0.5, wpb=256, bsz=128, num_updates=19310, lr=3.5358e-06, gnorm=1.015, clip=50, loss_scale=1024, train_wall=20, gb_free=36.6, wall=49263
2023-05-16 12:15:03 - progress_bar.py[line:272] - INFO: epoch 005:   2800 / 4137 loss=0.136, loss_v1=0, loss_v2=0, nll_loss=0.136, ntokens=256, nsentences=128, sample_size=256, sample_size_v1=0, sample_size_v2=0, ppl=1.1, wps=128.1, ups=0.5, wpb=256, bsz=128, num_updates=19320, lr=3.51008e-06, gnorm=1.075, clip=70, loss_scale=1024, train_wall=20, gb_free=36.6, wall=49283
2023-05-16 12:15:23 - progress_bar.py[line:272] - INFO: epoch 005:   2810 / 4137 loss=0.137, loss_v1=0, loss_v2=0, nll_loss=0.137, ntokens=256, nsentences=128, sample_size=256, sample_size_v1=0, sample_size_v2=0, ppl=1.1, wps=126.2, ups=0.49, wpb=256, bsz=128, num_updates=19330, lr=3.48437e-06, gnorm=0.996, clip=60, loss_scale=1024, train_wall=20, gb_free=36.5, wall=49303
2023-05-16 12:15:43 - progress_bar.py[line:272] - INFO: epoch 005:   2820 / 4137 loss=0.158, loss_v1=0, loss_v2=0, nll_loss=0.158, ntokens=256, nsentences=128, sample_size=256, sample_size_v1=0, sample_size_v2=0, ppl=1.12, wps=128.4, ups=0.5, wpb=256, bsz=128, num_updates=19340, lr=3.45865e-06, gnorm=1.186, clip=80, loss_scale=1024, train_wall=20, gb_free=36.6, wall=49323
2023-05-16 12:16:03 - progress_bar.py[line:272] - INFO: epoch 005:   2830 / 4137 loss=0.144, loss_v1=0, loss_v2=0, nll_loss=0.144, ntokens=256, nsentences=128, sample_size=256, sample_size_v1=0, sample_size_v2=0, ppl=1.1, wps=127.8, ups=0.5, wpb=256, bsz=128, num_updates=19350, lr=3.43294e-06, gnorm=1.171, clip=80, loss_scale=1024, train_wall=20, gb_free=36.6, wall=49343
2023-05-16 12:16:23 - progress_bar.py[line:272] - INFO: epoch 005:   2840 / 4137 loss=0.123, loss_v1=0, loss_v2=0, nll_loss=0.123, ntokens=256, nsentences=128, sample_size=256, sample_size_v1=0, sample_size_v2=0, ppl=1.09, wps=128.5, ups=0.5, wpb=256, bsz=128, num_updates=19360, lr=3.40722e-06, gnorm=1.015, clip=60, loss_scale=1024, train_wall=20, gb_free=36.6, wall=49363
2023-05-16 12:16:43 - progress_bar.py[line:272] - INFO: epoch 005:   2850 / 4137 loss=0.17, loss_v1=0, loss_v2=0, nll_loss=0.17, ntokens=256, nsentences=128, sample_size=256, sample_size_v1=0, sample_size_v2=0, ppl=1.12, wps=127.7, ups=0.5, wpb=256, bsz=128, num_updates=19370, lr=3.38151e-06, gnorm=1.156, clip=80, loss_scale=1024, train_wall=20, gb_free=36.4, wall=49383
2023-05-16 12:17:03 - trainer.py[line:921] - INFO: NOTE: gradient overflow detected, ignoring gradient, setting loss scale to: 512.0
2023-05-16 12:17:05 - progress_bar.py[line:272] - INFO: epoch 005:   2861 / 4137 loss=0.14, loss_v1=0, loss_v2=0, nll_loss=0.14, ntokens=256, nsentences=128, sample_size=256, sample_size_v1=0, sample_size_v2=0, ppl=1.1, wps=115.9, ups=0.45, wpb=256, bsz=128, num_updates=19380, lr=3.35579e-06, gnorm=1.197, clip=90, loss_scale=512, train_wall=22, gb_free=36.6, wall=49405
2023-05-16 12:17:25 - progress_bar.py[line:272] - INFO: epoch 005:   2871 / 4137 loss=0.145, loss_v1=0, loss_v2=0, nll_loss=0.145, ntokens=256, nsentences=128, sample_size=256, sample_size_v1=0, sample_size_v2=0, ppl=1.11, wps=128.7, ups=0.5, wpb=256, bsz=128, num_updates=19390, lr=3.33008e-06, gnorm=1.082, clip=60, loss_scale=512, train_wall=20, gb_free=36.5, wall=49425
2023-05-16 12:17:45 - progress_bar.py[line:272] - INFO: epoch 005:   2881 / 4137 loss=0.145, loss_v1=0, loss_v2=0, nll_loss=0.145, ntokens=256, nsentences=128, sample_size=256, sample_size_v1=0, sample_size_v2=0, ppl=1.11, wps=127.1, ups=0.5, wpb=256, bsz=128, num_updates=19400, lr=3.30436e-06, gnorm=1.157, clip=80, loss_scale=512, train_wall=20, gb_free=36.6, wall=49445
2023-05-16 12:18:05 - progress_bar.py[line:272] - INFO: epoch 005:   2891 / 4137 loss=0.139, loss_v1=0, loss_v2=0, nll_loss=0.139, ntokens=256, nsentences=128, sample_size=256, sample_size_v1=0, sample_size_v2=0, ppl=1.1, wps=128.2, ups=0.5, wpb=256, bsz=128, num_updates=19410, lr=3.27865e-06, gnorm=1.053, clip=70, loss_scale=512, train_wall=20, gb_free=36.7, wall=49465
2023-05-16 12:18:25 - progress_bar.py[line:272] - INFO: epoch 005:   2901 / 4137 loss=0.136, loss_v1=0, loss_v2=0, nll_loss=0.136, ntokens=256, nsentences=128, sample_size=256, sample_size_v1=0, sample_size_v2=0, ppl=1.1, wps=128.5, ups=0.5, wpb=256, bsz=128, num_updates=19420, lr=3.25293e-06, gnorm=1.087, clip=70, loss_scale=512, train_wall=20, gb_free=36.7, wall=49485
2023-05-16 12:18:45 - progress_bar.py[line:272] - INFO: epoch 005:   2911 / 4137 loss=0.151, loss_v1=0, loss_v2=0, nll_loss=0.151, ntokens=256, nsentences=128, sample_size=256, sample_size_v1=0, sample_size_v2=0, ppl=1.11, wps=128.2, ups=0.5, wpb=256, bsz=128, num_updates=19430, lr=3.22722e-06, gnorm=1.132, clip=70, loss_scale=512, train_wall=20, gb_free=36.7, wall=49505
2023-05-16 12:19:05 - progress_bar.py[line:272] - INFO: epoch 005:   2921 / 4137 loss=0.133, loss_v1=0, loss_v2=0, nll_loss=0.133, ntokens=256, nsentences=128, sample_size=256, sample_size_v1=0, sample_size_v2=0, ppl=1.1, wps=128.4, ups=0.5, wpb=256, bsz=128, num_updates=19440, lr=3.2015e-06, gnorm=1.131, clip=80, loss_scale=512, train_wall=20, gb_free=36.5, wall=49525
2023-05-16 12:19:25 - progress_bar.py[line:272] - INFO: epoch 005:   2931 / 4137 loss=0.141, loss_v1=0, loss_v2=0, nll_loss=0.141, ntokens=256, nsentences=128, sample_size=256, sample_size_v1=0, sample_size_v2=0, ppl=1.1, wps=127.6, ups=0.5, wpb=256, bsz=128, num_updates=19450, lr=3.17579e-06, gnorm=1.138, clip=90, loss_scale=512, train_wall=20, gb_free=36.5, wall=49545
2023-05-16 12:19:45 - progress_bar.py[line:272] - INFO: epoch 005:   2941 / 4137 loss=0.121, loss_v1=0, loss_v2=0, nll_loss=0.121, ntokens=256, nsentences=128, sample_size=256, sample_size_v1=0, sample_size_v2=0, ppl=1.09, wps=127.9, ups=0.5, wpb=256, bsz=128, num_updates=19460, lr=3.15007e-06, gnorm=1.068, clip=60, loss_scale=512, train_wall=20, gb_free=36.6, wall=49565
2023-05-16 12:20:05 - progress_bar.py[line:272] - INFO: epoch 005:   2951 / 4137 loss=0.121, loss_v1=0, loss_v2=0, nll_loss=0.121, ntokens=256, nsentences=128, sample_size=256, sample_size_v1=0, sample_size_v2=0, ppl=1.09, wps=128.2, ups=0.5, wpb=256, bsz=128, num_updates=19470, lr=3.12436e-06, gnorm=1.103, clip=70, loss_scale=512, train_wall=20, gb_free=36.6, wall=49585
2023-05-16 12:20:25 - progress_bar.py[line:272] - INFO: epoch 005:   2961 / 4137 loss=0.136, loss_v1=0, loss_v2=0, nll_loss=0.136, ntokens=256, nsentences=128, sample_size=256, sample_size_v1=0, sample_size_v2=0, ppl=1.1, wps=128.4, ups=0.5, wpb=256, bsz=128, num_updates=19480, lr=3.09864e-06, gnorm=1.076, clip=70, loss_scale=512, train_wall=20, gb_free=36.5, wall=49605
2023-05-16 12:20:45 - progress_bar.py[line:272] - INFO: epoch 005:   2971 / 4137 loss=0.124, loss_v1=0, loss_v2=0, nll_loss=0.124, ntokens=256, nsentences=128, sample_size=256, sample_size_v1=0, sample_size_v2=0, ppl=1.09, wps=129, ups=0.5, wpb=256, bsz=128, num_updates=19490, lr=3.07293e-06, gnorm=1.101, clip=80, loss_scale=512, train_wall=20, gb_free=36.7, wall=49625
2023-05-16 12:21:05 - progress_bar.py[line:272] - INFO: epoch 005:   2981 / 4137 loss=0.124, loss_v1=0, loss_v2=0, nll_loss=0.124, ntokens=256, nsentences=128, sample_size=256, sample_size_v1=0, sample_size_v2=0, ppl=1.09, wps=128.2, ups=0.5, wpb=256, bsz=128, num_updates=19500, lr=3.04721e-06, gnorm=1.021, clip=60, loss_scale=512, train_wall=20, gb_free=36.4, wall=49645
slice_id 2 seek offset 8930
slice_id 3 seek offset 13394
2023-05-16 12:21:05 - train.py[line:445] - INFO: begin validation on "valid" subset
slice_id 0 seek offset 0
slice_id 1 seek offset 4465
slice_id 0 seek offset 0
slice_id 2 seek offset 8930
slice_id 1 seek offset 4465
slice_id 3 seek offset 13394
2023-05-16 12:24:26 - progress_bar.py[line:282] - INFO: epoch 005 | valid on 'valid' subset | loss 0.219 | loss_v1 0 | loss_v2 0 | nll_loss 0.219 | ntokens 31.975 | nsentences 15.987 | sample_size 31.975 | sample_size_v1 0 | sample_size_v2 0 | ppl 1.16 | snli_score 0.853 | wps 177.5 | wpb 32 | bsz 16 | num_updates 19500 | best_snli_score 0.853
2023-05-16 12:24:26 - checkpoint_utils.py[line:64] - INFO: Preparing to save checkpoint for epoch 5 @ 19500 updates
2023-05-16 12:24:26 - trainer.py[line:431] - INFO: Saving checkpoint to ./EC_full_checkpoints/5_5e-5/checkpoint_5_19500.pt
2023-05-16 12:24:29 - trainer.py[line:441] - INFO: Finished saving checkpoint to ./EC_full_checkpoints/5_5e-5/checkpoint_5_19500.pt
2023-05-16 12:24:35 - checkpoint_utils.py[line:133] - INFO: Saved checkpoint ./EC_full_checkpoints/5_5e-5/checkpoint_5_19500.pt (epoch 5 @ 19500 updates, score 0.853) (writing took 9.366014173952863 seconds)
2023-05-16 12:24:57 - progress_bar.py[line:272] - INFO: epoch 005:   2991 / 4137 loss=0.136, loss_v1=0, loss_v2=0, nll_loss=0.136, ntokens=256, nsentences=128, sample_size=256, sample_size_v1=0, sample_size_v2=0, ppl=1.1, wps=11, ups=0.04, wpb=256, bsz=128, num_updates=19510, lr=3.0215e-06, gnorm=1.127, clip=70, loss_scale=512, train_wall=21, gb_free=36.6, wall=49877
2023-05-16 12:25:17 - progress_bar.py[line:272] - INFO: epoch 005:   3001 / 4137 loss=0.157, loss_v1=0, loss_v2=0, nll_loss=0.157, ntokens=256, nsentences=128, sample_size=256, sample_size_v1=0, sample_size_v2=0, ppl=1.11, wps=126.8, ups=0.5, wpb=256, bsz=128, num_updates=19520, lr=2.99578e-06, gnorm=1.164, clip=80, loss_scale=512, train_wall=20, gb_free=36.6, wall=49897
2023-05-16 12:25:37 - progress_bar.py[line:272] - INFO: epoch 005:   3011 / 4137 loss=0.129, loss_v1=0, loss_v2=0, nll_loss=0.129, ntokens=256, nsentences=128, sample_size=256, sample_size_v1=0, sample_size_v2=0, ppl=1.09, wps=127.7, ups=0.5, wpb=256, bsz=128, num_updates=19530, lr=2.97007e-06, gnorm=1.072, clip=60, loss_scale=512, train_wall=20, gb_free=36.7, wall=49917
2023-05-16 12:25:57 - progress_bar.py[line:272] - INFO: epoch 005:   3021 / 4137 loss=0.142, loss_v1=0, loss_v2=0, nll_loss=0.142, ntokens=256, nsentences=128, sample_size=256, sample_size_v1=0, sample_size_v2=0, ppl=1.1, wps=128.9, ups=0.5, wpb=256, bsz=128, num_updates=19540, lr=2.94435e-06, gnorm=1.229, clip=90, loss_scale=512, train_wall=20, gb_free=36.6, wall=49937
2023-05-16 12:26:17 - progress_bar.py[line:272] - INFO: epoch 005:   3031 / 4137 loss=0.14, loss_v1=0, loss_v2=0, nll_loss=0.14, ntokens=256, nsentences=128, sample_size=256, sample_size_v1=0, sample_size_v2=0, ppl=1.1, wps=128.8, ups=0.5, wpb=256, bsz=128, num_updates=19550, lr=2.91864e-06, gnorm=1.184, clip=80, loss_scale=512, train_wall=20, gb_free=36.7, wall=49957
2023-05-16 12:26:37 - progress_bar.py[line:272] - INFO: epoch 005:   3041 / 4137 loss=0.15, loss_v1=0, loss_v2=0, nll_loss=0.15, ntokens=256, nsentences=128, sample_size=256, sample_size_v1=0, sample_size_v2=0, ppl=1.11, wps=127.8, ups=0.5, wpb=256, bsz=128, num_updates=19560, lr=2.89292e-06, gnorm=1.3, clip=100, loss_scale=512, train_wall=20, gb_free=36.7, wall=49977
2023-05-16 12:26:57 - progress_bar.py[line:272] - INFO: epoch 005:   3051 / 4137 loss=0.14, loss_v1=0, loss_v2=0, nll_loss=0.14, ntokens=256, nsentences=128, sample_size=256, sample_size_v1=0, sample_size_v2=0, ppl=1.1, wps=127.8, ups=0.5, wpb=256, bsz=128, num_updates=19570, lr=2.86721e-06, gnorm=1.109, clip=90, loss_scale=512, train_wall=20, gb_free=36.6, wall=49997
2023-05-16 12:27:17 - progress_bar.py[line:272] - INFO: epoch 005:   3061 / 4137 loss=0.119, loss_v1=0, loss_v2=0, nll_loss=0.119, ntokens=256, nsentences=128, sample_size=256, sample_size_v1=0, sample_size_v2=0, ppl=1.09, wps=127.7, ups=0.5, wpb=256, bsz=128, num_updates=19580, lr=2.84149e-06, gnorm=1.077, clip=80, loss_scale=512, train_wall=20, gb_free=36.7, wall=50017
2023-05-16 12:27:36 - progress_bar.py[line:272] - INFO: epoch 005:   3071 / 4137 loss=0.138, loss_v1=0, loss_v2=0, nll_loss=0.138, ntokens=256, nsentences=128, sample_size=256, sample_size_v1=0, sample_size_v2=0, ppl=1.1, wps=128.9, ups=0.5, wpb=256, bsz=128, num_updates=19590, lr=2.81578e-06, gnorm=1.11, clip=70, loss_scale=512, train_wall=20, gb_free=36.7, wall=50037
2023-05-16 12:27:56 - progress_bar.py[line:272] - INFO: epoch 005:   3081 / 4137 loss=0.129, loss_v1=0, loss_v2=0, nll_loss=0.129, ntokens=256, nsentences=128, sample_size=256, sample_size_v1=0, sample_size_v2=0, ppl=1.09, wps=128.5, ups=0.5, wpb=256, bsz=128, num_updates=19600, lr=2.79006e-06, gnorm=1.139, clip=70, loss_scale=512, train_wall=20, gb_free=36.7, wall=50057
2023-05-16 12:28:16 - progress_bar.py[line:272] - INFO: epoch 005:   3091 / 4137 loss=0.144, loss_v1=0, loss_v2=0, nll_loss=0.144, ntokens=256, nsentences=128, sample_size=256, sample_size_v1=0, sample_size_v2=0, ppl=1.1, wps=129.2, ups=0.5, wpb=256, bsz=128, num_updates=19610, lr=2.76435e-06, gnorm=1.145, clip=70, loss_scale=512, train_wall=20, gb_free=36.7, wall=50076
2023-05-16 12:28:36 - progress_bar.py[line:272] - INFO: epoch 005:   3101 / 4137 loss=0.146, loss_v1=0, loss_v2=0, nll_loss=0.146, ntokens=256, nsentences=128, sample_size=256, sample_size_v1=0, sample_size_v2=0, ppl=1.11, wps=129, ups=0.5, wpb=256, bsz=128, num_updates=19620, lr=2.73863e-06, gnorm=1.059, clip=50, loss_scale=512, train_wall=20, gb_free=36.5, wall=50096
2023-05-16 12:28:56 - progress_bar.py[line:272] - INFO: epoch 005:   3111 / 4137 loss=0.125, loss_v1=0, loss_v2=0, nll_loss=0.125, ntokens=256, nsentences=128, sample_size=256, sample_size_v1=0, sample_size_v2=0, ppl=1.09, wps=128.3, ups=0.5, wpb=256, bsz=128, num_updates=19630, lr=2.71292e-06, gnorm=1.053, clip=60, loss_scale=512, train_wall=20, gb_free=36.6, wall=50116
2023-05-16 12:29:16 - progress_bar.py[line:272] - INFO: epoch 005:   3121 / 4137 loss=0.116, loss_v1=0, loss_v2=0, nll_loss=0.116, ntokens=256, nsentences=128, sample_size=256, sample_size_v1=0, sample_size_v2=0, ppl=1.08, wps=129.5, ups=0.51, wpb=256, bsz=128, num_updates=19640, lr=2.6872e-06, gnorm=1.025, clip=40, loss_scale=512, train_wall=20, gb_free=36.7, wall=50136
2023-05-16 12:29:36 - progress_bar.py[line:272] - INFO: epoch 005:   3131 / 4137 loss=0.14, loss_v1=0, loss_v2=0, nll_loss=0.14, ntokens=256, nsentences=128, sample_size=256, sample_size_v1=0, sample_size_v2=0, ppl=1.1, wps=129.2, ups=0.5, wpb=256, bsz=128, num_updates=19650, lr=2.66149e-06, gnorm=1.132, clip=90, loss_scale=512, train_wall=20, gb_free=36.6, wall=50156
2023-05-16 12:29:56 - progress_bar.py[line:272] - INFO: epoch 005:   3141 / 4137 loss=0.131, loss_v1=0, loss_v2=0, nll_loss=0.131, ntokens=256, nsentences=128, sample_size=256, sample_size_v1=0, sample_size_v2=0, ppl=1.1, wps=125.7, ups=0.49, wpb=256, bsz=128, num_updates=19660, lr=2.63577e-06, gnorm=1.123, clip=80, loss_scale=512, train_wall=20, gb_free=36.5, wall=50176
2023-05-16 12:30:16 - progress_bar.py[line:272] - INFO: epoch 005:   3151 / 4137 loss=0.136, loss_v1=0, loss_v2=0, nll_loss=0.136, ntokens=256, nsentences=128, sample_size=256, sample_size_v1=0, sample_size_v2=0, ppl=1.1, wps=128.5, ups=0.5, wpb=256, bsz=128, num_updates=19670, lr=2.61006e-06, gnorm=1.141, clip=80, loss_scale=512, train_wall=20, gb_free=36.7, wall=50196
2023-05-16 12:30:36 - progress_bar.py[line:272] - INFO: epoch 005:   3161 / 4137 loss=0.125, loss_v1=0, loss_v2=0, nll_loss=0.125, ntokens=256, nsentences=128, sample_size=256, sample_size_v1=0, sample_size_v2=0, ppl=1.09, wps=128.5, ups=0.5, wpb=256, bsz=128, num_updates=19680, lr=2.58434e-06, gnorm=1.15, clip=80, loss_scale=512, train_wall=20, gb_free=36.7, wall=50216
2023-05-16 12:30:56 - progress_bar.py[line:272] - INFO: epoch 005:   3171 / 4137 loss=0.133, loss_v1=0, loss_v2=0, nll_loss=0.133, ntokens=256, nsentences=128, sample_size=256, sample_size_v1=0, sample_size_v2=0, ppl=1.1, wps=129.5, ups=0.51, wpb=256, bsz=128, num_updates=19690, lr=2.55863e-06, gnorm=1.089, clip=100, loss_scale=512, train_wall=20, gb_free=36.7, wall=50236
2023-05-16 12:31:15 - progress_bar.py[line:272] - INFO: epoch 005:   3181 / 4137 loss=0.132, loss_v1=0, loss_v2=0, nll_loss=0.132, ntokens=256, nsentences=128, sample_size=256, sample_size_v1=0, sample_size_v2=0, ppl=1.1, wps=128.8, ups=0.5, wpb=256, bsz=128, num_updates=19700, lr=2.53292e-06, gnorm=1.166, clip=90, loss_scale=512, train_wall=20, gb_free=36.5, wall=50256
2023-05-16 12:31:35 - progress_bar.py[line:272] - INFO: epoch 005:   3191 / 4137 loss=0.142, loss_v1=0, loss_v2=0, nll_loss=0.142, ntokens=256, nsentences=128, sample_size=256, sample_size_v1=0, sample_size_v2=0, ppl=1.1, wps=129.6, ups=0.51, wpb=256, bsz=128, num_updates=19710, lr=2.5072e-06, gnorm=1.291, clip=100, loss_scale=512, train_wall=20, gb_free=36.6, wall=50275
2023-05-16 12:31:55 - progress_bar.py[line:272] - INFO: epoch 005:   3201 / 4137 loss=0.128, loss_v1=0, loss_v2=0, nll_loss=0.128, ntokens=256, nsentences=128, sample_size=256, sample_size_v1=0, sample_size_v2=0, ppl=1.09, wps=129.4, ups=0.51, wpb=256, bsz=128, num_updates=19720, lr=2.48149e-06, gnorm=1.097, clip=70, loss_scale=512, train_wall=20, gb_free=36.6, wall=50295
2023-05-16 12:32:15 - progress_bar.py[line:272] - INFO: epoch 005:   3211 / 4137 loss=0.134, loss_v1=0, loss_v2=0, nll_loss=0.134, ntokens=256, nsentences=128, sample_size=256, sample_size_v1=0, sample_size_v2=0, ppl=1.1, wps=128.7, ups=0.5, wpb=256, bsz=128, num_updates=19730, lr=2.45577e-06, gnorm=1.15, clip=100, loss_scale=512, train_wall=20, gb_free=36.7, wall=50315
2023-05-16 12:32:35 - progress_bar.py[line:272] - INFO: epoch 005:   3221 / 4137 loss=0.143, loss_v1=0, loss_v2=0, nll_loss=0.143, ntokens=256, nsentences=128, sample_size=256, sample_size_v1=0, sample_size_v2=0, ppl=1.1, wps=129.5, ups=0.51, wpb=256, bsz=128, num_updates=19740, lr=2.43006e-06, gnorm=1.263, clip=90, loss_scale=512, train_wall=20, gb_free=36.6, wall=50335
2023-05-16 12:32:54 - progress_bar.py[line:272] - INFO: epoch 005:   3231 / 4137 loss=0.132, loss_v1=0, loss_v2=0, nll_loss=0.132, ntokens=256, nsentences=128, sample_size=256, sample_size_v1=0, sample_size_v2=0, ppl=1.1, wps=129.3, ups=0.51, wpb=256, bsz=128, num_updates=19750, lr=2.40434e-06, gnorm=1.082, clip=60, loss_scale=512, train_wall=20, gb_free=36.7, wall=50355
2023-05-16 12:33:14 - progress_bar.py[line:272] - INFO: epoch 005:   3241 / 4137 loss=0.148, loss_v1=0, loss_v2=0, nll_loss=0.148, ntokens=256, nsentences=128, sample_size=256, sample_size_v1=0, sample_size_v2=0, ppl=1.11, wps=129.5, ups=0.51, wpb=256, bsz=128, num_updates=19760, lr=2.37863e-06, gnorm=1.186, clip=100, loss_scale=512, train_wall=20, gb_free=36.5, wall=50374
2023-05-16 12:33:34 - progress_bar.py[line:272] - INFO: epoch 005:   3251 / 4137 loss=0.134, loss_v1=0, loss_v2=0, nll_loss=0.134, ntokens=256, nsentences=128, sample_size=256, sample_size_v1=0, sample_size_v2=0, ppl=1.1, wps=128.3, ups=0.5, wpb=256, bsz=128, num_updates=19770, lr=2.35291e-06, gnorm=1.122, clip=80, loss_scale=512, train_wall=20, gb_free=36.5, wall=50394
2023-05-16 12:33:54 - progress_bar.py[line:272] - INFO: epoch 005:   3261 / 4137 loss=0.122, loss_v1=0, loss_v2=0, nll_loss=0.122, ntokens=256, nsentences=128, sample_size=256, sample_size_v1=0, sample_size_v2=0, ppl=1.09, wps=128.6, ups=0.5, wpb=256, bsz=128, num_updates=19780, lr=2.3272e-06, gnorm=1.07, clip=50, loss_scale=512, train_wall=20, gb_free=36.5, wall=50414
2023-05-16 12:34:14 - progress_bar.py[line:272] - INFO: epoch 005:   3271 / 4137 loss=0.142, loss_v1=0, loss_v2=0, nll_loss=0.142, ntokens=256, nsentences=128, sample_size=256, sample_size_v1=0, sample_size_v2=0, ppl=1.1, wps=128, ups=0.5, wpb=256, bsz=128, num_updates=19790, lr=2.30148e-06, gnorm=1.16, clip=70, loss_scale=512, train_wall=20, gb_free=36.7, wall=50434
2023-05-16 12:34:34 - progress_bar.py[line:272] - INFO: epoch 005:   3281 / 4137 loss=0.135, loss_v1=0, loss_v2=0, nll_loss=0.135, ntokens=256, nsentences=128, sample_size=256, sample_size_v1=0, sample_size_v2=0, ppl=1.1, wps=128, ups=0.5, wpb=256, bsz=128, num_updates=19800, lr=2.27577e-06, gnorm=1.11, clip=80, loss_scale=512, train_wall=20, gb_free=36.7, wall=50454
2023-05-16 12:34:54 - progress_bar.py[line:272] - INFO: epoch 005:   3291 / 4137 loss=0.129, loss_v1=0, loss_v2=0, nll_loss=0.129, ntokens=256, nsentences=128, sample_size=256, sample_size_v1=0, sample_size_v2=0, ppl=1.09, wps=128.8, ups=0.5, wpb=256, bsz=128, num_updates=19810, lr=2.25005e-06, gnorm=1.151, clip=90, loss_scale=512, train_wall=20, gb_free=36.4, wall=50474
2023-05-16 12:35:14 - progress_bar.py[line:272] - INFO: epoch 005:   3301 / 4137 loss=0.158, loss_v1=0, loss_v2=0, nll_loss=0.158, ntokens=256, nsentences=128, sample_size=256, sample_size_v1=0, sample_size_v2=0, ppl=1.12, wps=128.7, ups=0.5, wpb=256, bsz=128, num_updates=19820, lr=2.22434e-06, gnorm=1.196, clip=80, loss_scale=512, train_wall=20, gb_free=36.7, wall=50494
2023-05-16 12:35:34 - progress_bar.py[line:272] - INFO: epoch 005:   3311 / 4137 loss=0.145, loss_v1=0, loss_v2=0, nll_loss=0.145, ntokens=256, nsentences=128, sample_size=256, sample_size_v1=0, sample_size_v2=0, ppl=1.11, wps=129.2, ups=0.5, wpb=256, bsz=128, num_updates=19830, lr=2.19862e-06, gnorm=1.182, clip=80, loss_scale=512, train_wall=20, gb_free=36.6, wall=50514
2023-05-16 12:35:54 - progress_bar.py[line:272] - INFO: epoch 005:   3321 / 4137 loss=0.138, loss_v1=0, loss_v2=0, nll_loss=0.138, ntokens=256, nsentences=128, sample_size=256, sample_size_v1=0, sample_size_v2=0, ppl=1.1, wps=129.1, ups=0.5, wpb=256, bsz=128, num_updates=19840, lr=2.17291e-06, gnorm=1.083, clip=60, loss_scale=512, train_wall=20, gb_free=36.3, wall=50534
2023-05-16 12:36:13 - progress_bar.py[line:272] - INFO: epoch 005:   3331 / 4137 loss=0.14, loss_v1=0, loss_v2=0, nll_loss=0.14, ntokens=256, nsentences=128, sample_size=256, sample_size_v1=0, sample_size_v2=0, ppl=1.1, wps=128.9, ups=0.5, wpb=256, bsz=128, num_updates=19850, lr=2.14719e-06, gnorm=1.125, clip=90, loss_scale=512, train_wall=20, gb_free=36.6, wall=50554
2023-05-16 12:36:33 - progress_bar.py[line:272] - INFO: epoch 005:   3341 / 4137 loss=0.12, loss_v1=0, loss_v2=0, nll_loss=0.12, ntokens=256, nsentences=128, sample_size=256, sample_size_v1=0, sample_size_v2=0, ppl=1.09, wps=128.4, ups=0.5, wpb=256, bsz=128, num_updates=19860, lr=2.12148e-06, gnorm=1.035, clip=50, loss_scale=512, train_wall=20, gb_free=36.6, wall=50574
2023-05-16 12:36:53 - progress_bar.py[line:272] - INFO: epoch 005:   3351 / 4137 loss=0.147, loss_v1=0, loss_v2=0, nll_loss=0.147, ntokens=256, nsentences=128, sample_size=256, sample_size_v1=0, sample_size_v2=0, ppl=1.11, wps=128.8, ups=0.5, wpb=256, bsz=128, num_updates=19870, lr=2.09576e-06, gnorm=1.123, clip=60, loss_scale=512, train_wall=20, gb_free=36.6, wall=50593
2023-05-16 12:37:13 - progress_bar.py[line:272] - INFO: epoch 005:   3361 / 4137 loss=0.135, loss_v1=0, loss_v2=0, nll_loss=0.135, ntokens=256, nsentences=128, sample_size=256, sample_size_v1=0, sample_size_v2=0, ppl=1.1, wps=129, ups=0.5, wpb=256, bsz=128, num_updates=19880, lr=2.07005e-06, gnorm=1.143, clip=80, loss_scale=512, train_wall=20, gb_free=36.7, wall=50613
2023-05-16 12:37:33 - progress_bar.py[line:272] - INFO: epoch 005:   3371 / 4137 loss=0.143, loss_v1=0, loss_v2=0, nll_loss=0.143, ntokens=256, nsentences=128, sample_size=256, sample_size_v1=0, sample_size_v2=0, ppl=1.1, wps=129, ups=0.5, wpb=256, bsz=128, num_updates=19890, lr=2.04433e-06, gnorm=1.116, clip=80, loss_scale=512, train_wall=20, gb_free=36.7, wall=50633
2023-05-16 12:37:53 - progress_bar.py[line:272] - INFO: epoch 005:   3381 / 4137 loss=0.142, loss_v1=0, loss_v2=0, nll_loss=0.142, ntokens=256, nsentences=128, sample_size=256, sample_size_v1=0, sample_size_v2=0, ppl=1.1, wps=129.1, ups=0.5, wpb=256, bsz=128, num_updates=19900, lr=2.01862e-06, gnorm=1.156, clip=80, loss_scale=1024, train_wall=20, gb_free=36.6, wall=50653
2023-05-16 12:38:13 - progress_bar.py[line:272] - INFO: epoch 005:   3391 / 4137 loss=0.125, loss_v1=0, loss_v2=0, nll_loss=0.125, ntokens=256, nsentences=128, sample_size=256, sample_size_v1=0, sample_size_v2=0, ppl=1.09, wps=128.6, ups=0.5, wpb=256, bsz=128, num_updates=19910, lr=1.9929e-06, gnorm=1.057, clip=60, loss_scale=1024, train_wall=20, gb_free=36.6, wall=50673
2023-05-16 12:38:33 - progress_bar.py[line:272] - INFO: epoch 005:   3401 / 4137 loss=0.125, loss_v1=0, loss_v2=0, nll_loss=0.125, ntokens=256, nsentences=128, sample_size=256, sample_size_v1=0, sample_size_v2=0, ppl=1.09, wps=128.7, ups=0.5, wpb=256, bsz=128, num_updates=19920, lr=1.96719e-06, gnorm=0.999, clip=50, loss_scale=1024, train_wall=20, gb_free=36.5, wall=50693
2023-05-16 12:38:53 - progress_bar.py[line:272] - INFO: epoch 005:   3411 / 4137 loss=0.12, loss_v1=0, loss_v2=0, nll_loss=0.12, ntokens=256, nsentences=128, sample_size=256, sample_size_v1=0, sample_size_v2=0, ppl=1.09, wps=127.6, ups=0.5, wpb=256, bsz=128, num_updates=19930, lr=1.94147e-06, gnorm=1.094, clip=70, loss_scale=1024, train_wall=20, gb_free=36.6, wall=50713
2023-05-16 12:39:13 - progress_bar.py[line:272] - INFO: epoch 005:   3421 / 4137 loss=0.124, loss_v1=0, loss_v2=0, nll_loss=0.124, ntokens=256, nsentences=128, sample_size=256, sample_size_v1=0, sample_size_v2=0, ppl=1.09, wps=128.5, ups=0.5, wpb=256, bsz=128, num_updates=19940, lr=1.91576e-06, gnorm=1.04, clip=60, loss_scale=1024, train_wall=20, gb_free=36.6, wall=50733
2023-05-16 12:39:33 - progress_bar.py[line:272] - INFO: epoch 005:   3431 / 4137 loss=0.127, loss_v1=0, loss_v2=0, nll_loss=0.127, ntokens=256, nsentences=128, sample_size=256, sample_size_v1=0, sample_size_v2=0, ppl=1.09, wps=126.3, ups=0.49, wpb=256, bsz=128, num_updates=19950, lr=1.89004e-06, gnorm=1.102, clip=50, loss_scale=1024, train_wall=20, gb_free=36.7, wall=50753
2023-05-16 12:39:53 - progress_bar.py[line:272] - INFO: epoch 005:   3441 / 4137 loss=0.142, loss_v1=0, loss_v2=0, nll_loss=0.142, ntokens=256, nsentences=128, sample_size=256, sample_size_v1=0, sample_size_v2=0, ppl=1.1, wps=124.1, ups=0.48, wpb=256, bsz=128, num_updates=19960, lr=1.86433e-06, gnorm=1.288, clip=100, loss_scale=1024, train_wall=21, gb_free=36.6, wall=50774
2023-05-16 12:40:13 - progress_bar.py[line:272] - INFO: epoch 005:   3451 / 4137 loss=0.138, loss_v1=0, loss_v2=0, nll_loss=0.138, ntokens=256, nsentences=128, sample_size=256, sample_size_v1=0, sample_size_v2=0, ppl=1.1, wps=128, ups=0.5, wpb=256, bsz=128, num_updates=19970, lr=1.83861e-06, gnorm=1.181, clip=70, loss_scale=1024, train_wall=20, gb_free=36.6, wall=50794
2023-05-16 12:40:33 - progress_bar.py[line:272] - INFO: epoch 005:   3461 / 4137 loss=0.122, loss_v1=0, loss_v2=0, nll_loss=0.122, ntokens=256, nsentences=128, sample_size=256, sample_size_v1=0, sample_size_v2=0, ppl=1.09, wps=128.6, ups=0.5, wpb=256, bsz=128, num_updates=19980, lr=1.8129e-06, gnorm=1.051, clip=50, loss_scale=1024, train_wall=20, gb_free=36.6, wall=50814
2023-05-16 12:40:53 - progress_bar.py[line:272] - INFO: epoch 005:   3471 / 4137 loss=0.114, loss_v1=0, loss_v2=0, nll_loss=0.114, ntokens=256, nsentences=128, sample_size=256, sample_size_v1=0, sample_size_v2=0, ppl=1.08, wps=128.3, ups=0.5, wpb=256, bsz=128, num_updates=19990, lr=1.78718e-06, gnorm=1.024, clip=60, loss_scale=1024, train_wall=20, gb_free=36.6, wall=50833
2023-05-16 12:41:13 - progress_bar.py[line:272] - INFO: epoch 005:   3481 / 4137 loss=0.141, loss_v1=0, loss_v2=0, nll_loss=0.141, ntokens=256, nsentences=128, sample_size=256, sample_size_v1=0, sample_size_v2=0, ppl=1.1, wps=128.2, ups=0.5, wpb=256, bsz=128, num_updates=20000, lr=1.76147e-06, gnorm=1.11, clip=70, loss_scale=1024, train_wall=20, gb_free=36.6, wall=50853
slice_id 2 seek offset 8930
slice_id 3 seek offset 13394
2023-05-16 12:41:13 - train.py[line:445] - INFO: begin validation on "valid" subset
slice_id 1 seek offset 4465slice_id 0 seek offset 0

slice_id 0 seek offset 0
slice_id 1 seek offset 4465
slice_id 3 seek offset 13394
slice_id 2 seek offset 8930
2023-05-16 12:44:36 - progress_bar.py[line:282] - INFO: epoch 005 | valid on 'valid' subset | loss 0.218 | loss_v1 0 | loss_v2 0 | nll_loss 0.218 | ntokens 31.975 | nsentences 15.987 | sample_size 31.975 | sample_size_v1 0 | sample_size_v2 0 | ppl 1.16 | snli_score 0.8524 | wps 176.4 | wpb 32 | bsz 16 | num_updates 20000 | best_snli_score 0.853
2023-05-16 12:44:36 - checkpoint_utils.py[line:64] - INFO: Preparing to save checkpoint for epoch 5 @ 20000 updates
2023-05-16 12:44:36 - trainer.py[line:431] - INFO: Saving checkpoint to ./EC_full_checkpoints/5_5e-5/checkpoint_5_20000.pt
2023-05-16 12:44:39 - trainer.py[line:441] - INFO: Finished saving checkpoint to ./EC_full_checkpoints/5_5e-5/checkpoint_5_20000.pt
2023-05-16 12:44:41 - checkpoint_utils.py[line:133] - INFO: Saved checkpoint ./EC_full_checkpoints/5_5e-5/checkpoint_5_20000.pt (epoch 5 @ 20000 updates, score 0.8524) (writing took 5.634632155997679 seconds)
2023-05-16 12:45:02 - progress_bar.py[line:272] - INFO: epoch 005:   3491 / 4137 loss=0.137, loss_v1=0, loss_v2=0, nll_loss=0.137, ntokens=256, nsentences=128, sample_size=256, sample_size_v1=0, sample_size_v2=0, ppl=1.1, wps=11.2, ups=0.04, wpb=256, bsz=128, num_updates=20010, lr=1.73575e-06, gnorm=1.157, clip=80, loss_scale=1024, train_wall=21, gb_free=36.6, wall=51082
2023-05-16 12:45:23 - progress_bar.py[line:272] - INFO: epoch 005:   3501 / 4137 loss=0.152, loss_v1=0, loss_v2=0, nll_loss=0.152, ntokens=256, nsentences=128, sample_size=256, sample_size_v1=0, sample_size_v2=0, ppl=1.11, wps=124.8, ups=0.49, wpb=256, bsz=128, num_updates=20020, lr=1.71004e-06, gnorm=1.253, clip=80, loss_scale=1024, train_wall=20, gb_free=36.3, wall=51103
2023-05-16 12:45:43 - progress_bar.py[line:272] - INFO: epoch 005:   3511 / 4137 loss=0.123, loss_v1=0, loss_v2=0, nll_loss=0.123, ntokens=256, nsentences=128, sample_size=256, sample_size_v1=0, sample_size_v2=0, ppl=1.09, wps=124.9, ups=0.49, wpb=256, bsz=128, num_updates=20030, lr=1.68432e-06, gnorm=1.077, clip=70, loss_scale=1024, train_wall=20, gb_free=36.6, wall=51123
2023-05-16 12:46:04 - progress_bar.py[line:272] - INFO: epoch 005:   3521 / 4137 loss=0.147, loss_v1=0, loss_v2=0, nll_loss=0.147, ntokens=256, nsentences=128, sample_size=256, sample_size_v1=0, sample_size_v2=0, ppl=1.11, wps=123.1, ups=0.48, wpb=256, bsz=128, num_updates=20040, lr=1.65861e-06, gnorm=1.287, clip=100, loss_scale=1024, train_wall=21, gb_free=36.7, wall=51144
2023-05-16 12:46:25 - progress_bar.py[line:272] - INFO: epoch 005:   3531 / 4137 loss=0.147, loss_v1=0, loss_v2=0, nll_loss=0.147, ntokens=256, nsentences=128, sample_size=256, sample_size_v1=0, sample_size_v2=0, ppl=1.11, wps=123, ups=0.48, wpb=256, bsz=128, num_updates=20050, lr=1.63289e-06, gnorm=1.201, clip=90, loss_scale=1024, train_wall=21, gb_free=36.7, wall=51165
2023-05-16 12:46:45 - progress_bar.py[line:272] - INFO: epoch 005:   3541 / 4137 loss=0.126, loss_v1=0, loss_v2=0, nll_loss=0.126, ntokens=256, nsentences=128, sample_size=256, sample_size_v1=0, sample_size_v2=0, ppl=1.09, wps=124.6, ups=0.49, wpb=256, bsz=128, num_updates=20060, lr=1.60718e-06, gnorm=1.088, clip=60, loss_scale=1024, train_wall=21, gb_free=36.6, wall=51185
2023-05-16 12:47:05 - progress_bar.py[line:272] - INFO: epoch 005:   3551 / 4137 loss=0.137, loss_v1=0, loss_v2=0, nll_loss=0.137, ntokens=256, nsentences=128, sample_size=256, sample_size_v1=0, sample_size_v2=0, ppl=1.1, wps=127.2, ups=0.5, wpb=256, bsz=128, num_updates=20070, lr=1.58146e-06, gnorm=1.153, clip=80, loss_scale=1024, train_wall=20, gb_free=36.7, wall=51206
2023-05-16 12:47:26 - progress_bar.py[line:272] - INFO: epoch 005:   3561 / 4137 loss=0.119, loss_v1=0, loss_v2=0, nll_loss=0.119, ntokens=256, nsentences=128, sample_size=256, sample_size_v1=0, sample_size_v2=0, ppl=1.09, wps=126.5, ups=0.49, wpb=256, bsz=128, num_updates=20080, lr=1.55575e-06, gnorm=1.04, clip=60, loss_scale=1024, train_wall=20, gb_free=36.7, wall=51226
2023-05-16 12:47:46 - progress_bar.py[line:272] - INFO: epoch 005:   3571 / 4137 loss=0.125, loss_v1=0, loss_v2=0, nll_loss=0.125, ntokens=256, nsentences=128, sample_size=256, sample_size_v1=0, sample_size_v2=0, ppl=1.09, wps=127.1, ups=0.5, wpb=256, bsz=128, num_updates=20090, lr=1.53003e-06, gnorm=1.165, clip=90, loss_scale=1024, train_wall=20, gb_free=36.7, wall=51246
2023-05-16 12:48:06 - progress_bar.py[line:272] - INFO: epoch 005:   3581 / 4137 loss=0.13, loss_v1=0, loss_v2=0, nll_loss=0.13, ntokens=256, nsentences=128, sample_size=256, sample_size_v1=0, sample_size_v2=0, ppl=1.09, wps=127.7, ups=0.5, wpb=256, bsz=128, num_updates=20100, lr=1.50432e-06, gnorm=1.085, clip=80, loss_scale=1024, train_wall=20, gb_free=36.7, wall=51266
2023-05-16 12:48:26 - progress_bar.py[line:272] - INFO: epoch 005:   3591 / 4137 loss=0.145, loss_v1=0, loss_v2=0, nll_loss=0.145, ntokens=256, nsentences=128, sample_size=256, sample_size_v1=0, sample_size_v2=0, ppl=1.11, wps=126.9, ups=0.5, wpb=256, bsz=128, num_updates=20110, lr=1.47861e-06, gnorm=1.18, clip=70, loss_scale=1024, train_wall=20, gb_free=36.6, wall=51286
2023-05-16 12:48:46 - progress_bar.py[line:272] - INFO: epoch 005:   3601 / 4137 loss=0.12, loss_v1=0, loss_v2=0, nll_loss=0.12, ntokens=256, nsentences=128, sample_size=256, sample_size_v1=0, sample_size_v2=0, ppl=1.09, wps=126.4, ups=0.49, wpb=256, bsz=128, num_updates=20120, lr=1.45289e-06, gnorm=1, clip=50, loss_scale=1024, train_wall=20, gb_free=36.6, wall=51306
2023-05-16 12:49:07 - progress_bar.py[line:272] - INFO: epoch 005:   3611 / 4137 loss=0.149, loss_v1=0, loss_v2=0, nll_loss=0.149, ntokens=256, nsentences=128, sample_size=256, sample_size_v1=0, sample_size_v2=0, ppl=1.11, wps=125.7, ups=0.49, wpb=256, bsz=128, num_updates=20130, lr=1.42718e-06, gnorm=1.201, clip=90, loss_scale=1024, train_wall=20, gb_free=36.7, wall=51327
2023-05-16 12:49:27 - progress_bar.py[line:272] - INFO: epoch 005:   3621 / 4137 loss=0.127, loss_v1=0, loss_v2=0, nll_loss=0.127, ntokens=256, nsentences=128, sample_size=256, sample_size_v1=0, sample_size_v2=0, ppl=1.09, wps=125.8, ups=0.49, wpb=256, bsz=128, num_updates=20140, lr=1.40146e-06, gnorm=1.109, clip=80, loss_scale=1024, train_wall=20, gb_free=36.7, wall=51347
2023-05-16 12:49:47 - progress_bar.py[line:272] - INFO: epoch 005:   3631 / 4137 loss=0.132, loss_v1=0, loss_v2=0, nll_loss=0.132, ntokens=256, nsentences=128, sample_size=256, sample_size_v1=0, sample_size_v2=0, ppl=1.1, wps=125.2, ups=0.49, wpb=256, bsz=128, num_updates=20150, lr=1.37575e-06, gnorm=1.128, clip=70, loss_scale=1024, train_wall=20, gb_free=36.6, wall=51368
2023-05-16 12:50:08 - progress_bar.py[line:272] - INFO: epoch 005:   3641 / 4137 loss=0.131, loss_v1=0, loss_v2=0, nll_loss=0.131, ntokens=256, nsentences=128, sample_size=256, sample_size_v1=0, sample_size_v2=0, ppl=1.1, wps=125.8, ups=0.49, wpb=256, bsz=128, num_updates=20160, lr=1.35003e-06, gnorm=1.145, clip=80, loss_scale=1024, train_wall=20, gb_free=36.6, wall=51388
2023-05-16 12:50:28 - progress_bar.py[line:272] - INFO: epoch 005:   3651 / 4137 loss=0.129, loss_v1=0, loss_v2=0, nll_loss=0.129, ntokens=256, nsentences=128, sample_size=256, sample_size_v1=0, sample_size_v2=0, ppl=1.09, wps=126.7, ups=0.49, wpb=256, bsz=128, num_updates=20170, lr=1.32432e-06, gnorm=1.164, clip=60, loss_scale=1024, train_wall=20, gb_free=36.4, wall=51408
2023-05-16 12:50:40 - trainer.py[line:921] - INFO: NOTE: gradient overflow detected, ignoring gradient, setting loss scale to: 512.0
2023-05-16 12:50:50 - progress_bar.py[line:272] - INFO: epoch 005:   3662 / 4137 loss=0.132, loss_v1=0, loss_v2=0, nll_loss=0.132, ntokens=256, nsentences=128, sample_size=256, sample_size_v1=0, sample_size_v2=0, ppl=1.1, wps=115, ups=0.45, wpb=256, bsz=128, num_updates=20180, lr=1.2986e-06, gnorm=1.125, clip=60, loss_scale=512, train_wall=22, gb_free=36.6, wall=51430
2023-05-16 12:51:11 - progress_bar.py[line:272] - INFO: epoch 005:   3672 / 4137 loss=0.147, loss_v1=0, loss_v2=0, nll_loss=0.147, ntokens=256, nsentences=128, sample_size=256, sample_size_v1=0, sample_size_v2=0, ppl=1.11, wps=125.4, ups=0.49, wpb=256, bsz=128, num_updates=20190, lr=1.27289e-06, gnorm=1.149, clip=90, loss_scale=512, train_wall=20, gb_free=36.7, wall=51451
2023-05-16 12:51:31 - progress_bar.py[line:272] - INFO: epoch 005:   3682 / 4137 loss=0.125, loss_v1=0, loss_v2=0, nll_loss=0.125, ntokens=256, nsentences=128, sample_size=256, sample_size_v1=0, sample_size_v2=0, ppl=1.09, wps=126.5, ups=0.49, wpb=256, bsz=128, num_updates=20200, lr=1.24717e-06, gnorm=1.09, clip=60, loss_scale=512, train_wall=20, gb_free=36.7, wall=51471
2023-05-16 12:51:51 - progress_bar.py[line:272] - INFO: epoch 005:   3692 / 4137 loss=0.135, loss_v1=0, loss_v2=0, nll_loss=0.135, ntokens=256, nsentences=128, sample_size=256, sample_size_v1=0, sample_size_v2=0, ppl=1.1, wps=130, ups=0.51, wpb=256, bsz=128, num_updates=20210, lr=1.22146e-06, gnorm=1.136, clip=80, loss_scale=512, train_wall=20, gb_free=36.5, wall=51491
2023-05-16 12:52:10 - progress_bar.py[line:272] - INFO: epoch 005:   3702 / 4137 loss=0.149, loss_v1=0, loss_v2=0, nll_loss=0.149, ntokens=256, nsentences=128, sample_size=256, sample_size_v1=0, sample_size_v2=0, ppl=1.11, wps=130.2, ups=0.51, wpb=256, bsz=128, num_updates=20220, lr=1.19574e-06, gnorm=1.1, clip=70, loss_scale=512, train_wall=20, gb_free=36.6, wall=51510
2023-05-16 12:52:30 - progress_bar.py[line:272] - INFO: epoch 005:   3712 / 4137 loss=0.12, loss_v1=0, loss_v2=0, nll_loss=0.12, ntokens=256, nsentences=128, sample_size=256, sample_size_v1=0, sample_size_v2=0, ppl=1.09, wps=129.8, ups=0.51, wpb=256, bsz=128, num_updates=20230, lr=1.17003e-06, gnorm=1.037, clip=70, loss_scale=512, train_wall=20, gb_free=36.5, wall=51530
2023-05-16 12:52:50 - progress_bar.py[line:272] - INFO: epoch 005:   3722 / 4137 loss=0.131, loss_v1=0, loss_v2=0, nll_loss=0.131, ntokens=256, nsentences=128, sample_size=256, sample_size_v1=0, sample_size_v2=0, ppl=1.1, wps=125.7, ups=0.49, wpb=256, bsz=128, num_updates=20240, lr=1.14431e-06, gnorm=1.143, clip=70, loss_scale=512, train_wall=20, gb_free=36.6, wall=51551
2023-05-16 12:53:10 - progress_bar.py[line:272] - INFO: epoch 005:   3732 / 4137 loss=0.129, loss_v1=0, loss_v2=0, nll_loss=0.129, ntokens=256, nsentences=128, sample_size=256, sample_size_v1=0, sample_size_v2=0, ppl=1.09, wps=127.4, ups=0.5, wpb=256, bsz=128, num_updates=20250, lr=1.1186e-06, gnorm=1.148, clip=70, loss_scale=512, train_wall=20, gb_free=36.6, wall=51571
2023-05-16 12:53:30 - progress_bar.py[line:272] - INFO: epoch 005:   3742 / 4137 loss=0.117, loss_v1=0, loss_v2=0, nll_loss=0.117, ntokens=256, nsentences=128, sample_size=256, sample_size_v1=0, sample_size_v2=0, ppl=1.08, wps=129.3, ups=0.51, wpb=256, bsz=128, num_updates=20260, lr=1.09288e-06, gnorm=0.969, clip=30, loss_scale=512, train_wall=20, gb_free=36.6, wall=51590
2023-05-16 12:53:50 - progress_bar.py[line:272] - INFO: epoch 005:   3752 / 4137 loss=0.106, loss_v1=0, loss_v2=0, nll_loss=0.106, ntokens=256, nsentences=128, sample_size=256, sample_size_v1=0, sample_size_v2=0, ppl=1.08, wps=129.3, ups=0.5, wpb=256, bsz=128, num_updates=20270, lr=1.06717e-06, gnorm=0.979, clip=30, loss_scale=512, train_wall=20, gb_free=36.6, wall=51610
2023-05-16 12:54:10 - progress_bar.py[line:272] - INFO: epoch 005:   3762 / 4137 loss=0.125, loss_v1=0, loss_v2=0, nll_loss=0.125, ntokens=256, nsentences=128, sample_size=256, sample_size_v1=0, sample_size_v2=0, ppl=1.09, wps=129, ups=0.5, wpb=256, bsz=128, num_updates=20280, lr=1.04145e-06, gnorm=1.068, clip=80, loss_scale=512, train_wall=20, gb_free=36.5, wall=51630
2023-05-16 12:54:30 - progress_bar.py[line:272] - INFO: epoch 005:   3772 / 4137 loss=0.141, loss_v1=0, loss_v2=0, nll_loss=0.141, ntokens=256, nsentences=128, sample_size=256, sample_size_v1=0, sample_size_v2=0, ppl=1.1, wps=128.3, ups=0.5, wpb=256, bsz=128, num_updates=20290, lr=1.01574e-06, gnorm=1.104, clip=90, loss_scale=512, train_wall=20, gb_free=36.6, wall=51650
2023-05-16 12:54:50 - progress_bar.py[line:272] - INFO: epoch 005:   3782 / 4137 loss=0.123, loss_v1=0, loss_v2=0, nll_loss=0.123, ntokens=256, nsentences=128, sample_size=256, sample_size_v1=0, sample_size_v2=0, ppl=1.09, wps=127.6, ups=0.5, wpb=256, bsz=128, num_updates=20300, lr=9.90023e-07, gnorm=1.103, clip=70, loss_scale=512, train_wall=20, gb_free=36.6, wall=51670
2023-05-16 12:55:10 - progress_bar.py[line:272] - INFO: epoch 005:   3792 / 4137 loss=0.129, loss_v1=0, loss_v2=0, nll_loss=0.129, ntokens=256, nsentences=128, sample_size=256, sample_size_v1=0, sample_size_v2=0, ppl=1.09, wps=128.7, ups=0.5, wpb=256, bsz=128, num_updates=20310, lr=9.64308e-07, gnorm=1.051, clip=80, loss_scale=512, train_wall=20, gb_free=36.4, wall=51690
2023-05-16 12:55:30 - progress_bar.py[line:272] - INFO: epoch 005:   3802 / 4137 loss=0.133, loss_v1=0, loss_v2=0, nll_loss=0.133, ntokens=256, nsentences=128, sample_size=256, sample_size_v1=0, sample_size_v2=0, ppl=1.1, wps=128.3, ups=0.5, wpb=256, bsz=128, num_updates=20320, lr=9.38593e-07, gnorm=1.087, clip=70, loss_scale=512, train_wall=20, gb_free=36.6, wall=51710
2023-05-16 12:55:50 - progress_bar.py[line:272] - INFO: epoch 005:   3812 / 4137 loss=0.142, loss_v1=0, loss_v2=0, nll_loss=0.142, ntokens=256, nsentences=128, sample_size=256, sample_size_v1=0, sample_size_v2=0, ppl=1.1, wps=128.3, ups=0.5, wpb=256, bsz=128, num_updates=20330, lr=9.12878e-07, gnorm=1.11, clip=80, loss_scale=512, train_wall=20, gb_free=36.6, wall=51730
2023-05-16 12:56:10 - progress_bar.py[line:272] - INFO: epoch 005:   3822 / 4137 loss=0.111, loss_v1=0, loss_v2=0, nll_loss=0.111, ntokens=256, nsentences=128, sample_size=256, sample_size_v1=0, sample_size_v2=0, ppl=1.08, wps=127.5, ups=0.5, wpb=256, bsz=128, num_updates=20340, lr=8.87163e-07, gnorm=1.042, clip=70, loss_scale=512, train_wall=20, gb_free=36.6, wall=51750
2023-05-16 12:56:30 - progress_bar.py[line:272] - INFO: epoch 005:   3832 / 4137 loss=0.13, loss_v1=0, loss_v2=0, nll_loss=0.13, ntokens=256, nsentences=128, sample_size=256, sample_size_v1=0, sample_size_v2=0, ppl=1.09, wps=129.2, ups=0.5, wpb=256, bsz=128, num_updates=20350, lr=8.61448e-07, gnorm=1.149, clip=80, loss_scale=512, train_wall=20, gb_free=36.5, wall=51770
2023-05-16 12:56:50 - progress_bar.py[line:272] - INFO: epoch 005:   3842 / 4137 loss=0.124, loss_v1=0, loss_v2=0, nll_loss=0.124, ntokens=256, nsentences=128, sample_size=256, sample_size_v1=0, sample_size_v2=0, ppl=1.09, wps=128.1, ups=0.5, wpb=256, bsz=128, num_updates=20360, lr=8.35733e-07, gnorm=1.076, clip=60, loss_scale=512, train_wall=20, gb_free=36.5, wall=51790
2023-05-16 12:57:10 - progress_bar.py[line:272] - INFO: epoch 005:   3852 / 4137 loss=0.146, loss_v1=0, loss_v2=0, nll_loss=0.146, ntokens=256, nsentences=128, sample_size=256, sample_size_v1=0, sample_size_v2=0, ppl=1.11, wps=126.5, ups=0.49, wpb=256, bsz=128, num_updates=20370, lr=8.10019e-07, gnorm=1.238, clip=70, loss_scale=512, train_wall=20, gb_free=36.7, wall=51810
2023-05-16 12:57:30 - progress_bar.py[line:272] - INFO: epoch 005:   3862 / 4137 loss=0.127, loss_v1=0, loss_v2=0, nll_loss=0.127, ntokens=256, nsentences=128, sample_size=256, sample_size_v1=0, sample_size_v2=0, ppl=1.09, wps=128.4, ups=0.5, wpb=256, bsz=128, num_updates=20380, lr=7.84304e-07, gnorm=1.185, clip=90, loss_scale=512, train_wall=20, gb_free=36.4, wall=51830
2023-05-16 12:57:50 - progress_bar.py[line:272] - INFO: epoch 005:   3872 / 4137 loss=0.135, loss_v1=0, loss_v2=0, nll_loss=0.135, ntokens=256, nsentences=128, sample_size=256, sample_size_v1=0, sample_size_v2=0, ppl=1.1, wps=128.9, ups=0.5, wpb=256, bsz=128, num_updates=20390, lr=7.58589e-07, gnorm=1.211, clip=90, loss_scale=512, train_wall=20, gb_free=36.7, wall=51850
2023-05-16 12:58:09 - progress_bar.py[line:272] - INFO: epoch 005:   3882 / 4137 loss=0.145, loss_v1=0, loss_v2=0, nll_loss=0.145, ntokens=256, nsentences=128, sample_size=256, sample_size_v1=0, sample_size_v2=0, ppl=1.11, wps=128.8, ups=0.5, wpb=256, bsz=128, num_updates=20400, lr=7.32874e-07, gnorm=1.156, clip=100, loss_scale=512, train_wall=20, gb_free=36.5, wall=51870
2023-05-16 12:58:29 - progress_bar.py[line:272] - INFO: epoch 005:   3892 / 4137 loss=0.138, loss_v1=0, loss_v2=0, nll_loss=0.138, ntokens=256, nsentences=128, sample_size=256, sample_size_v1=0, sample_size_v2=0, ppl=1.1, wps=128.4, ups=0.5, wpb=256, bsz=128, num_updates=20410, lr=7.07159e-07, gnorm=1.211, clip=80, loss_scale=512, train_wall=20, gb_free=36.6, wall=51890
2023-05-16 12:58:49 - progress_bar.py[line:272] - INFO: epoch 005:   3902 / 4137 loss=0.128, loss_v1=0, loss_v2=0, nll_loss=0.128, ntokens=256, nsentences=128, sample_size=256, sample_size_v1=0, sample_size_v2=0, ppl=1.09, wps=127.6, ups=0.5, wpb=256, bsz=128, num_updates=20420, lr=6.81444e-07, gnorm=1.174, clip=80, loss_scale=512, train_wall=20, gb_free=36.5, wall=51910
2023-05-16 12:59:09 - progress_bar.py[line:272] - INFO: epoch 005:   3912 / 4137 loss=0.145, loss_v1=0, loss_v2=0, nll_loss=0.145, ntokens=256, nsentences=128, sample_size=256, sample_size_v1=0, sample_size_v2=0, ppl=1.11, wps=128.8, ups=0.5, wpb=256, bsz=128, num_updates=20430, lr=6.55729e-07, gnorm=1.188, clip=90, loss_scale=512, train_wall=20, gb_free=36.7, wall=51930
2023-05-16 12:59:29 - progress_bar.py[line:272] - INFO: epoch 005:   3922 / 4137 loss=0.131, loss_v1=0, loss_v2=0, nll_loss=0.131, ntokens=256, nsentences=128, sample_size=256, sample_size_v1=0, sample_size_v2=0, ppl=1.1, wps=128.3, ups=0.5, wpb=256, bsz=128, num_updates=20440, lr=6.30014e-07, gnorm=1.106, clip=70, loss_scale=512, train_wall=20, gb_free=36.6, wall=51950
2023-05-16 12:59:49 - progress_bar.py[line:272] - INFO: epoch 005:   3932 / 4137 loss=0.135, loss_v1=0, loss_v2=0, nll_loss=0.135, ntokens=256, nsentences=128, sample_size=256, sample_size_v1=0, sample_size_v2=0, ppl=1.1, wps=128.2, ups=0.5, wpb=256, bsz=128, num_updates=20450, lr=6.043e-07, gnorm=1.15, clip=80, loss_scale=512, train_wall=20, gb_free=36.7, wall=51969
2023-05-16 13:00:09 - progress_bar.py[line:272] - INFO: epoch 005:   3942 / 4137 loss=0.126, loss_v1=0, loss_v2=0, nll_loss=0.126, ntokens=256, nsentences=128, sample_size=256, sample_size_v1=0, sample_size_v2=0, ppl=1.09, wps=128.4, ups=0.5, wpb=256, bsz=128, num_updates=20460, lr=5.78585e-07, gnorm=1.08, clip=80, loss_scale=512, train_wall=20, gb_free=36.5, wall=51989
2023-05-16 13:00:29 - progress_bar.py[line:272] - INFO: epoch 005:   3952 / 4137 loss=0.139, loss_v1=0, loss_v2=0, nll_loss=0.139, ntokens=256, nsentences=128, sample_size=256, sample_size_v1=0, sample_size_v2=0, ppl=1.1, wps=128.7, ups=0.5, wpb=256, bsz=128, num_updates=20470, lr=5.5287e-07, gnorm=1.099, clip=80, loss_scale=512, train_wall=20, gb_free=36.5, wall=52009
2023-05-16 13:00:49 - progress_bar.py[line:272] - INFO: epoch 005:   3962 / 4137 loss=0.153, loss_v1=0, loss_v2=0, nll_loss=0.153, ntokens=256, nsentences=128, sample_size=256, sample_size_v1=0, sample_size_v2=0, ppl=1.11, wps=128, ups=0.5, wpb=256, bsz=128, num_updates=20480, lr=5.27155e-07, gnorm=1.154, clip=80, loss_scale=512, train_wall=20, gb_free=36.5, wall=52029
2023-05-16 13:01:09 - progress_bar.py[line:272] - INFO: epoch 005:   3972 / 4137 loss=0.125, loss_v1=0, loss_v2=0, nll_loss=0.125, ntokens=256, nsentences=128, sample_size=256, sample_size_v1=0, sample_size_v2=0, ppl=1.09, wps=128.1, ups=0.5, wpb=256, bsz=128, num_updates=20490, lr=5.0144e-07, gnorm=1.097, clip=50, loss_scale=512, train_wall=20, gb_free=36.6, wall=52049
2023-05-16 13:01:29 - progress_bar.py[line:272] - INFO: epoch 005:   3982 / 4137 loss=0.12, loss_v1=0, loss_v2=0, nll_loss=0.12, ntokens=256, nsentences=128, sample_size=256, sample_size_v1=0, sample_size_v2=0, ppl=1.09, wps=128.6, ups=0.5, wpb=256, bsz=128, num_updates=20500, lr=4.75725e-07, gnorm=1.115, clip=60, loss_scale=512, train_wall=20, gb_free=36.6, wall=52069
slice_id 3 seek offset 13394
2023-05-16 13:01:29 - train.py[line:445] - INFO: begin validation on "valid" subset
slice_id 1 seek offset 4465
slice_id 0 seek offset 0
slice_id 2 seek offset 8930
slice_id 0 seek offset 0
slice_id 3 seek offset 13394
slice_id 1 seek offset 4465
slice_id 2 seek offset 8930
2023-05-16 13:04:50 - progress_bar.py[line:282] - INFO: epoch 005 | valid on 'valid' subset | loss 0.217 | loss_v1 0 | loss_v2 0 | nll_loss 0.217 | ntokens 31.975 | nsentences 15.987 | sample_size 31.975 | sample_size_v1 0 | sample_size_v2 0 | ppl 1.16 | snli_score 0.8528 | wps 178.1 | wpb 32 | bsz 16 | num_updates 20500 | best_snli_score 0.853
2023-05-16 13:04:50 - checkpoint_utils.py[line:64] - INFO: Preparing to save checkpoint for epoch 5 @ 20500 updates
2023-05-16 13:04:50 - trainer.py[line:431] - INFO: Saving checkpoint to ./EC_full_checkpoints/5_5e-5/checkpoint_5_20500.pt
2023-05-16 13:04:54 - trainer.py[line:441] - INFO: Finished saving checkpoint to ./EC_full_checkpoints/5_5e-5/checkpoint_5_20500.pt
2023-05-16 13:04:56 - checkpoint_utils.py[line:133] - INFO: Saved checkpoint ./EC_full_checkpoints/5_5e-5/checkpoint_5_20500.pt (epoch 5 @ 20500 updates, score 0.8528) (writing took 6.736696540843695 seconds)
2023-05-16 13:05:16 - progress_bar.py[line:272] - INFO: epoch 005:   3992 / 4137 loss=0.123, loss_v1=0, loss_v2=0, nll_loss=0.123, ntokens=256, nsentences=128, sample_size=256, sample_size_v1=0, sample_size_v2=0, ppl=1.09, wps=11.3, ups=0.04, wpb=256, bsz=128, num_updates=20510, lr=4.5001e-07, gnorm=1.048, clip=60, loss_scale=512, train_wall=20, gb_free=36.7, wall=52296
2023-05-16 13:05:36 - progress_bar.py[line:272] - INFO: epoch 005:   4002 / 4137 loss=0.122, loss_v1=0, loss_v2=0, nll_loss=0.122, ntokens=256, nsentences=128, sample_size=256, sample_size_v1=0, sample_size_v2=0, ppl=1.09, wps=129.1, ups=0.5, wpb=256, bsz=128, num_updates=20520, lr=4.24295e-07, gnorm=1.078, clip=70, loss_scale=512, train_wall=20, gb_free=36.7, wall=52316
2023-05-16 13:05:56 - progress_bar.py[line:272] - INFO: epoch 005:   4012 / 4137 loss=0.136, loss_v1=0, loss_v2=0, nll_loss=0.136, ntokens=256, nsentences=128, sample_size=256, sample_size_v1=0, sample_size_v2=0, ppl=1.1, wps=128.3, ups=0.5, wpb=256, bsz=128, num_updates=20530, lr=3.98581e-07, gnorm=1.078, clip=60, loss_scale=512, train_wall=20, gb_free=36.6, wall=52336
2023-05-16 13:06:16 - progress_bar.py[line:272] - INFO: epoch 005:   4022 / 4137 loss=0.126, loss_v1=0, loss_v2=0, nll_loss=0.126, ntokens=256, nsentences=128, sample_size=256, sample_size_v1=0, sample_size_v2=0, ppl=1.09, wps=127.8, ups=0.5, wpb=256, bsz=128, num_updates=20540, lr=3.72866e-07, gnorm=1.118, clip=50, loss_scale=512, train_wall=20, gb_free=36.6, wall=52356
2023-05-16 13:06:36 - progress_bar.py[line:272] - INFO: epoch 005:   4032 / 4137 loss=0.132, loss_v1=0, loss_v2=0, nll_loss=0.132, ntokens=256, nsentences=128, sample_size=256, sample_size_v1=0, sample_size_v2=0, ppl=1.1, wps=128.4, ups=0.5, wpb=256, bsz=128, num_updates=20550, lr=3.47151e-07, gnorm=1.057, clip=60, loss_scale=512, train_wall=20, gb_free=36.7, wall=52376
2023-05-16 13:06:56 - progress_bar.py[line:272] - INFO: epoch 005:   4042 / 4137 loss=0.123, loss_v1=0, loss_v2=0, nll_loss=0.123, ntokens=256, nsentences=128, sample_size=256, sample_size_v1=0, sample_size_v2=0, ppl=1.09, wps=128.3, ups=0.5, wpb=256, bsz=128, num_updates=20560, lr=3.21436e-07, gnorm=1.128, clip=60, loss_scale=512, train_wall=20, gb_free=36.7, wall=52396
2023-05-16 13:07:16 - progress_bar.py[line:272] - INFO: epoch 005:   4052 / 4137 loss=0.127, loss_v1=0, loss_v2=0, nll_loss=0.127, ntokens=256, nsentences=128, sample_size=256, sample_size_v1=0, sample_size_v2=0, ppl=1.09, wps=129.1, ups=0.5, wpb=256, bsz=128, num_updates=20570, lr=2.95721e-07, gnorm=1.156, clip=70, loss_scale=512, train_wall=20, gb_free=36.7, wall=52416
2023-05-16 13:07:35 - progress_bar.py[line:272] - INFO: epoch 005:   4062 / 4137 loss=0.12, loss_v1=0, loss_v2=0, nll_loss=0.12, ntokens=256, nsentences=128, sample_size=256, sample_size_v1=0, sample_size_v2=0, ppl=1.09, wps=130.3, ups=0.51, wpb=256, bsz=128, num_updates=20580, lr=2.70006e-07, gnorm=1.128, clip=70, loss_scale=512, train_wall=20, gb_free=36.7, wall=52436
2023-05-16 13:07:55 - progress_bar.py[line:272] - INFO: epoch 005:   4072 / 4137 loss=0.121, loss_v1=0, loss_v2=0, nll_loss=0.121, ntokens=256, nsentences=128, sample_size=256, sample_size_v1=0, sample_size_v2=0, ppl=1.09, wps=129.4, ups=0.51, wpb=256, bsz=128, num_updates=20590, lr=2.44291e-07, gnorm=1.082, clip=60, loss_scale=512, train_wall=20, gb_free=36.7, wall=52455
2023-05-16 13:08:15 - progress_bar.py[line:272] - INFO: epoch 005:   4082 / 4137 loss=0.139, loss_v1=0, loss_v2=0, nll_loss=0.139, ntokens=256, nsentences=128, sample_size=256, sample_size_v1=0, sample_size_v2=0, ppl=1.1, wps=128.8, ups=0.5, wpb=256, bsz=128, num_updates=20600, lr=2.18576e-07, gnorm=1.152, clip=80, loss_scale=512, train_wall=20, gb_free=36.7, wall=52475
2023-05-16 13:08:35 - progress_bar.py[line:272] - INFO: epoch 005:   4092 / 4137 loss=0.13, loss_v1=0, loss_v2=0, nll_loss=0.13, ntokens=256, nsentences=128, sample_size=256, sample_size_v1=0, sample_size_v2=0, ppl=1.09, wps=128.7, ups=0.5, wpb=256, bsz=128, num_updates=20610, lr=1.92862e-07, gnorm=1.044, clip=60, loss_scale=512, train_wall=20, gb_free=36.7, wall=52495
2023-05-16 13:08:55 - progress_bar.py[line:272] - INFO: epoch 005:   4102 / 4137 loss=0.156, loss_v1=0, loss_v2=0, nll_loss=0.156, ntokens=256, nsentences=128, sample_size=256, sample_size_v1=0, sample_size_v2=0, ppl=1.11, wps=128.8, ups=0.5, wpb=256, bsz=128, num_updates=20620, lr=1.67147e-07, gnorm=1.233, clip=100, loss_scale=512, train_wall=20, gb_free=36.7, wall=52515
2023-05-16 13:09:15 - progress_bar.py[line:272] - INFO: epoch 005:   4112 / 4137 loss=0.132, loss_v1=0, loss_v2=0, nll_loss=0.132, ntokens=256, nsentences=128, sample_size=256, sample_size_v1=0, sample_size_v2=0, ppl=1.1, wps=130, ups=0.51, wpb=256, bsz=128, num_updates=20630, lr=1.41432e-07, gnorm=1.09, clip=70, loss_scale=512, train_wall=20, gb_free=36.7, wall=52535
2023-05-16 13:09:35 - progress_bar.py[line:272] - INFO: epoch 005:   4122 / 4137 loss=0.159, loss_v1=0, loss_v2=0, nll_loss=0.159, ntokens=256, nsentences=128, sample_size=256, sample_size_v1=0, sample_size_v2=0, ppl=1.12, wps=128, ups=0.5, wpb=256, bsz=128, num_updates=20640, lr=1.15717e-07, gnorm=1.23, clip=90, loss_scale=512, train_wall=20, gb_free=36.6, wall=52555
2023-05-16 13:09:55 - progress_bar.py[line:272] - INFO: epoch 005:   4132 / 4137 loss=0.12, loss_v1=0, loss_v2=0, nll_loss=0.12, ntokens=256, nsentences=128, sample_size=256, sample_size_v1=0, sample_size_v2=0, ppl=1.09, wps=128.5, ups=0.5, wpb=256, bsz=128, num_updates=20650, lr=9.00021e-08, gnorm=1.033, clip=70, loss_scale=512, train_wall=20, gb_free=36.5, wall=52575
slice_id 1 seek offset 4465slice_id 2 seek offset 8930

slice_id 3 seek offset 133942023-05-16 13:10:04 - train.py[line:445] - INFO: begin validation on "valid" subset

slice_id 0 seek offset 0
slice_id 0 seek offset 0
slice_id 1 seek offset 4465
slice_id 2 seek offset 8930
slice_id 3 seek offset 13394
2023-05-16 13:13:29 - progress_bar.py[line:282] - INFO: epoch 005 | valid on 'valid' subset | loss 0.217 | loss_v1 0 | loss_v2 0 | nll_loss 0.217 | ntokens 31.975 | nsentences 15.987 | sample_size 31.975 | sample_size_v1 0 | sample_size_v2 0 | ppl 1.16 | snli_score 0.852 | wps 175 | wpb 32 | bsz 16 | num_updates 20655 | best_snli_score 0.853
2023-05-16 13:13:29 - checkpoint_utils.py[line:64] - INFO: Preparing to save checkpoint for epoch 5 @ 20655 updates
local datafile ../../dataset/snli_ve_data/snli_ve_train.tsv slice_id 2 begin to initialize row_count and line_idx-to-offset mapping
local datafile ../../dataset/snli_ve_data/snli_ve_train.tsv slice_id 1 begin to initialize row_count and line_idx-to-offset mapping
local datafile ../../dataset/snli_ve_data/snli_ve_train.tsv slice_id 3 begin to initialize row_count and line_idx-to-offset mapping
2023-05-16 13:13:29 - trainer.py[line:431] - INFO: Saving checkpoint to ./EC_full_checkpoints/5_5e-5/checkpoint5.pt
2023-05-16 13:13:32 - trainer.py[line:441] - INFO: Finished saving checkpoint to ./EC_full_checkpoints/5_5e-5/checkpoint5.pt
2023-05-16 13:13:35 - checkpoint_utils.py[line:133] - INFO: Saved checkpoint ./EC_full_checkpoints/5_5e-5/checkpoint5.pt (epoch 5 @ 20655 updates, score 0.852) (writing took 6.075618522008881 seconds)
2023-05-16 13:13:35 - train.py[line:332] - INFO: end of epoch 5 (average epoch stats below)
2023-05-16 13:13:35 - progress_bar.py[line:282] - INFO: epoch 005 | loss 0.139 | loss_v1 0 | loss_v2 0 | nll_loss 0.139 | ntokens 255.996 | nsentences 127.998 | sample_size 255.996 | sample_size_v1 0 | sample_size_v2 0 | ppl 1.1 | wps 103.5 | ups 0.4 | wpb 256 | bsz 128 | num_updates 20655 | lr 7.71446e-08 | gnorm 1.09 | clip 67.5 | loss_scale 512 | train_wall 8297 | gb_free 36.5 | wall 52795
2023-05-16 13:13:35 - trainer.py[line:639] - INFO: loading train data for epoch 6
local datafile ../../dataset/snli_ve_data/snli_ve_train.tsv slice_id 0 begin to initialize row_count and line_idx-to-offset mapping
local datafile ../../dataset/snli_ve_data/snli_ve_train.tsv slice_id 3 finished initializing row_count and line_idx-to-offset mappinglocal datafile ../../dataset/snli_ve_data/snli_ve_train.tsv slice_id 2 finished initializing row_count and line_idx-to-offset mapping

file ../../dataset/snli_ve_data/snli_ve_train.tsv slice_id 3 row count 132381 total row count 529527file ../../dataset/snli_ve_data/snli_ve_train.tsv slice_id 2 row count 132382 total row count 529527

local datafile ../../dataset/snli_ve_data/snli_ve_train.tsv slice_id 1 finished initializing row_count and line_idx-to-offset mapping
file ../../dataset/snli_ve_data/snli_ve_train.tsv slice_id 1 row count 132382 total row count 529527
slice_id 2 seek offset 264764
slice_id 3 seek offset 397146
slice_id 1 seek offset 132382
local datafile ../../dataset/snli_ve_data/snli_ve_train.tsv slice_id 0 finished initializing row_count and line_idx-to-offset mapping
file ../../dataset/snli_ve_data/snli_ve_train.tsv slice_id 0 row count 132382 total row count 529527
slice_id 0 seek offset 0
2023-05-16 13:13:47 - train.py[line:214] - INFO: done training in 52790.0 seconds
