/home/grads/mogunleye/.conda/envs/ofa1/lib/python3.9/site-packages/torch/distributed/launch.py:180: FutureWarning: The module torch.distributed.launch is deprecated
and will be removed in future. Use torchrun.
Note that --use_env is set by default in torchrun.
If your script expects `--local_rank` argument to be set, please
change it to read from `os.environ['LOCAL_RANK']` instead. See 
https://pytorch.org/docs/stable/distributed.html#launch-utility for 
further instructions

  warnings.warn(
WARNING:torch.distributed.run:
*****************************************
Setting OMP_NUM_THREADS environment variable for each process to be 1 in default, to avoid your system being overloaded, please further tune the variable for optimal performance in your application as needed. 
*****************************************
2023-05-16 16:12:14 - instantiator.py[line:21] - INFO: Created a temporary directory at /tmp/tmpiu6xf035
2023-05-16 16:12:14 - instantiator.py[line:76] - INFO: Writing /tmp/tmpiu6xf035/_remote_module_non_scriptable.py
2023-05-16 16:12:14 - instantiator.py[line:21] - INFO: Created a temporary directory at /tmp/tmpckqncuul
2023-05-16 16:12:14 - instantiator.py[line:76] - INFO: Writing /tmp/tmpckqncuul/_remote_module_non_scriptable.py
device =  1
2023-05-16 16:12:20 - utils.py[line:255] - INFO: distributed init (rank 1): env://
2023-05-16 16:12:20 - utils.py[line:261] - INFO: Start init
2023-05-16 16:12:20 - distributed_c10d.py[line:319] - INFO: Added key: store_based_barrier_key:1 to store for rank: 1
device =  0
2023-05-16 16:12:21 - utils.py[line:255] - INFO: distributed init (rank 0): env://
2023-05-16 16:12:21 - utils.py[line:261] - INFO: Start init
2023-05-16 16:12:22 - distributed_c10d.py[line:319] - INFO: Added key: store_based_barrier_key:1 to store for rank: 0
2023-05-16 16:12:22 - distributed_c10d.py[line:353] - INFO: Rank 0: Completed store-based barrier for key:store_based_barrier_key:1 with 2 nodes.
2023-05-16 16:12:22 - utils.py[line:271] - INFO: initialized host plan as rank 0
single-machine distributed training is initialized.
2023-05-16 16:12:22 - distributed_c10d.py[line:353] - INFO: Rank 1: Completed store-based barrier for key:store_based_barrier_key:1 with 2 nodes.
2023-05-16 16:12:22 - utils.py[line:271] - INFO: initialized host plan as rank 1
single-machine distributed training is initialized.
2023-05-16 16:12:26 - train.py[line:77] - INFO: {'_name': None, 'common': {'_name': None, 'no_progress_bar': False, 'log_interval': 10, 'log_format': 'simple', 'log_file': None, 'tensorboard_logdir': None, 'wandb_project': None, 'azureml_logging': False, 'seed': 1, 'cpu': False, 'tpu': False, 'bf16': False, 'memory_efficient_bf16': False, 'fp16': True, 'memory_efficient_fp16': False, 'fp16_no_flatten_grads': False, 'fp16_init_scale': 128, 'fp16_scale_window': 512, 'fp16_scale_tolerance': 0.0, 'on_cpu_convert_precision': False, 'min_loss_scale': 0.0001, 'threshold_loss_scale': None, 'amp': False, 'amp_batch_retries': 2, 'amp_init_scale': 128, 'amp_scale_window': None, 'user_dir': '../../ofa_module', 'empty_cache_freq': 0, 'all_gather_list_size': 16384, 'model_parallel_size': 1, 'quantization_config_path': None, 'profile': False, 'reset_logging': False, 'suppress_crashes': False, 'use_plasma_view': False, 'plasma_path': '/tmp/plasma'}, 'common_eval': {'_name': None, 'path': None, 'post_process': None, 'quiet': False, 'model_overrides': '{}', 'results_path': None}, 'distributed_training': {'_name': None, 'distributed_world_size': 2, 'distributed_num_procs': 2, 'distributed_rank': 0, 'distributed_backend': 'nccl', 'distributed_init_method': 'env://', 'distributed_port': -1, 'device_id': 0, 'distributed_no_spawn': True, 'ddp_backend': 'pytorch_ddp', 'ddp_comm_hook': 'none', 'bucket_cap_mb': 25, 'fix_batches_to_gpus': False, 'find_unused_parameters': True, 'gradient_as_bucket_view': False, 'fast_stat_sync': False, 'heartbeat_timeout': -1, 'broadcast_buffers': False, 'slowmo_momentum': None, 'slowmo_algorithm': 'LocalSGD', 'localsgd_frequency': 3, 'nprocs_per_node': 2, 'pipeline_model_parallel': False, 'pipeline_balance': None, 'pipeline_devices': None, 'pipeline_chunks': 0, 'pipeline_encoder_balance': None, 'pipeline_encoder_devices': None, 'pipeline_decoder_balance': None, 'pipeline_decoder_devices': None, 'pipeline_checkpoint': 'never', 'zero_sharding': 'none', 'fp16': True, 'memory_efficient_fp16': False, 'tpu': False, 'no_reshard_after_forward': False, 'fp32_reduce_scatter': False, 'cpu_offload': False, 'use_sharded_state': False}, 'dataset': {'_name': None, 'num_workers': 0, 'skip_invalid_size_inputs_valid_test': False, 'max_tokens': None, 'batch_size': 4, 'required_batch_size_multiple': 8, 'required_seq_len_multiple': 1, 'dataset_impl': None, 'data_buffer_size': 10, 'train_subset': 'train', 'valid_subset': 'valid', 'combine_valid_subsets': None, 'ignore_unused_valid_subsets': False, 'validate_interval': 1, 'validate_interval_updates': 500, 'validate_after_updates': 0, 'fixed_validation_seed': 7, 'disable_validation': False, 'max_tokens_valid': None, 'batch_size_valid': 4, 'max_valid_steps': None, 'curriculum': 0, 'gen_subset': 'test', 'num_shards': 1, 'shard_id': 0}, 'optimization': {'_name': None, 'max_epoch': 5, 'max_update': 0, 'stop_time_hours': 0.0, 'clip_norm': 1.0, 'sentence_avg': False, 'update_freq': [8], 'lr': [5e-05], 'stop_min_lr': -1.0, 'use_bmuf': False}, 'checkpoint': {'_name': None, 'save_dir': './EC_10k_checkpoints/5_5e-5', 'restore_file': '../../run_scripts/pretraining/checkpoints_EC/checkpoint_17_492000.pt', 'finetune_from_model': None, 'reset_dataloader': True, 'reset_lr_scheduler': False, 'reset_meters': True, 'reset_optimizer': True, 'optimizer_overrides': '{}', 'save_interval': 1, 'save_interval_updates': 500, 'keep_interval_updates': -1, 'keep_interval_updates_pattern': -1, 'keep_last_epochs': -1, 'keep_best_checkpoints': 1, 'no_save': False, 'no_epoch_checkpoints': False, 'no_last_checkpoints': False, 'no_save_optimizer_state': False, 'best_checkpoint_metric': 'snli_score', 'maximize_best_checkpoint_metric': True, 'patience': -1, 'checkpoint_suffix': '', 'checkpoint_shard_count': 1, 'load_checkpoint_on_all_dp_ranks': False, 'write_checkpoints_asynchronously': False, 'model_parallel_size': 1, 'use_ema_weights_to_init_param': False, 'use_latest_weights_to_init_ema': False}, 'bmuf': {'_name': None, 'block_lr': 1.0, 'block_momentum': 0.875, 'global_sync_iter': 50, 'warmup_iterations': 500, 'use_nbm': False, 'average_sync': False, 'distributed_world_size': 2}, 'generation': {'_name': None, 'beam': 5, 'nbest': 1, 'max_len_a': 0.0, 'max_len_b': 200, 'min_len': 1, 'match_source_len': False, 'unnormalized': False, 'no_early_stop': False, 'no_beamable_mm': False, 'lenpen': 1.0, 'unkpen': 0.0, 'replace_unk': None, 'sacrebleu': False, 'score_reference': False, 'prefix_size': 0, 'no_repeat_ngram_size': 0, 'sampling': False, 'sampling_topk': -1, 'sampling_topp': -1.0, 'constraints': None, 'temperature': 1.0, 'diverse_beam_groups': -1, 'diverse_beam_strength': 0.5, 'diversity_rate': -1.0, 'print_alignment': None, 'print_step': False, 'lm_path': None, 'lm_weight': 0.0, 'iter_decode_eos_penalty': 0.0, 'iter_decode_max_iter': 10, 'iter_decode_force_max_iter': False, 'iter_decode_with_beam': 1, 'iter_decode_with_external_reranker': False, 'retain_iter_history': False, 'retain_dropout': False, 'retain_dropout_modules': None, 'decoding_format': None, 'no_seed_provided': False}, 'eval_lm': {'_name': None, 'output_word_probs': False, 'output_word_stats': False, 'context_window': 0, 'softmax_batch': 9223372036854775807}, 'interactive': {'_name': None, 'buffer_size': 0, 'input': '-'}, 'model': Namespace(no_progress_bar=False, log_interval=10, log_format='simple', log_file=None, tensorboard_logdir=None, wandb_project=None, azureml_logging=False, seed=1, cpu=False, tpu=False, bf16=False, memory_efficient_bf16=False, fp16=True, memory_efficient_fp16=False, fp16_no_flatten_grads=False, fp16_init_scale=128, fp16_scale_window=512, fp16_scale_tolerance=0.0, on_cpu_convert_precision=False, min_loss_scale=0.0001, threshold_loss_scale=None, amp=False, amp_batch_retries=2, amp_init_scale=128, amp_scale_window=None, user_dir='../../ofa_module', empty_cache_freq=0, all_gather_list_size=16384, model_parallel_size=1, quantization_config_path=None, profile=False, reset_logging=False, suppress_crashes=False, use_plasma_view=False, plasma_path='/tmp/plasma', criterion='adjust_label_smoothed_cross_entropy', tokenizer=None, bpe=None, optimizer='adam', lr_scheduler='polynomial_decay', simul_type=None, scoring='bleu', task='snli_ve', num_workers=0, skip_invalid_size_inputs_valid_test=False, max_tokens=None, batch_size=4, required_batch_size_multiple=8, required_seq_len_multiple=1, dataset_impl=None, data_buffer_size=10, train_subset='train', valid_subset='valid', combine_valid_subsets=None, ignore_unused_valid_subsets=False, validate_interval=1, validate_interval_updates=500, validate_after_updates=0, fixed_validation_seed=7, disable_validation=False, max_tokens_valid=None, batch_size_valid=4, max_valid_steps=None, curriculum=0, gen_subset='test', num_shards=1, shard_id=0, distributed_world_size=2, distributed_num_procs=2, distributed_rank=0, distributed_backend='nccl', distributed_init_method=None, distributed_port=-1, device_id=0, distributed_no_spawn=False, ddp_backend='pytorch_ddp', ddp_comm_hook='none', bucket_cap_mb=25, fix_batches_to_gpus=False, find_unused_parameters=True, gradient_as_bucket_view=False, fast_stat_sync=False, heartbeat_timeout=-1, broadcast_buffers=False, slowmo_momentum=None, slowmo_algorithm='LocalSGD', localsgd_frequency=3, nprocs_per_node=2, pipeline_model_parallel=False, pipeline_balance=None, pipeline_devices=None, pipeline_chunks=0, pipeline_encoder_balance=None, pipeline_encoder_devices=None, pipeline_decoder_balance=None, pipeline_decoder_devices=None, pipeline_checkpoint='never', zero_sharding='none', no_reshard_after_forward=False, fp32_reduce_scatter=False, cpu_offload=False, use_sharded_state=False, arch='ofa_base', max_epoch=5, max_update=0, stop_time_hours=0, clip_norm=1.0, sentence_avg=False, update_freq=[8], lr=[5e-05], stop_min_lr=-1.0, use_bmuf=False, save_dir='./EC_10k_checkpoints/5_5e-5', restore_file='../../run_scripts/pretraining/checkpoints_EC/checkpoint_17_492000.pt', finetune_from_model=None, reset_dataloader=True, reset_lr_scheduler=False, reset_meters=True, reset_optimizer=True, optimizer_overrides='{}', save_interval=1, save_interval_updates=500, keep_interval_updates=-1, keep_interval_updates_pattern=-1, keep_last_epochs=-1, keep_best_checkpoints=1, no_save=False, no_epoch_checkpoints=False, no_last_checkpoints=False, no_save_optimizer_state=False, best_checkpoint_metric='snli_score', maximize_best_checkpoint_metric=True, patience=-1, checkpoint_suffix='', checkpoint_shard_count=1, load_checkpoint_on_all_dp_ranks=False, write_checkpoints_asynchronously=False, use_ema_weights_to_init_param=False, use_latest_weights_to_init_ema=False, store_ema=False, ema_decay=0.9999, ema_start_update=0, ema_seed_model=None, ema_update_freq=1, ema_fp32=False, bitfit=False, no_token_positional_embeddings=False, no_cross_attention=False, cross_self_attention=False, encoder_layerdrop=0, decoder_layerdrop=0, encoder_layers_to_keep=None, decoder_layers_to_keep=None, quant_noise_pq=0, quant_noise_pq_block_size=8, quant_noise_scalar=0, min_params_to_wrap=100000000, data='../../dataset/snli_ve_data/snlvi10k.tsv,../../dataset/snli_ve_data/snlvi_dev_2k.tsv', selected_cols='0,2,3,4,5', bpe_dir='../../utils/BPE', max_source_positions=1024, max_target_positions=1024, max_src_length=80, max_tgt_length=20, code_dict_size=8192, patch_image_size=480, orig_patch_image_size=256, num_bins=1000, imagenet_default_mean_and_std=False, constraint_range=None, ans2label_dict='{"no": 0, "yes":1, "maybe": 2}', add_caption=True, valid_batch_size=20, prompt_type='prev_output', label_smoothing=0.0, report_accuracy=False, ignore_prefix_size=0, ignore_eos=False, drop_worst_ratio=0.0, drop_worst_after=0, use_rdrop=False, reg_alpha=1.0, sample_patch_num=196, adam_betas='(0.9,0.999)', adam_eps=1e-08, weight_decay=0.01, use_old_adam=False, fp16_adam_stats=False, warmup_updates=0, warmup_ratio=0.06, force_anneal=None, end_learning_rate=0.0, power=1.0, total_num_update=1000000, pad=1, eos=2, unk=3, encoder_normalize_before=True, decoder_normalize_before=True, share_decoder_input_output_embed=True, share_all_embeddings=True, layernorm_embedding=True, patch_layernorm_embedding=True, code_layernorm_embedding=True, resnet_drop_path_rate=0.0, encoder_drop_path_rate=0.1, decoder_drop_path_rate=0.1, dropout=0.1, attention_dropout=0.0, add_type_embedding=True, scale_attn=True, scale_fc=True, scale_heads=True, disable_entangle=True, no_seed_provided=False, encoder_embed_dim=768, encoder_ffn_embed_dim=3072, encoder_layers=6, encoder_attention_heads=12, decoder_layers=6, decoder_attention_heads=12, resnet_type='resnet101', encoder_embed_path=None, encoder_learned_pos=True, decoder_embed_path=None, decoder_embed_dim=768, decoder_ffn_embed_dim=3072, decoder_learned_pos=True, relu_dropout=0.0, adaptive_softmax_cutoff=None, adaptive_softmax_dropout=0, decoder_output_dim=768, decoder_input_dim=768, no_scale_embedding=True, activation_fn='gelu', pooler_activation_fn='tanh', pooler_dropout=0.0, pooler_classifier='mlp', token_bucket_size=256, image_bucket_size=42, freeze_encoder_embedding=False, freeze_decoder_embedding=False, attn_scale_factor=2, code_image_size=128, entangle_position_embedding=False, sync_bn=False, scale_resids=False, _name='ofa_base'), 'task': {'_name': 'snli_ve', 'data': '../../dataset/snli_ve_data/snlvi10k.tsv,../../dataset/snli_ve_data/snlvi_dev_2k.tsv', 'selected_cols': '0,2,3,4,5', 'bpe': None, 'bpe_dir': '../../utils/BPE', 'max_source_positions': 1024, 'max_target_positions': 1024, 'max_src_length': 80, 'max_tgt_length': 20, 'code_dict_size': 8192, 'patch_image_size': 480, 'orig_patch_image_size': 256, 'num_bins': 1000, 'imagenet_default_mean_and_std': False, 'constraint_range': None, 'ans2label_dict': '{"no": 0, "yes":1, "maybe": 2}', 'add_caption': True, 'valid_batch_size': 20, 'prompt_type': 'prev_output'}, 'criterion': {'_name': 'adjust_label_smoothed_cross_entropy', 'label_smoothing': 0.0, 'report_accuracy': False, 'ignore_prefix_size': 0, 'ignore_eos': False, 'sentence_avg': False, 'drop_worst_ratio': 0.0, 'drop_worst_after': 0, 'use_rdrop': False, 'reg_alpha': 1.0, 'sample_patch_num': 196, 'constraint_range': None}, 'optimizer': {'_name': 'adam', 'adam_betas': '(0.9,0.999)', 'adam_eps': 1e-08, 'weight_decay': 0.01, 'use_old_adam': False, 'fp16_adam_stats': False, 'tpu': False, 'lr': [5e-05]}, 'lr_scheduler': {'_name': 'polynomial_decay', 'warmup_updates': 0, 'warmup_ratio': 0.06, 'force_anneal': None, 'end_learning_rate': 0.0, 'power': 1.0, 'total_num_update': 1000000.0, 'lr': [5e-05]}, 'scoring': {'_name': 'bleu', 'pad': 1, 'eos': 2, 'unk': 3}, 'bpe': None, 'tokenizer': None, 'ema': {'_name': None, 'store_ema': False, 'ema_decay': 0.9999, 'ema_start_update': 0, 'ema_seed_model': None, 'ema_update_freq': 1, 'ema_fp32': False}, 'simul_type': None}
2023-05-16 16:12:26 - ofa_task.py[line:109] - INFO: source dictionary: 59457 types
2023-05-16 16:12:26 - ofa_task.py[line:110] - INFO: target dictionary: 59457 types
/home/grads/mogunleye/.conda/envs/ofa1/lib/python3.9/site-packages/torch/functional.py:504: UserWarning: torch.meshgrid: in an upcoming release, it will be required to pass the indexing argument. (Triggered internally at /opt/conda/conda-bld/pytorch_1666643016022/work/aten/src/ATen/native/TensorShape.cpp:3190.)
  return _VF.meshgrid(tensors, **kwargs)  # type: ignore[attr-defined]
/home/grads/mogunleye/.conda/envs/ofa1/lib/python3.9/site-packages/torch/functional.py:504: UserWarning: torch.meshgrid: in an upcoming release, it will be required to pass the indexing argument. (Triggered internally at /opt/conda/conda-bld/pytorch_1666643016022/work/aten/src/ATen/native/TensorShape.cpp:3190.)
  return _VF.meshgrid(tensors, **kwargs)  # type: ignore[attr-defined]
2023-05-16 16:12:33 - train.py[line:110] - INFO: OFAModel(
  (encoder): TransformerEncoder(
    (encoder_dropout): Dropout(p=0.2, inplace=False)
    (dropout_module): FairseqDropout()
    (embed_tokens): Embedding(59457, 768, padding_idx=1)
    (layernorm_embedding): LayerNorm((768,), eps=1e-05, elementwise_affine=True)
    (type_embedding): Embedding(2, 768)
    (embed_images): ResNet(
      (conv1): Conv2d(3, 64, kernel_size=(7, 7), stride=(2, 2), padding=(3, 3), bias=False)
      (bn1): BatchNorm2d(64, eps=1e-05, momentum=0.1, affine=True, track_running_stats=True)
      (relu): ReLU(inplace=True)
      (maxpool): MaxPool2d(kernel_size=3, stride=2, padding=1, dilation=1, ceil_mode=False)
      (layer1): Sequential(
        (0): Bottleneck(
          (conv1): Conv2d(64, 64, kernel_size=(1, 1), stride=(1, 1), bias=False)
          (bn1): BatchNorm2d(64, eps=1e-05, momentum=0.1, affine=True, track_running_stats=True)
          (conv2): Conv2d(64, 64, kernel_size=(3, 3), stride=(1, 1), padding=(1, 1), bias=False)
          (bn2): BatchNorm2d(64, eps=1e-05, momentum=0.1, affine=True, track_running_stats=True)
          (conv3): Conv2d(64, 256, kernel_size=(1, 1), stride=(1, 1), bias=False)
          (bn3): BatchNorm2d(256, eps=1e-05, momentum=0.1, affine=True, track_running_stats=True)
          (relu): ReLU(inplace=True)
          (downsample): Sequential(
            (0): Conv2d(64, 256, kernel_size=(1, 1), stride=(1, 1), bias=False)
            (1): BatchNorm2d(256, eps=1e-05, momentum=0.1, affine=True, track_running_stats=True)
          )
          (drop_path): Identity()
        )
        (1): Bottleneck(
          (conv1): Conv2d(256, 64, kernel_size=(1, 1), stride=(1, 1), bias=False)
          (bn1): BatchNorm2d(64, eps=1e-05, momentum=0.1, affine=True, track_running_stats=True)
          (conv2): Conv2d(64, 64, kernel_size=(3, 3), stride=(1, 1), padding=(1, 1), bias=False)
          (bn2): BatchNorm2d(64, eps=1e-05, momentum=0.1, affine=True, track_running_stats=True)
          (conv3): Conv2d(64, 256, kernel_size=(1, 1), stride=(1, 1), bias=False)
          (bn3): BatchNorm2d(256, eps=1e-05, momentum=0.1, affine=True, track_running_stats=True)
          (relu): ReLU(inplace=True)
          (drop_path): Identity()
        )
        (2): Bottleneck(
          (conv1): Conv2d(256, 64, kernel_size=(1, 1), stride=(1, 1), bias=False)
          (bn1): BatchNorm2d(64, eps=1e-05, momentum=0.1, affine=True, track_running_stats=True)
          (conv2): Conv2d(64, 64, kernel_size=(3, 3), stride=(1, 1), padding=(1, 1), bias=False)
          (bn2): BatchNorm2d(64, eps=1e-05, momentum=0.1, affine=True, track_running_stats=True)
          (conv3): Conv2d(64, 256, kernel_size=(1, 1), stride=(1, 1), bias=False)
          (bn3): BatchNorm2d(256, eps=1e-05, momentum=0.1, affine=True, track_running_stats=True)
          (relu): ReLU(inplace=True)
          (drop_path): Identity()
        )
      )
      (layer2): Sequential(
        (0): Bottleneck(
          (conv1): Conv2d(256, 128, kernel_size=(1, 1), stride=(1, 1), bias=False)
          (bn1): BatchNorm2d(128, eps=1e-05, momentum=0.1, affine=True, track_running_stats=True)
          (conv2): Conv2d(128, 128, kernel_size=(3, 3), stride=(2, 2), padding=(1, 1), bias=False)
          (bn2): BatchNorm2d(128, eps=1e-05, momentum=0.1, affine=True, track_running_stats=True)
          (conv3): Conv2d(128, 512, kernel_size=(1, 1), stride=(1, 1), bias=False)
          (bn3): BatchNorm2d(512, eps=1e-05, momentum=0.1, affine=True, track_running_stats=True)
          (relu): ReLU(inplace=True)
          (downsample): Sequential(
            (0): Conv2d(256, 512, kernel_size=(1, 1), stride=(2, 2), bias=False)
            (1): BatchNorm2d(512, eps=1e-05, momentum=0.1, affine=True, track_running_stats=True)
          )
          (drop_path): Identity()
        )
        (1): Bottleneck(
          (conv1): Conv2d(512, 128, kernel_size=(1, 1), stride=(1, 1), bias=False)
          (bn1): BatchNorm2d(128, eps=1e-05, momentum=0.1, affine=True, track_running_stats=True)
          (conv2): Conv2d(128, 128, kernel_size=(3, 3), stride=(1, 1), padding=(1, 1), bias=False)
          (bn2): BatchNorm2d(128, eps=1e-05, momentum=0.1, affine=True, track_running_stats=True)
          (conv3): Conv2d(128, 512, kernel_size=(1, 1), stride=(1, 1), bias=False)
          (bn3): BatchNorm2d(512, eps=1e-05, momentum=0.1, affine=True, track_running_stats=True)
          (relu): ReLU(inplace=True)
          (drop_path): Identity()
        )
        (2): Bottleneck(
          (conv1): Conv2d(512, 128, kernel_size=(1, 1), stride=(1, 1), bias=False)
          (bn1): BatchNorm2d(128, eps=1e-05, momentum=0.1, affine=True, track_running_stats=True)
          (conv2): Conv2d(128, 128, kernel_size=(3, 3), stride=(1, 1), padding=(1, 1), bias=False)
          (bn2): BatchNorm2d(128, eps=1e-05, momentum=0.1, affine=True, track_running_stats=True)
          (conv3): Conv2d(128, 512, kernel_size=(1, 1), stride=(1, 1), bias=False)
          (bn3): BatchNorm2d(512, eps=1e-05, momentum=0.1, affine=True, track_running_stats=True)
          (relu): ReLU(inplace=True)
          (drop_path): Identity()
        )
        (3): Bottleneck(
          (conv1): Conv2d(512, 128, kernel_size=(1, 1), stride=(1, 1), bias=False)
          (bn1): BatchNorm2d(128, eps=1e-05, momentum=0.1, affine=True, track_running_stats=True)
          (conv2): Conv2d(128, 128, kernel_size=(3, 3), stride=(1, 1), padding=(1, 1), bias=False)
          (bn2): BatchNorm2d(128, eps=1e-05, momentum=0.1, affine=True, track_running_stats=True)
          (conv3): Conv2d(128, 512, kernel_size=(1, 1), stride=(1, 1), bias=False)
          (bn3): BatchNorm2d(512, eps=1e-05, momentum=0.1, affine=True, track_running_stats=True)
          (relu): ReLU(inplace=True)
          (drop_path): Identity()
        )
      )
      (layer3): Sequential(
        (0): Bottleneck(
          (conv1): Conv2d(512, 256, kernel_size=(1, 1), stride=(1, 1), bias=False)
          (bn1): BatchNorm2d(256, eps=1e-05, momentum=0.1, affine=True, track_running_stats=True)
          (conv2): Conv2d(256, 256, kernel_size=(3, 3), stride=(2, 2), padding=(1, 1), bias=False)
          (bn2): BatchNorm2d(256, eps=1e-05, momentum=0.1, affine=True, track_running_stats=True)
          (conv3): Conv2d(256, 1024, kernel_size=(1, 1), stride=(1, 1), bias=False)
          (bn3): BatchNorm2d(1024, eps=1e-05, momentum=0.1, affine=True, track_running_stats=True)
          (relu): ReLU(inplace=True)
          (downsample): Sequential(
            (0): Conv2d(512, 1024, kernel_size=(1, 1), stride=(2, 2), bias=False)
            (1): BatchNorm2d(1024, eps=1e-05, momentum=0.1, affine=True, track_running_stats=True)
          )
          (drop_path): Identity()
        )
        (1): Bottleneck(
          (conv1): Conv2d(1024, 256, kernel_size=(1, 1), stride=(1, 1), bias=False)
          (bn1): BatchNorm2d(256, eps=1e-05, momentum=0.1, affine=True, track_running_stats=True)
          (conv2): Conv2d(256, 256, kernel_size=(3, 3), stride=(1, 1), padding=(1, 1), bias=False)
          (bn2): BatchNorm2d(256, eps=1e-05, momentum=0.1, affine=True, track_running_stats=True)
          (conv3): Conv2d(256, 1024, kernel_size=(1, 1), stride=(1, 1), bias=False)
          (bn3): BatchNorm2d(1024, eps=1e-05, momentum=0.1, affine=True, track_running_stats=True)
          (relu): ReLU(inplace=True)
          (drop_path): Identity()
        )
        (2): Bottleneck(
          (conv1): Conv2d(1024, 256, kernel_size=(1, 1), stride=(1, 1), bias=False)
          (bn1): BatchNorm2d(256, eps=1e-05, momentum=0.1, affine=True, track_running_stats=True)
          (conv2): Conv2d(256, 256, kernel_size=(3, 3), stride=(1, 1), padding=(1, 1), bias=False)
          (bn2): BatchNorm2d(256, eps=1e-05, momentum=0.1, affine=True, track_running_stats=True)
          (conv3): Conv2d(256, 1024, kernel_size=(1, 1), stride=(1, 1), bias=False)
          (bn3): BatchNorm2d(1024, eps=1e-05, momentum=0.1, affine=True, track_running_stats=True)
          (relu): ReLU(inplace=True)
          (drop_path): Identity()
        )
        (3): Bottleneck(
          (conv1): Conv2d(1024, 256, kernel_size=(1, 1), stride=(1, 1), bias=False)
          (bn1): BatchNorm2d(256, eps=1e-05, momentum=0.1, affine=True, track_running_stats=True)
          (conv2): Conv2d(256, 256, kernel_size=(3, 3), stride=(1, 1), padding=(1, 1), bias=False)
          (bn2): BatchNorm2d(256, eps=1e-05, momentum=0.1, affine=True, track_running_stats=True)
          (conv3): Conv2d(256, 1024, kernel_size=(1, 1), stride=(1, 1), bias=False)
          (bn3): BatchNorm2d(1024, eps=1e-05, momentum=0.1, affine=True, track_running_stats=True)
          (relu): ReLU(inplace=True)
          (drop_path): Identity()
        )
        (4): Bottleneck(
          (conv1): Conv2d(1024, 256, kernel_size=(1, 1), stride=(1, 1), bias=False)
          (bn1): BatchNorm2d(256, eps=1e-05, momentum=0.1, affine=True, track_running_stats=True)
          (conv2): Conv2d(256, 256, kernel_size=(3, 3), stride=(1, 1), padding=(1, 1), bias=False)
          (bn2): BatchNorm2d(256, eps=1e-05, momentum=0.1, affine=True, track_running_stats=True)
          (conv3): Conv2d(256, 1024, kernel_size=(1, 1), stride=(1, 1), bias=False)
          (bn3): BatchNorm2d(1024, eps=1e-05, momentum=0.1, affine=True, track_running_stats=True)
          (relu): ReLU(inplace=True)
          (drop_path): Identity()
        )
        (5): Bottleneck(
          (conv1): Conv2d(1024, 256, kernel_size=(1, 1), stride=(1, 1), bias=False)
          (bn1): BatchNorm2d(256, eps=1e-05, momentum=0.1, affine=True, track_running_stats=True)
          (conv2): Conv2d(256, 256, kernel_size=(3, 3), stride=(1, 1), padding=(1, 1), bias=False)
          (bn2): BatchNorm2d(256, eps=1e-05, momentum=0.1, affine=True, track_running_stats=True)
          (conv3): Conv2d(256, 1024, kernel_size=(1, 1), stride=(1, 1), bias=False)
          (bn3): BatchNorm2d(1024, eps=1e-05, momentum=0.1, affine=True, track_running_stats=True)
          (relu): ReLU(inplace=True)
          (drop_path): Identity()
        )
        (6): Bottleneck(
          (conv1): Conv2d(1024, 256, kernel_size=(1, 1), stride=(1, 1), bias=False)
          (bn1): BatchNorm2d(256, eps=1e-05, momentum=0.1, affine=True, track_running_stats=True)
          (conv2): Conv2d(256, 256, kernel_size=(3, 3), stride=(1, 1), padding=(1, 1), bias=False)
          (bn2): BatchNorm2d(256, eps=1e-05, momentum=0.1, affine=True, track_running_stats=True)
          (conv3): Conv2d(256, 1024, kernel_size=(1, 1), stride=(1, 1), bias=False)
          (bn3): BatchNorm2d(1024, eps=1e-05, momentum=0.1, affine=True, track_running_stats=True)
          (relu): ReLU(inplace=True)
          (drop_path): Identity()
        )
        (7): Bottleneck(
          (conv1): Conv2d(1024, 256, kernel_size=(1, 1), stride=(1, 1), bias=False)
          (bn1): BatchNorm2d(256, eps=1e-05, momentum=0.1, affine=True, track_running_stats=True)
          (conv2): Conv2d(256, 256, kernel_size=(3, 3), stride=(1, 1), padding=(1, 1), bias=False)
          (bn2): BatchNorm2d(256, eps=1e-05, momentum=0.1, affine=True, track_running_stats=True)
          (conv3): Conv2d(256, 1024, kernel_size=(1, 1), stride=(1, 1), bias=False)
          (bn3): BatchNorm2d(1024, eps=1e-05, momentum=0.1, affine=True, track_running_stats=True)
          (relu): ReLU(inplace=True)
          (drop_path): Identity()
        )
        (8): Bottleneck(
          (conv1): Conv2d(1024, 256, kernel_size=(1, 1), stride=(1, 1), bias=False)
          (bn1): BatchNorm2d(256, eps=1e-05, momentum=0.1, affine=True, track_running_stats=True)
          (conv2): Conv2d(256, 256, kernel_size=(3, 3), stride=(1, 1), padding=(1, 1), bias=False)
          (bn2): BatchNorm2d(256, eps=1e-05, momentum=0.1, affine=True, track_running_stats=True)
          (conv3): Conv2d(256, 1024, kernel_size=(1, 1), stride=(1, 1), bias=False)
          (bn3): BatchNorm2d(1024, eps=1e-05, momentum=0.1, affine=True, track_running_stats=True)
          (relu): ReLU(inplace=True)
          (drop_path): Identity()
        )
        (9): Bottleneck(
          (conv1): Conv2d(1024, 256, kernel_size=(1, 1), stride=(1, 1), bias=False)
          (bn1): BatchNorm2d(256, eps=1e-05, momentum=0.1, affine=True, track_running_stats=True)
          (conv2): Conv2d(256, 256, kernel_size=(3, 3), stride=(1, 1), padding=(1, 1), bias=False)
          (bn2): BatchNorm2d(256, eps=1e-05, momentum=0.1, affine=True, track_running_stats=True)
          (conv3): Conv2d(256, 1024, kernel_size=(1, 1), stride=(1, 1), bias=False)
          (bn3): BatchNorm2d(1024, eps=1e-05, momentum=0.1, affine=True, track_running_stats=True)
          (relu): ReLU(inplace=True)
          (drop_path): Identity()
        )
        (10): Bottleneck(
          (conv1): Conv2d(1024, 256, kernel_size=(1, 1), stride=(1, 1), bias=False)
          (bn1): BatchNorm2d(256, eps=1e-05, momentum=0.1, affine=True, track_running_stats=True)
          (conv2): Conv2d(256, 256, kernel_size=(3, 3), stride=(1, 1), padding=(1, 1), bias=False)
          (bn2): BatchNorm2d(256, eps=1e-05, momentum=0.1, affine=True, track_running_stats=True)
          (conv3): Conv2d(256, 1024, kernel_size=(1, 1), stride=(1, 1), bias=False)
          (bn3): BatchNorm2d(1024, eps=1e-05, momentum=0.1, affine=True, track_running_stats=True)
          (relu): ReLU(inplace=True)
          (drop_path): Identity()
        )
        (11): Bottleneck(
          (conv1): Conv2d(1024, 256, kernel_size=(1, 1), stride=(1, 1), bias=False)
          (bn1): BatchNorm2d(256, eps=1e-05, momentum=0.1, affine=True, track_running_stats=True)
          (conv2): Conv2d(256, 256, kernel_size=(3, 3), stride=(1, 1), padding=(1, 1), bias=False)
          (bn2): BatchNorm2d(256, eps=1e-05, momentum=0.1, affine=True, track_running_stats=True)
          (conv3): Conv2d(256, 1024, kernel_size=(1, 1), stride=(1, 1), bias=False)
          (bn3): BatchNorm2d(1024, eps=1e-05, momentum=0.1, affine=True, track_running_stats=True)
          (relu): ReLU(inplace=True)
          (drop_path): Identity()
        )
        (12): Bottleneck(
          (conv1): Conv2d(1024, 256, kernel_size=(1, 1), stride=(1, 1), bias=False)
          (bn1): BatchNorm2d(256, eps=1e-05, momentum=0.1, affine=True, track_running_stats=True)
          (conv2): Conv2d(256, 256, kernel_size=(3, 3), stride=(1, 1), padding=(1, 1), bias=False)
          (bn2): BatchNorm2d(256, eps=1e-05, momentum=0.1, affine=True, track_running_stats=True)
          (conv3): Conv2d(256, 1024, kernel_size=(1, 1), stride=(1, 1), bias=False)
          (bn3): BatchNorm2d(1024, eps=1e-05, momentum=0.1, affine=True, track_running_stats=True)
          (relu): ReLU(inplace=True)
          (drop_path): Identity()
        )
        (13): Bottleneck(
          (conv1): Conv2d(1024, 256, kernel_size=(1, 1), stride=(1, 1), bias=False)
          (bn1): BatchNorm2d(256, eps=1e-05, momentum=0.1, affine=True, track_running_stats=True)
          (conv2): Conv2d(256, 256, kernel_size=(3, 3), stride=(1, 1), padding=(1, 1), bias=False)
          (bn2): BatchNorm2d(256, eps=1e-05, momentum=0.1, affine=True, track_running_stats=True)
          (conv3): Conv2d(256, 1024, kernel_size=(1, 1), stride=(1, 1), bias=False)
          (bn3): BatchNorm2d(1024, eps=1e-05, momentum=0.1, affine=True, track_running_stats=True)
          (relu): ReLU(inplace=True)
          (drop_path): Identity()
        )
        (14): Bottleneck(
          (conv1): Conv2d(1024, 256, kernel_size=(1, 1), stride=(1, 1), bias=False)
          (bn1): BatchNorm2d(256, eps=1e-05, momentum=0.1, affine=True, track_running_stats=True)
          (conv2): Conv2d(256, 256, kernel_size=(3, 3), stride=(1, 1), padding=(1, 1), bias=False)
          (bn2): BatchNorm2d(256, eps=1e-05, momentum=0.1, affine=True, track_running_stats=True)
          (conv3): Conv2d(256, 1024, kernel_size=(1, 1), stride=(1, 1), bias=False)
          (bn3): BatchNorm2d(1024, eps=1e-05, momentum=0.1, affine=True, track_running_stats=True)
          (relu): ReLU(inplace=True)
          (drop_path): Identity()
        )
        (15): Bottleneck(
          (conv1): Conv2d(1024, 256, kernel_size=(1, 1), stride=(1, 1), bias=False)
          (bn1): BatchNorm2d(256, eps=1e-05, momentum=0.1, affine=True, track_running_stats=True)
          (conv2): Conv2d(256, 256, kernel_size=(3, 3), stride=(1, 1), padding=(1, 1), bias=False)
          (bn2): BatchNorm2d(256, eps=1e-05, momentum=0.1, affine=True, track_running_stats=True)
          (conv3): Conv2d(256, 1024, kernel_size=(1, 1), stride=(1, 1), bias=False)
          (bn3): BatchNorm2d(1024, eps=1e-05, momentum=0.1, affine=True, track_running_stats=True)
          (relu): ReLU(inplace=True)
          (drop_path): Identity()
        )
        (16): Bottleneck(
          (conv1): Conv2d(1024, 256, kernel_size=(1, 1), stride=(1, 1), bias=False)
          (bn1): BatchNorm2d(256, eps=1e-05, momentum=0.1, affine=True, track_running_stats=True)
          (conv2): Conv2d(256, 256, kernel_size=(3, 3), stride=(1, 1), padding=(1, 1), bias=False)
          (bn2): BatchNorm2d(256, eps=1e-05, momentum=0.1, affine=True, track_running_stats=True)
          (conv3): Conv2d(256, 1024, kernel_size=(1, 1), stride=(1, 1), bias=False)
          (bn3): BatchNorm2d(1024, eps=1e-05, momentum=0.1, affine=True, track_running_stats=True)
          (relu): ReLU(inplace=True)
          (drop_path): Identity()
        )
        (17): Bottleneck(
          (conv1): Conv2d(1024, 256, kernel_size=(1, 1), stride=(1, 1), bias=False)
          (bn1): BatchNorm2d(256, eps=1e-05, momentum=0.1, affine=True, track_running_stats=True)
          (conv2): Conv2d(256, 256, kernel_size=(3, 3), stride=(1, 1), padding=(1, 1), bias=False)
          (bn2): BatchNorm2d(256, eps=1e-05, momentum=0.1, affine=True, track_running_stats=True)
          (conv3): Conv2d(256, 1024, kernel_size=(1, 1), stride=(1, 1), bias=False)
          (bn3): BatchNorm2d(1024, eps=1e-05, momentum=0.1, affine=True, track_running_stats=True)
          (relu): ReLU(inplace=True)
          (drop_path): Identity()
        )
        (18): Bottleneck(
          (conv1): Conv2d(1024, 256, kernel_size=(1, 1), stride=(1, 1), bias=False)
          (bn1): BatchNorm2d(256, eps=1e-05, momentum=0.1, affine=True, track_running_stats=True)
          (conv2): Conv2d(256, 256, kernel_size=(3, 3), stride=(1, 1), padding=(1, 1), bias=False)
          (bn2): BatchNorm2d(256, eps=1e-05, momentum=0.1, affine=True, track_running_stats=True)
          (conv3): Conv2d(256, 1024, kernel_size=(1, 1), stride=(1, 1), bias=False)
          (bn3): BatchNorm2d(1024, eps=1e-05, momentum=0.1, affine=True, track_running_stats=True)
          (relu): ReLU(inplace=True)
          (drop_path): Identity()
        )
        (19): Bottleneck(
          (conv1): Conv2d(1024, 256, kernel_size=(1, 1), stride=(1, 1), bias=False)
          (bn1): BatchNorm2d(256, eps=1e-05, momentum=0.1, affine=True, track_running_stats=True)
          (conv2): Conv2d(256, 256, kernel_size=(3, 3), stride=(1, 1), padding=(1, 1), bias=False)
          (bn2): BatchNorm2d(256, eps=1e-05, momentum=0.1, affine=True, track_running_stats=True)
          (conv3): Conv2d(256, 1024, kernel_size=(1, 1), stride=(1, 1), bias=False)
          (bn3): BatchNorm2d(1024, eps=1e-05, momentum=0.1, affine=True, track_running_stats=True)
          (relu): ReLU(inplace=True)
          (drop_path): Identity()
        )
        (20): Bottleneck(
          (conv1): Conv2d(1024, 256, kernel_size=(1, 1), stride=(1, 1), bias=False)
          (bn1): BatchNorm2d(256, eps=1e-05, momentum=0.1, affine=True, track_running_stats=True)
          (conv2): Conv2d(256, 256, kernel_size=(3, 3), stride=(1, 1), padding=(1, 1), bias=False)
          (bn2): BatchNorm2d(256, eps=1e-05, momentum=0.1, affine=True, track_running_stats=True)
          (conv3): Conv2d(256, 1024, kernel_size=(1, 1), stride=(1, 1), bias=False)
          (bn3): BatchNorm2d(1024, eps=1e-05, momentum=0.1, affine=True, track_running_stats=True)
          (relu): ReLU(inplace=True)
          (drop_path): Identity()
        )
        (21): Bottleneck(
          (conv1): Conv2d(1024, 256, kernel_size=(1, 1), stride=(1, 1), bias=False)
          (bn1): BatchNorm2d(256, eps=1e-05, momentum=0.1, affine=True, track_running_stats=True)
          (conv2): Conv2d(256, 256, kernel_size=(3, 3), stride=(1, 1), padding=(1, 1), bias=False)
          (bn2): BatchNorm2d(256, eps=1e-05, momentum=0.1, affine=True, track_running_stats=True)
          (conv3): Conv2d(256, 1024, kernel_size=(1, 1), stride=(1, 1), bias=False)
          (bn3): BatchNorm2d(1024, eps=1e-05, momentum=0.1, affine=True, track_running_stats=True)
          (relu): ReLU(inplace=True)
          (drop_path): Identity()
        )
        (22): Bottleneck(
          (conv1): Conv2d(1024, 256, kernel_size=(1, 1), stride=(1, 1), bias=False)
          (bn1): BatchNorm2d(256, eps=1e-05, momentum=0.1, affine=True, track_running_stats=True)
          (conv2): Conv2d(256, 256, kernel_size=(3, 3), stride=(1, 1), padding=(1, 1), bias=False)
          (bn2): BatchNorm2d(256, eps=1e-05, momentum=0.1, affine=True, track_running_stats=True)
          (conv3): Conv2d(256, 1024, kernel_size=(1, 1), stride=(1, 1), bias=False)
          (bn3): BatchNorm2d(1024, eps=1e-05, momentum=0.1, affine=True, track_running_stats=True)
          (relu): ReLU(inplace=True)
          (drop_path): Identity()
        )
      )
    )
    (image_proj): Linear(in_features=1024, out_features=768, bias=True)
    (patch_layernorm_embedding): LayerNorm((768,), eps=1e-05, elementwise_affine=True)
    (embed_positions): Embedding(1026, 768)
    (embed_image_positions): Embedding(1765, 768)
    (pos_ln): LayerNorm((768,), eps=1e-05, elementwise_affine=True)
    (image_pos_ln): LayerNorm((768,), eps=1e-05, elementwise_affine=True)
    (pos_q_linear): Linear(in_features=768, out_features=768, bias=True)
    (pos_k_linear): Linear(in_features=768, out_features=768, bias=True)
    (layers): ModuleList(
      (0): TransformerEncoderLayer(
        (self_attn): MultiheadAttention(
          (dropout_module): FairseqDropout()
          (k_proj): Linear(in_features=768, out_features=768, bias=True)
          (v_proj): Linear(in_features=768, out_features=768, bias=True)
          (q_proj): Linear(in_features=768, out_features=768, bias=True)
          (out_proj): Linear(in_features=768, out_features=768, bias=True)
        )
        (self_attn_layer_norm): LayerNorm((768,), eps=1e-05, elementwise_affine=True)
        (dropout_module): FairseqDropout()
        (activation_dropout_module): FairseqDropout()
        (fc1): Linear(in_features=768, out_features=3072, bias=True)
        (fc2): Linear(in_features=3072, out_features=768, bias=True)
        (attn_ln): LayerNorm((768,), eps=1e-05, elementwise_affine=True)
        (ffn_layernorm): LayerNorm((3072,), eps=1e-05, elementwise_affine=True)
        (final_layer_norm): LayerNorm((768,), eps=1e-05, elementwise_affine=True)
        (drop_path): Identity()
      )
      (1): TransformerEncoderLayer(
        (self_attn): MultiheadAttention(
          (dropout_module): FairseqDropout()
          (k_proj): Linear(in_features=768, out_features=768, bias=True)
          (v_proj): Linear(in_features=768, out_features=768, bias=True)
          (q_proj): Linear(in_features=768, out_features=768, bias=True)
          (out_proj): Linear(in_features=768, out_features=768, bias=True)
        )
        (self_attn_layer_norm): LayerNorm((768,), eps=1e-05, elementwise_affine=True)
        (dropout_module): FairseqDropout()
        (activation_dropout_module): FairseqDropout()
        (fc1): Linear(in_features=768, out_features=3072, bias=True)
        (fc2): Linear(in_features=3072, out_features=768, bias=True)
        (attn_ln): LayerNorm((768,), eps=1e-05, elementwise_affine=True)
        (ffn_layernorm): LayerNorm((3072,), eps=1e-05, elementwise_affine=True)
        (final_layer_norm): LayerNorm((768,), eps=1e-05, elementwise_affine=True)
        (drop_path): DropPath(p=0.019999999552965164)
      )
      (2): TransformerEncoderLayer(
        (self_attn): MultiheadAttention(
          (dropout_module): FairseqDropout()
          (k_proj): Linear(in_features=768, out_features=768, bias=True)
          (v_proj): Linear(in_features=768, out_features=768, bias=True)
          (q_proj): Linear(in_features=768, out_features=768, bias=True)
          (out_proj): Linear(in_features=768, out_features=768, bias=True)
        )
        (self_attn_layer_norm): LayerNorm((768,), eps=1e-05, elementwise_affine=True)
        (dropout_module): FairseqDropout()
        (activation_dropout_module): FairseqDropout()
        (fc1): Linear(in_features=768, out_features=3072, bias=True)
        (fc2): Linear(in_features=3072, out_features=768, bias=True)
        (attn_ln): LayerNorm((768,), eps=1e-05, elementwise_affine=True)
        (ffn_layernorm): LayerNorm((3072,), eps=1e-05, elementwise_affine=True)
        (final_layer_norm): LayerNorm((768,), eps=1e-05, elementwise_affine=True)
        (drop_path): DropPath(p=0.03999999910593033)
      )
      (3): TransformerEncoderLayer(
        (self_attn): MultiheadAttention(
          (dropout_module): FairseqDropout()
          (k_proj): Linear(in_features=768, out_features=768, bias=True)
          (v_proj): Linear(in_features=768, out_features=768, bias=True)
          (q_proj): Linear(in_features=768, out_features=768, bias=True)
          (out_proj): Linear(in_features=768, out_features=768, bias=True)
        )
        (self_attn_layer_norm): LayerNorm((768,), eps=1e-05, elementwise_affine=True)
        (dropout_module): FairseqDropout()
        (activation_dropout_module): FairseqDropout()
        (fc1): Linear(in_features=768, out_features=3072, bias=True)
        (fc2): Linear(in_features=3072, out_features=768, bias=True)
        (attn_ln): LayerNorm((768,), eps=1e-05, elementwise_affine=True)
        (ffn_layernorm): LayerNorm((3072,), eps=1e-05, elementwise_affine=True)
        (final_layer_norm): LayerNorm((768,), eps=1e-05, elementwise_affine=True)
        (drop_path): DropPath(p=0.06000000238418579)
      )
      (4): TransformerEncoderLayer(
        (self_attn): MultiheadAttention(
          (dropout_module): FairseqDropout()
          (k_proj): Linear(in_features=768, out_features=768, bias=True)
          (v_proj): Linear(in_features=768, out_features=768, bias=True)
          (q_proj): Linear(in_features=768, out_features=768, bias=True)
          (out_proj): Linear(in_features=768, out_features=768, bias=True)
        )
        (self_attn_layer_norm): LayerNorm((768,), eps=1e-05, elementwise_affine=True)
        (dropout_module): FairseqDropout()
        (activation_dropout_module): FairseqDropout()
        (fc1): Linear(in_features=768, out_features=3072, bias=True)
        (fc2): Linear(in_features=3072, out_features=768, bias=True)
        (attn_ln): LayerNorm((768,), eps=1e-05, elementwise_affine=True)
        (ffn_layernorm): LayerNorm((3072,), eps=1e-05, elementwise_affine=True)
        (final_layer_norm): LayerNorm((768,), eps=1e-05, elementwise_affine=True)
        (drop_path): DropPath(p=0.07999999821186066)
      )
      (5): TransformerEncoderLayer(
        (self_attn): MultiheadAttention(
          (dropout_module): FairseqDropout()
          (k_proj): Linear(in_features=768, out_features=768, bias=True)
          (v_proj): Linear(in_features=768, out_features=768, bias=True)
          (q_proj): Linear(in_features=768, out_features=768, bias=True)
          (out_proj): Linear(in_features=768, out_features=768, bias=True)
        )
        (self_attn_layer_norm): LayerNorm((768,), eps=1e-05, elementwise_affine=True)
        (dropout_module): FairseqDropout()
        (activation_dropout_module): FairseqDropout()
        (fc1): Linear(in_features=768, out_features=3072, bias=True)
        (fc2): Linear(in_features=3072, out_features=768, bias=True)
        (attn_ln): LayerNorm((768,), eps=1e-05, elementwise_affine=True)
        (ffn_layernorm): LayerNorm((3072,), eps=1e-05, elementwise_affine=True)
        (final_layer_norm): LayerNorm((768,), eps=1e-05, elementwise_affine=True)
        (drop_path): DropPath(p=0.10000000149011612)
      )
    )
    (layer_norm): LayerNorm((768,), eps=1e-05, elementwise_affine=True)
    (token_rel_pos_table_list): ModuleList(
      (0): Embedding(511, 12)
      (1): Embedding(511, 12)
      (2): Embedding(511, 12)
      (3): Embedding(511, 12)
      (4): Embedding(511, 12)
      (5): Embedding(511, 12)
    )
    (image_rel_pos_table_list): ModuleList(
      (0): Embedding(6892, 12)
      (1): Embedding(6892, 12)
      (2): Embedding(6892, 12)
      (3): Embedding(6892, 12)
      (4): Embedding(6892, 12)
      (5): Embedding(6892, 12)
    )
  )
  (decoder): TransformerDecoder(
    (dropout_module): FairseqDropout()
    (embed_tokens): Embedding(59457, 768, padding_idx=1)
    (layernorm_embedding): LayerNorm((768,), eps=1e-05, elementwise_affine=True)
    (embed_positions): Embedding(1026, 768)
    (embed_image_positions): Embedding(1765, 768)
    (pos_ln): LayerNorm((768,), eps=1e-05, elementwise_affine=True)
    (image_pos_ln): LayerNorm((768,), eps=1e-05, elementwise_affine=True)
    (self_pos_q_linear): Linear(in_features=768, out_features=768, bias=True)
    (self_pos_k_linear): Linear(in_features=768, out_features=768, bias=True)
    (cross_pos_q_linear): Linear(in_features=768, out_features=768, bias=True)
    (cross_pos_k_linear): Linear(in_features=768, out_features=768, bias=True)
    (code_layernorm_embedding): LayerNorm((768,), eps=1e-05, elementwise_affine=True)
    (layers): ModuleList(
      (0): TransformerDecoderLayer(
        (dropout_module): FairseqDropout()
        (self_attn): MultiheadAttention(
          (dropout_module): FairseqDropout()
          (k_proj): Linear(in_features=768, out_features=768, bias=True)
          (v_proj): Linear(in_features=768, out_features=768, bias=True)
          (q_proj): Linear(in_features=768, out_features=768, bias=True)
          (out_proj): Linear(in_features=768, out_features=768, bias=True)
        )
        (self_attn_ln): LayerNorm((768,), eps=1e-05, elementwise_affine=True)
        (cross_attn_ln): LayerNorm((768,), eps=1e-05, elementwise_affine=True)
        (activation_dropout_module): FairseqDropout()
        (self_attn_layer_norm): LayerNorm((768,), eps=1e-05, elementwise_affine=True)
        (encoder_attn): MultiheadAttention(
          (dropout_module): FairseqDropout()
          (k_proj): Linear(in_features=768, out_features=768, bias=True)
          (v_proj): Linear(in_features=768, out_features=768, bias=True)
          (q_proj): Linear(in_features=768, out_features=768, bias=True)
          (out_proj): Linear(in_features=768, out_features=768, bias=True)
        )
        (encoder_attn_layer_norm): LayerNorm((768,), eps=1e-05, elementwise_affine=True)
        (ffn_layernorm): LayerNorm((3072,), eps=1e-05, elementwise_affine=True)
        (fc1): Linear(in_features=768, out_features=3072, bias=True)
        (fc2): Linear(in_features=3072, out_features=768, bias=True)
        (final_layer_norm): LayerNorm((768,), eps=1e-05, elementwise_affine=True)
        (drop_path): Identity()
      )
      (1): TransformerDecoderLayer(
        (dropout_module): FairseqDropout()
        (self_attn): MultiheadAttention(
          (dropout_module): FairseqDropout()
          (k_proj): Linear(in_features=768, out_features=768, bias=True)
          (v_proj): Linear(in_features=768, out_features=768, bias=True)
          (q_proj): Linear(in_features=768, out_features=768, bias=True)
          (out_proj): Linear(in_features=768, out_features=768, bias=True)
        )
        (self_attn_ln): LayerNorm((768,), eps=1e-05, elementwise_affine=True)
        (cross_attn_ln): LayerNorm((768,), eps=1e-05, elementwise_affine=True)
        (activation_dropout_module): FairseqDropout()
        (self_attn_layer_norm): LayerNorm((768,), eps=1e-05, elementwise_affine=True)
        (encoder_attn): MultiheadAttention(
          (dropout_module): FairseqDropout()
          (k_proj): Linear(in_features=768, out_features=768, bias=True)
          (v_proj): Linear(in_features=768, out_features=768, bias=True)
          (q_proj): Linear(in_features=768, out_features=768, bias=True)
          (out_proj): Linear(in_features=768, out_features=768, bias=True)
        )
        (encoder_attn_layer_norm): LayerNorm((768,), eps=1e-05, elementwise_affine=True)
        (ffn_layernorm): LayerNorm((3072,), eps=1e-05, elementwise_affine=True)
        (fc1): Linear(in_features=768, out_features=3072, bias=True)
        (fc2): Linear(in_features=3072, out_features=768, bias=True)
        (final_layer_norm): LayerNorm((768,), eps=1e-05, elementwise_affine=True)
        (drop_path): DropPath(p=0.019999999552965164)
      )
      (2): TransformerDecoderLayer(
        (dropout_module): FairseqDropout()
        (self_attn): MultiheadAttention(
          (dropout_module): FairseqDropout()
          (k_proj): Linear(in_features=768, out_features=768, bias=True)
          (v_proj): Linear(in_features=768, out_features=768, bias=True)
          (q_proj): Linear(in_features=768, out_features=768, bias=True)
          (out_proj): Linear(in_features=768, out_features=768, bias=True)
        )
        (self_attn_ln): LayerNorm((768,), eps=1e-05, elementwise_affine=True)
        (cross_attn_ln): LayerNorm((768,), eps=1e-05, elementwise_affine=True)
        (activation_dropout_module): FairseqDropout()
        (self_attn_layer_norm): LayerNorm((768,), eps=1e-05, elementwise_affine=True)
        (encoder_attn): MultiheadAttention(
          (dropout_module): FairseqDropout()
          (k_proj): Linear(in_features=768, out_features=768, bias=True)
          (v_proj): Linear(in_features=768, out_features=768, bias=True)
          (q_proj): Linear(in_features=768, out_features=768, bias=True)
          (out_proj): Linear(in_features=768, out_features=768, bias=True)
        )
        (encoder_attn_layer_norm): LayerNorm((768,), eps=1e-05, elementwise_affine=True)
        (ffn_layernorm): LayerNorm((3072,), eps=1e-05, elementwise_affine=True)
        (fc1): Linear(in_features=768, out_features=3072, bias=True)
        (fc2): Linear(in_features=3072, out_features=768, bias=True)
        (final_layer_norm): LayerNorm((768,), eps=1e-05, elementwise_affine=True)
        (drop_path): DropPath(p=0.03999999910593033)
      )
      (3): TransformerDecoderLayer(
        (dropout_module): FairseqDropout()
        (self_attn): MultiheadAttention(
          (dropout_module): FairseqDropout()
          (k_proj): Linear(in_features=768, out_features=768, bias=True)
          (v_proj): Linear(in_features=768, out_features=768, bias=True)
          (q_proj): Linear(in_features=768, out_features=768, bias=True)
          (out_proj): Linear(in_features=768, out_features=768, bias=True)
        )
        (self_attn_ln): LayerNorm((768,), eps=1e-05, elementwise_affine=True)
        (cross_attn_ln): LayerNorm((768,), eps=1e-05, elementwise_affine=True)
        (activation_dropout_module): FairseqDropout()
        (self_attn_layer_norm): LayerNorm((768,), eps=1e-05, elementwise_affine=True)
        (encoder_attn): MultiheadAttention(
          (dropout_module): FairseqDropout()
          (k_proj): Linear(in_features=768, out_features=768, bias=True)
          (v_proj): Linear(in_features=768, out_features=768, bias=True)
          (q_proj): Linear(in_features=768, out_features=768, bias=True)
          (out_proj): Linear(in_features=768, out_features=768, bias=True)
        )
        (encoder_attn_layer_norm): LayerNorm((768,), eps=1e-05, elementwise_affine=True)
        (ffn_layernorm): LayerNorm((3072,), eps=1e-05, elementwise_affine=True)
        (fc1): Linear(in_features=768, out_features=3072, bias=True)
        (fc2): Linear(in_features=3072, out_features=768, bias=True)
        (final_layer_norm): LayerNorm((768,), eps=1e-05, elementwise_affine=True)
        (drop_path): DropPath(p=0.06000000238418579)
      )
      (4): TransformerDecoderLayer(
        (dropout_module): FairseqDropout()
        (self_attn): MultiheadAttention(
          (dropout_module): FairseqDropout()
          (k_proj): Linear(in_features=768, out_features=768, bias=True)
          (v_proj): Linear(in_features=768, out_features=768, bias=True)
          (q_proj): Linear(in_features=768, out_features=768, bias=True)
          (out_proj): Linear(in_features=768, out_features=768, bias=True)
        )
        (self_attn_ln): LayerNorm((768,), eps=1e-05, elementwise_affine=True)
        (cross_attn_ln): LayerNorm((768,), eps=1e-05, elementwise_affine=True)
        (activation_dropout_module): FairseqDropout()
        (self_attn_layer_norm): LayerNorm((768,), eps=1e-05, elementwise_affine=True)
        (encoder_attn): MultiheadAttention(
          (dropout_module): FairseqDropout()
          (k_proj): Linear(in_features=768, out_features=768, bias=True)
          (v_proj): Linear(in_features=768, out_features=768, bias=True)
          (q_proj): Linear(in_features=768, out_features=768, bias=True)
          (out_proj): Linear(in_features=768, out_features=768, bias=True)
        )
        (encoder_attn_layer_norm): LayerNorm((768,), eps=1e-05, elementwise_affine=True)
        (ffn_layernorm): LayerNorm((3072,), eps=1e-05, elementwise_affine=True)
        (fc1): Linear(in_features=768, out_features=3072, bias=True)
        (fc2): Linear(in_features=3072, out_features=768, bias=True)
        (final_layer_norm): LayerNorm((768,), eps=1e-05, elementwise_affine=True)
        (drop_path): DropPath(p=0.07999999821186066)
      )
      (5): TransformerDecoderLayer(
        (dropout_module): FairseqDropout()
        (self_attn): MultiheadAttention(
          (dropout_module): FairseqDropout()
          (k_proj): Linear(in_features=768, out_features=768, bias=True)
          (v_proj): Linear(in_features=768, out_features=768, bias=True)
          (q_proj): Linear(in_features=768, out_features=768, bias=True)
          (out_proj): Linear(in_features=768, out_features=768, bias=True)
        )
        (self_attn_ln): LayerNorm((768,), eps=1e-05, elementwise_affine=True)
        (cross_attn_ln): LayerNorm((768,), eps=1e-05, elementwise_affine=True)
        (activation_dropout_module): FairseqDropout()
        (self_attn_layer_norm): LayerNorm((768,), eps=1e-05, elementwise_affine=True)
        (encoder_attn): MultiheadAttention(
          (dropout_module): FairseqDropout()
          (k_proj): Linear(in_features=768, out_features=768, bias=True)
          (v_proj): Linear(in_features=768, out_features=768, bias=True)
          (q_proj): Linear(in_features=768, out_features=768, bias=True)
          (out_proj): Linear(in_features=768, out_features=768, bias=True)
        )
        (encoder_attn_layer_norm): LayerNorm((768,), eps=1e-05, elementwise_affine=True)
        (ffn_layernorm): LayerNorm((3072,), eps=1e-05, elementwise_affine=True)
        (fc1): Linear(in_features=768, out_features=3072, bias=True)
        (fc2): Linear(in_features=3072, out_features=768, bias=True)
        (final_layer_norm): LayerNorm((768,), eps=1e-05, elementwise_affine=True)
        (drop_path): DropPath(p=0.10000000149011612)
      )
    )
    (layer_norm): LayerNorm((768,), eps=1e-05, elementwise_affine=True)
    (output_projection): Linear(in_features=768, out_features=59457, bias=False)
    (token_rel_pos_table_list): ModuleList(
      (0): Embedding(511, 12)
      (1): Embedding(511, 12)
      (2): Embedding(511, 12)
      (3): Embedding(511, 12)
      (4): Embedding(511, 12)
      (5): Embedding(511, 12)
    )
    (image_rel_pos_table_list): ModuleList(
      (0): Embedding(6892, 12)
      (1): Embedding(6892, 12)
      (2): Embedding(6892, 12)
      (3): Embedding(6892, 12)
      (4): Embedding(6892, 12)
      (5): Embedding(6892, 12)
    )
  )
  (classification_heads): ModuleDict()
)
2023-05-16 16:12:33 - train.py[line:111] - INFO: task: SnliVeTask
2023-05-16 16:12:33 - train.py[line:112] - INFO: model: OFAModel
2023-05-16 16:12:33 - train.py[line:113] - INFO: criterion: AdjustLabelSmoothedCrossEntropyCriterion
2023-05-16 16:12:33 - train.py[line:114] - INFO: num. shared model params: 182,238,536 (num. trained: 182,238,536)
2023-05-16 16:12:33 - train.py[line:121] - INFO: num. expert model params: 0 (num. trained: 0)
local datafile ../../dataset/snli_ve_data/snlvi_dev_2k.tsv slice_id 0 begin to initialize row_count and line_idx-to-offset mapping
local datafile ../../dataset/snli_ve_data/snlvi_dev_2k.tsv slice_id 1 begin to initialize row_count and line_idx-to-offset mapping
local datafile ../../dataset/snli_ve_data/snlvi_dev_2k.tsv slice_id 0 finished initializing row_count and line_idx-to-offset mapping
file ../../dataset/snli_ve_data/snlvi_dev_2k.tsv slice_id 0 row count 1000 total row count 2000
/home/grads/mogunleye/.conda/envs/ofa1/lib/python3.9/site-packages/torchvision/transforms/transforms.py:329: UserWarning: Argument 'interpolation' of type int is deprecated since 0.13 and will be removed in 0.15. Please use InterpolationMode enum.
  warnings.warn(
local datafile ../../dataset/snli_ve_data/snlvi_dev_2k.tsv slice_id 1 finished initializing row_count and line_idx-to-offset mapping
file ../../dataset/snli_ve_data/snlvi_dev_2k.tsv slice_id 1 row count 1000 total row count 2000
/home/grads/mogunleye/.conda/envs/ofa1/lib/python3.9/site-packages/torchvision/transforms/transforms.py:329: UserWarning: Argument 'interpolation' of type int is deprecated since 0.13 and will be removed in 0.15. Please use InterpolationMode enum.
  warnings.warn(
2023-05-16 16:12:33 - distributed_c10d.py[line:319] - INFO: Added key: store_based_barrier_key:2 to store for rank: 0
2023-05-16 16:12:33 - distributed_c10d.py[line:353] - INFO: Rank 0: Completed store-based barrier for key:store_based_barrier_key:2 with 2 nodes.
2023-05-16 16:12:33 - trainer.py[line:123] - INFO: detected shared parameter: encoder.embed_tokens.weight <- decoder.embed_tokens.weight
2023-05-16 16:12:33 - trainer.py[line:123] - INFO: detected shared parameter: encoder.embed_tokens.weight <- decoder.output_projection.weight
2023-05-16 16:12:33 - trainer.py[line:123] - INFO: detected shared parameter: encoder.embed_images.conv1.bias <- encoder.embed_images.layer1.0.conv1.bias
2023-05-16 16:12:33 - trainer.py[line:123] - INFO: detected shared parameter: encoder.embed_images.conv1.bias <- encoder.embed_images.layer1.0.conv2.bias
2023-05-16 16:12:33 - trainer.py[line:123] - INFO: detected shared parameter: encoder.embed_images.conv1.bias <- encoder.embed_images.layer1.0.conv3.bias
2023-05-16 16:12:33 - trainer.py[line:123] - INFO: detected shared parameter: encoder.embed_images.conv1.bias <- encoder.embed_images.layer1.0.downsample.0.bias
2023-05-16 16:12:33 - trainer.py[line:123] - INFO: detected shared parameter: encoder.embed_images.conv1.bias <- encoder.embed_images.layer1.1.conv1.bias
2023-05-16 16:12:33 - trainer.py[line:123] - INFO: detected shared parameter: encoder.embed_images.conv1.bias <- encoder.embed_images.layer1.1.conv2.bias
2023-05-16 16:12:33 - trainer.py[line:123] - INFO: detected shared parameter: encoder.embed_images.conv1.bias <- encoder.embed_images.layer1.1.conv3.bias
2023-05-16 16:12:33 - trainer.py[line:123] - INFO: detected shared parameter: encoder.embed_images.conv1.bias <- encoder.embed_images.layer1.2.conv1.bias
2023-05-16 16:12:33 - trainer.py[line:123] - INFO: detected shared parameter: encoder.embed_images.conv1.bias <- encoder.embed_images.layer1.2.conv2.bias
2023-05-16 16:12:33 - trainer.py[line:123] - INFO: detected shared parameter: encoder.embed_images.conv1.bias <- encoder.embed_images.layer1.2.conv3.bias
2023-05-16 16:12:33 - trainer.py[line:123] - INFO: detected shared parameter: encoder.embed_images.conv1.bias <- encoder.embed_images.layer2.0.conv1.bias
2023-05-16 16:12:33 - trainer.py[line:123] - INFO: detected shared parameter: encoder.embed_images.conv1.bias <- encoder.embed_images.layer2.0.conv2.bias
2023-05-16 16:12:33 - trainer.py[line:123] - INFO: detected shared parameter: encoder.embed_images.conv1.bias <- encoder.embed_images.layer2.0.conv3.bias
2023-05-16 16:12:33 - trainer.py[line:123] - INFO: detected shared parameter: encoder.embed_images.conv1.bias <- encoder.embed_images.layer2.0.downsample.0.bias
2023-05-16 16:12:33 - trainer.py[line:123] - INFO: detected shared parameter: encoder.embed_images.conv1.bias <- encoder.embed_images.layer2.1.conv1.bias
2023-05-16 16:12:33 - trainer.py[line:123] - INFO: detected shared parameter: encoder.embed_images.conv1.bias <- encoder.embed_images.layer2.1.conv2.bias
2023-05-16 16:12:33 - trainer.py[line:123] - INFO: detected shared parameter: encoder.embed_images.conv1.bias <- encoder.embed_images.layer2.1.conv3.bias
2023-05-16 16:12:33 - trainer.py[line:123] - INFO: detected shared parameter: encoder.embed_images.conv1.bias <- encoder.embed_images.layer2.2.conv1.bias
2023-05-16 16:12:33 - trainer.py[line:123] - INFO: detected shared parameter: encoder.embed_images.conv1.bias <- encoder.embed_images.layer2.2.conv2.bias
2023-05-16 16:12:33 - trainer.py[line:123] - INFO: detected shared parameter: encoder.embed_images.conv1.bias <- encoder.embed_images.layer2.2.conv3.bias
2023-05-16 16:12:33 - trainer.py[line:123] - INFO: detected shared parameter: encoder.embed_images.conv1.bias <- encoder.embed_images.layer2.3.conv1.bias
2023-05-16 16:12:33 - trainer.py[line:123] - INFO: detected shared parameter: encoder.embed_images.conv1.bias <- encoder.embed_images.layer2.3.conv2.bias
2023-05-16 16:12:33 - trainer.py[line:123] - INFO: detected shared parameter: encoder.embed_images.conv1.bias <- encoder.embed_images.layer2.3.conv3.bias
2023-05-16 16:12:33 - trainer.py[line:123] - INFO: detected shared parameter: encoder.embed_images.conv1.bias <- encoder.embed_images.layer3.0.conv1.bias
2023-05-16 16:12:33 - trainer.py[line:123] - INFO: detected shared parameter: encoder.embed_images.conv1.bias <- encoder.embed_images.layer3.0.conv2.bias
2023-05-16 16:12:33 - trainer.py[line:123] - INFO: detected shared parameter: encoder.embed_images.conv1.bias <- encoder.embed_images.layer3.0.conv3.bias
2023-05-16 16:12:33 - trainer.py[line:123] - INFO: detected shared parameter: encoder.embed_images.conv1.bias <- encoder.embed_images.layer3.0.downsample.0.bias
2023-05-16 16:12:33 - trainer.py[line:123] - INFO: detected shared parameter: encoder.embed_images.conv1.bias <- encoder.embed_images.layer3.1.conv1.bias
2023-05-16 16:12:33 - trainer.py[line:123] - INFO: detected shared parameter: encoder.embed_images.conv1.bias <- encoder.embed_images.layer3.1.conv2.bias
2023-05-16 16:12:33 - trainer.py[line:123] - INFO: detected shared parameter: encoder.embed_images.conv1.bias <- encoder.embed_images.layer3.1.conv3.bias
2023-05-16 16:12:33 - trainer.py[line:123] - INFO: detected shared parameter: encoder.embed_images.conv1.bias <- encoder.embed_images.layer3.2.conv1.bias
2023-05-16 16:12:33 - trainer.py[line:123] - INFO: detected shared parameter: encoder.embed_images.conv1.bias <- encoder.embed_images.layer3.2.conv2.bias
2023-05-16 16:12:33 - trainer.py[line:123] - INFO: detected shared parameter: encoder.embed_images.conv1.bias <- encoder.embed_images.layer3.2.conv3.bias
2023-05-16 16:12:33 - trainer.py[line:123] - INFO: detected shared parameter: encoder.embed_images.conv1.bias <- encoder.embed_images.layer3.3.conv1.bias
2023-05-16 16:12:33 - trainer.py[line:123] - INFO: detected shared parameter: encoder.embed_images.conv1.bias <- encoder.embed_images.layer3.3.conv2.bias
2023-05-16 16:12:33 - trainer.py[line:123] - INFO: detected shared parameter: encoder.embed_images.conv1.bias <- encoder.embed_images.layer3.3.conv3.bias
2023-05-16 16:12:33 - trainer.py[line:123] - INFO: detected shared parameter: encoder.embed_images.conv1.bias <- encoder.embed_images.layer3.4.conv1.bias
2023-05-16 16:12:33 - trainer.py[line:123] - INFO: detected shared parameter: encoder.embed_images.conv1.bias <- encoder.embed_images.layer3.4.conv2.bias
2023-05-16 16:12:33 - trainer.py[line:123] - INFO: detected shared parameter: encoder.embed_images.conv1.bias <- encoder.embed_images.layer3.4.conv3.bias
2023-05-16 16:12:33 - trainer.py[line:123] - INFO: detected shared parameter: encoder.embed_images.conv1.bias <- encoder.embed_images.layer3.5.conv1.bias
2023-05-16 16:12:33 - trainer.py[line:123] - INFO: detected shared parameter: encoder.embed_images.conv1.bias <- encoder.embed_images.layer3.5.conv2.bias
2023-05-16 16:12:33 - trainer.py[line:123] - INFO: detected shared parameter: encoder.embed_images.conv1.bias <- encoder.embed_images.layer3.5.conv3.bias
2023-05-16 16:12:33 - trainer.py[line:123] - INFO: detected shared parameter: encoder.embed_images.conv1.bias <- encoder.embed_images.layer3.6.conv1.bias
2023-05-16 16:12:33 - trainer.py[line:123] - INFO: detected shared parameter: encoder.embed_images.conv1.bias <- encoder.embed_images.layer3.6.conv2.bias
2023-05-16 16:12:33 - trainer.py[line:123] - INFO: detected shared parameter: encoder.embed_images.conv1.bias <- encoder.embed_images.layer3.6.conv3.bias
2023-05-16 16:12:33 - trainer.py[line:123] - INFO: detected shared parameter: encoder.embed_images.conv1.bias <- encoder.embed_images.layer3.7.conv1.bias
2023-05-16 16:12:33 - trainer.py[line:123] - INFO: detected shared parameter: encoder.embed_images.conv1.bias <- encoder.embed_images.layer3.7.conv2.bias
2023-05-16 16:12:33 - trainer.py[line:123] - INFO: detected shared parameter: encoder.embed_images.conv1.bias <- encoder.embed_images.layer3.7.conv3.bias
2023-05-16 16:12:33 - trainer.py[line:123] - INFO: detected shared parameter: encoder.embed_images.conv1.bias <- encoder.embed_images.layer3.8.conv1.bias
2023-05-16 16:12:33 - trainer.py[line:123] - INFO: detected shared parameter: encoder.embed_images.conv1.bias <- encoder.embed_images.layer3.8.conv2.bias
2023-05-16 16:12:33 - trainer.py[line:123] - INFO: detected shared parameter: encoder.embed_images.conv1.bias <- encoder.embed_images.layer3.8.conv3.bias
2023-05-16 16:12:33 - trainer.py[line:123] - INFO: detected shared parameter: encoder.embed_images.conv1.bias <- encoder.embed_images.layer3.9.conv1.bias
2023-05-16 16:12:33 - trainer.py[line:123] - INFO: detected shared parameter: encoder.embed_images.conv1.bias <- encoder.embed_images.layer3.9.conv2.bias
2023-05-16 16:12:33 - trainer.py[line:123] - INFO: detected shared parameter: encoder.embed_images.conv1.bias <- encoder.embed_images.layer3.9.conv3.bias
2023-05-16 16:12:33 - trainer.py[line:123] - INFO: detected shared parameter: encoder.embed_images.conv1.bias <- encoder.embed_images.layer3.10.conv1.bias
2023-05-16 16:12:33 - trainer.py[line:123] - INFO: detected shared parameter: encoder.embed_images.conv1.bias <- encoder.embed_images.layer3.10.conv2.bias
2023-05-16 16:12:33 - trainer.py[line:123] - INFO: detected shared parameter: encoder.embed_images.conv1.bias <- encoder.embed_images.layer3.10.conv3.bias
2023-05-16 16:12:33 - trainer.py[line:123] - INFO: detected shared parameter: encoder.embed_images.conv1.bias <- encoder.embed_images.layer3.11.conv1.bias
2023-05-16 16:12:33 - trainer.py[line:123] - INFO: detected shared parameter: encoder.embed_images.conv1.bias <- encoder.embed_images.layer3.11.conv2.bias
2023-05-16 16:12:33 - trainer.py[line:123] - INFO: detected shared parameter: encoder.embed_images.conv1.bias <- encoder.embed_images.layer3.11.conv3.bias
2023-05-16 16:12:33 - trainer.py[line:123] - INFO: detected shared parameter: encoder.embed_images.conv1.bias <- encoder.embed_images.layer3.12.conv1.bias
2023-05-16 16:12:33 - trainer.py[line:123] - INFO: detected shared parameter: encoder.embed_images.conv1.bias <- encoder.embed_images.layer3.12.conv2.bias
2023-05-16 16:12:33 - trainer.py[line:123] - INFO: detected shared parameter: encoder.embed_images.conv1.bias <- encoder.embed_images.layer3.12.conv3.bias
2023-05-16 16:12:33 - trainer.py[line:123] - INFO: detected shared parameter: encoder.embed_images.conv1.bias <- encoder.embed_images.layer3.13.conv1.bias
2023-05-16 16:12:33 - trainer.py[line:123] - INFO: detected shared parameter: encoder.embed_images.conv1.bias <- encoder.embed_images.layer3.13.conv2.bias
2023-05-16 16:12:33 - trainer.py[line:123] - INFO: detected shared parameter: encoder.embed_images.conv1.bias <- encoder.embed_images.layer3.13.conv3.bias
2023-05-16 16:12:33 - trainer.py[line:123] - INFO: detected shared parameter: encoder.embed_images.conv1.bias <- encoder.embed_images.layer3.14.conv1.bias
2023-05-16 16:12:33 - trainer.py[line:123] - INFO: detected shared parameter: encoder.embed_images.conv1.bias <- encoder.embed_images.layer3.14.conv2.bias
2023-05-16 16:12:33 - trainer.py[line:123] - INFO: detected shared parameter: encoder.embed_images.conv1.bias <- encoder.embed_images.layer3.14.conv3.bias
2023-05-16 16:12:33 - trainer.py[line:123] - INFO: detected shared parameter: encoder.embed_images.conv1.bias <- encoder.embed_images.layer3.15.conv1.bias
2023-05-16 16:12:33 - trainer.py[line:123] - INFO: detected shared parameter: encoder.embed_images.conv1.bias <- encoder.embed_images.layer3.15.conv2.bias
2023-05-16 16:12:33 - trainer.py[line:123] - INFO: detected shared parameter: encoder.embed_images.conv1.bias <- encoder.embed_images.layer3.15.conv3.bias
2023-05-16 16:12:33 - trainer.py[line:123] - INFO: detected shared parameter: encoder.embed_images.conv1.bias <- encoder.embed_images.layer3.16.conv1.bias
2023-05-16 16:12:33 - trainer.py[line:123] - INFO: detected shared parameter: encoder.embed_images.conv1.bias <- encoder.embed_images.layer3.16.conv2.bias
2023-05-16 16:12:33 - trainer.py[line:123] - INFO: detected shared parameter: encoder.embed_images.conv1.bias <- encoder.embed_images.layer3.16.conv3.bias
2023-05-16 16:12:33 - trainer.py[line:123] - INFO: detected shared parameter: encoder.embed_images.conv1.bias <- encoder.embed_images.layer3.17.conv1.bias
2023-05-16 16:12:33 - trainer.py[line:123] - INFO: detected shared parameter: encoder.embed_images.conv1.bias <- encoder.embed_images.layer3.17.conv2.bias
2023-05-16 16:12:33 - trainer.py[line:123] - INFO: detected shared parameter: encoder.embed_images.conv1.bias <- encoder.embed_images.layer3.17.conv3.bias
2023-05-16 16:12:33 - trainer.py[line:123] - INFO: detected shared parameter: encoder.embed_images.conv1.bias <- encoder.embed_images.layer3.18.conv1.bias
2023-05-16 16:12:33 - trainer.py[line:123] - INFO: detected shared parameter: encoder.embed_images.conv1.bias <- encoder.embed_images.layer3.18.conv2.bias
2023-05-16 16:12:33 - trainer.py[line:123] - INFO: detected shared parameter: encoder.embed_images.conv1.bias <- encoder.embed_images.layer3.18.conv3.bias
2023-05-16 16:12:33 - trainer.py[line:123] - INFO: detected shared parameter: encoder.embed_images.conv1.bias <- encoder.embed_images.layer3.19.conv1.bias
2023-05-16 16:12:33 - trainer.py[line:123] - INFO: detected shared parameter: encoder.embed_images.conv1.bias <- encoder.embed_images.layer3.19.conv2.bias
2023-05-16 16:12:33 - trainer.py[line:123] - INFO: detected shared parameter: encoder.embed_images.conv1.bias <- encoder.embed_images.layer3.19.conv3.bias
2023-05-16 16:12:33 - trainer.py[line:123] - INFO: detected shared parameter: encoder.embed_images.conv1.bias <- encoder.embed_images.layer3.20.conv1.bias
2023-05-16 16:12:33 - trainer.py[line:123] - INFO: detected shared parameter: encoder.embed_images.conv1.bias <- encoder.embed_images.layer3.20.conv2.bias
2023-05-16 16:12:33 - trainer.py[line:123] - INFO: detected shared parameter: encoder.embed_images.conv1.bias <- encoder.embed_images.layer3.20.conv3.bias
2023-05-16 16:12:33 - trainer.py[line:123] - INFO: detected shared parameter: encoder.embed_images.conv1.bias <- encoder.embed_images.layer3.21.conv1.bias
2023-05-16 16:12:33 - trainer.py[line:123] - INFO: detected shared parameter: encoder.embed_images.conv1.bias <- encoder.embed_images.layer3.21.conv2.bias
2023-05-16 16:12:33 - trainer.py[line:123] - INFO: detected shared parameter: encoder.embed_images.conv1.bias <- encoder.embed_images.layer3.21.conv3.bias
2023-05-16 16:12:33 - trainer.py[line:123] - INFO: detected shared parameter: encoder.embed_images.conv1.bias <- encoder.embed_images.layer3.22.conv1.bias
2023-05-16 16:12:33 - trainer.py[line:123] - INFO: detected shared parameter: encoder.embed_images.conv1.bias <- encoder.embed_images.layer3.22.conv2.bias
2023-05-16 16:12:33 - trainer.py[line:123] - INFO: detected shared parameter: encoder.embed_images.conv1.bias <- encoder.embed_images.layer3.22.conv3.bias
2023-05-16 16:12:33 - trainer.py[line:123] - INFO: detected shared parameter: encoder.embed_images.conv1.bias <- decoder.output_projection.bias
2023-05-16 16:12:33 - utils.py[line:759] - INFO: ***********************CUDA enviroments for all 2 workers***********************
2023-05-16 16:12:33 - utils.py[line:761] - INFO: rank   0: capabilities =  8.6  ; total memory = 44.428 GB ; name = NVIDIA A40                              
2023-05-16 16:12:33 - utils.py[line:761] - INFO: rank   1: capabilities =  8.6  ; total memory = 44.428 GB ; name = NVIDIA A40                              
2023-05-16 16:12:33 - utils.py[line:767] - INFO: ***********************CUDA enviroments for all 2 workers***********************
2023-05-16 16:12:33 - train.py[line:152] - INFO: training on 2 devices (GPUs/TPUs)
2023-05-16 16:12:33 - train.py[line:157] - INFO: max tokens per device = None and max sentences per device = 4
2023-05-16 16:12:33 - trainer.py[line:458] - INFO: Preparing to load checkpoint ../../run_scripts/pretraining/checkpoints_EC/checkpoint_17_492000.pt
local datafile ../../dataset/snli_ve_data/snlvi10k.tsv slice_id 1 begin to initialize row_count and line_idx-to-offset mapping
2023-05-16 16:12:43 - trainer.py[line:617] - INFO: Loaded checkpoint ../../run_scripts/pretraining/checkpoints_EC/checkpoint_17_492000.pt (epoch 17 @ 0 updates)
2023-05-16 16:12:43 - trainer.py[line:639] - INFO: loading train data for epoch 1
local datafile ../../dataset/snli_ve_data/snlvi10k.tsv slice_id 0 begin to initialize row_count and line_idx-to-offset mapping
local datafile ../../dataset/snli_ve_data/snlvi10k.tsv slice_id 1 finished initializing row_count and line_idx-to-offset mapping
file ../../dataset/snli_ve_data/snlvi10k.tsv slice_id 1 row count 5000 total row count 10000
local datafile ../../dataset/snli_ve_data/snlvi10k.tsv slice_id 0 finished initializing row_count and line_idx-to-offset mapping
file ../../dataset/snli_ve_data/snlvi10k.tsv slice_id 0 row count 5000 total row count 10000
/home/grads/mogunleye/Research/EC_pretraining/OFA/data/mm_data/snli_ve_dataset.py:60: VisibleDeprecationWarning: Creating an ndarray from ragged nested sequences (which is a list-or-tuple of lists-or-tuples-or ndarrays with different lengths or shapes) is deprecated. If you meant to do this, you must specify 'dtype=object' when creating the ndarray.
  decoder_prompts = np.array([s['decoder_prompt'].tolist() for s in samples])
slice_id 1 seek offset 5000
Total steps 785, warmup steps 47, warmup_factor 0.02127659574468085
/home/grads/mogunleye/Research/EC_pretraining/OFA/data/mm_data/snli_ve_dataset.py:60: VisibleDeprecationWarning: Creating an ndarray from ragged nested sequences (which is a list-or-tuple of lists-or-tuples-or ndarrays with different lengths or shapes) is deprecated. If you meant to do this, you must specify 'dtype=object' when creating the ndarray.
  decoder_prompts = np.array([s['decoder_prompt'].tolist() for s in samples])
slice_id 0 seek offset 0
Total steps 785, warmup steps 47, warmup_factor 0.02127659574468085
2023-05-16 16:12:44 - trainer.py[line:703] - INFO: begin training epoch 1
2023-05-16 16:12:44 - train.py[line:305] - INFO: Start iterating over samples
2023-05-16 16:13:00 - trainer.py[line:921] - INFO: NOTE: gradient overflow detected, ignoring gradient, setting loss scale to: 64.0
2023-05-16 16:14:01 - progress_bar.py[line:272] - INFO: epoch 001:     11 / 157 loss=1.667, loss_v1=0, loss_v2=0, nll_loss=1.667, ntokens=128, nsentences=64, sample_size=128, sample_size_v1=0, sample_size_v2=0, ppl=3.18, wps=21, ups=0.16, wpb=128, bsz=64, num_updates=10, lr=1.06383e-05, gnorm=24.736, clip=100, loss_scale=64, train_wall=76, gb_free=36.5, wall=88
2023-05-16 16:15:00 - progress_bar.py[line:272] - INFO: epoch 001:     21 / 157 loss=0.96, loss_v1=0, loss_v2=0, nll_loss=0.96, ntokens=128, nsentences=64, sample_size=128, sample_size_v1=0, sample_size_v2=0, ppl=1.94, wps=21.8, ups=0.17, wpb=128, bsz=64, num_updates=20, lr=2.12766e-05, gnorm=11.931, clip=100, loss_scale=64, train_wall=59, gb_free=36.6, wall=146
2023-05-16 16:16:03 - progress_bar.py[line:272] - INFO: epoch 001:     31 / 157 loss=0.703, loss_v1=0, loss_v2=0, nll_loss=0.703, ntokens=128, nsentences=64, sample_size=128, sample_size_v1=0, sample_size_v2=0, ppl=1.63, wps=20.4, ups=0.16, wpb=128, bsz=64, num_updates=30, lr=3.19149e-05, gnorm=4.78, clip=100, loss_scale=64, train_wall=63, gb_free=36.6, wall=209
2023-05-16 16:17:06 - progress_bar.py[line:272] - INFO: epoch 001:     41 / 157 loss=0.584, loss_v1=0, loss_v2=0, nll_loss=0.584, ntokens=128, nsentences=64, sample_size=128, sample_size_v1=0, sample_size_v2=0, ppl=1.5, wps=20.2, ups=0.16, wpb=128, bsz=64, num_updates=40, lr=4.25532e-05, gnorm=2.344, clip=100, loss_scale=64, train_wall=63, gb_free=36.6, wall=273
2023-05-16 16:18:10 - progress_bar.py[line:272] - INFO: epoch 001:     51 / 157 loss=0.592, loss_v1=0, loss_v2=0, nll_loss=0.592, ntokens=128, nsentences=64, sample_size=128, sample_size_v1=0, sample_size_v2=0, ppl=1.51, wps=20.1, ups=0.16, wpb=128, bsz=64, num_updates=50, lr=4.97967e-05, gnorm=2.343, clip=100, loss_scale=64, train_wall=64, gb_free=36.6, wall=336
2023-05-16 16:19:13 - progress_bar.py[line:272] - INFO: epoch 001:     61 / 157 loss=0.575, loss_v1=0, loss_v2=0, nll_loss=0.575, ntokens=128, nsentences=64, sample_size=128, sample_size_v1=0, sample_size_v2=0, ppl=1.49, wps=20.2, ups=0.16, wpb=128, bsz=64, num_updates=60, lr=4.91192e-05, gnorm=1.946, clip=90, loss_scale=64, train_wall=63, gb_free=36.6, wall=400
2023-05-16 16:20:11 - progress_bar.py[line:272] - INFO: epoch 001:     71 / 157 loss=0.573, loss_v1=0, loss_v2=0, nll_loss=0.573, ntokens=128, nsentences=64, sample_size=128, sample_size_v1=0, sample_size_v2=0, ppl=1.49, wps=22.1, ups=0.17, wpb=128, bsz=64, num_updates=70, lr=4.84417e-05, gnorm=1.776, clip=90, loss_scale=64, train_wall=58, gb_free=36.4, wall=458
2023-05-16 16:21:09 - progress_bar.py[line:272] - INFO: epoch 001:     81 / 157 loss=0.576, loss_v1=0, loss_v2=0, nll_loss=0.576, ntokens=128, nsentences=64, sample_size=128, sample_size_v1=0, sample_size_v2=0, ppl=1.49, wps=22, ups=0.17, wpb=128, bsz=64, num_updates=80, lr=4.77642e-05, gnorm=1.936, clip=90, loss_scale=64, train_wall=58, gb_free=36.5, wall=516
2023-05-16 16:22:08 - progress_bar.py[line:272] - INFO: epoch 001:     91 / 157 loss=0.566, loss_v1=0, loss_v2=0, nll_loss=0.566, ntokens=128, nsentences=64, sample_size=128, sample_size_v1=0, sample_size_v2=0, ppl=1.48, wps=21.8, ups=0.17, wpb=128, bsz=64, num_updates=90, lr=4.70867e-05, gnorm=1.444, clip=70, loss_scale=64, train_wall=59, gb_free=36.6, wall=575
2023-05-16 16:23:06 - progress_bar.py[line:272] - INFO: epoch 001:    101 / 157 loss=0.57, loss_v1=0, loss_v2=0, nll_loss=0.57, ntokens=128, nsentences=64, sample_size=128, sample_size_v1=0, sample_size_v2=0, ppl=1.48, wps=22.1, ups=0.17, wpb=128, bsz=64, num_updates=100, lr=4.64092e-05, gnorm=1.849, clip=100, loss_scale=64, train_wall=58, gb_free=36.6, wall=632
2023-05-16 16:24:04 - progress_bar.py[line:272] - INFO: epoch 001:    111 / 157 loss=0.545, loss_v1=0, loss_v2=0, nll_loss=0.545, ntokens=128, nsentences=64, sample_size=128, sample_size_v1=0, sample_size_v2=0, ppl=1.46, wps=22.2, ups=0.17, wpb=128, bsz=64, num_updates=110, lr=4.57317e-05, gnorm=1.354, clip=40, loss_scale=64, train_wall=58, gb_free=36.3, wall=690
2023-05-16 16:25:01 - progress_bar.py[line:272] - INFO: epoch 001:    121 / 157 loss=0.557, loss_v1=0, loss_v2=0, nll_loss=0.557, ntokens=128, nsentences=64, sample_size=128, sample_size_v1=0, sample_size_v2=0, ppl=1.47, wps=22.3, ups=0.17, wpb=128, bsz=64, num_updates=120, lr=4.50542e-05, gnorm=1.615, clip=80, loss_scale=64, train_wall=57, gb_free=36.6, wall=748
2023-05-16 16:25:59 - progress_bar.py[line:272] - INFO: epoch 001:    131 / 157 loss=0.54, loss_v1=0, loss_v2=0, nll_loss=0.54, ntokens=128, nsentences=64, sample_size=128, sample_size_v1=0, sample_size_v2=0, ppl=1.45, wps=22.3, ups=0.17, wpb=128, bsz=64, num_updates=130, lr=4.43767e-05, gnorm=1.365, clip=70, loss_scale=64, train_wall=57, gb_free=36.5, wall=805
2023-05-16 16:26:56 - progress_bar.py[line:272] - INFO: epoch 001:    141 / 157 loss=0.551, loss_v1=0, loss_v2=0, nll_loss=0.551, ntokens=128, nsentences=64, sample_size=128, sample_size_v1=0, sample_size_v2=0, ppl=1.46, wps=22.3, ups=0.17, wpb=128, bsz=64, num_updates=140, lr=4.36992e-05, gnorm=1.785, clip=90, loss_scale=64, train_wall=57, gb_free=36.6, wall=862
2023-05-16 16:27:53 - progress_bar.py[line:272] - INFO: epoch 001:    151 / 157 loss=0.541, loss_v1=0, loss_v2=0, nll_loss=0.541, ntokens=128, nsentences=64, sample_size=128, sample_size_v1=0, sample_size_v2=0, ppl=1.45, wps=22.3, ups=0.17, wpb=128, bsz=64, num_updates=150, lr=4.30217e-05, gnorm=1.545, clip=100, loss_scale=64, train_wall=57, gb_free=36.5, wall=920
slice_id 1 seek offset 1000
2023-05-16 16:28:24 - train.py[line:445] - INFO: begin validation on "valid" subset
slice_id 0 seek offset 0
slice_id 1 seek offset 1000
slice_id 0 seek offset 0
2023-05-16 16:30:45 - progress_bar.py[line:282] - INFO: epoch 001 | valid on 'valid' subset | loss 0.517 | loss_v1 0 | loss_v2 0 | nll_loss 0.517 | ntokens 16 | nsentences 8 | sample_size 16 | sample_size_v1 0 | sample_size_v2 0 | ppl 1.43 | snli_score 0.4625 | wps 28.3 | wpb 16 | bsz 8 | num_updates 156
2023-05-16 16:30:45 - checkpoint_utils.py[line:64] - INFO: Preparing to save checkpoint for epoch 1 @ 156 updates
2023-05-16 16:30:45 - trainer.py[line:431] - INFO: Saving checkpoint to ./EC_10k_checkpoints/5_5e-5/checkpoint1.pt
local datafile ../../dataset/snli_ve_data/snlvi10k.tsv slice_id 1 begin to initialize row_count and line_idx-to-offset mapping
local datafile ../../dataset/snli_ve_data/snlvi10k.tsv slice_id 1 finished initializing row_count and line_idx-to-offset mapping
file ../../dataset/snli_ve_data/snlvi10k.tsv slice_id 1 row count 5000 total row count 10000
slice_id 1 seek offset 5000
2023-05-16 16:30:51 - trainer.py[line:441] - INFO: Finished saving checkpoint to ./EC_10k_checkpoints/5_5e-5/checkpoint1.pt
2023-05-16 16:30:55 - checkpoint_utils.py[line:133] - INFO: Saved checkpoint ./EC_10k_checkpoints/5_5e-5/checkpoint1.pt (epoch 1 @ 156 updates, score 0.4625) (writing took 10.689088860992342 seconds)
2023-05-16 16:30:55 - train.py[line:332] - INFO: end of epoch 1 (average epoch stats below)
2023-05-16 16:30:55 - progress_bar.py[line:282] - INFO: epoch 001 | loss 0.669 | loss_v1 0 | loss_v2 0 | nll_loss 0.669 | ntokens 127.385 | nsentences 63.692 | sample_size 127.385 | sample_size_v1 0 | sample_size_v2 0 | ppl 1.59 | wps 18.5 | ups 0.14 | wpb 127.4 | bsz 63.7 | num_updates 156 | lr 4.26152e-05 | gnorm 4.091 | clip 88.5 | loss_scale 64 | train_wall 937 | gb_free 36.7 | wall 1102
2023-05-16 16:30:55 - trainer.py[line:639] - INFO: loading train data for epoch 2
local datafile ../../dataset/snli_ve_data/snlvi10k.tsv slice_id 0 begin to initialize row_count and line_idx-to-offset mapping
local datafile ../../dataset/snli_ve_data/snlvi10k.tsv slice_id 0 finished initializing row_count and line_idx-to-offset mapping
file ../../dataset/snli_ve_data/snlvi10k.tsv slice_id 0 row count 5000 total row count 10000
slice_id 0 seek offset 0
2023-05-16 16:30:56 - trainer.py[line:703] - INFO: begin training epoch 2
2023-05-16 16:30:56 - train.py[line:305] - INFO: Start iterating over samples
2023-05-16 16:31:19 - progress_bar.py[line:272] - INFO: epoch 002:      4 / 157 loss=0.539, loss_v1=0, loss_v2=0, nll_loss=0.539, ntokens=118.4, nsentences=59.2, sample_size=118.4, sample_size_v1=0, sample_size_v2=0, ppl=1.45, wps=5.8, ups=0.05, wpb=118.4, bsz=59.2, num_updates=160, lr=4.23442e-05, gnorm=1.524, clip=100, loss_scale=64, train_wall=53, gb_free=36.6, wall=1125
2023-05-16 16:32:22 - progress_bar.py[line:272] - INFO: epoch 002:     14 / 157 loss=0.523, loss_v1=0, loss_v2=0, nll_loss=0.523, ntokens=128, nsentences=64, sample_size=128, sample_size_v1=0, sample_size_v2=0, ppl=1.44, wps=20.1, ups=0.16, wpb=128, bsz=64, num_updates=170, lr=4.16667e-05, gnorm=1.066, clip=70, loss_scale=64, train_wall=64, gb_free=36.5, wall=1189
2023-05-16 16:33:26 - progress_bar.py[line:272] - INFO: epoch 002:     24 / 157 loss=0.517, loss_v1=0, loss_v2=0, nll_loss=0.517, ntokens=128, nsentences=64, sample_size=128, sample_size_v1=0, sample_size_v2=0, ppl=1.43, wps=20, ups=0.16, wpb=128, bsz=64, num_updates=180, lr=4.09892e-05, gnorm=1.25, clip=70, loss_scale=64, train_wall=64, gb_free=36.5, wall=1253
2023-05-16 16:34:30 - progress_bar.py[line:272] - INFO: epoch 002:     34 / 157 loss=0.503, loss_v1=0, loss_v2=0, nll_loss=0.503, ntokens=128, nsentences=64, sample_size=128, sample_size_v1=0, sample_size_v2=0, ppl=1.42, wps=20, ups=0.16, wpb=128, bsz=64, num_updates=190, lr=4.03117e-05, gnorm=1.661, clip=100, loss_scale=64, train_wall=64, gb_free=36.4, wall=1317
2023-05-16 16:35:37 - progress_bar.py[line:272] - INFO: epoch 002:     44 / 157 loss=0.516, loss_v1=0, loss_v2=0, nll_loss=0.516, ntokens=128, nsentences=64, sample_size=128, sample_size_v1=0, sample_size_v2=0, ppl=1.43, wps=19.3, ups=0.15, wpb=128, bsz=64, num_updates=200, lr=3.96341e-05, gnorm=2.065, clip=90, loss_scale=64, train_wall=66, gb_free=36.5, wall=1383
2023-05-16 16:36:44 - progress_bar.py[line:272] - INFO: epoch 002:     54 / 157 loss=0.484, loss_v1=0, loss_v2=0, nll_loss=0.484, ntokens=128, nsentences=64, sample_size=128, sample_size_v1=0, sample_size_v2=0, ppl=1.4, wps=19.1, ups=0.15, wpb=128, bsz=64, num_updates=210, lr=3.89566e-05, gnorm=1.338, clip=80, loss_scale=64, train_wall=67, gb_free=36.6, wall=1450
2023-05-16 16:37:49 - progress_bar.py[line:272] - INFO: epoch 002:     64 / 157 loss=0.494, loss_v1=0, loss_v2=0, nll_loss=0.494, ntokens=128, nsentences=64, sample_size=128, sample_size_v1=0, sample_size_v2=0, ppl=1.41, wps=19.5, ups=0.15, wpb=128, bsz=64, num_updates=220, lr=3.82791e-05, gnorm=1.513, clip=70, loss_scale=64, train_wall=66, gb_free=36.7, wall=1516
2023-05-16 16:38:57 - progress_bar.py[line:272] - INFO: epoch 002:     74 / 157 loss=0.507, loss_v1=0, loss_v2=0, nll_loss=0.507, ntokens=128, nsentences=64, sample_size=128, sample_size_v1=0, sample_size_v2=0, ppl=1.42, wps=18.9, ups=0.15, wpb=128, bsz=64, num_updates=230, lr=3.76016e-05, gnorm=2.062, clip=80, loss_scale=64, train_wall=67, gb_free=36.5, wall=1584
2023-05-16 16:40:02 - progress_bar.py[line:272] - INFO: epoch 002:     84 / 157 loss=0.489, loss_v1=0, loss_v2=0, nll_loss=0.489, ntokens=128, nsentences=64, sample_size=128, sample_size_v1=0, sample_size_v2=0, ppl=1.4, wps=19.9, ups=0.16, wpb=128, bsz=64, num_updates=240, lr=3.69241e-05, gnorm=1.71, clip=100, loss_scale=64, train_wall=64, gb_free=36.6, wall=1648
2023-05-16 16:41:07 - progress_bar.py[line:272] - INFO: epoch 002:     94 / 157 loss=0.484, loss_v1=0, loss_v2=0, nll_loss=0.484, ntokens=128, nsentences=64, sample_size=128, sample_size_v1=0, sample_size_v2=0, ppl=1.4, wps=19.7, ups=0.15, wpb=128, bsz=64, num_updates=250, lr=3.62466e-05, gnorm=1.794, clip=100, loss_scale=64, train_wall=65, gb_free=36.7, wall=1713
2023-05-16 16:42:11 - progress_bar.py[line:272] - INFO: epoch 002:    104 / 157 loss=0.483, loss_v1=0, loss_v2=0, nll_loss=0.483, ntokens=128, nsentences=64, sample_size=128, sample_size_v1=0, sample_size_v2=0, ppl=1.4, wps=19.9, ups=0.16, wpb=128, bsz=64, num_updates=260, lr=3.55691e-05, gnorm=1.885, clip=100, loss_scale=64, train_wall=64, gb_free=36.5, wall=1777
2023-05-16 16:43:15 - progress_bar.py[line:272] - INFO: epoch 002:    114 / 157 loss=0.459, loss_v1=0, loss_v2=0, nll_loss=0.459, ntokens=128, nsentences=64, sample_size=128, sample_size_v1=0, sample_size_v2=0, ppl=1.37, wps=19.9, ups=0.16, wpb=128, bsz=64, num_updates=270, lr=3.48916e-05, gnorm=1.863, clip=80, loss_scale=64, train_wall=64, gb_free=36.6, wall=1842
2023-05-16 16:44:19 - progress_bar.py[line:272] - INFO: epoch 002:    124 / 157 loss=0.481, loss_v1=0, loss_v2=0, nll_loss=0.481, ntokens=128, nsentences=64, sample_size=128, sample_size_v1=0, sample_size_v2=0, ppl=1.4, wps=20, ups=0.16, wpb=128, bsz=64, num_updates=280, lr=3.42141e-05, gnorm=2.358, clip=100, loss_scale=64, train_wall=64, gb_free=36.6, wall=1906
2023-05-16 16:45:23 - progress_bar.py[line:272] - INFO: epoch 002:    134 / 157 loss=0.469, loss_v1=0, loss_v2=0, nll_loss=0.469, ntokens=128, nsentences=64, sample_size=128, sample_size_v1=0, sample_size_v2=0, ppl=1.38, wps=20.3, ups=0.16, wpb=128, bsz=64, num_updates=290, lr=3.35366e-05, gnorm=2.379, clip=100, loss_scale=64, train_wall=63, gb_free=36.6, wall=1969
2023-05-16 16:46:26 - progress_bar.py[line:272] - INFO: epoch 002:    144 / 157 loss=0.469, loss_v1=0, loss_v2=0, nll_loss=0.469, ntokens=128, nsentences=64, sample_size=128, sample_size_v1=0, sample_size_v2=0, ppl=1.38, wps=20.1, ups=0.16, wpb=128, bsz=64, num_updates=300, lr=3.28591e-05, gnorm=2.117, clip=100, loss_scale=64, train_wall=64, gb_free=36.5, wall=2033
2023-05-16 16:47:24 - progress_bar.py[line:272] - INFO: epoch 002:    154 / 157 loss=0.468, loss_v1=0, loss_v2=0, nll_loss=0.468, ntokens=128, nsentences=64, sample_size=128, sample_size_v1=0, sample_size_v2=0, ppl=1.38, wps=22.2, ups=0.17, wpb=128, bsz=64, num_updates=310, lr=3.21816e-05, gnorm=1.679, clip=100, loss_scale=64, train_wall=58, gb_free=36.7, wall=2090
slice_id 1 seek offset 1000
2023-05-16 16:47:37 - train.py[line:445] - INFO: begin validation on "valid" subset
slice_id 0 seek offset 0
slice_id 1 seek offset 1000
slice_id 0 seek offset 0
local datafile ../../dataset/snli_ve_data/snlvi10k.tsv slice_id 1 begin to initialize row_count and line_idx-to-offset mapping
2023-05-16 16:50:09 - progress_bar.py[line:282] - INFO: epoch 002 | valid on 'valid' subset | loss 0.471 | loss_v1 0 | loss_v2 0 | nll_loss 0.471 | ntokens 16 | nsentences 8 | sample_size 16 | sample_size_v1 0 | sample_size_v2 0 | ppl 1.39 | snli_score 0.56 | wps 26.4 | wpb 16 | bsz 8 | num_updates 313 | best_snli_score 0.56
2023-05-16 16:50:09 - checkpoint_utils.py[line:64] - INFO: Preparing to save checkpoint for epoch 2 @ 313 updates
2023-05-16 16:50:09 - trainer.py[line:431] - INFO: Saving checkpoint to ./EC_10k_checkpoints/5_5e-5/checkpoint2.pt
local datafile ../../dataset/snli_ve_data/snlvi10k.tsv slice_id 1 finished initializing row_count and line_idx-to-offset mapping
file ../../dataset/snli_ve_data/snlvi10k.tsv slice_id 1 row count 5000 total row count 10000
slice_id 1 seek offset 5000
2023-05-16 16:50:16 - trainer.py[line:441] - INFO: Finished saving checkpoint to ./EC_10k_checkpoints/5_5e-5/checkpoint2.pt
2023-05-16 16:50:28 - checkpoint_utils.py[line:133] - INFO: Saved checkpoint ./EC_10k_checkpoints/5_5e-5/checkpoint2.pt (epoch 2 @ 313 updates, score 0.56) (writing took 18.914548041066155 seconds)
2023-05-16 16:50:29 - train.py[line:332] - INFO: end of epoch 2 (average epoch stats below)
2023-05-16 16:50:29 - progress_bar.py[line:282] - INFO: epoch 002 | loss 0.491 | loss_v1 0 | loss_v2 0 | nll_loss 0.491 | ntokens 127.389 | nsentences 63.694 | sample_size 127.389 | sample_size_v1 0 | sample_size_v2 0 | ppl 1.41 | wps 17 | ups 0.13 | wpb 127.4 | bsz 63.7 | num_updates 313 | lr 3.19783e-05 | gnorm 1.776 | clip 89.8 | loss_scale 64 | train_wall 998 | gb_free 36.7 | wall 2276
2023-05-16 16:50:29 - trainer.py[line:639] - INFO: loading train data for epoch 3
local datafile ../../dataset/snli_ve_data/snlvi10k.tsv slice_id 0 begin to initialize row_count and line_idx-to-offset mapping
local datafile ../../dataset/snli_ve_data/snlvi10k.tsv slice_id 0 finished initializing row_count and line_idx-to-offset mapping
file ../../dataset/snli_ve_data/snlvi10k.tsv slice_id 0 row count 5000 total row count 10000
slice_id 0 seek offset 0
2023-05-16 16:50:29 - trainer.py[line:703] - INFO: begin training epoch 3
2023-05-16 16:50:29 - train.py[line:305] - INFO: Start iterating over samples
2023-05-16 16:51:12 - progress_bar.py[line:272] - INFO: epoch 003:      7 / 157 loss=0.47, loss_v1=0, loss_v2=0, nll_loss=0.47, ntokens=118.4, nsentences=59.2, sample_size=118.4, sample_size_v1=0, sample_size_v2=0, ppl=1.38, wps=5.2, ups=0.04, wpb=118.4, bsz=59.2, num_updates=320, lr=3.15041e-05, gnorm=1.647, clip=100, loss_scale=64, train_wall=55, gb_free=36.5, wall=2318
2023-05-16 16:52:11 - progress_bar.py[line:272] - INFO: epoch 003:     17 / 157 loss=0.449, loss_v1=0, loss_v2=0, nll_loss=0.449, ntokens=128, nsentences=64, sample_size=128, sample_size_v1=0, sample_size_v2=0, ppl=1.37, wps=21.5, ups=0.17, wpb=128, bsz=64, num_updates=330, lr=3.08266e-05, gnorm=1.461, clip=100, loss_scale=64, train_wall=59, gb_free=36.6, wall=2378
2023-05-16 16:53:10 - progress_bar.py[line:272] - INFO: epoch 003:     27 / 157 loss=0.432, loss_v1=0, loss_v2=0, nll_loss=0.432, ntokens=128, nsentences=64, sample_size=128, sample_size_v1=0, sample_size_v2=0, ppl=1.35, wps=21.9, ups=0.17, wpb=128, bsz=64, num_updates=340, lr=3.01491e-05, gnorm=1.776, clip=100, loss_scale=64, train_wall=58, gb_free=36.5, wall=2436
2023-05-16 16:54:09 - progress_bar.py[line:272] - INFO: epoch 003:     37 / 157 loss=0.44, loss_v1=0, loss_v2=0, nll_loss=0.44, ntokens=128, nsentences=64, sample_size=128, sample_size_v1=0, sample_size_v2=0, ppl=1.36, wps=21.7, ups=0.17, wpb=128, bsz=64, num_updates=350, lr=2.94715e-05, gnorm=1.799, clip=100, loss_scale=64, train_wall=59, gb_free=36.5, wall=2495
2023-05-16 16:55:08 - progress_bar.py[line:272] - INFO: epoch 003:     47 / 157 loss=0.436, loss_v1=0, loss_v2=0, nll_loss=0.436, ntokens=128, nsentences=64, sample_size=128, sample_size_v1=0, sample_size_v2=0, ppl=1.35, wps=21.6, ups=0.17, wpb=128, bsz=64, num_updates=360, lr=2.8794e-05, gnorm=2.004, clip=100, loss_scale=64, train_wall=59, gb_free=36.5, wall=2555
2023-05-16 16:56:07 - progress_bar.py[line:272] - INFO: epoch 003:     57 / 157 loss=0.42, loss_v1=0, loss_v2=0, nll_loss=0.42, ntokens=128, nsentences=64, sample_size=128, sample_size_v1=0, sample_size_v2=0, ppl=1.34, wps=21.8, ups=0.17, wpb=128, bsz=64, num_updates=370, lr=2.81165e-05, gnorm=1.751, clip=100, loss_scale=64, train_wall=58, gb_free=36.6, wall=2613
2023-05-16 16:57:06 - progress_bar.py[line:272] - INFO: epoch 003:     67 / 157 loss=0.415, loss_v1=0, loss_v2=0, nll_loss=0.415, ntokens=128, nsentences=64, sample_size=128, sample_size_v1=0, sample_size_v2=0, ppl=1.33, wps=21.6, ups=0.17, wpb=128, bsz=64, num_updates=380, lr=2.7439e-05, gnorm=1.839, clip=100, loss_scale=64, train_wall=59, gb_free=36.6, wall=2673
2023-05-16 16:58:05 - progress_bar.py[line:272] - INFO: epoch 003:     77 / 157 loss=0.435, loss_v1=0, loss_v2=0, nll_loss=0.435, ntokens=128, nsentences=64, sample_size=128, sample_size_v1=0, sample_size_v2=0, ppl=1.35, wps=22, ups=0.17, wpb=128, bsz=64, num_updates=390, lr=2.67615e-05, gnorm=2.375, clip=100, loss_scale=64, train_wall=58, gb_free=36.6, wall=2731
2023-05-16 16:59:04 - progress_bar.py[line:272] - INFO: epoch 003:     87 / 157 loss=0.406, loss_v1=0, loss_v2=0, nll_loss=0.406, ntokens=128, nsentences=64, sample_size=128, sample_size_v1=0, sample_size_v2=0, ppl=1.33, wps=21.7, ups=0.17, wpb=128, bsz=64, num_updates=400, lr=2.6084e-05, gnorm=2.013, clip=100, loss_scale=64, train_wall=59, gb_free=36.1, wall=2790
2023-05-16 17:00:07 - progress_bar.py[line:272] - INFO: epoch 003:     97 / 157 loss=0.418, loss_v1=0, loss_v2=0, nll_loss=0.418, ntokens=128, nsentences=64, sample_size=128, sample_size_v1=0, sample_size_v2=0, ppl=1.34, wps=20.1, ups=0.16, wpb=128, bsz=64, num_updates=410, lr=2.54065e-05, gnorm=2.334, clip=100, loss_scale=64, train_wall=63, gb_free=36.5, wall=2854
2023-05-16 17:01:13 - progress_bar.py[line:272] - INFO: epoch 003:    107 / 157 loss=0.386, loss_v1=0, loss_v2=0, nll_loss=0.386, ntokens=128, nsentences=64, sample_size=128, sample_size_v1=0, sample_size_v2=0, ppl=1.31, wps=19.4, ups=0.15, wpb=128, bsz=64, num_updates=420, lr=2.4729e-05, gnorm=2.19, clip=100, loss_scale=64, train_wall=66, gb_free=36.5, wall=2920
2023-05-16 17:02:18 - progress_bar.py[line:272] - INFO: epoch 003:    117 / 157 loss=0.405, loss_v1=0, loss_v2=0, nll_loss=0.405, ntokens=128, nsentences=64, sample_size=128, sample_size_v1=0, sample_size_v2=0, ppl=1.32, wps=19.7, ups=0.15, wpb=128, bsz=64, num_updates=430, lr=2.40515e-05, gnorm=2.906, clip=100, loss_scale=64, train_wall=65, gb_free=36.6, wall=2985
2023-05-16 17:03:24 - progress_bar.py[line:272] - INFO: epoch 003:    127 / 157 loss=0.41, loss_v1=0, loss_v2=0, nll_loss=0.41, ntokens=128, nsentences=64, sample_size=128, sample_size_v1=0, sample_size_v2=0, ppl=1.33, wps=19.5, ups=0.15, wpb=128, bsz=64, num_updates=440, lr=2.3374e-05, gnorm=2.526, clip=100, loss_scale=64, train_wall=65, gb_free=36.6, wall=3050
2023-05-16 17:04:23 - progress_bar.py[line:272] - INFO: epoch 003:    137 / 157 loss=0.398, loss_v1=0, loss_v2=0, nll_loss=0.398, ntokens=128, nsentences=64, sample_size=128, sample_size_v1=0, sample_size_v2=0, ppl=1.32, wps=21.5, ups=0.17, wpb=128, bsz=64, num_updates=450, lr=2.26965e-05, gnorm=2.362, clip=100, loss_scale=64, train_wall=59, gb_free=36.5, wall=3110
2023-05-16 17:05:23 - progress_bar.py[line:272] - INFO: epoch 003:    147 / 157 loss=0.423, loss_v1=0, loss_v2=0, nll_loss=0.423, ntokens=128, nsentences=64, sample_size=128, sample_size_v1=0, sample_size_v2=0, ppl=1.34, wps=21.4, ups=0.17, wpb=128, bsz=64, num_updates=460, lr=2.2019e-05, gnorm=2.408, clip=100, loss_scale=64, train_wall=59, gb_free=36.5, wall=3170
2023-05-16 17:06:18 - progress_bar.py[line:272] - INFO: epoch 003:    157 / 157 loss=0.41, loss_v1=0, loss_v2=0, nll_loss=0.41, ntokens=118.4, nsentences=59.2, sample_size=118.4, sample_size_v1=0, sample_size_v2=0, ppl=1.33, wps=21.6, ups=0.18, wpb=118.4, bsz=59.2, num_updates=470, lr=2.13415e-05, gnorm=2.156, clip=100, loss_scale=64, train_wall=55, gb_free=36.7, wall=3224
2023-05-16 17:06:18 - train.py[line:445] - INFO: begin validation on "valid" subset
slice_id 0 seek offset 0
slice_id 0 seek offset 0
slice_id 1 seek offset 1000
slice_id 1 seek offset 1000
2023-05-16 17:08:45 - progress_bar.py[line:282] - INFO: epoch 003 | valid on 'valid' subset | loss 0.474 | loss_v1 0 | loss_v2 0 | nll_loss 0.474 | ntokens 16 | nsentences 8 | sample_size 16 | sample_size_v1 0 | sample_size_v2 0 | ppl 1.39 | snli_score 0.5725 | wps 27.2 | wpb 16 | bsz 8 | num_updates 470 | best_snli_score 0.5725
2023-05-16 17:08:45 - checkpoint_utils.py[line:64] - INFO: Preparing to save checkpoint for epoch 3 @ 470 updates
2023-05-16 17:08:45 - trainer.py[line:431] - INFO: Saving checkpoint to ./EC_10k_checkpoints/5_5e-5/checkpoint3.pt
local datafile ../../dataset/snli_ve_data/snlvi10k.tsv slice_id 1 begin to initialize row_count and line_idx-to-offset mapping
local datafile ../../dataset/snli_ve_data/snlvi10k.tsv slice_id 1 finished initializing row_count and line_idx-to-offset mapping
file ../../dataset/snli_ve_data/snlvi10k.tsv slice_id 1 row count 5000 total row count 10000
slice_id 1 seek offset 5000
2023-05-16 17:08:51 - trainer.py[line:441] - INFO: Finished saving checkpoint to ./EC_10k_checkpoints/5_5e-5/checkpoint3.pt
2023-05-16 17:08:57 - checkpoint_utils.py[line:133] - INFO: Saved checkpoint ./EC_10k_checkpoints/5_5e-5/checkpoint3.pt (epoch 3 @ 470 updates, score 0.5725) (writing took 11.961189550114796 seconds)
2023-05-16 17:08:57 - train.py[line:332] - INFO: end of epoch 3 (average epoch stats below)
2023-05-16 17:08:57 - progress_bar.py[line:282] - INFO: epoch 003 | loss 0.421 | loss_v1 0 | loss_v2 0 | nll_loss 0.421 | ntokens 127.389 | nsentences 63.694 | sample_size 127.389 | sample_size_v1 0 | sample_size_v2 0 | ppl 1.34 | wps 18 | ups 0.14 | wpb 127.4 | bsz 63.7 | num_updates 470 | lr 2.13415e-05 | gnorm 2.094 | clip 100 | loss_scale 64 | train_wall 943 | gb_free 36.7 | wall 3384
2023-05-16 17:08:57 - trainer.py[line:639] - INFO: loading train data for epoch 4
local datafile ../../dataset/snli_ve_data/snlvi10k.tsv slice_id 0 begin to initialize row_count and line_idx-to-offset mapping
local datafile ../../dataset/snli_ve_data/snlvi10k.tsv slice_id 0 finished initializing row_count and line_idx-to-offset mapping
file ../../dataset/snli_ve_data/snlvi10k.tsv slice_id 0 row count 5000 total row count 10000
slice_id 0 seek offset 0
2023-05-16 17:08:58 - trainer.py[line:703] - INFO: begin training epoch 4
2023-05-16 17:08:58 - train.py[line:305] - INFO: Start iterating over samples
2023-05-16 17:09:56 - progress_bar.py[line:272] - INFO: epoch 004:     10 / 157 loss=0.384, loss_v1=0, loss_v2=0, nll_loss=0.384, ntokens=128, nsentences=64, sample_size=128, sample_size_v1=0, sample_size_v2=0, ppl=1.31, wps=5.9, ups=0.05, wpb=128, bsz=64, num_updates=480, lr=2.0664e-05, gnorm=1.98, clip=100, loss_scale=64, train_wall=58, gb_free=36.5, wall=3442
2023-05-16 17:10:54 - progress_bar.py[line:272] - INFO: epoch 004:     20 / 157 loss=0.364, loss_v1=0, loss_v2=0, nll_loss=0.364, ntokens=128, nsentences=64, sample_size=128, sample_size_v1=0, sample_size_v2=0, ppl=1.29, wps=22.1, ups=0.17, wpb=128, bsz=64, num_updates=490, lr=1.99864e-05, gnorm=2.03, clip=100, loss_scale=64, train_wall=58, gb_free=36.6, wall=3500
2023-05-16 17:11:51 - progress_bar.py[line:272] - INFO: epoch 004:     30 / 157 loss=0.376, loss_v1=0, loss_v2=0, nll_loss=0.376, ntokens=128, nsentences=64, sample_size=128, sample_size_v1=0, sample_size_v2=0, ppl=1.3, wps=22.3, ups=0.17, wpb=128, bsz=64, num_updates=500, lr=1.93089e-05, gnorm=2.586, clip=100, loss_scale=64, train_wall=57, gb_free=36.5, wall=3558
2023-05-16 17:11:51 - train.py[line:445] - INFO: begin validation on "valid" subset
slice_id 0 seek offset 0
slice_id 1 seek offset 1000
slice_id 0 seek offset 0
slice_id 1 seek offset 1000
2023-05-16 17:14:13 - progress_bar.py[line:282] - INFO: epoch 004 | valid on 'valid' subset | loss 0.517 | loss_v1 0 | loss_v2 0 | nll_loss 0.517 | ntokens 16 | nsentences 8 | sample_size 16 | sample_size_v1 0 | sample_size_v2 0 | ppl 1.43 | snli_score 0.5615 | wps 28.3 | wpb 16 | bsz 8 | num_updates 500 | best_snli_score 0.5725
2023-05-16 17:14:13 - checkpoint_utils.py[line:64] - INFO: Preparing to save checkpoint for epoch 4 @ 500 updates
2023-05-16 17:14:13 - trainer.py[line:431] - INFO: Saving checkpoint to ./EC_10k_checkpoints/5_5e-5/checkpoint_4_500.pt
2023-05-16 17:14:18 - trainer.py[line:441] - INFO: Finished saving checkpoint to ./EC_10k_checkpoints/5_5e-5/checkpoint_4_500.pt
2023-05-16 17:14:21 - checkpoint_utils.py[line:133] - INFO: Saved checkpoint ./EC_10k_checkpoints/5_5e-5/checkpoint_4_500.pt (epoch 4 @ 500 updates, score 0.5615) (writing took 8.018225356005132 seconds)
2023-05-16 17:15:18 - progress_bar.py[line:272] - INFO: epoch 004:     40 / 157 loss=0.351, loss_v1=0, loss_v2=0, nll_loss=0.351, ntokens=128, nsentences=64, sample_size=128, sample_size_v1=0, sample_size_v2=0, ppl=1.28, wps=6.2, ups=0.05, wpb=128, bsz=64, num_updates=510, lr=1.86314e-05, gnorm=2.508, clip=100, loss_scale=64, train_wall=57, gb_free=36.6, wall=3765
2023-05-16 17:16:19 - progress_bar.py[line:272] - INFO: epoch 004:     50 / 157 loss=0.365, loss_v1=0, loss_v2=0, nll_loss=0.365, ntokens=128, nsentences=64, sample_size=128, sample_size_v1=0, sample_size_v2=0, ppl=1.29, wps=20.9, ups=0.16, wpb=128, bsz=64, num_updates=520, lr=1.79539e-05, gnorm=2.471, clip=100, loss_scale=128, train_wall=61, gb_free=36.6, wall=3826
2023-05-16 17:17:23 - progress_bar.py[line:272] - INFO: epoch 004:     60 / 157 loss=0.333, loss_v1=0, loss_v2=0, nll_loss=0.333, ntokens=128, nsentences=64, sample_size=128, sample_size_v1=0, sample_size_v2=0, ppl=1.26, wps=20.1, ups=0.16, wpb=128, bsz=64, num_updates=530, lr=1.72764e-05, gnorm=2.294, clip=100, loss_scale=128, train_wall=64, gb_free=36.6, wall=3890
2023-05-16 17:18:26 - progress_bar.py[line:272] - INFO: epoch 004:     70 / 157 loss=0.331, loss_v1=0, loss_v2=0, nll_loss=0.331, ntokens=128, nsentences=64, sample_size=128, sample_size_v1=0, sample_size_v2=0, ppl=1.26, wps=20.3, ups=0.16, wpb=128, bsz=64, num_updates=540, lr=1.65989e-05, gnorm=2.31, clip=100, loss_scale=128, train_wall=63, gb_free=36.6, wall=3953
2023-05-16 17:19:30 - progress_bar.py[line:272] - INFO: epoch 004:     80 / 157 loss=0.336, loss_v1=0, loss_v2=0, nll_loss=0.336, ntokens=128, nsentences=64, sample_size=128, sample_size_v1=0, sample_size_v2=0, ppl=1.26, wps=20.3, ups=0.16, wpb=128, bsz=64, num_updates=550, lr=1.59214e-05, gnorm=2.551, clip=100, loss_scale=128, train_wall=63, gb_free=36.6, wall=4016
2023-05-16 17:20:33 - progress_bar.py[line:272] - INFO: epoch 004:     90 / 157 loss=0.302, loss_v1=0, loss_v2=0, nll_loss=0.302, ntokens=128, nsentences=64, sample_size=128, sample_size_v1=0, sample_size_v2=0, ppl=1.23, wps=20.2, ups=0.16, wpb=128, bsz=64, num_updates=560, lr=1.52439e-05, gnorm=2.479, clip=100, loss_scale=128, train_wall=63, gb_free=36.6, wall=4080
2023-05-16 17:21:37 - progress_bar.py[line:272] - INFO: epoch 004:    100 / 157 loss=0.333, loss_v1=0, loss_v2=0, nll_loss=0.333, ntokens=128, nsentences=64, sample_size=128, sample_size_v1=0, sample_size_v2=0, ppl=1.26, wps=20, ups=0.16, wpb=128, bsz=64, num_updates=570, lr=1.45664e-05, gnorm=2.709, clip=100, loss_scale=128, train_wall=64, gb_free=36.5, wall=4144
2023-05-16 17:22:41 - progress_bar.py[line:272] - INFO: epoch 004:    110 / 157 loss=0.309, loss_v1=0, loss_v2=0, nll_loss=0.309, ntokens=128, nsentences=64, sample_size=128, sample_size_v1=0, sample_size_v2=0, ppl=1.24, wps=20.1, ups=0.16, wpb=128, bsz=64, num_updates=580, lr=1.38889e-05, gnorm=3.15, clip=100, loss_scale=128, train_wall=64, gb_free=36.5, wall=4207
2023-05-16 17:23:40 - progress_bar.py[line:272] - INFO: epoch 004:    120 / 157 loss=0.313, loss_v1=0, loss_v2=0, nll_loss=0.313, ntokens=128, nsentences=64, sample_size=128, sample_size_v1=0, sample_size_v2=0, ppl=1.24, wps=21.5, ups=0.17, wpb=128, bsz=64, num_updates=590, lr=1.32114e-05, gnorm=3.174, clip=100, loss_scale=128, train_wall=59, gb_free=36.6, wall=4267
2023-05-16 17:24:37 - progress_bar.py[line:272] - INFO: epoch 004:    130 / 157 loss=0.32, loss_v1=0, loss_v2=0, nll_loss=0.32, ntokens=128, nsentences=64, sample_size=128, sample_size_v1=0, sample_size_v2=0, ppl=1.25, wps=22.7, ups=0.18, wpb=128, bsz=64, num_updates=600, lr=1.25339e-05, gnorm=2.806, clip=100, loss_scale=128, train_wall=56, gb_free=36.5, wall=4323
2023-05-16 17:25:34 - progress_bar.py[line:272] - INFO: epoch 004:    140 / 157 loss=0.323, loss_v1=0, loss_v2=0, nll_loss=0.323, ntokens=128, nsentences=64, sample_size=128, sample_size_v1=0, sample_size_v2=0, ppl=1.25, wps=22.4, ups=0.18, wpb=128, bsz=64, num_updates=610, lr=1.18564e-05, gnorm=2.644, clip=100, loss_scale=128, train_wall=57, gb_free=36.4, wall=4380
2023-05-16 17:26:31 - progress_bar.py[line:272] - INFO: epoch 004:    150 / 157 loss=0.347, loss_v1=0, loss_v2=0, nll_loss=0.347, ntokens=128, nsentences=64, sample_size=128, sample_size_v1=0, sample_size_v2=0, ppl=1.27, wps=22.5, ups=0.18, wpb=128, bsz=64, num_updates=620, lr=1.11789e-05, gnorm=3.33, clip=100, loss_scale=128, train_wall=57, gb_free=36.6, wall=4437
2023-05-16 17:27:07 - train.py[line:445] - INFO: begin validation on "valid" subset
slice_id 0 seek offset 0
slice_id 1 seek offset 1000
slice_id 0 seek offset 0
slice_id 1 seek offset 1000
2023-05-16 17:29:42 - progress_bar.py[line:282] - INFO: epoch 004 | valid on 'valid' subset | loss 0.526 | loss_v1 0 | loss_v2 0 | nll_loss 0.526 | ntokens 16 | nsentences 8 | sample_size 16 | sample_size_v1 0 | sample_size_v2 0 | ppl 1.44 | snli_score 0.5725 | wps 25.8 | wpb 16 | bsz 8 | num_updates 627 | best_snli_score 0.5725
2023-05-16 17:29:42 - checkpoint_utils.py[line:64] - INFO: Preparing to save checkpoint for epoch 4 @ 627 updates
2023-05-16 17:29:42 - trainer.py[line:431] - INFO: Saving checkpoint to ./EC_10k_checkpoints/5_5e-5/checkpoint4.pt
local datafile ../../dataset/snli_ve_data/snlvi10k.tsv slice_id 1 begin to initialize row_count and line_idx-to-offset mapping
local datafile ../../dataset/snli_ve_data/snlvi10k.tsv slice_id 1 finished initializing row_count and line_idx-to-offset mapping
file ../../dataset/snli_ve_data/snlvi10k.tsv slice_id 1 row count 5000 total row count 10000
slice_id 1 seek offset 5000
2023-05-16 17:29:49 - trainer.py[line:441] - INFO: Finished saving checkpoint to ./EC_10k_checkpoints/5_5e-5/checkpoint4.pt
2023-05-16 17:29:57 - checkpoint_utils.py[line:133] - INFO: Saved checkpoint ./EC_10k_checkpoints/5_5e-5/checkpoint4.pt (epoch 4 @ 627 updates, score 0.5725) (writing took 15.655188265955076 seconds)
2023-05-16 17:29:57 - train.py[line:332] - INFO: end of epoch 4 (average epoch stats below)
2023-05-16 17:29:57 - progress_bar.py[line:282] - INFO: epoch 004 | loss 0.338 | loss_v1 0 | loss_v2 0 | nll_loss 0.338 | ntokens 127.389 | nsentences 63.694 | sample_size 127.389 | sample_size_v1 0 | sample_size_v2 0 | ppl 1.26 | wps 15.9 | ups 0.12 | wpb 127.4 | bsz 63.7 | num_updates 627 | lr 1.07046e-05 | gnorm 2.604 | clip 100 | loss_scale 128 | train_wall 937 | gb_free 36.7 | wall 4644
2023-05-16 17:29:57 - trainer.py[line:639] - INFO: loading train data for epoch 5
local datafile ../../dataset/snli_ve_data/snlvi10k.tsv slice_id 0 begin to initialize row_count and line_idx-to-offset mapping
local datafile ../../dataset/snli_ve_data/snlvi10k.tsv slice_id 0 finished initializing row_count and line_idx-to-offset mapping
file ../../dataset/snli_ve_data/snlvi10k.tsv slice_id 0 row count 5000 total row count 10000
slice_id 0 seek offset 0
2023-05-16 17:29:58 - trainer.py[line:703] - INFO: begin training epoch 5
2023-05-16 17:29:58 - train.py[line:305] - INFO: Start iterating over samples
2023-05-16 17:30:16 - progress_bar.py[line:272] - INFO: epoch 005:      3 / 157 loss=0.315, loss_v1=0, loss_v2=0, nll_loss=0.315, ntokens=118.4, nsentences=59.2, sample_size=118.4, sample_size_v1=0, sample_size_v2=0, ppl=1.24, wps=5.3, ups=0.04, wpb=118.4, bsz=59.2, num_updates=630, lr=1.05014e-05, gnorm=2.73, clip=100, loss_scale=128, train_wall=54, gb_free=36.6, wall=4663
2023-05-16 17:31:17 - progress_bar.py[line:272] - INFO: epoch 005:     13 / 157 loss=0.287, loss_v1=0, loss_v2=0, nll_loss=0.287, ntokens=128, nsentences=64, sample_size=128, sample_size_v1=0, sample_size_v2=0, ppl=1.22, wps=21, ups=0.16, wpb=128, bsz=64, num_updates=640, lr=9.82385e-06, gnorm=2.521, clip=100, loss_scale=128, train_wall=61, gb_free=36.6, wall=4724
2023-05-16 17:32:18 - progress_bar.py[line:272] - INFO: epoch 005:     23 / 157 loss=0.279, loss_v1=0, loss_v2=0, nll_loss=0.279, ntokens=128, nsentences=64, sample_size=128, sample_size_v1=0, sample_size_v2=0, ppl=1.21, wps=21.2, ups=0.17, wpb=128, bsz=64, num_updates=650, lr=9.14634e-06, gnorm=2.933, clip=100, loss_scale=128, train_wall=60, gb_free=36.5, wall=4784
2023-05-16 17:33:16 - progress_bar.py[line:272] - INFO: epoch 005:     33 / 157 loss=0.303, loss_v1=0, loss_v2=0, nll_loss=0.303, ntokens=128, nsentences=64, sample_size=128, sample_size_v1=0, sample_size_v2=0, ppl=1.23, wps=22, ups=0.17, wpb=128, bsz=64, num_updates=660, lr=8.46883e-06, gnorm=3.231, clip=100, loss_scale=128, train_wall=58, gb_free=36.6, wall=4842
2023-05-16 17:34:15 - progress_bar.py[line:272] - INFO: epoch 005:     43 / 157 loss=0.31, loss_v1=0, loss_v2=0, nll_loss=0.31, ntokens=128, nsentences=64, sample_size=128, sample_size_v1=0, sample_size_v2=0, ppl=1.24, wps=21.7, ups=0.17, wpb=128, bsz=64, num_updates=670, lr=7.79133e-06, gnorm=3.803, clip=100, loss_scale=128, train_wall=59, gb_free=36.5, wall=4901
2023-05-16 17:35:12 - progress_bar.py[line:272] - INFO: epoch 005:     53 / 157 loss=0.266, loss_v1=0, loss_v2=0, nll_loss=0.266, ntokens=128, nsentences=64, sample_size=128, sample_size_v1=0, sample_size_v2=0, ppl=1.2, wps=22.3, ups=0.17, wpb=128, bsz=64, num_updates=680, lr=7.11382e-06, gnorm=2.562, clip=100, loss_scale=128, train_wall=57, gb_free=36.5, wall=4959
2023-05-16 17:36:15 - progress_bar.py[line:272] - INFO: epoch 005:     63 / 157 loss=0.262, loss_v1=0, loss_v2=0, nll_loss=0.262, ntokens=128, nsentences=64, sample_size=128, sample_size_v1=0, sample_size_v2=0, ppl=1.2, wps=20.5, ups=0.16, wpb=128, bsz=64, num_updates=690, lr=6.43631e-06, gnorm=2.804, clip=100, loss_scale=128, train_wall=62, gb_free=36.6, wall=5021
2023-05-16 17:37:19 - progress_bar.py[line:272] - INFO: epoch 005:     73 / 157 loss=0.283, loss_v1=0, loss_v2=0, nll_loss=0.283, ntokens=128, nsentences=64, sample_size=128, sample_size_v1=0, sample_size_v2=0, ppl=1.22, wps=20, ups=0.16, wpb=128, bsz=64, num_updates=700, lr=5.75881e-06, gnorm=2.91, clip=100, loss_scale=128, train_wall=64, gb_free=36.5, wall=5085
2023-05-16 17:38:23 - progress_bar.py[line:272] - INFO: epoch 005:     83 / 157 loss=0.246, loss_v1=0, loss_v2=0, nll_loss=0.246, ntokens=128, nsentences=64, sample_size=128, sample_size_v1=0, sample_size_v2=0, ppl=1.19, wps=19.9, ups=0.16, wpb=128, bsz=64, num_updates=710, lr=5.0813e-06, gnorm=3.077, clip=100, loss_scale=128, train_wall=64, gb_free=36.5, wall=5149
2023-05-16 17:39:27 - progress_bar.py[line:272] - INFO: epoch 005:     93 / 157 loss=0.229, loss_v1=0, loss_v2=0, nll_loss=0.229, ntokens=128, nsentences=64, sample_size=128, sample_size_v1=0, sample_size_v2=0, ppl=1.17, wps=20, ups=0.16, wpb=128, bsz=64, num_updates=720, lr=4.40379e-06, gnorm=2.647, clip=100, loss_scale=128, train_wall=64, gb_free=36.3, wall=5213
2023-05-16 17:40:26 - progress_bar.py[line:272] - INFO: epoch 005:    103 / 157 loss=0.254, loss_v1=0, loss_v2=0, nll_loss=0.254, ntokens=128, nsentences=64, sample_size=128, sample_size_v1=0, sample_size_v2=0, ppl=1.19, wps=21.5, ups=0.17, wpb=128, bsz=64, num_updates=730, lr=3.72629e-06, gnorm=3.137, clip=100, loss_scale=128, train_wall=59, gb_free=36.5, wall=5273
2023-05-16 17:41:25 - progress_bar.py[line:272] - INFO: epoch 005:    113 / 157 loss=0.257, loss_v1=0, loss_v2=0, nll_loss=0.257, ntokens=128, nsentences=64, sample_size=128, sample_size_v1=0, sample_size_v2=0, ppl=1.19, wps=21.8, ups=0.17, wpb=128, bsz=64, num_updates=740, lr=3.04878e-06, gnorm=3.357, clip=100, loss_scale=128, train_wall=59, gb_free=36.6, wall=5332
2023-05-16 17:42:26 - progress_bar.py[line:272] - INFO: epoch 005:    123 / 157 loss=0.27, loss_v1=0, loss_v2=0, nll_loss=0.27, ntokens=128, nsentences=64, sample_size=128, sample_size_v1=0, sample_size_v2=0, ppl=1.21, wps=21.2, ups=0.17, wpb=128, bsz=64, num_updates=750, lr=2.37127e-06, gnorm=3.301, clip=100, loss_scale=128, train_wall=60, gb_free=36.6, wall=5392
2023-05-16 17:43:25 - progress_bar.py[line:272] - INFO: epoch 005:    133 / 157 loss=0.241, loss_v1=0, loss_v2=0, nll_loss=0.241, ntokens=128, nsentences=64, sample_size=128, sample_size_v1=0, sample_size_v2=0, ppl=1.18, wps=21.7, ups=0.17, wpb=128, bsz=64, num_updates=760, lr=1.69377e-06, gnorm=2.911, clip=100, loss_scale=128, train_wall=59, gb_free=36.6, wall=5451
2023-05-16 17:44:24 - progress_bar.py[line:272] - INFO: epoch 005:    143 / 157 loss=0.278, loss_v1=0, loss_v2=0, nll_loss=0.278, ntokens=128, nsentences=64, sample_size=128, sample_size_v1=0, sample_size_v2=0, ppl=1.21, wps=21.5, ups=0.17, wpb=128, bsz=64, num_updates=770, lr=1.01626e-06, gnorm=3.466, clip=100, loss_scale=128, train_wall=59, gb_free=36.6, wall=5511
2023-05-16 17:45:23 - progress_bar.py[line:272] - INFO: epoch 005:    153 / 157 loss=0.277, loss_v1=0, loss_v2=0, nll_loss=0.277, ntokens=128, nsentences=64, sample_size=128, sample_size_v1=0, sample_size_v2=0, ppl=1.21, wps=21.9, ups=0.17, wpb=128, bsz=64, num_updates=780, lr=3.38753e-07, gnorm=3.259, clip=100, loss_scale=128, train_wall=58, gb_free=36.5, wall=5569
2023-05-16 17:45:41 - train.py[line:445] - INFO: begin validation on "valid" subset
slice_id 0 seek offset 0slice_id 1 seek offset 1000

slice_id 1 seek offset 1000
slice_id 0 seek offset 0
local datafile ../../dataset/snli_ve_data/snlvi10k.tsv slice_id 1 begin to initialize row_count and line_idx-to-offset mapping
2023-05-16 17:48:08 - progress_bar.py[line:282] - INFO: epoch 005 | valid on 'valid' subset | loss 0.593 | loss_v1 0 | loss_v2 0 | nll_loss 0.593 | ntokens 16 | nsentences 8 | sample_size 16 | sample_size_v1 0 | sample_size_v2 0 | ppl 1.51 | snli_score 0.57 | wps 27.3 | wpb 16 | bsz 8 | num_updates 784 | best_snli_score 0.5725
2023-05-16 17:48:08 - checkpoint_utils.py[line:64] - INFO: Preparing to save checkpoint for epoch 5 @ 784 updates
2023-05-16 17:48:08 - trainer.py[line:431] - INFO: Saving checkpoint to ./EC_10k_checkpoints/5_5e-5/checkpoint5.pt
local datafile ../../dataset/snli_ve_data/snlvi10k.tsv slice_id 1 finished initializing row_count and line_idx-to-offset mapping
file ../../dataset/snli_ve_data/snlvi10k.tsv slice_id 1 row count 5000 total row count 10000
slice_id 1 seek offset 5000
2023-05-16 17:48:16 - trainer.py[line:441] - INFO: Finished saving checkpoint to ./EC_10k_checkpoints/5_5e-5/checkpoint5.pt
2023-05-16 17:48:21 - checkpoint_utils.py[line:133] - INFO: Saved checkpoint ./EC_10k_checkpoints/5_5e-5/checkpoint5.pt (epoch 5 @ 784 updates, score 0.57) (writing took 13.139075824990869 seconds)
2023-05-16 17:48:21 - train.py[line:332] - INFO: end of epoch 5 (average epoch stats below)
2023-05-16 17:48:21 - progress_bar.py[line:282] - INFO: epoch 005 | loss 0.27 | loss_v1 0 | loss_v2 0 | nll_loss 0.27 | ntokens 127.389 | nsentences 63.694 | sample_size 127.389 | sample_size_v1 0 | sample_size_v2 0 | ppl 1.21 | wps 18.1 | ups 0.14 | wpb 127.4 | bsz 63.7 | num_updates 784 | lr 6.77507e-08 | gnorm 3.057 | clip 100 | loss_scale 128 | train_wall 939 | gb_free 36.7 | wall 5747
2023-05-16 17:48:21 - trainer.py[line:639] - INFO: loading train data for epoch 6
local datafile ../../dataset/snli_ve_data/snlvi10k.tsv slice_id 0 begin to initialize row_count and line_idx-to-offset mapping
local datafile ../../dataset/snli_ve_data/snlvi10k.tsv slice_id 0 finished initializing row_count and line_idx-to-offset mapping
file ../../dataset/snli_ve_data/snlvi10k.tsv slice_id 0 row count 5000 total row count 10000
slice_id 0 seek offset 0
2023-05-16 17:48:22 - train.py[line:214] - INFO: done training in 5737.6 seconds
